imm_n_obs 1.06218e+09 8.02275e+08 7.82115e+08 3.24233e+08 8.87662e+08 3.13031e+09 2.86007e+09 2.37133e+09 1.91262e+09 2.65191e+09 2.22099e+09 4.00043e+09 3.23058e+09 2.63898e+09 1.50596e+09 8.04366e+08 5.4009e+08 2.49043e+08 7.30373e+08 1.12465e+09 4.12193e+08 8.66378e+08 1.21082e+09 1.41878e+09 8.04862e+08 8.98046e+08 6.00027e+08 7.66496e+08 1.91029e+09 1.3867e+09 9.46172e+08 7.64759e+08 1.07133e+09 1.1757e+09 2.01654e+09 2.90671e+09 4.28182e+09 1.32688e+09 0 6.2408e+07 4.54004e+08 7.09936e+08
mat_n_obs 8.60069e+08 6.57925e+08 5.559e+08 2.03921e+08 3.10644e+08 8.30291e+08 1.08412e+09 1.03005e+09 1.0513e+09 9.72324e+08 6.90866e+08 8.07569e+08 8.86215e+08 1.10775e+09 1.10373e+09 8.4616e+08 5.3158e+08 2.7958e+08 3.24903e+08 5.02475e+08 2.91251e+08 2.42719e+08 3.2086e+08 5.49636e+08 5.26538e+08 5.55811e+08 4.49691e+08 4.17428e+08 6.15704e+08 5.49313e+08 5.22582e+08 3.73711e+08 5.83147e+08 3.10621e+08 2.82013e+08 6.33466e+08 1.57292e+09 8.09824e+08 0 2.38936e+08 1.39945e+08 9.97933e+07
survey_sel 0.267972 0.367021 0.439104 0.477589 0.484361 0.469717 0.447895 0.430552 0.422662 0.423208 0.429725 0.442395 0.464484 0.499121 0.546515 0.604477 0.671466 0.749503 0.84147 0.947662 1
est_m_devs1
sigma_m_mu 0.01 0.008 0.01
smooth_m_weight 0.01 0.05
est_m_lg_devs-1
variable out of bounds in boundpin: variable = -0.0518729; min = 0.0001; max = 20
663.989 679.84 422.957 196.073 
423.572 423.572 79.8289 137.285 
6.80461 147.469 0 1.75331 1.97266 
0 2.25257 0 0 0.603373 91.2843 0 

Initial statistics: 308 variables; iteration 0; function evaluation 0; phase 1
Function value   3.3383934e+03; maximum gradient component mag   5.8498e+04
Var   Value    Gradient   |Var   Value    Gradient   |Var   Value    Gradient
  1  0.17677   3.3412e+01 |  2  0.06165   5.5059e-01 |  3  0.32463   1.0715e+03
  4  0.33076   1.1544e+03 |  5  0.13056  -8.6669e+01 |  6  0.15120  -1.6287e+02
  7  0.13066  -1.2559e+02 |  8  0.24464  -2.5355e+01 |  9  0.23353  -4.0643e+01
 10  0.21911   1.1106e+02 | 11  0.06218  -4.6928e+01 | 12  0.06734  -7.3658e+01
 13  0.14565  -4.2946e+01 | 14  0.11829   7.3581e+01 | 15  0.08671   6.0552e+01
 16 -0.03000  -1.6186e+00 | 17 -0.12318  -1.3053e+00 | 18 -0.22349   5.2204e-02
 19 -0.32207  -1.8305e-02 | 20 -0.29813   1.8394e-02 | 21 -0.46682   3.9243e-04
 22  0.07551   1.4356e+00 | 23 -0.19495  -8.0380e-05 | 24  0.06928   3.9911e+00
 25  0.23014   1.8622e+02 | 26  0.01421  -2.9216e+01 | 27  0.20286   3.5997e+01
 28  0.19304   5.9450e+00 | 29  0.13463  -7.3207e+01 | 30  0.30423   8.1849e+02
 31  0.03000  -8.2311e+01 | 32  0.12653  -7.0162e+01 | 33  0.07995  -6.1444e+01
 34 -0.00097  -3.6581e+01 | 35  0.22193   3.4207e+02 | 36  0.18747   2.7453e+02
 37  0.07878  -1.3653e+02 | 38  0.01901  -5.5516e+01 | 39  0.05340   4.1661e+01
 40 -0.03249  -8.8616e-01 | 41 -0.02527   1.1137e+01 | 42 -0.07869   3.4741e+00
 43  0.02242  -3.3506e+02 | 44 -0.07834  -2.2817e+02 | 45 -0.09719  -2.2876e+02
 46 -0.18982  -1.6762e+02 | 47 -0.19552  -1.8422e+02 | 48 -0.11647  -2.8962e+02
 49 -0.17515  -2.1718e+02 | 50 -0.08058  -3.1390e+02 | 51 -0.05648  -3.0250e+02
 52  0.05818  -4.5022e+02 | 53  0.06859  -7.4124e+02 | 54 -0.00872  -7.4037e+02
 55  0.02496  -8.2708e+02 | 56  0.03926  -7.9247e+02 | 57  0.06208  -7.2374e+02
 58  0.11875  -8.9761e+02 | 59  0.02563  -5.1717e+02 | 60 -0.07339  -2.2405e+02
 61 -0.07955  -1.9511e+02 | 62  0.00181  -3.0327e+02 | 63  0.00943  -3.0705e+02
 64 -0.08707  -1.8381e+02 | 65 -0.04515  -2.8079e+02 | 66 -0.08123  -2.7272e+02
 67 -0.02898  -3.3637e+02 | 68 -0.08641  -2.1956e+02 | 69 -0.09496  -2.0511e+02
 70 -0.05386  -2.2597e+02 | 71  0.10777  -4.7411e+02 | 72  0.03495  -3.3779e+02
 73 -0.04755  -2.2025e+02 | 74 -0.00555  -2.4297e+02 | 75  0.06760  -4.8313e+02
 76  0.07395  -6.9641e+02 | 77  0.01893  -4.8949e+02 | 78 -0.02467  -2.8705e+02
 79  0.09706  -2.9333e+02 | 80  0.27851  -1.2604e+02 | 81  0.01044  -4.4483e+01
 82 -0.17406  -4.6644e+01 | 83 -0.05815  -5.9906e+01 | 84  0.03581  -4.2292e+01
 85 -0.07892   2.5562e+02 | 86  0.11701   1.5757e+02 | 87  0.21478   1.9456e+01
 88 -0.06838   2.4602e+02 | 89 -0.23080   2.6064e+02 | 90 -0.14295   2.5428e+02
 91 -0.08181   2.2819e+02 | 92 -0.02660   2.0029e+02 | 93  0.03304   1.3567e+02
 94  0.18176  -2.0328e+02 | 95  0.01838   1.3079e+02 | 96  0.00477   1.5426e+02
 97  0.05939   1.1561e+02 | 98  0.10762   4.4947e+00 | 99  0.06294  -1.2108e+00
100  0.02416  -2.2904e+00 |101  0.10852  -2.7617e+02 |102 -0.07941   1.5041e+02
103 -0.09877   1.9364e+02 |104  0.05630   7.1031e+01 |105 -0.03755   1.8514e+02
106 -0.07449   2.1703e+02 |107 -0.03228   2.1127e+02 |108  0.03221   1.8129e+02
109  0.10942   8.7347e+01 |110  0.06724   1.1664e+02 |111  0.01526   1.6327e+02
112 -0.12557   2.3266e+02 |113 -0.18750   2.3963e+02 |114 -0.00968   1.5984e+02
115  0.10646   4.5445e+01 |116 -0.02944   2.0251e+02 |117  0.06831   1.1562e+02
118  0.02350   1.7560e+02 |119 -0.01665   2.0030e+02 |120  0.05693   7.1518e+01
121  0.09003  -1.0333e+02 |122  0.16997  -4.4383e+02 |123  0.00373   3.2481e+02
124  0.11468   2.0451e+02 |125 -0.02475   2.9644e+02 |126 -0.22008   2.9715e+02
127 -0.00171   8.7728e+01 |128 -0.00857   8.7720e+01 |129  0.04202   8.7537e+01
130  0.01992   8.7685e+01 |131 -0.01092   8.7715e+01 |132 -0.00900   8.7719e+01
133 -0.01052   8.7716e+01 |134  0.00228   8.7727e+01 |135  0.01585   8.7701e+01
136 -0.01596   8.7700e+01 |137  0.02454   8.7663e+01 |138  0.01872   8.7690e+01
139 -0.04651   8.7494e+01 |140  0.01134   8.7714e+01 |141 -0.01145   8.7714e+01
142 -0.03956   8.7559e+01 |143  0.02032   8.7683e+01 |144  0.02904   8.7637e+01
145  0.02717   8.7648e+01 |146  0.03475   8.7597e+01 |147 -0.06249   8.7306e+01
148 -0.02694   8.7650e+01 |149 -0.03046   8.7628e+01 |150 -0.01799   8.7693e+01
151 -0.01538   8.7702e+01 |152  0.06319   8.7296e+01 |153  0.05927   8.7348e+01
154 -0.00830   8.7721e+01 |155 -0.00351   8.7727e+01 |156 -0.00129   8.7728e+01
157 -0.00185   8.7728e+01 |158 -0.02862   8.7639e+01 |159  0.03318   8.7609e+01
160 -0.01163   8.7713e+01 |161  0.03244   8.7614e+01 |162  0.05822   8.7361e+01
163 -0.02653   8.7652e+01 |164  0.00503   8.7725e+01 |165  0.01570   8.7701e+01
166  0.05994   8.7340e+01 |167 -0.00491   8.7725e+01 |168  0.01743   8.7695e+01
169  0.08609   5.8498e+04 |170 -0.03078  -7.1278e+02 |171 -0.02317  -6.6247e+02
172  0.00950  -4.1267e+02 |173  0.07924   7.3359e+02 |174  0.02807  -4.7566e+02
175  0.05090  -1.7598e+01 |176 -0.03050  -1.0671e+03 |177  0.02911  -8.5721e+02
178  0.04886  -1.0305e+03 |179  0.08532  -6.3802e+02 |180  0.16021   2.6832e+03
181  0.00252  -8.8779e+02 |182  0.00225  -7.5317e+02 |183 -0.06674  -1.1085e+03
184 -0.03792  -8.5689e+02 |185  0.01083   4.4478e+02 |186 -0.07097  -8.1357e+02
187 -0.07847  -1.0194e+03 |188 -0.08304  -1.0929e+03 |189 -0.00047  -5.4514e+02
190 -0.03255  -8.9323e+02 |191  0.01072  -2.5840e+02 |192  0.00024  -2.1513e+02
193 -0.03209  -6.8335e+02 |194 -0.09760  -1.0861e+03 |195 -0.01592  -6.6893e+02
196  0.02870  -4.8775e+02 |197  0.02080  -6.2823e+02 |198 -0.01233  -8.1047e+02
199 -0.02456  -8.6908e+02 |200  0.00425  -7.1673e+02 |201  0.01745  -8.8583e+02
202  0.13804   6.6035e+02 |203  0.09951  -3.4569e+02 |204  0.07241  -7.5598e+02
205 -0.07928  -1.2633e+03 |206 -0.15860  -1.2671e+03 |207 -0.13454  -1.2306e+03
208 -0.10638  -9.0935e+02 |209 -0.04296  -1.0073e+03 |210  0.05668  -9.1403e+02
211 -0.01617  -1.3327e+03 |212 -0.00203  -1.2678e+04 |213 -0.00356  -8.4681e+03
214 -0.03880  -2.3966e-08 |215 -0.65651  -1.7023e+01 |216 -0.83684  -5.9538e+01
217 -0.02584   2.5347e+03 |218 -0.13403   2.8648e+02 |219 -0.25604   2.2297e+02
220 -0.06724   2.6548e+02 |221  0.05302   2.7490e+02 |222  0.01395   2.8209e+02
223  0.07038   2.9877e+02 |224 -0.02253   3.0718e+02 |225 -0.04498   3.2527e+02
226  0.05298   2.9059e+02 |227  0.07906   2.9195e+02 |228  0.22075   1.9391e+02
229  0.12390   2.4909e+02 |230  0.13157   2.9484e+02 |231  0.04046   2.5578e+02
232  0.02741   2.2680e+02 |233  0.08316   2.6905e+02 |234  0.12666   7.5754e+01
235 -0.12896   3.3396e+02 |236 -0.09838   3.6364e+02 |237  0.03665   3.0463e+02
238  0.01813   3.2039e+02 |239 -0.10257   3.6664e+02 |240 -0.15936   3.3514e+02
241 -0.03201   3.2116e+02 |242 -0.00436   2.8789e+02 |243  0.07656   2.7497e+02
244 -0.01233   2.6949e+02 |245 -0.12293   2.8020e+02 |246 -0.23427   2.7424e+02
247 -0.03534   3.0631e+02 |248 -0.03538   2.5685e+02 |249  0.07158   2.8006e+02
250  0.12550   2.6782e+02 |251  0.12746   2.9752e+02 |252  0.01861   3.1086e+02
253  0.02131   2.9460e+02 |254  0.04097   2.4807e+02 |255  0.20974   3.0402e+02
256  0.25779   2.8272e+02 |257 -0.16541   2.4501e+02 |258  0.12180  -1.3394e+03
259  0.09467  -5.5777e+02 |260 -0.88251  -2.8580e+03 |261 -0.84416   3.8872e+02
262 -0.70224   4.1650e+02 |263 -0.02207  -4.3468e+03 |264  0.05491  -4.3333e+03
265 -0.00232  -4.3494e+03 |266  0.02330  -4.3465e+03 |267 -0.03808  -4.3416e+03
268 -0.01908  -4.3475e+03 |269  0.04138  -4.3402e+03 |270 -0.01893  -4.3475e+03
271 -0.04342  -4.3393e+03 |272  0.01976  -4.3473e+03 |273 -0.01392  -4.3484e+03
274  0.01252  -4.3486e+03 |275  0.01943  -4.3474e+03 |276 -0.02451  -4.3462e+03
277  0.01761  -4.3478e+03 |278  0.00161  -4.3494e+03 |279 -0.00725  -4.3491e+03
280 -0.02376  -4.3464e+03 |281 -0.06752  -4.3250e+03 |282 -0.01595  -4.3481e+03
283 -0.00760  -4.3491e+03 |284  0.03139  -4.3441e+03 |285  0.00729  -4.3491e+03
286  0.02428  -4.3463e+03 |287  0.03010  -4.3446e+03 |288  0.00991  -4.3489e+03
289 -0.05104  -4.3355e+03 |290 -0.04308  -4.3395e+03 |291 -0.00955  -4.3489e+03
292 -0.01553  -4.3481e+03 |293 -0.00991  -4.3489e+03 |294 -0.04761  -4.3373e+03
295 -0.00195  -4.3494e+03 |296 -0.03793  -4.3417e+03 |297 -0.01265  -4.3486e+03
298 -0.00089  -4.3494e+03 |299 -0.00789  -4.3491e+03 |300  0.01054  -4.3488e+03
301  0.06192  -4.3289e+03 |302  0.08855  -4.3074e+03 |303  0.50999  -2.2750e+02
304 -0.14781  -1.4797e+03 |305 -0.92778  -1.2653e+03 |306  0.43041   1.3123e+02
307 -0.99100  -2.0476e+02 |308 -0.56789  -3.7192e+01 |
663.984 679.835 422.957 196.073 
423.568 423.568 79.829 137.285 
6.80461 147.467 0 1.75332 1.97266 
0 2.25257 0 0 0.603373 91.2843 0 
663.935 679.778 422.957 196.073 
423.523 423.523 79.8291 137.286 
6.80461 147.453 0 1.75338 1.97272 
0 2.25257 0 0 0.603373 91.2843 0 
663.444 679.212 422.957 196.07 
423.071 423.071 79.8301 137.287 
6.80461 147.309 0 1.75405 1.97324 
0 2.25257 0 0 0.603373 91.2846 0 
658.551 673.564 422.953 196.038 
418.568 418.568 79.84 137.301 
6.80468 145.883 0 1.76071 1.97852 
0 2.2526 0 0 0.603374 91.2874 0 
610.703 618.494 422.96 195.746 
375 375 79.9382 137.445 
6.80539 132.638 0 1.82805 2.03168 
0 2.25285 0 0 0.603382 91.3159 0 
393.195 384.833 407.672 188.725 
222.95 222.95 76.8723 109.314 
6.79378 95.1756 0 1.59089 2.39864 
0 2.25417 0 0 0.602853 85.1008 0 
368.651 370.034 391.195 182.145 
231.222 231.222 77.6652 89.1662 
6.77943 101.846 0 1.12507 2.53171 
0 2.25442 0 0 0.602288 77.4154 0 
343.203 416.24 308.537 140.695 
226.325 226.325 72.3127 95.0427 
6.72827 91.2722 0 0.0292754 3.8724 
0 2.25845 0 0 0.59947 29.1983 0 
239.871 248.788 268.187 117.465 
217.474 217.474 69.526 105.675 
6.66875 80.8688 0 4.07114 9.13661 
0 2.27664 0 0 0.592728 67.3788 0 
50.899 45.9491 181.44 99.0678 
92.272 92.272 67.3864 90.8181 
6.78675 24.3501 0 63.3165 20.0565 
0 2.32398 0 0 0.58529 84.7825 0 
92.3607 57.3981 135.841 108.007 
132.8 132.8 129.219 302.061 
7.62971 608.954 0 249.04 31.2981 
0 2.46137 0 0 0.577222 55.7054 0 
36.5019 21.6336 173.661 98.9804 
64.012 64.012 71.4867 113.174 
6.91515 38.4536 0 88.2084 21.8154 
0 2.34609 0 0 0.583569 103.84 0 
38.1219 25.0737 144.473 91.4453 
42.3811 42.3811 56.8979 87.7411 
7.34302 20.5908 0 93.4643 16.2529 
0 2.39511 0 0 0.581059 42.1448 0 
49.821 46.1451 118.778 85.3315 
20.8474 20.8474 98.8436 120.326 
8.30058 33.4501 0 113.584 7.02137 
0 2.48853 0 0 0.568034 54.1222 0 
36.8836 42.6887 110.462 86.6421 
32.4202 32.4202 61.7285 84.768 
7.69276 17.5212 0 101.053 12.2329 
0 2.42974 0 0 0.575447 16.6928 0 
41.9851 35.8724 101.679 81.7456 
20.1453 20.1453 59.8298 57.1998 
8.19931 22.0407 0 118.827 7.28801 
0 2.47482 0 0 0.565816 22.6807 0 

Intermediate statistics: 308 variables; iteration 10; function evaluation 16; phase 1
Function value   1.4238025e+03; maximum gradient component mag  -8.8354e+03
Var   Value    Gradient   |Var   Value    Gradient   |Var   Value    Gradient
  1  0.16031   4.1295e+01 |  2  0.06337  -3.8619e+00 |  3  0.21319   1.7662e+02
  4  0.22194   2.5695e+02 |  5  0.17128  -1.4323e+01 |  6  0.20718   9.1889e+01
  7  0.17045  -2.6561e+01 |  8  0.18957   2.8918e+01 |  9  0.18211   1.8337e+01
 10  0.16687   2.1142e+01 | 11  0.07987  -4.2261e+01 | 12  0.09474  -5.2550e+01
 13  0.14984   4.6436e+01 | 14  0.10038   2.7710e+01 | 15  0.06977   3.5257e+01
 16 -0.02983   3.8196e+00 | 17 -0.12257  -7.7771e-01 | 18 -0.22349   3.3708e-02
 19 -0.32206  -2.1893e-02 | 20 -0.29813   1.6525e-02 | 21 -0.46682   3.3485e-04
 22  0.07428   2.1817e+00 | 23 -0.19495  -3.3405e-04 | 24  0.06742   4.9417e+00
 25  0.17291   7.6258e+01 | 26  0.02570  -3.0918e+01 | 27  0.18418   5.1970e+01
 28  0.18404   5.3278e+01 | 29  0.15522  -5.1171e+00 | 30  0.19785   1.6019e+02
 31  0.05888  -7.0384e+01 | 32  0.14251  -1.1170e+01 | 33  0.09638  -3.2511e+01
 34  0.01112  -3.1422e+01 | 35  0.12355  -5.2552e-01 | 36  0.13951   8.3706e+00
 37  0.11502  -3.0845e+01 | 38  0.04053  -4.7792e+01 | 39  0.05042   1.7662e+01
 40 -0.03024  -4.1421e+00 | 41 -0.02705   7.2607e+00 | 42 -0.07932   2.5642e+00
 43  0.05604  -1.0045e+02 | 44 -0.05658  -9.6867e+01 | 45 -0.08272  -9.5436e+01
 46 -0.17469  -9.2696e+01 | 47 -0.18403  -9.1990e+01 | 48 -0.11721  -9.2842e+01
 49 -0.16422  -9.3885e+01 | 50 -0.07953  -9.4572e+01 | 51 -0.05332  -9.4648e+01
 52  0.04666  -9.1743e+01 | 53  0.03652  -9.5324e+01 | 54 -0.03257  -1.0077e+02
 55  0.00359  -1.0316e+02 | 56  0.03062  -1.0604e+02 | 57  0.06256  -1.0737e+02
 58  0.10399  -1.0441e+02 | 59  0.02573  -9.5334e+01 | 60 -0.05713  -9.0656e+01
 61 -0.06157  -9.1243e+01 | 62  0.00955  -9.1127e+01 | 63  0.01281  -8.9096e+01
 64 -0.07117  -9.0835e+01 | 65 -0.03844  -8.9549e+01 | 66 -0.07154  -9.1231e+01
 67 -0.02509  -8.9051e+01 | 68 -0.07142  -9.0865e+01 | 69 -0.07824  -9.0435e+01
 70 -0.03521  -8.8969e+01 | 71  0.12209  -8.3458e+01 | 72  0.05773  -8.7750e+01
 73 -0.02223  -9.0641e+01 | 74  0.01870  -9.0341e+01 | 75  0.07873  -9.1249e+01
 76  0.07186  -8.9341e+01 | 77  0.03492  -8.6539e+01 | 78  0.00858  -8.8320e+01
 79  0.16168  -8.9795e+01 | 80  0.42661  -9.0238e+01 | 81  0.03830  -8.7863e+01
 82 -0.14553  -8.9925e+01 | 83 -0.03231  -8.7839e+01 | 84  0.06270  -8.4954e+01
 85 -0.07434   3.8077e+01 | 86  0.12233   2.9515e+01 | 87  0.22719  -1.5748e+01
 88 -0.06802   3.0919e+01 | 89 -0.23323   3.4275e+01 | 90 -0.14781   3.9234e+01
 91 -0.08994   4.0267e+01 | 92 -0.03823   4.1993e+01 | 93  0.01976   3.4937e+01
 94  0.16095   5.5678e+00 | 95  0.00732   3.3954e+01 | 96 -0.00819   4.2084e+01
 97  0.03684   4.7707e+01 | 98  0.07818   4.4473e+01 | 99  0.05176   2.4012e+01
100  0.02933   4.5535e+00 |101  0.13103  -2.4170e+01 |102 -0.07641   2.9176e+01
103 -0.09829   3.2143e+01 |104  0.05936   2.2742e+01 |105 -0.03973   3.3754e+01
106 -0.07976   4.0612e+01 |107 -0.03988   4.2203e+01 |108  0.02404   3.5684e+01
109  0.09299   3.4979e+01 |110  0.05429   3.5910e+01 |111  0.00188   4.8368e+01
112 -0.13383   4.5660e+01 |113 -0.19241   3.8419e+01 |114 -0.01904   4.2596e+01
115  0.09887   3.5394e+01 |116 -0.02808   3.3016e+01 |117  0.08047   2.7959e+01
118  0.03030   3.8630e+01 |119 -0.02149   5.1060e+01 |120  0.03710   6.3320e+01
121  0.07069   4.1854e+01 |122  0.18095  -1.8089e+01 |123 -0.00522   5.1469e+01
124  0.12300   4.8758e+01 |125 -0.02870   3.9536e+01 |126 -0.22520   3.9900e+01
127 -0.00515   2.3129e+01 |128 -0.01201   2.3126e+01 |129  0.03858   2.3087e+01
130  0.01648   2.3122e+01 |131 -0.01436   2.3124e+01 |132 -0.01244   2.3125e+01
133 -0.01396   2.3124e+01 |134 -0.00116   2.3130e+01 |135  0.01240   2.3125e+01
136 -0.01940   2.3119e+01 |137  0.02110   2.3117e+01 |138  0.01528   2.3123e+01
139 -0.04994   2.3059e+01 |140  0.00790   2.3128e+01 |141 -0.01489   2.3124e+01
142 -0.04299   2.3077e+01 |143  0.01688   2.3122e+01 |144  0.02559   2.3111e+01
145  0.02373   2.3114e+01 |146  0.03131   2.3102e+01 |147 -0.06591   2.3006e+01
148 -0.03037   2.3104e+01 |149 -0.03390   2.3097e+01 |150 -0.02143   2.3117e+01
151 -0.01882   2.3120e+01 |152  0.05976   2.3028e+01 |153  0.05583   2.3041e+01
154 -0.01174   2.3126e+01 |155 -0.00695   2.3128e+01 |156 -0.00473   2.3129e+01
157 -0.00529   2.3129e+01 |158 -0.03205   2.3101e+01 |159  0.02973   2.3105e+01
160 -0.01507   2.3123e+01 |161  0.02900   2.3106e+01 |162  0.05479   2.3044e+01
163 -0.02997   2.3104e+01 |164  0.00159   2.3130e+01 |165  0.01225   2.3126e+01
166  0.05650   2.3039e+01 |167 -0.00835   2.3128e+01 |168  0.01398   2.3124e+01
169 -0.00692   1.2225e+03 |170  0.02169  -3.2794e+02 |171  0.03042  -3.4439e+02
172  0.04761  -3.1821e+02 |173  0.09659  -2.6642e+02 |174  0.04073  -3.5331e+02
175  0.05142  -3.0450e+02 |176 -0.02738  -4.0627e+02 |177  0.03285  -3.8553e+02
178  0.07588  -4.6508e+02 |179  0.07191  -4.3554e+02 |180  0.10776  -8.0515e+00
181 -0.01698  -4.1856e+02 |182 -0.04087  -3.9963e+02 |183 -0.07499  -4.0847e+02
184 -0.04297  -4.1740e+02 |185 -0.00762  -3.3408e+02 |186 -0.03836  -4.3228e+02
187 -0.04704  -4.2130e+02 |188 -0.06168  -4.1960e+02 |189  0.02444  -3.8518e+02
190  0.00905  -4.5329e+02 |191  0.03257  -4.0621e+02 |192  0.01456  -3.9654e+02
193 -0.01577  -4.0681e+02 |194 -0.08329  -4.0444e+02 |195  0.00075  -3.7280e+02
196  0.02027  -4.9215e+02 |197 -0.02254  -4.7345e+02 |198 -0.03782  -4.5301e+02
199 -0.02268  -4.4160e+02 |200 -0.00503  -3.9138e+02 |201 -0.00840  -3.7574e+02
202  0.08432  -3.8413e+02 |203  0.05645  -5.7206e+02 |204  0.04287  -5.4235e+02
205 -0.08285  -4.1080e+02 |206 -0.15836  -3.9707e+02 |207 -0.13125  -4.0177e+02
208 -0.07398  -3.8158e+02 |209 -0.03935  -4.1064e+02 |210  0.04816  -4.0393e+02
211 -0.01511  -4.1245e+02 |212 -0.28679  -1.0943e+03 |213  0.02252  -5.4037e+02
214 -0.03880  -2.3966e-08 |215 -0.60212  -3.4181e+01 |216 -0.74997  -2.9337e+00
217 -0.08418  -5.2046e+02 |218 -0.16133   8.2115e+01 |219 -0.26496   4.7509e+01
220 -0.07003   6.0108e+01 |221  0.04959   9.5080e+01 |222  0.00708   9.2441e+01
223  0.04922   1.2287e+02 |224 -0.02280   8.3132e+01 |225 -0.03972   7.5262e+01
226  0.06003   5.3861e+01 |227  0.07082   7.9511e+01 |228  0.21128   8.0890e+01
229  0.11711   7.5587e+01 |230  0.12535   9.3853e+01 |231  0.04495   6.7856e+01
232  0.03251   4.7351e+01 |233  0.07303   8.3965e+01 |234  0.12785   5.8669e+01
235 -0.13368   6.4937e+01 |236 -0.11486   8.7102e+01 |237  0.02350   9.2701e+01
238  0.00894   8.9011e+01 |239 -0.11421   8.6937e+01 |240 -0.15333   5.9526e+01
241 -0.04568   1.0003e+02 |242 -0.00474   8.1168e+01 |243  0.06660   1.0032e+02
244 -0.01459   8.1517e+01 |245 -0.12274   6.0423e+01 |246 -0.23116   4.2161e+01
247 -0.05509   9.4153e+01 |248 -0.02377   4.9524e+01 |249  0.06228   9.1937e+01
250  0.11423   8.9043e+01 |251  0.10990   9.9561e+01 |252  0.00039   8.3677e+01
253  0.00477   8.4040e+01 |254  0.04716   3.6904e+01 |255  0.20066   8.4598e+01
256  0.25416   8.5504e+01 |257 -0.19126   3.0170e+01 |258  0.07561   3.5728e+02
259  0.15096   1.1764e+02 |260 -0.86521   5.5624e+02 |261 -0.83058   3.1138e+02
262 -0.68962  -9.6833e+01 |263 -0.02415  -8.8290e+03 |264  0.05207  -8.8059e+03
265 -0.00463  -8.8351e+03 |266  0.02073  -8.8307e+03 |267 -0.03995  -8.8180e+03
268 -0.02119  -8.8305e+03 |269  0.03864  -8.8191e+03 |270 -0.02105  -8.8306e+03
271 -0.04522  -8.8131e+03 |272  0.01723  -8.8321e+03 |273 -0.01609  -8.8326e+03
274  0.01006  -8.8343e+03 |275  0.01690  -8.8323e+03 |276 -0.02656  -8.8277e+03
277  0.01510  -8.8329e+03 |278 -0.00074  -8.8354e+03 |279 -0.00949  -8.8344e+03
280 -0.02581  -8.8281e+03 |281 -0.06898  -8.7836e+03 |282 -0.01810  -8.8318e+03
283 -0.00984  -8.8343e+03 |284  0.02875  -8.8264e+03 |285  0.00488  -8.8351e+03
286  0.02170  -8.8303e+03 |287  0.02747  -8.8272e+03 |288  0.00748  -8.8348e+03
289 -0.05273  -8.8051e+03 |290 -0.04489  -8.8134e+03 |291 -0.01178  -8.8339e+03
292 -0.01768  -8.8320e+03 |293 -0.01213  -8.8338e+03 |294 -0.04935  -8.8089e+03
295 -0.00426  -8.8352e+03 |296 -0.03980  -8.8181e+03 |297 -0.01484  -8.8330e+03
298 -0.00321  -8.8353e+03 |299 -0.01014  -8.8343e+03 |300  0.00810  -8.8347e+03
301  0.05902  -8.7974e+03 |302  0.08547  -8.7559e+03 |303  0.48053   6.1876e+02
304 -0.23231  -1.3559e+02 |305 -0.75628   1.5733e+01 |306  0.41230   1.8499e+01
307 -0.93583   1.2420e+03 |308 -0.44302   7.0693e+01 |
38.4255 32.1531 103.545 76.4353 
17.9078 17.9078 62.954 51.1639 
8.62173 18.906 0 112.491 8.62224 
0 2.52626 0 0 0.556421 21.2343 0 
28.1659 42.4604 100.589 68.7474 
24.6519 24.6519 58.7673 63.7882 
9.31142 20.1149 0 93.405 12.3026 
0 2.61247 0 0 0.536599 26.6567 0 
26.4298 36.4403 96.6122 66.5849 
23.3326 23.3326 56.572 62.5875 
9.68442 18.929 0 89.9729 10.9691 
0 2.65527 0 0 0.522906 28.2431 0 
25.3399 30.5428 94.6582 64.6057 
23.1188 23.1188 56.1172 60.1273 
10.2734 15.1931 0 78.9989 14.8593 
0 2.75625 0 0 0.497491 32.9035 0 
28.7585 35.4621 96.346 62.9804 
22.7775 22.7775 61.78 56.9507 
10.5429 12.5117 0 74.1791 8.52916 
0 2.8153 0 0 0.476732 30.6389 0 
30.8357 28.7783 99.6562 60.524 
21.6151 21.6151 56.9572 57.2492 
10.6261 13.4084 0 68.9312 9.6053 
0 2.88771 0 0 0.464801 29.8036 0 
33.5695 21.9458 99.1569 59.1888 
20.5499 20.5499 62.3253 53.3602 
10.4928 12.7918 0 62.3521 12.6839 
0 2.95182 0 0 0.451981 26.3643 0 
36.9643 27.7349 102.87 58.7971 
27.213 27.213 59.5399 54.4136 
10.4169 10.0141 0 51.3961 5.28716 
0 2.94924 0 0 0.440855 17.8988 0 
35.75 23.4091 106.41 60.0449 
31.5303 31.5303 58.1379 57.1848 
10.5611 8.6077 0 41.784 4.85435 
0 2.94201 0 0 0.432408 18.4135 0 
36.098 16.0843 108.641 61.4405 
30.3595 30.3595 59.5816 56.0127 
10.7583 8.42003 0 38.9586 5.66486 
0 2.90723 0 0 0.428342 17.5827 0 
308 variables; iteration 20; function evaluation 26; phase 1
Function value   1.2491380e+03; maximum gradient component mag  -8.8013e+03
Var   Value    Gradient   |Var   Value    Gradient   |Var   Value    Gradient
  1  0.08140   5.3004e+00 |  2  0.12601  -2.6610e+01 |  3  0.18548  -5.8028e+01
  4  0.17462  -6.3908e+01 |  5  0.18674  -5.5642e+01 |  6  0.18825  -2.1728e+01
  7  0.13382  -7.4909e+01 |  8  0.17961   2.6958e+00 |  9  0.15869  -5.0967e+00
 10  0.15794  -5.4193e+00 | 11  0.14066   1.7974e+01 | 12  0.12618  -3.4672e+01
 13  0.08938  -8.5904e+00 | 14  0.11468   5.0733e+01 | 15 -0.00589   2.2483e-01
 16 -0.03644  -1.4442e+01 | 17 -0.12265   5.5168e-01 | 18 -0.22362   2.9546e-02
 19 -0.32197  -8.0621e-03 | 20 -0.29821   2.4584e-02 | 21 -0.46682   7.8079e-04
 22  0.05188   3.7120e+00 | 23 -0.19499   1.4530e-02 | 24  0.03653   4.0421e+00
 25  0.00988  -1.0741e+01 | 26  0.15454   5.0447e+01 | 27  0.16159   1.9045e+01
 28  0.16454   2.1451e+01 | 29  0.12566  -2.9075e+01 | 30  0.15595   2.5936e+01
 31  0.15754   1.2897e+01 | 32  0.12129  -2.5655e+01 | 33  0.11705   3.6109e-01
 34  0.13146   5.8007e+01 | 35 -0.06553  -2.8851e+01 | 36  0.10615  -3.4927e+01
 37  0.02728  -8.8881e+01 | 38  0.05951   1.6901e+00 | 39  0.01379   5.2547e-01
 40 -0.02030   7.4595e+00 | 41 -0.05603   5.2846e+00 | 42 -0.09137   3.2885e+00
 43  0.11870   5.6626e+01 | 44 -0.00077   4.2056e+01 | 45 -0.04605   3.9040e+01
 46 -0.12112   3.4625e+01 | 47 -0.14079   3.2170e+01 | 48 -0.12631   2.8811e+01
 49 -0.11901   2.5675e+01 | 50 -0.08148   2.5030e+01 | 51 -0.04346   2.5482e+01
 52 -0.00203   2.7028e+01 | 53 -0.14102   1.8799e+01 | 54 -0.19521   1.3180e+01
 55 -0.18204   1.1679e+01 | 56 -0.12002   8.7624e+00 | 57 -0.06184   6.7738e+00
 58 -0.12401   1.4937e+01 | 59 -0.03330   2.1392e+01 | 60 -0.01521   3.4910e+01
 61 -0.00091   3.6783e+01 | 62  0.03665   3.9439e+01 | 63  0.02694   4.6576e+01
 64 -0.00450   4.7565e+01 | 65 -0.00769   5.0543e+01 | 66 -0.02739   4.7214e+01
 67 -0.00842   5.0015e+01 | 68 -0.01250   4.4652e+01 | 69 -0.01707   4.1372e+01
 70  0.02136   4.0210e+01 | 71  0.12819   3.3394e+01 | 72  0.11479   2.9657e+01
 73  0.05770   3.0015e+01 | 74  0.08853   3.0152e+01 | 75  0.08745   1.9714e+01
 76 -0.00236   1.9606e+01 | 77  0.02092   2.1982e+01 | 78  0.05536   2.7569e+01
 79  0.23085   2.8604e+01 | 80  0.50233   1.3356e+01 | 81  0.12871   3.0499e+01
 82 -0.04693   3.5604e+01 | 83  0.04475   3.8828e+01 | 84  0.13701   3.5594e+01
 85 -0.06001  -1.0468e+01 | 86  0.09413  -1.5822e+01 | 87  0.22896  -3.8236e+00
 88 -0.06077  -2.4299e+00 | 89 -0.22503  -8.2940e+00 | 90 -0.15541  -4.5455e+00
 91 -0.09829  -6.7852e+00 | 92 -0.06222  -9.1369e+00 | 93 -0.00429  -1.4109e+01
 94  0.12363  -2.7177e+01 | 95 -0.01209  -1.7823e+01 | 96 -0.05389  -1.4162e+01
 97 -0.04371  -1.5243e+01 | 98 -0.00893  -2.3364e+01 | 99  0.05535  -3.4981e+01
100  0.11030  -4.9351e+01 |101  0.20593  -8.2108e+01 |102 -0.08121  -2.3810e+01
103 -0.10038  -1.5201e+01 |104  0.07689  -1.4086e+01 |105 -0.01812  -9.3410e+00
106 -0.07260  -4.6848e+00 |107 -0.04220   9.5887e-01 |108  0.03770   5.4819e+00
109  0.08799   8.6264e+00 |110  0.06852   9.4265e+00 |111 -0.01265   3.5709e+00
112 -0.14358  -3.7079e+00 |113 -0.17986  -7.0606e+00 |114 -0.03602  -5.2003e+00
115  0.09887  -1.2575e+01 |116  0.00524  -8.3764e+00 |117  0.14735  -4.8796e+00
118  0.07574  -1.5574e+01 |119 -0.01777  -1.8837e+01 |120 -0.01829  -2.2465e+01
121  0.04571  -2.9348e+01 |122  0.29320   2.5994e+01 |123 -0.04761  -2.4803e+00
124  0.03773  -2.5101e+01 |125 -0.03561  -9.2690e+00 |126 -0.22421  -1.0857e+01
127 -0.00683  -8.3790e+00 |128 -0.01368  -8.3775e+00 |129  0.03689  -8.3654e+00
130  0.01479  -8.3772e+00 |131 -0.01603  -8.3768e+00 |132 -0.01412  -8.3774e+00
133 -0.01563  -8.3769e+00 |134 -0.00284  -8.3794e+00 |135  0.01072  -8.3783e+00
136 -0.02107  -8.3749e+00 |137  0.01941  -8.3756e+00 |138  0.01359  -8.3776e+00
139 -0.05159  -8.3520e+00 |140  0.00621  -8.3791e+00 |141 -0.01656  -8.3766e+00
142 -0.04465  -8.3589e+00 |143  0.01519  -8.3771e+00 |144  0.02391  -8.3736e+00
145  0.02204  -8.3744e+00 |146  0.02962  -8.3704e+00 |147 -0.06755  -8.3323e+00
148 -0.03204  -8.3689e+00 |149 -0.03556  -8.3664e+00 |150 -0.02310  -8.3739e+00
151 -0.02049  -8.3751e+00 |152  0.05806  -8.3446e+00 |153  0.05413  -8.3492e+00
154 -0.01342  -8.3776e+00 |155 -0.00863  -8.3787e+00 |156 -0.00641  -8.3790e+00
157 -0.00696  -8.3790e+00 |158 -0.03371  -8.3677e+00 |159  0.02804  -8.3713e+00
160 -0.01674  -8.3766e+00 |161  0.02731  -8.3718e+00 |162  0.05309  -8.3503e+00
163 -0.03163  -8.3691e+00 |164 -0.00009  -8.3795e+00 |165  0.01057  -8.3783e+00
166  0.05480  -8.3484e+00 |167 -0.01002  -8.3784e+00 |168  0.01230  -8.3779e+00
169 -0.00419   6.7096e+02 |170  0.01633  -4.4687e+00 |171  0.00036  -5.2374e+01
172  0.01606  -5.6308e+01 |173  0.06269  -5.4559e+01 |174  0.06047   5.3129e+01
175  0.02082   2.6898e+01 |176 -0.00286  -1.1992e+01 |177 -0.00600  -3.8074e+01
178  0.03644  -1.0062e+02 |179  0.07351   3.3076e+00 |180  0.10793   4.7422e+02
181  0.00984   5.7065e+01 |182 -0.03501   3.6326e+01 |183 -0.08138  -1.2307e+01
184 -0.04124  -3.9480e+01 |185 -0.03000  -4.2940e+01 |186 -0.01559  -6.4567e+01
187 -0.06196  -6.8115e+01 |188 -0.04360  -6.3904e+01 |189 -0.00393  -1.2577e+02
190  0.02101  -1.4529e+02 |191  0.02662  -1.5674e+02 |192  0.00027  -9.8439e+01
193  0.00220  -7.0738e+01 |194 -0.07639  -2.0026e+01 |195 -0.02792  -4.8810e+01
196  0.05067  -2.0287e+01 |197  0.05436   5.8027e+01 |198  0.00286   1.9084e+01
199  0.01100  -1.0627e+00 |200  0.01340   3.0569e+00 |201 -0.00294   3.0202e+00
202  0.12195   1.3774e+02 |203  0.13276   5.6691e+01 |204  0.14376   9.0817e+01
205 -0.01053  -3.4348e+01 |206 -0.13476  -2.1120e+01 |207 -0.09049  -2.3811e+01
208 -0.21980  -8.8931e+01 |209 -0.07445  -7.2428e+01 |210 -0.01289  -7.6745e+01
211 -0.02127  -2.2763e+01 |212 -0.17449  -5.1385e+02 |213  0.01609  -2.1105e+02
214 -0.03880  -2.3966e-08 |215 -0.42843  -6.5139e+00 |216 -0.52015   1.8600e+01
217 -0.02725  -1.8986e+02 |218 -0.16160  -4.7049e+01 |219 -0.24866  -1.5794e+01
220 -0.02622  -1.8566e+00 |221  0.05459  -1.0966e+01 |222  0.03042  -8.2507e+00
223  0.01025  -2.8847e+01 |224 -0.01783  -2.0393e+01 |225 -0.02349  -2.1715e+01
226  0.11189  -1.4288e+01 |227  0.06638  -1.7587e+01 |228  0.19230  -1.4470e+01
229  0.11291  -1.2353e+01 |230  0.09784  -1.1752e+01 |231  0.03606  -1.4545e+01
232  0.03666  -3.8691e+00 |233  0.01364  -9.4980e+00 |234  0.11569  -4.3119e+01
235 -0.07356   1.5506e+01 |236 -0.11036   3.3600e+00 |237  0.00861  -8.9220e+00
238  0.00999  -8.5530e+00 |239 -0.13357  -1.9592e+01 |240 -0.13589  -5.8861e+00
241 -0.08642  -3.4097e+01 |242 -0.01222  -2.5472e+01 |243  0.01825  -3.2252e+01
244 -0.04152  -2.9052e+01 |245 -0.11958  -3.0601e+01 |246 -0.20752  -2.4496e+01
247 -0.10670  -4.6769e+01 |248  0.02832   2.5814e+00 |249  0.03153  -2.0202e+01
250  0.07829  -1.6587e+01 |251  0.05626  -1.9163e+01 |252 -0.03576  -1.4882e+01
253 -0.04718  -1.5701e+01 |254  0.07871   1.9954e+01 |255  0.18145  -9.5548e+00
256  0.25453  -2.0898e+01 |257 -0.05726   3.8453e+01 |258  0.10407   2.9308e+02
259  0.13831  -3.3016e+02 |260 -0.85171   5.7243e+02 |261 -0.85197  -7.0672e+01
262 -0.56948  -3.5033e+01 |263 -0.02400  -8.7951e+03 |264  0.04785  -8.7765e+03
265 -0.00942  -8.8003e+03 |266  0.01489  -8.7989e+03 |267 -0.03087  -8.7910e+03
268 -0.02214  -8.7960e+03 |269  0.03360  -8.7891e+03 |270 -0.02205  -8.7960e+03
271 -0.03179  -8.7903e+03 |272  0.01132  -8.7999e+03 |273 -0.01862  -8.7975e+03
274  0.00420  -8.8011e+03 |275  0.01099  -8.8000e+03 |276 -0.02539  -8.7943e+03
277  0.00919  -8.8004e+03 |278 -0.00598  -8.8009e+03 |279 -0.01351  -8.7993e+03
280 -0.02497  -8.7945e+03 |281 -0.02411  -8.7950e+03 |282 -0.02005  -8.7969e+03
283 -0.01379  -8.7992e+03 |284  0.02318  -8.7955e+03 |285 -0.00079  -8.8013e+03
286  0.01588  -8.7986e+03 |287  0.02185  -8.7961e+03 |288  0.00169  -8.8013e+03
289 -0.03162  -8.7905e+03 |290 -0.03175  -8.7904e+03 |291 -0.01534  -8.7987e+03
292 -0.01976  -8.7971e+03 |293 -0.01562  -8.7987e+03 |294 -0.03192  -8.7902e+03
295 -0.00910  -8.8004e+03 |296 -0.03083  -8.7910e+03 |297 -0.01769  -8.7979e+03
298 -0.00818  -8.8006e+03 |299 -0.01403  -8.7992e+03 |300  0.00229  -8.8012e+03
301  0.05523  -8.7682e+03 |302  0.08308  -8.7265e+03 |303  0.47454   1.3838e+02
304 -0.59330  -5.4583e+01 |305 -0.85500  -1.3721e+01 |306  0.25276  -1.3226e+01
307 -0.95746   6.1442e+02 |308 -0.26509  -5.7623e+01 |
36.1939 16.2075 108.486 60.7237 
33.9538 33.9538 57.2581 59.6458 
11.0477 7.25262 0 32.535 8 
0 2.7869 0 0 0.428003 19.1334 0 
35.8155 15.336 110.13 59.8304 
34.5864 34.5864 56.8273 58.6425 
11.2069 7.73374 0 30.6293 8.17889 
0 2.74531 0 0 0.428593 18.5477 0 
35.0991 13.2378 110.557 59.2045 
33.0313 33.0313 57.8836 59.4776 
11.4944 8.32724 0 27.9616 8.9444 
0 2.687 0 0 0.430549 19.1552 0 
34.269 14.0687 115.252 61.1016 
32.188 32.188 56.4723 58.4072 
11.976 8.47919 0 23.5434 9.02359 
0 2.61152 0 0 0.439168 19.8268 0 
35.2992 13.2183 118.582 62.1319 
30.1021 30.1021 56.5152 58.103 
12.5032 8.28999 0 21.0684 8.2874 
0 2.57269 0 0 0.451453 20.4215 0 
36.9314 12.0409 119.206 61.7883 
29.1116 29.1116 56.2025 58.1784 
13.0921 8.31023 0 19.3367 7.80939 
0 2.54467 0 0 0.467014 21.2264 0 
37.2208 11.6896 118.97 61.1887 
29.514 29.514 54.5377 58.4662 
13.7839 8.76564 0 17.2875 7.72321 
0 2.50445 0 0 0.487827 21.6702 0 
36.4176 11.9668 121.26 62.8748 
23.7571 23.7571 53.8088 59.2951 
14.6755 11.2293 0 15.4729 7.97328 
0 2.46982 0 0 0.514467 21.2803 0 
36.2351 11.9638 126.581 63.7945 
23.2405 23.2405 55.0528 58.5312 
15.625 10.8299 0 13.3422 7.70672 
0 2.46784 0 0 0.541453 21.8516 0 
36.4192 11.7244 128.273 63.8952 
23.1275 23.1275 54.9455 58.2955 
16.1687 11.1722 0 12.2514 7.44468 
0 2.48325 0 0 0.556308 22.2741 0 
308 variables; iteration 30; function evaluation 36; phase 1
Function value   1.2014167e+03; maximum gradient component mag  -8.5385e+03
Var   Value    Gradient   |Var   Value    Gradient   |Var   Value    Gradient
  1 -0.12190  -5.7454e-01 |  2  0.21513   7.6411e+01 |  3  0.16495  -2.8652e+01
  4  0.20972  -4.3428e+01 |  5  0.19995  -4.8807e+01 |  6  0.19816  -3.4221e+01
  7  0.19431   8.8596e+00 |  8  0.15634  -6.3530e+01 |  9  0.16994  -5.6246e+01
 10  0.14693  -4.6619e+01 | 11  0.14123  -1.7686e+00 | 12  0.14642  -3.2634e+01
 13  0.00547  -2.4974e+01 | 14  0.11815   4.0638e+01 | 15 -0.11945  -4.2258e+00
 16  0.09136   1.0608e+02 | 17 -0.12740   2.7050e-01 | 18 -0.22383  -3.5469e-02
 19 -0.32178  -1.7033e-02 | 20 -0.29847  -1.4033e-02 | 21 -0.46683   4.4450e-04
 22  0.01892  -2.5024e+00 | 23 -0.19513   1.1086e-02 | 24 -0.02290  -2.5194e-01
 25  0.01886  -7.1932e+00 | 26  0.14631   2.7989e+01 | 27  0.15022  -1.5912e+00
 28  0.15057   7.7296e-01 | 29  0.13839  -6.5526e+00 | 30  0.10594  -4.0733e+01
 31  0.15223   3.3316e+01 | 32  0.12504  -6.7038e+00 | 33  0.10810  -5.2298e-01
 34  0.11006   1.7715e+01 | 35 -0.07621  -2.7962e+01 | 36  0.09390  -5.6532e+01
 37 -0.11892  -1.0979e+01 | 38  0.04557  -7.0154e+00 | 39 -0.00719  -1.3722e+01
 40 -0.04719  -6.3546e-01 | 41 -0.11878  -1.3635e+00 | 42 -0.12894   1.0051e+00
 43  0.12844   5.4106e+01 | 44  0.04231   4.4893e+01 | 45 -0.00687   4.0920e+01
 46 -0.05868   4.4297e+01 | 47 -0.08541   4.2005e+01 | 48 -0.09914   3.2649e+01
 49 -0.01109   3.7966e+01 | 50 -0.01035   3.1536e+01 | 51  0.03840   3.0746e+01
 52 -0.01599   2.2375e+01 | 53 -0.28951   1.0506e+01 | 54 -0.29875   1.0232e+01
 55 -0.33628   8.4834e+00 | 56 -0.22743   1.1335e+01 | 57 -0.11416   1.3465e+01
 58 -0.30710   8.9116e+00 | 59  0.01106   2.1040e+01 | 60  0.03221   3.3894e+01
 61  0.05475   3.3474e+01 | 62  0.04793   2.8937e+01 | 63 -0.01729   3.1860e+01
 64 -0.00218   3.9910e+01 | 65 -0.06194   3.7541e+01 | 66 -0.05572   4.0431e+01
 67 -0.08605   3.6817e+01 | 68 -0.01804   4.3845e+01 | 69 -0.00527   4.3204e+01
 70  0.00955   4.3778e+01 | 71  0.02707   3.7690e+01 | 72  0.09319   4.3250e+01
 73  0.09050   4.2612e+01 | 74  0.09026   4.1543e+01 | 75  0.09327   2.5323e+01
 76 -0.10997   1.7173e+01 | 77 -0.00064   3.1906e+01 | 78  0.11242   6.1597e+01
 79  0.26620   9.5230e+01 | 80  0.38779   9.7900e+01 | 81  0.31832   2.1492e+01
 82  0.06684   4.6084e+01 | 83  0.13569   4.2062e+01 | 84  0.25494   3.1536e+01
 85 -0.02403  -2.0654e+01 | 86  0.12974  -7.2497e+00 | 87  0.24152   1.2254e+01
 88 -0.06002  -2.0775e+01 | 89 -0.19907  -2.3465e+01 | 90 -0.16403  -2.2052e+01
 91 -0.09067  -1.9348e+01 | 92 -0.06150  -1.9653e+01 | 93  0.00211  -2.0384e+01
 94  0.13302  -1.6553e+01 | 95 -0.02906  -2.5905e+01 | 96 -0.11659  -2.6476e+01
 97 -0.13211  -2.7397e+01 | 98 -0.03635  -2.8298e+01 | 99  0.09974  -2.2351e+01
100  0.18352  -8.7586e+00 |101  0.20773  -1.5681e+01 |102 -0.11310  -3.0267e+01
103 -0.13277  -2.6986e+01 |104  0.05821  -2.3804e+01 |105  0.02129  -2.5875e+01
106 -0.05891  -2.4958e+01 |107 -0.05337  -2.2243e+01 |108  0.04033  -1.7794e+01
109  0.10544  -9.5816e+00 |110  0.08849  -1.3509e+00 |111 -0.00812  -6.0955e+00
112 -0.13643  -1.6870e+01 |113 -0.14213  -1.7558e+01 |114 -0.03218  -1.4349e+01
115  0.11922  -9.2552e+00 |116  0.01887  -1.9118e+01 |117  0.09415  -1.7964e+01
118  0.08458  -2.3740e+01 |119  0.01320  -2.6881e+01 |120 -0.01330  -2.6631e+01
121  0.15772  -1.7778e+01 |122  0.24416   5.5328e+00 |123 -0.15422  -1.9565e+01
124 -0.07091  -3.5315e+01 |125 -0.04627  -2.8193e+01 |126 -0.20308  -2.7250e+01
127 -0.00681  -8.1330e+00 |128 -0.01367  -8.1316e+00 |129  0.03689  -8.1198e+00
130  0.01480  -8.1313e+00 |131 -0.01602  -8.1309e+00 |132 -0.01410  -8.1315e+00
133 -0.01562  -8.1310e+00 |134 -0.00283  -8.1334e+00 |135  0.01073  -8.1323e+00
136 -0.02105  -8.1290e+00 |137  0.01942  -8.1297e+00 |138  0.01360  -8.1316e+00
139 -0.05157  -8.1068e+00 |140  0.00622  -8.1331e+00 |141 -0.01654  -8.1307e+00
142 -0.04463  -8.1135e+00 |143  0.01520  -8.1312e+00 |144  0.02391  -8.1277e+00
145  0.02205  -8.1286e+00 |146  0.02963  -8.1247e+00 |147 -0.06753  -8.0878e+00
148 -0.03202  -8.1232e+00 |149 -0.03554  -8.1208e+00 |150 -0.02308  -8.1281e+00
151 -0.02048  -8.1293e+00 |152  0.05806  -8.0997e+00 |153  0.05414  -8.1041e+00
154 -0.01340  -8.1317e+00 |155 -0.00861  -8.1327e+00 |156 -0.00640  -8.1331e+00
157 -0.00695  -8.1330e+00 |158 -0.03370  -8.1221e+00 |159  0.02805  -8.1256e+00
160 -0.01673  -8.1307e+00 |161  0.02732  -8.1260e+00 |162  0.05310  -8.1052e+00
163 -0.03161  -8.1235e+00 |164 -0.00008  -8.1335e+00 |165  0.01058  -8.1324e+00
166  0.05481  -8.1034e+00 |167 -0.01001  -8.1325e+00 |168  0.01231  -8.1320e+00
169  0.00098  -1.6947e+03 |170  0.02501   1.2094e+02 |171  0.01424   4.4975e+01
172  0.01921   2.7091e+00 |173  0.05646  -6.5112e+01 |174  0.07810   1.2957e+02
175  0.01260   7.4176e+01 |176  0.01923   8.1808e+01 |177 -0.02136   4.3053e+01
178  0.04947   4.1593e+01 |179  0.07967   1.0279e+02 |180  0.06846   1.0277e+02
181  0.00892   3.5545e+01 |182 -0.07130   5.0755e+01 |183 -0.08331   6.4149e+01
184 -0.01741   7.7000e+01 |185 -0.06006   1.5986e+01 |186  0.02421   1.9991e+02
187 -0.06228   6.0945e+01 |188 -0.02018   8.2183e+01 |189  0.00281   1.0823e+01
190  0.03206   2.5776e+01 |191  0.04840  -3.3823e+01 |192 -0.05551  -6.7470e+00
193  0.02459   2.6811e+01 |194 -0.11612   7.3892e+01 |195 -0.01314   5.4501e+01
196  0.04535   1.5204e+01 |197  0.04630   5.4651e+01 |198 -0.00070   7.2830e+01
199  0.02785   1.0427e+02 |200  0.02569   9.0672e+01 |201 -0.00279   7.7207e+01
202  0.13161   2.5014e+02 |203  0.12931   3.1070e+01 |204  0.14318   4.2161e+01
205  0.04810   8.5340e+01 |206 -0.15280   8.7384e+01 |207 -0.05432   9.6124e+01
208 -0.34935   4.7641e+01 |209 -0.04405   6.3529e+01 |210  0.01376   5.8219e+01
211 -0.04313   8.4845e+01 |212 -0.11118   2.3951e+02 |213  0.02310   2.9857e+02
214 -0.03880  -2.3966e-08 |215 -0.40468   1.7073e+01 |216 -0.49145   4.5867e+01
217 -0.03917  -2.2017e+02 |218 -0.09453   2.7571e+01 |219 -0.22853   9.1898e-01
220 -0.01743   9.9981e+00 |221  0.05860   1.2199e+01 |222  0.03210   2.4060e+01
223  0.01326   1.5840e+01 |224 -0.01782   1.5943e+01 |225 -0.03221  -4.8354e-02
226  0.09993   1.7960e+00 |227  0.06663   5.3909e+00 |228  0.17838   7.9984e+00
229  0.09613   1.1400e+01 |230  0.04607   3.6190e+00 |231 -0.03007   7.0231e-01
232 -0.02086   3.8617e+00 |233  0.02508   6.0693e+00 |234  0.17990   1.7416e+01
235 -0.04854   3.3675e+01 |236 -0.09372   1.9809e+01 |237  0.00867   1.8494e+01
238  0.02088   1.6223e+01 |239 -0.12068   1.4815e+01 |240 -0.14127   1.9978e+01
241 -0.07723   8.9948e+00 |242 -0.01101   1.0845e+01 |243  0.01400   3.6767e+00
244 -0.07015  -3.6160e+00 |245 -0.13241   3.0930e-02 |246 -0.21785  -3.4086e+00
247 -0.10586  -1.1602e+01 |248 -0.00060   5.6887e+00 |249  0.04012   5.3620e+00
250  0.07969   9.5196e+00 |251  0.06986   1.4312e+01 |252 -0.01786   1.7071e+01
253 -0.04400   1.4755e+01 |254  0.06957   9.3773e+00 |255  0.21153   1.4839e+01
256  0.34120   2.4831e+01 |257 -0.10246   2.3343e+01 |258  0.10928   1.6863e+02
259  0.15021  -5.0195e+01 |260 -0.85440   4.8541e+02 |261 -0.83983   1.1695e+02
262 -0.48633  -6.5113e+00 |263 -0.05458  -8.5074e+03 |264  0.06596  -8.4930e+03
265 -0.06047  -8.5003e+03 |266  0.02291  -8.5333e+03 |267  0.07410  -8.4810e+03
268 -0.07087  -8.4860e+03 |269  0.05128  -8.5111e+03 |270 -0.07150  -8.4850e+03
271  0.09765  -8.4386e+03 |272  0.01491  -8.5365e+03 |273 -0.08392  -8.4647e+03
274 -0.00524  -8.5385e+03 |275  0.01411  -8.5367e+03 |276 -0.03717  -8.5243e+03
277  0.00950  -8.5379e+03 |278 -0.04521  -8.5173e+03 |279 -0.07649  -8.4772e+03
280 -0.04288  -8.5194e+03 |281  0.10391  -8.4253e+03 |282 -0.08104  -8.4697e+03
283 -0.07738  -8.4758e+03 |284  0.03763  -8.5239e+03 |285 -0.02325  -8.5331e+03
286  0.02493  -8.5323e+03 |287  0.03556  -8.5255e+03 |288 -0.01388  -8.5368e+03
289  0.10673  -8.4191e+03 |290  0.09667  -8.4406e+03 |291 -0.08151  -8.4689e+03
292 -0.08186  -8.4683e+03 |293 -0.08209  -8.4679e+03 |294  0.10529  -8.4223e+03
295 -0.05908  -8.5021e+03 |296  0.07318  -8.4825e+03 |297 -0.08435  -8.4640e+03
298 -0.05502  -8.5069e+03 |299 -0.07811  -8.4746e+03 |300 -0.01173  -8.5374e+03
301  0.07285  -8.4830e+03 |302  0.09805  -8.4377e+03 |303  0.46839  -2.3696e+02
304 -0.66491  -1.7826e+01 |305 -0.88899  -3.0721e+01 |306  0.32617   2.1262e+00
307 -0.95303   7.0364e+02 |308 -0.17028   6.7835e+00 |
37.4152 11.2786 129.602 64.6197 
21.6815 21.6815 54.3326 58.5915 
17.097 12.7831 0 10.7331 7.11161 
0 2.53476 0 0 0.580458 22.9834 0 
40.0867 11.2201 134.475 67.0409 
20.6057 20.6057 54.1502 59.5575 
19.1628 16.764 0 8.09009 6.45761 
0 2.701 0 0 0.630604 24.2812 0 
243.033 153.755 433.173 233.592 
616.909 616.909 191.389 117.371 
58.131 258.094 0 2.28873 1.65098 
0 8.66851 0 0 1.39918 44.6096 0 
74.4824 30.3221 190.838 96.1411 
72.5951 72.5951 70.0505 71.5484 
33.1989 64.428 0 0.796343 3.90704 
0 4.50788 0 0 0.924985 31.8325 0 
522.388 213.682 1064.85 474.476 
1134.06 1134.06 462.992 211.74 
84.2051 391.584 0 8.90709 0.942035 
0 14.0548 0 0 2.05598 55.4146 0 
103.801 54.9693 296.186 145.106 
187.283 187.283 100.601 90.8487 
45.5114 119.61 0 0.0214082 2.91303 
0 6.49827 0 0 1.20081 36.9784 0 
80.0239 35.4652 211.871 105.741 
92.4534 92.4534 76.0194 75.5276 
36.1533 75.9365 0 0.393184 3.63903 
0 4.96342 0 0 0.991771 33.0605 0 
80.1425 32.9749 225.024 111.471 
90.446 90.446 82.4572 76.2415 
38.3894 77.0825 0 0.123246 2.15588 
0 5.36734 0 0 1.06439 34.52 0 
79.9451 34.1391 216.463 107.867 
91.285 91.285 78.5315 75.6704 
37.1508 76.0506 0 0.252877 2.92381 
0 5.14128 0 0 1.02406 33.7094 0 
78.3919 33.7025 221.444 108.018 
86.8701 86.8701 79.338 75.9447 
38.0007 74.6407 0 0.204266 2.68001 
0 5.33785 0 0 1.05882 34.0642 0 
76.4602 32.6999 226.193 107.689 
84.2194 84.2194 81.3371 74.7712 
38.972 75.3647 0 0.140829 2.16654 
0 5.57113 0 0 1.10518 34.574 0 
72.0001 53.735 305.518 125.612 
58.9466 58.9466 107.879 72.3022 
49.1289 91.4393 0 0.153837 0.0319587 
0 8.4369 0 0 1.62152 40.1518 0 
69.741 30.6571 247.092 109.951 
73.3771 73.3771 89.1093 72.0946 
42.5744 77.9983 0 0.00960374 0.765687 
0 6.49994 0 0 1.28183 36.49 0 
65.6775 37.9659 276.489 116.028 
57.5727 57.5727 94.3056 70.4844 
48.6688 75.6622 0 0.0804312 0.00153768 
0 8.36158 0 0 1.58672 45.0186 0 
61.4148 43.6377 289.133 117.267 
54.1086 54.1086 98.2357 69.7937 
52.7483 83.1521 0 0.197 0.256928 
0 9.85841 0 0 1.81223 52.7057 0 
63.1128 39.8421 280.356 115.318 
55.0995 55.0995 95.3783 69.9336 
50.4264 77.7873 0 0.124334 0.0384288 
0 8.98853 0 0 1.68315 48.2225 0 
59.0017 45.6321 275.522 115.888 
52.797 52.797 97.7316 72.7693 
52.0632 81.7286 0 0.0529686 0.000166913 
0 9.635 0 0 1.77904 50.2988 0 
55.2235 45.4975 276.026 116.451 
52.0974 52.0974 96.0692 73.7082 
53.0767 78.2871 0 0.0489259 0.00364678 
0 10.0235 0 0 1.83758 51.7247 0 
308 variables; iteration 40; function evaluation 54; phase 1
Function value   9.7423305e+02; maximum gradient component mag   2.0580e+03
Var   Value    Gradient   |Var   Value    Gradient   |Var   Value    Gradient
  1 -1.33536   3.2827e-01 |  2  0.20585  -4.3993e+01 |  3  0.11926  -2.1789e+01
  4  0.28912   3.5170e+02 |  5  0.23784   4.0536e+01 |  6  0.20708  -2.6740e+01
  7  0.25478   4.1518e+02 |  8  0.01911  -6.9072e+01 |  9  0.19074  -6.7926e+01
 10  0.09882  -6.4679e+01 | 11  0.14052   1.3755e+01 | 12  0.12790  -5.6348e+01
 13 -0.32656  -1.5936e+01 | 14  0.12990   2.5004e+02 | 15 -0.77989  -1.4541e+00
 16 -0.04929  -1.2311e+02 | 17 -0.15202  -2.2617e-02 | 18 -0.22443  -7.5485e-02
 19 -0.32032  -3.6768e-01 | 20 -0.29705  -2.5606e+00 | 21 -0.46684  -8.0771e-02
 22 -0.11927  -6.1163e+00 | 23 -0.19594  -2.0586e-03 | 24 -0.33185  -1.3240e+00
 25 -0.12517  -8.7348e+00 | 26  0.12557  -1.5031e+01 | 27  0.12581  -2.5487e+01
 28  0.14194  -7.3767e+00 | 29  0.16764   4.4134e+01 | 30  0.00895  -6.5204e+01
 31 -0.03729  -7.1824e+01 | 32  0.14498   4.2693e+01 | 33  0.09907  -9.3546e+00
 34  0.11515   4.3743e+01 | 35  0.09789   6.9211e+01 | 36  0.08127  -7.2320e+01
 37 -0.97126  -5.2026e-01 | 38  0.05429   4.2403e+00 | 39  0.00034  -8.7105e+00
 40 -0.15119  -1.0910e+01 | 41 -0.43508  -7.1379e-01 | 42 -0.33520  -8.6473e-01
 43 -0.04183  -1.8856e+02 | 44  0.11296  -1.9678e+02 | 45  0.07515  -1.4080e+02
 46  0.06808  -5.4321e+01 | 47  0.02284  -3.1211e+01 | 48 -0.01399  -4.0539e+01
 49  0.13949   1.4004e+02 | 50  0.10994   9.7854e+01 | 51  0.19647   2.1922e+02
 52  0.09528   1.2973e+01 | 53 -0.69751  -7.9390e+01 | 54 -0.48246  -1.1886e+02
 55 -0.77288  -6.0978e+01 | 56 -0.34075  -1.3862e+02 | 57  0.05480  -1.1308e+02
 58 -0.75869  -6.5747e+01 | 59  0.17778  -3.3057e+01 | 60  0.09529  -3.6531e+01
 61  0.14784  -8.7173e+00 | 62  0.11968  -7.7750e+01 | 63 -0.13966  -1.5742e+02
 64  0.05082  -2.1995e+02 | 65 -0.27571  -1.5943e+02 | 66 -0.14867  -1.7806e+02
 67 -0.42834  -1.3517e+02 | 68 -0.01954  -1.7998e+02 | 69  0.09070  -1.9303e+02
 70 -0.04098  -1.7191e+02 | 71 -0.32682  -1.4599e+02 | 72  0.01268  -1.5812e+02
 73  0.12685  -1.0492e+02 | 74  0.03014  -1.0912e+02 | 75  0.09453  -4.0683e+01
 76 -0.42874  -1.2900e+02 | 77 -0.03197  -1.3531e+02 | 78  0.12403  -9.6233e+01
 79  0.22496  -1.5215e+02 | 80  0.10578  -1.8848e+02 | 81  1.17655   4.1474e+01
 82  0.30415   2.3847e+01 | 83  0.34922  -9.0148e+00 | 84  0.77621  -4.3901e+01
 85  0.17968  -4.5868e-01 | 86  0.26063  -1.5835e+01 | 87  0.25418  -2.9085e+01
 88 -0.04922  -2.5157e+00 | 89 -0.05747   1.0710e+01 | 90 -0.20235  -6.6843e+00
 91 -0.06794   5.1902e+00 | 92 -0.06630   7.3070e+00 | 93  0.04389   2.7785e+01
 94  0.23348   1.2988e+02 | 95 -0.06355   1.9043e+01 | 96 -0.40007  -6.2685e+00
 97 -0.56889  -1.0997e+01 | 98 -0.11908   4.8768e+00 | 99  0.27183   6.0108e+01
100  0.33754   8.6155e+01 |101  0.17462   4.2574e+01 |102 -0.17547   1.4643e+00
103 -0.23726  -2.2880e+00 |104  0.01193   1.7579e+01 |105  0.18372   3.6013e+01
106  0.02749   9.7921e+00 |107 -0.09410  -2.6299e-01 |108  0.05558  -2.6306e+00
109  0.18169  -4.5871e+01 |110  0.10715  -5.7315e+01 |111 -0.08102  -2.0812e+01
112 -0.11402  -1.4875e+01 |113  0.06998  -1.6327e+01 |114 -0.01526  -1.1726e+01
115  0.22376  -2.2792e+01 |116  0.11036  -7.1506e+00 |117 -0.10049  -8.7536e+00
118  0.13149   8.2856e+00 |119  0.13143   2.7792e+01 |120 -0.01381   1.2141e+01
121  0.39017   2.5628e+02 |122  0.14595   9.1657e+00 |123 -0.82884   1.1371e+00
124 -0.41061  -1.5618e+01 |125 -0.04566  -4.2697e+00 |126 -0.05625   6.6042e-01
127 -0.00411   4.2540e+01 |128 -0.01096   4.2535e+01 |129  0.03957   4.2459e+01
130  0.01749   4.2525e+01 |131 -0.01331   4.2532e+01 |132 -0.01139   4.2534e+01
133 -0.01291   4.2532e+01 |134 -0.00012   4.2541e+01 |135  0.01343   4.2532e+01
136 -0.01834   4.2523e+01 |137  0.02211   4.2515e+01 |138  0.01629   4.2527e+01
139 -0.04885   4.2416e+01 |140  0.00892   4.2537e+01 |141 -0.01383   4.2531e+01
142 -0.04191   4.2449e+01 |143  0.01789   4.2524e+01 |144  0.02660   4.2504e+01
145  0.02473   4.2509e+01 |146  0.03231   4.2486e+01 |147 -0.06480   4.2321e+01
148 -0.02930   4.2496e+01 |149 -0.03282   4.2484e+01 |150 -0.02037   4.2519e+01
151 -0.01776   4.2524e+01 |152  0.06072   4.2348e+01 |153  0.05680   4.2372e+01
154 -0.01069   4.2535e+01 |155 -0.00591   4.2539e+01 |156 -0.00369   4.2540e+01
157 -0.00425   4.2540e+01 |158 -0.03098   4.2491e+01 |159  0.03073   4.2491e+01
160 -0.01402   4.2531e+01 |161  0.03000   4.2494e+01 |162  0.05576   4.2378e+01
163 -0.02890   4.2497e+01 |164  0.00262   4.2541e+01 |165  0.01327   4.2532e+01
166  0.05747   4.2368e+01 |167 -0.00730   4.2538e+01 |168  0.01500   4.2529e+01
169 -0.00413  -1.2143e+03 |170  0.13297   4.8334e+02 |171  0.11592   3.5943e+02
172  0.10077   2.0789e+02 |173  0.10052   5.1096e+01 |174  0.19276   3.2066e+01
175 -0.46832   2.2925e+02 |176  0.18223   1.9428e+02 |177 -0.20503   2.8578e+02
178  0.13041   1.7984e+02 |179  0.12530   1.4591e+02 |180  0.01211   1.5777e+02
181  0.09000   1.5426e+02 |182 -0.21679   2.8406e+02 |183  0.04148   3.1335e+02
184  0.07511   2.2848e+02 |185 -0.42023   2.4357e+02 |186  0.10889   2.7066e+02
187  0.05613   3.1026e+02 |188 -0.03624   2.6534e+02 |189  0.07124   4.5849e+02
190  0.10180   7.7246e+02 |191  0.06221   4.0001e+02 |192  0.02340   3.1930e+02
193  0.06165   3.6113e+02 |194 -0.21533   2.8823e+02 |195  0.06697   4.0767e+02
196  0.11785   4.9199e+02 |197 -0.01279   2.2770e+02 |198  0.04076   2.4570e+02
199  0.09238   2.6327e+02 |200 -0.03604   2.0962e+02 |201  0.08775   1.3697e+02
202  0.05032  -1.0678e+01 |203  0.22708   7.3402e+02 |204 -0.05967   2.7258e+02
205  0.09531   2.6587e+02 |206 -0.34714   2.6511e+02 |207 -0.03051   2.4572e+02
208 -0.64363   1.6336e+02 |209  0.09600   3.2774e+02 |210  0.11921   3.0917e+02
211 -0.16824   2.9901e+02 |212 -0.02686   2.0580e+03 |213 -0.03063   3.2364e+02
214 -0.03880  -2.3966e-08 |215 -0.55591   1.1538e+02 |216 -0.63055   2.6948e+01
217 -0.05104   7.9524e+01 |218 -0.05613   3.0143e+01 |219 -0.11493   3.1585e+01
220 -0.00339   2.9457e+01 |221 -0.00579   2.4998e+01 |222 -0.08362  -4.6785e+01
223 -0.03908  -6.0181e+00 |224 -0.04562   2.2408e+01 |225 -0.05561  -6.9114e+00
226  0.08831  -9.8653e+00 |227  0.08696  -2.7302e+01 |228  0.19808  -1.3800e+01
229  0.04478  -3.3821e+01 |230 -0.10946  -1.2411e+02 |231 -0.21776  -1.2751e+02
232 -0.11158  -8.1903e+01 |233  0.15621   2.6753e+01 |234  0.54448   2.0758e+01
235 -0.12335  -4.0299e+01 |236 -0.14951  -2.8283e+01 |237 -0.08253  -4.0932e+01
238  0.00612  -2.5960e+01 |239 -0.05539  -2.0292e+01 |240 -0.12299  -3.1340e+01
241 -0.05905  -2.8843e+01 |242 -0.01312  -1.1180e+01 |243 -0.00918   8.0965e+00
244 -0.11316  -2.9003e+00 |245 -0.15744   1.3832e+01 |246 -0.18237   2.8542e+01
247 -0.06281   1.5321e+01 |248  0.02051  -1.2860e+00 |249  0.06231   5.8299e+00
250  0.04474  -9.6181e+00 |251  0.05503   5.6407e-01 |252 -0.01207  -1.3429e+00
253 -0.04481  -2.7506e+01 |254  0.27703  -1.2237e+01 |255  0.36090   1.5122e+01
256  0.63085   6.6986e+00 |257 -0.41350  -1.2613e+02 |258  0.09859  -1.0324e+03
259  0.15890   2.1861e+02 |260 -0.88143  -3.6363e+02 |261 -0.82685   3.3880e+02
262 -0.32753   1.7925e+02 |263 -0.27628  -6.3897e+02 |264  0.29117  -6.3187e+02
265 -0.45799  -5.2974e+02 |266  0.36147  -5.9375e+02 |267  0.58887  -4.2385e+02
268 -0.46192  -5.2686e+02 |269  0.33353  -6.0980e+02 |270 -0.46390  -5.2541e+02
271  0.35878  -5.9535e+02 |272  0.34158  -6.0530e+02 |273 -0.41425  -5.6035e+02
274  0.22217  -6.6180e+02 |275  0.33874  -6.0689e+02 |276  0.05359  -7.0176e+02
277  0.31953  -6.1740e+02 |278 -0.28242  -6.3609e+02 |279 -0.47783  -5.1502e+02
280 -0.05587  -7.0155e+02 |281  0.23281  -6.5769e+02 |282 -0.43963  -5.4290e+02
283 -0.47267  -5.1890e+02 |284  0.36272  -5.9301e+02 |285  0.02896  -7.0353e+02
286  0.36423  -5.9210e+02 |287  0.36499  -5.9165e+02 |288  0.13931  -6.8746e+02
289  0.14943  -6.8495e+02 |290  0.37287  -5.8687e+02 |291 -0.44046  -5.4232e+02
292 -0.43306  -5.4750e+02 |293 -0.43495  -5.4618e+02 |294  0.21279  -6.6528e+02
295 -0.44687  -5.3776e+02 |296  0.59471  -4.1867e+02 |297 -0.41037  -5.6294e+02
298 -0.40757  -5.6479e+02 |299 -0.46797  -5.2240e+02 |300  0.16172  -6.8166e+02
301  0.27324  -6.4038e+02 |302  0.22802  -6.5957e+02 |303  0.49896  -3.1196e+02
304 -0.71772  -6.9282e+01 |305 -0.88344  -1.3579e+01 |306  0.44583  -1.4293e-01
307 -0.94001   9.1885e+02 |308 -0.13490  -2.3649e+02 |
56.2737 43.4518 274.077 117.319 
43.9831 43.9831 94.5677 75.5994 
54.1421 75.3916 0 0.0482035 0.0278891 
0 10.4403 0 0 1.9064 54.0113 0 
55.224 41.7604 269.764 116.392 
46.9188 46.9188 90.6227 74.1638 
55.0087 73.0488 0 0.067799 0.000968956 
0 10.7446 0 0 1.96338 55.5156 0 
54.0292 41.0979 266.621 116.35 
44.2593 44.2593 91.49 74.7569 
55.9087 70.7157 0 0.0286716 0.00523545 
0 11.1568 0 0 2.02374 56.0397 0 
53.7579 42.0524 264.389 116.544 
41.4211 41.4211 90.9005 73.7033 
56.8531 68.6664 0 0.0159954 0.000231026 
0 11.6166 0 0 2.07844 57.9583 0 
51.9851 41.0572 264.497 113.239 
38.5851 38.5851 88.6307 72.768 
57.6248 66.972 0 0.00384913 0.000359723 
0 12.0366 0 0 2.12045 58.2143 0 
51.1239 40.1828 261.772 113.372 
35.4871 35.4871 88.5785 73.2703 
58.3918 58.4942 0 0.000370271 0.00950355 
0 12.6044 0 0 2.15024 61.0063 0 
47.9146 41.2989 256.977 110.848 
34.7449 34.7449 84.7055 72.8949 
58.7702 54.7993 0 0.0374299 0.0229518 
0 13.1478 0 0 2.15205 65.0807 0 
44.4356 48.8258 255.731 106.677 
28.8039 28.8039 80.9784 72.2195 
58.6776 52.9655 0 0.156286 0.0265665 
0 13.6481 0 0 2.13469 66.6713 0 
45.4469 45.4079 255.331 108.05 
30.9149 30.9149 82.3194 72.4383 
58.7362 53.2976 0 0.0991843 0.025095 
0 13.4479 0 0 2.14113 65.9845 0 
46.6234 47.5439 253.472 106.383 
26.5985 26.5985 81.0835 71.8564 
58.5032 52.699 0 0.188688 0.0366521 
0 13.7822 0 0 2.12382 68.1532 0 
50.5362 42.4977 252.487 105.925 
26.1734 26.1734 80.086 71.5842 
57.9409 50.9497 0 0.172345 0.0152178 
0 14.0506 0 0 2.09834 70.341 0 
308 variables; iteration 50; function evaluation 65; phase 1
Function value   8.8208635e+02; maximum gradient component mag   2.0668e+03
Var   Value    Gradient   |Var   Value    Gradient   |Var   Value    Gradient
  1 -2.22642  -1.0519e+02 |  2  0.21011  -3.3770e+00 |  3  0.16194  -4.1446e+01
  4  0.24144  -1.3828e+01 |  5  0.21342  -9.4130e+01 |  6  0.12917  -1.1300e+02
  7  0.23198   2.5598e+02 |  8  0.16979  -1.3042e+01 |  9  0.16904  -5.1188e+01
 10  0.10132  -5.3217e+01 | 11  0.13514   5.2816e+01 | 12  0.08478  -8.3961e+01
 13 -0.44540  -1.3991e+01 | 14  0.10713   1.6279e+02 | 15 -1.26461   1.7325e+00
 16  0.05852   5.7037e+01 | 17 -0.17223   2.5090e-01 | 18 -0.22505  -5.7213e-02
 19 -0.31496  -1.4487e+00 | 20 -0.28620  -2.6678e+00 | 21 -0.46537  -5.3011e-01
 22 -0.21518  -5.9335e+00 | 23 -0.19655  -7.5196e-03 | 24 -0.57157  -9.5229e-01
 25 -0.22264  -8.3980e+00 | 26  0.16913   1.3074e+01 | 27  0.16789  -6.9520e+00
 28  0.16054  -7.3979e+00 | 29  0.15764   1.0602e+00 | 30  0.12265  -4.4054e+01
 31 -0.03008  -7.1861e+01 | 32  0.13252   9.9578e+00 | 33  0.10958  -2.6113e+00
 34  0.12205   3.9797e+01 | 35  0.10438   6.5308e+01 | 36  0.10023  -8.0081e+00
 37 -1.22134   3.9281e+00 | 38  0.06991   2.4568e+01 | 39  0.00041  -9.4013e+00
 40 -0.20194  -1.0131e+01 | 41 -0.68294  -3.7502e-01 | 42 -0.49388  -2.9656e-01
 43 -0.21646  -3.3874e+01 | 44  0.16164  -4.5495e+01 | 45  0.03777  -2.7977e+01
 46 -0.01416  -4.9649e+00 | 47 -0.00522   7.4062e+00 | 48  0.00927   1.1018e+01
 49  0.13519   6.6816e+01 | 50  0.10059   5.6146e+01 | 51  0.19213   1.0673e+02
 52  0.15212   5.9173e+01 | 53 -0.88155  -9.3107e+00 | 54 -0.32937  -2.5923e+01
 55 -1.11220   8.6578e+00 | 56 -0.15490  -1.9712e+01 | 57  0.20231   6.2200e+01
 58 -1.15763   1.2665e+01 | 59  0.16176  -4.3176e+00 | 60  0.03220  -8.5196e-01
 61  0.06524   6.0537e-01 | 62  0.07406  -6.4347e+00 | 63 -0.07012  -2.3826e+01
 64  0.27003   4.1836e+00 | 65 -0.26539  -3.4030e+01 | 66 -0.04005  -3.2735e+01
 67 -0.55926  -2.9024e+01 | 68  0.05769  -2.3169e+01 | 69  0.14932  -8.0742e-01
 70  0.02120  -7.8277e+00 | 71 -0.44504  -3.1799e+01 | 72  0.09697  -1.5171e+01
 73  0.16172   1.4488e+01 | 74  0.06236  -6.0552e+00 | 75  0.11126   7.6802e+00
 76 -0.41048  -3.1310e+01 | 77  0.03275   1.0756e+01 | 78  0.14798   6.4019e+01
 79  0.33929   1.0101e+02 | 80 -0.04635  -3.2586e+01 | 81  1.50672   1.6695e+01
 82  0.19974   5.7462e+01 | 83  0.26587   4.8167e+01 | 84  0.99425   1.8243e-02
 85  0.22622   5.9086e+01 | 86  0.23218   6.1347e+01 | 87  0.21442   6.3549e+01
 88 -0.05666   6.0253e+01 | 89 -0.02871   6.7999e+01 | 90 -0.19134   4.9555e+01
 91 -0.03565   5.5064e+01 | 92 -0.02298   5.4440e+01 | 93  0.11607   6.1389e+01
 94  0.23910   9.8822e+01 | 95 -0.05954   7.0164e+01 | 96 -0.45721   3.8811e+01
 97 -0.64773   2.2446e+01 | 98 -0.10720   6.2587e+01 | 99  0.30481   1.1949e+02
100  0.29419   1.1941e+02 |101  0.13148   8.1101e+01 |102 -0.17710   5.8736e+01
103 -0.25126   5.2211e+01 |104 -0.00401   6.3004e+01 |105  0.23629   5.5434e+01
106  0.05833   6.3009e+01 |107 -0.11466   5.9584e+01 |108  0.04225   6.6672e+01
109  0.23203   5.9957e+01 |110  0.13346   4.9592e+01 |111 -0.12761   5.2862e+01
112 -0.10845   5.5622e+01 |113  0.07851   6.4298e+01 |114 -0.03025   5.5684e+01
115  0.20741   4.9227e+01 |116  0.15570   7.0559e+01 |117 -0.21482   4.6144e+01
118  0.18146   5.9780e+01 |119  0.20134   6.2240e+01 |120  0.02892   6.3047e+01
121  0.35400   1.7575e+02 |122  0.09187   6.4714e+01 |123 -1.00725  -7.7038e-01
124 -0.45631   3.0963e+01 |125 -0.01932   5.8954e+01 |126  0.02374   6.7034e+01
127 -0.00413   4.2249e+01 |128 -0.01099   4.2244e+01 |129  0.03958   4.2169e+01
130  0.01749   4.2234e+01 |131 -0.01333   4.2241e+01 |132 -0.01142   4.2244e+01
133 -0.01294   4.2242e+01 |134 -0.00014   4.2250e+01 |135  0.01342   4.2241e+01
136 -0.01837   4.2233e+01 |137  0.02211   4.2225e+01 |138  0.01629   4.2236e+01
139 -0.04890   4.2126e+01 |140  0.00891   4.2246e+01 |141 -0.01386   4.2240e+01
142 -0.04195   4.2159e+01 |143  0.01789   4.2234e+01 |144  0.02660   4.2213e+01
145  0.02474   4.2218e+01 |146  0.03231   4.2196e+01 |147 -0.06487   4.2031e+01
148 -0.02934   4.2205e+01 |149 -0.03286   4.2194e+01 |150 -0.02040   4.2229e+01
151 -0.01779   4.2234e+01 |152  0.06075   4.2058e+01 |153  0.05683   4.2082e+01
154 -0.01072   4.2244e+01 |155 -0.00593   4.2248e+01 |156 -0.00371   4.2250e+01
157 -0.00427   4.2249e+01 |158 -0.03102   4.2200e+01 |159  0.03074   4.2201e+01
160 -0.01405   4.2240e+01 |161  0.03000   4.2203e+01 |162  0.05578   4.2088e+01
163 -0.02893   4.2207e+01 |164  0.00261   4.2250e+01 |165  0.01327   4.2241e+01
166  0.05749   4.2078e+01 |167 -0.00733   4.2248e+01 |168  0.01500   4.2239e+01
169 -0.00874  -2.3467e+02 |170  0.13369   5.3560e+02 |171  0.12128   3.5966e+02
172  0.08743   2.5382e+02 |173  0.17876   2.6615e+02 |174  0.21397   3.4834e+02
175 -0.56381   1.9227e+02 |176  0.19402   3.0737e+02 |177 -0.36838   2.5346e+02
178  0.16315   2.4506e+02 |179  0.15990   1.5119e+02 |180  0.00159   1.7635e+02
181  0.11644   1.1966e+02 |182 -0.37839   2.5060e+02 |183  0.07228   3.2354e+02
184  0.09393   2.6731e+02 |185 -0.57278   1.8887e+02 |186  0.12852   4.2197e+02
187  0.01927   3.0432e+02 |188  0.08077   2.9095e+02 |189  0.11581   3.1692e+02
190  0.18202   4.8741e+02 |191  0.07671   2.7599e+02 |192  0.09190   3.7352e+02
193  0.05781   2.6170e+02 |194 -0.26990   2.7377e+02 |195  0.09324   3.1987e+02
196  0.14615   2.5048e+02 |197 -0.13333   2.6732e+02 |198  0.10989   3.1570e+02
199  0.13754   3.4562e+02 |200 -0.13293   2.6154e+02 |201  0.16718   2.8974e+02
202 -0.00374   1.8353e+02 |203  0.25521   3.2842e+02 |204 -0.14172   2.8021e+02
205  0.13441   2.8876e+02 |206 -0.34479   2.6079e+02 |207 -0.03187   2.2932e+02
208 -0.45366   2.2460e+02 |209  0.07600   2.8611e+02 |210  0.11054   2.6958e+02
211 -0.24014   2.8261e+02 |212 -0.04120   1.0274e+03 |213 -0.02936   1.0455e+01
214 -0.03880  -2.3966e-08 |215 -0.68750   2.2502e+01 |216 -0.74024   2.1782e+00
217 -0.01057   9.4754e+01 |218 -0.03056   3.0028e+01 |219 -0.09517   1.2140e+01
220 -0.04776  -2.6823e+01 |221 -0.03692  -5.3674e+01 |222 -0.06660  -7.2018e+01
223 -0.04404  -3.5504e+01 |224 -0.07172  -1.7852e+01 |225 -0.07340  -3.2594e+01
226  0.08916  -2.4836e+01 |227  0.09443  -2.5835e+01 |228  0.25773  -2.1267e+01
229  0.06175  -4.5215e+01 |230 -0.07584  -9.7442e+01 |231 -0.17528  -9.7148e+01
232 -0.07605  -7.3164e+01 |233  0.11082  -2.8299e+01 |234  0.64660   5.6360e+00
235 -0.12927  -6.3246e+01 |236 -0.15991  -5.2871e+01 |237 -0.09707  -5.3476e+01
238 -0.01164  -4.3180e+01 |239 -0.08202  -2.3754e+01 |240 -0.13443  -3.0758e+01
241 -0.07356  -3.8851e+01 |242  0.01133  -3.8113e+01 |243 -0.00695  -4.2100e+01
244 -0.13382  -5.8099e+01 |245 -0.18690  -4.1219e+01 |246 -0.20067  -8.4689e+00
247 -0.07715  -2.0810e+01 |248  0.03388  -1.5960e+01 |249  0.07784  -2.3852e+01
250  0.03372  -4.7687e+01 |251  0.04742  -3.3751e+01 |252 -0.00472  -2.0825e+01
253 -0.02558  -2.7351e+01 |254  0.24094  -2.0430e+01 |255  0.30729  -2.7917e+01
256  0.60913  -2.1782e+00 |257 -0.36885  -1.2737e+02 |258  0.09203  -6.6139e+02
259  0.15599   3.8618e+01 |260 -0.88530  -6.1498e+02 |261 -0.82652   3.1007e+02
262 -0.49308   1.0093e+02 |263 -0.63345   3.9940e+01 |264  0.41247   5.8489e+01
265 -0.65680   3.7657e+01 |266  0.61938   4.1290e+01 |267  0.72770   3.0428e+01
268 -0.58748   4.4275e+01 |269  0.52254   5.0000e+01 |270 -0.57789   4.5151e+01
271  0.48700   5.2917e+01 |272  0.58983   4.4059e+01 |273 -0.60849   4.2321e+01
274  0.33184   6.3612e+01 |275  0.58493   4.4509e+01 |276 -0.05840   7.3046e+01
277  0.54923   4.7707e+01 |278 -0.66068   3.7273e+01 |279 -0.45783   5.5189e+01
280 -0.30200   6.5254e+01 |281  0.46719   5.4472e+01 |282 -0.53609   4.8847e+01
283 -0.46122   5.4930e+01 |284  0.60028   4.3090e+01 |285 -0.14576   7.1440e+01
286  0.62190   4.1050e+01 |287  0.60773   4.2393e+01 |288  0.12494   7.1946e+01
289  0.14986   7.1331e+01 |290  0.50958   5.1083e+01 |291 -0.52551   4.9749e+01
292 -0.55122   4.7533e+01 |293 -0.54149   4.8381e+01 |294  0.22463   6.8835e+01
295 -0.67260   3.6084e+01 |296  0.73088   3.0094e+01 |297 -0.62347   4.0900e+01
298 -0.70196   3.3101e+01 |299 -0.46653   5.4523e+01 |300  0.18151   7.0393e+01
301  0.36339   6.1724e+01 |302  0.22825   6.8689e+01 |303  0.49189  -3.2314e+02
304 -0.62935  -8.6001e+01 |305 -0.82853  -3.5798e+00 |306  0.28977  -3.2551e+01
307 -0.93353   2.0668e+03 |308 -0.13180  -1.5701e+02 |
47.7905 47.0618 261.383 104.989 
23.4387 23.4387 77.5891 70.6729 
57.1688 47.8326 0 0.202307 0.0250571 
0 14.2371 0 0 2.07179 70.4059 0 
48.5282 44.5779 256.423 105.127 
24.6134 24.6134 78.633 71.0118 
57.5047 48.8109 0 0.189107 0.0205195 
0 14.1555 0 0 2.08311 70.3594 0 
48.6792 43.6525 255.631 103.744 
22.5772 22.5772 78.0372 70.3822 
56.9696 47.5935 0 0.180132 0.0399475 
0 14.2376 0 0 2.06955 71.6093 0 
48.6218 41.6554 251.216 101.923 
24.879 24.879 77.0925 70.3365 
56.1473 45.0145 0 0.194825 0.086347 
0 14.4432 0 0 2.05092 71.7517 0 
43.9975 43.4958 252.27 102.481 
24.8551 24.8551 77.0479 70.0125 
54.5322 42.4771 0 0.221161 0.139225 
0 14.6294 0 0 2.03136 70.3479 0 
44.6254 41.5499 247.508 101.41 
23.9497 23.9497 78.7479 69.7539 
52.2333 40.3707 0 0.254325 0.414246 
0 14.7027 0 0 2.02911 71.0867 0 
43.973 38.1852 240.526 100.516 
25.3022 25.3022 82.2216 70.5798 
48.2738 39.1178 0 0.240867 0.74843 
0 14.4505 0 0 2.04393 70.6604 0 
45.0879 36.4062 236.2 99.6291 
28.1656 28.1656 84.3963 70.8469 
44.1874 37.9931 0 0.348088 1.41189 
0 14.0946 0 0 2.06046 63.4646 0 
43.8805 33.8059 230.002 100.174 
29.0441 29.0441 88.0137 71.8936 
41.6264 38.0063 0 0.344223 1.87975 
0 13.8303 0 0 2.06604 63.2787 0 
41.9698 33.148 219.589 102.837 
33.4925 33.4925 91.532 72.836 
37.7212 37.073 0 0.358917 2.44254 
0 13.2098 0 0 2.03601 60.3627 0 
40.0861 32.6298 218.656 105.955 
31.3296 31.3296 91.4914 73.4932 
34.6383 35.367 0 0.44142 3.04652 
0 12.5386 0 0 1.98975 56.9689 0 
308 variables; iteration 60; function evaluation 76; phase 1
Function value   7.7323763e+02; maximum gradient component mag  -1.1952e+03
Var   Value    Gradient   |Var   Value    Gradient   |Var   Value    Gradient
  1 -2.17014  -2.8169e+01 |  2  0.21369   5.2138e+01 |  3  0.17375  -4.7617e+01
  4  0.20217  -1.3726e+02 |  5  0.16230  -1.5633e+02 |  6  0.16420  -1.3800e+02
  7  0.19718   6.2333e+01 |  8  0.15221  -3.7593e+01 |  9  0.16909  -2.2878e+01
 10  0.08144  -5.5463e+01 | 11  0.14962   1.0051e+02 | 12 -0.00356  -5.0768e+01
 13 -0.22947  -1.7318e+01 | 14  0.07830   3.2436e+01 | 15 -1.93587   1.4486e+00
 16  0.04042  -1.2757e+01 | 17 -0.19540   8.0235e-02 | 18 -0.22672   7.1422e-02
 19 -0.28053  -3.0126e+00 | 20 -0.24652  -2.6284e+00 | 21 -0.45517  -7.0204e-01
 22 -0.30122  -5.6022e+00 | 23 -0.19730  -8.5575e-03 | 24 -0.89340  -2.5462e-01
 25 -0.44949  -6.8044e+00 | 26  0.16442   2.9302e+00 | 27  0.17960  -3.5155e+00
 28  0.17301  -8.7170e+00 | 29  0.17701   1.0948e+01 | 30  0.15167  -2.0443e+01
 31  0.00156  -7.1733e+01 | 32  0.15000   1.1843e+01 | 33  0.13213  -3.8900e+00
 34  0.13291   2.9702e+01 | 35  0.14006   1.0356e+02 | 36  0.13207   9.3009e+01
 37 -1.25737   4.5348e+00 | 38  0.09012  -1.4135e+01 | 39  0.03412  -3.7727e+00
 40 -0.20039  -8.5635e+00 | 41 -1.01691   2.0793e-02 | 42 -0.71386  -8.6177e-02
 43 -0.38011  -1.8505e+00 | 44 -0.01340   3.9579e+01 | 45  0.02168   4.6411e+01
 46  0.00271   4.6881e+01 | 47 -0.02839   2.9922e+01 | 48  0.00928   2.4098e+01
 49  0.06256   3.1137e+01 | 50  0.03676   2.6238e+01 | 51  0.14811   3.7963e+01
 52  0.17428   6.1332e+01 | 53 -0.89882  -3.0021e+00 | 54  0.05583   1.0462e+02
 55 -1.57522   1.6925e+00 | 56  0.04050   1.0643e+02 | 57  0.09100   1.0753e+02
 58 -1.80359  -8.9551e+00 | 59  0.19439   5.7481e+01 | 60 -0.05004   1.0760e+01
 61  0.01079   8.9148e+00 | 62  0.08582   1.3875e+01 | 63  0.05681   2.0686e+01
 64  0.16875   4.1137e+01 | 65 -0.06891   1.2604e+01 | 66  0.14518   4.5591e+01
 67 -0.51136  -7.6901e+00 | 68  0.04572   2.9127e+01 | 69  0.10238   6.1940e+01
 70  0.03065   6.0466e+01 | 71 -0.50564  -7.1776e+00 | 72  0.18691   7.3333e+01
 73  0.08381   3.1727e+01 | 74  0.03534   1.8091e+01 | 75  0.04596   2.2345e+01
 76 -0.08919   1.4251e+01 | 77  0.05543   5.0446e+01 | 78  0.04605   3.7405e+01
 79  0.33885  -7.9790e+00 | 80 -0.09402  -9.4797e+00 | 81  2.06827  -8.9718e+00
 82  0.08516   4.1182e+01 | 83  0.15609   3.4454e+01 | 84  1.45019  -1.8365e+01
 85  0.23553   1.3932e+01 | 86  0.13757   2.5548e+01 | 87  0.27847   8.5566e+01
 88 -0.00977   1.0430e+01 | 89 -0.05922   5.6943e+00 | 90 -0.12677  -9.2762e+00
 91  0.00069  -7.3968e+00 | 92  0.03527  -6.9212e+00 | 93  0.15969  -2.3760e+00
 94  0.18661  -6.7745e-01 | 95 -0.06227  -4.3339e+00 | 96 -0.38308  -1.0838e+01
 97 -0.54261  -1.3877e+01 | 98 -0.09657  -2.3580e+00 | 99  0.24039   7.8587e+01
100  0.24275   8.2271e+01 |101  0.15864   6.1151e+01 |102 -0.10561   7.3545e+00
103 -0.17653  -3.7912e+00 |104  0.00209  -6.1183e+00 |105  0.18402  -2.1667e+01
106  0.07665  -7.4519e+00 |107 -0.10126  -6.6361e+00 |108  0.01492  -1.0448e-01
109  0.19831   1.3668e+01 |110  0.12940  -1.0898e+00 |111 -0.16808  -1.1266e+01
112 -0.11611  -4.4240e+00 |113 -0.04386   4.1171e-01 |114 -0.05829  -5.2352e+00
115  0.15142   2.6806e+00 |116  0.08179   8.7795e+00 |117 -0.37083  -1.9141e+01
118  0.09607  -9.2671e+00 |119  0.21969   7.6147e+00 |120  0.06483   5.3525e+00
121  0.30630   1.1557e+02 |122 -0.06090  -1.3722e+01 |123 -0.91097   2.3551e-01
124 -0.30967  -1.9217e+01 |125  0.09464  -1.4168e+01 |126  0.07684   3.0592e+00
127 -0.00440   3.7772e+01 |128 -0.01130   3.7767e+01 |129  0.03954   3.7700e+01
130  0.01733   3.7759e+01 |131 -0.01366   3.7764e+01 |132 -0.01173   3.7766e+01
133 -0.01326   3.7765e+01 |134 -0.00039   3.7773e+01 |135  0.01324   3.7765e+01
136 -0.01872   3.7756e+01 |137  0.02197   3.7750e+01 |138  0.01612   3.7761e+01
139 -0.04940   3.7659e+01 |140  0.00871   3.7769e+01 |141 -0.01419   3.7763e+01
142 -0.04242   3.7689e+01 |143  0.01773   3.7758e+01 |144  0.02649   3.7740e+01
145  0.02461   3.7745e+01 |146  0.03223   3.7724e+01 |147 -0.06545   3.7573e+01
148 -0.02975   3.7732e+01 |149 -0.03329   3.7721e+01 |150 -0.02076   3.7753e+01
151 -0.01814   3.7757e+01 |152  0.06082   3.7601e+01 |153  0.05688   3.7622e+01
154 -0.01103   3.7767e+01 |155 -0.00621   3.7771e+01 |156 -0.00399   3.7772e+01
157 -0.00454   3.7772e+01 |158 -0.03143   3.7727e+01 |159  0.03065   3.7729e+01
160 -0.01437   3.7763e+01 |161  0.02991   3.7731e+01 |162  0.05583   3.7628e+01
163 -0.02934   3.7733e+01 |164  0.00237   3.7773e+01 |165  0.01308   3.7765e+01
166  0.05755   3.7619e+01 |167 -0.00762   3.7770e+01 |168  0.01482   3.7763e+01
169 -0.01045  -9.7622e+02 |170  0.05711   1.4998e+02 |171  0.08808   1.5008e+02
172  0.10274   1.5090e+02 |173  0.16164   2.1771e+02 |174  0.19171   3.4784e+02
175 -0.59413   9.6309e+01 |176  0.15670   1.9573e+02 |177 -0.42510   1.2647e+02
178  0.17984   2.2595e+02 |179  0.14866  -2.0443e+02 |180  0.00272  -6.5494e+00
181  0.11219  -2.5251e+02 |182 -0.31350   1.3948e+02 |183  0.05404   1.8916e+02
184  0.08644   2.0481e+02 |185 -0.55553   1.0392e+02 |186  0.11375   3.9272e+02
187  0.03605   2.0862e+02 |188  0.05203   1.2764e+02 |189  0.09673   1.0755e+02
190  0.16193   3.1184e+02 |191  0.08922   1.2954e+02 |192  0.10675   2.1461e+02
193  0.05400   1.3305e+02 |194 -0.14331   1.4930e+02 |195  0.06205   1.3332e+02
196  0.11937  -8.0976e+01 |197 -0.13416   1.2330e+02 |198  0.10761   2.1770e+02
199  0.09338   2.5624e+02 |200  0.04681   1.5919e+02 |201  0.13768   1.4733e+02
202 -0.02458   3.3896e+01 |203  0.22207   1.3350e+02 |204 -0.16629   1.3914e+02
205  0.13379   2.8178e+02 |206 -0.36224   1.3681e+02 |207 -0.05829   8.7154e+01
208 -0.25998   1.2501e+02 |209  0.05206   1.7052e+02 |210  0.09872   1.5383e+02
211 -0.24134   1.5044e+02 |212 -0.04683   9.0337e+02 |213  0.00331   3.9480e+02
214 -0.03880  -2.3966e-08 |215 -0.65991   3.5620e+01 |216 -0.71641   2.4345e+01
217  0.02318   2.1368e+02 |218 -0.06753   8.4670e+01 |219 -0.17049   1.7982e+01
220 -0.06670  -6.1476e+00 |221 -0.03692  -4.9892e+01 |222 -0.07383  -4.5210e+01
223 -0.00084   2.6153e+01 |224 -0.03093   2.1206e+01 |225 -0.04776   6.2392e+00
226  0.10593   2.4026e+01 |227  0.09147   2.0379e+01 |228  0.33592   2.1870e+01
229  0.11804   2.4756e+01 |230  0.01417  -4.7114e+00 |231 -0.10081  -1.1715e+01
232 -0.05927  -3.4922e+01 |233  0.10590   1.2585e+01 |234  0.74383   2.0327e+01
235 -0.14947  -5.9535e+01 |236 -0.17098  -3.5260e+01 |237 -0.10464  -2.3107e+01
238  0.01091   1.6478e+01 |239 -0.06182   4.0823e+01 |240 -0.14689   1.7064e+01
241 -0.08511   1.8088e+01 |242 -0.01089  -9.5450e+00 |243  0.01697   5.1071e+00
244 -0.11487  -1.6697e+01 |245 -0.17728  -1.6647e+00 |246 -0.22645   2.1034e+01
247 -0.09830   2.7470e+01 |248 -0.01461   3.9654e+00 |249  0.06281   1.2694e+01
250  0.03032  -6.3556e+00 |251  0.01011   5.0689e+00 |252 -0.00498   2.1906e+01
253  0.00986   2.0876e+01 |254  0.19447   8.0680e+00 |255  0.28272   9.9574e+00
256  0.37941   2.2319e+01 |257 -0.30225  -3.8486e+01 |258  0.08536  -1.1952e+03
259  0.14642  -4.3578e+02 |260 -0.88545  -4.3372e+02 |261 -0.82174   4.1953e+02
262 -0.58370   1.2859e+02 |263 -0.95384   2.8007e+01 |264  0.62342   2.1556e+02
265 -0.77189   1.3556e+02 |266  0.81222   1.1238e+02 |267  0.67473   1.8902e+02
268 -0.70311   1.7381e+02 |269  0.74942   1.4825e+02 |270 -0.69221   1.7969e+02
271  0.59897   2.2772e+02 |272  0.78632   1.2733e+02 |273 -0.59602   2.2916e+02
274  0.47363   2.8442e+02 |275  0.78237   1.2959e+02 |276 -0.33648   3.3381e+02
277  0.75333   1.4606e+02 |278 -0.97001   1.8206e+01 |279 -0.55585   2.4834e+02
280 -0.71321   1.6831e+02 |281  0.64555   2.0427e+02 |282 -0.58745   2.3333e+02
283 -0.55255   2.4987e+02 |284  0.80854   1.1451e+02 |285 -0.48054   2.8156e+02
286  0.81548   1.1048e+02 |287  0.81281   1.1203e+02 |288  0.04157   3.8573e+02
289  0.26454   3.5366e+02 |290  0.60586   2.2433e+02 |291 -0.56540   2.4387e+02
292 -0.58822   2.3296e+02 |293 -0.57069   2.4137e+02 |294  0.38180   3.1910e+02
295 -0.79370   1.2308e+02 |296  0.67684   1.8790e+02 |297 -0.59656   2.2890e+02
298 -0.85604   8.6669e+01 |299 -0.55136   2.5042e+02 |300  0.16553   3.7357e+02
301  0.54928   2.5138e+02 |302  0.29880   3.4476e+02 |303  0.48635  -6.6156e+02
304 -0.46844  -1.2047e+02 |305 -0.79557   3.2622e+00 |306  0.31852  -4.2882e+01
307 -0.93280   1.1606e+03 |308 -0.22248  -1.2596e+02 |
42.4973 30.7236 210.57 109.672 
32.1835 32.1835 93.6854 74.8468 
30.8498 35.0339 0 0.387678 3.72982 
0 11.6417 0 0 1.92041 53.9242 0 
39.7917 31.702 210.206 113.701 
30.5384 30.5384 99.5984 77.3822 
28.214 34.0136 0 0.326391 3.77605 
0 10.8521 0 0 1.86788 51.0829 0 
40.8579 30.9532 209.103 111.343 
30.5193 30.5193 96.1837 75.9548 
29.3633 34.129 0 0.353879 3.75478 
0 11.2025 0 0 1.89055 52.3422 0 
40.03 31.0618 207.525 111.672 
29.1604 29.1604 97.0749 76.1132 
27.9293 33.0017 0 0.309835 4.19469 
0 10.8058 0 0 1.86783 49.6447 0 
39.992 30.8993 206.085 112.156 
28.4439 28.4439 97.6531 76.0376 
26.4454 31.6703 0 0.228512 4.48612 
0 10.4051 0 0 1.83777 47.6586 0 
39.9645 32.1339 204.304 112.638 
25.6424 25.6424 96.8673 76.3814 
24.4089 30.0293 0 0.196215 4.73683 
0 9.91594 0 0 1.79162 44.6351 0 
40.0842 33.4166 205.113 111.675 
24.4563 24.4563 90.2823 76.3067 
21.9187 31.7645 0 0.173079 5.01613 
0 9.38373 0 0 1.74541 41.9463 0 
41.0055 32.1892 208.445 115.738 
24.4709 24.4709 95.817 75.4844 
19.3614 32.6605 0 0.139202 3.83527 
0 8.83891 0 0 1.69952 39.0031 0 
40.3084 32.4871 205.006 112.424 
23.7635 23.7635 90.9259 75.4846 
20.8394 31.2778 0 0.159048 4.5235 
0 9.14568 0 0 1.72468 40.6899 0 
40.7764 32.6049 203.267 111.875 
22.3005 22.3005 91.0119 75.2283 
19.7578 30.1409 0 0.166993 4.20119 
0 8.90487 0 0 1.69957 39.9661 0 
41.9253 33.6543 199.211 110.709 
21.7324 21.7324 91.1852 75.2659 
18.3669 29.1284 0 0.180879 3.70564 
0 8.68492 0 0 1.65071 38.1284 0 
41.6859 32.9886 193.948 109.546 
21.9564 21.9564 89.7346 74.3159 
16.7535 28.0118 0 0.189093 3.72593 
0 8.53039 0 0 1.60738 38.8288 0 
308 variables; iteration 70; function evaluation 88; phase 1
Function value   6.8685389e+02; maximum gradient component mag  -2.6126e+03
Var   Value    Gradient   |Var   Value    Gradient   |Var   Value    Gradient
  1 -2.12669   3.9771e-01 |  2  0.21949   2.3796e+01 |  3  0.13247  -2.2388e+01
  4  0.22710   4.6255e-01 |  5  0.05555  -7.7572e+01 |  6  0.19882  -6.7839e+01
  7  0.18108   6.4102e+00 |  8  0.16275  -3.2885e+01 |  9  0.17639   4.1340e+01
 10  0.12487  -3.2811e+00 | 11  0.15924   7.6900e+01 | 12 -0.07110  -2.8682e+01
 13  0.14730   1.8665e+02 | 14  0.06115   2.4980e+01 | 15 -1.99517  -4.9721e+00
 16  0.05399  -7.5493e+00 | 17 -0.21406  -3.0934e-01 | 18 -0.22986  -3.5648e-02
 19 -0.21085  -1.5419e+00 | 20 -0.18048  -2.2170e+00 | 21 -0.43570  -7.2613e-01
 22 -0.33986  -5.4183e+00 | 23 -0.19786  -8.8096e-03 | 24 -1.18955   4.4820e-01
 25 -0.57397  -5.5475e+00 | 26  0.18019   2.1297e+01 | 27  0.19152   2.1467e+01
 28  0.18953   2.5808e+01 | 29  0.17459  -7.0675e+00 | 30  0.16851   1.3406e+01
 31  0.04259  -6.9744e+01 | 32  0.14319  -9.4430e+00 | 33  0.12348  -2.3996e+01
 34  0.12481   4.2924e+01 | 35  0.15047   1.1931e+02 | 36  0.13564   8.6691e+01
 37 -1.00612   1.1080e-01 | 38  0.04831  -2.6674e+01 | 39  0.01580  -3.5419e+00
 40 -0.11240  -8.9889e+00 | 41 -1.32729   3.8497e-01 | 42 -0.91447  -2.5500e-02
 43 -0.29764  -2.5458e+01 | 44 -0.09458  -6.3226e+00 | 45  0.02629   3.2286e+01
 46  0.02700   4.7415e+01 | 47 -0.01682   2.6036e+01 | 48 -0.05098   7.8441e+00
 49  0.03529   2.1774e+01 | 50  0.00030   8.3101e+00 | 51  0.09956   3.3842e+01
 52  0.16708   6.2803e+01 | 53 -0.70434  -1.8871e+01 | 54 -0.01419   3.0572e+01
 55 -1.95808  -4.1088e+01 | 56 -0.05298   3.3913e+01 | 57  0.09995   1.1426e+02
 58 -2.00185  -3.5856e+01 | 59  0.14687   5.2445e+01 | 60 -0.04520  -1.0251e+01
 61  0.01716  -1.7241e+01 | 62  0.03284  -1.8462e+01 | 63  0.03468   2.8378e+00
 64  0.14091   4.3320e+01 | 65  0.07090   1.9208e+01 | 66  0.15250   4.1574e+01
 67 -0.16751  -1.7993e+01 | 68 -0.12619  -1.6624e+01 | 69 -0.00855   4.5485e+00
 70  0.00388   2.1907e+01 | 71 -0.31463  -2.3644e+01 | 72  0.09759   2.4218e+01
 73  0.11895   5.4726e+00 | 74  0.07300  -2.0893e+01 | 75  0.06612  -1.4399e+01
 76  0.00755   5.8709e+00 | 77 -0.00940   2.2560e+01 | 78  0.03324   1.9163e+01
 79  0.24909  -1.3413e+01 | 80 -0.07058  -3.6012e+01 | 81  2.21709   1.6352e+01
 82  0.04777   7.4186e+00 | 83  0.12953   5.8358e+00 | 84  1.76708   7.8155e+00
 85  0.18275  -5.0270e+01 | 86  0.07603  -3.1604e+01 | 87  0.28807   1.6596e+01
 88  0.00911  -6.3940e+00 | 89 -0.10470  -9.8062e+00 | 90 -0.06213  -1.2225e+01
 91  0.01630  -1.0782e+01 | 92  0.03461  -1.1715e+01 | 93  0.08896  -1.2373e+01
 94  0.19020   2.3542e+00 | 95 -0.03017  -1.5033e+01 | 96 -0.23087  -2.0834e+01
 97 -0.37286  -2.5078e+01 | 98 -0.09781  -1.9451e+01 | 99  0.23529   4.8870e+01
100  0.24211   7.2240e+01 |101  0.14793   4.4125e+01 |102 -0.06173  -1.4565e+00
103 -0.07450  -8.3603e+00 |104  0.05977  -1.1174e+01 |105  0.06102  -2.4814e+01
106  0.05500  -2.5164e+01 |107 -0.04569  -2.2836e+01 |108  0.00397  -1.9614e+01
109  0.11580  -1.3037e+01 |110  0.11851  -2.1222e+01 |111 -0.14287  -2.8161e+01
112 -0.12668  -1.8137e+01 |113 -0.31216  -2.6633e+01 |114 -0.04514  -1.5916e+01
115  0.17955  -2.7552e-01 |116  0.04218  -9.1730e+00 |117 -0.41860  -3.0712e+01
118  0.02672  -2.5185e+01 |119  0.12134  -1.2827e+01 |120  0.01949  -9.0453e+00
121  0.28518   1.0510e+02 |122 -0.09270  -2.7167e+01 |123 -0.89276  -2.1771e+00
124 -0.08108  -3.0909e+01 |125  0.21305  -5.3267e+00 |126  0.07029  -1.1819e+01
127 -0.00422   4.2443e+01 |128 -0.01118   4.2437e+01 |129  0.04014   4.2359e+01
130  0.01771   4.2427e+01 |131 -0.01356   4.2434e+01 |132 -0.01162   4.2437e+01
133 -0.01315   4.2435e+01 |134 -0.00018   4.2444e+01 |135  0.01358   4.2434e+01
136 -0.01866   4.2425e+01 |137  0.02240   4.2417e+01 |138  0.01649   4.2429e+01
139 -0.04960   4.2315e+01 |140  0.00901   4.2439e+01 |141 -0.01409   4.2433e+01
142 -0.04256   4.2349e+01 |143  0.01812   4.2427e+01 |144  0.02696   4.2406e+01
145  0.02507   4.2411e+01 |146  0.03276   4.2388e+01 |147 -0.06577   4.2217e+01
148 -0.02978   4.2397e+01 |149 -0.03336   4.2385e+01 |150 -0.02072   4.2421e+01
151 -0.01808   4.2427e+01 |152  0.06164   4.2245e+01 |153  0.05765   4.2270e+01
154 -0.01090   4.2437e+01 |155 -0.00605   4.2442e+01 |156 -0.00380   4.2443e+01
157 -0.00436   4.2443e+01 |158 -0.03148   4.2392e+01 |159  0.03116   4.2393e+01
160 -0.01428   4.2433e+01 |161  0.03041   4.2395e+01 |162  0.05659   4.2276e+01
163 -0.02937   4.2399e+01 |164  0.00261   4.2443e+01 |165  0.01342   4.2434e+01
166  0.05833   4.2266e+01 |167 -0.00746   4.2441e+01 |168  0.01518   4.2432e+01
169 -0.00499  -2.6126e+03 |170  0.03644   4.9848e+01 |171  0.07402   6.2981e+01
172  0.07648   8.5639e+01 |173  0.15059   1.9882e+02 |174  0.15117   1.5729e+02
175 -0.59909   8.6198e+01 |176  0.13532   1.4020e+02 |177 -0.32696   1.2479e+02
178  0.13759   6.0571e+01 |179  0.17205   3.5743e+01 |180 -0.01235   1.6175e+01
181  0.10148  -3.1687e+02 |182 -0.27377   1.2714e+02 |183  0.01999   8.3424e+01
184  0.07706   1.1855e+02 |185 -0.60815   8.4503e+01 |186  0.09461   3.9957e+02
187  0.03125   2.3046e+02 |188  0.01310   1.2096e+02 |189  0.08599   5.1005e+01
190  0.11413   1.0090e+02 |191  0.12133   2.2063e+02 |192  0.07852   1.7632e+02
193  0.02102   1.4805e+02 |194 -0.04108   1.4476e+02 |195  0.01030   8.3598e+01
196  0.07968  -7.4632e+01 |197  0.02233   5.3445e+01 |198  0.06692   1.7930e+02
199  0.07720   2.2693e+02 |200  0.07717   2.6788e+02 |201  0.10606   1.3158e+02
202 -0.00527  -3.1056e+01 |203  0.16028  -1.3173e+02 |204 -0.14886   1.1214e+02
205  0.09005   2.3406e+02 |206 -0.33407   1.2742e+02 |207 -0.09230   1.4588e+02
208 -0.04104   1.4310e+02 |209  0.03288   1.5771e+02 |210  0.08207   1.2694e+02
211 -0.17410   1.4114e+02 |212 -0.04165   1.1569e+03 |213  0.00703   3.2938e+02
214 -0.03880  -2.3966e-08 |215 -0.64854  -4.9793e+00 |216 -0.73045  -1.0021e+02
217  0.00620   4.4631e+02 |218 -0.11128   3.7895e+01 |219 -0.21043   3.1711e+01
220 -0.06255  -1.3048e+01 |221  0.03850  -1.4475e+01 |222 -0.03010  -3.8371e+01
223  0.01079  -8.2281e+00 |224 -0.00731  -1.0234e+01 |225 -0.02443  -2.3548e+01
226  0.08075  -1.6789e+01 |227  0.06882  -1.2162e+01 |228  0.26028  -5.2929e+00
229  0.10325  -7.4926e+00 |230  0.01807  -2.6751e+01 |231 -0.08486  -4.6225e+01
232 -0.04906  -4.6247e+01 |233  0.08352  -1.7203e+01 |234  0.80952   7.0002e+00
235 -0.06745  -3.9746e+01 |236 -0.09573  -4.4806e+01 |237 -0.01812  -2.6034e+01
238 -0.01448  -3.1772e+01 |239 -0.12014  -1.0828e+01 |240 -0.14280   5.4692e+00
241 -0.06644   8.3534e+00 |242 -0.00780  -2.4459e+01 |243  0.04481  -2.6852e+01
244 -0.05877  -3.1422e+01 |245 -0.14454  -1.5243e+01 |246 -0.22309  -1.1467e-01
247 -0.11277  -6.3798e-01 |248 -0.02881  -2.6029e+01 |249  0.03174  -3.1470e+01
250  0.02187  -3.5394e+01 |251 -0.00375  -2.0055e+01 |252 -0.03714  -8.6135e+00
253 -0.01131   1.1056e+01 |254  0.14040  -2.3881e+01 |255  0.27635  -8.8499e+00
256  0.17000  -1.8386e+01 |257 -0.24408  -2.2743e+01 |258  0.07566  -1.7867e+03
259  0.13484  -9.0413e+02 |260 -0.88446  -1.4936e+02 |261 -0.82458   4.9448e+02
262 -0.64606   1.6530e+02 |263 -0.93152  -2.1273e+01 |264  0.84505  -4.7749e+01
265 -0.83516  -5.0732e+01 |266  0.79290  -6.3325e+01 |267  0.66247  -1.0020e+02
268 -0.75365  -7.4772e+01 |269  0.87216  -3.9520e+01 |270 -0.74313  -7.7794e+01
271  0.58595  -1.1997e+02 |272  0.78562  -6.5468e+01 |273 -0.55372  -1.2780e+02
274  0.63605  -1.0720e+02 |275  0.78593  -6.5377e+01 |276 -0.65540  -1.0209e+02
277  0.79026  -6.4104e+01 |278 -0.96054  -1.2272e+01 |279 -0.63289  -1.0803e+02
280 -0.79427  -6.2920e+01 |281  0.64054  -1.0602e+02 |282 -0.58836  -1.1937e+02
283 -0.61856  -1.1174e+02 |284  0.83592  -5.0505e+01 |285 -0.73081  -8.1306e+01
286  0.79733  -6.2016e+01 |287  0.82906  -5.2564e+01 |288 -0.04648  -1.9761e+02
289  0.25110  -1.8292e+02 |290  0.57041  -1.2378e+02 |291 -0.55283  -1.2801e+02
292 -0.57578  -1.2247e+02 |293 -0.54718  -1.2934e+02 |294  0.50041  -1.4001e+02
295 -0.85837  -4.3716e+01 |296  0.67424  -9.7021e+01 |297 -0.54808  -1.2913e+02
298 -0.91944  -2.5007e+01 |299 -0.60617  -1.1490e+02 |300  0.17886  -1.9037e+02
301  0.79721  -6.2052e+01 |302  0.52429  -1.3466e+02 |303  0.47834  -1.0192e+03
304 -0.26245   1.1471e+01 |305 -0.78306   1.2503e+01 |306  0.37975   3.8243e+01
307 -0.93098   2.9163e+02 |308 -0.27683   1.1569e+02 |
44.4113 33.3919 191.095 107.57 
20.5655 20.5655 86.2855 71.9887 
14.7609 28.6303 0 0.221205 3.24705 
0 8.41911 0 0 1.55882 38.5388 0 
46.7005 33.924 192.507 105.46 
18.8511 18.8511 83.128 70.7102 
13.2824 29.9336 0 0.255363 2.24478 
0 8.38661 0 0 1.53839 37.6643 0 
48.6178 31.4801 189.75 104.138 
18.2287 18.2287 81.6886 69.9232 
12.5839 30.4842 0 0.309386 1.95158 
0 8.46404 0 0 1.53221 37.5219 0 
44.8278 32.0262 191.108 101.047 
16.6867 16.6867 80.4075 68.2773 
11.7094 29.2752 0 0.457174 2.18937 
0 8.44886 0 0 1.54743 37.3634 0 
46.4069 32.7171 192.162 95.9772 
13.8301 13.8301 75.7973 68.4743 
10.8908 32.6496 0 0.615962 2.51775 
0 8.36069 0 0 1.5521 37.5177 0 
45.7406 31.6673 191.848 94.1361 
13.9088 13.9088 75.0982 68.2185 
10.5325 31.3977 0 0.706381 2.44328 
0 8.24093 0 0 1.54556 36.8867 0 
47.6139 28.6495 191.911 92.9209 
13.9304 13.9304 73.9173 66.7732 
10.0185 31.7001 0 0.856614 2.16054 
0 8.01489 0 0 1.53032 35.1039 0 
49.5837 27.2764 187.748 91.7957 
15.8852 15.8852 71.732 65.6341 
9.81674 29.4715 0 0.919403 2.08108 
0 7.75104 0 0 1.52362 34.4818 0 
51.9046 26.4898 185.027 88.5845 
15.1553 15.1553 70.736 65.088 
9.68847 28.548 0 1.04385 2.45076 
0 7.05794 0 0 1.51112 34.7697 0 
51.0447 25.707 185.369 87.7333 
16.7155 16.7155 68.2964 65.4651 
9.8858 27.8446 0 1.30932 3.36899 
0 6.39967 0 0 1.47591 34.3772 0 
51.4252 26.0667 184.296 87.977 
15.6104 15.6104 69.5028 65.1232 
9.72732 28.0004 0 1.15077 2.81548 
0 6.76676 0 0 1.49639 34.5871 0 
308 variables; iteration 80; function evaluation 99; phase 1
Function value   6.0798163e+02; maximum gradient component mag  -2.7856e+03
Var   Value    Gradient   |Var   Value    Gradient   |Var   Value    Gradient
  1 -2.10471  -1.3752e+01 |  2  0.24669   4.2194e+02 |  3  0.12008   2.9224e+00
  4  0.22565   4.8190e+01 |  5  0.07514  -7.8581e+01 |  6  0.20406  -3.3845e+01
  7  0.18807   2.5915e+01 |  8  0.16403  -1.9357e+01 |  9  0.19251   1.2737e+02
 10  0.09521  -5.0876e+01 | 11  0.13556  -4.1964e+01 | 12 -0.01347  -3.7763e+01
 13  0.11496   2.7555e+01 | 14  0.06345   1.7524e+01 | 15 -1.81977   3.9974e+00
 16  0.05732   1.7793e+01 | 17 -0.23477  -2.7622e-01 | 18 -0.23450  -1.2156e-02
 19 -0.10558   2.0620e+00 | 20 -0.08124   4.7171e+00 | 21 -0.39196  -7.6008e-01
 22 -0.28823  -5.6586e+00 | 23 -0.19839  -4.3294e-03 | 24 -1.56660   1.1871e+00
 25 -0.21251  -8.4416e+00 | 26  0.17736   3.9537e+01 | 27  0.18218   2.4522e+01
 28  0.18623   4.1694e+01 | 29  0.17197   6.2775e+00 | 30  0.14082  -1.8063e+01
 31  0.09244  -5.8371e+01 | 32  0.14054  -2.1828e+00 | 33  0.11663  -1.6869e+01
 34  0.09661   1.1277e+01 | 35  0.12099   1.9882e+01 | 36  0.12967   7.4265e+01
 37 -0.55241  -7.4540e+00 | 38  0.04132  -3.0516e+01 | 39  0.00957  -1.7656e+00
 40 -0.02412   4.0368e+00 | 41 -1.72496   6.8274e-01 | 42 -1.16373   4.8232e-02
 43 -0.20589  -1.5463e+01 | 44 -0.12665  -1.2956e+01 | 45  0.02562   2.9133e+00
 46 -0.01872   2.1334e+01 | 47 -0.07041   1.9004e+01 | 48 -0.13626   7.5193e+00
 49  0.11172   6.4503e+01 | 50  0.04407   3.4130e+01 | 51  0.10765   4.1854e+01
 52  0.10830   4.9106e+01 | 53  0.00060   3.8246e+01 | 54 -0.05587   2.6569e+01
 55 -1.75659  -3.0983e-01 | 56 -0.12365   1.4282e+01 | 57  0.11107   6.9841e+01
 58 -1.96973  -1.3548e+01 | 59  0.18105   4.9933e+01 | 60 -0.02649   1.8674e+01
 61 -0.00189   1.2972e+01 | 62 -0.17543  -4.6060e+00 | 63 -0.11330   4.8420e+00
 64  0.10579   5.3728e+01 | 65  0.05192   3.5017e+01 | 66  0.15039   7.3437e+01
 67 -0.08036   1.5543e+01 | 68 -0.24948  -6.2424e+00 | 69 -0.00702   1.0585e+01
 70 -0.05256   9.5682e+00 | 71  0.01850   1.7376e+01 | 72  0.01675   1.9051e+01
 73  0.12542   4.4867e+01 | 74  0.09440   2.3163e+01 | 75  0.05308   1.6507e+01
 76 -0.07672   1.2567e+01 | 77 -0.04196   2.8449e+01 | 78  0.08409   5.3239e+01
 79  0.12654   1.8037e+01 | 80  0.06198  -1.7031e+01 | 81  1.86667  -3.8933e-01
 82 -0.07480   5.6535e+00 | 83  0.04098   9.7322e+00 | 84  1.80338  -7.6422e+00
 85  0.16394  -4.4493e+00 | 86  0.01032  -2.9538e+00 | 87  0.30063   1.0339e+01
 88  0.02649   4.0082e+00 | 89 -0.06882   8.5902e+00 | 90 -0.02764   8.5567e+00
 91  0.04559   1.0098e+01 | 92 -0.00405   7.2477e+00 | 93 -0.01627   3.8173e+00
 94  0.14949   1.5693e+01 | 95 -0.01769   1.3611e+01 | 96 -0.02724   1.4881e+01
 97 -0.10037   8.6689e+00 | 98 -0.09458   6.1000e+00 | 99  0.23813   8.9817e+01
100  0.25442   9.1985e+01 |101  0.08821   2.9038e+01 |102 -0.09120   1.4845e+01
103 -0.05023   1.6881e+01 |104  0.10182   1.7353e+01 |105 -0.07056   3.6611e+00
106  0.03614   1.0216e+01 |107  0.09351   1.4478e+01 |108  0.04658   1.1233e+01
109  0.08248   1.4889e+01 |110  0.13956   1.2264e+01 |111 -0.10550   3.1248e-01
112 -0.18391   9.0793e+00 |113 -0.49837  -7.3451e+00 |114 -0.05858   1.0050e+01
115  0.22005   7.4578e+00 |116  0.04345   1.2192e+01 |117 -0.42247  -8.1523e+00
118 -0.08215   1.0473e+01 |119 -0.04255   1.3430e+01 |120 -0.00114   2.0513e+01
121  0.23519   7.1114e+01 |122  0.02250   2.6344e+00 |123 -0.86369   2.9888e+00
124  0.20272   2.9214e+01 |125  0.10793   1.7603e+01 |126 -0.03021   1.2646e+01
127 -0.00465   3.7714e+01 |128 -0.01174   3.7708e+01 |129  0.04068   3.7638e+01
130  0.01773   3.7700e+01 |131 -0.01416   3.7705e+01 |132 -0.01218   3.7708e+01
133 -0.01375   3.7706e+01 |134 -0.00053   3.7715e+01 |135  0.01351   3.7706e+01
136 -0.01936   3.7697e+01 |137  0.02252   3.7691e+01 |138  0.01648   3.7702e+01
139 -0.05078   3.7595e+01 |140  0.00884   3.7711e+01 |141 -0.01471   3.7705e+01
142 -0.04364   3.7626e+01 |143  0.01814   3.7699e+01 |144  0.02719   3.7680e+01
145  0.02525   3.7685e+01 |146  0.03312   3.7664e+01 |147 -0.06716   3.7505e+01
148 -0.03067   3.7671e+01 |149 -0.03429   3.7660e+01 |150 -0.02145   3.7693e+01
151 -0.01876   3.7698e+01 |152  0.06274   3.7532e+01 |153  0.05865   3.7555e+01
154 -0.01146   3.7709e+01 |155 -0.00651   3.7713e+01 |156 -0.00422   3.7714e+01
157 -0.00480   3.7714e+01 |158 -0.03239   3.7666e+01 |159  0.03148   3.7669e+01
160 -0.01490   3.7704e+01 |161  0.03072   3.7671e+01 |162  0.05756   3.7561e+01
163 -0.03025   3.7672e+01 |164  0.00231   3.7714e+01 |165  0.01335   3.7706e+01
166  0.05934   3.7551e+01 |167 -0.00796   3.7712e+01 |168  0.01514   3.7704e+01
169 -0.00741  -2.7856e+03 |170  0.05452   2.0017e+02 |171  0.06596   8.1850e+01
172  0.05148   6.4530e+01 |173  0.14190   1.9169e+02 |174  0.14738   1.4935e+02
175 -0.50203   1.0376e+02 |176  0.11451   1.4118e+02 |177  0.08829   2.0585e+02
178  0.11304   1.1582e+02 |179  0.15466  -1.1094e+02 |180 -0.00394   8.0177e+00
181  0.09627  -4.8065e+00 |182 -0.04957   1.0952e+02 |183 -0.06269   1.0841e+02
184  0.07701   1.6724e+02 |185 -0.62399   8.2202e+01 |186  0.05925   1.5648e+02
187 -0.00292   1.9540e+02 |188 -0.00175   1.4359e+02 |189  0.06928   8.9861e+01
190  0.08180   7.6559e+01 |191  0.10619   1.9233e+02 |192  0.08172   1.7292e+02
193 -0.00862   2.6254e+01 |194 -0.27922   1.2797e+02 |195  0.05866   2.7850e+02
196  0.07175   6.2767e+01 |197  0.03453   3.9256e+01 |198  0.02321   1.0074e+02
199  0.04228   1.2403e+02 |200  0.04226   1.7649e+02 |201  0.04174   1.4852e+02
202  0.05203  -7.8732e+01 |203  0.12149  -1.2585e+02 |204 -0.06928   7.2941e+01
205  0.03482   1.3988e+02 |206 -0.31211   1.3185e+02 |207 -0.02793   2.1450e+02
208 -0.20336   1.1758e+02 |209  0.01848   1.5825e+02 |210  0.04418   1.0722e+02
211 -0.06269   1.4710e+02 |212 -0.05605   7.8507e+02 |213  0.00195   1.8480e+02
214 -0.03880  -2.3966e-08 |215 -0.63745  -4.6227e+01 |216 -0.69980  -5.0395e+00
217  0.00889   2.5277e+02 |218 -0.11908   2.8731e+00 |219 -0.21647   1.3739e+01
220 -0.08376  -1.5429e+01 |221  0.02719  -1.8626e+01 |222 -0.01174   3.7805e-01
223 -0.00537   9.4606e+00 |224 -0.02353   2.2140e+00 |225 -0.02060  -7.7957e+00
226  0.07822  -1.5554e+01 |227  0.04797  -6.4882e+00 |228  0.14727  -9.2543e+00
229  0.08855  -1.6715e+01 |230  0.04814  -1.6356e+01 |231 -0.04777  -1.9216e+01
232 -0.02669  -3.7358e+01 |233  0.08019  -2.7929e+01 |234  0.74294   1.1679e+01
235 -0.07106  -2.6921e+00 |236 -0.08643  -1.6891e+01 |237  0.03602   1.8057e+00
238 -0.00506  -2.2366e+01 |239 -0.16128  -3.1101e+01 |240 -0.14014   3.0426e+00
241 -0.05581  -3.0048e+00 |242 -0.01494  -2.0503e+01 |243  0.03924  -2.5598e+01
244 -0.03329  -1.8749e+01 |245 -0.13947  -1.2743e+01 |246 -0.23526  -8.3749e+00
247 -0.12904  -1.9063e+01 |248  0.01216  -3.6561e+00 |249  0.09896  -6.6728e-02
250  0.06349  -1.4486e+01 |251  0.00977  -1.3985e+01 |252 -0.07327  -1.9201e+01
253 -0.05212  -4.6621e+00 |254  0.13008  -1.7831e+01 |255  0.21125  -1.3907e+01
256  0.19302  -3.1038e+00 |257 -0.16634  -2.7753e+01 |258  0.09186  -9.5516e+02
259  0.13696  -6.9095e+02 |260 -0.87756  -1.9925e+02 |261 -0.83219   3.3799e+02
262 -0.60793   1.0606e+02 |263 -0.66047  -1.2986e+02 |264  0.94256  -2.3016e+01
265 -0.78488  -8.4679e+01 |266  0.60477  -1.4859e+02 |267  0.62219  -1.4285e+02
268 -0.68376  -1.2173e+02 |269  0.75456  -9.6056e+01 |270 -0.67347  -1.2534e+02
271  0.48166  -1.8574e+02 |272  0.63017  -1.4018e+02 |273 -0.47683  -1.8707e+02
274  0.84723  -6.0711e+01 |275  0.63517  -1.3850e+02 |276 -1.16108   6.3944e+01
277  0.67526  -1.2472e+02 |278 -0.67491  -1.2484e+02 |279 -0.63003  -1.4023e+02
280 -0.59874  -1.5055e+02 |281  0.48349  -1.8524e+02 |282 -0.53305  -1.7100e+02
283 -0.61480  -1.4529e+02 |284  0.63861  -1.3734e+02 |285 -0.86261  -5.4699e+01
286  0.60395  -1.4885e+02 |287  0.62840  -1.4077e+02 |288 -0.08221  -2.5330e+02
289  0.10224  -2.5214e+02 |290  0.45781  -1.9218e+02 |291 -0.49317  -1.8255e+02
292 -0.51275  -1.7697e+02 |293 -0.47818  -1.8670e+02 |294  0.56611  -1.6092e+02
295 -0.80804  -7.5859e+01 |296  0.63666  -1.3800e+02 |297 -0.47020  -1.8887e+02
298 -0.84178  -6.2833e+01 |299 -0.59816  -1.5073e+02 |300  0.34555  -2.1872e+02
301  1.00700   2.8068e+00 |302  0.89790  -4.0791e+01 |303  0.47371  -7.1029e+02
304 -0.52517  -2.4106e+01 |305 -0.84415  -5.6880e+00 |306  0.40090   1.4325e+01
307 -0.94263   1.0820e+03 |308 -0.19459   4.6314e+01 |
51.3555 25.2538 182.757 87.5865 
16.114 16.114 68.2994 65.2331 
9.78639 28.2158 0 1.21836 3.04802 
0 6.44225 0 0 1.47881 34.1676 0 
53.6486 22.8747 179.448 86.6158 
16.3852 16.3852 67.455 64.6053 
9.911 30.3413 0 1.1934 2.75917 
0 5.95171 0 0 1.43731 33.2473 0 
53.4349 21.6384 177.31 85.0437 
16.547 16.547 67.6349 64.3945 
9.91188 30.2832 0 1.13674 2.21513 
0 5.38042 0 0 1.34778 32.741 0 
50.8958 22.0536 178.192 84.2625 
16.3437 16.3437 65.4025 63.8465 
9.99733 28.6639 0 1.17918 1.77221 
0 4.79513 0 0 1.19622 31.8866 0 
52.5485 22.6985 169.622 92.1113 
17.4483 17.4483 63.5965 65.7675 
10.1662 28.7731 0 1.15818 1.96727 
0 4.42325 0 0 0.992887 29.3953 0 
52.0207 21.7915 171.956 85.123 
16.5606 16.5606 64.2358 64.7801 
10.0456 28.5865 0 1.16704 1.88353 
0 4.51568 0 0 1.07807 30.3943 0 
50.1536 22.1141 173.713 91.2283 
17.5022 17.5022 62.8933 65.1445 
10.0948 27.0705 0 1.08227 1.74446 
0 4.31332 0 0 0.922188 28.3733 0 
51.3954 21.4772 170.895 86.6088 
16.6752 16.6752 63.5432 64.8099 
10.0391 27.8626 0 1.1305 1.82357 
0 4.38852 0 0 1.01102 29.485 0 
51.0516 21.877 169.737 85.8775 
16.5715 16.5715 62.813 64.8414 
10.2456 26.4607 0 1.11757 1.9203 
0 4.28824 0 0 0.92647 28.8462 0 
50.0887 22.6471 169.42 84.0881 
17.0704 17.0704 60.7911 65.2737 
10.5868 23.7774 0 1.11238 2.07724 
0 4.26245 0 0 0.76156 27.5792 0 
46.752 23.3767 172.958 81.9575 
18.5257 18.5257 58.1563 65.0732 
11.4427 20.565 0 1.22264 2.13163 
0 4.56444 0 0 0.525219 26.6436 0 
45.5048 24.0548 172.065 84.4049 
22.1642 22.1642 57.1164 66.5412 
12.346 20.1906 0 1.03638 1.94267 
0 5.02378 0 0 0.429685 27.0618 0 
46.2903 23.3557 172.028 82.2564 
18.9931 18.9931 57.4942 65.2817 
11.7019 19.7669 0 1.164 2.07286 
0 4.67504 0 0 0.480461 26.7548 0 
308 variables; iteration 90; function evaluation 112; phase 1
Function value   5.5150247e+02; maximum gradient component mag  -2.6993e+03
Var   Value    Gradient   |Var   Value    Gradient   |Var   Value    Gradient
  1 -2.09083  -5.9381e+00 |  2  0.23464   2.3348e+02 |  3  0.18405   5.0918e+01
  4  0.23372   1.8007e+02 |  5  0.16799  -4.4507e+01 |  6  0.21658   1.0159e+02
  7  0.18638   2.6684e+01 |  8  0.20257   1.2449e+02 |  9  0.19319   1.0876e+02
 10  0.10854  -6.1665e+01 | 11  0.11957  -9.2531e+01 | 12  0.04082  -6.0368e+01
 13  0.12722   2.8559e+01 | 14  0.05101  -9.8392e+00 | 15 -1.80655   4.0757e+00
 16  0.07364   3.1746e+01 | 17 -0.24521  -2.1685e-01 | 18 -0.23736  -7.2398e-02
 19 -0.07035   1.2026e+00 | 20 -0.11591   2.0445e+00 | 21 -0.33483  -7.9174e-01
 22 -0.07578  -5.9722e+00 | 23 -0.19867  -9.8052e-05 | 24 -1.82386   1.4441e+00
 25  0.15132   4.0945e+01 | 26  0.17126   5.1569e+01 | 27  0.16913   1.7890e+01
 28  0.18140   5.4611e+01 | 29  0.14811  -1.3709e+01 | 30  0.16023   3.1326e+01
 31  0.04087  -6.9631e+01 | 32  0.12140  -1.4282e+01 | 33  0.10634  -1.1988e+01
 34  0.06573  -1.0882e+01 | 35  0.11227  -6.0414e+00 | 36  0.11104  -1.8715e+01
 37 -0.03784  -1.9222e+01 | 38  0.05542  -2.1886e+00 | 39 -0.01247  -1.1352e+01
 40 -0.07782  -2.3422e+00 | 41 -1.95548  -7.0206e+00 | 42 -1.31813   9.1784e-02
 43 -0.13170  -1.3394e+01 | 44 -0.12951  -6.8067e+00 | 45 -0.02153   9.7956e+00
 46  0.00548   4.8383e+01 | 47 -0.03548   5.2830e+01 | 48 -0.06251   4.6084e+01
 49  0.13153   1.3740e+02 | 50  0.07154   8.2725e+01 | 51  0.14933   1.0254e+02
 52  0.08570   6.4852e+01 | 53 -0.06485   3.1869e+01 | 54 -0.04383   3.8251e+01
 55 -1.55398   4.4542e+00 | 56 -0.03181   3.7477e+01 | 57  0.11271   5.1028e+01
 58 -1.95044  -6.9333e+00 | 59  0.19296   3.8904e+01 | 60  0.00142   3.3434e+01
 61  0.01980   2.3566e+01 | 62 -0.17697   1.5543e+00 | 63 -0.09877   9.6227e+00
 64  0.07830   3.6730e+01 | 65  0.06054   2.9202e+01 | 66  0.13166   4.2971e+01
 67 -0.26273   1.3811e+00 | 68 -0.14446   7.0573e+00 | 69 -0.01721   1.5548e+01
 70 -0.09475   1.3555e+01 | 71 -0.10139   1.2855e+01 | 72  0.00416   3.0614e+01
 73  0.11499   6.0775e+01 | 74  0.01024   2.6868e+01 | 75  0.09729   5.3908e+01
 76 -0.01866   4.7405e+01 | 77 -0.06564   4.2690e+01 | 78 -0.02234   5.2316e+01
 79  0.08130   5.9443e+01 | 80  0.21532   3.9436e+01 | 81  1.55711  -6.9356e+00
 82 -0.07590   1.2279e+01 | 83  0.03753   1.7754e+01 | 84  1.87448  -1.3598e+01
 85 -0.11265   1.3467e+01 | 86  0.21120   3.7455e+00 | 87  0.25624  -3.7724e+01
 88  0.07722   7.9959e+00 | 89 -0.00389   2.8058e+01 | 90 -0.05163   2.1366e+01
 91  0.06806   2.9211e+01 | 92  0.02258   2.4017e+01 | 93  0.00381   2.1691e+01
 94  0.07637   3.0647e+01 | 95 -0.09744   1.9165e+01 | 96 -0.10422   1.9013e+01
 97 -0.08042   1.9371e+01 | 98  0.00160   2.3429e+01 | 99  0.21743   7.8721e+01
100  0.25811   8.7577e+01 |101 -0.07281   9.6956e+00 |102 -0.08907   1.4550e+01
103 -0.08515   1.2586e+01 |104  0.07444   1.0606e+01 |105  0.00080   1.5484e+01
106  0.00149   1.6502e+01 |107  0.13329   1.4423e+01 |108  0.12159   6.5509e+00
109  0.00559   9.0335e+00 |110  0.06262   6.3596e+00 |111 -0.08898   9.0912e+00
112 -0.21859   1.0546e+01 |113 -0.21561   1.1879e+01 |114 -0.10351   1.0785e+01
115  0.18455   8.1681e+00 |116  0.08091   2.6392e+01 |117 -0.28569   4.9668e+00
118 -0.04247   2.4069e+01 |119  0.02718   3.6009e+01 |120  0.04754   4.6448e+01
121  0.15267   7.6166e+01 |122  0.29148   1.1987e+02 |123 -0.93681   2.3667e+00
124  0.14838   3.4966e+01 |125 -0.02322   1.5503e+01 |126 -0.14449   1.7902e+01
127 -0.00510   3.4234e+01 |128 -0.01232   3.4229e+01 |129  0.04143   3.4163e+01
130  0.01779   3.4222e+01 |131 -0.01479   3.4226e+01 |132 -0.01278   3.4228e+01
133 -0.01437   3.4226e+01 |134 -0.00090   3.4235e+01 |135  0.01346   3.4227e+01
136 -0.02007   3.4218e+01 |137  0.02271   3.4213e+01 |138  0.01652   3.4223e+01
139 -0.05189   3.4121e+01 |140  0.00868   3.4232e+01 |141 -0.01534   3.4225e+01
142 -0.04468   3.4151e+01 |143  0.01822   3.4221e+01 |144  0.02751   3.4203e+01
145  0.02552   3.4207e+01 |146  0.03363   3.4187e+01 |147 -0.06839   3.4038e+01
148 -0.03155   3.4193e+01 |149 -0.03522   3.4183e+01 |150 -0.02220   3.4214e+01
151 -0.01947   3.4219e+01 |152  0.06432   3.4060e+01 |153  0.06006   3.4083e+01
154 -0.01204   3.4229e+01 |155 -0.00700   3.4233e+01 |156 -0.00467   3.4234e+01
157 -0.00525   3.4234e+01 |158 -0.03330   3.4188e+01 |159  0.03194   3.4192e+01
160 -0.01554   3.4225e+01 |161  0.03115   3.4194e+01 |162  0.05893   3.4088e+01
163 -0.03112   3.4194e+01 |164  0.00201   3.4235e+01 |165  0.01330   3.4227e+01
166  0.06078   3.4079e+01 |167 -0.00847   3.4232e+01 |168  0.01514   3.4225e+01
169 -0.00693  -2.6993e+03 |170  0.05400   1.2720e+02 |171  0.07492   7.0183e+01
172  0.05079   3.9638e+01 |173  0.14549   7.7059e+01 |174  0.14243   1.3386e+01
175 -0.33765   9.5721e+01 |176  0.11437   1.1237e+02 |177  0.08811   1.6144e+02
178  0.08877   4.9142e+01 |179  0.15389  -8.3022e+01 |180 -0.03477   2.0472e+01
181  0.09599  -1.1491e+01 |182 -0.00685   1.0101e+02 |183 -0.09167   1.0399e+02
184  0.08392   2.6530e+02 |185 -0.56792   7.2172e+01 |186  0.05045   1.7366e+01
187  0.00919   2.2365e+02 |188  0.01882   2.1341e+02 |189  0.06520   1.2909e+02
190  0.07095   5.2496e+01 |191  0.09087   1.5726e+02 |192  0.07337   2.0087e+02
193 -0.00776   3.0142e+01 |194 -0.33002   9.6435e+01 |195  0.04331   2.2529e+02
196  0.05733   1.4713e+01 |197  0.01042   1.4360e+00 |198  0.00741   3.7054e+01
199  0.02176   5.9152e+01 |200  0.04864   1.5117e+02 |201 -0.02427   7.5941e+01
202  0.09716  -2.0937e+02 |203  0.08345  -1.2894e+02 |204  0.10747  -2.5609e+01
205 -0.03364   1.0361e+02 |206 -0.31494   1.0160e+02 |207  0.00268   2.2211e+02
208 -0.31253   9.0454e+01 |209  0.00074   9.7429e+01 |210  0.03781   8.1707e+01
211 -0.01816   1.1521e+02 |212 -0.05619   9.6924e+02 |213 -0.00285   1.2612e+02
214 -0.03880  -2.3966e-08 |215 -0.64103  -9.0773e+01 |216 -0.69393  -1.6387e+01
217 -0.02220   5.6867e+01 |218 -0.14985   2.5556e+01 |219 -0.21635   3.0852e+01
220 -0.04322   5.5428e+01 |221  0.06240   6.7390e+01 |222  0.00218   4.9098e+01
223 -0.00120   3.9902e+01 |224 -0.00683   4.6515e+01 |225  0.00415   3.5143e+01
226  0.10760   2.3196e+01 |227  0.06459   3.2557e+01 |228  0.14495   4.0967e+01
229  0.08708   2.6406e+01 |230  0.04896   2.8476e+01 |231 -0.02640   1.5648e+01
232 -0.00845   4.2690e+00 |233  0.11025   2.1817e+01 |234  0.16707   3.4260e+01
235 -0.09955   5.0718e+01 |236 -0.10635   4.2406e+01 |237  0.02744   6.4130e+01
238  0.00664   3.8749e+01 |239 -0.14741  -2.2161e-01 |240 -0.10779   4.5884e+01
241  0.01492   6.0571e+01 |242  0.03833   4.5296e+01 |243  0.03464   2.5805e+01
244 -0.04644   2.1572e+01 |245 -0.13537   2.7724e+01 |246 -0.21479   3.7044e+01
247 -0.11209   2.6855e+01 |248  0.00617   4.8123e+01 |249  0.07405   4.2739e+01
250  0.06456   3.2323e+01 |251  0.01824   3.2049e+01 |252 -0.04957   1.8089e+01
253 -0.00244   4.1655e+01 |254  0.10321   1.9290e+01 |255  0.24342   2.3757e+01
256  0.28104   3.3909e+01 |257 -0.19001  -1.2227e+01 |258  0.08970  -7.8714e+02
259  0.13972  -5.5517e+02 |260 -0.86724   3.6841e+02 |261 -0.82691   4.0945e+02
262 -0.63038   5.7856e+01 |263 -0.38622   9.4007e+00 |264  0.85981   2.4994e+00
265 -0.62430   6.3676e+00 |266  0.40237   9.2322e+00 |267  0.50981   7.9656e+00
268 -0.55899   7.3078e+00 |269  0.51464   7.9030e+00 |270 -0.55035   7.4266e+00
271  0.46808   8.4865e+00 |272  0.45317   8.6640e+00 |273 -0.36363   9.6263e+00
274  0.91675   1.4920e+00 |275  0.46003   8.5829e+00 |276 -1.46573  -7.6441e+00
277  0.51259   7.9296e+00 |278 -0.34450   9.8078e+00 |279 -0.57659   7.0616e+00
280 -0.33580   9.8874e+00 |281  0.17251   1.1025e+01 |282 -0.48517   8.2775e+00
283 -0.57636   7.0649e+00 |284  0.37571   9.5072e+00 |285 -0.68254   5.4725e+00
286  0.39282   9.3326e+00 |287  0.37152   9.5488e+00 |288  0.02763   1.1432e+01
289 -0.23181   1.0692e+01 |290  0.45764   8.6113e+00 |291 -0.43005   8.9296e+00
292 -0.45237   8.6733e+00 |293 -0.40135   9.2430e+00 |294  0.55305   7.3896e+00
295 -0.65187   5.9500e+00 |296  0.50992   7.9642e+00 |297 -0.33996   9.8496e+00
298 -0.66666   5.7214e+00 |299 -0.56715   7.1944e+00 |300  0.56338   7.2469e+00
301  1.01146  -2.0590e-01 |302  1.08772  -1.5718e+00 |303  0.46975  -5.6920e+02
304 -0.52541  -3.8410e+01 |305 -0.85327  -8.9963e+00 |306  0.37156   1.3229e+01
307 -0.94656  -1.5407e+02 |308 -0.19426  -4.7786e+01 |
45.6345 23.7456 171.175 82.2976 
19.4959 19.4959 56.8709 65.8591 
11.841 19.233 0 1.18375 2.46061 
0 4.75904 0 0 0.451575 26.7054 0 
45.7964 23.569 171.214 81.4161 
19.3567 19.3567 56.6208 65.5379 
11.9537 19.1836 0 1.21227 2.53791 
0 4.81963 0 0 0.456389 26.6623 0 
46.0295 23.0293 172.093 81.06 
18.4227 18.4227 56.0116 65.8696 
12.1431 19.0778 0 1.20654 2.67865 
0 4.95005 0 0 0.469929 26.1465 0 
46.0627 22.7531 173.553 80.0003 
18.76 18.76 55.3613 65.4333 
12.2104 18.3953 0 1.25508 2.85012 
0 5.17427 0 0 0.485497 25.4827 0 
46.9537 23.2811 173.281 79.3324 
18.3201 18.3201 53.9885 65.8414 
12.0886 18.2895 0 1.31414 2.96342 
0 5.38068 0 0 0.491928 24.8297 0 
46.6451 23.1124 172.357 80.772 
19.1216 19.1216 53.4868 65.3389 
12.1074 18.0222 0 1.28733 2.97626 
0 5.59307 0 0 0.484578 24.6706 0 
46.8326 22.8958 171.134 81.7614 
18.1201 18.1201 53.623 64.695 
12.0155 18.4118 0 1.2327 2.7886 
0 5.73397 0 0 0.474697 24.6969 0 
45.8454 23.0421 170.602 81.302 
18.3439 18.3439 53.5691 64.9238 
12.0191 19.037 0 1.3019 2.94071 
0 5.85248 0 0 0.47583 24.7234 0 
46.1407 22.5875 170.093 81.0022 
18.4428 18.4428 53.3676 64.8772 
11.9853 19.002 0 1.31525 2.81773 
0 5.909 0 0 0.479462 24.632 0 
46.0248 22.306 169.449 81.3309 
18.2834 18.2834 52.9744 64.5112 
11.9607 19.0685 0 1.36232 2.78602 
0 5.97225 0 0 0.490772 24.4914 0 
308 variables; iteration 100; function evaluation 122; phase 1
Function value   5.3764874e+02; maximum gradient component mag  -3.2990e+03
Var   Value    Gradient   |Var   Value    Gradient   |Var   Value    Gradient
  1 -2.09896  -7.7369e+00 |  2  0.24489   3.2935e+02 |  3  0.19043   6.0227e+01
  4  0.22563   8.5883e+01 |  5  0.17629  -5.0910e+01 |  6  0.21568   6.4263e+01
  7  0.18487  -8.5535e+00 |  8  0.19443   5.4357e+01 |  9  0.19517   9.9932e+01
 10  0.12932  -5.0894e+01 | 11  0.11222  -4.6691e+01 | 12  0.08346  -4.9155e+01
 13  0.12949   2.8986e+01 | 14  0.05346  -1.8553e+01 | 15 -1.86130   4.2321e+00
 16  0.04922   3.0184e+01 | 17 -0.24541  -2.2147e-01 | 18 -0.23776  -5.6642e-02
 19 -0.05016   1.6474e-01 | 20 -0.14851   3.7894e-01 | 21 -0.27320  -7.8939e-01
 22  0.11877   1.4026e+01 | 23 -0.19871  -2.1591e-03 | 24 -1.94803   1.1404e+00
 25  0.15027   3.3639e+01 | 26  0.16714   3.3067e+01 | 27  0.18184   3.4149e+01
 28  0.19616   8.6568e+01 | 29  0.15532  -1.0191e+01 | 30  0.16338   2.3318e+01
 31  0.03843  -7.0663e+01 | 32  0.13168  -1.4950e+01 | 33  0.11735  -5.7892e+00
 34  0.08702  -3.1550e+00 | 35  0.11019  -3.1795e+01 | 36  0.12407  -1.1296e+01
 37  0.08186  -2.7117e+01 | 38  0.06573  -8.8030e-01 | 39 -0.00095  -1.0858e+01
 40 -0.13576  -2.1749e+00 | 41 -1.91033   6.6276e-01 | 42 -1.36942   1.0394e-01
 43 -0.25535  -1.9295e+01 | 44 -0.14358  -1.6217e+01 | 45  0.05395   9.2676e+00
 46  0.00575   3.4324e+01 | 47 -0.04105   3.5939e+01 | 48 -0.07920   2.8050e+01
 49  0.11803   1.1882e+02 | 50  0.07070   7.3882e+01 | 51  0.15790   9.7168e+01
 52  0.07199   4.8804e+01 | 53 -0.05450   2.3249e+01 | 54 -0.07123   2.2990e+01
 55 -1.53667   1.4215e+01 | 56 -0.07147   2.1204e+01 | 57  0.13704   5.9007e+01
 58 -1.90756   7.0497e+00 | 59  0.18826   3.1152e+01 | 60  0.00159   2.1067e+01
 61  0.02017   9.8172e+00 | 62 -0.07349  -7.3399e+00 | 63 -0.11466  -5.1656e+00
 64  0.05569   2.1687e+01 | 65  0.02384   1.5038e+01 | 66  0.11518   3.3654e+01
 67 -0.28282  -1.1551e+01 | 68 -0.06257   3.5875e+00 | 69 -0.04225   4.9975e+00
 70 -0.04746   9.6683e+00 | 71 -0.10374  -4.0112e-01 | 72  0.02689   1.9964e+01
 73  0.10697   4.3313e+01 | 74  0.03651   1.9405e+01 | 75  0.07602   3.6045e+01
 76 -0.03685   2.9445e+01 | 77 -0.05412   3.3737e+01 | 78 -0.04269   3.5551e+01
 79  0.08965   5.7135e+01 | 80  0.21207   3.3672e+01 | 81  1.34610   2.2452e+00
 82 -0.03975   1.6721e+00 | 83  0.04629   5.2097e+00 | 84  1.98347   3.8256e+00
 85 -0.12500  -7.6818e+00 | 86  0.19459  -1.1419e+01 | 87  0.25718  -3.6982e+01
 88  0.12366  -4.6210e+00 | 89 -0.06323   1.0102e+00 | 90 -0.10398  -3.0421e+00
 91  0.02734   4.3993e+00 | 92  0.02132   4.2039e+00 | 93  0.02363   6.1569e+00
 94  0.10362   2.3261e+01 | 95 -0.12402  -2.3715e+00 | 96 -0.17496  -4.4239e+00
 97 -0.18475  -6.7199e+00 | 98 -0.02998   1.1965e+00 | 99  0.22740   7.6100e+01
100  0.24052   7.0583e+01 |101 -0.19510  -1.3635e+01 |102 -0.06197  -6.7699e-01
103 -0.02108  -5.2867e+00 |104  0.12458  -9.2483e+00 |105 -0.09094  -8.7021e+00
106 -0.08591  -5.0906e+00 |107 -0.00551  -1.0172e+01 |108  0.20909  -1.1326e+01
109 -0.02043  -1.0396e+01 |110  0.08223  -1.8149e+00 |111 -0.12758  -9.0089e+00
112 -0.12214  -3.7065e+00 |113 -0.00985   7.3089e+00 |114 -0.06956  -5.8171e+00
115  0.15830   2.0548e+00 |116  0.07665   8.1228e+00 |117 -0.15884  -1.0154e+01
118  0.04974   9.9021e+00 |119  0.01200   1.3183e+01 |120  0.03962   2.3375e+01
121  0.16039   5.6222e+01 |122  0.29532   1.1022e+02 |123 -0.88142   4.4292e-01
124  0.15225   1.6791e+01 |125  0.03660  -1.9368e+00 |126 -0.17568  -4.6646e+00
127 -0.00540   3.5438e+01 |128 -0.01272   3.5432e+01 |129  0.04246   3.5360e+01
130  0.01800   3.5425e+01 |131 -0.01522   3.5429e+01 |132 -0.01318   3.5432e+01
133 -0.01480   3.5430e+01 |134 -0.00112   3.5439e+01 |135  0.01355   3.5431e+01
136 -0.02056   3.5421e+01 |137  0.02306   3.5416e+01 |138  0.01669   3.5427e+01
139 -0.05252   3.5319e+01 |140  0.00866   3.5436e+01 |141 -0.01578   3.5428e+01
142 -0.04531   3.5349e+01 |143  0.01844   3.5424e+01 |144  0.02802   3.5405e+01
145  0.02596   3.5410e+01 |146  0.03435   3.5388e+01 |147 -0.06898   3.5231e+01
148 -0.03213   3.5394e+01 |149 -0.03582   3.5383e+01 |150 -0.02271   3.5417e+01
151 -0.01995   3.5422e+01 |152  0.06653   3.5246e+01 |153  0.06202   3.5271e+01
154 -0.01244   3.5432e+01 |155 -0.00733   3.5437e+01 |156 -0.00495   3.5438e+01
157 -0.00555   3.5438e+01 |158 -0.03389   3.5389e+01 |159  0.03260   3.5393e+01
160 -0.01598   3.5428e+01 |161  0.03178   3.5395e+01 |162  0.06082   3.5278e+01
163 -0.03170   3.5395e+01 |164  0.00184   3.5439e+01 |165  0.01339   3.5431e+01
166  0.06279   3.5267e+01 |167 -0.00882   3.5436e+01 |168  0.01527   3.5429e+01
169 -0.00509  -3.2990e+03 |170  0.05022   7.4055e+01 |171  0.07547   9.1586e+00
172  0.04897  -8.3402e+00 |173  0.14278   5.0857e+01 |174  0.13524  -5.8262e+01
175 -0.25560   5.2802e+01 |176  0.10374   3.6839e+01 |177  0.08765   1.2507e+02
178  0.08516   6.2444e+00 |179  0.14592  -1.8563e+02 |180 -0.04568  -3.0084e+01
181  0.08765  -1.3184e+02 |182  0.01241   6.9085e+01 |183 -0.10732   6.2592e+01
184  0.08271   2.3919e+02 |185 -0.55124   4.3562e+01 |186  0.04230  -6.4490e+01
187  0.00644   1.7522e+02 |188  0.01391   1.6450e+02 |189  0.05474   7.3806e+01
190  0.06701  -5.0213e+00 |191  0.08012   6.8723e+01 |192  0.07550   1.5763e+02
193  0.00282  -1.0942e+01 |194 -0.27008   5.6499e+01 |195  0.03752   1.2759e+02
196  0.06074  -4.3708e+01 |197  0.00486  -3.3168e+01 |198  0.02731   1.2656e+01
199  0.01254   1.1762e+01 |200  0.04222   7.0039e+01 |201 -0.03857   2.5357e+01
202  0.09934  -2.5749e+02 |203  0.07142  -1.8217e+02 |204  0.10723  -1.1064e+02
205 -0.03251   5.1274e+01 |206 -0.34755   5.7822e+01 |207  0.01030   2.1507e+02
208 -0.34915   4.8880e+01 |209 -0.00256   4.1443e+01 |210  0.03191   2.6704e+01
211 -0.00505   6.7591e+01 |212 -0.05818   1.0474e+03 |213  0.00177   3.0577e+02
214 -0.03880  -2.3966e-08 |215 -0.63499  -9.1208e+01 |216 -0.67930   2.3046e+01
217 -0.02970  -1.0335e+02 |218 -0.17747   1.6358e+01 |219 -0.24351   1.6082e+01
220 -0.06231   3.1579e+01 |221  0.05717   4.1202e+01 |222  0.01535   3.9095e+01
223  0.00995   4.1334e+01 |224 -0.01041   3.7418e+01 |225 -0.00419   2.2912e+01
226  0.10631   1.6646e+01 |227  0.06249   1.6011e+01 |228  0.14637   2.5175e+01
229  0.08935   1.3810e+01 |230  0.04683   2.1637e+01 |231 -0.03525   9.2693e+00
232 -0.01555  -1.4410e+01 |233  0.11000   6.6349e+00 |234  0.14031   1.6807e+01
235 -0.13332   2.3081e+01 |236 -0.12512   2.1997e+01 |237  0.03585   4.7381e+01
238  0.02584   3.1898e+01 |239 -0.14538  -9.2518e+00 |240 -0.14749   2.9602e+01
241  0.01386   5.6063e+01 |242  0.06087   3.9459e+01 |243  0.03415   1.6711e+01
244 -0.05541   8.8206e+00 |245 -0.14399   1.5370e+01 |246 -0.20710   2.2931e+01
247 -0.08744   1.5494e+01 |248  0.01941   3.3782e+01 |249  0.07425   3.0397e+01
250  0.07754   2.4672e+01 |251  0.04999   2.9166e+01 |252 -0.02943   9.1972e+00
253  0.00142   2.5566e+01 |254  0.13231   1.8631e+01 |255  0.24771   1.4117e+01
256  0.27140   2.0797e+01 |257 -0.17713  -1.4046e+01 |258  0.08691  -6.6950e+02
259  0.13970  -5.3122e+02 |260 -0.86489   5.4816e+02 |261 -0.82968   3.5958e+02
262 -0.64354   2.1313e+01 |263 -0.30375  -2.4038e+01 |264  0.79206  -8.6824e+00
265 -0.56580  -1.7058e+01 |266  0.33539  -2.3391e+01 |267  0.46559  -2.0140e+01
268 -0.51100  -1.8801e+01 |269  0.44294  -2.0770e+01 |270 -0.49868  -1.9174e+01
271  0.50948  -1.8847e+01 |272  0.38958  -2.2149e+01 |273 -0.33703  -2.3355e+01
274  0.83960  -6.7461e+00 |275  0.39661  -2.1976e+01 |276 -1.37498   1.5033e+01
277  0.45067  -2.0558e+01 |278 -0.18662  -2.5905e+01 |279 -0.47755  -1.9797e+01
280 -0.36301  -2.2779e+01 |281  0.12030  -2.6578e+01 |282 -0.50689  -1.8926e+01
283 -0.50501  -1.8983e+01 |284  0.29527  -2.4201e+01 |285 -0.53909  -1.7924e+01
286  0.32418  -2.3627e+01 |287  0.29238  -2.4256e+01 |288  0.03487  -2.7019e+01
289 -0.30995  -2.3916e+01 |290  0.49582  -1.9260e+01 |291 -0.44392  -2.0743e+01
292 -0.47275  -1.9935e+01 |293 -0.41116  -2.1610e+01 |294  0.55396  -1.7446e+01
295 -0.59989  -1.5909e+01 |296  0.46115  -2.0265e+01 |297 -0.29266  -2.4251e+01
298 -0.60589  -1.5702e+01 |299 -0.51895  -1.8556e+01 |300  0.67485  -1.3228e+01
301  0.92383  -3.2300e+00 |302  0.95565  -1.8836e+00 |303  0.47227  -3.3366e+02
304 -0.43904  -2.4035e+01 |305 -0.84477  -2.8484e+00 |306  0.36446   1.8433e+01
307 -0.94593  -2.0769e+02 |308 -0.21468  -1.3563e+01 |
46.0718 21.4014 169.316 81.8247 
17.569 17.569 53.1503 63.956 
11.9729 18.9762 0 1.35581 2.53499 
0 6.05997 0 0 0.497266 24.465 0 
46.749 20.8156 169.52 81.8047 
15.773 15.773 52.9192 63.5667 
11.8052 19.2057 0 1.38787 2.35144 
0 5.96372 0 0 0.492665 24.0346 0 
46.3601 20.773 168.697 81.1411 
16.2026 16.2026 52.3043 63.9052 
11.7609 19.5681 0 1.55948 2.70277 
0 5.83363 0 0 0.495712 23.3824 0 
46.0468 20.7723 167.429 80.9082 
16.7982 16.7982 51.9798 63.6693 
11.7111 19.7571 0 1.61603 2.72328 
0 5.70429 0 0 0.501159 23.1792 0 
45.409 20.6686 165.254 79.8845 
17.5188 17.5188 52.4578 63.6612 
11.6417 19.3671 0 1.63775 2.85828 
0 5.49621 0 0 0.51192 23.0057 0 
43.9516 20.695 163.756 79.9449 
17.9288 17.9288 52.6268 63.1476 
11.6527 18.9111 0 1.673 3.11237 
0 5.19826 0 0 0.510896 22.526 0 
44.3983 20.3133 160.928 80.3467 
16.8173 16.8173 52.5568 62.3721 
11.7497 18.1077 0 1.55416 3.00101 
0 4.90118 0 0 0.498974 22.6937 0 
42.8854 20.4728 162.696 81.9744 
15.52 15.52 53.6003 60.6878 
11.7279 17.0298 0 1.46421 2.45226 
0 4.47289 0 0 0.475959 22.7397 0 
42.8805 20.2258 161.945 81.4748 
15.2365 15.2365 53.8494 60.5478 
11.6851 16.8837 0 1.46272 2.52865 
0 4.30749 0 0 0.458253 22.8889 0 
42.7027 19.5172 161.338 79.5169 
14.8471 14.8471 53.8505 60.1226 
11.4851 17.4179 0 1.41316 2.54122 
0 4.12006 0 0 0.455262 22.7917 0 
308 variables; iteration 110; function evaluation 132; phase 1
Function value   5.0794652e+02; maximum gradient component mag  -2.8053e+03
Var   Value    Gradient   |Var   Value    Gradient   |Var   Value    Gradient
  1 -2.10590  -8.6277e+00 |  2  0.23634   2.7149e+02 |  3  0.16797   2.9628e+01
  4  0.22808   1.4529e+02 |  5  0.18891  -1.1660e+01 |  6  0.20883   6.5282e+01
  7  0.18965   1.0678e+01 |  8  0.17852  -8.3837e+00 |  9  0.18304   4.5418e+01
 10  0.14505  -1.9778e+01 | 11  0.09903  -5.9510e+01 | 12  0.07923  -6.6741e+01
 13  0.12795   3.7818e+01 | 14  0.07967   3.3048e+00 | 15 -1.93872   3.5816e+00
 16  0.03987   1.0611e+01 | 17 -0.23229  -2.1620e-01 | 18 -0.23910  -2.5496e-02
 19 -0.05925  -1.6508e+00 | 20 -0.16028   3.6628e-01 | 21 -0.04782   1.1159e+01
 22  0.12516   1.8406e+01 | 23 -0.19852  -1.6662e-03 | 24 -2.09170  -1.0760e+01
 25  0.14193   2.5684e+01 | 26  0.16878   3.6765e+01 | 27  0.18970   5.9047e+01
 28  0.18262   4.2174e+01 | 29  0.15830  -2.2531e+00 | 30  0.16601   2.9498e+01
 31  0.04678  -6.9152e+01 | 32  0.13186  -1.7260e+01 | 33  0.12011  -6.3481e+00
 34  0.09197  -7.6665e-01 | 35  0.09455  -2.8225e+01 | 36  0.11761  -3.5188e+01
 37  0.05512  -5.4711e+01 | 38  0.05399  -1.1098e+01 | 39  0.00267  -4.6602e+00
 40 -0.59058  -1.1048e+00 | 41 -1.90823  -1.4375e-01 | 42 -1.47273   1.2645e-01
 43 -0.26040  -5.9889e+00 | 44 -0.07395  -4.5832e+00 | 45 -0.03426   5.5459e+00
 46 -0.02405   2.9759e+01 | 47 -0.06194   3.7141e+01 | 48 -0.07898   3.9115e+01
 49  0.11481   1.2413e+02 | 50  0.06248   7.6331e+01 | 51  0.15191   8.4250e+01
 52  0.06289   4.2252e+01 | 53 -0.09383   2.1522e+01 | 54 -0.04744   3.5243e+01
 55 -1.51262   4.9718e+00 | 56 -0.04693   3.7150e+01 | 57  0.16301   8.5911e+01
 58 -1.95802  -1.4967e+01 | 59  0.20518   7.2700e+01 | 60 -0.00652   4.2376e+01
 61  0.00320   3.3581e+01 | 62 -0.03317   1.4994e+01 | 63 -0.13906   7.2348e+00
 64  0.04408   2.5105e+01 | 65  0.02022   1.7383e+01 | 66  0.10448   2.3081e+01
 67 -0.12894   7.4116e+00 | 68 -0.13316   6.2980e+00 | 69 -0.00372   2.0325e+01
 70 -0.09293   1.5172e+01 | 71 -0.04888   1.7309e+01 | 72 -0.01335   1.9965e+01
 73  0.10822   4.2789e+01 | 74  0.03415   2.6574e+01 | 75  0.09741   4.3478e+01
 76 -0.03248   3.6351e+01 | 77 -0.05389   4.3943e+01 | 78 -0.03551   5.2487e+01
 79  0.10375   8.5042e+01 | 80  0.24494   8.4402e+01 | 81  1.30900  -4.5006e+00
 82 -0.06856   1.4424e+01 | 83  0.01307   1.5960e+01 | 84  2.02231  -8.5974e+00
 85 -0.10329   3.2353e-02 | 86  0.22448   6.2617e-01 | 87  0.17260  -3.3283e+01
 88  0.15940  -6.8552e+00 | 89 -0.06598   2.1454e+00 | 90 -0.09811  -6.7930e-02
 91  0.03842   3.4822e+00 | 92  0.01855   4.8357e+00 | 93  0.01307   7.8690e+00
 94  0.09573   2.2745e+01 | 95 -0.07022   6.2977e+00 | 96 -0.12280   8.4642e-01
 97 -0.10603  -9.0633e-01 | 98  0.01923   3.4684e+00 | 99  0.21020   5.4266e+01
100  0.21204   5.1841e+01 |101 -0.02002   6.1084e-01 |102 -0.11202   5.9858e-01
103 -0.02387   7.6462e-01 |104  0.12870  -4.4236e+00 |105 -0.13178  -2.0923e+00
106 -0.25436  -2.5905e+00 |107 -0.18091  -4.7630e+00 |108  0.12979  -1.0282e+01
109  0.10176  -6.5848e+00 |110  0.08404  -5.1180e-01 |111 -0.15746  -5.6034e+00
112 -0.09779   1.9219e+00 |113 -0.11511  -4.5781e-01 |114 -0.04292  -1.2548e+00
115  0.17871   4.9139e-01 |116  0.06649   6.5081e+00 |117 -0.07592  -1.2108e+00
118  0.01068   7.9439e+00 |119  0.01333   1.6688e+01 |120  0.02864   2.2099e+01
121  0.14571   4.4161e+01 |122  0.26503   8.6815e+01 |123 -0.89136   1.4765e+00
124  0.12639   2.6152e+01 |125  0.10815   1.1104e+01 |126 -0.11248   3.4104e+00
127 -0.00753   2.7482e+01 |128 -0.01522   2.7476e+01 |129  0.04615   2.7411e+01
130  0.01787   2.7473e+01 |131 -0.01781   2.7473e+01 |132 -0.01570   2.7475e+01
133 -0.01738   2.7473e+01 |134 -0.00299   2.7483e+01 |135  0.01293   2.7478e+01
136 -0.02333   2.7465e+01 |137  0.02356   2.7465e+01 |138  0.01640   2.7474e+01
139 -0.05544   2.7379e+01 |140  0.00756   2.7482e+01 |141 -0.01840   2.7472e+01
142 -0.04830   2.7404e+01 |143  0.01835   2.7472e+01 |144  0.02921   2.7455e+01
145  0.02685   2.7459e+01 |146  0.03654   2.7438e+01 |147 -0.07156   2.7310e+01
148 -0.03511   2.7442e+01 |149 -0.03883   2.7432e+01 |150 -0.02553   2.7461e+01
151 -0.02270   2.7466e+01 |152  0.07623   2.7287e+01 |153  0.07039   2.7316e+01
154 -0.01492   2.7476e+01 |155 -0.00956   2.7480e+01 |156 -0.00706   2.7482e+01
157 -0.00769   2.7481e+01 |158 -0.03688   2.7437e+01 |159  0.03450   2.7443e+01
160 -0.01860   2.7472e+01 |161  0.03355   2.7445e+01 |162  0.06886   2.7323e+01
163 -0.03468   2.7443e+01 |164  0.00018   2.7483e+01 |165  0.01275   2.7478e+01
166  0.07138   2.7311e+01 |167 -0.01113   2.7479e+01 |168  0.01483   2.7476e+01
169 -0.00274  -2.8053e+03 |170  0.03023   5.3982e+01 |171  0.06682   6.2578e+01
172  0.05485   3.1106e+01 |173  0.13304   6.2043e+01 |174  0.12443  -1.0875e+02
175 -0.24274   4.4899e+01 |176  0.09091   2.1158e+01 |177  0.09299   1.8569e+02
178  0.08319   4.2555e+01 |179  0.14177  -1.4747e+02 |180 -0.03054  -4.8913e+01
181  0.09147  -1.3318e+02 |182  0.01703   8.4249e+01 |183 -0.05241   6.5275e+01
184  0.07494   1.6370e+02 |185 -0.51952   4.1303e+01 |186  0.03024  -1.3710e+02
187 -0.03090   8.0405e+01 |188  0.00252   1.4357e+02 |189  0.05022   1.2314e+02
190  0.05601   2.7694e+01 |191  0.08465   1.2129e+02 |192  0.05630   1.4631e+02
193  0.01888   4.0243e+01 |194 -0.18326   5.0777e+01 |195  0.00452   3.4476e+01
196  0.06034  -3.0268e+01 |197  0.00812  -2.4240e+01 |198  0.02351   4.1816e+01
199  0.01935   3.3427e+01 |200  0.03592   5.4588e+01 |201 -0.04893   1.8267e+01
202  0.10070  -1.8563e+02 |203  0.07756  -1.9232e+02 |204  0.10685  -1.6502e+02
205 -0.03623   3.9507e+01 |206 -0.47877   4.4442e+01 |207  0.00244   2.0131e+02
208 -0.33582   4.2441e+01 |209 -0.00698   4.5647e+01 |210  0.04009   4.0658e+01
211  0.07862   6.0434e+01 |212 -0.05867   9.3684e+02 |213  0.00026   9.9338e+01
214 -0.03880  -2.3966e-08 |215 -0.62204  -1.0560e+02 |216 -0.65421   6.6614e+01
217 -0.01636  -1.9854e+01 |218 -0.17034   2.1782e+00 |219 -0.22362   8.9317e+00
220 -0.08536   1.6644e+01 |221  0.01960   3.0414e+01 |222  0.01872   3.7264e+01
223  0.02012   4.3854e+01 |224 -0.00275   4.0924e+01 |225 -0.00444   2.7766e+01
226  0.10932   2.1302e+01 |227  0.05952   1.5605e+01 |228  0.14508   1.8948e+01
229  0.09593   1.2466e+01 |230  0.06643   3.0061e+01 |231 -0.01388   2.1586e+01
232  0.00242   2.1640e+00 |233  0.09873   5.3200e+00 |234  0.13985   1.7245e+01
235 -0.13186   1.1474e+01 |236 -0.10467   3.2262e+01 |237  0.05552   4.7924e+01
238  0.06114   3.7733e+01 |239 -0.13458  -1.3928e+01 |240 -0.16129   1.6185e+01
241 -0.04771   4.0189e+01 |242  0.03643   3.8738e+01 |243  0.04761   1.6231e+01
244 -0.05906   5.5612e+00 |245 -0.14293   1.5616e+01 |246 -0.21674   2.4812e+01
247 -0.09663   2.1842e+01 |248  0.03224   3.9755e+01 |249  0.09520   2.9835e+01
250  0.09491   2.5558e+01 |251  0.05024   2.7475e+01 |252 -0.03641   1.0488e+01
253 -0.00710   2.1923e+01 |254  0.12818   1.7469e+01 |255  0.24315   1.8591e+01
256  0.23756   1.0704e+01 |257 -0.19441  -2.8126e+01 |258  0.08691  -6.9460e+02
259  0.14436  -2.9321e+02 |260 -0.86524   5.2858e+02 |261 -0.83204   2.8213e+02
262 -0.73680   2.0394e+01 |263 -0.27906   1.9297e+02 |264  0.72200   9.0135e+01
265 -0.60352   1.2431e+02 |266  0.23927   1.9824e+02 |267  0.45523   1.6091e+02
268 -0.51093   1.4809e+02 |269  0.43818   1.6460e+02 |270 -0.47998   1.5536e+02
271  0.54238   1.4034e+02 |272  0.26728   1.9461e+02 |273 -0.23951   1.9821e+02
274  0.64315   1.1330e+02 |275  0.27359   1.9374e+02 |276 -1.11980  -3.9867e+01
277  0.33100   1.8495e+02 |278  0.24629   1.9737e+02 |279 -0.15646   2.0671e+02
280 -0.53710   1.4166e+02 |281  0.11001   2.0994e+02 |282 -0.67345   1.0459e+02
283 -0.28379   1.9229e+02 |284  0.26661   1.9470e+02 |285 -0.29029   1.9134e+02
286  0.23793   1.9840e+02 |287  0.25588   1.9613e+02 |288 -0.09724   2.1064e+02
289 -0.27406   1.9367e+02 |290  0.48875   1.5334e+02 |291 -0.60351   1.2431e+02
292 -0.63151   1.1658e+02 |293 -0.54917   1.3862e+02 |294  0.43891   1.6444e+02
295 -0.62656   1.1797e+02 |296  0.46003   1.5986e+02 |297 -0.08231   2.1134e+02
298 -0.52535   1.4458e+02 |299 -0.39109   1.7415e+02 |300  1.03957  -1.3238e+01
301  0.77371   7.4167e+01 |302  0.65521   1.0986e+02 |303  0.46810  -4.4347e+02
304 -0.39493   3.7593e+00 |305 -0.84963   5.6210e+00 |306  0.33235   1.7270e+01
307 -0.94686  -3.5463e+02 |308 -0.21370   2.8753e+01 |
41.8834 17.715 160.305 78.4765 
15.046 15.046 53.1781 60.1602 
11.1085 18.6533 0 1.50853 2.87441 
0 3.96078 0 0 0.462845 22.8727 0 
42.7089 16.6413 156.133 77.3442 
13.9104 13.9104 52.406 59.6554 
10.9016 20.7212 0 1.39771 3.71763 
0 3.924 0 0 0.483203 23.2376 0 
41.3713 15.7572 155.8 73.973 
14.9317 14.9317 52.949 58.7865 
10.9627 21.3921 0 1.29899 3.74099 
0 3.97991 0 0 0.483072 23.2644 0 
38.4413 15.7811 156.446 71.2846 
15.4368 15.4368 53.2503 56.9813 
10.8251 21.6699 0 1.16206 3.47074 
0 4.04886 0 0 0.491587 24.1384 0 
37.3304 15.5315 156.627 69.1024 
15.9832 15.9832 51.6153 56.8494 
10.59 19.7505 0 1.05346 3.65599 
0 4.16474 0 0 0.501185 24.4086 0 
36.6212 15.3558 156.86 67.2661 
16.262 16.262 50.9926 56.272 
10.4517 19.0274 0 0.907757 4.0808 
0 4.33534 0 0 0.511457 24.171 0 
35.6601 14.3067 157.662 66.0324 
15.8905 15.8905 50.3208 55.7098 
10.3716 19.0946 0 0.826584 4.55307 
0 4.41322 0 0 0.516381 23.6187 0 
32.5808 13.1552 159.777 64.3317 
15.3026 15.3026 49.2101 55.6282 
10.4239 18.694 0 0.745434 4.70961 
0 4.43039 0 0 0.512695 23.2005 0 
32.532 13.1006 158.655 63.5043 
16.1849 16.1849 49.771 55.4871 
10.5576 19.1178 0 0.652907 4.20267 
0 4.25337 0 0 0.520692 24.2138 0 
32.4223 13.0441 158.55 63.498 
15.5993 15.5993 49.4093 55.4856 
10.4607 18.7886 0 0.692623 4.42084 
0 4.32104 0 0 0.515718 23.642 0 
32.6461 12.1886 157.403 62.0763 
16.0615 16.0615 49.4 55.1787 
10.5575 18.3784 0 0.674018 4.17686 
0 4.05194 0 0 0.509945 23.8726 0 
308 variables; iteration 120; function evaluation 143; phase 1
Function value   4.5978570e+02; maximum gradient component mag  -2.9042e+03
Var   Value    Gradient   |Var   Value    Gradient   |Var   Value    Gradient
  1 -2.09406  -1.6517e+00 |  2  0.22181   1.0790e+02 |  3  0.18639   2.1359e+01
  4  0.22312   7.2535e+01 |  5  0.19498  -1.7543e+01 |  6  0.20871   3.6284e+01
  7  0.18434  -1.5256e+00 |  8  0.18188  -1.6890e+01 |  9  0.17598  -4.1090e+00
 10  0.14798  -1.7321e+01 | 11  0.12174  -3.5685e+01 | 12  0.05727  -3.8622e+01
 13  0.12762   2.0769e+01 | 14  0.09142   1.0596e+01 | 15 -1.94069   3.7643e+00
 16 -0.00360   6.2773e+00 | 17 -0.19311  -1.1405e-01 | 18 -0.24012   3.0470e-05
 19 -0.03709   8.1064e-01 | 20 -0.14946   4.8669e-01 | 21 -0.49166  -4.1527e-02
 22  0.06405  -7.6824e-01 | 23 -0.19793  -4.3469e-03 | 24 -2.07113  -4.3198e+00
 25  0.14478   1.8038e+01 | 26  0.14235  -1.1829e+01 | 27  0.19033   2.4998e+01
 28  0.19113   2.7569e+01 | 29  0.18351   2.6721e+01 | 30  0.17254   1.2678e+01
 31  0.18540   4.8426e+01 | 32  0.13628  -3.1857e+01 | 33  0.14527   4.9109e+00
 34  0.10637  -1.0092e+01 | 35  0.10684  -3.8105e+01 | 36  0.12707  -5.1322e+01
 37  0.09933  -5.7700e+01 | 38  0.08162   3.9840e+00 | 39  0.02956   4.1168e+00
 40 -1.40983   1.1057e+00 | 41 -1.93470  -1.1642e+00 | 42 -1.66376   9.1180e-01
 43  0.06852  -5.1045e+00 | 44 -0.15415  -5.7423e+00 | 45 -0.08347   4.6554e+00
 46 -0.08946   1.5084e+01 | 47 -0.12716   1.5598e+01 | 48 -0.13668   1.4823e+01
 49  0.05577   7.3024e+01 | 50  0.03217   5.5603e+01 | 51  0.11787   7.3293e+01
 52  0.05152   3.8886e+01 | 53 -0.17628   1.7346e+00 | 54 -0.05125   2.1136e+01
 55 -1.57972   1.2757e+01 | 56 -0.02139   2.5131e+01 | 57  0.15950   5.5290e+01
 58 -1.85709   7.9627e+00 | 59  0.17747   2.7926e+01 | 60 -0.04911   1.5751e+01
 61 -0.07168   6.7247e+00 | 62 -0.09484  -3.2011e+00 | 63 -0.11343  -2.7215e+00
 64  0.03272   5.5210e+00 | 65 -0.00555  -4.7093e+00 | 66  0.08349   5.2881e+00
 67  0.01633   1.2815e+01 | 68 -0.05484   5.2428e+00 | 69 -0.00281   1.4481e+01
 70 -0.04069   8.9719e+00 | 71  0.01653   8.9819e+00 | 72 -0.01293   4.4194e+00
 73  0.08640   2.1009e+01 | 74  0.02902   1.2990e+01 | 75  0.11038   3.5257e+01
 76 -0.04580   2.2578e+01 | 77 -0.03627   4.2143e+01 | 78 -0.01778   5.4433e+01
 79  0.12529   1.0215e+02 | 80  0.26863   1.2951e+02 | 81  1.42165   1.1968e+00
 82 -0.09434   2.3606e+00 | 83  0.00912   3.8684e+00 | 84  1.87458  -2.8806e+00
 85  0.05970   5.8683e+00 | 86  0.17836   1.4449e+00 | 87  0.18703  -1.7465e+01
 88  0.02134  -7.6107e-02 | 89 -0.12231   1.7135e+00 | 90 -0.12654   6.6675e-01
 91 -0.00561   7.7724e+00 | 92  0.00754   6.7844e+00 | 93  0.04000   1.1065e+01
 94  0.07150   2.1481e+01 | 95 -0.10519   4.4003e+00 | 96 -0.07205   5.0025e+00
 97  0.01957   8.2914e+00 | 98 -0.01183   1.2518e+00 | 99  0.20244   6.0418e+01
100  0.19413   4.7564e+01 |101 -0.04293  -4.0535e+00 |102 -0.06424   3.0287e+00
103 -0.13452  -7.0596e+00 |104  0.10987  -8.3268e+00 |105  0.06112  -2.5924e+00
106 -0.02458   1.3894e+00 |107 -0.04446  -4.1246e+00 |108  0.12635  -9.9084e+00
109  0.10445  -1.3053e+01 |110  0.09252  -9.8286e+00 |111 -0.24021  -1.1936e+01
112 -0.18053  -1.3670e+00 |113 -0.21372  -5.5333e+00 |114 -0.02980  -1.4322e-01
115  0.17336   5.7195e-01 |116  0.05679   2.8335e+00 |117 -0.12000  -7.8993e+00
118  0.03891   6.5895e+00 |119  0.00338   1.1768e+01 |120  0.01289   1.7852e+01
121  0.15797   5.0930e+01 |122  0.24378   9.2451e+01 |123 -0.90828   7.0908e-01
124  0.13596   3.6152e+01 |125  0.02060   2.0090e+00 |126 -0.12611  -1.4525e-01
127 -0.01258   8.4522e+00 |128 -0.02081   8.4493e+00 |129  0.05373   8.4237e+00
130  0.01661   8.4509e+00 |131 -0.02354   8.4480e+00 |132 -0.02132   8.4491e+00
133 -0.02308   8.4483e+00 |134 -0.00759   8.4532e+00 |135  0.01067   8.4526e+00
136 -0.02926   8.4449e+00 |137  0.02365   8.4480e+00 |138  0.01483   8.4515e+00
139 -0.06091   8.4152e+00 |140  0.00435   8.4536e+00 |141 -0.02415   8.4477e+00
142 -0.05406   8.4234e+00 |143  0.01720   8.4507e+00 |144  0.03083   8.4439e+00
145  0.02781   8.4458e+00 |146  0.04049   8.4367e+00 |147 -0.07616   8.3934e+00
148 -0.04115   8.4362e+00 |149 -0.04483   8.4329e+00 |150 -0.03151   8.4435e+00
151 -0.02862   8.4453e+00 |152  0.09995   8.3499e+00 |153  0.09037   8.3688e+00
154 -0.02050   8.4494e+00 |155 -0.01478   8.4515e+00 |156 -0.01207   8.4523e+00
157 -0.01275   8.4521e+00 |158 -0.04291   8.4346e+00 |159  0.03776   8.4390e+00
160 -0.02436   8.4476e+00 |161  0.03651   8.4399e+00 |162  0.08791   8.3733e+00
163 -0.04072   8.4365e+00 |164 -0.00406   8.4537e+00 |165  0.01045   8.4527e+00
166  0.09197   8.3658e+00 |167 -0.01647   8.4510e+00 |168  0.01294   8.4521e+00
169  0.00440  -2.9042e+03 |170  0.00136  -9.3748e+01 |171  0.02795  -6.5703e+01
172  0.04009  -2.5545e+01 |173  0.10301  -1.0698e+01 |174  0.09777  -1.6682e+02
175 -0.16442  -3.6743e+01 |176  0.05791  -1.2154e+02 |177  0.04709   3.7705e+00
178  0.07608  -3.0976e+01 |179  0.12833  -1.9796e+02 |180 -0.04197  -1.1484e+02
181  0.08773  -1.1563e+02 |182 -0.01109  -2.7050e+01 |183 -0.11023  -2.3703e+01
184  0.05525   9.1931e+01 |185 -0.48621  -9.6391e+00 |186  0.02463  -1.3684e+02
187 -0.07506  -2.8134e+01 |188  0.00040   6.5333e+01 |189  0.04519   4.1795e+01
190  0.04414  -3.5899e+01 |191  0.08941   1.4568e+02 |192  0.04828   3.0269e+01
193  0.00650  -8.9567e+01 |194 -0.12203  -3.0113e+01 |195 -0.01796  -5.6563e+01
196  0.06922  -3.6390e+00 |197  0.01819  -6.1162e+01 |198  0.01461  -2.2096e+01
199  0.01817  -3.3016e+01 |200  0.02849  -2.0599e+01 |201 -0.03190  -5.0965e+01
202  0.09745  -2.1415e+02 |203  0.09830  -2.6021e+02 |204  0.09901  -2.3901e+02
205 -0.00040  -3.0877e+01 |206 -0.51505  -8.4899e+00 |207 -0.02457   5.7263e+01
208 -0.27766  -2.8367e+01 |209 -0.01041   8.7837e+00 |210  0.03368  -1.9994e+01
211  0.31856  -1.0791e+01 |212 -0.05036   9.5270e+02 |213  0.00931   3.0517e+02
214 -0.03880  -2.3966e-08 |215 -0.60802  -8.0640e+01 |216 -0.65401   3.2649e+01
217 -0.01809  -1.5650e+02 |218 -0.19925  -1.7323e+01 |219 -0.19169   1.7316e+01
220 -0.04350   1.4554e+01 |221  0.02316   1.7288e+01 |222  0.01407   3.3812e+01
223  0.01717   2.9236e+01 |224 -0.02387   9.1615e+00 |225 -0.02422   8.4110e+00
226  0.10690   1.0663e+01 |227  0.06421   1.4627e+01 |228  0.12689   1.1827e+01
229  0.07145  -9.2602e+00 |230  0.07802   1.1895e+01 |231  0.00409   1.4482e+01
232  0.02022   7.5325e+00 |233  0.09657  -5.4031e+00 |234  0.17402   3.1357e+01
235 -0.15635  -1.1267e+01 |236 -0.12480   1.9748e+01 |237  0.01246   2.8063e+01
238  0.06656   3.8920e+01 |239 -0.11695  -7.5041e+00 |240 -0.13891   1.4447e+01
241 -0.04109   2.2695e+01 |242  0.04314   3.2375e+01 |243  0.07362   1.7679e+01
244 -0.03082   1.6559e+01 |245 -0.12273   2.8192e+01 |246 -0.22205   1.3779e+01
247 -0.10866   2.6581e+00 |248  0.04148   3.4810e+01 |249  0.08518   1.6518e+01
250  0.08043   1.9559e+01 |251  0.03412   1.8156e+01 |252 -0.04307   6.8432e+00
253 -0.02828   9.3110e+00 |254  0.11162   4.9917e+00 |255  0.23454   1.1732e+01
256  0.23753   7.5572e+00 |257 -0.18727  -4.7394e+01 |258  0.09704  -1.0518e+02
259  0.14894  -5.2011e+01 |260 -0.86140   4.1928e+02 |261 -0.84087   9.7936e+01
262 -0.67243  -1.5320e+01 |263 -0.09252  -1.2133e+02 |264  0.61134  -7.0297e+01
265 -0.45358  -9.2794e+01 |266  0.22831  -1.1482e+02 |267  0.40305  -9.8858e+01
268 -0.49538  -8.7335e+01 |269  0.54543  -8.0304e+01 |270 -0.47018  -9.0673e+01
271  0.42578  -9.6205e+01 |272  0.14005  -1.1967e+02 |273 -0.29715  -1.0951e+02
274  0.72418  -5.1480e+01 |275  0.13907  -1.1971e+02 |276 -0.85925  -2.6890e+01
277  0.18470  -1.1750e+02 |278  0.25461  -1.1295e+02 |279 -0.15930  -1.1880e+02
280 -0.70215  -5.5301e+01 |281 -0.02097  -1.2256e+02 |282 -0.62776  -6.7684e+01
283 -0.27747  -1.1116e+02 |284  0.42212  -9.6641e+01 |285 -0.18460  -1.1750e+02
286  0.25998  -1.1254e+02 |287  0.40098  -9.9093e+01 |288 -0.12692  -1.2019e+02
289 -0.09391  -1.2129e+02 |290  0.44180  -9.4262e+01 |291 -0.49085  -8.7944e+01
292 -0.60881  -7.0697e+01 |293 -0.47091  -9.0578e+01 |294  0.47199  -9.0438e+01
295 -0.55021  -7.9606e+01 |296  0.41616  -9.7343e+01 |297 -0.02328  -1.2254e+02
298 -0.70639  -5.4571e+01 |299 -0.37128  -1.0235e+02 |300  0.94951  -9.7158e+00
301  0.54178  -8.0835e+01 |302  0.45689  -9.2376e+01 |303  0.46900  -1.2508e+02
304 -0.34806   4.6530e+01 |305 -0.86826   7.1527e+00 |306  0.27538   5.0745e+00
307 -0.94884  -5.5168e+02 |308 -0.19459   8.9685e+01 |
33.464 11.6037 155.6 60.9397 
15.7442 15.7442 50.0479 54.8613 
10.8468 18.5739 0 0.677638 4.4537 
0 3.70926 0 0 0.498089 23.7908 0 
34.8287 10.9531 153.279 60.8985 
14.9669 14.9669 50.3589 55.0171 
10.9237 17.8084 0 0.730939 4.83152 
0 3.53056 0 0 0.489498 23.7496 0 
33.3452 10.5279 153.693 60.764 
13.9446 13.9446 50.1361 55.0632 
11.0724 17.5567 0 0.693687 5.69173 
0 3.44658 0 0 0.51856 23.6686 0 
34.0248 10.6366 153.282 60.6461 
14.3439 14.3439 50.2336 55.0095 
10.9941 17.5654 0 0.710887 5.283 
0 3.46909 0 0 0.502923 23.7028 0 
33.4258 10.3999 151.853 61.0146 
14.7198 14.7198 50.193 55.0364 
11.0003 17.6155 0 0.705283 5.42765 
0 3.45026 0 0 0.528371 23.8475 0 
32.1293 10.6115 151.463 61.0896 
14.7178 14.7178 49.2271 55.4614 
11.0079 17.4562 0 0.690534 5.27298 
0 3.44786 0 0 0.558062 23.8958 0 
32.6696 10.7267 150.016 60.6659 
15.4646 15.4646 48.5371 55.7049 
11.0796 16.3957 0 0.647602 4.58224 
0 3.4392 0 0 0.568845 24.185 0 
30.8234 10.8739 150.679 59.6532 
14.3678 14.3678 48.7715 55.9724 
11.1712 16.376 0 0.634397 5.23475 
0 3.36015 0 0 0.538678 25.3785 0 
30.8325 10.9089 150.401 59.2613 
14.3884 14.3884 49.069 55.9823 
11.1459 15.9114 0 0.661435 5.25017 
0 3.27235 0 0 0.522908 25.171 0 
30.9949 11.1796 150.84 59.2905 
14.3087 14.3087 48.4819 55.8228 
11.0616 15.1086 0 0.621986 5.7694 
0 3.13861 0 0 0.52516 24.813 0 
30.0393 11.1539 150.396 59.8509 
14.7809 14.7809 48.4521 55.8198 
10.9716 14.5849 0 0.615616 6.55864 
0 3.02977 0 0 0.539274 24.5787 0 
308 variables; iteration 130; function evaluation 154; phase 1
Function value   4.4176910e+02; maximum gradient component mag  -2.4301e+03
Var   Value    Gradient   |Var   Value    Gradient   |Var   Value    Gradient
  1 -2.08973  -2.7093e+00 |  2  0.21301   7.3480e+01 |  3  0.19662   3.2249e+01
  4  0.22385   9.3636e+01 |  5  0.20218   1.0047e+01 |  6  0.20519   4.1095e+01
  7  0.19040   2.8856e+01 |  8  0.18587   1.9906e+01 |  9  0.18252   4.2243e+01
 10  0.15584  -1.2861e+00 | 11  0.11143  -3.3616e+01 | 12  0.13784   3.6990e+00
 13  0.11820   3.9141e+01 | 14  0.10166   3.8096e+01 | 15 -1.93238   3.8523e+00
 16 -0.00149   2.6930e+00 | 17 -0.16479   4.1631e-02 | 18 -0.23992  -1.5428e-02
 19 -0.07094  -2.8821e+00 | 20 -0.13284   5.9791e-01 | 21 -0.52233  -8.1256e-04
 22  0.02894  -3.2026e+00 | 23 -0.19729   2.1931e-04 | 24 -1.78062   1.4289e+00
 25  0.10488   2.3541e+00 | 26  0.13462  -7.5885e+00 | 27  0.17637   1.7894e+01
 28  0.18300   3.6448e+01 | 29  0.15233  -1.1821e+01 | 30  0.15837   5.7571e+00
 31  0.16596   2.5139e+01 | 32  0.13773  -1.0177e+01 | 33  0.10141  -1.7861e+01
 34  0.09313  -3.9085e+00 | 35  0.07185  -2.5140e+01 | 36  0.10794  -5.1163e+01
 37  0.06571  -2.9876e+01 | 38  0.05374   1.4612e+01 | 39 -0.00055  -1.1263e+00
 40 -1.45109   1.1989e+00 | 41 -1.87817   2.2618e-01 | 42 -1.81494   4.8246e-01
 43  0.03796  -2.8755e+01 | 44 -0.14348  -1.1921e+01 | 45 -0.01516   4.8006e+00
 46 -0.08803   1.1156e+01 | 47 -0.12422   1.2385e+01 | 48 -0.13209   1.1806e+01
 49  0.05032   6.2616e+01 | 50  0.03016   5.1334e+01 | 51  0.11630   7.6582e+01
 52  0.06581   3.9630e+01 | 53 -0.18666  -4.2752e+00 | 54 -0.04579   9.4679e+00
 55 -1.49709   1.6017e+01 | 56  0.01839   1.5085e+01 | 57  0.11298   2.6765e+01
 58 -1.88436   4.8521e+00 | 59  0.18372   4.0354e+01 | 60 -0.05966   1.0618e+01
 61 -0.03723   6.6281e+00 | 62 -0.05389  -4.1768e+00 | 63 -0.09203  -2.0818e+00
 64  0.02959   1.1473e+01 | 65 -0.01241   3.5142e+00 | 66  0.06560   1.8195e+01
 67  0.01989   1.9078e+01 | 68 -0.04487   6.2417e+00 | 69 -0.04517   8.6077e+00
 70 -0.06526   8.3619e+00 | 71  0.02302   1.6991e+01 | 72  0.01367   1.2737e+01
 73  0.07261   1.9338e+01 | 74  0.03764   8.2278e+00 | 75  0.11219   2.0272e+01
 76 -0.07943   8.0567e+00 | 77 -0.06768   2.1207e+01 | 78 -0.00030   4.5699e+01
 79  0.11139   6.8468e+01 | 80  0.28127   9.5348e+01 | 81  1.38665   2.0657e+00
 82 -0.09381   1.5068e+00 | 83 -0.02994   1.2707e-01 | 84  1.87530  -1.2828e+00
 85  0.01300  -6.6141e+00 | 86  0.17797  -2.3825e+01 | 87  0.16851  -5.2999e+01
 88 -0.00956  -1.2790e+01 | 89 -0.14686  -7.5772e+00 | 90 -0.09262  -5.1693e+00
 91  0.00140  -1.7446e+00 | 92 -0.02279  -5.0418e+00 | 93  0.01770  -3.5812e+00
 94  0.11427   1.2798e+01 | 95 -0.07036  -1.8018e+00 | 96 -0.14427  -6.6438e+00
 97 -0.10969  -8.7282e+00 | 98  0.03980  -8.2310e+00 | 99  0.16283   1.1357e+01
100  0.17284   2.2831e+01 |101  0.03081  -4.8702e+00 |102 -0.03867  -2.7786e-01
103 -0.00149   1.0496e+00 |104  0.07801  -7.4059e+00 |105 -0.02481  -1.1313e+01
106 -0.11061  -1.1831e+01 |107 -0.02539  -7.9204e+00 |108  0.02278  -1.3526e+01
109  0.09290  -9.8408e+00 |110  0.13562  -4.4373e+00 |111 -0.09009  -1.3390e+01
112 -0.21143  -1.0837e+01 |113 -0.21014  -9.7729e+00 |114 -0.07530  -6.9415e+00
115  0.18471   1.9905e+01 |116  0.06134   5.9632e+00 |117  0.01304  -4.5196e+00
118  0.05553   4.0846e-01 |119  0.02129   2.2910e-01 |120 -0.00640  -1.7510e+00
121  0.15546   3.5255e+01 |122  0.23629   9.1649e+01 |123 -0.86460  -5.4903e-01
124  0.12750   2.2583e+01 |125  0.05763  -7.4785e-01 |126 -0.12297  -7.7140e+00
127 -0.01536  -8.4378e+00 |128 -0.02379  -8.4344e+00 |129  0.05660  -8.4069e+00
130  0.01540  -8.4378e+00 |131 -0.02656  -8.4329e+00 |132 -0.02431  -8.4341e+00
133 -0.02610  -8.4332e+00 |134 -0.01021  -8.4392e+00 |135  0.00902  -8.4394e+00
136 -0.03233  -8.4294e+00 |137  0.02303  -8.4347e+00 |138  0.01348  -8.4384e+00
139 -0.06360  -8.3982e+00 |140  0.00230  -8.4402e+00 |141 -0.02718  -8.4326e+00
142 -0.05691  -8.4066e+00 |143  0.01604  -8.4376e+00 |144  0.03092  -8.4303e+00
145  0.02758  -8.4323e+00 |146  0.04164  -8.4222e+00 |147 -0.07844  -8.3763e+00
148 -0.04419  -8.4199e+00 |149 -0.04783  -8.4165e+00 |150 -0.03459  -8.4278e+00
151 -0.03168  -8.4298e+00 |152  0.11084  -8.3126e+00 |153  0.09937  -8.3376e+00
154 -0.02347  -8.4345e+00 |155 -0.01763  -8.4370e+00 |156 -0.01484  -8.4380e+00
157 -0.01554  -8.4377e+00 |158 -0.04593  -8.4183e+00 |159  0.03860  -8.4248e+00
160 -0.02739  -8.4325e+00 |161  0.03720  -8.4259e+00 |162  0.09644  -8.3436e+00
163 -0.04377  -8.4203e+00 |164 -0.00654  -8.4398e+00 |165  0.00878  -8.4395e+00
166  0.10128  -8.3337e+00 |167 -0.01936  -8.4364e+00 |168  0.01145  -8.4389e+00
169  0.00696  -2.4301e+03 |170  0.01182  -4.4798e+01 |171  0.02364  -3.3058e+01
172  0.04757   1.9932e+01 |173  0.09705   2.7352e+01 |174  0.09868  -1.2097e+02
175 -0.16821  -1.5424e+01 |176  0.06454  -9.3469e+01 |177  0.02681  -2.8118e+00
178  0.07165  -1.7996e+01 |179  0.12887  -3.8056e+01 |180 -0.03950  -8.8847e+01
181  0.08450  -3.0562e+01 |182 -0.01380   2.5097e+00 |183 -0.09909  -6.5242e+00
184  0.03912  -9.8759e+00 |185 -0.45534   5.7425e+00 |186  0.02679  -2.2881e+01
187 -0.07257  -9.3535e-01 |188 -0.00854   5.9552e+01 |189  0.03630   2.4760e+01
190  0.03150  -4.2625e+01 |191  0.08159   1.2285e+02 |192  0.03220   1.8174e+01
193  0.01316  -5.1258e+01 |194 -0.10181  -2.3336e+00 |195 -0.01069  -1.7818e+01
196  0.05855  -3.5207e+01 |197  0.03383  -4.6980e+01 |198  0.00789  -5.2709e+00
199  0.02347   1.7058e+01 |200  0.03155   4.2749e+01 |201 -0.03033  -2.2016e+01
202  0.09828  -1.6743e+02 |203  0.08990  -1.8974e+02 |204  0.11609  -1.2672e+02
205 -0.02919  -9.3076e+00 |206 -0.68811   4.3739e+00 |207 -0.03871   3.5061e+01
208 -0.26429  -1.5884e+01 |209 -0.02556   1.0278e+01 |210  0.02942   7.3023e+00
211  0.51829   6.3914e+00 |212 -0.04954   8.1918e+02 |213  0.01973   3.0286e+02
214 -0.03880  -2.3966e-08 |215 -0.58391  -4.1310e+01 |216 -0.64290   8.8833e+00
217  0.00894  -2.6900e+01 |218 -0.13418   1.8262e+00 |219 -0.21270   1.2748e+01
220 -0.03001   3.3251e+01 |221  0.03647   3.1621e+01 |222 -0.00729   2.1397e+01
223 -0.00125   1.5255e+01 |224 -0.02174   1.3430e+01 |225 -0.04250  -3.0678e+00
226  0.10000   1.0951e+01 |227  0.06814   8.3112e+00 |228  0.18383   9.9962e+00
229  0.09602  -3.7520e-01 |230  0.05678   2.8206e-01 |231 -0.01266  -6.5956e-01
232  0.03281   2.1902e+01 |233  0.09054   4.6627e+00 |234  0.16799   3.2835e+01
235 -0.14483   1.5751e+00 |236 -0.11897   7.6227e+00 |237  0.02686   1.6123e+01
238  0.05330   1.7167e+01 |239 -0.11153   1.1259e+01 |240 -0.15815   6.9159e+00
241 -0.08381   1.1646e+01 |242 -0.01197   1.7562e+01 |243  0.06027   2.6551e+00
244 -0.00061   1.6464e+01 |245 -0.11083   2.3239e+01 |246 -0.22584   1.2308e+01
247 -0.11599   4.4411e+00 |248  0.02532   2.0033e+01 |249  0.08273   5.6912e+00
250  0.08259   3.5887e+00 |251  0.04822   7.4947e+00 |252 -0.03431  -2.9116e+00
253 -0.01620   1.3404e+01 |254  0.14223   1.4547e+01 |255  0.20958  -8.6159e-01
256  0.22487  -1.7504e+00 |257 -0.18193  -2.8091e+01 |258  0.09743  -1.8736e+02
259  0.15416   1.8035e+02 |260 -0.86110   3.8905e+02 |261 -0.83927   1.2626e+02
262 -0.79264   4.0025e-01 |263 -0.21080   7.0143e+01 |264  0.67997   3.5736e+01
265 -0.42053   5.8570e+01 |266  0.29085   6.6565e+01 |267  0.37002   6.1992e+01
268 -0.46720   5.5079e+01 |269  0.47644   5.4353e+01 |270 -0.46120   5.5545e+01
271  0.42623   5.8160e+01 |272  0.14697   7.2205e+01 |273 -0.45624   5.5927e+01
274  0.73590   2.9895e+01 |275  0.14219   7.2330e+01 |276 -1.01319  -1.5364e+00
277  0.20799   7.0249e+01 |278  0.12706   7.2700e+01 |279 -0.26369   6.7900e+01
280 -0.57496   4.5923e+01 |281  0.07360   7.3677e+01 |282 -0.45400   5.6097e+01
283 -0.40827   5.9435e+01 |284  0.40405   5.9729e+01 |285 -0.40305   5.9797e+01
286  0.32483   6.4725e+01 |287  0.39908   6.0070e+01 |288  0.08535   7.3507e+01
289 -0.20972   7.0184e+01 |290  0.49056   5.3219e+01 |291 -0.35589   6.2881e+01
292 -0.45209   5.6243e+01 |293 -0.37328   6.1783e+01 |294  0.51070   5.1559e+01
295 -0.51918   5.0845e+01 |296  0.37285   6.1811e+01 |297 -0.17209   7.1479e+01
298 -0.66913   3.6837e+01 |299 -0.47341   5.4592e+01 |300  0.65815   3.7943e+01
301  0.68284   3.5443e+01 |302  0.69325   3.4372e+01 |303  0.46651  -2.2718e+02
304 -0.35159   5.1693e+01 |305 -0.87696  -6.8107e+00 |306  0.25529   1.9781e+00
307 -0.95011  -6.6435e+02 |308 -0.17911   9.6425e+01 |
29.9277 10.9233 150.409 60.0759 
14.3366 14.3366 48.1718 55.7247 
10.8158 14.687 0 0.595422 7.17493 
0 2.90493 0 0 0.549729 24.251 0 
29.5275 10.3441 150.111 60.3016 
15.4124 15.4124 47.3978 55.8153 
10.6675 14.0335 0 0.567445 7.33567 
0 2.84275 0 0 0.564543 24.5031 0 
30.3587 10.0649 148.541 59.5489 
15.2028 15.2028 47.3838 55.6789 
10.3824 14.439 0 0.546418 8.13021 
0 2.82328 0 0 0.566134 24.3497 0 
30.5261 9.92042 147.825 58.8819 
14.1984 14.1984 47.0959 55.7162 
10.0493 15.072 0 0.551599 8.61732 
0 2.81349 0 0 0.543557 24.3005 0 
30.3106 9.86827 147.544 58.7766 
14.1374 14.1374 46.903 55.7153 
9.8819 15.3385 0 0.567807 8.71166 
0 2.84561 0 0 0.537695 24.3047 0 
30.8831 9.541 146.517 58.5421 
14.5269 14.5269 46.9566 55.4702 
9.85006 14.9823 0 0.568707 8.60709 
0 2.91626 0 0 0.536432 24.4786 0 
30.5636 9.19222 145.291 58.6669 
14.6643 14.6643 46.9167 55.3258 
9.83909 14.3627 0 0.580489 8.60136 
0 2.99291 0 0 0.565116 24.5184 0 
30.4085 8.85615 144.733 58.4347 
14.2675 14.2675 46.5328 55.0968 
9.81509 15.0194 0 0.581239 8.69758 
0 3.01526 0 0 0.582417 24.6639 0 
30.4252 8.55434 142.3 58.8551 
14.5992 14.5992 46.838 54.8011 
9.69661 15.5051 0 0.587595 8.93157 
0 2.94489 0 0 0.587786 24.2949 0 
30.8921 8.48097 141.063 58.7075 
15.0042 15.0042 47.2799 54.6496 
9.62159 15.5436 0 0.586837 9.08837 
0 2.88124 0 0 0.578689 24.1345 0 
308 variables; iteration 140; function evaluation 164; phase 1
Function value   4.2921534e+02; maximum gradient component mag  -2.7441e+03
Var   Value    Gradient   |Var   Value    Gradient   |Var   Value    Gradient
  1 -2.08073  -2.4610e+00 |  2  0.20409   3.2455e+01 |  3  0.20824   2.8951e+01
  4  0.22014   5.5117e+01 |  5  0.20504  -5.5248e+00 |  6  0.20826   2.0387e+01
  7  0.18947   1.0809e+01 |  8  0.19635   3.9836e+01 |  9  0.18611   3.7050e+01
 10  0.16764   2.2583e+01 | 11  0.11448  -2.7894e+01 | 12  0.15344   5.0951e+01
 13  0.11840   3.2111e+01 | 14  0.08702   1.4128e+01 | 15 -1.92201   3.9155e+00
 16  0.00261  -4.4543e-02 | 17 -0.15079   3.0535e-01 | 18 -0.23576  -2.0450e-02
 19 -0.06650  -2.5777e+00 | 20 -0.14853   8.6273e-01 | 21 -0.17322   5.6252e-01
 22 -0.07342  -5.9557e+00 | 23 -0.19640   6.9373e-04 | 24 -2.00070   1.2037e-01
 25  0.09467  -1.0841e+00 | 26  0.13436  -6.3832e+00 | 27  0.17032   6.7046e+00
 28  0.17657   2.1359e+01 | 29  0.14309  -2.2357e+01 | 30  0.15879   8.2751e+00
 31  0.17404   5.0448e+01 | 32  0.13687  -9.5854e+00 | 33  0.09632  -1.8848e+01
 34  0.09183  -6.2171e+00 | 35  0.09842  -1.2984e+01 | 36  0.11158  -3.4249e+01
 37  0.05879  -3.4835e+01 | 38  0.06621   4.8969e+01 | 39 -0.00276  -3.0847e+00
 40 -0.54271  -1.2125e+00 | 41 -1.93094  -3.6573e+00 | 42 -1.88773  -2.1920e+00
 43  0.06557  -1.2780e+01 | 44 -0.14841   3.2256e-01 | 45 -0.03385   1.8371e+01
 46 -0.10366   2.2990e+01 | 47 -0.12097   2.6808e+01 | 48 -0.10341   3.0311e+01
 49  0.01855   6.4381e+01 | 50  0.02634   6.4755e+01 | 51  0.10153   8.8649e+01
 52  0.07532   5.9332e+01 | 53 -0.14005   1.0527e+01 | 54 -0.04135   2.0354e+01
 55 -1.61569   6.1566e+00 | 56  0.03460   2.9814e+01 | 57  0.13037   4.4396e+01
 58 -1.85503  -3.4280e+00 | 59  0.14624   3.4962e+01 | 60 -0.06785   1.7829e+01
 61 -0.05486   1.5390e+01 | 62 -0.10887   4.4241e+00 | 63 -0.06316   1.0599e+01
 64  0.04020   2.3595e+01 | 65  0.02438   1.9789e+01 | 66  0.06742   2.5574e+01
 67 -0.09276   1.1070e+01 | 68  0.00664   2.3411e+01 | 69 -0.04844   1.8339e+01
 70 -0.04901   1.9110e+01 | 71 -0.00818   1.8493e+01 | 72  0.03884   2.3449e+01
 73  0.06293   2.7022e+01 | 74  0.05245   2.3636e+01 | 75  0.09239   3.3493e+01
 76 -0.06400   2.1466e+01 | 77 -0.06031   3.1350e+01 | 78  0.00329   5.2484e+01
 79  0.13403   7.6687e+01 | 80  0.28258   6.9585e+01 | 81  1.50076  -4.8501e+00
 82 -0.09273   1.1575e+01 | 83 -0.03728   1.0295e+01 | 84  1.83975  -1.2751e+01
 85 -0.01873  -1.6447e+01 | 86  0.12424  -2.9425e+01 | 87  0.21330  -5.2952e+01
 88  0.07624  -1.1932e+01 | 89 -0.10703  -8.4571e+00 | 90 -0.14749  -1.2107e+01
 91 -0.02566  -4.0802e+00 | 92 -0.01286  -4.5652e+00 | 93  0.03088  -2.8168e+00
 94  0.12481   1.5521e+01 | 95 -0.09235  -6.9392e+00 | 96 -0.16719  -1.1249e+01
 97 -0.08756  -9.9665e+00 | 98  0.08138  -4.0168e+00 | 99  0.13689   3.7841e+00
100  0.14173   1.2564e+01 |101  0.04735  -5.6790e+00 |102 -0.08174  -7.0319e+00
103 -0.10296  -9.2353e+00 |104  0.05748  -8.1130e+00 |105  0.08970  -1.1290e+01
106 -0.06125  -1.4305e+01 |107 -0.05504  -1.3803e+01 |108  0.12488  -1.2420e+01
109  0.09474  -1.2177e+01 |110  0.08777  -9.2768e+00 |111 -0.04661  -1.5025e+01
112 -0.14306  -1.2448e+01 |113 -0.13160  -7.5672e+00 |114 -0.09772  -1.2351e+01
115  0.15592   7.8529e+00 |116  0.05191  -3.7199e+00 |117  0.03140  -9.3706e+00
118  0.06215  -2.9440e+00 |119  0.01512  -5.9226e+00 |120  0.00608  -3.5149e+00
121  0.14580   3.5106e+01 |122  0.21427   7.3829e+01 |123 -0.84609  -1.8573e+00
124  0.11265  -3.8222e-01 |125 -0.06013  -1.5087e+01 |126 -0.17480  -1.3788e+01
127 -0.01529  -1.4305e+01 |128 -0.02411  -1.4299e+01 |129  0.05731  -1.4251e+01
130  0.01662  -1.4304e+01 |131 -0.02701  -1.4296e+01 |132 -0.02465  -1.4298e+01
133 -0.02652  -1.4297e+01 |134 -0.00990  -1.4307e+01 |135  0.01007  -1.4307e+01
136 -0.03304  -1.4290e+01 |137  0.02438  -1.4299e+01 |138  0.01466  -1.4305e+01
139 -0.06526  -1.4234e+01 |140  0.00314  -1.4309e+01 |141 -0.02765  -1.4296e+01
142 -0.05846  -1.4249e+01 |143  0.01728  -1.4304e+01 |144  0.03230  -1.4291e+01
145  0.02896  -1.4294e+01 |146  0.04290  -1.4277e+01 |147 -0.08013  -1.4196e+01
148 -0.04538  -1.4273e+01 |149 -0.04914  -1.4266e+01 |150 -0.03540  -1.4287e+01
151 -0.03236  -1.4291e+01 |152  0.10545  -1.4113e+01 |153  0.09584  -1.4147e+01
154 -0.02378  -1.4299e+01 |155 -0.01766  -1.4304e+01 |156 -0.01474  -1.4305e+01
157 -0.01547  -1.4305e+01 |158 -0.04718  -1.4270e+01 |159  0.03992  -1.4281e+01
160 -0.02788  -1.4295e+01 |161  0.03854  -1.4283e+01 |162  0.09333  -1.4156e+01
163 -0.04494  -1.4273e+01 |164 -0.00606  -1.4308e+01 |165  0.00983  -1.4307e+01
166  0.09745  -1.4142e+01 |167 -0.01947  -1.4302e+01 |168  0.01258  -1.4306e+01
169  0.00871  -2.7441e+03 |170  0.02404  -2.9604e+01 |171  0.01784  -5.5914e+01
172  0.03855  -4.2182e+01 |173  0.08838  -4.2996e+01 |174  0.09393  -1.5142e+02
175 -0.13320  -4.5502e+01 |176  0.05878  -1.2583e+02 |177  0.02910  -3.2565e+01
178  0.06561  -6.7692e+01 |179  0.13395  -1.2293e+01 |180 -0.04272  -1.0671e+02
181  0.08296  -6.9560e+01 |182 -0.03658  -3.9008e+01 |183 -0.09930  -3.7290e+01
184  0.03032  -3.1990e+01 |185 -0.45704  -9.6154e+00 |186  0.02100  -1.5376e+01
187 -0.06538  -2.5375e+01 |188 -0.02630  -9.8932e+00 |189  0.03651   1.1640e+01
190  0.04443  -2.8259e+01 |191  0.06892   3.5890e+01 |192  0.03837   2.3501e+01
193  0.01246  -6.4381e+01 |194 -0.13901  -2.5864e+01 |195 -0.01932  -6.5076e+01
196  0.05906  -1.7568e+01 |197  0.02904  -6.6232e+01 |198 -0.00043  -3.9027e+01
199  0.01866  -1.6010e+01 |200  0.02344  -2.3960e+00 |201 -0.03029  -4.9874e+01
202  0.09025  -1.9843e+02 |203  0.09829  -1.6339e+02 |204  0.11273  -1.1711e+02
205 -0.02356  -3.1876e+01 |206 -0.89333  -1.8091e+00 |207 -0.04885   4.0576e+01
208 -0.20038  -4.5060e+01 |209 -0.03734  -1.7953e+01 |210  0.01424  -3.5405e+01
211  0.78321  -3.6211e+00 |212 -0.04912   7.8948e+02 |213  0.02887   3.6249e+02
214 -0.03880  -2.3966e-08 |215 -0.56166  -1.7482e+01 |216 -0.62971   8.1502e+00
217  0.01600  -3.2729e+01 |218 -0.13623   1.6284e+01 |219 -0.25442   1.1918e+01
220 -0.04387   3.2171e+01 |221  0.08015   3.4522e+01 |222  0.03758   2.5083e+01
223  0.00683   1.0750e+01 |224 -0.03352   1.0782e+01 |225 -0.05315  -6.8676e+00
226  0.08908   3.9076e+00 |227  0.07294   8.0597e+00 |228  0.21175   1.2572e+01
229  0.08988  -2.9480e+00 |230  0.04702  -4.2139e+00 |231 -0.01483  -9.9498e+00
232  0.02807   1.9262e+01 |233  0.08566   9.4673e+00 |234  0.16395   3.2872e+01
235 -0.13648   1.1424e+01 |236 -0.15041  -2.7437e+00 |237 -0.03625  -2.7788e+00
238  0.03719   1.4626e+01 |239 -0.10409   1.4679e+01 |240 -0.16696   2.8224e+00
241 -0.04834   1.4137e+01 |242  0.05077   2.1530e+01 |243  0.07220   1.4131e+01
244 -0.02101   1.1053e+01 |245 -0.10745   2.9294e+01 |246 -0.23860   5.5922e+00
247 -0.12926  -5.2819e+00 |248  0.00341   1.2586e+01 |249  0.06355   5.8735e+00
250  0.09042   1.1856e+01 |251  0.05463   7.3903e+00 |252 -0.01823   5.0833e+00
253 -0.00610   1.4901e+01 |254  0.14126   9.4211e+00 |255  0.19031  -9.0582e+00
256  0.24839   6.9192e+00 |257 -0.15629  -4.5932e+00 |258  0.09437  -2.4064e+02
259  0.15659   2.6150e+02 |260 -0.86289   3.6274e+02 |261 -0.84066   9.9746e+01
262 -0.82190  -8.0360e-02 |263 -0.48640   5.1911e+01 |264  0.66949   3.5671e+01
265 -0.36596   6.0339e+01 |266  0.36292   6.0525e+01 |267  0.33941   6.1917e+01
268 -0.48012   5.2400e+01 |269  0.34443   6.1627e+01 |270 -0.48380   5.2114e+01
271  0.41749   5.6981e+01 |272  0.16119   6.9602e+01 |273 -0.44968   5.4693e+01
274  0.59573   4.2648e+01 |275  0.15522   6.9768e+01 |276 -1.02297  -2.5931e+00
277  0.30209   6.3951e+01 |278  0.23140   6.7197e+01 |279 -0.27496   6.5293e+01
280 -0.32048   6.2976e+01 |281  0.10453   7.0928e+01 |282 -0.45193   5.4528e+01
283 -0.45737   5.4125e+01 |284  0.32617   6.2663e+01 |285 -0.62473   3.9968e+01
286  0.39003   5.8819e+01 |287  0.34108   6.1821e+01 |288  0.20661   6.8141e+01
289 -0.34238   6.1746e+01 |290  0.37086   6.0037e+01 |291 -0.26872   6.5584e+01
292 -0.43768   5.5563e+01 |293 -0.29561   6.4282e+01 |294  0.70517   3.2119e+01
295 -0.45983   5.3942e+01 |296  0.37157   5.9992e+01 |297 -0.18808   6.8780e+01
298 -0.63494   3.9004e+01 |299 -0.50535   5.0408e+01 |300  0.49900   5.0917e+01
301  0.77712   2.4659e+01 |302  0.82397   1.9627e+01 |303  0.46930  -1.5213e+02
304 -0.32705   6.7898e+01 |305 -0.87203   5.1954e+00 |306  0.27753   8.1564e+00
307 -0.94898  -4.5769e+02 |308 -0.19743   1.2244e+02 |
30.6498 8.92578 140.981 57.907 
15.3037 15.3037 47.7611 54.4992 
9.4301 14.6529 0 0.585554 9.01567 
0 2.83277 0 0 0.567403 23.9304 0 
31.2324 9.28339 140.392 57.6799 
14.2266 14.2266 48.2344 54.3395 
9.34216 14.3029 0 0.595817 8.90287 
0 2.81539 0 0 0.56007 24.1332 0 
31.3726 9.16857 139.339 57.1822 
14.213 14.213 48.34 54.2617 
9.32223 14.6166 0 0.584023 9.05567 
0 2.81284 0 0 0.560873 24.2436 0 
31.2513 8.80808 138.687 56.5822 
14.7269 14.7269 48.2891 53.9942 
9.29181 14.498 0 0.557998 9.45565 
0 2.78363 0 0 0.553057 24.6457 0 
31.1234 8.49508 138.079 56.7844 
14.4832 14.4832 48.5669 54.0884 
9.1895 14.3278 0 0.553598 9.73274 
0 2.76711 0 0 0.546558 24.4699 0 
30.5887 8.25474 137.533 56.8144 
13.9475 13.9475 48.7845 54.0341 
9.04638 14.7034 0 0.563578 9.63249 
0 2.75801 0 0 0.54057 24.4414 0 
30.7784 7.7757 136.949 56.1847 
14.0621 14.0621 49.0406 53.7079 
8.88716 14.9796 0 0.579696 9.594 
0 2.70857 0 0 0.544123 24.6701 0 
30.9061 7.41231 136.976 56.0517 
13.6459 13.6459 48.834 53.5584 
8.75883 15.0367 0 0.588597 9.75254 
0 2.68609 0 0 0.539579 24.5078 0 
31.1766 7.20253 135.508 56.2489 
13.1916 13.1916 49.0332 53.2298 
8.52881 14.7078 0 0.615862 10.0383 
0 2.66019 0 0 0.534797 24.5137 0 
30.897 7.15608 134.521 55.9947 
13.1256 13.1256 48.4801 53.0193 
8.49846 14.4146 0 0.645498 10.0433 
0 2.69243 0 0 0.546918 24.3034 0 
308 variables; iteration 150; function evaluation 174; phase 1
Function value   4.1460799e+02; maximum gradient component mag  -2.6876e+03
Var   Value    Gradient   |Var   Value    Gradient   |Var   Value    Gradient
  1 -2.06779  -1.1687e+00 |  2  0.19412  -9.0956e+00 |  3  0.20393  -1.6867e+01
  4  0.22045   3.0369e+01 |  5  0.22143   4.2156e+01 |  6  0.20735   4.6954e+00
  7  0.19245   2.5853e+00 |  8  0.20140   4.7621e+01 |  9  0.18794   2.7908e+01
 10  0.17499   3.2638e+01 | 11  0.11867  -2.6427e+01 | 12  0.15426   3.6449e+01
 13  0.12742   3.0110e+01 | 14  0.08619   1.1261e+01 | 15 -1.94604   3.6189e+00
 16  0.01169   1.0413e+01 | 17 -0.18263  -7.4407e-02 | 18 -0.23157  -5.1089e-02
 19 -0.18029   1.7429e-01 | 20 -0.35268   2.7583e-03 | 21 -0.19596  -5.0903e-01
 22 -0.07016  -5.9740e+00 | 23 -0.19524  -8.6449e-04 | 24 -1.97684   8.2032e-01
 25  0.09853  -1.9498e+00 | 26  0.14078  -6.0271e+00 | 27  0.17295   1.2337e+00
 28  0.17779   1.3605e+01 | 29  0.14135  -2.6012e+01 | 30  0.15393  -1.0876e+01
 31  0.16531   1.0380e+01 | 32  0.13383  -2.1099e+01 | 33  0.13453   1.4060e+01
 34  0.11363   5.6518e+00 | 35  0.12194   6.0648e+00 | 36  0.12400  -2.2648e+01
 37  0.09334   1.2501e+01 | 38  0.07117   3.0994e+01 | 39 -0.00082  -8.6538e+00
 40 -0.02315   3.5484e+00 | 41 -1.94682  -4.0606e+00 | 42 -1.65191   1.7962e-01
 43  0.09827  -6.0296e+00 | 44 -0.13442   3.8263e-01 | 45 -0.04264   1.4388e+01
 46 -0.10245   2.0749e+01 | 47 -0.13365   2.3020e+01 | 48 -0.10401   2.9214e+01
 49 -0.02143   5.0188e+01 | 50  0.00870   5.8253e+01 | 51  0.07877   7.9436e+01
 52  0.07814   6.6290e+01 | 53 -0.08692   1.9269e+01 | 54 -0.00815   2.9759e+01
 55 -1.71505   3.0639e+00 | 56  0.03885   3.3234e+01 | 57  0.13349   4.2455e+01
 58 -1.84481   4.4911e-01 | 59  0.16406   2.7335e+01 | 60 -0.06853   1.2571e+01
 61 -0.06310   8.7029e+00 | 62 -0.01209   4.0029e+00 | 63 -0.08662   3.2817e+00
 64  0.02492   1.6305e+01 | 65  0.03652   2.0983e+01 | 66  0.05639   2.4929e+01
 67 -0.17875   2.0409e+00 | 68  0.00556   2.0959e+01 | 69 -0.05296   1.4373e+01
 70 -0.08824   9.5691e+00 | 71 -0.01523   1.0573e+01 | 72  0.03755   1.2786e+01
 73  0.04449   1.3740e+01 | 74  0.01740   1.2103e+01 | 75  0.07661   1.8488e+01
 76 -0.02626   1.6871e+01 | 77 -0.04926   2.5330e+01 | 78  0.00975   4.9463e+01
 79  0.13839   7.7568e+01 | 80  0.29225   8.4957e+01 | 81  1.49760  -3.4026e+00
 82 -0.10544   8.3431e+00 | 83 -0.02292   9.2669e+00 | 84  1.89823  -8.7022e+00
 85  0.00589   1.9425e-01 | 86  0.13879  -1.7760e+00 | 87  0.22185  -2.2077e+01
 88  0.01946   2.6573e+00 | 89 -0.11150   6.8574e+00 | 90 -0.12989   3.1314e+00
 91 -0.01758   9.4075e+00 | 92 -0.00579   1.0497e+01 | 93  0.03450   1.6087e+01
 94  0.13338   3.7703e+01 | 95 -0.07927   8.5929e+00 | 96 -0.15688   2.5201e+00
 97 -0.06263   5.9857e+00 | 98  0.06153   9.5469e+00 | 99  0.13901   2.0583e+01
100  0.11239   1.7773e+01 |101  0.08173   1.2032e+01 |102 -0.08611   4.7008e+00
103 -0.11384   1.9164e+00 |104  0.05452   2.5140e+00 |105  0.06639  -4.0267e-01
106 -0.02567  -1.9371e+00 |107 -0.00028  -1.1926e+00 |108  0.09058  -3.1700e+00
109  0.08896   4.5722e+00 |110  0.09084   9.1903e+00 |111 -0.03663   2.0251e+00
112 -0.15900   5.1615e-01 |113 -0.13388   4.1628e+00 |114 -0.05950   3.4682e+00
115  0.15458   1.7942e+01 |116  0.03144   1.7564e+00 |117  0.04104  -1.2956e+00
118  0.05070   2.8949e+00 |119  0.05533   8.4096e+00 |120  0.00438   5.6791e+00
121  0.15001   3.5389e+01 |122  0.19289   5.2712e+01 |123 -0.85273   1.3910e+00
124  0.12068   1.7326e+01 |125 -0.07444  -1.2301e+00 |126 -0.24867  -3.1579e+00
127 -0.01168  -1.1569e+01 |128 -0.02156  -1.1565e+01 |129  0.05562  -1.1527e+01
130  0.02161  -1.1565e+01 |131 -0.02485  -1.1562e+01 |132 -0.02217  -1.1564e+01
133 -0.02429  -1.1563e+01 |134 -0.00575  -1.1571e+01 |135  0.01518  -1.1568e+01
136 -0.03172  -1.1557e+01 |137  0.02892  -1.1559e+01 |138  0.01971  -1.1566e+01
139 -0.06814  -1.1505e+01 |140  0.00811  -1.1570e+01 |141 -0.02558  -1.1562e+01
142 -0.06062  -1.1519e+01 |143  0.02224  -1.1564e+01 |144  0.03600  -1.1553e+01
145  0.03307  -1.1556e+01 |146  0.04485  -1.1543e+01 |147 -0.08395  -1.1471e+01
148 -0.04583  -1.1541e+01 |149 -0.05011  -1.1535e+01 |150 -0.03442  -1.1554e+01
151 -0.03094  -1.1558e+01 |152  0.08008  -1.1480e+01 |153  0.07670  -1.1487e+01
154 -0.02118  -1.1565e+01 |155 -0.01432  -1.1568e+01 |156 -0.01107  -1.1569e+01
157 -0.01188  -1.1569e+01 |158 -0.04788  -1.1539e+01 |159  0.04243  -1.1546e+01
160 -0.02583  -1.1562e+01 |161  0.04130  -1.1547e+01 |162  0.07569  -1.1490e+01
163 -0.04533  -1.1542e+01 |164 -0.00160  -1.1571e+01 |165  0.01494  -1.1568e+01
166  0.07732  -1.1486e+01 |167 -0.01634  -1.1567e+01 |168  0.01767  -1.1567e+01
169  0.00818  -2.6876e+03 |170  0.02857   4.7015e+00 |171  0.01300  -1.2472e+01
172  0.04341   2.7504e+00 |173  0.07673  -7.7687e+01 |174  0.08745  -1.4413e+02
175 -0.07833  -4.1788e+01 |176  0.04880  -1.0058e+02 |177  0.03999   1.0007e+00
178  0.06140  -6.3034e+01 |179  0.13986  -2.6949e+01 |180 -0.03866  -7.7704e+01
181  0.08961  -4.3597e+01 |182 -0.02503   4.4533e+00 |183 -0.07766   4.8823e-01
184  0.04027   5.3772e+01 |185 -0.47353   1.3713e+01 |186  0.02746   3.9477e+01
187 -0.05736   1.9607e+01 |188 -0.01994   3.6102e+01 |189  0.03712   4.9181e+01
190  0.04425   1.4862e+00 |191  0.06201   1.9270e+01 |192  0.03112   3.2350e+01
193  0.01023  -3.2038e+01 |194 -0.15283   5.0654e+00 |195 -0.01902  -3.7794e+01
196  0.05287   1.8318e+01 |197  0.02774  -2.1936e+01 |198 -0.00674  -6.6657e+00
199  0.01631   1.3910e+01 |200  0.01943   1.8165e+01 |201 -0.03148  -1.7680e+01
202  0.10174  -7.5225e+01 |203  0.11046  -9.4002e+01 |204  0.11193  -1.3874e+02
205 -0.03135  -1.2308e+01 |206 -0.68051   9.6457e+00 |207 -0.04847   9.9474e+01
208 -0.14313   5.5731e+00 |209 -0.03751   1.3693e+01 |210  0.02004  -1.0388e+00
211  0.44681   1.5328e+01 |212 -0.04997   7.4104e+02 |213  0.03198   3.4715e+02
214 -0.03880  -2.3966e-08 |215 -0.55645  -2.2336e+01 |216 -0.62497   2.6043e+01
217  0.01519  -3.2676e+01 |218 -0.16517   2.7156e+01 |219 -0.26937   6.0537e+00
220 -0.04382   2.8194e+01 |221  0.06391   3.1856e+01 |222  0.02556   2.3107e+01
223  0.00074   5.2372e+00 |224 -0.02222   1.8157e+01 |225 -0.03074   1.3263e+01
226  0.09833   1.0541e+01 |227  0.06640   3.1155e+00 |228  0.22281   1.5327e+01
229  0.09499   4.0657e-02 |230  0.06269   3.8793e+00 |231 -0.01061  -9.2402e+00
232  0.01897   1.2175e+01 |233  0.08200   1.3253e+01 |234  0.13912   2.6343e+01
235 -0.14029   1.0069e+01 |236 -0.15470  -1.6139e+00 |237 -0.03111   9.2713e+00
238  0.01970   1.3123e+01 |239 -0.11007   1.4130e+01 |240 -0.14264   1.5198e+01
241 -0.02954   2.8010e+01 |242  0.04234   2.5430e+01 |243  0.05464   1.1825e+01
244 -0.02359   1.5174e+01 |245 -0.12327   1.8477e+01 |246 -0.24665   4.1172e+00
247 -0.11033   1.5010e+01 |248  0.00601   1.0566e+01 |249  0.07539   1.4831e+01
250  0.09448   1.7060e+01 |251  0.05991   1.9180e+01 |252 -0.01744   8.8116e+00
253  0.00526   2.1267e+01 |254  0.15113   1.3940e+01 |255  0.20544   7.8347e+00
256  0.24951   1.4135e+01 |257 -0.15467  -5.7061e+00 |258  0.09130  -2.3779e+02
259  0.15690   2.4494e+02 |260 -0.86557   2.8030e+02 |261 -0.84396   1.9397e+01
262 -0.81665  -1.4677e+00 |263 -0.52991  -1.0269e+02 |264  0.51073  -1.0604e+02
265 -0.19224  -1.4565e+02 |266  0.36192  -1.2856e+02 |267  0.25708  -1.4028e+02
268 -0.45885  -1.1461e+02 |269  0.26733  -1.3930e+02 |270 -0.45338  -1.1548e+02
271  0.56512  -9.6293e+01 |272  0.07862  -1.5139e+02 |273 -0.44405  -1.1692e+02
274  0.61488  -8.6759e+01 |275  0.08231  -1.5128e+02 |276 -1.08115   1.9392e+01
277  0.46175  -1.1415e+02 |278  0.24258  -1.4161e+02 |279 -0.34336  -1.3090e+02
280 -0.10569  -1.5046e+02 |281  0.12266  -1.4973e+02 |282 -0.58496  -9.2559e+01
283 -0.37177  -1.2727e+02 |284  0.30337  -1.3556e+02 |285 -0.73895  -6.0817e+01
286  0.38746  -1.2516e+02 |287  0.30367  -1.3552e+02 |288  0.08182  -1.5129e+02
289 -0.52829  -1.0297e+02 |290  0.08773  -1.5111e+02 |291 -0.27842  -1.3819e+02
292 -0.60778  -8.8154e+01 |293 -0.35869  -1.2897e+02 |294  0.93810  -1.4810e+01
295 -0.36398  -1.2829e+02 |296  0.38275  -1.2580e+02 |297  0.15230  -1.4821e+02
298 -0.76730  -5.4528e+01 |299 -0.36139  -1.2863e+02 |300  0.60620  -8.8463e+01
301  0.81106  -4.4614e+01 |302  0.89837  -2.4250e+01 |303  0.47318  -2.0885e+01
304 -0.29464   7.8409e+01 |305 -0.86805   1.4664e+01 |306  0.28818   6.6216e+00
307 -0.94743  -3.3874e+02 |308 -0.21991   1.3597e+02 |
30.0954 7.30124 134.338 56.7575 
12.034 12.034 48.6925 52.9855 
8.65505 15.2127 0 0.678478 10.6036 
0 2.7088 0 0 0.530794 24.109 0 
30.6212 7.15828 134.35 56.1321 
12.5787 12.5787 48.4264 52.9832 
8.53578 14.4963 0 0.656171 10.2245 
0 2.68703 0 0 0.537024 24.237 0 
30.107 7.16998 133.756 55.9788 
12.5965 12.5965 48.4058 52.9365 
8.62124 14.6158 0 0.688968 10.3767 
0 2.65651 0 0 0.53886 24.2269 0 
30.3607 7.22647 133.057 55.7572 
12.7022 12.7022 48.0695 52.9906 
8.58132 14.5439 0 0.748257 10.2912 
0 2.60566 0 0 0.554344 24.2523 0 
30.7473 7.17642 132.042 55.5029 
12.707 12.707 48.3551 53.1305 
8.52436 14.2195 0 0.833583 10.0109 
0 2.534 0 0 0.547746 24.6729 0 
30.3529 7.02964 131.495 55.6062 
12.2003 12.2003 48.8405 53.0883 
8.54805 13.9671 0 0.884551 10.2265 
0 2.49322 0 0 0.523595 24.7677 0 
30.3385 6.69436 129.751 56.307 
12.3533 12.3533 48.6881 52.9517 
8.55473 13.6519 0 0.915929 10.7805 
0 2.49823 0 0 0.529066 24.6917 0 
30.2857 6.27031 128.772 57.0204 
12.764 12.764 48.7941 52.5843 
8.39329 13.1838 0 0.885434 10.916 
0 2.59635 0 0 0.541538 24.1448 0 
30.4945 6.21165 128.735 57.414 
12.5761 12.5761 49.7012 52.3438 
8.1979 12.3928 0 0.900977 10.5319 
0 2.63889 0 0 0.528631 23.8222 0 
30.669 6.10922 128.389 57.4545 
12.2525 12.2525 50.1438 52.1854 
8.17122 12.0421 0 0.942259 10.6388 
0 2.6171 0 0 0.514769 23.7745 0 
30.092 6.35493 127.977 57.1258 
11.8453 11.8453 50.3791 51.96 
8.11013 12.5149 0 1.01565 11.0188 
0 2.55238 0 0 0.512726 23.6282 0 
308 variables; iteration 160; function evaluation 185; phase 1
Function value   4.0286534e+02; maximum gradient component mag  -2.5659e+03
Var   Value    Gradient   |Var   Value    Gradient   |Var   Value    Gradient
  1 -2.04685  -1.0866e+00 |  2  0.18313  -1.1050e+01 |  3  0.19483  -2.5888e+01
  4  0.21505   1.6438e+01 |  5  0.21425   3.3735e+01 |  6  0.20517   1.3119e+01
  7  0.18918   7.5821e+00 |  8  0.19131   3.1099e+01 |  9  0.18385   1.9850e+01
 10  0.15422  -5.5823e+00 | 11  0.11732  -2.2553e+01 | 12  0.12640  -4.0804e+00
 13  0.12011   1.9013e+01 | 14  0.07287   6.6594e+00 | 15 -1.92510   4.0589e+00
 16 -0.01079   1.0292e+01 | 17 -0.18541  -1.2232e-01 | 18 -0.23104  -1.1867e-02
 19 -0.49409  -1.7687e-02 | 20 -0.66426  -3.1742e-03 | 21 -0.52757  -1.0654e-01
 22 -0.09095  -6.0431e+00 | 23 -0.19415   1.3394e-04 | 24 -2.01993  -4.8767e-01
 25  0.08586  -4.7012e+00 | 26  0.13885  -5.6820e+00 | 27  0.16543  -7.4545e+00
 28  0.17349   1.1779e+01 | 29  0.14799  -1.3800e+01 | 30  0.14291  -1.9812e+01
 31  0.16113   1.0873e+01 | 32  0.14628   3.5745e+00 | 33  0.12835   7.5443e+00
 34  0.09852  -5.8862e+00 | 35  0.12448   1.3098e+01 | 36  0.11937  -2.6261e+01
 37  0.10973   7.5085e+01 | 38  0.05854   3.2597e+00 | 39  0.00805  -1.8777e+00
 40 -0.06237  -6.0145e+00 | 41 -1.92516  -9.5130e-01 | 42 -1.56993   7.5686e-01
 43  0.09115  -2.7425e+00 | 44 -0.10598  -5.1815e+00 | 45 -0.05661   4.4769e+00
 46 -0.13462   7.8118e+00 | 47 -0.14961   1.1744e+01 | 48 -0.13232   1.2262e+01
 49 -0.02803   3.1822e+01 | 50 -0.02409   2.6465e+01 | 51  0.06393   4.6618e+01
 52  0.04784   3.3640e+01 | 53 -0.06633   1.0705e+01 | 54  0.01414   2.3009e+01
 55 -1.74048   9.2067e+00 | 56  0.02647   2.1975e+01 | 57  0.15856   4.1184e+01
 58 -1.85646   8.1254e+00 | 59  0.15081   1.6828e+01 | 60 -0.05008   7.7657e+00
 61 -0.05385   3.3853e+00 | 62 -0.03306  -1.7317e+00 | 63 -0.03557   5.9982e-01
 64  0.04286   1.1374e+01 | 65  0.00172   1.0675e+01 | 66  0.03946   1.5911e+01
 67 -0.14161  -3.4736e+00 | 68 -0.05723   3.2601e+00 | 69 -0.06400   3.1394e+00
 70 -0.07706   4.4493e-01 | 71  0.01039   2.5770e+00 | 72  0.07285   1.0131e+01
 73  0.00191   8.3458e+00 | 74 -0.00250   1.1971e+01 | 75  0.07346   2.2952e+01
 76  0.01878   1.7559e+01 | 77 -0.02272   1.8064e+01 | 78 -0.01006   2.7488e+01
 79  0.16083   6.1616e+01 | 80  0.28576   4.9477e+01 | 81  1.56702   2.3846e+00
 82 -0.10940  -8.9006e-01 | 83 -0.00522   1.7583e+00 | 84  1.86731  -2.0859e+00
 85  0.00880  -2.2068e+00 | 86  0.10761   5.5961e-01 | 87  0.21255  -6.0117e+00
 88 -0.03906   1.4363e+00 | 89 -0.16780   1.7734e+00 | 90 -0.14632   1.0646e+00
 91 -0.06453   4.2955e+00 | 92 -0.01835   6.1119e+00 | 93  0.04522   9.9512e+00
 94  0.11711   1.7999e+01 | 95 -0.03274   7.3541e+00 | 96 -0.06298   7.7933e+00
 97 -0.02092   8.5398e+00 | 98  0.06289   6.7415e+00 | 99  0.13388   1.3642e+01
100  0.07309   8.4026e+00 |101  0.09374   1.1200e+01 |102 -0.06405   4.5176e+00
103 -0.14197  -9.6329e-01 |104  0.03854   3.1773e+00 |105  0.08398   2.8495e+00
106 -0.06798  -8.6021e-01 |107 -0.04458   3.6178e-01 |108  0.13501   5.5808e+00
109  0.06210   4.0101e+00 |110  0.09697   1.1925e+01 |111 -0.02371   3.5210e+00
112 -0.13736   1.2817e+00 |113 -0.14856   3.0064e-01 |114 -0.07180   2.3521e-01
115  0.12499   5.2601e+00 |116  0.01099  -2.6665e+00 |117  0.03711   4.0770e-01
118  0.05298   8.0962e+00 |119  0.04550   1.2974e+01 |120 -0.00319   7.9050e+00
121  0.12037   2.3347e+01 |122  0.19336   2.7998e+01 |123 -0.83791   1.4526e+00
124  0.08283   1.9157e+00 |125  0.01714   4.3372e-01 |126 -0.06673   3.0371e+00
127 -0.00573  -9.6832e+00 |128 -0.01726  -9.6800e+00 |129  0.05101  -9.6525e+00
130  0.02825  -9.6740e+00 |131 -0.02120  -9.6782e+00 |132 -0.01799  -9.6797e+00
133 -0.02053  -9.6785e+00 |134  0.00092  -9.6835e+00 |135  0.02239  -9.6776e+00
136 -0.02959  -9.6731e+00 |137  0.03441  -9.6694e+00 |138  0.02656  -9.6751e+00
139 -0.07531  -9.6159e+00 |140  0.01553  -9.6807e+00 |141 -0.02209  -9.6777e+00
142 -0.06594  -9.6317e+00 |143  0.02881  -9.6736e+00 |144  0.03980  -9.6646e+00
145  0.03764  -9.6666e+00 |146  0.04562  -9.6587e+00 |147 -0.09405  -9.5781e+00
148 -0.04725  -9.6569e+00 |149 -0.05267  -9.6504e+00 |150 -0.03293  -9.6706e+00
151 -0.02864  -9.6738e+00 |152  0.04912  -9.6547e+00 |153  0.05186  -9.6514e+00
154 -0.01681  -9.6802e+00 |155 -0.00875  -9.6826e+00 |156 -0.00504  -9.6833e+00
157 -0.00596  -9.6831e+00 |158 -0.04985  -9.6539e+00 |159  0.04414  -9.6603e+00
160 -0.02239  -9.6776e+00 |161  0.04342  -9.6610e+00 |162  0.05239  -9.6508e+00
163 -0.04662  -9.6576e+00 |164  0.00544  -9.6832e+00 |165  0.02217  -9.6777e+00
166  0.05148  -9.6519e+00 |167 -0.01110  -9.6821e+00 |168  0.02471  -9.6763e+00
169  0.00768  -2.5659e+03 |170  0.02712   3.1461e+01 |171 -0.00141  -3.4352e+01
172  0.03521  -3.4367e+01 |173  0.06222  -1.4330e+02 |174  0.07325  -6.8180e+01
175  0.01342  -6.0679e+01 |176  0.03246  -3.3393e+01 |177  0.04019  -1.0401e+01
178  0.05454  -7.8251e+01 |179  0.14129  -2.0358e+01 |180 -0.04164  -8.2021e+01
181  0.09069  -6.7818e+01 |182 -0.02985  -8.8265e+00 |183 -0.08599  -8.2479e+00
184  0.04400   7.8138e+01 |185 -0.47365   8.1976e+00 |186  0.02348  -9.5241e+00
187 -0.04090   2.4785e+01 |188 -0.03363   7.7617e+00 |189  0.03680   3.8316e+01
190  0.04412   1.1566e+01 |191  0.05081  -3.0051e+01 |192  0.01294  -2.0225e+01
193  0.00633  -9.1610e+00 |194 -0.10057  -1.4683e+00 |195 -0.02944  -4.7840e+01
196  0.05252   1.5241e+01 |197  0.02959  -2.0657e+01 |198 -0.01500  -3.3601e+01
199  0.00302  -4.9960e+01 |200  0.00549  -4.5966e+01 |201 -0.03562  -3.6089e+01
202  0.10651  -5.6542e+01 |203  0.11978  -2.6548e+01 |204  0.10897  -1.1944e+02
205 -0.02912  -1.9065e+01 |206 -0.64499   6.6355e+00 |207 -0.05144   9.9331e+01
208 -0.10419   4.2359e+01 |209 -0.03204   1.8907e+01 |210  0.02335  -1.0971e+01
211  0.38243   1.0365e+01 |212 -0.05458   6.1140e+02 |213  0.03501   2.8025e+02
214 -0.03880  -2.3966e-08 |215 -0.56195  -1.9931e+01 |216 -0.64686   1.9342e+00
217  0.01712   1.7819e+01 |218 -0.15284   2.5672e+01 |219 -0.24395   5.3027e+00
220 -0.06184   4.3095e+00 |221  0.04169   1.6293e+01 |222 -0.00392  -9.3487e-01
223  0.01191   1.4379e+01 |224 -0.02860   9.8509e+00 |225 -0.03997  -3.1409e-01
226  0.11860   1.1920e+01 |227  0.07990   9.5202e-01 |228  0.23356   1.3815e+01
229  0.11249   5.7303e+00 |230  0.08394   7.6153e-02 |231  0.00823  -1.1605e+01
232  0.03201   1.0608e+01 |233  0.08076   9.4961e+00 |234  0.11921   9.4515e+00
235 -0.13701   1.7425e+00 |236 -0.13479   4.4080e+00 |237 -0.04252  -3.1787e+00
238  0.01635   5.7054e+00 |239 -0.11357   1.6368e+00 |240 -0.16359   1.6836e-01
241 -0.03340   1.2476e+01 |242  0.05234   1.6856e+01 |243  0.05779   7.9582e+00
244 -0.02376   6.4045e+00 |245 -0.12974  -6.5700e-03 |246 -0.23623   2.1556e+00
247 -0.10126   1.4392e+01 |248 -0.00679  -1.6900e+00 |249  0.08406   1.6515e+01
250  0.08446   9.6257e+00 |251  0.05059   9.9859e+00 |252 -0.01876  -4.1128e+00
253  0.01023   7.6040e+00 |254  0.12456  -4.6773e+00 |255  0.19942   1.2314e+00
256  0.24390   6.4734e+00 |257 -0.16790  -3.5840e+00 |258  0.08946  -3.2743e+02
259  0.15695   2.3826e+02 |260 -0.86683   2.4799e+02 |261 -0.84630  -3.0854e+01
262 -0.80810   3.7932e+00 |263 -0.53533  -7.7005e+01 |264  0.56209  -7.3321e+01
265 -0.04931  -1.1514e+02 |266  0.29526  -1.0329e+02 |267  0.23140  -1.0794e+02
268 -0.50926  -8.0464e+01 |269  0.25363  -1.0644e+02 |270 -0.49872  -8.1824e+01
271  0.47435  -8.4883e+01 |272  0.01635  -1.1545e+02 |273 -0.36026  -9.7482e+01
274  0.42717  -9.0448e+01 |275  0.05457  -1.1506e+02 |276 -0.90118  -1.7855e+01
277  0.52660  -7.8178e+01 |278  0.40451  -9.2946e+01 |279 -0.23953  -1.0741e+02
280  0.04601  -1.1518e+02 |281  0.04309  -1.1522e+02 |282 -0.55275  -7.4622e+01
283 -0.27447  -1.0492e+02 |284  0.20911  -1.0931e+02 |285 -0.86783  -2.3803e+01
286  0.30221  -1.0271e+02 |287  0.20594  -1.0949e+02 |288  0.21437  -1.0900e+02
289 -0.44936  -8.7891e+01 |290 -0.06708  -1.1484e+02 |291 -0.25023  -1.0668e+02
292 -0.60605  -6.6990e+01 |293 -0.39093  -9.4387e+01 |294  0.95379  -8.3753e+00
295 -0.37902  -9.5616e+01 |296  0.35118  -9.8355e+01 |297  0.25571  -1.0629e+02
298 -0.64177  -6.1609e+01 |299 -0.35716  -9.7782e+01 |300  0.51373  -7.9880e+01
301  0.68287  -5.5179e+01 |302  0.85598  -2.5903e+01 |303  0.47500  -1.0898e+01
304 -0.28365   7.0177e+01 |305 -0.86354   1.6869e+01 |306  0.31262   1.1818e+01
307 -0.94508  -1.9190e+02 |308 -0.24860   1.3582e+02 |
29.6954 6.21754 126.715 57.3873 
12.0304 12.0304 50.5742 52.1509 
8.02152 13.183 0 1.04617 11.0622 
0 2.46829 0 0 0.505241 23.7949 0 
29.9602 6.09937 126.359 57.3584 
12.4111 12.4111 50.5011 52.168 
8.01047 12.8778 0 1.05641 10.9752 
0 2.42905 0 0 0.508997 23.6935 0 
30.0357 6.15248 125.968 57.2666 
12.2539 12.2539 50.6575 52.1304 
7.9432 12.6118 0 1.07444 11.0667 
0 2.34441 0 0 0.516127 23.6773 0 
29.9827 6.13855 125.083 57.6587 
12.2765 12.2765 50.9034 52.1456 
7.93096 12.1282 0 1.11144 11.0078 
0 2.28065 0 0 0.524501 23.6195 0 
29.8505 6.39816 125.128 57.6719 
11.9534 11.9534 51.1086 52.0761 
7.84582 11.6071 0 1.13948 10.8122 
0 2.25173 0 0 0.518455 23.3961 0 
29.0506 6.36052 125.123 57.6022 
13.0146 13.0146 50.9784 51.5276 
7.86163 11.4147 0 1.13695 10.4686 
0 2.19786 0 0 0.507882 23.2403 0 
28.7398 6.18352 125.091 57.8078 
13.531 13.531 51.0018 51.2458 
7.89709 11.181 0 1.12711 10.2782 
0 2.16949 0 0 0.511398 23.1911 0 
28.7178 6.22647 124.552 57.581 
13.0974 13.0974 51.0687 50.9555 
7.72314 11.4683 0 1.08983 10.2547 
0 2.14767 0 0 0.503001 23.386 0 
28.4127 6.11031 123.652 57.5424 
13.0846 13.0846 51.3872 50.9179 
7.55092 11.3223 0 1.06114 10.0374 
0 2.20373 0 0 0.49407 23.6339 0 
27.1436 6.10955 123.296 57.5526 
13.2192 13.2192 51.6686 51.0218 
7.66768 11.8028 0 1.04267 9.87785 
0 2.36388 0 0 0.489365 23.7347 0 
308 variables; iteration 170; function evaluation 195; phase 1
Function value   3.9513284e+02; maximum gradient component mag  -2.2664e+03
Var   Value    Gradient   |Var   Value    Gradient   |Var   Value    Gradient
  1 -2.03827  -5.4973e-01 |  2  0.17722  -1.2859e+01 |  3  0.19824  -1.9997e+01
  4  0.20758  -1.4878e+00 |  5  0.21181   2.3688e+01 |  6  0.20153   4.9756e+00
  7  0.18674   7.1454e+00 |  8  0.18713   2.0593e+01 |  9  0.17650   1.1495e+00
 10  0.15133   9.6149e-01 | 11  0.11266  -2.4212e+01 | 12  0.11413  -2.6167e+01
 13  0.11128  -1.1120e+00 | 14  0.06948   9.3302e+00 | 15 -1.92665   4.0536e+00
 16 -0.02263   7.4781e+00 | 17 -0.11726   7.7430e-02 | 18 -0.23844   5.2920e-03
 19 -0.20880   7.2187e-02 | 20 -0.96741  -3.2734e-04 | 21 -0.38425   6.2391e-03
 22 -0.04442  -5.7341e+00 | 23 -0.19373   7.0336e-04 | 24 -2.02696  -9.1493e-01
 25  0.08029  -5.3841e+00 | 26  0.13003  -1.1011e+01 | 27  0.16097  -1.2158e+01
 28  0.16760   2.6487e+00 | 29  0.14916  -8.1129e+00 | 30  0.13695  -2.4470e+01
 31  0.15090  -6.2378e+00 | 32  0.14056  -3.0041e+00 | 33  0.12389   8.8903e-01
 34  0.10223  -4.7071e+00 | 35  0.13075   3.4412e+01 | 36  0.11957  -2.7308e+01
 37  0.10604   4.5674e+01 | 38  0.04662  -1.9757e+01 | 39  0.01645   2.9745e+00
 40 -0.03037   1.0796e+00 | 41 -1.92137  -4.6335e-01 | 42 -1.94704  -8.8571e+00
 43  0.08929   7.0834e-01 | 44 -0.10203  -9.8216e+00 | 45 -0.07089  -2.5463e+00
 46 -0.14721  -7.0301e-01 | 47 -0.16412   1.6183e+00 | 48 -0.15440  -9.2065e-01
 49 -0.02836   1.7238e+01 | 50 -0.03557   1.0302e+01 | 51  0.04327   2.3735e+01
 52  0.07392   2.4579e+01 | 53 -0.04153   5.1107e+00 | 54  0.01376   1.5104e+01
 55 -1.79914   1.2585e+01 | 56  0.04341   1.6431e+01 | 57  0.12928   2.2810e+01
 58 -1.84371   1.5955e+01 | 59  0.15535   7.7698e+00 | 60 -0.06616  -3.3106e+00
 61 -0.07691  -7.6526e+00 | 62 -0.01824  -7.3295e+00 | 63 -0.05889  -5.7424e+00
 64  0.04223   1.0539e+01 | 65 -0.01722   6.2150e+00 | 66  0.03120   1.3850e+01
 67 -0.09072  -4.4156e+00 | 68 -0.04488  -1.4718e+00 | 69 -0.07899  -5.0958e+00
 70 -0.07790  -6.5099e+00 | 71  0.02584  -4.0872e+00 | 72  0.07075   2.2174e+00
 73  0.01301   2.7400e+00 | 74 -0.01233   3.1927e+00 | 75  0.10838   1.9459e+01
 76  0.04106   8.4700e+00 | 77 -0.01712   5.3885e+00 | 78 -0.02541   8.4346e+00
 79  0.16225   3.2641e+01 | 80  0.27774   1.2894e+01 | 81  1.57277   8.1838e+00
 82 -0.10652  -7.8079e+00 | 83 -0.00622  -5.3076e+00 | 84  1.90687   6.7222e+00
 85  0.03857   4.8826e+00 | 86  0.11724   8.2042e+00 | 87  0.20546   4.0771e+00
 88 -0.05639   1.4322e+00 | 89 -0.17439   7.2520e-01 | 90 -0.12601   2.3082e+00
 91 -0.05904   2.3127e+00 | 92 -0.00691   4.1754e+00 | 93  0.04689   8.1455e+00
 94  0.12268   8.9251e+00 | 95 -0.01348   3.1908e+00 | 96 -0.04367   6.8657e+00
 97 -0.01453   1.0952e+01 | 98  0.07686   1.2682e+01 | 99  0.12318   1.2997e+01
100  0.09200   1.0401e+01 |101  0.11697   2.2241e+01 |102 -0.05857   5.1072e+00
103 -0.11883  -1.5200e+00 |104  0.02742  -3.0219e+00 |105  0.06724  -2.4471e-01
106 -0.05476   3.2634e-01 |107 -0.03842  -1.3431e+00 |108  0.12017  -6.8882e-01
109  0.04196   2.9803e+00 |110  0.09905   1.4005e+01 |111  0.00177   6.3047e+00
112 -0.11864   1.9519e+00 |113 -0.14551  -3.2271e-01 |114 -0.05593  -4.7516e-01
115  0.10687  -3.6274e-02 |116  0.02700  -1.7745e+00 |117  0.06042   6.0357e-01
118  0.04529   5.3152e+00 |119  0.02390   9.5597e+00 |120 -0.01216   7.4094e+00
121  0.12137   1.5123e+01 |122  0.19267   9.2824e+00 |123 -0.83433   1.3619e+00
124  0.10007  -5.2903e+00 |125 -0.01017  -7.0496e-01 |126 -0.24119  -4.1511e+00
127  0.00062  -6.7719e+00 |128 -0.01244  -6.7706e+00 |129  0.04622  -6.7540e+00
130  0.03321  -6.7626e+00 |131 -0.01710  -6.7694e+00 |132 -0.01330  -6.7704e+00
133 -0.01631  -6.7696e+00 |134  0.00773  -6.7714e+00 |135  0.02834  -6.7651e+00
136 -0.02732  -6.7656e+00 |137  0.03787  -6.7599e+00 |138  0.03184  -6.7634e+00
139 -0.08836  -6.7067e+00 |140  0.02219  -6.7677e+00 |141 -0.01816  -6.7691e+00
142 -0.07540  -6.7244e+00 |143  0.03365  -6.7624e+00 |144  0.04148  -6.7575e+00
145  0.04010  -6.7584e+00 |146  0.04465  -6.7552e+00 |147 -0.11381  -6.6639e+00
148 -0.05004  -6.7509e+00 |149 -0.05728  -6.7445e+00 |150 -0.03150  -6.7636e+00
151 -0.02614  -6.7661e+00 |152  0.03222  -6.7632e+00 |153  0.03725  -6.7603e+00
154 -0.01192  -6.7707e+00 |155 -0.00272  -6.7718e+00 |156  0.00137  -6.7718e+00
157  0.00036  -6.7719e+00 |158 -0.05350  -6.7480e+00 |159  0.04394  -6.7557e+00
160 -0.01853  -6.7690e+00 |161  0.04357  -6.7560e+00 |162  0.03838  -6.7596e+00
163 -0.04920  -6.7516e+00 |164  0.01239  -6.7706e+00 |165  0.02814  -6.7652e+00
166  0.03648  -6.7607e+00 |167 -0.00536  -6.7716e+00 |168  0.03031  -6.7642e+00
169  0.00758  -2.2664e+03 |170  0.02074  -8.7144e+00 |171 -0.00299  -5.2710e+01
172  0.02983  -5.3863e+01 |173  0.06289  -1.5231e+02 |174  0.07269  -3.9309e+01
175  0.03105  -3.7016e+01 |176  0.03490  -2.7684e+01 |177  0.03720  -3.2046e+01
178  0.07306  -7.0714e+01 |179  0.14631  -2.0226e+01 |180 -0.03891  -9.9949e+01
181  0.08825  -9.1283e+01 |182 -0.03112  -2.5142e+01 |183 -0.09324  -2.3102e+01
184  0.03726   4.7324e+01 |185 -0.48053  -3.4756e+00 |186  0.02021  -2.9166e+01
187 -0.04852   6.5771e+00 |188 -0.03612  -1.4072e+01 |189  0.02499  -2.8621e+01
190  0.04591  -1.6075e+01 |191  0.04636  -6.5153e+01 |192  0.01340  -3.7376e+01
193  0.01367   4.3102e+00 |194 -0.09921  -1.2071e+01 |195 -0.02473  -5.5427e+01
196  0.05303  -9.1543e+00 |197  0.03570  -2.0247e+01 |198 -0.00752  -3.7980e+01
199  0.00518  -6.2000e+01 |200  0.01118  -5.4237e+01 |201 -0.02659  -4.4561e+01
202  0.11154  -3.6663e+01 |203  0.11672  -1.7651e+01 |204  0.10557  -1.0344e+02
205 -0.03103  -3.1808e+01 |206 -0.60821  -1.9578e+00 |207 -0.06454   6.2521e+01
208 -0.09804   3.3103e+01 |209 -0.03854  -6.3392e+00 |210  0.02470  -2.3790e+01
211  0.34253  -2.8819e+00 |212 -0.05488   5.1918e+02 |213  0.03145   2.3249e+02
214 -0.03880  -2.3966e-08 |215 -0.55623  -6.1590e+00 |216 -0.65360  -1.9931e+01
217  0.01483  -3.9655e+01 |218 -0.15759   7.0277e+00 |219 -0.22055   7.4819e-02
220 -0.05037  -7.1096e-01 |221  0.02416  -2.0501e+00 |222  0.00169   5.9509e-01
223  0.01402   6.2756e+00 |224 -0.02746  -1.4669e+00 |225 -0.01626   1.0129e+01
226  0.10957  -3.0739e-01 |227  0.06756  -9.3013e+00 |228  0.21432   5.6235e+00
229  0.13250   1.6181e+01 |230  0.07583  -1.1710e+01 |231 -0.00178  -2.2760e+01
232  0.00451  -1.2093e+01 |233  0.08404   1.0290e+01 |234  0.13283   1.0701e+01
235 -0.14993  -2.2869e+01 |236 -0.12351   3.4937e-01 |237 -0.02291  -1.1011e+00
238  0.03290   1.0863e+01 |239 -0.11558  -7.6837e+00 |240 -0.16737  -1.3573e+01
241 -0.01441   2.1999e+01 |242  0.03422   4.0161e+00 |243  0.04610   3.9941e-01
244 -0.03492  -8.9454e+00 |245 -0.12196  -3.8611e+00 |246 -0.24112  -9.5080e+00
247 -0.10322   4.1126e+00 |248 -0.00844  -2.6864e+00 |249  0.05971   4.3588e+00
250  0.08565   5.4635e+00 |251  0.04233  -2.6417e+00 |252 -0.00670   1.6462e+00
253 -0.00271  -4.3720e+00 |254  0.11869  -1.0686e+01 |255  0.20943   1.8746e+00
256  0.24047   5.4323e-01 |257 -0.14578   5.3343e+00 |258  0.09008  -2.1215e+02
259  0.15593   1.9486e+02 |260 -0.86724   2.2207e+02 |261 -0.84901  -9.0232e+01
262 -0.79872  -2.7665e+00 |263 -0.46620   6.8215e+01 |264  0.64624   4.8391e+01
265  0.05862   9.1344e+01 |266  0.33089   7.9618e+01 |267  0.19680   8.7384e+01
268 -0.59537   5.4457e+01 |269  0.24706   8.4911e+01 |270 -0.58372   5.5799e+01
271  0.46437   6.8391e+01 |272 -0.10890   9.0393e+01 |273 -0.42762   7.1804e+01
274  0.44306   7.0399e+01 |275 -0.04691   9.1483e+01 |276 -0.86757   1.8945e+01
277  0.57061   5.7286e+01 |278  0.36613   7.6975e+01 |279 -0.20772   8.6892e+01
280  0.02135   9.1681e+01 |281  0.02181   9.1678e+01 |282 -0.50669   6.4180e+01
283 -0.21211   8.6688e+01 |284  0.23633   8.5484e+01 |285 -0.86073   1.9908e+01
286  0.34530   7.8566e+01 |287  0.23895   8.5346e+01 |288  0.18172   8.8021e+01
289 -0.36897   7.6752e+01 |290 -0.10476   9.0493e+01 |291 -0.24708   8.4910e+01
292 -0.57855   5.6388e+01 |293 -0.39208   7.4878e+01 |294  0.91812   1.1766e+01
295 -0.35421   7.7896e+01 |296  0.32948   7.9718e+01 |297  0.34344   7.8704e+01
298 -0.63741   4.9467e+01 |299 -0.34034   7.8933e+01 |300  0.49806   6.5062e+01
301  0.55456   5.9074e+01 |302  0.84502   2.2111e+01 |303  0.47484   5.2884e+01
304 -0.29230   4.5872e+01 |305 -0.85931   1.4759e+01 |306  0.32092   6.5879e+00
307 -0.94378  -4.4807e+01 |308 -0.25909   1.1327e+02 |
27.1158 6.16064 123.08 57.3633 
13.2875 13.2875 51.6656 50.9125 
7.6553 11.6354 0 1.03225 9.84293 
0 2.39695 0 0 0.481221 23.8545 0 
27.2173 6.22364 123.089 57.1705 
12.9137 12.9137 51.4299 50.8744 
7.51721 11.7808 0 0.992704 9.70334 
0 2.45342 0 0 0.471479 23.8 0 
27.1945 6.39148 122.487 56.9443 
13.2035 13.2035 50.9018 50.6112 
7.34669 12.0328 0 0.985673 9.91758 
0 2.44397 0 0 0.477674 23.7464 0 
26.6196 6.29138 121.419 57.8181 
14.5729 14.5729 51.2077 50.857 
7.45318 11.3549 0 0.9709 10.5465 
0 2.35953 0 0 0.509945 23.3746 0 
26.9497 6.32675 122.007 57.2468 
13.5993 13.5993 50.9422 50.6973 
7.38236 11.5943 0 0.979716 10.1683 
0 2.40459 0 0 0.485715 23.5779 0 
27.0494 6.43528 122.138 56.9272 
13.6174 13.6174 51.0369 50.6519 
7.38189 11.351 0 0.976764 10.1466 
0 2.31069 0 0 0.488995 23.6138 0 
27.2557 6.47814 121.964 56.5128 
13.5576 13.5576 51.017 50.5907 
7.32705 11.4035 0 0.956619 10.0782 
0 2.26661 0 0 0.488283 23.8602 0 
27.2433 6.79605 121.706 56.3967 
13.2708 13.2708 51.0008 50.4724 
7.16783 11.4997 0 0.917467 9.9757 
0 2.29544 0 0 0.488142 24.0018 0 
27.153 6.95959 121.375 56.3753 
13.0918 13.0918 50.8202 50.5018 
7.02722 11.6852 0 0.901252 9.91162 
0 2.35379 0 0 0.498959 24.0232 0 
27.199 6.96771 121.281 56.3097 
12.9636 12.9636 50.8001 50.5137 
6.975 11.7377 0 0.900893 9.87381 
0 2.37555 0 0 0.500173 23.9925 0 
27.3132 7.03456 121.151 56.2344 
13.0288 13.0288 50.8421 50.5059 
6.91387 11.3448 0 0.910337 9.57718 
0 2.437 0 0 0.49925 23.9385 0 
308 variables; iteration 180; function evaluation 206; phase 1
Function value   3.8943533e+02; maximum gradient component mag  -1.6973e+03
Var   Value    Gradient   |Var   Value    Gradient   |Var   Value    Gradient
  1 -2.03746  -5.9881e-01 |  2  0.17640  -1.0002e+01 |  3  0.19880  -1.3143e+01
  4  0.20688  -6.4166e-01 |  5  0.20606   6.4808e+00 |  6  0.19837  -2.2281e+00
  7  0.18374   1.6573e+00 |  8  0.18310   1.5768e+01 |  9  0.17401   7.5947e-01
 10  0.14829  -6.7196e+00 | 11  0.11495  -2.2938e+01 | 12  0.11451  -2.8380e+01
 13  0.10940   4.3483e+00 | 14  0.06153   1.6140e+00 | 15 -1.93679   3.8455e+00
 16 -0.02438   6.0461e+00 | 17 -0.12301   1.7998e-01 | 18 -0.24650  -2.1346e-02
 19 -0.15632   1.4177e-01 | 20 -1.10988   1.0920e-03 | 21 -0.44799   1.3592e-03
 22 -0.00337  -4.8515e+00 | 23 -0.19361   1.7211e-03 | 24 -2.02095  -7.1496e-01
 25  0.08857  -2.9996e+00 | 26  0.13205  -7.0262e+00 | 27  0.15771  -1.2605e+01
 28  0.16486   2.4358e+00 | 29  0.14936  -4.3741e+00 | 30  0.13557  -2.2651e+01
 31  0.14646  -9.3166e+00 | 32  0.14074   2.9971e+00 | 33  0.12299   5.7647e+00
 34  0.09659  -3.8603e+00 | 35  0.11731   7.3531e+00 | 36  0.11604  -1.1645e+01
 37  0.08928   8.3748e+00 | 38  0.04487  -1.1360e+01 | 39  0.00209  -3.0898e+00
 40 -0.04782  -1.5041e+00 | 41 -1.90880   1.3193e-01 | 42 -1.89575  -2.3040e+00
 43  0.07213  -1.7756e+00 | 44 -0.10846  -1.3619e+01 | 45 -0.07984  -7.9478e+00
 46 -0.12042  -1.5194e+00 | 47 -0.15352  -1.5765e+00 | 48 -0.13541  -3.1021e+00
 49 -0.03353   1.0918e+01 | 50 -0.05126   3.4264e+00 | 51  0.01733   1.2781e+01
 52  0.07088   1.8949e+01 | 53 -0.03953   1.4403e+00 | 54  0.00157   6.8262e+00
 55 -1.81704   1.5571e+01 | 56  0.04022   8.8372e+00 | 57  0.12011   1.3343e+01
 58 -1.83616   1.9931e+01 | 59  0.16880   5.1242e+00 | 60 -0.06401  -7.1391e+00
 61 -0.05933  -9.9927e+00 | 62  0.00503  -9.9052e+00 | 63 -0.07133  -1.1232e+01
 64  0.02450   2.6183e+00 | 65 -0.02846  -3.8102e-01 | 66  0.00536   1.6852e+00
 67 -0.09634  -1.1026e+01 | 68 -0.04405  -7.7797e+00 | 69 -0.05389  -8.7703e+00
 70 -0.04755  -9.5205e+00 | 71  0.02918  -8.8963e+00 | 72  0.07643  -1.3441e+00
 73  0.02155   4.2251e-01 | 74 -0.02132  -1.4339e+00 | 75  0.11738   1.2938e+01
 76  0.05518  -9.4982e-01 | 77 -0.02924  -6.7266e+00 | 78 -0.00932  -8.3451e-01
 79  0.14593   4.5509e+00 | 80  0.26847  -1.9324e+01 | 81  1.53814   1.0411e+01
 82 -0.10342  -1.0886e+01 | 83 -0.02343  -9.9246e+00 | 84  1.94522   1.1707e+01
 85  0.05629   7.4170e+00 | 86  0.08628   2.5653e+00 | 87  0.21291   5.1021e-02
 88 -0.08957  -3.3492e+00 | 89 -0.19112  -2.0409e+00 | 90 -0.14304  -7.8070e-01
 91 -0.07326  -1.1537e+00 | 92 -0.01489   3.7980e-01 | 93  0.04713   6.4500e+00
 94  0.13657   9.8883e+00 | 95 -0.00459   3.8615e+00 | 96 -0.04820   5.3815e+00
 97 -0.01771   5.7278e+00 | 98  0.06834   3.8027e+00 | 99  0.12856   1.0485e+01
100  0.08610   6.5156e+00 |101  0.11911   1.6101e+01 |102 -0.10156  -1.3037e+00
103 -0.10602  -2.6897e+00 |104  0.06861  -3.6369e+00 |105  0.02966  -4.2121e+00
106 -0.02906  -1.6108e+00 |107 -0.03812  -4.1486e+00 |108  0.09327  -2.3594e+00
109  0.05788  -1.0237e+00 |110  0.10469   6.2922e+00 |111  0.00574   2.0490e+00
112 -0.10551  -7.4304e-01 |113 -0.16324  -6.0462e+00 |114 -0.05334  -4.8128e+00
115  0.09660  -6.1279e+00 |116  0.02453  -5.2469e+00 |117  0.07305  -1.4317e+00
118  0.01656   8.0943e-01 |119 -0.01302   6.0429e+00 |120 -0.02338   4.2835e+00
121  0.13624   8.0299e+00 |122  0.18889  -7.6936e+00 |123 -0.81743   8.3549e-01
124  0.08113  -1.1354e+01 |125  0.01904  -4.0279e+00 |126 -0.10462  -1.3827e+00
127  0.00552  -2.5722e+00 |128 -0.00839  -2.5721e+00 |129  0.04387  -2.5662e+00
130  0.03619  -2.5682e+00 |131 -0.01353  -2.5718e+00 |132 -0.00933  -2.5721e+00
133 -0.01265  -2.5718e+00 |134  0.01276  -2.5718e+00 |135  0.03209  -2.5691e+00
136 -0.02511  -2.5703e+00 |137  0.03985  -2.5673e+00 |138  0.03507  -2.5684e+00
139 -0.10158  -2.5397e+00 |140  0.02662  -2.5701e+00 |141 -0.01471  -2.5717e+00
142 -0.08449  -2.5497e+00 |143  0.03655  -2.5681e+00 |144  0.04239  -2.5666e+00
145  0.04146  -2.5669e+00 |146  0.04413  -2.5662e+00 |147 -0.13565  -2.5142e+00
148 -0.05224  -2.5637e+00 |149 -0.06126  -2.5604e+00 |150 -0.02997  -2.5695e+00
151 -0.02375  -2.5705e+00 |152  0.02418  -2.5705e+00 |153  0.03049  -2.5694e+00
154 -0.00782  -2.5721e+00 |155  0.00203  -2.5723e+00 |156  0.00630  -2.5722e+00
157  0.00526  -2.5723e+00 |158 -0.05653  -2.5622e+00 |159  0.04381  -2.5662e+00
160 -0.01512  -2.5716e+00 |161  0.04362  -2.5663e+00 |162  0.03192  -2.5691e+00
163 -0.05120  -2.5640e+00 |164  0.01736  -2.5714e+00 |165  0.03192  -2.5691e+00
166  0.02952  -2.5696e+00 |167 -0.00075  -2.5723e+00 |168  0.03378  -2.5687e+00
169  0.00737  -1.6973e+03 |170  0.02003  -1.8179e+01 |171  0.00401  -4.8788e+01
172  0.03281  -4.7557e+01 |173  0.06651  -1.4990e+02 |174  0.07337  -4.3170e+01
175  0.03279  -5.9217e+01 |176  0.02452  -5.9079e+01 |177  0.03833  -4.3850e+01
178  0.07079  -7.8142e+01 |179  0.14361  -5.1300e+01 |180 -0.03665  -1.1977e+02
181  0.08916  -8.7291e+01 |182 -0.02840  -3.0538e+01 |183 -0.07493  -3.4497e+01
184  0.03899   2.4596e+01 |185 -0.49152  -1.4863e+01 |186  0.02399  -1.9766e+01
187 -0.05064  -1.4732e+01 |188 -0.03879  -3.8353e+01 |189  0.02379  -4.2215e+01
190  0.04205  -2.8227e+01 |191  0.04471  -7.8753e+01 |192  0.01343  -3.8767e+01
193  0.02016   2.2159e+01 |194 -0.10704  -2.5625e+01 |195 -0.01496  -5.8795e+01
196  0.05968  -4.8156e+00 |197  0.04055  -3.2543e+01 |198 -0.00749  -5.3876e+01
199  0.01279  -6.9444e+01 |200  0.01203  -6.6481e+01 |201 -0.02576  -5.5999e+01
202  0.11803   9.0708e-01 |203  0.11454  -1.3012e+01 |204  0.10444  -9.5491e+01
205 -0.03683  -4.4967e+01 |206 -0.56424  -1.2374e+01 |207 -0.06976   3.6109e+01
208 -0.10043   7.9270e+00 |209 -0.03723  -2.0830e+01 |210  0.02463  -4.1332e+01
211  0.27304  -1.7750e+01 |212 -0.05337   3.8886e+02 |213  0.03048   1.6187e+02
214 -0.03880  -2.3966e-08 |215 -0.55235  -4.0777e-01 |216 -0.65233  -1.5743e+01
217  0.00836  -5.7916e+01 |218 -0.12579   5.4255e+00 |219 -0.22103  -8.0164e+00
220 -0.04210   1.6408e+00 |221  0.02995  -1.4689e+00 |222 -0.00249  -1.0264e+00
223  0.00625   1.9960e+00 |224 -0.04332  -1.3127e+01 |225 -0.01882   1.2543e+01
226  0.09895  -6.1451e+00 |227  0.06216  -1.2834e+01 |228  0.21843   6.0362e+00
229  0.11302   1.0174e+00 |230  0.07478  -1.4053e+01 |231  0.01287  -1.2958e+01
232  0.02377  -3.1750e+00 |233  0.07779   1.7756e+00 |234  0.12754   4.9185e+00
235 -0.14566  -1.5801e+01 |236 -0.14026  -8.9058e+00 |237 -0.00662   2.8934e+00
238  0.03562   4.4330e+00 |239 -0.10297  -3.4628e+00 |240 -0.13993  -6.5602e-02
241 -0.02622   1.2981e+01 |242  0.02363   9.5017e-01 |243  0.05172   2.6315e+00
244 -0.02601  -4.1714e+00 |245 -0.12697  -1.3684e+01 |246 -0.23043  -3.7976e+00
247 -0.09167   1.1797e+01 |248 -0.01136  -4.6178e+00 |249  0.05335   4.7095e+00
250  0.08104   2.2616e+00 |251  0.04227  -1.5373e+00 |252 -0.02370  -1.8972e+00
253 -0.02863  -1.3590e+01 |254  0.12391  -7.9166e+00 |255  0.20972   2.1134e+00
256  0.24216   1.3965e+00 |257 -0.15684   5.0390e+00 |258  0.09075  -1.5188e+02
259  0.15377   1.3092e+02 |260 -0.86762   1.8450e+02 |261 -0.84953  -1.0286e+02
262 -0.77780  -5.4633e+00 |263 -0.48086  -8.4313e+01 |264  0.55674  -7.4274e+01
265  0.00671  -1.1580e+02 |266  0.43227  -9.0121e+01 |267  0.20965  -1.0958e+02
268 -0.51899  -7.9410e+01 |269  0.31800  -1.0166e+02 |270 -0.51142  -8.0406e+01
271  0.47903  -8.4540e+01 |272 -0.05463  -1.1538e+02 |273 -0.44199  -8.9000e+01
274  0.42250  -9.1226e+01 |275  0.01021  -1.1579e+02 |276 -0.82953  -3.0641e+01
277  0.38907  -9.4844e+01 |278  0.36251  -9.7534e+01 |279 -0.15150  -1.1254e+02
280  0.03718  -1.1561e+02 |281  0.03025  -1.1568e+02 |282 -0.64954  -6.0580e+01
283 -0.25968  -1.0631e+02 |284  0.18495  -1.1095e+02 |285 -0.85925  -2.5395e+01
286  0.36453  -9.7335e+01 |287  0.18216  -1.1110e+02 |288  0.15872  -1.1223e+02
289 -0.41132  -9.2464e+01 |290 -0.14345  -1.1288e+02 |291 -0.31416  -1.0199e+02
292 -0.52840  -7.8155e+01 |293 -0.27661  -1.0505e+02 |294  0.97578  -4.4039e+00
295 -0.30548  -1.0273e+02 |296  0.28240  -1.0460e+02 |297  0.39562  -9.4156e+01
298 -0.68551  -5.4910e+01 |299 -0.34744  -9.8984e+01 |300  0.51833  -7.9496e+01
301  0.59828  -6.8323e+01 |302  0.80589  -3.4766e+01 |303  0.47466   6.9724e+01
304 -0.28714   3.2090e+01 |305 -0.85672   1.7291e+01 |306  0.31685  -3.6666e-01
307 -0.94339  -1.3793e+00 |308 -0.26318   9.3191e+01 |
26.9601 7.03879 121.027 55.9967 
12.9859 12.9859 50.5415 50.5555 
6.90308 11.5362 0 0.955639 9.35768 
0 2.51641 0 0 0.503151 23.9465 0 
26.86 7.16816 119.964 55.8108 
13.3037 13.3037 51.0924 50.3031 
6.85982 11.2644 0 1.01752 9.13394 
0 2.54606 0 0 0.490801 24.12 0 
26.9125 7.24063 119.585 55.7011 
13.2761 13.2761 51.2165 50.3163 
6.7044 10.9269 0 0.981799 9.35978 
0 2.53803 0 0 0.494473 24.2267 0 
26.8593 7.28222 119.424 55.6912 
13.0677 13.0677 51.1759 50.3745 
6.61538 10.8413 0 0.961747 9.25429 
0 2.55258 0 0 0.473003 24.2387 0 
26.8074 7.2458 119.649 55.2721 
13.2434 13.2434 51.0374 50.4429 
6.61151 10.3151 0 0.987108 8.93243 
0 2.58748 0 0 0.488322 24.4586 0 
26.7607 7.26253 119.498 55.2347 
12.8786 12.8786 51.0748 50.4021 
6.68661 10.4945 0 0.993613 8.50026 
0 2.6302 0 0 0.497361 24.4517 0 
26.7213 7.32165 119.02 55.2229 
12.6312 12.6312 51.1163 50.3912 
6.72202 10.5474 0 0.98797 8.49201 
0 2.64416 0 0 0.491939 24.4197 0 
26.4378 7.39146 118.863 55.1276 
12.4 12.4 50.6459 50.4705 
6.68137 10.9125 0 0.985107 8.59714 
0 2.63661 0 0 0.466345 24.4127 0 
26.5215 7.4429 117.719 55.4734 
12.0596 12.0596 50.7471 50.5996 
6.52477 10.7516 0 1.0156 9.03553 
0 2.57594 0 0 0.488421 24.3389 0 
26.1689 7.55971 117.062 55.9088 
12.2717 12.2717 50.8124 50.6136 
6.39473 10.7988 0 1.07627 9.67984 
0 2.45421 0 0 0.517761 23.8772 0 
308 variables; iteration 190; function evaluation 216; phase 1
Function value   3.8304004e+02; maximum gradient component mag  -1.2123e+03
Var   Value    Gradient   |Var   Value    Gradient   |Var   Value    Gradient
  1 -2.03388  -4.9568e-01 |  2  0.17699   1.5155e+00 |  3  0.20367   1.7651e+01
  4  0.20610   1.4983e+01 |  5  0.20403   7.7629e+00 |  6  0.19711   2.7727e+00
  7  0.18446   8.9360e+00 |  8  0.17692   1.6407e+00 |  9  0.17452   2.4628e+00
 10  0.14475  -1.1763e+01 | 11  0.11430  -2.1004e+01 | 12  0.11613  -2.9436e+01
 13  0.10650  -2.2685e+00 | 14  0.06300   1.9241e+00 | 15 -1.96678   2.3666e+00
 16 -0.02412   5.8790e+00 | 17 -0.23949  -2.4012e-01 | 18 -0.26245  -3.1672e-02
 19 -0.13491   1.3428e-01 | 20 -1.17868   1.7632e-03 | 21 -0.70977  -2.5302e-04
 22  0.04569  -1.9728e+00 | 23 -0.19351   1.2513e-03 | 24 -1.93540   1.2403e+00
 25  0.10120   2.3780e-01 | 26  0.13905  -3.9671e-01 | 27  0.16341  -2.6008e+00
 28  0.16636   5.2084e+00 | 29  0.15752   1.0182e+01 | 30  0.14193  -1.4289e+01
 31  0.14524  -1.1943e+01 | 32  0.14237   3.4956e+00 | 33  0.11341  -9.5393e+00
 34  0.10018  -3.1459e+00 | 35  0.11728  -6.5357e-01 | 36  0.11871  -6.6735e+00
 37  0.08934   1.1356e+00 | 38  0.04435  -1.7215e+01 | 39  0.00029  -5.5546e+00
 40 -0.05376  -2.3125e+00 | 41 -1.89061   1.2939e+00 | 42 -1.86452  -5.6703e-01
 43  0.05648  -4.9135e+00 | 44 -0.08415  -1.1057e+01 | 45 -0.07590  -8.6868e+00
 46 -0.10977  -1.0244e+00 | 47 -0.15342  -1.3677e+00 | 48 -0.11595   7.4969e-01
 49 -0.05421   7.0662e+00 | 50 -0.04715   4.1279e+00 | 51  0.01449   8.7519e+00
 52  0.05795   8.8242e+00 | 53 -0.01688   3.2678e+00 | 54 -0.01998   4.1356e+00
 55 -1.80509   1.2881e+01 | 56  0.03281   8.6112e+00 | 57  0.09260   7.6364e+00
 58 -1.86239   1.4833e+01 | 59  0.17155   1.2467e+01 | 60 -0.08567  -4.8107e+00
 61 -0.03704  -3.1395e+00 | 62  0.01071  -5.3036e+00 | 63 -0.05554  -6.7321e+00
 64  0.02780   5.5625e+00 | 65 -0.04085   1.4626e+00 | 66  0.00476   5.5640e+00
 67 -0.06562  -3.8869e+00 | 68 -0.07149  -5.4358e+00 | 69 -0.03208  -6.1513e-02
 70 -0.05727  -4.5482e+00 | 71  0.02541  -5.1791e+00 | 72  0.06095  -3.3425e+00
 73  0.05512   2.5674e+00 | 74 -0.01406  -1.8076e+00 | 75  0.09992   1.3898e+00
 76  0.02649  -7.9612e+00 | 77 -0.02779  -6.9620e+00 | 78 -0.01132  -6.9626e-01
 79  0.15904   5.4772e+00 | 80  0.28034  -1.4424e+01 | 81  1.48919   6.8915e+00
 82 -0.10148  -6.2341e+00 | 83 -0.02947  -6.4639e+00 | 84  1.99330   9.6751e+00
 85  0.03506   2.6266e+00 | 86  0.08975  -3.8143e+00 | 87  0.21049  -1.1255e+01
 88 -0.10803  -7.8091e+00 | 89 -0.20380  -5.6065e+00 | 90 -0.16724  -6.1848e+00
 91 -0.07597  -5.5685e+00 | 92 -0.02759  -6.0144e+00 | 93  0.03856  -3.5997e+00
 94  0.15242   5.0026e+00 | 95 -0.01177  -7.6740e-01 | 96 -0.06919  -5.2027e-01
 97 -0.05356  -1.0656e+00 | 98  0.09202   7.2298e+00 | 99  0.11637   1.1638e+01
100  0.08630   4.6348e+00 |101  0.13264   1.5840e+01 |102 -0.07785  -9.1335e-01
103 -0.10208  -5.0408e+00 |104  0.06434  -7.2904e+00 |105  0.04222  -2.8236e+00
106 -0.09468  -5.4273e+00 |107 -0.09090  -5.9649e+00 |108  0.09232  -2.1027e+00
109  0.07213  -7.0987e+00 |110  0.08520  -5.6493e+00 |111  0.00632  -2.0715e+00
112 -0.10833  -2.6155e+00 |113 -0.12541  -4.1743e+00 |114 -0.02877  -3.6830e+00
115  0.09385  -7.4133e+00 |116  0.03265  -4.0040e+00 |117  0.09961   1.9340e+00
118  0.05133  -1.7253e+00 |119  0.00901  -7.1212e-01 |120 -0.01580  -2.9922e+00
121  0.15978  -6.3281e-01 |122  0.17319  -1.6793e+01 |123 -0.81958   3.3032e-01
124  0.07926  -1.0869e+01 |125  0.03158  -5.0155e+00 |126 -0.07572  -2.0163e+00
127  0.01330   4.2929e+00 |128 -0.00177   4.2939e+00 |129  0.04194   4.2846e+00
130  0.04154   4.2847e+00 |131 -0.00760   4.2936e+00 |132 -0.00282   4.2938e+00
133 -0.00658   4.2936e+00 |134  0.02069   4.2916e+00 |135  0.03838   4.2861e+00
136 -0.02119   4.2915e+00 |137  0.04398   4.2836e+00 |138  0.04071   4.2851e+00
139 -0.12338   4.2135e+00 |140  0.03375   4.2878e+00 |141 -0.00895   4.2935e+00
142 -0.09901   4.2421e+00 |143  0.04180   4.2846e+00 |144  0.04519   4.2831e+00
145  0.04482   4.2832e+00 |146  0.04504   4.2831e+00 |147 -0.17333   4.1357e+00
148 -0.05523   4.2777e+00 |149 -0.06715   4.2700e+00 |150 -0.02706   4.2900e+00
151 -0.01956   4.2919e+00 |152  0.00582   4.2937e+00 |153  0.01677   4.2924e+00
154 -0.00112   4.2939e+00 |155  0.00963   4.2934e+00 |156  0.01412   4.2928e+00
157  0.01302   4.2930e+00 |158 -0.06086   4.2743e+00 |159  0.04528   4.2830e+00
160 -0.00943   4.2934e+00 |161  0.04533   4.2830e+00 |162  0.01927   4.2919e+00
163 -0.05387   4.2785e+00 |164  0.02520   4.2905e+00 |165  0.03825   4.2861e+00
166  0.01508   4.2927e+00 |167  0.00664   4.2936e+00 |168  0.03972   4.2855e+00
169  0.00828  -1.2123e+03 |170  0.01309   1.0953e+01 |171  0.01436   2.2325e+01
172  0.03095   1.1286e+01 |173  0.07011  -8.1743e+01 |174  0.06501  -2.5039e+01
175  0.03198  -3.0818e+01 |176  0.01659  -2.2640e+01 |177  0.03863   9.8228e+00
178  0.07611  -8.3382e+00 |179  0.13886  -2.4291e+01 |180 -0.03139  -9.8592e+01
181  0.08083  -7.2783e+01 |182 -0.04074   2.6751e+00 |183 -0.05508   5.6911e+00
184  0.03275   2.6539e+01 |185 -0.51504   5.5672e+00 |186  0.02304  -3.2173e+00
187 -0.04832   1.6110e+01 |188 -0.03809  -4.3526e+00 |189  0.02527   6.7083e+00
190  0.03562  -3.0442e+00 |191  0.04161  -5.9913e+01 |192  0.00823  -2.4724e+01
193  0.02108   5.2164e+01 |194 -0.10372   5.6620e+00 |195 -0.01235  -2.1714e+01
196  0.05636   7.1501e+00 |197  0.04400   1.0121e+01 |198 -0.00128  -6.9360e-01
199  0.02023   1.8385e+00 |200  0.01313  -2.2961e+01 |201 -0.02113  -2.0941e+01
202  0.11295   3.3250e+01 |203  0.11587   1.8640e+01 |204  0.10880  -4.5534e+01
205 -0.02954  -1.1596e+01 |206 -0.61068   5.2155e+00 |207 -0.07396   5.4844e+01
208 -0.11900   7.9438e+00 |209 -0.03468   1.1408e+01 |210  0.03246   3.8552e+00
211  0.33935   7.8515e+00 |212 -0.05525   2.6740e+02 |213  0.03082   9.3728e+01
214 -0.03880  -2.3966e-08 |215 -0.55420  -9.4296e+00 |216 -0.65116   1.4068e+00
217  0.00961  -2.4187e+01 |218 -0.14552  -7.2148e+00 |219 -0.23006  -1.2186e+01
220 -0.03660   5.5556e+00 |221  0.01925  -9.1473e+00 |222 -0.00583   1.0389e-01
223  0.01052   6.7067e+00 |224 -0.04023  -7.3681e+00 |225 -0.03635   1.8901e+00
226  0.10523   2.1773e+00 |227  0.08273  -2.3310e+00 |228  0.23020   4.6817e+00
229  0.12454   4.2732e+00 |230  0.07721  -7.6568e+00 |231  0.00811  -1.1600e+01
232  0.00359  -1.5650e+01 |233  0.04415  -1.5660e+01 |234  0.12667   4.4002e+00
235 -0.14636  -2.1615e+01 |236 -0.14186  -1.4605e+01 |237  0.01025   1.2667e+01
238  0.03999   4.9060e-01 |239 -0.10653  -6.2791e+00 |240 -0.15848  -3.5442e+00
241 -0.06541  -4.3779e+00 |242  0.00870  -4.4483e+00 |243  0.06322   8.0454e+00
244 -0.01581   2.0131e+00 |245 -0.11664  -8.4693e+00 |246 -0.22243  -2.3578e+00
247 -0.09230   1.6725e+00 |248  0.00150  -1.4675e+00 |249  0.05869   5.0627e+00
250  0.08297  -3.6279e+00 |251  0.05014  -8.7243e+00 |252 -0.01061   1.0470e+00
253 -0.01987  -7.5102e+00 |254  0.15120   1.1424e-01 |255  0.21407   2.1667e+00
256  0.23513  -3.9624e-01 |257 -0.16035  -1.6472e+00 |258  0.09136  -2.0591e+02
259  0.15125   2.9472e+01 |260 -0.86822   1.3390e+02 |261 -0.84717  -5.0251e+01
262 -0.78383   1.9512e+00 |263 -0.45257  -3.1474e+01 |264  0.54810  -2.7068e+01
265 -0.01659  -4.1520e+01 |266  0.32209  -3.6330e+01 |267  0.16198  -4.0197e+01
268 -0.46127  -3.1100e+01 |269  0.25542  -3.8236e+01 |270 -0.45488  -3.1375e+01
271  0.45107  -3.1537e+01 |272  0.03242  -4.1480e+01 |273 -0.40380  -3.3455e+01
274  0.38032  -3.4340e+01 |275  0.04563  -4.1427e+01 |276 -0.78185  -1.3955e+01
277  0.38903  -3.4017e+01 |278  0.36629  -3.4847e+01 |279 -0.17378  -3.9996e+01
280  0.02934  -4.1490e+01 |281  0.00816  -4.1530e+01 |282 -0.55983  -2.6483e+01
283 -0.18807  -3.9735e+01 |284  0.24568  -3.8479e+01 |285 -0.80019  -1.2823e+01
286  0.23413  -3.8756e+01 |287  0.19800  -3.9541e+01 |288  0.15129  -4.0366e+01
289 -0.33018  -3.6072e+01 |290 -0.11439  -4.0865e+01 |291 -0.32871  -3.6119e+01
292 -0.56969  -2.5984e+01 |293 -0.29244  -3.7228e+01 |294  0.86036  -9.0373e+00
295 -0.37166  -3.4655e+01 |296  0.30409  -3.6885e+01 |297  0.38921  -3.4011e+01
298 -0.60608  -2.4091e+01 |299 -0.37540  -3.4520e+01 |300  0.51435  -2.8699e+01
301  0.56792  -2.6074e+01 |302  0.77701  -1.4252e+01 |303  0.47332  -3.6841e+01
304 -0.25457   2.3215e+01 |305 -0.84710   2.9502e+01 |306  0.31926  -2.4203e+00
307 -0.94162  -3.1188e+01 |308 -0.28763   7.6036e+01 |
26.0084 7.52422 116.907 55.9304 
12.3787 12.3787 50.4977 50.7092 
6.54652 10.2857 0 1.13255 10.0072 
0 2.45939 0 0 0.496186 23.7138 0 
25.3261 7.70619 116.148 56.1231 
12.3677 12.3677 50.4649 50.8608 
6.70636 10.4015 0 1.15859 10.1035 
0 2.57306 0 0 0.487155 23.7269 0 
25.3344 7.67028 115.893 56.2119 
12.2239 12.2239 50.3684 50.8764 
6.70571 10.5815 0 1.1503 9.95702 
0 2.57505 0 0 0.488521 23.7521 0 
25.2358 7.73639 115.701 56.3447 
12.1108 12.1108 50.0409 50.9476 
6.71217 10.7369 0 1.15003 9.75196 
0 2.56978 0 0 0.491211 23.6762 0 
25.1518 7.86245 115.669 56.3682 
12.067 12.067 49.9247 50.988 
6.71079 10.6718 0 1.15246 9.64884 
0 2.54052 0 0 0.499764 23.5789 0 
25.1168 7.92128 115.679 56.1397 
12.1947 12.1947 50.0313 51.0006 
6.66461 10.1915 0 1.16558 9.43471 
0 2.53995 0 0 0.503261 23.6825 0 
25.7369 7.80015 114.56 56.6662 
12.093 12.093 49.5909 51.2039 
6.5374 10.5006 0 1.16124 9.34072 
0 2.5282 0 0 0.482769 23.5805 0 
25.4153 7.85025 115.106 56.3829 
12.1013 12.1013 49.8035 51.0957 
6.59609 10.291 0 1.16346 9.38871 
0 2.52793 0 0 0.492176 23.6218 0 
25.5644 7.72706 114.687 56.5855 
11.9193 11.9193 49.8179 51.0748 
6.53995 10.5948 0 1.17136 9.24357 
0 2.51413 0 0 0.479258 23.6339 0 
25.5594 7.73164 114.612 56.5203 
12.3383 12.3383 49.4159 51.2887 
6.47391 10.2676 0 1.17303 9.37427 
0 2.49528 0 0 0.480175 23.6172 0 
25.4502 7.77691 114.687 56.508 
12.3545 12.3545 49.1887 51.3659 
6.48486 10.3476 0 1.18269 9.28624 
0 2.49795 0 0 0.474695 23.5451 0 
308 variables; iteration 200; function evaluation 227; phase 1
Function value   3.7924885e+02; maximum gradient component mag  -7.9528e+02
Var   Value    Gradient   |Var   Value    Gradient   |Var   Value    Gradient
  1 -2.03944  -6.1058e-01 |  2  0.17748   7.3179e+00 |  3  0.20805   4.3798e+01
  4  0.20425   2.1403e+01 |  5  0.19893  -6.0087e+00 |  6  0.19498  -4.0361e+00
  7  0.18304   7.8505e+00 |  8  0.17634   5.1052e+00 |  9  0.17475   4.8407e+00
 10  0.14122  -1.4061e+01 | 11  0.11307  -1.5709e+01 | 12  0.11300  -2.3825e+01
 13  0.10391  -5.8881e+00 | 14  0.05900   3.8919e-02 | 15 -1.97035   1.9057e+00
 16 -0.04012   4.1906e+00 | 17 -0.26249  -2.4382e-01 | 18 -0.26771  -3.3672e-02
 19 -0.17707   1.8837e-01 | 20 -1.25425   2.4947e-03 | 21 -0.50359  -5.7325e-04
 22  0.05594  -8.7273e-01 | 23 -0.19343   1.4198e-03 | 24 -1.93605   1.2330e+00
 25  0.09675  -8.6677e-01 | 26  0.13144  -5.9315e+00 | 27  0.16293  -9.0502e-01
 28  0.16273  -5.7026e-01 | 29  0.15729   1.0537e+01 | 30  0.14537  -7.7507e+00
 31  0.14657  -8.2649e+00 | 32  0.13963  -2.3566e-01 | 33  0.11622  -5.5689e+00
 34  0.09175  -1.0764e+01 | 35  0.11646  -2.7972e+00 | 36  0.12051   8.4326e+00
 37  0.09405   1.6285e+01 | 38  0.04700  -1.3736e+01 | 39  0.00029  -5.7722e+00
 40 -0.03562   8.8310e-01 | 41 -1.86519   2.3595e+00 | 42 -1.83339   2.6867e-01
 43  0.03790  -6.1931e+00 | 44 -0.07711  -9.5583e+00 | 45 -0.06270  -6.8097e+00
 46 -0.11662  -1.0480e+00 | 47 -0.15410  -8.7909e-01 | 48 -0.13870  -2.4378e+00
 49 -0.05844   3.5208e+00 | 50 -0.04966   2.8822e-01 | 51  0.01927   2.9410e+00
 52  0.07317  -1.4217e+00 | 53 -0.01468  -3.4606e+00 | 54 -0.02009  -1.3431e+00
 55 -1.81602   1.2590e+01 | 56  0.03402   4.2931e+00 | 57  0.10061   4.7426e+00
 58 -1.86094   1.4040e+01 | 59  0.15806   8.1134e+00 | 60 -0.09249  -3.5941e+00
 61 -0.04195  -1.4520e+00 | 62  0.04489   3.3742e-01 | 63 -0.04651  -3.2243e+00
 64  0.02980   8.7359e+00 | 65 -0.03557   4.3141e+00 | 66 -0.01492   6.0913e+00
 67 -0.08573  -2.6347e+00 | 68 -0.07285  -3.4472e+00 | 69 -0.03748   6.2674e-01
 70 -0.06589  -4.0482e+00 | 71  0.02005  -5.4977e+00 | 72  0.03935  -5.3432e+00
 73  0.05933   1.8026e+00 | 74 -0.01736  -2.7014e+00 | 75  0.10538   2.8314e+00
 76  0.05634  -1.6005e+00 | 77 -0.02995  -4.7198e+00 | 78  0.00313   1.8585e+00
 79  0.16105   3.4729e+00 | 80  0.27299  -2.0936e+01 | 81  1.48396   5.5148e+00
 82 -0.10083  -4.1909e+00 | 83 -0.01996  -3.6564e+00 | 84  2.00071   8.0751e+00
 85  0.01981   2.6672e+00 | 86  0.10368  -6.1773e-01 | 87  0.22190  -6.9982e+00
 88 -0.09067  -3.7732e+00 | 89 -0.20967  -2.5117e+00 | 90 -0.15542  -1.0326e+00
 91 -0.08524  -1.6762e+00 | 92 -0.01983  -6.7647e-01 | 93  0.05246   2.1130e-01
 94  0.15356   6.2832e+00 | 95 -0.02176   7.7060e-01 | 96 -0.07657  -6.2639e-01
 97 -0.03811  -6.0809e-01 | 98  0.07733  -1.0937e+00 | 99  0.12243   7.6386e+00
100  0.08764   4.3676e+00 |101  0.11381   8.6464e+00 |102 -0.06946   3.4558e+00
103 -0.09325   1.0727e-01 |104  0.08298  -1.1014e+00 |105  0.02540  -4.2432e-01
106 -0.07631  -3.0345e-01 |107 -0.06875  -8.0821e-01 |108  0.07723   2.0614e+00
109  0.04294  -3.3469e+00 |110  0.10013  -7.0296e-02 |111  0.02455   3.5453e+00
112 -0.10622   2.3000e+00 |113 -0.10331   2.0439e+00 |114 -0.03732  -1.8039e-01
115  0.10813  -2.2413e+00 |116  0.03419  -1.0213e+00 |117  0.07145  -3.4399e+00
118  0.06577   7.7731e-01 |119 -0.01708   1.8535e+00 |120 -0.03768  -4.9183e-01
121  0.16319   6.8750e+00 |122  0.17992  -3.0349e+00 |123 -0.83477   1.4814e+00
124  0.11807  -1.9795e-01 |125  0.02393   1.0582e+00 |126 -0.14145  -4.5297e-02
127  0.01610   5.0583e+00 |128 -0.00014   5.0600e+00 |129  0.03956   5.0502e+00
130  0.04498   5.0473e+00 |131 -0.00642   5.0597e+00 |132 -0.00127   5.0600e+00
133 -0.00533   5.0598e+00 |134  0.02401   5.0564e+00 |135  0.04213   5.0489e+00
136 -0.02100   5.0572e+00 |137  0.04679   5.0463e+00 |138  0.04426   5.0477e+00
139 -0.12350   4.9651e+00 |140  0.03760   5.0511e+00 |141 -0.00788   5.0596e+00
142 -0.10042   4.9971e+00 |143  0.04519   5.0472e+00 |144  0.04712   5.0461e+00
145  0.04716   5.0461e+00 |146  0.04543   5.0471e+00 |147 -0.16799   4.8848e+00
148 -0.05673   5.0399e+00 |149 -0.06890   5.0304e+00 |150 -0.02725   5.0553e+00
151 -0.01926   5.0577e+00 |152 -0.01139   5.0592e+00 |153  0.00315   5.0599e+00
154  0.00055   5.0600e+00 |155  0.01215   5.0590e+00 |156  0.01698   5.0582e+00
157  0.01581   5.0584e+00 |158 -0.06250   5.0356e+00 |159  0.04614   5.0467e+00
160 -0.00839   5.0595e+00 |161  0.04641   5.0465e+00 |162  0.00654   5.0597e+00
163 -0.05533   5.0409e+00 |164  0.02878   5.0548e+00 |165  0.04200   5.0490e+00
166  0.00087   5.0600e+00 |167  0.00893   5.0595e+00 |168  0.04337   5.0482e+00
169  0.00866  -7.9528e+02 |170  0.01083  -6.0939e+00 |171  0.01852   1.9194e+01
172  0.02781  -3.4307e+00 |173  0.07481  -6.1908e+01 |174  0.06119  -2.5653e+01
175  0.04096  -1.3296e+01 |176  0.01970  -1.5933e+01 |177  0.03525   5.6458e-01
178  0.08144   1.0638e+01 |179  0.13842  -5.6137e+00 |180 -0.03047  -1.1392e+02
181  0.07936  -6.5718e+01 |182 -0.03734  -2.4532e+00 |183 -0.05189  -8.5796e-01
184  0.02867   6.3128e+00 |185 -0.53545  -3.8132e+00 |186  0.02193  -1.5101e+01
187 -0.04929   1.6509e-02 |188 -0.03605  -1.9346e+01 |189  0.02378  -1.5274e+01
190  0.03447  -1.8878e+01 |191  0.03941  -6.7882e+01 |192  0.00784  -4.1842e+01
193  0.01216   1.7990e+01 |194 -0.08023   1.9859e+00 |195 -0.00606  -8.0890e+00
196  0.04930  -2.1447e+01 |197  0.03843  -2.7941e+00 |198 -0.00199  -9.8554e+00
199  0.01524  -1.8852e+01 |200  0.01542  -2.4260e+01 |201 -0.01938  -3.1035e+01
202  0.11392   1.6356e+00 |203  0.11570   1.5177e+00 |204  0.11193  -2.5297e+01
205 -0.02165  -1.9536e+01 |206 -0.57534  -2.9884e+00 |207 -0.08453   2.5327e+01
208 -0.11538  -9.7150e+00 |209 -0.03904  -1.0967e+01 |210  0.03530  -2.1090e+00
211  0.30507  -4.2534e+00 |212 -0.05638   1.6625e+02 |213  0.02953   3.0322e+01
214 -0.03880  -2.3966e-08 |215 -0.54805  -7.4136e+00 |216 -0.64819   4.6382e+00
217  0.00866  -8.1890e+00 |218 -0.14764  -5.3783e+00 |219 -0.21437  -9.3112e-01
220 -0.03188   1.6977e+00 |221  0.04155  -4.2514e+00 |222  0.01149   8.0512e+00
223  0.01605   5.7538e+00 |224 -0.03803  -4.8814e+00 |225 -0.04815  -6.9384e+00
226  0.10055   2.9825e-01 |227  0.08224  -2.6721e+00 |228  0.19230  -5.9334e+00
229  0.10367  -3.7221e+00 |230  0.08563  -1.9433e-01 |231  0.01979  -4.6257e-01
232  0.01878  -4.2168e+00 |233  0.04855  -1.6557e+01 |234  0.12671   4.3239e+00
235 -0.14834  -1.5555e+01 |236 -0.15134  -1.5434e+01 |237 -0.00556   1.5583e+00
238  0.04096   2.1697e+00 |239 -0.10806  -1.0222e+01 |240 -0.14027   4.4300e+00
241 -0.06157  -6.9542e+00 |242  0.00150  -3.7626e+00 |243  0.03893  -2.8417e+00
244 -0.00770   8.0177e+00 |245 -0.12724  -1.9410e+01 |246 -0.21788  -1.2601e+00
247 -0.09414  -3.4110e+00 |248  0.00564  -6.2312e-02 |249  0.04846  -4.5623e+00
250  0.08008  -2.5631e+00 |251  0.05740  -6.3949e-01 |252 -0.01401  -2.8620e+00
253 -0.01966  -5.4390e+00 |254  0.16304   4.5919e+00 |255  0.21552  -1.0506e+00
256  0.22647  -3.9595e+00 |257 -0.15400  -2.7141e+00 |258  0.09244  -1.3230e+02
259  0.15058   1.3078e+01 |260 -0.86890   5.4614e+01 |261 -0.84547  -1.4340e+01
262 -0.76834   2.4508e+00 |263 -0.48092  -5.5413e+01 |264  0.52666  -5.1524e+01
265  0.00232  -7.6119e+01 |266  0.23785  -7.0869e+01 |267  0.10732  -7.5041e+01
268 -0.39439  -6.1974e+01 |269  0.13169  -7.4497e+01 |270 -0.31539  -6.6968e+01
271  0.40430  -6.1279e+01 |272  0.08742  -7.5403e+01 |273 -0.51093  -5.2893e+01
274  0.36564  -6.3906e+01 |275  0.10319  -7.5122e+01 |276 -0.72495  -3.1874e+01
277  0.25132  -7.0265e+01 |278  0.37199  -6.3491e+01 |279 -0.19398  -7.2613e+01
280  0.06237  -7.5755e+01 |281 -0.02042  -7.6081e+01 |282 -0.54396  -4.9983e+01
283 -0.31708  -6.6872e+01 |284  0.36360  -6.4038e+01 |285 -0.80842  -2.2563e+01
286  0.21741  -7.1724e+01 |287  0.29240  -6.8231e+01 |288  0.18852  -7.2807e+01
289 -0.27386  -6.9185e+01 |290 -0.12321  -7.4699e+01 |291 -0.23673  -7.0918e+01
292 -0.54790  -4.9627e+01 |293 -0.24017  -7.0767e+01 |294  0.85603  -1.7068e+01
295 -0.48049  -5.5449e+01 |296  0.33819  -6.5629e+01 |297  0.44470  -5.8292e+01
298 -0.59021  -4.5684e+01 |299 -0.38432  -6.2665e+01 |300  0.41586  -6.0448e+01
301  0.61190  -4.3583e+01 |302  0.75751  -2.8298e+01 |303  0.47410   7.0365e-01
304 -0.24722   1.3637e+01 |305 -0.84546   2.8935e+01 |306  0.33382   9.0759e+00
307 -0.94083  -4.8937e+01 |308 -0.29713   6.1820e+01 |
25.6347 7.81163 114.508 56.3304 
12.146 12.146 49.2321 51.421 
6.52357 10.3499 0 1.17965 9.16663 
0 2.52437 0 0 0.469666 23.5171 0 
25.6932 8.21451 114.05 56.4665 
12.0994 12.0994 49.1822 51.4663 
6.51598 10.1124 0 1.17683 9.02161 
0 2.56037 0 0 0.484029 23.398 0 
25.8567 8.3663 113.791 56.4406 
12.0888 12.0888 49.1638 51.486 
6.48557 10.0376 0 1.15502 9.00973 
0 2.53628 0 0 0.47678 23.372 0 
26.0325 8.33231 113.34 56.5152 
11.579 11.579 49.2209 51.545 
6.40826 10.5097 0 1.16641 8.96639 
0 2.47399 0 0 0.475118 23.3956 0 
26.2301 8.03976 113.01 56.7209 
11.7465 11.7465 49.0083 51.3757 
6.32288 10.7611 0 1.18131 8.90821 
0 2.4575 0 0 0.46239 23.3015 0 
26.0966 8.07401 112.896 56.5853 
11.6936 11.6936 48.8097 51.3934 
6.25104 11.3183 0 1.18547 8.97103 
0 2.45907 0 0 0.434858 23.2016 0 
26.0292 8.09191 112.927 56.592 
11.6753 11.6753 48.7919 51.4159 
6.25158 11.2573 0 1.18493 8.95725 
0 2.46654 0 0 0.436958 23.1684 0 
25.9509 8.06193 112.858 56.5817 
11.67 11.67 48.7772 51.4738 
6.24111 11.2021 0 1.18781 9.01596 
0 2.46456 0 0 0.438651 23.1389 0 
25.9634 7.99218 112.617 56.4514 
11.4692 11.4692 48.9073 51.5226 
6.23415 11.2431 0 1.21015 9.08128 
0 2.50033 0 0 0.441194 23.1312 0 
25.7115 8.04824 112.491 56.4407 
11.2675 11.2675 48.7685 51.4689 
6.25766 11.4357 0 1.22961 9.12673 
0 2.55202 0 0 0.444534 23.1139 0 
308 variables; iteration 210; function evaluation 237; phase 1
Function value   3.7647782e+02; maximum gradient component mag  -6.1304e+02
Var   Value    Gradient   |Var   Value    Gradient   |Var   Value    Gradient
  1 -2.03625  -5.6202e-01 |  2  0.17591   3.4821e-02 |  3  0.20536   2.1923e+01
  4  0.20246   1.0506e+01 |  5  0.20181   6.8581e+00 |  6  0.19858   1.3254e+01
  7  0.18352   9.6526e+00 |  8  0.17772   6.1607e+00 |  9  0.17534   6.9432e+00
 10  0.14282  -1.3670e+01 | 11  0.11857  -1.1378e+01 | 12  0.11885  -2.0986e+01
 13  0.10556  -1.2412e+00 | 14  0.05554  -3.5314e+00 | 15 -1.97156   1.7997e+00
 16 -0.03181   4.2745e+00 | 17 -0.18818  -1.6214e-01 | 18 -0.26378  -2.9647e-02
 19 -0.08946   1.9586e+00 | 20 -1.41373   3.8776e-03 | 21 -0.55379  -3.2100e-04
 22  0.07014   9.5542e-01 | 23 -0.19323   6.8314e-04 | 24 -1.97650   8.2301e-01
 25  0.09192  -2.8638e+00 | 26  0.13755  -1.9097e+00 | 27  0.16557   1.5480e+00
 28  0.16514   2.0679e+00 | 29  0.16203   1.9396e+01 | 30  0.14323  -1.2259e+01
 31  0.14747  -8.9313e+00 | 32  0.14122   7.2790e-01 | 33  0.11824  -4.2183e+00
 34  0.10860   5.8026e+00 | 35  0.11919  -2.0209e+00 | 36  0.12169   1.1471e+01
 37  0.08722  -5.6313e+00 | 38  0.04698  -1.3259e+01 | 39  0.00120  -5.5121e+00
 40 -0.04233   1.2138e+00 | 41 -1.88723   1.4851e+00 | 42 -1.84883  -8.2710e-02
 43  0.03048  -4.1512e+00 | 44 -0.08200  -6.8850e+00 | 45 -0.06568  -4.1971e+00
 46 -0.12742  -9.4106e-01 | 47 -0.16422  -1.3376e+00 | 48 -0.14239  -2.2467e+00
 49 -0.04129   5.9448e+00 | 50 -0.04715   8.9672e-01 | 51 -0.00517   7.6301e-01
 52  0.06566   1.7189e+00 | 53 -0.00479   2.7696e+00 | 54 -0.04057   9.3014e-01
 55 -1.82999   9.3636e+00 | 56  0.03464   7.1233e+00 | 57  0.09564   7.8767e+00
 58 -1.87287   1.0618e+01 | 59  0.15518   1.1979e+01 | 60 -0.08498  -6.2347e-01
 61 -0.04910  -3.4524e-01 | 62  0.03301  -7.4908e-02 | 63 -0.03929  -1.9307e+00
 64  0.02552   6.5487e+00 | 65 -0.03926   2.6398e+00 | 66 -0.01778   4.2742e+00
 67 -0.06860  -2.5571e-01 | 68 -0.04258   1.7076e-01 | 69 -0.03812   1.1352e+00
 70 -0.04991  -1.4241e+00 | 71  0.02060  -4.8263e+00 | 72  0.05533  -2.9841e+00
 73  0.05227   2.2235e+00 | 74  0.00078  -2.4136e-01 | 75  0.10777   2.6456e+00
 76  0.03848  -2.1043e+00 | 77 -0.00166  -7.9457e-01 | 78 -0.01118   2.0050e+00
 79  0.16030   4.7999e+00 | 80  0.27674  -1.6490e+01 | 81  1.52522   4.2179e+00
 82 -0.11116  -2.6617e+00 | 83 -0.02752  -1.8021e+00 | 84  1.98187   5.0531e+00
 85  0.00811   1.6132e+00 | 86  0.09478  -1.1438e+00 | 87  0.23666   8.7930e-01
 88 -0.08747  -1.7022e+00 | 89 -0.21388  -1.3754e+00 | 90 -0.16966  -1.6589e+00
 91 -0.09461  -3.3406e+00 | 92 -0.01955  -1.1193e+00 | 93  0.02125  -4.6731e+00
 94  0.15783   1.6715e-01 | 95 -0.01921   1.2401e+00 | 96 -0.07086   9.9661e-02
 97 -0.05308  -1.1534e+00 | 98  0.08367  -8.3927e-01 | 99  0.10451   4.0179e+00
100  0.09245   4.4986e+00 |101  0.11748   9.7342e+00 |102 -0.05793   5.5016e+00
103 -0.07233   3.8982e+00 |104  0.09055   3.3514e+00 |105  0.02971  -6.6413e-02
106 -0.05242   8.1875e-01 |107 -0.05745  -4.2512e-02 |108  0.08451   2.0168e+00
109  0.07239  -3.4266e+00 |110  0.10522  -3.8695e-01 |111  0.01003   1.4277e+00
112 -0.09769   2.7747e+00 |113 -0.11096   1.7409e+00 |114 -0.03979  -1.1496e-01
115  0.11486  -3.5414e+00 |116  0.02876  -1.5534e+00 |117  0.06524  -4.0153e+00
118  0.06362   1.9716e+00 |119 -0.04420   1.0012e+00 |120 -0.05794  -1.6233e+00
121  0.17077   6.6884e+00 |122  0.17482  -6.9997e+00 |123 -0.83373   1.6762e+00
124  0.11973   1.2931e+00 |125  0.02134   1.6547e+00 |126 -0.12591   1.3328e+00
127  0.01500   3.3554e+00 |128 -0.00284   3.3563e+00 |129  0.03540   3.3511e+00
130  0.04770   3.3469e+00 |131 -0.00948   3.3559e+00 |132 -0.00405   3.3562e+00
133 -0.00834   3.3560e+00 |134  0.02399   3.3539e+00 |135  0.04474   3.3480e+00
136 -0.02426   3.3538e+00 |137  0.04916   3.3463e+00 |138  0.04699   3.3471e+00
139 -0.10192   3.3134e+00 |140  0.03966   3.3498e+00 |141 -0.01100   3.3558e+00
142 -0.08851   3.3239e+00 |143  0.04791   3.3468e+00 |144  0.04860   3.3465e+00
145  0.04907   3.3463e+00 |146  0.04499   3.3479e+00 |147 -0.12151   3.2953e+00
148 -0.05663   3.3430e+00 |149 -0.06636   3.3381e+00 |150 -0.03033   3.3525e+00
151 -0.02255   3.3542e+00 |152 -0.03064   3.3524e+00 |153 -0.01370   3.3555e+00
154 -0.00210   3.3563e+00 |155  0.01057   3.3558e+00 |156  0.01599   3.3552e+00
157  0.01467   3.3554e+00 |158 -0.06133   3.3407e+00 |159  0.04632   3.3474e+00
160 -0.01153   3.3557e+00 |161  0.04685   3.3472e+00 |162 -0.00955   3.3559e+00
163 -0.05547   3.3436e+00 |164  0.02948   3.3527e+00 |165  0.04460   3.3481e+00
166 -0.01643   3.3552e+00 |167  0.00701   3.3561e+00 |168  0.04607   3.3475e+00
169  0.00853  -6.1304e+02 |170  0.01245   1.4760e+01 |171  0.01195   1.9696e+01
172  0.02995   2.3626e+01 |173  0.07628  -2.3825e+01 |174  0.05663  -1.0914e+01
175  0.04217   4.6671e+00 |176  0.01363  -2.2636e+00 |177  0.03201   1.4380e+01
178  0.07697   1.6637e+01 |179  0.13388  -2.3753e+01 |180 -0.02590  -1.0579e+02
181  0.07975  -3.1822e+01 |182 -0.03651   1.1808e+01 |183 -0.05634   8.7736e+00
184  0.02843   8.8016e+00 |185 -0.54203   6.1838e+00 |186  0.02323   1.5644e+01
187 -0.04866   1.6475e+01 |188 -0.03425  -3.3174e+00 |189  0.02622   6.5001e+00
190  0.03910   1.3931e+01 |191  0.04371  -2.7001e+01 |192  0.01536  -1.0101e+01
193  0.01368   2.5019e+01 |194 -0.07884   1.6673e+01 |195  0.00171   2.3767e+01
196  0.05113  -1.1442e+00 |197  0.04308   2.2919e+01 |198  0.00039   6.9241e+00
199  0.01582  -4.4340e+00 |200  0.01759   3.5912e+00 |201 -0.01401  -8.8073e+00
202  0.11282   1.3885e+01 |203  0.11553   1.2521e+01 |204  0.11239  -5.9184e+00
205 -0.02103  -2.9578e+00 |206 -0.59501   6.0751e+00 |207 -0.09159   3.2087e+01
208 -0.11513   4.0019e+00 |209 -0.04180   5.5875e-01 |210  0.03430   1.0847e+01
211  0.31035   9.0628e+00 |212 -0.05687   1.3869e+02 |213  0.02900  -1.8766e+00
214 -0.03880  -2.3966e-08 |215 -0.54830  -7.7561e+00 |216 -0.64917   7.0362e+00
217  0.00762   7.7898e+00 |218 -0.15120  -3.8139e+00 |219 -0.22721   1.8016e-01
220 -0.03761   7.2813e-01 |221  0.04694  -1.2751e-03 |222 -0.00136  -2.5257e+00
223  0.00574  -5.1133e-01 |224 -0.02790   6.8566e+00 |225 -0.04496  -4.0281e+00
226  0.08296  -8.3979e+00 |227  0.10477   1.3827e+01 |228  0.18910  -5.7680e+00
229  0.11235   1.7102e+00 |230  0.08811   1.7068e+00 |231  0.02494   1.2523e+00
232  0.01746  -5.5126e+00 |233  0.05253  -1.1479e+01 |234  0.12776   6.5952e+00
235 -0.13965  -7.5296e+00 |236 -0.14485  -1.2720e+01 |237 -0.00581  -2.5757e+00
238  0.04587   2.3579e+00 |239 -0.10061  -4.2411e+00 |240 -0.13534   8.2437e+00
241 -0.06105  -7.5558e+00 |242  0.01516   1.9609e+00 |243  0.04814   1.4534e+00
244 -0.01501   5.5763e+00 |245 -0.12687  -1.3357e+01 |246 -0.21548   3.7262e+00
247 -0.10125  -7.6650e+00 |248  0.00734   3.1405e+00 |249  0.04697  -4.5291e+00
250  0.08067   8.6985e-01 |251  0.05296   8.0754e-02 |252 -0.03068  -8.9975e+00
253 -0.02658  -3.5722e-01 |254  0.14914   2.6795e+00 |255  0.20944  -2.0655e+00
256  0.23374  -2.6235e-01 |257 -0.15134  -2.4769e+00 |258  0.09246  -1.5740e+02
259  0.15013  -5.1617e-01 |260 -0.86931   3.6923e+01 |261 -0.84377   2.3971e+01
262 -0.77359   5.2359e+00 |263 -0.56328  -2.4175e+00 |264  0.53651  -2.5395e+00
265  0.10516  -3.7645e+00 |266  0.19544  -3.6380e+00 |267  0.11293  -3.7566e+00
268 -0.48370  -2.7668e+00 |269  0.12509  -3.7430e+00 |270 -0.30698  -3.3813e+00
271  0.42977  -2.9793e+00 |272  0.05098  -3.8042e+00 |273 -0.53864  -2.5300e+00
274  0.31984  -3.3448e+00 |275  0.11838  -3.7507e+00 |276 -0.70470  -1.7075e+00
277  0.22740  -3.5755e+00 |278  0.42305  -3.0043e+00 |279 -0.14420  -3.7190e+00
280  0.09955  -3.7699e+00 |281  0.00976  -3.8160e+00 |282 -0.54587  -2.4974e+00
283 -0.36005  -3.2222e+00 |284  0.35812  -3.2283e+00 |285 -0.89913  -6.0219e-01
286  0.35570  -3.2361e+00 |287  0.31870  -3.3481e+00 |288  0.22801  -3.5743e+00
289 -0.38364  -3.1442e+00 |290 -0.19166  -3.6448e+00 |291 -0.31628  -3.3551e+00
292 -0.58146  -2.3322e+00 |293 -0.15679  -3.7013e+00 |294  0.99714  -1.7132e-02
295 -0.50264  -2.6874e+00 |296  0.32791  -3.3213e+00 |297  0.47473  -2.8036e+00
298 -0.63527  -2.0688e+00 |299 -0.34926  -3.2564e+00 |300  0.41101  -3.0483e+00
301  0.61338  -2.1779e+00 |302  0.77654  -1.3123e+00 |303  0.47305  -5.0854e+01
304 -0.22115   1.7489e+01 |305 -0.84114   3.6117e+01 |306  0.33786   1.5730e+01
307 -0.93974  -1.4325e+02 |308 -0.31494   5.8681e+01 |
25.6551 7.96246 112.752 56.0651 
11.4961 11.4961 48.2319 51.5872 
6.1922 11.3655 0 1.23299 9.30071 
0 2.58776 0 0 0.435116 23.1652 0 
25.5474 8.06293 112.493 56.1039 
11.3409 11.3409 48.1922 51.7325 
6.15486 11.1896 0 1.23863 9.42265 
0 2.57111 0 0 0.431441 23.094 0 
25.4075 8.07463 111.988 56.0979 
11.4826 11.4826 48.1456 51.8948 
6.10637 11.1289 0 1.22868 9.30587 
0 2.53489 0 0 0.429264 23.0788 0 
24.9978 8.46595 112.059 56.0618 
11.1783 11.1783 48.4055 51.8887 
6.15144 11.012 0 1.21529 9.27714 
0 2.4464 0 0 0.441668 22.8908 0 
25.1327 8.4439 112.226 55.8222 
10.8724 10.8724 48.3269 52.0786 
6.13327 10.9718 0 1.16735 9.38848 
0 2.38084 0 0 0.448513 22.7244 0 
24.8455 8.5654 111.963 55.5476 
10.9437 10.9437 48.3782 52.4129 
6.20944 10.7067 0 1.19646 9.36926 
0 2.42122 0 0 0.437737 22.5654 0 
24.6456 8.65346 111.514 55.6562 
10.8566 10.8566 48.2087 52.4133 
6.28114 10.7307 0 1.19667 8.9479 
0 2.58048 0 0 0.451855 22.5802 0 
24.2743 8.72521 111.164 55.7841 
11.1508 11.1508 48.2507 52.4542 
6.24001 10.5338 0 1.18736 8.78971 
0 2.59134 0 0 0.460717 22.6452 0 
24.1922 8.65466 111.161 55.7305 
11.1038 11.1038 48.2577 52.5844 
6.15762 10.5071 0 1.1795 9.19697 
0 2.54037 0 0 0.453948 22.4219 0 
24.2584 8.49149 110.965 55.6902 
11.0875 11.0875 48.2469 52.5962 
6.12768 10.6159 0 1.19571 9.49315 
0 2.46373 0 0 0.455669 22.4059 0 
308 variables; iteration 220; function evaluation 247; phase 1
Function value   3.7252347e+02; maximum gradient component mag  -3.7284e+02
Var   Value    Gradient   |Var   Value    Gradient   |Var   Value    Gradient
  1 -2.04396  -1.0046e+00 |  2  0.17861   2.1947e-01 |  3  0.19870  -1.4745e+00
  4  0.20067   6.6936e-02 |  5  0.20457   1.6430e+01 |  6  0.19654   8.5041e+00
  7  0.18597   1.6093e+01 |  8  0.17376  -5.0825e+00 |  9  0.17261  -9.1437e+00
 10  0.15041  -1.7201e+00 | 11  0.12955   1.9807e+00 | 12  0.13144  -1.5754e+00
 13  0.10632  -1.0714e+00 | 14  0.05719  -3.0935e+00 | 15 -1.96825   2.6072e+00
 16 -0.04081   2.5726e+00 | 17 -0.19613  -1.7962e-01 | 18 -0.24237  -1.1721e-02
 19 -0.22348   5.3261e-02 | 20 -1.64955   1.7582e-03 | 21 -0.69904  -2.9291e-04
 22  0.06386   2.8935e-01 | 23 -0.19283   1.6217e-03 | 24 -1.95033   1.1262e+00
 25  0.09148  -2.2769e+00 | 26  0.13732  -3.2403e-01 | 27  0.16484   4.4265e+00
 28  0.16272   2.1302e+00 | 29  0.15404   7.8349e+00 | 30  0.14723  -2.7237e+00
 31  0.14635  -6.7114e+00 | 32  0.14251   6.1692e+00 | 33  0.12181   2.1358e+00
 34  0.10419  -4.3845e-02 | 35  0.11614  -1.0265e+00 | 36  0.11478  -5.0050e+00
 37  0.08173  -6.3531e+00 | 38  0.04443  -8.4312e+00 | 39  0.00184  -2.2213e+00
 40 -0.03864   8.0002e-01 | 41 -1.89987   3.8714e-01 | 42 -1.82320   3.7650e-01
 43  0.03400  -4.4620e+00 | 44 -0.06505  -6.9918e+00 | 45 -0.07801  -5.7769e+00
 46 -0.14190  -4.1458e+00 | 47 -0.16439  -4.5739e+00 | 48 -0.13093  -4.7756e+00
 49 -0.06639  -1.3021e+00 | 50 -0.03610  -9.9551e-01 | 51 -0.00281  -1.3350e+00
 52  0.07083   1.2145e-01 | 53  0.00525   2.0559e+00 | 54 -0.04594  -1.6915e+00
 55 -1.84962   9.8288e+00 | 56  0.01490   2.5891e+00 | 57  0.10614   8.1333e+00
 58 -1.87762   1.1576e+01 | 59  0.13820   9.2867e+00 | 60 -0.08467  -2.4975e-01
 61 -0.05803  -7.7060e-01 | 62  0.01069  -2.6529e+00 | 63 -0.03415  -3.3325e+00
 64  0.01522   2.1403e+00 | 65 -0.04661  -2.0609e+00 | 66 -0.02461  -5.4282e-01
 67 -0.04898  -8.7048e-01 | 68 -0.06880  -4.5284e+00 | 69 -0.02303   1.5217e+00
 70 -0.04540  -1.0741e+00 | 71  0.03272  -2.6520e+00 | 72  0.05652  -1.2513e+00
 73  0.04275   8.1636e-01 | 74 -0.00114  -1.9342e+00 | 75  0.10587   9.9137e-02
 76  0.04295  -3.2805e+00 | 77  0.01083  -9.1917e-01 | 78 -0.01914  -1.3004e+00
 79  0.16797   3.7536e+00 | 80  0.28380  -6.8751e+00 | 81  1.50673   4.9504e+00
 82 -0.09286  -2.1788e+00 | 83 -0.01935  -2.6709e+00 | 84  2.01117   7.4151e+00
 85 -0.02158   1.8064e+00 | 86  0.09338   3.0648e-01 | 87  0.23054  -3.8556e+00
 88 -0.09622  -1.5282e+00 | 89 -0.19688   4.2917e-01 | 90 -0.12998   4.7452e-01
 91 -0.05044  -1.7879e+00 | 92 -0.02153  -2.6074e+00 | 93  0.04583  -4.5418e+00
 94  0.14754  -2.9325e+00 | 95 -0.00872   3.6767e+00 | 96 -0.04523   3.9113e+00
 97 -0.04839  -9.4363e-02 | 98  0.07905   5.8310e-01 | 99  0.10144   7.0953e+00
100  0.08449   8.3255e+00 |101  0.13910   1.8972e+01 |102 -0.06021   4.9036e+00
103 -0.09418   3.3297e+00 |104  0.06566   4.3239e+00 |105  0.05030   2.7332e+00
106 -0.05335   9.8746e-01 |107 -0.04500   9.7140e-01 |108  0.05826  -8.3353e-02
109  0.09156  -1.3152e+00 |110  0.12918   1.0366e+00 |111 -0.00270  -6.9463e-01
112 -0.17295  -7.1848e-01 |113 -0.15940   1.0863e+00 |114 -0.02869   2.3763e+00
115  0.12006   2.0179e+00 |116  0.02974   5.4860e-01 |117  0.07867  -5.2017e+00
118  0.06767   4.1601e-01 |119 -0.01380   2.4623e+00 |120 -0.02840   3.4204e-01
121  0.15868  -3.6494e+00 |122  0.17108  -1.8372e+01 |123 -0.84844   1.7661e+00
124  0.12876   3.0436e+00 |125 -0.00995   1.1010e+00 |126 -0.15741   1.2645e+00
127  0.01139  -2.5446e-02 |128 -0.00960  -2.5447e-02 |129  0.02611  -2.5429e-02
130  0.05350  -2.5360e-02 |131 -0.01675  -2.5441e-02 |132 -0.01093  -2.5446e-02
133 -0.01555  -2.5442e-02 |134  0.02282  -2.5434e-02 |135  0.05011  -2.5371e-02
136 -0.03122  -2.5419e-02 |137  0.05423  -2.5358e-02 |138  0.05276  -2.5363e-02
139 -0.05930  -2.5340e-02 |140  0.04355  -2.5391e-02 |141 -0.01833  -2.5440e-02
142 -0.06294  -2.5326e-02 |143  0.05370  -2.5360e-02 |144  0.05168  -2.5366e-02
145  0.05313  -2.5361e-02 |146  0.04373  -2.5390e-02 |147 -0.03971  -2.5401e-02
148 -0.05476  -2.5356e-02 |149 -0.05918  -2.5340e-02 |150 -0.03654  -2.5408e-02
151 -0.02965  -2.5422e-02 |152 -0.06153  -2.5331e-02 |153 -0.04356  -2.5391e-02
154 -0.00878  -2.5448e-02 |155  0.00596  -2.5449e-02 |156  0.01262  -2.5445e-02
157  0.01098  -2.5446e-02 |158 -0.05707  -2.5348e-02 |159  0.04645  -2.5382e-02
160 -0.01888  -2.5439e-02 |161  0.04758  -2.5379e-02 |162 -0.03870  -2.5403e-02
163 -0.05414  -2.5358e-02 |164  0.03001  -2.5422e-02 |165  0.04994  -2.5372e-02
166 -0.04667  -2.5382e-02 |167  0.00169  -2.5450e-02 |168  0.05172  -2.5366e-02
169  0.00891  -3.7284e+02 |170  0.01247   2.2536e+01 |171  0.01007   1.2594e+01
172  0.02352   9.4551e+00 |173  0.08215   3.9207e+01 |174  0.05556  -4.0635e+00
175  0.04019  -8.7734e+00 |176  0.01569  -1.3459e+01 |177  0.03160   9.9796e+00
178  0.07956   2.6484e+01 |179  0.13252  -1.9923e+01 |180 -0.01462  -1.2290e+02
181  0.07736  -2.7175e+01 |182 -0.04963   1.0426e+00 |183 -0.05594   1.3743e+00
184  0.02239  -1.3258e+01 |185 -0.54656   2.6221e+00 |186  0.01582  -2.6208e+01
187 -0.05805   1.1656e+00 |188 -0.03497   2.9516e-01 |189  0.02883   2.6534e+01
190  0.03223  -2.3658e+00 |191  0.04536  -3.9783e+00 |192  0.01849   2.0340e+00
193  0.00928   4.3477e+00 |194 -0.07424   1.2374e+01 |195 -0.00080   1.4185e+01
196  0.05260  -9.2764e+00 |197  0.04146   9.7323e+00 |198 -0.00074   3.2721e-01
199  0.01511  -2.9952e+00 |200  0.02006   7.7285e+00 |201 -0.01325  -1.2492e+01
202  0.11385   2.5097e+01 |203  0.11397  -7.8382e+00 |204  0.11748   1.6298e+01
205 -0.00511   1.5775e+00 |206 -0.61039   2.8348e+00 |207 -0.10515   1.5663e+01
208 -0.11028   6.6873e+00 |209 -0.03961   4.7160e+00 |210  0.03340   5.4565e+00
211  0.34312   4.2531e+00 |212 -0.05652   1.3300e+02 |213  0.03021  -2.7434e+01
214 -0.03880  -2.3966e-08 |215 -0.53936  -4.3505e+00 |216 -0.64102   1.5544e+01
217  0.01607   2.7765e+01 |218 -0.14758  -7.4217e-01 |219 -0.25581  -8.3062e+00
220 -0.05139  -2.9089e+00 |221  0.04464   3.3473e+00 |222 -0.00637  -6.3198e+00
223  0.00754   7.3526e-01 |224 -0.02352   4.9353e+00 |225 -0.03054   4.1034e+00
226  0.09954   2.7403e+00 |227  0.10279   1.2836e+01 |228  0.20604   2.4465e-01
229  0.11028  -2.7593e+00 |230  0.09542   1.8862e+00 |231  0.03079   6.1938e+00
232  0.00628  -1.1475e+01 |233  0.05105  -7.2217e+00 |234  0.11738  -2.3412e+00
235 -0.12886  -4.5285e+00 |236 -0.13310  -5.8086e+00 |237 -0.01518  -4.1797e+00
238  0.03651  -3.5295e-01 |239 -0.10562  -8.3700e+00 |240 -0.13589   6.2171e+00
241 -0.06394  -4.2653e+00 |242  0.00635   2.6446e+00 |243  0.05190  -2.2317e+00
244 -0.00544   5.9158e+00 |245 -0.12137  -4.8805e-01 |246 -0.24212  -7.1222e+00
247 -0.11717  -9.6628e+00 |248 -0.00619  -6.4966e-01 |249  0.02793  -1.5161e+01
250  0.08895   3.7815e+00 |251  0.06603   3.7376e+00 |252 -0.00948   5.1266e-01
253 -0.02043  -4.6921e+00 |254  0.14704   1.7993e-01 |255  0.22952   6.4136e+00
256  0.23602  -6.0016e-01 |257 -0.14554  -4.5346e+00 |258  0.09524  -1.1472e+02
259  0.14981  -2.3490e+01 |260 -0.86832   2.0075e+01 |261 -0.84156   6.1149e+01
262 -0.77339   6.4321e+00 |263 -0.49920  -4.3820e+01 |264  0.49065  -4.4402e+01
265  0.03717  -6.1787e+01 |266  0.12189  -6.0761e+01 |267  0.12317  -6.0738e+01
268 -0.39758  -5.0210e+01 |269  0.08972  -6.1279e+01 |270 -0.21375  -5.8436e+01
271  0.43039  -4.8279e+01 |272  0.09240  -6.1242e+01 |273 -0.62672  -3.4246e+01
274  0.27865  -5.6057e+01 |275  0.06554  -6.1565e+01 |276 -0.59125  -3.7064e+01
277  0.17158  -5.9658e+01 |278  0.41876  -4.8979e+01 |279 -0.18565  -5.9279e+01
280  0.03528  -6.1797e+01 |281 -0.02270  -6.1853e+01 |282 -0.52524  -4.1995e+01
283 -0.21728  -5.8322e+01 |284  0.47660  -4.5343e+01 |285 -0.79560  -1.9532e+01
286  0.19820  -5.8917e+01 |287  0.45145  -4.6972e+01 |288  0.20856  -5.8601e+01
289 -0.27823  -5.6075e+01 |290 -0.16783  -5.9754e+01 |291 -0.27595  -5.6169e+01
292 -0.63032  -3.3954e+01 |293 -0.12143  -6.0770e+01 |294  0.86344  -1.3175e+01
295 -0.55376  -3.9917e+01 |296  0.27992  -5.6005e+01 |297  0.57427  -3.8373e+01
298 -0.57803  -3.8086e+01 |299 -0.44298  -4.7504e+01 |300  0.41016  -4.9485e+01
301  0.56345  -3.9193e+01 |302  0.69414  -2.8605e+01 |303  0.47300  -6.1194e+01
304 -0.20081   8.4223e+00 |305 -0.83717   4.2326e+01 |306  0.33500   1.2569e+01
307 -0.93827  -2.1168e+02 |308 -0.33883   4.0262e+01 |
24.1439 8.43649 110.728 55.6582 
11.0276 11.0276 48.3195 52.6083 
6.20124 10.7514 0 1.23138 9.66781 
0 2.44988 0 0 0.457348 22.3533 0 
24.0436 8.41215 110.415 55.6951 
11.0184 11.0184 48.3004 52.6697 
6.2719 10.7798 0 1.25367 9.71005 
0 2.47343 0 0 0.452359 22.3293 0 
23.9443 8.44045 110.31 55.75 
10.96 10.96 48.2791 52.695 
6.23386 10.6262 0 1.27023 9.84428 
0 2.43009 0 0 0.452597 22.2305 0 
23.9327 8.24097 109.703 56.041 
10.9614 10.9614 48.2915 52.673 
6.22565 10.6876 0 1.31463 10.1208 
0 2.32624 0 0 0.45363 22.1588 0 
23.8545 8.25875 109.349 56.1751 
11.2002 11.2002 48.3845 52.5958 
6.33758 10.4692 0 1.40763 10.0604 
0 2.31954 0 0 0.453547 22.0058 0 
23.51 8.07622 109.296 56.1964 
11.0918 11.0918 48.8284 52.4584 
6.35492 10.299 0 1.4245 10.1111 
0 2.36431 0 0 0.45844 22.0319 0 
23.4417 8.03644 108.907 56.2615 
10.9713 10.9713 48.8537 52.4181 
6.37193 10.2538 0 1.46489 10.1973 
0 2.35119 0 0 0.454757 21.9694 0 
23.2253 7.95825 108.753 56.2766 
10.8574 10.8574 49.0515 52.3362 
6.34817 10.1815 0 1.50413 10.3708 
0 2.27742 0 0 0.463879 21.7412 0 
23.4866 7.94774 107.964 56.5406 
11.0553 11.0553 49.02 52.2685 
6.29042 9.87053 0 1.54363 10.3285 
0 2.27795 0 0 0.474344 21.587 0 
23.5937 8.03878 107.315 56.7772 
11.1353 11.1353 48.9155 52.263 
6.3072 9.89123 0 1.55806 10.4978 
0 2.25911 0 0 0.465115 21.4344 0 
308 variables; iteration 230; function evaluation 257; phase 1
Function value   3.6913896e+02; maximum gradient component mag  -4.2479e+02
Var   Value    Gradient   |Var   Value    Gradient   |Var   Value    Gradient
  1 -2.03898  -8.0529e-01 |  2  0.17706   7.2040e-01 |  3  0.19837   3.1816e+00
  4  0.19955  -2.1418e+00 |  5  0.19811  -6.0744e+00 |  6  0.19540   4.9048e+00
  7  0.18596   1.9228e+01 |  8  0.17353  -2.5053e+00 |  9  0.17317  -2.6111e+00
 10  0.15052  -9.7001e-01 | 11  0.12882   2.6779e+00 | 12  0.13456   3.0569e+00
 13  0.10783   2.3926e-01 | 14  0.06236  -2.3425e+00 | 15 -1.97603   1.6528e+00
 16 -0.04150   2.5604e+00 | 17 -0.22343  -2.0632e-01 | 18 -0.22300   4.1800e-03
 19 -0.33802  -1.9112e-02 | 20 -1.75626  -2.0989e-02 | 21 -0.63149  -4.2090e-04
 22  0.05671  -1.0807e+00 | 23 -0.19334   2.4437e-04 | 24 -2.00431   1.8275e-01
 25  0.10048  -8.2498e-02 | 26  0.13854  -1.1121e+00 | 27  0.16765   6.4026e+00
 28  0.16496   1.8999e+00 | 29  0.15972   1.3105e+01 | 30  0.15150   1.9009e-01
 31  0.14587  -1.3291e+01 | 32  0.14630   5.7156e+00 | 33  0.12492  -5.3494e-01
 34  0.11713   9.4197e+00 | 35  0.12061  -7.4818e+00 | 36  0.12415   4.6370e+00
 37  0.09032  -4.5593e+00 | 38  0.05590  -2.3684e+00 | 39  0.00882  -2.5048e+00
 40 -0.04407  -2.4771e+00 | 41 -1.90213   5.2596e-01 | 42 -1.81475   5.6639e-01
 43  0.01059  -9.1086e+00 | 44 -0.05001  -8.9477e+00 | 45 -0.08530  -9.0655e+00
 46 -0.16729  -9.8199e+00 | 47 -0.15626  -7.7329e+00 | 48 -0.11992  -8.3379e+00
 49 -0.08718  -9.2930e+00 | 50 -0.02627  -7.9534e+00 | 51 -0.01217  -1.0630e+01
 52  0.06632  -1.1404e+01 | 53  0.01335  -4.3643e+00 | 54 -0.04887  -5.6270e+00
 55 -1.85938   1.2586e+01 | 56  0.00643  -8.4260e-01 | 57  0.10556   6.8987e+00
 58 -1.90445   1.3578e+01 | 59  0.12897   3.1238e+00 | 60 -0.08768  -5.1854e+00
 61 -0.04924  -4.2250e+00 | 62  0.04243  -3.0902e+00 | 63 -0.01594  -3.8471e+00
 64  0.01034  -1.8278e+00 | 65 -0.06134  -9.4722e+00 | 66 -0.01083  -7.2851e+00
 67 -0.05611  -8.5952e+00 | 68 -0.02212  -7.7673e+00 | 69 -0.05581  -7.5171e+00
 70 -0.05023  -4.7326e+00 | 71  0.05221  -2.8795e-01 | 72  0.05763  -8.9150e-01
 73  0.04233  -3.9870e-01 | 74  0.00326  -3.5652e+00 | 75  0.09795  -1.6535e+00
 76  0.05714  -3.4614e+00 | 77 -0.01943  -5.6087e+00 | 78 -0.01848  -4.0332e+00
 79  0.17235   3.7378e+00 | 80  0.29965   2.5980e+00 | 81  1.58461   8.5587e+00
 82 -0.10545  -6.8864e+00 | 83 -0.04620  -8.5401e+00 | 84  1.96945   9.5291e+00
 85 -0.01751   8.8507e+00 | 86  0.10176   8.0971e+00 | 87  0.22239   3.4233e+00
 88 -0.04795   9.3564e+00 | 89 -0.20547   6.7754e+00 | 90 -0.15489   7.4282e+00
 91 -0.06754   5.8791e+00 | 92  0.01269   7.7382e+00 | 93  0.03534   4.0645e+00
 94  0.15616   4.4799e+00 | 95 -0.04941   5.1397e+00 | 96 -0.09693   5.9454e+00
 97 -0.03059   7.6424e+00 | 98  0.08147   4.9024e+00 | 99  0.09695   1.1800e+01
100  0.07668   1.5840e+01 |101  0.14913   3.0225e+01 |102 -0.03924   1.4416e+01
103 -0.08900   1.0913e+01 |104  0.05389   1.0469e+01 |105  0.03240   8.2919e+00
106 -0.03598   1.1637e+01 |107 -0.04589   1.0453e+01 |108  0.05102   5.6301e+00
109  0.10296   6.5110e+00 |110  0.12987   1.1635e+01 |111 -0.02105   3.8704e+00
112 -0.16236   5.6531e+00 |113 -0.14894   7.1403e+00 |114 -0.02207   8.3830e+00
115  0.11009   5.9158e+00 |116  0.03329   8.4634e+00 |117  0.06973   7.8063e+00
118  0.09798   1.4605e+01 |119 -0.00694   9.5314e+00 |120 -0.01424   9.6024e+00
121  0.16877   6.6954e+00 |122  0.15515  -1.2879e+01 |123 -0.88013   2.8404e+00
124  0.12524   9.5383e+00 |125 -0.02031   8.5092e+00 |126 -0.13686   9.6827e+00
127  0.01070  -1.9594e-01 |128 -0.01280  -1.9593e-01 |129  0.01909  -1.9588e-01
130  0.05818  -1.9515e-01 |131 -0.02053  -1.9587e-01 |132 -0.01426  -1.9592e-01
133 -0.01925  -1.9588e-01 |134  0.02380  -1.9583e-01 |135  0.05482  -1.9524e-01
136 -0.03542  -1.9567e-01 |137  0.05808  -1.9515e-01 |138  0.05752  -1.9517e-01
139 -0.03277  -1.9571e-01 |140  0.04758  -1.9542e-01 |141 -0.02221  -1.9585e-01
142 -0.04792  -1.9541e-01 |143  0.05834  -1.9515e-01 |144  0.05387  -1.9527e-01
145  0.05612  -1.9521e-01 |146  0.04264  -1.9553e-01 |147  0.01478  -1.9592e-01
148 -0.05459  -1.9525e-01 |149 -0.05586  -1.9521e-01 |150 -0.04052  -1.9557e-01
151 -0.03387  -1.9569e-01 |152 -0.08666  -1.9416e-01 |153 -0.06708  -1.9488e-01
154 -0.01191  -1.9593e-01 |155  0.00453  -1.9596e-01 |156  0.01211  -1.9593e-01
157  0.01023  -1.9594e-01 |158 -0.05551  -1.9522e-01 |159  0.04639  -1.9545e-01
160 -0.02279  -1.9584e-01 |161  0.04797  -1.9541e-01 |162 -0.06150  -1.9505e-01
163 -0.05428  -1.9526e-01 |164  0.03209  -1.9572e-01 |165  0.05464  -1.9525e-01
166 -0.07059  -1.9477e-01 |167 -0.00028  -1.9597e-01 |168  0.05650  -1.9520e-01
169  0.00819  -2.2810e+02 |170  0.01257  -9.9602e+00 |171  0.00828  -2.6173e+01
172  0.02470  -1.8132e+01 |173  0.08457   2.3449e+01 |174  0.05362  -2.8029e+01
175  0.04380  -8.5050e+00 |176  0.01388  -2.7400e+01 |177  0.03089  -1.6498e+01
178  0.07906  -2.9033e+00 |179  0.12936  -3.9749e+01 |180  0.00412  -1.6839e+02
181  0.07592  -5.5546e+01 |182 -0.05650  -3.3530e+01 |183 -0.05354  -2.8153e+01
184  0.02450  -2.6308e+01 |185 -0.55990  -1.5440e+01 |186  0.02225  -2.7214e+01
187 -0.05498  -2.7233e+01 |188 -0.02625  -2.2900e+01 |189  0.02911  -1.4159e+01
190  0.03496  -2.9943e+01 |191  0.04731  -8.8327e-01 |192  0.02257   1.5714e+00
193  0.00916  -1.7547e+01 |194 -0.08467  -2.2985e+01 |195 -0.00215  -2.2101e+01
196  0.05080  -5.2803e+01 |197  0.04093  -4.0959e+01 |198  0.00317  -2.7600e+01
199  0.01765  -1.6350e+01 |200  0.02246  -1.3697e+01 |201 -0.00671  -3.7187e+01
202  0.11253  -2.2721e+01 |203  0.11334  -4.7332e+01 |204  0.12017  -2.2993e+00
205 -0.00254  -2.6418e+01 |206 -0.57384  -1.4546e+01 |207 -0.11774  -2.2240e+01
208 -0.10979  -1.9502e+01 |209 -0.04176  -2.3059e+01 |210  0.03320  -2.3665e+01
211  0.28338  -2.1128e+01 |212 -0.06001   1.2884e+02 |213  0.03341  -1.4570e+01
214 -0.03880  -2.3966e-08 |215 -0.53786   5.6509e+00 |216 -0.64898   2.8080e+00
217  0.01657   6.6192e+01 |218 -0.17392  -4.1550e+00 |219 -0.26483  -7.7062e+00
220 -0.05897  -2.5777e+00 |221  0.04025   5.7331e-01 |222 -0.00464  -5.7430e+00
223  0.00580   1.4602e+00 |224 -0.02828   5.2598e+00 |225 -0.03409  -8.1158e-02
226  0.10413   7.1283e+00 |227  0.08208   1.2983e+00 |228  0.19726  -3.2736e+00
229  0.10617   4.1126e+00 |230  0.08216   5.8496e-01 |231  0.03007   4.4828e+00
232  0.02594   6.2143e-01 |233  0.04469  -1.0021e+01 |234  0.12466   3.5272e+00
235 -0.12262  -6.2394e+00 |236 -0.12012  -2.5442e+00 |237 -0.01473  -4.8893e+00
238  0.03315   2.9914e+00 |239 -0.10465  -2.3102e+00 |240 -0.15681  -9.2964e+00
241 -0.07170  -6.4708e+00 |242  0.02017   1.1057e+01 |243  0.04132  -1.0765e+01
244 -0.01293   8.4461e-01 |245 -0.11351   9.1291e+00 |246 -0.23522  -1.0352e+00
247 -0.10059   2.9953e+00 |248  0.00172   1.3272e+00 |249  0.05267  -2.7471e+00
250  0.09403   6.4187e+00 |251  0.05996  -5.8603e+00 |252  0.00687   6.0709e+00
253 -0.01588  -3.6407e+00 |254  0.14568  -2.8293e+00 |255  0.21977   3.6570e+00
256  0.24312   2.1946e+00 |257 -0.13210  -3.8993e-01 |258  0.09615  -1.6517e+02
259  0.14878  -6.4731e+01 |260 -0.86790   2.8004e+01 |261 -0.84264   3.8889e+01
262 -0.76532   1.2472e+01 |263 -0.50825  -9.4030e+01 |264  0.46959  -9.9714e+01
265  0.11047  -1.3271e+02 |266  0.20232  -1.2799e+02 |267 -0.00271  -1.3474e+02
268 -0.30881  -1.1919e+02 |269  0.13078  -1.3190e+02 |270 -0.33506  -1.1650e+02
271  0.40469  -1.0842e+02 |272  0.12864  -1.3200e+02 |273 -0.58097  -8.2418e+01
274  0.28491  -1.2147e+02 |275 -0.08994  -1.3339e+02 |276 -0.55436  -8.6802e+01
277  0.26364  -1.2335e+02 |278  0.46647  -1.0016e+02 |279 -0.22724  -1.2624e+02
280  0.06736  -1.3398e+02 |281 -0.03110  -1.3458e+02 |282 -0.50221  -9.4942e+01
283 -0.16109  -1.3045e+02 |284  0.41474  -1.0714e+02 |285 -0.83644  -3.4238e+01
286  0.10492  -1.3291e+02 |287  0.46594  -1.0023e+02 |288  0.22403  -1.2648e+02
289 -0.24656  -1.2476e+02 |290 -0.20228  -1.2799e+02 |291 -0.22832  -1.2616e+02
292 -0.61272  -7.7004e+01 |293 -0.19032  -1.2876e+02 |294  0.86612  -2.8126e+01
295 -0.56521  -8.5032e+01 |296  0.40189  -1.0877e+02 |297  0.56504  -8.5060e+01
298 -0.60461  -7.8404e+01 |299 -0.41394  -1.0724e+02 |300  0.36787  -1.1286e+02
301  0.52558  -9.1369e+01 |302  0.68956  -6.3129e+01 |303  0.47174  -1.2509e+02
304 -0.15735   1.7532e+01 |305 -0.82735   5.3294e+01 |306  0.33867   2.5438e+01
307 -0.93555  -4.2479e+02 |308 -0.37606   2.6083e+01 |
23.5904 8.03959 107.109 56.7754 
11.1059 11.1059 48.8061 52.2771 
6.30596 9.99637 0 1.55873 10.6451 
0 2.2332 0 0 0.46313 21.4153 0 
23.5552 7.87518 106.76 56.7654 
11.2388 11.2388 48.962 52.2667 
6.29996 9.76232 0 1.58514 10.6959 
0 2.26996 0 0 0.470915 21.37 0 
23.2976 7.83049 106.336 57.1946 
11.2407 11.2407 49.0865 52.2823 
6.21986 9.83865 0 1.59256 10.223 
0 2.36764 0 0 0.464826 21.1357 0 
22.7952 7.9009 105.968 56.7215 
11.1798 11.1798 49.0893 52.2242 
6.33054 10.2529 0 1.60418 10.9556 
0 2.26759 0 0 0.469937 21.206 0 
22.7244 7.92763 105.95 56.7846 
10.9632 10.9632 48.9942 52.325 
6.28679 10.2918 0 1.61656 10.87 
0 2.24729 0 0 0.472935 21.14 0 
22.5701 8.24022 105.418 56.6312 
10.9624 10.9624 48.9806 52.196 
6.35481 10.1756 0 1.64493 10.8812 
0 2.32071 0 0 0.474004 21.1607 0 
22.6005 7.80588 105.138 56.8428 
11.0237 11.0237 49.0041 52.3319 
6.45187 10.1917 0 1.64476 10.8679 
0 2.33279 0 0 0.481461 20.9817 0 
22.5093 8.20379 104.524 56.7073 
11.0308 11.0308 48.7714 52.1232 
6.52462 10.3548 0 1.69778 11.1734 
0 2.24725 0 0 0.470539 21.0235 0 
22.251 8.26605 104.095 56.5053 
11.2595 11.2595 48.6953 52.1513 
6.53432 10.2888 0 1.66465 11.3372 
0 2.23117 0 0 0.46144 21.0159 0 
22.3248 8.24527 103.227 55.8681 
11.4935 11.4935 48.7271 52.1025 
6.56058 10.3752 0 1.68332 11.5233 
0 2.30478 0 0 0.450238 21.0062 0 
308 variables; iteration 240; function evaluation 267; phase 1
Function value   3.6436634e+02; maximum gradient component mag  -4.4310e+02
Var   Value    Gradient   |Var   Value    Gradient   |Var   Value    Gradient
  1 -2.03331  -3.2405e-01 |  2  0.17698  -5.1425e+00 |  3  0.19614  -5.7950e+00
  4  0.19824  -8.3605e+00 |  5  0.19883  -1.0792e+01 |  6  0.19140  -1.4025e+01
  7  0.18194   2.9390e+00 |  8  0.17201  -9.2555e+00 |  9  0.17181  -5.6715e+00
 10  0.15162   6.4725e+00 | 11  0.12458   1.7158e-01 | 12  0.13272   2.6549e+00
 13  0.10355  -3.4878e+00 | 14  0.06185   1.4559e-02 | 15 -1.97991   5.7561e-01
 16 -0.04115   2.8696e+00 | 17 -0.24538  -2.2005e-01 | 18 -0.21258   1.6351e-02
 19 -0.64800  -1.2749e-02 | 20 -1.80882  -1.6543e-01 | 21 -0.63979  -5.4345e-04
 22  0.05662  -1.1615e+00 | 23 -0.19511  -5.3451e-04 | 24 -2.01268  -1.1570e-01
 25  0.10037  -8.7322e-02 | 26  0.14491   6.3775e+00 | 27  0.16706   5.9417e+00
 28  0.16495   2.7714e+00 | 29  0.15304   2.0980e-01 | 30  0.15493   5.8431e+00
 31  0.15348  -2.2980e-01 | 32  0.14401  -1.0416e+00 | 33  0.13094   7.0922e+00
 34  0.11877   9.4293e+00 | 35  0.12367   9.8542e-01 | 36  0.12604   1.4628e+01
 37  0.09063  -3.7792e+00 | 38  0.05867   2.7058e+00 | 39  0.00759  -3.2895e+00
 40 -0.05307  -4.2378e+00 | 41 -1.90923  -3.0786e-01 | 42 -1.78636   7.8745e-01
 43  0.03324   2.4624e+00 | 44 -0.03574   7.0604e-01 | 45 -0.10246  -4.0748e+00
 46 -0.18266  -6.2437e+00 | 47 -0.17710  -4.6818e+00 | 48 -0.14210  -4.5510e+00
 49 -0.10001  -3.7011e+00 | 50 -0.02443   4.4372e-01 | 51 -0.01436  -2.8368e+00
 52  0.07515  -1.3129e+00 | 53  0.03582   4.9326e+00 | 54 -0.02246   2.4000e+00
 55 -1.84368   9.8524e+00 | 56 -0.00087   1.9550e+00 | 57  0.10711   1.2524e+01
 58 -1.94064   6.2277e+00 | 59  0.09785   5.6079e+00 | 60 -0.07158   2.0195e-01
 61 -0.05446  -1.8586e+00 | 62  0.04693  -1.1940e-01 | 63 -0.04053  -3.3455e+00
 64  0.02241   1.1698e+00 | 65 -0.06527  -6.7972e+00 | 66 -0.02519  -3.8441e+00
 67 -0.02095   4.9336e-01 | 68 -0.02538  -1.2894e+00 | 69 -0.07749  -4.1555e+00
 70 -0.02109   1.3464e+00 | 71  0.03754  -1.9794e+00 | 72  0.06668  -1.3637e+00
 73  0.02506  -2.4931e+00 | 74  0.01334  -1.9458e+00 | 75  0.08111  -1.3812e+00
 76  0.07615   3.7464e+00 | 77 -0.05016  -3.9008e+00 | 78 -0.01391  -3.2340e-01
 79  0.16909   3.0808e+00 | 80  0.30074  -4.4020e-01 | 81  1.60836   5.8776e+00
 82 -0.08816  -2.0101e+00 | 83 -0.03595  -4.5634e+00 | 84  1.94526   4.9871e+00
 85 -0.01474   1.3424e-01 | 86  0.09979   1.8306e+00 | 87  0.21475   6.0550e+00
 88 -0.06175   3.3603e+00 | 89 -0.16080   5.1994e+00 | 90 -0.14320   3.0412e+00
 91 -0.04973   3.6249e+00 | 92 -0.00854   3.9785e+00 | 93  0.07099   7.1349e+00
 94  0.15631   6.7204e+00 | 95 -0.04771   2.5921e+00 | 96 -0.13858   2.4986e-01
 97 -0.03318   3.8854e+00 | 98  0.10347   4.6304e+00 | 99  0.09363   9.2445e+00
100  0.07124   1.1842e+01 |101  0.13778   2.6360e+01 |102 -0.03035   1.2880e+01
103 -0.09799   5.9959e+00 |104  0.07503   9.9243e+00 |105  0.02778   4.3396e+00
106 -0.07327   3.7614e+00 |107 -0.06588   3.8390e+00 |108  0.06392   6.3705e-01
109  0.12268   2.7728e+00 |110  0.07916   1.7619e+00 |111  0.01687   2.8025e-01
112 -0.10779   3.7793e+00 |113 -0.16483   1.8113e+00 |114 -0.04289   4.4227e+00
115  0.13338   4.0774e+00 |116  0.02640   1.4570e+00 |117  0.07291   1.6021e+00
118  0.10282   9.8509e+00 |119 -0.01370   3.8648e+00 |120 -0.00840   4.3583e+00
121  0.17256   9.1927e+00 |122  0.15196  -1.2616e+01 |123 -0.88160   1.7441e+00
124  0.11984   1.4064e+00 |125 -0.03236   1.7219e+00 |126 -0.17577   2.5129e+00
127  0.00892   6.8748e-02 |128 -0.01757   6.8728e-02 |129  0.01062   6.8745e-02
130  0.06202   6.8429e-02 |131 -0.02601   6.8697e-02 |132 -0.01917   6.8723e-02
133 -0.02462   6.8703e-02 |134  0.02388   6.8706e-02 |135  0.05872   6.8462e-02
136 -0.04141   6.8609e-02 |137  0.06106   6.8439e-02 |138  0.06144   6.8435e-02
139  0.01106   6.8744e-02 |140  0.05082   6.8536e-02 |141 -0.02782   6.8689e-02
142 -0.02334   6.8708e-02 |143  0.06213   6.8427e-02 |144  0.05517   6.8496e-02
145  0.05822   6.8467e-02 |146  0.04056   6.8615e-02 |147  0.10557   6.7811e-02
148 -0.05400   6.8507e-02 |149 -0.05034   6.8540e-02 |150 -0.04619   6.8574e-02
151 -0.03988   6.8620e-02 |152 -0.12077   6.7521e-02 |153 -0.09755   6.7949e-02
154 -0.01657   6.8731e-02 |155  0.00190   6.8754e-02 |156  0.01052   6.8745e-02
157  0.00838   6.8749e-02 |158 -0.05275   6.8519e-02 |159  0.04539   6.8580e-02
160 -0.02844   6.8686e-02 |161  0.04743   6.8564e-02 |162 -0.09072   6.8058e-02
163 -0.05417   6.8506e-02 |164  0.03334   6.8660e-02 |165  0.05852   6.8464e-02
166 -0.10182   6.7877e-02 |167 -0.00356   6.8753e-02 |168  0.06045   6.8445e-02
169  0.00862  -3.5193e+02 |170  0.00958   1.1152e+01 |171  0.00591   1.1242e+01
172  0.02325   2.5390e+01 |173  0.08333   5.8316e+01 |174  0.05174  -4.9988e-01
175  0.03822   9.5583e+00 |176  0.01932   1.2397e+01 |177  0.03093   2.2979e+01
178  0.08286   3.5603e+01 |179  0.12671  -2.0654e+00 |180  0.02845  -1.3955e+02
181  0.07233   7.0444e-01 |182 -0.05886   3.9927e+00 |183 -0.05751   8.2044e+00
184  0.02061  -8.0839e+00 |185 -0.59022   1.1365e+01 |186  0.02175   3.7141e+01
187 -0.05751   1.7922e+01 |188 -0.02148   2.6180e+01 |189  0.02289   1.2072e+01
190  0.03937   3.1253e+01 |191  0.04744   5.1261e+01 |192  0.02305   3.5836e+01
193  0.00498  -1.8672e+00 |194 -0.09113   1.3583e+01 |195 -0.00350   1.9352e+01
196  0.05320   1.4297e+01 |197  0.04127   1.7347e+01 |198  0.00729   2.8703e+01
199  0.01766   3.2425e+01 |200  0.02358   3.8573e+01 |201 -0.00268   9.7496e+00
202  0.11077  -9.1591e-01 |203  0.11170  -1.4783e+01 |204  0.11984   5.8790e+01
205  0.00104   2.2686e+01 |206 -0.62970   1.0758e+01 |207 -0.13169   1.1431e+01
208 -0.10579   2.5979e+01 |209 -0.04036   2.4222e+01 |210  0.03419   2.1255e+01
211  0.36518   1.6465e+01 |212 -0.06113   1.4874e+02 |213  0.03653   7.7021e+01
214 -0.03880  -2.3966e-08 |215 -0.53861   1.7582e+00 |216 -0.65155   6.3002e-01
217  0.01679   1.1126e+01 |218 -0.16800   2.4928e+00 |219 -0.24344   4.2204e+00
220 -0.05519  -5.3392e+00 |221  0.04187  -6.4228e-01 |222  0.01193   2.3217e+00
223  0.01523   1.2979e+00 |224 -0.02755  -1.3436e+00 |225 -0.03188   2.9148e+00
226  0.09296  -2.9994e-01 |227  0.07210  -6.8193e+00 |228  0.21399   3.8954e-02
229  0.09416  -3.6189e+00 |230  0.07550  -2.5991e+00 |231  0.04230   4.6820e+00
232  0.04850   5.0817e+00 |233  0.05575  -7.2274e+00 |234  0.12854   6.8353e+00
235 -0.12681  -6.2363e+00 |236 -0.13328  -1.0313e+01 |237 -0.01151  -4.5174e+00
238  0.02921  -4.4516e+00 |239 -0.11086  -1.2683e+00 |240 -0.17162  -1.0564e+01
241 -0.07804  -4.3963e+00 |242  0.02299   6.9534e+00 |243  0.03412  -9.1084e+00
244 -0.02604   4.3212e-02 |245 -0.11394   6.0409e+00 |246 -0.22406   3.6537e+00
247 -0.09967   2.2028e+00 |248  0.01161   1.1849e-01 |249  0.07331   3.3831e+00
250  0.09677   6.4133e+00 |251  0.06764   1.2589e-01 |252 -0.00988  -2.8075e+00
253 -0.01598   1.1440e+00 |254  0.13720  -5.4566e+00 |255  0.20311  -1.8927e+00
256  0.21311  -5.4700e+00 |257 -0.13942  -1.0773e+00 |258  0.09845  -2.6022e+01
259  0.14742  -9.0795e+01 |260 -0.86709   3.5818e+01 |261 -0.84406   2.2724e+01
262 -0.75233   2.9777e+00 |263 -0.47838   4.9736e+01 |264  0.42086   5.3726e+01
265 -0.04531   6.7893e+01 |266  0.14649   6.6272e+01 |267  0.04876   6.7866e+01
268 -0.16782   6.5714e+01 |269  0.07403   6.7606e+01 |270 -0.23200   6.3596e+01
271  0.37036   5.6868e+01 |272  0.12956   6.6661e+01 |273 -0.66501   3.4186e+01
274  0.26108   6.2421e+01 |275 -0.03690   6.7951e+01 |276 -0.48997   4.8882e+01
277  0.19103   6.5024e+01 |278  0.46040   5.1028e+01 |279 -0.28481   6.1367e+01
280  0.04856   6.7868e+01 |281 -0.04896   6.7864e+01 |282 -0.48349   4.9361e+01
283 -0.10279   6.7180e+01 |284  0.51840   4.6719e+01 |285 -0.78844   2.2205e+01
286 -0.03863   6.7940e+01 |287  0.59322   4.0593e+01 |288  0.20324   6.4626e+01
289 -0.14446   6.6321e+01 |290 -0.20951   6.4413e+01 |291 -0.13632   6.6511e+01
292 -0.67083   3.3647e+01 |293 -0.14559   6.6293e+01 |294  0.77252   2.3808e+01
295 -0.58055   4.1671e+01 |296  0.34659   5.8225e+01 |297  0.64352   3.6153e+01
298 -0.57460   4.2172e+01 |299 -0.49967   4.8154e+01 |300  0.33955   5.8611e+01
301  0.56082   4.3319e+01 |302  0.64806   3.5741e+01 |303  0.47136  -3.8392e+01
304 -0.14291   2.3253e+00 |305 -0.82602   5.7688e+01 |306  0.33257   1.6765e+01
307 -0.93344  -4.4310e+02 |308 -0.39662   7.9484e+00 |
21.74 8.53409 102.826 55.7382 
12.113 12.113 49.3018 51.9944 
6.71785 9.97047 0 1.53224 11.8449 
0 2.28467 0 0 0.462054 21.0238 0 
21.7025 8.5398 102.754 55.7395 
12.0914 12.0914 49.2807 52.024 
6.72524 9.98613 0 1.53336 11.8484 
0 2.30251 0 0 0.459407 20.997 0 
21.6685 8.54069 102.622 55.6905 
12.0351 12.0351 49.3022 52.0002 
6.72988 9.99587 0 1.54905 11.8215 
0 2.29788 0 0 0.457986 20.9705 0 
21.7476 8.65156 102.226 55.59 
12.0021 12.0021 49.2566 52.0314 
6.65665 9.9892 0 1.56413 11.9153 
0 2.29918 0 0 0.456687 20.8735 0 
21.6143 8.77595 101.609 55.5997 
11.7794 11.7794 49.2691 52.0323 
6.67102 10.0057 0 1.6107 11.8104 
0 2.33744 0 0 0.445732 20.7717 0 
21.3839 8.50821 100.592 55.7236 
11.7326 11.7326 49.1494 52.0064 
7.04235 10.4133 0 1.7476 11.6376 
0 2.36904 0 0 0.437631 20.5859 0 
21.5845 8.79003 99.6213 55.9968 
11.5788 11.5788 49.127 51.9923 
7.10715 10.6154 0 1.70548 10.8063 
0 2.86692 0 0 0.412224 20.4061 0 
21.4353 8.58742 100.112 55.8141 
11.6257 11.6257 49.1155 51.9918 
7.01981 10.4616 0 1.7298 11.2838 
0 2.53183 0 0 0.426217 20.5038 0 
21.779 8.41205 99.7605 55.6296 
11.5213 11.5213 48.8795 51.918 
6.86824 10.8737 0 1.73057 11.2942 
0 2.55138 0 0 0.42371 20.4887 0 
21.6928 8.54992 99.382 55.4951 
11.6407 11.6407 48.6947 51.9215 
6.87346 10.7466 0 1.76856 11.5742 
0 2.51488 0 0 0.420385 20.4725 0 
21.6302 8.43385 98.7716 55.1838 
11.8979 11.8979 48.7298 52.0142 
6.8884 10.9855 0 1.80647 11.4222 
0 2.60518 0 0 0.4263 20.4281 0 
308 variables; iteration 250; function evaluation 278; phase 1
Function value   3.6041156e+02; maximum gradient component mag  -5.0789e+02
Var   Value    Gradient   |Var   Value    Gradient   |Var   Value    Gradient
  1 -2.02589  -2.5362e-01 |  2  0.17754  -3.4652e+00 |  3  0.19557  -8.6564e+00
  4  0.19636  -1.4465e+01 |  5  0.19980  -1.5367e+01 |  6  0.18682  -3.2696e+01
  7  0.17893  -1.0063e+01 |  8  0.17069  -1.5822e+01 |  9  0.17082  -1.0870e+01
 10  0.15272   7.9053e+00 | 11  0.12265  -3.7454e+00 | 12  0.13038  -5.4705e-01
 13  0.10241  -5.0525e+00 | 14  0.06044  -2.2454e+00 | 15 -1.98232   6.7519e-01
 16 -0.04520   2.5889e+00 | 17 -0.22745  -1.9307e-01 | 18 -0.21512   2.3502e-02
 19 -0.78086  -8.1925e-03 | 20 -1.54090   3.9282e-03 | 21 -0.59830  -7.8059e-04
 22  0.07340   1.3583e+00 | 23 -0.19703  -6.2432e-04 | 24 -2.01699  -4.1245e-01
 25  0.09543  -7.8831e-01 | 26  0.14312   7.3315e+00 | 27  0.16485   6.5529e+00
 28  0.16447   7.1860e+00 | 29  0.14780  -5.3012e+00 | 30  0.15502   8.3444e+00
 31  0.15466   4.7288e+00 | 32  0.14117  -4.8067e+00 | 33  0.13097   8.2127e+00
 34  0.11518   4.5643e+00 | 35  0.11894  -7.5664e+00 | 36  0.12142  -8.0729e-01
 37  0.09033  -1.7296e+00 | 38  0.06082   8.9071e+00 | 39  0.00881  -1.5978e+00
 40 -0.06346  -5.8168e+00 | 41 -1.92009  -1.2523e+00 | 42 -1.78285   7.9862e-01
 43  0.03536   1.1110e+01 | 44 -0.03466   6.7866e+00 | 45 -0.12138  -1.2389e+00
 46 -0.14001   2.0716e+00 | 47 -0.18697  -1.8544e+00 | 48 -0.12994   2.0446e-01
 49 -0.12040  -2.5764e+00 | 50 -0.04212   1.3706e+00 | 51 -0.00475   1.4436e+00
 52  0.07521   1.6541e+00 | 53  0.03117   3.2945e+00 | 54 -0.00296   5.1654e-01
 55 -1.82729   1.1169e+01 | 56 -0.00038  -6.0373e+00 | 57  0.10151  -4.5341e+00
 58 -1.92377   8.3378e+00 | 59  0.08957   1.5654e+00 | 60 -0.07653   2.2046e+00
 61 -0.06140   4.0255e-01 | 62  0.07004   4.3613e+00 | 63 -0.08517  -3.6968e+00
 64  0.01980   3.6351e+00 | 65 -0.07895  -5.3279e+00 | 66 -0.01763  -2.5540e+00
 67 -0.02904   2.7716e-01 | 68 -0.03620  -8.0637e-01 | 69 -0.08422  -2.0519e+00
 70 -0.00855   5.9206e+00 | 71  0.04459   2.8848e+00 | 72  0.06952   5.4970e+00
 73 -0.00645   1.6527e+00 | 74  0.04083   7.7507e+00 | 75  0.05165   4.2429e+00
 76  0.10221   1.6451e+01 | 77 -0.05328   1.2612e+00 | 78 -0.00869   5.4606e+00
 79  0.17526   9.8792e+00 | 80  0.29578   4.0394e+00 | 81  1.57773   2.7891e+00
 82 -0.06278   4.1858e+00 | 83 -0.03249  -9.3736e-01 | 84  1.91252   2.8713e-02
 85 -0.05393  -1.9341e+00 | 86  0.12445   5.5827e+00 | 87  0.21399   1.1848e+01
 88 -0.07715   1.0380e+00 | 89 -0.18204   1.1205e+00 | 90 -0.12347   2.4410e+00
 91 -0.04114   2.0228e+00 | 92  0.00088   2.7242e+00 | 93  0.06807   5.7037e+00
 94  0.16436   6.3301e+00 | 95 -0.04880  -3.6417e-01 | 96 -0.13118  -2.1666e+00
 97 -0.03722   2.2461e-01 | 98  0.12485   5.2217e+00 | 99  0.07774   2.7467e+00
100  0.08210   4.2836e+00 |101  0.14347   1.4413e+01 |102 -0.03033   7.2302e+00
103 -0.10346   1.8228e+00 |104  0.06225   5.4852e+00 |105  0.04551   3.2268e+00
106 -0.08145  -8.3165e-02 |107 -0.07402   1.1677e+00 |108  0.06439   4.1534e-01
109  0.13205   8.5970e-01 |110  0.06857  -4.2545e+00 |111  0.03306  -3.3164e+00
112 -0.11806  -9.0424e-01 |113 -0.17389  -1.5022e+00 |114 -0.08537  -1.8195e+00
115  0.14605   4.5030e+00 |116  0.02472   8.7284e-01 |117  0.06137   9.6141e-01
118  0.10550   1.0430e+01 |119 -0.01286   3.3005e+00 |120  0.00067   3.5110e+00
121  0.16672   8.6325e+00 |122  0.15346  -1.1298e+01 |123 -0.88098   1.2348e+00
124  0.12412   3.5524e-01 |125 -0.00095   1.1414e+00 |126 -0.17634  -4.1119e-01
127  0.00617  -8.1186e-01 |128 -0.02310  -8.1137e-01 |129  0.00224  -8.1189e-01
130  0.06598  -8.0754e-01 |131 -0.03210  -8.1087e-01 |132 -0.02482  -8.1128e-01
133 -0.03064  -8.1096e-01 |134  0.02307  -8.1137e-01 |135  0.06255  -8.0798e-01
136 -0.04762  -8.0963e-01 |137  0.06426  -8.0777e-01 |138  0.06544  -8.0761e-01
139  0.05166  -8.0923e-01 |140  0.05371  -8.0901e-01 |141 -0.03399  -8.1074e-01
142 -0.00029  -8.1190e-01 |143  0.06607  -8.0753e-01 |144  0.05667  -8.0868e-01
145  0.06054  -8.0823e-01 |146  0.03856  -8.1041e-01 |147  0.18946  -7.7621e-01
148 -0.05326  -8.0906e-01 |149 -0.04488  -8.0988e-01 |150 -0.05193  -8.0920e-01
151 -0.04617  -8.0977e-01 |152 -0.14794  -7.9008e-01 |153 -0.12337  -7.9670e-01
154 -0.02202  -8.1141e-01 |155 -0.00169  -8.1190e-01 |156  0.00796  -8.1184e-01
157  0.00556  -8.1187e-01 |158 -0.04992  -8.0940e-01 |159  0.04449  -8.0992e-01
160 -0.03464  -8.1070e-01 |161  0.04702  -8.0969e-01 |162 -0.11582  -7.9850e-01
163 -0.05390  -8.0899e-01 |164  0.03382  -8.1075e-01 |165  0.06233  -8.0801e-01
166 -0.12803  -7.9554e-01 |167 -0.00776  -8.1184e-01 |168  0.06441  -8.0775e-01
169  0.00870  -1.2534e+02 |170  0.00976   8.0418e+00 |171  0.00348  -1.6570e+00
172  0.02352   1.5600e+01 |173  0.08250   4.5957e+01 |174  0.05165  -2.4682e-01
175  0.03986   1.8721e+01 |176  0.01876   8.7017e+00 |177  0.02767   7.1867e+00
178  0.08354   1.6994e+01 |179  0.12107   1.7162e+01 |180  0.06125  -1.0510e+02
181  0.06923   5.6911e+01 |182 -0.06196  -3.6735e-01 |183 -0.05351   7.7451e+00
184  0.01777  -1.6117e+01 |185 -0.60868   7.3119e+00 |186  0.02169   3.7596e+01
187 -0.06396   5.5697e+00 |188 -0.01769   2.4080e+01 |189  0.02052   4.9105e+00
190  0.03511   2.2287e+01 |191  0.04650   5.6400e+01 |192  0.02298   4.4192e+01
193  0.00277  -5.6644e+00 |194 -0.09601   6.3532e+00 |195 -0.00453   1.0495e+01
196  0.05320   1.7750e+00 |197  0.04256   1.4315e+01 |198  0.00704   1.8737e+01
199  0.01309   5.7645e+00 |200  0.02386   2.7180e+01 |201 -0.00334   8.3710e-01
202  0.11165  -1.4094e+01 |203  0.11400  -2.1349e+01 |204  0.11858   5.0676e+01
205  0.00711   2.1230e+01 |206 -0.62643   7.3305e+00 |207 -0.14300   1.1615e+00
208 -0.10316   2.1013e+01 |209 -0.03894   2.0195e+01 |210  0.03609   1.8411e+01
211  0.37657   1.1008e+01 |212 -0.06218   1.0521e+02 |213  0.03623   9.7594e+01
214 -0.03880  -2.3966e-08 |215 -0.53538  -1.7282e+00 |216 -0.64966   2.5888e-01
217  0.01327  -1.1068e+01 |218 -0.16961   6.6666e-01 |219 -0.23160   7.3031e+00
220 -0.04385  -5.3813e+00 |221  0.04143  -3.3021e+00 |222  0.01290   3.8268e+00
223  0.01779   3.4398e+00 |224 -0.02631  -4.2674e+00 |225 -0.02182   7.3470e+00
226  0.09030  -2.2654e+00 |227  0.07506  -4.8315e+00 |228  0.21622   1.1808e+00
229  0.08965  -5.8907e+00 |230  0.07831  -2.0576e-01 |231  0.05493   6.6822e+00
232  0.05286   2.6802e+00 |233  0.05765  -2.6358e+00 |234  0.13542   8.7880e+00
235 -0.12255  -2.0778e+00 |236 -0.13448  -8.4468e+00 |237 -0.01352   1.2360e+00
238  0.01798  -8.6433e+00 |239 -0.10695   3.4262e+00 |240 -0.16906  -5.9234e+00
241 -0.08492  -6.5409e+00 |242  0.01439   1.8486e+00 |243  0.04447  -2.5137e+00
244 -0.02049   2.0835e+00 |245 -0.10784   9.2322e+00 |246 -0.22088   5.8227e+00
247 -0.09943   7.1936e+00 |248  0.00969   1.0714e+00 |249  0.07633   4.9372e+00
250  0.07960   1.7897e-01 |251  0.05831   7.5544e-01 |252 -0.02323  -9.8403e+00
253 -0.01785  -1.1584e+00 |254  0.13437  -5.7290e+00 |255  0.19591  -3.9587e+00
256  0.19368  -1.1389e+01 |257 -0.13736   2.3311e+00 |258  0.09937   6.5074e+01
259  0.14659  -9.7321e+01 |260 -0.86694   1.4214e+01 |261 -0.84460   1.7733e+01
262 -0.72775  -1.7988e+00 |263 -0.41391  -9.4200e+01 |264  0.37370  -9.8533e+01
265 -0.17743  -1.1378e+02 |266  0.04675  -1.1802e+02 |267  0.05647  -1.1788e+02
268 -0.04728  -1.1802e+02 |269  0.09319  -1.1708e+02 |270 -0.16403  -1.1444e+02
271  0.32587  -1.0318e+02 |272  0.21374  -1.1174e+02 |273 -0.65605  -6.0873e+01
274  0.29295  -1.0603e+02 |275  0.04628  -1.1803e+02 |276 -0.46678  -8.7932e+01
277  0.12163  -1.1619e+02 |278  0.42174  -9.3311e+01 |279 -0.36029  -9.9892e+01
280 -0.00937  -1.1833e+02 |281 -0.06649  -1.1770e+02 |282 -0.43724  -9.1512e+01
283 -0.06835  -1.1766e+02 |284  0.53107  -7.9500e+01 |285 -0.68399  -5.6362e+01
286 -0.13380  -1.1574e+02 |287  0.62688  -6.5458e+01 |288  0.12224  -1.1617e+02
289 -0.00687  -1.1834e+02 |290 -0.16165  -1.1455e+02 |291 -0.14529  -1.1528e+02
292 -0.65738  -6.0660e+01 |293 -0.13125  -1.1584e+02 |294  0.62948  -6.5054e+01
295 -0.59984  -6.9585e+01 |296  0.32320  -1.0342e+02 |297  0.65690  -6.0737e+01
298 -0.54394  -7.7712e+01 |299 -0.50474  -8.3056e+01 |300  0.34018  -1.0185e+02
301  0.57675  -7.3010e+01 |302  0.59078  -7.0940e+01 |303  0.47204   2.0707e+01
304 -0.11361   5.0989e+00 |305 -0.82411   6.7751e+01 |306  0.32442   1.0499e+01
307 -0.93103  -5.0789e+02 |308 -0.42078  -8.0051e-01 |
21.4292 8.42188 98.5837 55.1149 
11.9324 11.9324 48.7186 52.0346 
6.97265 11.0369 0 1.83142 11.5618 
0 2.58926 0 0 0.424565 20.4768 0 
21.2949 8.38776 98.205 55.1305 
11.9249 11.9249 48.737 52.0362 
6.98555 10.9853 0 1.85841 11.6174 
0 2.55809 0 0 0.424465 20.5886 0 
21.086 8.41105 97.7273 54.9276 
11.7147 11.7147 48.8614 51.97 
7.11929 10.9214 0 1.86331 11.5338 
0 2.56126 0 0 0.415947 20.7489 0 
20.9766 8.31155 97.414 54.7725 
11.7017 11.7017 48.5804 51.9368 
7.03225 10.9281 0 1.9092 11.7338 
0 2.5844 0 0 0.433261 20.8356 0 
21.0774 8.51721 96.8367 54.7734 
11.6262 11.6262 48.7167 51.928 
7.109 10.7578 0 1.94966 11.9716 
0 2.5994 0 0 0.446194 20.7976 0 
20.9035 8.33528 96.9562 54.8624 
11.9705 11.9705 48.5931 51.7374 
7.27991 10.8075 0 1.99445 12.5856 
0 2.47854 0 0 0.443859 20.9704 0 
20.9724 8.40049 96.8801 54.8275 
11.7679 11.7679 48.643 51.818 
7.18815 10.7816 0 1.97451 12.3112 
0 2.5051 0 0 0.444681 20.8893 0 
21.0244 8.66629 96.7411 54.7357 
11.7968 11.7968 48.8426 51.7564 
7.03987 10.6709 0 1.9439 12.1008 
0 2.51885 0 0 0.442902 20.8031 0 
21.0054 8.49208 96.5399 54.8902 
11.6316 11.6316 48.9029 51.6694 
6.99981 10.7182 0 1.90792 11.9506 
0 2.50148 0 0 0.441869 20.8471 0 
21.1304 8.60053 96.2479 54.9477 
11.652 11.652 48.6673 51.5966 
6.88658 10.5762 0 1.85371 11.9638 
0 2.52228 0 0 0.439807 20.823 0 
21.1655 8.58933 95.8238 55.2705 
11.5144 11.5144 48.8201 51.6589 
6.80672 10.4673 0 1.84513 12.0178 
0 2.54501 0 0 0.439142 20.8085 0 
308 variables; iteration 260; function evaluation 289; phase 1
Function value   3.5622748e+02; maximum gradient component mag  -5.3337e+02
Var   Value    Gradient   |Var   Value    Gradient   |Var   Value    Gradient
  1 -2.02448  -1.5742e-01 |  2  0.18048   2.9499e-01 |  3  0.19681  -3.4736e+00
  4  0.19431  -1.3973e+01 |  5  0.20061  -3.8431e+00 |  6  0.18989  -1.9196e+01
  7  0.17566  -1.4962e+01 |  8  0.17327  -8.0638e+00 |  9  0.17207  -5.9935e+00
 10  0.15279   8.7669e+00 | 11  0.12673   1.1201e+00 | 12  0.12793  -3.6084e+00
 13  0.10856   1.2544e+00 | 14  0.05272  -5.1826e+00 | 15 -1.98446   5.5840e-01
 16 -0.03753   3.6110e+00 | 17 -0.25913  -2.2583e-01 | 18 -0.22800  -6.8261e-03
 19 -0.79352  -7.7295e-03 | 20 -0.90499  -9.4521e-04 | 21 -0.52716  -1.4331e-03
 22  0.03926  -2.6639e+00 | 23 -0.19808  -3.5744e-04 | 24 -2.04889  -3.0600e+00
 25  0.09129  -1.1203e+00 | 26  0.13704   3.6633e+00 | 27  0.15829  -7.8502e-01
 28  0.15876   1.6293e+00 | 29  0.14304  -6.9342e+00 | 30  0.14890   2.9428e+00
 31  0.15034   5.9113e-01 | 32  0.13750  -5.6738e+00 | 33  0.12465   2.5497e+00
 34  0.10471  -4.0039e+00 | 35  0.11950  -5.2622e+00 | 36  0.12030   1.8423e+00
 37  0.09037   1.1618e+00 | 38  0.05985   7.8481e+00 | 39  0.00418  -3.9268e+00
 40 -0.03971  -1.2109e+00 | 41 -1.92195  -1.4632e+00 | 42 -1.79194   7.3955e-01
 43  0.01337   1.2233e+01 | 44 -0.04904   1.0371e+01 | 45 -0.08555   8.3797e+00
 46 -0.18053   5.0354e+00 | 47 -0.17539   7.2870e+00 | 48 -0.12716   8.7085e+00
 49 -0.11760   6.0006e+00 | 50 -0.02566   1.2798e+01 | 51 -0.00242   1.2408e+01
 52  0.07284   1.4219e+01 | 53  0.02984   1.2027e+01 | 54  0.01996   9.0165e+00
 55 -1.84697   3.5752e+00 | 56  0.00339   9.7405e-01 | 57  0.12185   1.2845e+00
 58 -1.94109   1.3182e+00 | 59  0.08818   9.8291e+00 | 60 -0.10422   7.6205e+00
 61 -0.02450   1.2936e+01 | 62  0.07225   1.3032e+01 | 63 -0.05819   4.7765e+00
 64  0.01749   8.1636e+00 | 65 -0.08580   3.5555e-01 | 66 -0.02442   3.4930e+00
 67 -0.03851   7.2098e+00 | 68 -0.02981   8.1319e+00 | 69 -0.08990   5.0456e+00
 70 -0.03965   9.7781e+00 | 71  0.03006   8.2784e+00 | 72  0.09737   1.4102e+01
 73 -0.02768   6.3371e+00 | 74  0.01112   1.0243e+01 | 75  0.09076   1.0690e+01
 76  0.07566   1.4697e+01 | 77 -0.00315   1.1783e+01 | 78 -0.00292   1.2811e+01
 79  0.16325   1.4633e+01 | 80  0.29555   8.8992e+00 | 81  1.57246  -2.9048e+00
 82 -0.05727   1.1774e+01 | 83 -0.08243   2.9065e+00 | 84  1.93171  -6.4851e+00
 85 -0.06383  -3.9621e+00 | 86  0.09824  -4.3123e-01 | 87  0.22079   4.5662e+00
 88 -0.04369  -7.2147e-01 | 89 -0.18737  -2.8373e+00 | 90 -0.12655  -1.1731e-01
 91 -0.07127  -3.3886e+00 | 92  0.01627   9.8669e-01 | 93  0.04821   1.7834e+00
 94  0.17926   1.2570e+01 | 95 -0.02707  -1.0226e+00 | 96 -0.11307  -4.3055e+00
 97 -0.04490  -3.7346e+00 | 98  0.11928   1.2058e+00 | 99  0.07721  -1.1327e+00
100  0.07591  -2.9088e+00 |101  0.13490   2.2877e+00 |102 -0.07075  -1.2665e+00
103 -0.06850   1.9137e+00 |104  0.09097   6.2020e+00 |105  0.02793   2.3784e-01
106 -0.10120  -4.2361e+00 |107 -0.05525  -9.2702e-01 |108  0.04645  -5.9921e+00
109  0.04828  -1.4100e+01 |110  0.08384  -1.4899e+01 |111  0.02768  -8.4693e+00
112 -0.12721  -4.6297e+00 |113 -0.17364  -5.2229e+00 |114 -0.06518  -4.4918e+00
115  0.12663  -1.2245e+00 |116  0.05971   1.6017e+00 |117  0.07160  -1.4169e+00
118  0.10753   4.8750e+00 |119 -0.02488  -3.2516e+00 |120  0.01215   1.3536e+00
121  0.15737   1.0161e+01 |122  0.16513  -7.9556e+00 |123 -0.88369   5.8488e-01
124  0.13112   2.7453e+00 |125 -0.02049  -3.5446e+00 |126 -0.11132  -8.9837e-01
127  0.00670  -4.7124e-02 |128 -0.02397  -4.7093e-02 |129  0.00183  -4.7126e-02
130  0.06750  -4.6862e-02 |131 -0.03343  -4.7061e-02 |132 -0.02579  -4.7088e-02
133 -0.03190  -4.7067e-02 |134  0.02420  -4.7092e-02 |135  0.06412  -4.6888e-02
136 -0.04951  -4.6984e-02 |137  0.06574  -4.6875e-02 |138  0.06697  -4.6866e-02
139  0.06879  -4.6852e-02 |140  0.05532  -4.6949e-02 |141 -0.03542  -4.7054e-02
142  0.01171  -4.7118e-02 |143  0.06758  -4.6861e-02 |144  0.05811  -4.6930e-02
145  0.06200  -4.6903e-02 |146  0.03970  -4.7035e-02 |147  0.20300  -4.4751e-02
148 -0.05205  -4.6969e-02 |149 -0.04115  -4.7028e-02 |150 -0.05377  -4.6958e-02
151 -0.04804  -4.6992e-02 |152 -0.16506  -4.5551e-02 |153 -0.13740  -4.6033e-02
154 -0.02284  -4.7096e-02 |155 -0.00150  -4.7126e-02 |156  0.00857  -4.7122e-02
157  0.00607  -4.7124e-02 |158 -0.04759  -4.6995e-02 |159  0.04576  -4.7005e-02
160 -0.03610  -4.7051e-02 |161  0.04834  -4.6991e-02 |162 -0.12881  -4.6165e-02
163 -0.05293  -4.6964e-02 |164  0.03521  -4.7054e-02 |165  0.06391  -4.6889e-02
166 -0.14270  -4.5948e-02 |167 -0.00785  -4.7123e-02 |168  0.06596  -4.6874e-02
169  0.00921  -1.5732e+02 |170  0.00836  -4.7791e+00 |171  0.00640  -1.5456e+00
172  0.02486   7.4441e+00 |173  0.07797  -7.9599e+00 |174  0.05649  -9.7170e+00
175  0.04010   1.2602e+01 |176  0.02386   8.6603e-01 |177  0.02518  -1.0293e+01
178  0.08409  -8.6312e+00 |179  0.11973   2.0005e+00 |180  0.07891  -7.9607e+01
181  0.06849   4.5942e+01 |182 -0.05094  -7.0670e+00 |183 -0.05025   4.0673e+00
184  0.02016  -1.6567e+01 |185 -0.63445   2.2861e+00 |186  0.01925   5.4399e+00
187 -0.06144  -3.6724e+00 |188 -0.01890   1.6399e+01 |189  0.01967   8.3070e+00
190  0.03331   2.6301e+01 |191  0.04150   4.0252e+01 |192  0.01809   2.4015e+01
193 -0.00158  -1.7377e+01 |194 -0.09093   9.5523e-01 |195 -0.00749   6.1799e+00
196  0.05213  -3.4667e+00 |197  0.04188   7.0740e+00 |198  0.00983   1.6445e+01
199  0.01426   4.2039e+00 |200  0.02172   1.6807e+01 |201  0.00633   1.3448e+00
202  0.11367  -1.0221e+01 |203  0.11651  -1.8458e+01 |204  0.11902   3.0453e+01
205 -0.00451   1.6064e+00 |206 -0.58164   2.8324e+00 |207 -0.14758  -9.6214e+00
208 -0.10019   1.7013e+01 |209 -0.04073   1.0468e+01 |210  0.03419   5.4840e+00
211  0.33475   4.0489e+00 |212 -0.06251   9.0156e+01 |213  0.03798   1.0249e+02
214 -0.03880  -2.3966e-08 |215 -0.53343  -1.3689e+00 |216 -0.65072   3.1378e+00
217  0.00802  -2.7869e+01 |218 -0.16799  -1.4654e+00 |219 -0.25094   4.1107e-01
220 -0.05304  -6.1501e+00 |221  0.05076   8.1659e-01 |222  0.01486   3.1798e+00
223  0.01141  -1.3506e+00 |224 -0.03741  -8.8862e+00 |225 -0.02619   6.3489e+00
226  0.08503  -6.8046e+00 |227  0.08415  -7.4746e-01 |228  0.23443   3.6540e+00
229  0.09759  -6.8075e+00 |230  0.08469  -1.5888e+00 |231  0.05589   4.1036e+00
232  0.05039  -2.1041e+00 |233  0.05208  -6.9670e+00 |234  0.12723   2.4534e+00
235 -0.12114   4.0187e+00 |236 -0.13518  -4.9506e+00 |237 -0.00507  -2.8206e-01
238  0.03192  -8.2831e+00 |239 -0.09913   3.3430e+00 |240 -0.15614  -4.0400e+00
241 -0.08400  -1.2751e+01 |242 -0.01916  -2.3572e+00 |243  0.02926   1.6772e+00
244 -0.02365   2.0514e+00 |245 -0.11118   6.0014e+00 |246 -0.22171   3.6515e+00
247 -0.09736   5.3688e+00 |248  0.00565   9.5284e-01 |249  0.07294   2.4633e+00
250  0.08574  -1.2615e+00 |251  0.06599  -8.7319e-01 |252 -0.01318  -4.5311e+00
253 -0.00746   3.2912e+00 |254  0.12670  -8.8713e+00 |255  0.19505  -4.9226e+00
256  0.20517  -7.4972e+00 |257 -0.14228  -2.0979e+00 |258  0.09943   8.7672e+01
259  0.14775  -5.6764e+01 |260 -0.86706   1.5720e+00 |261 -0.84479   1.1179e+01
262 -0.69963  -3.9148e+00 |263 -0.46160  -5.6845e+01 |264  0.33859  -6.5460e+01
265 -0.32757  -6.6117e+01 |266 -0.02735  -7.5881e+01 |267  0.07968  -7.5357e+01
268 -0.01570  -7.5928e+01 |269  0.09762  -7.5060e+01 |270 -0.07733  -7.5391e+01
271  0.35159  -6.4660e+01 |272  0.23207  -7.0960e+01 |273 -0.62223  -4.2471e+01
274  0.37694  -6.3022e+01 |275  0.27542  -6.8954e+01 |276 -0.55409  -4.8954e+01
277  0.08410  -7.5289e+01 |278  0.38661  -6.2371e+01 |279 -0.49522  -5.4107e+01
280 -0.05562  -7.5661e+01 |281 -0.04587  -7.5754e+01 |282 -0.39215  -6.1992e+01
283 -0.11268  -7.4764e+01 |284  0.49275  -5.4314e+01 |285 -0.63846  -4.0851e+01
286 -0.11305  -7.4757e+01 |287  0.63604  -4.1094e+01 |288  0.08748  -7.5235e+01
289  0.00333  -7.5950e+01 |290 -0.10205  -7.4977e+01 |291 -0.13325  -7.4293e+01
292 -0.59793  -4.4842e+01 |293 -0.15169  -7.3805e+01 |294  0.58066  -4.6488e+01
295 -0.57596  -4.6931e+01 |296  0.30486  -6.7408e+01 |297  0.54929  -4.9390e+01
298 -0.55392  -4.8969e+01 |299 -0.46727  -5.6395e+01 |300  0.31428  -6.6883e+01
301  0.68772  -3.5779e+01 |302  0.59664  -4.4967e+01 |303  0.47347   5.9814e+01
304 -0.09194   1.5627e+01 |305 -0.82698   7.8927e+01 |306  0.31870   9.8850e+00
307 -0.92942  -5.3337e+02 |308 -0.42805   4.2116e+00 |
21.1952 8.51727 95.2823 55.4335 
11.4591 11.4591 48.7846 51.7222 
6.88089 10.3985 0 1.88639 11.9715 
0 2.54508 0 0 0.434917 20.7125 0 
20.8332 8.10753 94.6886 55.698 
11.7113 11.7113 48.89 51.7751 
7.16954 10.1512 0 1.92488 11.7101 
0 2.76093 0 0 0.428047 20.711 0 
20.6112 8.35711 93.7556 56.1314 
11.8192 11.8192 49.1203 51.6936 
7.20699 9.90538 0 1.88017 11.7017 
0 2.74269 0 0 0.439483 20.7441 0 
20.4896 8.21212 93.4651 56.1154 
11.8288 11.8288 49.3092 51.697 
7.17103 9.76483 0 1.82974 11.6218 
0 2.7642 0 0 0.434944 20.9178 0 
20.5995 8.10229 93.2923 56.1722 
11.6955 11.6955 49.2338 51.6745 
7.08752 9.7874 0 1.82661 11.5012 
0 2.80719 0 0 0.434953 20.864 0 
20.745 7.88349 93.0849 56.2072 
11.7707 11.7707 49.1164 51.7289 
6.97875 9.71863 0 1.74205 11.64 
0 2.74772 0 0 0.431894 20.9601 0 
20.9471 7.72997 92.9545 56.118 
11.5891 11.5891 48.9219 51.5946 
6.90391 9.94198 0 1.72946 11.323 
0 2.70268 0 0 0.434001 20.8856 0 
21.3859 7.65269 92.2498 55.9458 
11.611 11.611 48.8749 51.7743 
6.70817 9.77904 0 1.72667 11.1809 
0 3.00839 0 0 0.43461 20.9066 0 
21.1187 7.43477 92.2068 55.7495 
11.4345 11.4345 48.4276 51.8041 
6.88236 9.8833 0 1.67801 11.0067 
0 3.43366 0 0 0.432368 20.9282 0 
21.0127 7.301 92.124 55.8312 
11.4542 11.4542 48.6554 51.6752 
6.91735 9.98823 0 1.66502 10.8804 
0 3.24097 0 0 0.429847 20.9492 0 
308 variables; iteration 270; function evaluation 299; phase 1
Function value   3.5134595e+02; maximum gradient component mag  -5.2996e+02
Var   Value    Gradient   |Var   Value    Gradient   |Var   Value    Gradient
  1 -2.02372  -2.4111e-01 |  2  0.18165   3.1134e-01 |  3  0.19242  -1.3546e+01
  4  0.19574  -1.6863e+01 |  5  0.20048  -2.2728e+00 |  6  0.19216  -1.0489e+01
  7  0.17571  -1.1160e+01 |  8  0.17514  -5.1094e+00 |  9  0.17010  -1.3756e+01
 10  0.15333   1.2123e+01 | 11  0.13194   1.0389e+01 | 12  0.12785  -4.0052e+00
 13  0.11122   5.0808e+00 | 14  0.05059  -5.3825e+00 | 15 -1.97155   2.2425e+00
 16 -0.02892   4.5130e+00 | 17 -0.18903  -1.1212e-01 | 18 -0.24081   9.4699e-03
 19 -0.80910  -7.1643e-03 | 20 -0.37079  -3.1867e-03 | 21 -0.49340  -2.8140e-03
 22  0.05268  -1.7645e+00 | 23 -0.19734  -1.0218e-03 | 24 -2.00375   1.3596e-01
 25  0.09544   1.6246e-02 | 26  0.14004   5.3960e+00 | 27  0.15955  -3.1077e-01
 28  0.15738  -2.6773e+00 | 29  0.14306  -8.4446e+00 | 30  0.14759  -1.1256e+00
 31  0.15145   5.3096e-01 | 32  0.13714  -7.8095e+00 | 33  0.12530   9.0406e-01
 34  0.10219  -8.5649e+00 | 35  0.12464   4.4790e+00 | 36  0.12269   7.0695e+00
 37  0.09121   1.7858e+00 | 38  0.05788   2.3074e+00 | 39  0.01566   4.1595e+00
 40 -0.03550  -5.1959e-01 | 41 -1.90422   5.2853e-01 | 42 -1.78571   7.8509e-01
 43  0.01059   6.5736e+00 | 44 -0.05931   3.8327e+00 | 45 -0.08570   3.0543e+00
 46 -0.18040   4.1681e-01 | 47 -0.13404   7.7991e+00 | 48 -0.17952  -8.4575e-01
 49 -0.11018   1.9494e+00 | 50 -0.01996   7.6319e+00 | 51  0.00032   7.5370e+00
 52  0.05677   8.7999e+00 | 53  0.01285   5.5455e+00 | 54  0.05792   5.8140e+00
 55 -1.84996   7.6119e+00 | 56  0.03607  -1.0811e+00 | 57  0.12303  -1.3713e+00
 58 -1.96711   4.0861e+00 | 59  0.09033   8.3009e+00 | 60 -0.14706   3.9543e-01
 61 -0.03507   9.8890e+00 | 62  0.07103   1.4231e+01 | 63 -0.03661   5.4907e+00
 64  0.02050   9.7600e+00 | 65 -0.04202   2.9617e+00 | 66 -0.04459   1.8638e+00
 67 -0.04444   5.0105e+00 | 68 -0.04403   3.9798e+00 | 69 -0.10419  -1.8715e-01
 70 -0.02934   5.8522e+00 | 71  0.02977   2.6046e+00 | 72  0.08318   5.6438e+00
 73 -0.02519   1.0972e+00 | 74 -0.01576   2.5217e+00 | 75  0.11257   4.6469e+00
 76  0.06240   6.8472e+00 | 77  0.00774   8.9984e+00 | 78 -0.00514   1.0139e+01
 79  0.15599   1.5078e+01 | 80  0.29483   1.0702e+01 | 81  1.57893   3.4836e-01
 82 -0.09120   4.1185e+00 | 83 -0.04371   1.5218e+00 | 84  1.94247  -1.8520e+00
 85 -0.02693  -8.3999e-01 | 86  0.11121   3.7867e+00 | 87  0.22097   6.7757e+00
 88 -0.07553  -6.7896e-01 | 89 -0.22697  -2.4400e+00 | 90 -0.18596  -3.3543e+00
 91 -0.00704   2.3516e+00 | 92 -0.04263  -3.4352e+00 | 93  0.05945   8.4692e-01
 94  0.16946   4.6268e+00 | 95 -0.02320  -1.6341e+00 | 96 -0.05767  -8.6570e-01
 97 -0.04049  -2.3812e+00 | 98  0.11383   1.4036e+00 | 99  0.09780   1.1564e+00
100  0.08135  -2.3634e+00 |101  0.12965   5.4166e-01 |102 -0.07432   6.0249e-02
103 -0.09804   6.3868e-01 |104  0.10645   1.0982e+01 |105  0.05424   6.4593e+00
106 -0.08274   7.2729e-02 |107 -0.04912   1.4108e+00 |108  0.07570  -1.8489e+00
109 -0.02519  -9.7697e+00 |110  0.11982  -4.7771e+00 |111  0.03865  -2.2968e+00
112 -0.15057  -3.0022e+00 |113 -0.18378  -4.0421e+00 |114 -0.04421  -2.6958e+00
115  0.11107  -3.6420e+00 |116  0.04010   8.4118e-01 |117  0.09974   1.4857e+00
118  0.07876  -3.2451e-01 |119 -0.00379  -9.5003e-01 |120 -0.02044  -2.1839e-01
121  0.14498   8.2721e+00 |122  0.19034   4.9425e+00 |123 -0.90942   7.2390e-01
124  0.14271   7.5578e+00 |125 -0.07133  -4.3958e+00 |126 -0.06093   3.5664e+00
127  0.00691  -7.9855e-01 |128 -0.02489  -7.9799e-01 |129  0.00575  -7.9857e-01
130  0.06723  -7.9415e-01 |131 -0.03485  -7.9740e-01 |132 -0.02680  -7.9789e-01
133 -0.03323  -7.9751e-01 |134  0.02461  -7.9800e-01 |135  0.06384  -7.9459e-01
136 -0.05172  -7.9597e-01 |137  0.06588  -7.9433e-01 |138  0.06667  -7.9422e-01
139  0.07747  -7.9269e-01 |140  0.05528  -7.9559e-01 |141 -0.03695  -7.9726e-01
142  0.02025  -7.9820e-01 |143  0.06734  -7.9414e-01 |144  0.05905  -7.9517e-01
145  0.06257  -7.9475e-01 |146  0.04205  -7.9686e-01 |147  0.19242  -7.6240e-01
148 -0.05165  -7.9597e-01 |149 -0.03844  -7.9714e-01 |150 -0.05604  -7.9551e-01
151 -0.05020  -7.9612e-01 |152 -0.16834  -7.7084e-01 |153 -0.13961  -7.7947e-01
154 -0.02370  -7.9805e-01 |155 -0.00150  -7.9860e-01 |156  0.00882  -7.9852e-01
157  0.00627  -7.9856e-01 |158 -0.04615  -7.9650e-01 |159  0.04770  -7.9636e-01
160 -0.03766  -7.9720e-01 |161  0.05009  -7.9613e-01 |162 -0.13038  -7.8191e-01
163 -0.05276  -7.9586e-01 |164  0.03558  -7.9735e-01 |165  0.06363  -7.9461e-01
166 -0.14527  -7.7790e-01 |167 -0.00806  -7.9854e-01 |168  0.06566  -7.9436e-01
169  0.00934  -2.5831e+02 |170  0.00861   3.8412e+00 |171  0.00500  -2.8334e+00
172  0.02638   7.5826e+00 |173  0.07573  -1.6352e+01 |174  0.05700  -1.6683e+00
175  0.03763   1.0963e+01 |176  0.02804   4.0444e+00 |177  0.02409  -1.2744e+01
178  0.08697  -1.4912e+01 |179  0.11996   3.4824e+00 |180  0.10033  -2.8206e+01
181  0.06615   2.4052e+01 |182 -0.02932  -7.4580e+00 |183 -0.05799   4.9828e-01
184  0.02218  -1.5093e+01 |185 -0.67226   8.5910e-01 |186  0.01754  -1.4164e+01
187 -0.06216  -1.1139e+01 |188 -0.02134   3.4550e+00 |189  0.02165  -5.2491e+00
190  0.03323   4.1134e+00 |191  0.03835   4.7254e+00 |192  0.01698   1.5395e+01
193 -0.00381  -1.0397e+01 |194 -0.08225   2.9232e+00 |195 -0.01187  -1.6494e+00
196  0.05252  -2.1693e+00 |197  0.03739   9.6176e-01 |198  0.00501   1.3366e+01
199  0.01367   8.1884e+00 |200  0.01493   3.0179e-01 |201  0.01142   6.4068e+00
202  0.11395  -1.0336e+01 |203  0.11644  -2.2863e+01 |204  0.11649   7.9669e+00
205 -0.00118   2.9959e-01 |206 -0.53318   1.3628e+00 |207 -0.14356  -1.0289e+01
208 -0.10111   1.0204e+01 |209 -0.04293   1.2607e+00 |210  0.03663   4.1610e+00
211  0.29187   1.8798e+00 |212 -0.06097   1.1246e+02 |213  0.03459   8.1431e+01
214 -0.03880  -2.3966e-08 |215 -0.53377   5.5442e+00 |216 -0.65889  -1.8350e+00
217  0.01003  -2.6019e+01 |218 -0.16611  -2.9757e-01 |219 -0.24618   3.9281e-01
220 -0.05307  -7.7093e+00 |221  0.03987  -2.4993e+00 |222  0.00015  -2.7544e+00
223  0.00029  -2.2128e+00 |224 -0.03457  -7.6301e+00 |225 -0.03739  -1.4892e+00
226  0.08721  -4.5964e+00 |227  0.08553   5.9723e-01 |228  0.21279   1.8233e-02
229  0.09911  -3.6905e+00 |230  0.08203  -5.0139e+00 |231  0.04478  -3.4502e+00
232  0.05794  -1.5586e+00 |233  0.06015  -4.5778e+00 |234  0.12694  -5.3745e-01
235 -0.12059   1.3463e+00 |236 -0.13193  -5.1625e-01 |237 -0.00448  -1.1599e-01
238  0.04447  -6.3782e+00 |239 -0.09437  -1.8439e+00 |240 -0.15262  -9.2493e+00
241 -0.05965  -8.5048e+00 |242 -0.01618  -3.2473e+00 |243  0.02906  -1.5386e+00
244 -0.01020  -8.1924e-02 |245 -0.11099  -9.9353e-01 |246 -0.22759  -1.7090e+00
247 -0.09678   3.5076e+00 |248  0.00212   3.5361e-01 |249  0.05282  -2.9446e-01
250  0.07507  -7.0292e+00 |251  0.05965  -3.8079e+00 |252 -0.00789   6.8412e-01
253 -0.01219  -1.3502e+00 |254  0.12038  -6.4364e+00 |255  0.20941  -1.6246e+00
256  0.22052  -6.9266e+00 |257 -0.13394  -2.2839e+00 |258  0.09846   6.8788e+01
259  0.14962   4.1731e+00 |260 -0.86709   1.1443e+01 |261 -0.84457   7.8063e+00
262 -0.71296  -3.4797e+00 |263 -0.50885   2.0584e+01 |264  0.33166   2.5606e+01
265 -0.48481   2.1368e+01 |266 -0.06435   2.9372e+01 |267 -0.00895   2.9520e+01
268  0.08313   2.9272e+01 |269  0.21920   2.7790e+01 |270 -0.13656   2.8846e+01
271  0.36448   2.4815e+01 |272  0.35215   2.5120e+01 |273 -0.58391   1.7951e+01
274  0.42180   2.3276e+01 |275  0.32372   2.5788e+01 |276 -0.56803   1.8530e+01
277  0.05504   2.9413e+01 |278  0.37802   2.4469e+01 |279 -0.58337   1.7971e+01
280 -0.20400   2.8020e+01 |281 -0.00917   2.9520e+01 |282 -0.31554   2.5970e+01
283 -0.15732   2.8626e+01 |284  0.43531   2.2886e+01 |285 -0.56937   1.8482e+01
286 -0.10738   2.9104e+01 |287  0.69117   1.3767e+01 |288  0.11187   2.9068e+01
289  0.00871   2.9520e+01 |290  0.05252   2.9422e+01 |291 -0.12011   2.8999e+01
292 -0.49468   2.1050e+01 |293 -0.20483   2.8008e+01 |294  0.49438   2.1059e+01
295 -0.58127   1.8048e+01 |296  0.38822   2.4202e+01 |297  0.37985   2.4422e+01
298 -0.55238   1.9090e+01 |299 -0.44221   2.2682e+01 |300  0.27156   2.6877e+01
301  0.73050   1.2128e+01 |302  0.55883   1.8860e+01 |303  0.47391   8.1328e+01
304 -0.07248   2.2524e+01 |305 -0.83381   9.3638e+01 |306  0.31496   1.7133e+01
307 -0.92657  -5.2996e+02 |308 -0.43852   9.2482e+00 |
20.9976 6.63407 91.97 55.9053 
11.5987 11.5987 48.8408 51.6713 
6.89755 10.4562 0 1.67934 10.5354 
0 3.14967 0 0 0.4369 20.8135 0 
20.9211 6.57438 91.8716 55.6879 
11.7434 11.7434 48.8257 51.648 
6.93465 10.3756 0 1.65708 10.4483 
0 3.07168 0 0 0.43713 20.892 0 
20.7424 6.76266 91.8017 55.7267 
11.6133 11.6133 48.8296 51.4941 
6.89319 10.4467 0 1.61815 10.4471 
0 2.85631 0 0 0.438684 20.9322 0 
20.8467 6.5003 91.6863 55.705 
11.3394 11.3394 49.1699 51.1099 
7.00365 11.0819 0 1.49506 10.3848 
0 2.90074 0 0 0.436274 21.1267 0 
20.913 6.58819 91.6357 55.6328 
11.3187 11.3187 49.1424 51.0717 
6.99492 11.062 0 1.46704 10.4504 
0 2.76659 0 0 0.437167 21.1728 0 
20.7496 6.85954 91.4722 55.5384 
11.3928 11.3928 49.0755 51.0596 
6.90142 10.9084 0 1.44462 10.4365 
0 2.60387 0 0 0.440815 21.1663 0 
20.3988 7.00037 91.935 55.2377 
11.5428 11.5428 49.6979 50.7439 
7.37168 10.4445 0 1.42878 10.3747 
0 2.76911 0 0 0.442274 21.2309 0 
20.6008 6.90789 91.583 55.4482 
11.3998 11.3998 49.2683 50.9428 
7.01945 10.7268 0 1.43926 10.4156 
0 2.57614 0 0 0.440645 21.181 0 
20.5317 7.01015 91.427 55.357 
11.4528 11.4528 49.2814 50.9611 
6.99096 10.6287 0 1.4201 10.4072 
0 2.52643 0 0 0.437459 21.1733 0 
20.3287 7.20976 91.1645 55.1951 
11.5343 11.5343 49.2402 50.9503 
6.93617 10.5148 0 1.38637 10.342 
0 2.4327 0 0 0.438507 21.214 0 
20.5694 7.52756 90.4984 55.4789 
11.4395 11.4395 49.4805 51.0336 
6.83351 10.5409 0 1.28179 10.2953 
0 2.54931 0 0 0.43882 21.1483 0 
20.3586 7.32744 90.9091 55.3164 
11.4974 11.4974 49.2991 50.9671 
6.83173 10.4333 0 1.35354 10.3275 
0 2.38371 0 0 0.437959 21.1929 0 
308 variables; iteration 280; function evaluation 311; phase 1
Function value   3.4769620e+02; maximum gradient component mag  -5.2967e+02
Var   Value    Gradient   |Var   Value    Gradient   |Var   Value    Gradient
  1 -2.02284  -2.8237e-01 |  2  0.18264  -1.5847e-01 |  3  0.19073  -1.6488e+01
  4  0.19791  -1.4374e+01 |  5  0.20126   1.7002e+00 |  6  0.19403  -3.7222e+00
  7  0.17630  -1.0062e+01 |  8  0.17601  -2.2607e+00 |  9  0.17064  -1.3276e+01
 10  0.15121   2.7769e+00 | 11  0.12780   9.8002e-01 | 12  0.13078   1.9026e+00
 13  0.10694  -1.3696e+00 | 14  0.05590  -2.2147e+00 | 15 -1.98244   1.3259e+00
 16 -0.03593   3.8478e+00 | 17 -0.19826  -1.4433e-01 | 18 -0.23964  -4.1954e-03
 19 -0.88960  -4.1856e-03 | 20 -0.20884   9.2552e-02 | 21 -0.48941  -1.0590e-03
 22  0.04234  -2.8474e+00 | 23 -0.19573  -8.9941e-04 | 24 -2.00614   7.2267e-02
 25  0.10124   2.0856e+00 | 26  0.13743   2.0682e+00 | 27  0.16154   3.9837e+00
 28  0.15609  -4.7673e+00 | 29  0.14525  -5.1280e+00 | 30  0.14551  -4.9332e+00
 31  0.15096  -1.1093e+00 | 32  0.14177  -7.4781e-01 | 33  0.12576   1.3563e+00
 34  0.10306  -9.7461e+00 | 35  0.12431   2.8265e+00 | 36  0.12002  -7.4843e+00
 37  0.09219   7.2617e+00 | 38  0.05652   2.5795e+00 | 39  0.00851  -8.9159e-01
 40 -0.03195   1.1953e+00 | 41 -1.90591  -3.7925e-02 | 42 -1.81956   4.8123e-01
 43  0.01579   5.3238e+00 | 44 -0.05806   1.3381e+00 | 45 -0.09164  -1.4347e-01
 46 -0.16329   3.2341e-01 | 47 -0.14067   5.3513e+00 | 48 -0.19242  -3.0772e+00
 49 -0.12277   1.5171e-01 | 50 -0.01418   8.4159e+00 | 51  0.00098   7.7522e+00
 52  0.04775   9.6612e+00 | 53  0.01232   7.3302e+00 | 54  0.06859   1.1234e+01
 55 -1.86751   5.7720e+00 | 56  0.07139   8.1685e+00 | 57  0.12776   6.5844e+00
 58 -1.97925   3.7205e+00 | 59  0.07483   3.9377e+00 | 60 -0.13710  -1.2957e+00
 61 -0.04984   3.6004e+00 | 62  0.04117   3.1058e+00 | 63 -0.02365   1.2143e+00
 64  0.00579   1.3313e+00 | 65 -0.02421  -7.8190e-01 | 66 -0.05211  -3.2466e+00
 67 -0.06927  -1.6595e+00 | 68 -0.05306  -1.3157e+00 | 69 -0.11758  -3.7881e+00
 70 -0.00383   6.1544e+00 | 71  0.05314   2.4010e+00 | 72  0.07311   3.2201e+00
 73 -0.01113  -1.0619e-02 | 74 -0.00561   5.3729e-01 | 75  0.11207  -3.5921e-01
 76  0.07017   2.2139e+00 | 77 -0.02151   2.5293e+00 | 78 -0.00606   7.8084e+00
 79  0.15345   1.1806e+01 | 80  0.29229   5.7085e+00 | 81  1.55037   1.2853e+00
 82 -0.07184   5.1054e+00 | 83 -0.06096  -8.2490e-01 | 84  1.98044   8.6710e-01
 85 -0.03541   1.9418e+00 | 86  0.12625   8.6174e+00 | 87  0.22252   9.2285e+00
 88 -0.08427   7.2387e-01 | 89 -0.22707  -8.7956e-01 | 90 -0.18748  -1.8696e+00
 91 -0.05013  -9.6407e-02 | 92 -0.04601  -2.0227e+00 | 93  0.07354   3.9721e+00
 94  0.16925   6.3643e+00 | 95 -0.02240   6.0105e-01 | 96 -0.05233   6.7131e-01
 97  0.02178   4.1124e+00 | 98  0.09726   3.0044e+00 | 99  0.09635   4.9046e+00
100  0.08996   3.6353e+00 |101  0.13211   6.2139e+00 |102 -0.07277   2.4068e+00
103 -0.11532   1.2955e+00 |104  0.07763   6.7260e+00 |105  0.06036   4.6211e+00
106 -0.06124   1.1867e+00 |107 -0.04081   2.9862e+00 |108 -0.00536  -3.5109e+00
109  0.07010  -8.3011e+00 |110  0.13796  -6.1612e+00 |111 -0.04082  -5.6875e+00
112 -0.12846  -4.3349e-01 |113 -0.15385  -2.2419e+00 |114 -0.02420  -7.3008e-01
115  0.10499  -3.2821e+00 |116  0.04960   3.2562e+00 |117  0.11560   4.2526e+00
118  0.06026  -4.5134e-01 |119 -0.04954  -2.0289e+00 |120 -0.00884   5.2526e-01
121  0.14106   4.8346e+00 |122  0.19635   4.0815e+00 |123 -0.93749   7.2063e-01
124  0.11632   2.9099e+00 |125  0.01299   2.3828e+00 |126 -0.12363   2.3225e+00
127  0.00978  -3.6599e-01 |128 -0.02358  -3.6578e-01 |129  0.01112  -3.6598e-01
130  0.06839  -3.6392e-01 |131 -0.03436  -3.6550e-01 |132 -0.02563  -3.6573e-01
133 -0.03260  -3.6555e-01 |134  0.02756  -3.6569e-01 |135  0.06514  -3.6412e-01
136 -0.05280  -3.6477e-01 |137  0.06739  -3.6398e-01 |138  0.06783  -3.6396e-01
139  0.08380  -3.6286e-01 |140  0.05711  -3.6456e-01 |141 -0.03665  -3.6542e-01
142  0.03004  -3.6562e-01 |143  0.06850  -3.6391e-01 |144  0.06140  -3.6433e-01
145  0.06451  -3.6415e-01 |146  0.04595  -3.6508e-01 |147  0.16984  -3.5308e-01
148 -0.05009  -3.6490e-01 |149 -0.03405  -3.6551e-01 |150 -0.05743  -3.6454e-01
151 -0.05115  -3.6485e-01 |152 -0.18771  -3.5024e-01 |153 -0.15253  -3.5558e-01
154 -0.02230  -3.6581e-01 |155  0.00113  -3.6603e-01 |156  0.01172  -3.6597e-01
157  0.00912  -3.6599e-01 |158 -0.04331  -3.6518e-01 |159  0.05116  -3.6485e-01
160 -0.03743  -3.6540e-01 |161  0.05333  -3.6475e-01 |162 -0.14115  -3.5707e-01
163 -0.05150  -3.6483e-01 |164  0.03830  -3.6537e-01 |165  0.06494  -3.6413e-01
166 -0.15954  -3.5460e-01 |167 -0.00571  -3.6602e-01 |168  0.06685  -3.6401e-01
169  0.01000   2.2436e+01 |170  0.00856   1.7919e+01 |171  0.00560   9.1946e+00
172  0.02218  -7.2207e-01 |173  0.07434  -1.9340e+01 |174  0.05773   6.0168e+00
175  0.03512   5.8843e+00 |176  0.03099   3.9603e+00 |177  0.02503  -1.2067e+01
178  0.08953  -1.8639e+01 |179  0.12081  -9.0680e+00 |180  0.11288  -1.0834e+01
181  0.06385  -5.0721e+00 |182 -0.01781  -7.5399e+00 |183 -0.05956   3.0733e+00
184  0.01981  -3.9475e+00 |185 -0.69292   8.8205e-01 |186  0.01252  -4.7429e+00
187 -0.06274  -2.1785e+00 |188 -0.02363   1.1514e+01 |189  0.02064   5.3615e+00
190  0.03307   2.1163e+01 |191  0.03896   1.6674e+01 |192  0.01495   1.9501e+01
193 -0.00287   5.2843e-01 |194 -0.08258   6.4155e+00 |195 -0.00656   1.0650e+01
196  0.05532   7.2586e-01 |197  0.04290   9.8625e+00 |198  0.00209   1.0855e+01
199  0.01429   1.4323e+01 |200  0.01587   1.0309e+01 |201  0.00811   5.7705e+00
202  0.11227  -8.9072e+00 |203  0.11610  -3.2560e+00 |204  0.11300   3.4522e+00
205  0.00159   3.4338e+00 |206 -0.52284   1.4735e+00 |207 -0.14128  -8.1933e+00
208 -0.10153   1.0332e+01 |209 -0.04255   1.5978e+00 |210  0.03769   5.1533e+00
211  0.27681   2.0136e+00 |212 -0.05810   9.2729e+01 |213  0.03288   2.8471e+01
214 -0.03880  -2.3966e-08 |215 -0.53767   4.8858e+00 |216 -0.66413   3.0919e-02
217  0.01425   6.4847e+00 |218 -0.16841  -1.4494e+00 |219 -0.24191   1.0295e-02
220 -0.04393  -3.7574e+00 |221  0.03887  -3.1407e+00 |222  0.00073  -2.6670e+00
223  0.00470   9.2199e-01 |224 -0.03482  -6.7402e-01 |225 -0.04337   1.6896e+00
226  0.08516  -4.2273e+00 |227  0.08298   2.5882e-01 |228  0.20278  -6.9187e-01
229  0.09336  -1.7734e+00 |230  0.08843  -3.7137e+00 |231  0.04195  -6.6225e+00
232  0.05435  -2.7449e+00 |233  0.05953  -4.2901e+00 |234  0.13142  -2.2554e-02
235 -0.11233   5.6469e-01 |236 -0.12294   2.4702e+00 |237 -0.01508  -2.1701e+00
238  0.03537  -2.3498e+00 |239 -0.09668  -7.9929e-01 |240 -0.14529  -1.6920e+00
241 -0.08526  -9.6787e+00 |242 -0.01855   9.8396e-01 |243  0.05619   4.6454e+00
244 -0.01177   4.2014e+00 |245 -0.12404   1.6344e+00 |246 -0.22951   3.2376e+00
247 -0.09637   5.8176e+00 |248  0.00239   2.4190e+00 |249  0.05707   2.6610e+00
250  0.08910  -3.6940e+00 |251  0.07205   5.1803e-01 |252 -0.01027   3.0261e+00
253 -0.01281   2.7427e+00 |254  0.12620  -9.3239e-01 |255  0.20423  -2.3160e+00
256  0.22818  -3.4240e+00 |257 -0.14547   2.0716e-01 |258  0.09743   2.2302e+01
259  0.14945   5.9921e-01 |260 -0.86779  -5.3750e+00 |261 -0.84449   5.2824e+00
262 -0.75083  -1.3198e-01 |263 -0.53744   2.4671e+01 |264  0.30204   3.3035e+01
265 -0.56323   2.3527e+01 |266 -0.06545   3.6941e+01 |267 -0.08137   3.6834e+01
268  0.19381   3.5429e+01 |269  0.24395   3.4444e+01 |270 -0.16547   3.5890e+01
271  0.33846   3.2011e+01 |272  0.39310   3.0279e+01 |273 -0.58958   2.2318e+01
274  0.45028   2.8229e+01 |275  0.36967   3.1050e+01 |276 -0.55801   2.3761e+01
277  0.02385   3.7111e+01 |278  0.38415   3.0579e+01 |279 -0.66498   1.8654e+01
280 -0.26086   3.4063e+01 |281 -0.01241   3.7130e+01 |282 -0.26361   3.3999e+01
283 -0.18520   3.5577e+01 |284  0.43840   2.8674e+01 |285 -0.51450   2.5655e+01
286 -0.15636   3.6023e+01 |287  0.75230   1.4088e+01 |288  0.10514   3.6632e+01
289  0.07380   3.6888e+01 |290  0.12781   3.6391e+01 |291 -0.08727   3.6789e+01
292 -0.45399   2.8088e+01 |293 -0.22065   3.4929e+01 |294  0.41768   2.9427e+01
295 -0.60779   2.1460e+01 |296  0.46632   2.7612e+01 |297  0.31418   3.2706e+01
298 -0.54955   2.4139e+01 |299 -0.42666   2.9104e+01 |300  0.23015   3.4737e+01
301  0.75491   1.3947e+01 |302  0.53992   2.4563e+01 |303  0.47305   4.8306e+01
304 -0.05774   1.2926e+01 |305 -0.84355   1.1062e+02 |306  0.30358   1.3172e+01
307 -0.92468  -5.2967e+02 |308 -0.44486  -1.6775e+00 |
20.2592 7.40769 90.7569 55.1736 
11.5225 11.5225 49.2404 51 
6.8066 10.3947 0 1.33073 10.327 
0 2.3692 0 0 0.439228 21.2186 0 
20.0667 7.92672 90.6243 54.8525 
11.8705 11.8705 49.3073 50.7852 
6.88863 10.206 0 1.28579 10.1798 
0 2.19043 0 0 0.437456 21.3078 0 
20.0551 7.97209 90.4861 54.7303 
11.8579 11.8579 49.2791 50.8058 
6.81552 10.1393 0 1.2591 10.2101 
0 2.15165 0 0 0.436729 21.3251 0 
19.9794 8.06732 90.2122 54.4759 
11.9752 11.9752 49.2261 50.8246 
6.76731 10.0048 0 1.21167 10.1355 
0 2.18143 0 0 0.440737 21.3666 0 
19.7898 8.29285 89.8442 53.9904 
11.7484 11.7484 49.0978 50.8173 
6.87849 10.16 0 1.17948 9.9852 
0 2.32755 0 0 0.440367 21.5702 0 
19.7262 8.53927 89.1954 53.4304 
11.925 11.925 49.0081 50.9227 
6.81247 9.92442 0 1.07939 10.0093 
0 2.34292 0 0 0.44553 21.6552 0 
19.6056 9.04141 89.3252 51.9527 
11.376 11.376 49.0434 51.2677 
7.47827 10.8554 0 1.08342 9.38253 
0 3.32319 0 0 0.459639 21.5131 0 
19.6574 8.68323 89.1511 53.1948 
11.7617 11.7617 49.0135 50.9898 
6.8683 9.99642 0 1.08013 9.89226 
0 2.31218 0 0 0.447303 21.6267 0 
19.6505 8.72554 88.968 53.0677 
11.823 11.823 48.9491 51.0403 
6.86522 9.95596 0 1.0572 9.93579 
0 2.31597 0 0 0.44886 21.6624 0 
19.6094 8.731 88.6411 52.8139 
11.8702 11.8702 48.9152 51.0929 
6.88124 9.92309 0 1.00924 10.0069 
0 2.34856 0 0 0.452379 21.7554 0 
19.5376 8.75944 88.0576 52.2433 
11.9765 11.9765 48.7081 51.2321 
6.91893 9.87206 0 0.920232 10.1027 
0 2.46666 0 0 0.457879 21.9549 0 
308 variables; iteration 290; function evaluation 322; phase 1
Function value   3.4340437e+02; maximum gradient component mag  -5.6177e+02
Var   Value    Gradient   |Var   Value    Gradient   |Var   Value    Gradient
  1 -2.01809  -8.0610e-03 |  2  0.18531  -3.9765e+00 |  3  0.18812  -2.3085e+01
  4  0.19770  -2.0743e+01 |  5  0.19965  -2.6155e+00 |  6  0.19534   3.1459e+00
  7  0.17681  -7.9592e+00 |  8  0.17598  -9.6678e-01 |  9  0.17014  -1.2521e+01
 10  0.14890  -4.2288e+00 | 11  0.12404  -5.3340e+00 | 12  0.12961   1.3437e+00
 13  0.10294  -2.5896e+00 | 14  0.05814   4.8843e-01 | 15 -1.97777   1.7008e+00
 16 -0.04119   3.5037e+00 | 17 -0.19940  -1.5653e-01 | 18 -0.24678  -1.0810e-02
 19 -0.98004  -7.6367e-04 | 20 -0.12510   8.1230e-01 | 21 -0.51512  -3.7973e-04
 22  0.06858  -4.9895e-01 | 23 -0.19122  -3.5517e-04 | 24 -1.99019   5.9985e-01
 25  0.10701   4.6609e+00 | 26  0.13753   2.8301e+00 | 27  0.15907   1.1659e+00
 28  0.15472  -5.0375e+00 | 29  0.14552  -3.3111e+00 | 30  0.14327  -6.8988e+00
 31  0.14813  -5.5988e+00 | 32  0.14298   2.0233e+00 | 33  0.12387  -5.4425e-01
 34  0.10594  -5.6916e+00 | 35  0.12118   2.1896e+00 | 36  0.11604  -1.1244e+01
 37  0.08779   8.0870e+00 | 38  0.04907  -1.5525e+00 | 39  0.00308  -1.6593e+00
 40 -0.03244   2.6460e+00 | 41 -1.88014   1.4914e-01 | 42 -1.83865   8.8636e-02
 43  0.01689   9.0955e+00 | 44 -0.06680   3.5740e+00 | 45 -0.09934   1.7403e+00
 46 -0.15270   3.4887e+00 | 47 -0.13495   7.8543e+00 | 48 -0.17353  -1.5147e-02
 49 -0.13274   8.6270e-01 | 50 -0.03183   6.9519e+00 | 51 -0.01044   5.2360e+00
 52  0.04386   6.6423e+00 | 53  0.01552   4.8637e+00 | 54  0.06130   4.3361e+00
 55 -1.86805   5.6136e+00 | 56  0.11136   1.1552e+01 | 57  0.12595   6.1558e+00
 58 -2.01559   1.1427e+00 | 59  0.06597   2.9397e+00 | 60 -0.07202   5.0922e+00
 61 -0.10623  -1.2336e+00 | 62  0.03785   7.9890e-01 | 63 -0.03336  -1.7661e-01
 64 -0.00894   9.5938e-01 | 65 -0.01367   2.4072e+00 | 66 -0.06283  -2.0212e+00
 67 -0.04810   2.2432e-01 | 68 -0.02595   1.9616e-03 | 69 -0.10673  -2.2470e+00
 70 -0.06274   1.4519e+00 | 71  0.07639   4.4481e+00 | 72  0.05406   2.6607e+00
 73 -0.01145   1.1276e+00 | 74  0.00473   2.9762e+00 | 75  0.10920   1.0003e+00
 76  0.05955   1.6854e+00 | 77 -0.02385   3.0016e+00 | 78 -0.01614   7.3665e+00
 79  0.14655   1.0021e+01 | 80  0.30127   7.2415e+00 | 81  1.55483   5.4715e-02
 82 -0.14118   3.9270e-01 | 83  0.00445   5.8703e+00 | 84  1.98086  -5.7495e-01
 85 -0.03742   3.4574e+00 | 86  0.11836   9.8981e+00 | 87  0.22576   1.2008e+01
 88 -0.06323   3.9511e+00 | 89 -0.25493  -1.8126e+00 | 90 -0.19802   2.5246e-01
 91 -0.13397  -2.3661e+00 | 92 -0.01195   1.8419e+00 | 93  0.09356   6.2707e+00
 94  0.16187   2.4107e+00 | 95 -0.03385  -8.7641e-01 | 96 -0.02820   1.0581e+00
 97  0.02162   1.7308e+00 | 98  0.11568   2.1644e+00 | 99  0.09523   4.7662e+00
100  0.09730   4.6771e+00 |101  0.11798   2.9124e+00 |102 -0.07331   2.6268e+00
103 -0.11144   1.8928e+00 |104  0.06018   3.0187e+00 |105  0.06436   3.4018e+00
106 -0.06951   1.9840e-01 |107 -0.00416   4.5120e+00 |108  0.00531  -3.7044e+00
109  0.15408   1.4997e+00 |110  0.09402  -3.0307e+00 |111 -0.11737  -5.5839e+00
112 -0.14079   3.4340e-01 |113 -0.15387  -2.0021e+00 |114 -0.00242   1.0768e+00
115  0.10174  -3.0837e+00 |116  0.05431   3.6513e+00 |117  0.13035   5.9022e+00
118  0.03034   5.6767e-01 |119 -0.07965  -2.4358e+00 |120  0.08615   7.2597e+00
121  0.12735   3.3894e+00 |122  0.19985   3.7099e+00 |123 -0.97895   2.8367e-01
124  0.10061   8.8961e-01 |125  0.03781   5.0332e+00 |126 -0.13718   2.6967e+00
127  0.01562  -2.4764e-01 |128 -0.02012  -2.4759e-01 |129  0.02299  -2.4756e-01
130  0.07128  -2.4617e-01 |131 -0.03234  -2.4740e-01 |132 -0.02243  -2.4756e-01
133 -0.03033  -2.4744e-01 |134  0.03333  -2.4738e-01 |135  0.06809  -2.4630e-01
136 -0.05365  -2.4684e-01 |137  0.07110  -2.4617e-01 |138  0.07066  -2.4619e-01
139  0.09047  -2.4522e-01 |140  0.06083  -2.4659e-01 |141 -0.03496  -2.4734e-01
142  0.04613  -2.4707e-01 |143  0.07142  -2.4616e-01 |144  0.06682  -2.4635e-01
145  0.06912  -2.4626e-01 |146  0.05444  -2.4681e-01 |147  0.12480  -2.4297e-01
148 -0.04559  -2.4708e-01 |149 -0.02447  -2.4753e-01 |150 -0.05883  -2.4666e-01
151 -0.05175  -2.4690e-01 |152 -0.23563  -2.3094e-01 |153 -0.18156  -2.3771e-01
154 -0.01870  -2.4761e-01 |155  0.00667  -2.4770e-01 |156  0.01760  -2.4762e-01
157  0.01495  -2.4765e-01 |158 -0.03642  -2.4731e-01 |159  0.05874  -2.4666e-01
160 -0.03586  -2.4732e-01 |161  0.06051  -2.4660e-01 |162 -0.16437  -2.3951e-01
163 -0.04754  -2.4703e-01 |164  0.04358  -2.4714e-01 |165  0.06791  -2.4631e-01
166 -0.19231  -2.3650e-01 |167 -0.00057  -2.4772e-01 |168  0.06970  -2.4623e-01
169  0.01120   2.6224e+02 |170  0.00653   9.2519e+00 |171  0.00342   5.8404e+00
172  0.02124  -3.6950e+00 |173  0.07357  -1.9167e+01 |174  0.05490   1.0685e+01
175  0.03177   2.8714e+00 |176  0.02885   6.2412e+00 |177  0.02751  -1.2994e+00
178  0.09469  -1.3016e+00 |179  0.12214  -3.6885e+00 |180  0.12637   4.2754e+01
181  0.06331  -6.0397e+00 |182  0.00175   4.1014e+00 |183 -0.06241   6.2747e+00
184  0.02137  -1.6405e+00 |185 -0.74378   1.1200e+00 |186  0.01212   8.5000e+00
187 -0.06108   7.0635e+00 |188 -0.02737   1.2145e+01 |189  0.02372   1.5644e+01
190  0.03385   2.1555e+01 |191  0.03714  -1.5542e+00 |192  0.01532   1.6073e+01
193  0.00063   1.3568e+01 |194 -0.08442   7.9360e+00 |195 -0.00510   1.5847e+01
196  0.05516   9.1267e+00 |197  0.04117   7.2483e+00 |198 -0.00056   3.4055e+00
199  0.01757   1.9133e+01 |200  0.01659   8.5830e+00 |201  0.01001   6.7703e+00
202  0.11373   1.2231e+00 |203  0.12033   1.0928e+01 |204  0.11262  -2.3759e+00
205  0.00606   7.7621e+00 |206 -0.47245   2.2271e+00 |207 -0.13119  -3.6272e+00
208 -0.10390   5.9577e+00 |209 -0.03886   4.2156e+00 |210  0.04332   7.8383e+00
211  0.20229   2.9344e+00 |212 -0.05349   6.2413e+01 |213  0.03217  -7.9608e-01
214 -0.03880  -2.3966e-08 |215 -0.55677   2.2843e+00 |216 -0.68750  -5.0313e+00
217  0.02107   2.4520e+01 |218 -0.15708   1.7052e+00 |219 -0.24384  -2.7393e+00
220 -0.04331  -2.4609e+00 |221  0.04272  -3.3040e+00 |222  0.00426  -3.0288e+00
223  0.00637   1.6715e-01 |224 -0.04007   1.8332e+00 |225 -0.05079  -1.5207e-01
226  0.08959  -3.3979e+00 |227  0.08476   3.4258e-01 |228  0.19715  -1.2015e+00
229  0.09086  -1.8066e+00 |230  0.08813  -1.6531e+00 |231  0.04666  -2.1976e+00
232  0.06186  -6.6003e-01 |233  0.06432  -1.5301e+00 |234  0.12603  -3.1498e+00
235 -0.11778  -6.7843e-01 |236 -0.12408   3.3041e+00 |237 -0.01702  -1.1984e+00
238  0.03386   3.8266e-01 |239 -0.10227  -1.2732e+00 |240 -0.14933  -2.2943e+00
241 -0.06911   2.8447e+00 |242  0.02377   5.5793e+00 |243  0.06545   1.7098e+00
244 -0.03267   1.6974e+00 |245 -0.14160  -6.5284e-01 |246 -0.24220   3.4696e+00
247 -0.10809   2.4041e+00 |248 -0.00770  -2.5662e-01 |249  0.04795   1.7014e+00
250  0.09878   2.2090e-01 |251  0.06838  -1.5174e-01 |252 -0.03211  -7.0563e-02
253 -0.00228   2.2094e+00 |254  0.14916   1.7337e+00 |255  0.20276  -1.3154e+00
256  0.23245  -2.0858e+00 |257 -0.14795   2.0900e+00 |258  0.09724  -8.5050e+00
259  0.15005   1.7152e+01 |260 -0.86790  -1.2756e+01 |261 -0.84427   1.5392e+00
262 -0.77868   2.6396e+00 |263 -0.57505  -8.3929e+00 |264  0.28247  -1.2245e+01
265 -0.69339  -6.2804e+00 |266 -0.07221  -1.3471e+01 |267 -0.15128  -1.3177e+01
268  0.29888  -1.2091e+01 |269  0.36400  -1.1402e+01 |270 -0.22417  -1.2726e+01
271  0.31526  -1.1929e+01 |272  0.46612  -1.0083e+01 |273 -0.56931  -8.4886e+00
274  0.45673  -1.0216e+01 |275  0.42638  -1.0629e+01 |276 -0.51743  -9.3210e+00
277 -0.02873  -1.3544e+01 |278  0.41539  -1.0773e+01 |279 -0.72759  -5.6261e+00
280 -0.33837  -1.1688e+01 |281 -0.01431  -1.3555e+01 |282 -0.22264  -1.2737e+01
283 -0.20054  -1.2891e+01 |284  0.35801  -1.1470e+01 |285 -0.47502  -9.9557e+00
286 -0.17085  -1.3073e+01 |287  0.79732  -4.2439e+00 |288  0.11538  -1.3336e+01
289  0.13592  -1.3250e+01 |290  0.19359  -1.2936e+01 |291 -0.10587  -1.3371e+01
292 -0.36818  -1.1353e+01 |293 -0.25256  -1.2505e+01 |294  0.34911  -1.1570e+01
295 -0.60010  -7.9676e+00 |296  0.55349  -8.7486e+00 |297  0.24105  -1.2598e+01
298 -0.55575  -8.7119e+00 |299 -0.39751  -1.1000e+01 |300  0.19256  -1.2943e+01
301  0.76270  -4.9377e+00 |302  0.49299  -9.6921e+00 |303  0.47387   3.4414e+01
304 -0.02881  -1.6089e+00 |305 -0.86938   1.2496e+02 |306  0.28934   1.0617e+01
307 -0.92041  -5.6177e+02 |308 -0.45094  -4.5318e+00 |
19.489 8.89049 87.0553 51.1907 
12.3401 12.3401 48.5484 51.4518 
6.96394 9.67449 0 0.790496 10.2873 
0 2.67575 0 0 0.471016 22.1833 0 
19.5444 9.42608 85.356 49.3736 
12.6492 12.6492 48.3086 51.7027 
7.13066 9.70537 0 0.620998 10.4656 
0 3.24692 0 0 0.493153 23.2133 0 
19.4907 9.07299 86.3796 50.4825 
12.4633 12.4633 48.4435 51.5469 
7.01172 9.65877 0 0.722419 10.3562 
0 2.85576 0 0 0.479031 22.4865 0 
19.475 9.06441 85.5791 49.9929 
12.2163 12.2163 48.1695 51.7394 
7.1468 9.76245 0 0.670669 10.4264 
0 2.99908 0 0 0.482824 23.1084 0 
19.2912 8.69492 85.4786 49.7968 
12.3804 12.3804 48.0306 51.9296 
7.18413 9.71376 0 0.652482 10.6705 
0 3.19234 0 0 0.486721 22.5845 0 
19.2518 8.96653 83.9625 49.1247 
12.5847 12.5847 47.9103 52.141 
7.08828 9.46873 0 0.665413 10.7388 
0 3.3748 0 0 0.493696 22.9998 0 
19.1552 8.58239 83.0324 48.5868 
12.0726 12.0726 47.9634 52.1895 
6.97365 9.51952 0 0.756058 11.1203 
0 3.57909 0 0 0.495893 22.47 0 
19.2092 7.99466 82.0458 47.4826 
12.0073 12.0073 48.1572 52.1628 
6.95145 9.53213 0 0.938056 11.6788 
0 4.17428 0 0 0.495401 21.9257 0 
19.1709 8.22464 82.3024 47.9604 
11.941 11.941 48.0709 52.167 
6.93028 9.51317 0 0.856804 11.4352 
0 3.84237 0 0 0.495081 22.1617 0 
19.2334 7.86138 81.5966 47.8792 
12.1868 12.1868 48.343 51.8994 
6.86866 9.36415 0 0.963833 11.5416 
0 3.97644 0 0 0.492738 21.6563 0 
19.205 7.97945 81.8225 47.9126 
12.073 12.073 48.236 51.9981 
6.88643 9.41525 0 0.922286 11.5009 
0 3.90692 0 0 0.493415 21.8503 0 
19.3288 8.20308 80.6669 47.7518 
12.3504 12.3504 48.4325 51.7937 
6.77905 9.32186 0 0.993905 11.3698 
0 3.80677 0 0 0.488048 21.8492 0 
19.3578 7.85906 80.9742 47.6584 
11.5593 11.5593 48.5787 51.5757 
6.68545 9.72999 0 1.0904 11.2038 
0 3.5113 0 0 0.479528 20.9692 0 
308 variables; iteration 300; function evaluation 335; phase 1
Function value   3.3033449e+02; maximum gradient component mag   5.3144e+02
Var   Value    Gradient   |Var   Value    Gradient   |Var   Value    Gradient
  1 -2.00819   3.3909e-01 |  2  0.19157   8.6533e+00 |  3  0.19238  -4.8507e-01
  4  0.20018  -1.4202e+00 |  5  0.19863   2.2281e+00 |  6  0.19456   3.0882e+00
  7  0.17983   7.6301e-01 |  8  0.17795   8.9474e+00 |  9  0.17502   6.7662e+00
 10  0.14943  -3.7955e+00 | 11  0.12734   2.1743e+00 | 12  0.12864   2.8378e+00
 13  0.10617   7.2770e+00 | 14  0.05791  -2.2975e+00 | 15 -1.95825   2.8920e+00
 16 -0.05102   2.1240e+00 | 17 -0.20782  -1.8294e-01 | 18 -0.23727   3.4530e-03
 19 -1.05762   2.1938e-03 | 20 -0.25975   2.4716e-02 | 21 -0.45921   3.0499e-04
 22  0.09574   1.6745e+00 | 23 -0.17548   2.5512e-03 | 24 -1.98504   7.5842e-01
 25  0.09842   2.5722e+00 | 26  0.13089  -3.7538e-01 | 27  0.15445  -2.6281e+00
 28  0.15821   3.4822e+00 | 29  0.15162   4.2147e+00 | 30  0.14926  -2.6238e+00
 31  0.15424  -1.5524e+00 | 32  0.14740   1.8864e+00 | 33  0.12544  -3.4445e+00
 34  0.11417   4.3735e+00 | 35  0.11796  -1.0744e+01 | 36  0.11968   3.1701e+00
 37  0.08700   2.8506e+00 | 38  0.04935  -1.4004e+00 | 39  0.00699   1.4064e+00
 40 -0.04430  -1.2180e+00 | 41 -1.90335   1.8944e-01 | 42 -1.85865  -4.3290e-01
 43  0.01587  -1.1006e+00 | 44 -0.05577  -1.5116e+00 | 45 -0.08165  -1.4496e+00
 46 -0.16371  -9.3974e-01 | 47 -0.18104  -8.3133e-01 | 48 -0.10348   3.0932e+00
 49 -0.09387   4.7502e-01 | 50 -0.07653  -1.3898e+00 | 51 -0.03635  -2.5891e-01
 52  0.01803   2.7162e+00 | 53  0.02477   5.0087e+00 | 54  0.08845   9.0240e+00
 55 -2.01159  -3.8234e+00 | 56  0.06950   8.5036e+00 | 57  0.14259   7.1643e+00
 58 -2.06811   2.7473e+00 | 59  0.07077  -1.7987e+00 | 60 -0.06567   3.9704e-01
 61 -0.09413  -5.1280e+00 | 62  0.00690  -7.0566e+00 | 63  0.02156  -3.5109e+00
 64 -0.01611  -4.4146e+00 | 65 -0.09311  -6.3530e+00 | 66 -0.02150  -4.8110e+00
 67 -0.02995  -3.3439e+00 | 68 -0.04750  -3.5040e+00 | 69 -0.07351  -2.3622e+00
 70 -0.08155  -3.4491e+00 | 71  0.10161  -1.2787e+00 | 72 -0.02318  -7.4083e+00
 73 -0.00904  -5.0777e+00 | 74  0.01711  -1.2161e+00 | 75  0.08374  -1.6664e+00
 76  0.08644   1.8949e+00 | 77  0.01325   3.4352e+00 | 78 -0.03889   2.2512e+00
 79  0.12024   5.9799e+00 | 80  0.31049   3.0527e+00 | 81  1.63065   2.0679e+00
 82 -0.17637  -5.0795e+00 | 83 -0.04295  -8.7839e-01 | 84  2.00893   2.9002e+00
 85 -0.03372  -1.5357e+00 | 86  0.09443  -4.2628e+00 | 87  0.21459  -7.8372e+00
 88 -0.07795  -1.4741e+00 | 89 -0.19296  -1.0087e+00 | 90 -0.11857   6.5602e-01
 91 -0.04776  -2.0366e+00 | 92  0.01251   7.9985e-01 | 93  0.01578  -3.0358e+00
 94  0.16916  -6.7809e-01 | 95  0.04697   5.0972e-01 | 96  0.02880   2.8547e-01
 97 -0.01189  -2.4934e+00 | 98  0.12530   2.0578e+00 | 99  0.08399  -1.1944e+00
100  0.10594  -2.2663e+00 |101  0.06013  -7.6527e+00 |102 -0.14419  -3.8344e+00
103 -0.11102  -1.8528e+00 |104  0.09227  -5.5825e+00 |105  0.03386  -4.8868e+00
106 -0.12540  -4.3627e+00 |107 -0.08428  -3.2921e+00 |108  0.12258  -3.1729e+00
109  0.09798  -6.5274e+00 |110 -0.00083  -1.0551e+01 |111  0.05214  -3.8546e+00
112 -0.11192  -1.9326e+00 |113 -0.15707  -2.5665e+00 |114 -0.03821  -2.5074e+00
115  0.12483  -5.2288e+00 |116 -0.09641  -9.0652e+00 |117  0.13894   3.2358e-02
118  0.03454  -3.7070e+00 |119  0.06653   9.0254e-01 |120  0.06231  -7.4459e-01
121  0.05964  -5.2005e+00 |122  0.22041   7.5088e+00 |123 -1.08937  -8.4174e-01
124  0.10140  -1.9950e+00 |125  0.00176   2.2383e-01 |126 -0.18481  -1.4446e+00
127  0.02987   1.1335e+00 |128 -0.01524   1.1344e+00 |129  0.04621   1.1318e+00
130  0.07807   1.1262e+00 |131 -0.03281   1.1333e+00 |132 -0.01848   1.1343e+00
133 -0.02985   1.1335e+00 |134  0.04809   1.1315e+00 |135  0.07565   1.1268e+00
136 -0.06457   1.1289e+00 |137  0.07888   1.1261e+00 |138  0.07753   1.1264e+00
139  0.10787   1.1185e+00 |140  0.07063   1.1278e+00 |141 -0.03668   1.1329e+00
142  0.08422   1.1249e+00 |143  0.07822   1.1262e+00 |144  0.07754   1.1264e+00
145  0.07839   1.1262e+00 |146  0.07116   1.1277e+00 |147  0.11502   1.1163e+00
148 -0.03712   1.1328e+00 |149  0.00036   1.1348e+00 |150 -0.07164   1.1276e+00
151 -0.06179   1.1294e+00 |152 -0.29722   1.0133e+00 |153 -0.27697   1.0291e+00
154 -0.01325   1.1345e+00 |155  0.01957   1.1342e+00 |156  0.03205   1.1333e+00
157  0.02912   1.1336e+00 |158 -0.02006   1.1342e+00 |159  0.07364   1.1272e+00
160 -0.03801   1.1327e+00 |161  0.07459   1.1270e+00 |162 -0.25444   1.0453e+00
163 -0.04093   1.1324e+00 |164  0.05730   1.1302e+00 |165  0.07552   1.1268e+00
166 -0.28777   1.0208e+00 |167  0.01074   1.1346e+00 |168  0.07679   1.1265e+00
169  0.01028   5.3144e+02 |170  0.01328   9.3822e+00 |171  0.01143   1.8955e+01
172  0.02968   1.0246e+01 |173  0.08088   4.2473e+00 |174  0.05312   7.6678e+00
175  0.03849  -1.3956e+00 |176  0.02745   9.1803e+00 |177  0.03991   1.3329e+01
178  0.10453   2.3127e+00 |179  0.13555   4.7639e+00 |180  0.13600   2.8086e+01
181  0.07036  -6.1700e+00 |182  0.00773   1.3865e+01 |183 -0.05994   1.2730e+01
184  0.03197   3.4113e+01 |185 -0.88121   1.1111e+00 |186  0.01573   3.3811e+01
187 -0.05282   2.2677e+01 |188 -0.02693   1.5034e+01 |189  0.03038   3.0299e+01
190  0.03694   2.7685e+01 |191  0.03683   1.2853e+01 |192  0.02126   1.9965e+01
193  0.00494   3.2466e+01 |194 -0.08641   8.1305e+00 |195 -0.00108   1.1212e+01
196  0.05884   1.3432e+01 |197  0.03164   5.0625e+00 |198  0.00544   1.4184e+01
199  0.01537   2.2608e+01 |200  0.02220   1.5517e+01 |201  0.01302   2.9350e+00
202  0.12285  -3.7192e+00 |203  0.12531   9.3136e+00 |204  0.11113   2.7914e-01
205 -0.00612   1.1813e+01 |206 -0.22364   6.1279e+00 |207 -0.10122   2.2556e+01
208 -0.10111   2.9031e+00 |209 -0.03254   1.1849e+01 |210  0.05356   4.2008e+00
211 -0.16633   5.8939e+00 |212 -0.05540   4.0486e-01 |213  0.03557  -6.8003e+01
214 -0.03880  -2.3965e-08 |215 -0.60827  -4.3111e+00 |216 -0.74793  -2.6584e+00
217  0.02357   6.6501e+01 |218 -0.16084   1.3351e+00 |219 -0.25200   8.8600e-01
220 -0.05108   5.2147e+00 |221  0.03562   7.0257e-01 |222  0.00006   2.0595e+00
223  0.00965   2.5028e+00 |224 -0.02602   5.2973e+00 |225 -0.03476   3.2332e-01
226  0.09119   4.1912e+00 |227  0.06356   1.6204e+00 |228  0.18689  -1.3859e+00
229  0.11642   3.9852e+00 |230  0.10340   3.0463e+00 |231  0.05210  -1.8106e+00
232  0.06741   1.4155e+00 |233  0.07930   4.0823e+00 |234  0.12895   1.4552e+00
235 -0.13819  -1.5921e+00 |236 -0.14580   8.6310e-01 |237 -0.00743   2.8013e+00
238  0.04385   4.6617e+00 |239 -0.09385   8.4332e+00 |240 -0.16343   5.0125e+00
241 -0.05422   6.1873e+00 |242  0.02659   1.8105e+00 |243  0.02895   3.4674e+00
244 -0.03492   4.6659e+00 |245 -0.12196   2.6356e+00 |246 -0.23795   2.1555e+00
247 -0.11274  -1.2921e+00 |248  0.00219   2.0274e+00 |249  0.02441   1.5826e+00
250  0.07129   2.1668e+00 |251  0.04868  -1.2274e-01 |252 -0.01421  -9.3609e-02
253  0.03464   3.8925e+00 |254  0.13620   4.5268e+00 |255  0.19113  -9.9343e-01
256  0.24925   2.6026e+00 |257 -0.14425   3.9075e+00 |258  0.09764  -1.1873e+02
259  0.15008   2.1245e+01 |260 -0.86679   3.4527e+01 |261 -0.84412   4.6488e+00
262 -0.79810   1.0276e+01 |263 -0.68369  -1.9406e+01 |264  0.36794  -3.4100e+01
265 -1.04249   2.7152e+00 |266 -0.09748  -4.0236e+01 |267 -0.09026  -4.0304e+01
268  0.36459  -3.4217e+01 |269  0.61911  -2.2931e+01 |270 -0.36533  -3.4191e+01
271  0.41932  -3.2196e+01 |272  0.72474  -1.7060e+01 |273 -0.52212  -2.7771e+01
274  0.40699  -3.2672e+01 |275  0.48123  -2.9624e+01 |276 -0.29432  -3.6439e+01
277 -0.19368  -3.8843e+01 |278  0.54976  -2.6452e+01 |279 -0.79618  -1.2813e+01
280 -0.49924  -2.8822e+01 |281 -0.05308  -4.0571e+01 |282 -0.08813  -4.0323e+01
283 -0.16381  -3.9372e+01 |284  0.05093  -4.0582e+01 |285 -0.44519  -3.1157e+01
286 -0.15259  -3.9548e+01 |287  0.97912  -1.3352e+00 |288  0.35172  -3.4655e+01
289  0.19956  -3.8728e+01 |290  0.16511  -3.9351e+01 |291 -0.13877  -3.9749e+01
292 -0.13773  -3.9763e+01 |293 -0.34386  -3.4917e+01 |294  0.24791  -3.7664e+01
295 -0.47578  -2.9862e+01 |296  0.56584  -2.5662e+01 |297  0.03538  -4.0649e+01
298 -0.53586  -2.7122e+01 |299 -0.41761  -3.2263e+01 |300  0.01408  -4.0702e+01
301  0.66120  -2.0658e+01 |302  0.29030  -3.6552e+01 |303  0.47267  -9.4451e+01
304  0.06884  -1.1866e+01 |305 -0.90181   3.1408e+01 |306  0.25823   4.2517e+00
307 -0.89994  -3.6734e+02 |308 -0.50528  -5.1046e+01 |
19.6474 7.2128 81.2195 47.209 
11.4585 11.4585 49.2077 50.8539 
6.5287 9.63352 0 1.25161 10.9838 
0 3.19048 0 0 0.479394 20.5405 0 
19.4502 7.59197 80.9631 47.4609 
11.5171 11.5171 48.8175 51.2455 
6.5696 9.63451 0 1.16023 11.1064 
0 3.31841 0 0 0.478862 20.7814 0 
19.5457 7.50777 80.8579 47.2713 
11.5063 11.5063 49.2031 50.9979 
6.53126 9.50118 0 1.25771 10.8627 
0 3.15598 0 0 0.474683 20.5435 0 
19.7676 7.43328 80.0345 46.9897 
11.5167 11.5167 49.732 50.6916 
6.67387 9.66403 0 1.34015 10.327 
0 2.90953 0 0 0.465086 20.6183 0 
19.7243 7.41074 79.7142 47.0547 
11.5357 11.5357 49.7137 50.6886 
6.63805 9.77166 0 1.39472 10.2464 
0 2.6942 0 0 0.456567 20.5088 0 
19.3961 7.58352 79.1933 46.5733 
11.4024 11.4024 49.366 50.7803 
6.71701 9.91351 0 1.3971 10.4883 
0 2.31463 0 0 0.44869 21.2745 0 
19.2496 7.60496 79.3169 46.5018 
11.4093 11.4093 49.2542 50.7791 
6.66668 9.94549 0 1.40635 10.5878 
0 2.18291 0 0 0.448271 21.3027 0 
19.1478 7.33987 80.0058 46.718 
11.5794 11.5794 49.225 50.7609 
6.51042 9.82549 0 1.44616 10.7403 
0 2.12245 0 0 0.451236 20.6367 0 
19.2777 7.36763 79.8546 46.8405 
11.6838 11.6838 49.2757 50.7511 
6.42562 9.65079 0 1.46648 10.8364 
0 2.10638 0 0 0.446957 20.3171 0 
19.526 7.33198 79.5336 46.6325 
11.8155 11.8155 49.3852 50.7634 
6.27437 9.53449 0 1.54025 11.0591 
0 2.12076 0 0 0.44368 20.1348 0 
19.6616 7.2806 79.6096 46.5079 
11.8273 11.8273 49.4843 50.6974 
6.16188 9.46424 0 1.5803 11.0746 
0 2.12335 0 0 0.444369 20.0037 0 
308 variables; iteration 310; function evaluation 346; phase 1
Function value   3.2384642e+02; maximum gradient component mag  -8.9970e+01
Var   Value    Gradient   |Var   Value    Gradient   |Var   Value    Gradient
  1 -2.00180   5.1943e-01 |  2  0.18632  -3.7400e-01 |  3  0.19390   3.8206e+00
  4  0.19808   5.3274e-01 |  5  0.19662  -7.7783e-01 |  6  0.19193  -2.6787e+00
  7  0.17820  -2.8232e+00 |  8  0.17370  -3.0359e+00 |  9  0.17280  -1.8481e+00
 10  0.14949   3.9654e-01 | 11  0.12583   4.6173e-01 | 12  0.12714  -1.6828e+00
 13  0.10258  -1.6248e+00 | 14  0.05535  -1.6779e+00 | 15 -1.98968  -2.5577e-01
 16 -0.06304   1.3860e+00 | 17 -0.17064  -4.4917e-02 | 18 -0.23870  -1.7886e-05
 19 -1.06034   2.2967e-03 | 20 -0.34245   1.2567e-03 | 21 -0.43109  -8.8401e-05
 22  0.09648   7.2943e-01 | 23 -0.17825   4.4832e-04 | 24 -2.01194  -6.3149e-02
 25  0.08591  -4.2981e-01 | 26  0.12898   1.2578e+00 | 27  0.15403   6.8354e-01
 28  0.15618   9.4860e-01 | 29  0.15005   1.2354e+00 | 30  0.15141   2.8580e-01
 31  0.15502  -1.3082e+00 | 32  0.14827   1.5084e+00 | 33  0.12761  -2.3074e+00
 34  0.11347   8.2503e-01 | 35  0.12256  -7.8584e-01 | 36  0.11919  -5.0897e-01
 37  0.08787  -1.5444e+00 | 38  0.05277   8.0018e-01 | 39  0.00746  -1.6941e-01
 40 -0.03967  -5.0101e-01 | 41 -1.91036  -4.8775e-01 | 42 -1.84369   2.3055e-02
 43 -0.00448   2.1641e+00 | 44 -0.04515   2.8031e+00 | 45 -0.06938   2.7389e+00
 46 -0.15314   2.0338e+00 | 47 -0.16667   2.2486e+00 | 48 -0.12229   2.7282e+00
 49 -0.09556   1.2307e+00 | 50 -0.06056   1.7207e-01 | 51 -0.04811  -1.5186e+00
 52 -0.00180  -1.4343e+00 | 53  0.02234   1.2300e+00 | 54  0.05497   7.1920e-01
 55 -2.03696  -2.5874e-01 | 56  0.03937  -2.8694e-01 | 57  0.11357  -4.3146e-01
 58 -2.09558   8.1352e-01 | 59  0.05001   8.1307e-01 | 60 -0.09337   1.7340e+00
 61 -0.04901   2.5857e+00 | 62  0.04378   3.1646e+00 | 63 -0.02734   2.1705e+00
 64 -0.02236   3.2205e+00 | 65 -0.04094   2.7970e+00 | 66 -0.03483   2.5475e+00
 67 -0.05971   2.0048e+00 | 68 -0.03821   2.3071e+00 | 69 -0.08378  -2.1960e-01
 70 -0.06833  -3.7837e-01 | 71  0.10582   1.5197e+00 | 72  0.04086  -1.7554e+00
 73 -0.04673  -3.2040e+00 | 74 -0.01390  -4.7630e-01 | 75  0.12129   2.1852e-01
 76  0.11085   2.6636e+00 | 77 -0.01720   1.5103e+00 | 78 -0.05396   1.3972e+00
 79  0.10114   2.9641e+00 | 80  0.31510   1.6781e+00 | 81  1.65722   8.1737e-01
 82 -0.11365   1.0313e+00 | 83 -0.03779   7.5424e-01 | 84  1.99787   8.9821e-01
 85 -0.05169  -1.6630e+00 | 86  0.09881  -1.3074e+00 | 87  0.21272  -2.3798e+00
 88 -0.08223  -7.2588e-01 | 89 -0.20691  -1.0109e+00 | 90 -0.14999  -6.6056e-01
 91 -0.03682   2.2398e-01 | 92 -0.01695  -4.8623e-01 | 93  0.03361  -9.9084e-01
 94  0.16833  -1.1198e+00 | 95  0.02414  -1.9760e+00 | 96  0.00628  -1.9088e+00
 97  0.01536  -1.6515e+00 | 98  0.10697  -1.3751e+00 | 99  0.08175  -2.8233e+00
100  0.09107  -3.3650e+00 |101  0.10059  -3.6501e+00 |102 -0.10103  -1.9987e+00
103 -0.10957  -1.0089e+00 |104  0.04244  -1.9561e+00 |105  0.02713  -9.1156e-01
106 -0.07213  -4.7609e-01 |107 -0.06905  -7.0027e-01 |108  0.08180   7.7217e-01
109  0.09440  -3.2531e-01 |110  0.08303  -1.6021e-01 |111  0.02837   9.8526e-01
112 -0.11344  -3.1181e-01 |113 -0.13154  -5.4706e-01 |114 -0.03444  -1.0305e+00
115  0.10513  -3.0641e+00 |116  0.02172  -2.1564e+00 |117  0.11463  -1.4152e+00
118  0.03929  -2.6012e+00 |119 -0.01225  -1.2976e+00 |120 -0.00130  -1.3872e+00
121  0.10633  -4.0072e+00 |122  0.20938  -1.6794e+00 |123 -1.10246  -9.0995e-01
124  0.10458  -1.3528e+00 |125 -0.00970  -1.1028e+00 |126 -0.16877  -1.0374e+00
127  0.03038  -4.3574e-01 |128 -0.01517  -4.3612e-01 |129  0.04994  -4.3490e-01
130  0.06812  -4.3375e-01 |131 -0.03288  -4.3566e-01 |132 -0.01838  -4.3606e-01
133 -0.02983  -4.3576e-01 |134  0.04893  -4.3495e-01 |135  0.06737  -4.3380e-01
136 -0.06967  -4.3363e-01 |137  0.06938  -4.3365e-01 |138  0.06789  -4.3376e-01
139  0.09476  -4.3142e-01 |140  0.06576  -4.3391e-01 |141 -0.03695  -4.3551e-01
142  0.08889  -4.3199e-01 |143  0.06820  -4.3374e-01 |144  0.07096  -4.3353e-01
145  0.07032  -4.3358e-01 |146  0.07061  -4.3356e-01 |147  0.10116  -4.3075e-01
148 -0.04497  -4.3515e-01 |149 -0.00779  -4.3621e-01 |150 -0.07964  -4.3283e-01
151 -0.06603  -4.3390e-01 |152 -0.32394  -3.8097e-01 |153 -0.19682  -4.1556e-01
154 -0.01320  -4.3615e-01 |155  0.01966  -4.3603e-01 |156  0.03265  -4.3567e-01
157  0.02959  -4.3577e-01 |158 -0.02810  -4.3582e-01 |159  0.07133  -4.3351e-01
160 -0.03837  -4.3545e-01 |161  0.07145  -4.3350e-01 |162 -0.27597  -3.9589e-01
163 -0.04883  -4.3496e-01 |164  0.05720  -4.3448e-01 |165  0.06734  -4.3380e-01
166 -0.15937  -4.2264e-01 |167  0.01062  -4.3618e-01 |168  0.06767  -4.3378e-01
169  0.00780   8.5018e+01 |170  0.01925  -2.1473e+00 |171  0.01316  -7.2761e-01
172  0.03434  -6.1874e-01 |173  0.08598   7.7833e-01 |174  0.04919  -2.1473e+00
175  0.04167   8.1420e-01 |176  0.02469   3.9873e+00 |177  0.03696   8.6628e-01
178  0.10269   1.9509e-01 |179  0.13328   7.1137e+00 |180  0.12594   6.8413e+00
181  0.07192   9.6917e+00 |182 -0.00345  -3.5925e-01 |183 -0.06335   3.6763e-01
184  0.03418   5.8748e+00 |185 -0.90341  -5.6221e-02 |186  0.01854  -4.7456e+00
187 -0.05550  -1.9995e+00 |188 -0.02093  -1.2761e+00 |189  0.03081  -5.3192e-01
190  0.03750  -7.7695e+00 |191  0.04099  -6.2110e+00 |192  0.02645   9.5386e-01
193 -0.00272   3.4255e-02 |194 -0.07645   3.1716e-04 |195  0.00498   1.9545e+00
196  0.06684   8.4410e+00 |197  0.03809   7.0896e+00 |198  0.01158   3.9803e+00
199  0.01445  -7.8042e-01 |200  0.02101  -1.9201e+00 |201  0.02604   4.3722e+00
202  0.12911   2.6391e+00 |203  0.12154  -6.9987e+00 |204  0.10879  -2.9951e-01
205 -0.02676   2.5145e-01 |206 -0.16149  -3.7346e-01 |207 -0.11603   6.3205e+00
208 -0.08744   1.7206e+00 |209 -0.03191  -2.7555e-01 |210  0.06302  -2.6329e+00
211 -0.26251  -2.4762e-01 |212 -0.06022  -1.2501e+01 |213  0.03518  -9.0753e+00
214 -0.03880  -2.3965e-08 |215 -0.62490   1.0662e+00 |216 -0.77254  -2.7968e+00
217  0.01527  -1.5373e+01 |218 -0.16344  -4.1280e-01 |219 -0.24967  -9.8602e-01
220 -0.05155   5.7724e-01 |221  0.03905   1.3407e+00 |222  0.00018   5.5537e-01
223  0.00851  -1.9841e-01 |224 -0.03005  -2.5670e+00 |225 -0.03553  -1.9249e+00
226  0.08899  -1.5510e-01 |227  0.06635  -1.9284e+00 |228  0.19458  -6.5493e-01
229  0.10860   1.7647e+00 |230  0.10077   7.5505e-01 |231  0.05602   7.6870e-01
232  0.06225   6.7175e-01 |233  0.06824   7.5045e-01 |234  0.13090   6.2512e-01
235 -0.12223   8.7262e-02 |236 -0.13105  -1.3360e-01 |237 -0.01355   1.1922e+00
238  0.01580   9.0221e-02 |239 -0.10103   2.2647e-01 |240 -0.15831  -6.7659e-02
241 -0.06758  -1.6630e+00 |242  0.00868  -1.8808e+00 |243  0.04095  -5.1674e-01
244 -0.02286  -1.5252e+00 |245 -0.11850   7.7024e-02 |246 -0.23173  -1.3186e+00
247 -0.09983  -4.3638e-01 |248  0.00500   1.3506e+00 |249  0.04688   4.5608e-01
250  0.08608   5.1449e-01 |251  0.06097   1.5321e+00 |252 -0.01009   2.1479e+00
253  0.00406   7.3440e-01 |254  0.12322  -4.8648e-01 |255  0.19758   2.5862e-01
256  0.23581  -4.9904e-01 |257 -0.14674  -2.6370e-01 |258  0.09644   2.3376e+01
259  0.14923  -8.8399e+00 |260 -0.86784   4.2266e+00 |261 -0.84460  -6.1478e-01
262 -0.79642  -1.5238e+00 |263 -0.68382  -1.7039e+01 |264  0.39185  -2.9197e+01
265 -1.12150   6.7836e+00 |266 -0.08723  -3.5425e+01 |267 -0.05538  -3.5625e+01
268  0.35942  -3.0211e+01 |269  0.74538  -1.3924e+01 |270 -0.41442  -2.8447e+01
271  0.47178  -2.6382e+01 |272  0.80566  -1.0748e+01 |273 -0.48649  -2.5817e+01
274  0.43215  -2.7833e+01 |275  0.50256  -2.5184e+01 |276 -0.28229  -3.2302e+01
277 -0.23205  -3.3411e+01 |278  0.52646  -2.4214e+01 |279 -0.81702  -1.0138e+01
280 -0.59011  -2.1466e+01 |281 -0.06641  -3.5566e+01 |282 -0.06704  -3.5562e+01
283 -0.14853  -3.4791e+01 |284 -0.03084  -3.5718e+01 |285 -0.40402  -2.8797e+01
286 -0.10445  -3.5280e+01 |287  0.99162  -4.7045e-01 |288  0.37693  -2.9673e+01
289  0.21218  -3.3792e+01 |290  0.18654  -3.4236e+01 |291 -0.24259  -3.3195e+01
292 -0.07364  -3.5521e+01 |293 -0.36755  -2.9964e+01 |294  0.21608  -3.3720e+01
295 -0.41170  -2.8539e+01 |296  0.55005  -2.3222e+01 |297 -0.02758  -3.5727e+01
298 -0.56057  -2.2770e+01 |299 -0.43904  -2.7588e+01 |300  0.02825  -3.5725e+01
301  0.62827  -1.9714e+01 |302  0.24460  -3.3153e+01 |303  0.47195   1.2434e+01
304  0.08676   6.6649e-01 |305 -0.90653  -2.5848e+00 |306  0.25384   1.2834e+00
307 -0.88861  -8.9970e+01 |308 -0.51945  -9.2779e+00 |
19.849 7.14226 79.8109 46.5287 
11.7466 11.7466 49.5711 50.5835 
5.99334 9.4545 0 1.62113 10.9636 
0 2.11562 0 0 0.446484 19.7101 0 
19.9304 7.21295 79.8832 46.8275 
11.6662 11.6662 49.5771 50.5767 
5.8343 9.55741 0 1.69624 10.7398 
0 2.11542 0 0 0.444635 19.1924 0 
20.0243 7.19971 79.7015 46.7289 
11.7438 11.7438 49.5196 50.6468 
5.75014 9.6147 0 1.72946 10.7827 
0 2.08314 0 0 0.44451 19.1797 0 
19.9394 7.22976 79.9704 46.7077 
11.7626 11.7626 49.5519 50.7334 
5.67502 9.76707 0 1.77366 10.6736 
0 2.08754 0 0 0.440187 18.7841 0 
19.9469 7.20787 79.9361 46.9017 
11.76 11.76 49.5393 50.7518 
5.66663 9.72545 0 1.75677 10.6267 
0 2.09058 0 0 0.442267 18.6996 0 
19.8867 7.28705 79.8397 46.9797 
11.6833 11.6833 49.4839 50.8015 
5.68454 9.71462 0 1.66755 10.5615 
0 2.09536 0 0 0.446987 18.8265 0 
19.83 7.24475 79.9266 47.0085 
11.6997 11.6997 49.4724 50.8685 
5.74855 9.67722 0 1.64477 10.4953 
0 2.0947 0 0 0.44749 18.7357 0 
19.8026 7.29782 79.9182 47.0161 
11.5903 11.5903 49.483 50.8329 
5.77803 9.68811 0 1.60086 10.5385 
0 2.06458 0 0 0.447488 18.7609 0 
19.6969 7.25431 80.0408 46.8049 
11.6792 11.6792 49.5465 50.8314 
5.82136 9.61485 0 1.55006 10.6453 
0 2.05734 0 0 0.44561 18.8054 0 
19.7287 7.2237 79.944 46.7057 
11.6559 11.6559 49.5358 50.8691 
5.83033 9.643 0 1.55912 10.6881 
0 2.06632 0 0 0.444032 18.8627 0 
308 variables; iteration 320; function evaluation 356; phase 1
Function value   3.2278671e+02; maximum gradient component mag   4.8416e+01
Var   Value    Gradient   |Var   Value    Gradient   |Var   Value    Gradient
  1 -2.02041   4.6319e-01 |  2  0.18692   2.5695e-01 |  3  0.19079  -1.2830e-01
  4  0.19798   5.7028e-01 |  5  0.19621   3.1523e-01 |  6  0.19252   1.2265e+00
  7  0.17884   2.1965e-01 |  8  0.17411  -1.2575e+00 |  9  0.17316  -3.1941e-01
 10  0.14896  -8.0563e-01 | 11  0.12531  -2.7383e-01 | 12  0.12729  -1.2484e-01
 13  0.10291  -4.3422e-01 | 14  0.05607  -1.0261e+00 | 15 -1.98871   4.5209e-03
 16 -0.08017   5.5382e-01 | 17 -0.16823  -5.4284e-02 | 18 -0.23492  -8.6987e-05
 19 -1.06924   2.6342e-03 | 20 -0.37424  -2.7589e-03 | 21 -0.35897   2.1704e-03
 22  0.09395  -7.3027e-03 | 23 -0.17967  -2.0239e-04 | 24 -2.00996  -3.7043e-02
 25  0.08647   2.9579e-01 | 26  0.12725  -1.0261e-01 | 27  0.15374   8.0949e-02
 28  0.15599  -2.1686e-01 | 29  0.15020   2.6397e-02 | 30  0.15138  -1.1816e+00
 31  0.15611  -4.6747e-01 | 32  0.14826  -9.6649e-03 | 33  0.12980   1.2933e-01
 34  0.11327   9.7867e-02 | 35  0.12306  -6.5457e-01 | 36  0.12010   7.6994e-01
 37  0.08938   9.5558e-01 | 38  0.05257   1.2017e-01 | 39  0.00780  -4.4093e-02
 40 -0.03761   2.3728e-02 | 41 -1.90567   3.0364e-03 | 42 -1.84893  -8.3699e-02
 43 -0.00105   1.5802e+00 | 44 -0.05343   1.3460e+00 | 45 -0.08083   1.1107e+00
 46 -0.15902   1.0609e+00 | 47 -0.17646   9.1567e-01 | 48 -0.13743   1.0308e+00
 49 -0.10241   8.1084e-01 | 50 -0.05773   9.3262e-01 | 51 -0.01931   9.4933e-01
 52  0.01737   5.2292e-01 | 53  0.00421   7.4896e-01 | 54  0.04114   3.3868e-01
 55 -2.00668   1.1762e+00 | 56  0.04710   5.7088e-01 | 57  0.11115   2.7849e-01
 58 -2.08602   8.3663e-01 | 59  0.04682   5.0476e-01 | 60 -0.09559   8.9543e-01
 61 -0.06194   5.1998e-01 | 62  0.03269   7.0309e-01 | 63 -0.02722   7.6510e-01
 64 -0.02749   1.2257e+00 | 65 -0.04424   1.3256e+00 | 66 -0.03337   1.8101e+00
 67 -0.06405   1.1470e+00 | 68 -0.04459   1.4879e+00 | 69 -0.06281   1.3964e+00
 70 -0.05572   9.3038e-01 | 71  0.05614   7.4745e-01 | 72  0.04681   4.8393e-01
 73  0.01203   1.0425e+00 | 74  0.00380   1.2168e+00 | 75  0.11159   1.5761e+00
 76  0.07879   6.5289e-01 | 77 -0.01245   8.8264e-01 | 78 -0.04522   1.2517e+00
 79  0.08218  -7.2589e-02 | 80  0.32060  -6.1170e-01 | 81  1.56674   9.4337e-01
 82 -0.11211   1.2023e+00 | 83 -0.02755   1.3174e+00 | 84  1.99384   1.0120e+00
 85 -0.02807  -2.0570e-01 | 86  0.09807  -1.6156e-01 | 87  0.21564  -5.7328e-01
 88 -0.08552  -5.1726e-01 | 89 -0.20269  -3.0878e-01 | 90 -0.14727  -3.4871e-01
 91 -0.04064  -4.2219e-01 | 92 -0.01283  -2.9880e-01 | 93  0.03838  -5.7333e-01
 94  0.16219  -8.5626e-01 | 95  0.01191  -7.0894e-01 | 96 -0.00438  -5.6963e-01
 97  0.01508  -6.6592e-01 | 98  0.10420  -8.3593e-01 | 99  0.08534  -8.7545e-01
100  0.09321  -7.8413e-01 |101  0.10553  -1.1878e+00 |102 -0.09354  -5.5269e-01
103 -0.11147  -3.1173e-01 |104  0.05385  -5.0912e-01 |105  0.02451  -5.1784e-01
106 -0.07952  -6.0484e-01 |107 -0.06347  -4.5201e-01 |108  0.08370  -3.9666e-01
109  0.09959  -4.1162e-01 |110  0.08709  -9.7423e-02 |111  0.01257  -7.3385e-03
112 -0.12512  -2.8490e-01 |113 -0.13811  -1.4643e-01 |114 -0.03987  -5.1233e-01
115  0.11819  -4.0079e-01 |116  0.02679  -4.8333e-01 |117  0.08983  -9.9382e-01
118  0.04171  -5.8224e-01 |119 -0.01600  -3.3383e-01 |120 -0.00062  -2.5776e-01
121  0.13460   2.6482e-01 |122  0.20189  -8.1630e-01 |123 -1.03560  -3.5494e-01
124  0.10673  -7.6977e-01 |125 -0.01289  -3.8911e-01 |126 -0.16915  -3.7418e-01
127  0.02697   2.3957e-03 |128 -0.02471   2.3960e-03 |129  0.05854   2.3878e-03
130  0.03995   2.3932e-03 |131 -0.04020   2.3930e-03 |132 -0.02780   2.3956e-03
133 -0.03782   2.3936e-03 |134  0.04644   2.3915e-03 |135  0.04234   2.3926e-03
136 -0.05721   2.3881e-03 |137  0.04236   2.3926e-03 |138  0.04026   2.3931e-03
139  0.03945   2.3933e-03 |140  0.04794   2.3911e-03 |141 -0.04317   2.3923e-03
142  0.08137   2.3783e-03 |143  0.03993   2.3932e-03 |144  0.05017   2.3904e-03
145  0.04634   2.3915e-03 |146  0.06426   2.3857e-03 |147  0.03396   2.3945e-03
148 -0.05004   2.3904e-03 |149 -0.02249   2.3963e-03 |150 -0.05780   2.3879e-03
151 -0.05656   2.3884e-03 |152 -0.17846   2.3041e-03 |153 -0.24344   2.2245e-03
154 -0.02277   2.3963e-03 |155  0.01418   2.3973e-03 |156  0.02963   2.3953e-03
157  0.02605   2.3959e-03 |158 -0.03984   2.3931e-03 |159  0.06043   2.3871e-03
160 -0.04414   2.3921e-03 |161  0.05855   2.3878e-03 |162  0.24978   2.2158e-03
163 -0.05180   2.3899e-03 |164  0.05159   2.3900e-03 |165  0.04250   2.3925e-03
166 -0.29040   2.1525e-03 |167  0.00341   2.3978e-03 |168  0.04099   2.3929e-03
169  0.00630   4.8416e+01 |170  0.02066   7.6556e-01 |171  0.01339  -3.9041e-01
172  0.03595  -9.9373e-01 |173  0.08741   1.2160e+00 |174  0.05143   1.2063e+00
175  0.04409  -8.7131e-01 |176  0.02616   5.6606e-01 |177  0.03938  -3.6035e-01
178  0.10433   5.2015e-01 |179  0.13017  -1.9344e-01 |180  0.12330   4.6136e+00
181  0.06738   3.0261e+00 |182 -0.00194  -1.0731e+00 |183 -0.06286  -2.4863e-01
184  0.03373   1.1816e+00 |185 -0.89612  -1.1441e-01 |186  0.01922   8.6037e-01
187 -0.05345   1.4738e+00 |188 -0.02060  -7.0345e-01 |189  0.03182  -8.6330e-01
190  0.03970  -1.8495e+00 |191  0.04271  -1.2602e+00 |192  0.02798  -6.7367e-01
193 -0.00249  -1.0650e+00 |194 -0.07572  -7.8396e-01 |195  0.00603  -6.0003e-02
196  0.06636   1.8543e+00 |197  0.03427   7.4203e-01 |198  0.01339  -8.4931e-02
199  0.01903  -8.2796e-01 |200  0.02400  -1.4410e-01 |201  0.02087  -2.4542e+00
202  0.12653   2.2219e-01 |203  0.12328   1.8617e+00 |204  0.11065   6.1137e-01
205 -0.03897  -6.5777e-01 |206 -0.11032  -1.5571e-01 |207 -0.13760  -1.8132e+00
208 -0.08398  -9.8741e-01 |209 -0.03148  -9.2147e-01 |210  0.06697  -5.2521e-01
211 -0.31201  -5.3075e-01 |212 -0.06002  -1.0280e+01 |213  0.03400  -6.6999e+00
214 -0.03880  -2.3964e-08 |215 -0.63148   5.8872e-01 |216 -0.77992  -1.2572e+00
217  0.01848   3.4101e+00 |218 -0.16284  -3.8504e-02 |219 -0.24847  -6.5600e-01
220 -0.05260   8.2945e-02 |221  0.03671  -2.3587e-01 |222 -0.00031  -5.0887e-02
223  0.00928  -1.6832e-01 |224 -0.02772   3.9167e-02 |225 -0.03397  -1.0160e-01
226  0.09067  -2.3612e-01 |227  0.07167  -2.2500e-01 |228  0.19667  -2.3593e-01
229  0.10482   3.7842e-02 |230  0.09816  -1.3169e-01 |231  0.05144   1.4893e-01
232  0.05962   4.2458e-01 |233  0.06599  -9.4253e-02 |234  0.13054  -3.6467e-01
235 -0.11995   4.1314e-01 |236 -0.12984  -6.5938e-02 |237 -0.01078  -2.1303e-01
238  0.01993  -2.0683e-01 |239 -0.10146  -1.1211e-01 |240 -0.15974   2.9445e-01
241 -0.06642  -1.8556e-02 |242  0.01444   3.5838e-02 |243  0.04510  -1.6315e-01
244 -0.02347  -5.9164e-01 |245 -0.12212  -2.8414e-01 |246 -0.23196  -1.3069e-01
247 -0.10318  -7.5635e-02 |248  0.00277  -3.3677e-01 |249  0.05352   1.4143e-03
250  0.08412  -2.4969e-02 |251  0.05434  -2.5912e-01 |252 -0.01741  -1.2187e-01
253 -0.00478  -8.3894e-02 |254  0.13594  -2.3210e-02 |255  0.19954  -3.0727e-01
256  0.23390  -3.5640e-01 |257 -0.14624   4.4795e-01 |258  0.09617  -1.4072e+00
259  0.14966   4.8740e+00 |260 -0.86802  -2.1808e+00 |261 -0.84461  -3.1853e+00
262 -0.80940   3.0472e-01 |263 -0.71795  -2.1821e+00 |264  0.35521  -4.3181e+00
265 -1.15169   1.2014e+00 |266 -0.10647  -5.0191e+00 |267 -0.07055  -5.0589e+00
268  0.39662  -4.1338e+00 |269  0.74784  -1.9639e+00 |270 -0.40822  -4.0790e+00
271  0.50156  -3.5904e+00 |272  0.85598  -1.1417e+00 |273 -0.52062  -3.4808e+00
274  0.44577  -3.8925e+00 |275  0.48900  -3.6609e+00 |276 -0.25565  -4.6852e+00
277 -0.25953  -4.6730e+00 |278  0.53696  -3.3844e+00 |279 -0.86739  -1.0526e+00
280 -0.62978  -2.7961e+00 |281 -0.07597  -5.0539e+00 |282 -0.02938  -5.0847e+00
283 -0.17711  -4.8944e+00 |284 -0.00268  -5.0901e+00 |285 -0.36636  -4.2703e+00
286 -0.09408  -5.0346e+00 |287  1.03523   2.8154e-01 |288  0.42655  -3.9897e+00
289  0.22597  -4.7728e+00 |290  0.23510  -4.7469e+00 |291 -0.22789  -4.7675e+00
292 -0.06548  -5.0632e+00 |293 -0.37998  -4.2100e+00 |294  0.18360  -4.8799e+00
295 -0.40156  -4.1107e+00 |296  0.56483  -3.2147e+00 |297 -0.06759  -5.0615e+00
298 -0.56024  -3.2431e+00 |299 -0.45508  -3.8441e+00 |300 -0.01222  -5.0892e+00
301  0.63332  -2.7724e+00 |302  0.22199  -4.7838e+00 |303  0.47193   5.8050e-01
304  0.08747  -7.6780e-01 |305 -0.90667   7.0983e-01 |306  0.25152  -6.8306e-01
307 -0.88403   6.6389e+00 |308 -0.52709  -3.9338e+00 |
19.7473 7.18271 79.6874 46.6576 
11.6407 11.6407 49.5089 50.8826 
5.84916 9.68593 0 1.56006 10.7626 
0 2.06003 0 0 0.443528 19.0254 0 
19.7039 7.16878 79.7951 46.6533 
11.6553 11.6553 49.5257 50.8844 
5.84771 9.66733 0 1.55579 10.7647 
0 2.05653 0 0 0.444221 18.9714 0 
19.7185 7.16986 79.8294 46.7052 
11.6007 11.6007 49.5508 50.8778 
5.85024 9.69997 0 1.52262 10.678 
0 2.06271 0 0 0.444646 18.9672 0 
19.691 7.16857 79.8056 46.7194 
11.612 11.612 49.5508 50.8774 
5.86151 9.69979 0 1.51399 10.7007 
0 2.05925 0 0 0.445168 18.9739 0 
19.6577 7.16798 79.8068 46.7244 
11.5826 11.5826 49.5517 50.8786 
5.88083 9.71717 0 1.49501 10.7245 
0 2.0537 0 0 0.445142 18.9883 0 
19.6518 7.18145 79.7392 46.7121 
11.5798 11.5798 49.553 50.8649 
5.90756 9.72019 0 1.47433 10.7358 
0 2.04817 0 0 0.44533 19.0525 0 
19.6254 7.20968 79.7791 46.7631 
11.5042 11.5042 49.5788 50.8447 
5.93668 9.76899 0 1.43888 10.7461 
0 2.04483 0 0 0.444524 18.9741 0 
19.6666 7.21494 79.8027 46.7243 
11.4946 11.4946 49.5785 50.8311 
5.95766 9.76105 0 1.44135 10.7173 
0 2.04455 0 0 0.443531 18.9676 0 
19.7369 7.24945 79.834 46.7134 
11.5219 11.5219 49.6211 50.7975 
5.95626 9.72592 0 1.44466 10.6566 
0 2.05365 0 0 0.443398 18.851 0 
19.7891 7.22855 79.9839 46.7109 
11.5253 11.5253 49.6391 50.7769 
5.96258 9.73892 0 1.45751 10.5972 
0 2.05828 0 0 0.442242 18.6694 0 
308 variables; iteration 330; function evaluation 366; phase 1
Function value   3.2258993e+02; maximum gradient component mag   1.3019e+01
Var   Value    Gradient   |Var   Value    Gradient   |Var   Value    Gradient
  1 -2.03818   3.7921e-01 |  2  0.18541  -1.1253e+00 |  3  0.19097  -5.2141e-02
  4  0.19706  -7.6780e-01 |  5  0.19599   7.6181e-01 |  6  0.19230   1.8494e+00
  7  0.17803  -9.4693e-01 |  8  0.17431   1.5501e-02 |  9  0.17274  -2.6436e-01
 10  0.14904   6.6167e-02 | 11  0.12546   2.6223e-01 | 12  0.12705  -2.3951e-02
 13  0.10395   1.4784e+00 | 14  0.05800   4.3588e-01 | 15 -1.98579   5.7151e-01
 16 -0.10090  -9.3173e-02 | 17 -0.16157  -4.0679e-02 | 18 -0.22896   1.1844e-03
 19 -1.08486   3.2247e-03 | 20 -0.37236  -2.7723e-03 | 21 -0.38250   1.1510e-03
 22  0.09339  -2.5483e-02 | 23 -0.18048  -3.6903e-04 | 24 -2.00733   5.2997e-02
 25  0.08532  -2.4739e-02 | 26  0.12675  -2.7115e-01 | 27  0.15328  -3.8124e-01
 28  0.15565  -5.9851e-01 | 29  0.14994   4.2820e-02 | 30  0.15138  -7.6052e-01
 31  0.15610  -2.5393e-01 | 32  0.14816   2.6530e-01 | 33  0.12949   1.1228e-02
 34  0.11299   1.1997e-01 | 35  0.12297   1.1230e-01 | 36  0.11998  -4.3437e-01
 37  0.08983   6.6976e-01 | 38  0.05273  -4.9279e-02 | 39  0.00806   5.7072e-02
 40 -0.03724   1.1778e-01 | 41 -1.90669  -3.6844e-02 | 42 -1.85053  -9.0604e-02
 43 -0.00515   9.7128e-01 | 44 -0.06017   6.0349e-01 | 45 -0.08354   6.7511e-01
 46 -0.16108   6.5943e-01 | 47 -0.17845   5.3976e-01 | 48 -0.13913   7.1175e-01
 49 -0.10523   4.8539e-01 | 50 -0.06149   7.0616e-01 | 51 -0.02235   8.5335e-01
 52  0.02663   1.3389e+00 | 53  0.00150   7.8713e-01 | 54  0.03806   1.0863e+00
 55 -1.99364   9.5875e-01 | 56  0.04314   1.3878e+00 | 57  0.11028   1.6001e+00
 58 -2.07824   2.6842e-01 | 59  0.05097   1.4698e+00 | 60 -0.09771   8.5923e-01
 61 -0.05721   1.1395e+00 | 62  0.03240   1.0943e+00 | 63 -0.02944   6.0151e-01
 64 -0.02904   8.6912e-01 | 65 -0.04926   4.7056e-01 | 66 -0.04644   1.9396e-01
 67 -0.06378   6.0720e-01 | 68 -0.04616   8.0615e-01 | 69 -0.06481   8.7810e-01
 70 -0.05518   8.4336e-01 | 71  0.04515   2.2328e-01 | 72  0.05254   8.0507e-01
 73  0.00994   7.1838e-01 | 74 -0.00300   2.9357e-01 | 75  0.10058  -2.3982e-01
 76  0.09286   7.6606e-01 | 77 -0.01766   4.6798e-01 | 78 -0.05864   2.2424e-01
 79  0.09180   9.0034e-01 | 80  0.31578   1.2191e-01 | 81  1.44094   9.5444e-01
 82 -0.11690   5.0133e-01 | 83 -0.03394   5.6682e-01 | 84  1.97924   6.9811e-01
 85 -0.03036   3.9932e-01 | 86  0.09740   2.6684e-01 | 87  0.21590   1.2540e-01
 88 -0.08310   3.2411e-01 | 89 -0.20107   4.2589e-01 | 90 -0.14685   3.3561e-01
 91 -0.04083   3.2089e-01 | 92 -0.01409   3.3588e-01 | 93  0.04168   3.6983e-01
 94  0.16159   2.2294e-01 | 95  0.00978   3.0739e-01 | 96 -0.01033   3.0516e-01
 97  0.01352   3.1101e-01 | 98  0.10347   2.9649e-01 | 99  0.08504   3.4014e-01
100  0.09592   7.9618e-01 |101  0.10755   8.2852e-01 |102 -0.09178   5.6947e-01
103 -0.11450   3.3414e-01 |104  0.05093   5.0868e-01 |105  0.02430   4.4511e-01
106 -0.07789   3.3372e-01 |107 -0.06598   3.0744e-01 |108  0.08066   3.6060e-01
109  0.10223   3.4613e-01 |110  0.08785   4.4953e-01 |111  0.01314   6.2877e-01
112 -0.12512   2.7622e-01 |113 -0.13714   4.2064e-01 |114 -0.03817   1.4896e-01
115  0.11783   4.6659e-01 |116  0.02694   5.1443e-01 |117  0.09272   1.5880e-02
118  0.04532   5.0400e-02 |119 -0.01679  -1.6952e-02 |120  0.00081   1.0655e-01
121  0.12745  -6.1352e-01 |122  0.20427  -2.9656e-01 |123 -0.95590   4.8360e-01
124  0.10742   3.1320e-01 |125 -0.01162   2.9314e-01 |126 -0.16716   3.1221e-01
127  0.02370   4.0485e-03 |128 -0.03116   4.0465e-03 |129  0.06113   4.0327e-03
130  0.04157   4.0427e-03 |131 -0.04683   4.0403e-03 |132 -0.03441   4.0454e-03
133 -0.04456   4.0414e-03 |134  0.04319   4.0420e-03 |135  0.04324   4.0420e-03
136 -0.05592   4.0357e-03 |137  0.04496   4.0413e-03 |138  0.04167   4.0427e-03
139  0.04249   4.0423e-03 |140  0.04767   4.0400e-03 |141 -0.04955   4.0390e-03
142  0.07522   4.0231e-03 |143  0.04162   4.0427e-03 |144  0.05355   4.0370e-03
145  0.04948   4.0391e-03 |146  0.06643   4.0293e-03 |147  0.03940   4.0436e-03
148 -0.05604   4.0356e-03 |149 -0.03135   4.0464e-03 |150 -0.05206   4.0378e-03
151 -0.05665   4.0353e-03 |152 -0.11871   3.9810e-03 |153 -0.23508   3.7781e-03
154 -0.02911   4.0471e-03 |155  0.01046   4.0508e-03 |156  0.02639   4.0479e-03
157  0.02276   4.0488e-03 |158 -0.04828   4.0397e-03 |159  0.06328   4.0314e-03
160 -0.05040   4.0386e-03 |161  0.06162   4.0324e-03 |162  0.27041   3.6915e-03
163 -0.05693   4.0351e-03 |164  0.04882   4.0395e-03 |165  0.04336   4.0420e-03
166 -0.31693   3.5594e-03 |167 -0.00096   4.0513e-03 |168  0.04217   4.0425e-03
169  0.00637  -5.2573e+00 |170  0.01963   1.1055e+00 |171  0.01300   1.1816e+00
172  0.03551   4.7254e-01 |173  0.08689   1.1463e+00 |174  0.05055   1.2746e+00
175  0.04432  -4.1876e-01 |176  0.02380  -1.3142e+00 |177  0.03990   8.9693e-01
178  0.10375   6.5989e-01 |179  0.12889  -6.1747e-01 |180  0.12111  -3.1372e-01
181  0.06313  -6.1769e+00 |182 -0.00180  -5.2517e-01 |183 -0.06479   7.0370e-01
184  0.03307   1.6023e+00 |185 -0.89186   4.0496e-02 |186  0.01912  -1.8914e+00
187 -0.05506   4.4376e-01 |188 -0.02069   3.3316e-01 |189  0.03080   9.4303e-01
190  0.03889   2.3454e-01 |191  0.04118  -1.6903e-01 |192  0.02732   2.9322e+00
193 -0.00378  -3.5384e-01 |194 -0.07530   2.6405e-01 |195  0.00525   3.5027e-01
196  0.06524  -5.3120e-01 |197  0.03280   4.0397e-01 |198  0.01281   8.6410e-01
199  0.01898   9.3374e-01 |200  0.02200   5.0050e-01 |201  0.02268   2.9899e+00
202  0.12687   1.7057e+00 |203  0.12281  -1.1293e+00 |204  0.10898   3.4797e-01
205 -0.03243   3.6596e-01 |206 -0.13807  -1.6449e-01 |207 -0.12723   1.5545e+00
208 -0.08549   4.0195e-01 |209 -0.03183  -4.0400e-02 |210  0.06625   1.3589e-01
211 -0.26676   3.1366e-01 |212 -0.05909   2.4113e+00 |213  0.03372  -1.1000e+00
214 -0.03880  -2.3963e-08 |215 -0.63175   2.7601e-01 |216 -0.77976   9.3418e-01
217  0.01671  -1.9123e-01 |218 -0.16350  -4.6258e-01 |219 -0.24904  -3.9479e-01
220 -0.05377  -3.4605e-01 |221  0.03627  -2.3091e-01 |222 -0.00085  -4.9899e-01
223  0.00891  -6.2478e-01 |224 -0.02775  -2.4931e-01 |225 -0.03411  -2.4253e-01
226  0.09122  -2.9914e-01 |227  0.07290  -8.3735e-02 |228  0.19690  -3.4748e-01
229  0.10432  -2.9865e-01 |230  0.09728  -5.0990e-01 |231  0.05021  -3.1364e-01
232  0.05738  -4.0458e-01 |233  0.06572  -2.3214e-01 |234  0.13177  -1.1417e-01
235 -0.11854  -4.8722e-01 |236 -0.12876  -6.1096e-01 |237 -0.01111  -4.9211e-01
238  0.01880  -4.5724e-01 |239 -0.10101  -4.8715e-01 |240 -0.15914  -4.9006e-01
241 -0.06707  -4.6166e-01 |242  0.01332  -2.3237e-01 |243  0.04505  -1.5040e-01
244 -0.02341  -5.9984e-01 |245 -0.12188  -3.9713e-01 |246 -0.23097   1.0606e-02
247 -0.10217  -6.3355e-02 |248  0.00336  -2.2628e-01 |249  0.05368  -1.6904e-01
250  0.08462  -4.3718e-01 |251  0.05541  -5.3280e-01 |252 -0.01614  -9.5193e-02
253 -0.00272  -1.1202e-01 |254  0.13213  -2.2886e-02 |255  0.19952  -2.0445e-01
256  0.23527  -3.4325e-01 |257 -0.14638  -2.9740e-01 |258  0.09615  -4.6846e+00
259  0.14966   3.9002e+00 |260 -0.86801   1.9005e+00 |261 -0.84459  -2.9277e+00
262 -0.79789   2.6502e-01 |263 -0.71557   2.3813e-01 |264  0.35507   4.6763e-01
265 -1.15305  -1.3123e-01 |266 -0.10488   5.4369e-01 |267 -0.07596   5.4724e-01
268  0.39644   4.4770e-01 |269  0.74639   2.1380e-01 |270 -0.41600   4.3761e-01
271  0.49299   3.9399e-01 |272  0.86022   1.2004e-01 |273 -0.52016   3.7719e-01
274  0.45526   4.1613e-01 |275  0.48307   3.9995e-01 |276 -0.25911   5.0613e-01
277 -0.25483   5.0759e-01 |278  0.54148   3.6352e-01 |279 -0.87710   1.0574e-01
280 -0.63040   3.0231e-01 |281 -0.08041   5.4677e-01 |282 -0.03077   5.5051e-01
283 -0.18877   5.2710e-01 |284 -0.01190   5.5106e-01 |285 -0.36568   4.6270e-01
286 -0.09375   5.4519e-01 |287  1.03298  -2.8538e-02 |288  0.43006   4.3011e-01
289  0.23760   5.1321e-01 |290  0.24117   5.1208e-01 |291 -0.21569   5.1982e-01
292 -0.06755   5.4806e-01 |293 -0.37279   4.5933e-01 |294  0.17960   5.2937e-01
295 -0.39718   4.4733e-01 |296  0.56233   3.4976e-01 |297 -0.06559   5.4823e-01
298 -0.55464   3.5488e-01 |299 -0.45340   4.1718e-01 |300 -0.01885   5.5091e-01
301  0.63958   2.9563e-01 |302  0.22034   5.1847e-01 |303  0.47191  -1.8587e+00
304  0.08599  -1.4449e-01 |305 -0.90660   5.0194e-01 |306  0.25178  -2.1013e+00
307 -0.88391   1.3019e+01 |308 -0.52774  -9.8772e-02 |
19.8631 7.23689 79.9774 46.7254 
11.5653 11.5653 49.6886 50.7564 
5.95354 9.72794 0 1.45294 10.5465 
0 2.05968 0 0 0.442993 18.5652 0 
19.8738 7.20764 80.0494 46.7406 
11.598 11.598 49.7139 50.7397 
5.95725 9.72925 0 1.4541 10.5494 
0 2.06338 0 0 0.443305 18.409 0 
19.9183 7.18899 79.9933 46.7679 
11.5756 11.5756 49.7181 50.7358 
5.96915 9.77393 0 1.44406 10.5503 
0 2.05919 0 0 0.443779 18.3736 0 
19.8681 7.1806 79.986 46.7823 
11.5749 11.5749 49.6912 50.7434 
5.99841 9.75975 0 1.44869 10.6383 
0 2.05885 0 0 0.444826 18.3072 0 
19.8898 7.13702 79.97 46.778 
11.4517 11.4517 49.6567 50.7435 
6.04825 9.81069 0 1.43472 10.6694 
0 2.06832 0 0 0.445329 18.3289 0 
19.8755 7.16256 79.8428 46.7606 
11.4286 11.4286 49.594 50.7513 
6.08696 9.78604 0 1.46306 10.7121 
0 2.07163 0 0 0.445614 18.4094 0 
19.8384 7.14239 79.9555 46.773 
11.4402 11.4402 49.5735 50.7575 
6.11221 9.75631 0 1.45779 10.7385 
0 2.07073 0 0 0.446165 18.3131 0 
19.8485 7.12667 80.0282 46.7325 
11.4285 11.4285 49.5684 50.7609 
6.14373 9.7287 0 1.43683 10.7286 
0 2.08113 0 0 0.446356 18.265 0 
19.8853 7.08637 80.0901 46.672 
11.4733 11.4733 49.5573 50.7554 
6.15041 9.6906 0 1.40512 10.6794 
0 2.08853 0 0 0.446695 18.2819 0 
19.8592 7.103 80.0656 46.6837 
11.5016 11.5016 49.5509 50.7677 
6.1502 9.68933 0 1.39966 10.6872 
0 2.08427 0 0 0.44648 18.2791 0 
308 variables; iteration 340; function evaluation 376; phase 1
Function value   3.2231529e+02; maximum gradient component mag  -2.5020e+01
Var   Value    Gradient   |Var   Value    Gradient   |Var   Value    Gradient
  1 -2.06418   5.1400e-02 |  2  0.18580   8.6675e-01 |  3  0.18969  -9.9536e-02
  4  0.19746   1.6648e+00 |  5  0.19531   5.2777e-02 |  6  0.19190   7.5673e-01
  7  0.17764  -1.7117e+00 |  8  0.17414  -3.3654e-01 |  9  0.17252  -8.5088e-01
 10  0.14887  -2.3404e-01 | 11  0.12570   6.1553e-01 | 12  0.12692   2.3752e-02
 13  0.10335   8.8409e-01 | 14  0.05703   2.5913e-01 | 15 -1.99242  -4.6665e-01
 16 -0.12484  -4.5915e-01 | 17 -0.16807  -7.9806e-02 | 18 -0.22795   7.6481e-04
 19 -1.13539   5.1203e-03 | 20 -0.36332  -2.5412e-03 | 21 -0.42057   6.1896e-05
 22  0.09281   1.5468e-02 | 23 -0.18117  -3.6857e-04 | 24 -2.00575   9.0600e-02
 25  0.08553   1.4792e-01 | 26  0.12701   1.6594e-01 | 27  0.15331   1.8047e-01
 28  0.15533  -6.9255e-01 | 29  0.14985   5.5871e-02 | 30  0.15122  -7.0164e-01
 31  0.15594  -1.4893e-01 | 32  0.14782  -6.6581e-02 | 33  0.12954   1.7796e-01
 34  0.11291  -2.0651e-01 | 35  0.12299  -2.9676e-01 | 36  0.11968   1.7273e-01
 37  0.08950   9.0087e-02 | 38  0.05200  -3.1281e-01 | 39  0.00734   4.6722e-02
 40 -0.03835   6.2169e-03 | 41 -1.90511  -2.5386e-02 | 42 -1.84695  -5.9863e-03
 43 -0.00912  -7.5649e-01 | 44 -0.06223  -9.2051e-01 | 45 -0.08866  -1.0943e+00
 46 -0.16531  -1.0426e+00 | 47 -0.18180  -1.0252e+00 | 48 -0.14548  -1.1319e+00
 49 -0.10622  -9.2372e-01 | 50 -0.06372  -9.3011e-01 | 51 -0.02452  -8.4886e-01
 52  0.01411  -1.1491e+00 | 53 -0.00384  -1.1173e+00 | 54  0.02988  -7.6888e-01
 55 -2.01201   1.0637e+00 | 56  0.03852   4.6329e-02 | 57  0.10830   1.1761e+00
 58 -2.07656   5.7566e-01 | 59  0.05288   9.8684e-01 | 60 -0.10370  -9.0631e-01
 61 -0.06397  -8.0353e-01 | 62  0.02955  -7.5381e-01 | 63 -0.03159  -1.2255e+00
 64 -0.04103  -1.6239e+00 | 65 -0.04988  -9.4502e-01 | 66 -0.03843  -4.5987e-01
 67 -0.06472  -7.3915e-01 | 68 -0.05110  -8.5275e-01 | 69 -0.07526  -1.4078e+00
 70 -0.06211  -1.4683e+00 | 71  0.05465  -1.6584e+00 | 72  0.04448  -2.1476e+00
 73 -0.00342  -2.2740e+00 | 74 -0.00570  -1.7101e+00 | 75  0.10409  -1.6241e+00
 76  0.08182  -1.2342e+00 | 77 -0.02164  -1.3134e+00 | 78 -0.05791  -1.2131e+00
 79  0.08576  -1.1332e+00 | 80  0.31612  -1.2403e+00 | 81  1.21508   9.8392e-01
 82 -0.12169  -1.2261e+00 | 83 -0.03848  -1.1254e+00 | 84  1.96405   1.5518e+00
 85 -0.03338   4.1269e-01 | 86  0.09834   5.5800e-01 | 87  0.21754   6.4520e-01
 88 -0.08277   2.7095e-01 | 89 -0.20222   3.4563e-01 | 90 -0.14816   3.5241e-01
 91 -0.04285   3.8226e-01 | 92 -0.01483   4.7712e-01 | 93  0.04175   6.0892e-01
 94  0.16189   5.7776e-01 | 95  0.00963   1.6822e-01 | 96 -0.00490   3.4461e-01
 97  0.01665   4.4404e-01 | 98  0.10298   4.1913e-01 | 99  0.08342   1.4613e-01
100  0.09397   6.1931e-01 |101  0.10599   1.2574e+00 |102 -0.09144   9.8658e-01
103 -0.11374   6.7855e-01 |104  0.05618   1.4197e+00 |105  0.02394   8.7949e-01
106 -0.07984   3.5173e-01 |107 -0.06418   2.7275e-01 |108  0.08373   1.3185e-01
109  0.09899   5.8495e-02 |110  0.08527   3.5861e-01 |111  0.01352   6.7063e-01
112 -0.12508   3.6651e-01 |113 -0.13951   3.2373e-01 |114 -0.03830   1.6871e-01
115  0.11518  -1.2632e-01 |116  0.02451  -2.7754e-02 |117  0.09755  -3.5293e-03
118  0.04472   2.3921e-02 |119 -0.01615   1.2038e-01 |120  0.00053   2.9832e-01
121  0.13069   3.5661e-01 |122  0.20285   2.9678e-01 |123 -0.95850   4.5892e-01
124  0.10852   5.2545e-01 |125 -0.01368   3.2267e-01 |126 -0.16605   4.3348e-01
127  0.01664  -2.8239e-03 |128 -0.04226  -2.8186e-03 |129  0.06039  -2.8121e-03
130  0.05128  -2.8156e-03 |131 -0.05744  -2.8134e-03 |132 -0.04558  -2.8176e-03
133 -0.05542  -2.8142e-03 |134  0.03796  -2.8198e-03 |135  0.05111  -2.8157e-03
136 -0.05667  -2.8137e-03 |137  0.05593  -2.8139e-03 |138  0.05092  -2.8158e-03
139  0.06039  -2.8121e-03 |140  0.05207  -2.8154e-03 |141 -0.05969  -2.8125e-03
142  0.06942  -2.8080e-03 |143  0.05147  -2.8156e-03 |144  0.06432  -2.8104e-03
145  0.06061  -2.8120e-03 |146  0.07202  -2.8067e-03 |147  0.06405  -2.8105e-03
148 -0.06805  -2.8088e-03 |149 -0.04863  -2.8166e-03 |150 -0.04787  -2.8169e-03
151 -0.05896  -2.8128e-03 |152 -0.08172  -2.8016e-03 |153 -0.23673  -2.6319e-03
154 -0.04013  -2.8193e-03 |155  0.00244  -2.8248e-03 |156  0.01951  -2.8235e-03
157  0.01564  -2.8240e-03 |158 -0.06411  -2.8106e-03 |159  0.07099  -2.8073e-03
160 -0.06035  -2.8122e-03 |161  0.07014  -2.8077e-03 |162  0.26066  -2.5912e-03
163 -0.06773  -2.8089e-03 |164  0.04599  -2.8174e-03 |165  0.05114  -2.8157e-03
166 -0.31521  -2.4858e-03 |167 -0.00994  -2.8245e-03 |168  0.05085  -2.8158e-03
169  0.00583  -2.5020e+01 |170  0.01926   4.2271e-01 |171  0.01346   1.1938e+00
172  0.03583   1.0662e+00 |173  0.08711   7.1615e-01 |174  0.05081   1.5232e+00
175  0.04387   2.0008e-01 |176  0.02442   3.6306e-01 |177  0.03908   1.2211e+00
178  0.10299   2.8775e-01 |179  0.12923   1.2140e+00 |180  0.12162  -1.0709e+00
181  0.06551  -3.8620e+00 |182 -0.00079  -1.1322e+00 |183 -0.06810  -5.3627e-01
184  0.03334  -1.8642e+00 |185 -0.87416   1.8154e-01 |186  0.01910  -9.5133e-01
187 -0.05430   2.6504e+00 |188 -0.02052   1.9630e+00 |189  0.03077   1.4732e+00
190  0.03906   1.6837e+00 |191  0.04158  -1.0027e+00 |192  0.02743   4.5260e-01
193 -0.00275   6.5259e-01 |194 -0.07645   8.7839e-01 |195  0.00517   2.0695e+00
196  0.06573   5.0975e+00 |197  0.03343   2.8336e+00 |198  0.01222   2.2713e+00
199  0.01774   1.5241e+00 |200  0.02231   9.9622e-01 |201  0.02168   1.3517e+00
202  0.12595  -6.3923e-01 |203  0.12253   6.0950e-01 |204  0.10980   8.8790e-01
205 -0.03690   7.3736e-01 |206 -0.12042   7.8203e-01 |207 -0.13427   2.1355e-01
208 -0.08444   1.3977e+00 |209 -0.03245   1.0122e-01 |210  0.06597   7.1456e-01
211 -0.27708   9.3660e-01 |212 -0.05854   1.4902e+00 |213  0.03400   2.3607e+00
214 -0.03879  -2.3960e-08 |215 -0.63095   1.2359e-01 |216 -0.77858   5.2337e-01
217  0.01942  -3.9597e+00 |218 -0.16341  -8.8776e-02 |219 -0.24933   2.0382e-02
220 -0.05306  -2.3667e-01 |221  0.03805   1.9216e-02 |222  0.00048   2.1123e-01
223  0.00932   9.2931e-02 |224 -0.02814   4.0267e-02 |225 -0.03501  -1.5927e-01
226  0.09125   1.4345e-01 |227  0.07263  -1.0840e-01 |228  0.19731   6.8125e-02
229  0.10505   2.3941e-01 |230  0.09827   8.3394e-02 |231  0.05068  -1.0331e-01
232  0.05779  -7.2664e-02 |233  0.06544   2.2989e-01 |234  0.13097   5.2786e-01
235 -0.12001  -1.4515e-01 |236 -0.12981  -4.8671e-01 |237 -0.00980  -5.6056e-01
238  0.02160  -4.1646e-01 |239 -0.10093  -5.4703e-01 |240 -0.15991  -1.1359e-01
241 -0.06669  -2.1770e-02 |242  0.01427   4.2579e-01 |243  0.04445   6.9245e-02
244 -0.02321  -8.6309e-02 |245 -0.12215  -2.4295e-01 |246 -0.23245  -1.1045e-01
247 -0.10287   3.5612e-01 |248  0.00203  -7.1569e-02 |249  0.05092   2.4212e-01
250  0.08456   2.6635e-01 |251  0.05700   4.1550e-01 |252 -0.01597   4.8061e-01
253 -0.00393   1.5645e-01 |254  0.13295   9.8756e-03 |255  0.19923   3.6384e-02
256  0.23451  -1.6728e-02 |257 -0.14617   2.7529e-01 |258  0.09588   5.2608e+00
259  0.14952   3.5906e+00 |260 -0.86805   3.0595e+00 |261 -0.84452  -6.9259e-01
262 -0.82627  -8.2177e-01 |263 -0.71033   5.0563e+00 |264  0.34707   9.8373e+00
265 -1.16639  -2.9730e+00 |266 -0.13319   1.1254e+01 |267 -0.03146   1.1491e+01
268  0.42051   9.0852e+00 |269  0.70362   5.1648e+00 |270 -0.40014   9.3064e+00
271  0.51400   7.9545e+00 |272  0.88585   2.0519e+00 |273 -0.54898   7.4860e+00
274  0.46918   8.5196e+00 |275  0.50886   8.0214e+00 |276 -0.27290   1.0464e+01
277 -0.27738   1.0430e+01 |278  0.53368   7.6938e+00 |279 -0.91719   1.4923e+00
280 -0.61271   6.5754e+00 |281 -0.08607   1.1400e+01 |282 -0.02353   1.1497e+01
283 -0.20894   1.0891e+01 |284 -0.01058   1.1504e+01 |285 -0.33906   9.9116e+00
286 -0.11388   1.1322e+01 |287  1.05575  -1.0063e+00 |288  0.43729   8.8960e+00
289  0.27383   1.0457e+01 |290  0.24920   1.0635e+01 |291 -0.22259   1.0809e+01
292 -0.07048   1.1435e+01 |293 -0.39434   9.3676e+00 |294  0.14088   1.1225e+01
295 -0.41086   9.1911e+00 |296  0.55116   7.4561e+00 |297 -0.05705   1.1459e+01
298 -0.52884   7.7586e+00 |299 -0.46673   8.5493e+00 |300 -0.02609   1.1495e+01
301  0.65416   5.9472e+00 |302  0.23308   1.0743e+01 |303  0.47148   6.6669e+00
304  0.08363   2.0726e-01 |305 -0.90636  -4.9558e-01 |306  0.25311  -9.6798e-01
307 -0.88418   2.7684e+00 |308 -0.52891  -1.2657e+00 |
19.855 7.09434 80.0105 46.7016 
11.4984 11.4984 49.5329 50.7709 
6.16356 9.7255 0 1.36392 10.708 
0 2.06958 0 0 0.446031 18.3061 0 
19.8344 7.11296 79.9562 46.6833 
11.5338 11.5338 49.5293 50.7836 
6.15363 9.71675 0 1.33691 10.7119 
0 2.06487 0 0 0.445754 18.3573 0 
19.8363 7.09213 79.9121 46.6768 
11.5818 11.5818 49.526 50.7919 
6.14862 9.70679 0 1.2751 10.7178 
0 2.05505 0 0 0.445294 18.4231 0 
19.8535 7.08009 79.8907 46.6275 
11.5761 11.5761 49.5207 50.7884 
6.14919 9.7108 0 1.23534 10.7379 
0 2.04721 0 0 0.445118 18.5078 0 
19.86 7.07441 79.8991 46.648 
11.6122 11.6122 49.5198 50.7961 
6.14704 9.6879 0 1.20492 10.7319 
0 2.04789 0 0 0.444807 18.4852 0 
19.9001 7.0831 79.8759 46.6654 
11.6035 11.6035 49.5247 50.7901 
6.14367 9.68046 0 1.19244 10.7367 
0 2.04401 0 0 0.445152 18.4786 0 
19.9253 7.07535 79.8904 46.6684 
11.5486 11.5486 49.5276 50.7879 
6.14786 9.71422 0 1.18901 10.7302 
0 2.0459 0 0 0.445646 18.4589 0 
19.92 7.09958 79.8997 46.7043 
11.5523 11.5523 49.5485 50.7811 
6.147 9.70362 0 1.21545 10.7112 
0 2.04752 0 0 0.445535 18.3904 0 
19.9185 7.09596 79.8987 46.6998 
11.5459 11.5459 49.5504 50.7805 
6.15202 9.70554 0 1.21979 10.7134 
0 2.04711 0 0 0.445594 18.3948 0 
19.8971 7.10165 79.891 46.6845 
11.5466 11.5466 49.5491 50.7832 
6.15586 9.71164 0 1.23056 10.7138 
0 2.04741 0 0 0.4454 18.4009 0 
308 variables; iteration 350; function evaluation 386; phase 1
Function value   3.2219552e+02; maximum gradient component mag  -1.3522e+01
Var   Value    Gradient   |Var   Value    Gradient   |Var   Value    Gradient
  1 -2.07469  -1.0447e-01 |  2  0.18414  -7.8792e-01 |  3  0.19032  -2.1451e-01
  4  0.19591  -1.5991e+00 |  5  0.19535   2.6397e-01 |  6  0.19114   2.3812e-01
  7  0.17810   9.2340e-01 |  8  0.17367   1.4285e-01 |  9  0.17232  -3.5034e-02
 10  0.14854   1.2922e-01 | 11  0.12470  -1.6420e-01 | 12  0.12659   1.8409e-02
 13  0.10246   2.2472e-01 | 14  0.05661   1.1793e-01 | 15 -1.98971  -6.8856e-02
 16 -0.12522  -4.6295e-01 | 17 -0.15422  -4.6546e-03 | 18 -0.22917  -2.4850e-04
 19 -1.17723   6.6659e-03 | 20 -0.36062  -2.4550e-03 | 21 -0.42640  -1.3747e-04
 22  0.09283  -1.6594e-02 | 23 -0.17969   2.5325e-06 | 24 -2.00845  -2.2573e-03
 25  0.08481  -2.0756e-01 | 26  0.12703   1.1351e-01 | 27  0.15344   6.2231e-02
 28  0.15593   1.0019e-01 | 29  0.14983   4.7870e-02 | 30  0.15172  -2.9111e-02
 31  0.15599  -6.2569e-02 | 32  0.14789   3.8048e-02 | 33  0.12946   3.5834e-02
 34  0.11311  -6.3034e-02 | 35  0.12294  -2.7539e-01 | 36  0.11971  -2.2772e-01
 37  0.08941  -1.2307e-01 | 38  0.05204  -5.6840e-02 | 39  0.00732  -2.8929e-02
 40 -0.03828   2.3131e-02 | 41 -1.90479   2.2192e-02 | 42 -1.84489   4.4189e-02
 43 -0.01779  -3.3478e-01 | 44 -0.06312  -4.0395e-02 | 45 -0.08869  -1.2341e-01
 46 -0.16607  -1.7026e-01 | 47 -0.18278  -2.0120e-01 | 48 -0.14621  -2.9287e-01
 49 -0.10788  -2.1002e-01 | 50 -0.06621  -2.8543e-01 | 51 -0.02956  -3.2180e-01
 52  0.01390  -2.3813e-01 | 53 -0.00260  -1.7424e-01 | 54  0.02825  -3.6673e-01
 55 -2.02001   3.0873e-01 | 56  0.03235  -4.2991e-01 | 57  0.10187   1.5433e-03
 58 -2.08973   2.1788e-01 | 59  0.04241   2.2684e-01 | 60 -0.10222  -1.1581e-01
 61 -0.06350  -2.8207e-02 | 62  0.02544  -1.8106e-01 | 63 -0.03311  -4.2789e-01
 64 -0.03592  -4.3942e-01 | 65 -0.05199  -3.9943e-01 | 66 -0.04579  -3.6865e-01
 67 -0.06724  -3.0130e-01 | 68 -0.05407  -4.0750e-01 | 69 -0.07333  -3.2258e-01
 70 -0.06320  -3.4753e-01 | 71  0.04752  -3.2421e-01 | 72  0.04488  -3.0210e-01
 73  0.00528  -1.4463e-01 | 74 -0.00571  -3.1062e-01 | 75  0.10121  -1.9753e-01
 76  0.07952  -2.5436e-01 | 77 -0.02141  -4.1312e-01 | 78 -0.05649  -2.3450e-01
 79  0.08307  -4.3887e-01 | 80  0.31485  -4.9371e-01 | 81  1.06657   2.2332e-01
 82 -0.12179  -3.6545e-01 | 83 -0.03938  -3.8716e-01 | 84  1.95229   2.5216e-01
 85 -0.03153  -1.7281e-04 | 86  0.09712  -8.5658e-02 | 87  0.21734   5.9253e-02
 88 -0.08185  -2.4397e-02 | 89 -0.20231  -1.7000e-02 | 90 -0.14821  -2.8913e-02
 91 -0.04244  -1.8330e-02 | 92 -0.01553  -1.2967e-02 | 93  0.04010   7.4819e-03
 94  0.16256   1.2787e-01 | 95  0.01283  -1.4104e-02 | 96 -0.00258  -1.9782e-02
 97  0.01650  -2.9469e-02 | 98  0.10121  -7.2550e-02 | 99  0.08675  -7.4554e-02
100  0.09408  -1.7045e-01 |101  0.10428  -2.3710e-01 |102 -0.09466  -6.7778e-02
103 -0.11383  -3.9478e-02 |104  0.05262   7.2683e-02 |105  0.02460   1.1538e-01
106 -0.07848  -5.7312e-02 |107 -0.06425  -4.0480e-02 |108  0.08160  -1.2798e-01
109  0.10047  -1.9303e-01 |110  0.08673  -2.3420e-01 |111  0.01055  -1.3447e-01
112 -0.12567  -7.0478e-02 |113 -0.13921  -5.2235e-02 |114 -0.03624  -2.9140e-02
115  0.11676   3.2417e-02 |116  0.02477  -8.1049e-03 |117  0.09365  -7.5184e-02
118  0.04494  -3.3601e-02 |119 -0.01292  -2.4615e-04 |120  0.00092  -4.7181e-02
121  0.13074   1.5793e-02 |122  0.20337  -1.3806e-01 |123 -1.00954  -9.9311e-02
124  0.10705  -7.5366e-02 |125 -0.01237  -6.6622e-02 |126 -0.16805  -6.3246e-02
127  0.01020   2.8874e-02 |128 -0.05041   2.8788e-02 |129  0.05483   2.8771e-02
130  0.05854   2.8756e-02 |131 -0.06472   2.8729e-02 |132 -0.05368   2.8776e-02
133 -0.06295   2.8737e-02 |134  0.03275   2.8840e-02 |135  0.05682   2.8763e-02
136 -0.05753   2.8760e-02 |137  0.06364   2.8734e-02 |138  0.05783   2.8759e-02
139  0.08176   2.8640e-02 |140  0.05468   2.8772e-02 |141 -0.06657   2.8720e-02
142  0.06849   2.8711e-02 |143  0.05882   2.8755e-02 |144  0.07067   2.8700e-02
145  0.06781   2.8715e-02 |146  0.07269   2.8690e-02 |147  0.09513   2.8556e-02
148 -0.07572   2.8674e-02 |149 -0.05956   2.8752e-02 |150 -0.04580   2.8803e-02
151 -0.06076   2.8747e-02 |152 -0.05806   2.8758e-02 |153 -0.26072   2.6490e-02
154 -0.04830   2.8795e-02 |155 -0.00448   2.8877e-02 |156  0.01317   2.8872e-02
157  0.00917   2.8875e-02 |158 -0.07414   2.8683e-02 |159  0.07368   2.8685e-02
160 -0.06708   2.8718e-02 |161  0.07367   2.8685e-02 |162  0.25610   2.6573e-02
163 -0.07467   2.8680e-02 |164  0.04265   2.8813e-02 |165  0.05678   2.8763e-02
166 -0.29468   2.5839e-02 |167 -0.01734   2.8867e-02 |168  0.05729   2.8761e-02
169  0.00617  -1.3522e+01 |170  0.01837  -5.8329e-01 |171  0.01281  -5.7022e-01
172  0.03522  -3.8344e-01 |173  0.08653  -6.2690e-01 |174  0.05000  -3.5868e-01
175  0.04352  -1.9770e-01 |176  0.02450   2.4917e-01 |177  0.03840  -8.0736e-02
178  0.10320  -3.6621e-01 |179  0.12930   2.2313e-01 |180  0.12184   2.8741e-01
181  0.06629  -6.9760e-01 |182 -0.00173   5.4699e-02 |183 -0.06607  -4.3101e-02
184  0.03366  -4.1269e-01 |185 -0.86596  -1.0241e-02 |186  0.01823  -1.1125e+00
187 -0.05614  -2.6602e-01 |188 -0.02116   2.2954e-01 |189  0.03029   6.3232e-01
190  0.03834   5.1504e-01 |191  0.04118  -5.7562e-02 |192  0.02630  -3.7095e-01
193 -0.00333   1.4746e-01 |194 -0.07641   1.0686e-01 |195  0.00461  -8.1994e-02
196  0.06489  -1.4332e-01 |197  0.03275   4.9547e-02 |198  0.01218   1.2393e-02
199  0.01795  -5.0209e-01 |200  0.02216  -2.9610e-01 |201  0.02071  -1.4928e-01
202  0.12565  -2.9370e-01 |203  0.12247   3.7025e-01 |204  0.10959  -1.7992e-02
205 -0.03546   1.1065e-01 |206 -0.12335   2.5646e-02 |207 -0.13138   2.1904e-01
208 -0.08521   5.9091e-02 |209 -0.03207  -2.3900e-02 |210  0.06592   6.6492e-02
211 -0.26710   5.8079e-02 |212 -0.05687   6.4740e+00 |213  0.03408   6.4441e-01
214 -0.03879  -2.3958e-08 |215 -0.63112  -2.5741e-01 |216 -0.77885  -7.4681e-02
217  0.01935  -1.5997e+00 |218 -0.16299  -1.9728e-01 |219 -0.24882   4.7320e-02
220 -0.05314   3.6724e-02 |221  0.03825   7.2069e-02 |222  0.00047  -6.6585e-02
223  0.00938  -1.1495e-01 |224 -0.02793  -9.5128e-02 |225 -0.03465  -1.0028e-01
226  0.09061  -7.3060e-02 |227  0.07230   5.3497e-02 |228  0.19701   1.8168e-02
229  0.10508  -7.9922e-02 |230  0.09878   7.3284e-04 |231  0.05089  -2.0205e-02
232  0.05846  -2.0527e-02 |233  0.06589   4.6898e-02 |234  0.13087   2.6359e-02
235 -0.12020  -5.9895e-02 |236 -0.12975   1.0436e-02 |237 -0.01036   2.7671e-02
238  0.02054  -6.0101e-02 |239 -0.10092  -1.2417e-01 |240 -0.15959  -1.4749e-01
241 -0.06684  -1.2408e-01 |242  0.01371   7.9779e-02 |243  0.04517   5.7352e-02
244 -0.02314   1.2112e-01 |245 -0.12259   1.0953e-01 |246 -0.23276   1.5003e-03
247 -0.10346   1.1766e-02 |248  0.00252  -3.5386e-02 |249  0.05212   1.0295e-02
250  0.08423   3.8498e-03 |251  0.05577   1.6329e-02 |252 -0.01621  -4.4239e-02
253 -0.00340  -6.4326e-02 |254  0.13350  -2.4408e-02 |255  0.19935   8.1842e-03
256  0.23473  -1.7669e-02 |257 -0.14698  -5.9036e-02 |258  0.09598   3.9784e+00
259  0.14945   9.4140e-02 |260 -0.86807  -4.6652e-01 |261 -0.84449  -2.1679e-01
262 -0.82332  -4.8012e-01 |263 -0.72075  -1.4042e-01 |264  0.34480  -2.8331e-01
265 -1.18009   9.2290e-02 |266 -0.16925  -3.1902e-01 |267 -0.00322  -3.3063e-01
268  0.43084  -2.5776e-01 |269  0.68797  -1.5564e-01 |270 -0.38844  -2.7097e-01
271  0.53632  -2.2008e-01 |272  0.90678  -4.8241e-02 |273 -0.55773  -2.1166e-01
274  0.46902  -2.4489e-01 |275  0.53881  -2.1911e-01 |276 -0.29155  -2.9656e-01
277 -0.27791  -2.9962e-01 |278  0.52957  -2.2269e-01 |279 -0.93954  -3.1355e-02
280 -0.60691  -1.9143e-01 |281 -0.07810  -3.2815e-01 |282 -0.02219  -3.3043e-01
283 -0.21619  -3.1175e-01 |284 -0.01084  -3.3058e-01 |285 -0.33271  -2.8650e-01
286 -0.10794  -3.2589e-01 |287  1.06694   3.4701e-02 |288  0.44131  -2.5432e-01
289  0.26840  -3.0168e-01 |290  0.25522  -3.0442e-01 |291 -0.25009  -3.0545e-01
292 -0.08348  -3.2779e-01 |293 -0.41807  -2.6186e-01 |294  0.13268  -3.2348e-01
295 -0.42710  -2.5897e-01 |296  0.55086  -2.1439e-01 |297 -0.05324  -3.2948e-01
298 -0.51658  -2.2762e-01 |299 -0.47056  -2.4435e-01 |300 -0.00980  -3.3059e-01
301  0.67437  -1.6184e-01 |302  0.24575  -3.0630e-01 |303  0.47151   2.4114e+00
304  0.08348   1.6080e-01 |305 -0.90623   1.1365e+00 |306  0.25344   1.7035e-02
307 -0.88435   1.4728e+00 |308 -0.52796   3.4370e-01 |
19.8863 7.0964 79.8867 46.6867 
11.5402 11.5402 49.5494 50.783 
6.16291 9.71139 0 1.24795 10.7301 
0 2.04558 0 0 0.44514 18.3897 0 
19.8791 7.10322 79.8624 46.6696 
11.5509 11.5509 49.5517 50.7857 
6.16404 9.70542 0 1.26153 10.7409 
0 2.04485 0 0 0.444795 18.3918 0 
19.887 7.09265 79.8502 46.6859 
11.5512 11.5512 49.5537 50.7858 
6.16984 9.698 0 1.28169 10.7604 
0 2.04347 0 0 0.444637 18.3522 0 
19.9066 7.08563 79.8384 46.6826 
11.5531 11.5531 49.5654 50.7849 
6.17411 9.68823 0 1.2932 10.7703 
0 2.04162 0 0 0.44448 18.3327 0 
19.9148 7.08017 79.8443 46.6802 
11.5527 11.5527 49.5677 50.786 
6.18 9.68978 0 1.30013 10.7644 
0 2.04308 0 0 0.444756 18.3118 0 
19.9306 7.07698 79.8521 46.6854 
11.5439 11.5439 49.5771 50.7822 
6.18766 9.69437 0 1.30323 10.7487 
0 2.04223 0 0 0.444889 18.2929 0 
19.9268 7.08119 79.8677 46.6581 
11.5383 11.5383 49.5836 50.7855 
6.19596 9.70031 0 1.30618 10.7258 
0 2.04565 0 0 0.445088 18.2996 0 
19.9187 7.08945 79.8792 46.6529 
11.5244 11.5244 49.581 50.7851 
6.20095 9.71674 0 1.30287 10.7063 
0 2.04698 0 0 0.445151 18.3026 0 
19.9051 7.10467 79.8729 46.6469 
11.5213 11.5213 49.5808 50.7891 
6.20211 9.7208 0 1.29725 10.6944 
0 2.0477 0 0 0.44491 18.3193 0 
19.8918 7.11154 79.8623 46.639 
11.5151 11.5151 49.5777 50.7954 
6.20051 9.72415 0 1.28904 10.6994 
0 2.04868 0 0 0.444619 18.3411 0 
308 variables; iteration 360; function evaluation 396; phase 1
Function value   3.2217687e+02; maximum gradient component mag  -3.2631e+00
Var   Value    Gradient   |Var   Value    Gradient   |Var   Value    Gradient
  1 -2.07084  -9.0491e-02 |  2  0.18470   5.6161e-01 |  3  0.18962  -1.8544e-02
  4  0.19651   5.1615e-01 |  5  0.19506   1.7740e-01 |  6  0.19109  -3.2760e-02
  7  0.17778   2.7235e-01 |  8  0.17369   2.6166e-01 |  9  0.17243   3.3619e-01
 10  0.14850   1.4181e-01 | 11  0.12479   2.5669e-03 | 12  0.12671  -1.3613e-02
 13  0.10254  -4.8645e-02 | 14  0.05684  -2.1906e-02 | 15 -1.98823   1.5132e-01
 16 -0.10864  -2.3019e-01 | 17 -0.15473   1.9916e-03 | 18 -0.23074   1.6634e-04
 19 -1.20344   7.6194e-03 | 20 -0.35711  -2.1032e-03 | 21 -0.43263  -1.1326e-04
 22  0.09263  -1.6679e-02 | 23 -0.18028  -1.5785e-04 | 24 -2.00808   1.1173e-02
 25  0.08540   1.1730e-02 | 26  0.12699   5.2610e-02 | 27  0.15333   7.2916e-03
 28  0.15580   4.5259e-02 | 29  0.14983  -5.6936e-03 | 30  0.15167  -3.0787e-02
 31  0.15600   1.8965e-02 | 32  0.14787   2.4150e-02 | 33  0.12941   9.3394e-02
 34  0.11296   5.7736e-03 | 35  0.12282  -5.6117e-02 | 36  0.11971  -1.3333e-01
 37  0.08935  -7.2087e-02 | 38  0.05237   9.5782e-02 | 39  0.00772   1.8760e-02
 40 -0.03793   2.6455e-02 | 41 -1.90536   1.2361e-02 | 42 -1.84578   2.2503e-02
 43 -0.01519  -1.9295e-01 | 44 -0.06688  -3.4741e-01 | 45 -0.09075  -2.8532e-01
 46 -0.16736  -2.1133e-01 | 47 -0.18311  -1.2363e-01 | 48 -0.14580  -1.3114e-01
 49 -0.10865  -1.1638e-01 | 50 -0.06543  -9.9554e-03 | 51 -0.02801   2.4605e-02
 52  0.01556   1.3937e-01 | 53 -0.00420   4.6612e-02 | 54  0.02914   3.5923e-02
 55 -2.01889   1.2824e-01 | 56  0.03568  -2.3473e-02 | 57  0.09990  -1.5236e-01
 58 -2.09340   1.6056e-01 | 59  0.03628  -3.2391e-01 | 60 -0.10374  -2.0155e-01
 61 -0.06556  -1.7091e-01 | 62  0.02599  -1.7405e-01 | 63 -0.03181  -1.9198e-01
 64 -0.03425  -9.0312e-02 | 65 -0.05153  -1.1279e-01 | 66 -0.04532  -4.0971e-02
 67 -0.06825  -8.1876e-02 | 68 -0.05323  -6.9154e-02 | 69 -0.07285  -7.4042e-02
 70 -0.06244  -1.0281e-01 | 71  0.04838  -1.3886e-01 | 72  0.04580  -1.6598e-01
 73  0.00245  -2.4139e-01 | 74 -0.00552  -1.7088e-01 | 75  0.10184  -1.1938e-01
 76  0.08072  -4.6077e-02 | 77 -0.02014  -9.9427e-02 | 78 -0.05930  -2.2117e-01
 79  0.08507  -6.3819e-02 | 80  0.31526  -9.7335e-02 | 81  1.01877   5.6056e-02
 82 -0.12125  -1.1280e-01 | 83 -0.03923  -1.4342e-01 | 84  1.95553   1.4539e-01
 85 -0.03269  -1.1149e-01 | 86  0.09738  -1.2650e-01 | 87  0.21714  -2.9120e-01
 88 -0.08206  -1.6330e-01 | 89 -0.20263  -1.2917e-01 | 90 -0.14826  -1.3075e-01
 91 -0.04201  -1.1982e-01 | 92 -0.01549  -1.2474e-01 | 93  0.03984  -7.1103e-02
 94  0.16219   6.7090e-02 | 95  0.01320  -3.2462e-02 | 96 -0.00345  -7.3631e-02
 97  0.01606  -5.7122e-02 | 98  0.10144   1.3077e-03 | 99  0.08674  -1.3473e-02
100  0.09338  -1.6866e-01 |101  0.10555  -1.3193e-01 |102 -0.09452  -1.7983e-01
103 -0.11348  -1.3839e-01 |104  0.05323  -1.3752e-01 |105  0.02405  -1.6142e-01
106 -0.07782  -1.4247e-01 |107 -0.06463  -1.5372e-01 |108  0.08144  -1.5965e-01
109  0.10055  -1.8383e-01 |110  0.08698  -1.7343e-01 |111  0.00956  -1.2311e-01
112 -0.12555  -7.7044e-02 |113 -0.13845  -6.0437e-02 |114 -0.03593  -7.4521e-02
115  0.11613  -1.2923e-01 |116  0.02448  -1.0621e-01 |117  0.09521  -1.0426e-01
118  0.04517  -1.4935e-01 |119 -0.01414  -1.2811e-01 |120  0.00134  -6.5699e-02
121  0.13084  -2.3493e-02 |122  0.20351  -6.3310e-02 |123 -1.01034  -1.0691e-01
124  0.10685  -4.3210e-02 |125 -0.01211  -1.0654e-01 |126 -0.16776  -9.4936e-02
127  0.00845   1.5408e-02 |128 -0.05241   1.5357e-02 |129  0.05262   1.5357e-02
130  0.06021   1.5341e-02 |131 -0.06631   1.5326e-02 |132 -0.05562   1.5351e-02
133 -0.06463   1.5330e-02 |134  0.03144   1.5391e-02 |135  0.05815   1.5345e-02
136 -0.05769   1.5346e-02 |137  0.06531   1.5328e-02 |138  0.05944   1.5342e-02
139  0.08812   1.5262e-02 |140  0.05528   1.5351e-02 |141 -0.06804   1.5321e-02
142  0.06918   1.5319e-02 |143  0.06051   1.5340e-02 |144  0.07183   1.5311e-02
145  0.06926   1.5318e-02 |146  0.07233   1.5310e-02 |147  0.10516   1.5200e-02
148 -0.07753   1.5295e-02 |149 -0.06227   1.5336e-02 |150 -0.04541   1.5370e-02
151 -0.06109   1.5338e-02 |152 -0.05305   1.5356e-02 |153 -0.26692   1.4075e-02
154 -0.05032   1.5361e-02 |155 -0.00639   1.5409e-02 |156  0.01145   1.5407e-02
157  0.00740   1.5408e-02 |158 -0.07652   1.5298e-02 |159  0.07382   1.5306e-02
160 -0.06849   1.5320e-02 |161  0.07403   1.5305e-02 |162  0.24868   1.4249e-02
163 -0.07632   1.5299e-02 |164  0.04184   1.5376e-02 |165  0.05809   1.5345e-02
166 -0.28285   1.3913e-02 |167 -0.01935   1.5402e-02 |168  0.05880   1.5344e-02
169  0.00612  -3.2631e+00 |170  0.01817   4.9775e-01 |171  0.01270   3.2011e-01
172  0.03514   2.2184e-01 |173  0.08657  -1.6365e-01 |174  0.05005   1.0302e-01
175  0.04374   2.4016e-02 |176  0.02413  -1.4827e-01 |177  0.03866   1.1533e-01
178  0.10325  -2.0260e-02 |179  0.12918  -5.5958e-02 |180  0.12159  -4.8185e-01
181  0.06657   4.7793e-01 |182 -0.00233   2.8144e-01 |183 -0.06527   5.0238e-01
184  0.03346   5.6531e-01 |185 -0.86363   2.9196e-02 |186  0.01800   6.1088e-01
187 -0.05614   1.6202e-01 |188 -0.02095   4.5403e-01 |189  0.03043   3.4959e-01
190  0.03859   5.3049e-01 |191  0.04124   1.3647e-01 |192  0.02641  -1.0469e-01
193 -0.00370  -3.6898e-01 |194 -0.07620   2.8274e-01 |195  0.00464   3.4830e-01
196  0.06496   3.3448e-01 |197  0.03277   4.0033e-01 |198  0.01213   4.7343e-01
199  0.01799   2.6636e-01 |200  0.02223   3.0905e-01 |201  0.02089   1.7131e-01
202  0.12586   1.9336e-01 |203  0.12256   2.6716e-01 |204  0.10960   2.1095e-01
205 -0.03594   2.1228e-01 |206 -0.12209   1.8960e-01 |207 -0.13234   9.8047e-02
208 -0.08514   2.2375e-01 |209 -0.03209   2.2369e-01 |210  0.06586   2.5618e-01
211 -0.26823   2.2937e-01 |212 -0.05746   5.6906e-01 |213  0.03404  -3.0008e-01
214 -0.03879  -2.3956e-08 |215 -0.63094  -9.4086e-02 |216 -0.77872   1.3572e-01
217  0.01767  -3.1865e-01 |218 -0.16282  -5.4797e-02 |219 -0.24863  -3.8753e-02
220 -0.05298   2.8424e-02 |221  0.03788   3.4880e-02 |222  0.00030   6.6226e-02
223  0.00922   5.8553e-02 |224 -0.02786   1.0396e-02 |225 -0.03440   5.8492e-02
226  0.09076  -3.9307e-02 |227  0.07197  -4.6695e-02 |228  0.19681  -1.4755e-02
229  0.10516  -7.6789e-02 |230  0.09852  -9.7264e-02 |231  0.05071  -1.4251e-01
232  0.05847  -8.8160e-02 |233  0.06582  -8.6358e-02 |234  0.13099  -7.8880e-02
235 -0.11965  -5.3146e-02 |236 -0.12942   3.3434e-02 |237 -0.01053  -9.8060e-03
238  0.01988  -1.4120e-02 |239 -0.10123   2.8387e-02 |240 -0.15944   2.0600e-02
241 -0.06680  -1.4213e-02 |242  0.01342   1.8588e-02 |243  0.04519   7.6334e-02
244 -0.02348   6.3809e-02 |245 -0.12280  -8.4933e-02 |246 -0.23220  -9.5219e-02
247 -0.10283  -1.1021e-01 |248  0.00276  -6.4808e-02 |249  0.05162  -3.5880e-02
250  0.08418  -3.2849e-02 |251  0.05637   5.5737e-02 |252 -0.01614  -1.1618e-02
253 -0.00351   4.9205e-03 |254  0.13335  -1.2812e-03 |255  0.19948  -8.6382e-03
256  0.23475  -5.1914e-02 |257 -0.14691  -1.4580e-01 |258  0.09611   2.7880e-01
259  0.14948   1.3793e-01 |260 -0.86803  -1.7167e-01 |261 -0.84449  -3.6719e-02
262 -0.80694  -1.0198e-02 |263 -0.72858   3.6998e-01 |264  0.34465   7.6670e-01
265 -1.18337  -2.5414e-01 |266 -0.18567   8.5686e-01 |267 -0.00066   8.9464e-01
268  0.43021   6.9802e-01 |269  0.68613   4.2342e-01 |270 -0.38234   7.3809e-01
271  0.54299   5.8847e-01 |272  0.91390   1.2062e-01 |273 -0.55167   5.7923e-01
274  0.46542   6.6601e-01 |275  0.55129   5.7964e-01 |276 -0.29980   7.9725e-01
277 -0.27363   8.1326e-01 |278  0.52882   6.0332e-01 |279 -0.94373   7.8974e-02
280 -0.60634   5.1863e-01 |281 -0.06791   8.8955e-01 |282 -0.02343   8.9403e-01
283 -0.21200   8.4549e-01 |284 -0.01398   8.9442e-01 |285 -0.33397   7.7433e-01
286 -0.10003   8.8362e-01 |287  1.06645  -9.3218e-02 |288  0.43730   6.9175e-01
289  0.25465   8.2401e-01 |290  0.25594   8.2330e-01 |291 -0.26189   8.2000e-01
292 -0.08732   8.8623e-01 |293 -0.42490   7.0266e-01 |294  0.13486   8.7464e-01
295 -0.43652   6.9244e-01 |296  0.55415   5.7657e-01 |297 -0.05375   8.9145e-01
298 -0.51406   6.1848e-01 |299 -0.46890   6.6274e-01 |300  0.00133   8.9463e-01
301  0.68237   4.2807e-01 |302  0.25173   8.2560e-01 |303  0.47174  -2.6134e-01
304  0.08344   1.7851e-01 |305 -0.90633  -2.5750e-01 |306  0.25379  -2.9939e-02
307 -0.88438  -7.7732e-01 |308 -0.52825  -2.7934e-01 |
19.8855 7.11609 79.8465 46.6486 
11.5212 11.5212 49.579 50.7998 
6.19859 9.71896 0 1.28233 10.7086 
0 2.04688 0 0 0.444405 18.3468 0 
19.885 7.11101 79.8354 46.6525 
11.5267 11.5267 49.5815 50.8041 
6.19657 9.71293 0 1.27878 10.7199 
0 2.04618 0 0 0.444368 18.3499 0 
19.8859 7.10344 79.8337 46.6612 
11.5334 11.5334 49.5847 50.8068 
6.19419 9.70818 0 1.27779 10.7292 
0 2.04468 0 0 0.444437 18.3421 0 
19.8866 7.10211 79.8317 46.665 
11.5396 11.5396 49.5894 50.8081 
6.19037 9.70497 0 1.27962 10.73 
0 2.04393 0 0 0.444512 18.3368 0 
19.8872 7.09784 79.8432 46.6666 
11.539 11.539 49.5914 50.809 
6.18551 9.70651 0 1.28305 10.7273 
0 2.04406 0 0 0.444588 18.3261 0 
19.8874 7.10726 79.8435 46.665 
11.5345 11.5345 49.5944 50.8068 
6.18066 9.71032 0 1.28703 10.7204 
0 2.04409 0 0 0.444506 18.3241 0 
19.8884 7.109 79.8503 46.6609 
11.5279 11.5279 49.5946 50.8057 
6.17794 9.71353 0 1.28951 10.7158 
0 2.04489 0 0 0.444432 18.3221 0 
19.8894 7.11403 79.8459 46.6608 
11.5239 11.5239 49.5946 50.8038 
6.17683 9.71445 0 1.29082 10.7174 
0 2.04452 0 0 0.44437 18.3232 0 
19.8907 7.11234 79.8454 46.659 
11.5227 11.5227 49.5939 50.8029 
6.17787 9.71357 0 1.29101 10.7206 
0 2.04445 0 0 0.44434 18.3245 0 
19.891 7.11024 79.8442 46.6597 
11.5257 11.5257 49.5928 50.8026 
6.17893 9.71053 0 1.29143 10.724 
0 2.04411 0 0 0.444406 18.3245 0 
308 variables; iteration 370; function evaluation 406; phase 1
Function value   3.2217269e+02; maximum gradient component mag   3.9413e+00
Var   Value    Gradient   |Var   Value    Gradient   |Var   Value    Gradient
  1 -2.06943  -4.3541e-02 |  2  0.18435  -5.0563e-02 |  3  0.18983   9.8484e-04
  4  0.19633  -2.6047e-02 |  5  0.19504  -9.8934e-03 |  6  0.19109   5.4163e-02
  7  0.17770   7.1294e-02 |  8  0.17359   1.4257e-02 |  9  0.17231   6.5793e-03
 10  0.14839  -1.8359e-02 | 11  0.12476   3.3253e-02 | 12  0.12671   2.0320e-02
 13  0.10256  -5.2299e-03 | 14  0.05669  -7.9157e-02 | 15 -1.98897  -2.1647e-02
 16 -0.09931  -3.0262e-02 | 17 -0.15646  -3.5639e-04 | 18 -0.23261  -3.6699e-05
 19 -1.22056   8.2354e-03 | 20 -0.35527  -1.8627e-03 | 21 -0.43397  -7.9920e-05
 22  0.09267  -4.3389e-03 | 23 -0.17998  -3.0096e-05 | 24 -2.00832  -1.7527e-04
 25  0.08533  -1.0712e-02 | 26  0.12688   3.9385e-04 | 27  0.15330  -1.7808e-02
 28  0.15575  -3.9149e-02 | 29  0.14978   1.3188e-03 | 30  0.15166   1.0784e-02
 31  0.15599   2.0467e-02 | 32  0.14785   9.5731e-03 | 33  0.12935  -4.4316e-03
 34  0.11296  -9.1002e-03 | 35  0.12288  -7.7180e-03 | 36  0.11972   2.1139e-02
 37  0.08930   4.2890e-02 | 38  0.05238   2.1785e-02 | 39  0.00776   5.2849e-04
 40 -0.03793   2.3626e-03 | 41 -1.90547   1.2952e-03 | 42 -1.84613   7.5605e-03
 43 -0.01642   4.4975e-02 | 44 -0.06559   2.6587e-02 | 45 -0.08984   2.9855e-02
 46 -0.16671   4.6443e-02 | 47 -0.18316   4.6096e-02 | 48 -0.14567   4.0381e-02
 49 -0.10794   7.2945e-02 | 50 -0.06559   5.5258e-02 | 51 -0.02831   3.1741e-02
 52  0.01339  -1.8722e-02 | 53 -0.00480   1.9764e-02 | 54  0.02940   3.6681e-02
 55 -2.02091  -6.6396e-02 | 56  0.03479   3.6893e-02 | 57  0.09977   3.3109e-02
 58 -2.09274  -7.8244e-02 | 59  0.03762   4.2171e-02 | 60 -0.10326   5.8874e-02
 61 -0.06541   6.3840e-02 | 62  0.02550   3.9556e-02 | 63 -0.03176   3.1545e-02
 64 -0.03517   4.2851e-02 | 65 -0.05187   1.8487e-02 | 66 -0.04617   1.7068e-04
 67 -0.06805   2.3619e-02 | 68 -0.05305   3.5133e-02 | 69 -0.07308   2.3403e-02
 70 -0.06255   3.3524e-02 | 71  0.04805   3.2085e-02 | 72  0.04561   4.1469e-02
 73  0.00358   4.7714e-02 | 74 -0.00505   6.1361e-02 | 75  0.10166   4.8583e-02
 76  0.07961   2.9896e-02 | 77 -0.02035   3.1076e-02 | 78 -0.05770   5.6709e-02
 79  0.08423   3.0151e-02 | 80  0.31549   1.3124e-02 | 81  1.00013  -1.5932e-03
 82 -0.12132   6.2206e-02 | 83 -0.03898   5.9837e-02 | 84  1.95529  -5.3712e-02
 85 -0.03269  -1.2255e-02 | 86  0.09732  -5.6538e-04 | 87  0.21684  -2.7246e-02
 88 -0.08225  -1.1105e-02 | 89 -0.20270  -1.1071e-02 | 90 -0.14824  -1.4319e-02
 91 -0.04215  -1.4997e-02 | 92 -0.01537  -1.0697e-02 | 93  0.03962  -1.4634e-02
 94  0.16189  -4.5844e-02 | 95  0.01363  -2.1263e-02 | 96 -0.00223  -2.0566e-02
 97  0.01645  -2.0107e-02 | 98  0.10113  -2.3046e-02 | 99  0.08603  -3.4326e-02
100  0.09411  -1.4906e-03 |101  0.10541  -1.3283e-03 |102 -0.09393  -6.4119e-03
103 -0.11342  -1.3446e-03 |104  0.05250  -1.8913e-03 |105  0.02405  -1.2022e-02
106 -0.07757  -1.2115e-02 |107 -0.06419  -1.0757e-02 |108  0.08154  -1.8047e-02
109  0.10042  -4.8208e-02 |110  0.08723  -4.3064e-02 |111  0.00993  -3.4860e-02
112 -0.12564  -1.9864e-02 |113 -0.13882  -2.0352e-02 |114 -0.03607  -2.6129e-02
115  0.11643  -4.6861e-02 |116  0.02420  -1.7978e-02 |117  0.09444  -6.5607e-03
118  0.04560   7.8613e-03 |119 -0.01353  -9.9896e-03 |120  0.00089  -1.4232e-02
121  0.13063  -1.2922e-02 |122  0.20360  -5.0091e-02 |123 -0.99962   3.3472e-03
124  0.10670  -4.4876e-03 |125 -0.01223  -6.4756e-03 |126 -0.16803  -3.7973e-03
127  0.00813   3.0100e-03 |128 -0.05305   2.9998e-03 |129  0.05240   3.0001e-03
130  0.06110   2.9964e-03 |131 -0.06689   2.9936e-03 |132 -0.05626   2.9985e-03
133 -0.06524   2.9944e-03 |134  0.03127   3.0067e-03 |135  0.05891   2.9974e-03
136 -0.05750   2.9980e-03 |137  0.06622   2.9940e-03 |138  0.06030   2.9968e-03
139  0.09054   2.9799e-03 |140  0.05578   2.9988e-03 |141 -0.06857   2.9928e-03
142  0.06957   2.9924e-03 |143  0.06141   2.9963e-03 |144  0.07259   2.9908e-03
145  0.07010   2.9921e-03 |146  0.07261   2.9907e-03 |147  0.10784   2.9672e-03
148 -0.07843   2.9874e-03 |149 -0.06355   2.9952e-03 |150 -0.04487   3.0028e-03
151 -0.06101   2.9964e-03 |152 -0.05139   3.0004e-03 |153 -0.26871   2.7459e-03
154 -0.05095   3.0006e-03 |155 -0.00678   3.0101e-03 |156  0.01115   3.0098e-03
157  0.00708   3.0101e-03 |158 -0.07773   2.9878e-03 |159  0.07426   2.9899e-03
160 -0.06901   2.9926e-03 |161  0.07454   2.9897e-03 |162  0.23864   2.8014e-03
163 -0.07712   2.9882e-03 |164  0.04185   3.0038e-03 |165  0.05885   2.9974e-03
166 -0.27802   2.7276e-03 |167 -0.01982   3.0088e-03 |168  0.05962   2.9971e-03
169  0.00610   3.9413e+00 |170  0.01830   6.5644e-03 |171  0.01278  -2.3899e-02
172  0.03519  -7.4134e-02 |173  0.08661  -4.2699e-02 |174  0.05004   2.4883e-02
175  0.04367   1.0986e-03 |176  0.02417  -8.6946e-02 |177  0.03851  -8.3743e-03
178  0.10313   1.0637e-03 |179  0.12915  -2.7885e-02 |180  0.12185  -5.0966e-02
181  0.06657  -1.0233e-01 |182 -0.00209  -1.0763e-01 |183 -0.06594  -9.4059e-02
184  0.03348  -1.4156e-01 |185 -0.86270  -4.9742e-02 |186  0.01801  -1.2785e-01
187 -0.05604  -1.1093e-01 |188 -0.02117  -1.1037e-01 |189  0.03042  -4.9221e-02
190  0.03847   8.1168e-03 |191  0.04125   9.8741e-02 |192  0.02636   7.0452e-02
193 -0.00348  -7.1790e-02 |194 -0.07636  -1.0311e-01 |195  0.00466  -7.7600e-02
196  0.06495  -3.2415e-04 |197  0.03277  -1.2583e-01 |198  0.01208  -1.2639e-01
199  0.01805  -9.7540e-02 |200  0.02219  -8.6994e-02 |201  0.02084  -8.4361e-02
202  0.12571  -9.4254e-02 |203  0.12251  -9.5690e-02 |204  0.10968  -1.9201e-02
205 -0.03571  -5.5502e-02 |206 -0.12172  -1.0192e-01 |207 -0.13215  -1.6657e-01
208 -0.08512  -1.0277e-01 |209 -0.03206  -1.2693e-01 |210  0.06587  -9.3976e-02
211 -0.26881  -1.0786e-01 |212 -0.05749  -6.1866e-01 |213  0.03411  -4.9248e-01
214 -0.03879  -2.3955e-08 |215 -0.63085   3.1366e-02 |216 -0.77863  -2.4336e-03
217  0.01754   3.4165e-01 |218 -0.16289  -1.5384e-02 |219 -0.24863   7.8534e-03
220 -0.05310   1.3268e-03 |221  0.03760  -4.4397e-03 |222  0.00012   1.5103e-03
223  0.00923   9.7880e-03 |224 -0.02780   2.7026e-02 |225 -0.03435   1.8552e-02
226  0.09087   3.3571e-03 |227  0.07190   8.7627e-04 |228  0.19658  -7.1254e-04
229  0.10526  -5.4433e-03 |230  0.09880   2.3652e-03 |231  0.05094   4.6469e-03
232  0.05841   1.6461e-02 |233  0.06583   6.2671e-05 |234  0.13111  -1.3022e-02
235 -0.11953  -1.1569e-02 |236 -0.12928   5.3905e-03 |237 -0.01054  -1.0618e-02
238  0.01974  -4.5001e-03 |239 -0.10128  -4.9181e-03 |240 -0.15943  -1.0869e-02
241 -0.06671  -1.1651e-02 |242  0.01330   7.8170e-03 |243  0.04498   1.9825e-02
244 -0.02349   9.3991e-03 |245 -0.12266   1.2728e-02 |246 -0.23213   2.4489e-02
247 -0.10282   6.8842e-03 |248  0.00286   1.6213e-02 |249  0.05179   2.3086e-02
250  0.08402   6.4023e-03 |251  0.05620  -6.5170e-03 |252 -0.01601  -1.0147e-02
253 -0.00357   6.0646e-04 |254  0.13307   6.8197e-03 |255  0.19937  -5.5515e-03
256  0.23496  -1.6006e-03 |257 -0.14668  -9.6345e-03 |258  0.09613  -1.1171e+00
259  0.14949   1.7684e-01 |260 -0.86801   2.2260e-01 |261 -0.84449  -1.2074e-01
262 -0.80508   1.0726e-01 |263 -0.73428   1.4213e-02 |264  0.34534   3.0027e-02
265 -1.18352  -9.9678e-03 |266 -0.19234   3.3473e-02 |267 -0.00257   3.5061e-02
268  0.43159   2.7308e-02 |269  0.68336   1.6728e-02 |270 -0.37846   2.9046e-02
271  0.54709   2.2892e-02 |272  0.91476   4.6808e-03 |273 -0.55180   2.2695e-02
274  0.46367   2.6166e-02 |275  0.55513   2.2555e-02 |276 -0.30776   3.1043e-02
277 -0.26860   3.1986e-02 |278  0.52867   2.3651e-02 |279 -0.94722   2.9029e-03
280 -0.60558   2.0359e-02 |281 -0.06066   3.4902e-02 |282 -0.02400   3.5036e-02
283 -0.20830   3.3201e-02 |284 -0.01503   3.5051e-02 |285 -0.33931   3.0198e-02
286 -0.09944   3.4634e-02 |287  1.06810  -3.7439e-03 |288  0.43734   2.7108e-02
289  0.24480   3.2501e-02 |290  0.25591   3.2266e-02 |291 -0.26403   3.2088e-02
292 -0.09016   3.4710e-02 |293 -0.42861   2.7410e-02 |294  0.13848   3.4235e-02
295 -0.44160   2.6959e-02 |296  0.55591   2.2522e-02 |297 -0.05254   3.4942e-02
298 -0.51150   2.4340e-02 |299 -0.46871   2.5980e-02 |300  0.00548   3.5060e-02
301  0.69070   1.6372e-02 |302  0.25775   3.2226e-02 |303  0.47178  -6.9878e-01
304  0.08316  -7.1957e-02 |305 -0.90629  -9.1020e-02 |306  0.25389  -6.1818e-02
307 -0.88439  -2.3738e-01 |308 -0.52823  -1.0911e-01 |
19.8915 7.10674 79.844 46.6604 
11.5281 11.5281 49.5912 50.8021 
6.18055 9.7088 0 1.29202 10.7282 
0 2.04384 0 0 0.444468 18.3236 0 
19.8914 7.10389 79.8471 46.6594 
11.531 11.531 49.59 50.802 
6.18172 9.70719 0 1.29294 10.728 
0 2.04398 0 0 0.444523 18.3225 0 
19.8914 7.10314 79.8486 46.6587 
11.5316 11.5316 49.589 50.8015 
6.18208 9.70764 0 1.2935 10.7273 
0 2.04437 0 0 0.444534 18.3219 0 
19.8921 7.10321 79.8499 46.6575 
11.5315 11.5315 49.5886 50.801 
6.18228 9.70815 0 1.29374 10.7247 
0 2.04484 0 0 0.444539 18.3218 0 
19.8927 7.10406 79.849 46.6573 
11.531 11.531 49.5888 50.8002 
6.18239 9.70885 0 1.29363 10.7231 
0 2.04523 0 0 0.444527 18.322 0 
19.8937 7.10474 79.8472 46.6573 
11.5306 11.5306 49.5892 50.7995 
6.18276 9.7089 0 1.29323 10.7219 
0 2.04546 0 0 0.444539 18.3228 0 
19.8939 7.10557 79.8445 46.6586 
11.5312 11.5312 49.5894 50.7986 
6.1833 9.70803 0 1.29276 10.7221 
0 2.04544 0 0 0.444559 18.3234 0 
19.8939 7.10558 79.8422 46.6598 
11.5323 11.5323 49.5893 50.7981 
6.18408 9.70678 0 1.29242 10.7236 
0 2.04525 0 0 0.444614 18.3242 0 
19.8933 7.10548 79.842 46.6614 
11.5337 11.5337 49.5878 50.7977 
6.18467 9.70517 0 1.29236 10.725 
0 2.04506 0 0 0.444661 18.3238 0 
19.8922 7.10504 79.8422 46.6623 
11.5353 11.5353 49.5871 50.7973 
6.18502 9.70415 0 1.29247 10.7268 
0 2.04495 0 0 0.444715 18.3236 0 
308 variables; iteration 380; function evaluation 416; phase 1
Function value   3.2217234e+02; maximum gradient component mag   5.4274e-01
Var   Value    Gradient   |Var   Value    Gradient   |Var   Value    Gradient
  1 -2.06789  -1.2003e-02 |  2  0.18446   6.9699e-04 |  3  0.18981  -2.5288e-02
  4  0.19632  -6.9479e-02 |  5  0.19505  -2.6218e-02 |  6  0.19108  -4.2377e-02
  7  0.17770   2.6063e-02 |  8  0.17360  -1.0071e-02 |  9  0.17229  -7.0749e-02
 10  0.14841   6.3523e-03 | 11  0.12478   4.3689e-02 | 12  0.12670  -1.6450e-02
 13  0.10249  -5.7908e-02 | 14  0.05673  -9.5904e-03 | 15 -1.98892  -3.8976e-02
 16 -0.09732   1.8842e-02 | 17 -0.15680  -5.5830e-04 | 18 -0.23295  -1.6242e-05
 19 -1.24028   8.9371e-03 | 20 -0.35174  -1.5886e-03 | 21 -0.43705  -8.9902e-05
 22  0.09269  -2.1565e-03 | 23 -0.17993  -1.3549e-05 | 24 -2.00832   3.5910e-04
 25  0.08533  -3.7165e-03 | 26  0.12689   1.5874e-02 | 27  0.15330   1.3430e-02
 28  0.15576   7.8108e-03 | 29  0.14977  -1.2611e-02 | 30  0.15165   5.0051e-03
 31  0.15597  -8.0208e-03 | 32  0.14784  -6.1982e-03 | 33  0.12935  -6.0840e-03
 34  0.11299  -9.3794e-03 | 35  0.12288   2.6836e-03 | 36  0.11972   3.7373e-02
 37  0.08923   9.7195e-03 | 38  0.05231   9.1660e-03 | 39  0.00767  -3.8598e-03
 40 -0.03804   1.4202e-03 | 41 -1.90536   1.0802e-03 | 42 -1.84615   3.7892e-03
 43 -0.01642   1.5193e-02 | 44 -0.06543   1.1048e-02 | 45 -0.08977   4.8225e-03
 46 -0.16675   4.5682e-03 | 47 -0.18321  -9.2565e-04 | 48 -0.14564  -3.1958e-04
 49 -0.10848  -1.8996e-02 | 50 -0.06598  -1.9427e-02 | 51 -0.02867  -2.9596e-02
 52  0.01401   3.1351e-03 | 53 -0.00475   1.9832e-03 | 54  0.02934   1.2109e-02
 55 -2.02049  -5.5784e-03 | 56  0.03505   1.8105e-02 | 57  0.09990  -4.2913e-03
 58 -2.09279  -7.7617e-03 | 59  0.03753  -3.2541e-02 | 60 -0.10325   5.2432e-03
 61 -0.06555   1.9630e-03 | 62  0.02559   4.8156e-03 | 63 -0.03164   5.9338e-03
 64 -0.03528   1.4418e-02 | 65 -0.05177   1.8794e-02 | 66 -0.04580   2.4849e-02
 67 -0.06807   1.0134e-02 | 68 -0.05319   1.0152e-02 | 69 -0.07291   1.7912e-02
 70 -0.06254   1.0757e-02 | 71  0.04812   1.0867e-02 | 72  0.04548  -3.3497e-04
 73  0.00375   1.5052e-02 | 74 -0.00517   3.0805e-03 | 75  0.10152  -7.3958e-03
 76  0.08011   1.3620e-02 | 77 -0.02016   7.1124e-04 | 78 -0.05797  -4.0852e-03
 79  0.08406  -7.3227e-04 | 80  0.31552   1.2724e-02 | 81  0.99859  -3.7357e-03
 82 -0.12154  -5.4618e-03 | 83 -0.03907   2.8759e-03 | 84  1.95514  -9.9426e-03
 85 -0.03278   1.9162e-03 | 86  0.09729   1.6251e-02 | 87  0.21694   2.5572e-02
 88 -0.08213   1.6173e-02 | 89 -0.20261   1.3820e-02 | 90 -0.14821   1.3091e-02
 91 -0.04225   1.2724e-02 | 92 -0.01545   1.1673e-02 | 93  0.03972   6.1435e-03
 94  0.16203  -7.0725e-03 | 95  0.01348   3.0847e-03 | 96 -0.00231   5.9763e-03
 97  0.01647   9.4790e-03 | 98  0.10107   6.6674e-03 | 99  0.08628   2.1811e-02
100  0.09397   3.7530e-03 |101  0.10528  -1.3240e-02 |102 -0.09384   1.0321e-02
103 -0.11348   5.8349e-03 |104  0.05247  -3.8181e-03 |105  0.02417   9.2676e-03
106 -0.07754   9.1148e-03 |107 -0.06405   1.6148e-02 |108  0.08165   2.0597e-02
109  0.10040   1.2286e-02 |110  0.08722   1.9754e-02 |111  0.01005   1.2038e-02
112 -0.12566   1.3561e-02 |113 -0.13891   1.5235e-02 |114 -0.03612   2.0346e-02
115  0.11648   2.7520e-02 |116  0.02423   1.4136e-02 |117  0.09450   1.1994e-02
118  0.04536   3.6126e-03 |119 -0.01346   9.3008e-03 |120  0.00107   1.4200e-02
121  0.13034  -1.0921e-02 |122  0.20366   2.9675e-03 |123 -0.99914   8.7880e-03
124  0.10672   9.8732e-03 |125 -0.01229   1.3053e-02 |126 -0.16814   9.4518e-03
127  0.00809  -9.8220e-04 |128 -0.05301  -9.7891e-04 |129  0.05238  -9.7892e-04
130  0.06108  -9.7772e-04 |131 -0.06685  -9.7691e-04 |132 -0.05623  -9.7849e-04
133 -0.06519  -9.7718e-04 |134  0.03121  -9.8108e-04 |135  0.05889  -9.7804e-04
136 -0.05762  -9.7829e-04 |137  0.06621  -9.7693e-04 |138  0.06028  -9.7784e-04
139  0.09071  -9.7227e-04 |140  0.05574  -9.7848e-04 |141 -0.06853  -9.7664e-04
142  0.06965  -9.7636e-04 |143  0.06139  -9.7768e-04 |144  0.07258  -9.7586e-04
145  0.07009  -9.7629e-04 |146  0.07259  -9.7586e-04 |147  0.10807  -9.6809e-04
148 -0.07827  -9.7491e-04 |149 -0.06332  -9.7746e-04 |150 -0.04508  -9.7985e-04
151 -0.06111  -9.7780e-04 |152 -0.05122  -9.7913e-04 |153 -0.26851  -8.9637e-04
154 -0.05092  -9.7917e-04 |155 -0.00681  -9.8223e-04 |156  0.01111  -9.8212e-04
157  0.00704  -9.8222e-04 |158 -0.07750  -9.7506e-04 |159  0.07424  -9.7556e-04
160 -0.06897  -9.7656e-04 |161  0.07453  -9.7551e-04 |162  0.23652  -9.1511e-04
163 -0.07698  -9.7516e-04 |164  0.04179  -9.8014e-04 |165  0.05882  -9.7805e-04
166 -0.27684  -8.9104e-04 |167 -0.01984  -9.8182e-04 |168  0.05959  -9.7794e-04
169  0.00610   5.4274e-01 |170  0.01832  -5.7007e-02 |171  0.01274  -6.2124e-02
172  0.03517  -7.5337e-02 |173  0.08656  -3.5011e-02 |174  0.05002   4.4664e-02
175  0.04357  -6.0680e-02 |176  0.02420  -8.2983e-03 |177  0.03844  -2.1309e-02
178  0.10315  -8.5225e-02 |179  0.12914  -1.2812e-01 |180  0.12182  -1.4466e-02
181  0.06653  -7.7685e-03 |182 -0.00205  -2.8370e-02 |183 -0.06599  -4.7583e-02
184  0.03347   1.0862e-02 |185 -0.86170  -3.8659e-02 |186  0.01799  -6.3977e-02
187 -0.05605  -8.7686e-02 |188 -0.02119  -1.0136e-01 |189  0.03042  -6.0528e-02
190  0.03845  -7.3126e-02 |191  0.04122  -1.2624e-01 |192  0.02636  -6.1883e-02
193 -0.00346  -7.1536e-02 |194 -0.07640  -6.4416e-02 |195  0.00465  -9.4821e-02
196  0.06492  -6.9518e-02 |197  0.03275  -5.8155e-02 |198  0.01207  -4.2634e-02
199  0.01803  -8.1169e-02 |200  0.02217  -5.9311e-02 |201  0.02083  -2.2550e-02
202  0.12574  -3.5288e-02 |203  0.12250  -1.0842e-02 |204  0.10966  -5.8456e-02
205 -0.03611  -1.1642e-01 |206 -0.12169  -5.5832e-02 |207 -0.13198  -2.5207e-02
208 -0.08518  -4.2214e-02 |209 -0.03207  -6.6738e-02 |210  0.06585  -6.0267e-02
211 -0.26806  -5.9096e-02 |212 -0.05750  -9.9936e-02 |213  0.03412  -3.2512e-02
214 -0.03878  -2.3954e-08 |215 -0.63087  -1.2694e-02 |216 -0.77863   5.8057e-03
217  0.01789  -1.2610e-02 |218 -0.16287   7.1685e-03 |219 -0.24871   5.3695e-03
220 -0.05309  -1.8029e-03 |221  0.03772   3.1834e-03 |222  0.00018   2.5630e-04
223  0.00926   4.2199e-03 |224 -0.02785   1.1210e-03 |225 -0.03445  -1.9194e-03
226  0.09078   1.2222e-03 |227  0.07193   1.0392e-02 |228  0.19669   8.9313e-03
229  0.10528   5.0296e-03 |230  0.09883   2.1143e-02 |231  0.05090   3.9730e-03
232  0.05841  -1.0310e-02 |233  0.06583   1.9937e-03 |234  0.13111   1.7395e-03
235 -0.11958   1.7846e-03 |236 -0.12934   9.6255e-03 |237 -0.01051   2.1352e-02
238  0.01984   1.2389e-02 |239 -0.10125   4.8158e-03 |240 -0.15945  -1.2173e-03
241 -0.06666   1.2125e-04 |242  0.01338   3.2469e-04 |243  0.04499  -4.2733e-04
244 -0.02345  -2.6288e-03 |245 -0.12267   7.3652e-03 |246 -0.23227  -1.3758e-03
247 -0.10295  -2.5267e-03 |248  0.00279  -7.6232e-03 |249  0.05177  -9.5560e-04
250  0.08409   6.5761e-03 |251  0.05613   1.2966e-03 |252 -0.01605   8.1339e-03
253 -0.00345   1.4224e-03 |254  0.13309   1.0209e-02 |255  0.19934   8.2712e-03
256  0.23498   7.4983e-03 |257 -0.14673   8.9841e-03 |258  0.09610   7.3453e-02
259  0.14947  -3.4747e-02 |260 -0.86802  -3.3272e-04 |261 -0.84449  -2.1681e-02
262 -0.80841  -1.7517e-02 |263 -0.73445   1.2615e-02 |264  0.34547   2.6665e-02
265 -1.18329  -8.8413e-03 |266 -0.19302   2.9718e-02 |267 -0.00315   3.1138e-02
268  0.43168   2.4250e-02 |269  0.68276   1.4882e-02 |270 -0.37806   2.5807e-02
271  0.54742   2.0318e-02 |272  0.91411   4.1888e-03 |273 -0.55166   2.0161e-02
274  0.46308   2.3257e-02 |275  0.55539   2.0021e-02 |276 -0.30859   2.7551e-02
277 -0.26741   2.8431e-02 |278  0.52841   2.1014e-02 |279 -0.94713   2.5826e-03
280 -0.60506   1.8101e-02 |281 -0.05970   3.1001e-02 |282 -0.02463   3.1115e-02
283 -0.20664   2.9512e-02 |284 -0.01587   3.1128e-02 |285 -0.33997   2.6803e-02
286 -0.09966   3.0757e-02 |287  1.06815  -3.3276e-03 |288  0.43674   2.4093e-02
289  0.24313   2.8895e-02 |290  0.25538   2.8666e-02 |291 -0.26397   2.8499e-02
292 -0.09070   3.0822e-02 |293 -0.42880   2.4338e-02 |294  0.13901   3.0399e-02
295 -0.44229   2.3921e-02 |296  0.55605   1.9997e-02 |297 -0.05152   3.1036e-02
298 -0.51089   2.1638e-02 |299 -0.46828   2.3087e-02 |300  0.00644   3.1136e-02
301  0.69154   1.4504e-02 |302  0.25812   2.8613e-02 |303  0.47174   8.2655e-02
304  0.08312  -1.9513e-02 |305 -0.90627   1.0746e-01 |306  0.25388   1.3028e-02
307 -0.88439   9.6403e-02 |308 -0.52821   2.6391e-02 |
19.8922 7.10434 79.8444 46.6628 
11.5357 11.5357 49.5857 50.7971 
6.18484 9.70381 0 1.29264 10.7272 
0 2.04506 0 0 0.444744 18.3225 0 
19.892 7.10378 79.8463 46.6631 
11.5363 11.5363 49.5856 50.7965 
6.18413 9.70388 0 1.29265 10.7271 
0 2.04532 0 0 0.444751 18.3215 0 
19.8932 7.10299 79.8475 46.6632 
11.5362 11.5362 49.5864 50.7958 
6.18308 9.70438 0 1.29229 10.7264 
0 2.04564 0 0 0.444748 18.3209 0 
19.894 7.10223 79.8477 46.664 
11.5372 11.5372 49.5886 50.7947 
6.18181 9.7044 0 1.29155 10.7254 
0 2.04593 0 0 0.444724 18.3204 0 
19.8954 7.10175 79.8465 46.6644 
11.5379 11.5379 49.5915 50.794 
6.18089 9.70439 0 1.29066 10.7243 
0 2.04602 0 0 0.444702 18.3207 0 
19.8957 7.1009 79.845 46.6657 
11.5403 11.5403 49.5943 50.7931 
6.18009 9.70313 0 1.28938 10.724 
0 2.0459 0 0 0.444681 18.3217 0 
19.8949 7.10141 79.8446 46.6658 
11.5409 11.5409 49.5945 50.7935 
6.18045 9.70284 0 1.28926 10.7241 
0 2.04568 0 0 0.444662 18.3218 0 
19.8934 7.10191 79.8455 46.6657 
11.5412 11.5412 49.5937 50.7947 
6.18111 9.70272 0 1.28945 10.7242 
0 2.04542 0 0 0.444652 18.3213 0 
19.891 7.10299 79.8484 46.6647 
11.5399 11.5399 49.5919 50.797 
6.18201 9.70394 0 1.28966 10.7244 
0 2.04507 0 0 0.444631 18.3199 0 
19.8896 7.10289 79.8514 46.6637 
11.5376 11.5376 49.5906 50.799 
6.1822 9.70583 0 1.28968 10.7244 
0 2.04506 0 0 0.444633 18.3185 0 
308 variables; iteration 390; function evaluation 426; phase 1
Function value   3.2217173e+02; maximum gradient component mag  -3.7486e+00
Var   Value    Gradient   |Var   Value    Gradient   |Var   Value    Gradient
  1 -2.06472   4.7211e-02 |  2  0.18449  -9.5137e-02 |  3  0.18984   1.6333e-02
  4  0.19633  -6.3891e-02 |  5  0.19505  -3.4696e-02 |  6  0.19109   1.3253e-02
  7  0.17770   2.8152e-02 |  8  0.17362   3.0219e-02 |  9  0.17229  -5.9857e-02
 10  0.14843   3.8817e-02 | 11  0.12471  -4.9528e-02 | 12  0.12672  -1.7187e-02
 13  0.10241  -1.6008e-01 | 14  0.05683   4.8763e-02 | 15 -1.98853   4.5017e-03
 16 -0.09554   6.2870e-02 | 17 -0.15693  -2.4480e-04 | 18 -0.23316   1.3241e-05
 19 -1.32963   1.1994e-02 | 20 -0.33717  -2.7630e-04 | 21 -0.45493  -1.8655e-04
 22  0.09267  -5.4352e-03 | 23 -0.18004  -4.9653e-05 | 24 -2.00843  -3.8658e-03
 25  0.08536   6.2517e-03 | 26  0.12691   2.6635e-02 | 27  0.15331   5.8950e-03
 28  0.15579   3.4578e-02 | 29  0.14978  -1.7965e-02 | 30  0.15167   3.2952e-02
 31  0.15598  -1.4512e-02 | 32  0.14784  -3.0175e-02 | 33  0.12935  -5.1013e-03
 34  0.11303  -4.1136e-03 | 35  0.12289   2.0815e-02 | 36  0.11977   8.1321e-02
 37  0.08922   1.0459e-02 | 38  0.05232  -2.9647e-03 | 39  0.00768  -9.3306e-03
 40 -0.03802   8.8978e-03 | 41 -1.90540  -3.8069e-03 | 42 -1.84617   3.1676e-03
 43 -0.01657  -9.4022e-04 | 44 -0.06499   4.1806e-02 | 45 -0.08967   1.3852e-02
 46 -0.16672   6.2384e-03 | 47 -0.18325  -5.2854e-03 | 48 -0.14566  -1.4185e-05
 49 -0.10811   2.0584e-02 | 50 -0.06573   1.6521e-02 | 51 -0.02816   2.8000e-02
 52  0.01405   2.7305e-02 | 53 -0.00482   1.2659e-02 | 54  0.02925   4.2025e-02
 55 -2.01953   2.2172e-02 | 56  0.03533   7.4671e-02 | 57  0.10041   8.9419e-02
 58 -2.09146   2.8800e-02 | 59  0.03856   5.1186e-02 | 60 -0.10317   8.1611e-03
 61 -0.06562  -2.2076e-03 | 62  0.02582   3.1527e-02 | 63 -0.03166   4.8521e-03
 64 -0.03511   1.8328e-02 | 65 -0.05197  -1.3033e-02 | 66 -0.04653  -5.8228e-02
 67 -0.06777  -1.0496e-03 | 68 -0.05333  -3.6716e-02 | 69 -0.07334  -4.5297e-02
 70 -0.06266  -2.8646e-02 | 71  0.04846  -5.6624e-03 | 72  0.04533  -4.4962e-02
 73  0.00343  -3.4982e-02 | 74 -0.00533  -2.5134e-02 | 75  0.10159   3.9202e-03
 76  0.07993   3.8201e-02 | 77 -0.02025   1.9505e-02 | 78 -0.05761   2.9627e-02
 79  0.08425   1.2911e-02 | 80  0.31543   2.8433e-02 | 81  0.99709  -8.0594e-03
 82 -0.12165  -3.0163e-02 | 83 -0.03919  -2.3340e-02 | 84  1.95485  -2.5392e-03
 85 -0.03256  -5.2594e-02 | 86  0.09731  -4.2865e-02 | 87  0.21687  -4.8229e-02
 88 -0.08224  -3.8068e-02 | 89 -0.20254  -2.8285e-02 | 90 -0.14802  -2.5509e-02
 91 -0.04206  -2.3236e-02 | 92 -0.01546  -3.5230e-02 | 93  0.03964  -4.0787e-02
 94  0.16191  -3.5513e-02 | 95  0.01331  -3.6284e-02 | 96 -0.00261  -3.5634e-02
 97  0.01640  -2.8575e-02 | 98  0.10116  -2.0807e-02 | 99  0.08628   1.1819e-02
100  0.09384  -1.3345e-02 |101  0.10549   5.2234e-03 |102 -0.09365  -1.8099e-02
103 -0.11341  -3.0391e-02 |104  0.05226  -4.1386e-02 |105  0.02424  -1.9313e-02
106 -0.07759  -3.7167e-02 |107 -0.06419  -3.4365e-02 |108  0.08158  -2.0972e-02
109  0.10046  -2.5422e-02 |110  0.08715  -3.4913e-02 |111  0.01018  -4.2936e-02
112 -0.12561  -4.4846e-02 |113 -0.13905  -5.9865e-02 |114 -0.03598  -3.8193e-02
115  0.11637  -6.0074e-02 |116  0.02413  -5.9844e-02 |117  0.09470  -4.1489e-02
118  0.04514  -7.0155e-02 |119 -0.01340  -3.2321e-02 |120  0.00115  -1.4537e-02
121  0.13063   3.5135e-02 |122  0.20351   1.9138e-02 |123 -1.00381  -3.9787e-02
124  0.10675  -3.9973e-02 |125 -0.01236  -4.4174e-02 |126 -0.16823  -4.6982e-02
127  0.00816  -8.4455e-04 |128 -0.05301  -8.4173e-04 |129  0.05217  -8.4175e-04
130  0.06118  -8.4068e-04 |131 -0.06696  -8.3999e-04 |132 -0.05624  -8.4136e-04
133 -0.06528  -8.4022e-04 |134  0.03124  -8.4358e-04 |135  0.05897  -8.4096e-04
136 -0.05814  -8.4114e-04 |137  0.06627  -8.4001e-04 |138  0.06038  -8.4079e-04
139  0.09149  -8.3586e-04 |140  0.05578  -8.4135e-04 |141 -0.06869  -8.3975e-04
142  0.07039  -8.3942e-04 |143  0.06149  -8.4064e-04 |144  0.07255  -8.3910e-04
145  0.07010  -8.3946e-04 |146  0.07243  -8.3911e-04 |147  0.10893  -8.3222e-04
148 -0.07790  -8.3835e-04 |149 -0.06246  -8.4060e-04 |150 -0.04571  -8.4247e-04
151 -0.06159  -8.4071e-04 |152 -0.05138  -8.4190e-04 |153 -0.26756  -7.7129e-04
154 -0.05091  -8.4195e-04 |155 -0.00673  -8.4458e-04 |156  0.01117  -8.4448e-04
157  0.00711  -8.4456e-04 |158 -0.07686  -8.3852e-04 |159  0.07411  -8.3886e-04
160 -0.06914  -8.3969e-04 |161  0.07441  -8.3881e-04 |162  0.22948  -7.9019e-04
163 -0.07668  -8.3855e-04 |164  0.04180  -8.4277e-04 |165  0.05890  -8.4097e-04
166 -0.27346  -7.6807e-04 |167 -0.01976  -8.4423e-04 |168  0.05969  -8.4087e-04
169  0.00615  -3.7486e+00 |170  0.01832   3.9741e-02 |171  0.01263   4.2221e-02
172  0.03508   2.3751e-02 |173  0.08647   6.7156e-02 |174  0.04996   2.0015e-01
175  0.04351   1.0112e-01 |176  0.02409   7.0752e-02 |177  0.03834   1.0873e-01
178  0.10300   8.3310e-02 |179  0.12899  -1.1887e-02 |180  0.12162  -1.2084e-01
181  0.06635  -4.2513e-03 |182 -0.00212   1.0235e-01 |183 -0.06618   9.2894e-02
184  0.03330   6.4411e-02 |185 -0.85833   5.0347e-03 |186  0.01796   9.6770e-02
187 -0.05615   1.0177e-01 |188 -0.02128   8.0376e-02 |189  0.03029   5.6609e-02
190  0.03833   1.2615e-01 |191  0.04107   3.7716e-02 |192  0.02621   2.4495e-01
193 -0.00354   2.2134e-01 |194 -0.07653   1.4168e-01 |195  0.00451   7.3934e-02
196  0.06481   1.6655e-01 |197  0.03270   2.1760e-01 |198  0.01192   1.4317e-01
199  0.01790   1.2030e-01 |200  0.02207   1.2357e-01 |201  0.02066   4.7789e-02
202  0.12564   9.4403e-02 |203  0.12240  -3.2322e-02 |204  0.10953   7.5973e-02
205 -0.03550   2.3029e-01 |206 -0.12274   9.6980e-02 |207 -0.13222   3.3316e-02
208 -0.08531   1.0407e-01 |209 -0.03217   1.5614e-01 |210  0.06572   1.1784e-01
211 -0.26343   1.2714e-01 |212 -0.05747   8.7815e-01 |213  0.03411   5.0302e-01
214 -0.03877  -2.3948e-08 |215 -0.63076   2.7477e-02 |216 -0.77851  -4.4951e-02
217  0.01794  -2.1269e-01 |218 -0.16289   2.7030e-02 |219 -0.24869   5.2959e-03
220 -0.05311   2.0274e-02 |221  0.03768   3.4687e-02 |222  0.00015   2.9720e-02
223  0.00928   5.6556e-03 |224 -0.02783  -4.2211e-03 |225 -0.03440   1.7179e-03
226  0.09081  -8.8747e-04 |227  0.07197   2.2513e-02 |228  0.19670   2.2397e-02
229  0.10526   1.8810e-02 |230  0.09878   1.9706e-02 |231  0.05087   1.7880e-02
232  0.05840  -8.8342e-04 |233  0.06579  -3.7414e-03 |234  0.13113   3.4009e-02
235 -0.11956  -4.5096e-03 |236 -0.12930  -1.1332e-02 |237 -0.01050   2.6892e-02
238  0.01985   2.1451e-02 |239 -0.10123  -6.1677e-03 |240 -0.15942   2.5103e-03
241 -0.06666   7.7506e-03 |242  0.01338   4.0024e-03 |243  0.04495  -2.5692e-03
244 -0.02344   5.5199e-03 |245 -0.12266   1.7681e-02 |246 -0.23229   2.4203e-02
247 -0.10295   2.2268e-02 |248  0.00278   2.3649e-02 |249  0.05171   1.8951e-02
250  0.08412   3.1429e-02 |251  0.05613   2.5605e-02 |252 -0.01609   3.3350e-02
253 -0.00351   1.4849e-02 |254  0.13323   1.0221e-02 |255  0.19939   1.2994e-02
256  0.23491  -3.1734e-03 |257 -0.14668   9.4015e-03 |258  0.09609   2.8315e-01
259  0.14947  -3.1352e-02 |260 -0.86802   2.0809e-01 |261 -0.84448   6.9476e-02
262 -0.80895  -5.4758e-02 |263 -0.73534  -3.0491e-02 |264  0.34498  -6.4682e-02
265 -1.18346   2.1457e-02 |266 -0.19498  -7.1985e-02 |267 -0.00250  -7.5498e-02
268  0.43328  -5.8677e-02 |269  0.68057  -3.6312e-02 |270 -0.37600  -6.2709e-02
271  0.54965  -4.9064e-02 |272  0.91278  -1.0311e-02 |273 -0.55470  -4.8607e-02
274  0.46157  -5.6509e-02 |275  0.55477  -4.8601e-02 |276 -0.31056  -6.6692e-02
277 -0.26511  -6.9046e-02 |278  0.52823  -5.0966e-02 |279 -0.94774  -6.1907e-03
280 -0.60483  -4.3913e-02 |281 -0.05750  -7.5191e-02 |282 -0.02675  -7.5432e-02
283 -0.20322  -7.1685e-02 |284 -0.01389  -7.5480e-02 |285 -0.34144  -6.4898e-02
286 -0.10134  -7.4544e-02 |287  1.07118   8.4230e-03 |288  0.43800  -5.8324e-02
289  0.23825  -7.0273e-02 |290  0.25545  -6.9501e-02 |291 -0.26313  -6.9141e-02
292 -0.09401  -7.4677e-02 |293 -0.43075  -5.8866e-02 |294  0.14084  -7.3658e-02
295 -0.44469  -5.7817e-02 |296  0.55639  -4.8453e-02 |297 -0.04865  -7.5278e-02
298 -0.51002  -5.2538e-02 |299 -0.47057  -5.5795e-02 |300  0.00911  -7.5491e-02
301  0.69454  -3.4851e-02 |302  0.25967  -6.9305e-02 |303  0.47172   1.9081e-01
304  0.08314   5.9427e-02 |305 -0.90629  -9.1510e-03 |306  0.25386   3.4655e-03
307 -0.88438   5.3716e-01 |308 -0.52826   5.9473e-02 |
19.8889 7.10232 79.8552 46.662 
11.5329 11.5329 49.5902 50.8012 
6.18169 9.70969 0 1.28906 10.7247 
0 2.04517 0 0 0.444644 18.3167 0 
19.8894 7.10011 79.8576 46.6603 
11.5276 11.5276 49.5916 50.8029 
6.18046 9.71388 0 1.28772 10.725 
0 2.04556 0 0 0.444686 18.3161 0 
19.8904 7.09782 79.8572 46.6589 
11.5234 11.5234 49.5952 50.8034 
6.17892 9.71734 0 1.28562 10.7258 
0 2.04588 0 0 0.444732 18.3168 0 
19.8917 7.09441 79.8537 46.658 
11.5207 11.5207 49.6009 50.8033 
6.17737 9.71924 0 1.28272 10.7266 
0 2.04629 0 0 0.444798 18.32 0 
19.8915 7.09184 79.8471 46.6577 
11.5206 11.5206 49.609 50.8023 
6.17631 9.71934 0 1.27883 10.7279 
0 2.04651 0 0 0.444838 18.3248 0 
19.8905 7.09012 79.8375 46.6582 
11.5222 11.5222 49.6173 50.8013 
6.17636 9.71693 0 1.27469 10.7287 
0 2.04669 0 0 0.444854 18.3321 0 
19.8846 7.09386 79.828 46.6601 
11.5285 11.5285 49.6227 50.7998 
6.17889 9.71058 0 1.27242 10.7287 
0 2.0465 0 0 0.444742 18.338 0 
19.8805 7.10438 79.8218 46.663 
11.5372 11.5372 49.6138 50.7989 
6.18337 9.70157 0 1.27723 10.7265 
0 2.04581 0 0 0.444552 18.3399 0 
19.8788 7.10896 79.8245 46.6643 
11.5368 11.5368 49.6081 50.799 
6.18589 9.70068 0 1.27974 10.7253 
0 2.04552 0 0 0.444441 18.3373 0 
19.8771 7.11488 79.8354 46.6655 
11.5332 11.5332 49.597 50.7999 
6.1883 9.70286 0 1.28485 10.722 
0 2.04542 0 0 0.444312 18.328 0 
308 variables; iteration 400; function evaluation 436; phase 1
Function value   3.2216729e+02; maximum gradient component mag  -1.6905e+00
Var   Value    Gradient   |Var   Value    Gradient   |Var   Value    Gradient
  1 -2.05898   1.2688e-01 |  2  0.18494   3.5168e-01 |  3  0.18964  -1.5837e-01
  4  0.19646   5.2562e-02 |  5  0.19504  -1.4361e-01 |  6  0.19110  -1.7110e-01
  7  0.17775   9.0636e-02 |  8  0.17363  -1.3149e-02 |  9  0.17233  -9.5001e-02
 10  0.14848   6.4178e-02 | 11  0.12479   2.2320e-02 | 12  0.12679   3.2294e-02
 13  0.10254  -9.1918e-02 | 14  0.05681  -2.4378e-02 | 15 -1.98916  -7.2541e-02
 16 -0.09826  -2.1041e-03 | 17 -0.15681  -4.2470e-04 | 18 -0.23283   3.6726e-07
 19 -1.70356   9.9063e-03 | 20 -0.28771   8.9750e-03 | 21 -0.52668  -3.3490e-04
 22  0.09283   1.8204e-02 | 23 -0.18008  -6.6880e-05 | 24 -2.00883  -1.8023e-02
 25  0.08511  -5.2519e-02 | 26  0.12695   5.6552e-02 | 27  0.15330   2.9092e-02
 28  0.15578   9.0121e-02 | 29  0.14976  -4.3324e-02 | 30  0.15163  -1.5576e-02
 31  0.15594  -3.0881e-02 | 32  0.14784  -1.0508e-02 | 33  0.12937   3.0220e-02
 34  0.11297  -1.6077e-02 | 35  0.12284  -2.6813e-02 | 36  0.11975   2.2580e-01
 37  0.08924  -5.0993e-02 | 38  0.05237   4.3546e-02 | 39  0.00769  -3.0383e-02
 40 -0.03812   3.7233e-03 | 41 -1.90509  -7.3597e-03 | 42 -1.84655  -2.4644e-03
 43 -0.01546   1.5198e-01 | 44 -0.06566   6.9198e-02 | 45 -0.08995   6.1022e-02
 46 -0.16725   2.4846e-02 | 47 -0.18358   3.0938e-02 | 48 -0.14577   6.1622e-02
 49 -0.10887   2.9581e-02 | 50 -0.06555   1.1205e-01 | 51 -0.02786   1.3522e-01
 52  0.01351   4.0376e-02 | 53 -0.00400   7.3338e-02 | 54  0.02923   2.8239e-02
 55 -2.02098  -1.0779e-01 | 56  0.03397   3.2726e-02 | 57  0.10101   2.3119e-01
 58 -2.09044  -9.0366e-02 | 59  0.03964   2.6959e-01 | 60 -0.10309   1.1369e-01
 61 -0.06560   9.7724e-02 | 62  0.02590   1.2427e-01 | 63 -0.03200   6.2813e-02
 64 -0.03668  -1.1216e-02 | 65 -0.05132   1.3007e-01 | 66 -0.04502   1.6736e-01
 67 -0.06785   1.1708e-01 | 68 -0.05366   6.7141e-02 | 69 -0.07308   1.0193e-01
 70 -0.06241   1.2409e-01 | 71  0.04728   8.3190e-02 | 72  0.04545   9.8252e-02
 73  0.00417   1.1378e-01 | 74 -0.00528   5.0977e-02 | 75  0.10119   2.4111e-03
 76  0.08019   6.0827e-02 | 77 -0.02042   4.5976e-02 | 78 -0.05795   6.5558e-02
 79  0.08450   8.9506e-02 | 80  0.31529  -1.1361e-02 | 81  0.98749  -3.3091e-02
 82 -0.12160   6.3930e-02 | 83 -0.03920   6.8924e-02 | 84  1.95430  -1.1928e-01
 85 -0.03289  -1.3449e-01 | 86  0.09726  -1.1161e-01 | 87  0.21685  -1.0614e-01
 88 -0.08220  -1.0302e-01 | 89 -0.20262  -1.0186e-01 | 90 -0.14798  -9.4939e-02
 91 -0.04202  -1.0967e-01 | 92 -0.01539  -1.1883e-01 | 93  0.03974  -1.1256e-01
 94  0.16205  -8.9417e-02 | 95  0.01341  -1.1414e-01 | 96 -0.00239  -1.1699e-01
 97  0.01648  -1.2077e-01 | 98  0.10120  -1.5606e-01 | 99  0.08596  -1.6620e-01
100  0.09386  -1.5229e-01 |101  0.10564  -5.7737e-02 |102 -0.09363  -6.9857e-02
103 -0.11350  -8.4671e-02 |104  0.05178  -9.9953e-02 |105  0.02422  -7.4659e-02
106 -0.07762  -1.2050e-01 |107 -0.06387  -1.0053e-01 |108  0.08203  -7.6695e-02
109  0.10013  -1.0657e-01 |110  0.08733  -8.1392e-02 |111  0.00967  -1.2402e-01
112 -0.12576  -9.7359e-02 |113 -0.13901  -1.0115e-01 |114 -0.03606  -8.0412e-02
115  0.11664  -2.0507e-02 |116  0.02429  -7.4760e-02 |117  0.09449  -9.9088e-02
118  0.04529  -1.4314e-01 |119 -0.01340  -1.2115e-01 |120  0.00079  -1.4147e-01
121  0.13059  -1.3147e-01 |122  0.20355  -1.4196e-01 |123 -1.00700  -7.2466e-02
124  0.10676  -1.1902e-01 |125 -0.01218  -9.9788e-02 |126 -0.16819  -1.0818e-01
127  0.01093   1.9371e-02 |128 -0.05424   1.9304e-02 |129  0.05271   1.9308e-02
130  0.06460   1.9274e-02 |131 -0.07022   1.9256e-02 |132 -0.05791   1.9294e-02
133 -0.06828   1.9263e-02 |134  0.03388   1.9347e-02 |135  0.06224   1.9281e-02
136 -0.05952   1.9289e-02 |137  0.06899   1.9260e-02 |138  0.06381   1.9277e-02
139  0.09637   1.9152e-02 |140  0.05857   1.9292e-02 |141 -0.07220   1.9249e-02
142  0.07544   1.9238e-02 |143  0.06489   1.9273e-02 |144  0.07382   1.9244e-02
145  0.07202   1.9250e-02 |146  0.07249   1.9248e-02 |147  0.11167   1.9077e-02
148 -0.08039   1.9220e-02 |149 -0.06167   1.9283e-02 |150 -0.04513   1.9325e-02
151 -0.06355   1.9277e-02 |152 -0.04511   1.9325e-02 |153 -0.27827   1.7552e-02
154 -0.05186   1.9310e-02 |155 -0.00422   1.9373e-02 |156  0.01395   1.9369e-02
157  0.00987   1.9372e-02 |158 -0.07887   1.9225e-02 |159  0.07430   1.9242e-02
160 -0.07272   1.9248e-02 |161  0.07472   1.9241e-02 |162  0.19333   1.8488e-02
163 -0.07901   1.9225e-02 |164  0.04437   1.9327e-02 |165  0.06216   1.9282e-02
166 -0.26988   1.7659e-02 |167 -0.01782   1.9366e-02 |168  0.06308   1.9279e-02
169  0.00633  -3.1255e-01 |170  0.01804   3.9674e-03 |171  0.01226   1.3641e-01
172  0.03471   8.3020e-02 |173  0.08618   3.6373e-01 |174  0.04952  -3.8387e-02
175  0.04328   1.1218e-01 |176  0.02370  -9.5257e-02 |177  0.03815   7.1286e-02
178  0.10272   2.3670e-01 |179  0.12880   6.4260e-01 |180  0.12144   2.8952e-01
181  0.06591  -4.7751e-01 |182 -0.00224   8.6210e-02 |183 -0.06706  -1.6109e-01
184  0.03296  -3.5803e-01 |185 -0.84661  -1.8420e-02 |186  0.01768   2.1618e-01
187 -0.05650   3.3949e-02 |188 -0.02167  -7.7804e-02 |189  0.02994  -3.8826e-03
190  0.03800   2.0712e-01 |191  0.04081   2.7005e-02 |192  0.02596  -1.0752e-01
193 -0.00395  -9.8838e-02 |194 -0.07680   4.4912e-02 |195  0.00410  -1.6542e-01
196  0.06441  -2.9339e-01 |197  0.03224  -5.6063e-02 |198  0.01159   4.5077e-02
199  0.01766   2.1056e-01 |200  0.02174   1.6088e-01 |201  0.02036   9.6378e-02
202  0.12530   6.1483e-02 |203  0.12206   7.2592e-02 |204  0.10925   1.8990e-01
205 -0.03657  -8.6155e-02 |206 -0.12296   4.3254e-03 |207 -0.13204   1.8422e-01
208 -0.08565   7.9193e-02 |209 -0.03248   3.8946e-02 |210  0.06541   2.3949e-02
211 -0.25196   4.0900e-02 |212 -0.05742   4.2156e-01 |213  0.03411  -8.5043e-02
214 -0.03874  -2.3924e-08 |215 -0.63083   8.4636e-02 |216 -0.77857  -6.6538e-03
217  0.01767   4.1685e-01 |218 -0.16289   6.5054e-03 |219 -0.24877  -4.6161e-02
220 -0.05314  -3.4389e-02 |221  0.03764  -1.8050e-02 |222  0.00014   5.9498e-04
223  0.00925  -3.0272e-02 |224 -0.02785  -2.7601e-02 |225 -0.03441  -8.1527e-03
226  0.09079  -2.7555e-03 |227  0.07193  -2.1373e-02 |228  0.19663  -2.0057e-02
229  0.10528  -1.1130e-02 |230  0.09889  -5.1240e-03 |231  0.05110   3.7291e-02
232  0.05846   2.6875e-02 |233  0.06579   1.6532e-02 |234  0.13105  -1.4733e-02
235 -0.11954  -6.3887e-02 |236 -0.12929  -9.3837e-02 |237 -0.01063  -3.7858e-02
238  0.01956  -6.9271e-02 |239 -0.10137  -6.2120e-02 |240 -0.15949  -2.4967e-02
241 -0.06655  -1.7350e-02 |242  0.01340  -3.7053e-02 |243  0.04496  -4.5520e-02
244 -0.02346  -7.7647e-03 |245 -0.12268  -1.5108e-02 |246 -0.23221  -4.6089e-02
247 -0.10288  -1.5711e-02 |248  0.00284  -5.1607e-02 |249  0.05183  -6.0608e-02
250  0.08414  -3.7433e-02 |251  0.05615  -4.2130e-02 |252 -0.01602  -2.1594e-03
253 -0.00353   5.0020e-03 |254  0.13316   1.4507e-02 |255  0.19946   9.0730e-04
256  0.23487  -5.4622e-02 |257 -0.14664   4.0610e-02 |258  0.09611  -1.6905e+00
259  0.14949   2.0024e-01 |260 -0.86802   2.9803e-01 |261 -0.84448  -1.8589e-02
262 -0.80618   1.0950e-01 |263 -0.73140  -4.5103e-03 |264  0.34676  -9.4198e-03
265 -1.18433   3.1446e-03 |266 -0.19936  -1.0478e-02 |267 -0.00117  -1.1014e-02
268  0.43972  -8.4892e-03 |269  0.66840  -5.4807e-03 |270 -0.37006  -9.2047e-03
271  0.55186  -7.1282e-03 |272  0.91001  -1.5514e-03 |273 -0.56315  -6.9783e-03
274  0.46204  -8.2380e-03 |275  0.55706  -7.0593e-03 |276 -0.31762  -9.6711e-03
277 -0.26175  -1.0096e-02 |278  0.52433  -7.4844e-03 |279 -0.95379  -7.9925e-04
280 -0.60073  -6.4634e-03 |281 -0.05648  -1.0970e-02 |282 -0.03133  -1.1000e-02
283 -0.19312  -1.0511e-02 |284 -0.01472  -1.1011e-02 |285 -0.34163  -9.4654e-03
286 -0.11099  -1.0847e-02 |287  1.08005   1.3808e-03 |288  0.43960  -8.4904e-03
289  0.23533  -1.0270e-02 |290  0.25592  -1.0136e-02 |291 -0.25580  -1.0136e-02
292 -0.09664  -1.0887e-02 |293 -0.43521  -8.5387e-03 |294  0.13711  -1.0759e-02
295 -0.45244  -8.3474e-03 |296  0.55428  -7.0963e-03 |297 -0.03782  -1.0994e-02
298 -0.50251  -7.7571e-03 |299 -0.47990  -8.0297e-03 |300  0.01156  -1.1012e-02
301  0.70216  -4.9666e-03 |302  0.26353  -1.0083e-02 |303  0.47177  -1.0485e+00
304  0.08311  -2.1386e-02 |305 -0.90628   6.4023e-02 |306  0.25390   1.0886e-02
307 -0.88439   7.0240e-01 |308 -0.52818   2.4559e-01 |
19.8814 7.12029 79.8491 46.6668 
11.5243 11.5243 49.5826 50.8007 
6.18866 9.70962 0 1.29216 10.7187 
0 2.04515 0 0 0.444242 18.3153 0 
19.8839 7.11905 79.8519 46.6671 
11.5223 11.5223 49.5814 50.8001 
6.18708 9.71164 0 1.29396 10.7173 
0 2.04538 0 0 0.444303 18.3117 0 
19.8895 7.11478 79.8545 46.6666 
11.5209 11.5209 49.5811 50.7989 
6.18364 9.71438 0 1.29632 10.7166 
0 2.04555 0 0 0.444459 18.3077 0 
19.8953 7.11057 79.8505 46.6665 
11.5207 11.5207 49.5852 50.7971 
6.18064 9.71534 0 1.29629 10.7179 
0 2.04535 0 0 0.444597 18.309 0 
19.8955 7.10496 79.8459 46.6653 
11.5268 11.5268 49.5926 50.796 
6.17875 9.71167 0 1.29502 10.7199 
0 2.04527 0 0 0.444709 18.3122 0 
19.8951 7.10203 79.8419 46.664 
11.5322 11.5322 49.5969 50.7957 
6.17811 9.70808 0 1.29449 10.7225 
0 2.04492 0 0 0.44474 18.315 0 
19.8921 7.10184 79.8406 46.6628 
11.5362 11.5362 49.5984 50.7964 
6.17878 9.70506 0 1.29447 10.7245 
0 2.04474 0 0 0.444676 18.3159 0 
19.8899 7.10288 79.8401 46.6622 
11.5375 11.5375 49.5977 50.7976 
6.17976 9.70393 0 1.29467 10.7259 
0 2.04476 0 0 0.444587 18.3158 0 
19.8884 7.10457 79.8393 46.6618 
11.537 11.537 49.5964 50.7989 
6.18073 9.70424 0 1.29459 10.7267 
0 2.04486 0 0 0.444489 18.3155 0 
19.8883 7.10544 79.8376 46.662 
11.5359 11.5359 49.5952 50.8001 
6.1814 9.70528 0 1.29402 10.7268 
0 2.04509 0 0 0.444432 18.3157 0 
308 variables; iteration 410; function evaluation 446; phase 1
Function value   3.2216537e+02; maximum gradient component mag   6.0508e-01
Var   Value    Gradient   |Var   Value    Gradient   |Var   Value    Gradient
  1 -2.06213   8.9507e-02 |  2  0.18452  -1.3203e-01 |  3  0.18982   2.7867e-02
  4  0.19639   9.6988e-02 |  5  0.19505   1.7864e-02 |  6  0.19110   5.0452e-02
  7  0.17770   4.3726e-02 |  8  0.17361   1.8811e-02 |  9  0.17229  -4.5669e-02
 10  0.14841  -8.2766e-04 | 11  0.12473  -3.3612e-02 | 12  0.12671   7.3533e-03
 13  0.10250  -6.2240e-02 | 14  0.05677  -2.0863e-02 | 15 -1.98876   5.2945e-03
 16 -0.10089  -6.3203e-02 | 17 -0.15627   5.9849e-04 | 18 -0.23250   5.7305e-05
 19 -1.72940   1.8381e-03 | 20 -0.29640   6.4163e-03 | 21 -0.52942  -3.3875e-04
 22  0.09277   8.1836e-03 | 23 -0.17997  -2.5505e-05 | 24 -2.00849  -4.8131e-03
 25  0.08536   2.8289e-03 | 26  0.12690  -1.1415e-02 | 27  0.15332  -1.4145e-02
 28  0.15577  -9.3680e-03 | 29  0.14980  -2.1379e-03 | 30  0.15167   7.0217e-03
 31  0.15599  -5.6743e-03 | 32  0.14787   6.4033e-03 | 33  0.12938   1.4128e-02
 34  0.11301  -1.9096e-02 | 35  0.12290  -1.1167e-02 | 36  0.11977  -9.1815e-03
 37  0.08932  -1.2167e-02 | 38  0.05237   1.3181e-02 | 39  0.00775   4.6161e-03
 40 -0.03821   1.1080e-03 | 41 -1.90518  -2.6468e-03 | 42 -1.84647   2.1664e-03
 43 -0.01651   3.2946e-02 | 44 -0.06495   7.3909e-02 | 45 -0.08948   5.4670e-02
 46 -0.16654   4.6923e-02 | 47 -0.18302   4.1956e-02 | 48 -0.14552   3.9999e-02
 49 -0.10832   2.3856e-02 | 50 -0.06606   1.6251e-03 | 51 -0.02881  -1.1847e-02
 52  0.01406   3.7059e-02 | 53 -0.00461   4.7177e-02 | 54  0.02930   5.6075e-02
 55 -2.02017  -2.9602e-02 | 56  0.03511   6.5379e-02 | 57  0.10008   5.2670e-02
 58 -2.09243  -2.1892e-02 | 59  0.03773   1.3634e-03 | 60 -0.10346   2.2963e-03
 61 -0.06572  -3.1891e-03 | 62  0.02594   1.3960e-02 | 63 -0.03145   1.5362e-02
 64 -0.03590  -4.0429e-02 | 65 -0.05184  -4.1842e-04 | 66 -0.04629  -2.8723e-02
 67 -0.06793   1.2548e-02 | 68 -0.05318   3.7173e-03 | 69 -0.07299   1.0220e-02
 70 -0.06251   1.5928e-02 | 71  0.04804   6.7479e-03 | 72  0.04566   1.7532e-02
 73  0.00362   2.2008e-02 | 74 -0.00521   2.3958e-02 | 75  0.10166   3.9837e-02
 76  0.07970   3.4999e-02 | 77 -0.02012   3.5206e-02 | 78 -0.05807   1.3679e-02
 79  0.08434   3.7870e-02 | 80  0.31549   3.6642e-02 | 81  0.99305  -1.8964e-02
 82 -0.12140   2.6955e-02 | 83 -0.03904   2.6706e-02 | 84  1.95518  -2.9639e-02
 85 -0.03196   2.2221e-02 | 86  0.09718   9.4259e-03 | 87  0.21678   2.4367e-03
 88 -0.08242   3.2433e-03 | 89 -0.20271   7.0643e-03 | 90 -0.14821   7.5319e-03
 91 -0.04228   6.5325e-03 | 92 -0.01556  -3.1797e-04 | 93  0.03974   7.6171e-03
 94  0.16200  -2.2468e-03 | 95  0.01352  -1.6730e-04 | 96 -0.00235   1.5796e-03
 97  0.01642   5.6982e-03 | 98  0.10111   1.6508e-02 | 99  0.08629   3.5156e-02
100  0.09381  -3.3516e-03 |101  0.10552   2.0529e-02 |102 -0.09386   1.7540e-04
103 -0.11349   1.4744e-04 |104  0.05233  -1.7982e-02 |105  0.02412  -1.3120e-02
106 -0.07752  -1.0019e-02 |107 -0.06415  -1.1448e-02 |108  0.08160  -1.5064e-02
109  0.10049  -1.6417e-02 |110  0.08723  -1.5806e-02 |111  0.01011  -1.1390e-02
112 -0.12564  -7.8366e-03 |113 -0.13884  -6.5893e-03 |114 -0.03612  -1.6305e-02
115  0.11637  -4.0095e-02 |116  0.02417  -1.5776e-02 |117  0.09448  -9.8731e-03
118  0.04532  -1.1606e-02 |119 -0.01331   1.3417e-02 |120  0.00111   1.4283e-02
121  0.13046   1.5451e-02 |122  0.20361   2.0439e-02 |123 -0.99995  -4.7675e-03
124  0.10674   7.6524e-03 |125 -0.01238  -1.9353e-03 |126 -0.16817  -1.3815e-03
127  0.01170  -2.7294e-04 |128 -0.05412  -2.7204e-04 |129  0.05327  -2.7200e-04
130  0.06488  -2.7153e-04 |131 -0.07041  -2.7137e-04 |132 -0.05785  -2.7190e-04
133 -0.06843  -2.7146e-04 |134  0.03460  -2.7257e-04 |135  0.06258  -2.7163e-04
136 -0.05954  -2.7183e-04 |137  0.06916  -2.7134e-04 |138  0.06411  -2.7157e-04
139  0.09547  -2.6987e-04 |140  0.05899  -2.7178e-04 |141 -0.07244  -2.7127e-04
142  0.07590  -2.7101e-04 |143  0.06517  -2.7152e-04 |144  0.07385  -2.7111e-04
145  0.07210  -2.7120e-04 |146  0.07262  -2.7117e-04 |147  0.10968  -2.6888e-04
148 -0.08062  -2.7085e-04 |149 -0.06147  -2.7176e-04 |150 -0.04491  -2.7234e-04
151 -0.06366  -2.7167e-04 |152 -0.04407  -2.7236e-04 |153 -0.27980  -2.4723e-04
154 -0.05170  -2.7212e-04 |155 -0.00350  -2.7299e-04 |156  0.01472  -2.7291e-04
157  0.01064  -2.7295e-04 |158 -0.07904  -2.7094e-04 |159  0.07435  -2.7108e-04
160 -0.07297  -2.7124e-04 |161  0.07475  -2.7106e-04 |162  0.19256  -2.6048e-04
163 -0.07922  -2.7093e-04 |164  0.04501  -2.7228e-04 |165  0.06250  -2.7164e-04
166 -0.27436  -2.4821e-04 |167 -0.01720  -2.7290e-04 |168  0.06340  -2.7160e-04
169  0.00632   6.0508e-01 |170  0.01804  -1.6545e-01 |171  0.01230  -6.4081e-02
172  0.03476  -3.1108e-02 |173  0.08614  -1.7637e-02 |174  0.04957  -6.1436e-02
175  0.04315  -7.1423e-03 |176  0.02379   8.1439e-02 |177  0.03798  -8.4298e-03
178  0.10270  -7.4927e-02 |179  0.12868  -2.1338e-01 |180  0.12136  -1.1072e-01
181  0.06608  -5.7794e-02 |182 -0.00246  -1.9258e-02 |183 -0.06649  -4.7843e-02
184  0.03303   5.8995e-02 |185 -0.84635  -3.7462e-02 |186  0.01758   8.6869e-02
187 -0.05645   3.3652e-02 |188 -0.02159   1.2490e-02 |189  0.02997  -4.7326e-03
190  0.03798   6.8130e-02 |191  0.04079   8.8567e-02 |192  0.02590   5.7927e-02
193 -0.00386   1.0604e-02 |194 -0.07687  -2.9628e-02 |195  0.00423   1.8265e-02
196  0.06448  -1.0094e-02 |197  0.03235   1.0740e-02 |198  0.01161  -4.4343e-02
199  0.01760  -4.6208e-02 |200  0.02174  -2.5932e-02 |201  0.02034  -7.1027e-02
202  0.12526  -8.1014e-02 |203  0.12207  -2.6863e-03 |204  0.10923  -4.8276e-02
205 -0.03633  -3.8995e-02 |206 -0.12213  -2.8756e-02 |207 -0.13261  -7.7760e-02
208 -0.08562  -4.1621e-02 |209 -0.03249  -2.3976e-02 |210  0.06540  -2.7893e-02
211 -0.25305  -3.2271e-02 |212 -0.05751  -2.0549e-01 |213  0.03412  -7.2113e-03
214 -0.03873  -2.3922e-08 |215 -0.63074   2.1576e-02 |216 -0.77846   1.2581e-02
217  0.01774   3.9048e-02 |218 -0.16285  -9.9965e-03 |219 -0.24863  -1.9717e-02
220 -0.05315   4.6691e-03 |221  0.03754   6.3149e-03 |222  0.00006   1.4973e-02
223  0.00926  -1.2423e-02 |224 -0.02783  -1.0919e-02 |225 -0.03439   4.7804e-03
226  0.09081   1.9590e-03 |227  0.07190  -8.5605e-03 |228  0.19666   1.2764e-03
229  0.10530   1.1401e-02 |230  0.09882   1.4302e-02 |231  0.05090   4.2246e-03
232  0.05842  -1.5937e-02 |233  0.06582  -5.4231e-03 |234  0.13112   3.2675e-03
235 -0.11948   1.3120e-02 |236 -0.12928  -1.8278e-03 |237 -0.01056  -8.6215e-04
238  0.01976   1.0704e-02 |239 -0.10124   1.3407e-02 |240 -0.15940   1.9458e-02
241 -0.06665   2.8199e-02 |242  0.01336   2.0862e-02 |243  0.04498   1.0412e-02
244 -0.02344   1.8750e-02 |245 -0.12265   1.4699e-02 |246 -0.23220   8.7142e-03
247 -0.10288   8.4600e-03 |248  0.00281   1.6526e-02 |249  0.05175   1.5907e-02
250  0.08407   1.2673e-02 |251  0.05614   1.2915e-02 |252 -0.01604   6.9700e-03
253 -0.00348  -4.0788e-03 |254  0.13310   1.5437e-03 |255  0.19936   1.3391e-04
256  0.23495  -2.1169e-03 |257 -0.14669   4.7091e-03 |258  0.09611  -1.1941e-01
259  0.14948   1.0320e-01 |260 -0.86802   8.9596e-02 |261 -0.84448  -1.6791e-03
262 -0.80708   1.2616e-02 |263 -0.72801   2.9325e-02 |264  0.34701   6.0515e-02
265 -1.18367  -2.0136e-02 |266 -0.19628   6.7433e-02 |267 -0.00318   7.0770e-02
268  0.43937   5.4574e-02 |269  0.66957   3.5106e-02 |270 -0.37144   5.9062e-02
271  0.54952   4.6002e-02 |272  0.90933   1.0046e-02 |273 -0.56240   4.4904e-02
274  0.46430   5.2768e-02 |275  0.55575   4.5474e-02 |276 -0.31602   6.2228e-02
277 -0.26340   6.4799e-02 |278  0.52269   4.8227e-02 |279 -0.95326   5.1903e-03
280 -0.60123   4.1487e-02 |281 -0.05848   7.0472e-02 |282 -0.03113   7.0686e-02
283 -0.19342   6.7529e-02 |284 -0.01601   7.0748e-02 |285 -0.33986   6.0923e-02
286 -0.11075   6.9702e-02 |287  1.07909  -8.7697e-03 |288  0.43831   5.4649e-02
289  0.23838   6.5867e-02 |290  0.25606   6.5123e-02 |291 -0.25386   6.5218e-02
292 -0.09357   7.0007e-02 |293 -0.43299   5.5023e-02 |294  0.13543   6.9175e-02
295 -0.45084   5.3754e-02 |296  0.55388   4.5633e-02 |297 -0.03802   7.0644e-02
298 -0.50381   4.9742e-02 |299 -0.47997   5.1592e-02 |300  0.00954   7.0763e-02
301  0.69941   3.2188e-02 |302  0.26174   6.4873e-02 |303  0.47175  -1.2157e-01
304  0.08309  -1.1069e-02 |305 -0.90628  -2.0215e-03 |306  0.25391  -1.2250e-02
307 -0.88440   9.1599e-02 |308 -0.52825   3.4276e-02 |
19.8894 7.10616 79.8353 46.6624 
11.5347 11.5347 49.5943 50.8009 
6.18177 9.70711 0 1.29364 10.7258 
0 2.04529 0 0 0.444414 18.3155 0 
19.891 7.10554 79.8347 46.6624 
11.5345 11.5345 49.5943 50.8009 
6.18146 9.70764 0 1.29305 10.7246 
0 2.04529 0 0 0.444474 18.3163 0 
19.893 7.10481 79.8348 46.6626 
11.5352 11.5352 49.5937 50.8004 
6.1809 9.7079 0 1.29244 10.7228 
0 2.04511 0 0 0.444574 18.3172 0 
19.8947 7.10457 79.8358 46.662 
11.5362 11.5362 49.5926 50.8001 
6.18051 9.7074 0 1.29209 10.7209 
0 2.04485 0 0 0.444683 18.3184 0 
19.8948 7.10502 79.8372 46.6613 
11.537 11.537 49.5912 50.7998 
6.18046 9.7067 0 1.29206 10.7204 
0 2.04461 0 0 0.444724 18.3192 0 
19.894 7.10616 79.8392 46.6598 
11.5373 11.5373 49.5892 50.7998 
6.18072 9.70548 0 1.29195 10.721 
0 2.04441 0 0 0.444734 18.3209 0 
19.8923 7.10691 79.8401 46.659 
11.5365 11.5365 49.5879 50.7997 
6.18109 9.70484 0 1.29157 10.723 
0 2.04441 0 0 0.444692 18.3229 0 
19.8907 7.10695 79.8396 46.6588 
11.5344 11.5344 49.5874 50.7999 
6.18148 9.7048 0 1.2907 10.7255 
0 2.04471 0 0 0.444633 18.3257 0 
19.8897 7.10598 79.838 46.6597 
11.5322 11.5322 49.5878 50.7999 
6.18167 9.70548 0 1.28965 10.7275 
0 2.04513 0 0 0.444587 18.3282 0 
19.8901 7.10452 79.8361 46.6611 
11.5304 11.5304 49.5887 50.7998 
6.18173 9.70647 0 1.28877 10.7279 
0 2.04563 0 0 0.444579 18.3301 0 
308 variables; iteration 420; function evaluation 456; phase 1
Function value   3.2216490e+02; maximum gradient component mag   2.1414e-01
Var   Value    Gradient   |Var   Value    Gradient   |Var   Value    Gradient
  1 -2.06580   2.3857e-02 |  2  0.18453   2.5264e-02 |  3  0.18979   6.1237e-03
  4  0.19637   9.0811e-02 |  5  0.19504   1.9886e-02 |  6  0.19110   6.1128e-02
  7  0.17769   2.0721e-02 |  8  0.17361   1.5338e-02 |  9  0.17231  -3.3968e-03
 10  0.14841  -1.8602e-02 | 11  0.12476  -3.8201e-03 | 12  0.12671   6.2370e-03
 13  0.10251  -1.7055e-02 | 14  0.05681   1.6722e-02 | 15 -1.98869   2.5629e-03
 16 -0.09881  -1.4929e-02 | 17 -0.15653   4.2595e-04 | 18 -0.23282   3.9619e-05
 19 -1.73417  -3.8692e-04 | 20 -0.31571   2.4667e-03 | 21 -0.52770  -3.3623e-04
 22  0.09276   5.8221e-03 | 23 -0.17991  -9.1204e-06 | 24 -2.00848  -4.9719e-03
 25  0.08532  -1.1178e-02 | 26  0.12688  -2.3085e-02 | 27  0.15330  -1.1171e-02
 28  0.15576  -3.8048e-03 | 29  0.14979   6.3693e-03 | 30  0.15165  -2.9556e-03
 31  0.15598   4.8414e-03 | 32  0.14785   8.1215e-03 | 33  0.12936   3.6782e-03
 34  0.11299  -1.1420e-02 | 35  0.12287  -6.8227e-03 | 36  0.11973   3.2773e-03
 37  0.08925  -5.3304e-04 | 38  0.05231  -5.2019e-03 | 39  0.00769   4.7162e-03
 40 -0.03832  -2.3718e-03 | 41 -1.90522   1.9336e-03 | 42 -1.84648  -7.7766e-04
 43 -0.01643   8.7750e-04 | 44 -0.06555  -3.5642e-03 | 45 -0.08984  -1.2626e-03
 46 -0.16677   1.0234e-02 | 47 -0.18319   1.5904e-02 | 48 -0.14567   1.8501e-02
 49 -0.10802   4.7864e-02 | 50 -0.06581   2.6612e-02 | 51 -0.02828   3.3688e-02
 52  0.01401   3.6983e-02 | 53 -0.00486   1.9933e-02 | 54  0.02923   2.8532e-02
 55 -2.02055  -2.6855e-02 | 56  0.03489   2.0277e-02 | 57  0.09981   4.3156e-03
 58 -2.09265  -2.6980e-02 | 59  0.03779   1.1117e-02 | 60 -0.10337   1.3004e-02
 61 -0.06555   1.6450e-02 | 62  0.02560   1.7245e-02 | 63 -0.03173   1.5714e-02
 64 -0.03494   5.6951e-02 | 65 -0.05185   2.9323e-02 | 66 -0.04554   6.2912e-02
 67 -0.06823   1.2329e-02 | 68 -0.05322   1.8212e-02 | 69 -0.07303   1.1769e-02
 70 -0.06265   3.4675e-03 | 71  0.04808   3.6348e-03 | 72  0.04565   1.1471e-02
 73  0.00356   1.0981e-02 | 74 -0.00522   1.3058e-02 | 75  0.10160   1.6685e-02
 76  0.07979   2.0386e-02 | 77 -0.02017   2.0867e-02 | 78 -0.05776   2.5913e-02
 79  0.08393  -7.3606e-03 | 80  0.31553   1.2105e-02 | 81  0.99774  -6.0975e-03
 82 -0.12149   1.1294e-02 | 83 -0.03916   7.9013e-03 | 84  1.95519  -1.9140e-02
 85 -0.03250   3.6941e-03 | 86  0.09726   1.2508e-03 | 87  0.21694  -1.0620e-02
 88 -0.08222  -6.1425e-03 | 89 -0.20269  -3.3170e-03 | 90 -0.14821  -1.2822e-03
 91 -0.04215   6.5936e-04 | 92 -0.01540   3.3639e-03 | 93  0.03976   1.1598e-02
 94  0.16194   1.5653e-02 | 95  0.01340   2.8248e-03 | 96 -0.00238   1.0131e-03
 97  0.01640   4.3791e-03 | 98  0.10107   9.8021e-03 | 99  0.08628   2.6445e-02
100  0.09393   2.3203e-03 |101  0.10542   8.1132e-03 |102 -0.09393  -2.7109e-05
103 -0.11348   3.6950e-03 |104  0.05254   4.3170e-03 |105  0.02414  -1.8319e-03
106 -0.07745   2.1643e-03 |107 -0.06411   6.0331e-04 |108  0.08152   3.6459e-03
109  0.10042   3.7792e-03 |110  0.08723   1.2389e-02 |111  0.00999  -2.6751e-03
112 -0.12563   3.9152e-04 |113 -0.13881   2.7311e-03 |114 -0.03616  -8.8983e-03
115  0.11641  -2.1062e-02 |116  0.02421  -8.4652e-03 |117  0.09445  -5.7712e-03
118  0.04547   5.0374e-03 |119 -0.01343   6.0360e-03 |120  0.00093   3.8498e-03
121  0.13054   1.0325e-02 |122  0.20359  -1.8093e-02 |123 -0.99899   1.0406e-02
124  0.10678   2.5924e-03 |125 -0.01242  -4.1226e-03 |126 -0.16813   3.7876e-04
127  0.01193  -2.1683e-03 |128 -0.05390  -2.1609e-03 |129  0.05366  -2.1609e-03
130  0.06483  -2.1574e-03 |131 -0.07024  -2.1555e-03 |132 -0.05764  -2.1598e-03
133 -0.06824  -2.1563e-03 |134  0.03481  -2.1654e-03 |135  0.06255  -2.1582e-03
136 -0.05958  -2.1592e-03 |137  0.06911  -2.1558e-03 |138  0.06406  -2.1576e-03
139  0.09462  -2.1447e-03 |140  0.05902  -2.1593e-03 |141 -0.07228  -2.1547e-03
142  0.07585  -2.1532e-03 |143  0.06511  -2.1573e-03 |144  0.07386  -2.1540e-03
145  0.07208  -2.1547e-03 |146  0.07279  -2.1545e-03 |147  0.10795  -2.1375e-03
148 -0.08041  -2.1514e-03 |149 -0.06117  -2.1587e-03 |150 -0.04501  -2.1633e-03
151 -0.06367  -2.1579e-03 |152 -0.04433  -2.1634e-03 |153 -0.28010  -1.9623e-03
154 -0.05148  -2.1616e-03 |155 -0.00326  -2.1686e-03 |156  0.01495  -2.1681e-03
157  0.01088  -2.1683e-03 |158 -0.07876  -2.1521e-03 |159  0.07446  -2.1538e-03
160 -0.07282  -2.1545e-03 |161  0.07484  -2.1536e-03 |162  0.19296  -2.0697e-03
163 -0.07904  -2.1520e-03 |164  0.04518  -2.1632e-03 |165  0.06247  -2.1582e-03
166 -0.27593  -1.9683e-03 |167 -0.01696  -2.1679e-03 |168  0.06336  -2.1579e-03
169  0.00635  -1.5262e-01 |170  0.01789  -3.6189e-02 |171  0.01226  -2.6293e-02
172  0.03471  -3.1952e-02 |173  0.08611  -5.6864e-02 |174  0.04954  -1.0821e-01
175  0.04317  -1.9926e-02 |176  0.02373  -3.0770e-02 |177  0.03799  -2.2426e-02
178  0.10265  -7.4741e-02 |179  0.12862  -1.7055e-01 |180  0.12131  -4.9634e-02
181  0.06606  -9.5391e-03 |182 -0.00256  -4.4626e-02 |183 -0.06644  -3.4505e-02
184  0.03300  -3.2970e-02 |185 -0.84614  -4.0589e-02 |186  0.01753  -7.4332e-02
187 -0.05651  -3.2965e-02 |188 -0.02163  -3.1824e-02 |189  0.02995  -8.3058e-02
190  0.03798  -1.2146e-01 |191  0.04079  -4.5127e-02 |192  0.02585  -1.0823e-01
193 -0.00390  -6.9017e-04 |194 -0.07695  -4.4023e-02 |195  0.00418   5.5697e-03
196  0.06444   2.6060e-02 |197  0.03230  -2.3815e-02 |198  0.01158  -6.6280e-02
199  0.01755  -5.7236e-02 |200  0.02169  -4.4250e-02 |201  0.02033  -3.8435e-02
202  0.12523  -5.0997e-02 |203  0.12201  -9.7528e-02 |204  0.10916  -4.2430e-02
205 -0.03604   2.4979e-02 |206 -0.12270  -4.2125e-02 |207 -0.13238  -3.5822e-02
208 -0.08567  -4.3672e-02 |209 -0.03252  -2.5712e-02 |210  0.06536  -4.6845e-02
211 -0.25145  -4.3993e-02 |212 -0.05746   1.8881e-01 |213  0.03412   7.5307e-02
214 -0.03873  -2.3920e-08 |215 -0.63081  -9.5970e-03 |216 -0.77856  -2.6106e-02
217  0.01786  -6.1965e-02 |218 -0.16284  -8.0914e-03 |219 -0.24869  -9.7267e-03
220 -0.05308  -2.2330e-03 |221  0.03769  -4.5427e-03 |222  0.00014   1.0565e-02
223  0.00923  -3.2986e-03 |224 -0.02786   4.5049e-03 |225 -0.03441   7.5406e-03
226  0.09082  -6.8372e-03 |227  0.07195  -1.2037e-02 |228  0.19664  -1.0943e-02
229  0.10527  -3.0357e-03 |230  0.09880  -3.6065e-03 |231  0.05090  -2.8819e-03
232  0.05842  -1.4243e-02 |233  0.06581  -1.0824e-02 |234  0.13111  -5.2873e-03
235 -0.11954   9.4376e-03 |236 -0.12933  -3.3323e-03 |237 -0.01051  -7.6077e-03
238  0.01985  -6.6458e-03 |239 -0.10124  -7.8219e-03 |240 -0.15942  -2.9846e-03
241 -0.06669  -7.4599e-03 |242  0.01336  -5.6504e-03 |243  0.04501  -1.7871e-02
244 -0.02343  -7.5908e-03 |245 -0.12268  -1.4738e-02 |246 -0.23225  -1.3206e-02
247 -0.10293  -7.6398e-03 |248  0.00279   1.5421e-03 |249  0.05176   3.9152e-03
250  0.08405   3.5922e-03 |251  0.05614  -2.0338e-03 |252 -0.01604  -9.4444e-03
253 -0.00353  -1.0015e-02 |254  0.13310  -1.1548e-02 |255  0.19934  -7.8550e-03
256  0.23495  -8.0624e-03 |257 -0.14665   1.6803e-03 |258  0.09610   2.1414e-01
259  0.14948   2.9292e-02 |260 -0.86802   2.0832e-02 |261 -0.84449   6.8503e-03
262 -0.80802  -2.0507e-02 |263 -0.72757   1.3551e-02 |264  0.34773   2.7903e-02
265 -1.18349  -9.2821e-03 |266 -0.19593   3.1120e-02 |267 -0.00442   3.2653e-02
268  0.43883   2.5199e-02 |269  0.67114   1.6128e-02 |270 -0.37256   2.7220e-02
271  0.55020   2.1199e-02 |272  0.90877   4.6637e-03 |273 -0.56274   2.0706e-02
274  0.46467   2.4335e-02 |275  0.55365   2.1065e-02 |276 -0.31676   2.8695e-02
277 -0.26298   2.9907e-02 |278  0.52175   2.2288e-02 |279 -0.95217   2.4506e-03
280 -0.60323   1.9059e-02 |281 -0.05658   3.2525e-02 |282 -0.03078   3.2616e-02
283 -0.19352   3.1157e-02 |284 -0.01543   3.2645e-02 |285 -0.33986   2.8110e-02
286 -0.10930   3.2174e-02 |287  1.07952  -4.0684e-03 |288  0.43862   2.5206e-02
289  0.23585   3.0439e-02 |290  0.25817   3.0006e-02 |291 -0.25333   3.0103e-02
292 -0.09294   3.2307e-02 |293 -0.43303   2.5387e-02 |294  0.13588   3.1913e-02
295 -0.45104   2.4796e-02 |296  0.55424   2.1042e-02 |297 -0.03945   3.2592e-02
298 -0.50459   2.2923e-02 |299 -0.48082   2.3775e-02 |300  0.00977   3.2650e-02
301  0.69906   1.4868e-02 |302  0.26248   2.9918e-02 |303  0.47174   2.0936e-01
304  0.08315  -1.1715e-02 |305 -0.90628   8.2388e-03 |306  0.25387  -1.7854e-03
307 -0.88441  -2.0828e-01 |308 -0.52819  -1.6642e-02 |
19.8909 7.10329 79.8347 46.6625 
11.5299 11.5299 49.5897 50.7995 
6.18174 9.70729 0 1.28849 10.727 
0 2.0459 0 0 0.444596 18.3303 0 
19.8923 7.10277 79.8343 46.6632 
11.5301 11.5301 49.5904 50.7992 
6.18186 9.70775 0 1.28884 10.7249 
0 2.04605 0 0 0.444626 18.3294 0 
19.8933 7.10302 79.8347 46.6632 
11.531 11.531 49.5911 50.7988 
6.18215 9.70778 0 1.28971 10.7229 
0 2.04596 0 0 0.444646 18.3274 0 
19.8941 7.10393 79.8357 46.6623 
11.5317 11.5317 49.5914 50.7985 
6.18263 9.7075 0 1.29078 10.7213 
0 2.04581 0 0 0.444649 18.3251 0 
19.894 7.10483 79.8366 46.6612 
11.5321 11.5321 49.5916 50.7983 
6.18305 9.7071 0 1.29149 10.7214 
0 2.04558 0 0 0.444632 18.3236 0 
19.8937 7.10526 79.8371 46.6605 
11.5319 11.5319 49.5916 50.7984 
6.18329 9.7069 0 1.29168 10.7221 
0 2.04549 0 0 0.444611 18.3232 0 
19.8932 7.10516 79.8372 46.6602 
11.5316 11.5316 49.5913 50.7985 
6.18326 9.70685 0 1.29147 10.7232 
0 2.04545 0 0 0.444598 18.3236 0 
19.8928 7.10467 79.8371 46.6606 
11.5312 11.5312 49.591 50.7989 
6.18308 9.70691 0 1.29112 10.7243 
0 2.04546 0 0 0.444588 18.324 0 
19.8928 7.10407 79.8372 46.6611 
11.5312 11.5312 49.5906 50.799 
6.18263 9.70709 0 1.29077 10.7246 
0 2.04554 0 0 0.444593 18.3245 0 
19.8928 7.1035 79.8374 46.6621 
11.5316 11.5316 49.5904 50.7991 
6.18206 9.70715 0 1.29061 10.7246 
0 2.04555 0 0 0.444598 18.3243 0 
308 variables; iteration 430; function evaluation 466; phase 1
Function value   3.2216478e+02; maximum gradient component mag   2.0067e-01
Var   Value    Gradient   |Var   Value    Gradient   |Var   Value    Gradient
  1 -2.06713   2.1841e-04 |  2  0.18449   2.5862e-02 |  3  0.18981  -9.6668e-04
  4  0.19635  -1.5524e-02 |  5  0.19506  -2.4948e-03 |  6  0.19110   8.2584e-03
  7  0.17769  -3.3622e-02 |  8  0.17361   3.4128e-03 |  9  0.17232   2.2827e-02
 10  0.14842   5.2632e-03 | 11  0.12477   1.1416e-02 | 12  0.12672   1.5803e-03
 13  0.10252  -1.7168e-02 | 14  0.05679  -4.5745e-03 | 15 -1.98868   2.2559e-03
 16 -0.09789   6.9503e-03 | 17 -0.15670   1.6967e-05 | 18 -0.23295   9.4951e-06
 19 -1.73517  -9.3334e-04 | 20 -0.32401   1.2463e-03 | 21 -0.52683  -3.3544e-04
 22  0.09272   7.1799e-04 | 23 -0.17989  -2.0189e-06 | 24 -2.00837  -1.1225e-03
 25  0.08532  -8.6487e-03 | 26  0.12690   1.4036e-03 | 27  0.15331   1.5598e-03
 28  0.15577  -5.2212e-03 | 29  0.14979   2.0999e-03 | 30  0.15166   5.4929e-04
 31  0.15599   1.4632e-03 | 32  0.14785  -4.4889e-04 | 33  0.12935  -2.1431e-03
 34  0.11299   2.3562e-03 | 35  0.12288  -7.3803e-04 | 36  0.11974  -2.1923e-03
 37  0.08925   3.4902e-03 | 38  0.05232  -9.4591e-03 | 39  0.00770  -1.0946e-03
 40 -0.03830  -1.8652e-03 | 41 -1.90532   1.3701e-04 | 42 -1.84649  -1.2873e-03
 43 -0.01638  -9.2198e-03 | 44 -0.06534  -3.9521e-03 | 45 -0.08971  -9.6139e-03
 46 -0.16673  -9.1993e-03 | 47 -0.18317  -8.9561e-03 | 48 -0.14567  -1.0571e-02
 49 -0.10829  -6.5542e-03 | 50 -0.06582  -5.9490e-03 | 51 -0.02832  -1.9301e-03
 52  0.01384  -1.2665e-02 | 53 -0.00469  -7.0496e-03 | 54  0.02916  -1.1100e-02
 55 -2.02048   6.9680e-03 | 56  0.03487  -7.9510e-03 | 57  0.09996  -8.3849e-03
 58 -2.09242   8.9871e-03 | 59  0.03790  -8.3395e-03 | 60 -0.10331  -9.6913e-03
 61 -0.06556  -9.6164e-03 | 62  0.02561  -1.0345e-02 | 63 -0.03158  -8.0963e-03
 64 -0.03523  -3.8056e-03 | 65 -0.05188  -1.4523e-02 | 66 -0.04600  -1.6664e-02
 67 -0.06805  -1.3092e-02 | 68 -0.05316  -1.2702e-02 | 69 -0.07303  -1.4307e-02
 70 -0.06257  -1.0903e-02 | 71  0.04809  -4.3246e-03 | 72  0.04563  -9.6218e-04
 73  0.00359  -5.1667e-03 | 74 -0.00516  -4.7326e-03 | 75  0.10158  -8.1380e-03
 76  0.07996  -7.3331e-03 | 77 -0.02019  -1.9187e-02 | 78 -0.05801  -2.5026e-02
 79  0.08392  -3.5497e-02 | 80  0.31554  -1.5519e-02 | 81  0.99989   2.0561e-03
 82 -0.12143  -1.0542e-02 | 83 -0.03907  -1.2149e-02 | 84  1.95509   3.1973e-03
 85 -0.03243   2.2414e-03 | 86  0.09727   6.4880e-04 | 87  0.21691  -2.4152e-03
 88 -0.08223  -1.4315e-03 | 89 -0.20267  -1.1919e-03 | 90 -0.14824  -2.4145e-03
 91 -0.04223  -2.1903e-03 | 92 -0.01542  -8.3338e-04 | 93  0.03970  -1.3362e-03
 94  0.16197   1.8437e-03 | 95  0.01343  -1.9777e-03 | 96 -0.00239  -8.8685e-04
 97  0.01640  -3.2413e-04 | 98  0.10112  -1.8234e-04 | 99  0.08619   2.5013e-03
100  0.09398  -3.6704e-03 |101  0.10542   3.5817e-03 |102 -0.09390   1.0601e-03
103 -0.11351  -7.4420e-04 |104  0.05251   2.3377e-03 |105  0.02417   1.1563e-03
106 -0.07746   8.1370e-04 |107 -0.06412  -8.2680e-04 |108  0.08152  -4.0139e-03
109  0.10048  -9.0620e-03 |110  0.08719  -8.1541e-03 |111  0.01009  -4.3134e-03
112 -0.12563  -3.3689e-03 |113 -0.13886  -1.7984e-03 |114 -0.03612  -2.9278e-03
115  0.11645  -1.3642e-04 |116  0.02425   2.7755e-03 |117  0.09442   3.0299e-04
118  0.04549   7.9238e-03 |119 -0.01354  -1.2996e-03 |120  0.00087  -3.2971e-03
121  0.13043  -1.2015e-02 |122  0.20368  -6.0674e-03 |123 -0.99991  -1.6649e-03
124  0.10672  -2.0558e-03 |125 -0.01228  -3.1099e-04 |126 -0.16807   1.4599e-04
127  0.01215   2.5749e-04 |128 -0.05374   2.5658e-04 |129  0.05385   2.5664e-04
130  0.06480   2.5624e-04 |131 -0.07016   2.5593e-04 |132 -0.05749   2.5645e-04
133 -0.06815   2.5602e-04 |134  0.03498   2.5716e-04 |135  0.06254   2.5633e-04
136 -0.05966   2.5637e-04 |137  0.06907   2.5606e-04 |138  0.06404   2.5627e-04
139  0.09428   2.5477e-04 |140  0.05905   2.5646e-04 |141 -0.07223   2.5583e-04
142  0.07587   2.5575e-04 |143  0.06508   2.5623e-04 |144  0.07382   2.5585e-04
145  0.07203   2.5593e-04 |146  0.07283   2.5589e-04 |147  0.10746   2.5394e-04
148 -0.08035   2.5543e-04 |149 -0.06093   2.5632e-04 |150 -0.04512   2.5686e-04
151 -0.06373   2.5620e-04 |152 -0.04420   2.5688e-04 |153 -0.28086   2.3269e-04
154 -0.05131   2.5666e-04 |155 -0.00303   2.5753e-04 |156  0.01516   2.5747e-04
157  0.01109   2.5750e-04 |158 -0.07862   2.5552e-04 |159  0.07447   2.5582e-04
160 -0.07277   2.5581e-04 |161  0.07483   2.5580e-04 |162  0.19258   2.4596e-04
163 -0.07899   2.5550e-04 |164  0.04530   2.5691e-04 |165  0.06246   2.5633e-04
166 -0.27665   2.3341e-04 |167 -0.01674   2.5743e-04 |168  0.06334   2.5630e-04
169  0.00635   2.0067e-01 |170  0.01787  -4.9481e-02 |171  0.01227  -4.2972e-02
172  0.03470  -4.8375e-02 |173  0.08609  -5.2186e-02 |174  0.04953  -4.6962e-02
175  0.04313  -4.9795e-02 |176  0.02371  -4.4301e-02 |177  0.03796  -5.6009e-02
178  0.10264  -4.0947e-02 |179  0.12863  -8.9016e-02 |180  0.12129  -8.0427e-02
181  0.06603  -7.8632e-02 |182 -0.00256  -5.5395e-02 |183 -0.06646  -4.3709e-02
184  0.03298  -3.7085e-02 |185 -0.84545  -4.2668e-02 |186  0.01754  -5.0742e-02
187 -0.05652  -4.6411e-02 |188 -0.02165  -4.9967e-02 |189  0.02994  -3.9781e-02
190  0.03796  -6.2992e-02 |191  0.04075  -3.1835e-02 |192  0.02586  -2.1824e-02
193 -0.00393  -2.2581e-02 |194 -0.07690  -4.9599e-02 |195  0.00418  -5.1043e-02
196  0.06444  -5.8886e-02 |197  0.03229  -6.9079e-02 |198  0.01159  -6.0820e-02
199  0.01755  -6.4035e-02 |200  0.02168  -5.9216e-02 |201  0.02033  -4.5162e-02
202  0.12524  -4.2371e-02 |203  0.12201   8.9385e-03 |204  0.10916  -4.3831e-02
205 -0.03641  -6.1456e-02 |206 -0.12226  -4.5314e-02 |207 -0.13250  -4.5182e-02
208 -0.08566  -4.2865e-02 |209 -0.03254  -5.0152e-02 |210  0.06536  -5.2661e-02
211 -0.25127  -5.1006e-02 |212 -0.05748   3.2563e-02 |213  0.03411  -1.4812e-02
214 -0.03873  -2.3919e-08 |215 -0.63083  -3.9842e-03 |216 -0.77858   5.9698e-03
217  0.01779   3.1066e-02 |218 -0.16284  -3.6618e-03 |219 -0.24867  -8.0345e-04
220 -0.05309  -5.0952e-04 |221  0.03767   6.1819e-04 |222  0.00013  -5.3144e-03
223  0.00924   7.1671e-04 |224 -0.02785   1.0222e-03 |225 -0.03442  -2.1282e-03
226  0.09082   1.1467e-03 |227  0.07194  -7.8387e-04 |228  0.19666   5.4370e-06
229  0.10528   1.4130e-03 |230  0.09880  -5.3372e-04 |231  0.05091   1.6643e-03
232  0.05840  -7.0617e-03 |233  0.06581  -1.9751e-03 |234  0.13112   1.5422e-03
235 -0.11955  -2.3247e-03 |236 -0.12932  -2.8509e-03 |237 -0.01053  -1.1288e-03
238  0.01982  -3.1334e-03 |239 -0.10123  -2.3453e-03 |240 -0.15941  -5.8029e-03
241 -0.06669  -4.6095e-03 |242  0.01335   2.1583e-03 |243  0.04498   9.9807e-06
244 -0.02345   2.8048e-04 |245 -0.12266   4.6374e-03 |246 -0.23222   2.2325e-03
247 -0.10290   5.9673e-03 |248  0.00282   2.9351e-03 |249  0.05179   1.6533e-03
250  0.08405   3.5793e-04 |251  0.05615  -3.9944e-03 |252 -0.01602  -3.6719e-03
253 -0.00351  -2.3396e-03 |254  0.13305  -1.0550e-03 |255  0.19934   2.2917e-03
256  0.23497  -6.4505e-05 |257 -0.14670   6.3408e-03 |258  0.09611  -1.1317e-01
259  0.14948  -3.8694e-02 |260 -0.86802   3.8517e-02 |261 -0.84448   1.0977e-02
262 -0.80742   7.5729e-03 |263 -0.72771  -3.8214e-03 |264  0.34766  -7.8726e-03
265 -1.18330   2.6161e-03 |266 -0.19561  -8.7810e-03 |267 -0.00536  -9.2122e-03
268  0.43843  -7.1128e-03 |269  0.67179  -4.5418e-03 |270 -0.37295  -7.6763e-03
271  0.55015  -5.9814e-03 |272  0.90849  -1.3194e-03 |273 -0.56238  -5.8457e-03
274  0.46475  -6.8647e-03 |275  0.55298  -5.9501e-03 |276 -0.31662  -8.0964e-03
277 -0.26258  -8.4399e-03 |278  0.52178  -6.2875e-03 |279 -0.95182  -6.9703e-04
280 -0.60375  -5.3710e-03 |281 -0.05616  -9.1767e-03 |282 -0.03084  -9.2017e-03
283 -0.19331  -8.7910e-03 |284 -0.01549  -9.2098e-03 |285 -0.34001  -7.9295e-03
286 -0.10858  -9.0788e-03 |287  1.07939   1.1456e-03 |288  0.43861  -7.1111e-03
289  0.23491  -8.5924e-03 |290  0.25838  -8.4641e-03 |291 -0.25286  -8.4953e-03
292 -0.09281  -9.1148e-03 |293 -0.43273  -7.1649e-03 |294  0.13637  -9.0019e-03
295 -0.45086  -6.9972e-03 |296  0.55452  -5.9331e-03 |297 -0.03995  -9.1944e-03
298 -0.50509  -6.4620e-03 |299 -0.48062  -6.7095e-03 |300  0.00978  -9.2114e-03
301  0.69883  -4.1974e-03 |302  0.26235  -8.4412e-03 |303  0.47175  -3.8919e-02
304  0.08313   2.4571e-03 |305 -0.90628   2.1000e-02 |306  0.25389   1.8698e-03
307 -0.88440  -1.9513e-01 |308 -0.52821  -1.2835e-02 |
19.893 7.10342 79.8378 46.6629 
11.532 11.532 49.5903 50.799 
6.18148 9.70721 0 1.2907 10.7241 
0 2.04555 0 0 0.4446 18.3236 0 
19.8933 7.10333 79.8384 46.664 
11.5327 11.5327 49.5903 50.7988 
6.18071 9.70728 0 1.29082 10.7233 
0 2.04555 0 0 0.444605 18.3227 0 
19.8933 7.10336 79.8385 46.6641 
11.5328 11.5328 49.5903 50.7987 
6.1806 9.70727 0 1.29088 10.7231 
0 2.04555 0 0 0.444606 18.3225 0 
19.8933 7.10339 79.8385 46.664 
11.5328 11.5328 49.5903 50.7987 
6.18063 9.70726 0 1.29089 10.7232 
0 2.04554 0 0 0.444605 18.3225 0 
19.8931 7.10372 79.8383 46.6635 
11.5326 11.5326 49.5906 50.7987 
6.18091 9.70712 0 1.29099 10.7235 
0 2.04549 0 0 0.4446 18.3224 0 
19.8929 7.10445 79.838 46.6625 
11.5323 11.5323 49.5912 50.7985 
6.18128 9.70701 0 1.29122 10.7241 
0 2.0454 0 0 0.444591 18.3222 0 
19.8928 7.10471 79.8378 46.662 
11.5324 11.5324 49.5916 50.7984 
6.18134 9.7069 0 1.29138 10.7245 
0 2.04535 0 0 0.444594 18.3218 0 
19.8927 7.10496 79.8376 46.6617 
11.5326 11.5326 49.5919 50.7984 
6.18131 9.70691 0 1.29163 10.7247 
0 2.0453 0 0 0.444605 18.3213 0 
19.8925 7.10485 79.8374 46.6615 
11.533 11.533 49.5919 50.7985 
6.1813 9.70689 0 1.29184 10.7247 
0 2.0453 0 0 0.444624 18.321 0 
19.8924 7.10471 79.8374 46.6616 
11.5332 11.5332 49.5915 50.7987 
6.18141 9.70697 0 1.29195 10.7246 
0 2.04532 0 0 0.444636 18.3209 0 
19.892 7.1044 79.8375 46.6616 
11.5334 11.5334 49.5909 50.799 
6.18173 9.70698 0 1.29201 10.7244 
0 2.04534 0 0 0.444645 18.3212 0 
308 variables; iteration 440; function evaluation 477; phase 1
Function value   3.2216474e+02; maximum gradient component mag  -6.2601e-01
Var   Value    Gradient   |Var   Value    Gradient   |Var   Value    Gradient
  1 -2.06790  -1.1881e-02 |  2  0.18443  -4.5539e-02 |  3  0.18982  -1.2265e-02
  4  0.19635  -2.7238e-03 |  5  0.19505  -1.9142e-03 |  6  0.19109  -2.2742e-03
  7  0.17769  -6.0669e-03 |  8  0.17360  -1.3915e-03 |  9  0.17231   5.9473e-03
 10  0.14842  -7.2913e-04 | 11  0.12475  -1.2275e-02 | 12  0.12671   4.0473e-04
 13  0.10253   1.7416e-03 | 14  0.05679  -3.1237e-04 | 15 -1.98872  -5.2974e-03
 16 -0.09798   4.7397e-03 | 17 -0.15673  -1.3893e-04 | 18 -0.23295  -2.9254e-06
 19 -1.73540  -1.0437e-03 | 20 -0.33069   3.9744e-04 | 21 -0.52470  -3.3406e-04
 22  0.09270  -8.1129e-04 | 23 -0.17990  -3.1348e-06 | 24 -2.00833  -2.6605e-04
 25  0.08534  -2.9930e-03 | 26  0.12689   5.3475e-03 | 27  0.15330   1.3035e-03
 28  0.15576   1.5983e-03 | 29  0.14978  -2.8587e-03 | 30  0.15165  -1.9359e-03
 31  0.15598  -2.6229e-03 | 32  0.14785  -4.5561e-03 | 33  0.12935  -1.3301e-06
 34  0.11299   1.0328e-03 | 35  0.12287  -4.0439e-03 | 36  0.11973   5.6659e-03
 37  0.08925  -3.7823e-03 | 38  0.05232  -8.9944e-05 | 39  0.00769  -4.8505e-04
 40 -0.03831  -1.4259e-03 | 41 -1.90535  -5.1199e-04 | 42 -1.84648  -1.2372e-03
 43 -0.01635   5.5126e-03 | 44 -0.06547  -1.6781e-03 | 45 -0.08971   1.9980e-03
 46 -0.16674  -3.6991e-04 | 47 -0.18318  -1.1614e-03 | 48 -0.14565  -1.1638e-03
 49 -0.10838  -7.0264e-03 | 50 -0.06587  -3.3182e-03 | 51 -0.02854  -1.0285e-02
 52  0.01385  -3.8720e-03 | 53 -0.00460   8.3021e-03 | 54  0.02935   1.0699e-02
 55 -2.02030   1.1574e-02 | 56  0.03506   1.1150e-02 | 57  0.09998  -1.5296e-03
 58 -2.09231   1.3548e-02 | 59  0.03792  -2.1621e-03 | 60 -0.10327   1.9148e-03
 61 -0.06554  -1.6816e-04 | 62  0.02563  -1.5316e-03 | 63 -0.03155   3.2828e-04
 64 -0.03563  -2.6159e-02 | 65 -0.05178   3.2116e-03 | 66 -0.04589   6.4441e-03
 67 -0.06803   4.0789e-03 | 68 -0.05317   3.5282e-03 | 69 -0.07296   6.7517e-03
 70 -0.06253   6.3029e-03 | 71  0.04807   1.0097e-02 | 72  0.04560   1.0965e-02
 73  0.00361   6.6984e-03 | 74 -0.00516   4.5481e-03 | 75  0.10161   8.5575e-03
 76  0.07985   1.2174e-02 | 77 -0.02014   7.2889e-03 | 78 -0.05783   6.5889e-03
 79  0.08415   1.8881e-03 | 80  0.31548   5.6466e-03 | 81  1.00055   1.0624e-03
 82 -0.12141  -6.8712e-04 | 83 -0.03902  -3.5377e-04 | 84  1.95526   1.6779e-03
 85 -0.03258  -3.7549e-03 | 86  0.09728   3.7008e-04 | 87  0.21691   1.8684e-03
 88 -0.08221  -4.1166e-04 | 89 -0.20266  -8.8929e-04 | 90 -0.14823  -1.5502e-03
 91 -0.04224  -1.0105e-03 | 92 -0.01544  -6.5491e-04 | 93  0.03968  -2.6992e-03
 94  0.16201  -3.4341e-04 | 95  0.01349  -1.7225e-03 | 96 -0.00238  -9.5470e-04
 97  0.01641   1.0860e-04 | 98  0.10115   1.2822e-03 | 99  0.08613  -3.4955e-03
100  0.09399  -1.2750e-03 |101  0.10541   2.5420e-04 |102 -0.09390  -1.5321e-03
103 -0.11349  -2.6904e-03 |104  0.05253   1.4722e-03 |105  0.02409  -1.4579e-03
106 -0.07750  -2.1041e-03 |107 -0.06406  -9.5066e-04 |108  0.08160  -1.5887e-03
109  0.10046  -6.6759e-03 |110  0.08718  -4.6464e-03 |111  0.01009   1.0172e-05
112 -0.12565  -7.4302e-04 |113 -0.13891  -8.6073e-04 |114 -0.03612   2.3337e-03
115  0.11646   9.9219e-03 |116  0.02423   4.0735e-03 |117  0.09444   2.7182e-03
118  0.04546   3.2802e-03 |119 -0.01347  -6.1015e-04 |120  0.00097   8.7240e-04
121  0.13045   2.6250e-03 |122  0.20364   7.9184e-03 |123 -0.99995  -4.0457e-03
124  0.10671  -4.3601e-03 |125 -0.01230  -2.9358e-03 |126 -0.16809  -2.0550e-03
127  0.01229  -1.7233e-04 |128 -0.05368  -1.7179e-04 |129  0.05396  -1.7172e-04
130  0.06476  -1.7144e-04 |131 -0.07018  -1.7137e-04 |132 -0.05745  -1.7171e-04
133 -0.06816  -1.7143e-04 |134  0.03509  -1.7209e-04 |135  0.06252  -1.7150e-04
136 -0.05971  -1.7165e-04 |137  0.06901  -1.7132e-04 |138  0.06400  -1.7146e-04
139  0.09415  -1.7043e-04 |140  0.05906  -1.7159e-04 |141 -0.07225  -1.7131e-04
142  0.07596  -1.7110e-04 |143  0.06504  -1.7143e-04 |144  0.07376  -1.7117e-04
145  0.07197  -1.7123e-04 |146  0.07282  -1.7120e-04 |147  0.10730  -1.6986e-04
148 -0.08034  -1.7105e-04 |149 -0.06079  -1.7162e-04 |150 -0.04517  -1.7197e-04
151 -0.06379  -1.7155e-04 |152 -0.04406  -1.7199e-04 |153 -0.28108  -1.5603e-04
154 -0.05125  -1.7184e-04 |155 -0.00289  -1.7237e-04 |156  0.01530  -1.7231e-04
157  0.01124  -1.7234e-04 |158 -0.07856  -1.7111e-04 |159  0.07444  -1.7115e-04
160 -0.07280  -1.7129e-04 |161  0.07479  -1.7114e-04 |162  0.19213  -1.6446e-04
163 -0.07899  -1.7109e-04 |164  0.04539  -1.7191e-04 |165  0.06244  -1.7150e-04
166 -0.27667  -1.5653e-04 |167 -0.01660  -1.7232e-04 |168  0.06331  -1.7148e-04
169  0.00637  -6.2601e-01 |170  0.01781  -7.4757e-03 |171  0.01222  -6.5515e-03
172  0.03465  -1.4180e-02 |173  0.08604  -2.2656e-02 |174  0.04949   1.9950e-02
175  0.04307  -1.4355e-02 |176  0.02366  -1.2005e-03 |177  0.03792  -4.8082e-03
178  0.10261   2.1537e-03 |179  0.12861   1.5705e-03 |180  0.12125  -5.0874e-02
181  0.06599   2.3508e-02 |182 -0.00260  -2.9478e-03 |183 -0.06652  -1.9889e-03
184  0.03292  -1.5534e-02 |185 -0.84450  -3.0554e-02 |186  0.01749  -1.3721e-02
187 -0.05657  -3.6298e-03 |188 -0.02170  -4.2269e-03 |189  0.02988   8.4369e-03
190  0.03791   2.7951e-02 |191  0.04070  -1.6450e-02 |192  0.02583  -4.4360e-02
193 -0.00397  -1.4453e-02 |194 -0.07693  -1.6012e-03 |195  0.00413  -2.4180e-02
196  0.06439  -4.1662e-02 |197  0.03224  -1.7345e-02 |198  0.01154  -1.7444e-02
199  0.01751  -7.3714e-03 |200  0.02164  -9.1693e-03 |201  0.02029  -8.1656e-03
202  0.12519  -2.0317e-02 |203  0.12197  -2.4946e-02 |204  0.10912  -6.5243e-03
205 -0.03631   1.4689e-02 |206 -0.12257  -3.7967e-03 |207 -0.13251   2.2704e-03
208 -0.08571  -6.1245e-03 |209 -0.03259  -6.4218e-03 |210  0.06531  -4.8304e-03
211 -0.24941  -3.3006e-03 |212 -0.05749   1.0398e-01 |213  0.03411   8.8893e-02
214 -0.03872  -2.3917e-08 |215 -0.63083  -5.0854e-03 |216 -0.77859  -4.3374e-03
217  0.01781  -2.8744e-02 |218 -0.16285   1.2879e-03 |219 -0.24869  -2.1976e-03
220 -0.05310  -8.8421e-04 |221  0.03767  -1.4525e-05 |222  0.00014  -3.8525e-03
223  0.00924  -2.5600e-03 |224 -0.02785  -1.8588e-03 |225 -0.03442  -2.5120e-03
226  0.09080  -1.6477e-03 |227  0.07193   1.0564e-03 |228  0.19666   3.9943e-04
229  0.10527   5.9852e-04 |230  0.09880   1.0534e-03 |231  0.05092   1.3297e-03
232  0.05841  -1.0381e-04 |233  0.06581  -1.1527e-04 |234  0.13113   3.5883e-03
235 -0.11956  -5.6536e-04 |236 -0.12933   1.4602e-03 |237 -0.01051   2.1040e-03
238  0.01982  -1.3581e-03 |239 -0.10124  -3.7367e-03 |240 -0.15942  -1.7325e-03
241 -0.06667  -1.4705e-03 |242  0.01336   1.2922e-03 |243  0.04498   3.7206e-03
244 -0.02345   3.1661e-03 |245 -0.12266   3.5978e-05 |246 -0.23223  -2.6701e-03
247 -0.10291   1.0519e-04 |248  0.00281  -2.9357e-03 |249  0.05178  -3.5435e-03
250  0.08405  -1.7653e-03 |251  0.05614  -3.3570e-03 |252 -0.01604  -1.8620e-03
253 -0.00350  -1.8883e-03 |254  0.13308  -1.4580e-03 |255  0.19937   4.8849e-04
256  0.23498   7.9308e-04 |257 -0.14671  -8.7489e-05 |258  0.09611   3.9382e-02
259  0.14948  -1.3725e-02 |260 -0.86802   3.7793e-02 |261 -0.84448   2.4088e-02
262 -0.80757  -5.4347e-03 |263 -0.72732  -3.7661e-04 |264  0.34759  -7.7472e-04
265 -1.18324   2.5747e-04 |266 -0.19560  -8.6410e-04 |267 -0.00556  -9.0651e-04
268  0.43832  -6.9999e-04 |269  0.67190  -4.4674e-04 |270 -0.37324  -7.5518e-04
271  0.55002  -5.8869e-04 |272  0.90852  -1.2954e-04 |273 -0.56242  -5.7524e-04
274  0.46496  -6.7528e-04 |275  0.55255  -5.8595e-04 |276 -0.31643  -7.9687e-04
277 -0.26262  -8.3052e-04 |278  0.52155  -6.1892e-04 |279 -0.95159  -6.9384e-05
280 -0.60413  -5.2814e-04 |281 -0.05615  -9.0303e-04 |282 -0.03061  -9.0550e-04
283 -0.19333  -8.6508e-04 |284 -0.01550  -9.0628e-04 |285 -0.33949  -7.8070e-04
286 -0.10832  -8.9346e-04 |287  1.07934   1.1238e-04 |288  0.43842  -6.9991e-04
289  0.23507  -8.4543e-04 |290  0.25883  -8.3263e-04 |291 -0.25265  -8.3611e-04
292 -0.09267  -8.9697e-04 |293 -0.43255  -7.0525e-04 |294  0.13601  -8.8593e-04
295 -0.45068  -6.8875e-04 |296  0.55439  -5.8394e-04 |297 -0.04026  -9.0474e-04
298 -0.50507  -6.3594e-04 |299 -0.48040  -6.6049e-04 |300  0.00970  -9.0644e-04
301  0.69833  -4.1360e-04 |302  0.26210  -8.3078e-04 |303  0.47175   5.4472e-02
304  0.08312   2.0413e-02 |305 -0.90628   5.0116e-02 |306  0.25389   5.4388e-03
307 -0.88439  -2.2013e-03 |308 -0.52823   2.1135e-02 |
19.8915 7.10428 79.8378 46.6616 
11.5333 11.5333 49.5901 50.7993 
6.18222 9.70706 0 1.29204 10.7243 
0 2.04534 0 0 0.444645 18.3216 0 
19.8862 7.1031 79.8407 46.6614 
11.5319 11.5319 49.5829 50.8019 
6.18716 9.70784 0 1.2923 10.7232 
0 2.04525 0 0 0.444642 18.326 0 
19.8903 7.10402 79.8384 46.6616 
11.533 11.533 49.5885 50.7999 
6.18335 9.70723 0 1.2921 10.7241 
0 2.04532 0 0 0.444644 18.3226 0 
19.8906 7.1041 79.8383 46.6615 
11.5329 11.5329 49.5893 50.7995 
6.18309 9.70702 0 1.29203 10.7245 
0 2.04529 0 0 0.444637 18.3223 0 
19.8905 7.10445 79.8386 46.6613 
11.5323 11.5323 49.5902 50.799 
6.18302 9.7069 0 1.29192 10.7251 
0 2.04518 0 0 0.44462 18.3221 0 
19.8901 7.10465 79.8394 46.6612 
11.5315 11.5315 49.5911 50.7982 
6.18309 9.70671 0 1.29176 10.7261 
0 2.04498 0 0 0.444603 18.322 0 
19.8896 7.1047 79.8402 46.6613 
11.531 11.531 49.5913 50.7978 
6.18306 9.70674 0 1.29165 10.7267 
0 2.04483 0 0 0.444603 18.3219 0 
19.8893 7.10423 79.8412 46.6617 
11.5312 11.5312 49.5911 50.7976 
6.18278 9.7067 0 1.29154 10.7271 
0 2.04471 0 0 0.444626 18.3217 0 
19.8894 7.10385 79.8417 46.6622 
11.5322 11.5322 49.5906 50.7977 
6.18215 9.7067 0 1.29156 10.7268 
0 2.04468 0 0 0.444657 18.3213 0 
19.8897 7.10358 79.8415 46.6624 
11.5329 11.5329 49.5901 50.798 
6.18172 9.70664 0 1.29145 10.7266 
0 2.04471 0 0 0.444677 18.3213 0 
19.8902 7.10344 79.8408 46.6626 
11.5343 11.5343 49.5896 50.7986 
6.18114 9.70638 0 1.2913 10.7263 
0 2.04476 0 0 0.444695 18.3212 0 
19.8909 7.10362 79.8396 46.6628 
11.5358 11.5358 49.589 50.7995 
6.18044 9.70608 0 1.29099 10.726 
0 2.04473 0 0 0.444709 18.3213 0 
308 variables; iteration 450; function evaluation 489; phase 1
Function value   3.2216466e+02; maximum gradient component mag  -1.0071e+00
Var   Value    Gradient   |Var   Value    Gradient   |Var   Value    Gradient
  1 -2.06802  -1.4058e-02 |  2  0.18445  -3.7087e-02 |  3  0.18984  -1.7444e-02
  4  0.19634  -5.9057e-02 |  5  0.19506  -2.7057e-02 |  6  0.19109  -3.1702e-02
  7  0.17771   1.1030e-02 |  8  0.17361  -3.5378e-03 |  9  0.17232  -3.9879e-03
 10  0.14843   2.4204e-03 | 11  0.12476  -1.7935e-02 | 12  0.12672  -1.0073e-02
 13  0.10252  -2.1240e-02 | 14  0.05677  -1.9758e-02 | 15 -1.98864   8.8777e-03
 16 -0.09820  -1.3384e-03 | 17 -0.15671  -3.3148e-04 | 18 -0.23288   7.1434e-06
 19 -1.73580  -1.2080e-03 | 20 -0.34532  -1.0741e-03 | 21 -0.51594  -3.2495e-04
 22  0.09267  -6.7868e-03 | 23 -0.17993  -1.6450e-05 | 24 -2.00826   2.6433e-03
 25  0.08529  -2.1624e-02 | 26  0.12691   2.3581e-02 | 27  0.15332   9.8761e-03
 28  0.15577   5.9391e-03 | 29  0.14978  -6.9212e-03 | 30  0.15166   6.8796e-03
 31  0.15598  -8.9308e-03 | 32  0.14785  -7.3655e-03 | 33  0.12936   7.6721e-04
 34  0.11301   7.8528e-03 | 35  0.12289  -1.5465e-03 | 36  0.11975   1.7752e-02
 37  0.08926  -1.6310e-02 | 38  0.05233   4.4445e-03 | 39  0.00770  -1.5951e-03
 40 -0.03830  -2.1459e-03 | 41 -1.90542  -5.9612e-04 | 42 -1.84664  -4.9549e-03
 43 -0.01619   3.6939e-02 | 44 -0.06553   1.0045e-02 | 45 -0.08969   1.9553e-02
 46 -0.16673   1.2614e-02 | 47 -0.18315   1.3821e-02 | 48 -0.14563   1.1695e-02
 49 -0.10834   7.3829e-03 | 50 -0.06590   3.5840e-03 | 51 -0.02878  -2.1727e-02
 52  0.01388   6.4010e-04 | 53 -0.00459   1.4112e-02 | 54  0.02930   1.3407e-02
 55 -2.02023   1.0316e-02 | 56  0.03502   1.5917e-02 | 57  0.10003   1.3308e-02
 58 -2.09210   6.9418e-03 | 59  0.03819   3.6220e-02 | 60 -0.10326   1.8741e-02
 61 -0.06557   1.7486e-02 | 62  0.02549   1.7650e-02 | 63 -0.03157   2.1757e-02
 64 -0.03499   4.2346e-02 | 65 -0.05185   1.5017e-02 | 66 -0.04596   1.2251e-02
 67 -0.06809   6.3060e-03 | 68 -0.05317   9.7413e-03 | 69 -0.07308   3.4001e-03
 70 -0.06256   1.0857e-02 | 71  0.04816   2.0742e-02 | 72  0.04549   8.1807e-03
 73  0.00355   9.0162e-03 | 74 -0.00514   1.7014e-02 | 75  0.10157   2.3095e-02
 76  0.07974   2.3726e-02 | 77 -0.02023   2.0358e-02 | 78 -0.05773   3.3205e-02
 79  0.08472   6.4042e-02 | 80  0.31532   1.2411e-02 | 81  0.99954  -7.2115e-04
 82 -0.12142   8.7656e-03 | 83 -0.03907   7.5730e-03 | 84  1.95545  -1.5377e-03
 85 -0.03248   7.3171e-03 | 86  0.09728   1.7196e-02 | 87  0.21691   1.6554e-02
 88 -0.08219   8.0624e-03 | 89 -0.20264   6.6775e-03 | 90 -0.14824   4.6332e-03
 91 -0.04226   6.2384e-03 | 92 -0.01548   5.3878e-03 | 93  0.03965   3.1888e-04
 94  0.16203   3.4354e-03 | 95  0.01345   1.4195e-04 | 96 -0.00240   3.7507e-03
 97  0.01642   5.4003e-03 | 98  0.10112   4.5846e-03 | 99  0.08614   1.0043e-02
100  0.09402   9.7855e-03 |101  0.10539   5.2137e-03 |102 -0.09393   5.9541e-03
103 -0.11352   3.9320e-03 |104  0.05258   1.7944e-02 |105  0.02414   1.2255e-02
106 -0.07751   6.9397e-03 |107 -0.06411   8.5707e-03 |108  0.08149   6.6106e-03
109  0.10047  -9.3835e-04 |110  0.08714  -6.0573e-03 |111  0.01005  -6.7732e-04
112 -0.12565   1.6772e-03 |113 -0.13893  -3.1218e-04 |114 -0.03611   5.4899e-03
115  0.11646   1.1675e-02 |116  0.02422   6.9525e-03 |117  0.09444   8.9333e-03
118  0.04553   1.3593e-02 |119 -0.01343   3.2227e-03 |120  0.00102   7.3809e-03
121  0.13056   3.1374e-02 |122  0.20354   1.8082e-02 |123 -1.00094  -9.5950e-03
124  0.10669  -5.8650e-04 |125 -0.01224   4.7399e-03 |126 -0.16806   3.6598e-03
127  0.01278   2.9616e-04 |128 -0.05359   2.9513e-04 |129  0.05429   2.9517e-04
130  0.06497   2.9471e-04 |131 -0.07039   2.9436e-04 |132 -0.05742   2.9497e-04
133 -0.06832   2.9447e-04 |134  0.03548   2.9578e-04 |135  0.06274   2.9482e-04
136 -0.05983   2.9487e-04 |137  0.06917   2.9451e-04 |138  0.06422   2.9475e-04
139  0.09441   2.9302e-04 |140  0.05929   2.9497e-04 |141 -0.07251   2.9425e-04
142  0.07629   2.9414e-04 |143  0.06525   2.9470e-04 |144  0.07382   2.9427e-04
145  0.07207   2.9436e-04 |146  0.07290   2.9432e-04 |147  0.10770   2.9205e-04
148 -0.08064   2.9379e-04 |149 -0.06061   2.9483e-04 |150 -0.04512   2.9544e-04
151 -0.06396   2.9468e-04 |152 -0.04333   2.9550e-04 |153 -0.28375   2.6709e-04
154 -0.05112   2.9523e-04 |155 -0.00238   2.9621e-04 |156  0.01579   2.9613e-04
157  0.01173   2.9617e-04 |158 -0.07877   2.9390e-04 |159  0.07448   2.9424e-04
160 -0.07307   2.9422e-04 |161  0.07483   2.9422e-04 |162  0.18767   2.8356e-04
163 -0.07927   2.9387e-04 |164  0.04571   2.9548e-04 |165  0.06266   2.9482e-04
166 -0.27559   2.6871e-04 |167 -0.01614   2.9611e-04 |168  0.06353   2.9478e-04
169  0.00644  -1.0071e+00 |170  0.01767  -1.6094e-02 |171  0.01208  -2.2726e-02
172  0.03451  -2.2371e-02 |173  0.08589  -2.4535e-02 |174  0.04933   3.6313e-03
175  0.04292  -2.1513e-02 |176  0.02350  -1.0708e-02 |177  0.03776   9.7212e-03
178  0.10246   3.6488e-02 |179  0.12846  -3.7131e-02 |180  0.12109  -5.9345e-02
181  0.06583   1.4393e-02 |182 -0.00274  -8.3465e-03 |183 -0.06670  -2.0878e-02
184  0.03277  -7.9701e-02 |185 -0.84044  -3.2349e-02 |186  0.01736  -5.2285e-02
187 -0.05671  -1.2973e-02 |188 -0.02185  -3.2216e-02 |189  0.02976  -8.2094e-03
190  0.03779  -3.8114e-02 |191  0.04056  -1.2144e-02 |192  0.02567   2.8696e-02
193 -0.00412   4.7427e-02 |194 -0.07709  -1.2053e-04 |195  0.00397  -3.4820e-02
196  0.06425  -3.2480e-03 |197  0.03209  -3.6299e-02 |198  0.01139  -3.1303e-03
199  0.01735  -7.8487e-03 |200  0.02152  -7.6845e-03 |201  0.02011  -7.3192e-02
202  0.12506   1.1570e-02 |203  0.12182  -5.5860e-02 |204  0.10903   1.1499e-02
205 -0.03673  -5.3531e-02 |206 -0.12243  -6.3372e-03 |207 -0.13277  -2.0437e-03
208 -0.08584   6.5678e-03 |209 -0.03274  -8.7182e-03 |210  0.06517  -6.6054e-03
211 -0.24409  -5.1041e-03 |212 -0.05748   2.4913e-01 |213  0.03412   1.8808e-01
214 -0.03871  -2.3908e-08 |215 -0.63084  -1.3075e-02 |216 -0.77859   6.9251e-03
217  0.01782  -8.9444e-02 |218 -0.16287   5.5284e-03 |219 -0.24869  -9.1418e-03
220 -0.05310   5.9219e-03 |221  0.03769   1.3567e-02 |222  0.00014  -1.9203e-03
223  0.00924  -7.8135e-04 |224 -0.02785   4.3659e-04 |225 -0.03443   5.6013e-04
226  0.09079   2.2199e-03 |227  0.07192   8.1138e-03 |228  0.19668   1.1799e-02
229  0.10526   4.2125e-03 |230  0.09880   1.1918e-02 |231  0.05092   1.9308e-02
232  0.05839   2.5698e-03 |233  0.06581   1.5577e-03 |234  0.13114   1.5070e-02
235 -0.11958   3.9782e-03 |236 -0.12934   8.1440e-03 |237 -0.01050   8.8813e-03
238  0.01985   2.3999e-04 |239 -0.10124  -5.5171e-03 |240 -0.15941   2.9607e-03
241 -0.06670  -3.9988e-03 |242  0.01336   4.2123e-03 |243  0.04500   9.3201e-03
244 -0.02345   8.2760e-03 |245 -0.12267   7.5246e-03 |246 -0.23224   9.7648e-03
247 -0.10292   1.3777e-02 |248  0.00281   9.9349e-03 |249  0.05177   7.5480e-03
250  0.08404   9.7753e-03 |251  0.05615   5.2475e-03 |252 -0.01603   8.6697e-03
253 -0.00352   7.8945e-03 |254  0.13313   4.0686e-03 |255  0.19941   9.5643e-03
256  0.23499   7.9878e-03 |257 -0.14673   8.8133e-03 |258  0.09610   5.6908e-02
259  0.14947  -7.0557e-02 |260 -0.86802   3.7825e-02 |261 -0.84448   5.1240e-02
262 -0.80775  -1.2252e-02 |263 -0.72624   8.1858e-03 |264  0.34869   1.6763e-02
265 -1.18287  -5.5631e-03 |266 -0.19616   1.8711e-02 |267 -0.00487   1.9635e-02
268  0.43809   1.5167e-02 |269  0.67060   9.7127e-03 |270 -0.37352   1.6352e-02
271  0.55015   1.2749e-02 |272  0.90849   2.8130e-03 |273 -0.56370   1.2428e-02
274  0.46590   1.4608e-02 |275  0.55157   1.2715e-02 |276 -0.31833   1.7232e-02
277 -0.26192   1.7997e-02 |278  0.52033   1.3434e-02 |279 -0.95160   1.4908e-03
280 -0.60412   1.1439e-02 |281 -0.05592   1.9560e-02 |282 -0.03011   1.9614e-02
283 -0.19377   1.8733e-02 |284 -0.01553   1.9630e-02 |285 -0.33936   1.6911e-02
286 -0.10837   1.9352e-02 |287  1.07952  -2.4466e-03 |288  0.43801   1.5169e-02
289  0.23559   1.8306e-02 |290  0.25966   1.8025e-02 |291 -0.25244   1.8112e-02
292 -0.09327   1.9425e-02 |293 -0.43270   1.5272e-02 |294  0.13544   1.9193e-02
295 -0.45081   1.4915e-02 |296  0.55368   1.2666e-02 |297 -0.03974   1.9597e-02
298 -0.50407   1.3795e-02 |299 -0.48043   1.4305e-02 |300  0.00992   1.9633e-02
301  0.69894   8.9437e-03 |302  0.26301   1.7984e-02 |303  0.47174   3.9945e-02
304  0.08312   3.1991e-02 |305 -0.90628   4.1408e-03 |306  0.25389   4.8785e-03
307 -0.88439   4.2184e-03 |308 -0.52823   2.4976e-02 |
19.8909 7.10398 79.8391 46.6628 
11.5363 11.5363 49.5889 50.7998 
6.1803 9.70595 0 1.29088 10.726 
0 2.04466 0 0 0.444702 18.3213 0 
19.8908 7.10469 79.8386 46.6628 
11.5364 11.5364 49.589 50.8 
6.18026 9.7059 0 1.29076 10.7259 
0 2.04451 0 0 0.444686 18.3213 0 
19.8903 7.10584 79.8381 46.6629 
11.5362 11.5362 49.5894 50.8003 
6.18034 9.70593 0 1.29059 10.7258 
0 2.04422 0 0 0.444658 18.3212 0 
19.8892 7.10772 79.8374 46.6631 
11.5354 11.5354 49.5902 50.8005 
6.18066 9.70619 0 1.29033 10.7257 
0 2.04372 0 0 0.444609 18.3212 0 
19.8875 7.10985 79.8369 46.6634 
11.5334 11.5334 49.5918 50.8006 
6.18129 9.70686 0 1.29002 10.7259 
0 2.04305 0 0 0.444546 18.3212 0 
19.886 7.11141 79.8366 46.6635 
11.5311 11.5311 49.5932 50.8005 
6.18194 9.70767 0 1.28989 10.726 
0 2.04267 0 0 0.444505 18.3214 0 
19.885 7.11078 79.8369 46.664 
11.5296 11.5296 49.5944 50.7999 
6.18245 9.70815 0 1.28984 10.7268 
0 2.04262 0 0 0.44452 18.3214 0 
19.8841 7.10889 79.8377 46.6643 
11.528 11.528 49.5954 50.7988 
6.1829 9.709 0 1.28983 10.7279 
0 2.04289 0 0 0.444581 18.3214 0 
19.8849 7.10535 79.8377 46.6647 
11.5289 11.5289 49.5956 50.798 
6.18303 9.70915 0 1.28958 10.7294 
0 2.04321 0 0 0.444655 18.3213 0 
19.8846 7.10389 79.8386 46.6639 
11.5312 11.5312 49.5947 50.7971 
6.18297 9.70807 0 1.28949 10.7305 
0 2.04403 0 0 0.44474 18.3213 0 
308 variables; iteration 460; function evaluation 499; phase 1
Function value   3.2216417e+02; maximum gradient component mag  -6.0457e-01
Var   Value    Gradient   |Var   Value    Gradient   |Var   Value    Gradient
  1 -2.06643   8.4749e-03 |  2  0.18455   1.7597e-01 |  3  0.18977   1.6920e-02
  4  0.19630  -1.0118e-01 |  5  0.19505   2.8205e-03 |  6  0.19105  -6.8779e-02
  7  0.17771   8.3515e-02 |  8  0.17357  -6.4262e-02 |  9  0.17227  -8.9223e-02
 10  0.14840  -3.2223e-03 | 11  0.12477   1.5772e-02 | 12  0.12669  -4.0486e-02
 13  0.10253   4.5282e-02 | 14  0.05694   1.2554e-01 | 15 -1.98878  -2.4662e-02
 16 -0.09750   1.6683e-02 | 17 -0.15678  -1.4130e-04 | 18 -0.23298  -2.2009e-05
 19 -1.73549  -1.0836e-03 | 20 -0.41310  -3.9364e-03 | 21 -0.45678  -1.8533e-04
 22  0.09271  -1.0082e-05 | 23 -0.17996  -2.6013e-05 | 24 -2.00825   3.4706e-03
 25  0.08544   3.4064e-02 | 26  0.12692   3.3968e-02 | 27  0.15332   2.3053e-02
 28  0.15577   1.9501e-02 | 29  0.14978   4.7184e-03 | 30  0.15166   1.5743e-02
 31  0.15595  -5.1818e-02 | 32  0.14783  -2.2518e-02 | 33  0.12936   5.9128e-04
 34  0.11300   3.0811e-02 | 35  0.12284   8.2057e-03 | 36  0.11971  -3.3631e-02
 37  0.08923  -3.2185e-03 | 38  0.05231  -9.8839e-03 | 39  0.00768  -8.8563e-03
 40 -0.03833   2.3849e-04 | 41 -1.90552  -1.0091e-04 | 42 -1.84647  -2.7697e-03
 43 -0.01676  -3.8088e-02 | 44 -0.06536  -6.9931e-03 | 45 -0.08974  -1.2175e-02
 46 -0.16685  -2.0206e-02 | 47 -0.18338  -3.3275e-02 | 48 -0.14570  -2.5638e-02
 49 -0.10860  -5.0531e-02 | 50 -0.06602  -4.4312e-02 | 51 -0.02835  -2.6709e-02
 52  0.01358  -4.6750e-02 | 53 -0.00477  -1.5563e-02 | 54  0.02926  -4.1859e-03
 55 -2.02067  -1.0788e-02 | 56  0.03498   5.0293e-03 | 57  0.09974  -2.4946e-02
 58 -2.09269   5.3923e-03 | 59  0.03736  -5.0076e-02 | 60 -0.10326  -4.9804e-03
 61 -0.06535   7.6465e-03 | 62  0.02573   1.2109e-03 | 63 -0.03164  -1.1705e-02
 64 -0.03580  -4.4596e-02 | 65 -0.05188  -8.2442e-03 | 66 -0.04605  -7.7589e-03
 67 -0.06794   1.0515e-02 | 68 -0.05317   3.3668e-03 | 69 -0.07295   5.7648e-03
 70 -0.06261  -8.5988e-03 | 71  0.04823  -2.9303e-04 | 72  0.04540  -1.7003e-02
 73  0.00363  -1.8055e-03 | 74 -0.00510   6.9140e-04 | 75  0.10160   3.9105e-03
 76  0.07913  -1.1821e-02 | 77 -0.02032   2.3721e-02 | 78 -0.05718   8.3553e-02
 79  0.08581   1.6397e-01 | 80  0.31500   5.7768e-02 | 81  0.99041  -2.6699e-02
 82 -0.12139  -5.4094e-03 | 83 -0.03897  -3.3892e-03 | 84  1.95455  -2.1164e-02
 85 -0.03247  -4.9917e-03 | 86  0.09720  -1.3828e-02 | 87  0.21692  -9.7731e-03
 88 -0.08223  -5.2589e-03 | 89 -0.20256   5.9243e-03 | 90 -0.14826  -6.1810e-03
 91 -0.04223  -4.2632e-03 | 92 -0.01544  -1.0790e-02 | 93  0.03950  -3.5707e-02
 94  0.16200  -4.2859e-02 | 95  0.01355  -1.6880e-02 | 96 -0.00226  -1.0587e-02
 97  0.01643  -3.9719e-03 | 98  0.10102  -1.0700e-02 | 99  0.08622  -5.5395e-03
100  0.09389  -2.2412e-02 |101  0.10536  -1.2361e-02 |102 -0.09393  -4.1246e-03
103 -0.11354  -1.1896e-02 |104  0.05266  -7.3340e-03 |105  0.02402  -7.9148e-03
106 -0.07760  -4.6897e-04 |107 -0.06427  -8.1855e-03 |108  0.08165   8.2519e-03
109  0.10049   5.1301e-03 |110  0.08717   5.8645e-03 |111  0.01012   1.0237e-02
112 -0.12568   3.3250e-03 |113 -0.13899   9.1134e-04 |114 -0.03613   1.1392e-02
115  0.11652   2.7535e-02 |116  0.02414  -2.2220e-03 |117  0.09430  -8.8671e-03
118  0.04565   5.7444e-03 |119 -0.01296   9.2363e-03 |120  0.00109  -8.3949e-03
121  0.13057   3.4847e-02 |122  0.20344   4.1115e-02 |123 -0.99754   2.5761e-02
124  0.10666   6.6198e-03 |125 -0.01232  -4.7486e-03 |126 -0.16817  -3.3606e-03
127  0.01606   5.5254e-03 |128 -0.05334   5.5077e-03 |129  0.05658   5.5054e-03
130  0.06684   5.4968e-03 |131 -0.07210   5.4917e-03 |132 -0.05758   5.5045e-03
133 -0.06978   5.4939e-03 |134  0.03831   5.5172e-03 |135  0.06466   5.4987e-03
136 -0.05998   5.5026e-03 |137  0.07061   5.4932e-03 |138  0.06613   5.4974e-03
139  0.09673   5.4635e-03 |140  0.06124   5.5016e-03 |141 -0.07449   5.4893e-03
142  0.07905   5.4846e-03 |143  0.06710   5.4965e-03 |144  0.07463   5.4893e-03
145  0.07314   5.4908e-03 |146  0.07374   5.4902e-03 |147  0.11063   5.4440e-03
148 -0.08318   5.4800e-03 |149 -0.06048   5.5022e-03 |150 -0.04375   5.5141e-03
151 -0.06462   5.4987e-03 |152 -0.03342   5.5195e-03 |153 -0.30692   4.8970e-03
154 -0.05062   5.5097e-03 |155  0.00087   5.5272e-03 |156  0.01904   5.5247e-03
157  0.01502   5.5256e-03 |158 -0.08110   5.4823e-03 |159  0.07514   5.4887e-03
160 -0.07513   5.4887e-03 |161  0.07546   5.4884e-03 |162  0.15440   5.3655e-03
163 -0.08158   5.4818e-03 |164  0.04821   5.5113e-03 |165  0.06458   5.4988e-03
166 -0.26927   5.0399e-03 |167 -0.01323   5.5260e-03 |168  0.06545   5.4980e-03
169  0.00696  -3.2673e-01 |170  0.01667  -2.8471e-01 |171  0.01105  -3.5726e-01
172  0.03349  -3.4038e-01 |173  0.08485  -2.3979e-01 |174  0.04835  -1.3512e-01
175  0.04188  -2.9611e-01 |176  0.02252  -2.9026e-01 |177  0.03673  -3.4270e-01
178  0.10144  -2.7904e-01 |179  0.12740  -3.7822e-01 |180  0.12010  -3.1509e-01
181  0.06483  -3.5639e-01 |182 -0.00375  -3.2476e-01 |183 -0.06773  -3.2854e-01
184  0.03177  -2.5522e-01 |185 -0.81428  -1.3705e-01 |186  0.01633  -2.8858e-01
187 -0.05772  -3.5069e-01 |188 -0.02287  -3.8193e-01 |189  0.02873  -2.8413e-01
190  0.03675  -2.6369e-01 |191  0.03952  -3.9057e-01 |192  0.02469  -3.5623e-01
193 -0.00517  -4.2454e-01 |194 -0.07801  -3.2132e-01 |195  0.00295  -3.9510e-01
196  0.06325  -2.8592e-01 |197  0.03109  -2.9483e-01 |198  0.01039  -3.2982e-01
199  0.01630  -4.2304e-01 |200  0.02051  -3.2332e-01 |201  0.01907  -4.1299e-01
202  0.12400  -2.7615e-01 |203  0.12077  -6.0457e-01 |204  0.10808  -3.9108e-01
205 -0.03759  -3.6551e-01 |206 -0.12376  -3.4635e-01 |207 -0.13391  -3.5470e-01
208 -0.08683  -2.9656e-01 |209 -0.03375  -3.4268e-01 |210  0.06417  -3.2321e-01
211 -0.20836  -3.1724e-01 |212 -0.05747   2.4728e-01 |213  0.03413   9.6318e-03
214 -0.03862  -2.3854e-08 |215 -0.63085  -1.3536e-02 |216 -0.77861   1.4567e-03
217  0.01777   8.1090e-02 |218 -0.16279   6.2704e-02 |219 -0.24870   2.9795e-02
220 -0.05311   2.7809e-02 |221  0.03768   2.6093e-02 |222  0.00014   2.2856e-02
223  0.00927   5.8463e-02 |224 -0.02784   3.6056e-02 |225 -0.03443   2.1551e-02
226  0.09079   4.4052e-02 |227  0.07190   5.2834e-02 |228  0.19664   3.0642e-02
229  0.10533   6.0535e-02 |230  0.09885   4.9976e-02 |231  0.05087   1.9602e-02
232  0.05842   3.0317e-02 |233  0.06583   4.0157e-02 |234  0.13107   2.3673e-02
235 -0.11962   2.4743e-03 |236 -0.12937   3.1446e-02 |237 -0.01050   4.3250e-02
238  0.01988   5.5325e-02 |239 -0.10123   3.6737e-02 |240 -0.15947   1.8079e-02
241 -0.06670   3.3366e-02 |242  0.01334   2.6473e-02 |243  0.04494   3.2292e-02
244 -0.02348   2.7260e-02 |245 -0.12266   3.3574e-02 |246 -0.23223   2.0013e-02
247 -0.10290   3.8075e-02 |248  0.00283   1.8210e-02 |249  0.05179   2.4580e-02
250  0.08399   3.5224e-02 |251  0.05613   3.8142e-02 |252 -0.01597   3.9128e-02
253 -0.00351   2.0797e-02 |254  0.13311   3.3728e-02 |255  0.19950   3.8730e-02
256  0.23507   4.0462e-02 |257 -0.14678  -1.1856e-02 |258  0.09610  -2.8480e-01
259  0.14947  -1.9614e-01 |260 -0.86803  -8.4337e-02 |261 -0.84448   1.4716e-01
262 -0.80716   2.1426e-02 |263 -0.71753   1.1479e-01 |264  0.35779   2.2627e-01
265 -1.18404  -7.6227e-02 |266 -0.20075   2.5421e-01 |267 -0.00176   2.6740e-01
268  0.43838   2.0647e-01 |269  0.66427   1.3457e-01 |270 -0.37569   2.2217e-01
271  0.54922   1.7391e-01 |272  0.91014   3.7618e-02 |273 -0.57037   1.6707e-01
274  0.47281   1.9698e-01 |275  0.54756   1.7444e-01 |276 -0.32989   2.3229e-01
277 -0.25959   2.4547e-01 |278  0.51214   1.8544e-01 |279 -0.95350   1.9514e-02
280 -0.60573   1.5522e-01 |281 -0.05366   2.6645e-01 |282 -0.02491   2.6719e-01
283 -0.19618   2.5480e-01 |284 -0.01812   2.6729e-01 |285 -0.33867   2.3044e-01
286 -0.11123   2.6333e-01 |287  1.08263  -3.4609e-02 |288  0.43542   2.0725e-01
289  0.24084   2.4849e-01 |290  0.26574   2.4444e-01 |291 -0.25019   2.4701e-01
292 -0.09385   2.6450e-01 |293 -0.43239   2.0805e-01 |294  0.12919   2.6191e-01
295 -0.45331   2.0242e-01 |296  0.54930   1.7388e-01 |297 -0.03703   2.6694e-01
298 -0.49720   1.8991e-01 |299 -0.48284   1.9411e-01 |300  0.00910   2.6737e-01
301  0.70282   1.2034e-01 |302  0.26841   2.4398e-01 |303  0.47176  -1.6148e-01
304  0.08310  -1.6020e-02 |305 -0.90629  -1.3128e-01 |306  0.25391   1.0325e-02
307 -0.88439   9.3063e-02 |308 -0.52822   7.9810e-02 |
19.8853 7.1032 79.8384 46.664 
11.5315 11.5315 49.5947 50.7972 
6.18293 9.70837 0 1.28929 10.7306 
0 2.04383 0 0 0.444736 18.3212 0 
19.8866 7.10224 79.838 46.6641 
11.5325 11.5325 49.5945 50.7973 
6.18292 9.70857 0 1.28882 10.7309 
0 2.04342 0 0 0.444722 18.3209 0 
19.8882 7.10283 79.8371 46.664 
11.5344 11.5344 49.5938 50.7978 
6.18292 9.70844 0 1.28802 10.7308 
0 2.04253 0 0 0.444663 18.3206 0 
19.8883 7.10514 79.8367 46.664 
11.5358 11.5358 49.5928 50.7983 
6.18305 9.70785 0 1.28757 10.73 
0 2.04192 0 0 0.444613 18.3204 0 
19.8904 7.10475 79.8368 46.6637 
11.5374 11.5374 49.5918 50.798 
6.18351 9.7077 0 1.28684 10.7298 
0 2.04133 0 0 0.444597 18.3204 0 
19.8916 7.10634 79.8369 46.6634 
11.5382 11.5382 49.5904 50.7979 
6.18411 9.70698 0 1.28639 10.7289 
0 2.04088 0 0 0.444573 18.3207 0 
19.8978 7.10231 79.8373 46.6631 
11.537 11.537 49.5888 50.7974 
6.18513 9.70821 0 1.28545 10.7277 
0 2.04059 0 0 0.444584 18.3218 0 
19.8973 7.10429 79.8375 46.6632 
11.5356 11.5356 49.5882 50.7973 
6.18534 9.70775 0 1.28549 10.7264 
0 2.04087 0 0 0.444597 18.323 0 
19.901 7.10271 79.8368 46.6634 
11.5325 11.5325 49.5864 50.7976 
6.18517 9.70811 0 1.28542 10.7247 
0 2.04173 0 0 0.444641 18.3257 0 
19.9007 7.10381 79.835 46.6647 
11.5278 11.5278 49.5851 50.7984 
6.18385 9.70836 0 1.28543 10.7213 
0 2.04386 0 0 0.444716 18.3302 0 
308 variables; iteration 470; function evaluation 509; phase 1
Function value   3.2216178e+02; maximum gradient component mag   1.3290e+00
Var   Value    Gradient   |Var   Value    Gradient   |Var   Value    Gradient
  1 -2.06673   3.5854e-03 |  2  0.18477   3.2313e-01 |  3  0.18974  -5.9876e-02
  4  0.19647   1.4934e-01 |  5  0.19510   8.0985e-02 |  6  0.19117   3.8410e-02
  7  0.17765  -3.0816e-01 |  8  0.17370   6.2224e-02 |  9  0.17240   1.0911e-01
 10  0.14848   1.1435e-02 | 11  0.12485   3.1815e-02 | 12  0.12674   1.4836e-02
 13  0.10264   1.1521e-01 | 14  0.05671  -4.2157e-02 | 15 -1.98913  -6.0247e-02
 16 -0.09840  -5.8443e-03 | 17 -0.15655   4.1656e-04 | 18 -0.23282  -1.9237e-06
 19 -1.73475  -7.6620e-04 | 20 -0.53050  -4.1454e-03 | 21 -0.33848   1.9218e-03
 22  0.09272  -5.6646e-03 | 23 -0.17974   4.4069e-05 | 24 -2.00859  -1.0674e-02
 25  0.08543   4.5297e-02 | 26  0.12688   3.0149e-03 | 27  0.15326  -4.9651e-02
 28  0.15572  -3.4928e-02 | 29  0.14977  -1.4121e-02 | 30  0.15163  -1.0296e-02
 31  0.15598   5.1225e-03 | 32  0.14785   4.7347e-03 | 33  0.12931  -4.6990e-02
 34  0.11294  -3.8387e-02 | 35  0.12289   2.7308e-03 | 36  0.11969  -2.2740e-04
 37  0.08922  -1.2437e-02 | 38  0.05227   7.3107e-03 | 39  0.00763   5.8486e-04
 40 -0.03830   8.3576e-03 | 41 -1.90551  -1.2390e-03 | 42 -1.84468   2.0617e-02
 43 -0.01534   5.8789e-02 | 44 -0.06538   1.0702e-02 | 45 -0.09037  -3.5523e-02
 46 -0.16697   7.6243e-03 | 47 -0.18317   4.3241e-02 | 48 -0.14558   6.5233e-02
 49 -0.10721   1.6876e-01 | 50 -0.06545   1.1891e-01 | 51 -0.02819   1.1517e-01
 52  0.01398   8.4722e-02 | 53 -0.00430   4.9409e-02 | 54  0.02874  -3.6081e-02
 55 -2.02083   1.6136e-02 | 56  0.03503  -5.3408e-02 | 57  0.09929  -1.3331e-01
 58 -2.09329   1.1823e-02 | 59  0.03743  -4.9769e-02 | 60 -0.10326   1.4073e-02
 61 -0.06570  -6.5693e-03 | 62  0.02588  -4.6750e-03 | 63 -0.03135   3.8167e-04
 64 -0.03698  -1.4076e-01 | 65 -0.05179  -9.5652e-03 | 66 -0.04726  -1.2000e-01
 67 -0.06754   2.2279e-02 | 68 -0.05327  -1.8814e-02 | 69 -0.07335  -1.6912e-02
 70 -0.06280  -2.3027e-03 | 71  0.04851   5.3148e-02 | 72  0.04560   5.4503e-02
 73  0.00367   6.4729e-02 | 74 -0.00525   4.4930e-02 | 75  0.10137   4.3236e-02
 76  0.08035   6.5852e-02 | 77 -0.02020   6.9477e-03 | 78 -0.05782   4.7502e-03
 79  0.08359  -6.7621e-02 | 80  0.31554  -9.6796e-02 | 81  0.99422  -1.5816e-02
 82 -0.12143   2.2405e-02 | 83 -0.03894   2.8441e-02 | 84  1.95505  -2.8918e-02
 85 -0.03299   1.5100e-02 | 86  0.09753   2.9048e-02 | 87  0.21695  -2.8569e-02
 88 -0.08225   6.6564e-03 | 89 -0.20270   1.3288e-02 | 90 -0.14818   1.8202e-02
 91 -0.04209   2.3875e-02 | 92 -0.01535   3.7879e-02 | 93  0.03973   5.3167e-02
 94  0.16190   9.9895e-02 | 95  0.01322   4.7469e-02 | 96 -0.00255   3.2826e-02
 97  0.01635   2.7233e-02 | 98  0.10131   2.4713e-02 | 99  0.08583  -7.0255e-02
100  0.09438  -2.8033e-03 |101  0.10509  -8.4512e-02 |102 -0.09424  -2.2306e-02
103 -0.11347   8.2903e-03 |104  0.05249  -1.2517e-03 |105  0.02394   1.4830e-02
106 -0.07762   1.5618e-02 |107 -0.06401   2.1977e-02 |108  0.08159   1.3435e-03
109  0.10058  -1.1071e-03 |110  0.08715  -1.3233e-02 |111  0.01029   1.5949e-02
112 -0.12549   2.3538e-02 |113 -0.13890   9.1950e-03 |114 -0.03579   3.6224e-02
115  0.11634   8.0401e-03 |116  0.02426   3.3476e-02 |117  0.09449   4.2903e-02
118  0.04535   3.4869e-02 |119 -0.01317   4.4829e-02 |120  0.00127   4.1384e-02
121  0.13009  -1.8004e-02 |122  0.20383   2.3345e-02 |123 -1.00088  -9.0526e-03
124  0.10651  -3.9389e-02 |125 -0.01199   3.2264e-02 |126 -0.16808   2.1636e-02
127  0.02249   2.8745e-02 |128 -0.05092   2.8671e-02 |129  0.06136   2.8629e-02
130  0.06971   2.8590e-02 |131 -0.07270   2.8575e-02 |132 -0.05577   2.8652e-02
133 -0.06997   2.8589e-02 |134  0.04394   2.8694e-02 |135  0.06782   2.8600e-02
136 -0.05893   2.8639e-02 |137  0.07275   2.8575e-02 |138  0.06911   2.8593e-02
139  0.09934   2.8413e-02 |140  0.06482   2.8614e-02 |141 -0.07554   2.8560e-02
142  0.08523   2.8505e-02 |143  0.06993   2.8589e-02 |144  0.07597   2.8558e-02
145  0.07475   2.8565e-02 |146  0.07592   2.8558e-02 |147  0.11214   2.8318e-02
148 -0.08536   2.8504e-02 |149 -0.05840   2.8642e-02 |150 -0.04102   2.8703e-02
151 -0.06420   2.8616e-02 |152 -0.00257   2.8762e-02 |153 -0.36321   2.4207e-02
154 -0.04782   2.8681e-02 |155  0.00741   2.8761e-02 |156  0.02539   2.8740e-02
157  0.02147   2.8746e-02 |158 -0.08290   2.8519e-02 |159  0.07678   2.8554e-02
160 -0.07629   2.8556e-02 |161  0.07691   2.8553e-02 |162  0.06156   2.8628e-02
163 -0.08345   2.8516e-02 |164  0.05324   2.8662e-02 |165  0.06774   2.8600e-02
166 -0.25243   2.6531e-02 |167 -0.00706   2.8761e-02 |168  0.06852   2.8596e-02
169  0.00801   4.8777e-01 |170  0.01467   3.9534e-01 |171  0.00901   3.2181e-01
172  0.03147   2.6063e-01 |173  0.08288   4.7124e-02 |174  0.04625  -3.0042e-02
175  0.04000   2.5935e-01 |176  0.02049   2.8153e-01 |177  0.03480   2.8462e-01
178  0.09936   1.9110e-01 |179  0.12544   8.0140e-01 |180  0.11796   3.8550e-01
181  0.06284   6.8068e-01 |182 -0.00581   4.9252e-01 |183 -0.06967   4.0095e-01
184  0.02977   4.4863e-01 |185 -0.75909   5.8409e-02 |186  0.01424   3.5028e-01
187 -0.05978   3.7661e-01 |188 -0.02494   3.6403e-01 |189  0.02664   4.7160e-01
190  0.03459   4.4091e-01 |191  0.03738   2.5816e-01 |192  0.02259   3.7857e-01
193 -0.00716   4.7788e-01 |194 -0.08007   3.8117e-01 |195  0.00096   3.3341e-01
196  0.06123   3.3417e-01 |197  0.02913   4.3248e-01 |198  0.00838   2.2936e-01
199  0.01431   1.4851e-01 |200  0.01843   2.6470e-01 |201  0.01725   5.1774e-01
202  0.12199   3.3593e-01 |203  0.11877   5.2849e-01 |204  0.10587   5.2466e-01
205 -0.03954   4.1154e-01 |206 -0.12550   3.5534e-01 |207 -0.13593   2.9605e-01
208 -0.08889   2.8113e-01 |209 -0.03577   3.4359e-01 |210  0.06217   3.4522e-01
211 -0.14339   3.4224e-01 |212 -0.05743  -2.7361e-01 |213  0.03410  -4.9443e-01
214 -0.03845  -2.3747e-08 |215 -0.63096  -1.2999e-03 |216 -0.77879  -6.8446e-02
217  0.01795   1.6877e-01 |218 -0.16290  -4.5517e-02 |219 -0.24869   5.5414e-03
220 -0.05300  -1.0318e-02 |221  0.03778  -6.2304e-04 |222  0.00016  -1.1136e-02
223  0.00921  -9.6802e-03 |224 -0.02786   1.7834e-03 |225 -0.03441  -1.9936e-02
226  0.09087  -2.6815e-02 |227  0.07203  -2.9651e-02 |228  0.19668  -2.6141e-02
229  0.10525  -3.0364e-02 |230  0.09874  -5.0159e-02 |231  0.05095  -6.9916e-02
232  0.05840   1.6359e-03 |233  0.06581  -1.5866e-02 |234  0.13117  -3.9484e-02
235 -0.11961   1.5367e-02 |236 -0.12934   5.2738e-02 |237 -0.01051   4.4292e-03
238  0.01982  -1.2328e-02 |239 -0.10119  -3.6704e-03 |240 -0.15943  -8.7477e-03
241 -0.06671  -1.6430e-02 |242  0.01331  -1.5455e-02 |243  0.04492   9.6822e-05
244 -0.02348  -8.0612e-03 |245 -0.12271  -2.2354e-02 |246 -0.23233  -7.1009e-03
247 -0.10296  -1.4019e-02 |248  0.00279  -1.2069e-02 |249  0.05179  -1.2168e-02
250  0.08409  -1.3852e-02 |251  0.05606  -3.6654e-02 |252 -0.01603  -4.7058e-02
253 -0.00327  -3.1688e-02 |254  0.13308  -1.6155e-02 |255  0.19933  -1.5847e-02
256  0.23496  -3.3748e-02 |257 -0.14679   1.5837e-02 |258  0.09611   7.7053e-01
259  0.14947   5.6640e-02 |260 -0.86802  -3.5021e-01 |261 -0.84448   6.7396e-02
262 -0.80862  -3.2685e-02 |263 -0.69804   5.9900e-02 |264  0.37600   1.0893e-01
265 -1.18739  -3.8048e-02 |266 -0.20453   1.2444e-01 |267 -0.00108   1.3115e-01
268  0.44033   1.0101e-01 |269  0.65805   6.7105e-02 |270 -0.38251   1.0818e-01
271  0.54404   8.6103e-02 |272  0.91070   1.8337e-02 |273 -0.58368   7.9781e-02
274  0.48702   9.4606e-02 |275  0.53522   8.7465e-02 |276 -0.34567   1.1228e-01
277 -0.25871   1.2047e-01 |278  0.49755   9.3091e-02 |279 -0.95536   9.1880e-03
280 -0.61496   7.4572e-02 |281 -0.05168   1.3072e-01 |282 -0.01196   1.3112e-01
283 -0.20107   1.2466e-01 |284 -0.02154   1.3107e-01 |285 -0.33704   1.1319e-01
286 -0.11944   1.2885e-01 |287  1.09086  -1.8654e-02 |288  0.43425   1.0180e-01
289  0.25397   1.2085e-01 |290  0.27989   1.1867e-01 |291 -0.24036   1.2191e-01
292 -0.09100   1.2981e-01 |293 -0.42639   1.0281e-01 |294  0.11603   1.2898e-01
295 -0.45487   9.9070e-02 |296  0.54003   8.6724e-02 |297 -0.03436   1.3096e-01
298 -0.48595   9.4759e-02 |299 -0.49045   9.4116e-02 |300  0.00100   1.3115e-01
301  0.70588   5.8457e-02 |302  0.27389   1.1920e-01 |303  0.47174   6.6692e-01
304  0.08324   3.9500e-02 |305 -0.90626   4.6706e-01 |306  0.25381   4.4381e-03
307 -0.88434   1.3290e+00 |308 -0.52822   2.1006e-01 |
19.9204 7.08598 79.8282 46.6641 
11.5205 11.5205 49.5824 50.7994 
6.17997 9.71249 0 1.28533 10.7184 
0 2.0479 0 0 0.444827 18.3401 0 
19.9069 7.09857 79.8321 46.6646 
11.5251 11.5251 49.5838 50.7989 
6.18218 9.70937 0 1.28539 10.7201 
0 2.04556 0 0 0.444763 18.3344 0 
19.905 7.09997 79.8291 46.6656 
11.5244 11.5244 49.5825 50.8003 
6.17977 9.70848 0 1.28599 10.7197 
0 2.04751 0 0 0.444787 18.3375 0 
19.9 7.10276 79.8252 46.6671 
11.5242 11.5242 49.5836 50.8003 
6.17706 9.70824 0 1.28578 10.7155 
0 2.05055 0 0 0.444782 18.3422 0 
19.9019 7.10043 79.8233 46.667 
11.5259 11.5259 49.5829 50.8008 
6.17599 9.70837 0 1.2862 10.7164 
0 2.05114 0 0 0.444736 18.3426 0 
19.9003 7.10147 79.8215 46.6655 
11.5311 11.5311 49.5828 50.8008 
6.17437 9.70547 0 1.28748 10.7215 
0 2.05121 0 0 0.444667 18.3418 0 
19.9009 7.09966 79.8227 46.6652 
11.5323 11.5323 49.5837 50.8 
6.1746 9.70628 0 1.28769 10.7208 
0 2.05117 0 0 0.444623 18.3403 0 
19.9011 7.09676 79.8258 46.6636 
11.5351 11.5351 49.5865 50.7977 
6.17516 9.70718 0 1.28873 10.7209 
0 2.05078 0 0 0.444534 18.3362 0 
19.9018 7.09302 79.8309 46.6615 
11.538 11.538 49.5907 50.7947 
6.17615 9.70822 0 1.29084 10.7211 
0 2.05 0 0 0.444434 18.3294 0 
19.8993 7.09432 79.836 46.6598 
11.5391 11.5391 49.5947 50.7925 
6.17781 9.7082 0 1.2932 10.7207 
0 2.04879 0 0 0.444373 18.3221 0 
19.9047 7.08819 79.8401 46.657 
11.5379 11.5379 49.5993 50.7903 
6.17869 9.7099 0 1.29686 10.7196 
0 2.04849 0 0 0.44433 18.315 0 
308 variables; iteration 480; function evaluation 520; phase 1
Function value   3.2215817e+02; maximum gradient component mag  -7.4237e+00
Var   Value    Gradient   |Var   Value    Gradient   |Var   Value    Gradient
  1 -2.06715   1.7887e-03 |  2  0.18440  -1.4445e-01 |  3  0.18994  -6.9539e-02
  4  0.19617  -7.3614e-01 |  5  0.19510  -2.0454e-01 |  6  0.19106  -1.6613e-01
  7  0.17774   2.3156e-02 |  8  0.17353  -1.7675e-01 |  9  0.17235   3.7330e-02
 10  0.14841  -4.6704e-02 | 11  0.12487   1.7778e-01 | 12  0.12675   2.2020e-02
 13  0.10230  -3.6331e-01 | 14  0.05710   1.5799e-01 | 15 -1.98833   5.9119e-02
 16 -0.09977  -3.9709e-02 | 17 -0.15635   2.3165e-04 | 18 -0.23262   1.9863e-04
 19 -1.74257  -4.4918e-03 | 20 -0.61273  -3.6014e-03 | 21 -0.26029   1.6447e-02
 22  0.09291   3.3244e-02 | 23 -0.17972   7.1322e-05 | 24 -2.00818   6.3915e-03
 25  0.08486  -1.6012e-01 | 26  0.12693   2.1790e-02 | 27  0.15336   2.8950e-02
 28  0.15581  -6.4654e-03 | 29  0.14981   1.9964e-02 | 30  0.15167  -2.2154e-02
 31  0.15603   6.7854e-02 | 32  0.14789   5.5571e-02 | 33  0.12939   4.2908e-02
 34  0.11301  -3.9611e-02 | 35  0.12281  -1.3510e-01 | 36  0.11975  -1.0332e-01
 37  0.08930  -9.8887e-04 | 38  0.05235  -4.9790e-02 | 39  0.00781   2.3385e-02
 40 -0.03839  -1.1345e-02 | 41 -1.90551   1.2280e-02 | 42 -1.84291  -1.1268e-02
 43 -0.01628   8.1467e-02 | 44 -0.06521   5.0701e-02 | 45 -0.08922   5.4550e-02
 46 -0.16658   2.9431e-03 | 47 -0.18323  -2.6372e-02 | 48 -0.14583  -4.0149e-02
 49 -0.10923  -9.6965e-02 | 50 -0.06569   4.3652e-03 | 51 -0.02791   3.2606e-02
 52  0.01380   2.5538e-02 | 53 -0.00520   2.5172e-02 | 54  0.02992   1.4618e-01
 55 -2.01973  -6.3816e-02 | 56  0.03486   1.1055e-01 | 57  0.10023   1.3984e-01
 58 -2.09175  -5.0404e-02 | 59  0.03810   8.8935e-02 | 60 -0.10297   5.5452e-02
 61 -0.06491   8.6753e-02 | 62  0.02603   9.1792e-02 | 63 -0.03199  -1.1952e-03
 64 -0.03511   2.6529e-02 | 65 -0.05202  -9.8481e-03 | 66 -0.04482   1.0993e-01
 67 -0.06862  -1.8196e-02 | 68 -0.05289   4.6833e-02 | 69 -0.07241   5.1361e-02
 70 -0.06227   1.5563e-02 | 71  0.04799  -3.1863e-02 | 72  0.04534  -6.9695e-02
 73  0.00344  -5.4611e-02 | 74 -0.00515  -2.8233e-02 | 75  0.10249   3.3709e-02
 76  0.07928  -2.3036e-02 | 77 -0.01967   2.1527e-02 | 78 -0.05896  -1.0234e-01
 79  0.08218  -1.3267e-01 | 80  0.31602   1.3299e-01 | 81  1.00013  -1.5160e-03
 82 -0.12139  -1.9268e-02 | 83 -0.03909  -2.2790e-02 | 84  1.95531   2.3576e-02
 85 -0.03146  -4.9495e-03 | 86  0.09698  -1.3094e-02 | 87  0.21692   1.2127e-01
 88 -0.08206  -1.4334e-02 | 89 -0.20276  -5.2884e-02 | 90 -0.14820  -4.2214e-02
 91 -0.04229  -4.5948e-02 | 92 -0.01543  -4.8101e-02 | 93  0.03993  -2.4496e-02
 94  0.16192  -1.1024e-02 | 95  0.01362  -2.2392e-02 | 96 -0.00258  -3.3641e-02
 97  0.01617  -3.1272e-02 | 98  0.10091   1.3246e-02 | 99  0.08666   1.2674e-01
100  0.09363   3.8826e-02 |101  0.10592   1.3242e-01 |102 -0.09343   2.3098e-03
103 -0.11364  -3.6161e-02 |104  0.05193  -8.7452e-03 |105  0.02451   8.8350e-03
106 -0.07732  -3.7452e-02 |107 -0.06426  -5.0684e-02 |108  0.08131  -5.2981e-02
109  0.10063  -4.2314e-02 |110  0.08732  -2.4289e-02 |111  0.00986  -4.4059e-02
112 -0.12568  -4.3330e-02 |113 -0.13860  -1.6008e-02 |114 -0.03640  -5.6697e-02
115  0.11640  -5.7622e-02 |116  0.02428  -6.7274e-02 |117  0.09477  -3.9136e-02
118  0.04490  -7.6447e-02 |119 -0.01406  -5.5742e-02 |120  0.00078  -3.2676e-02
121  0.12991  -8.2121e-02 |122  0.20411   9.9449e-02 |123 -1.00167  -1.7304e-02
124  0.10688  -5.3987e-04 |125 -0.01250  -5.9781e-02 |126 -0.16804  -5.2209e-02
127  0.02812   3.0949e-02 |128 -0.04753   3.0893e-02 |129  0.06599   3.0813e-02
130  0.07236   3.0779e-02 |131 -0.07123   3.0785e-02 |132 -0.05277   3.0873e-02
133 -0.06824   3.0801e-02 |134  0.04902   3.0887e-02 |135  0.07075   3.0788e-02
136 -0.05648   3.0857e-02 |137  0.07480   3.0766e-02 |138  0.07186   3.0782e-02
139  0.10086   3.0591e-02 |140  0.06821   3.0802e-02 |141 -0.07434   3.0768e-02
142  0.09082   3.0665e-02 |143  0.07254   3.0778e-02 |144  0.07747   3.0750e-02
145  0.07641   3.0756e-02 |146  0.07850   3.0744e-02 |147  0.11254   3.0497e-02
148 -0.08555   3.0700e-02 |149 -0.05612   3.0859e-02 |150 -0.03784   3.0925e-02
151 -0.06208   3.0832e-02 |152  0.03821   3.0924e-02 |153 -0.41715   2.4563e-02
154 -0.04419   3.0905e-02 |155  0.01321   3.0973e-02 |156  0.03096   3.0943e-02
157  0.02712   3.0951e-02 |158 -0.08307   3.0716e-02 |159  0.07878   3.0742e-02
160 -0.07517   3.0764e-02 |161  0.07872   3.0743e-02 |162 -0.06223   3.0831e-02
163 -0.08337   3.0714e-02 |164  0.05789   3.0851e-02 |165  0.07069   3.0789e-02
166 -0.23068   2.8967e-02 |167 -0.00140   3.0979e-02 |168  0.07136   3.0785e-02
169  0.00887  -7.4237e+00 |170  0.01297   1.4310e+00 |171  0.00737   1.5097e+00
172  0.02977   1.4870e+00 |173  0.08109   1.4139e+00 |174  0.04462   1.6111e+00
175  0.03817   1.3835e+00 |176  0.01866   1.1881e+00 |177  0.03307   1.4373e+00
178  0.09762   1.3371e+00 |179  0.12352   9.0670e-01 |180  0.11626   1.0379e+00
181  0.06095   9.8798e-01 |182 -0.00748   1.3052e+00 |183 -0.07158   1.3655e+00
184  0.02800   1.3068e+00 |185 -0.70795   5.2482e-01 |186  0.01264   9.2734e-01
187 -0.06146   1.3541e+00 |188 -0.02651   1.4896e+00 |189  0.02501   1.4878e+00
190  0.03305   1.4837e+00 |191  0.03590   1.5173e+00 |192  0.02095   1.2017e+00
193 -0.00881   1.3011e+00 |194 -0.08199   1.3847e+00 |195 -0.00073   1.4668e+00
196  0.05948   1.4707e+00 |197  0.02731   1.4477e+00 |198  0.00663   1.6218e+00
199  0.01264   1.5967e+00 |200  0.01671   1.3499e+00 |201  0.01535   1.3714e+00
202  0.12006   9.9558e-01 |203  0.11688   1.2869e+00 |204  0.10402   1.2448e+00
205 -0.04118   1.5332e+00 |206 -0.12683   1.4793e+00 |207 -0.13758   1.3920e+00
208 -0.09063   1.4702e+00 |209 -0.03750   1.4455e+00 |210  0.06035   1.4491e+00
211 -0.09431   1.4411e+00 |212 -0.05754   1.5491e+00 |213  0.03410   1.6624e+00
214 -0.03830  -2.3656e-08 |215 -0.63070  -4.6341e-02 |216 -0.77839   2.2536e-03
217  0.01772  -7.6947e-01 |218 -0.16273  -3.3155e-02 |219 -0.24861  -8.0557e-03
220 -0.05316  -3.1756e-02 |221  0.03759  -8.0202e-02 |222  0.00017  -3.0310e-02
223  0.00927  -2.3961e-02 |224 -0.02784  -1.7546e-02 |225 -0.03444   2.6383e-03
226  0.09082  -4.1416e-04 |227  0.07192  -5.1689e-03 |228  0.19664   9.8396e-05
229  0.10526  -1.5244e-02 |230  0.09873  -1.6266e-02 |231  0.05078   6.4306e-03
232  0.05837  -6.1951e-02 |233  0.06575  -4.3046e-02 |234  0.13116   3.0487e-02
235 -0.11937  -3.2334e-02 |236 -0.12919  -4.9636e-02 |237 -0.01061  -1.2022e-02
238  0.01968  -3.9081e-02 |239 -0.10121  -5.9652e-02 |240 -0.15933  -3.1929e-02
241 -0.06672  -2.2484e-02 |242  0.01340   2.9999e-02 |243  0.04511   1.1781e-02
244 -0.02341   1.5750e-02 |245 -0.12262   1.2434e-02 |246 -0.23212  -2.8915e-02
247 -0.10283  -2.1262e-02 |248  0.00283  -2.2471e-03 |249  0.05173   1.3843e-02
250  0.08417   1.2835e-02 |251  0.05633   6.0500e-02 |252 -0.01608   1.9644e-02
253 -0.00358  -1.3289e-02 |254  0.13270  -2.3958e-02 |255  0.19911  -1.4498e-02
256  0.23491  -1.3198e-02 |257 -0.14659  -2.3930e-03 |258  0.09610   2.4467e-01
259  0.14948  -2.3044e-02 |260 -0.86802   3.7997e-01 |261 -0.84451  -3.1734e-01
262 -0.80722  -6.1780e-02 |263 -0.68166   8.2127e-01 |264  0.38925   1.4025e+00
265 -1.18625  -4.9400e-01 |266 -0.20531   1.6246e+00 |267 -0.00450   1.7128e+00
268  0.44234   1.3158e+00 |269  0.64900   8.9727e-01 |270 -0.38656   1.4067e+00
271  0.53790   1.1370e+00 |272  0.90578   2.5259e-01 |273 -0.59486   1.0180e+00
274  0.49649   1.2179e+00 |275  0.52513   1.1624e+00 |276 -0.35400   1.4548e+00
277 -0.25707   1.5751e+00 |278  0.48709   1.2355e+00 |279 -0.95562   1.1931e-01
280 -0.62024   9.6224e-01 |281 -0.05230   1.7071e+00 |282 -0.00200   1.7129e+00
283 -0.20213   1.6273e+00 |284 -0.02354   1.7117e+00 |285 -0.33590   1.4799e+00
286 -0.12988   1.6774e+00 |287  1.09656  -2.5880e-01 |288  0.43518   1.3280e+00
289  0.26674   1.5647e+00 |290  0.28777   1.5408e+00 |291 -0.22702   1.6051e+00
292 -0.08913   1.6961e+00 |293 -0.41946   1.3543e+00 |294  0.10422   1.6900e+00
295 -0.45526   1.2933e+00 |296  0.53114   1.1505e+00 |297 -0.02899   1.7111e+00
298 -0.47384   1.2599e+00 |299 -0.49548   1.2198e+00 |300 -0.00852   1.7127e+00
301  0.70605   7.6309e-01 |302  0.27515   1.5554e+00 |303  0.47173  -8.7469e-02
304  0.08304   2.0067e-01 |305 -0.90629  -1.1675e-01 |306  0.25392   2.2507e-02
307 -0.88446  -1.7696e+00 |308 -0.52825  -7.4900e-02 |
19.9049 7.08953 79.8425 46.6559 
11.5352 11.5352 49.6013 50.7904 
6.18006 9.7099 0 1.29953 10.7173 
0 2.04805 0 0 0.444345 18.31 0 
19.9057 7.09284 79.8431 46.6544 
11.5294 11.5294 49.6024 50.7921 
6.18195 9.70953 0 1.30321 10.7129 
0 2.0482 0 0 0.444396 18.3055 0 
19.9091 7.0974 79.8413 46.6529 
11.519 11.519 49.6011 50.7972 
6.18538 9.70961 0 1.30872 10.7033 
0 2.04945 0 0 0.444509 18.2996 0 
19.9047 7.11325 79.8359 46.6519 
11.5084 11.5084 49.5952 50.8054 
6.19096 9.70725 0 1.31336 10.6924 
0 2.05098 0 0 0.444637 18.2962 0 
19.9225 7.10431 79.8284 46.6463 
11.4954 11.4954 49.5931 50.8116 
6.19699 9.71116 0 1.32161 10.6808 
0 2.05382 0 0 0.444695 18.2903 0 
19.9107 7.11109 79.8328 46.6496 
11.5031 11.5031 49.5942 50.8081 
6.19351 9.70839 0 1.31691 10.6874 
0 2.05219 0 0 0.444662 18.2937 0 
19.915 7.10602 79.8303 46.6487 
11.504 11.504 49.5917 50.8103 
6.19437 9.71021 0 1.31833 10.6857 
0 2.05329 0 0 0.444639 18.2911 0 
19.9153 7.1018 79.8253 46.6458 
11.5106 11.5106 49.5888 50.8107 
6.19455 9.70856 0 1.31905 10.6897 
0 2.05459 0 0 0.444565 18.2931 0 
19.9139 7.09465 79.8187 46.6417 
11.5227 11.5227 49.5837 50.8105 
6.19433 9.7055 0 1.31893 10.6994 
0 2.05592 0 0 0.444457 18.2976 0 
19.9292 7.06845 79.8033 46.6304 
11.5342 11.5342 49.5745 50.8122 
6.19791 9.70419 0 1.32264 10.713 
0 2.05835 0 0 0.444352 18.3025 0 
19.9196 7.08345 79.8111 46.636 
11.529 11.529 49.5789 50.8114 
6.19612 9.70408 0 1.32084 10.7064 
0 2.05715 0 0 0.444402 18.3001 0 
19.9184 7.07547 79.8062 46.6329 
11.5415 11.5415 49.5747 50.8102 
6.19508 9.70129 0 1.3195 10.7184 
0 2.05756 0 0 0.444323 18.3042 0 
308 variables; iteration 490; function evaluation 532; phase 1
Function value   3.2214343e+02; maximum gradient component mag  -1.4986e+01
Var   Value    Gradient   |Var   Value    Gradient   |Var   Value    Gradient
  1 -2.06292   7.6280e-02 |  2  0.18469   1.8709e-01 |  3  0.18964  -3.3930e-02
  4  0.19648   4.1196e-01 |  5  0.19497  -8.4471e-02 |  6  0.19110   1.3874e-01
  7  0.17790   8.0864e-01 |  8  0.17357  -2.0449e-02 |  9  0.17220  -3.4744e-01
 10  0.14838  -1.1351e-01 | 11  0.12451  -4.0773e-01 | 12  0.12669  -9.5330e-03
 13  0.10279   3.6630e-01 | 14  0.05648  -2.2124e-01 | 15 -1.98910  -3.7985e-02
 16 -0.10053  -5.0262e-02 | 17 -0.15629  -1.7009e-04 | 18 -0.23255  -8.3763e-05
 19 -1.74285  -4.9627e-03 | 20 -0.69334  -2.9370e-03 | 21 -0.23212   3.7082e-02
 22  0.09279   1.9253e-02 | 23 -0.18010  -7.4232e-05 | 24 -2.00587   9.7239e-02
 25  0.08498  -1.0975e-01 | 26  0.12686  -6.0146e-02 | 27  0.15328  -4.4773e-02
 28  0.15578   6.9470e-02 | 29  0.14987   1.3516e-01 | 30  0.15154  -1.9555e-01
 31  0.15597   8.4312e-02 | 32  0.14788   5.9092e-02 | 33  0.12940   3.6012e-02
 34  0.11299   7.0898e-02 | 35  0.12287  -7.6516e-02 | 36  0.11974  -6.3035e-02
 37  0.08937   1.0291e-01 | 38  0.05228  -1.6497e-01 | 39  0.00771  -3.1256e-02
 40 -0.03821  -2.5469e-03 | 41 -1.90538   2.5041e-02 | 42 -1.84052  -3.0341e-02
 43 -0.01552  -1.3515e-01 | 44 -0.06661  -2.3862e-01 | 45 -0.08896  -7.1111e-02
 46 -0.16596  -8.6372e-02 | 47 -0.18264  -1.3546e-01 | 48 -0.14538  -1.9923e-01
 49 -0.11059  -4.6025e-01 | 50 -0.06774  -4.6569e-01 | 51 -0.03167  -5.7342e-01
 52  0.01359  -2.7335e-01 | 53 -0.00369  -2.4798e-02 | 54  0.03032   4.1450e-02
 55 -2.01997   2.1640e-02 | 56  0.03335  -5.7767e-02 | 57  0.10198   2.2515e-01
 58 -2.09074   4.5702e-02 | 59  0.03996   1.4044e-01 | 60 -0.10339  -1.2541e-01
 61 -0.06612  -1.5919e-01 | 62  0.02479  -9.8303e-02 | 63 -0.03075   2.7871e-02
 64 -0.03085   3.2419e-01 | 65 -0.05237  -6.2938e-02 | 66 -0.04507   8.1725e-02
 67 -0.06878  -7.6501e-02 | 68 -0.05248   1.2435e-03 | 69 -0.07259  -7.7399e-02
 70 -0.06160  -4.3633e-02 | 71  0.04830  -4.5344e-02 | 72  0.04598  -3.9303e-02
 73  0.00410  -6.0819e-02 | 74 -0.00421  -1.3573e-02 | 75  0.10112  -6.0298e-03
 76  0.08195   2.6631e-02 | 77 -0.01886  -8.6140e-02 | 78 -0.05994  -3.5066e-01
 79  0.07796  -6.4451e-01 | 80  0.31757   2.9813e-02 | 81  1.00745   2.2569e-02
 82 -0.12157  -1.7407e-01 | 83 -0.03906  -1.6564e-01 | 84  1.95616   1.9976e-01
 85 -0.03134  -8.6703e-02 | 86  0.09651  -1.7596e-01 | 87  0.21705  -3.1059e-02
 88 -0.08215  -1.0635e-01 | 89 -0.20279  -1.1387e-01 | 90 -0.14815  -7.2807e-02
 91 -0.04283  -7.8560e-02 | 92 -0.01590  -1.1065e-01 | 93  0.03946  -1.6991e-01
 94  0.16263  -2.4162e-01 | 95  0.01474  -1.1106e-01 | 96 -0.00149  -6.6046e-02
 97  0.01656  -6.4568e-02 | 98  0.10044   2.9510e-03 | 99  0.08732   2.9637e-01
100  0.09372   1.4539e-01 |101  0.10613   2.2736e-01 |102 -0.09337  -2.9387e-02
103 -0.11340  -6.2191e-02 |104  0.05202  -5.9484e-02 |105  0.02473  -8.3643e-02
106 -0.07680  -8.1802e-02 |107 -0.06430  -9.5563e-02 |108  0.08087  -3.6989e-02
109  0.10116   1.0346e-01 |110  0.08745   1.1310e-01 |111  0.01011  -4.5422e-03
112 -0.12552  -7.7814e-02 |113 -0.13854  -5.3539e-02 |114 -0.03646  -8.5230e-02
115  0.11652  -9.5525e-03 |116  0.02339  -1.4751e-01 |117  0.09472  -5.5896e-02
118  0.04495  -8.0625e-02 |119 -0.01609  -1.0751e-01 |120 -0.00161  -8.6187e-02
121  0.13199   1.2574e-01 |122  0.20369  -2.0248e-01 |123 -0.99522   4.9225e-02
124  0.10726  -2.9688e-03 |125 -0.01316  -1.5388e-01 |126 -0.16800  -1.1225e-01
127  0.04030   6.7325e-01 |128 -0.04073   6.7322e-01 |129  0.08022   6.6926e-01
130  0.07605   6.6980e-01 |131 -0.06593   6.7099e-01 |132 -0.04636   6.7282e-01
133 -0.06277   6.7133e-01 |134  0.06070   6.7154e-01 |135  0.07538   6.6988e-01
136 -0.05302   6.7227e-01 |137  0.07664   6.6972e-01 |138  0.07586   6.6982e-01
139  0.09593   6.6696e-01 |140  0.07451   6.6999e-01 |141 -0.06923   6.7062e-01
142  0.10397   6.6563e-01 |143  0.07611   6.6979e-01 |144  0.07786   6.6957e-01
145  0.07713   6.6966e-01 |146  0.08380   6.6877e-01 |147  0.10647   6.6519e-01
148 -0.08234   6.6897e-01 |149 -0.05177   6.7238e-01 |150 -0.03540   6.7356e-01
151 -0.05839   6.7177e-01 |152  0.14544   6.5708e-01 |153 -0.41839   5.3409e-01
154 -0.03714   6.7346e-01 |155  0.02501   6.7408e-01 |156  0.04313   6.7306e-01
157  0.03929   6.7332e-01 |158 -0.07964   6.6933e-01 |159  0.08168   6.6906e-01
160 -0.07012   6.7052e-01 |161  0.08076   6.6918e-01 |162 -0.33653   5.8253e-01
163 -0.08026   6.6925e-01 |164  0.06847   6.7071e-01 |165  0.07536   6.6988e-01
166 -0.28593   6.0770e-01 |167  0.00945   6.7453e-01 |168  0.07565   6.6985e-01
169  0.01047  -1.4986e+01 |170  0.00979   2.5011e+00 |171  0.00401   2.4030e+00
172  0.02659   2.7961e+00 |173  0.07774   3.0908e+00 |174  0.04144   3.8183e+00
175  0.03453   2.9783e+00 |176  0.01567   3.4683e+00 |177  0.02955   3.1697e+00
178  0.09459   3.1052e+00 |179  0.12029   1.3052e+00 |180  0.11326   2.7619e+00
181  0.05772   2.2873e+00 |182 -0.01067   2.7575e+00 |183 -0.07444   2.9717e+00
184  0.02487   2.8055e+00 |185 -0.60413   1.4239e+00 |186  0.00956   2.6909e+00
187 -0.06451   3.1925e+00 |188 -0.02955   3.1736e+00 |189  0.02205   2.4619e+00
190  0.03014   2.2520e+00 |191  0.03286   3.0439e+00 |192  0.01783   2.8003e+00
193 -0.01213   2.4979e+00 |194 -0.08497   2.9513e+00 |195 -0.00385   3.0049e+00
196  0.05642   3.0192e+00 |197  0.02418   2.7705e+00 |198  0.00345   2.8687e+00
199  0.00963   3.2082e+00 |200  0.01350   2.5772e+00 |201  0.01207   2.7163e+00
202  0.11701   2.8944e+00 |203  0.11391   3.4762e+00 |204  0.10045   2.6612e+00
205 -0.04307   3.5566e+00 |206 -0.13023   3.1408e+00 |207 -0.14044   2.9471e+00
208 -0.09383   3.0320e+00 |209 -0.04064   3.0649e+00 |210  0.05727   3.1584e+00
211 -0.02269   3.0737e+00 |212 -0.05776   1.3196e+00 |213  0.03409   3.1302e+00
214 -0.03803  -2.3486e-08 |215 -0.63080  -1.0689e-01 |216 -0.77861  -4.2357e-01
217  0.01750  -9.3637e-01 |218 -0.16274  -1.3570e-01 |219 -0.24865  -1.2720e-01
220 -0.05324  -1.3577e-01 |221  0.03761  -1.0742e-01 |222  0.00018  -3.7939e-02
223  0.00931  -1.2169e-01 |224 -0.02785  -2.3450e-01 |225 -0.03451  -2.1891e-01
226  0.09057  -1.3371e-01 |227  0.07161  -8.3915e-02 |228  0.19689  -5.1052e-02
229  0.10546  -1.3330e-01 |230  0.09905  -8.7849e-02 |231  0.05077  -1.6218e-02
232  0.05819  -2.7260e-01 |233  0.06582  -1.8336e-01 |234  0.13117  -1.0194e-01
235 -0.11921  -1.3596e-01 |236 -0.12901  -1.8740e-01 |237 -0.01052  -1.7169e-01
238  0.01970  -1.5506e-01 |239 -0.10126  -1.7844e-01 |240 -0.15923  -1.1960e-01
241 -0.06672  -9.8586e-02 |242  0.01348  -1.3241e-01 |243  0.04520  -2.2043e-01
244 -0.02337  -2.1567e-01 |245 -0.12255  -1.3600e-01 |246 -0.23198  -1.0441e-01
247 -0.10276  -1.5718e-01 |248  0.00283  -2.2960e-01 |249  0.05160  -1.6477e-01
250  0.08402  -1.2466e-01 |251  0.05618  -1.6725e-01 |252 -0.01633  -1.1514e-01
253 -0.00443  -1.5655e-01 |254  0.13315  -2.3674e-01 |255  0.19921  -1.1848e-01
256  0.23459  -1.0911e-01 |257 -0.14637  -1.7666e-01 |258  0.09614   1.0063e+00
259  0.14949  -8.0945e-02 |260 -0.86802   6.3834e-02 |261 -0.84450  -2.1141e-01
262 -0.80413  -2.3605e-02 |263 -0.65692   5.4920e-01 |264  0.41565   8.5006e-01
265 -1.18512  -3.0682e-01 |266 -0.20463   1.0154e+00 |267 -0.01447   1.0699e+00
268  0.45040   8.1333e-01 |269  0.63208   5.8462e-01 |270 -0.39075   8.7483e-01
271  0.52296   7.2894e-01 |272  0.89435   1.7679e-01 |273 -0.61619   6.0680e-01
274  0.50818   7.4694e-01 |275  0.51387   7.4006e-01 |276 -0.36278   9.0106e-01
277 -0.26107   9.8144e-01 |278  0.47378   7.8724e-01 |279 -0.95783   7.0839e-02
280 -0.62900   5.8896e-01 |281 -0.05162   1.0667e+00 |282  0.01809   1.0697e+00
283 -0.20348   1.0160e+00 |284 -0.02736   1.0692e+00 |285 -0.34165   9.1972e-01
286 -0.15723   1.0377e+00 |287  1.11073  -1.8520e-01 |288  0.44287   8.2150e-01
289  0.29224   9.5938e-01 |290  0.29741   9.5550e-01 |291 -0.19966   1.0180e+00
292 -0.08099   1.0615e+00 |293 -0.40155   8.6425e-01 |294  0.08521   1.0606e+00
295 -0.45725   8.0580e-01 |296  0.51357   7.4043e-01 |297 -0.01702   1.0698e+00
298 -0.44939   8.1443e-01 |299 -0.50889   7.4609e-01 |300 -0.03435   1.0686e+00
301  0.70756   4.7448e-01 |302  0.27614   9.7106e-01 |303  0.47182   1.3343e+00
304  0.08284   3.5803e-01 |305 -0.90626   3.4953e-01 |306  0.25405   1.5494e-01
307 -0.88445  -1.9827e+00 |308 -0.52820   2.7361e-01 |
19.9181 7.06709 79.8011 46.6295 
11.5527 11.5527 49.5698 50.8099 
6.19379 9.6974 0 1.31824 10.7329 
0 2.05682 0 0 0.444325 18.3071 0 
19.9368 7.03786 79.787 46.6249 
11.5638 11.5638 49.5641 50.811 
6.19361 9.69855 0 1.31816 10.7499 
0 2.05573 0 0 0.444348 18.3036 0 
19.9435 7.02547 79.7792 46.6247 
11.5713 11.5713 49.5632 50.8105 
6.191 9.69594 0 1.31607 10.765 
0 2.05313 0 0 0.444438 18.3 0 
19.9653 6.99825 79.7607 46.6229 
11.5701 11.5701 49.5576 50.8147 
6.18753 9.69421 0 1.31345 10.7858 
0 2.04863 0 0 0.444743 18.2988 0 
19.9924 6.96742 79.7243 46.6213 
11.5658 11.5658 49.5575 50.8145 
6.18369 9.69264 0 1.30921 10.8112 
0 2.04254 0 0 0.445095 18.2989 0 
20.0388 6.91762 79.6396 46.6173 
11.5519 11.5519 49.5621 50.807 
6.18046 9.69556 0 1.30257 10.846 
0 2.0333 0 0 0.44562 18.3043 0 
20.1639 6.79159 79.3659 46.6039 
11.5174 11.5174 49.5708 50.7916 
6.17867 9.7146 0 1.29078 10.9053 
0 2.01768 0 0 0.446643 18.3146 0 
20.3523 6.60291 78.5177 46.5499 
11.4521 11.4521 49.5637 50.7413 
6.19085 9.74844 0 1.26972 10.986 
0 1.99574 0 0 0.448297 18.3554 0 
1703.3 2605.46 754.213 626.467 
2709.89 2709.89 500.086 172.687 
7.14929 1818.13 0 1.06859 11.8099 
0 2.02643 0 0 0.468464 18.8146 0 
20.3525 6.60269 78.5163 46.5498 
11.452 11.452 49.5637 50.7412 
6.19087 9.74846 0 1.2697 10.9861 
0 1.99572 0 0 0.448299 18.3554 0 
20.3546 6.6005 78.5029 46.5487 
11.4516 11.4516 49.5632 50.7406 
6.19106 9.7487 0 1.26949 10.9869 
0 1.99553 0 0 0.448315 18.3558 0 
20.3759 6.57833 78.3597 46.5372 
11.4476 11.4476 49.557 50.7344 
6.19307 9.75073 0 1.26746 10.9947 
0 1.99365 0 0 0.448479 18.3598 0 
20.5708 6.35491 75.7615 46.276 
11.5484 11.5484 49.352 50.6448 
6.22106 9.69391 0 1.2472 11.0734 
0 1.97718 0 0 0.450154 18.4005 0 
1902.38 3006.3 820.638 741.93 
3184.75 3184.75 625.382 195.398 
7.28814 2061.11 0 1.05356 11.8757 
0 2.048 0 0 0.470324 18.8545 0 
20.5715 6.35417 75.746 46.2742 
11.55 11.55 49.3505 50.6444 
6.22121 9.69324 0 1.24712 11.0738 
0 1.97712 0 0 0.450161 18.4006 0 
20.5783 6.34692 75.5891 46.2563 
11.5677 11.5677 49.3343 50.6398 
6.22264 9.68627 0 1.2463 11.0769 
0 1.97654 0 0 0.45023 18.4023 0 
20.6655 6.30878 73.9273 46.0597 
11.9207 11.9207 49.1383 50.5993 
6.23828 9.59908 0 1.23817 11.1088 
0 1.97118 0 0 0.450925 18.4189 0 
20.6571 6.30836 74.0396 46.0731 
11.8819 11.8819 49.1534 50.6014 
6.23713 9.60549 0 1.23873 11.1066 
0 1.97153 0 0 0.450877 18.4178 0 
663.76 1089.79 581.963 830.061 
2172.25 2172.25 990.423 182.963 
6.53013 388.963 0 1.15674 11.4384 
0 1.95639 0 0 0.458611 18.5981 0 
20.6572 6.30836 74.0385 46.073 
11.8822 11.8822 49.1533 50.6013 
6.23714 9.60543 0 1.23873 11.1066 
0 1.97153 0 0 0.450877 18.4178 0 
20.6579 6.30837 74.0279 46.0717 
11.8858 11.8858 49.1519 50.6011 
6.23725 9.60482 0 1.23867 11.1068 
0 1.97149 0 0 0.450882 18.4179 0 
20.6578 6.30855 74.0277 46.0718 
11.8857 11.8857 49.1519 50.6011 
6.23727 9.60477 0 1.23864 11.1068 
0 1.97148 0 0 0.450883 18.418 0 
20.6567 6.31033 74.0257 46.0723 
11.8851 11.8851 49.1522 50.601 
6.23754 9.60426 0 1.23836 11.1069 
0 1.97131 0 0 0.450899 18.4187 0 
20.645 6.3282 74.006 46.0781 
11.8794 11.8794 49.1553 50.5994 
6.24028 9.59919 0 1.23553 11.1078 
0 1.96966 0 0 0.451059 18.4255 0 
308 variables; iteration 500; function evaluation 556; phase 1
Function value   3.2045249e+02; maximum gradient component mag  -2.8820e+02
Var   Value    Gradient   |Var   Value    Gradient   |Var   Value    Gradient
  1 -1.99911   5.3415e-01 |  2  0.18809   4.6210e+00 |  3  0.18929  -6.0484e-01
  4  0.19481  -5.6116e+00 |  5  0.19575  -6.4958e-01 |  6  0.19029  -2.5977e+00
  7  0.17951   4.6655e+00 |  8  0.17299  -1.0168e+00 |  9  0.17379   2.4269e+00
 10  0.14793  -1.4749e+00 | 11  0.12594   9.8649e-01 | 12  0.12733  -4.4733e-01
 13  0.10108  -2.4480e+00 | 14  0.06082   2.4056e+00 | 15 -1.98473   1.6485e-01
 16 -0.04463   3.0200e+00 | 17 -0.14534   1.6382e-01 | 18 -0.23727   7.6565e-03
 19 -1.18759   7.0435e-03 | 20 -0.33919   2.4130e-03 | 21 -1.56150  -1.9243e-03
 22  0.09183  -2.0399e-01 | 23 -0.16988   3.7298e-03 | 24 -2.03569  -1.5979e+00
 25  0.08100  -1.0600e+00 | 26  0.12735   6.4292e-01 | 27  0.15319  -1.8316e-01
 28  0.15519  -1.1832e+00 | 29  0.14908  -1.3043e+00 | 30  0.15267   1.6164e+00
 31  0.15496  -1.8289e+00 | 32  0.14744  -6.3149e-01 | 33  0.12938   6.1602e-02
 34  0.11243  -6.7692e-01 | 35  0.12184   7.8366e-02 | 36  0.11895  -1.3208e+00
 37  0.08754   1.0523e+00 | 38  0.05229   1.0338e+00 | 39  0.00804   5.1382e-01
 40 -0.03904   2.0532e-02 | 41 -1.91088  -5.4798e-01 | 42 -1.90835  -3.6150e+00
 43 -0.00706  -2.4571e+00 | 44 -0.08273  -3.9975e+00 | 45 -0.10406  -3.5133e+00
 46 -0.17331  -2.6190e+00 | 47 -0.18492  -1.4989e+00 | 48 -0.13878   3.7100e-01
 49 -0.07640   3.9131e+00 | 50 -0.05393   1.8158e+00 | 51 -0.02847   1.1422e+00
 52 -0.03347  -2.4661e+00 | 53  0.00863   2.0233e+00 | 54  0.04874   5.1090e+00
 55 -2.01439  -2.7639e+00 | 56  0.05667   6.3662e+00 | 57  0.10865  -2.7372e+00
 58 -2.09907   1.5964e+01 | 59  0.01428  -1.4128e+01 | 60 -0.09630  -8.8212e+00
 61 -0.05698  -8.8788e+00 | 62  0.03263  -1.1071e+01 | 63 -0.03266  -6.0283e+00
 64 -0.04498  -3.1804e+00 | 65 -0.04778  -2.6666e-01 | 66 -0.06464  -1.8970e+00
 67 -0.06579  -7.0139e-01 | 68 -0.05657  -1.4546e+00 | 69 -0.06658  -6.1597e-01
 70 -0.06577  -1.2876e+00 | 71  0.04026  -1.6541e-01 | 72  0.04805   9.6569e-01
 73 -0.00507  -6.7333e-01 | 74 -0.01284  -1.1951e+00 | 75  0.10625   2.2376e+00
 76  0.08360   2.9389e+00 | 77 -0.02027  -3.6776e-02 | 78 -0.05969  -1.1915e+00
 79  0.07158  -3.3673e-02 | 80  0.31887   7.1954e+00 | 81  0.96135  -2.9404e-01
 82 -0.11254  -2.1882e+00 | 83 -0.03134  -2.4296e+00 | 84  1.96138   3.3216e+00
 85 -0.04412  -1.6888e+00 | 86  0.10255  -3.4548e-01 | 87  0.21671  -7.0448e-01
 88 -0.07362  -6.1207e-01 | 89 -0.20471  -1.3895e+00 | 90 -0.14954  -1.0215e+00
 91 -0.03986  -2.9545e-02 | 92 -0.01479   6.2461e-01 | 93  0.03664   1.8238e+00
 94  0.16141   6.1000e+00 | 95  0.02243   1.1649e+00 | 96  0.01528   7.6266e-01
 97  0.02528   2.9751e-01 | 98  0.10606   8.4442e-01 | 99  0.07877  -9.2933e-01
100  0.10100   1.0030e-01 |101  0.08750  -5.2472e+00 |102 -0.10325  -3.4670e+00
103 -0.11491  -3.6260e+00 |104  0.04783  -9.4738e+00 |105  0.02811  -9.7196e+00
106 -0.07543  -4.7536e+00 |107 -0.06700  -2.7882e+00 |108  0.07583  -1.5195e+00
109  0.09809   7.3079e-01 |110  0.08853   1.8347e+00 |111  0.00747   8.9534e-01
112 -0.12505   1.8199e-02 |113 -0.14022  -2.6560e-01 |114 -0.03439   5.9481e-01
115  0.11738   2.8625e+00 |116  0.03050   1.4282e+00 |117  0.09435   2.0722e+00
118  0.04497   1.1540e+00 |119 -0.00797   6.4867e-01 |120  0.00479   6.6654e-01
121  0.11893   1.4588e+00 |122  0.20852   7.7901e+00 |123 -1.00841  -7.1352e-02
124  0.09939  -1.0657e+00 |125 -0.00922  -8.6674e-01 |126 -0.17438  -1.5522e+00
127  0.12771   2.7491e+01 |128 -0.00060   2.8054e+01 |129  0.70214   1.2652e+01
130 -0.08372   2.7812e+01 |131  0.06818   2.7893e+01 |132  0.01276   2.8048e+01
133  0.05941   2.7932e+01 |134  0.19700   2.6721e+01 |135 -0.05642   2.7944e+01
136 -0.11062   2.7631e+01 |137 -0.11687   2.7582e+01 |138 -0.07642   2.7852e+01
139 -0.48110   2.0417e+01 |140  0.01067   2.8050e+01 |141  0.07545   2.7857e+01
142  0.39107   2.2925e+01 |143 -0.08624   2.7797e+01 |144 -0.12178   2.7542e+01
145 -0.12943   2.7476e+01 |146  0.12610   2.7505e+01 |147 -0.32404   2.4497e+01
148  0.11171   2.7623e+01 |149  0.03425   2.8013e+01 |150 -0.22573   2.6309e+01
151 -0.07141   2.7878e+01 |152  0.23558   2.6155e+01 |153  0.37747   2.3265e+01
154 -0.00807   2.8052e+01 |155  0.05547   2.7947e+01 |156  0.14124   2.7366e+01
157  0.12283   2.7533e+01 |158  0.13928   2.7385e+01 |159  0.01118   2.8050e+01
160  0.07659   2.7851e+01 |161 -0.02882   2.8025e+01 |162 -0.53864   1.8597e+01
163  0.08738   2.7790e+01 |164  0.17291   2.7025e+01 |165 -0.05506   2.7949e+01
166 -0.86976   5.6995e+00 |167  0.00055   2.8054e+01 |168 -0.06833   2.7892e+01
169  0.01717  -2.8820e+02 |170 -0.00290   1.3950e+02 |171 -0.00870   1.3995e+02
172  0.01397   1.3541e+02 |173  0.06627   1.1676e+02 |174  0.02743   1.2043e+02
175  0.02272   1.3128e+02 |176  0.00861   1.4614e+02 |177  0.01491   1.3820e+02
178  0.08054   1.3256e+02 |179  0.11297   1.4103e+02 |180  0.10415   1.2244e+02
181  0.05111   1.3567e+02 |182 -0.02343   1.3819e+02 |183 -0.08089   1.4236e+02
184  0.01022   2.6026e+02 |185 -0.08640   1.0519e+02 |186 -0.00486   2.4351e+02
187 -0.07620   1.3627e+02 |188 -0.04424   1.3404e+02 |189  0.00873   1.3392e+02
190  0.01634   1.3389e+02 |191  0.01813   1.2581e+02 |192  0.00432   1.3434e+02
193 -0.02310   1.4329e+02 |194 -0.09830   1.4231e+02 |195 -0.01655   1.3825e+02
196  0.04211   1.2587e+02 |197  0.01223   1.3960e+02 |198 -0.00994   1.3732e+02
199 -0.00342   1.3493e+02 |200  0.00051   1.3864e+02 |201  0.00270   1.4503e+02
202  0.10420   1.2502e+02 |203  0.10136   1.3123e+02 |204  0.08878   1.3791e+02
205 -0.05262   1.4285e+02 |206 -0.17130   1.3892e+02 |207 -0.14367   1.4278e+02
208 -0.10833   1.4059e+02 |209 -0.05246   1.4294e+02 |210  0.04407   1.4182e+02
211  0.09965   1.4343e+02 |212 -0.05693   6.1258e+01 |213  0.03528   4.5513e+01
214 -0.03693  -2.2809e-08 |215 -0.62828  -2.1165e+01 |216 -0.77615   3.3293e+01
217  0.01843  -1.6093e+01 |218 -0.16223   1.9501e+00 |219 -0.24832   5.6771e-01
220 -0.05032   1.6571e+00 |221  0.03911  -3.4917e-03 |222  0.00064   3.9006e-01
223  0.00889   1.2341e+00 |224 -0.02830   6.9564e-01 |225 -0.03436  -9.1241e-01
226  0.09271   1.0735e-01 |227  0.06825  -3.0977e+00 |228  0.19101  -1.4218e+00
229  0.10722   8.0914e-01 |230  0.10299  -4.4872e-01 |231  0.05583  -4.4673e-01
232  0.06024   3.6403e-01 |233  0.06985   2.9867e-02 |234  0.13356   1.4273e+00
235 -0.12510  -2.1100e+00 |236 -0.13378  -1.9868e+00 |237 -0.01409  -2.3543e+00
238  0.01900   2.9580e+00 |239 -0.09981   1.4989e+01 |240 -0.15832   5.4813e+00
241 -0.06713   2.9536e+00 |242  0.00927  -5.6407e-01 |243  0.04282  -2.2459e-01
244 -0.02526  -5.9598e-01 |245 -0.12437  -1.5023e+00 |246 -0.23455  -1.8354e+00
247 -0.10367  -2.4378e-01 |248  0.00307  -2.8844e-01 |249  0.05437  -1.6181e-01
250  0.08615   2.0421e-01 |251  0.05659   3.0187e-01 |252 -0.01516  -1.2123e+00
253 -0.00036  -1.4880e+00 |254  0.12990  -4.0176e-01 |255  0.19810  -3.2704e-01
256  0.23785   3.0797e-01 |257 -0.14602   7.2330e-01 |258  0.09644   5.1519e+01
259  0.14947  -1.2162e+00 |260 -0.86782  -4.0430e+00 |261 -0.84432   5.1517e+00
262 -0.80452  -3.1712e+00 |263 -0.59439   8.7839e+01 |264  0.54943   9.5996e+01
265 -1.18881  -4.3152e+01 |266 -0.23194   1.3797e+02 |267  0.00168   1.4766e+02
268  0.48833   1.0630e+02 |269  0.55406   9.5178e+01 |270 -0.37392   1.2291e+02
271  0.47914   1.0777e+02 |272  0.86163   3.1840e+01 |273 -0.70798   6.5381e+01
274  0.50150   1.0416e+02 |275  0.56153   9.3846e+01 |276 -0.41774   1.1699e+02
277 -0.33471   1.2771e+02 |278  0.42646   1.1575e+02 |279 -0.98583   3.2853e+00
280 -0.64638   7.7865e+01 |281 -0.00029   1.4766e+02 |282  0.11089   1.4542e+02
283 -0.22060   1.3888e+02 |284 -0.03272   1.4746e+02 |285 -0.39129   1.2063e+02
286 -0.30871   1.3063e+02 |287  1.19341  -4.4171e+01 |288  0.48388   1.0702e+02
289  0.39074   1.2071e+02 |290  0.33969   1.2713e+02 |291 -0.12989   1.4459e+02
292 -0.00749   1.4765e+02 |293 -0.35033   1.2586e+02 |294 -0.00070   1.4766e+02
295 -0.51119   1.0256e+02 |296  0.42259   1.1630e+02 |297  0.00914   1.4764e+02
298 -0.32071   1.2931e+02 |299 -0.60847   8.5193e+01 |300 -0.14473   1.4386e+02
301  0.72974   6.0817e+01 |302  0.35171   1.2569e+02 |303  0.47213   4.3462e+01
304  0.08593   1.0243e+01 |305 -0.90596   2.4645e+01 |306  0.25221   2.6017e+00
307 -0.88355   4.1386e+01 |308 -0.52869   6.0539e+00 |
20.6354 6.35402 73.9598 46.085 
11.8804 11.8804 49.1605 50.5939 
6.24356 9.58955 0 1.23306 11.1078 
0 1.96784 0 0 0.451312 18.4318 0 
20.5707 6.63553 73.6285 46.2243 
11.9187 11.9187 49.4901 50.5426 
6.2914 9.51223 0 1.20852 11.1083 
0 1.95975 0 0 0.454003 18.4968 0 
50.9851 53.0573 141.158 160.842 
239.501 239.501 310.04 53.1786 
6.41657 10.4051 0 1.13137 11.2485 
0 2.00092 0 0 0.463203 18.6977 0 
20.5433 6.87871 73.9218 46.7147 
11.6734 11.6734 54.8769 50.4834 
6.31832 9.47656 0 1.18407 11.1521 
0 1.96465 0 0 0.456748 18.5583 0 
20.5541 6.70873 73.6187 46.2902 
11.8941 11.8941 49.9959 50.5246 
6.2997 9.49759 0 1.19979 11.1239 
0 1.96066 0 0 0.454966 18.5186 0 
20.5452 6.73082 73.6018 46.3012 
11.9123 11.9123 49.971 50.5196 
6.29991 9.49949 0 1.19783 11.1295 
0 1.96184 0 0 0.455395 18.5244 0 
20.4812 6.965 73.5218 46.471 
12.131 12.131 49.8411 50.4779 
6.31158 9.53225 0 1.17839 11.186 
0 1.9812 0 0 0.459874 18.5836 0 
20.4487 6.99076 73.3477 46.2919 
12.1723 12.1723 49.5349 50.4427 
6.32385 9.49509 0 1.18306 11.1838 
0 1.97417 0 0 0.459831 18.5977 0 
20.3722 6.98962 72.9433 46.0378 
11.8687 11.8687 49.4368 50.3853 
6.33614 9.43769 0 1.20011 11.1662 
0 1.96776 0 0 0.458426 18.6352 0 
20.3969 7.05999 71.9335 45.7875 
11.0171 11.0171 51.0691 50.018 
6.42686 9.3658 0 1.23083 11.0837 
0 1.98848 0 0 0.455213 18.6982 0 
20.3809 7.0147 72.1596 45.7705 
11.4625 11.4625 49.4491 50.2372 
6.38368 9.37909 0 1.21971 11.1134 
0 1.97782 0 0 0.456277 18.6751 0 
20.5257 7.08631 70.9136 45.5781 
11.1754 11.1754 49.552 50.073 
6.39863 9.3669 0 1.22678 11.0572 
0 2.02195 0 0 0.452338 18.7617 0 
20.746 7.20244 70.1581 45.4341 
10.9172 10.9172 49.0776 50.0575 
6.51191 9.4699 0 1.24359 11.0248 
0 2.14217 0 0 0.44996 18.8487 0 
20.7378 7.20782 70.1201 45.4237 
10.9211 10.9211 49.0774 50.0561 
6.50899 9.4599 0 1.24335 11.0241 
0 2.14252 0 0 0.449893 18.8535 0 
20.661 7.26447 69.7778 45.3312 
10.9689 10.9689 49.0906 50.0422 
6.48516 9.36924 0 1.241 11.0168 
0 2.1494 0 0 0.449314 18.9028 0 
20.5038 7.30528 69.557 45.3744 
11.0806 11.0806 49.1802 49.9673 
6.3273 9.31758 0 1.24403 10.905 
0 2.10461 0 0 0.445517 18.8936 0 
20.5661 7.27966 69.5326 45.3052 
10.9721 10.9721 49.1129 49.9949 
6.40228 9.31783 0 1.24243 10.964 
0 2.12446 0 0 0.447463 18.8981 0 
308 variables; iteration 510; function evaluation 573; phase 1
Function value   3.1042943e+02; maximum gradient component mag  -7.5048e+01
Var   Value    Gradient   |Var   Value    Gradient   |Var   Value    Gradient
  1 -2.08385   5.4226e-01 |  2  0.18325  -7.0388e+00 |  3  0.18673  -7.1299e+00
  4  0.19454  -4.2151e+00 |  5  0.19366  -3.4565e-01 |  6  0.18970   1.2302e+00
  7  0.17885   9.2235e+00 |  8  0.17304   4.3157e+00 |  9  0.17293   7.2796e+00
 10  0.14788   2.7481e+00 | 11  0.12348   2.5151e-01 | 12  0.12532  -1.8386e+00
 13  0.09966  -1.6077e+00 | 14  0.06291   4.6519e+00 | 15 -1.97026   1.8703e+00
 16 -0.14622  -6.4197e-01 | 17 -0.14257   1.1207e-01 | 18 -0.24750  -1.1496e-02
 19 -0.30495  -1.9290e-02 | 20 -0.47117  -4.2884e-03 | 21 -1.88320  -1.9465e+00
 22  0.09058  -5.4825e-01 | 23 -0.18137  -4.8203e-04 | 24 -2.04772  -2.7691e+00
 25  0.08365   2.8940e-01 | 26  0.12201  -3.4497e+00 | 27  0.15220   8.6270e-01
 28  0.15350  -1.3341e+00 | 29  0.14969   2.0048e+00 | 30  0.14931  -2.1451e+00
 31  0.15256  -3.5340e+00 | 32  0.14604  -3.0811e-01 | 33  0.12792   3.3905e-01
 34  0.11348   3.2276e+00 | 35  0.12031   2.0020e+00 | 36  0.11886   2.2426e+00
 37  0.08725  -2.4444e+00 | 38  0.05202   2.2699e+00 | 39  0.00693   4.8631e-01
 40 -0.04873  -2.0884e+00 | 41 -1.90588  -6.3784e-02 | 42 -1.84697  -6.7912e-01
 43 -0.02898   7.4991e-01 | 44 -0.09253  -3.4222e-01 | 45 -0.09041   1.7060e+00
 46 -0.16657   1.7184e+00 | 47 -0.17361   2.7643e+00 | 48 -0.13865   3.0597e+00
 49 -0.09589   3.6242e+00 | 50 -0.05798   2.8096e+00 | 51 -0.03281   1.6048e+00
 52 -0.01571  -7.5461e-01 | 53  0.00762   1.7127e+00 | 54  0.05540   5.0521e+00
 55 -1.99046  -2.0799e+00 | 56  0.04878   5.2488e+00 | 57  0.09565   4.5096e+00
 58 -2.13897  -4.7841e+00 | 59 -0.08374  -4.5689e+00 | 60 -0.09045   2.5489e+00
 61 -0.06020   1.4920e+00 | 62  0.05142   1.3345e+00 | 63 -0.03168   9.4762e-01
 64 -0.02140   3.9713e+00 | 65 -0.05657   2.5207e+00 | 66 -0.04295   3.1939e+00
 67 -0.06648   2.9574e+00 | 68 -0.05465   2.8351e+00 | 69 -0.07224   3.0792e+00
 70 -0.06692   2.5526e+00 | 71  0.03465   2.9284e+00 | 72  0.04884   4.7453e+00
 73  0.01742   5.2323e+00 | 74 -0.00812   3.3397e+00 | 75  0.10447   4.7634e+00
 76  0.06985   3.0746e+00 | 77 -0.02042   2.5908e+00 | 78 -0.02827   4.6095e+00
 79  0.08101   1.4448e+00 | 80  0.31388  -2.0478e+00 | 81  0.97442   1.3757e-02
 82 -0.12189   2.2646e+00 | 83 -0.03348   2.7929e+00 | 84  1.92942  -3.1112e+00
 85 -0.06837   1.9362e+00 | 86  0.09704   2.2329e+00 | 87  0.21679   1.3002e+00
 88 -0.07767   3.2710e+00 | 89 -0.20615   2.7231e+00 | 90 -0.16111   2.0054e+00
 91 -0.04385   2.6531e+00 | 92 -0.01989   2.7780e+00 | 93  0.03897   3.2698e+00
 94  0.16655   4.5234e+00 | 95  0.01204   2.9021e+00 | 96 -0.00005   2.5004e+00
 97  0.03096   3.6974e+00 | 98  0.11375   1.7389e+00 | 99  0.06359  -2.9399e+00
100  0.08412  -6.9173e-01 |101  0.10112   1.6440e-01 |102 -0.08160   2.6211e+00
103 -0.09624   2.5789e+00 |104  0.09620   3.4380e+00 |105  0.02166   1.5012e+00
106 -0.06102   2.5333e+00 |107 -0.07293   1.9737e+00 |108  0.06729   2.4454e+00
109  0.10075   3.1587e+00 |110  0.08351   3.8189e+00 |111  0.01615   5.0055e+00
112 -0.13096   3.2230e+00 |113 -0.14278   3.0789e+00 |114 -0.02932   4.0297e+00
115  0.11386   4.2099e+00 |116  0.02741   4.4790e+00 |117  0.08842   4.2250e+00
118  0.04901   4.4077e+00 |119 -0.00962   3.8290e+00 |120  0.00570   4.3504e+00
121  0.14306   7.3108e+00 |122  0.19702   5.4019e+00 |123 -1.04597  -7.0770e-01
124  0.10359   1.9895e+00 |125 -0.01687   2.7452e+00 |126 -0.17430   2.7622e+00
127  0.12677  -8.1093e+00 |128  0.02713  -8.2653e+00 |129 -0.32461  -7.2204e+00
130 -0.09041  -8.1895e+00 |131  0.20642  -7.8417e+00 |132  0.06361  -8.2315e+00
133  0.19120  -7.9025e+00 |134  0.02233  -8.2677e+00 |135 -0.07592  -8.2140e+00
136 -0.10763  -8.1548e+00 |137 -0.09359  -8.1836e+00 |138 -0.08775  -8.1943e+00
139 -0.02308  -8.2674e+00 |140  0.01570  -8.2703e+00 |141  0.21635  -7.7996e+00
142 -0.06683  -8.2272e+00 |143 -0.09114  -8.1882e+00 |144 -0.09682  -8.1773e+00
145 -0.09311  -8.1845e+00 |146  0.21620  -7.8003e+00 |147 -0.10203  -8.1668e+00
148  0.07489  -8.2156e+00 |149  0.11254  -8.1439e+00 |150 -0.09895  -8.1731e+00
151 -0.08078  -8.2063e+00 |152  0.19641  -7.8822e+00 |153  0.62523  -4.5936e+00
154  0.00906  -8.2720e+00 |155  0.09340  -8.1839e+00 |156  0.11231  -8.1444e+00
157  0.13008  -8.1007e+00 |158 -0.25948  -7.5951e+00 |159  0.01112  -8.2715e+00
160  0.21861  -7.7898e+00 |161 -0.05325  -8.2439e+00 |162 -0.60325  -4.8283e+00
163  0.20729  -7.8381e+00 |164  0.16064  -8.0108e+00 |165 -0.07486  -8.2157e+00
166 -0.65273  -4.2922e+00 |167  0.01089  -8.2716e+00 |168 -0.08379  -8.2012e+00
169  0.01666  -7.5048e+01 |170 -0.00177   1.4579e+01 |171 -0.00747   6.7327e+00
172  0.01732   9.0600e+00 |173  0.06911   1.7792e+01 |174  0.02417  -8.9385e+00
175  0.02430   5.2729e+00 |176  0.00733   1.6402e+01 |177  0.01962   8.0293e+00
178  0.08553   1.5393e+01 |179  0.11090   1.6034e+01 |180  0.10249  -6.5034e+00
181  0.04394  -1.2185e+01 |182 -0.03039   9.3674e+00 |183 -0.04388   1.5110e+01
184 -0.01661   2.7406e+01 |185 -0.03426  -3.7650e+00 |186 -0.02590   2.9501e+01
187 -0.05325   9.3564e+00 |188 -0.04177   4.4777e+00 |189  0.01429   5.2085e+00
190  0.01945   6.6755e+00 |191  0.01899   1.9749e-01 |192  0.00766   2.9178e+00
193 -0.02961   5.9314e+00 |194 -0.08644   7.6948e+00 |195 -0.01694  -1.9932e+00
196  0.04446   2.3153e-03 |197  0.00985   4.5567e+00 |198 -0.00611   1.2151e+00
199 -0.00256  -9.6881e-03 |200  0.00411   7.1044e+00 |201  0.00669   6.6144e+00
202  0.10678   6.6146e+00 |203  0.10313   7.4740e+00 |204  0.08856   6.7979e+00
205 -0.07198   4.6277e+00 |206 -0.13287   6.4922e+00 |207 -0.15486   6.3162e+00
208 -0.10234   1.8480e+00 |209 -0.05542   4.5863e+00 |210  0.04618   1.0432e+00
211 -0.05901   7.4020e+00 |212 -0.05700   1.7872e+01 |213  0.03485  -3.1783e+00
214 -0.03696  -2.2826e-08 |215 -0.63372   1.1905e+01 |216 -0.81570   6.8288e+00
217  0.01802   4.8369e+00 |218 -0.16311   1.6088e+00 |219 -0.25276   3.2537e-01
220 -0.05642   1.1592e+00 |221  0.03511   2.9081e-01 |222 -0.00185  -3.8092e-01
223  0.00825   5.2179e-01 |224 -0.03034   4.4077e-01 |225 -0.03585   8.0374e-01
226  0.08704  -7.6781e-01 |227  0.07354   1.2986e+00 |228  0.19114  -1.5798e+00
229  0.10143   8.1438e-01 |230  0.09876   3.0199e-01 |231  0.05640   3.7244e-01
232  0.05849   1.4500e+00 |233  0.06072   4.8489e-01 |234  0.12019  -9.8434e-01
235 -0.12182  -2.5389e-01 |236 -0.13208  -7.2659e-01 |237  0.01266   1.0102e+00
238  0.04026   2.7437e+00 |239 -0.10806   2.1646e+00 |240 -0.15282   9.8777e-01
241 -0.06689   1.1710e+00 |242  0.01201   2.3759e-01 |243  0.04493   1.4365e+00
244 -0.02428  -6.8188e-01 |245 -0.12466  -2.5343e+00 |246 -0.23324   6.7668e-02
247 -0.10342  -3.4313e-01 |248  0.00266   1.8400e-01 |249  0.05319  -3.2818e-01
250  0.08181  -3.7868e-01 |251  0.05326  -1.2698e+00 |252 -0.01523   9.3172e-02
253 -0.00444  -8.5177e-01 |254  0.14388   1.2039e+00 |255  0.20208   1.2389e-01
256  0.23411   3.5234e-01 |257 -0.14901   1.2249e-01 |258  0.09648  -5.4538e+00
259  0.15015   1.5257e+01 |260 -0.86782   2.5793e+00 |261 -0.84463  -6.1518e+00
262 -0.79702   7.4774e-01 |263 -0.64119  -7.2954e+00 |264  0.54477  -8.9535e+00
265 -1.17306   3.6666e+00 |266 -0.21436  -1.2889e+01 |267  0.00293  -1.3655e+01
268  0.49416  -9.7440e+00 |269  0.52788  -9.2238e+00 |270 -0.39506  -1.1109e+01
271  0.46998  -1.0100e+01 |272  0.88388  -2.4771e+00 |273 -0.72734  -5.6713e+00
274  0.47658  -1.0004e+01 |275  0.57226  -8.5001e+00 |276 -0.35332  -1.1606e+01
277 -0.40416  -1.0995e+01 |278  0.48907  -9.8201e+00 |279 -0.98294  -3.6587e-01
280 -0.61954  -7.6836e+00 |281 -0.05135  -1.3611e+01 |282  0.11261  -1.3442e+01
283 -0.32477  -1.1917e+01 |284  0.00871  -1.3654e+01 |285 -0.37933  -1.1302e+01
286 -0.26763  -1.2466e+01 |287  1.15542   3.3008e+00 |288  0.53242  -9.1519e+00
289  0.48095  -9.9405e+00 |290  0.32337  -1.1931e+01 |291 -0.13731  -1.3339e+01
292  0.00624  -1.3655e+01 |293 -0.34049  -1.1748e+01 |294 -0.02454  -1.3645e+01
295 -0.50806  -9.5328e+00 |296  0.44841  -1.0406e+01 |297  0.00918  -1.3654e+01
298 -0.30078  -1.2159e+01 |299 -0.59357  -8.1376e+00 |300 -0.19255  -1.3036e+01
301  0.70801  -6.0459e+00 |302  0.32876  -1.1875e+01 |303  0.47187  -8.6316e+00
304  0.08759   1.0037e+00 |305 -0.90802  -1.9221e+01 |306  0.25233  -1.1536e+00
307 -0.88099   2.5748e+01 |308 -0.52741   3.8102e+00 |
20.3488 7.22683 69.2618 45.2176 
11.3163 11.3163 49.1678 49.9064 
6.27835 9.23415 0 1.23581 10.9859 
0 2.06843 0 0 0.444025 18.9922 0 
20.2535 7.17759 69.1327 45.1472 
11.5238 11.5238 49.1619 49.9208 
6.25153 9.17856 0 1.22808 11.0086 
0 2.04783 0 0 0.443454 19.0126 0 
20.1999 7.0668 69.2418 45.089 
11.3977 11.3977 49.0185 49.9883 
6.22654 9.18269 0 1.2148 11.1846 
0 2.04276 0 0 0.444437 19.004 0 
20.0287 6.98643 69.1994 45.0069 
11.3233 11.3233 48.7991 50.0507 
6.24421 9.17211 0 1.18268 11.4367 
0 2.04572 0 0 0.444385 19.1979 0 
19.9854 6.98359 69.1697 44.9973 
11.2383 11.2383 48.7329 50.0634 
6.23882 9.22386 0 1.17068 11.4874 
0 2.02599 0 0 0.444813 19.2892 0 
19.8058 7.15384 68.9556 44.9778 
11.1922 11.1922 48.8502 49.98 
6.24732 9.34916 0 1.16416 11.416 
0 2.00697 0 0 0.444688 19.3376 0 
19.7592 7.19487 68.9176 44.9722 
11.1737 11.1737 48.9104 49.9482 
6.2366 9.34585 0 1.15888 11.4403 
0 1.98503 0 0 0.444532 19.3467 0 
19.6963 7.20921 68.9885 45.0398 
11.117 11.117 48.9128 49.905 
6.30207 9.27005 0 1.13901 11.4371 
0 1.97743 0 0 0.442723 19.3613 0 
19.6481 7.21196 68.9558 45.0841 
11.0932 11.0932 48.9298 49.9067 
6.32659 9.29371 0 1.14315 11.3921 
0 1.97704 0 0 0.442761 19.339 0 
19.6244 7.21366 68.908 45.0806 
11.1179 11.1179 48.9604 49.8918 
6.34277 9.3073 0 1.15387 11.328 
0 1.98815 0 0 0.443056 19.329 0 
19.6422 7.21246 68.9431 45.0827 
11.0984 11.0984 48.9366 49.9033 
6.32994 9.29657 0 1.14558 11.3776 
0 1.97947 0 0 0.442826 19.3367 0 
308 variables; iteration 520; function evaluation 584; phase 1
Function value   3.0861648e+02; maximum gradient component mag  -3.3000e+01
Var   Value    Gradient   |Var   Value    Gradient   |Var   Value    Gradient
  1 -2.12078   1.0020e+00 |  2  0.18713   1.2200e-01 |  3  0.18854   1.1525e-01
  4  0.19700   2.8490e+00 |  5  0.19450   7.1635e-01 |  6  0.19129   2.1013e+00
  7  0.17785   2.1990e+00 |  8  0.17322  -4.7318e-01 |  9  0.17224  -1.5656e-01
 10  0.14813  -1.6981e-03 | 11  0.12427  -4.4915e-01 | 12  0.12632  -6.1721e-01
 13  0.10280   5.8621e-01 | 14  0.05864   1.4902e+00 | 15 -1.99049  -1.9635e-01
 16 -0.14031  -6.0172e-01 | 17 -0.15107   3.2127e-03 | 18 -0.22817  -3.9164e-04
 19 -0.28526  -8.9271e-03 | 20 -0.54393  -4.0854e-03 | 21 -1.82446  -3.2149e-02
 22  0.09986   2.2702e-01 | 23 -0.17576   3.2370e-04 | 24 -2.00878   9.6156e-02
 25  0.08374   1.5208e-01 | 26  0.12606  -6.8000e-02 | 27  0.15213  -4.1015e-01
 28  0.15464  -1.6569e-01 | 29  0.14955   1.8932e-01 | 30  0.15130   3.9017e-01
 31  0.15528   3.5382e-02 | 32  0.14754   3.6906e-01 | 33  0.12831  -8.2661e-01
 34  0.11156  -5.5498e-01 | 35  0.12153   7.4300e-02 | 36  0.11875  -1.2255e-01
 37  0.08892  -3.8254e-02 | 38  0.05135  -7.0204e-01 | 39  0.00713   3.3985e-02
 40 -0.03920  -6.4226e-02 | 41 -1.90462   2.1176e-02 | 42 -1.78555   1.5286e-01
 43 -0.01598  -1.3708e+00 | 44 -0.07263  -1.8055e+00 | 45 -0.09421  -1.5783e+00
 46 -0.16834  -1.1544e+00 | 47 -0.18368  -1.0615e+00 | 48 -0.14592  -1.1028e+00
 49 -0.10884  -1.2110e+00 | 50 -0.06681  -1.3639e+00 | 51 -0.03414  -1.6421e+00
 52  0.00577  -1.7488e+00 | 53  0.00709  -1.7552e-01 | 54  0.02617  -8.0208e-01
 55 -2.02544   1.3181e-01 | 56  0.03554  -4.0751e-01 | 57  0.08597  -4.3383e-01
 58 -2.11369   5.1646e-02 | 59  0.03501  -5.1692e-01 | 60 -0.10648  -4.4554e-01
 61 -0.07012  -4.4301e-01 | 62  0.03525  -2.7799e-01 | 63 -0.02436  -6.4387e-01
 64 -0.04518  -8.5524e-01 | 65 -0.05331  -1.1122e+00 | 66 -0.04291  -1.2149e+00
 67 -0.06452  -9.9049e-01 | 68 -0.05229  -1.1755e+00 | 69 -0.07422  -1.2254e+00
 70 -0.06260  -1.2356e+00 | 71  0.05261  -1.0189e+00 | 72  0.04297  -1.1124e+00
 73  0.00617  -7.5564e-01 | 74 -0.00434  -9.4398e-01 | 75  0.10081  -4.0145e-01
 76  0.07417  -8.3336e-01 | 77 -0.02217  -7.6284e-01 | 78 -0.05534  -5.0323e-01
 79  0.09185  -8.0824e-02 | 80  0.31300  -2.9990e-01 | 81  1.07249   3.1327e-01
 82 -0.12498  -1.0296e+00 | 83 -0.04225  -1.0645e+00 | 84  1.94502   5.7336e-01
 85 -0.04631  -2.8955e-01 | 86  0.09500  -3.9562e-01 | 87  0.21394  -7.5272e-01
 88 -0.08918  -1.9800e-01 | 89 -0.20815  -7.1249e-02 | 90 -0.15051   2.7136e-02
 91 -0.04424  -3.4337e-02 | 92 -0.01994  -6.0201e-02 | 93  0.03573  -4.2429e-02
 94  0.16335   1.5141e-01 | 95  0.01574   8.0657e-02 | 96  0.00017   4.7119e-02
 97  0.01456   1.6268e-02 | 98  0.09833   2.1135e-01 | 99  0.08511   1.2348e-01
100  0.09015   5.9269e-01 |101  0.10959   5.4867e-01 |102 -0.07721   1.4262e-01
103 -0.10181   1.3357e-01 |104  0.05301   1.8554e-01 |105  0.03797   4.4932e-01
106 -0.04806   2.3484e-01 |107 -0.05996   2.0193e-01 |108  0.06814   1.9603e-01
109  0.09891  -1.1708e-01 |110  0.08580  -9.4060e-02 |111  0.00651  -1.1577e-01
112 -0.12913  -1.0161e-01 |113 -0.14000  -2.1120e-03 |114 -0.03619  -1.4537e-02
115  0.11403  -9.4236e-02 |116  0.02203   3.1558e-02 |117  0.09264  -1.0803e-01
118  0.04363   8.7776e-02 |119 -0.01039   1.4494e-01 |120  0.00611   1.4317e-01
121  0.13200   4.9507e-01 |122  0.19890   1.5989e-01 |123 -1.02968  -3.1905e-01
124  0.10736   1.9564e-02 |125 -0.01444   5.9746e-02 |126 -0.17300  -3.6945e-02
127  0.14484  -1.6766e+00 |128  0.12796  -1.6863e+00 |129 -0.50782  -1.2018e+00
130 -0.10626  -1.6970e+00 |131  0.19676  -1.6394e+00 |132  0.19027  -1.6446e+00
133  0.23463  -1.6054e+00 |134 -0.16445  -1.6638e+00 |135 -0.09873  -1.7003e+00
136 -0.10827  -1.6961e+00 |137 -0.10231  -1.6988e+00 |138 -0.10508  -1.6975e+00
139 -0.07787  -1.7081e+00 |140  0.03158  -1.7188e+00 |141  0.15477  -1.6703e+00
142 -0.06220  -1.7127e+00 |143 -0.10651  -1.6969e+00 |144 -0.10127  -1.6992e+00
145 -0.09674  -1.7011e+00 |146  0.09753  -1.7008e+00 |147 -0.05450  -1.7146e+00
148 -0.02087  -1.7200e+00 |149  0.22432  -1.6152e+00 |150 -0.02983  -1.7190e+00
151 -0.09017  -1.7037e+00 |152  0.22472  -1.6148e+00 |153  0.57130  -1.0733e+00
154  0.08869  -1.7043e+00 |155  0.20068  -1.6361e+00 |156  0.11526  -1.6928e+00
157  0.15482  -1.6703e+00 |158 -0.20090  -1.6359e+00 |159  0.02633  -1.7195e+00
160  0.14273  -1.6779e+00 |161 -0.08215  -1.7066e+00 |162 -0.53750  -1.1431e+00
163  0.19452  -1.6412e+00 |164  0.13780  -1.6808e+00 |165 -0.09814  -1.7005e+00
166 -0.61591  -9.7643e-01 |167  0.10077  -1.6994e+00 |168 -0.10303  -1.6984e+00
169  0.01758  -3.3000e+01 |170 -0.00397  -3.6958e-01 |171 -0.00704  -4.7215e-01
172  0.01712  -8.5570e-01 |173  0.06480  -1.5512e+00 |174  0.02561   8.6410e-01
175  0.02258  -5.4745e-01 |176  0.00219   1.5293e+00 |177  0.02181  -1.8958e-01
178  0.08673   3.1058e-01 |179  0.10910  -1.6187e-01 |180  0.09867  -3.1541e+00
181  0.04478  -1.7600e+00 |182 -0.03611  -7.0281e-01 |183 -0.04322   3.1389e-01
184 -0.02258   1.7380e+00 |185 -0.02133  -3.4868e-01 |186 -0.03246  -4.8988e+00
187 -0.05499  -1.2284e+00 |188 -0.04168  -5.9770e-01 |189  0.01330  -8.0215e-01
190  0.01796   7.9242e-01 |191  0.01711   6.9527e-01 |192  0.00852   8.8493e-02
193 -0.03370  -3.3468e-01 |194 -0.08625  -3.7604e-02 |195 -0.01194   5.2725e-02
196  0.04569   6.1863e-01 |197  0.00782  -7.8422e-01 |198 -0.00495  -7.5798e-01
199 -0.00342  -6.5005e-01 |200  0.00216  -7.4225e-02 |201  0.01149  -1.2794e+00
202  0.10690  -1.4281e+00 |203  0.10301  -1.1362e+00 |204  0.08470  -8.8176e-01
205 -0.06394  -9.7292e-03 |206 -0.13417  -1.7371e-01 |207 -0.15138  -1.7427e-01
208 -0.09657  -7.8818e-02 |209 -0.05497   9.5794e-02 |210  0.05226   8.4273e-02
211 -0.06062  -3.4999e-02 |212 -0.05599   1.0630e+01 |213  0.03609   4.8802e+00
214 -0.03692  -2.2801e-08 |215 -0.65492  -1.8164e-01 |216 -0.84413  -1.1733e+00
217  0.01665  -9.2952e-01 |218 -0.16292  -3.6749e-01 |219 -0.24940   6.5735e-02
220 -0.05391   8.3589e-02 |221  0.03568   1.5680e-01 |222 -0.00237   1.8057e-01
223  0.00839  -2.1850e-01 |224 -0.02899  -2.6676e-01 |225 -0.03602  -9.2005e-02
226  0.08929  -1.9211e-01 |227  0.06972  -1.4226e-02 |228  0.19582  -9.8415e-02
229  0.10502  -2.5926e-02 |230  0.09874  -1.8133e-01 |231  0.04998  -4.5616e-02
232  0.05738  -8.1183e-02 |233  0.06374  -3.4238e-01 |234  0.12820   2.8000e-01
235 -0.11546  -1.2297e-01 |236 -0.12308  -4.1925e-01 |237  0.00608   1.4246e-02
238  0.02516  -2.3293e-01 |239 -0.11288  -7.2425e-01 |240 -0.15107  -7.3227e-01
241 -0.06595  -6.3103e-01 |242  0.01190  -2.0709e-01 |243  0.04285  -2.0029e-01
244 -0.02368  -1.2077e-01 |245 -0.12266  -3.7744e-02 |246 -0.23342  -1.0518e-01
247 -0.10338  -2.0009e-01 |248  0.00224  -2.4743e-01 |249  0.05252  -2.3205e-01
250  0.08270  -1.2119e-01 |251  0.05574  -4.0355e-02 |252 -0.01689  -3.4238e-01
253 -0.00289  -3.5362e-01 |254  0.13379  -1.6825e-01 |255  0.19941  -6.0833e-02
256  0.23208  -3.3269e-01 |257 -0.14586  -2.2160e-01 |258  0.09635   1.6930e-01
259  0.14963  -6.5318e-02 |260 -0.86786   8.5580e-01 |261 -0.84432   1.5081e+00
262 -0.79027   1.4159e-01 |263 -0.65321   7.7873e+00 |264  0.54426   9.8624e+00
265 -1.15953  -3.7266e+00 |266 -0.19875   1.4301e+01 |267 -0.06515   1.4949e+01
268  0.49388   1.0728e+01 |269  0.55883   9.6002e+00 |270 -0.42191   1.1847e+01
271  0.44330   1.1529e+01 |272  0.88191   2.7716e+00 |273 -0.70706   6.6736e+00
274  0.49423   1.0722e+01 |275  0.54303   9.8843e+00 |276 -0.36483   1.2627e+01
277 -0.36440   1.2632e+01 |278  0.48989   1.0794e+01 |279 -0.98745   2.9625e-01
280 -0.66679   7.5113e+00 |281 -0.05430   1.4973e+01 |282  0.12972   1.4717e+01
283 -0.32155   1.3151e+01 |284  0.00959   1.5026e+01 |285 -0.39003   1.2295e+01
286 -0.25997   1.3792e+01 |287  1.14077  -3.2959e+00 |288  0.54705   9.8126e+00
289  0.46468   1.1199e+01 |290  0.35492   1.2752e+01 |291 -0.11213   1.4795e+01
292  0.00702   1.5027e+01 |293 -0.31686   1.3204e+01 |294 -0.01524   1.5023e+01
295 -0.49184   1.0762e+01 |296  0.44970   1.1432e+01 |297 -0.01706   1.5022e+01
298 -0.29720   1.3420e+01 |299 -0.57816   9.2448e+00 |300 -0.20185   1.4279e+01
301  0.71772   6.4471e+00 |302  0.31862   1.3185e+01 |303  0.47206   1.1758e+00
304  0.08789   6.1845e-01 |305 -0.90713   2.2480e+00 |306  0.25226   4.8895e-01
307 -0.87959  -7.3938e+00 |308 -0.52456  -1.2709e+00 |
19.6367 7.21929 68.9291 45.0775 
11.0993 11.0993 48.9485 49.8941 
6.33225 9.30142 0 1.14948 11.3602 
0 1.98338 0 0 0.442882 19.3333 0 
19.6181 7.22041 68.8939 45.0854 
11.1295 11.1295 48.9745 49.8812 
6.34026 9.29393 0 1.15633 11.3256 
0 1.98864 0 0 0.442501 19.3279 0 
19.6064 7.22273 68.9615 45.0941 
11.0422 11.0422 48.9755 49.8637 
6.35744 9.32612 0 1.16764 11.3016 
0 1.99486 0 0 0.442337 19.3102 0 
19.587 7.19883 68.8638 45.1044 
11.1924 11.1924 49.01 49.8739 
6.33954 9.2771 0 1.1737 11.2921 
0 1.99932 0 0 0.442315 19.3081 0 
19.5955 7.19415 68.8754 45.1014 
11.1761 11.1761 48.9951 49.8762 
6.33251 9.27969 0 1.17416 11.3086 
0 1.99915 0 0 0.44244 19.3157 0 
19.5938 7.18652 68.8981 45.0885 
11.1634 11.1634 48.9782 49.8806 
6.32067 9.28064 0 1.17737 11.3402 
0 1.99708 0 0 0.442842 19.3279 0 
19.5983 7.15955 68.9293 45.0841 
11.138 11.138 48.955 49.8867 
6.3003 9.28441 0 1.17624 11.3734 
0 2.00217 0 0 0.442851 19.3606 0 
19.5943 7.16345 68.9064 45.081 
11.1632 11.1632 48.9635 49.8856 
6.30227 9.27894 0 1.18016 11.3622 
0 2.00223 0 0 0.442916 19.3552 0 
19.595 7.16651 68.8923 45.0768 
11.1732 11.1732 48.9668 49.8858 
6.30171 9.27668 0 1.17903 11.3483 
0 2.00416 0 0 0.442848 19.3602 0 
19.5996 7.16979 68.8764 45.08 
11.1778 11.1778 48.967 49.8837 
6.29913 9.27649 0 1.17788 11.3298 
0 2.00761 0 0 0.44291 19.3671 0 
308 variables; iteration 530; function evaluation 594; phase 1
Function value   3.0853772e+02; maximum gradient component mag   3.9876e+00
Var   Value    Gradient   |Var   Value    Gradient   |Var   Value    Gradient
  1 -2.13266   2.8806e-01 |  2  0.18583  -9.1028e-02 |  3  0.18934   1.0660e-01
  4  0.19621   1.7836e-01 |  5  0.19474   1.7184e-01 |  6  0.19098   1.7744e-01
  7  0.17743   1.3984e-01 |  8  0.17348   1.1964e-01 |  9  0.17219   8.7881e-02
 10  0.14820   7.4989e-02 | 11  0.12463   1.6252e-01 | 12  0.12659   6.8210e-02
 13  0.10241  -1.1129e-01 | 14  0.05656  -1.3715e-01 | 15 -1.98886  -4.7230e-02
 16 -0.09486   8.9378e-02 | 17 -0.15761  -1.3181e-03 | 18 -0.23364   8.3334e-06
 19 -0.30055  -1.0600e-02 | 20 -0.60233  -3.6785e-03 | 21 -1.80546  -1.0151e-01
 22  0.09911  -7.3182e-03 | 23 -0.17573   1.0523e-04 | 24 -2.01196  -3.0376e-02
 25  0.08388   1.1937e-02 | 26  0.12644  -7.1406e-02 | 27  0.15292  -1.5530e-02
 28  0.15534  -8.9943e-02 | 29  0.14994  -2.9309e-02 | 30  0.15176  -5.5441e-03
 31  0.15595  -2.0469e-02 | 32  0.14783  -7.1586e-02 | 33  0.12934   6.2411e-02
 34  0.11272   1.4404e-02 | 35  0.12258   1.8004e-01 | 36  0.11945   5.5839e-02
 37  0.08904  -6.1960e-03 | 38  0.05229   2.2949e-02 | 39  0.00767  -3.0510e-02
 40 -0.03806   1.4220e-02 | 41 -1.90576  -1.6020e-02 | 42 -1.82846  -5.7866e-03
 43 -0.02008  -2.2100e-01 | 44 -0.06579  -7.8860e-02 | 45 -0.08968  -1.0783e-01
 46 -0.16766  -1.1598e-01 | 47 -0.18372  -1.3117e-01 | 48 -0.14605  -1.5825e-01
 49 -0.10916  -2.2923e-01 | 50 -0.06544  -1.6704e-01 | 51 -0.02858  -1.5311e-01
 52  0.01531  -8.8876e-03 | 53 -0.00533  -1.2773e-01 | 54  0.02945  -1.4154e-01
 55 -2.02388  -2.3487e-02 | 56  0.03607  -1.6696e-01 | 57  0.08786  -2.2772e-01
 58 -2.11159   5.5819e-02 | 59  0.03409  -2.9883e-01 | 60 -0.10986  -1.6930e-01
 61 -0.07260  -1.7642e-01 | 62  0.03681  -2.0294e-01 | 63 -0.02399  -1.7395e-01
 64 -0.04405   5.9252e-03 | 65 -0.05265  -1.0265e-01 | 66 -0.04124  -7.7816e-02
 67 -0.06640  -1.2985e-01 | 68 -0.05100  -6.7640e-02 | 69 -0.07255  -7.6902e-02
 70 -0.06111  -9.2599e-02 | 71  0.05173  -1.1093e-01 | 72  0.04615  -4.1750e-02
 73  0.00405  -3.6671e-02 | 74 -0.00314  -5.1058e-02 | 75  0.09875  -1.1962e-01
 76  0.08019  -1.8401e-01 | 77 -0.02147  -9.6782e-02 | 78 -0.05758   4.3519e-02
 79  0.08468  -2.2293e-02 | 80  0.31541  -7.3682e-02 | 81  1.07018   1.9139e-01
 82 -0.12533  -9.8581e-02 | 83 -0.04288  -9.2245e-02 | 84  1.95614   5.3496e-03
 85 -0.03720   6.0945e-02 | 86  0.09496   1.9053e-02 | 87  0.21427  -1.6743e-02
 88 -0.08782   4.6922e-02 | 89 -0.20772   5.3308e-02 | 90 -0.15163   4.4475e-02
 91 -0.04410   4.2129e-02 | 92 -0.01878   4.4571e-02 | 93  0.03705   2.9591e-02
 94  0.16126  -2.8286e-02 | 95  0.01248   4.6445e-02 | 96 -0.00152   5.8558e-02
 97  0.01449   4.7132e-02 | 98  0.09791   2.1561e-02 | 99  0.08619  -2.1679e-02
100  0.08800  -1.9142e-02 |101  0.10994  -1.3528e-02 |102 -0.07722   9.9021e-03
103 -0.10223   1.6755e-02 |104  0.05519   8.0820e-03 |105  0.03651  -4.1364e-02
106 -0.04813  -1.0147e-02 |107 -0.06008   7.8255e-03 |108  0.06791   1.0196e-02
109  0.09988   2.6547e-02 |110  0.08589   5.1825e-02 |111  0.00705   4.6366e-02
112 -0.12858   4.2332e-02 |113 -0.14073   5.1603e-02 |114 -0.03675   3.6034e-02
115  0.11479   6.8072e-02 |116  0.02080   6.5964e-02 |117  0.09398   7.0214e-02
118  0.04412   8.0603e-02 |119 -0.01164   5.4239e-02 |120  0.00366  -8.3778e-03
121  0.13014   4.5957e-02 |122  0.20086  -6.7721e-03 |123 -0.99902   1.0462e-02
124  0.10795   4.8724e-02 |125 -0.01656   4.9504e-02 |126 -0.17371   5.1747e-02
127  0.14416   1.8071e-01 |128  0.12941   1.8163e-01 |129 -0.52527   1.2582e-01
130 -0.10864   1.8275e-01 |131  0.21183   1.7527e-01 |132  0.17449   1.7852e-01
133  0.22985   1.7349e-01 |134 -0.19991   1.7638e-01 |135 -0.10405   1.8297e-01
136 -0.09883   1.8321e-01 |137 -0.09895   1.8321e-01 |138 -0.10832   1.8277e-01
139 -0.13521   1.8128e-01 |140  0.03895   1.8510e-01 |141  0.18747   1.7746e-01
142 -0.02271   1.8533e-01 |143 -0.10856   1.8275e-01 |144 -0.09419   1.8342e-01
145 -0.08925   1.8362e-01 |146  0.15967   1.7964e-01 |147 -0.01108   1.8542e-01
148 -0.10363   1.8299e-01 |149  0.20104   1.7627e-01 |150  0.00825   1.8543e-01
151 -0.08426   1.8382e-01 |152  0.20984   1.7546e-01 |153  0.55303   1.1976e-01
154  0.09834   1.8324e-01 |155  0.18220   1.7790e-01 |156  0.11368   1.8250e-01
157  0.15338   1.8009e-01 |158 -0.26600   1.6949e-01 |159  0.03458   1.8517e-01
160  0.18013   1.7807e-01 |161 -0.08639   1.8374e-01 |162 -0.52566   1.2574e-01
163  0.19332   1.7696e-01 |164  0.15403   1.8004e-01 |165 -0.10359   1.8299e-01
166 -0.59252   1.1076e-01 |167  0.10624   1.8287e-01 |168 -0.10714   1.8282e-01
169  0.01760   3.9876e+00 |170 -0.00445  -3.9388e-01 |171 -0.00624   1.7808e-01
172  0.01734   1.6315e-01 |173  0.06505   2.0852e-01 |174  0.02534   3.1191e-01
175  0.02323   2.6606e-02 |176  0.00132   4.8330e-02 |177  0.02252   5.9691e-02
178  0.08670   3.3141e-02 |179  0.10823   6.8409e-02 |180  0.09841   4.5425e-01
181  0.04437   2.8869e-01 |182 -0.03601   1.9655e-01 |183 -0.04384  -9.0909e-03
184 -0.02351   3.3610e-01 |185 -0.02206   5.6845e-01 |186 -0.03196   5.7771e-01
187 -0.05505   2.9187e-01 |188 -0.04134   1.5874e-01 |189  0.01359   4.8957e-02
190  0.01787  -1.3698e-01 |191  0.01713   1.8569e-01 |192  0.00858   1.5507e-01
193 -0.03373   3.3414e-02 |194 -0.08614   1.1070e-01 |195 -0.01170   7.7380e-02
196  0.04564  -1.3007e-01 |197  0.00801   1.4384e-01 |198 -0.00478   2.7815e-02
199 -0.00339  -4.9794e-02 |200  0.00194   1.7028e-01 |201  0.01214   1.7020e-02
202  0.10737   4.3553e-01 |203  0.10303  -1.2449e-01 |204  0.08426   1.2641e-01
205 -0.06493   1.7635e-01 |206 -0.13184   1.3445e-01 |207 -0.15112   6.0285e-02
208 -0.09637   1.2370e-01 |209 -0.05506   1.0376e-01 |210  0.05244   5.6841e-02
211 -0.06176   7.9959e-02 |212 -0.05633  -1.1580e+00 |213  0.03595  -8.6394e-01
214 -0.03691  -2.2796e-08 |215 -0.65565  -2.2889e-02 |216 -0.84511  -6.5589e-02
217  0.01724   9.3255e-01 |218 -0.16306   7.1033e-02 |219 -0.24928   2.8785e-02
220 -0.05387   9.6820e-02 |221  0.03613   6.8294e-02 |222 -0.00180   3.2399e-02
223  0.00855  -4.7932e-02 |224 -0.02873  -1.6578e-02 |225 -0.03608   2.0443e-02
226  0.08965   4.1932e-03 |227  0.06994   2.0329e-02 |228  0.19534   1.8193e-02
229  0.10423   2.7045e-02 |230  0.09834  -1.9863e-02 |231  0.04958   1.6469e-02
232  0.05764   1.6090e-02 |233  0.06396   2.3713e-02 |234  0.12731  -2.5391e-02
235 -0.11606   7.9300e-02 |236 -0.12358   5.6716e-02 |237  0.00596  -2.6368e-02
238  0.02571   7.1022e-02 |239 -0.11250   1.2674e-01 |240 -0.15102   8.7878e-02
241 -0.06601   7.5744e-02 |242  0.01193   2.5674e-02 |243  0.04316   6.5257e-03
244 -0.02343   1.5191e-02 |245 -0.12257  -3.6690e-03 |246 -0.23349   2.3351e-02
247 -0.10350   4.2499e-02 |248  0.00254   3.3601e-02 |249  0.05284   3.8042e-04
250  0.08298   1.0031e-02 |251  0.05575  -5.1129e-02 |252 -0.01645  -8.4819e-03
253 -0.00244   4.4582e-02 |254  0.13240   2.3875e-02 |255  0.19831   8.7051e-03
256  0.23288   2.4749e-02 |257 -0.14549   7.6160e-02 |258  0.09623  -2.0365e+00
259  0.14961  -5.1294e-02 |260 -0.86788   4.6352e-01 |261 -0.84439  -4.9455e-02
262 -0.79715   1.9350e-01 |263 -0.65930   1.0704e+00 |264  0.55075   1.3613e+00
265 -1.16113  -5.2560e-01 |266 -0.22082   1.9740e+00 |267 -0.08509   2.0802e+00
268  0.48731   1.5135e+00 |269  0.57021   1.3118e+00 |270 -0.41272   1.6731e+00
271  0.43739   1.6227e+00 |272  0.89415   3.4740e-01 |273 -0.68841   9.8681e-01
274  0.49126   1.5044e+00 |275  0.53784   1.3934e+00 |276 -0.37682   1.7419e+00
277 -0.35490   1.7812e+00 |278  0.48722   1.5137e+00 |279 -0.97969   6.6959e-02
280 -0.68185   1.0058e+00 |281 -0.03499   2.0958e+00 |282  0.14189   2.0470e+00
283 -0.31125   1.8531e+00 |284  0.00546   2.0989e+00 |285 -0.39472   1.7083e+00
286 -0.24439   1.9462e+00 |287  1.13020  -4.2629e-01 |288  0.53895   1.3907e+00
289  0.44246   1.6121e+00 |290  0.37127   1.7520e+00 |291 -0.11847   2.0627e+00
292  0.01576   2.0983e+00 |293 -0.32034   1.8388e+00 |294 -0.01378   2.0985e+00
295 -0.50045   1.4831e+00 |296  0.45392   1.5876e+00 |297 -0.03181   2.0963e+00
298 -0.29635   1.8756e+00 |299 -0.57706   1.2941e+00 |300 -0.19500   2.0013e+00
301  0.72442   8.8048e-01 |302  0.32450   1.8321e+00 |303  0.47193  -9.7755e-01
304  0.08840  -6.7012e-02 |305 -0.90726  -4.9181e-01 |306  0.25195  -3.6777e-02
307 -0.87929  -5.0886e-01 |308 -0.52470   2.2231e-02 |
19.6057 7.17299 68.8772 45.0802 
11.1709 11.1709 48.965 49.8827 
6.29395 9.28124 0 1.17501 11.3245 
0 2.00754 0 0 0.442981 19.3708 0 
19.6098 7.17942 68.8784 45.0866 
11.1651 11.1651 48.9631 49.8794 
6.2887 9.28431 0 1.17267 11.3241 
0 2.00578 0 0 0.443218 19.3695 0 
19.6109 7.18432 68.884 45.0919 
11.1616 11.1616 48.9637 49.8761 
6.28469 9.28872 0 1.17143 11.3305 
0 2.00168 0 0 0.443384 19.3618 0 
19.6085 7.1878 68.8852 45.0995 
11.1656 11.1656 48.9651 49.8735 
6.28353 9.28734 0 1.17063 11.3395 
0 1.99773 0 0 0.443551 19.3532 0 
19.6035 7.1867 68.8876 45.1046 
11.1708 11.1708 48.9671 49.8718 
6.28477 9.28642 0 1.17005 11.3505 
0 1.99432 0 0 0.443549 19.3452 0 
19.5971 7.18104 68.886 45.1088 
11.1784 11.1784 48.9677 49.8736 
6.28877 9.27954 0 1.16781 11.3576 
0 1.99375 0 0 0.443478 19.3457 0 
19.5907 7.1736 68.8845 45.1073 
11.1813 11.1813 48.9665 49.8765 
6.29283 9.2759 0 1.16485 11.3596 
0 1.99591 0 0 0.443263 19.3546 0 
19.5882 7.16959 68.8824 45.1052 
11.18 11.18 48.9633 49.8797 
6.29552 9.27255 0 1.16123 11.353 
0 1.99975 0 0 0.443123 19.3686 0 
19.5873 7.17031 68.8816 45.1027 
11.1762 11.1762 48.96 49.8793 
6.29517 9.27542 0 1.15854 11.3456 
0 2.0027 0 0 0.443025 19.38 0 
19.5875 7.17464 68.8825 45.1016 
11.1744 11.1744 48.9578 49.8779 
6.29351 9.2775 0 1.15671 11.3383 
0 2.00414 0 0 0.443026 19.3862 0 
308 variables; iteration 540; function evaluation 604; phase 1
Function value   3.0852842e+02; maximum gradient component mag   9.4541e-01
Var   Value    Gradient   |Var   Value    Gradient   |Var   Value    Gradient
  1 -2.13492   3.4094e-02 |  2  0.18577   1.3529e-01 |  3  0.18939   2.6281e-02
  4  0.19619  -8.1739e-02 |  5  0.19478   7.4934e-03 |  6  0.19100   1.5578e-02
  7  0.17751   1.3919e-01 |  8  0.17353   6.6044e-02 |  9  0.17220  -5.1704e-02
 10  0.14823  -3.0350e-02 | 11  0.12456  -4.9852e-02 | 12  0.12657  -2.9889e-02
 13  0.10240  -9.7543e-02 | 14  0.05664  -1.1702e-01 | 15 -1.98830   5.1003e-02
 16 -0.09734   2.2292e-02 | 17 -0.15684   1.0692e-03 | 18 -0.23318  -5.4108e-05
 19 -0.25693   5.4166e-03 | 20 -0.59117  -3.7610e-03 | 21 -1.75551  -2.2310e-02
 22  0.09941   1.1704e-02 | 23 -0.17538   1.9284e-04 | 24 -2.01141  -8.7671e-03
 25  0.08408   6.4400e-02 | 26  0.12649  -3.6513e-02 | 27  0.15297   2.2317e-02
 28  0.15541  -5.6651e-02 | 29  0.14999  -2.2446e-02 | 30  0.15182   4.4553e-03
 31  0.15601   1.2021e-02 | 32  0.14790  -4.1283e-02 | 33  0.12939   2.8683e-02
 34  0.11281   8.1641e-03 | 35  0.12258  -4.4546e-02 | 36  0.11952  -7.5529e-02
 37  0.08910  -1.8930e-02 | 38  0.05230   6.4224e-02 | 39  0.00764  -2.5177e-02
 40 -0.03829   1.9066e-02 | 41 -1.90566  -6.4206e-03 | 42 -1.84010   6.4143e-03
 43 -0.01963  -1.2844e-01 | 44 -0.06606  -7.1371e-02 | 45 -0.08973  -7.6226e-02
 46 -0.16784  -8.6156e-02 | 47 -0.18387  -8.2583e-02 | 48 -0.14605  -7.8512e-02
 49 -0.10732   2.8821e-02 | 50 -0.06412   5.8880e-02 | 51 -0.02676   9.3127e-02
 52  0.01392  -1.6548e-02 | 53 -0.00548  -9.6290e-02 | 54  0.02949  -9.7718e-02
 55 -2.02236   4.6802e-02 | 56  0.03651  -1.1103e-01 | 57  0.08822  -1.4937e-01
 58 -2.11072  -1.7137e-02 | 59  0.03492  -1.1058e-01 | 60 -0.11002  -1.0078e-01
 61 -0.07318  -1.3432e-01 | 62  0.03688  -8.6484e-02 | 63 -0.02367  -8.5476e-02
 64 -0.04606  -1.0697e-01 | 65 -0.05284  -9.8376e-02 | 66 -0.04201  -1.3485e-01
 67 -0.06581  -8.1973e-02 | 68 -0.05142  -9.1074e-02 | 69 -0.07317  -1.0484e-01
 70 -0.06124  -9.1114e-02 | 71  0.05239  -8.5915e-02 | 72  0.04592  -8.5189e-02
 73  0.00306  -1.2320e-01 | 74 -0.00366  -9.3774e-02 | 75  0.09832  -1.5137e-01
 76  0.08061  -8.4528e-02 | 77 -0.02196  -2.9864e-02 | 78 -0.05782   1.2323e-01
 79  0.08763   3.2494e-01 | 80  0.31433   4.1914e-02 | 81  1.01394   3.7520e-02
 82 -0.12555  -8.4785e-02 | 83 -0.04323  -8.3298e-02 | 84  1.95795   5.2999e-02
 85 -0.03669   6.1584e-02 | 86  0.09478   2.8265e-02 | 87  0.21437  -6.5816e-03
 88 -0.08768  -1.4096e-02 | 89 -0.20761   4.2301e-04 | 90 -0.15136  -1.3352e-03
 91 -0.04367   3.1524e-04 | 92 -0.01870   9.3403e-03 | 93  0.03700   1.7620e-02
 94  0.16089   9.2805e-03 | 95  0.01182   1.6158e-02 | 96 -0.00213   1.4042e-02
 97  0.01430   6.9546e-03 | 98  0.09827  -1.7893e-03 | 99  0.08611  -6.9312e-02
100  0.08783  -5.9598e-02 |101  0.10974  -5.1010e-02 |102 -0.07717  -1.2917e-02
103 -0.10219  -4.1754e-03 |104  0.05494   9.2828e-03 |105  0.03624  -1.5336e-02
106 -0.04828  -9.4970e-03 |107 -0.05996  -1.2848e-03 |108  0.06825   5.5167e-03
109  0.09983  -4.2677e-03 |110  0.08569   1.1766e-02 |111  0.00752   2.3060e-02
112 -0.12847   2.5824e-03 |113 -0.14103  -1.0514e-02 |114 -0.03674  -4.0152e-03
115  0.11464  -2.8934e-03 |116  0.02075  -2.7678e-03 |117  0.09439   1.3655e-03
118  0.04402  -9.5126e-03 |119 -0.01169  -2.6479e-02 |120  0.00460  -2.7896e-02
121  0.13018   3.5990e-02 |122  0.20037  -6.0868e-02 |123 -0.99709   3.1529e-02
124  0.10783   7.7977e-03 |125 -0.01636   1.5010e-02 |126 -0.17387   5.4370e-03
127  0.13223  -9.7686e-02 |128  0.13308  -9.7659e-02 |129 -0.46830  -7.4019e-02
130 -0.10819  -9.8394e-02 |131  0.20360  -9.4770e-02 |132  0.16231  -9.6605e-02
133  0.20771  -9.4565e-02 |134 -0.22601  -9.3607e-02 |135 -0.09893  -9.8629e-02
136 -0.09965  -9.8612e-02 |137 -0.10246  -9.8542e-02 |138 -0.10665  -9.8435e-02
139 -0.26330  -9.1415e-02 |140  0.06633  -9.9291e-02 |141  0.19263  -9.5297e-02
142  0.00521  -9.9829e-02 |143 -0.10852  -9.8385e-02 |144 -0.09785  -9.8655e-02
145 -0.09297  -9.8769e-02 |146  0.22912  -9.3436e-02 |147  0.04664  -9.9564e-02
148 -0.13321  -9.7655e-02 |149  0.17489  -9.6088e-02 |150  0.04534  -9.9579e-02
151 -0.08137  -9.9018e-02 |152  0.21140  -9.4378e-02 |153  0.54224  -6.5755e-02
154  0.10811  -9.8396e-02 |155  0.16227  -9.6607e-02 |156  0.09951  -9.8615e-02
157  0.14096  -9.7395e-02 |158 -0.25541  -9.1905e-02 |159  0.06296  -9.9344e-02
160  0.18916  -9.5457e-02 |161 -0.07685  -9.9106e-02 |162 -0.54318  -6.5645e-02
163  0.15631  -9.6838e-02 |164  0.16445  -9.6519e-02 |165 -0.09824  -9.8646e-02
166 -0.59196  -5.9695e-02 |167  0.10814  -9.8395e-02 |168 -0.10408  -9.8501e-02
169  0.01759   1.5286e-01 |170 -0.00444   7.2921e-02 |171 -0.00613  -1.4901e-02
172  0.01748   2.3259e-02 |173  0.06523   5.5463e-02 |174  0.02536  -1.7302e-01
175  0.02353   1.9910e-02 |176  0.00124  -3.7712e-01 |177  0.02271  -1.5203e-02
178  0.08667   8.5265e-02 |179  0.10820   1.0929e-01 |180  0.09835   1.6531e-01
181  0.04436   3.5343e-01 |182 -0.03601   1.1975e-01 |183 -0.04359  -3.1999e-02
184 -0.02360  -1.0147e-01 |185 -0.02199   1.3735e-02 |186 -0.03200   8.1403e-03
187 -0.05504   1.4997e-01 |188 -0.04126   1.1161e-01 |189  0.01355  -9.4155e-02
190  0.01782  -1.0221e-01 |191  0.01705   6.5996e-02 |192  0.00863   9.4398e-02
193 -0.03371   5.2436e-02 |194 -0.08602   3.6619e-02 |195 -0.01161  -3.8442e-02
196  0.04577   3.5399e-02 |197  0.00806   1.2138e-01 |198 -0.00469   1.1293e-01
199 -0.00335   5.6341e-02 |200  0.00194   2.8189e-02 |201  0.01252   1.1629e-01
202  0.10755   2.3196e-01 |203  0.10315  -4.2327e-01 |204  0.08445   7.3073e-02
205 -0.06603  -1.8037e-01 |206 -0.13177   2.4765e-02 |207 -0.15105   1.1090e-01
208 -0.09626   4.4893e-02 |209 -0.05502   1.9966e-02 |210  0.05260   2.2792e-02
211 -0.06350   2.2191e-02 |212 -0.05611   9.4541e-01 |213  0.03598  -4.6638e-01
214 -0.03692  -2.2800e-08 |215 -0.65611  -1.0953e-02 |216 -0.84579  -1.0309e-02
217  0.01761   9.2428e-02 |218 -0.16317  -2.2369e-02 |219 -0.24934  -4.4337e-02
220 -0.05396  -7.4902e-03 |221  0.03627   1.1350e-02 |222 -0.00163   2.2783e-02
223  0.00859   2.2664e-02 |224 -0.02870   1.6955e-02 |225 -0.03602   2.8335e-02
226  0.08982   9.1050e-04 |227  0.07021   3.4625e-02 |228  0.19539   3.4167e-02
229  0.10398  -3.1893e-02 |230  0.09817  -3.4980e-02 |231  0.04958   2.0806e-02
232  0.05776   5.6072e-02 |233  0.06398   2.1028e-02 |234  0.12726  -2.9461e-02
235 -0.11617   7.5753e-02 |236 -0.12364   4.3436e-02 |237  0.00596  -1.5640e-02
238  0.02572   3.4000e-02 |239 -0.11258   1.1012e-02 |240 -0.15111   1.7195e-02
241 -0.06600   1.5104e-02 |242  0.01206   2.9975e-02 |243  0.04307  -7.3415e-03
244 -0.02343  -1.3309e-02 |245 -0.12254   9.9761e-04 |246 -0.23364   3.2241e-02
247 -0.10363   4.3010e-02 |248  0.00243   2.1923e-02 |249  0.05282   2.0669e-02
250  0.08307   1.5998e-02 |251  0.05583  -6.1523e-03 |252 -0.01651   4.0734e-02
253 -0.00229   6.1281e-02 |254  0.13259   1.8081e-02 |255  0.19852   1.3731e-02
256  0.23281   2.5827e-03 |257 -0.14580  -2.4834e-02 |258  0.09620   6.5657e-02
259  0.14960  -1.3066e-01 |260 -0.86790   1.9752e-01 |261 -0.84438  -2.3078e-02
262 -0.80081  -2.0956e-02 |263 -0.66791  -2.3847e-01 |264  0.54510  -3.1359e-01
265 -1.16188   1.2038e-01 |266 -0.23757  -4.4562e-01 |267 -0.07528  -4.7521e-01
268  0.49107  -3.4311e-01 |269  0.56005  -3.0501e-01 |270 -0.40406  -3.8536e-01
271  0.44525  -3.6621e-01 |272  0.90323  -7.2465e-02 |273 -0.69287  -2.2202e-01
274  0.49154  -3.4286e-01 |275  0.54861  -3.1159e-01 |276 -0.38483  -3.9375e-01
277 -0.35801  -4.0486e-01 |278  0.48916  -3.4410e-01 |279 -0.98795  -9.0621e-03
280 -0.67595  -2.3321e-01 |281 -0.03221  -4.7794e-01 |282  0.14279  -4.6657e-01
283 -0.31805  -4.2007e-01 |284  0.00864  -4.7851e-01 |285 -0.39182  -3.9074e-01
286 -0.23890  -4.4525e-01 |287  1.12939   9.6596e-02 |288  0.53616  -3.1863e-01
289  0.44182  -3.6786e-01 |290  0.37413  -3.9827e-01 |291 -0.12985  -4.6864e-01
292  0.00974  -4.7850e-01 |293 -0.32549  -4.1736e-01 |294 -0.01499  -4.7842e-01
295 -0.50749  -3.3438e-01 |296  0.45450  -3.6169e-01 |297 -0.03015  -4.7802e-01
298 -0.29199  -4.2910e-01 |299 -0.57252  -2.9773e-01 |300 -0.19056  -4.5728e-01
301  0.73423  -1.9403e-01 |302  0.33055  -4.1548e-01 |303  0.47186   2.5747e-01
304  0.08857   3.2901e-02 |305 -0.90724   2.0798e-01 |306  0.25183   3.0455e-02
307 -0.87920   4.2551e-01 |308 -0.52466   1.3122e-01 |
19.5893 7.1802 68.8836 45.1025 
11.1722 11.1722 48.9562 49.8735 
6.29087 9.28368 0 1.1554 11.3326 
0 2.00408 0 0 0.443038 19.3879 0 
19.5886 7.18186 68.8836 45.1018 
11.1739 11.1739 48.9569 49.8729 
6.29046 9.28407 0 1.15625 11.3338 
0 2.00351 0 0 0.443052 19.3853 0 
19.5885 7.18258 68.8854 45.102 
11.1771 11.1771 48.9586 49.872 
6.29029 9.28329 0 1.15786 11.3353 
0 2.00247 0 0 0.443083 19.3792 0 
19.59 7.18287 68.8864 45.1012 
11.1803 11.1803 48.9599 49.8707 
6.2903 9.28359 0 1.1607 11.3359 
0 2.00183 0 0 0.443109 19.3717 0 
19.5939 7.18111 68.8897 45.0999 
11.1812 11.1812 48.9606 49.8703 
6.29006 9.28289 0 1.16373 11.3332 
0 2.00247 0 0 0.443135 19.3656 0 
19.6 7.17811 68.8916 45.0974 
11.1792 11.1792 48.9592 49.871 
6.28976 9.28274 0 1.16701 11.327 
0 2.00472 0 0 0.443168 19.3632 0 
19.605 7.17609 68.8928 45.0951 
11.1757 11.1757 48.9581 49.8725 
6.28909 9.28154 0 1.16923 11.3229 
0 2.00668 0 0 0.443184 19.3634 0 
19.6089 7.17484 68.892 45.0937 
11.173 11.173 48.9562 49.8745 
6.28836 9.28052 0 1.1712 11.3202 
0 2.00813 0 0 0.443225 19.3639 0 
19.6106 7.17488 68.8909 45.0929 
11.1728 11.1728 48.9561 49.8752 
6.28737 9.2796 0 1.17224 11.3221 
0 2.00798 0 0 0.443242 19.3634 0 
19.6111 7.17431 68.8896 45.0926 
11.1743 11.1743 48.9557 49.8761 
6.2871 9.27889 0 1.17327 11.325 
0 2.00727 0 0 0.44326 19.3609 0 
308 variables; iteration 550; function evaluation 614; phase 1
Function value   3.0852594e+02; maximum gradient component mag  -3.7512e-01
Var   Value    Gradient   |Var   Value    Gradient   |Var   Value    Gradient
  1 -2.13518  -7.2465e-03 |  2  0.18566   4.8228e-03 |  3  0.18944   5.5241e-02
  4  0.19624   6.6059e-02 |  5  0.19479   2.5549e-02 |  6  0.19102  -1.0478e-02
  7  0.17748  -2.7717e-02 |  8  0.17354   4.4411e-02 |  9  0.17224   2.2262e-02
 10  0.14827   1.9057e-02 | 11  0.12460   1.9986e-03 | 12  0.12661   1.2460e-02
 13  0.10245  -2.7735e-02 | 14  0.05682   1.0385e-02 | 15 -1.98861   8.0318e-03
 16 -0.09875  -1.1630e-02 | 17 -0.15677   6.3196e-05 | 18 -0.23306  -4.6922e-05
 19 -0.25603   5.6729e-03 | 20 -0.55488  -4.0065e-03 | 21 -1.72238  -9.6908e-03
 22  0.09917  -1.6490e-03 | 23 -0.17562   1.5237e-04 | 24 -2.01104   2.3774e-03
 25  0.08385   1.1312e-02 | 26  0.12645  -9.3880e-03 | 27  0.15290   9.3877e-03
 28  0.15536  -9.5614e-03 | 29  0.14993  -7.7650e-03 | 30  0.15175   1.5956e-02
 31  0.15595   3.8364e-03 | 32  0.14786  -6.7545e-03 | 33  0.12931   1.5530e-02
 34  0.11275   1.7867e-02 | 35  0.12251  -1.1887e-02 | 36  0.11946  -2.6555e-02
 37  0.08908   1.1637e-02 | 38  0.05223   3.0824e-02 | 39  0.00763   2.4807e-03
 40 -0.03841   3.8723e-03 | 41 -1.90550   4.8908e-04 | 42 -1.84317   6.3721e-03
 43 -0.01906  -1.4492e-02 | 44 -0.06589   3.0737e-02 | 45 -0.08959   2.2249e-02
 46 -0.16754   1.7329e-02 | 47 -0.18347   2.2802e-02 | 48 -0.14566   1.7465e-02
 49 -0.10784   3.1359e-02 | 50 -0.06481   3.4512e-02 | 51 -0.02790   3.8463e-02
 52  0.01450   6.0025e-02 | 53 -0.00488   6.3210e-03 | 54  0.02945  -1.4421e-02
 55 -2.02163  -2.1009e-02 | 56  0.03593  -3.0342e-02 | 57  0.08922   1.7869e-02
 58 -2.10983  -4.3488e-02 | 59  0.03557   2.2463e-02 | 60 -0.10965   1.5361e-02
 61 -0.07268   2.5934e-03 | 62  0.03652   1.4917e-02 | 63 -0.02368   1.2017e-02
 64 -0.04588   1.2388e-03 | 65 -0.05255   2.8932e-02 | 66 -0.04110   4.7855e-02
 67 -0.06576   3.4296e-02 | 68 -0.05139   2.3611e-02 | 69 -0.07308  -3.3660e-03
 70 -0.06106   9.9938e-03 | 71  0.05241   5.1675e-03 | 72  0.04582   1.1582e-03
 73  0.00343  -6.8587e-03 | 74 -0.00348   1.4863e-02 | 75  0.09871  -1.5723e-02
 76  0.08139  -3.9589e-03 | 77 -0.02149  -6.8249e-03 | 78 -0.05936  -5.3518e-03
 79  0.08372  -2.8153e-02 | 80  0.31558  -5.9591e-02 | 81  0.99705  -7.4628e-03
 82 -0.12528   1.8714e-02 | 83 -0.04298   2.0014e-02 | 84  1.95862  -6.5372e-03
 85 -0.03796  -2.4907e-02 | 86  0.09506  -2.7486e-02 | 87  0.21437  -4.0328e-02
 88 -0.08748  -2.3811e-02 | 89 -0.20744  -1.7961e-02 | 90 -0.15129  -2.0801e-02
 91 -0.04384  -2.1891e-02 | 92 -0.01887  -1.9689e-02 | 93  0.03694  -2.0360e-02
 94  0.16119  -2.0832e-02 | 95  0.01204  -1.8443e-02 | 96 -0.00213  -1.8184e-02
 97  0.01420  -1.8718e-02 | 98  0.09794  -1.9422e-02 | 99  0.08648   4.3921e-03
100  0.08815   1.0408e-02 |101  0.10976  -1.6900e-02 |102 -0.07701  -1.7563e-02
103 -0.10200  -1.6508e-02 |104  0.05480  -1.4152e-02 |105  0.03648  -2.2263e-02
106 -0.04784  -2.0367e-02 |107 -0.05967  -1.6383e-02 |108  0.06844  -1.4388e-03
109  0.09980  -1.8746e-02 |110  0.08571  -6.9026e-03 |111  0.00745   2.3617e-03
112 -0.12839  -1.0546e-02 |113 -0.14094  -2.1153e-02 |114 -0.03674  -1.6800e-02
115  0.11466  -1.8633e-02 |116  0.02089  -2.6540e-02 |117  0.09437  -3.1753e-02
118  0.04369  -2.5804e-02 |119 -0.01244  -2.9654e-02 |120  0.00388  -3.9069e-02
121  0.12990  -4.5799e-02 |122  0.20100  -8.3560e-02 |123 -1.00123  -1.3075e-02
124  0.10790  -2.6174e-02 |125 -0.01645  -1.7899e-02 |126 -0.17379  -2.0143e-02
127  0.13036  -3.5153e-03 |128  0.14004  -3.5038e-03 |129 -0.45359  -2.7173e-03
130 -0.11104  -3.5360e-03 |131  0.21431  -3.3888e-03 |132  0.16422  -3.4715e-03
133  0.21008  -3.3966e-03 |134 -0.23823  -3.3421e-03 |135 -0.10297  -3.5436e-03
136 -0.10474  -3.5420e-03 |137 -0.10576  -3.5411e-03 |138 -0.10972  -3.5373e-03
139 -0.32458  -3.1340e-03 |140  0.07180  -3.5676e-03 |141  0.20948  -3.3977e-03
142 -0.00103  -3.5904e-03 |143 -0.11131  -3.5357e-03 |144 -0.10199  -3.5445e-03
145 -0.09721  -3.5487e-03 |146  0.28310  -3.2410e-03 |147  0.06567  -3.5713e-03
148 -0.15008  -3.4912e-03 |149  0.17144  -3.4609e-03 |150  0.05735  -3.5758e-03
151 -0.08837  -3.5559e-03 |152  0.21624  -3.3851e-03 |153  0.51875  -2.4625e-03
154  0.11522  -3.5317e-03 |155  0.16095  -3.4762e-03 |156  0.09017  -3.5544e-03
157  0.14040  -3.5034e-03 |158 -0.25668  -3.3027e-03 |159  0.06733  -3.5703e-03
160  0.20759  -3.4011e-03 |161 -0.08415  -3.5592e-03 |162 -0.55651  -2.3042e-03
163  0.13891  -3.5052e-03 |164  0.17687  -3.4526e-03 |165 -0.10236  -3.5442e-03
166 -0.56767  -2.2556e-03 |167  0.11245  -3.5345e-03 |168 -0.10749  -3.5394e-03
169  0.01757   2.9998e-01 |170 -0.00443   6.8881e-02 |171 -0.00610   3.2829e-04
172  0.01746  -8.1986e-03 |173  0.06520   6.4487e-02 |174  0.02539  -1.3526e-02
175  0.02340   2.7839e-02 |176  0.00133  -8.2915e-02 |177  0.02257  -8.8261e-03
178  0.08665  -6.2448e-02 |179  0.10818  -1.1312e-01 |180  0.09828   6.8071e-02
181  0.04414  -1.9330e-01 |182 -0.03603   3.6073e-02 |183 -0.04358  -4.8253e-03
184 -0.02362  -5.9509e-02 |185 -0.02200  -4.8939e-02 |186 -0.03192  -1.0162e-02
187 -0.05506   9.6629e-03 |188 -0.04130   1.4588e-02 |189  0.01359  -1.9463e-02
190  0.01790   8.3382e-03 |191  0.01711  -9.1673e-02 |192  0.00869  -7.3563e-02
193 -0.03365  -2.7728e-02 |194 -0.08610  -5.6002e-03 |195 -0.01161   2.1823e-02
196  0.04577   1.1541e-01 |197  0.00803   3.2028e-02 |198 -0.00471   3.0806e-02
199 -0.00333   1.8857e-02 |200  0.00194   6.2859e-03 |201  0.01236  -1.3556e-02
202  0.10749   1.2334e-01 |203  0.10310   1.2809e-01 |204  0.08415   1.4648e-01
205 -0.06517   2.9223e-02 |206 -0.13199   1.0402e-03 |207 -0.15087  -8.0172e-03
208 -0.09630  -9.4337e-03 |209 -0.05502  -2.3947e-03 |210  0.05255   1.8003e-02
211 -0.06332  -9.2524e-04 |212 -0.05628  -3.7512e-01 |213  0.03594  -1.4346e-01
214 -0.03692  -2.2803e-08 |215 -0.65590   9.0097e-03 |216 -0.84548   4.4602e-02
217  0.01751  -2.8585e-02 |218 -0.16319  -1.2032e-02 |219 -0.24937  -6.2686e-04
220 -0.05393  -1.4153e-02 |221  0.03626  -3.8280e-03 |222 -0.00161  -1.2162e-02
223  0.00864   2.4449e-03 |224 -0.02864  -1.0050e-02 |225 -0.03602  -1.0073e-02
226  0.08977  -9.4742e-03 |227  0.07011  -7.4165e-03 |228  0.19544  -5.1915e-03
229  0.10411  -2.8123e-02 |230  0.09824  -1.9005e-02 |231  0.04938  -2.3768e-02
232  0.05755  -1.3558e-02 |233  0.06402  -1.5796e-02 |234  0.12742  -1.7786e-02
235 -0.11617  -1.5441e-02 |236 -0.12360  -1.3854e-02 |237  0.00599  -1.6015e-02
238  0.02563  -2.1944e-02 |239 -0.11256  -1.0940e-02 |240 -0.15105  -1.3106e-02
241 -0.06589  -1.4555e-02 |242  0.01211  -1.1495e-02 |243  0.04312  -1.7882e-02
244 -0.02341  -2.1950e-02 |245 -0.12250  -2.0315e-02 |246 -0.23358  -1.5839e-02
247 -0.10360  -1.1628e-02 |248  0.00242  -2.8457e-02 |249  0.05280  -9.7045e-03
250  0.08311  -6.5109e-03 |251  0.05586  -1.1422e-02 |252 -0.01657  -1.1984e-02
253 -0.00240   4.8802e-04 |254  0.13244  -2.2206e-03 |255  0.19827  -1.5161e-04
256  0.23278  -3.7480e-04 |257 -0.14569   2.1681e-04 |258  0.09620   8.6154e-02
259  0.14960  -8.9424e-02 |260 -0.86790  -2.9160e-02 |261 -0.84439  -3.0810e-02
262 -0.80019  -1.1281e-02 |263 -0.67027  -6.0548e-02 |264  0.54143  -8.0672e-02
265 -1.16372   3.1106e-02 |266 -0.24108  -1.1363e-01 |267 -0.07665  -1.2141e-01
268  0.49424  -8.7257e-02 |269  0.56008  -7.7945e-02 |270 -0.40215  -9.8699e-02
271  0.44421  -9.3716e-02 |272  0.90489  -1.8203e-02 |273 -0.69204  -5.6881e-02
274  0.49084  -8.7714e-02 |275  0.55184  -7.9158e-02 |276 -0.38013  -1.0114e-01
277 -0.35911  -1.0335e-01 |278  0.49149  -8.7627e-02 |279 -0.99042  -1.8426e-03
280 -0.67631  -5.9538e-02 |281 -0.03449  -1.2212e-01 |282  0.14445  -1.1916e-01
283 -0.31830  -1.0733e-01 |284  0.00902  -1.2229e-01 |285 -0.39095  -9.9954e-02
286 -0.23911  -1.1377e-01 |287  1.13010   2.4819e-02 |288  0.53807  -8.1156e-02
289  0.44301  -9.3863e-02 |290  0.37320  -1.0188e-01 |291 -0.13010  -1.1975e-01
292  0.00852  -1.2229e-01 |293 -0.32334  -1.0686e-01 |294 -0.01515  -1.2226e-01
295 -0.50737  -8.5472e-02 |296  0.45501  -9.2369e-02 |297 -0.02931  -1.2217e-01
298 -0.29176  -1.0968e-01 |299 -0.57032  -7.6419e-02 |300 -0.19295  -1.1672e-01
301  0.73473  -4.9499e-02 |302  0.32567  -1.0664e-01 |303  0.47186   9.5554e-02
304  0.08841  -4.4888e-03 |305 -0.90723  -9.6944e-02 |306  0.25192   4.5054e-03
307 -0.87923  -2.4360e-01 |308 -0.52473   4.7802e-02 |
19.6109 7.17368 68.8886 45.0922 
11.1762 11.1762 48.956 49.8761 
6.28718 9.27851 0 1.17365 11.3283 
0 2.00642 0 0 0.443241 19.3593 0 
19.6104 7.17215 68.8893 45.092 
11.1776 11.1776 48.9557 49.8761 
6.28802 9.27825 0 1.17365 11.329 
0 2.00624 0 0 0.443217 19.3582 0 
19.6105 7.17115 68.8894 45.0917 
11.1776 11.1776 48.9554 49.8761 
6.28862 9.27833 0 1.17319 11.3288 
0 2.00643 0 0 0.443191 19.3591 0 
19.6106 7.17025 68.8904 45.0916 
11.1767 11.1767 48.9549 49.8761 
6.28923 9.27839 0 1.17271 11.3274 
0 2.00697 0 0 0.443174 19.3601 0 
19.6112 7.17022 68.8904 45.0917 
11.1752 11.1752 48.9543 49.8762 
6.2894 9.27872 0 1.17211 11.3264 
0 2.00746 0 0 0.443171 19.3618 0 
19.6116 7.17092 68.8906 45.092 
11.1736 11.1736 48.9541 49.8762 
6.28932 9.27901 0 1.17176 11.3257 
0 2.00776 0 0 0.443172 19.3625 0 
19.6121 7.17186 68.8903 45.0926 
11.1727 11.1727 48.954 49.8762 
6.2889 9.27938 0 1.17152 11.3258 
0 2.00781 0 0 0.443185 19.3625 0 
19.6123 7.17311 68.8899 45.0931 
11.1724 11.1724 48.9541 49.8761 
6.2884 9.27958 0 1.17146 11.3265 
0 2.00761 0 0 0.443187 19.3619 0 
19.6123 7.17339 68.89 45.0936 
11.173 11.173 48.9543 49.8759 
6.28785 9.27967 0 1.17139 11.3271 
0 2.00742 0 0 0.443194 19.361 0 
19.6124 7.17355 68.8902 45.0938 
11.1739 11.1739 48.9543 49.8757 
6.28726 9.2796 0 1.17121 11.3275 
0 2.00727 0 0 0.44319 19.3605 0 
308 variables; iteration 560; function evaluation 624; phase 1
Function value   3.0852572e+02; maximum gradient component mag  -1.1624e-01
Var   Value    Gradient   |Var   Value    Gradient   |Var   Value    Gradient
  1 -2.13512   9.4183e-03 |  2  0.18568  -6.5374e-06 |  3  0.18942   1.8958e-03
  4  0.19624   7.3537e-03 |  5  0.19479   7.6248e-03 |  6  0.19102  -9.7138e-03
  7  0.17749  -7.2026e-04 |  8  0.17353   2.0709e-02 |  9  0.17225   1.8606e-02
 10  0.14827   1.2230e-02 | 11  0.12461   9.7341e-03 | 12  0.12661   4.2831e-03
 13  0.10248  -1.4189e-03 | 14  0.05683   2.1065e-02 | 15 -1.98870  -7.5037e-03
 16 -0.09857  -7.6533e-03 | 17 -0.15678  -2.4358e-04 | 18 -0.23301   1.7294e-05
 19 -0.26491   8.9325e-04 | 20 -0.54521  -4.0646e-03 | 21 -1.71552  -8.5996e-03
 22  0.09916  -4.9975e-03 | 23 -0.17586   6.5300e-05 | 24 -2.01104   2.3939e-03
 25  0.08378  -7.5899e-03 | 26  0.12646   2.1515e-03 | 27  0.15289  -1.2441e-02
 28  0.15537   9.1622e-03 | 29  0.14993  -4.5637e-04 | 30  0.15174  -2.9664e-03
 31  0.15594  -5.1514e-03 | 32  0.14786   4.2065e-03 | 33  0.12930   1.9935e-03
 34  0.11272  -4.7265e-03 | 35  0.12251  -7.2587e-03 | 36  0.11945  -1.0198e-02
 37  0.08907  -3.1439e-03 | 38  0.05221  -4.4104e-03 | 39  0.00763   5.1539e-03
 40 -0.03837  -2.0817e-04 | 41 -1.90549   8.2917e-04 | 42 -1.84391  -1.1915e-03
 43 -0.01880   1.1447e-03 | 44 -0.06617   6.9800e-03 | 45 -0.08974   5.9091e-03
 46 -0.16760   5.8507e-03 | 47 -0.18355   8.7443e-03 | 48 -0.14564   1.0816e-02
 49 -0.10793   1.3806e-02 | 50 -0.06497   8.3521e-03 | 51 -0.02815   6.1185e-03
 52  0.01397   4.0339e-03 | 53 -0.00444   2.4000e-02 | 54  0.02993   1.5051e-02
 55 -2.02130   4.8645e-03 | 56  0.03676   2.1980e-02 | 57  0.08915   9.0083e-03
 58 -2.10938   1.2114e-03 | 59  0.03585   2.4837e-02 | 60 -0.10957   1.6738e-02
 61 -0.07246   1.9983e-02 | 62  0.03645   2.0508e-02 | 63 -0.02366   1.5510e-02
 64 -0.04558   1.8389e-02 | 65 -0.05256   1.8448e-02 | 66 -0.04132   2.1979e-02
 67 -0.06582   2.0213e-02 | 68 -0.05134   1.6927e-02 | 69 -0.07283   1.1133e-02
 70 -0.06105   1.2699e-02 | 71  0.05232   1.7390e-02 | 72  0.04569   1.0144e-02
 73  0.00363   1.6202e-02 | 74 -0.00356   1.5516e-02 | 75  0.09886   1.4305e-02
 76  0.08127   1.2088e-02 | 77 -0.02143   1.4454e-03 | 78 -0.05951  -1.7727e-02
 79  0.08327  -4.9459e-02 | 80  0.31563  -2.5484e-02 | 81  0.99629  -9.4699e-03
 82 -0.12533   7.9901e-03 | 83 -0.04303   8.8796e-03 | 84  1.95840  -7.0836e-03
 85 -0.03785   6.8336e-03 | 86  0.09500  -1.3438e-03 | 87  0.21436  -7.1388e-03
 88 -0.08747   3.3454e-03 | 89 -0.20747   3.8159e-03 | 90 -0.15130   3.5834e-03
 91 -0.04383   3.6394e-03 | 92 -0.01890   3.4130e-03 | 93  0.03687   1.9811e-03
 94  0.16131   3.8804e-03 | 95  0.01227   3.1766e-03 | 96 -0.00191   5.2025e-03
 97  0.01434   6.0796e-03 | 98  0.09811   8.6267e-03 | 99  0.08623  -5.3848e-03
100  0.08796   4.6513e-03 |101  0.10992   1.5328e-02 |102 -0.07685   1.0055e-02
103 -0.10198   7.3930e-03 |104  0.05465   7.2231e-03 |105  0.03662   1.5427e-02
106 -0.04773   1.0010e-02 |107 -0.05976   7.3781e-03 |108  0.06809   9.6730e-03
109  0.09997   1.2466e-02 |110  0.08576   1.0990e-02 |111  0.00720   9.3124e-03
112 -0.12849   7.7543e-03 |113 -0.14088   5.9915e-03 |114 -0.03672   7.2819e-03
115  0.11466   9.2926e-03 |116  0.02092   5.6296e-03 |117  0.09433   9.2224e-04
118  0.04353   3.5637e-04 |119 -0.01247   5.7328e-03 |120  0.00402   9.4531e-03
121  0.12969  -1.6260e-02 |122  0.20110  -2.5338e-04 |123 -1.00004   5.8568e-03
124  0.10788   1.1664e-03 |125 -0.01653   1.6394e-03 |126 -0.17380   3.0467e-03
127  0.13027  -4.9000e-05 |128  0.14170  -4.8802e-05 |129 -0.45410  -3.8247e-05
130 -0.11183  -4.9426e-05 |131  0.21838  -4.7067e-05 |132  0.16498  -4.8349e-05
133  0.21218  -4.7233e-05 |134 -0.24372  -4.6657e-05 |135 -0.10420  -4.9522e-05
136 -0.10555  -4.9506e-05 |137 -0.10600  -4.9500e-05 |138 -0.11064  -4.9441e-05
139 -0.33495  -4.3576e-05 |140  0.07255  -4.9757e-05 |141  0.21481  -4.7163e-05
142 -0.00446  -5.0129e-05 |143 -0.11206  -4.9423e-05 |144 -0.10224  -4.9546e-05
145 -0.09732  -4.9603e-05 |146  0.29628  -4.4599e-05 |147  0.06953  -4.9786e-05
148 -0.15681  -4.8713e-05 |149  0.17127  -4.8216e-05 |150  0.06077  -4.9862e-05
151 -0.08976  -4.9686e-05 |152  0.21666  -4.7113e-05 |153  0.51354  -3.4274e-05
154  0.11684  -4.9213e-05 |155  0.16101  -4.8431e-05 |156  0.08842  -4.9590e-05
157  0.14065  -4.8821e-05 |158 -0.26348  -4.6068e-05 |159  0.06798  -4.9800e-05
160  0.21323  -4.7205e-05 |161 -0.08580  -4.9726e-05 |162 -0.55917  -3.2476e-05
163  0.13679  -4.8889e-05 |164  0.18026  -4.8017e-05 |165 -0.10361  -4.9529e-05
166 -0.56014  -3.2419e-05 |167  0.11353  -4.9262e-05 |168 -0.10855  -4.9468e-05
169  0.01757  -1.1624e-01 |170 -0.00444   2.4209e-02 |171 -0.00612   5.2258e-03
172  0.01746  -1.1231e-02 |173  0.06519   1.6483e-02 |174  0.02540   1.7061e-02
175  0.02337  -8.3406e-03 |176  0.00138  -1.0200e-02 |177  0.02258  -3.7922e-03
178  0.08669   2.2178e-02 |179  0.10830   3.9164e-02 |180  0.09835  -5.2534e-02
181  0.04426   3.4709e-02 |182 -0.03609  -1.4780e-02 |183 -0.04353  -3.3640e-03
184 -0.02369  -8.6941e-02 |185 -0.02196   6.9647e-03 |186 -0.03190  -4.7923e-02
187 -0.05503  -1.3529e-02 |188 -0.04130  -2.0674e-02 |189  0.01361  -2.1950e-02
190  0.01791  -7.8659e-03 |191  0.01712  -3.2815e-02 |192  0.00869  -1.5273e-02
193 -0.03367  -4.6539e-02 |194 -0.08607  -6.9105e-03 |195 -0.01161  -2.5005e-03
196  0.04577   1.3684e-02 |197  0.00800  -5.0453e-02 |198 -0.00472  -8.2521e-03
199 -0.00331   1.3888e-02 |200  0.00193  -3.0730e-02 |201  0.01238  -2.1904e-02
202  0.10746  -2.9958e-02 |203  0.10308   8.7809e-02 |204  0.08409   3.8932e-02
205 -0.06525   6.7735e-03 |206 -0.13196  -7.7473e-03 |207 -0.15085  -1.4742e-02
208 -0.09630  -1.1639e-02 |209 -0.05502  -8.5778e-03 |210  0.05254  -9.8666e-03
211 -0.06354  -5.1947e-03 |212 -0.05626  -2.3138e-02 |213  0.03594   2.4180e-02
214 -0.03692  -2.2803e-08 |215 -0.65594  -4.3955e-03 |216 -0.84554   2.5942e-02
217  0.01749  -2.2871e-02 |218 -0.16316  -3.5561e-03 |219 -0.24937   6.1277e-03
220 -0.05392   4.1869e-03 |221  0.03625   7.6897e-04 |222 -0.00161   1.2426e-03
223  0.00863   3.7800e-03 |224 -0.02865  -1.8545e-03 |225 -0.03603  -2.4228e-03
226  0.08974   2.5791e-03 |227  0.07005  -4.6731e-03 |228  0.19540  -3.0180e-03
229  0.10414  -9.2330e-04 |230  0.09830  -2.8553e-03 |231  0.04949   2.1902e-03
232  0.05761   8.9684e-04 |233  0.06400   3.7026e-03 |234  0.12740   4.3259e-03
235 -0.11618  -8.7405e-03 |236 -0.12357  -1.7848e-03 |237  0.00598   4.5948e-03
238  0.02564  -7.6255e-03 |239 -0.11252  -7.8805e-03 |240 -0.15099  -4.2543e-03
241 -0.06595  -1.5362e-03 |242  0.01206  -7.1020e-03 |243  0.04318  -1.5582e-03
244 -0.02341  -3.5267e-03 |245 -0.12253  -1.7813e-03 |246 -0.23359  -9.9191e-03
247 -0.10359  -4.0354e-03 |248  0.00245  -4.9979e-03 |249  0.05283  -4.7450e-04
250  0.08312  -1.0331e-03 |251  0.05585  -6.2112e-04 |252 -0.01658   2.1176e-03
253 -0.00237  -9.9355e-03 |254  0.13238  -3.0581e-04 |255  0.19821  -3.6274e-04
256  0.23274  -1.0707e-03 |257 -0.14571   3.9772e-03 |258  0.09621   4.3525e-02
259  0.14961   1.4023e-02 |260 -0.86790   4.9872e-03 |261 -0.84439  -6.8467e-03
262 -0.79992  -2.7787e-03 |263 -0.67084   1.8371e-02 |264  0.54116   2.4528e-02
265 -1.16402  -9.4698e-03 |266 -0.24132   3.4528e-02 |267 -0.07753   3.6891e-02
268  0.49470   2.6498e-02 |269  0.56013   2.3685e-02 |270 -0.40167   3.0011e-02
271  0.44401   2.8488e-02 |272  0.90511   5.5195e-03 |273 -0.69160   1.7309e-02
274  0.49109   2.6646e-02 |275  0.55165   2.4064e-02 |276 -0.38030   3.0730e-02
277 -0.35858   3.1425e-02 |278  0.49202   2.6608e-02 |279 -0.99109   5.1750e-04
280 -0.67650   1.8084e-02 |281 -0.03441   3.7112e-02 |282  0.14456   3.6212e-02
283 -0.31756   3.2637e-02 |284  0.00864   3.7163e-02 |285 -0.39153   3.0356e-02
286 -0.23956   3.4566e-02 |287  1.13041  -7.5603e-03 |288  0.53813   2.4660e-02
289  0.44265   2.8539e-02 |290  0.37288   3.0971e-02 |291 -0.12954   3.6400e-02
292  0.00829   3.7163e-02 |293 -0.32314   3.2480e-02 |294 -0.01478   3.7156e-02
295 -0.50740   2.5973e-02 |296  0.45522   2.8063e-02 |297 -0.02917   3.7127e-02
298 -0.29186   3.3329e-02 |299 -0.57027   2.3226e-02 |300 -0.19315   3.5469e-02
301  0.73554   1.4999e-02 |302  0.32541   3.2416e-02 |303  0.47187   1.1921e-02
304  0.08843  -1.5675e-03 |305 -0.90723   1.3655e-02 |306  0.25190  -1.1704e-02
307 -0.87922  -7.0083e-02 |308 -0.52475  -2.5690e-02 |
19.6127 7.17258 68.8911 45.094 
11.175 11.175 48.9541 49.8753 
6.2866 9.27943 0 1.17086 11.3273 
0 2.00731 0 0 0.443188 19.3606 0 
19.6133 7.17094 68.8922 45.0942 
11.1759 11.1759 48.9537 49.8749 
6.28603 9.27924 0 1.17016 11.327 
0 2.00746 0 0 0.443178 19.3614 0 
19.6142 7.16921 68.8931 45.0943 
11.1763 11.1763 48.9534 49.8745 
6.28553 9.27919 0 1.16935 11.3264 
0 2.00774 0 0 0.443176 19.3628 0 
19.6148 7.16902 68.8932 45.0937 
11.176 11.176 48.9529 49.8745 
6.28554 9.27921 0 1.16915 11.3257 
0 2.00799 0 0 0.443183 19.3641 0 
19.6149 7.16966 68.8924 45.0928 
11.1752 11.1752 48.9524 49.8747 
6.28608 9.27926 0 1.16947 11.3252 
0 2.00816 0 0 0.443195 19.3656 0 
19.6143 7.17096 68.8915 45.0919 
11.1747 11.1747 48.9522 49.8751 
6.28688 9.27915 0 1.17014 11.3254 
0 2.00809 0 0 0.443199 19.3657 0 
19.6126 7.17255 68.8903 45.0913 
11.1747 11.1747 48.9521 49.8757 
6.28797 9.27887 0 1.17117 11.326 
0 2.00773 0 0 0.443197 19.3652 0 
19.6105 7.17378 68.89 45.0909 
11.175 11.175 48.9521 49.8763 
6.28901 9.27841 0 1.17214 11.3269 
0 2.00732 0 0 0.443188 19.3639 0 
19.608 7.17423 68.8899 45.0913 
11.1758 11.1758 48.9523 49.8769 
6.28992 9.2778 0 1.17307 11.3279 
0 2.00677 0 0 0.443178 19.3624 0 
19.6059 7.17351 68.8911 45.0922 
11.1764 11.1764 48.9527 49.877 
6.29019 9.2774 0 1.17339 11.3284 
0 2.00642 0 0 0.443166 19.361 0 
308 variables; iteration 570; function evaluation 634; phase 1
Function value   3.0852545e+02; maximum gradient component mag   1.8126e+00
Var   Value    Gradient   |Var   Value    Gradient   |Var   Value    Gradient
  1 -2.13518   1.1472e-02 |  2  0.18566  -2.4574e-03 |  3  0.18943   3.3400e-02
  4  0.19622  -1.7603e-02 |  5  0.19478  -9.8148e-03 |  6  0.19101  -2.1044e-02
  7  0.17747  -2.8253e-02 |  8  0.17352   3.4642e-03 |  9  0.17224   2.8301e-02
 10  0.14825  -1.1991e-02 | 11  0.12457  -4.4054e-02 | 12  0.12659  -4.0447e-03
 13  0.10251   5.8214e-02 | 14  0.05677  -4.0411e-03 | 15 -1.98868   7.7185e-03
 16 -0.10031  -4.9953e-02 | 17 -0.15641   3.4674e-04 | 18 -0.23262   5.4726e-05
 19 -0.28906  -8.1335e-03 | 20 -0.48639  -4.3074e-03 | 21 -1.68425  -4.2695e-03
 22  0.09915  -8.3624e-03 | 23 -0.17567   1.2774e-04 | 24 -2.01090   8.0110e-03
 25  0.08372  -2.8322e-02 | 26  0.12647   1.1548e-02 | 27  0.15288  -2.2510e-02
 28  0.15538   1.5165e-02 | 29  0.14993  -8.3955e-03 | 30  0.15177   3.4880e-02
 31  0.15595  -1.4333e-02 | 32  0.14787  -1.0940e-02 | 33  0.12931  -3.1447e-03
 34  0.11273   2.2682e-03 | 35  0.12254   8.0936e-03 | 36  0.11947  -6.8845e-03
 37  0.08910  -2.1947e-02 | 38  0.05222   2.2650e-03 | 39  0.00764   7.2222e-03
 40 -0.03825  -9.1086e-04 | 41 -1.90552  -1.3308e-03 | 42 -1.84558  -1.0328e-02
 43 -0.01897  -3.8936e-03 | 44 -0.06605   1.6529e-02 | 45 -0.08966   9.3614e-03
 46 -0.16761  -1.8826e-04 | 47 -0.18352   5.0308e-03 | 48 -0.14568   4.2776e-04
 49 -0.10792   7.5481e-03 | 50 -0.06500  -3.1717e-03 | 51 -0.02809  -9.1915e-04
 52  0.01412   8.5587e-03 | 53 -0.00469   7.8477e-03 | 54  0.02991   1.3947e-02
 55 -2.02135  -7.1217e-03 | 56  0.03652   2.5850e-02 | 57  0.08943   4.0099e-02
 58 -2.10950   2.0684e-02 | 59  0.03588  -8.9609e-03 | 60 -0.10966  -1.3487e-02
 61 -0.07267  -2.1993e-02 | 62  0.03645  -2.0782e-02 | 63 -0.02354  -1.2723e-03
 64 -0.04568  -8.7011e-03 | 65 -0.05248   6.7192e-03 | 66 -0.04126   7.4299e-03
 67 -0.06582   5.3175e-03 | 68 -0.05129   7.5608e-03 | 69 -0.07277   5.9420e-03
 70 -0.06098   6.0053e-03 | 71  0.05235  -2.4843e-03 | 72  0.04574  -1.3601e-02
 73  0.00350  -1.5627e-02 | 74 -0.00357  -2.9310e-03 | 75  0.09883  -1.4388e-02
 76  0.08129  -6.0005e-03 | 77 -0.02145  -4.7766e-03 | 78 -0.05956  -2.3914e-02
 79  0.08358  -3.1101e-02 | 80  0.31563  -1.4751e-02 | 81  0.99737  -6.6685e-03
 82 -0.12543  -5.6589e-03 | 83 -0.04311  -1.2598e-03 | 84  1.95864   5.6905e-03
 85 -0.03788   1.0716e-02 | 86  0.09503   1.3074e-02 | 87  0.21433   2.9632e-03
 88 -0.08748   3.9746e-03 | 89 -0.20748   3.8126e-03 | 90 -0.15133   2.6331e-03
 91 -0.04387   2.0896e-03 | 92 -0.01888   5.2310e-03 | 93  0.03694   6.0164e-03
 94  0.16127  -1.1791e-03 | 95  0.01221  -2.5881e-03 | 96 -0.00190   1.7661e-03
 97  0.01428   1.3362e-03 | 98  0.09810   1.3114e-02 | 99  0.08637   2.8966e-02
100  0.08806   3.6119e-02 |101  0.10978   3.7431e-03 |102 -0.07691   6.0764e-03
103 -0.10205  -2.5938e-03 |104  0.05466  -1.5768e-02 |105  0.03664  -6.6611e-03
106 -0.04776  -2.5156e-03 |107 -0.05973   5.9914e-04 |108  0.06807  -4.9491e-03
109  0.10001   4.7815e-03 |110  0.08578   3.1527e-03 |111  0.00709  -3.5756e-03
112 -0.12851   4.7047e-03 |113 -0.14089  -4.4421e-04 |114 -0.03666   3.0182e-03
115  0.11460  -1.3320e-02 |116  0.02089  -4.3304e-03 |117  0.09445  -2.3559e-03
118  0.04357  -9.5717e-03 |119 -0.01246  -2.8352e-03 |120  0.00408   5.9386e-03
121  0.12984  -1.5145e-02 |122  0.20100  -4.9172e-02 |123 -0.99875   1.3372e-02
124  0.10788  -4.1685e-03 |125 -0.01652   1.7497e-03 |126 -0.17376   5.1459e-03
127  0.12664  -3.0072e-02 |128  0.14741  -2.9858e-02 |129 -0.44674  -2.3429e-02
130 -0.11419  -3.0185e-02 |131  0.23007  -2.8695e-02 |132  0.16514  -2.9650e-02
133  0.21439  -2.8953e-02 |134 -0.26783  -2.8002e-02 |135 -0.10804  -3.0236e-02
136 -0.10774  -3.0238e-02 |137 -0.10538  -3.0257e-02 |138 -0.11350  -3.0190e-02
139 -0.38200  -2.5318e-02 |140  0.07798  -3.0447e-02 |141  0.23294  -2.8646e-02
142 -0.01417  -3.0669e-02 |143 -0.11423  -3.0184e-02 |144 -0.10116  -3.0290e-02
145 -0.09537  -3.0333e-02 |146  0.35398  -2.6055e-02 |147  0.10054  -3.0295e-02
148 -0.18322  -2.9415e-02 |149  0.16552  -2.9645e-02 |150  0.08151  -3.0425e-02
151 -0.09409  -3.0342e-02 |152  0.21142  -2.9000e-02 |153  0.49544  -2.1846e-02
154  0.12311  -3.0105e-02 |155  0.15714  -2.9747e-02 |156  0.07916  -3.0440e-02
157  0.13807  -2.9958e-02 |158 -0.28915  -2.7567e-02 |159  0.07335  -3.0473e-02
160  0.23294  -2.8646e-02 |161 -0.09018  -3.0369e-02 |162 -0.56501  -1.9368e-02
163  0.12212  -3.0114e-02 |164  0.19184  -2.9294e-02 |165 -0.10749  -3.0240e-02
166 -0.54011  -2.0283e-02 |167  0.11702  -3.0160e-02 |168 -0.11188  -3.0204e-02
169  0.01758   1.8126e+00 |170 -0.00447  -4.2315e-02 |171 -0.00613  -4.1113e-02
172  0.01745  -2.6207e-02 |173  0.06518   3.7345e-02 |174  0.02536  -3.6772e-02
175  0.02336  -1.8542e-02 |176  0.00135  -5.1995e-02 |177  0.02256  -4.4782e-02
178  0.08668  -1.3450e-02 |179  0.10824  -1.4875e-01 |180  0.09835  -1.0445e-02
181  0.04423  -6.0319e-02 |182 -0.03606  -6.8821e-02 |183 -0.04356  -6.1026e-02
184 -0.02359   1.1447e-01 |185 -0.02200   3.6164e-02 |186 -0.03189   9.3354e-02
187 -0.05506  -2.3275e-02 |188 -0.04131  -4.6729e-02 |189  0.01360  -4.5130e-02
190  0.01790  -6.2192e-03 |191  0.01711  -1.7080e-02 |192  0.00869   1.2861e-02
193 -0.03369  -6.7761e-02 |194 -0.08609  -5.2028e-02 |195 -0.01161  -4.5281e-02
196  0.04576   1.8839e-02 |197  0.00799  -3.8937e-02 |198 -0.00474  -1.8178e-02
199 -0.00331   6.1458e-02 |200  0.00192  -5.2550e-02 |201  0.01239  -5.9714e-02
202  0.10746  -1.2163e-02 |203  0.10308   2.7558e-02 |204  0.08410   2.1842e-02
205 -0.06522  -2.0524e-02 |206 -0.13196  -3.5671e-02 |207 -0.15083  -2.3530e-02
208 -0.09630  -2.1417e-02 |209 -0.05503  -3.4303e-02 |210  0.05255  -4.7752e-02
211 -0.06328  -4.3776e-02 |212 -0.05629  -4.2344e-01 |213  0.03595  -1.7704e-01
214 -0.03692  -2.2797e-08 |215 -0.65599  -1.0373e-02 |216 -0.84561   5.4355e-02
217  0.01749   6.6421e-02 |218 -0.16321  -1.2953e-02 |219 -0.24936  -1.7292e-03
220 -0.05392  -2.6778e-04 |221  0.03625  -5.1559e-03 |222 -0.00159   1.4360e-02
223  0.00865   6.4941e-03 |224 -0.02864   1.0279e-03 |225 -0.03602   3.0642e-03
226  0.08975   5.4128e-03 |227  0.07006  -4.0105e-03 |228  0.19539  -5.0319e-03
229  0.10415   3.6422e-03 |230  0.09828  -4.2327e-04 |231  0.04946   9.6768e-03
232  0.05760  -7.7720e-04 |233  0.06402  -1.3437e-02 |234  0.12741  -1.9117e-04
235 -0.11620  -1.8712e-02 |236 -0.12358  -5.3035e-03 |237  0.00597   9.4565e-03
238  0.02563   7.6981e-03 |239 -0.11252   1.3161e-02 |240 -0.15101   1.1111e-02
241 -0.06597   1.1574e-02 |242  0.01207   5.4354e-03 |243  0.04320   3.2519e-03
244 -0.02342   2.2533e-03 |245 -0.12255  -8.7872e-06 |246 -0.23360  -6.0986e-03
247 -0.10358   5.4634e-03 |248  0.00245   1.9143e-03 |249  0.05281   1.2253e-02
250  0.08314   5.0761e-03 |251  0.05589   7.2183e-03 |252 -0.01656   2.0623e-02
253 -0.00239   7.4628e-05 |254  0.13241  -7.1552e-03 |255  0.19822  -4.7844e-04
256  0.23272   2.7895e-04 |257 -0.14569   9.4205e-03 |258  0.09621  -5.3788e-02
259  0.14960  -3.1621e-02 |260 -0.86790  -2.4991e-02 |261 -0.84439  -3.0028e-02
262 -0.79997   4.9522e-03 |263 -0.67017   1.0950e-01 |264  0.53946   1.4636e-01
265 -1.16443  -5.6476e-02 |266 -0.24212   2.0531e-01 |267 -0.07782   2.1946e-01
268  0.49599   1.5733e-01 |269  0.55996   1.4095e-01 |270 -0.40041   1.7880e-01
271  0.44485   1.6929e-01 |272  0.90585   3.2583e-02 |273 -0.69090   1.0319e-01
274  0.49360   1.5791e-01 |275  0.55146   1.4321e-01 |276 -0.38126   1.8263e-01
277 -0.35786   1.8709e-01 |278  0.49158   1.5840e-01 |279 -0.99353   2.2415e-03
280 -0.67749   1.0728e-01 |281 -0.03452   2.2078e-01 |282  0.14478   2.1542e-01
283 -0.31625   1.9438e-01 |284  0.00849   2.2109e-01 |285 -0.38976   1.8095e-01
286 -0.24097   2.0546e-01 |287  1.13140  -4.5315e-02 |288  0.53676   1.4706e-01
289  0.44286   1.6973e-01 |290  0.37397   1.8404e-01 |291 -0.12899   2.1659e-01
292  0.00806   2.2109e-01 |293 -0.32367   1.9314e-01 |294 -0.01581   2.2104e-01
295 -0.50771   1.5444e-01 |296  0.45495   1.6701e-01 |297 -0.02977   2.2087e-01
298 -0.29275   1.9814e-01 |299 -0.57019   1.3820e-01 |300 -0.19290   2.1104e-01
301  0.73638   8.8964e-02 |302  0.32464   1.9298e-01 |303  0.47187  -1.5647e-02
304  0.08844  -5.4838e-02 |305 -0.90723   7.1408e-02 |306  0.25189  -3.3969e-03
307 -0.87920   3.8449e-01 |308 -0.52475   7.1545e-03 |
19.6049 7.17188 68.8927 45.0933 
11.1768 11.1768 48.9532 49.8767 
6.2899 9.27731 0 1.1732 11.3287 
0 2.00636 0 0 0.443166 19.3599 0 
19.6053 7.16978 68.8939 45.095 
11.1764 11.1764 48.954 49.876 
6.28888 9.27793 0 1.17245 11.3284 
0 2.00647 0 0 0.44318 19.3597 0 
19.6064 7.16922 68.8937 45.0955 
11.1756 11.1756 48.9549 49.8755 
6.28818 9.27884 0 1.17181 11.3284 
0 2.0067 0 0 0.443198 19.3596 0 
19.608 7.17011 68.8916 45.0957 
11.1746 11.1746 48.9559 49.8752 
6.28752 9.28016 0 1.17129 11.3284 
0 2.0068 0 0 0.443224 19.3599 0 
19.6093 7.17222 68.8888 45.0947 
11.1742 11.1742 48.9566 49.8753 
6.28772 9.28093 0 1.171 11.3285 
0 2.00681 0 0 0.443231 19.3601 0 
19.6106 7.17446 68.8861 45.0932 
11.1742 11.1742 48.9564 49.8759 
6.28832 9.28113 0 1.1709 11.3286 
0 2.00673 0 0 0.443229 19.3608 0 
19.6103 7.17422 68.8867 45.0932 
11.1745 11.1745 48.956 49.876 
6.28845 9.2807 0 1.17092 11.3282 
0 2.00671 0 0 0.443218 19.3611 0 
19.61 7.1741 68.8872 45.093 
11.1751 11.1751 48.9554 49.8761 
6.28884 9.27999 0 1.17085 11.3277 
0 2.00665 0 0 0.443198 19.3617 0 
19.6097 7.1736 68.8884 45.0927 
11.1756 11.1756 48.9545 49.8761 
6.28941 9.2789 0 1.1706 11.3267 
0 2.00665 0 0 0.443168 19.3628 0 
19.6096 7.17317 68.8893 45.0927 
11.1757 11.1757 48.954 49.876 
6.28971 9.27833 0 1.17028 11.3259 
0 2.00667 0 0 0.443144 19.3637 0 
308 variables; iteration 580; function evaluation 644; phase 1
Function value   3.0852499e+02; maximum gradient component mag   3.7742e-01
Var   Value    Gradient   |Var   Value    Gradient   |Var   Value    Gradient
  1 -2.13517   8.2522e-03 |  2  0.18567  -3.4288e-03 |  3  0.18944   2.9947e-02
  4  0.19623  -7.7566e-03 |  5  0.19479   6.8971e-03 |  6  0.19103   2.2421e-02
  7  0.17747  -5.8821e-02 |  8  0.17353   7.1777e-03 |  9  0.17224   4.6372e-03
 10  0.14827   2.9151e-03 | 11  0.12460  -1.0597e-02 | 12  0.12660  -1.7206e-03
 13  0.10251   5.7992e-02 | 14  0.05676  -8.0474e-03 | 15 -1.98871  -9.0255e-03
 16 -0.09774   1.1435e-02 | 17 -0.15661   1.0850e-03 | 18 -0.23303   5.6480e-06
 19 -0.30046  -1.0798e-02 | 20 -0.38416  -3.2425e-03 | 21 -1.62767  -8.4847e-04
 22  0.09919   2.8577e-04 | 23 -0.17575   1.0440e-04 | 24 -2.01111  -4.0384e-04
 25  0.08378  -1.0200e-02 | 26  0.12646   6.7512e-03 | 27  0.15289  -1.0647e-02
 28  0.15536  -6.2197e-03 | 29  0.14993  -2.0127e-04 | 30  0.15175   1.2536e-02
 31  0.15595  -4.0744e-04 | 32  0.14786  -7.2655e-03 | 33  0.12930   1.9903e-03
 34  0.11271  -1.3548e-02 | 35  0.12253   2.3878e-02 | 36  0.11945  -5.2796e-03
 37  0.08906   8.3197e-03 | 38  0.05221  -9.8972e-04 | 39  0.00761  -1.4894e-04
 40 -0.03824  -4.0645e-03 | 41 -1.90541   4.8039e-04 | 42 -1.84576   4.0009e-03
 43 -0.01883   1.4224e-02 | 44 -0.06609   2.8353e-02 | 45 -0.08971   2.1839e-02
 46 -0.16761   1.6407e-02 | 47 -0.18361   1.3212e-02 | 48 -0.14577   8.7521e-03
 49 -0.10798   2.1334e-02 | 50 -0.06488   3.1261e-02 | 51 -0.02792   4.3008e-02
 52  0.01412   4.6442e-02 | 53 -0.00470   4.0462e-02 | 54  0.02977   3.2357e-02
 55 -2.02143  -2.2364e-02 | 56  0.03657   2.8722e-02 | 57  0.08907   8.5924e-03
 58 -2.10972   5.1441e-03 | 59  0.03565  -5.3970e-04 | 60 -0.10963   1.3656e-02
 61 -0.07250   1.5229e-02 | 62  0.03653   9.8964e-03 | 63 -0.02356   1.7526e-02
 64 -0.04593  -1.0230e-02 | 65 -0.05260   1.3305e-02 | 66 -0.04137   1.4966e-02
 67 -0.06574   2.7345e-02 | 68 -0.05133   2.0556e-02 | 69 -0.07280   2.1520e-02
 70 -0.06101   2.4828e-02 | 71  0.05225   1.6923e-02 | 72  0.04568   1.0960e-02
 73  0.00361   1.9835e-02 | 74 -0.00361   1.9118e-02 | 75  0.09885   1.2120e-02
 76  0.08111   1.2463e-02 | 77 -0.02149   1.9154e-02 | 78 -0.05930   1.8012e-02
 79  0.08391   1.4339e-02 | 80  0.31547  -1.7253e-02 | 81  0.99513  -1.2373e-02
 82 -0.12541   1.1346e-02 | 83 -0.04313   1.2376e-02 | 84  1.95821  -2.5779e-02
 85 -0.03793  -7.6753e-04 | 86  0.09501  -7.8670e-03 | 87  0.21437  -6.8263e-03
 88 -0.08755  -5.5263e-03 | 89 -0.20749   1.2499e-03 | 90 -0.15133  -1.9848e-03
 91 -0.04380  -7.1130e-05 | 92 -0.01887  -6.8652e-04 | 93  0.03689  -1.7614e-03
 94  0.16125  -6.9356e-04 | 95  0.01225   5.1384e-03 | 96 -0.00201   2.4596e-03
 97  0.01420   6.8308e-04 | 98  0.09811   1.4816e-02 | 99  0.08637   2.0751e-02
100  0.08799   1.7307e-02 |101  0.10991   4.8955e-04 |102 -0.07692  -5.6433e-03
103 -0.10209  -8.0625e-03 |104  0.05462  -1.4905e-02 |105  0.03667  -7.6313e-04
106 -0.04774  -9.1518e-04 |107 -0.05980  -5.7356e-03 |108  0.06804  -1.0955e-02
109  0.10002  -1.8322e-03 |110  0.08580   2.3009e-03 |111  0.00718  -1.0973e-03
112 -0.12851   6.8321e-04 |113 -0.14087  -8.9796e-04 |114 -0.03670  -1.4719e-04
115  0.11463  -5.6509e-03 |116  0.02091  -1.3241e-03 |117  0.09439  -1.7531e-04
118  0.04362  -4.0400e-03 |119 -0.01236  -2.3203e-03 |120  0.00410   1.0115e-03
121  0.12981  -1.3113e-02 |122  0.20098  -3.8998e-02 |123 -1.00199  -2.1399e-02
124  0.10787  -1.2639e-02 |125 -0.01650  -2.0230e-03 |126 -0.17371   3.2924e-03
127  0.11828   4.5442e-02 |128  0.15972   4.4790e-02 |129 -0.42166   3.6460e-02
130 -0.11777   4.5448e-02 |131  0.24584   4.2833e-02 |132  0.16475   4.4698e-02
133  0.21179   4.3702e-02 |134 -0.30943   4.0882e-02 |135 -0.11308   4.5510e-02
136 -0.10976   4.5552e-02 |137 -0.10474   4.5613e-02 |138 -0.11767   4.5450e-02
139 -0.47937   3.3737e-02 |140  0.09289   4.5746e-02 |141  0.26139   4.2394e-02
142 -0.02645   4.6197e-02 |143 -0.11758   4.5451e-02 |144 -0.09935   4.5675e-02
145 -0.09247   4.5750e-02 |146  0.46050   3.4659e-02 |147  0.15784   4.4823e-02
148 -0.23359   4.3159e-02 |149  0.15118   4.4940e-02 |150  0.11986   4.5420e-02
151 -0.09882   4.5681e-02 |152  0.20115   4.3949e-02 |153  0.46685   3.4353e-02
154  0.13714   4.5169e-02 |155  0.14754   4.5001e-02 |156  0.06067   4.6028e-02
157  0.13145   4.5255e-02 |158 -0.32595   4.0308e-02 |159  0.08862   4.5790e-02
160  0.26457   4.2302e-02 |161 -0.09454   4.5728e-02 |162 -0.57542   2.8601e-02
163  0.08507   4.5825e-02 |164  0.21256   4.3684e-02 |165 -0.11256   4.5516e-02
166 -0.51298   3.2021e-02 |167  0.12426   4.5359e-02 |168 -0.11652   4.5465e-02
169  0.01758   3.7742e-01 |170 -0.00446  -4.9676e-02 |171 -0.00613  -6.3124e-02
172  0.01745  -5.5380e-02 |173  0.06518  -8.0737e-03 |174  0.02539   7.8738e-04
175  0.02336  -6.0057e-02 |176  0.00134  -1.3632e-01 |177  0.02257  -9.4561e-02
178  0.08667  -8.7194e-02 |179  0.10823  -1.8478e-01 |180  0.09832  -6.9961e-02
181  0.04426   4.6245e-02 |182 -0.03607  -5.2942e-02 |183 -0.04358  -6.7665e-02
184 -0.02358   9.0538e-02 |185 -0.02199  -2.4922e-02 |186 -0.03192  -6.9100e-02
187 -0.05505  -2.6747e-02 |188 -0.04130  -2.2593e-02 |189  0.01359  -4.4562e-02
190  0.01787  -4.2060e-02 |191  0.01711  -2.2927e-02 |192  0.00868  -4.1481e-02
193 -0.03367  -7.0384e-02 |194 -0.08609  -5.9825e-02 |195 -0.01162  -6.8263e-02
196  0.04575  -6.5585e-02 |197  0.00800  -5.7092e-02 |198 -0.00473  -3.0473e-02
199 -0.00332  -2.6820e-02 |200  0.00193  -6.8879e-02 |201  0.01239  -5.4931e-02
202  0.10746  -1.1129e-02 |203  0.10307  -7.5516e-02 |204  0.08413   4.9086e-03
205 -0.06520  -2.9129e-02 |206 -0.13202  -5.1227e-02 |207 -0.15090  -5.9529e-02
208 -0.09631  -5.9388e-02 |209 -0.05503  -3.9561e-02 |210  0.05253  -6.4918e-02
211 -0.06314  -5.2881e-02 |212 -0.05625  -9.3526e-02 |213  0.03594  -1.7725e-01
214 -0.03690  -2.2789e-08 |215 -0.65594  -2.5039e-03 |216 -0.84556   6.2794e-03
217  0.01752   1.3424e-01 |218 -0.16318   1.7985e-03 |219 -0.24938   1.3729e-02
220 -0.05392   3.4368e-03 |221  0.03627   6.6113e-03 |222 -0.00159   1.5746e-02
223  0.00863   3.0363e-03 |224 -0.02864   6.4500e-03 |225 -0.03603   6.4394e-03
226  0.08974   2.5617e-03 |227  0.07006   3.3800e-03 |228  0.19543   4.9906e-03
229  0.10416   5.0095e-03 |230  0.09825  -9.3633e-03 |231  0.04945  -5.8258e-04
232  0.05762   3.1054e-03 |233  0.06398  -1.7595e-02 |234  0.12740  -5.1714e-03
235 -0.11614   1.1873e-02 |236 -0.12355   1.7349e-02 |237  0.00596   1.2745e-02
238  0.02564   1.0115e-02 |239 -0.11250   8.6312e-04 |240 -0.15099   1.1050e-02
241 -0.06598   9.3883e-03 |242  0.01205   1.3437e-02 |243  0.04319   1.9282e-03
244 -0.02341   4.9946e-03 |245 -0.12255  -4.3754e-04 |246 -0.23359   5.1088e-03
247 -0.10360   5.4255e-03 |248  0.00244   2.1194e-03 |249  0.05281   5.7039e-03
250  0.08312   5.0058e-03 |251  0.05587   3.7589e-03 |252 -0.01656   1.0688e-02
253 -0.00238   4.0525e-04 |254  0.13240  -3.9888e-03 |255  0.19824   7.1066e-04
256  0.23274  -1.9185e-03 |257 -0.14570   1.1651e-02 |258  0.09621  -1.3561e-01
259  0.14960   2.4351e-02 |260 -0.86790   3.7571e-02 |261 -0.84439  -1.2196e-02
262 -0.80011   1.1117e-02 |263 -0.67147  -4.9137e-02 |264  0.53788  -6.6101e-02
265 -1.16471   2.5477e-02 |266 -0.24591  -9.2242e-02 |267 -0.07690  -9.8853e-02
268  0.49637  -7.0813e-02 |269  0.56040  -6.3426e-02 |270 -0.39779  -8.0764e-02
271  0.44634  -7.6091e-02 |272  0.90920  -1.4155e-02 |273 -0.68871  -4.6774e-02
274  0.49622  -7.0830e-02 |275  0.55298  -6.4316e-02 |276 -0.38524  -8.1896e-02
277 -0.35699  -8.4329e-02 |278  0.49118  -7.1382e-02 |279 -0.99592  -6.4405e-04
280 -0.67886  -4.8128e-02 |281 -0.03209  -9.9453e-02 |282  0.14477  -9.7016e-02
283 -0.31576  -8.7579e-02 |284  0.00968  -9.9568e-02 |285 -0.38849  -8.1606e-02
286 -0.23974  -9.2601e-02 |287  1.13055   2.0277e-02 |288  0.53309  -6.6659e-02
289  0.44011  -7.6716e-02 |290  0.37637  -8.2677e-02 |291 -0.13343  -9.7400e-02
292  0.00712  -9.9573e-02 |293 -0.32528  -8.6861e-02 |294 -0.01492  -9.9552e-02
295 -0.51035  -6.9259e-02 |296  0.45585  -7.5123e-02 |297 -0.03150  -9.9457e-02
298 -0.29489  -8.9086e-02 |299 -0.56932  -6.2344e-02 |300 -0.18929  -9.5209e-02
301  0.73930  -3.9647e-02 |302  0.32600  -8.6806e-02 |303  0.47186  -1.5264e-01
304  0.08844  -7.3016e-04 |305 -0.90724  -3.4624e-02 |306  0.25189  -2.8242e-03
307 -0.87922  -6.2969e-02 |308 -0.52474   1.9596e-02 |
19.6096 7.17289 68.8904 45.0928 
11.1752 11.1752 48.9537 49.8757 
6.29004 9.27795 0 1.16991 11.325 
0 2.00671 0 0 0.443116 19.3647 0 
19.6096 7.17276 68.8917 45.0932 
11.1739 11.1739 48.9538 49.8751 
6.29022 9.27802 0 1.16959 11.324 
0 2.0068 0 0 0.443083 19.3654 0 
19.6095 7.17297 68.8927 45.0936 
11.1724 11.1724 48.9542 49.8746 
6.29013 9.27853 0 1.16968 11.3238 
0 2.00695 0 0 0.443061 19.365 0 
19.6089 7.17407 68.8918 45.094 
11.1715 11.1715 48.9554 49.8745 
6.28963 9.2796 0 1.17031 11.3249 
0 2.00697 0 0 0.44307 19.3633 0 
19.6089 7.17453 68.8907 45.0936 
11.1721 11.1721 48.9559 49.875 
6.2891 9.28007 0 1.17105 11.3265 
0 2.00697 0 0 0.443116 19.3612 0 
19.609 7.17461 68.8892 45.0931 
11.1734 11.1734 48.9561 49.8755 
6.28876 9.28 0 1.17139 11.3277 
0 2.00686 0 0 0.443157 19.3602 0 
19.6097 7.17363 68.8894 45.0925 
11.1746 11.1746 48.9555 49.8758 
6.28854 9.27941 0 1.17147 11.328 
0 2.00686 0 0 0.443187 19.3602 0 
19.6097 7.17316 68.8896 45.0925 
11.1747 11.1747 48.9553 49.8758 
6.28861 9.2792 0 1.1713 11.3279 
0 2.00683 0 0 0.443185 19.3607 0 
19.6102 7.17234 68.8899 45.0926 
11.1747 11.1747 48.955 49.8757 
6.28862 9.27908 0 1.17101 11.3278 
0 2.0068 0 0 0.443182 19.3615 0 
19.6102 7.17236 68.8898 45.0926 
11.1747 11.1747 48.9549 49.8757 
6.28862 9.27904 0 1.17104 11.3279 
0 2.00677 0 0 0.443184 19.3615 0 
308 variables; iteration 590; function evaluation 654; phase 1
Function value   3.0852459e+02; maximum gradient component mag  -4.8035e-02
Var   Value    Gradient   |Var   Value    Gradient   |Var   Value    Gradient
  1 -2.13530  -4.7621e-04 |  2  0.18567  -3.7273e-03 |  3  0.18943   1.0119e-03
  4  0.19624   8.7471e-04 |  5  0.19480  -1.4585e-03 |  6  0.19102   5.4538e-05
  7  0.17749   2.8638e-03 |  8  0.17353   8.0350e-04 |  9  0.17225   2.7613e-03
 10  0.14827  -2.5457e-03 | 11  0.12461  -2.5023e-03 | 12  0.12661  -2.4021e-03
 13  0.10249   3.9048e-03 | 14  0.05680  -2.7022e-03 | 15 -1.98867  -1.6717e-03
 16 -0.09825   4.8131e-04 | 17 -0.15679   8.5821e-05 | 18 -0.23306  -1.1172e-06
 19 -0.26697  -4.2017e-05 | 20 -0.33245   1.9431e-04 | 21 -1.60107  -3.2447e-04
 22  0.09920   2.4490e-04 | 23 -0.17601   1.0183e-05 | 24 -2.01111  -3.7514e-04
 25  0.08381  -1.0622e-03 | 26  0.12645  -9.2005e-05 | 27  0.15289   1.1283e-03
 28  0.15537  -1.8195e-03 | 29  0.14993  -8.7702e-04 | 30  0.15175   1.2520e-03
 31  0.15595  -5.3159e-04 | 32  0.14786   3.2950e-04 | 33  0.12930  -2.0517e-04
 34  0.11272  -7.3941e-04 | 35  0.12252   4.5265e-03 | 36  0.11946  -7.0533e-03
 37  0.08906  -1.6648e-03 | 38  0.05222   1.3818e-03 | 39  0.00762  -1.2473e-03
 40 -0.03835  -1.8359e-04 | 41 -1.90528  -4.3532e-04 | 42 -1.84612  -3.7282e-04
 43 -0.01875   2.4819e-03 | 44 -0.06620   1.5253e-03 | 45 -0.08972   1.9909e-03
 46 -0.16758   1.5427e-03 | 47 -0.18356   2.3427e-04 | 48 -0.14568   2.5581e-04
 49 -0.10801  -1.1084e-03 | 50 -0.06497  -1.4940e-03 | 51 -0.02810   4.4093e-04
 52  0.01404   2.0967e-03 | 53 -0.00467   1.8465e-03 | 54  0.02986   8.8066e-04
 55 -2.02150  -6.2155e-04 | 56  0.03653   1.0953e-03 | 57  0.08913  -4.3217e-05
 58 -2.10961   9.0613e-04 | 59  0.03568   1.0063e-03 | 60 -0.10960   1.8869e-03
 61 -0.07250   2.6511e-03 | 62  0.03647   1.7685e-03 | 63 -0.02363   2.1084e-03
 64 -0.04560   3.3959e-03 | 65 -0.05259   2.5563e-03 | 66 -0.04137   2.6807e-03
 67 -0.06587   1.7256e-03 | 68 -0.05136   1.0733e-03 | 69 -0.07282   1.1449e-03
 70 -0.06106   1.4329e-03 | 71  0.05228   1.2861e-03 | 72  0.04575   1.7290e-03
 73  0.00355   1.5371e-03 | 74 -0.00362   2.2090e-03 | 75  0.09886   1.1450e-03
 76  0.08114   1.4174e-03 | 77 -0.02150   1.6570e-03 | 78 -0.05933   7.6216e-04
 79  0.08383   2.0588e-03 | 80  0.31550  -1.3380e-03 | 81  0.99966  -1.4259e-04
 82 -0.12531   1.3737e-03 | 83 -0.04302   1.4942e-03 | 84  1.95833  -1.3699e-03
 85 -0.03790   1.2352e-03 | 86  0.09500  -1.7144e-04 | 87  0.21436  -4.5022e-04
 88 -0.08749  -1.3720e-04 | 89 -0.20748   4.7351e-04 | 90 -0.15131   2.3174e-04
 91 -0.04384   4.4859e-05 | 92 -0.01890   5.4153e-05 | 93  0.03689  -1.0827e-03
 94  0.16128  -1.7477e-03 | 95  0.01228   1.2566e-04 | 96 -0.00188   5.1774e-04
 97  0.01431   2.7048e-04 | 98  0.09805   1.2472e-03 | 99  0.08633  -1.2441e-03
100  0.08797  -1.3956e-03 |101  0.10987  -7.9506e-04 |102 -0.07695  -6.4196e-04
103 -0.10202  -2.4485e-04 |104  0.05474  -5.8948e-04 |105  0.03655  -7.5175e-05
106 -0.04783   6.8654e-04 |107 -0.05979   5.6888e-04 |108  0.06809   1.4329e-03
109  0.09996   2.1480e-03 |110  0.08577   2.7076e-03 |111  0.00720   1.3604e-03
112 -0.12851   5.0028e-04 |113 -0.14086   2.6510e-04 |114 -0.03670   4.3243e-04
115  0.11464   4.8936e-04 |116  0.02089  -1.1825e-04 |117  0.09436   1.1254e-03
118  0.04364   4.1027e-04 |119 -0.01235   5.4440e-04 |120  0.00405   2.7704e-04
121  0.12984   1.2564e-03 |122  0.20099  -3.6586e-03 |123 -1.00015   1.4825e-04
124  0.10788  -1.0046e-03 |125 -0.01648   3.8078e-04 |126 -0.17376   2.3839e-04
127  0.11385  -5.0775e-03 |128  0.16566  -4.9860e-03 |129 -0.39578  -4.1947e-03
130 -0.12045  -5.0678e-03 |131  0.24592  -4.7795e-03 |132  0.16407  -4.9893e-03
133  0.20314  -4.8992e-03 |134 -0.32340  -4.5085e-03 |135 -0.11524  -5.0756e-03
136 -0.10905  -5.0844e-03 |137 -0.10723  -5.0869e-03 |138 -0.12024  -5.0682e-03
139 -0.53418  -3.4480e-03 |140  0.10065  -5.0954e-03 |141  0.26769  -4.7102e-03
142 -0.02576  -5.1556e-03 |143 -0.12028  -5.0681e-03 |144 -0.10104  -5.0950e-03
145 -0.09438  -5.1033e-03 |146  0.51243  -3.5762e-03 |147  0.18299  -4.9480e-03
148 -0.24500  -4.7826e-03 |149  0.14253  -5.0310e-03 |150  0.13841  -5.0383e-03
151 -0.09929  -5.0973e-03 |152  0.19994  -4.9073e-03 |153  0.45547  -3.8943e-03
154  0.14372  -5.0288e-03 |155  0.14247  -5.0311e-03 |156  0.05187  -5.1427e-03
157  0.12766  -5.0564e-03 |158 -0.31619  -4.5366e-03 |159  0.09631  -5.1008e-03
160  0.27244  -4.6943e-03 |161 -0.09580  -5.1016e-03 |162 -0.58288  -3.1445e-03
163  0.05761  -5.1387e-03 |164  0.22110  -4.8516e-03 |165 -0.11469  -5.0764e-03
166 -0.51056  -3.5879e-03 |167  0.12733  -5.0569e-03 |168 -0.11892  -5.0701e-03
169  0.01758  -4.8035e-02 |170 -0.00449  -1.0498e-02 |171 -0.00614  -6.1190e-03
172  0.01744  -5.8334e-03 |173  0.06516  -1.4854e-03 |174  0.02536   7.5080e-03
175  0.02334  -3.9987e-03 |176  0.00135  -3.1555e-04 |177  0.02255  -7.4407e-03
178  0.08666  -1.0476e-02 |179  0.10825  -6.1083e-03 |180  0.09832  -4.4120e-03
181  0.04422   6.0693e-04 |182 -0.03608  -2.3760e-03 |183 -0.04357  -4.4948e-03
184 -0.02365   5.6856e-03 |185 -0.02200  -1.1639e-03 |186 -0.03192  -9.5397e-03
187 -0.05506  -6.4885e-03 |188 -0.04132  -5.4195e-03 |189  0.01358  -7.1660e-03
190  0.01788  -7.1302e-03 |191  0.01709  -1.2383e-02 |192  0.00866  -4.5917e-03
193 -0.03369  -8.2623e-03 |194 -0.08610  -5.2498e-03 |195 -0.01162  -6.9346e-03
196  0.04574  -5.8386e-03 |197  0.00799  -4.8346e-03 |198 -0.00474  -4.5307e-03
199 -0.00334  -6.5664e-03 |200  0.00192  -1.0603e-02 |201  0.01239  -2.9309e-03
202  0.10744  -2.1244e-04 |203  0.10307  -2.4269e-03 |204  0.08410   2.8787e-03
205 -0.06530  -3.2488e-03 |206 -0.13197  -3.6490e-03 |207 -0.15089  -4.9066e-03
208 -0.09631  -5.6641e-03 |209 -0.05504  -2.8063e-03 |210  0.05254  -4.3525e-03
211 -0.06265  -3.8804e-03 |212 -0.05626   5.2212e-03 |213  0.03595  -8.4983e-03
214 -0.03689  -2.2783e-08 |215 -0.65599   1.5434e-03 |216 -0.84563  -1.5685e-03
217  0.01749  -7.9117e-04 |218 -0.16317  -1.3295e-04 |219 -0.24938  -1.4565e-03
220 -0.05392   7.3716e-04 |221  0.03625  -1.7156e-04 |222 -0.00161  -5.1943e-05
223  0.00863  -1.2025e-03 |224 -0.02864   8.3127e-04 |225 -0.03603  -1.0112e-03
226  0.08974   8.9023e-05 |227  0.07006  -2.6624e-04 |228  0.19541   5.1370e-04
229  0.10416   2.1719e-03 |230  0.09830  -1.1553e-03 |231  0.04946  -2.0573e-03
232  0.05760  -4.6482e-04 |233  0.06400  -4.5685e-04 |234  0.12739  -5.5339e-04
235 -0.11617   5.8170e-04 |236 -0.12359   3.9854e-04 |237  0.00598  -5.9630e-05
238  0.02565   6.3604e-04 |239 -0.11253  -6.7084e-04 |240 -0.15102  -1.8296e-03
241 -0.06597  -5.5012e-04 |242  0.01206  -7.3252e-04 |243  0.04318  -1.6813e-03
244 -0.02342  -2.1357e-03 |245 -0.12254  -1.7610e-03 |246 -0.23359  -8.9568e-04
247 -0.10359  -1.0739e-03 |248  0.00245  -6.0295e-04 |249  0.05281   1.1538e-04
250  0.08310  -1.2755e-04 |251  0.05586  -6.4935e-04 |252 -0.01656   2.0311e-04
253 -0.00238  -1.5530e-03 |254  0.13242  -5.9525e-04 |255  0.19825  -1.7906e-04
256  0.23275  -9.8443e-05 |257 -0.14571   1.7874e-03 |258  0.09621  -3.9437e-03
259  0.14960   4.2728e-03 |260 -0.86790  -5.3345e-03 |261 -0.84439   1.2118e-03
262 -0.79993   3.4060e-04 |263 -0.67197  -6.5609e-03 |264  0.53788  -8.8380e-03
265 -1.16343   3.3806e-03 |266 -0.24433  -1.2346e-02 |267 -0.07739  -1.3216e-02
268  0.49566  -9.4784e-03 |269  0.56238  -8.4482e-03 |270 -0.39891  -1.0785e-02
271  0.44478  -1.0195e-02 |272  0.90864  -1.9038e-03 |273 -0.68816  -6.2641e-03
274  0.49700  -9.4587e-03 |275  0.55394  -8.5840e-03 |276 -0.38514  -1.0951e-02
277 -0.35836  -1.1260e-02 |278  0.49113  -9.5447e-03 |279 -0.99543  -1.0102e-04
280 -0.67856  -6.4406e-03 |281 -0.03234  -1.3297e-02 |282  0.14519  -1.2969e-02
283 -0.31831  -1.1684e-02 |284  0.01009  -1.3312e-02 |285 -0.38939  -1.0900e-02
286 -0.23818  -1.2393e-02 |287  1.12888   2.6768e-03 |288  0.53187  -8.9315e-03
289  0.44085  -1.0247e-02 |290  0.37647  -1.1053e-02 |291 -0.13541  -1.3014e-02
292  0.00868  -1.3313e-02 |293 -0.32304  -1.1637e-02 |294 -0.01316  -1.3311e-02
295 -0.50989  -9.2672e-03 |296  0.45626  -1.0039e-02 |297 -0.03207  -1.3297e-02
298 -0.29709  -1.1890e-02 |299 -0.56822  -8.3537e-03 |300 -0.19031  -1.2724e-02
301  0.73883  -5.3100e-03 |302  0.32640  -1.1602e-02 |303  0.47187  -7.9983e-03
304  0.08844   1.8788e-03 |305 -0.90724  -5.7449e-03 |306  0.25190   4.8597e-04
307 -0.87921  -3.1441e-02 |308 -0.52475  -9.5841e-04 |
19.6103 7.17231 68.8898 45.0927 
11.1746 11.1746 48.9548 49.8757 
6.28858 9.27915 0 1.17108 11.328 
0 2.00674 0 0 0.443186 19.3615 0 
19.6103 7.1724 68.8897 45.0927 
11.1745 11.1745 48.9547 49.8757 
6.28857 9.27927 0 1.1711 11.3281 
0 2.00671 0 0 0.443185 19.3616 0 
19.6102 7.17243 68.8897 45.0927 
11.1745 11.1745 48.9547 49.8757 
6.28857 9.27928 0 1.1711 11.3281 
0 2.00671 0 0 0.443185 19.3616 0 
19.6102 7.17246 68.8897 45.0928 
11.1745 11.1745 48.9547 49.8758 
6.28856 9.27929 0 1.17111 11.3281 
0 2.00672 0 0 0.443185 19.3616 0 
19.6101 7.17248 68.8897 45.0928 
11.1745 11.1745 48.9547 49.8758 
6.28856 9.27928 0 1.17111 11.3281 
0 2.00672 0 0 0.443185 19.3616 0 
19.6101 7.17248 68.8897 45.0928 
11.1745 11.1745 48.9547 49.8758 
6.28855 9.27927 0 1.17111 11.3281 
0 2.00673 0 0 0.443185 19.3616 0 
19.6101 7.17248 68.8897 45.0928 
11.1745 11.1745 48.9547 49.8758 
6.28854 9.27925 0 1.17112 11.3281 
0 2.00673 0 0 0.443185 19.3616 0 
19.6101 7.17246 68.8897 45.0928 
11.1745 11.1745 48.9547 49.8758 
6.28853 9.27923 0 1.17112 11.3281 
0 2.00673 0 0 0.443186 19.3616 0 
19.6101 7.17242 68.8897 45.0928 
11.1745 11.1745 48.9547 49.8758 
6.28851 9.27921 0 1.17113 11.3282 
0 2.00673 0 0 0.443186 19.3616 0 
19.6101 7.17238 68.8897 45.0928 
11.1745 11.1745 48.9547 49.8758 
6.28849 9.2792 0 1.17113 11.3282 
0 2.00673 0 0 0.443186 19.3616 0 
308 variables; iteration 600; function evaluation 664; phase 1
Function value   3.0852459e+02; maximum gradient component mag  -2.1999e-02
Var   Value    Gradient   |Var   Value    Gradient   |Var   Value    Gradient
  1 -2.13532  -9.0178e-04 |  2  0.18567  -2.6245e-03 |  3  0.18943  -5.1452e-04
  4  0.19624   1.2359e-03 |  5  0.19479   2.9712e-04 |  6  0.19102   1.7498e-04
  7  0.17749  -4.6724e-03 |  8  0.17353  -4.4345e-05 |  9  0.17225   7.2807e-04
 10  0.14827  -4.3116e-05 | 11  0.12461  -9.9135e-04 | 12  0.12662  -5.8637e-04
 13  0.10248   2.8864e-04 | 14  0.05680   1.5536e-03 | 15 -1.98866   3.1179e-04
 16 -0.09826   1.4076e-04 | 17 -0.15679   2.2674e-06 | 18 -0.23306   1.2117e-07
 19 -0.26685   7.6094e-06 | 20 -0.33262   1.7258e-04 | 21 -1.60058  -3.1277e-04
 22  0.09920   4.5440e-05 | 23 -0.17603   3.0539e-06 | 24 -2.01110  -8.6062e-05
 25  0.08381  -6.9842e-04 | 26  0.12645  -8.2710e-04 | 27  0.15289   2.5655e-04
 28  0.15537  -4.9278e-04 | 29  0.14993  -2.2063e-04 | 30  0.15175   4.1557e-04
 31  0.15595   1.1653e-04 | 32  0.14786  -1.3355e-04 | 33  0.12931   2.5956e-04
 34  0.11273   3.2579e-06 | 35  0.12252   6.5829e-05 | 36  0.11946  -1.7550e-03
 37  0.08906   1.4965e-04 | 38  0.05222   2.6106e-04 | 39  0.00762   3.5694e-05
 40 -0.03835   7.8881e-05 | 41 -1.90528  -8.4389e-05 | 42 -1.84608   4.5545e-04
 43 -0.01877   3.2103e-04 | 44 -0.06620   4.4295e-04 | 45 -0.08973   3.6856e-04
 46 -0.16758   2.9093e-04 | 47 -0.18355   1.6080e-04 | 48 -0.14567   2.4606e-04
 49 -0.10800   2.8743e-05 | 50 -0.06495   3.1030e-04 | 51 -0.02810  -1.0830e-04
 52  0.01402  -3.4435e-04 | 53 -0.00467  -1.6227e-04 | 54  0.02987  -1.5987e-04
 55 -2.02150   1.7713e-04 | 56  0.03652   1.8597e-04 | 57  0.08914   2.4321e-05
 58 -2.10961   5.9287e-04 | 59  0.03567  -1.0384e-04 | 60 -0.10961   6.7596e-05
 61 -0.07251   1.7349e-04 | 62  0.03648   2.1000e-04 | 63 -0.02363   1.3301e-04
 64 -0.04561   7.9927e-04 | 65 -0.05259   6.3494e-04 | 66 -0.04137   8.5822e-04
 67 -0.06586   2.2526e-04 | 68 -0.05135   5.5154e-04 | 69 -0.07282  -3.2240e-05
 70 -0.06106  -1.6109e-04 | 71  0.05230   1.4949e-04 | 72  0.04574  -3.8500e-04
 73  0.00356   1.8442e-04 | 74 -0.00362   2.9991e-04 | 75  0.09887  -8.4584e-05
 76  0.08113   4.9569e-05 | 77 -0.02151   1.9364e-04 | 78 -0.05933   1.5639e-04
 79  0.08380   3.2834e-04 | 80  0.31551   1.0579e-03 | 81  0.99964  -2.2742e-04
 82 -0.12531  -3.0387e-04 | 83 -0.04302  -8.2270e-05 | 84  1.95835   5.9765e-04
 85 -0.03791   5.6838e-04 | 86  0.09501   4.5304e-04 | 87  0.21436   2.9139e-04
 88 -0.08748   1.2042e-04 | 89 -0.20748   2.7200e-05 | 90 -0.15131   3.8544e-05
 91 -0.04384  -7.3273e-05 | 92 -0.01890  -1.8237e-05 | 93  0.03690  -5.0391e-05
 94  0.16127   1.0871e-04 | 95  0.01227   2.0553e-05 | 96 -0.00188  -8.0000e-05
 97  0.01432  -2.1888e-04 | 98  0.09804  -2.8146e-04 | 99  0.08633  -1.0014e-03
100  0.08798  -3.8562e-04 |101  0.10986  -1.6482e-04 |102 -0.07695  -1.0754e-04
103 -0.10201   6.9334e-05 |104  0.05474  -2.3112e-05 |105  0.03654  -2.5831e-04
106 -0.04783  -5.5645e-05 |107 -0.05979   2.0682e-04 |108  0.06809   3.7822e-04
109  0.09996   3.7062e-04 |110  0.08576   5.8366e-04 |111  0.00719   1.6874e-04
112 -0.12851   1.3632e-04 |113 -0.14086   7.3297e-05 |114 -0.03670   1.7882e-04
115  0.11464  -1.4798e-04 |116  0.02089  -3.7442e-04 |117  0.09436  -2.3621e-04
118  0.04364  -4.7657e-06 |119 -0.01235   7.3573e-05 |120  0.00406   1.0582e-04
121  0.12982   1.8065e-04 |122  0.20100   1.2700e-03 |123 -1.00016  -2.5775e-04
124  0.10788   1.2631e-04 |125 -0.01648   1.3886e-04 |126 -0.17377  -1.6820e-05
127  0.11376   3.4400e-04 |128  0.16576   3.3782e-04 |129 -0.39547   2.8392e-04
130 -0.12047   3.4318e-04 |131  0.24601   3.2388e-04 |132  0.16406   3.3806e-04
133  0.20307   3.3199e-04 |134 -0.32356   3.0510e-04 |135 -0.11527   3.4371e-04
136 -0.10907   3.4431e-04 |137 -0.10723   3.4448e-04 |138 -0.12026   3.4320e-04
139 -0.53516   2.3267e-04 |140  0.10078   3.4519e-04 |141  0.26789   3.1918e-04
142 -0.02580   3.4919e-04 |143 -0.12030   3.4320e-04 |144 -0.10104   3.4504e-04
145 -0.09437   3.4560e-04 |146  0.51331   2.4232e-04 |147  0.18344   3.3520e-04
148 -0.24530   3.2371e-04 |149  0.14239   3.4088e-04 |150  0.13872   3.4132e-04
151 -0.09934   3.4519e-04 |152  0.19985   3.3254e-04 |153  0.45521   2.6423e-04
154  0.14384   3.4070e-04 |155  0.14238   3.4088e-04 |156  0.05169   3.4837e-04
157  0.12759   3.4258e-04 |158 -0.31630   3.0702e-04 |159  0.09644   3.4555e-04
160  0.27267   3.1810e-04 |161 -0.09582   3.4548e-04 |162 -0.58297   2.1240e-04
163  0.05718   3.4812e-04 |164  0.22127   3.2874e-04 |165 -0.11471   3.4376e-04
166 -0.51039   2.4266e-04 |167  0.12739   3.4260e-04 |168 -0.11895   3.4334e-04
169  0.01758  -2.1999e-02 |170 -0.00449   8.5827e-04 |171 -0.00614   2.6141e-03
172  0.01744   2.3241e-03 |173  0.06516   1.5521e-03 |174  0.02536   1.9111e-03
175  0.02334   1.8403e-03 |176  0.00135   4.5036e-04 |177  0.02256   2.1459e-03
178  0.08666   3.3083e-03 |179  0.10825   3.9285e-03 |180  0.09832   3.2712e-03
181  0.04422  -1.1765e-04 |182 -0.03609   2.8412e-03 |183 -0.04357   2.3074e-03
184 -0.02365   4.0053e-03 |185 -0.02201   5.9320e-04 |186 -0.03193   1.1780e-03
187 -0.05506   6.8186e-04 |188 -0.04131   1.8184e-03 |189  0.01358   1.6628e-03
190  0.01788   3.8239e-04 |191  0.01709  -5.2277e-04 |192  0.00866   3.3342e-04
193 -0.03370  -1.3599e-03 |194 -0.08609   2.2847e-03 |195 -0.01162   2.8276e-03
196  0.04574   5.8248e-03 |197  0.00799   3.8608e-03 |198 -0.00473   1.4196e-03
199 -0.00334   1.2817e-03 |200  0.00192   1.8346e-03 |201  0.01240   3.2585e-03
202  0.10744   6.8512e-04 |203  0.10307   5.5080e-04 |204  0.08410   1.1437e-03
205 -0.06531   1.4560e-03 |206 -0.13197   2.0196e-03 |207 -0.15089   2.7855e-03
208 -0.09630   2.4643e-03 |209 -0.05504   2.3259e-03 |210  0.05254   2.2618e-03
211 -0.06263   2.1355e-03 |212 -0.05626   3.5595e-03 |213  0.03595   4.1265e-03
214 -0.03689  -2.2782e-08 |215 -0.65600  -8.7974e-04 |216 -0.84565  -6.3527e-04
217  0.01749  -6.4842e-04 |218 -0.16318   3.2462e-04 |219 -0.24938  -4.5366e-04
220 -0.05392   3.7136e-05 |221  0.03625   9.8815e-05 |222 -0.00161  -8.6994e-05
223  0.00863  -7.6651e-05 |224 -0.02864   2.7796e-04 |225 -0.03603   1.8455e-04
226  0.08975   1.0466e-04 |227  0.07006   1.8071e-04 |228  0.19541   2.3444e-04
229  0.10415   1.0213e-04 |230  0.09830   1.5504e-04 |231  0.04946   7.6188e-05
232  0.05760   8.7071e-04 |233  0.06401   2.3119e-04 |234  0.12739   9.0344e-05
235 -0.11618  -2.1081e-05 |236 -0.12359   2.1131e-04 |237  0.00598   1.7734e-04
238  0.02565   7.2030e-05 |239 -0.11253   5.7014e-04 |240 -0.15101   2.7677e-04
241 -0.06597   1.1357e-04 |242  0.01206   1.0595e-04 |243  0.04318  -2.2196e-04
244 -0.02342  -1.0850e-04 |245 -0.12253  -1.1500e-04 |246 -0.23359  -1.9498e-04
247 -0.10359  -3.4992e-04 |248  0.00245   8.8935e-05 |249  0.05281   2.6965e-04
250  0.08310   4.9984e-04 |251  0.05586   3.8347e-04 |252 -0.01656  -1.9927e-04
253 -0.00237   3.9739e-04 |254  0.13241   1.9981e-04 |255  0.19825  -8.2783e-06
256  0.23275   2.4887e-04 |257 -0.14571   1.2794e-04 |258  0.09621   5.1160e-03
259  0.14960  -1.7466e-03 |260 -0.86790  -7.2100e-03 |261 -0.84439   1.0949e-03
262 -0.79994  -1.4318e-04 |263 -0.67202  -1.9813e-03 |264  0.53787  -2.6693e-03
265 -1.16346   1.0213e-03 |266 -0.24435  -3.7286e-03 |267 -0.07740  -3.9915e-03
268  0.49568  -2.8626e-03 |269  0.56242  -2.5514e-03 |270 -0.39892  -3.2572e-03
271  0.44479  -3.0790e-03 |272  0.90868  -5.7459e-04 |273 -0.68816  -1.8919e-03
274  0.49700  -2.8567e-03 |275  0.55393  -2.5925e-03 |276 -0.38511  -3.3076e-03
277 -0.35838  -3.4007e-03 |278  0.49117  -2.8825e-03 |279 -0.99545  -3.4249e-05
280 -0.67858  -1.9451e-03 |281 -0.03234  -4.0160e-03 |282  0.14523  -3.9170e-03
283 -0.31834  -3.5288e-03 |284  0.01009  -4.0207e-03 |285 -0.38940  -3.2921e-03
286 -0.23814  -3.7431e-03 |287  1.12890   8.0846e-04 |288  0.53191  -2.6973e-03
289  0.44085  -3.0949e-03 |290  0.37648  -3.3382e-03 |291 -0.13541  -3.9305e-03
292  0.00869  -4.0208e-03 |293 -0.32304  -3.5145e-03 |294 -0.01314  -4.0203e-03
295 -0.50989  -2.7989e-03 |296  0.45629  -3.0317e-03 |297 -0.03212  -4.0160e-03
298 -0.29711  -3.5911e-03 |299 -0.56821  -2.5231e-03 |300 -0.19034  -3.8428e-03
301  0.73884  -1.6036e-03 |302  0.32638  -3.5042e-03 |303  0.47187  -9.3740e-04
304  0.08844   2.0021e-04 |305 -0.90724   3.0060e-03 |306  0.25190   3.3664e-04
307 -0.87921   6.5898e-03 |308 -0.52475   1.4637e-03 |
19.6101 7.17232 68.8897 45.0929 
11.1746 11.1746 48.9547 49.8758 
6.28846 9.27919 0 1.17113 11.3283 
0 2.00672 0 0 0.443186 19.3616 0 
19.6102 7.17226 68.8897 45.0929 
11.1747 11.1747 48.9548 49.8758 
6.28842 9.27918 0 1.17112 11.3283 
0 2.00671 0 0 0.443186 19.3615 0 
19.6102 7.17219 68.8896 45.0929 
11.1747 11.1747 48.9548 49.8758 
6.28838 9.27919 0 1.17111 11.3284 
0 2.0067 0 0 0.443186 19.3615 0 
19.6103 7.17211 68.8895 45.093 
11.1749 11.1749 48.9548 49.8758 
6.28833 9.2792 0 1.17109 11.3285 
0 2.00668 0 0 0.443186 19.3614 0 
19.6104 7.17204 68.8895 45.093 
11.175 11.175 48.9548 49.8757 
6.28828 9.27923 0 1.17107 11.3286 
0 2.00665 0 0 0.443185 19.3614 0 
19.6104 7.172 68.8893 45.093 
11.1751 11.1751 48.9548 49.8757 
6.28825 9.27928 0 1.17104 11.3287 
0 2.00663 0 0 0.443184 19.3613 0 
19.6104 7.17208 68.8892 45.0929 
11.1751 11.1751 48.9548 49.8758 
6.2883 9.27934 0 1.17101 11.3286 
0 2.00663 0 0 0.443183 19.3613 0 
19.6103 7.17226 68.8893 45.0928 
11.1749 11.1749 48.9548 49.8758 
6.28842 9.27935 0 1.17102 11.3284 
0 2.00666 0 0 0.443183 19.3615 0 
19.6102 7.17241 68.8894 45.0928 
11.1747 11.1747 48.9547 49.8758 
6.28853 9.2793 0 1.17105 11.3282 
0 2.0067 0 0 0.443184 19.3616 0 
19.6101 7.17246 68.8896 45.0928 
11.1746 11.1746 48.9547 49.8758 
6.28857 9.27927 0 1.17107 11.3282 
0 2.00672 0 0 0.443185 19.3616 0 
308 variables; iteration 610; function evaluation 674; phase 1
Function value   3.0852458e+02; maximum gradient component mag   3.1487e-02
Var   Value    Gradient   |Var   Value    Gradient   |Var   Value    Gradient
  1 -2.13530   7.8793e-05 |  2  0.18567   2.0690e-03 |  3  0.18943   5.7537e-04
  4  0.19624   2.7921e-04 |  5  0.19479  -2.8715e-04 |  6  0.19102  -3.3809e-04
  7  0.17749   2.4558e-03 |  8  0.17353  -1.4919e-05 |  9  0.17225  -1.0250e-05
 10  0.14827  -2.8971e-04 | 11  0.12461   3.3966e-05 | 12  0.12662  -8.2328e-05
 13  0.10248  -1.0427e-03 | 14  0.05680  -7.4488e-04 | 15 -1.98866  -9.1816e-05
 16 -0.09826  -7.8858e-07 | 17 -0.15679   9.4189e-06 | 18 -0.23306   1.6059e-07
 19 -0.26687  -2.6931e-06 | 20 -0.33413   4.5549e-06 | 21 -1.57343   1.1970e-06
 22  0.09920  -6.0541e-05 | 23 -0.17605  -3.6184e-06 | 24 -2.01109   6.6275e-05
 25  0.08381  -1.5584e-04 | 26  0.12645   4.1194e-04 | 27  0.15289   9.3133e-05
 28  0.15537   2.0951e-04 | 29  0.14993   4.1488e-05 | 30  0.15175   5.4642e-05
 31  0.15595   3.9399e-05 | 32  0.14786   1.6371e-04 | 33  0.12931  -1.9748e-04
 34  0.11272  -5.2876e-05 | 35  0.12252  -4.8616e-04 | 36  0.11946  -4.4073e-04
 37  0.08906  -2.6666e-04 | 38  0.05222  -5.6680e-04 | 39  0.00762  -1.0663e-05
 40 -0.03835  -2.4619e-05 | 41 -1.90529   2.8665e-05 | 42 -1.84621  -4.0347e-05
 43 -0.01877   1.9368e-04 | 44 -0.06620   7.2352e-05 | 45 -0.08973   3.9543e-04
 46 -0.16758   4.1838e-04 | 47 -0.18356   2.4710e-04 | 48 -0.14568   2.1555e-05
 49 -0.10799   4.6259e-04 | 50 -0.06495   1.2907e-04 | 51 -0.02809   2.5145e-04
 52  0.01403   2.2605e-04 | 53 -0.00467   5.0031e-04 | 54  0.02987   4.8706e-06
 55 -2.02150   1.7284e-05 | 56  0.03652  -2.9135e-04 | 57  0.08913  -1.2298e-03
 58 -2.10962   2.4615e-04 | 59  0.03567  -4.8392e-04 | 60 -0.10961   1.6461e-04
 61 -0.07251  -9.4049e-05 | 62  0.03648  -2.5594e-04 | 63 -0.02363   1.9450e-04
 64 -0.04561   5.5487e-05 | 65 -0.05259   2.0603e-04 | 66 -0.04138   2.8388e-04
 67 -0.06586   4.7280e-04 | 68 -0.05135   9.8198e-05 | 69 -0.07281   3.8614e-04
 70 -0.06106   4.4082e-04 | 71  0.05228   3.1830e-04 | 72  0.04575   3.9324e-04
 73  0.00355  -8.2763e-05 | 74 -0.00362   7.5719e-05 | 75  0.09887   3.4724e-04
 76  0.08114   9.5854e-05 | 77 -0.02151   1.3580e-04 | 78 -0.05934  -3.1034e-04
 79  0.08380  -3.9753e-04 | 80  0.31550  -7.1135e-04 | 81  0.99969  -1.0710e-05
 82 -0.12531   3.7913e-04 | 83 -0.04302   3.4076e-04 | 84  1.95833  -4.8884e-04
 85 -0.03792   3.0541e-04 | 86  0.09501  -1.9887e-05 | 87  0.21436   1.0589e-04
 88 -0.08748  -4.6957e-05 | 89 -0.20748   3.4466e-05 | 90 -0.15131   5.8164e-05
 91 -0.04384   8.9127e-05 | 92 -0.01890   6.1821e-05 | 93  0.03690  -1.4802e-04
 94  0.16127  -4.4076e-04 | 95  0.01227   5.9681e-05 | 96 -0.00188   1.2741e-04
 97  0.01432   1.6178e-04 | 98  0.09804   3.8236e-04 | 99  0.08633   3.6650e-04
100  0.08798   1.8950e-04 |101  0.10986  -8.8394e-04 |102 -0.07695  -1.7697e-04
103 -0.10201  -1.8411e-04 |104  0.05474  -3.4579e-04 |105  0.03655  -1.2856e-04
106 -0.04782   1.5330e-05 |107 -0.05979  -4.4410e-05 |108  0.06809  -1.1602e-04
109  0.09996   3.4907e-04 |110  0.08576   2.2606e-04 |111  0.00720   1.7381e-04
112 -0.12850   1.0778e-04 |113 -0.14086   1.2322e-05 |114 -0.03671   5.3548e-05
115  0.11464   1.9657e-04 |116  0.02089   9.0196e-05 |117  0.09436   8.0855e-06
118  0.04364  -2.1182e-04 |119 -0.01235  -5.2351e-05 |120  0.00405   9.7081e-05
121  0.12982  -1.8777e-04 |122  0.20100  -8.4308e-04 |123 -1.00015   5.7725e-05
124  0.10788  -1.3757e-04 |125 -0.01649  -1.8354e-05 |126 -0.17377   3.1476e-05
127  0.10987   1.2233e-03 |128  0.17137   1.1970e-03 |129 -0.38139   1.0251e-03
130 -0.12191   1.2189e-03 |131  0.25233   1.1455e-03 |132  0.16413   1.2007e-03
133  0.20096   1.1804e-03 |134 -0.34058   1.0679e-03 |135 -0.11748   1.2205e-03
136 -0.11005   1.2231e-03 |137 -0.10688   1.2241e-03 |138 -0.12198   1.2188e-03
139 -0.58472   7.5320e-04 |140  0.10673   1.2243e-03 |141  0.27985   1.1238e-03
142 -0.03064   1.2402e-03 |143 -0.12164   1.2190e-03 |144 -0.10022   1.2262e-03
145 -0.09312   1.2283e-03 |146  0.56362   7.8647e-04 |147  0.20961   1.1751e-03
148 -0.26449   1.1358e-03 |149  0.13609   1.2135e-03 |150  0.15586   1.2047e-03
151 -0.10180   1.2257e-03 |152  0.19564   1.1836e-03 |153  0.44049   9.5641e-04
154  0.14989   1.2075e-03 |155  0.13837   1.2125e-03 |156  0.04282   1.2389e-03
157  0.12457   1.2180e-03 |158 -0.32751   1.0807e-03 |159  0.10228   1.2257e-03
160  0.28602   1.1186e-03 |161 -0.09824   1.2268e-03 |162 -0.58868   7.4704e-04
163  0.03738   1.2395e-03 |164  0.23074   1.1611e-03 |165 -0.11695   1.2207e-03
166 -0.49812   8.8017e-04 |167  0.13053   1.2157e-03 |168 -0.12091   1.2192e-03
169  0.01759   3.1487e-02 |170 -0.00449  -1.7595e-03 |171 -0.00614  -3.2017e-03
172  0.01744  -2.3405e-03 |173  0.06516  -9.9052e-04 |174  0.02535   1.7535e-03
175  0.02333  -1.0844e-03 |176  0.00134  -2.0872e-03 |177  0.02255  -1.6601e-03
178  0.08666  -1.6645e-03 |179  0.10824  -1.5405e-03 |180  0.09832  -1.1287e-03
181  0.04422   1.7964e-03 |182 -0.03609  -9.1658e-04 |183 -0.04357  -1.5671e-03
184 -0.02366  -9.2796e-04 |185 -0.02201  -9.9960e-04 |186 -0.03193   2.3270e-03
187 -0.05507  -1.3479e-04 |188 -0.04132  -5.6820e-04 |189  0.01358  -2.9127e-03
190  0.01787  -2.4704e-03 |191  0.01709  -7.5015e-04 |192  0.00865  -1.0305e-03
193 -0.03370   7.6026e-05 |194 -0.08610  -1.7771e-03 |195 -0.01162  -2.3188e-03
196  0.04573  -3.6589e-03 |197  0.00798  -2.5849e-03 |198 -0.00474  -6.3614e-04
199 -0.00335  -4.0739e-04 |200  0.00192  -1.8145e-03 |201  0.01239  -1.9154e-03
202  0.10744  -7.1793e-04 |203  0.10306   4.8595e-04 |204  0.08409  -9.6820e-04
205 -0.06531  -1.1857e-03 |206 -0.13198  -1.6090e-03 |207 -0.15090  -1.8283e-03
208 -0.09631  -1.2073e-03 |209 -0.05505  -1.7048e-03 |210  0.05253  -1.3688e-03
211 -0.06239  -1.5868e-03 |212 -0.05626  -8.1718e-03 |213  0.03595  -3.3671e-03
214 -0.03678  -2.2714e-08 |215 -0.65600   6.3271e-04 |216 -0.84564  -1.5959e-03
217  0.01749   8.9762e-04 |218 -0.16318  -6.5231e-04 |219 -0.24938  -1.3326e-04
220 -0.05392  -3.6469e-04 |221  0.03626  -2.3448e-04 |222 -0.00161   6.2107e-05
223  0.00863  -7.7544e-05 |224 -0.02864  -2.1508e-04 |225 -0.03603  -3.0355e-04
226  0.08975  -3.6000e-04 |227  0.07006   1.5290e-04 |228  0.19541  -6.5213e-06
229  0.10415  -2.4005e-04 |230  0.09830  -4.6254e-04 |231  0.04946  -2.9685e-04
232  0.05760  -6.7116e-04 |233  0.06401  -3.8824e-04 |234  0.12739  -1.5201e-04
235 -0.11618   1.2423e-04 |236 -0.12359   9.4178e-05 |237  0.00598   2.9398e-04
238  0.02565  -2.6271e-05 |239 -0.11253  -2.2344e-04 |240 -0.15101  -1.3434e-04
241 -0.06597   1.1121e-04 |242  0.01206  -3.4094e-05 |243  0.04318  -4.0600e-04
244 -0.02341  -3.4778e-04 |245 -0.12253  -1.0896e-04 |246 -0.23359  -1.6715e-04
247 -0.10359  -7.5168e-05 |248  0.00245  -3.2516e-04 |249  0.05281  -1.6226e-04
250  0.08310  -3.1484e-04 |251  0.05586  -2.3473e-04 |252 -0.01656   2.2429e-04
253 -0.00237  -3.8059e-04 |254  0.13241  -3.8081e-04 |255  0.19825  -8.7942e-05
256  0.23275  -3.4947e-04 |257 -0.14571  -7.2588e-05 |258  0.09621   6.1018e-04
259  0.14960  -1.0445e-03 |260 -0.86790  -1.5835e-04 |261 -0.84439   1.4354e-04
262 -0.79994   1.1251e-04 |263 -0.67291   1.6718e-03 |264  0.53757   2.2593e-03
265 -1.16322  -8.6244e-04 |266 -0.24486   3.1530e-03 |267 -0.07814   3.3760e-03
268  0.49561   2.4219e-03 |269  0.56272   2.1571e-03 |270 -0.39896   2.7552e-03
271  0.44480   2.6046e-03 |272  0.90911   4.8428e-04 |273 -0.68776   1.6022e-03
274  0.49756   2.4145e-03 |275  0.55349   2.1950e-03 |276 -0.38526   2.7975e-03
277 -0.35824   2.8770e-03 |278  0.49182   2.4360e-03 |279 -0.99543   1.8923e-05
280 -0.67901   1.6433e-03 |281 -0.03209   3.3973e-03 |282  0.14554   3.3131e-03
283 -0.31897   2.9834e-03 |284  0.01044   3.4011e-03 |285 -0.38960   2.7842e-03
286 -0.23681   3.1689e-03 |287  1.12832  -6.8121e-04 |288  0.53185   2.2820e-03
289  0.44034   2.6198e-03 |290  0.37680   2.8230e-03 |291 -0.13575   3.3245e-03
292  0.00865   3.4013e-03 |293 -0.32294   2.9732e-03 |294 -0.01249   3.4009e-03
295 -0.50994   2.3674e-03 |296  0.45681   2.5629e-03 |297 -0.03274   3.3971e-03
298 -0.29774   3.0363e-03 |299 -0.56756   2.1369e-03 |300 -0.19043   3.2505e-03
301  0.73914   1.3552e-03 |302  0.32617   2.9648e-03 |303  0.47187  -6.9687e-05
304  0.08844  -8.2601e-04 |305 -0.90724  -2.6368e-04 |306  0.25190  -2.5655e-04
307 -0.87921   1.0334e-03 |308 -0.52475  -4.8502e-04 |
19.6101 7.17246 68.8896 45.0928 
11.1745 11.1745 48.9547 49.8758 
6.28857 9.27925 0 1.17109 11.3281 
0 2.00672 0 0 0.443185 19.3616 0 
19.6101 7.17246 68.8897 45.0928 
11.1745 11.1745 48.9547 49.8758 
6.28857 9.27925 0 1.1711 11.3281 
0 2.00672 0 0 0.443185 19.3616 0 
19.6101 7.17246 68.8897 45.0928 
11.1745 11.1745 48.9547 49.8758 
6.28856 9.27926 0 1.17109 11.3281 
0 2.00672 0 0 0.443185 19.3616 0 
19.6101 7.17246 68.8897 45.0928 
11.1745 11.1745 48.9547 49.8758 
6.28856 9.27927 0 1.17109 11.3281 
0 2.00672 0 0 0.443185 19.3616 0 
19.6101 7.17246 68.8897 45.0928 
11.1745 11.1745 48.9547 49.8758 
6.28856 9.27927 0 1.17109 11.3281 
0 2.00672 0 0 0.443185 19.3616 0 

 - final statistics:
308 variables; iteration 615; function evaluation 679
Function value   3.0852e+02; maximum gradient component mag   3.1342e-04
Exit code = 1;  converg criter   1.0000e-03
Var   Value    Gradient   |Var   Value    Gradient   |Var   Value    Gradient
  1 -2.13530   3.0847e-06 |  2  0.18567   1.8768e-06 |  3  0.18943  -4.0206e-05
  4  0.19624  -3.6064e-05 |  5  0.19479  -9.1099e-06 |  6  0.19102  -1.1971e-06
  7  0.17749   7.4335e-05 |  8  0.17353  -4.4662e-07 |  9  0.17225  -7.9692e-06
 10  0.14827  -1.0437e-05 | 11  0.12461  -6.0268e-05 | 12  0.12662  -7.7900e-06
 13  0.10248   1.7548e-05 | 14  0.05680  -1.6426e-05 | 15 -1.98866  -5.5292e-06
 16 -0.09826  -5.1413e-06 | 17 -0.15679  -2.9846e-07 | 18 -0.23306   1.2951e-08
 19 -0.26687   6.5448e-07 | 20 -0.33418  -4.0324e-07 | 21 -1.57386  -2.3853e-06
 22  0.09920   3.0887e-06 | 23 -0.17604   5.2520e-08 | 24 -2.01110  -1.8055e-06
 25  0.08381  -1.2087e-05 | 26  0.12645  -1.0199e-06 | 27  0.15289  -1.8865e-05
 28  0.15537   2.1403e-06 | 29  0.14993   4.9007e-06 | 30  0.15175  -2.0900e-05
 31  0.15595   4.9752e-06 | 32  0.14786   1.0123e-06 | 33  0.12931   2.5094e-06
 34  0.11272  -6.0540e-06 | 35  0.12252  -1.9826e-05 | 36  0.11946   4.2833e-06
 37  0.08906  -5.4823e-06 | 38  0.05222   1.2254e-05 | 39  0.00762   2.1287e-06
 40 -0.03835  -6.0204e-07 | 41 -1.90529  -7.2888e-07 | 42 -1.84620  -1.6579e-06
 43 -0.01877   1.1067e-05 | 44 -0.06620   3.0483e-06 | 45 -0.08973  -3.5327e-06
 46 -0.16758   2.1487e-06 | 47 -0.18356  -2.1958e-06 | 48 -0.14567   7.0254e-06
 49 -0.10800  -4.5767e-07 | 50 -0.06495   2.1897e-06 | 51 -0.02809   1.1220e-05
 52  0.01403  -2.9954e-06 | 53 -0.00467  -9.2350e-06 | 54  0.02987   5.1005e-06
 55 -2.02150   9.8311e-06 | 56  0.03652  -1.2911e-05 | 57  0.08914  -2.1312e-05
 58 -2.10962   1.1544e-05 | 59  0.03567  -9.4276e-06 | 60 -0.10961   3.8135e-06
 61 -0.07251   3.7183e-06 | 62  0.03648   8.2630e-06 | 63 -0.02363   6.8243e-06
 64 -0.04561  -4.4941e-06 | 65 -0.05259   1.0374e-05 | 66 -0.04138  -8.5105e-07
 67 -0.06586   5.6753e-06 | 68 -0.05135  -6.2219e-06 | 69 -0.07281  -8.7651e-06
 70 -0.06106  -5.8398e-06 | 71  0.05229   2.8506e-06 | 72  0.04575   1.2917e-05
 73  0.00355   4.9591e-06 | 74 -0.00362   7.2248e-06 | 75  0.09887   8.7399e-06
 76  0.08114   6.6188e-06 | 77 -0.02151   2.7699e-06 | 78 -0.05933  -3.8173e-06
 79  0.08380  -6.0176e-06 | 80  0.31550  -1.3623e-05 | 81  0.99969   1.3389e-06
 82 -0.12531   7.0187e-07 | 83 -0.04302   2.1255e-06 | 84  1.95834   4.1267e-06
 85 -0.03792   1.1766e-05 | 86  0.09501   1.5163e-05 | 87  0.21436   1.8597e-05
 88 -0.08748   8.2783e-06 | 89 -0.20748   5.1078e-06 | 90 -0.15131   4.5738e-06
 91 -0.04384   3.1179e-06 | 92 -0.01890   4.4610e-06 | 93  0.03690   5.1655e-06
 94  0.16127   1.3195e-05 | 95  0.01227   3.7237e-06 | 96 -0.00188   4.0386e-06
 97  0.01432   6.3009e-06 | 98  0.09804   5.3526e-07 | 99  0.08633   1.1168e-05
100  0.08798   1.6621e-05 |101  0.10986   4.3744e-06 |102 -0.07695   1.2412e-06
103 -0.10201   4.7309e-07 |104  0.05474  -3.4298e-06 |105  0.03655   2.6834e-06
106 -0.04783   5.0775e-06 |107 -0.05979   6.2138e-06 |108  0.06809   6.2986e-06
109  0.09996   8.5210e-06 |110  0.08576   2.1619e-06 |111  0.00720   1.6870e-06
112 -0.12851  -1.2930e-07 |113 -0.14086  -8.6423e-07 |114 -0.03671   1.2515e-06
115  0.11464  -1.9401e-07 |116  0.02089   3.5853e-06 |117  0.09436   9.1537e-06
118  0.04364   4.9042e-06 |119 -0.01235   8.6192e-06 |120  0.00405   3.6579e-07
121  0.12982   5.0115e-06 |122  0.20100   1.5136e-05 |123 -1.00015  -1.6289e-06
124  0.10788   1.4816e-06 |125 -0.01649   2.3520e-06 |126 -0.17377   2.1846e-06
127  0.10993  -4.0902e-05 |128  0.17128  -3.9984e-05 |129 -0.38161  -3.4606e-05
130 -0.12189  -4.0905e-05 |131  0.25222  -3.8203e-05 |132  0.16414  -4.0111e-05
133  0.20098  -3.9405e-05 |134 -0.34030  -3.6020e-05 |135 -0.11744  -4.0956e-05
136 -0.11003  -4.1038e-05 |137 -0.10689  -4.1071e-05 |138 -0.12195  -4.0904e-05
139 -0.58394  -2.5799e-05 |140  0.10663  -4.0940e-05 |141  0.27965  -3.7456e-05
142 -0.03056  -4.1560e-05 |143 -0.12162  -4.0908e-05 |144 -0.10024  -4.1137e-05
145 -0.09314  -4.1202e-05 |146  0.56285  -2.5887e-05 |147  0.20919  -3.9230e-05
148 -0.26418  -3.8232e-05 |149  0.13619  -4.0555e-05 |150  0.15559  -4.0255e-05
151 -0.10176  -4.1122e-05 |152  0.19571  -3.9514e-05 |153  0.44073  -3.1689e-05
154  0.14980  -4.0349e-05 |155  0.13844  -4.0523e-05 |156  0.04297  -4.1468e-05
157  0.12462  -4.0717e-05 |158 -0.32733  -3.6433e-05 |159  0.10219  -4.0991e-05
160  0.28579  -3.7279e-05 |161 -0.09820  -4.1156e-05 |162 -0.58859  -2.5565e-05
163  0.03769  -4.1493e-05 |164  0.23058  -3.8742e-05 |165 -0.11691  -4.0962e-05
166 -0.49832  -2.9876e-05 |167  0.13048  -4.0637e-05 |168 -0.12088  -4.0917e-05
169  0.01759   3.1342e-04 |170 -0.00449   5.8863e-06 |171 -0.00614   5.4307e-05
172  0.01744   2.7596e-05 |173  0.06516   6.1679e-06 |174  0.02535   1.0453e-05
175  0.02333   1.3992e-05 |176  0.00134   3.0908e-05 |177  0.02255   3.5114e-05
178  0.08666   1.8855e-05 |179  0.10824   3.1585e-05 |180  0.09832   1.9603e-05
181  0.04422   7.0329e-05 |182 -0.03609   2.7415e-05 |183 -0.04357   2.4370e-05
184 -0.02366   5.8503e-05 |185 -0.02201   2.9702e-05 |186 -0.03193  -2.1993e-05
187 -0.05507   2.6624e-05 |188 -0.04132   2.4069e-07 |189  0.01358   5.3993e-05
190  0.01787   9.1703e-05 |191  0.01709  -1.1547e-06 |192  0.00865   4.5366e-05
193 -0.03370   2.3279e-05 |194 -0.08610   1.8861e-05 |195 -0.01162   5.7382e-05
196  0.04573   4.0944e-05 |197  0.00798  -6.4120e-06 |198 -0.00474  -1.0752e-05
199 -0.00335   2.4136e-05 |200  0.00192  -2.3550e-06 |201  0.01239   1.9768e-05
202  0.10744   2.6473e-05 |203  0.10306   1.0502e-04 |204  0.08409   1.5356e-05
205 -0.06531   3.1495e-05 |206 -0.13197   2.4239e-05 |207 -0.15090   1.8866e-05
208 -0.09631   2.1410e-05 |209 -0.05505   3.1534e-05 |210  0.05253   2.1289e-05
211 -0.06240   2.3399e-05 |212 -0.05626  -4.1830e-06 |213  0.03595   9.5183e-05
214 -0.03678  -2.2715e-08 |215 -0.65600   4.0897e-06 |216 -0.84564   1.3567e-05
217  0.01749  -4.1138e-05 |218 -0.16318  -1.0676e-06 |219 -0.24938  -1.3395e-05
220 -0.05392   2.3164e-06 |221  0.03625  -4.4410e-06 |222 -0.00161  -1.3403e-05
223  0.00863  -5.9652e-06 |224 -0.02864   1.1838e-07 |225 -0.03603   1.2581e-06
226  0.08975   3.0529e-06 |227  0.07006  -1.5865e-06 |228  0.19541  -3.6966e-06
229  0.10415   3.6825e-06 |230  0.09830   3.0347e-06 |231  0.04946  -3.9161e-06
232  0.05760  -2.4669e-06 |233  0.06401   3.3776e-06 |234  0.12739  -3.9949e-07
235 -0.11617   2.5359e-07 |236 -0.12359   2.6059e-06 |237  0.00598   2.9062e-06
238  0.02565   5.0715e-06 |239 -0.11253  -1.0085e-06 |240 -0.15101  -9.5972e-07
241 -0.06597   2.7522e-06 |242  0.01206  -7.0293e-06 |243  0.04318   4.0109e-06
244 -0.02341  -2.3447e-06 |245 -0.12253   2.2919e-06 |246 -0.23359   1.4883e-06
247 -0.10359   5.5614e-06 |248  0.00245   5.3892e-06 |249  0.05281   2.6662e-06
250  0.08310  -7.1773e-07 |251  0.05586  -4.8084e-06 |252 -0.01656   6.9591e-07
253 -0.00237   3.9584e-06 |254  0.13241   2.5907e-06 |255  0.19825   3.5604e-06
256  0.23275   5.1487e-06 |257 -0.14571   1.4634e-06 |258  0.09621   4.2856e-05
259  0.14960   6.8051e-05 |260 -0.86790   1.1984e-05 |261 -0.84439  -4.5887e-05
262 -0.79994  -7.2610e-06 |263 -0.67290   6.8034e-05 |264  0.53757   9.2074e-05
265 -1.16322  -3.4987e-05 |266 -0.24485   1.2842e-04 |267 -0.07813   1.3752e-04
268  0.49561   9.8692e-05 |269  0.56271   8.7917e-05 |270 -0.39895   1.1221e-04
271  0.44480   1.0613e-04 |272  0.90910   1.9991e-05 |273 -0.68776   6.5194e-05
274  0.49755   9.8395e-05 |275  0.55349   8.9457e-05 |276 -0.38526   1.1393e-04
277 -0.35824   1.1717e-04 |278  0.49182   9.9268e-05 |279 -0.99543  -4.4751e-06
280 -0.67900   6.6873e-05 |281 -0.03210   1.3839e-04 |282  0.14553   1.3497e-04
283 -0.31897   1.2151e-04 |284  0.01043   1.3855e-04 |285 -0.38960   1.1339e-04
286 -0.23683   1.2907e-04 |287  1.12833  -2.7934e-05 |288  0.53185   9.3000e-05
289  0.44035   1.0675e-04 |290  0.37679   1.1502e-04 |291 -0.13574   1.3542e-04
292  0.00865   1.3855e-04 |293 -0.32295   1.2109e-04 |294 -0.01249   1.3854e-04
295 -0.50994   9.6398e-05 |296  0.45680   1.0443e-04 |297 -0.03273   1.3838e-04
298 -0.29773   1.2366e-04 |299 -0.56757   8.7000e-05 |300 -0.19043   1.3240e-04
301  0.73914   5.5293e-05 |302  0.32617   1.2079e-04 |303  0.47187   6.5851e-05
304  0.08844  -1.4950e-05 |305 -0.90724   9.5255e-06 |306  0.25190  -4.9263e-06
307 -0.87921   7.8670e-05 |308 -0.52475  -4.3588e-05 |
19.6101 7.17246 68.8897 45.0928 
11.1745 11.1745 48.9547 49.8758 
6.28856 9.27927 0 1.17109 11.3281 
0 2.00672 0 0 0.443185 19.3616 0 
3
4
5
variable out of bounds in boundpin: variable = 4.00001; min = -4; max = 4
variable out of bounds in boundpin: variable = -4.00005; min = -4; max = 4
19.6104 7.17252 68.8905 45.0936 
11.1739 11.1739 48.9547 49.8758 
6.28847 9.27957 0 1.17109 11.3281 
0 2.0067 0 0 0.443185 19.3616 0 
Estimating row 1 out of 308 for hessian
19.6104 7.17254 68.8906 45.0936 
11.1737 11.1737 48.9547 49.8757 
6.28847 9.2796 0 1.17109 11.3281 
0 2.0067 0 0 0.443185 19.3616 0 
19.6104 7.17249 68.8904 45.0936 
11.174 11.174 48.9548 49.8758 
6.28847 9.27954 0 1.17109 11.3281 
0 2.0067 0 0 0.443185 19.3616 0 
19.6104 7.17252 68.8905 45.0936 
11.1739 11.1739 48.9547 49.8758 
6.28847 9.27958 0 1.17109 11.3281 
0 2.0067 0 0 0.443185 19.3616 0 
19.6104 7.17252 68.8905 45.0936 
11.1739 11.1739 48.9547 49.8758 
6.28847 9.27957 0 1.17109 11.3281 
0 2.0067 0 0 0.443185 19.3616 0 
Estimating row 2 out of 308 for hessian
19.6105 7.17261 68.8909 45.0935 
11.1735 11.1735 48.9546 49.8757 
6.28847 9.27966 0 1.17109 11.3281 
0 2.0067 0 0 0.443185 19.3616 0 
19.6103 7.17243 68.8901 45.0937 
11.1742 11.1742 48.9548 49.8758 
6.28847 9.27948 0 1.17109 11.3281 
0 2.0067 0 0 0.443185 19.3616 0 
19.6104 7.17253 68.8905 45.0936 
11.1738 11.1738 48.9547 49.8758 
6.28847 9.27958 0 1.17109 11.3281 
0 2.0067 0 0 0.443185 19.3616 0 
19.6104 7.17251 68.8904 45.0936 
11.1739 11.1739 48.9547 49.8758 
6.28847 9.27956 0 1.17109 11.3281 
0 2.0067 0 0 0.443185 19.3616 0 
Estimating row 3 out of 308 for hessian
19.6105 7.17264 68.8908 45.0934 
11.1735 11.1735 48.9546 49.8758 
6.28847 9.27967 0 1.17109 11.3281 
0 2.0067 0 0 0.443185 19.3616 0 
19.6103 7.17239 68.8902 45.0937 
11.1742 11.1742 48.9548 49.8758 
6.28847 9.27947 0 1.17109 11.3281 
0 2.0067 0 0 0.443185 19.3616 0 
19.6104 7.17253 68.8905 45.0936 
11.1738 11.1738 48.9547 49.8758 
6.28847 9.27958 0 1.17109 11.3281 
0 2.0067 0 0 0.443185 19.3616 0 
19.6104 7.17251 68.8904 45.0936 
11.1739 11.1739 48.9547 49.8758 
6.28847 9.27956 0 1.17109 11.3281 
0 2.0067 0 0 0.443185 19.3616 0 
Estimating row 4 out of 308 for hessian
19.6104 7.17268 68.8906 45.0934 
11.1736 11.1736 48.9547 49.8757 
6.28847 9.27971 0 1.17109 11.3281 
0 2.0067 0 0 0.443185 19.3616 0 
19.6103 7.17236 68.8904 45.0937 
11.1742 11.1742 48.9547 49.8758 
6.28847 9.27944 0 1.17109 11.3281 
0 2.0067 0 0 0.443185 19.3616 0 
19.6104 7.17253 68.8905 45.0936 
11.1738 11.1738 48.9547 49.8758 
6.28847 9.27959 0 1.17109 11.3281 
0 2.0067 0 0 0.443185 19.3616 0 
19.6104 7.1725 68.8905 45.0936 
11.1739 11.1739 48.9547 49.8758 
6.28847 9.27956 0 1.17109 11.3281 
0 2.0067 0 0 0.443185 19.3616 0 
Estimating row 5 out of 308 for hessian
19.6104 7.17268 68.8904 45.0934 
11.1737 11.1737 48.9547 49.8758 
6.28847 9.2797 0 1.17109 11.3281 
0 2.0067 0 0 0.443185 19.3616 0 
19.6104 7.17236 68.8905 45.0937 
11.1741 11.1741 48.9547 49.8757 
6.28847 9.27945 0 1.17109 11.3281 
0 2.0067 0 0 0.443185 19.3616 0 
19.6104 7.17253 68.8905 45.0936 
11.1738 11.1738 48.9547 49.8758 
6.28847 9.27959 0 1.17109 11.3281 
0 2.0067 0 0 0.443185 19.3616 0 
19.6104 7.1725 68.8905 45.0936 
11.1739 11.1739 48.9547 49.8758 
6.28847 9.27956 0 1.17109 11.3281 
0 2.0067 0 0 0.443185 19.3616 0 
Estimating row 6 out of 308 for hessian
19.6104 7.17267 68.8904 45.0934 
11.1738 11.1738 48.9547 49.8758 
6.28847 9.2797 0 1.17109 11.3281 
0 2.0067 0 0 0.443185 19.3616 0 
19.6104 7.17237 68.8906 45.0937 
11.174 11.174 48.9547 49.8757 
6.28847 9.27944 0 1.17109 11.3281 
0 2.0067 0 0 0.443185 19.3616 0 
19.6104 7.17253 68.8905 45.0936 
11.1739 11.1739 48.9547 49.8758 
6.28847 9.27959 0 1.17109 11.3281 
0 2.0067 0 0 0.443185 19.3616 0 
19.6104 7.1725 68.8905 45.0936 
11.1739 11.1739 48.9547 49.8758 
6.28847 9.27956 0 1.17109 11.3281 
0 2.0067 0 0 0.443185 19.3616 0 
Estimating row 7 out of 308 for hessian
19.6104 7.17263 68.8903 45.0935 
11.1738 11.1738 48.9548 49.8757 
6.28847 9.2797 0 1.17109 11.3281 
0 2.0067 0 0 0.443185 19.3616 0 
19.6104 7.17241 68.8907 45.0936 
11.1739 11.1739 48.9546 49.8758 
6.28847 9.27945 0 1.17109 11.3281 
0 2.0067 0 0 0.443185 19.3616 0 
19.6104 7.17253 68.8905 45.0936 
11.1739 11.1739 48.9547 49.8758 
6.28847 9.27959 0 1.17109 11.3281 
0 2.0067 0 0 0.443185 19.3616 0 
19.6104 7.17251 68.8905 45.0936 
11.1739 11.1739 48.9547 49.8758 
6.28847 9.27956 0 1.17109 11.3281 
0 2.0067 0 0 0.443185 19.3616 0 
Estimating row 8 out of 308 for hessian
19.6104 7.17262 68.8903 45.0935 
11.1738 11.1738 48.9547 49.8758 
6.28847 9.2797 0 1.17109 11.3281 
0 2.0067 0 0 0.443185 19.3616 0 
19.6104 7.17242 68.8906 45.0936 
11.174 11.174 48.9547 49.8757 
6.28847 9.27945 0 1.17109 11.3281 
0 2.0067 0 0 0.443185 19.3616 0 
19.6104 7.17253 68.8905 45.0936 
11.1739 11.1739 48.9547 49.8758 
6.28847 9.27959 0 1.17109 11.3281 
0 2.0067 0 0 0.443185 19.3616 0 
19.6104 7.17251 68.8905 45.0936 
11.1739 11.1739 48.9547 49.8758 
6.28847 9.27956 0 1.17109 11.3281 
0 2.0067 0 0 0.443185 19.3616 0 
Estimating row 9 out of 308 for hessian
19.6104 7.17262 68.8904 45.0934 
11.1738 11.1738 48.9547 49.8758 
6.28847 9.27976 0 1.17109 11.3281 
0 2.0067 0 0 0.443185 19.3616 0 
19.6104 7.17242 68.8906 45.0937 
11.174 11.174 48.9547 49.8757 
6.28847 9.27939 0 1.17109 11.3281 
0 2.0067 0 0 0.443185 19.3616 0 
19.6104 7.17253 68.8905 45.0936 
11.1739 11.1739 48.9547 49.8758 
6.28847 9.27959 0 1.17109 11.3281 
0 2.0067 0 0 0.443185 19.3616 0 
19.6104 7.17251 68.8905 45.0936 
11.1739 11.1739 48.9547 49.8758 
6.28847 9.27955 0 1.17109 11.3281 
0 2.0067 0 0 0.443185 19.3616 0 
Estimating row 10 out of 308 for hessian
19.6104 7.17258 68.8902 45.0936 
11.1738 11.1738 48.9549 49.8757 
6.28847 9.27975 0 1.17109 11.3281 
0 2.0067 0 0 0.443185 19.3616 0 
19.6104 7.17245 68.8907 45.0936 
11.174 11.174 48.9545 49.8759 
6.28847 9.2794 0 1.17109 11.3281 
0 2.0067 0 0 0.443185 19.3616 0 
19.6104 7.17252 68.8904 45.0936 
11.1739 11.1739 48.9547 49.8758 
6.28847 9.27959 0 1.17109 11.3281 
0 2.0067 0 0 0.443185 19.3616 0 
19.6104 7.17251 68.8905 45.0936 
11.1739 11.1739 48.9547 49.8758 
6.28847 9.27955 0 1.17109 11.3281 
0 2.0067 0 0 0.443185 19.3616 0 
Estimating row 11 out of 308 for hessian
19.6104 7.17256 68.8903 45.0936 
11.1737 11.1737 48.9547 49.8758 
6.28847 9.27968 0 1.17109 11.3281 
0 2.0067 0 0 0.443185 19.3616 0 
19.6104 7.17248 68.8907 45.0935 
11.174 11.174 48.9547 49.8757 
6.28847 9.27946 0 1.17109 11.3281 
0 2.0067 0 0 0.443185 19.3616 0 
19.6104 7.17252 68.8905 45.0936 
11.1739 11.1739 48.9547 49.8758 
6.28847 9.27958 0 1.17109 11.3281 
0 2.0067 0 0 0.443185 19.3616 0 
19.6104 7.17251 68.8905 45.0936 
11.1739 11.1739 48.9547 49.8758 
6.28847 9.27956 0 1.17109 11.3281 
0 2.0067 0 0 0.443185 19.3616 0 
Estimating row 12 out of 308 for hessian
19.6104 7.17257 68.8904 45.0937 
11.1736 11.1736 48.9546 49.8759 
6.28847 9.27967 0 1.17109 11.3281 
0 2.0067 0 0 0.443185 19.3616 0 
19.6104 7.17247 68.8905 45.0935 
11.1741 11.1741 48.9548 49.8756 
6.28847 9.27948 0 1.17109 11.3281 
0 2.0067 0 0 0.443185 19.3616 0 
19.6104 7.17252 68.8905 45.0936 
11.1738 11.1738 48.9547 49.8758 
6.28847 9.27958 0 1.17109 11.3281 
0 2.0067 0 0 0.443185 19.3616 0 
19.6104 7.17251 68.8905 45.0936 
11.1739 11.1739 48.9547 49.8758 
6.28847 9.27956 0 1.17109 11.3281 
0 2.0067 0 0 0.443185 19.3616 0 
Estimating row 13 out of 308 for hessian
19.6104 7.17255 68.8904 45.0937 
11.1737 11.1737 48.9547 49.8757 
6.28847 9.27963 0 1.17109 11.3281 
0 2.0067 0 0 0.443185 19.3616 0 
19.6104 7.17249 68.8905 45.0934 
11.174 11.174 48.9547 49.8758 
6.28847 9.27951 0 1.17109 11.3281 
0 2.0067 0 0 0.443185 19.3616 0 
19.6104 7.17252 68.8905 45.0936 
11.1738 11.1738 48.9547 49.8758 
6.28847 9.27958 0 1.17109 11.3281 
0 2.0067 0 0 0.443185 19.3616 0 
19.6104 7.17251 68.8905 45.0936 
11.1739 11.1739 48.9547 49.8758 
6.28847 9.27957 0 1.17109 11.3281 
0 2.0067 0 0 0.443185 19.3616 0 
Estimating row 14 out of 308 for hessian
19.6104 7.17253 68.8904 45.0936 
11.1738 11.1738 48.9548 49.8757 
6.28847 9.2796 0 1.17109 11.3281 
0 2.0067 0 0 0.443185 19.3616 0 
19.6104 7.17251 68.8905 45.0935 
11.1739 11.1739 48.9546 49.8758 
6.28847 9.27954 0 1.17109 11.3281 
0 2.0067 0 0 0.443185 19.3616 0 
19.6104 7.17252 68.8905 45.0936 
11.1739 11.1739 48.9547 49.8758 
6.28847 9.27958 0 1.17109 11.3281 
0 2.0067 0 0 0.443185 19.3616 0 
19.6104 7.17252 68.8905 45.0936 
11.1739 11.1739 48.9547 49.8758 
6.28847 9.27957 0 1.17109 11.3281 
0 2.0067 0 0 0.443185 19.3616 0 
Estimating row 15 out of 308 for hessian
19.6104 7.17252 68.8904 45.0936 
11.1738 11.1738 48.9547 49.8758 
6.28847 9.27958 0 1.17109 11.3281 
0 2.0067 0 0 0.443185 19.3616 0 
19.6104 7.17252 68.8905 45.0936 
11.1739 11.1739 48.9547 49.8758 
6.28847 9.27957 0 1.17109 11.3281 
0 2.0067 0 0 0.443185 19.3616 0 
19.6104 7.17252 68.8905 45.0936 
11.1739 11.1739 48.9547 49.8758 
6.28847 9.27957 0 1.17109 11.3281 
0 2.0067 0 0 0.443185 19.3616 0 
19.6104 7.17252 68.8905 45.0936 
11.1739 11.1739 48.9547 49.8758 
6.28847 9.27957 0 1.17109 11.3281 
0 2.0067 0 0 0.443185 19.3616 0 
Estimating row 16 out of 308 for hessian
19.6104 7.17252 68.8905 45.0936 
11.1739 11.1739 48.9547 49.8758 
6.28847 9.27957 0 1.17109 11.3281 
0 2.0067 0 0 0.443185 19.3616 0 
19.6104 7.17252 68.8905 45.0936 
11.1739 11.1739 48.9547 49.8758 
6.28847 9.27957 0 1.17109 11.3281 
0 2.0067 0 0 0.443185 19.3616 0 
19.6104 7.17252 68.8905 45.0936 
11.1739 11.1739 48.9547 49.8758 
6.28847 9.27957 0 1.17109 11.3281 
0 2.0067 0 0 0.443185 19.3616 0 
19.6104 7.17252 68.8905 45.0936 
11.1739 11.1739 48.9547 49.8758 
6.28847 9.27957 0 1.17109 11.3281 
0 2.0067 0 0 0.443185 19.3616 0 
Estimating row 17 out of 308 for hessian
19.6104 7.17252 68.8905 45.0936 
11.1739 11.1739 48.9547 49.8758 
6.28847 9.27957 0 1.17109 11.3281 
0 2.0067 0 0 0.443185 19.3616 0 
19.6104 7.17252 68.8905 45.0936 
11.1739 11.1739 48.9547 49.8758 
6.28847 9.27957 0 1.17109 11.3281 
0 2.0067 0 0 0.443185 19.3616 0 
19.6104 7.17252 68.8905 45.0936 
11.1739 11.1739 48.9547 49.8758 
6.28847 9.27957 0 1.17109 11.3281 
0 2.0067 0 0 0.443185 19.3616 0 
19.6104 7.17252 68.8905 45.0936 
11.1739 11.1739 48.9547 49.8758 
6.28847 9.27957 0 1.17109 11.3281 
0 2.0067 0 0 0.443185 19.3616 0 
Estimating row 18 out of 308 for hessian
19.6104 7.17252 68.8905 45.0936 
11.1739 11.1739 48.9547 49.8758 
6.28847 9.27957 0 1.17109 11.3281 
0 2.0067 0 0 0.443185 19.3616 0 
19.6104 7.17252 68.8905 45.0936 
11.1739 11.1739 48.9547 49.8758 
6.28847 9.27957 0 1.17109 11.3281 
0 2.0067 0 0 0.443185 19.3616 0 
19.6104 7.17252 68.8905 45.0936 
11.1739 11.1739 48.9547 49.8758 
6.28847 9.27957 0 1.17109 11.3281 
0 2.0067 0 0 0.443185 19.3616 0 
19.6104 7.17252 68.8905 45.0936 
11.1739 11.1739 48.9547 49.8758 
6.28847 9.27957 0 1.17109 11.3281 
0 2.0067 0 0 0.443185 19.3616 0 
Estimating row 19 out of 308 for hessian
19.6104 7.17252 68.8905 45.0936 
11.1739 11.1739 48.9547 49.8758 
6.28847 9.27957 0 1.17109 11.3281 
0 2.0067 0 0 0.443185 19.3616 0 
19.6104 7.17252 68.8905 45.0936 
11.1739 11.1739 48.9547 49.8758 
6.28847 9.27957 0 1.17109 11.3281 
0 2.0067 0 0 0.443185 19.3616 0 
19.6104 7.17252 68.8905 45.0936 
11.1739 11.1739 48.9547 49.8758 
6.28847 9.27957 0 1.17109 11.3281 
0 2.0067 0 0 0.443185 19.3616 0 
19.6104 7.17252 68.8905 45.0936 
11.1739 11.1739 48.9547 49.8758 
6.28847 9.27957 0 1.17109 11.3281 
0 2.0067 0 0 0.443185 19.3616 0 
Estimating row 20 out of 308 for hessian
19.6104 7.17252 68.8905 45.0936 
11.1739 11.1739 48.9547 49.8758 
6.28847 9.27957 0 1.17109 11.3281 
0 2.0067 0 0 0.443185 19.3616 0 
19.6104 7.17252 68.8905 45.0936 
11.1739 11.1739 48.9547 49.8758 
6.28847 9.27957 0 1.17109 11.3281 
0 2.0067 0 0 0.443185 19.3616 0 
19.6104 7.17252 68.8905 45.0936 
11.1739 11.1739 48.9547 49.8758 
6.28847 9.27957 0 1.17109 11.3281 
0 2.0067 0 0 0.443185 19.3616 0 
19.6104 7.17252 68.8905 45.0936 
11.1739 11.1739 48.9547 49.8758 
6.28847 9.27957 0 1.17109 11.3281 
0 2.0067 0 0 0.443185 19.3616 0 
Estimating row 21 out of 308 for hessian
19.6104 7.17252 68.8905 45.0936 
11.1739 11.1739 48.9547 49.8758 
6.28847 9.27957 0 1.17109 11.3281 
0 2.0067 0 0 0.443185 19.3616 0 
19.6104 7.17252 68.8905 45.0936 
11.1739 11.1739 48.9547 49.8758 
6.28847 9.27957 0 1.17109 11.3281 
0 2.0067 0 0 0.443185 19.3616 0 
19.6104 7.17252 68.8905 45.0936 
11.1739 11.1739 48.9547 49.8758 
6.28847 9.27957 0 1.17109 11.3281 
0 2.0067 0 0 0.443185 19.3616 0 
19.6104 7.17252 68.8905 45.0936 
11.1739 11.1739 48.9547 49.8758 
6.28847 9.27957 0 1.17109 11.3281 
0 2.0067 0 0 0.443185 19.3616 0 
Estimating row 22 out of 308 for hessian
19.6104 7.17252 68.8905 45.0936 
11.1739 11.1739 48.9547 49.8758 
6.28847 9.27957 0 1.17109 11.3281 
0 2.0067 0 0 0.443185 19.3616 0 
19.6104 7.17252 68.8905 45.0936 
11.1739 11.1739 48.9547 49.8758 
6.28847 9.27957 0 1.17109 11.3281 
0 2.0067 0 0 0.443185 19.3616 0 
19.6104 7.17252 68.8905 45.0936 
11.1739 11.1739 48.9547 49.8758 
6.28847 9.27957 0 1.17109 11.3281 
0 2.0067 0 0 0.443185 19.3616 0 
19.6104 7.17252 68.8905 45.0936 
11.1739 11.1739 48.9547 49.8758 
6.28847 9.27957 0 1.17109 11.3281 
0 2.0067 0 0 0.443185 19.3616 0 
Estimating row 23 out of 308 for hessian
19.6104 7.17252 68.8905 45.0936 
11.1739 11.1739 48.9547 49.8758 
6.28847 9.27957 0 1.17109 11.3281 
0 2.0067 0 0 0.443185 19.3616 0 
19.6104 7.17252 68.8905 45.0936 
11.1739 11.1739 48.9547 49.8758 
6.28847 9.27957 0 1.17109 11.3281 
0 2.0067 0 0 0.443185 19.3616 0 
19.6104 7.17252 68.8905 45.0936 
11.1739 11.1739 48.9547 49.8758 
6.28847 9.27957 0 1.17109 11.3281 
0 2.0067 0 0 0.443185 19.3616 0 
19.6104 7.17252 68.8905 45.0936 
11.1739 11.1739 48.9547 49.8758 
6.28847 9.27957 0 1.17109 11.3281 
0 2.0067 0 0 0.443185 19.3616 0 
Estimating row 24 out of 308 for hessian
19.6104 7.17252 68.8905 45.0936 
11.1739 11.1739 48.9547 49.8758 
6.28847 9.27957 0 1.17109 11.3281 
0 2.0067 0 0 0.443185 19.3616 0 
19.6104 7.17252 68.8905 45.0936 
11.1739 11.1739 48.9547 49.8758 
6.28847 9.27957 0 1.17109 11.3281 
0 2.0067 0 0 0.443185 19.3616 0 
19.6104 7.17252 68.8905 45.0936 
11.1739 11.1739 48.9547 49.8758 
6.28847 9.27957 0 1.17109 11.3281 
0 2.0067 0 0 0.443185 19.3616 0 
19.6104 7.17252 68.8905 45.0936 
11.1739 11.1739 48.9547 49.8758 
6.28847 9.27957 0 1.17109 11.3281 
0 2.0067 0 0 0.443185 19.3616 0 
Estimating row 25 out of 308 for hessian
19.6104 7.17252 68.8905 45.0936 
11.1739 11.1739 48.9547 49.8758 
6.28847 9.27957 0 1.17109 11.3281 
0 2.0067 0 0 0.443185 19.3616 0 
19.6104 7.17251 68.8905 45.0936 
11.1739 11.1739 48.9547 49.8758 
6.28847 9.27957 0 1.17109 11.3281 
0 2.0067 0 0 0.443185 19.3616 0 
19.6104 7.17252 68.8905 45.0936 
11.1739 11.1739 48.9547 49.8758 
6.28847 9.27957 0 1.17109 11.3281 
0 2.0067 0 0 0.443185 19.3616 0 
19.6104 7.17252 68.8905 45.0936 
11.1739 11.1739 48.9547 49.8758 
6.28847 9.27957 0 1.17109 11.3281 
0 2.0067 0 0 0.443185 19.3616 0 
Estimating row 26 out of 308 for hessian
19.6104 7.17253 68.8905 45.0936 
11.1739 11.1739 48.9547 49.8758 
6.28847 9.27957 0 1.17109 11.3281 
0 2.0067 0 0 0.443185 19.3616 0 
19.6104 7.1725 68.8905 45.0936 
11.1739 11.1739 48.9547 49.8758 
6.28847 9.27957 0 1.17109 11.3281 
0 2.0067 0 0 0.443185 19.3616 0 
19.6104 7.17252 68.8905 45.0936 
11.1739 11.1739 48.9547 49.8758 
6.28847 9.27957 0 1.17109 11.3281 
0 2.0067 0 0 0.443185 19.3616 0 
19.6104 7.17252 68.8905 45.0936 
11.1739 11.1739 48.9547 49.8758 
6.28847 9.27957 0 1.17109 11.3281 
0 2.0067 0 0 0.443185 19.3616 0 
Estimating row 27 out of 308 for hessian
19.6104 7.17255 68.8905 45.0935 
11.1739 11.1739 48.9547 49.8758 
6.28847 9.27957 0 1.17109 11.3281 
0 2.0067 0 0 0.443185 19.3616 0 
19.6104 7.17249 68.8905 45.0936 
11.1739 11.1739 48.9547 49.8758 
6.28847 9.27957 0 1.17109 11.3281 
0 2.0067 0 0 0.443185 19.3616 0 
19.6104 7.17252 68.8905 45.0936 
11.1739 11.1739 48.9547 49.8758 
6.28847 9.27957 0 1.17109 11.3281 
0 2.0067 0 0 0.443185 19.3616 0 
19.6104 7.17252 68.8905 45.0936 
11.1739 11.1739 48.9547 49.8758 
6.28847 9.27957 0 1.17109 11.3281 
0 2.0067 0 0 0.443185 19.3616 0 
Estimating row 28 out of 308 for hessian
19.6104 7.17255 68.8905 45.0935 
11.1739 11.1739 48.9547 49.8758 
6.28847 9.27957 0 1.17109 11.3281 
0 2.0067 0 0 0.443185 19.3616 0 
19.6104 7.17249 68.8905 45.0936 
11.1739 11.1739 48.9547 49.8758 
6.28847 9.27957 0 1.17109 11.3281 
0 2.0067 0 0 0.443185 19.3616 0 
19.6104 7.17252 68.8905 45.0936 
11.1739 11.1739 48.9547 49.8758 
6.28847 9.27957 0 1.17109 11.3281 
0 2.0067 0 0 0.443185 19.3616 0 
19.6104 7.17252 68.8905 45.0936 
11.1739 11.1739 48.9547 49.8758 
6.28847 9.27957 0 1.17109 11.3281 
0 2.0067 0 0 0.443185 19.3616 0 
Estimating row 29 out of 308 for hessian
19.6104 7.17255 68.8905 45.0935 
11.1739 11.1739 48.9547 49.8758 
6.28847 9.27958 0 1.17109 11.3281 
0 2.0067 0 0 0.443185 19.3616 0 
19.6104 7.17249 68.8905 45.0936 
11.1739 11.1739 48.9547 49.8758 
6.28847 9.27957 0 1.17109 11.3281 
0 2.0067 0 0 0.443185 19.3616 0 
19.6104 7.17252 68.8905 45.0936 
11.1739 11.1739 48.9547 49.8758 
6.28847 9.27957 0 1.17109 11.3281 
0 2.0067 0 0 0.443185 19.3616 0 
19.6104 7.17252 68.8905 45.0936 
11.1739 11.1739 48.9547 49.8758 
6.28847 9.27957 0 1.17109 11.3281 
0 2.0067 0 0 0.443185 19.3616 0 
Estimating row 30 out of 308 for hessian
19.6104 7.17255 68.8905 45.0935 
11.1739 11.1739 48.9547 49.8758 
6.28847 9.27958 0 1.17109 11.3281 
0 2.0067 0 0 0.443185 19.3616 0 
19.6104 7.17249 68.8905 45.0936 
11.1739 11.1739 48.9547 49.8758 
6.28847 9.27957 0 1.17109 11.3281 
0 2.0067 0 0 0.443185 19.3616 0 
19.6104 7.17252 68.8905 45.0936 
11.1739 11.1739 48.9547 49.8758 
6.28847 9.27957 0 1.17109 11.3281 
0 2.0067 0 0 0.443185 19.3616 0 
19.6104 7.17252 68.8905 45.0936 
11.1739 11.1739 48.9547 49.8758 
6.28847 9.27957 0 1.17109 11.3281 
0 2.0067 0 0 0.443185 19.3616 0 
Estimating row 31 out of 308 for hessian
19.6104 7.17255 68.8905 45.0935 
11.1739 11.1739 48.9547 49.8757 
6.28847 9.27959 0 1.17109 11.3281 
0 2.0067 0 0 0.443185 19.3616 0 
19.6104 7.17249 68.8905 45.0936 
11.1739 11.1739 48.9547 49.8758 
6.28847 9.27955 0 1.17109 11.3281 
0 2.0067 0 0 0.443185 19.3616 0 
19.6104 7.17252 68.8905 45.0936 
11.1739 11.1739 48.9547 49.8758 
6.28847 9.27957 0 1.17109 11.3281 
0 2.0067 0 0 0.443185 19.3616 0 
19.6104 7.17251 68.8905 45.0936 
11.1739 11.1739 48.9547 49.8758 
6.28847 9.27957 0 1.17109 11.3281 
0 2.0067 0 0 0.443185 19.3616 0 
Estimating row 32 out of 308 for hessian
19.6104 7.17255 68.8905 45.0935 
11.1739 11.1739 48.9547 49.8757 
6.28847 9.27962 0 1.17109 11.3281 
0 2.0067 0 0 0.443185 19.3616 0 
19.6104 7.17249 68.8905 45.0936 
11.1739 11.1739 48.9547 49.8758 
6.28847 9.27953 0 1.17109 11.3281 
0 2.0067 0 0 0.443185 19.3616 0 
19.6104 7.17252 68.8905 45.0936 
11.1739 11.1739 48.9547 49.8758 
6.28847 9.27958 0 1.17109 11.3281 
0 2.0067 0 0 0.443185 19.3616 0 
19.6104 7.17252 68.8905 45.0936 
11.1739 11.1739 48.9547 49.8758 
6.28847 9.27957 0 1.17109 11.3281 
0 2.0067 0 0 0.443185 19.3616 0 
Estimating row 33 out of 308 for hessian
19.6104 7.17254 68.8905 45.0934 
11.1739 11.1739 48.9547 49.8758 
6.28847 9.27965 0 1.17109 11.3281 
0 2.0067 0 0 0.443185 19.3616 0 
19.6104 7.1725 68.8905 45.0937 
11.1739 11.1739 48.9547 49.8757 
6.28847 9.2795 0 1.17109 11.3281 
0 2.0067 0 0 0.443185 19.3616 0 
19.6104 7.17252 68.8905 45.0936 
11.1739 11.1739 48.9547 49.8758 
6.28847 9.27958 0 1.17109 11.3281 
0 2.0067 0 0 0.443185 19.3616 0 
19.6104 7.17252 68.8905 45.0936 
11.1739 11.1739 48.9547 49.8758 
6.28847 9.27957 0 1.17109 11.3281 
0 2.0067 0 0 0.443185 19.3616 0 
Estimating row 34 out of 308 for hessian
19.6104 7.17253 68.8905 45.0934 
11.1738 11.1738 48.9547 49.8758 
6.28847 9.27968 0 1.17109 11.3281 
0 2.0067 0 0 0.443185 19.3616 0 
19.6104 7.1725 68.8905 45.0937 
11.1739 11.1739 48.9547 49.8758 
6.28847 9.27947 0 1.17109 11.3281 
0 2.0067 0 0 0.443185 19.3616 0 
19.6104 7.17252 68.8905 45.0936 
11.1739 11.1739 48.9547 49.8758 
6.28847 9.27958 0 1.17109 11.3281 
0 2.0067 0 0 0.443185 19.3616 0 
19.6104 7.17252 68.8905 45.0936 
11.1739 11.1739 48.9547 49.8758 
6.28847 9.27956 0 1.17109 11.3281 
0 2.0067 0 0 0.443185 19.3616 0 
Estimating row 35 out of 308 for hessian
19.6104 7.17253 68.8905 45.0936 
11.1738 11.1738 48.9547 49.8756 
6.28847 9.27977 0 1.17109 11.3281 
0 2.0067 0 0 0.443185 19.3616 0 
19.6104 7.1725 68.8905 45.0935 
11.1739 11.1739 48.9547 49.8759 
6.28847 9.27938 0 1.17109 11.3281 
0 2.0067 0 0 0.443185 19.3616 0 
19.6104 7.17252 68.8905 45.0936 
11.1739 11.1739 48.9547 49.8757 
6.28847 9.27959 0 1.17109 11.3281 
0 2.0067 0 0 0.443185 19.3616 0 
19.6104 7.17252 68.8905 45.0936 
11.1739 11.1739 48.9547 49.8758 
6.28847 9.27955 0 1.17109 11.3281 
0 2.0067 0 0 0.443185 19.3616 0 
Estimating row 36 out of 308 for hessian
19.6104 7.17253 68.8905 45.0937 
11.1736 11.1736 48.9544 49.8759 
6.28847 9.27975 0 1.17109 11.3281 
0 2.0067 0 0 0.443185 19.3616 0 
19.6104 7.1725 68.8905 45.0934 
11.1741 11.1741 48.955 49.8756 
6.28847 9.27939 0 1.17109 11.3281 
0 2.0067 0 0 0.443185 19.3616 0 
19.6104 7.17252 68.8905 45.0936 
11.1738 11.1738 48.9547 49.8758 
6.28847 9.27959 0 1.17109 11.3281 
0 2.0067 0 0 0.443185 19.3616 0 
19.6104 7.17252 68.8905 45.0936 
11.1739 11.1739 48.9547 49.8757 
6.28847 9.27955 0 1.17109 11.3281 
0 2.0067 0 0 0.443185 19.3616 0 
Estimating row 37 out of 308 for hessian
19.6104 7.17252 68.8905 45.0937 
11.1736 11.1736 48.9546 49.8759 
6.28847 9.27963 0 1.17109 11.3281 
0 2.0067 0 0 0.443185 19.3616 0 
19.6104 7.17251 68.8905 45.0935 
11.1741 11.1741 48.9548 49.8757 
6.28847 9.27951 0 1.17109 11.3281 
0 2.0067 0 0 0.443185 19.3616 0 
19.6104 7.17252 68.8905 45.0936 
11.1738 11.1738 48.9547 49.8758 
6.28847 9.27958 0 1.17109 11.3281 
0 2.0067 0 0 0.443185 19.3616 0 
19.6104 7.17252 68.8905 45.0936 
11.1739 11.1739 48.9547 49.8758 
6.28847 9.27957 0 1.17109 11.3281 
0 2.0067 0 0 0.443185 19.3616 0 
Estimating row 38 out of 308 for hessian
19.6104 7.17252 68.8905 45.0936 
11.1737 11.1737 48.9548 49.8757 
6.28847 9.27958 0 1.17109 11.3281 
0 2.0067 0 0 0.443185 19.3616 0 
19.6104 7.17252 68.8905 45.0935 
11.174 11.174 48.9546 49.8758 
6.28847 9.27956 0 1.17109 11.3281 
0 2.0067 0 0 0.443185 19.3616 0 
19.6104 7.17252 68.8905 45.0936 
11.1738 11.1738 48.9547 49.8758 
6.28847 9.27957 0 1.17109 11.3281 
0 2.0067 0 0 0.443185 19.3616 0 
19.6104 7.17252 68.8905 45.0936 
11.1739 11.1739 48.9547 49.8758 
6.28847 9.27957 0 1.17109 11.3281 
0 2.0067 0 0 0.443185 19.3616 0 
Estimating row 39 out of 308 for hessian
19.6104 7.17252 68.8905 45.0936 
11.1738 11.1738 48.9548 49.8757 
6.28847 9.27957 0 1.17109 11.3281 
0 2.0067 0 0 0.443185 19.3616 0 
19.6104 7.17252 68.8905 45.0935 
11.1739 11.1739 48.9546 49.8758 
6.28847 9.27957 0 1.17109 11.3281 
0 2.0067 0 0 0.443185 19.3616 0 
19.6104 7.17252 68.8905 45.0936 
11.1739 11.1739 48.9547 49.8758 
6.28847 9.27957 0 1.17109 11.3281 
0 2.0067 0 0 0.443185 19.3616 0 
19.6104 7.17252 68.8905 45.0936 
11.1739 11.1739 48.9547 49.8758 
6.28847 9.27957 0 1.17109 11.3281 
0 2.0067 0 0 0.443185 19.3616 0 
Estimating row 40 out of 308 for hessian
19.6104 7.17252 68.8905 45.0936 
11.1738 11.1738 48.9548 49.8757 
6.28847 9.27957 0 1.17109 11.3281 
0 2.0067 0 0 0.443185 19.3616 0 
19.6104 7.17252 68.8905 45.0936 
11.1739 11.1739 48.9547 49.8758 
6.28847 9.27957 0 1.17109 11.3281 
0 2.0067 0 0 0.443185 19.3616 0 
19.6104 7.17252 68.8905 45.0936 
11.1739 11.1739 48.9547 49.8758 
6.28847 9.27957 0 1.17109 11.3281 
0 2.0067 0 0 0.443185 19.3616 0 
19.6104 7.17252 68.8905 45.0936 
11.1739 11.1739 48.9547 49.8758 
6.28847 9.27957 0 1.17109 11.3281 
0 2.0067 0 0 0.443185 19.3616 0 
Estimating row 41 out of 308 for hessian
19.6104 7.17252 68.8905 45.0936 
11.1739 11.1739 48.9547 49.8758 
6.28847 9.27957 0 1.17109 11.3281 
0 2.0067 0 0 0.443185 19.3616 0 
19.6104 7.17252 68.8905 45.0936 
11.1739 11.1739 48.9547 49.8758 
6.28847 9.27957 0 1.17109 11.3281 
0 2.0067 0 0 0.443185 19.3616 0 
19.6104 7.17252 68.8905 45.0936 
11.1739 11.1739 48.9547 49.8758 
6.28847 9.27957 0 1.17109 11.3281 
0 2.0067 0 0 0.443185 19.3616 0 
19.6104 7.17252 68.8905 45.0936 
11.1739 11.1739 48.9547 49.8758 
6.28847 9.27957 0 1.17109 11.3281 
0 2.0067 0 0 0.443185 19.3616 0 
Estimating row 42 out of 308 for hessian
19.6104 7.17252 68.8905 45.0936 
11.1739 11.1739 48.9547 49.8758 
6.28847 9.27957 0 1.17109 11.3281 
0 2.0067 0 0 0.443185 19.3616 0 
19.6104 7.17252 68.8905 45.0936 
11.1739 11.1739 48.9547 49.8758 
6.28847 9.27957 0 1.17109 11.3281 
0 2.0067 0 0 0.443185 19.3616 0 
19.6104 7.17252 68.8905 45.0936 
11.1739 11.1739 48.9547 49.8758 
6.28847 9.27957 0 1.17109 11.3281 
0 2.0067 0 0 0.443185 19.3616 0 
19.6104 7.17252 68.8905 45.0936 
11.1739 11.1739 48.9547 49.8758 
6.28847 9.27957 0 1.17109 11.3281 
0 2.0067 0 0 0.443185 19.3616 0 
Estimating row 43 out of 308 for hessian
19.6104 7.17251 68.8904 45.0936 
11.1741 11.1741 48.9547 49.8758 
6.28846 9.27945 0 1.17109 11.3281 
0 2.0067 0 0 0.443185 19.3616 0 
19.6104 7.17253 68.8905 45.0936 
11.1737 11.1737 48.9547 49.8758 
6.28847 9.2797 0 1.17109 11.3281 
0 2.0067 0 0 0.443185 19.3616 0 
19.6104 7.17252 68.8905 45.0936 
11.1739 11.1739 48.9547 49.8758 
6.28846 9.27956 0 1.17109 11.3281 
0 2.0067 0 0 0.443185 19.3616 0 
19.6104 7.17252 68.8905 45.0936 
11.1738 11.1738 48.9547 49.8758 
6.28847 9.27959 0 1.17109 11.3281 
0 2.0067 0 0 0.443185 19.3616 0 
Estimating row 44 out of 308 for hessian
19.6103 7.17254 68.8904 45.0936 
11.174 11.174 48.9547 49.8758 
6.28845 9.27948 0 1.17109 11.3281 
0 2.0067 0 0 0.443185 19.3616 0 
19.6104 7.1725 68.8905 45.0936 
11.1737 11.1737 48.9547 49.8758 
6.28849 9.27967 0 1.17109 11.3281 
0 2.0067 0 0 0.443185 19.3616 0 
19.6104 7.17252 68.8905 45.0936 
11.1739 11.1739 48.9547 49.8758 
6.28846 9.27956 0 1.17109 11.3281 
0 2.0067 0 0 0.443185 19.3616 0 
19.6104 7.17252 68.8905 45.0936 
11.1738 11.1738 48.9547 49.8758 
6.28847 9.27958 0 1.17109 11.3281 
0 2.0067 0 0 0.443185 19.3616 0 
Estimating row 45 out of 308 for hessian
19.6103 7.17255 68.8904 45.0936 
11.174 11.174 48.9547 49.8758 
6.28844 9.27949 0 1.17109 11.3281 
0 2.0067 0 0 0.443185 19.3616 0 
19.6105 7.17249 68.8905 45.0936 
11.1737 11.1737 48.9547 49.8758 
6.28849 9.27966 0 1.17109 11.3281 
0 2.0067 0 0 0.443185 19.3616 0 
19.6104 7.17252 68.8905 45.0936 
11.1739 11.1739 48.9547 49.8758 
6.28846 9.27956 0 1.17109 11.3281 
0 2.0067 0 0 0.443185 19.3616 0 
19.6104 7.17252 68.8905 45.0936 
11.1738 11.1738 48.9547 49.8758 
6.28847 9.27958 0 1.17109 11.3281 
0 2.0067 0 0 0.443185 19.3616 0 
Estimating row 46 out of 308 for hessian
19.6104 7.17256 68.8904 45.0936 
11.174 11.174 48.9547 49.8758 
6.28841 9.27952 0 1.17109 11.3281 
0 2.0067 0 0 0.443185 19.3616 0 
19.6104 7.17247 68.8905 45.0936 
11.1738 11.1738 48.9547 49.8758 
6.28852 9.27963 0 1.17109 11.3281 
0 2.0067 0 0 0.443185 19.3616 0 
19.6104 7.17252 68.8905 45.0936 
11.1739 11.1739 48.9547 49.8758 
6.28846 9.27957 0 1.17109 11.3281 
0 2.0067 0 0 0.443185 19.3616 0 
19.6104 7.17251 68.8905 45.0936 
11.1739 11.1739 48.9547 49.8758 
6.28847 9.27958 0 1.17109 11.3281 
0 2.0067 0 0 0.443185 19.3616 0 
Estimating row 47 out of 308 for hessian
19.6104 7.17256 68.8904 45.0936 
11.1739 11.1739 48.9547 49.8758 
6.2884 9.27953 0 1.17109 11.3281 
0 2.0067 0 0 0.443185 19.3616 0 
19.6104 7.17247 68.8905 45.0936 
11.1738 11.1738 48.9547 49.8758 
6.28853 9.27962 0 1.17109 11.3281 
0 2.0067 0 0 0.443185 19.3616 0 
19.6104 7.17252 68.8905 45.0936 
11.1739 11.1739 48.9547 49.8758 
6.28846 9.27957 0 1.17109 11.3281 
0 2.0067 0 0 0.443185 19.3616 0 
19.6104 7.17251 68.8905 45.0936 
11.1739 11.1739 48.9547 49.8758 
6.28847 9.27958 0 1.17109 11.3281 
0 2.0067 0 0 0.443185 19.3616 0 
Estimating row 48 out of 308 for hessian
19.6104 7.17256 68.8904 45.0936 
11.1739 11.1739 48.9547 49.8758 
6.28842 9.27954 0 1.17109 11.3281 
0 2.0067 0 0 0.443185 19.3616 0 
19.6104 7.17248 68.8905 45.0936 
11.1738 11.1738 48.9547 49.8758 
6.28851 9.27961 0 1.17109 11.3281 
0 2.0067 0 0 0.443185 19.3616 0 
19.6104 7.17252 68.8905 45.0936 
11.1739 11.1739 48.9547 49.8758 
6.28846 9.27957 0 1.17109 11.3281 
0 2.0067 0 0 0.443185 19.3616 0 
19.6104 7.17251 68.8905 45.0936 
11.1739 11.1739 48.9547 49.8758 
6.28847 9.27958 0 1.17109 11.3281 
0 2.0067 0 0 0.443185 19.3616 0 
Estimating row 49 out of 308 for hessian
19.6104 7.17256 68.8904 45.0936 
11.1739 11.1739 48.9547 49.8758 
6.28843 9.27956 0 1.17109 11.3281 
0 2.0067 0 0 0.443185 19.3616 0 
19.6104 7.17248 68.8905 45.0936 
11.1738 11.1738 48.9547 49.8758 
6.2885 9.27958 0 1.17109 11.3281 
0 2.0067 0 0 0.443185 19.3616 0 
19.6104 7.17252 68.8905 45.0936 
11.1739 11.1739 48.9547 49.8758 
6.28846 9.27957 0 1.17109 11.3281 
0 2.0067 0 0 0.443185 19.3616 0 
19.6104 7.17251 68.8905 45.0936 
11.1739 11.1739 48.9547 49.8758 
6.28847 9.27957 0 1.17109 11.3281 
0 2.0067 0 0 0.443185 19.3616 0 
Estimating row 50 out of 308 for hessian
19.6104 7.17256 68.8904 45.0936 
11.1739 11.1739 48.9547 49.8758 
6.28845 9.27959 0 1.17109 11.3281 
0 2.0067 0 0 0.443185 19.3616 0 
19.6104 7.17248 68.8905 45.0936 
11.1739 11.1739 48.9547 49.8758 
6.28848 9.27955 0 1.17109 11.3281 
0 2.0067 0 0 0.443185 19.3616 0 
19.6104 7.17252 68.8905 45.0936 
11.1739 11.1739 48.9547 49.8758 
6.28846 9.27957 0 1.17109 11.3281 
0 2.0067 0 0 0.443185 19.3616 0 
19.6104 7.17251 68.8905 45.0936 
11.1739 11.1739 48.9547 49.8758 
6.28847 9.27957 0 1.17109 11.3281 
0 2.0067 0 0 0.443185 19.3616 0 
Estimating row 51 out of 308 for hessian
19.6104 7.17255 68.8904 45.0936 
11.1738 11.1738 48.9547 49.8758 
6.28846 9.27962 0 1.17109 11.3281 
0 2.0067 0 0 0.443185 19.3616 0 
19.6104 7.17249 68.8905 45.0936 
11.1739 11.1739 48.9547 49.8758 
6.28847 9.27953 0 1.17109 11.3281 
0 2.0067 0 0 0.443185 19.3616 0 
19.6104 7.17252 68.8905 45.0936 
11.1739 11.1739 48.9547 49.8758 
6.28846 9.27958 0 1.17109 11.3281 
0 2.0067 0 0 0.443185 19.3616 0 
19.6104 7.17251 68.8905 45.0936 
11.1739 11.1739 48.9547 49.8758 
6.28847 9.27957 0 1.17109 11.3281 
0 2.0067 0 0 0.443185 19.3616 0 
Estimating row 52 out of 308 for hessian
19.6104 7.17252 68.8904 45.0936 
11.1738 11.1738 48.9547 49.8758 
6.28848 9.27966 0 1.17109 11.3281 
0 2.0067 0 0 0.443185 19.3616 0 
19.6104 7.17251 68.8905 45.0936 
11.1739 11.1739 48.9547 49.8758 
6.28845 9.27949 0 1.17109 11.3281 
0 2.0067 0 0 0.443185 19.3616 0 
19.6104 7.17252 68.8905 45.0936 
11.1739 11.1739 48.9547 49.8758 
6.28847 9.27958 0 1.17109 11.3281 
0 2.0067 0 0 0.443185 19.3616 0 
19.6104 7.17252 68.8905 45.0936 
11.1739 11.1739 48.9547 49.8758 
6.28846 9.27956 0 1.17109 11.3281 
0 2.0067 0 0 0.443185 19.3616 0 
Estimating row 53 out of 308 for hessian
19.6104 7.17252 68.8904 45.0936 
11.1739 11.1739 48.9547 49.8758 
6.28847 9.27963 0 1.17109 11.3281 
0 2.0067 0 0 0.443185 19.3616 0 
19.6104 7.17252 68.8905 45.0936 
11.1739 11.1739 48.9547 49.8758 
6.28846 9.27952 0 1.17109 11.3281 
0 2.0067 0 0 0.443185 19.3616 0 
19.6104 7.17252 68.8905 45.0936 
11.1739 11.1739 48.9547 49.8758 
6.28847 9.27958 0 1.17109 11.3281 
0 2.0067 0 0 0.443185 19.3616 0 
19.6104 7.17252 68.8905 45.0936 
11.1739 11.1739 48.9547 49.8758 
6.28846 9.27957 0 1.17109 11.3281 
0 2.0067 0 0 0.443185 19.3616 0 
Estimating row 54 out of 308 for hessian
19.6104 7.17252 68.8904 45.0936 
11.1738 11.1738 48.9547 49.8758 
6.28848 9.27961 0 1.17109 11.3281 
0 2.0067 0 0 0.443185 19.3616 0 
19.6104 7.17252 68.8905 45.0936 
11.1739 11.1739 48.9547 49.8758 
6.28845 9.27953 0 1.17109 11.3281 
0 2.0067 0 0 0.443185 19.3616 0 
19.6104 7.17252 68.8905 45.0936 
11.1739 11.1739 48.9547 49.8758 
6.28847 9.27958 0 1.17109 11.3281 
0 2.0067 0 0 0.443185 19.3616 0 
19.6104 7.17252 68.8905 45.0936 
11.1739 11.1739 48.9547 49.8758 
6.28846 9.27957 0 1.17109 11.3281 
0 2.0067 0 0 0.443185 19.3616 0 
Estimating row 55 out of 308 for hessian
19.6104 7.17255 68.8905 45.0936 
11.1738 11.1738 48.9547 49.8758 
6.28848 9.2796 0 1.17109 11.3281 
0 2.0067 0 0 0.443185 19.3616 0 
19.6104 7.17249 68.8905 45.0936 
11.174 11.174 48.9547 49.8758 
6.28845 9.27955 0 1.17109 11.3281 
0 2.0067 0 0 0.443185 19.3616 0 
19.6104 7.17252 68.8905 45.0936 
11.1739 11.1739 48.9547 49.8758 
6.28847 9.27958 0 1.17109 11.3281 
0 2.0067 0 0 0.443185 19.3616 0 
19.6104 7.17252 68.8905 45.0936 
11.1739 11.1739 48.9547 49.8758 
6.28846 9.27957 0 1.17109 11.3281 
0 2.0067 0 0 0.443185 19.3616 0 
Estimating row 56 out of 308 for hessian
19.6104 7.17256 68.8905 45.0936 
11.1738 11.1738 48.9547 49.8758 
6.28849 9.27958 0 1.17109 11.3281 
0 2.0067 0 0 0.443185 19.3616 0 
19.6104 7.17248 68.8904 45.0935 
11.174 11.174 48.9547 49.8758 
6.28844 9.27956 0 1.17109 11.3281 
0 2.0067 0 0 0.443185 19.3616 0 
19.6104 7.17252 68.8905 45.0936 
11.1739 11.1739 48.9547 49.8758 
6.28847 9.27957 0 1.17109 11.3281 
0 2.0067 0 0 0.443185 19.3616 0 
19.6104 7.17251 68.8905 45.0936 
11.1739 11.1739 48.9547 49.8758 
6.28846 9.27957 0 1.17109 11.3281 
0 2.0067 0 0 0.443185 19.3616 0 
Estimating row 57 out of 308 for hessian
19.6104 7.17257 68.8906 45.0936 
11.1737 11.1737 48.9547 49.8758 
6.28851 9.2796 0 1.17109 11.3281 
0 2.0067 0 0 0.443185 19.3616 0 
19.6104 7.17247 68.8904 45.0935 
11.1741 11.1741 48.9547 49.8758 
6.28842 9.27955 0 1.17109 11.3281 
0 2.0067 0 0 0.443185 19.3616 0 
19.6104 7.17252 68.8905 45.0936 
11.1738 11.1738 48.9547 49.8758 
6.28847 9.27958 0 1.17109 11.3281 
0 2.0067 0 0 0.443185 19.3616 0 
19.6104 7.17251 68.8905 45.0936 
11.1739 11.1739 48.9547 49.8758 
6.28846 9.27957 0 1.17109 11.3281 
0 2.0067 0 0 0.443185 19.3616 0 
Estimating row 58 out of 308 for hessian
19.6104 7.17259 68.8906 45.0936 
11.1736 11.1736 48.9547 49.8758 
6.28851 9.27963 0 1.17109 11.3281 
0 2.0067 0 0 0.443185 19.3616 0 
19.6104 7.17245 68.8904 45.0935 
11.1741 11.1741 48.9547 49.8758 
6.28842 9.27952 0 1.17109 11.3281 
0 2.0067 0 0 0.443185 19.3616 0 
19.6104 7.17252 68.8905 45.0936 
11.1738 11.1738 48.9547 49.8758 
6.28847 9.27958 0 1.17109 11.3281 
0 2.0067 0 0 0.443185 19.3616 0 
19.6104 7.17251 68.8905 45.0936 
11.1739 11.1739 48.9547 49.8758 
6.28846 9.27957 0 1.17109 11.3281 
0 2.0067 0 0 0.443185 19.3616 0 
Estimating row 59 out of 308 for hessian
19.6104 7.17259 68.8905 45.0936 
11.1737 11.1737 48.9547 49.8758 
6.28849 9.27962 0 1.17109 11.3281 
0 2.0067 0 0 0.443185 19.3616 0 
19.6104 7.17245 68.8904 45.0936 
11.174 11.174 48.9547 49.8758 
6.28845 9.27953 0 1.17109 11.3281 
0 2.0067 0 0 0.443185 19.3616 0 
19.6104 7.17253 68.8905 45.0936 
11.1738 11.1738 48.9547 49.8758 
6.28847 9.27958 0 1.17109 11.3281 
0 2.0067 0 0 0.443185 19.3616 0 
19.6104 7.17251 68.8905 45.0936 
11.1739 11.1739 48.9547 49.8758 
6.28846 9.27957 0 1.17109 11.3281 
0 2.0067 0 0 0.443185 19.3616 0 
Estimating row 60 out of 308 for hessian
19.6104 7.17258 68.8905 45.0936 
11.1738 11.1738 48.9547 49.8758 
6.28843 9.27957 0 1.17109 11.3281 
0 2.0067 0 0 0.443185 19.3616 0 
19.6104 7.17246 68.8905 45.0936 
11.1739 11.1739 48.9547 49.8758 
6.2885 9.27957 0 1.17109 11.3281 
0 2.00671 0 0 0.443185 19.3616 0 
19.6104 7.17252 68.8905 45.0936 
11.1739 11.1739 48.9547 49.8758 
6.28846 9.27957 0 1.17109 11.3281 
0 2.0067 0 0 0.443185 19.3616 0 
19.6104 7.17251 68.8905 45.0936 
11.1739 11.1739 48.9547 49.8758 
6.28847 9.27957 0 1.17109 11.3281 
0 2.0067 0 0 0.443185 19.3616 0 
Estimating row 61 out of 308 for hessian
19.6104 7.17257 68.8905 45.0936 
11.1738 11.1738 48.9547 49.8758 
6.28844 9.27958 0 1.17109 11.3281 
0 2.0067 0 0 0.443185 19.3616 0 
19.6104 7.17247 68.8905 45.0936 
11.1739 11.1739 48.9547 49.8758 
6.28849 9.27957 0 1.17109 11.3281 
0 2.0067 0 0 0.443185 19.3616 0 
19.6104 7.17252 68.8905 45.0936 
11.1739 11.1739 48.9547 49.8758 
6.28846 9.27957 0 1.17109 11.3281 
0 2.0067 0 0 0.443185 19.3616 0 
19.6104 7.17251 68.8905 45.0936 
11.1739 11.1739 48.9547 49.8758 
6.28847 9.27957 0 1.17109 11.3281 
0 2.0067 0 0 0.443185 19.3616 0 
Estimating row 62 out of 308 for hessian
19.6104 7.17254 68.8905 45.0936 
11.1738 11.1738 48.9547 49.8758 
6.28849 9.27958 0 1.17109 11.3281 
0 2.00671 0 0 0.443185 19.3616 0 
19.6104 7.17249 68.8905 45.0935 
11.1739 11.1739 48.9547 49.8758 
6.28844 9.27957 0 1.17109 11.3281 
0 2.0067 0 0 0.443185 19.3616 0 
19.6104 7.17252 68.8905 45.0936 
11.1739 11.1739 48.9547 49.8758 
6.28847 9.27957 0 1.17109 11.3281 
0 2.0067 0 0 0.443185 19.3616 0 
19.6104 7.17252 68.8905 45.0936 
11.1739 11.1739 48.9547 49.8758 
6.28846 9.27957 0 1.17109 11.3281 
0 2.0067 0 0 0.443185 19.3616 0 
Estimating row 63 out of 308 for hessian
19.6104 7.17255 68.8904 45.0936 
11.1739 11.1739 48.9547 49.8758 
6.28846 9.27953 0 1.17109 11.3281 
0 2.0067 0 0 0.443185 19.3616 0 
19.6104 7.17248 68.8905 45.0935 
11.1739 11.1739 48.9547 49.8758 
6.28847 9.27961 0 1.17109 11.3281 
0 2.00671 0 0 0.443185 19.3616 0 
19.6104 7.17252 68.8905 45.0936 
11.1739 11.1739 48.9547 49.8758 
6.28846 9.27957 0 1.17109 11.3281 
0 2.0067 0 0 0.443185 19.3616 0 
19.6104 7.17251 68.8905 45.0936 
11.1739 11.1739 48.9547 49.8758 
6.28847 9.27958 0 1.17109 11.3281 
0 2.0067 0 0 0.443185 19.3616 0 
Estimating row 64 out of 308 for hessian
19.6104 7.17256 68.8904 45.0936 
11.1739 11.1739 48.9547 49.8758 
6.28845 9.27951 0 1.17109 11.3281 
0 2.0067 0 0 0.443185 19.3616 0 
19.6104 7.17248 68.8905 45.0936 
11.1738 11.1738 48.9547 49.8758 
6.28848 9.27964 0 1.17109 11.3281 
0 2.0067 0 0 0.443185 19.3616 0 
19.6104 7.17252 68.8905 45.0936 
11.1739 11.1739 48.9547 49.8758 
6.28846 9.27957 0 1.17109 11.3281 
0 2.0067 0 0 0.443185 19.3616 0 
19.6104 7.17251 68.8905 45.0936 
11.1739 11.1739 48.9547 49.8758 
6.28847 9.27958 0 1.17109 11.3281 
0 2.0067 0 0 0.443185 19.3616 0 
Estimating row 65 out of 308 for hessian
19.6104 7.17256 68.8904 45.0936 
11.174 11.174 48.9547 49.8758 
6.28845 9.27949 0 1.17109 11.3281 
0 2.0067 0 0 0.443185 19.3616 0 
19.6104 7.17248 68.8905 45.0936 
11.1738 11.1738 48.9547 49.8758 
6.28848 9.27966 0 1.17109 11.3281 
0 2.0067 0 0 0.443185 19.3616 0 
19.6104 7.17252 68.8905 45.0936 
11.1739 11.1739 48.9547 49.8758 
6.28846 9.27956 0 1.17109 11.3281 
0 2.0067 0 0 0.443185 19.3616 0 
19.6104 7.17251 68.8905 45.0936 
11.1739 11.1739 48.9547 49.8758 
6.28847 9.27958 0 1.17109 11.3281 
0 2.0067 0 0 0.443185 19.3616 0 
Estimating row 66 out of 308 for hessian
19.6104 7.17254 68.8904 45.0936 
11.174 11.174 48.9547 49.8758 
6.28845 9.27947 0 1.17109 11.3281 
0 2.0067 0 0 0.443185 19.3616 0 
19.6104 7.1725 68.8905 45.0936 
11.1737 11.1737 48.9547 49.8758 
6.28848 9.27967 0 1.17109 11.3281 
0 2.0067 0 0 0.443185 19.3616 0 
19.6104 7.17252 68.8905 45.0936 
11.1739 11.1739 48.9547 49.8758 
6.28846 9.27956 0 1.17109 11.3281 
0 2.0067 0 0 0.443185 19.3616 0 
19.6104 7.17252 68.8905 45.0936 
11.1738 11.1738 48.9547 49.8758 
6.28847 9.27958 0 1.17109 11.3281 
0 2.0067 0 0 0.443185 19.3616 0 
Estimating row 67 out of 308 for hessian
19.6104 7.17254 68.8905 45.0936 
11.174 11.174 48.9547 49.8758 
6.28845 9.27949 0 1.17109 11.3281 
0 2.0067 0 0 0.443185 19.3616 0 
19.6104 7.1725 68.8905 45.0936 
11.1737 11.1737 48.9547 49.8758 
6.28848 9.27965 0 1.17109 11.3281 
0 2.0067 0 0 0.443185 19.3616 0 
19.6104 7.17252 68.8905 45.0936 
11.1739 11.1739 48.9547 49.8758 
6.28846 9.27956 0 1.17109 11.3281 
0 2.0067 0 0 0.443185 19.3616 0 
19.6104 7.17252 68.8905 45.0936 
11.1739 11.1739 48.9547 49.8758 
6.28847 9.27958 0 1.17109 11.3281 
0 2.0067 0 0 0.443185 19.3616 0 
Estimating row 68 out of 308 for hessian
19.6104 7.17253 68.8905 45.0936 
11.174 11.174 48.9547 49.8758 
6.28845 9.2795 0 1.17109 11.3281 
0 2.0067 0 0 0.443185 19.3616 0 
19.6104 7.1725 68.8905 45.0936 
11.1737 11.1737 48.9547 49.8758 
6.28848 9.27964 0 1.17109 11.3281 
0 2.0067 0 0 0.443185 19.3616 0 
19.6104 7.17252 68.8905 45.0936 
11.1739 11.1739 48.9547 49.8758 
6.28846 9.27957 0 1.17109 11.3281 
0 2.0067 0 0 0.443185 19.3616 0 
19.6104 7.17252 68.8905 45.0936 
11.1739 11.1739 48.9547 49.8758 
6.28847 9.27958 0 1.17109 11.3281 
0 2.0067 0 0 0.443185 19.3616 0 
Estimating row 69 out of 308 for hessian
19.6104 7.17253 68.8904 45.0936 
11.174 11.174 48.9547 49.8758 
6.28844 9.27952 0 1.17109 11.3281 
0 2.0067 0 0 0.443185 19.3616 0 
19.6104 7.17251 68.8905 45.0936 
11.1738 11.1738 48.9547 49.8758 
6.28849 9.27962 0 1.17109 11.3281 
0 2.0067 0 0 0.443185 19.3616 0 
19.6104 7.17252 68.8905 45.0936 
11.1739 11.1739 48.9547 49.8758 
6.28846 9.27957 0 1.17109 11.3281 
0 2.0067 0 0 0.443185 19.3616 0 
19.6104 7.17252 68.8905 45.0936 
11.1739 11.1739 48.9547 49.8758 
6.28847 9.27958 0 1.17109 11.3281 
0 2.0067 0 0 0.443185 19.3616 0 
Estimating row 70 out of 308 for hessian
19.6104 7.17253 68.8904 45.0936 
11.1739 11.1739 48.9547 49.8758 
6.28845 9.27954 0 1.17109 11.3281 
0 2.0067 0 0 0.443185 19.3616 0 
19.6103 7.17251 68.8905 45.0936 
11.1738 11.1738 48.9547 49.8758 
6.28848 9.27961 0 1.17109 11.3281 
0 2.00671 0 0 0.443185 19.3616 0 
19.6104 7.17252 68.8905 45.0936 
11.1739 11.1739 48.9547 49.8758 
6.28846 9.27957 0 1.17109 11.3281 
0 2.0067 0 0 0.443185 19.3616 0 
19.6104 7.17252 68.8905 45.0936 
11.1739 11.1739 48.9547 49.8758 
6.28847 9.27958 0 1.17109 11.3281 
0 2.0067 0 0 0.443185 19.3616 0 
Estimating row 71 out of 308 for hessian
19.6104 7.17249 68.8904 45.0936 
11.1739 11.1739 48.9547 49.8758 
6.28849 9.27956 0 1.17109 11.3281 
0 2.00671 0 0 0.443185 19.3616 0 
19.6103 7.17255 68.8906 45.0936 
11.1738 11.1738 48.9547 49.8758 
6.28844 9.27958 0 1.17109 11.3281 
0 2.0067 0 0 0.443185 19.3616 0 
19.6104 7.17252 68.8905 45.0936 
11.1739 11.1739 48.9547 49.8758 
6.28847 9.27957 0 1.17109 11.3281 
0 2.0067 0 0 0.443185 19.3616 0 
19.6104 7.17252 68.8905 45.0936 
11.1739 11.1739 48.9547 49.8758 
6.28846 9.27957 0 1.17109 11.3281 
0 2.0067 0 0 0.443185 19.3616 0 
Estimating row 72 out of 308 for hessian
19.6104 7.17251 68.8904 45.0936 
11.1739 11.1739 48.9547 49.8758 
6.28849 9.27958 0 1.17109 11.3281 
0 2.0067 0 0 0.443185 19.3616 0 
19.6104 7.17253 68.8905 45.0935 
11.1739 11.1739 48.9547 49.8758 
6.28844 9.27957 0 1.17109 11.3281 
0 2.0067 0 0 0.443185 19.3616 0 
19.6104 7.17252 68.8905 45.0936 
11.1739 11.1739 48.9547 49.8758 
6.28847 9.27957 0 1.17109 11.3281 
0 2.0067 0 0 0.443185 19.3616 0 
19.6104 7.17252 68.8905 45.0936 
11.1739 11.1739 48.9547 49.8758 
6.28846 9.27957 0 1.17109 11.3281 
0 2.0067 0 0 0.443185 19.3616 0 
Estimating row 73 out of 308 for hessian
19.6104 7.17253 68.8904 45.0936 
11.1738 11.1738 48.9547 49.8758 
6.28847 9.27958 0 1.17109 11.3281 
0 2.0067 0 0 0.443185 19.3616 0 
19.6104 7.1725 68.8905 45.0936 
11.1739 11.1739 48.9547 49.8758 
6.28846 9.27956 0 1.17109 11.3281 
0 2.0067 0 0 0.443185 19.3616 0 
19.6104 7.17252 68.8905 45.0936 
11.1739 11.1739 48.9547 49.8758 
6.28847 9.27957 0 1.17109 11.3281 
0 2.0067 0 0 0.443185 19.3616 0 
19.6104 7.17252 68.8905 45.0936 
11.1739 11.1739 48.9547 49.8758 
6.28846 9.27957 0 1.17109 11.3281 
0 2.0067 0 0 0.443185 19.3616 0 
Estimating row 74 out of 308 for hessian
19.6104 7.17253 68.8904 45.0936 
11.1738 11.1738 48.9547 49.8758 
6.28847 9.27959 0 1.17109 11.3281 
0 2.0067 0 0 0.443185 19.3616 0 
19.6104 7.1725 68.8905 45.0936 
11.1739 11.1739 48.9547 49.8758 
6.28846 9.27955 0 1.17109 11.3281 
0 2.00671 0 0 0.443185 19.3616 0 
19.6104 7.17252 68.8905 45.0936 
11.1739 11.1739 48.9547 49.8758 
6.28847 9.27957 0 1.17109 11.3281 
0 2.0067 0 0 0.443185 19.3616 0 
19.6104 7.17252 68.8905 45.0936 
11.1739 11.1739 48.9547 49.8758 
6.28846 9.27957 0 1.17109 11.3281 
0 2.0067 0 0 0.443185 19.3616 0 
Estimating row 75 out of 308 for hessian
19.6104 7.17247 68.8904 45.0936 
11.1738 11.1738 48.9547 49.8758 
6.28851 9.27965 0 1.17109 11.3281 
0 2.00671 0 0 0.443185 19.3616 0 
19.6104 7.17256 68.8906 45.0935 
11.1739 11.1739 48.9547 49.8757 
6.28842 9.2795 0 1.17109 11.3281 
0 2.0067 0 0 0.443185 19.3616 0 
19.6104 7.17251 68.8905 45.0936 
11.1739 11.1739 48.9547 49.8758 
6.28847 9.27958 0 1.17109 11.3281 
0 2.0067 0 0 0.443185 19.3616 0 
19.6104 7.17252 68.8905 45.0936 
11.1739 11.1739 48.9547 49.8758 
6.28846 9.27957 0 1.17109 11.3281 
0 2.0067 0 0 0.443185 19.3616 0 
Estimating row 76 out of 308 for hessian
19.6104 7.17244 68.8904 45.0936 
11.1738 11.1738 48.9547 49.8758 
6.2885 9.27965 0 1.17109 11.3281 
0 2.0067 0 0 0.443185 19.3616 0 
19.6104 7.1726 68.8905 45.0935 
11.1739 11.1739 48.9547 49.8758 
6.28843 9.2795 0 1.17109 11.3281 
0 2.0067 0 0 0.443185 19.3616 0 
19.6104 7.17251 68.8905 45.0936 
11.1739 11.1739 48.9547 49.8758 
6.28847 9.27958 0 1.17109 11.3281 
0 2.0067 0 0 0.443185 19.3616 0 
19.6104 7.17253 68.8905 45.0936 
11.1739 11.1739 48.9547 49.8758 
6.28846 9.27957 0 1.17109 11.3281 
0 2.0067 0 0 0.443185 19.3616 0 
Estimating row 77 out of 308 for hessian
19.6104 7.17246 68.8905 45.0936 
11.1739 11.1739 48.9547 49.8758 
6.28846 9.27961 0 1.17109 11.3281 
0 2.0067 0 0 0.443185 19.3616 0 
19.6104 7.17257 68.8904 45.0936 
11.1739 11.1739 48.9547 49.8758 
6.28847 9.27953 0 1.17109 11.3281 
0 2.0067 0 0 0.443185 19.3616 0 
19.6104 7.17251 68.8905 45.0936 
11.1739 11.1739 48.9547 49.8758 
6.28846 9.27958 0 1.17109 11.3281 
0 2.0067 0 0 0.443185 19.3616 0 
19.6104 7.17252 68.8905 45.0936 
11.1739 11.1739 48.9547 49.8758 
6.28847 9.27957 0 1.17109 11.3281 
0 2.0067 0 0 0.443185 19.3616 0 
Estimating row 78 out of 308 for hessian
19.6104 7.17247 68.8905 45.0936 
11.1739 11.1739 48.9547 49.8758 
6.28845 9.2796 0 1.17109 11.3281 
0 2.0067 0 0 0.443185 19.3616 0 
19.6104 7.17257 68.8904 45.0936 
11.1739 11.1739 48.9547 49.8758 
6.28848 9.27955 0 1.17109 11.3281 
0 2.00671 0 0 0.443185 19.3616 0 
19.6104 7.17251 68.8905 45.0936 
11.1739 11.1739 48.9547 49.8758 
6.28846 9.27958 0 1.17109 11.3281 
0 2.0067 0 0 0.443185 19.3616 0 
19.6104 7.17252 68.8905 45.0936 
11.1739 11.1739 48.9547 49.8758 
6.28847 9.27957 0 1.17109 11.3281 
0 2.0067 0 0 0.443185 19.3616 0 
Estimating row 79 out of 308 for hessian
19.6103 7.17233 68.8907 45.0936 
11.1738 11.1738 48.9547 49.8758 
6.2885 9.27966 0 1.17109 11.3281 
0 2.0067 0 0 0.443185 19.3616 0 
19.6104 7.17271 68.8903 45.0936 
11.1739 11.1739 48.9547 49.8758 
6.28843 9.27949 0 1.17109 11.3281 
0 2.00671 0 0 0.443185 19.3616 0 
19.6104 7.1725 68.8905 45.0936 
11.1739 11.1739 48.9547 49.8758 
6.28847 9.27958 0 1.17109 11.3281 
0 2.0067 0 0 0.443185 19.3616 0 
19.6104 7.17254 68.8905 45.0936 
11.1739 11.1739 48.9547 49.8758 
6.28846 9.27956 0 1.17109 11.3281 
0 2.0067 0 0 0.443185 19.3616 0 
Estimating row 80 out of 308 for hessian
19.6104 7.17192 68.8913 45.0934 
11.1734 11.1734 48.9547 49.8758 
6.28858 9.27988 0 1.17109 11.3281 
0 2.00671 0 0 0.443185 19.3616 0 
19.6104 7.17312 68.8897 45.0937 
11.1743 11.1743 48.9547 49.8758 
6.28835 9.27926 0 1.17109 11.3281 
0 2.00669 0 0 0.443185 19.3616 0 
19.6104 7.17246 68.8906 45.0936 
11.1738 11.1738 48.9547 49.8758 
6.28848 9.2796 0 1.17109 11.3281 
0 2.0067 0 0 0.443185 19.3616 0 
19.6104 7.17258 68.8904 45.0936 
11.1739 11.1739 48.9547 49.8758 
6.28845 9.27954 0 1.17109 11.3281 
0 2.0067 0 0 0.443185 19.3616 0 
Estimating row 81 out of 308 for hessian
19.6104 7.17252 68.8905 45.0936 
11.1739 11.1739 48.9547 49.8758 
6.28847 9.27957 0 1.17109 11.3281 
0 2.0067 0 0 0.443185 19.3616 0 
19.6104 7.17252 68.8905 45.0936 
11.1739 11.1739 48.9547 49.8758 
6.28846 9.27957 0 1.17109 11.3281 
0 2.0067 0 0 0.443185 19.3616 0 
19.6104 7.17252 68.8905 45.0936 
11.1739 11.1739 48.9547 49.8758 
6.28847 9.27957 0 1.17109 11.3281 
0 2.0067 0 0 0.443185 19.3616 0 
19.6104 7.17252 68.8905 45.0936 
11.1739 11.1739 48.9547 49.8758 
6.28847 9.27957 0 1.17109 11.3281 
0 2.0067 0 0 0.443185 19.3616 0 
Estimating row 82 out of 308 for hessian
19.6104 7.17257 68.8905 45.0935 
11.1739 11.1739 48.9547 49.8758 
6.28842 9.27955 0 1.17109 11.3281 
0 2.0067 0 0 0.443185 19.3616 0 
19.6104 7.17246 68.8905 45.0936 
11.1738 11.1738 48.9547 49.8758 
6.28851 9.2796 0 1.17109 11.3281 
0 2.00671 0 0 0.443185 19.3616 0 
19.6104 7.17252 68.8905 45.0936 
11.1739 11.1739 48.9547 49.8758 
6.28846 9.27957 0 1.17109 11.3281 
0 2.0067 0 0 0.443185 19.3616 0 
19.6104 7.17251 68.8905 45.0936 
11.1739 11.1739 48.9547 49.8758 
6.28847 9.27958 0 1.17109 11.3281 
0 2.0067 0 0 0.443185 19.3616 0 
Estimating row 83 out of 308 for hessian
19.6104 7.17257 68.8904 45.0936 
11.1739 11.1739 48.9547 49.8758 
6.28845 9.27954 0 1.17109 11.3281 
0 2.0067 0 0 0.443185 19.3616 0 
19.6104 7.17246 68.8905 45.0936 
11.1738 11.1738 48.9547 49.8758 
6.28848 9.2796 0 1.17109 11.3281 
0 2.0067 0 0 0.443185 19.3616 0 
19.6104 7.17252 68.8905 45.0936 
11.1739 11.1739 48.9547 49.8758 
6.28846 9.27957 0 1.17109 11.3281 
0 2.0067 0 0 0.443185 19.3616 0 
19.6104 7.17251 68.8905 45.0936 
11.1739 11.1739 48.9547 49.8758 
6.28847 9.27958 0 1.17109 11.3281 
0 2.0067 0 0 0.443185 19.3616 0 
Estimating row 84 out of 308 for hessian
19.6104 7.17258 68.8904 45.0936 
11.1739 11.1739 48.9547 49.8758 
6.28849 9.27954 0 1.17109 11.3281 
0 2.0067 0 0 0.443185 19.3616 0 
19.6104 7.17246 68.8905 45.0936 
11.1738 11.1738 48.9547 49.8758 
6.28844 9.2796 0 1.17109 11.3281 
0 2.0067 0 0 0.443185 19.3616 0 
19.6104 7.17252 68.8905 45.0936 
11.1739 11.1739 48.9547 49.8758 
6.28847 9.27957 0 1.17109 11.3281 
0 2.0067 0 0 0.443185 19.3616 0 
19.6104 7.17251 68.8905 45.0936 
11.1739 11.1739 48.9547 49.8758 
6.28846 9.27958 0 1.17109 11.3281 
0 2.0067 0 0 0.443185 19.3616 0 
Estimating row 85 out of 308 for hessian
19.6104 7.1725 68.8905 45.0936 
11.1739 11.1739 48.9547 49.8758 
6.28847 9.27949 0 1.17109 11.3281 
0 2.0067 0 0 0.443185 19.3616 0 
19.6104 7.17254 68.8905 45.0935 
11.1738 11.1738 48.9547 49.8758 
6.28847 9.27965 0 1.17109 11.3281 
0 2.0067 0 0 0.443185 19.3616 0 
19.6104 7.17252 68.8905 45.0936 
11.1739 11.1739 48.9547 49.8758 
6.28847 9.27956 0 1.17109 11.3281 
0 2.0067 0 0 0.443185 19.3616 0 
19.6104 7.17252 68.8905 45.0936 
11.1739 11.1739 48.9547 49.8758 
6.28847 9.27958 0 1.17109 11.3281 
0 2.0067 0 0 0.443185 19.3616 0 
Estimating row 86 out of 308 for hessian
19.6104 7.17244 68.8905 45.0936 
11.174 11.174 48.9547 49.8758 
6.28847 9.27943 0 1.17109 11.3281 
0 2.00669 0 0 0.443185 19.3616 0 
19.6104 7.17259 68.8905 45.0935 
11.1737 11.1737 48.9547 49.8758 
6.28847 9.27971 0 1.17109 11.3281 
0 2.00672 0 0 0.443185 19.3616 0 
19.6104 7.17251 68.8905 45.0936 
11.1739 11.1739 48.9547 49.8758 
6.28847 9.27956 0 1.17109 11.3281 
0 2.0067 0 0 0.443185 19.3616 0 
19.6104 7.17253 68.8905 45.0936 
11.1738 11.1738 48.9547 49.8758 
6.28847 9.27959 0 1.17109 11.3281 
0 2.0067 0 0 0.443185 19.3616 0 
Estimating row 87 out of 308 for hessian
19.6104 7.17235 68.8905 45.0936 
11.174 11.174 48.9547 49.8758 
6.28847 9.2794 0 1.17109 11.3281 
0 2.00674 0 0 0.443185 19.3616 0 
19.6104 7.17269 68.8905 45.0935 
11.1737 11.1737 48.9547 49.8758 
6.28847 9.27975 0 1.17109 11.3281 
0 2.00667 0 0 0.443185 19.3616 0 
19.6104 7.1725 68.8905 45.0936 
11.1739 11.1739 48.9547 49.8758 
6.28847 9.27956 0 1.17109 11.3281 
0 2.00671 0 0 0.443185 19.3616 0 
19.6104 7.17254 68.8905 45.0936 
11.1738 11.1738 48.9547 49.8758 
6.28847 9.27959 0 1.17109 11.3281 
0 2.0067 0 0 0.443185 19.3616 0 
Estimating row 88 out of 308 for hessian
19.6104 7.17255 68.8905 45.0936 
11.1739 11.1739 48.9547 49.8758 
6.28847 9.27954 0 1.17109 11.3281 
0 2.00668 0 0 0.443185 19.3616 0 
19.6104 7.17249 68.8905 45.0936 
11.1738 11.1738 48.9547 49.8758 
6.28847 9.27961 0 1.17109 11.3281 
0 2.00673 0 0 0.443185 19.3616 0 
19.6104 7.17252 68.8905 45.0936 
11.1739 11.1739 48.9547 49.8758 
6.28847 9.27957 0 1.17109 11.3281 
0 2.0067 0 0 0.443185 19.3616 0 
19.6104 7.17251 68.8905 45.0936 
11.1739 11.1739 48.9547 49.8758 
6.28847 9.27958 0 1.17109 11.3281 
0 2.00671 0 0 0.443185 19.3616 0 
Estimating row 89 out of 308 for hessian
19.6104 7.17258 68.8905 45.0936 
11.1739 11.1739 48.9547 49.8758 
6.28847 9.27955 0 1.17109 11.3281 
0 2.0067 0 0 0.443185 19.3616 0 
19.6104 7.17246 68.8905 45.0936 
11.1738 11.1738 48.9547 49.8758 
6.28847 9.2796 0 1.17109 11.3281 
0 2.00671 0 0 0.443185 19.3616 0 
19.6104 7.17252 68.8905 45.0936 
11.1739 11.1739 48.9547 49.8758 
6.28847 9.27957 0 1.17109 11.3281 
0 2.0067 0 0 0.443185 19.3616 0 
19.6104 7.17251 68.8905 45.0936 
11.1739 11.1739 48.9547 49.8758 
6.28847 9.27958 0 1.17109 11.3281 
0 2.0067 0 0 0.443185 19.3616 0 
Estimating row 90 out of 308 for hessian
19.6104 7.17256 68.8905 45.0936 
11.1739 11.1739 48.9547 49.8758 
6.28847 9.27954 0 1.17109 11.3281 
0 2.0067 0 0 0.443185 19.3616 0 
19.6104 7.17247 68.8905 45.0936 
11.1738 11.1738 48.9547 49.8758 
6.28847 9.27961 0 1.17109 11.3281 
0 2.0067 0 0 0.443185 19.3616 0 
19.6104 7.17252 68.8905 45.0936 
11.1739 11.1739 48.9547 49.8758 
6.28847 9.27957 0 1.17109 11.3281 
0 2.0067 0 0 0.443185 19.3616 0 
19.6104 7.17251 68.8905 45.0936 
11.1739 11.1739 48.9547 49.8758 
6.28847 9.27958 0 1.17109 11.3281 
0 2.0067 0 0 0.443185 19.3616 0 
Estimating row 91 out of 308 for hessian
19.6104 7.17253 68.8905 45.0935 
11.174 11.174 48.9547 49.8758 
6.28847 9.27952 0 1.17109 11.3281 
0 2.00671 0 0 0.443185 19.3616 0 
19.6104 7.1725 68.8905 45.0936 
11.1737 11.1737 48.9547 49.8758 
6.28847 9.27963 0 1.17109 11.3281 
0 2.00669 0 0 0.443185 19.3616 0 
19.6104 7.17252 68.8905 45.0936 
11.1739 11.1739 48.9547 49.8758 
6.28847 9.27957 0 1.17109 11.3281 
0 2.0067 0 0 0.443185 19.3616 0 
19.6104 7.17252 68.8905 45.0936 
11.1739 11.1739 48.9547 49.8758 
6.28847 9.27958 0 1.17109 11.3281 
0 2.0067 0 0 0.443185 19.3616 0 
Estimating row 92 out of 308 for hessian
19.6104 7.17254 68.8905 45.0935 
11.1739 11.1739 48.9547 49.8758 
6.28847 9.27955 0 1.17109 11.3281 
0 2.0067 0 0 0.443185 19.3616 0 
19.6104 7.1725 68.8905 45.0936 
11.1738 11.1738 48.9547 49.8758 
6.28847 9.27959 0 1.17109 11.3281 
0 2.00671 0 0 0.443185 19.3616 0 
19.6104 7.17252 68.8905 45.0936 
11.1739 11.1739 48.9547 49.8758 
6.28847 9.27957 0 1.17109 11.3281 
0 2.0067 0 0 0.443185 19.3616 0 
19.6104 7.17252 68.8905 45.0936 
11.1739 11.1739 48.9547 49.8758 
6.28847 9.27957 0 1.17109 11.3281 
0 2.0067 0 0 0.443185 19.3616 0 
Estimating row 93 out of 308 for hessian
19.6104 7.17254 68.8905 45.0935 
11.1739 11.1739 48.9547 49.8758 
6.28847 9.27959 0 1.17109 11.3281 
0 2.00669 0 0 0.443185 19.3616 0 
19.6104 7.17249 68.8905 45.0936 
11.1739 11.1739 48.9547 49.8758 
6.28847 9.27956 0 1.17109 11.3281 
0 2.00672 0 0 0.443185 19.3616 0 
19.6104 7.17252 68.8905 45.0936 
11.1739 11.1739 48.9547 49.8758 
6.28847 9.27957 0 1.17109 11.3281 
0 2.0067 0 0 0.443185 19.3616 0 
19.6104 7.17252 68.8905 45.0936 
11.1739 11.1739 48.9547 49.8758 
6.28847 9.27957 0 1.17109 11.3281 
0 2.0067 0 0 0.443185 19.3616 0 
Estimating row 94 out of 308 for hessian
19.6104 7.17255 68.8905 45.0936 
11.1737 11.1737 48.9546 49.8758 
6.28847 9.27967 0 1.17109 11.3281 
0 2.00673 0 0 0.443185 19.3616 0 
19.6104 7.17249 68.8905 45.0936 
11.174 11.174 48.9548 49.8758 
6.28847 9.27947 0 1.17109 11.3281 
0 2.00668 0 0 0.443185 19.3616 0 
19.6104 7.17252 68.8905 45.0936 
11.1739 11.1739 48.9547 49.8758 
6.28847 9.27958 0 1.17109 11.3281 
0 2.00671 0 0 0.443185 19.3616 0 
19.6104 7.17252 68.8905 45.0936 
11.1739 11.1739 48.9547 49.8758 
6.28847 9.27956 0 1.17109 11.3281 
0 2.0067 0 0 0.443185 19.3616 0 
Estimating row 95 out of 308 for hessian
19.6104 7.17255 68.8905 45.0936 
11.1738 11.1738 48.9547 49.8758 
6.28847 9.27964 0 1.17109 11.3281 
0 2.00668 0 0 0.443185 19.3616 0 
19.6104 7.17249 68.8905 45.0936 
11.1739 11.1739 48.9547 49.8758 
6.28847 9.2795 0 1.17109 11.3281 
0 2.00672 0 0 0.443185 19.3616 0 
19.6104 7.17252 68.8905 45.0936 
11.1739 11.1739 48.9547 49.8758 
6.28847 9.27958 0 1.17109 11.3281 
0 2.0067 0 0 0.443185 19.3616 0 
19.6104 7.17252 68.8905 45.0936 
11.1739 11.1739 48.9547 49.8758 
6.28847 9.27957 0 1.17109 11.3281 
0 2.00671 0 0 0.443185 19.3616 0 
Estimating row 96 out of 308 for hessian
19.6104 7.17252 68.8905 45.0936 
11.1739 11.1739 48.9547 49.8757 
6.28847 9.27961 0 1.17109 11.3281 
0 2.00671 0 0 0.443185 19.3616 0 
19.6104 7.17252 68.8905 45.0936 
11.1739 11.1739 48.9547 49.8758 
6.28847 9.27953 0 1.17109 11.3281 
0 2.0067 0 0 0.443185 19.3616 0 
19.6104 7.17252 68.8905 45.0936 
11.1739 11.1739 48.9547 49.8758 
6.28847 9.27958 0 1.17109 11.3281 
0 2.0067 0 0 0.443185 19.3616 0 
19.6104 7.17252 68.8905 45.0936 
11.1739 11.1739 48.9547 49.8758 
6.28847 9.27957 0 1.17109 11.3281 
0 2.0067 0 0 0.443185 19.3616 0 
Estimating row 97 out of 308 for hessian
19.6104 7.17254 68.8905 45.0936 
11.1738 11.1738 48.9547 49.8758 
6.28847 9.27961 0 1.17109 11.3281 
0 2.00669 0 0 0.443185 19.3616 0 
19.6104 7.17249 68.8905 45.0936 
11.1739 11.1739 48.9547 49.8758 
6.28847 9.27953 0 1.17109 11.3281 
0 2.00671 0 0 0.443185 19.3616 0 
19.6104 7.17252 68.8905 45.0936 
11.1739 11.1739 48.9547 49.8758 
6.28847 9.27958 0 1.17109 11.3281 
0 2.0067 0 0 0.443185 19.3616 0 
19.6104 7.17252 68.8905 45.0936 
11.1739 11.1739 48.9547 49.8758 
6.28847 9.27957 0 1.17109 11.3281 
0 2.0067 0 0 0.443185 19.3616 0 
Estimating row 98 out of 308 for hessian
19.6104 7.17256 68.8905 45.0935 
11.1738 11.1738 48.9547 49.8758 
6.28847 9.27963 0 1.17109 11.3281 
0 2.00671 0 0 0.443185 19.3616 0 
19.6104 7.17248 68.8905 45.0937 
11.1739 11.1739 48.9547 49.8757 
6.28847 9.27951 0 1.17109 11.3281 
0 2.00669 0 0 0.443185 19.3616 0 
19.6104 7.17252 68.8905 45.0936 
11.1739 11.1739 48.9547 49.8758 
6.28847 9.27958 0 1.17109 11.3281 
0 2.0067 0 0 0.443185 19.3616 0 
19.6104 7.17251 68.8905 45.0936 
11.1739 11.1739 48.9547 49.8758 
6.28847 9.27957 0 1.17109 11.3281 
0 2.0067 0 0 0.443185 19.3616 0 
Estimating row 99 out of 308 for hessian
19.6104 7.17255 68.8905 45.0935 
11.1739 11.1739 48.9547 49.8758 
6.28847 9.27958 0 1.17109 11.3281 
0 2.0067 0 0 0.443185 19.3616 0 
19.6104 7.17249 68.8905 45.0936 
11.1739 11.1739 48.9547 49.8757 
6.28847 9.27956 0 1.17109 11.3281 
0 2.00671 0 0 0.443185 19.3616 0 
19.6104 7.17252 68.8905 45.0936 
11.1739 11.1739 48.9547 49.8758 
6.28847 9.27957 0 1.17109 11.3281 
0 2.0067 0 0 0.443185 19.3616 0 
19.6104 7.17252 68.8905 45.0936 
11.1739 11.1739 48.9547 49.8758 
6.28847 9.27957 0 1.17109 11.3281 
0 2.0067 0 0 0.443185 19.3616 0 
Estimating row 100 out of 308 for hessian
19.6104 7.17253 68.8905 45.0936 
11.1738 11.1738 48.9547 49.8758 
6.28847 9.27956 0 1.17109 11.3281 
0 2.00669 0 0 0.443185 19.3616 0 
19.6104 7.17251 68.8905 45.0936 
11.1739 11.1739 48.9547 49.8758 
6.28847 9.27958 0 1.17109 11.3281 
0 2.00671 0 0 0.443185 19.3616 0 
19.6104 7.17252 68.8905 45.0936 
11.1739 11.1739 48.9547 49.8758 
6.28847 9.27957 0 1.17109 11.3281 
0 2.0067 0 0 0.443185 19.3616 0 
19.6104 7.17252 68.8905 45.0936 
11.1739 11.1739 48.9547 49.8758 
6.28847 9.27957 0 1.17109 11.3281 
0 2.0067 0 0 0.443185 19.3616 0 
Estimating row 101 out of 308 for hessian
19.6104 7.17258 68.8905 45.0936 
11.1737 11.1737 48.9547 49.8758 
6.28847 9.27962 0 1.17109 11.3281 
0 2.00673 0 0 0.443185 19.3616 0 
19.6104 7.17246 68.8905 45.0936 
11.174 11.174 48.9547 49.8758 
6.28847 9.27953 0 1.17109 11.3281 
0 2.00668 0 0 0.443185 19.3616 0 
19.6104 7.17252 68.8905 45.0936 
11.1738 11.1738 48.9547 49.8758 
6.28847 9.27958 0 1.17109 11.3281 
0 2.00671 0 0 0.443185 19.3616 0 
19.6104 7.17251 68.8905 45.0936 
11.1739 11.1739 48.9547 49.8758 
6.28847 9.27957 0 1.17109 11.3281 
0 2.0067 0 0 0.443185 19.3616 0 
Estimating row 102 out of 308 for hessian
19.6104 7.1726 68.8905 45.0936 
11.1738 11.1738 48.9547 49.8758 
6.28847 9.2796 0 1.17109 11.3281 
0 2.00669 0 0 0.443185 19.3616 0 
19.6104 7.17243 68.8905 45.0936 
11.1739 11.1739 48.9547 49.8758 
6.28847 9.27954 0 1.17109 11.3281 
0 2.00672 0 0 0.443185 19.3616 0 
19.6104 7.17253 68.8905 45.0936 
11.1739 11.1739 48.9547 49.8758 
6.28847 9.27958 0 1.17109 11.3281 
0 2.0067 0 0 0.443185 19.3616 0 
19.6104 7.17251 68.8905 45.0936 
11.1739 11.1739 48.9547 49.8758 
6.28847 9.27957 0 1.17109 11.3281 
0 2.0067 0 0 0.443185 19.3616 0 
Estimating row 103 out of 308 for hessian
19.6104 7.17261 68.8905 45.0936 
11.1738 11.1738 48.9547 49.8758 
6.28847 9.27961 0 1.17109 11.3281 
0 2.00669 0 0 0.443185 19.3616 0 
19.6104 7.17243 68.8905 45.0936 
11.1739 11.1739 48.9547 49.8758 
6.28847 9.27954 0 1.17109 11.3281 
0 2.00672 0 0 0.443185 19.3616 0 
19.6104 7.17253 68.8905 45.0936 
11.1739 11.1739 48.9547 49.8758 
6.28847 9.27958 0 1.17109 11.3281 
0 2.0067 0 0 0.443185 19.3616 0 
19.6104 7.17251 68.8905 45.0936 
11.1739 11.1739 48.9547 49.8758 
6.28847 9.27957 0 1.17109 11.3281 
0 2.0067 0 0 0.443185 19.3616 0 
Estimating row 104 out of 308 for hessian
19.6104 7.17256 68.8905 45.0936 
11.1737 11.1737 48.9547 49.8758 
6.28847 9.27965 0 1.17109 11.3281 
0 2.00672 0 0 0.443185 19.3616 0 
19.6104 7.17248 68.8905 45.0936 
11.174 11.174 48.9547 49.8758 
6.28847 9.2795 0 1.17109 11.3281 
0 2.00669 0 0 0.443185 19.3616 0 
19.6104 7.17252 68.8905 45.0936 
11.1738 11.1738 48.9547 49.8758 
6.28847 9.27958 0 1.17109 11.3281 
0 2.0067 0 0 0.443185 19.3616 0 
19.6104 7.17251 68.8905 45.0936 
11.1739 11.1739 48.9547 49.8758 
6.28847 9.27957 0 1.17109 11.3281 
0 2.0067 0 0 0.443185 19.3616 0 
Estimating row 105 out of 308 for hessian
19.6104 7.17253 68.8905 45.0936 
11.1738 11.1738 48.9547 49.8758 
6.28847 9.27959 0 1.17109 11.3281 
0 2.0067 0 0 0.443185 19.3616 0 
19.6104 7.1725 68.8905 45.0935 
11.1739 11.1739 48.9547 49.8758 
6.28847 9.27955 0 1.17109 11.3281 
0 2.0067 0 0 0.443185 19.3616 0 
19.6104 7.17252 68.8905 45.0936 
11.1739 11.1739 48.9547 49.8758 
6.28847 9.27957 0 1.17109 11.3281 
0 2.0067 0 0 0.443185 19.3616 0 
19.6104 7.17252 68.8905 45.0936 
11.1739 11.1739 48.9547 49.8758 
6.28847 9.27957 0 1.17109 11.3281 
0 2.0067 0 0 0.443185 19.3616 0 
Estimating row 106 out of 308 for hessian
19.6104 7.17255 68.8905 45.0936 
11.1738 11.1738 48.9547 49.8758 
6.28847 9.27958 0 1.17109 11.3281 
0 2.0067 0 0 0.443185 19.3616 0 
19.6104 7.17249 68.8905 45.0935 
11.1739 11.1739 48.9547 49.8758 
6.28847 9.27956 0 1.17109 11.3281 
0 2.00671 0 0 0.443185 19.3616 0 
19.6104 7.17252 68.8905 45.0936 
11.1739 11.1739 48.9547 49.8758 
6.28847 9.27957 0 1.17109 11.3281 
0 2.0067 0 0 0.443185 19.3616 0 
19.6104 7.17251 68.8905 45.0936 
11.1739 11.1739 48.9547 49.8758 
6.28847 9.27957 0 1.17109 11.3281 
0 2.0067 0 0 0.443185 19.3616 0 
Estimating row 107 out of 308 for hessian
19.6104 7.17258 68.8905 45.0936 
11.1738 11.1738 48.9547 49.8758 
6.28847 9.27958 0 1.17109 11.3281 
0 2.00669 0 0 0.443185 19.3616 0 
19.6104 7.17246 68.8905 45.0936 
11.1739 11.1739 48.9547 49.8758 
6.28847 9.27957 0 1.17109 11.3281 
0 2.00672 0 0 0.443185 19.3616 0 
19.6104 7.17252 68.8905 45.0936 
11.1739 11.1739 48.9547 49.8758 
6.28847 9.27957 0 1.17109 11.3281 
0 2.0067 0 0 0.443185 19.3616 0 
19.6104 7.17251 68.8905 45.0936 
11.1739 11.1739 48.9547 49.8758 
6.28847 9.27957 0 1.17109 11.3281 
0 2.0067 0 0 0.443185 19.3616 0 
Estimating row 108 out of 308 for hessian
19.6104 7.17257 68.8905 45.0936 
11.1738 11.1738 48.9547 49.8758 
6.28847 9.27954 0 1.17109 11.3281 
0 2.00671 0 0 0.443185 19.3616 0 
19.6104 7.17247 68.8905 45.0936 
11.1739 11.1739 48.9547 49.8758 
6.28847 9.27961 0 1.17109 11.3281 
0 2.00669 0 0 0.443185 19.3616 0 
19.6104 7.17252 68.8905 45.0936 
11.1739 11.1739 48.9547 49.8758 
6.28847 9.27957 0 1.17109 11.3281 
0 2.0067 0 0 0.443185 19.3616 0 
19.6104 7.17251 68.8905 45.0936 
11.1739 11.1739 48.9547 49.8758 
6.28847 9.27958 0 1.17109 11.3281 
0 2.0067 0 0 0.443185 19.3616 0 
Estimating row 109 out of 308 for hessian
19.6104 7.17256 68.8905 45.0935 
11.1739 11.1739 48.9547 49.8758 
6.28847 9.27948 0 1.17109 11.3281 
0 2.0067 0 0 0.443185 19.3616 0 
19.6104 7.17247 68.8905 45.0936 
11.1738 11.1738 48.9547 49.8758 
6.28847 9.27966 0 1.17109 11.3281 
0 2.00671 0 0 0.443185 19.3616 0 
19.6104 7.17252 68.8905 45.0936 
11.1739 11.1739 48.9547 49.8758 
6.28847 9.27956 0 1.17109 11.3281 
0 2.0067 0 0 0.443185 19.3616 0 
19.6104 7.17251 68.8905 45.0936 
11.1739 11.1739 48.9547 49.8758 
6.28847 9.27958 0 1.17109 11.3281 
0 2.0067 0 0 0.443185 19.3616 0 
Estimating row 110 out of 308 for hessian
19.6104 7.17251 68.8905 45.0936 
11.1739 11.1739 48.9547 49.8758 
6.28847 9.27949 0 1.17109 11.3281 
0 2.0067 0 0 0.443185 19.3616 0 
19.6104 7.17253 68.8905 45.0936 
11.1738 11.1738 48.9547 49.8758 
6.28847 9.27965 0 1.17109 11.3281 
0 2.0067 0 0 0.443185 19.3616 0 
19.6104 7.17252 68.8905 45.0936 
11.1739 11.1739 48.9547 49.8758 
6.28847 9.27956 0 1.17109 11.3281 
0 2.0067 0 0 0.443185 19.3616 0 
19.6104 7.17252 68.8905 45.0936 
11.1739 11.1739 48.9547 49.8758 
6.28847 9.27958 0 1.17109 11.3281 
0 2.0067 0 0 0.443185 19.3616 0 
Estimating row 111 out of 308 for hessian
19.6104 7.17251 68.8905 45.0936 
11.1739 11.1739 48.9547 49.8758 
6.28847 9.27953 0 1.17109 11.3281 
0 2.00671 0 0 0.443185 19.3616 0 
19.6104 7.17252 68.8905 45.0936 
11.1738 11.1738 48.9547 49.8758 
6.28847 9.27962 0 1.17109 11.3281 
0 2.0067 0 0 0.443185 19.3616 0 
19.6104 7.17252 68.8905 45.0936 
11.1739 11.1739 48.9547 49.8758 
6.28847 9.27957 0 1.17109 11.3281 
0 2.0067 0 0 0.443185 19.3616 0 
19.6104 7.17252 68.8905 45.0936 
11.1739 11.1739 48.9547 49.8758 
6.28847 9.27958 0 1.17109 11.3281 
0 2.0067 0 0 0.443185 19.3616 0 
Estimating row 112 out of 308 for hessian
19.6104 7.17254 68.8905 45.0936 
11.1739 11.1739 48.9547 49.8758 
6.28847 9.27954 0 1.17109 11.3281 
0 2.00669 0 0 0.443185 19.3616 0 
19.6104 7.1725 68.8905 45.0935 
11.1738 11.1738 48.9547 49.8758 
6.28847 9.2796 0 1.17109 11.3281 
0 2.00671 0 0 0.443185 19.3616 0 
19.6104 7.17252 68.8905 45.0936 
11.1739 11.1739 48.9547 49.8758 
6.28847 9.27957 0 1.17109 11.3281 
0 2.0067 0 0 0.443185 19.3616 0 
19.6104 7.17252 68.8905 45.0936 
11.1739 11.1739 48.9547 49.8758 
6.28847 9.27958 0 1.17109 11.3281 
0 2.0067 0 0 0.443185 19.3616 0 
Estimating row 113 out of 308 for hessian
19.6104 7.17253 68.8905 45.0936 
11.1739 11.1739 48.9547 49.8758 
6.28847 9.27955 0 1.17109 11.3281 
0 2.0067 0 0 0.443185 19.3616 0 
19.6104 7.17251 68.8905 45.0936 
11.1738 11.1738 48.9547 49.8758 
6.28847 9.27959 0 1.17109 11.3281 
0 2.00671 0 0 0.443185 19.3616 0 
19.6104 7.17252 68.8905 45.0936 
11.1739 11.1739 48.9547 49.8758 
6.28847 9.27957 0 1.17109 11.3281 
0 2.0067 0 0 0.443185 19.3616 0 
19.6104 7.17252 68.8905 45.0936 
11.1739 11.1739 48.9547 49.8758 
6.28847 9.27957 0 1.17109 11.3281 
0 2.0067 0 0 0.443185 19.3616 0 
Estimating row 114 out of 308 for hessian
19.6104 7.1725 68.8905 45.0936 
11.1739 11.1739 48.9547 49.8758 
6.28847 9.27956 0 1.17109 11.3281 
0 2.00669 0 0 0.443185 19.3616 0 
19.6104 7.17254 68.8905 45.0936 
11.1738 11.1738 48.9547 49.8758 
6.28847 9.27959 0 1.17109 11.3281 
0 2.00671 0 0 0.443185 19.3616 0 
19.6104 7.17252 68.8905 45.0936 
11.1739 11.1739 48.9547 49.8758 
6.28847 9.27957 0 1.17109 11.3281 
0 2.0067 0 0 0.443185 19.3616 0 
19.6104 7.17252 68.8905 45.0936 
11.1739 11.1739 48.9547 49.8758 
6.28847 9.27957 0 1.17109 11.3281 
0 2.0067 0 0 0.443185 19.3616 0 
Estimating row 115 out of 308 for hessian
19.6104 7.17247 68.8905 45.0935 
11.1739 11.1739 48.9547 49.8758 
6.28847 9.27956 0 1.17109 11.3281 
0 2.00673 0 0 0.443185 19.3616 0 
19.6104 7.17257 68.8905 45.0936 
11.1738 11.1738 48.9547 49.8758 
6.28847 9.27958 0 1.17109 11.3281 
0 2.00668 0 0 0.443185 19.3616 0 
19.6104 7.17251 68.8905 45.0936 
11.1739 11.1739 48.9547 49.8758 
6.28847 9.27957 0 1.17109 11.3281 
0 2.00671 0 0 0.443185 19.3616 0 
19.6104 7.17252 68.8905 45.0936 
11.1739 11.1739 48.9547 49.8758 
6.28847 9.27957 0 1.17109 11.3281 
0 2.0067 0 0 0.443185 19.3616 0 
Estimating row 116 out of 308 for hessian
19.6104 7.17257 68.8905 45.0936 
11.1739 11.1739 48.9547 49.8758 
6.28847 9.27958 0 1.17109 11.3281 
0 2.00667 0 0 0.443185 19.3616 0 
19.6104 7.17247 68.8905 45.0936 
11.1738 11.1738 48.9547 49.8758 
6.28847 9.27957 0 1.17109 11.3281 
0 2.00673 0 0 0.443185 19.3616 0 
19.6104 7.17252 68.8905 45.0936 
11.1739 11.1739 48.9547 49.8758 
6.28847 9.27957 0 1.17109 11.3281 
0 2.0067 0 0 0.443185 19.3616 0 
19.6104 7.17251 68.8905 45.0936 
11.1739 11.1739 48.9547 49.8758 
6.28847 9.27957 0 1.17109 11.3281 
0 2.00671 0 0 0.443185 19.3616 0 
Estimating row 117 out of 308 for hessian
19.6104 7.17246 68.8905 45.0936 
11.1739 11.1739 48.9547 49.8758 
6.28847 9.27963 0 1.17109 11.3281 
0 2.00672 0 0 0.443185 19.3616 0 
19.6104 7.17257 68.8905 45.0936 
11.1739 11.1739 48.9547 49.8758 
6.28847 9.27952 0 1.17109 11.3281 
0 2.00669 0 0 0.443185 19.3616 0 
19.6104 7.17251 68.8905 45.0936 
11.1739 11.1739 48.9547 49.8758 
6.28847 9.27958 0 1.17109 11.3281 
0 2.0067 0 0 0.443185 19.3616 0 
19.6104 7.17252 68.8905 45.0936 
11.1739 11.1739 48.9547 49.8758 
6.28847 9.27957 0 1.17109 11.3281 
0 2.0067 0 0 0.443185 19.3616 0 
Estimating row 118 out of 308 for hessian
19.6104 7.17249 68.8905 45.0936 
11.1738 11.1738 48.9547 49.8758 
6.28847 9.27962 0 1.17109 11.3281 
0 2.0067 0 0 0.443185 19.3616 0 
19.6104 7.17255 68.8905 45.0936 
11.1739 11.1739 48.9547 49.8758 
6.28847 9.27953 0 1.17109 11.3281 
0 2.00671 0 0 0.443185 19.3616 0 
19.6104 7.17251 68.8905 45.0936 
11.1739 11.1739 48.9547 49.8758 
6.28847 9.27958 0 1.17109 11.3281 
0 2.0067 0 0 0.443185 19.3616 0 
19.6104 7.17252 68.8905 45.0936 
11.1739 11.1739 48.9547 49.8758 
6.28847 9.27957 0 1.17109 11.3281 
0 2.0067 0 0 0.443185 19.3616 0 
Estimating row 119 out of 308 for hessian
19.6104 7.17255 68.8905 45.0936 
11.1738 11.1738 48.9547 49.8758 
6.28847 9.2796 0 1.17109 11.3281 
0 2.0067 0 0 0.443185 19.3616 0 
19.6104 7.17249 68.8905 45.0936 
11.1739 11.1739 48.9547 49.8758 
6.28847 9.27955 0 1.17109 11.3281 
0 2.00671 0 0 0.443185 19.3616 0 
19.6104 7.17252 68.8905 45.0936 
11.1739 11.1739 48.9547 49.8758 
6.28847 9.27958 0 1.17109 11.3281 
0 2.0067 0 0 0.443185 19.3616 0 
19.6104 7.17252 68.8905 45.0936 
11.1739 11.1739 48.9547 49.8758 
6.28847 9.27957 0 1.17109 11.3281 
0 2.0067 0 0 0.443185 19.3616 0 
Estimating row 120 out of 308 for hessian
19.6104 7.17256 68.8905 45.0936 
11.1738 11.1738 48.9547 49.8758 
6.28847 9.27961 0 1.17109 11.3281 
0 2.00669 0 0 0.443185 19.3616 0 
19.6104 7.17247 68.8905 45.0936 
11.1739 11.1739 48.9547 49.8758 
6.28847 9.27953 0 1.17109 11.3281 
0 2.00671 0 0 0.443185 19.3616 0 
19.6104 7.17252 68.8905 45.0936 
11.1739 11.1739 48.9547 49.8758 
6.28847 9.27958 0 1.17109 11.3281 
0 2.0067 0 0 0.443185 19.3616 0 
19.6104 7.17251 68.8905 45.0936 
11.1739 11.1739 48.9547 49.8758 
6.28847 9.27957 0 1.17109 11.3281 
0 2.0067 0 0 0.443185 19.3616 0 
Estimating row 121 out of 308 for hessian
19.6104 7.17237 68.8905 45.0936 
11.1739 11.1739 48.9547 49.8758 
6.28847 9.27963 0 1.17109 11.3281 
0 2.0067 0 0 0.443185 19.3616 0 
19.6104 7.17267 68.8905 45.0936 
11.1738 11.1738 48.9547 49.8757 
6.28847 9.27952 0 1.17109 11.3281 
0 2.00671 0 0 0.443185 19.3616 0 
19.6104 7.1725 68.8905 45.0936 
11.1739 11.1739 48.9547 49.8758 
6.28847 9.27958 0 1.17109 11.3281 
0 2.0067 0 0 0.443185 19.3616 0 
19.6104 7.17253 68.8905 45.0936 
11.1739 11.1739 48.9547 49.8758 
6.28847 9.27957 0 1.17109 11.3281 
0 2.0067 0 0 0.443185 19.3616 0 
Estimating row 122 out of 308 for hessian
19.6104 7.17206 68.8905 45.0937 
11.1741 11.1741 48.9547 49.8757 
6.28847 9.27962 0 1.17109 11.3281 
0 2.00673 0 0 0.443185 19.3616 0 
19.6104 7.17298 68.8905 45.0935 
11.1737 11.1737 48.9547 49.8758 
6.28847 9.27953 0 1.17109 11.3281 
0 2.00667 0 0 0.443185 19.3616 0 
19.6104 7.17247 68.8905 45.0936 
11.1739 11.1739 48.9547 49.8758 
6.28847 9.27958 0 1.17109 11.3281 
0 2.00671 0 0 0.443185 19.3616 0 
19.6104 7.17256 68.8905 45.0936 
11.1738 11.1738 48.9547 49.8758 
6.28847 9.27957 0 1.17109 11.3281 
0 2.0067 0 0 0.443185 19.3616 0 
Estimating row 123 out of 308 for hessian
19.6104 7.17252 68.8905 45.0936 
11.1739 11.1739 48.9547 49.8758 
6.28847 9.27957 0 1.17109 11.3281 
0 2.0067 0 0 0.443185 19.3616 0 
19.6104 7.17252 68.8905 45.0936 
11.1739 11.1739 48.9547 49.8758 
6.28847 9.27957 0 1.17109 11.3281 
0 2.0067 0 0 0.443185 19.3616 0 
19.6104 7.17252 68.8905 45.0936 
11.1739 11.1739 48.9547 49.8758 
6.28847 9.27957 0 1.17109 11.3281 
0 2.0067 0 0 0.443185 19.3616 0 
19.6104 7.17252 68.8905 45.0936 
11.1739 11.1739 48.9547 49.8758 
6.28847 9.27957 0 1.17109 11.3281 
0 2.0067 0 0 0.443185 19.3616 0 
Estimating row 124 out of 308 for hessian
19.6104 7.17248 68.8905 45.0936 
11.1737 11.1737 48.9547 49.8758 
6.28847 9.27969 0 1.17109 11.3281 
0 2.00673 0 0 0.443185 19.3616 0 
19.6104 7.17256 68.8905 45.0935 
11.1741 11.1741 48.9547 49.8758 
6.28847 9.27946 0 1.17109 11.3281 
0 2.00668 0 0 0.443185 19.3616 0 
19.6104 7.17251 68.8905 45.0936 
11.1738 11.1738 48.9547 49.8758 
6.28847 9.27958 0 1.17109 11.3281 
0 2.00671 0 0 0.443185 19.3616 0 
19.6104 7.17252 68.8905 45.0936 
11.1739 11.1739 48.9547 49.8758 
6.28847 9.27956 0 1.17109 11.3281 
0 2.0067 0 0 0.443185 19.3616 0 
Estimating row 125 out of 308 for hessian
19.6104 7.17253 68.8905 45.0936 
11.1739 11.1739 48.9547 49.8758 
6.28847 9.27956 0 1.17109 11.3281 
0 2.0067 0 0 0.443185 19.3616 0 
19.6104 7.17251 68.8905 45.0936 
11.1739 11.1739 48.9547 49.8758 
6.28847 9.27958 0 1.17109 11.3281 
0 2.00671 0 0 0.443185 19.3616 0 
19.6104 7.17252 68.8905 45.0936 
11.1739 11.1739 48.9547 49.8758 
6.28847 9.27957 0 1.17109 11.3281 
0 2.0067 0 0 0.443185 19.3616 0 
19.6104 7.17252 68.8905 45.0936 
11.1739 11.1739 48.9547 49.8758 
6.28847 9.27957 0 1.17109 11.3281 
0 2.0067 0 0 0.443185 19.3616 0 
Estimating row 126 out of 308 for hessian
19.6104 7.17258 68.8905 45.0936 
11.1739 11.1739 48.9547 49.8758 
6.28847 9.27956 0 1.17109 11.3281 
0 2.0067 0 0 0.443185 19.3616 0 
19.6104 7.17246 68.8905 45.0935 
11.1739 11.1739 48.9547 49.8758 
6.28847 9.27958 0 1.17109 11.3281 
0 2.00671 0 0 0.443185 19.3616 0 
19.6104 7.17252 68.8905 45.0936 
11.1739 11.1739 48.9547 49.8758 
6.28847 9.27957 0 1.17109 11.3281 
0 2.0067 0 0 0.443185 19.3616 0 
19.6104 7.17251 68.8905 45.0936 
11.1739 11.1739 48.9547 49.8758 
6.28847 9.27957 0 1.17109 11.3281 
0 2.0067 0 0 0.443185 19.3616 0 
Estimating row 127 out of 308 for hessian
19.6104 7.17252 68.8905 45.0936 
11.1739 11.1739 48.9547 49.8758 
6.28847 9.27957 0 1.17109 11.3281 
0 2.0067 0 0 0.443185 19.3616 0 
19.6104 7.17252 68.8905 45.0936 
11.1739 11.1739 48.9547 49.8758 
6.28847 9.27957 0 1.17109 11.3281 
0 2.0067 0 0 0.443185 19.3616 0 
19.6104 7.17252 68.8905 45.0936 
11.1739 11.1739 48.9547 49.8758 
6.28847 9.27957 0 1.17109 11.3281 
0 2.0067 0 0 0.443185 19.3616 0 
19.6104 7.17252 68.8905 45.0936 
11.1739 11.1739 48.9547 49.8758 
6.28847 9.27957 0 1.17109 11.3281 
0 2.0067 0 0 0.443185 19.3616 0 
Estimating row 128 out of 308 for hessian
19.6104 7.17252 68.8905 45.0936 
11.1739 11.1739 48.9547 49.8758 
6.28847 9.27957 0 1.17109 11.3281 
0 2.0067 0 0 0.443185 19.3616 0 
19.6104 7.17252 68.8905 45.0936 
11.1739 11.1739 48.9547 49.8758 
6.28847 9.27957 0 1.17109 11.3281 
0 2.0067 0 0 0.443185 19.3616 0 
19.6104 7.17252 68.8905 45.0936 
11.1739 11.1739 48.9547 49.8758 
6.28847 9.27957 0 1.17109 11.3281 
0 2.0067 0 0 0.443185 19.3616 0 
19.6104 7.17252 68.8905 45.0936 
11.1739 11.1739 48.9547 49.8758 
6.28847 9.27957 0 1.17109 11.3281 
0 2.0067 0 0 0.443185 19.3616 0 
Estimating row 129 out of 308 for hessian
19.6104 7.17252 68.8905 45.0936 
11.1739 11.1739 48.9547 49.8758 
6.28847 9.27957 0 1.17109 11.3281 
0 2.0067 0 0 0.443185 19.3616 0 
19.6104 7.17252 68.8905 45.0936 
11.1739 11.1739 48.9547 49.8758 
6.28847 9.27957 0 1.17109 11.3281 
0 2.0067 0 0 0.443185 19.3616 0 
19.6104 7.17252 68.8905 45.0936 
11.1739 11.1739 48.9547 49.8758 
6.28847 9.27957 0 1.17109 11.3281 
0 2.0067 0 0 0.443185 19.3616 0 
19.6104 7.17252 68.8905 45.0936 
11.1739 11.1739 48.9547 49.8758 
6.28847 9.27957 0 1.17109 11.3281 
0 2.0067 0 0 0.443185 19.3616 0 
Estimating row 130 out of 308 for hessian
19.6104 7.17252 68.8905 45.0936 
11.1739 11.1739 48.9547 49.8758 
6.28847 9.27957 0 1.17109 11.3281 
0 2.0067 0 0 0.443185 19.3616 0 
19.6104 7.17252 68.8905 45.0936 
11.1739 11.1739 48.9547 49.8758 
6.28847 9.27957 0 1.17109 11.3281 
0 2.0067 0 0 0.443185 19.3616 0 
19.6104 7.17252 68.8905 45.0936 
11.1739 11.1739 48.9547 49.8758 
6.28847 9.27957 0 1.17109 11.3281 
0 2.0067 0 0 0.443185 19.3616 0 
19.6104 7.17252 68.8905 45.0936 
11.1739 11.1739 48.9547 49.8758 
6.28847 9.27957 0 1.17109 11.3281 
0 2.0067 0 0 0.443185 19.3616 0 
Estimating row 131 out of 308 for hessian
19.6104 7.17252 68.8905 45.0936 
11.1739 11.1739 48.9547 49.8758 
6.28847 9.27957 0 1.17109 11.3281 
0 2.0067 0 0 0.443185 19.3616 0 
19.6104 7.17252 68.8905 45.0936 
11.1739 11.1739 48.9547 49.8758 
6.28847 9.27957 0 1.17109 11.3281 
0 2.0067 0 0 0.443185 19.3616 0 
19.6104 7.17252 68.8905 45.0936 
11.1739 11.1739 48.9547 49.8758 
6.28847 9.27957 0 1.17109 11.3281 
0 2.0067 0 0 0.443185 19.3616 0 
19.6104 7.17252 68.8905 45.0936 
11.1739 11.1739 48.9547 49.8758 
6.28847 9.27957 0 1.17109 11.3281 
0 2.0067 0 0 0.443185 19.3616 0 
Estimating row 132 out of 308 for hessian
19.6104 7.17252 68.8905 45.0936 
11.1739 11.1739 48.9547 49.8758 
6.28847 9.27957 0 1.17109 11.3281 
0 2.0067 0 0 0.443185 19.3616 0 
19.6104 7.17252 68.8905 45.0936 
11.1739 11.1739 48.9547 49.8758 
6.28847 9.27957 0 1.17109 11.3281 
0 2.0067 0 0 0.443185 19.3616 0 
19.6104 7.17252 68.8905 45.0936 
11.1739 11.1739 48.9547 49.8758 
6.28847 9.27957 0 1.17109 11.3281 
0 2.0067 0 0 0.443185 19.3616 0 
19.6104 7.17252 68.8905 45.0936 
11.1739 11.1739 48.9547 49.8758 
6.28847 9.27957 0 1.17109 11.3281 
0 2.0067 0 0 0.443185 19.3616 0 
Estimating row 133 out of 308 for hessian
19.6104 7.17252 68.8905 45.0936 
11.1739 11.1739 48.9547 49.8758 
6.28847 9.27957 0 1.17109 11.3281 
0 2.0067 0 0 0.443185 19.3616 0 
19.6104 7.17252 68.8905 45.0936 
11.1739 11.1739 48.9547 49.8758 
6.28847 9.27957 0 1.17109 11.3281 
0 2.0067 0 0 0.443185 19.3616 0 
19.6104 7.17252 68.8905 45.0936 
11.1739 11.1739 48.9547 49.8758 
6.28847 9.27957 0 1.17109 11.3281 
0 2.0067 0 0 0.443185 19.3616 0 
19.6104 7.17252 68.8905 45.0936 
11.1739 11.1739 48.9547 49.8758 
6.28847 9.27957 0 1.17109 11.3281 
0 2.0067 0 0 0.443185 19.3616 0 
Estimating row 134 out of 308 for hessian
19.6104 7.17252 68.8905 45.0936 
11.1739 11.1739 48.9547 49.8758 
6.28847 9.27957 0 1.17109 11.3281 
0 2.0067 0 0 0.443185 19.3616 0 
19.6104 7.17252 68.8905 45.0936 
11.1739 11.1739 48.9547 49.8758 
6.28847 9.27957 0 1.17109 11.3281 
0 2.0067 0 0 0.443185 19.3616 0 
19.6104 7.17252 68.8905 45.0936 
11.1739 11.1739 48.9547 49.8758 
6.28847 9.27957 0 1.17109 11.3281 
0 2.0067 0 0 0.443185 19.3616 0 
19.6104 7.17252 68.8905 45.0936 
11.1739 11.1739 48.9547 49.8758 
6.28847 9.27957 0 1.17109 11.3281 
0 2.0067 0 0 0.443185 19.3616 0 
Estimating row 135 out of 308 for hessian
19.6104 7.17252 68.8905 45.0936 
11.1739 11.1739 48.9547 49.8758 
6.28847 9.27957 0 1.17109 11.3281 
0 2.0067 0 0 0.443185 19.3616 0 
19.6104 7.17252 68.8905 45.0936 
11.1739 11.1739 48.9547 49.8758 
6.28847 9.27957 0 1.17109 11.3281 
0 2.0067 0 0 0.443185 19.3616 0 
19.6104 7.17252 68.8905 45.0936 
11.1739 11.1739 48.9547 49.8758 
6.28847 9.27957 0 1.17109 11.3281 
0 2.0067 0 0 0.443185 19.3616 0 
19.6104 7.17252 68.8905 45.0936 
11.1739 11.1739 48.9547 49.8758 
6.28847 9.27957 0 1.17109 11.3281 
0 2.0067 0 0 0.443185 19.3616 0 
Estimating row 136 out of 308 for hessian
19.6104 7.17252 68.8905 45.0936 
11.1739 11.1739 48.9547 49.8758 
6.28847 9.27957 0 1.17109 11.3281 
0 2.0067 0 0 0.443185 19.3616 0 
19.6104 7.17252 68.8905 45.0936 
11.1739 11.1739 48.9547 49.8758 
6.28847 9.27957 0 1.17109 11.3281 
0 2.0067 0 0 0.443185 19.3616 0 
19.6104 7.17252 68.8905 45.0936 
11.1739 11.1739 48.9547 49.8758 
6.28847 9.27957 0 1.17109 11.3281 
0 2.0067 0 0 0.443185 19.3616 0 
19.6104 7.17252 68.8905 45.0936 
11.1739 11.1739 48.9547 49.8758 
6.28847 9.27957 0 1.17109 11.3281 
0 2.0067 0 0 0.443185 19.3616 0 
Estimating row 137 out of 308 for hessian
19.6104 7.17252 68.8905 45.0936 
11.1739 11.1739 48.9547 49.8758 
6.28847 9.27957 0 1.17109 11.3281 
0 2.0067 0 0 0.443185 19.3616 0 
19.6104 7.17252 68.8905 45.0936 
11.1739 11.1739 48.9547 49.8758 
6.28847 9.27957 0 1.17109 11.3281 
0 2.0067 0 0 0.443185 19.3616 0 
19.6104 7.17252 68.8905 45.0936 
11.1739 11.1739 48.9547 49.8758 
6.28847 9.27957 0 1.17109 11.3281 
0 2.0067 0 0 0.443185 19.3616 0 
19.6104 7.17252 68.8905 45.0936 
11.1739 11.1739 48.9547 49.8758 
6.28847 9.27957 0 1.17109 11.3281 
0 2.0067 0 0 0.443185 19.3616 0 
Estimating row 138 out of 308 for hessian
19.6104 7.17252 68.8905 45.0936 
11.1739 11.1739 48.9547 49.8758 
6.28847 9.27957 0 1.17109 11.3281 
0 2.0067 0 0 0.443185 19.3616 0 
19.6104 7.17252 68.8905 45.0936 
11.1739 11.1739 48.9547 49.8758 
6.28847 9.27957 0 1.17109 11.3281 
0 2.0067 0 0 0.443185 19.3616 0 
19.6104 7.17252 68.8905 45.0936 
11.1739 11.1739 48.9547 49.8758 
6.28847 9.27957 0 1.17109 11.3281 
0 2.0067 0 0 0.443185 19.3616 0 
19.6104 7.17252 68.8905 45.0936 
11.1739 11.1739 48.9547 49.8758 
6.28847 9.27957 0 1.17109 11.3281 
0 2.0067 0 0 0.443185 19.3616 0 
Estimating row 139 out of 308 for hessian
19.6104 7.17252 68.8905 45.0936 
11.1739 11.1739 48.9547 49.8758 
6.28847 9.27957 0 1.17109 11.3281 
0 2.0067 0 0 0.443185 19.3616 0 
19.6104 7.17252 68.8905 45.0936 
11.1739 11.1739 48.9547 49.8758 
6.28847 9.27957 0 1.17109 11.3281 
0 2.0067 0 0 0.443185 19.3616 0 
19.6104 7.17252 68.8905 45.0936 
11.1739 11.1739 48.9547 49.8758 
6.28847 9.27957 0 1.17109 11.3281 
0 2.0067 0 0 0.443185 19.3616 0 
19.6104 7.17252 68.8905 45.0936 
11.1739 11.1739 48.9547 49.8758 
6.28847 9.27957 0 1.17109 11.3281 
0 2.0067 0 0 0.443185 19.3616 0 
Estimating row 140 out of 308 for hessian
19.6104 7.17252 68.8905 45.0936 
11.1739 11.1739 48.9547 49.8758 
6.28847 9.27957 0 1.17109 11.3281 
0 2.0067 0 0 0.443185 19.3616 0 
19.6104 7.17252 68.8905 45.0936 
11.1739 11.1739 48.9547 49.8758 
6.28847 9.27957 0 1.17109 11.3281 
0 2.0067 0 0 0.443185 19.3616 0 
19.6104 7.17252 68.8905 45.0936 
11.1739 11.1739 48.9547 49.8758 
6.28847 9.27957 0 1.17109 11.3281 
0 2.0067 0 0 0.443185 19.3616 0 
19.6104 7.17252 68.8905 45.0936 
11.1739 11.1739 48.9547 49.8758 
6.28847 9.27957 0 1.17109 11.3281 
0 2.0067 0 0 0.443185 19.3616 0 
Estimating row 141 out of 308 for hessian
19.6104 7.17252 68.8905 45.0936 
11.1739 11.1739 48.9547 49.8758 
6.28847 9.27957 0 1.17109 11.3281 
0 2.0067 0 0 0.443185 19.3616 0 
19.6104 7.17252 68.8905 45.0936 
11.1739 11.1739 48.9547 49.8758 
6.28847 9.27957 0 1.17109 11.3281 
0 2.0067 0 0 0.443185 19.3616 0 
19.6104 7.17252 68.8905 45.0936 
11.1739 11.1739 48.9547 49.8758 
6.28847 9.27957 0 1.17109 11.3281 
0 2.0067 0 0 0.443185 19.3616 0 
19.6104 7.17252 68.8905 45.0936 
11.1739 11.1739 48.9547 49.8758 
6.28847 9.27957 0 1.17109 11.3281 
0 2.0067 0 0 0.443185 19.3616 0 
Estimating row 142 out of 308 for hessian
19.6104 7.17252 68.8905 45.0936 
11.1739 11.1739 48.9547 49.8758 
6.28847 9.27957 0 1.17109 11.3281 
0 2.0067 0 0 0.443185 19.3616 0 
19.6104 7.17252 68.8905 45.0936 
11.1739 11.1739 48.9547 49.8758 
6.28847 9.27957 0 1.17109 11.3281 
0 2.0067 0 0 0.443185 19.3616 0 
19.6104 7.17252 68.8905 45.0936 
11.1739 11.1739 48.9547 49.8758 
6.28847 9.27957 0 1.17109 11.3281 
0 2.0067 0 0 0.443185 19.3616 0 
19.6104 7.17252 68.8905 45.0936 
11.1739 11.1739 48.9547 49.8758 
6.28847 9.27957 0 1.17109 11.3281 
0 2.0067 0 0 0.443185 19.3616 0 
Estimating row 143 out of 308 for hessian
19.6104 7.17252 68.8905 45.0936 
11.1739 11.1739 48.9547 49.8758 
6.28847 9.27957 0 1.17109 11.3281 
0 2.0067 0 0 0.443185 19.3616 0 
19.6104 7.17252 68.8905 45.0936 
11.1739 11.1739 48.9547 49.8758 
6.28847 9.27957 0 1.17109 11.3281 
0 2.0067 0 0 0.443185 19.3616 0 
19.6104 7.17252 68.8905 45.0936 
11.1739 11.1739 48.9547 49.8758 
6.28847 9.27957 0 1.17109 11.3281 
0 2.0067 0 0 0.443185 19.3616 0 
19.6104 7.17252 68.8905 45.0936 
11.1739 11.1739 48.9547 49.8758 
6.28847 9.27957 0 1.17109 11.3281 
0 2.0067 0 0 0.443185 19.3616 0 
Estimating row 144 out of 308 for hessian
19.6104 7.17252 68.8905 45.0936 
11.1739 11.1739 48.9547 49.8758 
6.28847 9.27957 0 1.17109 11.3281 
0 2.0067 0 0 0.443185 19.3616 0 
19.6104 7.17252 68.8905 45.0936 
11.1739 11.1739 48.9547 49.8758 
6.28847 9.27957 0 1.17109 11.3281 
0 2.0067 0 0 0.443185 19.3616 0 
19.6104 7.17252 68.8905 45.0936 
11.1739 11.1739 48.9547 49.8758 
6.28847 9.27957 0 1.17109 11.3281 
0 2.0067 0 0 0.443185 19.3616 0 
19.6104 7.17252 68.8905 45.0936 
11.1739 11.1739 48.9547 49.8758 
6.28847 9.27957 0 1.17109 11.3281 
0 2.0067 0 0 0.443185 19.3616 0 
Estimating row 145 out of 308 for hessian
19.6104 7.17252 68.8905 45.0936 
11.1739 11.1739 48.9547 49.8758 
6.28847 9.27957 0 1.17109 11.3281 
0 2.0067 0 0 0.443185 19.3616 0 
19.6104 7.17252 68.8905 45.0936 
11.1739 11.1739 48.9547 49.8758 
6.28847 9.27957 0 1.17109 11.3281 
0 2.0067 0 0 0.443185 19.3616 0 
19.6104 7.17252 68.8905 45.0936 
11.1739 11.1739 48.9547 49.8758 
6.28847 9.27957 0 1.17109 11.3281 
0 2.0067 0 0 0.443185 19.3616 0 
19.6104 7.17252 68.8905 45.0936 
11.1739 11.1739 48.9547 49.8758 
6.28847 9.27957 0 1.17109 11.3281 
0 2.0067 0 0 0.443185 19.3616 0 
Estimating row 146 out of 308 for hessian
19.6104 7.17252 68.8905 45.0936 
11.1739 11.1739 48.9547 49.8758 
6.28847 9.27957 0 1.17109 11.3281 
0 2.0067 0 0 0.443185 19.3616 0 
19.6104 7.17252 68.8905 45.0936 
11.1739 11.1739 48.9547 49.8758 
6.28847 9.27957 0 1.17109 11.3281 
0 2.0067 0 0 0.443185 19.3616 0 
19.6104 7.17252 68.8905 45.0936 
11.1739 11.1739 48.9547 49.8758 
6.28847 9.27957 0 1.17109 11.3281 
0 2.0067 0 0 0.443185 19.3616 0 
19.6104 7.17252 68.8905 45.0936 
11.1739 11.1739 48.9547 49.8758 
6.28847 9.27957 0 1.17109 11.3281 
0 2.0067 0 0 0.443185 19.3616 0 
Estimating row 147 out of 308 for hessian
19.6104 7.17252 68.8905 45.0936 
11.1739 11.1739 48.9547 49.8758 
6.28847 9.27957 0 1.17109 11.3281 
0 2.0067 0 0 0.443185 19.3616 0 
19.6104 7.17252 68.8905 45.0936 
11.1739 11.1739 48.9547 49.8758 
6.28847 9.27957 0 1.17109 11.3281 
0 2.0067 0 0 0.443185 19.3616 0 
19.6104 7.17252 68.8905 45.0936 
11.1739 11.1739 48.9547 49.8758 
6.28847 9.27957 0 1.17109 11.3281 
0 2.0067 0 0 0.443185 19.3616 0 
19.6104 7.17252 68.8905 45.0936 
11.1739 11.1739 48.9547 49.8758 
6.28847 9.27957 0 1.17109 11.3281 
0 2.0067 0 0 0.443185 19.3616 0 
Estimating row 148 out of 308 for hessian
19.6104 7.17252 68.8905 45.0936 
11.1739 11.1739 48.9547 49.8758 
6.28847 9.27957 0 1.17109 11.3281 
0 2.0067 0 0 0.443185 19.3616 0 
19.6104 7.17252 68.8905 45.0936 
11.1739 11.1739 48.9547 49.8758 
6.28847 9.27957 0 1.17109 11.3281 
0 2.0067 0 0 0.443185 19.3616 0 
19.6104 7.17252 68.8905 45.0936 
11.1739 11.1739 48.9547 49.8758 
6.28847 9.27957 0 1.17109 11.3281 
0 2.0067 0 0 0.443185 19.3616 0 
19.6104 7.17252 68.8905 45.0936 
11.1739 11.1739 48.9547 49.8758 
6.28847 9.27957 0 1.17109 11.3281 
0 2.0067 0 0 0.443185 19.3616 0 
Estimating row 149 out of 308 for hessian
19.6104 7.17252 68.8905 45.0936 
11.1739 11.1739 48.9547 49.8758 
6.28847 9.27957 0 1.17109 11.3281 
0 2.0067 0 0 0.443185 19.3616 0 
19.6104 7.17252 68.8905 45.0936 
11.1739 11.1739 48.9547 49.8758 
6.28847 9.27957 0 1.17109 11.3281 
0 2.0067 0 0 0.443185 19.3616 0 
19.6104 7.17252 68.8905 45.0936 
11.1739 11.1739 48.9547 49.8758 
6.28847 9.27957 0 1.17109 11.3281 
0 2.0067 0 0 0.443185 19.3616 0 
19.6104 7.17252 68.8905 45.0936 
11.1739 11.1739 48.9547 49.8758 
6.28847 9.27957 0 1.17109 11.3281 
0 2.0067 0 0 0.443185 19.3616 0 
Estimating row 150 out of 308 for hessian
19.6104 7.17252 68.8905 45.0936 
11.1739 11.1739 48.9547 49.8758 
6.28847 9.27957 0 1.17109 11.3281 
0 2.0067 0 0 0.443185 19.3616 0 
19.6104 7.17252 68.8905 45.0936 
11.1739 11.1739 48.9547 49.8758 
6.28847 9.27957 0 1.17109 11.3281 
0 2.0067 0 0 0.443185 19.3616 0 
19.6104 7.17252 68.8905 45.0936 
11.1739 11.1739 48.9547 49.8758 
6.28847 9.27957 0 1.17109 11.3281 
0 2.0067 0 0 0.443185 19.3616 0 
19.6104 7.17252 68.8905 45.0936 
11.1739 11.1739 48.9547 49.8758 
6.28847 9.27957 0 1.17109 11.3281 
0 2.0067 0 0 0.443185 19.3616 0 
Estimating row 151 out of 308 for hessian
19.6104 7.17252 68.8905 45.0936 
11.1739 11.1739 48.9547 49.8758 
6.28847 9.27957 0 1.17109 11.3281 
0 2.0067 0 0 0.443185 19.3616 0 
19.6104 7.17252 68.8905 45.0936 
11.1739 11.1739 48.9547 49.8758 
6.28847 9.27957 0 1.17109 11.3281 
0 2.0067 0 0 0.443185 19.3616 0 
19.6104 7.17252 68.8905 45.0936 
11.1739 11.1739 48.9547 49.8758 
6.28847 9.27957 0 1.17109 11.3281 
0 2.0067 0 0 0.443185 19.3616 0 
19.6104 7.17252 68.8905 45.0936 
11.1739 11.1739 48.9547 49.8758 
6.28847 9.27957 0 1.17109 11.3281 
0 2.0067 0 0 0.443185 19.3616 0 
Estimating row 152 out of 308 for hessian
19.6104 7.17252 68.8905 45.0936 
11.1739 11.1739 48.9547 49.8758 
6.28847 9.27957 0 1.17109 11.3281 
0 2.0067 0 0 0.443185 19.3616 0 
19.6104 7.17252 68.8905 45.0936 
11.1739 11.1739 48.9547 49.8758 
6.28847 9.27957 0 1.17109 11.3281 
0 2.0067 0 0 0.443185 19.3616 0 
19.6104 7.17252 68.8905 45.0936 
11.1739 11.1739 48.9547 49.8758 
6.28847 9.27957 0 1.17109 11.3281 
0 2.0067 0 0 0.443185 19.3616 0 
19.6104 7.17252 68.8905 45.0936 
11.1739 11.1739 48.9547 49.8758 
6.28847 9.27957 0 1.17109 11.3281 
0 2.0067 0 0 0.443185 19.3616 0 
Estimating row 153 out of 308 for hessian
19.6104 7.17252 68.8905 45.0936 
11.1739 11.1739 48.9547 49.8758 
6.28847 9.27957 0 1.17109 11.3281 
0 2.0067 0 0 0.443185 19.3616 0 
19.6104 7.17252 68.8905 45.0936 
11.1739 11.1739 48.9547 49.8758 
6.28847 9.27957 0 1.17109 11.3281 
0 2.0067 0 0 0.443185 19.3616 0 
19.6104 7.17252 68.8905 45.0936 
11.1739 11.1739 48.9547 49.8758 
6.28847 9.27957 0 1.17109 11.3281 
0 2.0067 0 0 0.443185 19.3616 0 
19.6104 7.17252 68.8905 45.0936 
11.1739 11.1739 48.9547 49.8758 
6.28847 9.27957 0 1.17109 11.3281 
0 2.0067 0 0 0.443185 19.3616 0 
Estimating row 154 out of 308 for hessian
19.6104 7.17252 68.8905 45.0936 
11.1739 11.1739 48.9547 49.8758 
6.28847 9.27957 0 1.17109 11.3281 
0 2.0067 0 0 0.443185 19.3616 0 
19.6104 7.17252 68.8905 45.0936 
11.1739 11.1739 48.9547 49.8758 
6.28847 9.27957 0 1.17109 11.3281 
0 2.0067 0 0 0.443185 19.3616 0 
19.6104 7.17252 68.8905 45.0936 
11.1739 11.1739 48.9547 49.8758 
6.28847 9.27957 0 1.17109 11.3281 
0 2.0067 0 0 0.443185 19.3616 0 
19.6104 7.17252 68.8905 45.0936 
11.1739 11.1739 48.9547 49.8758 
6.28847 9.27957 0 1.17109 11.3281 
0 2.0067 0 0 0.443185 19.3616 0 
Estimating row 155 out of 308 for hessian
19.6104 7.17252 68.8905 45.0936 
11.1739 11.1739 48.9547 49.8758 
6.28847 9.27957 0 1.17109 11.3281 
0 2.0067 0 0 0.443185 19.3616 0 
19.6104 7.17252 68.8905 45.0936 
11.1739 11.1739 48.9547 49.8758 
6.28847 9.27957 0 1.17109 11.3281 
0 2.0067 0 0 0.443185 19.3616 0 
19.6104 7.17252 68.8905 45.0936 
11.1739 11.1739 48.9547 49.8758 
6.28847 9.27957 0 1.17109 11.3281 
0 2.0067 0 0 0.443185 19.3616 0 
19.6104 7.17252 68.8905 45.0936 
11.1739 11.1739 48.9547 49.8758 
6.28847 9.27957 0 1.17109 11.3281 
0 2.0067 0 0 0.443185 19.3616 0 
Estimating row 156 out of 308 for hessian
19.6104 7.17252 68.8905 45.0936 
11.1739 11.1739 48.9547 49.8758 
6.28847 9.27957 0 1.17109 11.3281 
0 2.0067 0 0 0.443185 19.3616 0 
19.6104 7.17252 68.8905 45.0936 
11.1739 11.1739 48.9547 49.8758 
6.28847 9.27957 0 1.17109 11.3281 
0 2.0067 0 0 0.443185 19.3616 0 
19.6104 7.17252 68.8905 45.0936 
11.1739 11.1739 48.9547 49.8758 
6.28847 9.27957 0 1.17109 11.3281 
0 2.0067 0 0 0.443185 19.3616 0 
19.6104 7.17252 68.8905 45.0936 
11.1739 11.1739 48.9547 49.8758 
6.28847 9.27957 0 1.17109 11.3281 
0 2.0067 0 0 0.443185 19.3616 0 
Estimating row 157 out of 308 for hessian
19.6104 7.17252 68.8905 45.0936 
11.1739 11.1739 48.9547 49.8758 
6.28847 9.27957 0 1.17109 11.3281 
0 2.0067 0 0 0.443185 19.3616 0 
19.6104 7.17252 68.8905 45.0936 
11.1739 11.1739 48.9547 49.8758 
6.28847 9.27957 0 1.17109 11.3281 
0 2.0067 0 0 0.443185 19.3616 0 
19.6104 7.17252 68.8905 45.0936 
11.1739 11.1739 48.9547 49.8758 
6.28847 9.27957 0 1.17109 11.3281 
0 2.0067 0 0 0.443185 19.3616 0 
19.6104 7.17252 68.8905 45.0936 
11.1739 11.1739 48.9547 49.8758 
6.28847 9.27957 0 1.17109 11.3281 
0 2.0067 0 0 0.443185 19.3616 0 
Estimating row 158 out of 308 for hessian
19.6104 7.17252 68.8905 45.0936 
11.1739 11.1739 48.9547 49.8758 
6.28847 9.27957 0 1.17109 11.3281 
0 2.0067 0 0 0.443185 19.3616 0 
19.6104 7.17252 68.8905 45.0936 
11.1739 11.1739 48.9547 49.8758 
6.28847 9.27957 0 1.17109 11.3281 
0 2.0067 0 0 0.443185 19.3616 0 
19.6104 7.17252 68.8905 45.0936 
11.1739 11.1739 48.9547 49.8758 
6.28847 9.27957 0 1.17109 11.3281 
0 2.0067 0 0 0.443185 19.3616 0 
19.6104 7.17252 68.8905 45.0936 
11.1739 11.1739 48.9547 49.8758 
6.28847 9.27957 0 1.17109 11.3281 
0 2.0067 0 0 0.443185 19.3616 0 
Estimating row 159 out of 308 for hessian
19.6104 7.17252 68.8905 45.0936 
11.1739 11.1739 48.9547 49.8758 
6.28847 9.27957 0 1.17109 11.3281 
0 2.0067 0 0 0.443185 19.3616 0 
19.6104 7.17252 68.8905 45.0936 
11.1739 11.1739 48.9547 49.8758 
6.28847 9.27957 0 1.17109 11.3281 
0 2.0067 0 0 0.443185 19.3616 0 
19.6104 7.17252 68.8905 45.0936 
11.1739 11.1739 48.9547 49.8758 
6.28847 9.27957 0 1.17109 11.3281 
0 2.0067 0 0 0.443185 19.3616 0 
19.6104 7.17252 68.8905 45.0936 
11.1739 11.1739 48.9547 49.8758 
6.28847 9.27957 0 1.17109 11.3281 
0 2.0067 0 0 0.443185 19.3616 0 
Estimating row 160 out of 308 for hessian
19.6104 7.17252 68.8905 45.0936 
11.1739 11.1739 48.9547 49.8758 
6.28847 9.27957 0 1.17109 11.3281 
0 2.0067 0 0 0.443185 19.3616 0 
19.6104 7.17252 68.8905 45.0936 
11.1739 11.1739 48.9547 49.8758 
6.28847 9.27957 0 1.17109 11.3281 
0 2.0067 0 0 0.443185 19.3616 0 
19.6104 7.17252 68.8905 45.0936 
11.1739 11.1739 48.9547 49.8758 
6.28847 9.27957 0 1.17109 11.3281 
0 2.0067 0 0 0.443185 19.3616 0 
19.6104 7.17252 68.8905 45.0936 
11.1739 11.1739 48.9547 49.8758 
6.28847 9.27957 0 1.17109 11.3281 
0 2.0067 0 0 0.443185 19.3616 0 
Estimating row 161 out of 308 for hessian
19.6104 7.17252 68.8905 45.0936 
11.1739 11.1739 48.9547 49.8758 
6.28847 9.27957 0 1.17109 11.3281 
0 2.0067 0 0 0.443185 19.3616 0 
19.6104 7.17252 68.8905 45.0936 
11.1739 11.1739 48.9547 49.8758 
6.28847 9.27957 0 1.17109 11.3281 
0 2.0067 0 0 0.443185 19.3616 0 
19.6104 7.17252 68.8905 45.0936 
11.1739 11.1739 48.9547 49.8758 
6.28847 9.27957 0 1.17109 11.3281 
0 2.0067 0 0 0.443185 19.3616 0 
19.6104 7.17252 68.8905 45.0936 
11.1739 11.1739 48.9547 49.8758 
6.28847 9.27957 0 1.17109 11.3281 
0 2.0067 0 0 0.443185 19.3616 0 
Estimating row 162 out of 308 for hessian
19.6104 7.17252 68.8905 45.0936 
11.1739 11.1739 48.9547 49.8758 
6.28847 9.27957 0 1.17109 11.3281 
0 2.0067 0 0 0.443185 19.3616 0 
19.6104 7.17252 68.8905 45.0936 
11.1739 11.1739 48.9547 49.8758 
6.28847 9.27957 0 1.17109 11.3281 
0 2.0067 0 0 0.443185 19.3616 0 
19.6104 7.17252 68.8905 45.0936 
11.1739 11.1739 48.9547 49.8758 
6.28847 9.27957 0 1.17109 11.3281 
0 2.0067 0 0 0.443185 19.3616 0 
19.6104 7.17252 68.8905 45.0936 
11.1739 11.1739 48.9547 49.8758 
6.28847 9.27957 0 1.17109 11.3281 
0 2.0067 0 0 0.443185 19.3616 0 
Estimating row 163 out of 308 for hessian
19.6104 7.17252 68.8905 45.0936 
11.1739 11.1739 48.9547 49.8758 
6.28847 9.27957 0 1.17109 11.3281 
0 2.0067 0 0 0.443185 19.3616 0 
19.6104 7.17252 68.8905 45.0936 
11.1739 11.1739 48.9547 49.8758 
6.28847 9.27957 0 1.17109 11.3281 
0 2.0067 0 0 0.443185 19.3616 0 
19.6104 7.17252 68.8905 45.0936 
11.1739 11.1739 48.9547 49.8758 
6.28847 9.27957 0 1.17109 11.3281 
0 2.0067 0 0 0.443185 19.3616 0 
19.6104 7.17252 68.8905 45.0936 
11.1739 11.1739 48.9547 49.8758 
6.28847 9.27957 0 1.17109 11.3281 
0 2.0067 0 0 0.443185 19.3616 0 
Estimating row 164 out of 308 for hessian
19.6104 7.17252 68.8905 45.0936 
11.1739 11.1739 48.9547 49.8758 
6.28847 9.27957 0 1.17109 11.3281 
0 2.0067 0 0 0.443185 19.3616 0 
19.6104 7.17252 68.8905 45.0936 
11.1739 11.1739 48.9547 49.8758 
6.28847 9.27957 0 1.17109 11.3281 
0 2.0067 0 0 0.443185 19.3616 0 
19.6104 7.17252 68.8905 45.0936 
11.1739 11.1739 48.9547 49.8758 
6.28847 9.27957 0 1.17109 11.3281 
0 2.0067 0 0 0.443185 19.3616 0 
19.6104 7.17252 68.8905 45.0936 
11.1739 11.1739 48.9547 49.8758 
6.28847 9.27957 0 1.17109 11.3281 
0 2.0067 0 0 0.443185 19.3616 0 
Estimating row 165 out of 308 for hessian
19.6104 7.17252 68.8905 45.0936 
11.1739 11.1739 48.9547 49.8758 
6.28847 9.27957 0 1.17109 11.3281 
0 2.0067 0 0 0.443185 19.3616 0 
19.6104 7.17252 68.8905 45.0936 
11.1739 11.1739 48.9547 49.8758 
6.28847 9.27957 0 1.17109 11.3281 
0 2.0067 0 0 0.443185 19.3616 0 
19.6104 7.17252 68.8905 45.0936 
11.1739 11.1739 48.9547 49.8758 
6.28847 9.27957 0 1.17109 11.3281 
0 2.0067 0 0 0.443185 19.3616 0 
19.6104 7.17252 68.8905 45.0936 
11.1739 11.1739 48.9547 49.8758 
6.28847 9.27957 0 1.17109 11.3281 
0 2.0067 0 0 0.443185 19.3616 0 
Estimating row 166 out of 308 for hessian
19.6104 7.17252 68.8905 45.0936 
11.1739 11.1739 48.9547 49.8758 
6.28847 9.27957 0 1.17109 11.3281 
0 2.0067 0 0 0.443185 19.3616 0 
19.6104 7.17252 68.8905 45.0936 
11.1739 11.1739 48.9547 49.8758 
6.28847 9.27957 0 1.17109 11.3281 
0 2.0067 0 0 0.443185 19.3616 0 
19.6104 7.17252 68.8905 45.0936 
11.1739 11.1739 48.9547 49.8758 
6.28847 9.27957 0 1.17109 11.3281 
0 2.0067 0 0 0.443185 19.3616 0 
19.6104 7.17252 68.8905 45.0936 
11.1739 11.1739 48.9547 49.8758 
6.28847 9.27957 0 1.17109 11.3281 
0 2.0067 0 0 0.443185 19.3616 0 
Estimating row 167 out of 308 for hessian
19.6104 7.17252 68.8905 45.0936 
11.1739 11.1739 48.9547 49.8758 
6.28847 9.27957 0 1.17109 11.3281 
0 2.0067 0 0 0.443185 19.3616 0 
19.6104 7.17252 68.8905 45.0936 
11.1739 11.1739 48.9547 49.8758 
6.28847 9.27957 0 1.17109 11.3281 
0 2.0067 0 0 0.443185 19.3616 0 
19.6104 7.17252 68.8905 45.0936 
11.1739 11.1739 48.9547 49.8758 
6.28847 9.27957 0 1.17109 11.3281 
0 2.0067 0 0 0.443185 19.3616 0 
19.6104 7.17252 68.8905 45.0936 
11.1739 11.1739 48.9547 49.8758 
6.28847 9.27957 0 1.17109 11.3281 
0 2.0067 0 0 0.443185 19.3616 0 
Estimating row 168 out of 308 for hessian
19.6104 7.17252 68.8905 45.0936 
11.1739 11.1739 48.9547 49.8758 
6.28847 9.27957 0 1.17109 11.3281 
0 2.0067 0 0 0.443185 19.3616 0 
19.6104 7.17252 68.8905 45.0936 
11.1739 11.1739 48.9547 49.8758 
6.28847 9.27957 0 1.17109 11.3281 
0 2.0067 0 0 0.443185 19.3616 0 
19.6104 7.17252 68.8905 45.0936 
11.1739 11.1739 48.9547 49.8758 
6.28847 9.27957 0 1.17109 11.3281 
0 2.0067 0 0 0.443185 19.3616 0 
19.6104 7.17252 68.8905 45.0936 
11.1739 11.1739 48.9547 49.8758 
6.28847 9.27957 0 1.17109 11.3281 
0 2.0067 0 0 0.443185 19.3616 0 
Estimating row 169 out of 308 for hessian
19.5999 7.18376 68.8908 45.0946 
11.1753 11.1753 48.9546 49.8758 
6.28847 9.27622 0 1.17109 11.3281 
0 2.0067 0 0 0.443185 19.3616 0 
19.6209 7.16131 68.8901 45.0926 
11.1725 11.1725 48.9548 49.8757 
6.28847 9.28294 0 1.17109 11.3281 
0 2.0067 0 0 0.443185 19.3616 0 
19.6093 7.17364 68.8905 45.0937 
11.174 11.174 48.9547 49.8758 
6.28847 9.27924 0 1.17109 11.3281 
0 2.0067 0 0 0.443185 19.3616 0 
19.6114 7.1714 68.8904 45.0935 
11.1737 11.1737 48.9547 49.8758 
6.28847 9.27991 0 1.17109 11.3281 
0 2.0067 0 0 0.443185 19.3616 0 
Estimating row 170 out of 308 for hessian
19.6108 7.17255 68.8907 45.0935 
11.173 11.173 48.9546 49.8757 
6.28847 9.2799 0 1.17109 11.3281 
0 2.0067 0 0 0.443185 19.3616 0 
19.6099 7.17249 68.8903 45.0936 
11.1747 11.1747 48.9548 49.8758 
6.28847 9.27925 0 1.17109 11.3281 
0 2.0067 0 0 0.443185 19.3616 0 
19.6104 7.17252 68.8905 45.0936 
11.1738 11.1738 48.9547 49.8758 
6.28847 9.27961 0 1.17109 11.3281 
0 2.0067 0 0 0.443185 19.3616 0 
19.6103 7.17252 68.8905 45.0936 
11.1739 11.1739 48.9547 49.8758 
6.28847 9.27954 0 1.17109 11.3281 
0 2.0067 0 0 0.443185 19.3616 0 
Estimating row 171 out of 308 for hessian
19.6108 7.1725 68.8903 45.0936 
11.1733 11.1733 48.9547 49.8757 
6.28847 9.27986 0 1.17109 11.3281 
0 2.0067 0 0 0.443185 19.3616 0 
19.61 7.17254 68.8906 45.0936 
11.1744 11.1744 48.9547 49.8758 
6.28847 9.27929 0 1.17109 11.3281 
0 2.0067 0 0 0.443185 19.3616 0 
19.6104 7.17252 68.8905 45.0936 
11.1738 11.1738 48.9547 49.8758 
6.28847 9.2796 0 1.17109 11.3281 
0 2.0067 0 0 0.443185 19.3616 0 
19.6103 7.17252 68.8905 45.0936 
11.1739 11.1739 48.9547 49.8758 
6.28847 9.27954 0 1.17109 11.3281 
0 2.0067 0 0 0.443185 19.3616 0 
Estimating row 172 out of 308 for hessian
19.6106 7.17251 68.8905 45.0935 
11.1736 11.1736 48.9546 49.8758 
6.28847 9.27976 0 1.17109 11.3281 
0 2.0067 0 0 0.443185 19.3616 0 
19.6102 7.17253 68.8904 45.0937 
11.1741 11.1741 48.9548 49.8758 
6.28847 9.27938 0 1.17109 11.3281 
0 2.0067 0 0 0.443185 19.3616 0 
19.6104 7.17252 68.8905 45.0936 
11.1738 11.1738 48.9547 49.8758 
6.28847 9.27959 0 1.17109 11.3281 
0 2.0067 0 0 0.443185 19.3616 0 
19.6104 7.17252 68.8905 45.0936 
11.1739 11.1739 48.9547 49.8758 
6.28847 9.27955 0 1.17109 11.3281 
0 2.0067 0 0 0.443185 19.3616 0 
Estimating row 173 out of 308 for hessian
19.6099 7.17261 68.8904 45.0937 
11.1739 11.1739 48.9549 49.8759 
6.28847 9.27959 0 1.17109 11.3281 
0 2.0067 0 0 0.443185 19.3616 0 
19.6109 7.17243 68.8905 45.0935 
11.1738 11.1738 48.9545 49.8757 
6.28847 9.27956 0 1.17109 11.3281 
0 2.0067 0 0 0.443185 19.3616 0 
19.6103 7.17253 68.8905 45.0936 
11.1739 11.1739 48.9547 49.8758 
6.28847 9.27957 0 1.17109 11.3281 
0 2.0067 0 0 0.443185 19.3616 0 
19.6104 7.17251 68.8905 45.0936 
11.1739 11.1739 48.9547 49.8758 
6.28847 9.27957 0 1.17109 11.3281 
0 2.0067 0 0 0.443185 19.3616 0 
Estimating row 174 out of 308 for hessian
19.6102 7.17247 68.8905 45.0938 
11.1741 11.1741 48.9545 49.8758 
6.28847 9.27951 0 1.17109 11.3281 
0 2.0067 0 0 0.443185 19.3616 0 
19.6106 7.17257 68.8905 45.0933 
11.1736 11.1736 48.9549 49.8757 
6.28847 9.27963 0 1.17109 11.3281 
0 2.0067 0 0 0.443185 19.3616 0 
19.6104 7.17251 68.8905 45.0936 
11.1739 11.1739 48.9547 49.8758 
6.28847 9.27957 0 1.17109 11.3281 
0 2.0067 0 0 0.443185 19.3616 0 
19.6104 7.17252 68.8905 45.0935 
11.1738 11.1738 48.9547 49.8758 
6.28847 9.27958 0 1.17109 11.3281 
0 2.0067 0 0 0.443185 19.3616 0 
Estimating row 175 out of 308 for hessian
19.6103 7.17245 68.8904 45.0938 
11.174 11.174 48.9548 49.8759 
6.28847 9.27925 0 1.17109 11.3281 
0 2.0067 0 0 0.443185 19.3616 0 
19.6105 7.17258 68.8905 45.0933 
11.1738 11.1738 48.9546 49.8757 
6.28847 9.27989 0 1.17109 11.3281 
0 2.0067 0 0 0.443185 19.3616 0 
19.6104 7.17251 68.8905 45.0936 
11.1739 11.1739 48.9547 49.8758 
6.28847 9.27954 0 1.17109 11.3281 
0 2.0067 0 0 0.443185 19.3616 0 
19.6104 7.17252 68.8905 45.0935 
11.1739 11.1739 48.9547 49.8758 
6.28847 9.2796 0 1.17109 11.3281 
0 2.0067 0 0 0.443185 19.3616 0 
Estimating row 176 out of 308 for hessian
19.6104 7.17244 68.8905 45.0937 
11.1739 11.1739 48.9547 49.8758 
6.28847 9.27944 0 1.17109 11.3281 
0 2.0067 0 0 0.443185 19.3616 0 
19.6104 7.17259 68.8905 45.0934 
11.1738 11.1738 48.9547 49.8758 
6.28847 9.27971 0 1.17109 11.3281 
0 2.0067 0 0 0.443185 19.3616 0 
19.6104 7.17251 68.8905 45.0936 
11.1739 11.1739 48.9547 49.8758 
6.28847 9.27956 0 1.17109 11.3281 
0 2.0067 0 0 0.443185 19.3616 0 
19.6104 7.17253 68.8905 45.0936 
11.1739 11.1739 48.9547 49.8758 
6.28847 9.27959 0 1.17109 11.3281 
0 2.0067 0 0 0.443185 19.3616 0 
Estimating row 177 out of 308 for hessian
19.6104 7.17248 68.8904 45.0937 
11.1739 11.1739 48.9547 49.8757 
6.28847 9.27948 0 1.17109 11.3281 
0 2.0067 0 0 0.443185 19.3616 0 
19.6103 7.17256 68.8905 45.0934 
11.1738 11.1738 48.9547 49.8758 
6.28847 9.27967 0 1.17109 11.3281 
0 2.0067 0 0 0.443185 19.3616 0 
19.6104 7.17251 68.8905 45.0936 
11.1739 11.1739 48.9547 49.8758 
6.28847 9.27956 0 1.17109 11.3281 
0 2.0067 0 0 0.443185 19.3616 0 
19.6104 7.17252 68.8905 45.0936 
11.1739 11.1739 48.9547 49.8758 
6.28847 9.27958 0 1.17109 11.3281 
0 2.0067 0 0 0.443185 19.3616 0 
Estimating row 178 out of 308 for hessian
19.6104 7.17261 68.8907 45.0935 
11.174 11.174 48.9548 49.8757 
6.28847 9.27933 0 1.17109 11.3281 
0 2.0067 0 0 0.443185 19.3616 0 
19.6104 7.17243 68.8903 45.0937 
11.1737 11.1737 48.9547 49.8759 
6.28847 9.27982 0 1.17109 11.3281 
0 2.0067 0 0 0.443185 19.3616 0 
19.6104 7.17253 68.8905 45.0936 
11.1739 11.1739 48.9547 49.8758 
6.28847 9.27955 0 1.17109 11.3281 
0 2.0067 0 0 0.443185 19.3616 0 
19.6104 7.17251 68.8905 45.0936 
11.1739 11.1739 48.9547 49.8758 
6.28847 9.2796 0 1.17109 11.3281 
0 2.0067 0 0 0.443185 19.3616 0 
Estimating row 179 out of 308 for hessian
19.6104 7.1726 68.8909 45.0933 
11.1738 11.1738 48.9547 49.8757 
6.28847 9.27943 0 1.17109 11.3281 
0 2.0067 0 0 0.443185 19.3616 0 
19.6104 7.17244 68.8901 45.0938 
11.1739 11.1739 48.9547 49.8759 
6.28847 9.27971 0 1.17109 11.3281 
0 2.0067 0 0 0.443185 19.3616 0 
19.6104 7.17253 68.8905 45.0936 
11.1739 11.1739 48.9547 49.8758 
6.28847 9.27956 0 1.17109 11.3281 
0 2.0067 0 0 0.443185 19.3616 0 
19.6104 7.17251 68.8904 45.0936 
11.1739 11.1739 48.9547 49.8758 
6.28847 9.27959 0 1.17109 11.3281 
0 2.0067 0 0 0.443185 19.3616 0 
Estimating row 180 out of 308 for hessian
19.6104 7.17254 68.89 45.0934 
11.1742 11.1742 48.9549 49.8758 
6.28847 9.27964 0 1.17109 11.3281 
0 2.0067 0 0 0.443185 19.3616 0 
19.6104 7.1725 68.8909 45.0937 
11.1736 11.1736 48.9545 49.8757 
6.28847 9.27951 0 1.17109 11.3281 
0 2.0067 0 0 0.443185 19.3616 0 
19.6104 7.17252 68.8904 45.0936 
11.1739 11.1739 48.9547 49.8758 
6.28847 9.27958 0 1.17109 11.3281 
0 2.0067 0 0 0.443185 19.3616 0 
19.6104 7.17252 68.8905 45.0936 
11.1738 11.1738 48.9547 49.8758 
6.28847 9.27957 0 1.17109 11.3281 
0 2.0067 0 0 0.443185 19.3616 0 
Estimating row 181 out of 308 for hessian
19.6105 7.17243 68.89 45.0936 
11.1743 11.1743 48.9547 49.8758 
6.28847 9.27957 0 1.17109 11.3281 
0 2.0067 0 0 0.443185 19.3616 0 
19.6103 7.17261 68.8909 45.0936 
11.1734 11.1734 48.9547 49.8757 
6.28847 9.27957 0 1.17109 11.3281 
0 2.0067 0 0 0.443185 19.3616 0 
19.6104 7.17251 68.8904 45.0936 
11.1739 11.1739 48.9547 49.8758 
6.28847 9.27957 0 1.17109 11.3281 
0 2.0067 0 0 0.443185 19.3616 0 
19.6104 7.17253 68.8905 45.0936 
11.1738 11.1738 48.9547 49.8758 
6.28847 9.27957 0 1.17109 11.3281 
0 2.0067 0 0 0.443185 19.3616 0 
Estimating row 182 out of 308 for hessian
19.6105 7.17238 68.8903 45.0936 
11.1741 11.1741 48.9547 49.8757 
6.28847 9.27954 0 1.17109 11.3281 
0 2.0067 0 0 0.443185 19.3616 0 
19.6102 7.17266 68.8906 45.0935 
11.1737 11.1737 48.9548 49.8758 
6.28847 9.2796 0 1.17109 11.3281 
0 2.0067 0 0 0.443185 19.3616 0 
19.6104 7.1725 68.8905 45.0936 
11.1739 11.1739 48.9547 49.8758 
6.28847 9.27957 0 1.17109 11.3281 
0 2.0067 0 0 0.443185 19.3616 0 
19.6104 7.17253 68.8905 45.0936 
11.1738 11.1738 48.9547 49.8758 
6.28847 9.27958 0 1.17109 11.3281 
0 2.0067 0 0 0.443185 19.3616 0 
Estimating row 183 out of 308 for hessian
19.6105 7.17235 68.8904 45.0936 
11.1741 11.1741 48.9547 49.8757 
6.28847 9.27949 0 1.17109 11.3281 
0 2.0067 0 0 0.443185 19.3616 0 
19.6102 7.17268 68.8906 45.0935 
11.1737 11.1737 48.9547 49.8758 
6.28847 9.27965 0 1.17109 11.3281 
0 2.0067 0 0 0.443185 19.3616 0 
19.6104 7.1725 68.8905 45.0936 
11.1739 11.1739 48.9547 49.8758 
6.28847 9.27956 0 1.17109 11.3281 
0 2.0067 0 0 0.443185 19.3616 0 
19.6104 7.17253 68.8905 45.0936 
11.1738 11.1738 48.9547 49.8758 
6.28847 9.27958 0 1.17109 11.3281 
0 2.0067 0 0 0.443185 19.3616 0 
Estimating row 184 out of 308 for hessian
19.6106 7.17233 68.8905 45.0935 
11.1741 11.1741 48.9547 49.8758 
6.28847 9.27942 0 1.17109 11.3281 
0 2.0067 0 0 0.443185 19.3616 0 
19.6102 7.17271 68.8905 45.0937 
11.1736 11.1736 48.9547 49.8757 
6.28847 9.27972 0 1.17109 11.3281 
0 2.0067 0 0 0.443185 19.3616 0 
19.6104 7.1725 68.8905 45.0936 
11.1739 11.1739 48.9547 49.8758 
6.28847 9.27956 0 1.17109 11.3281 
0 2.0067 0 0 0.443185 19.3616 0 
19.6104 7.17254 68.8905 45.0936 
11.1738 11.1738 48.9547 49.8758 
6.28847 9.27959 0 1.17109 11.3281 
0 2.0067 0 0 0.443185 19.3616 0 
Estimating row 185 out of 308 for hessian
19.6104 7.17238 68.8904 45.0935 
11.1741 11.1741 48.9547 49.8758 
6.28847 9.27947 0 1.17109 11.3281 
0 2.0067 0 0 0.443185 19.3616 0 
19.6103 7.17266 68.8905 45.0936 
11.1736 11.1736 48.9547 49.8757 
6.28847 9.27967 0 1.17109 11.3281 
0 2.0067 0 0 0.443185 19.3616 0 
19.6104 7.1725 68.8905 45.0936 
11.1739 11.1739 48.9547 49.8758 
6.28847 9.27956 0 1.17109 11.3281 
0 2.0067 0 0 0.443185 19.3616 0 
19.6104 7.17253 68.8905 45.0936 
11.1738 11.1738 48.9547 49.8758 
6.28847 9.27958 0 1.17109 11.3281 
0 2.0067 0 0 0.443185 19.3616 0 
Estimating row 186 out of 308 for hessian
19.6103 7.17244 68.8901 45.0938 
11.1741 11.1741 48.9548 49.8759 
6.28847 9.27951 0 1.17109 11.3281 
0 2.0067 0 0 0.443185 19.3616 0 
19.6105 7.1726 68.8908 45.0934 
11.1736 11.1736 48.9547 49.8756 
6.28847 9.27964 0 1.17109 11.3281 
0 2.0067 0 0 0.443185 19.3616 0 
19.6104 7.17251 68.8904 45.0936 
11.1739 11.1739 48.9547 49.8758 
6.28847 9.27957 0 1.17109 11.3281 
0 2.0067 0 0 0.443185 19.3616 0 
19.6104 7.17253 68.8905 45.0936 
11.1738 11.1738 48.9547 49.8758 
6.28847 9.27958 0 1.17109 11.3281 
0 2.0067 0 0 0.443185 19.3616 0 
Estimating row 187 out of 308 for hessian
19.6103 7.17244 68.8905 45.0937 
11.1739 11.1739 48.9548 49.8757 
6.28847 9.27952 0 1.17109 11.3281 
0 2.0067 0 0 0.443185 19.3616 0 
19.6105 7.1726 68.8904 45.0935 
11.1738 11.1738 48.9546 49.8758 
6.28847 9.27962 0 1.17109 11.3281 
0 2.0067 0 0 0.443185 19.3616 0 
19.6104 7.17251 68.8905 45.0936 
11.1739 11.1739 48.9547 49.8758 
6.28847 9.27957 0 1.17109 11.3281 
0 2.0067 0 0 0.443185 19.3616 0 
19.6104 7.17253 68.8905 45.0936 
11.1739 11.1739 48.9547 49.8758 
6.28847 9.27958 0 1.17109 11.3281 
0 2.0067 0 0 0.443185 19.3616 0 
Estimating row 188 out of 308 for hessian
19.6104 7.17244 68.8908 45.0934 
11.1738 11.1738 48.9548 49.8757 
6.28847 9.27961 0 1.17109 11.3281 
0 2.0067 0 0 0.443185 19.3616 0 
19.6104 7.1726 68.8902 45.0938 
11.1739 11.1739 48.9546 49.8759 
6.28847 9.27954 0 1.17109 11.3281 
0 2.0067 0 0 0.443185 19.3616 0 
19.6104 7.17251 68.8905 45.0936 
11.1739 11.1739 48.9547 49.8758 
6.28847 9.27958 0 1.17109 11.3281 
0 2.0067 0 0 0.443185 19.3616 0 
19.6104 7.17253 68.8904 45.0936 
11.1739 11.1739 48.9547 49.8758 
6.28847 9.27957 0 1.17109 11.3281 
0 2.0067 0 0 0.443185 19.3616 0 
Estimating row 189 out of 308 for hessian
19.6104 7.17246 68.8911 45.093 
11.1737 11.1737 48.9547 49.8757 
6.28847 9.27983 0 1.17109 11.3281 
0 2.0067 0 0 0.443185 19.3616 0 
19.6104 7.17257 68.8898 45.0942 
11.1741 11.1741 48.9547 49.8759 
6.28847 9.27932 0 1.17109 11.3281 
0 2.0067 0 0 0.443185 19.3616 0 
19.6104 7.17251 68.8905 45.0935 
11.1738 11.1738 48.9547 49.8758 
6.28847 9.2796 0 1.17109 11.3281 
0 2.0067 0 0 0.443185 19.3616 0 
19.6104 7.17252 68.8904 45.0936 
11.1739 11.1739 48.9547 49.8758 
6.28847 9.27955 0 1.17109 11.3281 
0 2.0067 0 0 0.443185 19.3616 0 
Estimating row 190 out of 308 for hessian
19.6103 7.17245 68.8906 45.0936 
11.1736 11.1736 48.9547 49.8757 
6.28847 9.27989 0 1.17109 11.3281 
0 2.0067 0 0 0.443185 19.3616 0 
19.6105 7.17259 68.8903 45.0936 
11.1741 11.1741 48.9547 49.8758 
6.28847 9.27926 0 1.17109 11.3281 
0 2.0067 0 0 0.443185 19.3616 0 
19.6104 7.17251 68.8905 45.0936 
11.1738 11.1738 48.9547 49.8758 
6.28847 9.2796 0 1.17109 11.3281 
0 2.0067 0 0 0.443185 19.3616 0 
19.6104 7.17253 68.8905 45.0936 
11.1739 11.1739 48.9547 49.8758 
6.28847 9.27954 0 1.17109 11.3281 
0 2.0067 0 0 0.443185 19.3616 0 
Estimating row 191 out of 308 for hessian
19.6104 7.17251 68.8905 45.0939 
11.1735 11.1735 48.9545 49.8758 
6.28847 9.27978 0 1.17109 11.3281 
0 2.0067 0 0 0.443185 19.3616 0 
19.6104 7.17252 68.8905 45.0932 
11.1742 11.1742 48.9549 49.8758 
6.28847 9.27936 0 1.17109 11.3281 
0 2.0067 0 0 0.443185 19.3616 0 
19.6104 7.17252 68.8905 45.0936 
11.1738 11.1738 48.9547 49.8758 
6.28847 9.27959 0 1.17109 11.3281 
0 2.0067 0 0 0.443185 19.3616 0 
19.6104 7.17252 68.8905 45.0935 
11.1739 11.1739 48.9547 49.8758 
6.28847 9.27955 0 1.17109 11.3281 
0 2.0067 0 0 0.443185 19.3616 0 
Estimating row 192 out of 308 for hessian
19.6105 7.17261 68.8903 45.0939 
11.1734 11.1734 48.9546 49.8758 
6.28847 9.2798 0 1.17109 11.3281 
0 2.0067 0 0 0.443185 19.3616 0 
19.6103 7.17243 68.8907 45.0932 
11.1743 11.1743 48.9548 49.8757 
6.28847 9.27934 0 1.17109 11.3281 
0 2.0067 0 0 0.443185 19.3616 0 
19.6104 7.17253 68.8905 45.0936 
11.1738 11.1738 48.9547 49.8758 
6.28847 9.2796 0 1.17109 11.3281 
0 2.0067 0 0 0.443185 19.3616 0 
19.6104 7.17251 68.8905 45.0935 
11.1739 11.1739 48.9547 49.8758 
6.28847 9.27955 0 1.17109 11.3281 
0 2.0067 0 0 0.443185 19.3616 0 
Estimating row 193 out of 308 for hessian
19.6105 7.17255 68.8902 45.0938 
11.1737 11.1737 48.9547 49.8757 
6.28847 9.27969 0 1.17109 11.3281 
0 2.0067 0 0 0.443185 19.3616 0 
19.6103 7.17248 68.8908 45.0934 
11.174 11.174 48.9547 49.8758 
6.28847 9.27946 0 1.17109 11.3281 
0 2.0067 0 0 0.443185 19.3616 0 
19.6104 7.17252 68.8904 45.0936 
11.1739 11.1739 48.9547 49.8758 
6.28847 9.27958 0 1.17109 11.3281 
0 2.0067 0 0 0.443185 19.3616 0 
19.6104 7.17251 68.8905 45.0936 
11.1739 11.1739 48.9547 49.8758 
6.28847 9.27956 0 1.17109 11.3281 
0 2.0067 0 0 0.443185 19.3616 0 
Estimating row 194 out of 308 for hessian
19.6105 7.17246 68.8905 45.0935 
11.1738 11.1738 48.9547 49.8758 
6.28847 9.27962 0 1.17109 11.3281 
0 2.0067 0 0 0.443185 19.3616 0 
19.6103 7.17257 68.8905 45.0936 
11.1739 11.1739 48.9547 49.8758 
6.28847 9.27953 0 1.17109 11.3281 
0 2.0067 0 0 0.443185 19.3616 0 
19.6104 7.17251 68.8905 45.0936 
11.1739 11.1739 48.9547 49.8758 
6.28847 9.27958 0 1.17109 11.3281 
0 2.0067 0 0 0.443185 19.3616 0 
19.6104 7.17252 68.8905 45.0936 
11.1739 11.1739 48.9547 49.8758 
6.28847 9.27957 0 1.17109 11.3281 
0 2.0067 0 0 0.443185 19.3616 0 
Estimating row 195 out of 308 for hessian
19.6103 7.1726 68.8906 45.0933 
11.1738 11.1738 48.9547 49.8759 
6.28847 9.27962 0 1.17109 11.3281 
0 2.0067 0 0 0.443185 19.3616 0 
19.6104 7.17244 68.8904 45.0938 
11.1739 11.1739 48.9547 49.8757 
6.28847 9.27952 0 1.17109 11.3281 
0 2.0067 0 0 0.443185 19.3616 0 
19.6104 7.17253 68.8905 45.0935 
11.1739 11.1739 48.9547 49.8758 
6.28847 9.27958 0 1.17109 11.3281 
0 2.0067 0 0 0.443185 19.3616 0 
19.6104 7.17251 68.8905 45.0936 
11.1739 11.1739 48.9547 49.8758 
6.28847 9.27957 0 1.17109 11.3281 
0 2.0067 0 0 0.443185 19.3616 0 
Estimating row 196 out of 308 for hessian
19.6099 7.17273 68.8911 45.0934 
11.1737 11.1737 48.9546 49.8758 
6.28847 9.27958 0 1.17109 11.3281 
0 2.0067 0 0 0.443185 19.3616 0 
19.6108 7.17231 68.8899 45.0937 
11.174 11.174 48.9548 49.8757 
6.28847 9.27956 0 1.17109 11.3281 
0 2.0067 0 0 0.443185 19.3616 0 
19.6103 7.17254 68.8905 45.0936 
11.1738 11.1738 48.9547 49.8758 
6.28847 9.27957 0 1.17109 11.3281 
0 2.0067 0 0 0.443185 19.3616 0 
19.6104 7.1725 68.8904 45.0936 
11.1739 11.1739 48.9547 49.8758 
6.28847 9.27957 0 1.17109 11.3281 
0 2.0067 0 0 0.443185 19.3616 0 
Estimating row 197 out of 308 for hessian
19.6103 7.17253 68.8907 45.0936 
11.1739 11.1739 48.9547 49.8757 
6.28847 9.27953 0 1.17109 11.3281 
0 2.0067 0 0 0.443185 19.3616 0 
19.6105 7.17251 68.8902 45.0936 
11.1738 11.1738 48.9548 49.8758 
6.28847 9.27961 0 1.17109 11.3281 
0 2.0067 0 0 0.443185 19.3616 0 
19.6104 7.17252 68.8905 45.0936 
11.1739 11.1739 48.9547 49.8758 
6.28847 9.27957 0 1.17109 11.3281 
0 2.0067 0 0 0.443185 19.3616 0 
19.6104 7.17252 68.8904 45.0936 
11.1739 11.1739 48.9547 49.8758 
6.28847 9.27958 0 1.17109 11.3281 
0 2.0067 0 0 0.443185 19.3616 0 
Estimating row 198 out of 308 for hessian
19.6104 7.17251 68.8902 45.0936 
11.1741 11.1741 48.9549 49.8757 
6.28847 9.2795 0 1.17109 11.3281 
0 2.0067 0 0 0.443185 19.3616 0 
19.6104 7.17253 68.8907 45.0936 
11.1737 11.1737 48.9546 49.8758 
6.28847 9.27965 0 1.17109 11.3281 
0 2.0067 0 0 0.443185 19.3616 0 
19.6104 7.17252 68.8904 45.0936 
11.1739 11.1739 48.9547 49.8758 
6.28847 9.27957 0 1.17109 11.3281 
0 2.0067 0 0 0.443185 19.3616 0 
19.6104 7.17252 68.8905 45.0936 
11.1738 11.1738 48.9547 49.8758 
6.28847 9.27958 0 1.17109 11.3281 
0 2.0067 0 0 0.443185 19.3616 0 
Estimating row 199 out of 308 for hessian
19.6104 7.17252 68.8901 45.0936 
11.1741 11.1741 48.9548 49.8758 
6.28847 9.2795 0 1.17109 11.3281 
0 2.0067 0 0 0.443185 19.3616 0 
19.6103 7.17251 68.8909 45.0935 
11.1736 11.1736 48.9546 49.8758 
6.28847 9.27964 0 1.17109 11.3281 
0 2.0067 0 0 0.443185 19.3616 0 
19.6104 7.17252 68.8904 45.0936 
11.1739 11.1739 48.9547 49.8758 
6.28847 9.27957 0 1.17109 11.3281 
0 2.0067 0 0 0.443185 19.3616 0 
19.6104 7.17252 68.8905 45.0936 
11.1738 11.1738 48.9547 49.8758 
6.28847 9.27958 0 1.17109 11.3281 
0 2.0067 0 0 0.443185 19.3616 0 
Estimating row 200 out of 308 for hessian
19.6105 7.17252 68.8905 45.0937 
11.174 11.174 48.9546 49.8757 
6.28847 9.27947 0 1.17109 11.3281 
0 2.0067 0 0 0.443185 19.3616 0 
19.6103 7.17252 68.8904 45.0934 
11.1738 11.1738 48.9548 49.8758 
6.28847 9.27968 0 1.17109 11.3281 
0 2.0067 0 0 0.443185 19.3616 0 
19.6104 7.17252 68.8905 45.0936 
11.1739 11.1739 48.9547 49.8758 
6.28847 9.27956 0 1.17109 11.3281 
0 2.0067 0 0 0.443185 19.3616 0 
19.6104 7.17252 68.8905 45.0936 
11.1739 11.1739 48.9547 49.8758 
6.28847 9.27958 0 1.17109 11.3281 
0 2.0067 0 0 0.443185 19.3616 0 
Estimating row 201 out of 308 for hessian
19.6105 7.17248 68.8908 45.0935 
11.1737 11.1737 48.9546 49.8757 
6.28847 9.27951 0 1.17109 11.3281 
0 2.0067 0 0 0.443185 19.3616 0 
19.6103 7.17255 68.8901 45.0936 
11.174 11.174 48.9548 49.8758 
6.28847 9.27964 0 1.17109 11.3281 
0 2.0067 0 0 0.443185 19.3616 0 
19.6104 7.17251 68.8905 45.0936 
11.1738 11.1738 48.9547 49.8758 
6.28847 9.27957 0 1.17109 11.3281 
0 2.0067 0 0 0.443185 19.3616 0 
19.6104 7.17252 68.8904 45.0936 
11.1739 11.1739 48.9547 49.8758 
6.28847 9.27958 0 1.17109 11.3281 
0 2.0067 0 0 0.443185 19.3616 0 
Estimating row 202 out of 308 for hessian
19.6104 7.17279 68.8908 45.0932 
11.1735 11.1735 48.9548 49.8758 
6.28847 9.27947 0 1.17109 11.3281 
0 2.0067 0 0 0.443185 19.3616 0 
19.6104 7.17225 68.8902 45.0939 
11.1742 11.1742 48.9546 49.8757 
6.28847 9.27967 0 1.17109 11.3281 
0 2.0067 0 0 0.443185 19.3616 0 
19.6104 7.17255 68.8905 45.0935 
11.1738 11.1738 48.9547 49.8758 
6.28847 9.27956 0 1.17109 11.3281 
0 2.0067 0 0 0.443185 19.3616 0 
19.6104 7.17249 68.8904 45.0936 
11.1739 11.1739 48.9547 49.8758 
6.28847 9.27958 0 1.17109 11.3281 
0 2.0067 0 0 0.443185 19.3616 0 
Estimating row 203 out of 308 for hessian
19.6103 7.17308 68.8894 45.0937 
11.1744 11.1744 48.9549 49.8757 
6.28847 9.27934 0 1.17109 11.3281 
0 2.0067 0 0 0.443185 19.3616 0 
19.6105 7.17195 68.8916 45.0934 
11.1733 11.1733 48.9545 49.8758 
6.28847 9.27981 0 1.17109 11.3281 
0 2.0067 0 0 0.443185 19.3616 0 
19.6104 7.17257 68.8904 45.0936 
11.1739 11.1739 48.9547 49.8758 
6.28847 9.27955 0 1.17109 11.3281 
0 2.0067 0 0 0.443185 19.3616 0 
19.6104 7.17246 68.8906 45.0936 
11.1738 11.1738 48.9547 49.8758 
6.28847 9.2796 0 1.17109 11.3281 
0 2.0067 0 0 0.443185 19.3616 0 
Estimating row 204 out of 308 for hessian
19.6104 7.17311 68.8898 45.0938 
11.174 11.174 48.9545 49.8759 
6.28847 9.27932 0 1.17109 11.3281 
0 2.0067 0 0 0.443185 19.3616 0 
19.6104 7.17192 68.8911 45.0934 
11.1737 11.1737 48.9549 49.8757 
6.28847 9.27983 0 1.17109 11.3281 
0 2.0067 0 0 0.443185 19.3616 0 
19.6104 7.17258 68.8904 45.0936 
11.1739 11.1739 48.9547 49.8758 
6.28847 9.27955 0 1.17109 11.3281 
0 2.0067 0 0 0.443185 19.3616 0 
19.6104 7.17246 68.8905 45.0936 
11.1738 11.1738 48.9547 49.8758 
6.28847 9.2796 0 1.17109 11.3281 
0 2.0067 0 0 0.443185 19.3616 0 
Estimating row 205 out of 308 for hessian
19.6105 7.17246 68.8904 45.0936 
11.1738 11.1738 48.9547 49.8758 
6.28847 9.27961 0 1.17109 11.3281 
0 2.0067 0 0 0.443185 19.3616 0 
19.6103 7.17258 68.8906 45.0936 
11.1739 11.1739 48.9547 49.8758 
6.28847 9.27954 0 1.17109 11.3281 
0 2.0067 0 0 0.443185 19.3616 0 
19.6104 7.17251 68.8905 45.0936 
11.1739 11.1739 48.9547 49.8758 
6.28847 9.27958 0 1.17109 11.3281 
0 2.0067 0 0 0.443185 19.3616 0 
19.6104 7.17252 68.8905 45.0936 
11.1739 11.1739 48.9547 49.8758 
6.28847 9.27957 0 1.17109 11.3281 
0 2.0067 0 0 0.443185 19.3616 0 
Estimating row 206 out of 308 for hessian
19.6105 7.17241 68.8904 45.0936 
11.1738 11.1738 48.9547 49.8758 
6.28847 9.27961 0 1.17109 11.3281 
0 2.0067 0 0 0.443185 19.3616 0 
19.6103 7.17262 68.8905 45.0936 
11.1739 11.1739 48.9547 49.8758 
6.28847 9.27953 0 1.17109 11.3281 
0 2.0067 0 0 0.443185 19.3616 0 
19.6104 7.17251 68.8905 45.0936 
11.1739 11.1739 48.9547 49.8758 
6.28847 9.27958 0 1.17109 11.3281 
0 2.0067 0 0 0.443185 19.3616 0 
19.6104 7.17253 68.8905 45.0936 
11.1739 11.1739 48.9547 49.8758 
6.28847 9.27957 0 1.17109 11.3281 
0 2.0067 0 0 0.443185 19.3616 0 
Estimating row 207 out of 308 for hessian
19.6105 7.17243 68.8905 45.0936 
11.1738 11.1738 48.9547 49.8758 
6.28847 9.27961 0 1.17109 11.3281 
0 2.0067 0 0 0.443185 19.3616 0 
19.6103 7.17261 68.8905 45.0936 
11.1739 11.1739 48.9547 49.8758 
6.28847 9.27953 0 1.17109 11.3281 
0 2.0067 0 0 0.443185 19.3616 0 
19.6104 7.17251 68.8905 45.0936 
11.1739 11.1739 48.9547 49.8758 
6.28847 9.27958 0 1.17109 11.3281 
0 2.0067 0 0 0.443185 19.3616 0 
19.6104 7.17253 68.8905 45.0936 
11.1739 11.1739 48.9547 49.8758 
6.28847 9.27957 0 1.17109 11.3281 
0 2.0067 0 0 0.443185 19.3616 0 
Estimating row 208 out of 308 for hessian
19.61 7.17244 68.8909 45.0935 
11.1738 11.1738 48.9547 49.8758 
6.28847 9.27961 0 1.17109 11.3281 
0 2.0067 0 0 0.443185 19.3616 0 
19.6107 7.1726 68.89 45.0936 
11.1739 11.1739 48.9547 49.8758 
6.28847 9.27953 0 1.17109 11.3281 
0 2.0067 0 0 0.443185 19.3616 0 
19.6104 7.17251 68.8905 45.0936 
11.1739 11.1739 48.9547 49.8758 
6.28847 9.27958 0 1.17109 11.3281 
0 2.0067 0 0 0.443185 19.3616 0 
19.6104 7.17253 68.8904 45.0936 
11.1739 11.1739 48.9547 49.8758 
6.28847 9.27957 0 1.17109 11.3281 
0 2.0067 0 0 0.443185 19.3616 0 
Estimating row 209 out of 308 for hessian
19.6099 7.1724 68.8911 45.0935 
11.1738 11.1738 48.9547 49.8758 
6.28847 9.27961 0 1.17109 11.3281 
0 2.0067 0 0 0.443185 19.3616 0 
19.6109 7.17263 68.8899 45.0936 
11.1739 11.1739 48.9547 49.8758 
6.28847 9.27953 0 1.17109 11.3281 
0 2.0067 0 0 0.443185 19.3616 0 
19.6103 7.17251 68.8905 45.0936 
11.1739 11.1739 48.9547 49.8758 
6.28847 9.27958 0 1.17109 11.3281 
0 2.0067 0 0 0.443185 19.3616 0 
19.6104 7.17253 68.8904 45.0936 
11.1739 11.1739 48.9547 49.8758 
6.28847 9.27957 0 1.17109 11.3281 
0 2.0067 0 0 0.443185 19.3616 0 
Estimating row 210 out of 308 for hessian
19.6102 7.1724 68.8907 45.0935 
11.1738 11.1738 48.9547 49.8758 
6.28847 9.27961 0 1.17109 11.3281 
0 2.0067 0 0 0.443185 19.3616 0 
19.6105 7.17264 68.8902 45.0936 
11.1739 11.1739 48.9547 49.8758 
6.28847 9.27953 0 1.17109 11.3281 
0 2.0067 0 0 0.443185 19.3616 0 
19.6104 7.17251 68.8905 45.0936 
11.1739 11.1739 48.9547 49.8758 
6.28847 9.27958 0 1.17109 11.3281 
0 2.0067 0 0 0.443185 19.3616 0 
19.6104 7.17253 68.8904 45.0936 
11.1739 11.1739 48.9547 49.8758 
6.28847 9.27957 0 1.17109 11.3281 
0 2.0067 0 0 0.443185 19.3616 0 
Estimating row 211 out of 308 for hessian
19.6105 7.17238 68.8905 45.0936 
11.1738 11.1738 48.9547 49.8758 
6.28847 9.27961 0 1.17109 11.3281 
0 2.0067 0 0 0.443185 19.3616 0 
19.6103 7.17265 68.8905 45.0936 
11.1739 11.1739 48.9547 49.8758 
6.28847 9.27953 0 1.17109 11.3281 
0 2.0067 0 0 0.443185 19.3616 0 
19.6104 7.1725 68.8905 45.0936 
11.1739 11.1739 48.9547 49.8758 
6.28847 9.27958 0 1.17109 11.3281 
0 2.0067 0 0 0.443185 19.3616 0 
19.6104 7.17253 68.8905 45.0936 
11.1739 11.1739 48.9547 49.8758 
6.28847 9.27957 0 1.17109 11.3281 
0 2.0067 0 0 0.443185 19.3616 0 
Estimating row 212 out of 308 for hessian
19.6111 7.16993 68.8927 45.0945 
11.1724 11.1724 48.9546 49.8758 
6.28847 9.28086 0 1.17014 11.3281 
0 2.0067 0 0 0.443185 19.3616 0 
19.6097 7.17511 68.8882 45.0927 
11.1753 11.1753 48.9548 49.8757 
6.28847 9.27829 0 1.17205 11.3281 
0 2.0067 0 0 0.443185 19.3616 0 
19.6105 7.17226 68.8907 45.0937 
11.1737 11.1737 48.9547 49.8758 
6.28847 9.2797 0 1.171 11.3281 
0 2.0067 0 0 0.443185 19.3616 0 
19.6103 7.17278 68.8902 45.0935 
11.174 11.174 48.9547 49.8758 
6.28847 9.27944 0 1.17119 11.3281 
0 2.0067 0 0 0.443185 19.3616 0 
Estimating row 213 out of 308 for hessian
19.6104 7.16967 68.8905 45.0925 
11.174 11.174 48.9546 49.8758 
6.28847 9.28008 0 1.17109 11.3315 
0 2.0067 0 0 0.443185 19.3616 0 
19.6104 7.17537 68.8905 45.0947 
11.1737 11.1737 48.9548 49.8757 
6.28847 9.27907 0 1.17109 11.3248 
0 2.0067 0 0 0.443185 19.3616 0 
19.6104 7.17223 68.8905 45.0935 
11.1739 11.1739 48.9547 49.8758 
6.28847 9.27962 0 1.17109 11.3285 
0 2.0067 0 0 0.443185 19.3616 0 
19.6104 7.1728 68.8905 45.0937 
11.1738 11.1738 48.9547 49.8758 
6.28847 9.27952 0 1.17109 11.3278 
0 2.0067 0 0 0.443185 19.3616 0 
Estimating row 214 out of 308 for hessian
19.6104 7.17252 68.8905 45.0936 
11.1739 11.1739 48.9547 49.8758 
6.28847 9.27957 0 1.17109 11.3281 
0 2.0067 0 0 0.443185 19.3616 0 
19.6104 7.17252 68.8905 45.0936 
11.1739 11.1739 48.9547 49.8758 
6.28847 9.27957 0 1.17109 11.3281 
0 2.0067 0 0 0.443185 19.3616 0 
19.6104 7.17252 68.8905 45.0936 
11.1739 11.1739 48.9547 49.8758 
6.28847 9.27957 0 1.17109 11.3281 
0 2.0067 0 0 0.443185 19.3616 0 
19.6104 7.17252 68.8905 45.0936 
11.1739 11.1739 48.9547 49.8758 
6.28847 9.27957 0 1.17109 11.3281 
0 2.0067 0 0 0.443185 19.3616 0 
Estimating row 215 out of 308 for hessian
19.6103 7.17256 68.8907 45.0934 
11.1738 11.1738 48.955 49.8756 
6.28847 9.27956 0 1.17109 11.3281 
0 2.0067 0 0 0.443185 19.3616 0 
19.6104 7.17248 68.8903 45.0938 
11.1739 11.1739 48.9545 49.8759 
6.28847 9.27959 0 1.17109 11.3281 
0 2.0067 0 0 0.443185 19.3616 0 
19.6104 7.17252 68.8905 45.0936 
11.1739 11.1739 48.9547 49.8758 
6.28847 9.27957 0 1.17109 11.3281 
0 2.0067 0 0 0.443185 19.3616 0 
19.6104 7.17251 68.8905 45.0936 
11.1739 11.1739 48.9547 49.8758 
6.28847 9.27957 0 1.17109 11.3281 
0 2.0067 0 0 0.443185 19.3616 0 
Estimating row 216 out of 308 for hessian
19.6103 7.1726 68.8907 45.0935 
11.1737 11.1737 48.9545 49.8758 
6.28847 9.27955 0 1.17109 11.3281 
0 2.0067 0 0 0.443185 19.3616 0 
19.6104 7.17244 68.8902 45.0936 
11.174 11.174 48.9549 49.8757 
6.28847 9.27959 0 1.17109 11.3281 
0 2.0067 0 0 0.443185 19.3616 0 
19.6104 7.17253 68.8905 45.0936 
11.1739 11.1739 48.9547 49.8758 
6.28847 9.27957 0 1.17109 11.3281 
0 2.0067 0 0 0.443185 19.3616 0 
19.6104 7.17251 68.8904 45.0936 
11.1739 11.1739 48.9547 49.8758 
6.28847 9.27957 0 1.17109 11.3281 
0 2.0067 0 0 0.443185 19.3616 0 
Estimating row 217 out of 308 for hessian
19.6104 7.17236 68.8905 45.0941 
11.1734 11.1734 48.9549 49.8756 
6.28847 9.27965 0 1.17109 11.3281 
0 2.0067 0 0 0.443185 19.3616 0 
19.6104 7.17268 68.8905 45.093 
11.1744 11.1744 48.9546 49.8759 
6.28847 9.27949 0 1.17109 11.3281 
0 2.0067 0 0 0.443185 19.3616 0 
19.6104 7.1725 68.8905 45.0936 
11.1738 11.1738 48.9547 49.8758 
6.28847 9.27958 0 1.17109 11.3281 
0 2.0067 0 0 0.443185 19.3616 0 
19.6104 7.17253 68.8905 45.0935 
11.1739 11.1739 48.9547 49.8758 
6.28847 9.27956 0 1.17109 11.3281 
0 2.0067 0 0 0.443185 19.3616 0 
Estimating row 218 out of 308 for hessian
19.6104 7.17252 68.8905 45.0936 
11.1737 11.1737 48.9547 49.8758 
6.28847 9.27975 0 1.17109 11.3281 
0 2.0067 0 0 0.443188 19.3616 0 
19.6104 7.17252 68.8905 45.0936 
11.174 11.174 48.9547 49.8758 
6.28847 9.2794 0 1.17109 11.3281 
0 2.0067 0 0 0.443182 19.3616 0 
19.6104 7.17252 68.8905 45.0936 
11.1738 11.1738 48.9547 49.8758 
6.28847 9.27959 0 1.17109 11.3281 
0 2.0067 0 0 0.443185 19.3616 0 
19.6104 7.17252 68.8905 45.0936 
11.1739 11.1739 48.9547 49.8758 
6.28847 9.27956 0 1.17109 11.3281 
0 2.0067 0 0 0.443185 19.3616 0 
Estimating row 219 out of 308 for hessian
19.6104 7.17252 68.8905 45.0936 
11.1737 11.1737 48.9547 49.8758 
6.28847 9.2798 0 1.17109 11.3281 
0 2.0067 0 0 0.443178 19.3616 0 
19.6104 7.17252 68.8905 45.0936 
11.1741 11.1741 48.9547 49.8758 
6.28847 9.27935 0 1.17109 11.3281 
0 2.0067 0 0 0.443192 19.3616 0 
19.6104 7.17252 68.8905 45.0936 
11.1738 11.1738 48.9547 49.8758 
6.28847 9.2796 0 1.17109 11.3281 
0 2.0067 0 0 0.443184 19.3616 0 
19.6104 7.17252 68.8905 45.0936 
11.1739 11.1739 48.9547 49.8758 
6.28847 9.27955 0 1.17109 11.3281 
0 2.0067 0 0 0.443186 19.3616 0 
Estimating row 220 out of 308 for hessian
19.6104 7.17251 68.8905 45.0936 
11.1738 11.1738 48.9547 49.8758 
6.28847 9.2797 0 1.17109 11.3281 
0 2.0067 0 0 0.443189 19.3616 0 
19.6104 7.17253 68.8905 45.0936 
11.1739 11.1739 48.9548 49.8758 
6.28847 9.27944 0 1.17109 11.3281 
0 2.0067 0 0 0.443181 19.3616 0 
19.6104 7.17252 68.8905 45.0936 
11.1739 11.1739 48.9547 49.8758 
6.28847 9.27959 0 1.17109 11.3281 
0 2.0067 0 0 0.443185 19.3616 0 
19.6104 7.17252 68.8905 45.0936 
11.1739 11.1739 48.9547 49.8758 
6.28847 9.27956 0 1.17109 11.3281 
0 2.0067 0 0 0.443184 19.3616 0 
Estimating row 221 out of 308 for hessian
19.6104 7.17251 68.8905 45.0936 
11.1739 11.1739 48.9546 49.8758 
6.28847 9.27964 0 1.17109 11.3281 
0 2.0067 0 0 0.443187 19.3616 0 
19.6104 7.17253 68.8905 45.0936 
11.1738 11.1738 48.9548 49.8758 
6.28847 9.2795 0 1.17109 11.3281 
0 2.0067 0 0 0.443182 19.3616 0 
19.6104 7.17252 68.8905 45.0936 
11.1739 11.1739 48.9547 49.8758 
6.28847 9.27958 0 1.17109 11.3281 
0 2.0067 0 0 0.443185 19.3616 0 
19.6104 7.17252 68.8905 45.0936 
11.1739 11.1739 48.9547 49.8758 
6.28847 9.27957 0 1.17109 11.3281 
0 2.0067 0 0 0.443185 19.3616 0 
Estimating row 222 out of 308 for hessian
19.6104 7.17253 68.8905 45.0936 
11.1739 11.1739 48.9546 49.8758 
6.28847 9.27958 0 1.17109 11.3281 
0 2.0067 0 0 0.443181 19.3616 0 
19.6104 7.17251 68.8905 45.0936 
11.1738 11.1738 48.9548 49.8758 
6.28847 9.27957 0 1.17109 11.3281 
0 2.0067 0 0 0.443188 19.3616 0 
19.6104 7.17252 68.8905 45.0936 
11.1739 11.1739 48.9547 49.8758 
6.28847 9.27957 0 1.17109 11.3281 
0 2.0067 0 0 0.443184 19.3616 0 
19.6104 7.17252 68.8905 45.0936 
11.1739 11.1739 48.9547 49.8758 
6.28847 9.27957 0 1.17109 11.3281 
0 2.0067 0 0 0.443185 19.3616 0 
Estimating row 223 out of 308 for hessian
19.6104 7.17252 68.8905 45.0936 
11.1737 11.1737 48.9547 49.8758 
6.28847 9.27965 0 1.17109 11.3281 
0 2.0067 0 0 0.443187 19.3616 0 
19.6104 7.17252 68.8905 45.0935 
11.174 11.174 48.9547 49.8757 
6.28847 9.2795 0 1.17109 11.3281 
0 2.0067 0 0 0.443183 19.3616 0 
19.6104 7.17252 68.8905 45.0936 
11.1739 11.1739 48.9547 49.8758 
6.28847 9.27958 0 1.17109 11.3281 
0 2.0067 0 0 0.443185 19.3616 0 
19.6104 7.17252 68.8905 45.0936 
11.1739 11.1739 48.9547 49.8758 
6.28847 9.27957 0 1.17109 11.3281 
0 2.0067 0 0 0.443185 19.3616 0 
Estimating row 224 out of 308 for hessian
19.6104 7.17252 68.8905 45.0936 
11.1736 11.1736 48.9547 49.8758 
6.28847 9.27976 0 1.17109 11.3281 
0 2.0067 0 0 0.443185 19.3616 0 
19.6104 7.17252 68.8905 45.0936 
11.1741 11.1741 48.9547 49.8758 
6.28847 9.27939 0 1.17109 11.3281 
0 2.0067 0 0 0.443185 19.3616 0 
19.6104 7.17252 68.8905 45.0936 
11.1738 11.1738 48.9547 49.8758 
6.28847 9.27959 0 1.17109 11.3281 
0 2.0067 0 0 0.443185 19.3616 0 
19.6104 7.17252 68.8905 45.0936 
11.1739 11.1739 48.9547 49.8758 
6.28847 9.27955 0 1.17109 11.3281 
0 2.0067 0 0 0.443185 19.3616 0 
Estimating row 225 out of 308 for hessian
19.6104 7.17252 68.8905 45.0936 
11.1736 11.1736 48.9547 49.8758 
6.28847 9.27977 0 1.17109 11.3281 
0 2.0067 0 0 0.44318 19.3616 0 
19.6104 7.17252 68.8905 45.0935 
11.1741 11.1741 48.9547 49.8758 
6.28847 9.27938 0 1.17109 11.3281 
0 2.0067 0 0 0.44319 19.3616 0 
19.6104 7.17252 68.8905 45.0936 
11.1738 11.1738 48.9547 49.8758 
6.28847 9.27959 0 1.17109 11.3281 
0 2.0067 0 0 0.443184 19.3616 0 
19.6104 7.17252 68.8905 45.0936 
11.1739 11.1739 48.9547 49.8758 
6.28847 9.27955 0 1.17109 11.3281 
0 2.0067 0 0 0.443185 19.3616 0 
Estimating row 226 out of 308 for hessian
19.6104 7.17252 68.8905 45.0936 
11.1738 11.1738 48.9548 49.8758 
6.28847 9.27948 0 1.17109 11.3281 
0 2.0067 0 0 0.443192 19.3616 0 
19.6104 7.17252 68.8905 45.0935 
11.1739 11.1739 48.9546 49.8757 
6.28847 9.27967 0 1.17109 11.3281 
0 2.0067 0 0 0.443178 19.3616 0 
19.6104 7.17252 68.8905 45.0936 
11.1739 11.1739 48.9547 49.8758 
6.28847 9.27956 0 1.17109 11.3281 
0 2.0067 0 0 0.443186 19.3616 0 
19.6104 7.17252 68.8905 45.0936 
11.1739 11.1739 48.9547 49.8758 
6.28847 9.27958 0 1.17109 11.3281 
0 2.0067 0 0 0.443184 19.3616 0 
Estimating row 227 out of 308 for hessian
19.6104 7.17252 68.8905 45.0936 
11.1738 11.1738 48.9546 49.8758 
6.28847 9.2797 0 1.17109 11.3281 
0 2.0067 0 0 0.443177 19.3616 0 
19.6104 7.17251 68.8905 45.0936 
11.1739 11.1739 48.9548 49.8758 
6.28847 9.27944 0 1.17109 11.3281 
0 2.0067 0 0 0.443193 19.3616 0 
19.6104 7.17252 68.8905 45.0936 
11.1739 11.1739 48.9547 49.8758 
6.28847 9.27959 0 1.17109 11.3281 
0 2.0067 0 0 0.443184 19.3616 0 
19.6104 7.17252 68.8905 45.0936 
11.1739 11.1739 48.9547 49.8758 
6.28847 9.27956 0 1.17109 11.3281 
0 2.0067 0 0 0.443186 19.3616 0 
Estimating row 228 out of 308 for hessian
19.6104 7.17252 68.8905 45.0936 
11.1739 11.1739 48.9548 49.8758 
6.28847 9.27939 0 1.17109 11.3281 
0 2.0067 0 0 0.443192 19.3616 0 
19.6104 7.17252 68.8905 45.0936 
11.1738 11.1738 48.9546 49.8758 
6.28847 9.27976 0 1.17109 11.3281 
0 2.0067 0 0 0.443177 19.3616 0 
19.6104 7.17252 68.8905 45.0936 
11.1739 11.1739 48.9547 49.8758 
6.28847 9.27955 0 1.17109 11.3281 
0 2.0067 0 0 0.443186 19.3616 0 
19.6104 7.17252 68.8905 45.0936 
11.1739 11.1739 48.9547 49.8758 
6.28847 9.27959 0 1.17109 11.3281 
0 2.0067 0 0 0.443184 19.3616 0 
Estimating row 229 out of 308 for hessian
19.6104 7.17252 68.8905 45.0936 
11.1739 11.1739 48.9548 49.8757 
6.28847 9.2795 0 1.17109 11.3281 
0 2.0067 0 0 0.44318 19.3616 0 
19.6104 7.17252 68.8905 45.0936 
11.1739 11.1739 48.9546 49.8758 
6.28847 9.27965 0 1.17109 11.3281 
0 2.0067 0 0 0.44319 19.3616 0 
19.6104 7.17252 68.8905 45.0936 
11.1739 11.1739 48.9547 49.8758 
6.28847 9.27956 0 1.17109 11.3281 
0 2.0067 0 0 0.443184 19.3616 0 
19.6104 7.17252 68.8905 45.0936 
11.1739 11.1739 48.9547 49.8758 
6.28847 9.27958 0 1.17109 11.3281 
0 2.0067 0 0 0.443185 19.3616 0 
Estimating row 230 out of 308 for hessian
19.6104 7.17252 68.8905 45.0936 
11.1739 11.1739 48.9548 49.8758 
6.28847 9.27949 0 1.17109 11.3281 
0 2.0067 0 0 0.443188 19.3616 0 
19.6104 7.17252 68.8905 45.0936 
11.1739 11.1739 48.9546 49.8758 
6.28847 9.27966 0 1.17109 11.3281 
0 2.0067 0 0 0.443182 19.3616 0 
19.6104 7.17252 68.8905 45.0936 
11.1739 11.1739 48.9547 49.8758 
6.28847 9.27956 0 1.17109 11.3281 
0 2.0067 0 0 0.443185 19.3616 0 
19.6104 7.17252 68.8905 45.0936 
11.1739 11.1739 48.9547 49.8758 
6.28847 9.27958 0 1.17109 11.3281 
0 2.0067 0 0 0.443185 19.3616 0 
Estimating row 231 out of 308 for hessian
19.6104 7.17252 68.8905 45.0936 
11.1739 11.1739 48.9548 49.8758 
6.28847 9.27942 0 1.17109 11.3281 
0 2.0067 0 0 0.443183 19.3616 0 
19.6104 7.17251 68.8905 45.0936 
11.1738 11.1738 48.9547 49.8757 
6.28847 9.27972 0 1.17109 11.3281 
0 2.0067 0 0 0.443187 19.3616 0 
19.6104 7.17252 68.8905 45.0936 
11.1739 11.1739 48.9547 49.8758 
6.28847 9.27956 0 1.17109 11.3281 
0 2.0067 0 0 0.443185 19.3616 0 
19.6104 7.17252 68.8905 45.0936 
11.1739 11.1739 48.9547 49.8758 
6.28847 9.27959 0 1.17109 11.3281 
0 2.0067 0 0 0.443185 19.3616 0 
Estimating row 232 out of 308 for hessian
19.6104 7.17252 68.8905 45.0936 
11.1739 11.1739 48.9548 49.8758 
6.28847 9.27946 0 1.17109 11.3281 
0 2.0067 0 0 0.443186 19.3616 0 
19.6104 7.17252 68.8905 45.0936 
11.1738 11.1738 48.9547 49.8758 
6.28847 9.27969 0 1.17109 11.3281 
0 2.0067 0 0 0.443183 19.3616 0 
19.6104 7.17252 68.8905 45.0936 
11.1739 11.1739 48.9547 49.8758 
6.28847 9.27956 0 1.17109 11.3281 
0 2.0067 0 0 0.443185 19.3616 0 
19.6104 7.17252 68.8905 45.0936 
11.1739 11.1739 48.9547 49.8758 
6.28847 9.27958 0 1.17109 11.3281 
0 2.0067 0 0 0.443185 19.3616 0 
Estimating row 233 out of 308 for hessian
19.6104 7.17251 68.8905 45.0936 
11.1738 11.1738 48.9548 49.8758 
6.28847 9.27962 0 1.17109 11.3281 
0 2.0067 0 0 0.44318 19.3616 0 
19.6104 7.17252 68.8905 45.0936 
11.1739 11.1739 48.9547 49.8758 
6.28847 9.27953 0 1.17109 11.3281 
0 2.0067 0 0 0.44319 19.3616 0 
19.6104 7.17252 68.8905 45.0936 
11.1739 11.1739 48.9547 49.8758 
6.28847 9.27958 0 1.17109 11.3281 
0 2.0067 0 0 0.443184 19.3616 0 
19.6104 7.17252 68.8905 45.0936 
11.1739 11.1739 48.9547 49.8758 
6.28847 9.27957 0 1.17109 11.3281 
0 2.0067 0 0 0.443185 19.3616 0 
Estimating row 234 out of 308 for hessian
19.6104 7.17252 68.8905 45.0936 
11.1738 11.1738 48.9547 49.8757 
6.28847 9.27966 0 1.17109 11.3281 
0 2.0067 0 0 0.443196 19.3616 0 
19.6104 7.17252 68.8905 45.0936 
11.1739 11.1739 48.9547 49.8758 
6.28847 9.27948 0 1.17109 11.3281 
0 2.0067 0 0 0.443174 19.3616 0 
19.6104 7.17252 68.8905 45.0936 
11.1739 11.1739 48.9547 49.8758 
6.28847 9.27958 0 1.17109 11.3281 
0 2.0067 0 0 0.443186 19.3616 0 
19.6104 7.17252 68.8905 45.0936 
11.1739 11.1739 48.9547 49.8758 
6.28847 9.27956 0 1.17109 11.3281 
0 2.0067 0 0 0.443184 19.3616 0 
Estimating row 235 out of 308 for hessian
19.6104 7.17253 68.8905 45.0935 
11.1739 11.1739 48.9547 49.8758 
6.28847 9.27961 0 1.17109 11.3281 
0 2.0067 0 0 0.443177 19.3616 0 
19.6104 7.17251 68.8905 45.0936 
11.1739 11.1739 48.9547 49.8758 
6.28847 9.27954 0 1.17109 11.3281 
0 2.0067 0 0 0.443193 19.3616 0 
19.6104 7.17252 68.8905 45.0936 
11.1739 11.1739 48.9547 49.8758 
6.28847 9.27958 0 1.17109 11.3281 
0 2.0067 0 0 0.443184 19.3616 0 
19.6104 7.17252 68.8905 45.0936 
11.1739 11.1739 48.9547 49.8758 
6.28847 9.27957 0 1.17109 11.3281 
0 2.0067 0 0 0.443186 19.3616 0 
Estimating row 236 out of 308 for hessian
19.6104 7.17253 68.8905 45.0935 
11.1739 11.1739 48.9547 49.8758 
6.28847 9.2795 0 1.17109 11.3281 
0 2.0067 0 0 0.443183 19.3616 0 
19.6104 7.17251 68.8905 45.0936 
11.1738 11.1738 48.9547 49.8757 
6.28847 9.27965 0 1.17109 11.3281 
0 2.0067 0 0 0.443187 19.3616 0 
19.6104 7.17252 68.8905 45.0936 
11.1739 11.1739 48.9547 49.8758 
6.28847 9.27957 0 1.17109 11.3281 
0 2.0067 0 0 0.443185 19.3616 0 
19.6104 7.17252 68.8905 45.0936 
11.1739 11.1739 48.9547 49.8758 
6.28847 9.27958 0 1.17109 11.3281 
0 2.0067 0 0 0.443185 19.3616 0 
Estimating row 237 out of 308 for hessian
19.6104 7.17252 68.8905 45.0936 
11.174 11.174 48.9547 49.8758 
6.28847 9.27938 0 1.17109 11.3281 
0 2.0067 0 0 0.443187 19.3616 0 
19.6104 7.17251 68.8905 45.0936 
11.1737 11.1737 48.9547 49.8757 
6.28847 9.27977 0 1.17109 11.3281 
0 2.0067 0 0 0.443182 19.3616 0 
19.6104 7.17252 68.8905 45.0936 
11.1739 11.1739 48.9547 49.8758 
6.28847 9.27955 0 1.17109 11.3281 
0 2.0067 0 0 0.443185 19.3616 0 
19.6104 7.17252 68.8905 45.0936 
11.1738 11.1738 48.9547 49.8758 
6.28847 9.27959 0 1.17109 11.3281 
0 2.0067 0 0 0.443185 19.3616 0 
Estimating row 238 out of 308 for hessian
19.6104 7.17252 68.8905 45.0936 
11.174 11.174 48.9547 49.8758 
6.28847 9.2795 0 1.17109 11.3281 
0 2.0067 0 0 0.443189 19.3616 0 
19.6104 7.17252 68.8905 45.0936 
11.1737 11.1737 48.9547 49.8758 
6.28847 9.27965 0 1.17109 11.3281 
0 2.0067 0 0 0.443181 19.3616 0 
19.6104 7.17252 68.8905 45.0936 
11.1739 11.1739 48.9547 49.8758 
6.28847 9.27957 0 1.17109 11.3281 
0 2.0067 0 0 0.443185 19.3616 0 
19.6104 7.17252 68.8905 45.0936 
11.1739 11.1739 48.9547 49.8758 
6.28847 9.27958 0 1.17109 11.3281 
0 2.0067 0 0 0.443184 19.3616 0 
Estimating row 239 out of 308 for hessian
19.6104 7.17252 68.8905 45.0936 
11.1739 11.1739 48.9547 49.8758 
6.28847 9.2796 0 1.17109 11.3281 
0 2.0067 0 0 0.443182 19.3616 0 
19.6104 7.17252 68.8905 45.0936 
11.1738 11.1738 48.9547 49.8758 
6.28847 9.27955 0 1.17109 11.3281 
0 2.0067 0 0 0.443188 19.3616 0 
19.6104 7.17252 68.8905 45.0936 
11.1739 11.1739 48.9547 49.8758 
6.28847 9.27957 0 1.17109 11.3281 
0 2.0067 0 0 0.443185 19.3616 0 
19.6104 7.17252 68.8905 45.0936 
11.1739 11.1739 48.9547 49.8758 
6.28847 9.27957 0 1.17109 11.3281 
0 2.0067 0 0 0.443185 19.3616 0 
Estimating row 240 out of 308 for hessian
19.6104 7.17252 68.8905 45.0936 
11.174 11.174 48.9547 49.8758 
6.28847 9.27943 0 1.17109 11.3281 
0 2.0067 0 0 0.443183 19.3616 0 
19.6104 7.17251 68.8905 45.0936 
11.1737 11.1737 48.9547 49.8758 
6.28847 9.27971 0 1.17109 11.3281 
0 2.0067 0 0 0.443187 19.3616 0 
19.6104 7.17252 68.8905 45.0936 
11.1739 11.1739 48.9547 49.8758 
6.28847 9.27956 0 1.17109 11.3281 
0 2.0067 0 0 0.443185 19.3616 0 
19.6104 7.17252 68.8905 45.0936 
11.1738 11.1738 48.9547 49.8758 
6.28847 9.27959 0 1.17109 11.3281 
0 2.0067 0 0 0.443185 19.3616 0 
Estimating row 241 out of 308 for hessian
19.6104 7.17252 68.8905 45.0936 
11.174 11.174 48.9546 49.8758 
6.28847 9.27951 0 1.17109 11.3281 
0 2.0067 0 0 0.443186 19.3616 0 
19.6104 7.17251 68.8905 45.0935 
11.1738 11.1738 48.9548 49.8757 
6.28847 9.27964 0 1.17109 11.3281 
0 2.0067 0 0 0.443184 19.3616 0 
19.6104 7.17252 68.8905 45.0936 
11.1739 11.1739 48.9547 49.8758 
6.28847 9.27957 0 1.17109 11.3281 
0 2.0067 0 0 0.443185 19.3616 0 
19.6104 7.17252 68.8905 45.0936 
11.1739 11.1739 48.9547 49.8758 
6.28847 9.27958 0 1.17109 11.3281 
0 2.0067 0 0 0.443185 19.3616 0 
Estimating row 242 out of 308 for hessian
19.6104 7.17252 68.8905 45.0936 
11.1739 11.1739 48.9546 49.8758 
6.28847 9.27965 0 1.17109 11.3281 
0 2.0067 0 0 0.443185 19.3616 0 
19.6104 7.17251 68.8905 45.0936 
11.1739 11.1739 48.9548 49.8758 
6.28847 9.2795 0 1.17109 11.3281 
0 2.0067 0 0 0.443185 19.3616 0 
19.6104 7.17252 68.8905 45.0936 
11.1739 11.1739 48.9547 49.8758 
6.28847 9.27958 0 1.17109 11.3281 
0 2.0067 0 0 0.443185 19.3616 0 
19.6104 7.17252 68.8905 45.0936 
11.1739 11.1739 48.9547 49.8758 
6.28847 9.27956 0 1.17109 11.3281 
0 2.0067 0 0 0.443185 19.3616 0 
Estimating row 243 out of 308 for hessian
19.6104 7.17252 68.8905 45.0936 
11.1738 11.1738 48.9546 49.8758 
6.28847 9.27972 0 1.17109 11.3281 
0 2.0067 0 0 0.443186 19.3616 0 
19.6104 7.17252 68.8905 45.0936 
11.1739 11.1739 48.9548 49.8758 
6.28847 9.27943 0 1.17109 11.3281 
0 2.0067 0 0 0.443183 19.3616 0 
19.6104 7.17252 68.8905 45.0936 
11.1739 11.1739 48.9547 49.8758 
6.28847 9.27959 0 1.17109 11.3281 
0 2.0067 0 0 0.443185 19.3616 0 
19.6104 7.17252 68.8905 45.0936 
11.1739 11.1739 48.9547 49.8758 
6.28847 9.27956 0 1.17109 11.3281 
0 2.0067 0 0 0.443185 19.3616 0 
Estimating row 244 out of 308 for hessian
19.6104 7.17251 68.8905 45.0936 
11.1739 11.1739 48.9546 49.8758 
6.28847 9.2796 0 1.17109 11.3281 
0 2.0067 0 0 0.443184 19.3616 0 
19.6104 7.17252 68.8905 45.0936 
11.1738 11.1738 48.9548 49.8758 
6.28847 9.27955 0 1.17109 11.3281 
0 2.0067 0 0 0.443185 19.3616 0 
19.6104 7.17252 68.8905 45.0936 
11.1739 11.1739 48.9547 49.8758 
6.28847 9.27958 0 1.17109 11.3281 
0 2.0067 0 0 0.443185 19.3616 0 
19.6104 7.17252 68.8905 45.0936 
11.1739 11.1739 48.9547 49.8758 
6.28847 9.27957 0 1.17109 11.3281 
0 2.0067 0 0 0.443185 19.3616 0 
Estimating row 245 out of 308 for hessian
19.6104 7.17251 68.8905 45.0936 
11.1738 11.1738 48.9547 49.8758 
6.28847 9.27965 0 1.17109 11.3281 
0 2.0067 0 0 0.443187 19.3616 0 
19.6104 7.17252 68.8905 45.0936 
11.1739 11.1739 48.9547 49.8758 
6.28847 9.2795 0 1.17109 11.3281 
0 2.0067 0 0 0.443182 19.3616 0 
19.6104 7.17252 68.8905 45.0936 
11.1739 11.1739 48.9547 49.8758 
6.28847 9.27958 0 1.17109 11.3281 
0 2.0067 0 0 0.443185 19.3616 0 
19.6104 7.17252 68.8905 45.0936 
11.1739 11.1739 48.9547 49.8758 
6.28847 9.27957 0 1.17109 11.3281 
0 2.0067 0 0 0.443185 19.3616 0 
Estimating row 246 out of 308 for hessian
19.6104 7.17251 68.8905 45.0936 
11.1737 11.1737 48.9547 49.8758 
6.28847 9.27969 0 1.17109 11.3281 
0 2.0067 0 0 0.443179 19.3616 0 
19.6104 7.17252 68.8905 45.0936 
11.174 11.174 48.9547 49.8758 
6.28847 9.27946 0 1.17109 11.3281 
0 2.0067 0 0 0.44319 19.3616 0 
19.6104 7.17252 68.8905 45.0936 
11.1739 11.1739 48.9547 49.8758 
6.28847 9.27958 0 1.17109 11.3281 
0 2.0067 0 0 0.443184 19.3616 0 
19.6104 7.17252 68.8905 45.0936 
11.1739 11.1739 48.9547 49.8758 
6.28847 9.27956 0 1.17109 11.3281 
0 2.0067 0 0 0.443185 19.3616 0 
Estimating row 247 out of 308 for hessian
19.6104 7.17251 68.8905 45.0936 
11.1738 11.1738 48.9547 49.8758 
6.28847 9.27956 0 1.17109 11.3281 
0 2.0067 0 0 0.443187 19.3616 0 
19.6104 7.17253 68.8905 45.0936 
11.1739 11.1739 48.9547 49.8757 
6.28847 9.27958 0 1.17109 11.3281 
0 2.0067 0 0 0.443182 19.3616 0 
19.6104 7.17252 68.8905 45.0936 
11.1739 11.1739 48.9547 49.8758 
6.28847 9.27957 0 1.17109 11.3281 
0 2.0067 0 0 0.443185 19.3616 0 
19.6104 7.17252 68.8905 45.0936 
11.1739 11.1739 48.9547 49.8758 
6.28847 9.27957 0 1.17109 11.3281 
0 2.0067 0 0 0.443185 19.3616 0 
Estimating row 248 out of 308 for hessian
19.6104 7.17252 68.8905 45.0936 
11.1738 11.1738 48.9547 49.8758 
6.28847 9.27959 0 1.17109 11.3281 
0 2.0067 0 0 0.443186 19.3616 0 
19.6104 7.17252 68.8905 45.0935 
11.1739 11.1739 48.9547 49.8758 
6.28847 9.27955 0 1.17109 11.3281 
0 2.0067 0 0 0.443184 19.3616 0 
19.6104 7.17252 68.8905 45.0936 
11.1739 11.1739 48.9547 49.8758 
6.28847 9.27957 0 1.17109 11.3281 
0 2.0067 0 0 0.443185 19.3616 0 
19.6104 7.17252 68.8905 45.0936 
11.1739 11.1739 48.9547 49.8758 
6.28847 9.27957 0 1.17109 11.3281 
0 2.0067 0 0 0.443185 19.3616 0 
Estimating row 249 out of 308 for hessian
19.6104 7.17252 68.8905 45.0936 
11.1739 11.1739 48.9547 49.8757 
6.28847 9.2796 0 1.17109 11.3281 
0 2.0067 0 0 0.443184 19.3616 0 
19.6104 7.17251 68.8905 45.0936 
11.1739 11.1739 48.9547 49.8758 
6.28847 9.27955 0 1.17109 11.3281 
0 2.0067 0 0 0.443186 19.3616 0 
19.6104 7.17252 68.8905 45.0936 
11.1739 11.1739 48.9547 49.8758 
6.28847 9.27958 0 1.17109 11.3281 
0 2.0067 0 0 0.443185 19.3616 0 
19.6104 7.17252 68.8905 45.0936 
11.1739 11.1739 48.9547 49.8758 
6.28847 9.27957 0 1.17109 11.3281 
0 2.0067 0 0 0.443185 19.3616 0 
Estimating row 250 out of 308 for hessian
19.6104 7.17252 68.8905 45.0936 
11.1738 11.1738 48.9547 49.8757 
6.28847 9.27959 0 1.17109 11.3281 
0 2.0067 0 0 0.443185 19.3616 0 
19.6104 7.17252 68.8905 45.0936 
11.1739 11.1739 48.9547 49.8758 
6.28847 9.27956 0 1.17109 11.3281 
0 2.0067 0 0 0.443184 19.3616 0 
19.6104 7.17252 68.8905 45.0936 
11.1739 11.1739 48.9547 49.8758 
6.28847 9.27957 0 1.17109 11.3281 
0 2.0067 0 0 0.443185 19.3616 0 
19.6104 7.17252 68.8905 45.0936 
11.1739 11.1739 48.9547 49.8758 
6.28847 9.27957 0 1.17109 11.3281 
0 2.0067 0 0 0.443185 19.3616 0 
Estimating row 251 out of 308 for hessian
19.6104 7.17252 68.8905 45.0936 
11.1738 11.1738 48.9548 49.8758 
6.28847 9.27948 0 1.17109 11.3281 
0 2.0067 0 0 0.443186 19.3616 0 
19.6104 7.17252 68.8905 45.0936 
11.1739 11.1739 48.9546 49.8758 
6.28847 9.27967 0 1.17109 11.3281 
0 2.0067 0 0 0.443183 19.3616 0 
19.6104 7.17252 68.8905 45.0936 
11.1739 11.1739 48.9547 49.8758 
6.28847 9.27956 0 1.17109 11.3281 
0 2.0067 0 0 0.443185 19.3616 0 
19.6104 7.17252 68.8905 45.0936 
11.1739 11.1739 48.9547 49.8758 
6.28847 9.27958 0 1.17109 11.3281 
0 2.0067 0 0 0.443185 19.3616 0 
Estimating row 252 out of 308 for hessian
19.6104 7.17252 68.8905 45.0936 
11.1739 11.1739 48.9547 49.8758 
6.28847 9.27957 0 1.17109 11.3281 
0 2.0067 0 0 0.443184 19.3616 0 
19.6104 7.17252 68.8905 45.0936 
11.1738 11.1738 48.9547 49.8758 
6.28847 9.27957 0 1.17109 11.3281 
0 2.0067 0 0 0.443186 19.3616 0 
19.6104 7.17252 68.8905 45.0936 
11.1739 11.1739 48.9547 49.8758 
6.28847 9.27957 0 1.17109 11.3281 
0 2.0067 0 0 0.443185 19.3616 0 
19.6104 7.17252 68.8905 45.0936 
11.1739 11.1739 48.9547 49.8758 
6.28847 9.27957 0 1.17109 11.3281 
0 2.0067 0 0 0.443185 19.3616 0 
Estimating row 253 out of 308 for hessian
19.6104 7.17252 68.8905 45.0936 
11.174 11.174 48.9547 49.8758 
6.28847 9.27946 0 1.17109 11.3281 
0 2.0067 0 0 0.443182 19.3616 0 
19.6104 7.17251 68.8905 45.0936 
11.1737 11.1737 48.9548 49.8758 
6.28847 9.27968 0 1.17109 11.3281 
0 2.0067 0 0 0.443188 19.3616 0 
19.6104 7.17252 68.8905 45.0936 
11.1739 11.1739 48.9547 49.8758 
6.28847 9.27956 0 1.17109 11.3281 
0 2.0067 0 0 0.443185 19.3616 0 
19.6104 7.17252 68.8905 45.0936 
11.1738 11.1738 48.9547 49.8758 
6.28847 9.27958 0 1.17109 11.3281 
0 2.0067 0 0 0.443185 19.3616 0 
Estimating row 254 out of 308 for hessian
19.6104 7.17252 68.8905 45.0936 
11.1739 11.1739 48.9547 49.8758 
6.28847 9.27945 0 1.17109 11.3281 
0 2.0067 0 0 0.443188 19.3616 0 
19.6104 7.17252 68.8905 45.0936 
11.1738 11.1738 48.9547 49.8757 
6.28847 9.27969 0 1.17109 11.3281 
0 2.0067 0 0 0.443182 19.3616 0 
19.6104 7.17252 68.8905 45.0936 
11.1739 11.1739 48.9547 49.8758 
6.28847 9.27956 0 1.17109 11.3281 
0 2.0067 0 0 0.443185 19.3616 0 
19.6104 7.17252 68.8905 45.0936 
11.1739 11.1739 48.9547 49.8758 
6.28847 9.27958 0 1.17109 11.3281 
0 2.0067 0 0 0.443185 19.3616 0 
Estimating row 255 out of 308 for hessian
19.6104 7.17252 68.8905 45.0936 
11.1738 11.1738 48.9548 49.8758 
6.28847 9.27958 0 1.17109 11.3281 
0 2.0067 0 0 0.44318 19.3616 0 
19.6104 7.17252 68.8905 45.0936 
11.1739 11.1739 48.9546 49.8757 
6.28847 9.27957 0 1.17109 11.3281 
0 2.0067 0 0 0.44319 19.3616 0 
19.6104 7.17252 68.8905 45.0936 
11.1739 11.1739 48.9547 49.8758 
6.28847 9.27957 0 1.17109 11.3281 
0 2.0067 0 0 0.443184 19.3616 0 
19.6104 7.17252 68.8905 45.0936 
11.1739 11.1739 48.9547 49.8758 
6.28847 9.27957 0 1.17109 11.3281 
0 2.0067 0 0 0.443185 19.3616 0 
Estimating row 256 out of 308 for hessian
19.6104 7.1725 68.8905 45.0936 
11.1738 11.1738 48.9548 49.8757 
6.28847 9.27962 0 1.17109 11.3281 
0 2.0067 0 0 0.443194 19.3616 0 
19.6104 7.17254 68.8905 45.0936 
11.1739 11.1739 48.9546 49.8758 
6.28847 9.27953 0 1.17109 11.3281 
0 2.0067 0 0 0.443176 19.3616 0 
19.6104 7.17252 68.8905 45.0936 
11.1739 11.1739 48.9547 49.8758 
6.28847 9.27958 0 1.17109 11.3281 
0 2.0067 0 0 0.443186 19.3616 0 
19.6104 7.17252 68.8905 45.0936 
11.1739 11.1739 48.9547 49.8758 
6.28847 9.27957 0 1.17109 11.3281 
0 2.0067 0 0 0.443184 19.3616 0 
Estimating row 257 out of 308 for hessian
19.6104 7.17252 68.8905 45.0935 
11.1743 11.1743 48.9547 49.8758 
6.28847 9.27922 0 1.17109 11.3281 
0 2.0067 0 0 0.44318 19.3616 0 
19.6104 7.17252 68.8905 45.0936 
11.1735 11.1735 48.9547 49.8757 
6.28847 9.27993 0 1.17109 11.3281 
0 2.0067 0 0 0.44319 19.3616 0 
19.6104 7.17252 68.8905 45.0936 
11.1739 11.1739 48.9547 49.8758 
6.28847 9.27954 0 1.17109 11.3281 
0 2.0067 0 0 0.443184 19.3616 0 
19.6104 7.17252 68.8905 45.0936 
11.1738 11.1738 48.9547 49.8758 
6.28847 9.27961 0 1.17109 11.3281 
0 2.0067 0 0 0.443185 19.3616 0 
Estimating row 258 out of 308 for hessian
19.6104 7.17276 68.8905 45.0927 
11.1749 11.1749 48.9524 49.8775 
6.28847 9.27975 0 1.17109 11.3281 
0 2.0067 0 0 0.443185 19.3616 0 
19.6104 7.17228 68.8905 45.0944 
11.1729 11.1729 48.957 49.8741 
6.28847 9.2794 0 1.17109 11.3281 
0 2.0067 0 0 0.443185 19.3616 0 
19.6104 7.17254 68.8905 45.0935 
11.174 11.174 48.9545 49.8759 
6.28847 9.27959 0 1.17109 11.3281 
0 2.0067 0 0 0.443185 19.3616 0 
19.6104 7.17249 68.8905 45.0937 
11.1738 11.1738 48.9549 49.8756 
6.28847 9.27955 0 1.17109 11.3281 
0 2.0067 0 0 0.443185 19.3616 0 
Estimating row 259 out of 308 for hessian
19.6104 7.17261 68.8905 45.0934 
11.1742 11.1742 48.9539 49.8764 
6.28847 9.2794 0 1.17109 11.3281 
0 2.0067 0 0 0.443185 19.3616 0 
19.6104 7.17243 68.8905 45.0937 
11.1735 11.1735 48.9555 49.8751 
6.28847 9.27975 0 1.17109 11.3281 
0 2.0067 0 0 0.443185 19.3616 0 
19.6104 7.17253 68.8905 45.0936 
11.1739 11.1739 48.9546 49.8758 
6.28847 9.27956 0 1.17109 11.3281 
0 2.0067 0 0 0.443185 19.3616 0 
19.6104 7.17251 68.8905 45.0936 
11.1738 11.1738 48.9548 49.8757 
6.28847 9.27959 0 1.17109 11.3281 
0 2.0067 0 0 0.443185 19.3616 0 
Estimating row 260 out of 308 for hessian
19.6104 7.1725 68.8905 45.0937 
11.1737 11.1737 48.9538 49.877 
6.28847 9.27928 0 1.17109 11.3281 
0 2.0067 0 0 0.443185 19.3616 0 
19.6104 7.17253 68.8905 45.0934 
11.174 11.174 48.9556 49.8745 
6.28847 9.27986 0 1.17109 11.3281 
0 2.0067 0 0 0.443185 19.3616 0 
19.6104 7.17252 68.8905 45.0936 
11.1738 11.1738 48.9546 49.8759 
6.28847 9.27954 0 1.17109 11.3281 
0 2.0067 0 0 0.443185 19.3616 0 
19.6104 7.17252 68.8905 45.0936 
11.1739 11.1739 48.9548 49.8756 
6.28847 9.2796 0 1.17109 11.3281 
0 2.0067 0 0 0.443185 19.3616 0 
Estimating row 261 out of 308 for hessian
19.6104 7.17253 68.8905 45.0936 
11.174 11.174 48.952 49.8784 
6.28847 9.27953 0 1.17109 11.3281 
0 2.0067 0 0 0.443185 19.3616 0 
19.6104 7.17251 68.8905 45.0935 
11.1737 11.1737 48.9574 49.8732 
6.28847 9.27962 0 1.17109 11.3281 
0 2.0067 0 0 0.443185 19.3616 0 
19.6104 7.17252 68.8905 45.0936 
11.1739 11.1739 48.9544 49.876 
6.28847 9.27957 0 1.17109 11.3281 
0 2.0067 0 0 0.443185 19.3616 0 
19.6104 7.17252 68.8905 45.0936 
11.1739 11.1739 48.955 49.8755 
6.28847 9.27958 0 1.17109 11.3281 
0 2.0067 0 0 0.443185 19.3616 0 
Estimating row 262 out of 308 for hessian
19.6104 7.1725 68.8905 45.0936 
11.1738 11.1738 48.9548 49.8757 
6.28847 9.27958 0 1.17109 11.3281 
0 2.0067 0 0 0.443185 19.3616 0 
19.6104 7.17253 68.8905 45.0935 
11.1739 11.1739 48.9546 49.8758 
6.28847 9.27957 0 1.17109 11.3281 
0 2.0067 0 0 0.443185 19.3616 0 
19.6104 7.17252 68.8905 45.0936 
11.1739 11.1739 48.9547 49.8758 
6.28847 9.27957 0 1.17109 11.3281 
0 2.0067 0 0 0.443185 19.3616 0 
19.6104 7.17252 68.8905 45.0936 
11.1739 11.1739 48.9547 49.8758 
6.28847 9.27957 0 1.17109 11.3281 
0 2.0067 0 0 0.443185 19.3616 0 
Estimating row 263 out of 308 for hessian
19.6104 7.17252 68.8905 45.0936 
11.1739 11.1739 48.9547 49.8758 
6.28847 9.27957 0 1.17109 11.3281 
0 2.0067 0 0 0.443185 19.3616 0 
19.6104 7.17252 68.8905 45.0936 
11.1739 11.1739 48.9547 49.8758 
6.28847 9.27957 0 1.17109 11.3281 
0 2.0067 0 0 0.443185 19.3616 0 
19.6104 7.17252 68.8905 45.0936 
11.1739 11.1739 48.9547 49.8758 
6.28847 9.27957 0 1.17109 11.3281 
0 2.0067 0 0 0.443185 19.3616 0 
19.6104 7.17252 68.8905 45.0936 
11.1739 11.1739 48.9547 49.8758 
6.28847 9.27957 0 1.17109 11.3281 
0 2.0067 0 0 0.443185 19.3616 0 
Estimating row 264 out of 308 for hessian
19.6104 7.17252 68.8905 45.0936 
11.1739 11.1739 48.9547 49.8758 
6.28847 9.27957 0 1.17109 11.3281 
0 2.0067 0 0 0.443185 19.3616 0 
19.6104 7.17252 68.8905 45.0936 
11.1739 11.1739 48.9547 49.8758 
6.28847 9.27957 0 1.17109 11.3281 
0 2.0067 0 0 0.443185 19.3616 0 
19.6104 7.17252 68.8905 45.0936 
11.1739 11.1739 48.9547 49.8758 
6.28847 9.27957 0 1.17109 11.3281 
0 2.0067 0 0 0.443185 19.3616 0 
19.6104 7.17252 68.8905 45.0936 
11.1739 11.1739 48.9547 49.8758 
6.28847 9.27957 0 1.17109 11.3281 
0 2.0067 0 0 0.443185 19.3616 0 
Estimating row 265 out of 308 for hessian
19.6104 7.17252 68.8905 45.0936 
11.1739 11.1739 48.9547 49.8758 
6.28847 9.27957 0 1.17109 11.3281 
0 2.0067 0 0 0.443185 19.3616 0 
19.6104 7.17252 68.8905 45.0936 
11.1739 11.1739 48.9547 49.8758 
6.28847 9.27957 0 1.17109 11.3281 
0 2.0067 0 0 0.443185 19.3616 0 
19.6104 7.17252 68.8905 45.0936 
11.1739 11.1739 48.9547 49.8758 
6.28847 9.27957 0 1.17109 11.3281 
0 2.0067 0 0 0.443185 19.3616 0 
19.6104 7.17252 68.8905 45.0936 
11.1739 11.1739 48.9547 49.8758 
6.28847 9.27957 0 1.17109 11.3281 
0 2.0067 0 0 0.443185 19.3616 0 
Estimating row 266 out of 308 for hessian
19.6104 7.17252 68.8905 45.0936 
11.1739 11.1739 48.9547 49.8758 
6.28847 9.27957 0 1.17109 11.3281 
0 2.0067 0 0 0.443185 19.3616 0 
19.6104 7.17252 68.8905 45.0936 
11.1739 11.1739 48.9547 49.8758 
6.28847 9.27957 0 1.17109 11.3281 
0 2.0067 0 0 0.443185 19.3616 0 
19.6104 7.17252 68.8905 45.0936 
11.1739 11.1739 48.9547 49.8758 
6.28847 9.27957 0 1.17109 11.3281 
0 2.0067 0 0 0.443185 19.3616 0 
19.6104 7.17252 68.8905 45.0936 
11.1739 11.1739 48.9547 49.8758 
6.28847 9.27957 0 1.17109 11.3281 
0 2.0067 0 0 0.443185 19.3616 0 
Estimating row 267 out of 308 for hessian
19.6104 7.17252 68.8905 45.0936 
11.1739 11.1739 48.9547 49.8758 
6.28847 9.27957 0 1.17109 11.3281 
0 2.0067 0 0 0.443185 19.3616 0 
19.6104 7.17252 68.8905 45.0936 
11.1739 11.1739 48.9547 49.8758 
6.28847 9.27957 0 1.17109 11.3281 
0 2.0067 0 0 0.443185 19.3616 0 
19.6104 7.17252 68.8905 45.0936 
11.1739 11.1739 48.9547 49.8758 
6.28847 9.27957 0 1.17109 11.3281 
0 2.0067 0 0 0.443185 19.3616 0 
19.6104 7.17252 68.8905 45.0936 
11.1739 11.1739 48.9547 49.8758 
6.28847 9.27957 0 1.17109 11.3281 
0 2.0067 0 0 0.443185 19.3616 0 
Estimating row 268 out of 308 for hessian
19.6104 7.17252 68.8905 45.0936 
11.1739 11.1739 48.9547 49.8758 
6.28847 9.27957 0 1.17109 11.3281 
0 2.0067 0 0 0.443185 19.3616 0 
19.6104 7.17252 68.8905 45.0936 
11.1739 11.1739 48.9547 49.8758 
6.28847 9.27957 0 1.17109 11.3281 
0 2.0067 0 0 0.443185 19.3616 0 
19.6104 7.17252 68.8905 45.0936 
11.1739 11.1739 48.9547 49.8758 
6.28847 9.27957 0 1.17109 11.3281 
0 2.0067 0 0 0.443185 19.3616 0 
19.6104 7.17252 68.8905 45.0936 
11.1739 11.1739 48.9547 49.8758 
6.28847 9.27957 0 1.17109 11.3281 
0 2.0067 0 0 0.443185 19.3616 0 
Estimating row 269 out of 308 for hessian
19.6104 7.17252 68.8905 45.0936 
11.1739 11.1739 48.9547 49.8758 
6.28847 9.27957 0 1.17109 11.3281 
0 2.0067 0 0 0.443185 19.3616 0 
19.6104 7.17252 68.8905 45.0936 
11.1739 11.1739 48.9547 49.8758 
6.28847 9.27957 0 1.17109 11.3281 
0 2.0067 0 0 0.443185 19.3616 0 
19.6104 7.17252 68.8905 45.0936 
11.1739 11.1739 48.9547 49.8758 
6.28847 9.27957 0 1.17109 11.3281 
0 2.0067 0 0 0.443185 19.3616 0 
19.6104 7.17252 68.8905 45.0936 
11.1739 11.1739 48.9547 49.8758 
6.28847 9.27957 0 1.17109 11.3281 
0 2.0067 0 0 0.443185 19.3616 0 
Estimating row 270 out of 308 for hessian
19.6104 7.17252 68.8905 45.0936 
11.1739 11.1739 48.9547 49.8758 
6.28847 9.27957 0 1.17109 11.3281 
0 2.0067 0 0 0.443185 19.3616 0 
19.6104 7.17252 68.8905 45.0936 
11.1739 11.1739 48.9547 49.8758 
6.28847 9.27957 0 1.17109 11.3281 
0 2.0067 0 0 0.443185 19.3616 0 
19.6104 7.17252 68.8905 45.0936 
11.1739 11.1739 48.9547 49.8758 
6.28847 9.27957 0 1.17109 11.3281 
0 2.0067 0 0 0.443185 19.3616 0 
19.6104 7.17252 68.8905 45.0936 
11.1739 11.1739 48.9547 49.8758 
6.28847 9.27957 0 1.17109 11.3281 
0 2.0067 0 0 0.443185 19.3616 0 
Estimating row 271 out of 308 for hessian
19.6104 7.17252 68.8905 45.0936 
11.1739 11.1739 48.9547 49.8758 
6.28847 9.27957 0 1.17109 11.3281 
0 2.0067 0 0 0.443185 19.3616 0 
19.6104 7.17252 68.8905 45.0936 
11.1739 11.1739 48.9547 49.8758 
6.28847 9.27957 0 1.17109 11.3281 
0 2.0067 0 0 0.443185 19.3616 0 
19.6104 7.17252 68.8905 45.0936 
11.1739 11.1739 48.9547 49.8758 
6.28847 9.27957 0 1.17109 11.3281 
0 2.0067 0 0 0.443185 19.3616 0 
19.6104 7.17252 68.8905 45.0936 
11.1739 11.1739 48.9547 49.8758 
6.28847 9.27957 0 1.17109 11.3281 
0 2.0067 0 0 0.443185 19.3616 0 
Estimating row 272 out of 308 for hessian
19.6104 7.17252 68.8905 45.0936 
11.1739 11.1739 48.9547 49.8758 
6.28847 9.27957 0 1.17109 11.3281 
0 2.0067 0 0 0.443185 19.3616 0 
19.6104 7.17252 68.8905 45.0936 
11.1739 11.1739 48.9547 49.8758 
6.28847 9.27957 0 1.17109 11.3281 
0 2.0067 0 0 0.443185 19.3616 0 
19.6104 7.17252 68.8905 45.0936 
11.1739 11.1739 48.9547 49.8758 
6.28847 9.27957 0 1.17109 11.3281 
0 2.0067 0 0 0.443185 19.3616 0 
19.6104 7.17252 68.8905 45.0936 
11.1739 11.1739 48.9547 49.8758 
6.28847 9.27957 0 1.17109 11.3281 
0 2.0067 0 0 0.443185 19.3616 0 
Estimating row 273 out of 308 for hessian
19.6104 7.17252 68.8905 45.0936 
11.1739 11.1739 48.9547 49.8758 
6.28847 9.27957 0 1.17109 11.3281 
0 2.0067 0 0 0.443185 19.3616 0 
19.6104 7.17252 68.8905 45.0936 
11.1739 11.1739 48.9547 49.8758 
6.28847 9.27957 0 1.17109 11.3281 
0 2.0067 0 0 0.443185 19.3616 0 
19.6104 7.17252 68.8905 45.0936 
11.1739 11.1739 48.9547 49.8758 
6.28847 9.27957 0 1.17109 11.3281 
0 2.0067 0 0 0.443185 19.3616 0 
19.6104 7.17252 68.8905 45.0936 
11.1739 11.1739 48.9547 49.8758 
6.28847 9.27957 0 1.17109 11.3281 
0 2.0067 0 0 0.443185 19.3616 0 
Estimating row 274 out of 308 for hessian
19.6104 7.17252 68.8905 45.0936 
11.1739 11.1739 48.9547 49.8758 
6.28847 9.27957 0 1.17109 11.3281 
0 2.0067 0 0 0.443185 19.3616 0 
19.6104 7.17252 68.8905 45.0936 
11.1739 11.1739 48.9547 49.8758 
6.28847 9.27957 0 1.17109 11.3281 
0 2.0067 0 0 0.443185 19.3616 0 
19.6104 7.17252 68.8905 45.0936 
11.1739 11.1739 48.9547 49.8758 
6.28847 9.27957 0 1.17109 11.3281 
0 2.0067 0 0 0.443185 19.3616 0 
19.6104 7.17252 68.8905 45.0936 
11.1739 11.1739 48.9547 49.8758 
6.28847 9.27957 0 1.17109 11.3281 
0 2.0067 0 0 0.443185 19.3616 0 
Estimating row 275 out of 308 for hessian
19.6104 7.17252 68.8905 45.0936 
11.1739 11.1739 48.9547 49.8758 
6.28847 9.27957 0 1.17109 11.3281 
0 2.0067 0 0 0.443185 19.3616 0 
19.6104 7.17252 68.8905 45.0936 
11.1739 11.1739 48.9547 49.8758 
6.28847 9.27957 0 1.17109 11.3281 
0 2.0067 0 0 0.443185 19.3616 0 
19.6104 7.17252 68.8905 45.0936 
11.1739 11.1739 48.9547 49.8758 
6.28847 9.27957 0 1.17109 11.3281 
0 2.0067 0 0 0.443185 19.3616 0 
19.6104 7.17252 68.8905 45.0936 
11.1739 11.1739 48.9547 49.8758 
6.28847 9.27957 0 1.17109 11.3281 
0 2.0067 0 0 0.443185 19.3616 0 
Estimating row 276 out of 308 for hessian
19.6104 7.17252 68.8905 45.0936 
11.1739 11.1739 48.9547 49.8758 
6.28847 9.27957 0 1.17109 11.3281 
0 2.0067 0 0 0.443185 19.3616 0 
19.6104 7.17252 68.8905 45.0936 
11.1739 11.1739 48.9547 49.8758 
6.28847 9.27957 0 1.17109 11.3281 
0 2.0067 0 0 0.443185 19.3616 0 
19.6104 7.17252 68.8905 45.0936 
11.1739 11.1739 48.9547 49.8758 
6.28847 9.27957 0 1.17109 11.3281 
0 2.0067 0 0 0.443185 19.3616 0 
19.6104 7.17252 68.8905 45.0936 
11.1739 11.1739 48.9547 49.8758 
6.28847 9.27957 0 1.17109 11.3281 
0 2.0067 0 0 0.443185 19.3616 0 
Estimating row 277 out of 308 for hessian
19.6104 7.17252 68.8905 45.0936 
11.1739 11.1739 48.9547 49.8758 
6.28847 9.27957 0 1.17109 11.3281 
0 2.0067 0 0 0.443185 19.3616 0 
19.6104 7.17252 68.8905 45.0936 
11.1739 11.1739 48.9547 49.8758 
6.28847 9.27957 0 1.17109 11.3281 
0 2.0067 0 0 0.443185 19.3616 0 
19.6104 7.17252 68.8905 45.0936 
11.1739 11.1739 48.9547 49.8758 
6.28847 9.27957 0 1.17109 11.3281 
0 2.0067 0 0 0.443185 19.3616 0 
19.6104 7.17252 68.8905 45.0936 
11.1739 11.1739 48.9547 49.8758 
6.28847 9.27957 0 1.17109 11.3281 
0 2.0067 0 0 0.443185 19.3616 0 
Estimating row 278 out of 308 for hessian
19.6104 7.17252 68.8905 45.0936 
11.1739 11.1739 48.9547 49.8758 
6.28847 9.27957 0 1.17109 11.3281 
0 2.0067 0 0 0.443185 19.3616 0 
19.6104 7.17252 68.8905 45.0936 
11.1739 11.1739 48.9547 49.8758 
6.28847 9.27957 0 1.17109 11.3281 
0 2.0067 0 0 0.443185 19.3616 0 
19.6104 7.17252 68.8905 45.0936 
11.1739 11.1739 48.9547 49.8758 
6.28847 9.27957 0 1.17109 11.3281 
0 2.0067 0 0 0.443185 19.3616 0 
19.6104 7.17252 68.8905 45.0936 
11.1739 11.1739 48.9547 49.8758 
6.28847 9.27957 0 1.17109 11.3281 
0 2.0067 0 0 0.443185 19.3616 0 
Estimating row 279 out of 308 for hessian
19.6104 7.17252 68.8905 45.0936 
11.1739 11.1739 48.9547 49.8758 
6.28847 9.27957 0 1.17109 11.3281 
0 2.0067 0 0 0.443185 19.3616 0 
19.6104 7.17252 68.8905 45.0936 
11.1739 11.1739 48.9547 49.8758 
6.28847 9.27957 0 1.17109 11.3281 
0 2.0067 0 0 0.443185 19.3616 0 
19.6104 7.17252 68.8905 45.0936 
11.1739 11.1739 48.9547 49.8758 
6.28847 9.27957 0 1.17109 11.3281 
0 2.0067 0 0 0.443185 19.3616 0 
19.6104 7.17252 68.8905 45.0936 
11.1739 11.1739 48.9547 49.8758 
6.28847 9.27957 0 1.17109 11.3281 
0 2.0067 0 0 0.443185 19.3616 0 
Estimating row 280 out of 308 for hessian
19.6104 7.17252 68.8905 45.0936 
11.1739 11.1739 48.9547 49.8758 
6.28847 9.27957 0 1.17109 11.3281 
0 2.0067 0 0 0.443185 19.3616 0 
19.6104 7.17252 68.8905 45.0936 
11.1739 11.1739 48.9547 49.8758 
6.28847 9.27957 0 1.17109 11.3281 
0 2.0067 0 0 0.443185 19.3616 0 
19.6104 7.17252 68.8905 45.0936 
11.1739 11.1739 48.9547 49.8758 
6.28847 9.27957 0 1.17109 11.3281 
0 2.0067 0 0 0.443185 19.3616 0 
19.6104 7.17252 68.8905 45.0936 
11.1739 11.1739 48.9547 49.8758 
6.28847 9.27957 0 1.17109 11.3281 
0 2.0067 0 0 0.443185 19.3616 0 
Estimating row 281 out of 308 for hessian
19.6104 7.17252 68.8905 45.0936 
11.1739 11.1739 48.9547 49.8758 
6.28847 9.27957 0 1.17109 11.3281 
0 2.0067 0 0 0.443185 19.3616 0 
19.6104 7.17252 68.8905 45.0936 
11.1739 11.1739 48.9547 49.8758 
6.28847 9.27957 0 1.17109 11.3281 
0 2.0067 0 0 0.443185 19.3616 0 
19.6104 7.17252 68.8905 45.0936 
11.1739 11.1739 48.9547 49.8758 
6.28847 9.27957 0 1.17109 11.3281 
0 2.0067 0 0 0.443185 19.3616 0 
19.6104 7.17252 68.8905 45.0936 
11.1739 11.1739 48.9547 49.8758 
6.28847 9.27957 0 1.17109 11.3281 
0 2.0067 0 0 0.443185 19.3616 0 
Estimating row 282 out of 308 for hessian
19.6104 7.17252 68.8905 45.0936 
11.1739 11.1739 48.9547 49.8758 
6.28847 9.27957 0 1.17109 11.3281 
0 2.0067 0 0 0.443185 19.3616 0 
19.6104 7.17252 68.8905 45.0936 
11.1739 11.1739 48.9547 49.8758 
6.28847 9.27957 0 1.17109 11.3281 
0 2.0067 0 0 0.443185 19.3616 0 
19.6104 7.17252 68.8905 45.0936 
11.1739 11.1739 48.9547 49.8758 
6.28847 9.27957 0 1.17109 11.3281 
0 2.0067 0 0 0.443185 19.3616 0 
19.6104 7.17252 68.8905 45.0936 
11.1739 11.1739 48.9547 49.8758 
6.28847 9.27957 0 1.17109 11.3281 
0 2.0067 0 0 0.443185 19.3616 0 
Estimating row 283 out of 308 for hessian
19.6104 7.17252 68.8905 45.0936 
11.1739 11.1739 48.9547 49.8758 
6.28847 9.27957 0 1.17109 11.3281 
0 2.0067 0 0 0.443185 19.3616 0 
19.6104 7.17252 68.8905 45.0936 
11.1739 11.1739 48.9547 49.8758 
6.28847 9.27957 0 1.17109 11.3281 
0 2.0067 0 0 0.443185 19.3616 0 
19.6104 7.17252 68.8905 45.0936 
11.1739 11.1739 48.9547 49.8758 
6.28847 9.27957 0 1.17109 11.3281 
0 2.0067 0 0 0.443185 19.3616 0 
19.6104 7.17252 68.8905 45.0936 
11.1739 11.1739 48.9547 49.8758 
6.28847 9.27957 0 1.17109 11.3281 
0 2.0067 0 0 0.443185 19.3616 0 
Estimating row 284 out of 308 for hessian
19.6104 7.17252 68.8905 45.0936 
11.1739 11.1739 48.9547 49.8758 
6.28847 9.27957 0 1.17109 11.3281 
0 2.0067 0 0 0.443185 19.3616 0 
19.6104 7.17252 68.8905 45.0936 
11.1739 11.1739 48.9547 49.8758 
6.28847 9.27957 0 1.17109 11.3281 
0 2.0067 0 0 0.443185 19.3616 0 
19.6104 7.17252 68.8905 45.0936 
11.1739 11.1739 48.9547 49.8758 
6.28847 9.27957 0 1.17109 11.3281 
0 2.0067 0 0 0.443185 19.3616 0 
19.6104 7.17252 68.8905 45.0936 
11.1739 11.1739 48.9547 49.8758 
6.28847 9.27957 0 1.17109 11.3281 
0 2.0067 0 0 0.443185 19.3616 0 
Estimating row 285 out of 308 for hessian
19.6104 7.17252 68.8905 45.0936 
11.1739 11.1739 48.9547 49.8758 
6.28847 9.27957 0 1.17109 11.3281 
0 2.0067 0 0 0.443185 19.3616 0 
19.6104 7.17252 68.8905 45.0936 
11.1739 11.1739 48.9547 49.8758 
6.28847 9.27957 0 1.17109 11.3281 
0 2.0067 0 0 0.443185 19.3616 0 
19.6104 7.17252 68.8905 45.0936 
11.1739 11.1739 48.9547 49.8758 
6.28847 9.27957 0 1.17109 11.3281 
0 2.0067 0 0 0.443185 19.3616 0 
19.6104 7.17252 68.8905 45.0936 
11.1739 11.1739 48.9547 49.8758 
6.28847 9.27957 0 1.17109 11.3281 
0 2.0067 0 0 0.443185 19.3616 0 
Estimating row 286 out of 308 for hessian
19.6104 7.17252 68.8905 45.0936 
11.1739 11.1739 48.9547 49.8758 
6.28847 9.27957 0 1.17109 11.3281 
0 2.0067 0 0 0.443185 19.3616 0 
19.6104 7.17252 68.8905 45.0936 
11.1739 11.1739 48.9547 49.8758 
6.28847 9.27957 0 1.17109 11.3281 
0 2.0067 0 0 0.443185 19.3616 0 
19.6104 7.17252 68.8905 45.0936 
11.1739 11.1739 48.9547 49.8758 
6.28847 9.27957 0 1.17109 11.3281 
0 2.0067 0 0 0.443185 19.3616 0 
19.6104 7.17252 68.8905 45.0936 
11.1739 11.1739 48.9547 49.8758 
6.28847 9.27957 0 1.17109 11.3281 
0 2.0067 0 0 0.443185 19.3616 0 
Estimating row 287 out of 308 for hessian
19.6104 7.17252 68.8905 45.0936 
11.1739 11.1739 48.9547 49.8758 
6.28847 9.27957 0 1.17109 11.3281 
0 2.0067 0 0 0.443185 19.3616 0 
19.6104 7.17252 68.8905 45.0936 
11.1739 11.1739 48.9547 49.8758 
6.28847 9.27957 0 1.17109 11.3281 
0 2.0067 0 0 0.443185 19.3616 0 
19.6104 7.17252 68.8905 45.0936 
11.1739 11.1739 48.9547 49.8758 
6.28847 9.27957 0 1.17109 11.3281 
0 2.0067 0 0 0.443185 19.3616 0 
19.6104 7.17252 68.8905 45.0936 
11.1739 11.1739 48.9547 49.8758 
6.28847 9.27957 0 1.17109 11.3281 
0 2.0067 0 0 0.443185 19.3616 0 
Estimating row 288 out of 308 for hessian
19.6104 7.17252 68.8905 45.0936 
11.1739 11.1739 48.9547 49.8758 
6.28847 9.27957 0 1.17109 11.3281 
0 2.0067 0 0 0.443185 19.3616 0 
19.6104 7.17252 68.8905 45.0936 
11.1739 11.1739 48.9547 49.8758 
6.28847 9.27957 0 1.17109 11.3281 
0 2.0067 0 0 0.443185 19.3616 0 
19.6104 7.17252 68.8905 45.0936 
11.1739 11.1739 48.9547 49.8758 
6.28847 9.27957 0 1.17109 11.3281 
0 2.0067 0 0 0.443185 19.3616 0 
19.6104 7.17252 68.8905 45.0936 
11.1739 11.1739 48.9547 49.8758 
6.28847 9.27957 0 1.17109 11.3281 
0 2.0067 0 0 0.443185 19.3616 0 
Estimating row 289 out of 308 for hessian
19.6104 7.17252 68.8905 45.0936 
11.1739 11.1739 48.9547 49.8758 
6.28847 9.27957 0 1.17109 11.3281 
0 2.0067 0 0 0.443185 19.3616 0 
19.6104 7.17252 68.8905 45.0936 
11.1739 11.1739 48.9547 49.8758 
6.28847 9.27957 0 1.17109 11.3281 
0 2.0067 0 0 0.443185 19.3616 0 
19.6104 7.17252 68.8905 45.0936 
11.1739 11.1739 48.9547 49.8758 
6.28847 9.27957 0 1.17109 11.3281 
0 2.0067 0 0 0.443185 19.3616 0 
19.6104 7.17252 68.8905 45.0936 
11.1739 11.1739 48.9547 49.8758 
6.28847 9.27957 0 1.17109 11.3281 
0 2.0067 0 0 0.443185 19.3616 0 
Estimating row 290 out of 308 for hessian
19.6104 7.17252 68.8905 45.0936 
11.1739 11.1739 48.9547 49.8758 
6.28847 9.27957 0 1.17109 11.3281 
0 2.0067 0 0 0.443185 19.3616 0 
19.6104 7.17252 68.8905 45.0936 
11.1739 11.1739 48.9547 49.8758 
6.28847 9.27957 0 1.17109 11.3281 
0 2.0067 0 0 0.443185 19.3616 0 
19.6104 7.17252 68.8905 45.0936 
11.1739 11.1739 48.9547 49.8758 
6.28847 9.27957 0 1.17109 11.3281 
0 2.0067 0 0 0.443185 19.3616 0 
19.6104 7.17252 68.8905 45.0936 
11.1739 11.1739 48.9547 49.8758 
6.28847 9.27957 0 1.17109 11.3281 
0 2.0067 0 0 0.443185 19.3616 0 
Estimating row 291 out of 308 for hessian
19.6104 7.17252 68.8905 45.0936 
11.1739 11.1739 48.9547 49.8758 
6.28847 9.27957 0 1.17109 11.3281 
0 2.0067 0 0 0.443185 19.3616 0 
19.6104 7.17252 68.8905 45.0936 
11.1739 11.1739 48.9547 49.8758 
6.28847 9.27957 0 1.17109 11.3281 
0 2.0067 0 0 0.443185 19.3616 0 
19.6104 7.17252 68.8905 45.0936 
11.1739 11.1739 48.9547 49.8758 
6.28847 9.27957 0 1.17109 11.3281 
0 2.0067 0 0 0.443185 19.3616 0 
19.6104 7.17252 68.8905 45.0936 
11.1739 11.1739 48.9547 49.8758 
6.28847 9.27957 0 1.17109 11.3281 
0 2.0067 0 0 0.443185 19.3616 0 
Estimating row 292 out of 308 for hessian
19.6104 7.17252 68.8905 45.0936 
11.1739 11.1739 48.9547 49.8758 
6.28847 9.27957 0 1.17109 11.3281 
0 2.0067 0 0 0.443185 19.3616 0 
19.6104 7.17252 68.8905 45.0936 
11.1739 11.1739 48.9547 49.8758 
6.28847 9.27957 0 1.17109 11.3281 
0 2.0067 0 0 0.443185 19.3616 0 
19.6104 7.17252 68.8905 45.0936 
11.1739 11.1739 48.9547 49.8758 
6.28847 9.27957 0 1.17109 11.3281 
0 2.0067 0 0 0.443185 19.3616 0 
19.6104 7.17252 68.8905 45.0936 
11.1739 11.1739 48.9547 49.8758 
6.28847 9.27957 0 1.17109 11.3281 
0 2.0067 0 0 0.443185 19.3616 0 
Estimating row 293 out of 308 for hessian
19.6104 7.17252 68.8905 45.0936 
11.1739 11.1739 48.9547 49.8758 
6.28847 9.27957 0 1.17109 11.3281 
0 2.0067 0 0 0.443185 19.3616 0 
19.6104 7.17252 68.8905 45.0936 
11.1739 11.1739 48.9547 49.8758 
6.28847 9.27957 0 1.17109 11.3281 
0 2.0067 0 0 0.443185 19.3616 0 
19.6104 7.17252 68.8905 45.0936 
11.1739 11.1739 48.9547 49.8758 
6.28847 9.27957 0 1.17109 11.3281 
0 2.0067 0 0 0.443185 19.3616 0 
19.6104 7.17252 68.8905 45.0936 
11.1739 11.1739 48.9547 49.8758 
6.28847 9.27957 0 1.17109 11.3281 
0 2.0067 0 0 0.443185 19.3616 0 
Estimating row 294 out of 308 for hessian
19.6104 7.17252 68.8905 45.0936 
11.1739 11.1739 48.9547 49.8758 
6.28847 9.27957 0 1.17109 11.3281 
0 2.0067 0 0 0.443185 19.3616 0 
19.6104 7.17252 68.8905 45.0936 
11.1739 11.1739 48.9547 49.8758 
6.28847 9.27957 0 1.17109 11.3281 
0 2.0067 0 0 0.443185 19.3616 0 
19.6104 7.17252 68.8905 45.0936 
11.1739 11.1739 48.9547 49.8758 
6.28847 9.27957 0 1.17109 11.3281 
0 2.0067 0 0 0.443185 19.3616 0 
19.6104 7.17252 68.8905 45.0936 
11.1739 11.1739 48.9547 49.8758 
6.28847 9.27957 0 1.17109 11.3281 
0 2.0067 0 0 0.443185 19.3616 0 
Estimating row 295 out of 308 for hessian
19.6104 7.17252 68.8905 45.0936 
11.1739 11.1739 48.9547 49.8758 
6.28847 9.27957 0 1.17109 11.3281 
0 2.0067 0 0 0.443185 19.3616 0 
19.6104 7.17252 68.8905 45.0936 
11.1739 11.1739 48.9547 49.8758 
6.28847 9.27957 0 1.17109 11.3281 
0 2.0067 0 0 0.443185 19.3616 0 
19.6104 7.17252 68.8905 45.0936 
11.1739 11.1739 48.9547 49.8758 
6.28847 9.27957 0 1.17109 11.3281 
0 2.0067 0 0 0.443185 19.3616 0 
19.6104 7.17252 68.8905 45.0936 
11.1739 11.1739 48.9547 49.8758 
6.28847 9.27957 0 1.17109 11.3281 
0 2.0067 0 0 0.443185 19.3616 0 
Estimating row 296 out of 308 for hessian
19.6104 7.17252 68.8905 45.0936 
11.1739 11.1739 48.9547 49.8758 
6.28847 9.27957 0 1.17109 11.3281 
0 2.0067 0 0 0.443185 19.3616 0 
19.6104 7.17252 68.8905 45.0936 
11.1739 11.1739 48.9547 49.8758 
6.28847 9.27957 0 1.17109 11.3281 
0 2.0067 0 0 0.443185 19.3616 0 
19.6104 7.17252 68.8905 45.0936 
11.1739 11.1739 48.9547 49.8758 
6.28847 9.27957 0 1.17109 11.3281 
0 2.0067 0 0 0.443185 19.3616 0 
19.6104 7.17252 68.8905 45.0936 
11.1739 11.1739 48.9547 49.8758 
6.28847 9.27957 0 1.17109 11.3281 
0 2.0067 0 0 0.443185 19.3616 0 
Estimating row 297 out of 308 for hessian
19.6104 7.17252 68.8905 45.0936 
11.1739 11.1739 48.9547 49.8758 
6.28847 9.27957 0 1.17109 11.3281 
0 2.0067 0 0 0.443185 19.3616 0 
19.6104 7.17252 68.8905 45.0936 
11.1739 11.1739 48.9547 49.8758 
6.28847 9.27957 0 1.17109 11.3281 
0 2.0067 0 0 0.443185 19.3616 0 
19.6104 7.17252 68.8905 45.0936 
11.1739 11.1739 48.9547 49.8758 
6.28847 9.27957 0 1.17109 11.3281 
0 2.0067 0 0 0.443185 19.3616 0 
19.6104 7.17252 68.8905 45.0936 
11.1739 11.1739 48.9547 49.8758 
6.28847 9.27957 0 1.17109 11.3281 
0 2.0067 0 0 0.443185 19.3616 0 
Estimating row 298 out of 308 for hessian
19.6104 7.17252 68.8905 45.0936 
11.1739 11.1739 48.9547 49.8758 
6.28847 9.27957 0 1.17109 11.3281 
0 2.0067 0 0 0.443185 19.3616 0 
19.6104 7.17252 68.8905 45.0936 
11.1739 11.1739 48.9547 49.8758 
6.28847 9.27957 0 1.17109 11.3281 
0 2.0067 0 0 0.443185 19.3616 0 
19.6104 7.17252 68.8905 45.0936 
11.1739 11.1739 48.9547 49.8758 
6.28847 9.27957 0 1.17109 11.3281 
0 2.0067 0 0 0.443185 19.3616 0 
19.6104 7.17252 68.8905 45.0936 
11.1739 11.1739 48.9547 49.8758 
6.28847 9.27957 0 1.17109 11.3281 
0 2.0067 0 0 0.443185 19.3616 0 
Estimating row 299 out of 308 for hessian
19.6104 7.17252 68.8905 45.0936 
11.1739 11.1739 48.9547 49.8758 
6.28847 9.27957 0 1.17109 11.3281 
0 2.0067 0 0 0.443185 19.3616 0 
19.6104 7.17252 68.8905 45.0936 
11.1739 11.1739 48.9547 49.8758 
6.28847 9.27957 0 1.17109 11.3281 
0 2.0067 0 0 0.443185 19.3616 0 
19.6104 7.17252 68.8905 45.0936 
11.1739 11.1739 48.9547 49.8758 
6.28847 9.27957 0 1.17109 11.3281 
0 2.0067 0 0 0.443185 19.3616 0 
19.6104 7.17252 68.8905 45.0936 
11.1739 11.1739 48.9547 49.8758 
6.28847 9.27957 0 1.17109 11.3281 
0 2.0067 0 0 0.443185 19.3616 0 
Estimating row 300 out of 308 for hessian
19.6104 7.17252 68.8905 45.0936 
11.1739 11.1739 48.9547 49.8758 
6.28847 9.27957 0 1.17109 11.3281 
0 2.0067 0 0 0.443185 19.3616 0 
19.6104 7.17252 68.8905 45.0936 
11.1739 11.1739 48.9547 49.8758 
6.28847 9.27957 0 1.17109 11.3281 
0 2.0067 0 0 0.443185 19.3616 0 
19.6104 7.17252 68.8905 45.0936 
11.1739 11.1739 48.9547 49.8758 
6.28847 9.27957 0 1.17109 11.3281 
0 2.0067 0 0 0.443185 19.3616 0 
19.6104 7.17252 68.8905 45.0936 
11.1739 11.1739 48.9547 49.8758 
6.28847 9.27957 0 1.17109 11.3281 
0 2.0067 0 0 0.443185 19.3616 0 
Estimating row 301 out of 308 for hessian
19.6104 7.17252 68.8905 45.0936 
11.1739 11.1739 48.9547 49.8758 
6.28847 9.27957 0 1.17109 11.3281 
0 2.0067 0 0 0.443185 19.3616 0 
19.6104 7.17252 68.8905 45.0936 
11.1739 11.1739 48.9547 49.8758 
6.28847 9.27957 0 1.17109 11.3281 
0 2.0067 0 0 0.443185 19.3616 0 
19.6104 7.17252 68.8905 45.0936 
11.1739 11.1739 48.9547 49.8758 
6.28847 9.27957 0 1.17109 11.3281 
0 2.0067 0 0 0.443185 19.3616 0 
19.6104 7.17252 68.8905 45.0936 
11.1739 11.1739 48.9547 49.8758 
6.28847 9.27957 0 1.17109 11.3281 
0 2.0067 0 0 0.443185 19.3616 0 
Estimating row 302 out of 308 for hessian
19.6104 7.17252 68.8905 45.0936 
11.1739 11.1739 48.9547 49.8758 
6.28847 9.27957 0 1.17109 11.3281 
0 2.0067 0 0 0.443185 19.3616 0 
19.6104 7.17252 68.8905 45.0936 
11.1739 11.1739 48.9547 49.8758 
6.28847 9.27957 0 1.17109 11.3281 
0 2.0067 0 0 0.443185 19.3616 0 
19.6104 7.17252 68.8905 45.0936 
11.1739 11.1739 48.9547 49.8758 
6.28847 9.27957 0 1.17109 11.3281 
0 2.0067 0 0 0.443185 19.3616 0 
19.6104 7.17252 68.8905 45.0936 
11.1739 11.1739 48.9547 49.8758 
6.28847 9.27957 0 1.17109 11.3281 
0 2.0067 0 0 0.443185 19.3616 0 
Estimating row 303 out of 308 for hessian
19.6104 7.17261 68.8905 45.0935 
11.1741 11.1741 48.9525 49.8775 
6.28847 9.27982 0 1.17109 11.3281 
0 2.0067 0 0 0.443185 19.3616 0 
19.6104 7.17243 68.8905 45.0937 
11.1736 11.1736 48.9569 49.874 
6.28847 9.27933 0 1.17109 11.3281 
0 2.0067 0 0 0.443185 19.3616 0 
19.6104 7.17253 68.8905 45.0936 
11.1739 11.1739 48.9545 49.8759 
6.28847 9.2796 0 1.17109 11.3281 
0 2.0067 0 0 0.443185 19.3616 0 
19.6104 7.17251 68.8905 45.0936 
11.1738 11.1738 48.9549 49.8756 
6.28847 9.27955 0 1.17109 11.3281 
0 2.0067 0 0 0.443185 19.3616 0 
Estimating row 304 out of 308 for hessian
19.611 7.17189 68.8904 45.0933 
11.1739 11.1739 48.9547 49.8758 
6.28847 9.27957 0 1.17109 11.3281 
0 2.0067 0 0 0.443185 19.362 0 
19.6098 7.17315 68.8905 45.0939 
11.1739 11.1739 48.9547 49.8758 
6.28847 9.27957 0 1.17109 11.3281 
0 2.0067 0 0 0.443185 19.3612 0 
19.6104 7.17246 68.8905 45.0935 
11.1739 11.1739 48.9547 49.8758 
6.28847 9.27957 0 1.17109 11.3281 
0 2.0067 0 0 0.443185 19.3616 0 
19.6103 7.17258 68.8905 45.0936 
11.1739 11.1739 48.9547 49.8758 
6.28847 9.27957 0 1.17109 11.3281 
0 2.0067 0 0 0.443185 19.3615 0 
Estimating row 305 out of 308 for hessian
19.6106 7.17169 68.8914 45.0943 
11.1739 11.1739 48.9547 49.8758 
6.28847 9.27957 0 1.17109 11.3281 
0 2.0067 0 0 0.443185 19.3606 0 
19.6102 7.17334 68.8896 45.0929 
11.1739 11.1739 48.9547 49.8758 
6.28847 9.27957 0 1.17109 11.3281 
0 2.0067 0 0 0.443185 19.3625 0 
19.6104 7.17244 68.8906 45.0936 
11.1739 11.1739 48.9547 49.8758 
6.28847 9.27957 0 1.17109 11.3281 
0 2.0067 0 0 0.443185 19.3615 0 
19.6104 7.1726 68.8904 45.0935 
11.1739 11.1739 48.9547 49.8758 
6.28847 9.27957 0 1.17109 11.3281 
0 2.0067 0 0 0.443185 19.3617 0 
Estimating row 306 out of 308 for hessian
19.6104 7.17224 68.8906 45.0942 
11.1739 11.1739 48.9547 49.8758 
6.28847 9.27957 0 1.17109 11.3281 
0 2.0067 0 0 0.443185 19.361 0 
19.6104 7.1728 68.8903 45.0929 
11.1739 11.1739 48.9547 49.8758 
6.28847 9.27957 0 1.17109 11.3281 
0 2.0067 0 0 0.443185 19.3622 0 
19.6104 7.17249 68.8905 45.0936 
11.1739 11.1739 48.9547 49.8758 
6.28847 9.27957 0 1.17109 11.3281 
0 2.0067 0 0 0.443185 19.3615 0 
19.6104 7.17255 68.8905 45.0935 
11.1739 11.1739 48.9547 49.8758 
6.28847 9.27957 0 1.17109 11.3281 
0 2.0067 0 0 0.443185 19.3616 0 
Estimating row 307 out of 308 for hessian
19.6106 7.17286 68.8892 45.0942 
11.1739 11.1739 48.9547 49.8758 
6.28847 9.27957 0 1.17109 11.3281 
0 2.0067 0 0 0.443185 19.3617 0 
19.6102 7.17217 68.8917 45.093 
11.1739 11.1739 48.9547 49.8758 
6.28847 9.27957 0 1.17109 11.3281 
0 2.0067 0 0 0.443185 19.3615 0 
19.6104 7.17255 68.8903 45.0936 
11.1739 11.1739 48.9547 49.8758 
6.28847 9.27957 0 1.17109 11.3281 
0 2.0067 0 0 0.443185 19.3616 0 
19.6104 7.17248 68.8906 45.0935 
11.1739 11.1739 48.9547 49.8758 
6.28847 9.27957 0 1.17109 11.3281 
0 2.0067 0 0 0.443185 19.3616 0 
Estimating row 308 out of 308 for hessian
19.6116 7.17234 68.8881 45.0932 
11.1739 11.1739 48.9547 49.8758 
6.28847 9.27957 0 1.17109 11.3281 
0 2.0067 0 0 0.443185 19.3634 0 
19.6092 7.1727 68.8929 45.0939 
11.1739 11.1739 48.9547 49.8758 
6.28847 9.27957 0 1.17109 11.3281 
0 2.0067 0 0 0.443185 19.3598 0 
19.6105 7.1725 68.8902 45.0935 
11.1739 11.1739 48.9547 49.8758 
6.28847 9.27957 0 1.17109 11.3281 
0 2.0067 0 0 0.443185 19.3618 0 
19.6103 7.17254 68.8907 45.0936 
11.1739 11.1739 48.9547 49.8758 
6.28847 9.27957 0 1.17109 11.3281 
0 2.0067 0 0 0.443185 19.3614 0 
19.6104 7.17252 68.8905 45.0936 
11.1739 11.1739 48.9547 49.8758 
6.28847 9.27957 0 1.17109 11.3281 
0 2.0067 0 0 0.443185 19.3616 0 
