imm_n_obs 1.06218e+09 8.02275e+08 7.82115e+08 3.24233e+08 8.87662e+08 3.13031e+09 2.86007e+09 2.37133e+09 1.91262e+09 2.65191e+09 2.22099e+09 4.00043e+09 3.23058e+09 2.63898e+09 1.50596e+09 8.04366e+08 5.4009e+08 2.49043e+08 7.30373e+08 1.12465e+09 4.12193e+08 8.66378e+08 1.21082e+09 1.41878e+09 8.04862e+08 8.98046e+08 6.00027e+08 7.66496e+08 1.91029e+09 1.3867e+09 9.46172e+08 7.64759e+08 1.07133e+09 1.1757e+09 2.01654e+09 2.90671e+09 4.28182e+09 1.32688e+09 0 6.2408e+07 4.54004e+08 7.09936e+08
mat_n_obs 8.60069e+08 6.57925e+08 5.559e+08 2.03921e+08 3.10644e+08 8.30291e+08 1.08412e+09 1.03005e+09 1.0513e+09 9.72324e+08 6.90866e+08 8.07569e+08 8.86215e+08 1.10775e+09 1.10373e+09 8.4616e+08 5.3158e+08 2.7958e+08 3.24903e+08 5.02475e+08 2.91251e+08 2.42719e+08 3.2086e+08 5.49636e+08 5.26538e+08 5.55811e+08 4.49691e+08 4.17428e+08 6.15704e+08 5.49313e+08 5.22582e+08 3.73711e+08 5.83147e+08 3.10621e+08 2.82013e+08 6.33466e+08 1.57292e+09 8.09824e+08 0 2.38936e+08 1.39945e+08 9.97933e+07
survey_sel 0.267972 0.367021 0.439104 0.477589 0.484361 0.469717 0.447895 0.430552 0.422662 0.423208 0.429725 0.442395 0.464484 0.499121 0.546515 0.604477 0.671466 0.749503 0.84147 0.947662 1
est_m_devs1
sigma_m_mu 0.01 0.008 0.01
smooth_m_weight 0.01 0.05
est_m_lg_devs-1
variable out of bounds in boundpin: variable = -0.0147163; min = 0.0001; max = 20
278.094 315.225 264.319 158.435 
866.366 866.366 180.503 181.401 
7.32044 510.287 0 0.51631 9.28171 
0 3.31576 0 0 0.54011 53.4577 0 

Initial statistics: 308 variables; iteration 0; function evaluation 0; phase 1
Function value   3.0261426e+03; maximum gradient component mag  -5.8610e+04
Var   Value    Gradient   |Var   Value    Gradient   |Var   Value    Gradient
  1  0.21817  -2.4377e+02 |  2  0.09876  -2.9890e+01 |  3  0.18050  -1.0593e+02
  4  0.22431  -7.5106e+01 |  5  0.27326   4.3784e+02 |  6  0.20226  -5.5539e+01
  7  0.23665   6.5416e+01 |  8  0.09103  -8.7411e+01 |  9  0.13769  -1.3137e+02
 10  0.22221   8.2513e+01 | 11  0.28445   1.6106e+03 | 12  0.05706  -6.3687e+01
 13  0.06786  -6.4186e+01 | 14  0.11255  -4.2168e+01 | 15 -0.04781  -2.1330e+00
 16  0.00759  -3.8395e+01 | 17 -0.17831  -6.0041e-01 | 18 -0.21938   7.8074e-02
 19 -0.33341  -1.1612e-02 | 20 -0.40976  -3.6869e-03 | 21 -0.43773   5.2077e-04
 22  0.07954   3.9194e+00 | 23 -0.12966  -1.2405e-02 | 24  0.02354  -1.8042e+00
 25  0.02032  -1.4976e+01 | 26  0.22424   1.3710e+02 | 27  0.03764  -6.1093e+01
 28  0.16467  -5.1434e+01 | 29  0.27412   6.3518e+02 | 30 -0.00899  -6.8717e+01
 31  0.14554  -5.3290e+01 | 32  0.11248  -6.0600e+01 | 33  0.10125  -9.5353e+01
 34  0.22753   2.3270e+02 | 35  0.07317  -4.4039e+01 | 36  0.18976   4.6556e+02
 37  0.02510  -6.5681e+01 | 38  0.03034  -8.1966e+01 | 39  0.10990   1.3529e+02
 40  0.03696   2.8221e+01 | 41 -0.04819   1.8204e+00 | 42 -0.08922   1.4028e+00
 43 -0.03297  -6.6648e+02 | 44 -0.06669  -5.8562e+02 | 45 -0.03512  -5.2660e+02
 46 -0.15150  -5.3569e+02 | 47 -0.25833  -5.2679e+02 | 48 -0.14671  -4.8858e+02
 49 -0.09658  -4.3640e+02 | 50 -0.05916  -3.7560e+02 | 51 -0.00563  -2.6244e+02
 52  0.03720  -8.1251e+01 | 53 -0.04043  -2.3249e+02 | 54  0.03981   1.3376e+02
 55 -0.01859  -8.4621e+01 | 56  0.00767  -9.0248e+01 | 57  0.10805   1.7143e+02
 58  0.14507   2.8008e+02 | 59  0.07342  -2.2315e+01 | 60 -0.20552  -5.0056e+02
 61 -0.03496  -3.0452e+02 | 62  0.00696  -1.6592e+02 | 63 -0.04299  -2.5640e+02
 64 -0.05043  -2.6585e+02 | 65 -0.04670  -2.1668e+02 | 66 -0.00521  -1.7201e+01
 67 -0.01315  -9.1648e+01 | 68 -0.04473  -2.5404e+02 | 69 -0.04299  -2.6902e+02
 70 -0.05253  -3.1736e+02 | 71  0.05608  -9.6148e+01 | 72  0.05518  -6.0313e+01
 73 -0.00673  -2.4326e+02 | 74  0.07526  -8.1994e+01 | 75  0.06451  -1.5478e+02
 76  0.09014   4.3001e+01 | 77 -0.03757  -2.9385e+02 | 78 -0.04457  -3.3356e+02
 79  0.07330  -1.6412e+02 | 80  0.32900   5.7056e+02 | 81  0.01780  -6.2433e+02
 82 -0.13167  -5.9932e+02 | 83 -0.07165  -6.1097e+02 | 84  0.01742  -6.2312e+02
 85 -0.01263  -4.3513e+01 | 86  0.05371  -6.4993e+01 | 87  0.26532   1.9536e+01
 88 -0.15891   8.0232e+01 | 89 -0.19574   9.9092e+01 | 90 -0.12396   1.4656e+02
 91 -0.05596   2.0558e+02 | 92 -0.01573   2.3130e+02 | 93  0.06550   3.0568e+02
 94  0.16724   4.9909e+02 | 95  0.02203   2.4637e+02 | 96 -0.00366   2.2001e+02
 97  0.09110   3.1355e+02 | 98  0.12983   4.1185e+02 | 99  0.11407   4.7553e+02
100  0.02670   3.5672e+02 |101  0.06686   5.3201e+02 |102 -0.06548   2.7309e+02
103 -0.09720   2.0468e+02 |104  0.04372   3.4782e+02 |105  0.05043   3.6424e+02
106  0.01161   3.3924e+02 |107 -0.07972   2.1458e+02 |108  0.06296   3.7269e+02
109  0.11543   4.5904e+02 |110  0.05523   3.4105e+02 |111  0.03644   3.2407e+02
112 -0.16522   1.5410e+02 |113 -0.17751   1.6868e+02 |114 -0.05646   2.5107e+02
115  0.17853   7.0253e+02 |116 -0.02605   2.3189e+02 |117  0.09018   4.1987e+02
118  0.01262   2.7748e+02 |119 -0.02471   2.1408e+02 |120 -0.01694   2.2144e+02
121  0.09017   3.8469e+02 |122  0.20881   7.8514e+02 |123 -0.04393   6.9638e+01
124  0.10250   2.1535e+02 |125  0.03127   9.2723e+01 |126 -0.14220   6.1680e+01
127 -0.03948  -2.8540e+01 |128 -0.07981  -2.8371e+01 |129 -0.01298  -2.8590e+01
130 -0.04083  -2.8537e+01 |131 -0.04089  -2.8537e+01 |132 -0.00205  -2.8595e+01
133  0.00608  -2.8594e+01 |134  0.06389  -2.8452e+01 |135 -0.02331  -2.8576e+01
136  0.02684  -2.8570e+01 |137 -0.01877  -2.8583e+01 |138  0.01236  -2.8590e+01
139  0.01644  -2.8586e+01 |140 -0.00449  -2.8595e+01 |141 -0.00879  -2.8593e+01
142 -0.00755  -2.8593e+01 |143 -0.00485  -2.8595e+01 |144 -0.07999  -2.8370e+01
145 -0.00890  -2.8593e+01 |146  0.07027  -2.8421e+01 |147 -0.01324  -2.8589e+01
148  0.02803  -2.8568e+01 |149 -0.02741  -2.8569e+01 |150 -0.00052  -2.8595e+01
151  0.03276  -2.8558e+01 |152  0.01242  -2.8590e+01 |153 -0.01015  -2.8592e+01
154 -0.00137  -2.8595e+01 |155  0.01416  -2.8588e+01 |156  0.01974  -2.8582e+01
157  0.03031  -2.8563e+01 |158  0.01269  -2.8590e+01 |159  0.02595  -2.8572e+01
160 -0.02310  -2.8577e+01 |161  0.04829  -2.8513e+01 |162 -0.00046  -2.8595e+01
163  0.01025  -2.8592e+01 |164 -0.04648  -2.8519e+01 |165  0.00080  -2.8595e+01
166  0.01610  -2.8586e+01 |167 -0.01293  -2.8590e+01 |168 -0.00317  -2.8595e+01
169 -0.04222  -5.8610e+04 |170  0.04986   4.8943e+02 |171  0.01524   3.7289e+02
172 -0.02645   4.7377e+02 |173  0.05290  -4.1332e+02 |174  0.02674   6.6692e+01
175  0.01536   1.6751e+02 |176  0.04126   8.6589e+01 |177  0.02731   3.6060e+02
178  0.09008  -1.7777e+02 |179  0.13267  -6.6262e+02 |180  0.13495  -7.4255e+02
181  0.10310  -6.0556e+02 |182 -0.07073   6.5561e+02 |183 -0.09137   6.4209e+02
184 -0.02626   2.6196e+02 |185 -0.00454  -6.3430e+02 |186 -0.07512  -6.8575e+01
187 -0.08104   1.6300e+02 |188 -0.05169   9.1161e+01 |189 -0.03806  -1.6855e+02
190 -0.02471  -3.5604e+02 |191 -0.00701  -3.2431e+02 |192  0.04203  -1.1851e+03
193 -0.02457   2.7862e+02 |194 -0.08387   6.5260e+02 |195 -0.01266   1.6524e+02
196  0.02078  -3.3458e+02 |197  0.03899  -2.4379e+02 |198  0.01194   1.9091e+02
199  0.01594   1.4362e+02 |200 -0.00345   3.5639e+02 |201 -0.04299   6.3237e+02
202  0.13090  -6.2689e+02 |203  0.13648  -3.6857e+02 |204  0.10465   2.0888e+02
205 -0.07197   7.9613e+02 |206 -0.12345   8.0388e+02 |207 -0.14425   7.7132e+02
208 -0.10383   8.0243e+02 |209 -0.02133   8.1541e+02 |210 -0.01935   7.5228e+02
211  0.00278   8.3951e+02 |212 -0.04805   1.5901e+04 |213  0.02951   9.2940e+03
214  0.04585   2.8333e-08 |215 -0.68184  -4.8024e+02 |216 -0.83492  -7.4574e+02
217 -0.01364  -4.4266e+03 |218 -0.11995   2.4422e+02 |219 -0.25094   2.8978e+02
220 -0.06599   2.0574e+02 |221  0.02521   2.0173e+02 |222 -0.01332   2.0522e+02
223 -0.02032   1.8326e+02 |224 -0.04108   1.4169e+02 |225 -0.06592   2.0413e+01
226  0.10062   3.3326e+01 |227  0.07219  -1.4024e+01 |228  0.20803   5.2720e+01
229  0.14948   4.9530e+01 |230  0.08873  -6.4770e+01 |231  0.08019  -6.7720e+01
232  0.02616  -1.0021e+02 |233  0.06854   3.9089e+01 |234  0.11349   2.3692e+02
235 -0.14789  -6.4961e+00 |236 -0.12565  -9.4588e+00 |237  0.01515   3.7962e+01
238  0.05253   2.7774e+01 |239 -0.08278  -3.5103e+01 |240 -0.16876  -1.3525e+02
241 -0.07169  -7.8714e+01 |242 -0.00594  -8.6863e+01 |243  0.04914  -6.7749e+01
244  0.04307  -1.0395e+01 |245 -0.10027  -1.0894e+02 |246 -0.23790  -6.4230e+01
247 -0.13728  -5.7052e+01 |248 -0.03052  -5.4533e+01 |249  0.03201  -6.5355e+01
250  0.11971   2.4042e+01 |251  0.00059  -6.2555e+01 |252  0.00864   9.4612e+00
253  0.00851  -1.4896e+01 |254  0.17324   1.3030e+01 |255  0.19178  -1.3162e+01
256  0.22961   3.1465e+01 |257 -0.14501  -9.4428e+01 |258  0.09587   7.7058e+03
259  0.23987   4.4946e+03 |260 -0.86057   1.2112e+03 |261 -0.83944   3.1270e+03
262 -0.71802  -9.8798e+02 |263 -0.02288  -1.7343e+03 |264 -0.03087  -1.7333e+03
265 -0.00530  -1.7353e+03 |266 -0.01259  -1.7350e+03 |267  0.01681  -1.7348e+03
268 -0.00542  -1.7353e+03 |269  0.01524  -1.7349e+03 |270  0.02395  -1.7342e+03
271 -0.05971  -1.7278e+03 |272  0.00863  -1.7352e+03 |273  0.01715  -1.7348e+03
274 -0.02744  -1.7338e+03 |275 -0.02091  -1.7344e+03 |276  0.01920  -1.7346e+03
277 -0.02391  -1.7342e+03 |278  0.03903  -1.7321e+03 |279 -0.01192  -1.7351e+03
280 -0.01151  -1.7351e+03 |281  0.04677  -1.7307e+03 |282 -0.02673  -1.7339e+03
283  0.01672  -1.7348e+03 |284  0.00460  -1.7353e+03 |285  0.05750  -1.7283e+03
286 -0.03480  -1.7328e+03 |287  0.00588  -1.7353e+03 |288 -0.01263  -1.7350e+03
289 -0.00554  -1.7353e+03 |290 -0.00589  -1.7353e+03 |291  0.01476  -1.7349e+03
292 -0.04414  -1.7312e+03 |293  0.02388  -1.7342e+03 |294 -0.03094  -1.7333e+03
295 -0.00326  -1.7354e+03 |296  0.03080  -1.7334e+03 |297 -0.02249  -1.7343e+03
298  0.00687  -1.7353e+03 |299  0.04882  -1.7303e+03 |300 -0.01283  -1.7350e+03
301 -0.00581  -1.7353e+03 |302  0.00578  -1.7353e+03 |303  0.51823   6.2205e+03
304  0.15497   2.1214e+02 |305 -0.99100   5.6920e+02 |306  0.14231   1.4178e+01
307 -0.93320  -1.5496e+03 |308 -0.47043   1.9992e+02 |
278.091 315.221 264.319 158.435 
866.359 866.359 180.503 181.401 
7.32044 510.282 0 0.516315 9.2817 
0 3.31576 0 0 0.54011 53.4577 0 
278.059 315.183 264.316 158.434 
866.287 866.287 180.502 181.399 
7.32043 510.237 0 0.516365 9.28156 
0 3.31576 0 0 0.54011 53.4578 0 
277.735 314.804 264.295 158.422 
865.576 865.576 180.486 181.377 
7.32042 509.786 0 0.516862 9.28018 
0 3.31576 0 0 0.54011 53.4584 0 
274.507 311.021 264.079 158.309 
858.477 858.477 180.334 181.158 
7.32027 505.284 0 0.521846 9.26639 
0 3.31572 0 0 0.540107 53.4644 0 
243.498 274.748 261.98 157.204 
789.233 789.233 178.822 178.98 
7.31874 461.45 0 0.573004 9.12907 
0 3.31533 0 0 0.54008 53.5251 0 
174.138 205.125 248.556 148.058 
576.743 576.743 130.452 123.702 
7.32551 326.965 0 0.602703 10.9673 
0 3.32979 0 0 0.539963 48.0828 0 
224.098 256.076 258.882 154.886 
732.798 732.798 163.834 163.13 
7.32043 425.965 0 0.580366 9.57338 
0 3.31894 0 0 0.54005 52.3936 0 
229.528 271.158 253.948 150.895 
714.6 714.6 138.402 135.01 
7.32698 414.509 0 0.511463 10.9505 
0 3.32828 0 0 0.540022 49.0267 0 
188.094 260.005 230.558 129.344 
670.136 670.136 132.023 146.071 
7.34337 435.049 0 0.393866 18.9201 
0 3.36786 0 0 0.539491 43.9059 0 
148.503 282.472 194.022 108.606 
678.838 678.838 175.575 96.7593 
7.34547 311.624 0 0.7104 35.3782 
0 3.43107 0 0 0.539542 50.5449 0 
170.097 293.611 146.214 95.5183 
527.273 527.273 100.767 103.652 
7.21217 244.779 0 4.10759 39.1278 
0 3.44529 0 0 0.543378 67.1713 0 
119.814 241.02 212.193 132.819 
435.285 435.285 136.136 367.864 
7.24521 138.576 0 1.02733 42.8325 
0 3.46834 0 0 0.558664 51.5392 0 
128.872 253.452 170.667 106.492 
439.607 439.607 82.1894 194.617 
7.22215 163.66 0 0.247145 40.9747 
0 3.45556 0 0 0.550751 59.1599 0 
274.739 247.626 158.888 97.4947 
335.603 335.603 105.562 187.658 
7.08989 89.9061 0 0.520578 39.4119 
0 3.45235 0 0 0.562601 55.629 0 
241.408 224.553 176.821 101.094 
307.124 307.124 103.804 183.637 
7.05343 82.3831 0 0.555544 40.2136 
0 3.45402 0 0 0.5667 55.4486 0 
214.114 174.904 201.681 106.658 
248.55 248.55 90.9888 177.177 
6.98872 72.574 0 0.604557 39.5515 
0 3.45141 0 0 0.574969 62.2407 0 

Intermediate statistics: 308 variables; iteration 10; function evaluation 16; phase 1
Function value   1.5466953e+03; maximum gradient component mag  -2.8299e+04
Var   Value    Gradient   |Var   Value    Gradient   |Var   Value    Gradient
  1  0.07585  -3.8515e+00 |  2  0.10548  -4.7233e+01 |  3  0.20701  -2.0060e+02
  4  0.17629  -2.0348e+02 |  5  0.14974  -1.9983e+02 |  6  0.19527  -2.3841e+02
  7  0.17250  -1.2469e+02 |  8  0.12329  -1.0334e+02 |  9  0.18239  -8.1170e+01
 10  0.13220  -2.8568e+01 | 11  0.17995   2.4511e+02 | 12  0.08054  -3.9221e+01
 13  0.08716  -1.7287e+01 | 14  0.10363   1.0782e+02 | 15 -0.04733  -1.2275e+00
 16  0.01902   4.5180e+00 | 17 -0.17814   9.8048e-02 | 18 -0.21943   2.7047e-01
 19 -0.33341   9.9131e-03 | 20 -0.40976   1.3427e-03 | 21 -0.43773   3.5862e-03
 22  0.07956  -3.0195e+00 | 23 -0.12971   1.7965e-02 | 24  0.02249  -1.5831e-01
 25  0.02294  -1.1217e+01 | 26  0.16377   2.2407e+01 | 27  0.05703  -5.8978e+01
 28  0.16098  -1.6475e+01 | 29  0.17059   2.8163e+01 | 30  0.01515  -6.6331e+01
 31  0.15173   1.4359e+00 | 32  0.12620  -2.2484e+01 | 33  0.12130  -3.3687e+00
 34  0.08323  -1.2105e+01 | 35  0.07837  -8.9164e+00 | 36  0.10951   1.7837e+01
 37  0.04627  -2.4049e+01 | 38  0.05375   1.8756e+01 | 39  0.06049   1.2355e+02
 40  0.02348   6.5282e+01 | 41 -0.04958   1.1424e+01 | 42 -0.09001   5.2377e+00
 43  0.00283  -9.4460e+01 | 44 -0.04482  -1.3033e+02 | 45 -0.02549  -1.5634e+02
 46 -0.14522  -1.7217e+02 | 47 -0.24845  -1.6536e+02 | 48 -0.14448  -1.6656e+02
 49 -0.09525  -1.4334e+02 | 50 -0.05525  -1.1316e+02 | 51 -0.00245  -3.2113e+01
 52  0.04611   1.6657e+02 | 53 -0.01474   1.1145e+02 | 54  0.08832   4.0127e+02
 55  0.02156   2.7115e+02 | 56  0.04065   2.7236e+02 | 57  0.12727   4.3350e+02
 58  0.14609   3.5664e+02 | 59  0.07468   9.7010e+01 | 60 -0.19267  -1.2100e+02
 61 -0.02893  -6.7036e+01 | 62  0.01504  -5.0438e+01 | 63 -0.03701  -8.0522e+01
 64 -0.04817  -7.3632e+01 | 65 -0.03715  -4.7751e+01 | 66  0.01820   1.4014e+01
 67  0.00822   3.4848e+01 | 68 -0.02409  -1.6425e+01 | 69 -0.02647  -1.8214e+01
 70 -0.04063  -4.3584e+01 | 71  0.06885   3.2904e+01 | 72  0.07275   6.0366e+01
 73  0.01172   9.7123e-01 | 74  0.09072   1.0849e+02 | 75  0.08488   1.3441e+02
 76  0.12161   2.8275e+02 | 77 -0.01455   2.0140e+01 | 78 -0.03034  -2.9979e+01
 79  0.07724   5.7368e+00 | 80  0.28144   1.0633e+02 | 81  0.03227  -1.5969e+02
 82 -0.11797  -1.5005e+02 | 83 -0.05638  -1.4782e+02 | 84  0.03145  -1.5847e+02
 85  0.00937  -1.4043e+02 | 86  0.07642  -1.0329e+02 | 87  0.33542   3.0132e+02
 88 -0.16152  -1.2273e+02 | 89 -0.20205  -1.2314e+02 | 90 -0.12425  -1.3313e+02
 91 -0.05153  -1.4141e+02 | 92 -0.01049  -1.2068e+02 | 93  0.07992  -8.1437e+01
 94  0.17794   4.8599e+01 | 95  0.00556  -2.5948e+01 | 96 -0.02619  -1.0921e+01
 97  0.06170   9.4889e+01 | 98  0.10210   1.8884e+02 | 99  0.09111   2.3358e+02
100  0.01674   9.1296e+01 |101  0.05665   1.2664e+02 |102 -0.08219  -4.8208e+01
103 -0.11326  -7.8926e+01 |104  0.03520  -4.7455e+01 |105  0.03758  -5.4604e+01
106 -0.01297  -7.0738e+01 |107 -0.10579  -9.6149e+01 |108  0.03191  -5.1289e+01
109  0.07968  -1.5396e+01 |110  0.02415  -4.8796e+01 |111  0.00310  -2.9863e+01
112 -0.19071  -7.7928e+01 |113 -0.20471  -7.0234e+01 |114 -0.08772  -3.6957e+01
115  0.12534   1.2793e+02 |116 -0.05262  -6.5248e+01 |117  0.05511   4.2680e+01
118 -0.01368  -5.6998e+00 |119 -0.04446  -3.8181e+01 |120 -0.03708  -3.3509e+01
121  0.06929   7.4952e+01 |122  0.17166   2.7481e+02 |123 -0.06623  -1.2222e+02
124  0.06836  -7.8772e+01 |125  0.00592  -1.1185e+02 |126 -0.16178  -1.2541e+02
127 -0.03791   1.0151e+00 |128 -0.07824   1.0092e+00 |129 -0.01140   1.0167e+00
130 -0.03925   1.0149e+00 |131 -0.03931   1.0149e+00 |132 -0.00047   1.0169e+00
133  0.00766   1.0168e+00 |134  0.06546   1.0115e+00 |135 -0.02173   1.0163e+00
136  0.02841   1.0159e+00 |137 -0.01719   1.0165e+00 |138  0.01394   1.0166e+00
139  0.01802   1.0165e+00 |140 -0.00291   1.0169e+00 |141 -0.00721   1.0168e+00
142 -0.00597   1.0168e+00 |143 -0.00327   1.0168e+00 |144 -0.07842   1.0092e+00
145 -0.00732   1.0168e+00 |146  0.07184   1.0104e+00 |147 -0.01166   1.0167e+00
148  0.02960   1.0158e+00 |149 -0.02584   1.0160e+00 |150  0.00106   1.0169e+00
151  0.03433   1.0154e+00 |152  0.01400   1.0166e+00 |153 -0.00857   1.0168e+00
154  0.00021   1.0169e+00 |155  0.01574   1.0166e+00 |156  0.02132   1.0163e+00
157  0.03189   1.0156e+00 |158  0.01427   1.0166e+00 |159  0.02753   1.0159e+00
160 -0.02152   1.0163e+00 |161  0.04987   1.0137e+00 |162  0.00112   1.0169e+00
163  0.01183   1.0167e+00 |164 -0.04490   1.0143e+00 |165  0.00237   1.0169e+00
166  0.01768   1.0165e+00 |167 -0.01135   1.0167e+00 |168 -0.00159   1.0169e+00
169 -0.00936  -2.8299e+04 |170  0.07813   5.0060e+02 |171  0.08697   5.2328e+02
172  0.02573   2.5580e+02 |173  0.16029   6.1467e+02 |174  0.03236   1.2558e+02
175  0.03004  -1.3655e+02 |176  0.00418  -2.9706e+01 |177  0.02300   2.9943e+01
178  0.12910  -6.9130e+02 |179  0.06811  -1.1456e+03 |180 -0.10029   3.0977e+01
181  0.03771  -1.3053e+03 |182 -0.01797  -1.4444e+02 |183 -0.04618   1.1717e+02
184  0.04619  -1.0230e+02 |185 -0.04786  -3.2237e+00 |186 -0.03679  -2.1884e+02
187 -0.05338   4.4154e+01 |188 -0.03369   1.0821e+02 |189  0.03474   2.9729e+01
190  0.05796   9.2894e+01 |191  0.05245  -5.6476e+02 |192 -0.17034   1.9310e+02
193 -0.00802  -5.2206e+02 |194 -0.08683   1.5186e+02 |195 -0.01192   5.2247e+01
196  0.10517  -2.1673e+02 |197 -0.03857   4.8237e+01 |198 -0.03000  -1.5441e+02
199 -0.01961  -1.2114e+02 |200  0.02649  -1.5613e+02 |201 -0.02070   6.7798e+00
202  0.04873  -7.5582e+02 |203  0.04246  -3.0444e+02 |204  0.15173   5.3818e+01
205 -0.06757   2.7827e+02 |206 -0.11966   2.6687e+02 |207 -0.13548   2.2322e+02
208 -0.12325   1.0720e+02 |209 -0.07586   1.3590e+02 |210 -0.01785   1.3162e+02
211  0.00182   2.9478e+02 |212 -0.04938   7.2263e+03 |213  0.09513   5.1770e+03
214  0.04585   2.8333e-08 |215 -0.63788   6.1596e+01 |216 -0.76617  -3.3326e+02
217  0.17632  -3.0019e+02 |218 -0.16770   6.0444e+01 |219 -0.28381   6.2416e+01
220 -0.05668  -2.1858e+01 |221  0.04987  -1.0154e+01 |222  0.01501   2.9129e+01
223  0.01697   5.5094e+01 |224 -0.02225   8.3810e+01 |225 -0.04567   7.0503e+01
226  0.11201   6.3634e+01 |227  0.06459   3.2847e+01 |228  0.20590   3.7955e+00
229  0.13301   1.5215e+01 |230  0.08306  -2.2943e+01 |231  0.06329  -9.0104e-02
232  0.02230  -3.7083e+01 |233  0.06111  -2.0062e+01 |234  0.12916  -8.5040e+00
235 -0.14770  -7.3402e+01 |236 -0.12637  -3.6606e+01 |237  0.02293   9.2609e+00
238  0.04904  -3.4458e+00 |239 -0.09408  -9.0567e+00 |240 -0.16524  -1.7381e+01
241 -0.07156  -2.5510e+00 |242  0.00348  -5.9569e-01 |243  0.05007   3.0325e+01
244  0.02891   5.7379e+01 |245 -0.11315   4.2473e+01 |246 -0.25001  -1.8115e+01
247 -0.14050  -1.6773e+01 |248 -0.01168  -3.4088e+01 |249  0.04345   1.3458e+01
250  0.11242   3.9329e+01 |251  0.00838  -3.0497e+01 |252 -0.00261  -1.7865e+01
253  0.00299  -2.4046e+01 |254  0.16900   6.6055e-01 |255  0.18970  -1.9390e+01
256  0.22295   6.0023e+00 |257 -0.16128   8.4234e-01 |258  0.15260   2.2733e+03
259  0.15261   1.9816e+02 |260 -0.81951   1.6460e+03 |261 -0.71182   1.3626e+03
262 -0.76550  -4.5765e+01 |263 -0.02384  -3.6665e+03 |264 -0.03183  -3.6645e+03
265 -0.00628  -3.6689e+03 |266 -0.01356  -3.6683e+03 |267  0.01581  -3.6680e+03
268 -0.00640  -3.6689e+03 |269  0.01424  -3.6682e+03 |270  0.02295  -3.6667e+03
271 -0.06064  -3.6525e+03 |272  0.00764  -3.6688e+03 |273  0.01615  -3.6679e+03
274 -0.02839  -3.6655e+03 |275 -0.02187  -3.6669e+03 |276  0.01820  -3.6676e+03
277 -0.02487  -3.6663e+03 |278  0.03802  -3.6626e+03 |279 -0.01289  -3.6683e+03
280 -0.01249  -3.6684e+03 |281  0.04575  -3.6596e+03 |282 -0.02769  -3.6656e+03
283  0.01573  -3.6680e+03 |284  0.00362  -3.6690e+03 |285  0.05648  -3.6547e+03
286 -0.03575  -3.6633e+03 |287  0.00489  -3.6690e+03 |288 -0.01361  -3.6683e+03
289 -0.00652  -3.6689e+03 |290 -0.00687  -3.6689e+03 |291  0.01377  -3.6682e+03
292 -0.04508  -3.6599e+03 |293  0.02288  -3.6667e+03 |294 -0.03190  -3.6645e+03
295 -0.00424  -3.6690e+03 |296  0.02979  -3.6651e+03 |297 -0.02345  -3.6666e+03
298  0.00588  -3.6689e+03 |299  0.04780  -3.6588e+03 |300 -0.01380  -3.6682e+03
301 -0.00679  -3.6689e+03 |302  0.00479  -3.6690e+03 |303  0.44437  -2.9472e+02
304  0.11094   8.1543e+02 |305 -0.91886   3.0228e+03 |306  0.10332   1.7116e+02
307 -0.90809   5.4425e+02 |308 -0.42589   1.5320e+03 |
145.087 94.7147 226.673 102.834 
150.01 150.01 80.5981 166.982 
6.9121 58.6359 0 0.388914 30.4406 
0 3.41924 0 0 0.590368 69.0392 0 
63.4429 42.4296 253.766 104.267 
88.4641 88.4641 149.804 169.153 
6.70498 129.185 0 0.601634 17.4184 
0 3.32051 0 0 0.624372 55.8463 0 
107.235 65.2551 230.615 98.675 
124.271 124.271 91.448 170.798 
6.84221 62.8494 0 0.447306 26.2004 
0 3.38718 0 0 0.599823 65.1041 0 
78.4435 58.4758 225.347 103.394 
129.326 129.326 103.372 164.814 
6.7815 79.4556 0 0.00755149 30.9839 
0 3.36582 0 0 0.610748 56.3066 0 
66.0873 60.6021 208.196 100.522 
109.658 109.658 87.9379 165.962 
6.65522 84.1124 0 0.0860437 38.2663 
0 3.34409 0 0 0.62083 47.9893 0 
58.6958 43.6731 189.271 99.2117 
85.2666 85.2666 104.962 166.926 
6.47516 64.3953 0 0.0388809 33.1223 
0 3.24888 0 0 0.644088 38.8572 0 
56.972 26.2612 209.743 109.701 
60.3778 60.3778 102.713 163.007 
6.09595 233.766 0 0.69789 21.5109 
0 2.87832 0 0 0.710337 37.5036 0 
56.0539 34.122 188.455 99.0156 
73.883 73.883 101.414 149.129 
6.35653 89.8639 0 0.147194 29.4758 
0 3.13713 0 0 0.662186 37.1535 0 
47.4545 35.2365 190.249 101.481 
57.2582 57.2582 103.735 145.722 
6.25494 80.6614 0 0.310686 30.5324 
0 2.96132 0 0 0.691917 35.0492 0 
37.2111 21.4798 189.201 96.6359 
41.2709 41.2709 98.5185 153.295 
6.19429 101.575 0 0.0649074 36.458 
0 2.72484 0 0 0.743305 34.3327 0 
35.8037 15.8872 192.345 99.0035 
41.9515 41.9515 98.3499 141.388 
6.16425 106.834 0 0.200242 30.9279 
0 2.54901 0 0 0.787195 33.9689 0 
28.5569 14.1299 193.65 96.8096 
35.0129 35.0129 92.5047 149.277 
6.09521 102.824 0 0.0770288 32.9132 
0 2.42912 0 0 0.829784 34.6689 0 
308 variables; iteration 20; function evaluation 28; phase 1
Function value   9.3789013e+02; maximum gradient component mag   5.0653e+03
Var   Value    Gradient   |Var   Value    Gradient   |Var   Value    Gradient
  1 -0.24377  -6.0465e-01 |  2  0.15022  -4.4611e+01 |  3  0.20283  -2.5287e+01
  4  0.22656   4.7191e+01 |  5 -0.16485  -6.6508e+01 |  6  0.22183  -1.4533e+02
  7  0.03987  -8.3458e+01 |  8  0.19241  -3.5141e+00 |  9  0.19100   3.3457e+00
 10  0.00438  -6.0139e+01 | 11  0.15669   4.4116e+01 | 12  0.12956   1.5126e+01
 13  0.09543  -2.9176e+01 | 14  0.05341   6.0212e+00 | 15 -0.02504  -2.6606e+00
 16 -0.00024   1.6982e-02 | 17 -0.17812  -2.7891e-01 | 18 -0.21941  -1.3356e+00
 19 -0.33342  -3.4024e-03 | 20 -0.40976   1.8952e-03 | 21 -0.43774   4.2507e-03
 22  0.08237  -3.3318e+00 | 23 -0.12987   1.9249e-02 | 24  0.01872   1.3459e-01
 25  0.03940  -8.4825e+00 | 26  0.02937  -2.9381e+01 | 27  0.14957  -1.1427e+00
 28  0.14884  -6.0301e+00 | 29 -0.01340  -6.1429e+01 | 30  0.13347  -1.2435e+01
 31  0.15748  -2.8560e+00 | 32  0.14531   5.0896e+00 | 33  0.12868   1.2031e+01
 34 -0.17955  -3.3026e+01 | 35  0.13426   2.6520e+01 | 36  0.10283  -9.9657e+00
 37  0.04479  -1.9299e+01 | 38  0.02144  -1.1402e+01 | 39 -0.08106  -2.3244e+01
 40 -0.04489   5.2130e+00 | 41 -0.06788   7.2028e+00 | 42 -0.09933   4.5454e+00
 43  0.01816   5.0282e+01 | 44 -0.02900   1.0481e+01 | 45 -0.00724  -2.4226e+01
 46 -0.13656  -5.2433e+00 | 47 -0.23267  -3.5193e-01 | 48 -0.14902  -8.1109e+00
 49 -0.10921  -6.2951e+00 | 50 -0.07074  -9.2762e+00 | 51 -0.01909  -1.3335e+01
 52  0.05161   1.2580e+01 | 53  0.00047   4.8677e+01 | 54  0.09882   9.2214e+01
 55  0.02805   7.7623e+01 | 56  0.04561   6.8890e+01 | 57  0.10898   4.1552e+01
 58  0.11530  -2.5170e+01 | 59  0.05351  -4.3152e+01 | 60 -0.18514   6.2950e+00
 61 -0.03812  -1.1728e+01 | 62  0.04092  -6.0441e+01 | 63 -0.00810  -5.0064e+01
 64 -0.02786  -4.0144e+01 | 65 -0.01705  -3.4524e+01 | 66  0.05747  -4.3965e+01
 67  0.02361  -5.9549e+00 | 68 -0.01584   1.2682e+01 | 69 -0.03178   1.7368e+01
 70 -0.05148   1.2828e+01 | 71  0.04127   4.2246e+00 | 72  0.05087   9.0496e+00
 73  0.00373   1.3050e+01 | 74  0.06180   1.1703e+01 | 75  0.07299   2.3593e+01
 76  0.10827   6.2883e+01 | 77 -0.01744   3.5355e+01 | 78 -0.03121   1.6290e+01
 79  0.08205  -9.7153e+00 | 80  0.24596  -8.7427e+01 | 81  0.03322   2.8731e+01
 82 -0.12389   2.9849e+01 | 83 -0.05979   3.1653e+01 | 84  0.02983   2.9922e+01
 85  0.06669   3.0400e+01 | 86  0.12448   4.4445e+01 | 87  0.26255   1.0406e+02
 88 -0.12800  -1.0251e+01 | 89 -0.17700  -1.0843e+01 | 90 -0.07620  -1.8717e+01
 91  0.02638  -3.5873e+01 | 92  0.04871  -1.6279e+01 | 93  0.12075   4.1289e+00
 94  0.17244   1.1459e+00 | 95  0.00085  -1.0967e+01 | 96 -0.03419  -1.1991e+01
 97  0.02350   2.7240e+00 | 98  0.07992   1.5887e+01 | 99  0.09409   2.5653e+01
100  0.02484   9.4608e+00 |101  0.05657  -1.2697e+01 |102 -0.07835  -2.3289e+01
103 -0.11324  -1.8985e+01 |104  0.04330  -3.9702e+01 |105  0.03601  -3.9707e+01
106 -0.01723  -4.4093e+01 |107 -0.11146  -2.9943e+01 |108  0.02306  -4.6202e+01
109  0.06904  -6.0318e+01 |110  0.03112  -6.1033e+01 |111  0.00873  -5.8829e+01
112 -0.19753  -1.6892e+01 |113 -0.22041  -1.0728e+01 |114 -0.10768  -1.5716e+01
115  0.08923  -5.3802e+01 |116 -0.04876  -3.3858e+01 |117  0.03527  -2.9092e+01
118 -0.02720  -1.5996e+01 |119 -0.05058  -1.1706e+01 |120 -0.05467  -5.6399e+00
121  0.05345   8.2849e+00 |122  0.15797   3.8827e+01 |123 -0.09205   4.2639e+00
124  0.05478  -3.1813e+01 |125 -0.02259  -4.0958e+00 |126 -0.17373  -2.6228e+00
127 -0.03794   3.9751e-01 |128 -0.07827   3.9521e-01 |129 -0.01143   3.9815e-01
130 -0.03929   3.9746e-01 |131 -0.03934   3.9746e-01 |132 -0.00050   3.9822e-01
133  0.00762   3.9819e-01 |134  0.06543   3.9612e-01 |135 -0.02177   3.9798e-01
136  0.02838   3.9782e-01 |137 -0.01723   3.9807e-01 |138  0.01391   3.9812e-01
139  0.01798   3.9806e-01 |140 -0.00294   3.9821e-01 |141 -0.00724   3.9819e-01
142 -0.00600   3.9820e-01 |143 -0.00330   3.9821e-01 |144 -0.07845   3.9520e-01
145 -0.00735   3.9819e-01 |146  0.07181   3.9569e-01 |147 -0.01169   3.9815e-01
148  0.02957   3.9779e-01 |149 -0.02587   3.9789e-01 |150  0.00103   3.9822e-01
151  0.03430   3.9764e-01 |152  0.01397   3.9812e-01 |153 -0.00861   3.9818e-01
154  0.00018   3.9822e-01 |155  0.01571   3.9810e-01 |156  0.02129   3.9799e-01
157  0.03186   3.9772e-01 |158  0.01424   3.9812e-01 |159  0.02749   3.9785e-01
160 -0.02155   3.9799e-01 |161  0.04983   3.9700e-01 |162  0.00108   3.9822e-01
163  0.01179   3.9815e-01 |164 -0.04493   3.9723e-01 |165  0.00234   3.9821e-01
166  0.01765   3.9806e-01 |167 -0.01138   3.9815e-01 |168 -0.00163   3.9822e-01
169  0.01003   5.0653e+03 |170  0.04793   2.9928e+02 |171  0.05908   3.9102e+02
172  0.03686   1.2736e+02 |173  0.12891   5.4112e+02 |174  0.05950   1.3677e+02
175  0.07595   7.4607e+01 |176 -0.04627   5.3260e+01 |177  0.12002   2.3188e+02
178 -0.02166  -1.3194e+00 |179  0.18024  -2.1125e+02 |180 -0.46678   3.9853e+01
181  0.11793  -7.8094e+01 |182 -0.03227   7.6196e+01 |183  0.01401   1.3919e+02
184  0.02752   2.2410e+02 |185  0.00344   1.9346e+02 |186  0.00770   2.3989e+02
187 -0.03650   9.4583e+01 |188 -0.00214   1.2928e+02 |189  0.07031   3.3161e+02
190  0.05845   2.6852e+02 |191  0.09609   2.7176e+02 |192 -0.38934   4.2899e+01
193  0.05453   1.9660e+01 |194 -0.09283   5.7457e+01 |195  0.01145   1.0732e+02
196  0.09479   3.1496e+02 |197 -0.10232   1.4927e+01 |198  0.04438   1.7340e+01
199 -0.02354   2.6419e+01 |200  0.06280   2.1260e+02 |201 -0.00360   5.3848e+01
202  0.14319  -1.3964e+02 |203 -0.06371  -3.9639e+01 |204  0.14679   3.5645e+02
205 -0.06308   6.4331e+01 |206 -0.11855   5.4675e+01 |207 -0.12499   5.4966e+01
208 -0.07064   6.4292e+00 |209 -0.09224  -2.8414e+01 |210  0.06944   3.7049e+01
211  0.00232   5.5170e+01 |212 -0.02559  -9.3553e+02 |213  0.08391  -1.2894e+02
214  0.04585   2.8333e-08 |215 -0.65783   8.0576e+01 |216 -0.73257   1.7674e+02
217  0.24500   1.3304e+03 |218 -0.24330  -4.5625e+01 |219 -0.35188  -3.7735e+01
220 -0.06483  -2.8883e+01 |221  0.10922  -6.0235e+00 |222  0.08866  -1.7104e+00
223  0.07915   3.4212e+01 |224 -0.00820   3.3541e+01 |225 -0.02792   2.7981e+01
226  0.13548   1.3986e+01 |227  0.05477  -7.9664e+00 |228  0.22558  -3.3969e+01
229  0.10855  -1.8836e+01 |230  0.09504  -2.1287e+01 |231  0.04568  -2.8551e+01
232  0.02521  -2.4111e+01 |233  0.04731  -2.8791e+01 |234  0.16801  -9.3796e+00
235 -0.17014  -1.7194e+01 |236 -0.16477  -3.1668e+00 |237  0.02910   4.3690e+00
238  0.06517  -2.0095e+00 |239 -0.13224  -5.4383e-01 |240 -0.17510   4.6886e+00
241 -0.08606  -2.3696e+00 |242  0.02737  -6.6761e+00 |243  0.05700  -9.7281e+00
244 -0.00018  -1.2803e+01 |245 -0.11821   1.0416e+01 |246 -0.32589  -6.6699e+00
247 -0.19611  -2.3945e-01 |248  0.01804  -4.3432e-01 |249  0.09901  -2.7737e+01
250  0.11062  -3.0267e+01 |251  0.04799  -2.9205e+01 |252 -0.03799  -2.3592e+01
253  0.00781  -2.4834e+01 |254  0.16930  -1.5871e+01 |255  0.21143  -2.7922e+01
256  0.24232  -3.2667e+01 |257 -0.20990  -4.3296e+00 |258  0.12803  -2.7959e+03
259  0.17102   3.0129e+03 |260 -0.83807   8.6641e+02 |261 -0.72261   1.7240e+03
262 -0.80630   2.2722e+02 |263 -0.02362  -3.6760e+03 |264 -0.03149  -3.6740e+03
265 -0.00628  -3.6784e+03 |266 -0.01347  -3.6777e+03 |267  0.01559  -3.6774e+03
268 -0.00640  -3.6784e+03 |269  0.01404  -3.6777e+03 |270  0.02267  -3.6762e+03
271 -0.05980  -3.6623e+03 |272  0.00750  -3.6783e+03 |273  0.01593  -3.6774e+03
274 -0.02811  -3.6750e+03 |275 -0.02168  -3.6764e+03 |276  0.01796  -3.6771e+03
277 -0.02464  -3.6758e+03 |278  0.03763  -3.6721e+03 |279 -0.01281  -3.6778e+03
280 -0.01241  -3.6778e+03 |281  0.04532  -3.6692e+03 |282 -0.02741  -3.6751e+03
283  0.01551  -3.6775e+03 |284  0.00352  -3.6785e+03 |285  0.05599  -3.6643e+03
286 -0.03535  -3.6729e+03 |287  0.00478  -3.6784e+03 |288 -0.01352  -3.6777e+03
289 -0.00651  -3.6784e+03 |290 -0.00685  -3.6783e+03 |291  0.01357  -3.6777e+03
292 -0.04453  -3.6696e+03 |293  0.02260  -3.6762e+03 |294 -0.03156  -3.6740e+03
295 -0.00426  -3.6785e+03 |296  0.02946  -3.6746e+03 |297 -0.02323  -3.6761e+03
298  0.00576  -3.6784e+03 |299  0.04735  -3.6684e+03 |300 -0.01371  -3.6777e+03
301 -0.00678  -3.6783e+03 |302  0.00468  -3.6784e+03 |303  0.47926  -3.0692e+03
304  0.02244  -1.5737e+01 |305 -0.88729   1.2069e+02 |306  0.22770  -1.7299e+01
307 -0.89374   8.1064e+02 |308 -0.45009   2.9448e+02 |
30.7868 12.0479 202.606 102.418 
29.3695 29.3695 91.1158 145.516 
6.07404 104.469 0 0.0311551 24.1389 
0 2.29636 0 0 0.909784 36.77 0 
30.7228 11.9692 202.611 102.469 
29.3724 29.3724 91.0816 145.572 
6.07117 104.125 0 0.0311855 24.0867 
0 2.29514 0 0 0.911011 36.7829 0 
30.1081 11.2622 202.787 103.014 
29.4684 29.4684 90.7648 146.151 
6.04349 100.791 0 0.0314903 23.5675 
0 2.28325 0 0 0.923424 36.9231 0 
28.9356 11.2079 203.11 102.154 
28.3912 28.3912 90.5618 148.046 
5.98797 98.4267 0 0.0373489 24.5145 
0 2.27383 0 0 0.948826 36.0053 0 
29.0917 11.1738 204.071 101.601 
27.4395 27.4395 90.9647 145.6 
5.96096 97.8942 0 0.0425531 25.0784 
0 2.2748 0 0 0.96629 35.3103 0 
29.6854 10.1479 204.899 100.768 
25.6998 25.6998 91.4296 145.674 
5.93593 94.1505 0 0.0342787 25.7029 
0 2.29088 0 0 0.992451 34.4991 0 
32.3742 10.5984 203.012 101.341 
25.6597 25.6597 90.8133 147.582 
5.964 90.9014 0 0.0464771 22.5329 
0 2.33357 0 0 1.02469 32.2159 0 
31.3113 9.97699 202.934 101.86 
26.317 26.317 88.6704 148.922 
6.07601 88.8505 0 0.0274009 21.213 
0 2.41609 0 0 1.05781 30.1573 0 
30.5172 10.0613 203.391 98.548 
24.9463 24.9463 88.8018 147.747 
6.26919 87.2671 0 0.0305635 20.0783 
0 2.54474 0 0 1.09539 29.9805 0 
30.5221 10.6713 199.689 91.3351 
24.7355 24.7355 87.124 148.834 
6.72961 83.8851 0 0.0232497 18.6813 
0 2.77699 0 0 1.15461 31.2215 0 
31.851 11.9514 198.669 97.0992 
28.4487 28.4487 83.4124 145.792 
7.7174 77.5077 0 0.0157025 17.5371 
0 3.18825 0 0 1.24399 31.3401 0 
30.8137 10.9132 198.349 90.408 
25.9084 25.9084 84.9549 147.168 
7.22592 79.9176 0 0.0189393 18.0511 
0 2.98953 0 0 1.20081 31.2811 0 
308 variables; iteration 30; function evaluation 40; phase 1
Function value   8.8258300e+02; maximum gradient component mag  -3.6254e+03
Var   Value    Gradient   |Var   Value    Gradient   |Var   Value    Gradient
  1 -0.71778  -2.8007e-01 |  2  0.20051  -1.3661e+01 |  3  0.17755  -6.9764e+01
  4  0.20809  -1.5241e+02 |  5 -0.27838  -6.2259e+01 |  6  0.21813  -1.3264e+02
  7  0.00189  -8.1796e+01 |  8  0.18394  -1.4249e+01 |  9  0.19579   4.9333e+01
 10  0.01408  -5.7587e+01 | 11  0.18143   1.7095e+02 | 12  0.11186  -8.0024e+00
 13  0.11630   5.5230e-01 | 14  0.06146   9.9283e+00 | 15  0.01192   5.6812e+00
 16 -0.04215   3.1486e+00 | 17 -0.17743  -5.9203e-02 | 18 -0.17005  -2.6553e+01
 19 -0.33322  -5.9117e-02 | 20 -0.40975  -3.7027e-03 | 21 -0.43777   2.1620e-03
 22  0.10287  -1.9393e+00 | 23 -0.13032   1.7740e-02 | 24  0.01085  -8.1138e-02
 25  0.09334   1.3768e+00 | 26 -0.04725  -3.0563e+01 | 27  0.13290  -2.7906e+01
 28  0.15042  -1.3487e+01 | 29  0.16677   2.0051e+01 | 30  0.12364  -3.0483e+01
 31  0.16267  -8.2431e+00 | 32  0.15546   7.5821e+00 | 33  0.14125   2.0895e+01
 34 -0.25799  -3.1611e+01 | 35  0.13781   6.4768e+00 | 36  0.11269   1.4570e+01
 37  0.07950   5.2037e+00 | 38  0.04231   2.2758e+00 | 39 -0.30471  -3.5585e+00
 40 -0.09496  -7.8604e+00 | 41 -0.10874  -5.5440e-02 | 42 -0.12938   1.3449e+00
 43 -0.00138  -3.3885e+01 | 44  0.01705  -6.4309e+01 | 45  0.05789  -9.1587e+01
 46 -0.13881  -7.6810e+01 | 47 -0.17025  -8.2199e+01 | 48 -0.16049  -8.5463e+01
 49 -0.14017  -8.7087e+01 | 50 -0.07449  -9.7223e+01 | 51 -0.03190  -9.8955e+01
 52  0.04932  -7.0197e+01 | 53 -0.00887  -2.8626e+01 | 54  0.09204   4.1815e+01
 55  0.01811   3.1987e+01 | 56  0.02865   2.7344e+01 | 57  0.09464   2.8853e+01
 58  0.08552  -2.9406e+01 | 59  0.02179  -6.0577e+01 | 60 -0.15608  -5.5700e+01
 61 -0.10457  -5.3011e+01 | 62  0.17358  -2.2037e+01 | 63  0.13198  -2.7546e+01
 64  0.04889  -5.5839e+01 | 65 -0.00694  -6.4990e+01 | 66  0.04541  -6.5459e+01
 67 -0.06490  -6.1690e+01 | 68 -0.06126  -6.0750e+01 | 69 -0.10458  -6.4381e+01
 70 -0.11679  -7.2403e+01 | 71 -0.02992  -8.6197e+01 | 72  0.05739  -9.3861e+01
 73  0.02279  -7.6965e+01 | 74  0.02515  -6.9183e+01 | 75  0.11046  -3.7676e+01
 76  0.09561   1.0083e+01 | 77 -0.03975  -1.8053e+01 | 78 -0.04113  -1.2898e+01
 79  0.10620   2.1692e+01 | 80  0.23240   3.4245e+01 | 81  0.02939  -5.4795e+01
 82 -0.14408  -5.2715e+01 | 83 -0.06726  -5.4132e+01 | 84  0.01599  -5.4102e+01
 85  0.04702   5.1105e+01 | 86  0.06378   4.7192e+01 | 87  0.26583   9.2293e+01
 88 -0.06382   3.5280e+01 | 89 -0.15542   3.3299e+01 | 90 -0.05418   3.0603e+01
 91  0.08432   2.1096e+01 | 92  0.04529   2.3778e+01 | 93  0.08573   1.2717e+01
 94  0.12940  -1.5454e+01 | 95 -0.00691   1.8690e+01 | 96 -0.02622   2.8730e+01
 97  0.00007   3.7149e+01 | 98  0.09101   5.2153e+01 | 99  0.12864   8.3283e+01
100  0.06155   6.2717e+01 |101  0.03872   4.7518e+01 |102 -0.08882   3.5862e+01
103 -0.11026   2.7921e+01 |104  0.11071   3.8032e+00 |105  0.00309   2.4769e+01
106 -0.06279   3.5879e+01 |107 -0.12175   3.2924e+01 |108  0.02429   2.4609e+01
109  0.06402   1.5758e+01 |110  0.06120   1.5956e+01 |111  0.04445   2.0789e+01
112 -0.21592   2.8567e+01 |113 -0.26594   2.8217e+01 |114 -0.12052   3.0220e+01
115  0.21034   3.3874e+01 |116  0.04183   2.4505e+01 |117  0.06293   2.0220e+01
118 -0.00326   3.0396e+01 |119 -0.03276   4.0487e+01 |120 -0.07041   3.9483e+01
121  0.06313   6.0145e+01 |122  0.17085   1.0547e+02 |123 -0.18688   4.3352e+01
124  0.04513   4.2262e+01 |125 -0.07639   3.6112e+01 |126 -0.20463   3.5350e+01
127 -0.03818  -4.1502e+00 |128 -0.07850  -4.1261e+00 |129 -0.01167  -4.1569e+00
130 -0.03953  -4.1496e+00 |131 -0.03958  -4.1496e+00 |132 -0.00074  -4.1576e+00
133  0.00738  -4.1574e+00 |134  0.06518  -4.1359e+00 |135 -0.02201  -4.1552e+00
136  0.02813  -4.1536e+00 |137 -0.01747  -4.1561e+00 |138  0.01366  -4.1567e+00
139  0.01774  -4.1560e+00 |140 -0.00319  -4.1576e+00 |141 -0.00748  -4.1574e+00
142 -0.00624  -4.1574e+00 |143 -0.00355  -4.1576e+00 |144 -0.07868  -4.1259e+00
145 -0.00759  -4.1573e+00 |146  0.07156  -4.1314e+00 |147 -0.01193  -4.1569e+00
148  0.02933  -4.1532e+00 |149 -0.02611  -4.1541e+00 |150  0.00079  -4.1576e+00
151  0.03406  -4.1517e+00 |152  0.01373  -4.1567e+00 |153 -0.00885  -4.1572e+00
154 -0.00006  -4.1576e+00 |155  0.01547  -4.1564e+00 |156  0.02104  -4.1554e+00
157  0.03161  -4.1525e+00 |158  0.01399  -4.1566e+00 |159  0.02725  -4.1538e+00
160 -0.02179  -4.1552e+00 |161  0.04959  -4.1450e+00 |162  0.00084  -4.1576e+00
163  0.01155  -4.1570e+00 |164 -0.04517  -4.1472e+00 |165  0.00210  -4.1576e+00
166  0.01741  -4.1561e+00 |167 -0.01162  -4.1570e+00 |168 -0.00187  -4.1576e+00
169  0.00833   1.5523e+03 |170  0.06621   4.9439e+02 |171  0.06333   4.0397e+02
172  0.04511   2.4094e+02 |173  0.12569   6.6715e+02 |174  0.04220   2.3981e+02
175  0.07489   2.3909e+02 |176 -0.10424   1.6406e+02 |177  0.09781   2.9843e+02
178  0.08582   1.6019e+02 |179  0.17101  -1.5004e+02 |180 -0.54610   1.1230e+02
181  0.10236  -1.9487e+02 |182 -0.18141   1.5638e+02 |183  0.01255   2.0907e+02
184  0.01279   2.5532e+02 |185  0.01744   2.3106e+02 |186  0.03342   2.1245e+02
187  0.00202   1.8245e+02 |188  0.04608   2.1176e+02 |189  0.08274   2.1373e+02
190  0.06738   2.6584e+02 |191  0.09114   2.8743e+02 |192 -0.28482   1.4829e+02
193  0.04382   2.0826e+02 |194 -0.13620   1.6995e+02 |195  0.01052   1.9205e+02
196  0.08244   4.0636e+02 |197  0.02813   2.2703e+02 |198  0.04415   1.8229e+02
199 -0.03269   1.0861e+02 |200  0.05168   1.9733e+02 |201 -0.02375   1.4218e+02
202  0.13313  -9.4930e+01 |203 -0.02943   2.5136e+01 |204  0.11274  -1.9334e+01
205 -0.09273   1.6763e+02 |206 -0.12986   1.6536e+02 |207 -0.15755   1.6194e+02
208 -0.08245   1.5084e+02 |209 -0.02159   1.6287e+02 |210  0.06859   1.3473e+02
211  0.00225   1.7245e+02 |212 -0.02874   3.8802e+02 |213  0.05377   5.4865e+01
214  0.04585   2.8333e-08 |215 -0.66489   2.9183e+01 |216 -0.75808   7.1850e+01
217  0.17257   1.0432e+03 |218 -0.24088  -1.5618e+00 |219 -0.38435  -1.3991e+00
220 -0.10215  -2.1278e+00 |221  0.13279   2.3219e+01 |222  0.14007   5.1165e+01
223  0.08033   6.3938e+01 |224 -0.00986   4.9545e+01 |225 -0.01899   5.0706e+01
226  0.13149   4.5888e+01 |227  0.03532   1.4857e+01 |228  0.29375   9.8820e+00
229  0.08131   7.6994e+00 |230  0.09634   2.1172e+01 |231  0.04312   1.8681e+01
232  0.00609  -3.5763e+00 |233  0.01328  -9.1500e+00 |234  0.17554   3.3024e+01
235 -0.22296  -2.4435e+01 |236 -0.20630  -2.4569e+00 |237 -0.01884   1.9072e+01
238  0.04524   2.2107e+01 |239 -0.14926   4.6730e+00 |240 -0.20269  -3.3978e+00
241 -0.10205   2.0256e+00 |242  0.06102   2.4092e+01 |243  0.06000   1.9782e+01
244 -0.04560   1.2548e+01 |245 -0.20193  -6.3918e-01 |246 -0.30936   1.9156e+01
247 -0.19841   2.2309e+01 |248  0.01772   2.4749e+01 |249  0.24565   2.2911e+01
250  0.13620   4.6317e+00 |251  0.09511   1.4084e+01 |252 -0.06083  -1.1703e+01
253  0.03571   1.2808e+01 |254  0.16570   1.0002e+01 |255  0.28297   1.6703e+01
256  0.32977   1.1742e+01 |257 -0.22771  -3.0336e+01 |258  0.12701  -2.0185e+03
259  0.17054   2.7237e+03 |260 -0.83996   8.3364e+02 |261 -0.72905   1.7173e+03
262 -0.72829   2.2888e+02 |263 -0.02265  -3.6231e+03 |264 -0.02902  -3.6217e+03
265 -0.00719  -3.6252e+03 |266 -0.01380  -3.6246e+03 |267  0.01398  -3.6246e+03
268 -0.00731  -3.6252e+03 |269  0.01244  -3.6247e+03 |270  0.02105  -3.6235e+03
271 -0.04618  -3.6159e+03 |272  0.00600  -3.6253e+03 |273  0.01432  -3.6245e+03
274 -0.02635  -3.6223e+03 |275 -0.02101  -3.6235e+03 |276  0.01634  -3.6242e+03
277 -0.02350  -3.6230e+03 |278  0.03617  -3.6196e+03 |279 -0.01320  -3.6247e+03
280 -0.01284  -3.6247e+03 |281  0.04398  -3.6168e+03 |282 -0.02578  -3.6225e+03
283  0.01390  -3.6246e+03 |284  0.00213  -3.6254e+03 |285  0.05485  -3.6120e+03
286 -0.03195  -3.6209e+03 |287  0.00335  -3.6254e+03 |288 -0.01384  -3.6246e+03
289 -0.00741  -3.6252e+03 |290 -0.00773  -3.6252e+03 |291  0.01197  -3.6248e+03
292 -0.03826  -3.6189e+03 |293  0.02098  -3.6235e+03 |294 -0.02907  -3.6217e+03
295 -0.00530  -3.6253e+03 |296  0.02789  -3.6220e+03 |297 -0.02233  -3.6232e+03
298  0.00430  -3.6253e+03 |299  0.04606  -3.6159e+03 |300 -0.01401  -3.6246e+03
301 -0.00766  -3.6252e+03 |302  0.00325  -3.6254e+03 |303  0.46649  -2.6978e+03
304  0.05570   5.4624e+01 |305 -0.88513   2.2212e+02 |306  0.22220   1.4552e+01
307 -0.88396   7.2506e+02 |308 -0.47653   2.8432e+02 |
31.997 12.2097 191.483 95.3375 
28.9568 28.9568 83.2189 146.168 
7.79415 70.1421 0 0.0192738 15.8346 
0 3.25007 0 0 1.24518 31.8305 0 
33.3462 14.0331 178.29 94.6808 
30.6525 30.6525 79.6729 150.115 
8.83564 62.1098 0 0.000592671 13.3459 
0 3.72962 0 0 1.29229 32.6806 0 
31.7779 26.8679 163.237 96.1983 
46.481 46.481 77.6285 161.83 
10.8928 56.764 0 0.00412344 10.0947 
0 4.66823 0 0 1.37982 34.0832 0 
32.6914 15.8532 169.319 93.5837 
34.4986 34.4986 78.5907 153.689 
9.52763 57.8781 0 7.02571e-05 12.092 
0 4.05137 0 0 1.32151 33.1882 0 
32.1452 17.393 162.331 91.6298 
37.4561 37.4561 77.2532 158.807 
10.2871 54.0711 0 0.0140089 10.114 
0 4.41929 0 0 1.34554 31.2204 0 
31.5608 16.8427 162.467 90.5612 
34.1578 34.1578 76.2736 160.811 
10.7695 54.8749 0 0.0663852 9.35836 
0 4.62997 0 0 1.35765 29.1875 0 
29.5645 17.7046 159.583 91.9449 
34.37 34.37 75.8902 162.079 
11.2665 53.5328 0 0.114211 8.81353 
0 4.86441 0 0 1.36721 27.8314 0 
29.7893 17.2523 155.516 91.8519 
33.4736 33.4736 75.7244 163.956 
11.4651 53.2315 0 0.155993 8.16758 
0 4.99583 0 0 1.37478 27.596 0 
28.5419 17.4859 152.251 90.2075 
31.6615 31.6615 75.9897 165.716 
11.6735 54.3098 0 0.204884 8.05173 
0 5.16994 0 0 1.38709 27.9413 0 
27.5515 18.4519 150.15 88.874 
31.8303 31.8303 76.0788 165.49 
11.8086 54.1568 0 0.213435 8.35464 
0 5.28494 0 0 1.39479 28.4394 0 
28.8328 19.3435 145.095 86.6835 
31.9812 31.9812 75.873 165.653 
12.075 53.2098 0 0.237415 8.09937 
0 5.47782 0 0 1.40717 28.8899 0 
308 variables; iteration 40; function evaluation 51; phase 1
Function value   8.2324832e+02; maximum gradient component mag  -3.4953e+03
Var   Value    Gradient   |Var   Value    Gradient   |Var   Value    Gradient
  1 -1.64165   5.5205e-01 |  2  0.23065  -2.6016e+01 |  3  0.10906  -2.8616e+01
  4  0.22683  -1.5955e+02 |  5 -0.07746  -6.8447e+01 |  6  0.23123  -1.4954e+01
  7  0.17304  -4.2367e+01 |  8  0.19164  -3.1381e+00 |  9  0.19802   2.8073e+01
 10  0.15711  -5.2885e+00 | 11  0.18342   1.3464e+02 | 12  0.06407  -3.4929e+01
 13  0.12265  -1.3698e+01 | 14  0.06816   3.4920e+00 | 15  0.02066   5.6440e+00
 16 -0.11488  -5.1088e-02 | 17 -0.17611   1.7132e-02 | 18  0.00829   2.6306e+01
 19 -0.33239  -3.5093e-02 | 20 -0.40969  -1.8460e-02 | 21 -0.43782  -2.1734e-03
 22  0.14589   4.3845e+00 | 23 -0.13135   1.6469e-02 | 24 -0.00333  -5.1033e-01
 25  0.11420   1.0690e+01 | 26  0.00674  -3.2339e+01 | 27  0.11466  -4.2801e+01
 28  0.14943  -1.5642e+01 | 29  0.21654   2.5458e+02 | 30  0.10365  -4.5821e+01
 31  0.16058   3.6918e-01 | 32  0.15208   1.0020e+00 | 33  0.14272   1.1654e+01
 34 -0.21563  -3.2434e+01 | 35  0.10597  -2.7710e+01 | 36  0.10762  -1.2333e+01
 37  0.08702  -3.3438e+00 | 38  0.05137   2.5227e+00 | 39 -0.76669  -9.7860e-01
 40 -0.07661  -5.7728e+00 | 41 -0.16656  -2.7150e+00 | 42 -0.18725  -4.1985e-01
 43 -0.03788  -4.2418e+01 | 44  0.05171  -3.8501e+01 | 45  0.13149  -3.8797e+01
 46 -0.17140  -5.8475e+01 | 47  0.04211  -5.4120e+01 | 48 -0.18826  -6.2343e+01
 49 -0.21159  -6.1351e+01 | 50 -0.03515  -6.3569e+01 | 51 -0.02384  -6.5972e+01
 52  0.07031  -3.5523e+01 | 53 -0.02008  -1.8090e+01 | 54  0.10183   6.0480e+01
 55  0.01891   3.1069e+01 | 56  0.02827   2.4887e+01 | 57  0.12835   5.1519e+01
 58  0.13859   1.7580e+00 | 59 -0.00496  -5.1055e+01 | 60 -0.11044  -5.0974e+01
 61 -0.26581  -5.8061e+01 | 62  0.17463  -2.2253e+01 | 63  0.17998  -3.5611e+00
 64  0.09948  -2.1688e+01 | 65 -0.01862  -4.1555e+01 | 66 -0.01652  -3.9885e+01
 67 -0.20028  -5.4954e+01 | 68 -0.10891  -5.1566e+01 | 69 -0.17462  -5.4456e+01
 70 -0.16884  -5.3932e+01 | 71 -0.03236  -4.9779e+01 | 72  0.11082  -2.9141e+01
 73  0.05631  -3.1875e+01 | 74  0.03756  -3.8795e+01 | 75  0.14493  -3.1849e+01
 76  0.10499  -3.6112e+01 | 77 -0.04818  -5.3637e+01 | 78 -0.05022  -5.7457e+01
 79  0.12761  -7.2696e+01 | 80  0.26495  -1.0716e+02 | 81  0.02815  -5.4121e+01
 82 -0.17397  -5.4170e+01 | 83 -0.06731  -5.3703e+01 | 84 -0.00682  -5.4393e+01
 85  0.02177   3.0061e+00 | 86 -0.04720   4.1394e-01 | 87  0.33119   8.5280e+01
 88  0.02939   1.5963e+01 | 89 -0.14116   9.5334e+00 | 90 -0.08564   8.5981e+00
 91  0.11052   9.1655e+00 | 92 -0.01477   3.7479e+00 | 93  0.04799   6.0321e+00
 94  0.24653   2.1652e+01 | 95  0.01463   9.8505e+00 | 96 -0.00334   1.5218e+01
 97  0.01789   1.9561e+01 | 98  0.15113   5.5457e+01 | 99  0.15384   8.3047e+01
100  0.10697   5.9566e+01 |101  0.02724   2.6557e+01 |102 -0.13655   1.0343e+01
103 -0.10345   5.7121e+00 |104  0.20404  -7.5161e+00 |105 -0.08253   6.4839e-01
106 -0.22218   3.8374e+00 |107 -0.17090   5.4192e+00 |108  0.03152   3.5483e+00
109  0.08613   2.9581e+00 |110  0.09500   1.2363e+01 |111  0.04548   1.7047e+01
112 -0.24356   4.5887e+00 |113 -0.33572   1.6708e+00 |114 -0.13012   6.7963e+00
115  0.25238   5.8115e+01 |116  0.13184   3.7391e+01 |117  0.09061   2.6833e+01
118  0.04033   1.4174e+01 |119 -0.00130   1.0926e+01 |120 -0.05917   5.2480e+00
121  0.13399   9.4565e+00 |122  0.19588  -1.1639e+00 |123 -0.40710   1.3345e+01
124  0.04362  -6.5188e+00 |125 -0.15521   3.5219e+00 |126 -0.25907   6.4634e+00
127 -0.03589   3.8661e+01 |128 -0.07622   3.8446e+01 |129 -0.00938   3.8719e+01
130 -0.03723   3.8657e+01 |131 -0.03729   3.8656e+01 |132  0.00154   3.8723e+01
133  0.00966   3.8718e+01 |134  0.06744   3.8506e+01 |135 -0.01972   3.8704e+01
136  0.03041   3.8679e+01 |137 -0.01518   3.8712e+01 |138  0.01595   3.8711e+01
139  0.02002   3.8704e+01 |140 -0.00090   3.8723e+01 |141 -0.00519   3.8721e+01
142 -0.00396   3.8722e+01 |143 -0.00126   3.8723e+01 |144 -0.07640   3.8444e+01
145 -0.00531   3.8721e+01 |146  0.07382   3.8463e+01 |147 -0.00964   3.8718e+01
148  0.03160   3.8675e+01 |149 -0.02382   3.8696e+01 |150  0.00307   3.8722e+01
151  0.03633   3.8660e+01 |152  0.01601   3.8711e+01 |153 -0.00656   3.8721e+01
154  0.00222   3.8723e+01 |155  0.01775   3.8708e+01 |156  0.02332   3.8697e+01
157  0.03389   3.8668e+01 |158  0.01628   3.8710e+01 |159  0.02953   3.8681e+01
160 -0.01950   3.8705e+01 |161  0.05186   3.8594e+01 |162  0.00313   3.8722e+01
163  0.01383   3.8714e+01 |164 -0.04288   3.8635e+01 |165  0.00438   3.8722e+01
166  0.01969   3.8704e+01 |167 -0.00933   3.8719e+01 |168  0.00042   3.8723e+01
169  0.00684  -2.4928e+02 |170  0.08143   4.8444e+02 |171  0.08014   4.5243e+02
172  0.06179   3.4483e+02 |173  0.12786   4.9945e+02 |174  0.06183   3.3374e+02
175  0.07093   2.5747e+02 |176 -0.21871   2.8296e+02 |177  0.11065   4.2947e+02
178  0.10654   2.9344e+02 |179  0.17273  -1.0312e+02 |180 -0.59447   1.8058e+02
181  0.11951   2.1827e+00 |182 -0.33068   2.6109e+02 |183  0.01793   3.0864e+02
184  0.02454   3.5163e+02 |185  0.00400   2.9880e+02 |186  0.03767   3.7349e+02
187  0.00479   3.2772e+02 |188  0.03466   3.2552e+02 |189  0.09062   3.3396e+02
190  0.06385   3.1555e+02 |191  0.07088   2.8366e+02 |192 -0.12034   2.5395e+02
193  0.02237   2.9526e+02 |194 -0.24283   2.7939e+02 |195  0.01875   2.8380e+02
196  0.05955   2.2932e+02 |197  0.04839   3.1347e+02 |198  0.04512   3.2266e+02
199  0.03783   2.7320e+02 |200  0.01765   2.4929e+02 |201  0.05511   3.2167e+02
202  0.12289   2.2561e+02 |203  0.10794   2.7969e+02 |204  0.11494   3.8781e+02
205 -0.12929   2.9532e+02 |206 -0.11696   2.9177e+02 |207 -0.18096   2.8027e+02
208 -0.09881   2.4750e+02 |209 -0.01272   3.1357e+02 |210  0.07033   2.6533e+02
211 -0.01402   3.0398e+02 |212 -0.04283   5.9254e+02 |213  0.02547   2.5030e+02
214  0.04585   2.8333e-08 |215 -0.66653  -1.5698e+01 |216 -0.77877   1.8097e+01
217  0.12293   6.3203e+02 |218 -0.21890  -1.9925e+01 |219 -0.41755  -2.2491e+01
220 -0.10427  -1.3196e+01 |221  0.11198  -7.1047e+00 |222  0.11825   2.0966e+01
223  0.04239   1.0014e+01 |224 -0.00222   1.1185e+01 |225 -0.02047   1.4346e+01
226  0.06045   4.5303e+00 |227  0.02995  -1.3936e+01 |228  0.37769  -1.6800e+00
229  0.06811  -2.3170e+01 |230  0.05669  -1.5700e+01 |231  0.00999  -1.9492e+01
232 -0.01922  -5.1216e+01 |233  0.00766  -3.8824e+01 |234  0.07811  -1.8522e+01
235 -0.24191  -4.6467e+01 |236 -0.23770  -3.4036e+01 |237 -0.01823  -1.8068e+01
238  0.04680  -1.2870e+01 |239 -0.13377  -7.2304e+00 |240 -0.18602  -1.2383e+01
241 -0.08848  -1.1401e+01 |242  0.04638   3.9616e+00 |243  0.02857  -1.3708e+01
244 -0.08194  -2.4972e+01 |245 -0.22680  -4.8049e+01 |246 -0.29960  -8.5765e+00
247 -0.19865  -1.2149e+01 |248 -0.01503  -1.2847e+01 |249  0.40272   2.3246e+01
250  0.17707  -9.7742e+00 |251  0.09927  -7.8592e+00 |252 -0.01130  -2.0872e+01
253  0.03908  -7.1441e+00 |254  0.16994  -8.1084e+00 |255  0.33555   1.4742e+01
256  0.43553   1.0250e+01 |257 -0.20406  -1.2524e+01 |258  0.13491  -5.3044e+02
259  0.16034   1.5003e+03 |260 -0.83358   1.0415e+03 |261 -0.70835   1.5353e+03
262 -0.67999   1.5529e+02 |263 -0.02291  -3.4930e+03 |264 -0.01866  -3.4938e+03
265 -0.01535  -3.4943e+03 |266 -0.02054  -3.4935e+03 |267  0.00781  -3.4950e+03
268 -0.01545  -3.4943e+03 |269  0.00603  -3.4952e+03 |270  0.01595  -3.4942e+03
271  0.05178  -3.4838e+03 |272 -0.00139  -3.4953e+03 |273  0.00820  -3.4950e+03
274 -0.02127  -3.4934e+03 |275 -0.02305  -3.4930e+03 |276  0.01054  -3.4948e+03
277 -0.02271  -3.4931e+03 |278  0.03291  -3.4906e+03 |279 -0.02016  -3.4936e+03
280 -0.01992  -3.4936e+03 |281  0.04138  -3.4879e+03 |282 -0.02166  -3.4933e+03
283  0.00771  -3.4951e+03 |284 -0.00574  -3.4952e+03 |285  0.05290  -3.4833e+03
286 -0.01408  -3.4945e+03 |287 -0.00438  -3.4952e+03 |288 -0.02057  -3.4935e+03
289 -0.01555  -3.4943e+03 |290 -0.01584  -3.4942e+03 |291  0.00548  -3.4952e+03
292  0.00405  -3.4952e+03 |293  0.01588  -3.4942e+03 |294 -0.01860  -3.4938e+03
295 -0.01355  -3.4945e+03 |296  0.02372  -3.4929e+03 |297 -0.02297  -3.4930e+03
298 -0.00331  -3.4953e+03 |299  0.04360  -3.4871e+03 |300 -0.02068  -3.4935e+03
301 -0.01578  -3.4942e+03 |302 -0.00449  -3.4952e+03 |303  0.45554  -2.1897e+03
304  0.06990   2.1943e+01 |305 -0.88572   2.5217e+02 |306  0.21823  -3.6649e+00
307 -0.87916   5.2905e+02 |308 -0.49356   1.3680e+02 |
29.9626 18.8063 140.25 84.2749 
30.6223 30.6223 76.1358 170.468 
12.4873 52.8638 0 0.335379 6.26039 
0 5.7761 0 0 1.41728 28.2009 0 
29.991 18.8463 134.967 85.136 
31.2761 31.2761 75.2917 168.303 
12.8608 52.7026 0 0.390199 5.95897 
0 6.05317 0 0 1.42327 27.5641 0 
27.9019 19.9733 127.241 84.9593 
32.6858 32.6858 74.2498 171.34 
13.3371 51.6145 0 0.57439 6.11516 
0 6.34899 0 0 1.43048 26.252 0 
28.9179 19.7483 123.894 85.3763 
28.6912 28.6912 75.1212 170.596 
13.7262 61.4459 0 0.837421 6.66394 
0 6.54038 0 0 1.43698 26.2176 0 
27.8735 19.6255 124.245 84.4345 
30.997 30.997 74.5796 170.924 
13.5027 55.0747 0 0.686935 6.3598 
0 6.43195 0 0 1.43307 26.2206 0 
27.0835 19.3231 122.12 85.3352 
31.4483 31.4483 74.5968 171.246 
13.6954 56.0868 0 0.810736 6.73522 
0 6.51754 0 0 1.43542 25.8807 0 
28.1483 19.6182 123.854 84.4825 
29.5347 29.5347 74.723 169.448 
13.889 57.5874 0 0.893583 6.92714 
0 6.61223 0 0 1.43082 24.7819 0 
27.5916 19.4428 122.68 84.6196 
30.0868 30.0868 74.6366 168.365 
13.8366 56.7567 0 0.871498 6.87661 
0 6.58664 0 0 1.43195 25.0656 0 
27.4589 19.4027 122.42 84.6836 
30.2647 30.2647 74.6179 168.016 
13.8194 56.561 0 0.8642 6.85982 
0 6.57824 0 0 1.43234 25.1608 0 
27.3907 19.3826 122.294 84.7253 
30.3689 30.3689 74.6089 167.811 
13.8092 56.4616 0 0.85986 6.84981 
0 6.57325 0 0 1.43258 25.2178 0 
43.353 25.2334 145.104 90.9217 
28.0179 28.0179 73.8266 163.334 
14.6642 67.4771 0 1.01405 6.61003 
0 7.02333 0 0 1.39961 26.3583 0 
28.1952 19.5512 122.753 84.4152 
29.226 29.226 74.2592 167.299 
13.8935 56.4104 0 0.876547 6.82266 
0 6.6183 0 0 1.42826 25.2459 0 
28.6572 19.429 121.826 83.7408 
29.3968 29.3968 74.4528 166.734 
13.9628 56.4342 0 0.874669 6.84416 
0 6.67283 0 0 1.42508 25.9873 0 
28.9908 19.3704 121.407 83.9958 
29.2167 29.2167 74.4497 166.165 
14.079 55.5245 0 0.876962 6.7704 
0 6.75181 0 0 1.42265 25.9783 0 
28.5284 19.4836 121.398 85.2575 
30.5078 30.5078 73.816 171.357 
14.2173 54.0747 0 0.846521 6.85769 
0 6.87541 0 0 1.41888 25.1715 0 
28.9418 19.3743 121.368 84.0997 
29.3249 29.3249 74.3872 166.114 
14.0914 55.3763 0 0.874079 6.77858 
0 6.76311 0 0 1.42227 25.9019 0 
28.5152 19.49 121.413 85.3055 
30.5561 30.5561 73.796 171.342 
14.2221 54.0312 0 0.845515 6.86061 
0 6.87966 0 0 1.41877 25.1448 0 
28.9026 19.3785 121.342 84.1869 
29.4153 29.4153 74.3367 166.073 
14.1016 55.2571 0 0.871729 6.78526 
0 6.77238 0 0 1.42197 25.8396 0 
308 variables; iteration 50; function evaluation 69; phase 1
Function value   7.9181394e+02; maximum gradient component mag  -3.3793e+03
Var   Value    Gradient   |Var   Value    Gradient   |Var   Value    Gradient
  1 -2.22098  -9.6898e+01 |  2  0.22945   2.5045e+01 |  3  0.06984  -1.4350e+01
  4  0.22906  -4.3662e+01 |  5  0.19932  -1.4116e+01 |  6  0.22121   9.0020e+00
  7  0.18667  -3.2995e+01 |  8  0.19212  -9.4611e+00 |  9  0.19879   1.3226e+01
 10  0.14888  -2.7915e+01 | 11  0.17523   6.9900e+01 | 12  0.03016  -3.5311e+01
 13  0.12121  -1.2967e+01 | 14  0.07216   1.7100e+01 | 15  0.02050   1.2342e+00
 16 -0.16897  -6.9385e-01 | 17 -0.17477   1.1116e-02 | 18 -0.04710  -1.0489e+01
 19 -0.33171   2.6820e-03 | 20 -0.40950  -4.1557e-02 | 21 -0.43785  -1.1284e-02
 22  0.15284   6.8266e+00 | 23 -0.13234   1.6953e-02 | 24 -0.01313  -6.4248e-01
 25  0.07816  -8.4837e-01 | 26  0.16261   4.8768e+01 | 27  0.10257  -4.5882e+01
 28  0.14712  -8.7580e+00 | 29  0.21512   2.7545e+02 | 30  0.09784  -4.8592e+01
 31  0.14794  -1.3163e+01 | 32  0.13920  -6.6531e+00 | 33  0.13550   8.3420e+00
 34 -0.29540  -3.0762e+01 | 35  0.09744  -2.2236e+01 | 36  0.08719  -3.9529e+01
 37  0.07260  -1.6288e+01 | 38  0.03641  -1.4926e+00 | 39 -0.99746  -1.0932e-02
 40 -0.02826   1.4357e+01 | 41 -0.20468  -3.0541e+00 | 42 -0.23622  -7.5594e-01
 43 -0.03896  -3.7310e+01 | 44  0.05536  -3.2806e+01 | 45  0.09708  -3.5114e+01
 46 -0.20061  -4.2451e+01 | 47  0.12151  -1.0661e+01 | 48 -0.20420  -4.2341e+01
 49 -0.26393  -4.2665e+01 | 50 -0.02439  -3.3528e+01 | 51 -0.04228  -3.2349e+01
 52  0.07051   1.2145e+01 | 53 -0.00461   1.8878e+01 | 54  0.11809   1.1069e+02
 55  0.03960   6.6735e+01 | 56  0.05415   6.1764e+01 | 57  0.14713   9.2899e+01
 58  0.16975   5.3851e+01 | 59  0.05058  -1.5341e+01 | 60 -0.07448  -2.7679e+01
 61 -0.32904  -4.2541e+01 | 62  0.20847   1.7613e+01 | 63  0.10944   2.7340e+00
 64  0.03635  -2.2483e+01 | 65 -0.02658  -4.1462e+01 | 66 -0.03508  -4.7550e+01
 67 -0.20452  -4.6630e+01 | 68 -0.09162  -4.6805e+01 | 69 -0.16596  -4.4935e+01
 70 -0.15275  -4.4709e+01 | 71  0.02723  -5.1600e+01 | 72  0.10332  -5.4165e+01
 73  0.03688  -4.0151e+01 | 74  0.01345  -3.6406e+01 | 75  0.17149  -2.6240e+01
 76  0.07171  -3.1453e+01 | 77 -0.07032  -3.6218e+01 | 78 -0.06894  -3.4788e+01
 79  0.18740  -2.5414e+01 | 80  0.28229  -4.0543e+01 | 81  0.03470  -3.6661e+01
 82 -0.18782  -3.7729e+01 | 83 -0.06136  -3.5712e+01 | 84 -0.01658  -3.7380e+01
 85  0.00609  -1.5115e-01 | 86 -0.09701  -3.7132e-01 | 87  0.34049   7.8551e+01
 88  0.07988   1.3725e+01 | 89 -0.13621   8.8248e+00 | 90 -0.12458   6.4837e+00
 91  0.11046   9.5045e+00 | 92 -0.07249   2.6105e+00 | 93 -0.00028   4.2169e+00
 94  0.24708   2.3045e+01 | 95  0.04150   1.6683e+01 | 96  0.03052   2.5012e+01
 97  0.07155   3.8358e+01 | 98  0.16988   7.6768e+01 | 99  0.16300   9.7636e+01
100  0.07657   5.3847e+01 |101  0.02159   3.1006e+01 |102 -0.16071   1.0626e+01
103 -0.09414   8.7579e+00 |104  0.19375   1.6484e+00 |105 -0.13468   3.9002e+00
106 -0.31063   2.7294e+00 |107 -0.18422   7.8077e+00 |108  0.05979   1.0094e+01
109  0.14140   1.0897e+01 |110  0.13576   9.5910e+00 |111  0.09180   1.0601e+01
112 -0.21910   4.4856e+00 |113 -0.34266   2.9501e-01 |114 -0.08768   7.5205e+00
115  0.25602   3.9060e+01 |116  0.13892   2.0854e+01 |117  0.08494   1.5966e+01
118  0.07302   1.3585e+01 |119  0.04462   1.0265e+01 |120 -0.03396   5.1111e+00
121  0.18897   1.2843e+01 |122  0.16927  -1.1239e+00 |123 -0.60775   9.9410e+00
124  0.09292   2.5770e+00 |125 -0.19243   3.4759e+00 |126 -0.28695   6.2857e+00
127 -0.03609   3.4833e+01 |128 -0.07641   3.4638e+01 |129 -0.00959   3.4885e+01
130 -0.03743   3.4829e+01 |131 -0.03749   3.4829e+01 |132  0.00134   3.4889e+01
133  0.00946   3.4886e+01 |134  0.06723   3.4695e+01 |135 -0.01992   3.4872e+01
136  0.03020   3.4850e+01 |137 -0.01538   3.4879e+01 |138  0.01574   3.4879e+01
139  0.01981   3.4873e+01 |140 -0.00110   3.4889e+01 |141 -0.00540   3.4888e+01
142 -0.00416   3.4889e+01 |143 -0.00146   3.4889e+01 |144 -0.07659   3.4637e+01
145 -0.00551   3.4888e+01 |146  0.07360   3.4656e+01 |147 -0.00985   3.4885e+01
148  0.03139   3.4847e+01 |149 -0.02402   3.4865e+01 |150  0.00287   3.4889e+01
151  0.03612   3.4833e+01 |152  0.01580   3.4879e+01 |153 -0.00676   3.4887e+01
154  0.00202   3.4889e+01 |155  0.01754   3.4876e+01 |156  0.02311   3.4866e+01
157  0.03368   3.4841e+01 |158  0.01607   3.4878e+01 |159  0.02932   3.4852e+01
160 -0.01970   3.4873e+01 |161  0.05165   3.4775e+01 |162  0.00292   3.4889e+01
163  0.01363   3.4881e+01 |164 -0.04308   3.4810e+01 |165  0.00418   3.4889e+01
166  0.01948   3.4873e+01 |167 -0.00954   3.4886e+01 |168  0.00021   3.4889e+01
169  0.00590  -5.9340e+02 |170  0.06466   4.6159e+02 |171  0.07207   4.2935e+02
172  0.06904   3.8083e+02 |173  0.12790   4.5181e+02 |174  0.06019   3.4879e+02
175  0.06099   2.5748e+02 |176 -0.17957   3.1552e+02 |177  0.09839   3.5018e+02
178  0.10128   2.8078e+02 |179  0.17893  -7.7545e+01 |180 -0.60098   1.9713e+02
181  0.12953   4.2957e+01 |182 -0.30880   2.9424e+02 |183  0.01121   3.1191e+02
184  0.03631   3.6620e+02 |185 -0.01047   2.8551e+02 |186  0.03488   3.9553e+02
187 -0.01099   3.4938e+02 |188  0.02300   3.4410e+02 |189  0.06159   3.0543e+02
190  0.04050   3.2030e+02 |191  0.05820   4.6096e+02 |192  0.02206   3.9741e+02
193  0.00703   3.7997e+02 |194 -0.26753   3.0287e+02 |195  0.02570   3.1733e+02
196  0.07280   3.5949e+02 |197  0.04820   3.9194e+02 |198  0.06178   4.1388e+02
199  0.00690   2.8407e+02 |200  0.03786   2.9622e+02 |201  0.04582   3.3725e+02
202  0.12997   3.0182e+02 |203  0.11347   3.0427e+02 |204  0.11532   3.3961e+02
205 -0.13180   3.2566e+02 |206 -0.10483   3.2445e+02 |207 -0.19183   3.1149e+02
208 -0.09542   2.8734e+02 |209 -0.02137   3.3685e+02 |210  0.07108   3.0081e+02
211 -0.04923   3.3546e+02 |212 -0.05291   6.6369e+02 |213  0.02061   2.4296e+02
214  0.04585   2.8333e-08 |215 -0.66880  -8.9892e-01 |216 -0.80299  -1.4821e+01
217  0.12840   5.7300e+02 |218 -0.17917  -1.9808e+01 |219 -0.41480  -3.0002e+01
220 -0.14415  -4.3013e+01 |221  0.07426  -1.5860e+01 |222  0.06822   3.5334e+00
223  0.00617  -5.2117e+00 |224 -0.00554   9.1662e-01 |225 -0.01943   7.4985e+00
226  0.04728  -9.9177e+00 |227  0.05886  -7.2042e+00 |228  0.41514  -3.7295e+00
229  0.11069  -1.9934e+01 |230  0.09690  -2.0277e+01 |231  0.03953  -2.7853e+01
232 -0.00732  -5.8931e+01 |233 -0.00597  -4.7361e+01 |234  0.04476  -3.6610e+01
235 -0.25658  -5.6841e+01 |236 -0.23540  -3.7889e+01 |237 -0.02096  -2.5759e+01
238  0.06521  -1.3571e+01 |239 -0.13553  -1.7877e+01 |240 -0.21337  -2.6979e+01
241 -0.11275  -2.2960e+01 |242  0.03128  -1.0516e+01 |243  0.06698  -9.3266e+00
244  0.00668  -3.8221e+00 |245 -0.20873  -4.6232e+01 |246 -0.31768  -5.0305e+00
247 -0.20971  -1.2212e+01 |248 -0.04345  -2.5896e+01 |249  0.38298   1.9954e+01
250  0.17178  -8.2056e+00 |251  0.06693  -1.3606e+01 |252 -0.02469  -2.8063e+01
253  0.03083  -1.1048e+01 |254  0.18584  -1.0006e+01 |255  0.32056   7.1505e+00
256  0.47103   9.2107e+00 |257 -0.19081  -3.0815e+01 |258  0.13759  -3.2582e+02
259  0.15788   1.0586e+03 |260 -0.83246   1.0857e+03 |261 -0.70420   1.4815e+03
262 -0.70294   1.3518e+02 |263 -0.02241  -3.3773e+03 |264  0.00903  -3.3790e+03
265 -0.03148  -3.3752e+03 |266 -0.03745  -3.3735e+03 |267  0.00618  -3.3792e+03
268 -0.03165  -3.3752e+03 |269  0.00370  -3.3793e+03 |270  0.01672  -3.3782e+03
271  0.08765  -3.3474e+03 |272 -0.00748  -3.3791e+03 |273  0.00672  -3.3792e+03
274 -0.00584  -3.3792e+03 |275 -0.02788  -3.3761e+03 |276  0.00986  -3.3789e+03
277 -0.01911  -3.3778e+03 |278  0.03568  -3.3740e+03 |279 -0.03735  -3.3735e+03
280 -0.03723  -3.3736e+03 |281  0.04437  -3.3711e+03 |282 -0.00872  -3.3790e+03
283  0.00606  -3.3792e+03 |284 -0.01471  -3.3784e+03 |285  0.05587  -3.3663e+03
286  0.02662  -3.3764e+03 |287 -0.01240  -3.3787e+03 |288 -0.03746  -3.3735e+03
289 -0.03181  -3.3751e+03 |290 -0.03228  -3.3750e+03 |291  0.00293  -3.3793e+03
292  0.06228  -3.3632e+03 |293  0.01662  -3.3782e+03 |294  0.00934  -3.3790e+03
295 -0.02844  -3.3760e+03 |296  0.02577  -3.3766e+03 |297 -0.02359  -3.3770e+03
298 -0.01061  -3.3789e+03 |299  0.04660  -3.3703e+03 |300 -0.03747  -3.3735e+03
301 -0.03218  -3.3750e+03 |302 -0.01258  -3.3787e+03 |303  0.45292  -2.2347e+03
304  0.05476   6.9262e+00 |305 -0.88803   2.2885e+02 |306  0.23029   1.3921e+01
307 -0.87803   4.9386e+02 |308 -0.49722   1.2398e+02 |
28.741 19.3013 121.423 84.1157 
29.2399 29.2399 74.3009 166.004 
14.1079 55.1621 0 0.862041 6.78696 
0 6.80324 0 0 1.42035 25.9733 0 
27.2846 18.8562 123.313 83.9303 
28.1179 28.1179 74.0551 171.182 
14.2454 54.5155 0 0.768132 6.80404 
0 7.14646 0 0 1.40786 27.4452 0 
26.8322 18.69 123.551 84.4478 
28.1029 28.1029 73.9193 171.191 
14.2693 53.5346 0 0.771113 6.55801 
0 7.2264 0 0 1.40244 27.5119 0 
26.4528 18.4112 123.931 85.2147 
27.9552 27.9552 73.502 170.555 
14.2819 53.0123 0 0.77355 6.28395 
0 7.36462 0 0 1.38893 27.1662 0 
25.809 18.4493 123.549 86.0257 
27.7052 27.7052 72.7933 170.183 
14.4199 52.3644 0 0.793489 6.05945 
0 7.66982 0 0 1.36359 26.8817 0 
49.2274 43.5531 141.322 116.392 
107.312 107.312 70.8615 169.188 
19.6972 73.2583 0 1.00679 4.03872 
0 12.2769 0 0 1.35208 25.7253 0 
26.2795 21.965 124.532 92.801 
34.6703 34.6703 70.6042 169.991 
15.9713 49.5208 0 0.886224 5.1008 
0 9.41147 0 0 1.29979 25.9825 0 
37.7523 37.2224 133.286 109.601 
79.3217 79.3217 67.2901 171.213 
20.0501 56.6932 0 1.1921 3.42421 
0 13.2473 0 0 1.4088 28.1313 0 
27.7152 24.5733 124.739 96.216 
41.0992 41.0992 69.4192 169.765 
16.9337 47.7056 0 0.973517 4.56132 
0 10.4396 0 0 1.30523 26.5112 0 
25.836 24.7438 133.879 99.0018 
33.8399 33.8399 69.4095 172.194 
17.063 52.8877 0 1.0944 4.16572 
0 11.0963 0 0 1.32128 25.3218 0 
26.7436 24.4697 126.809 96.8112 
38.1587 38.1587 69.1781 170.46 
16.9631 48.9168 0 1.0141 4.4239 
0 10.6582 0 0 1.30936 26.0818 0 
26.3446 24.6993 126.118 97.8606 
38.6533 38.6533 68.984 169.507 
16.9289 47.7726 0 1.01411 4.47747 
0 10.7884 0 0 1.31183 25.7075 0 
25.3648 25.3828 127.14 96.9211 
39.0211 39.0211 68.652 170.008 
16.871 47.1262 0 1.05326 4.34677 
0 10.9153 0 0 1.31543 25.0841 0 
26.5732 25.4425 126.604 95.857 
38.6345 38.6345 68.3878 168.167 
16.7895 46.1758 0 1.02903 4.0254 
0 11.0561 0 0 1.31014 26.6804 0 
26.6648 25.5554 127.973 96.1521 
38.8002 38.8002 68.115 163.236 
16.6918 46.7269 0 0.94948 4.33032 
0 11.1023 0 0 1.25925 28.4153 0 
308 variables; iteration 60; function evaluation 84; phase 1
Function value   7.2297397e+02; maximum gradient component mag  -3.3017e+03
Var   Value    Gradient   |Var   Value    Gradient   |Var   Value    Gradient
  1 -2.14664  -6.3834e+00 |  2  0.23649   8.5121e+01 |  3  0.11112  -2.6982e+01
  4  0.20719  -1.3509e+02 |  5  0.21524   2.2447e+01 |  6  0.22393   4.4120e+01
  7  0.19261  -1.7349e+01 |  8  0.17851  -2.7580e+01 |  9  0.20715   7.2298e+01
 10  0.13752  -3.0656e+01 | 11  0.18440   1.7918e+02 | 12 -0.28600  -2.4890e+01
 13  0.14071   1.7141e+02 | 14  0.07002   3.7485e+01 | 15 -0.02837  -3.8209e+00
 16 -0.54703  -6.1984e-01 | 17 -0.16725   1.5372e-01 | 18 -0.09471  -2.1087e+01
 19 -0.32862  -1.8507e-03 | 20 -0.40526  -8.2940e-01 | 21 -0.43611  -5.4732e-01
 22  0.10944   1.7280e+00 | 23 -0.13839   1.9932e-02 | 24 -0.05945  -1.1737e+00
 25  0.08878   7.0494e+00 | 26  0.12618   1.0958e+01 | 27  0.03623  -5.7437e+01
 28  0.13467  -6.4708e+00 | 29  0.19138   2.3035e+02 | 30  0.01770  -6.3868e+01
 31  0.14319   1.2351e+01 | 32  0.11171  -2.1429e+01 | 33  0.10842  -1.1238e+01
 34 -0.44481  -2.6341e+01 | 35  0.08173  -1.0381e+01 | 36  0.07026  -3.0615e+01
 37  0.04306  -1.6526e+01 | 38  0.01585   2.0233e+01 | 39 -1.70988   2.7649e+00
 40 -0.06950   5.3737e+00 | 41 -0.37668  -2.3036e+00 | 42 -0.51189  -2.8774e-01
 43  0.08318  -4.7105e+01 | 44  0.08094  -1.0470e+01 | 45 -0.02354  -3.2385e+01
 46 -0.25093  -4.7434e+01 | 47 -0.06201  -3.9998e+01 | 48 -0.17775  -4.6638e+01
 49 -0.38588  -4.7826e+01 | 50  0.00359  -3.9272e+01 | 51 -0.03490  -4.4645e+01
 52  0.04419  -1.6467e+01 | 53  0.00132   1.2215e+00 | 54  0.11531   8.2436e+01
 55  0.04429   6.0418e+01 | 56  0.05677   6.0721e+01 | 57  0.15503   1.1748e+02
 58  0.15027   7.1758e+01 | 59  0.12758   2.2030e+01 | 60 -0.04030  -2.2856e+01
 61 -0.33405  -4.7194e+01 | 62  0.18526   3.1294e+01 | 63  0.10142   1.1580e+01
 64 -0.03876  -2.9929e+01 | 65 -0.02161  -3.0501e+01 | 66 -0.16928  -4.2460e+01
 67 -0.20951  -4.3947e+01 | 68  0.01842  -1.4837e+01 | 69 -0.08409  -1.9727e+01
 70 -0.05765   2.5593e+00 | 71  0.28791   3.8164e+02 | 72  0.10420   1.1488e+02
 73  0.00223   2.8436e+01 | 74  0.01405   1.1196e+01 | 75  0.13187   3.0101e+01
 76 -0.00005  -2.8926e+01 | 77 -0.12648  -4.5323e+01 | 78 -0.06945  -4.6070e+01
 79  0.16934  -5.0283e+01 | 80  0.33125  -3.4843e+01 | 81  0.09858  -4.2585e+01
 82 -0.19623  -4.3399e+01 | 83 -0.01588  -3.7548e+01 | 84 -0.02732  -4.4289e+01
 85 -0.08844   1.0025e+02 | 86 -0.27817   8.2498e+01 | 87  0.36553   1.8166e+02
 88  0.10767   1.2355e+02 | 89 -0.16709   1.0554e+02 | 90 -0.25906   9.0189e+01
 91  0.13310   1.0241e+02 | 92 -0.30669   8.3529e+01 | 93 -0.14604   9.8960e+01
 94  0.26613   1.0905e+02 | 95  0.14722   1.2371e+02 | 96  0.10043   1.2822e+02
 97  0.14856   1.4665e+02 | 98  0.17054   1.6373e+02 | 99  0.18312   1.9751e+02
100  0.10951   1.5881e+02 |101  0.07429   1.4343e+02 |102 -0.15054   1.0828e+02
103 -0.05126   1.1763e+02 |104  0.12592   1.2252e+02 |105 -0.22620   9.6212e+01
106 -0.38060   8.2893e+01 |107 -0.17237   1.0623e+02 |108  0.14112   1.2576e+02
109  0.21467   1.2925e+02 |110  0.13806   1.1562e+02 |111  0.20286   1.3880e+02
112 -0.10878   1.1457e+02 |113 -0.25897   9.7820e+01 |114  0.04184   1.5339e+02
115  0.24384   2.5324e+02 |116  0.11346   1.7921e+02 |117  0.06265   1.4745e+02
118  0.08194   1.3977e+02 |119  0.19775   1.4378e+02 |120  0.10296   1.2054e+02
121  0.22965   1.1202e+02 |122  0.13189   7.7692e+01 |123 -1.05360  -9.7791e+00
124  0.24356   1.3133e+02 |125 -0.23575   9.4641e+01 |126 -0.34181   8.9911e+01
127 -0.03637   2.7324e+01 |128 -0.07658   2.7171e+01 |129 -0.00995   2.7366e+01
130 -0.03771   2.7321e+01 |131 -0.03777   2.7321e+01 |132  0.00094   2.7369e+01
133  0.00904   2.7366e+01 |134  0.06663   2.7219e+01 |135 -0.02025   2.7355e+01
136  0.02972   2.7339e+01 |137 -0.01573   2.7361e+01 |138  0.01530   2.7361e+01
139  0.01936   2.7356e+01 |140 -0.00149   2.7369e+01 |141 -0.00578   2.7368e+01
142 -0.00454   2.7368e+01 |143 -0.00185   2.7369e+01 |144 -0.07676   2.7170e+01
145 -0.00589   2.7368e+01 |146  0.07298   2.7189e+01 |147 -0.01021   2.7365e+01
148  0.03090   2.7337e+01 |149 -0.02434   2.7349e+01 |150  0.00246   2.7369e+01
151  0.03562   2.7326e+01 |152  0.01536   2.7361e+01 |153 -0.00714   2.7367e+01
154  0.00162   2.7369e+01 |155  0.01709   2.7359e+01 |156  0.02265   2.7352e+01
157  0.03318   2.7332e+01 |158  0.01563   2.7361e+01 |159  0.02883   2.7341e+01
160 -0.02004   2.7355e+01 |161  0.05109   2.7281e+01 |162  0.00252   2.7369e+01
163  0.01319   2.7363e+01 |164 -0.04334   2.7306e+01 |165  0.00377   2.7369e+01
166  0.01903   2.7357e+01 |167 -0.00990   2.7366e+01 |168 -0.00018   2.7369e+01
169  0.00075  -3.3017e+03 |170  0.04032   2.7556e+02 |171  0.04229   3.2851e+02
172  0.03569   3.1576e+02 |173  0.11794   4.4034e+02 |174  0.03771   2.6966e+02
175  0.08077   2.5198e+02 |176 -0.16657   2.8548e+02 |177  0.12387   4.6422e+02
178  0.08850   2.5037e+02 |179  0.19191  -8.0452e+01 |180 -0.53152   2.0088e+02
181  0.13452  -5.6283e+01 |182 -0.29013   2.6532e+02 |183  0.02131   2.3813e+02
184  0.02349   2.5519e+02 |185  0.01474   2.5308e+02 |186  0.04043   3.5642e+02
187 -0.01415   3.0379e+02 |188  0.01754   2.7300e+02 |189  0.04193   2.0836e+02
190  0.05485   3.0352e+02 |191  0.06527   3.4466e+02 |192  0.02643   2.3311e+02
193  0.03487   2.7279e+02 |194 -0.24701   2.7337e+02 |195  0.05633   1.9809e+02
196  0.11757   4.6794e+00 |197  0.09602   1.2861e+02 |198  0.07277   1.9358e+02
199  0.00865   2.3258e+02 |200  0.04541   2.6035e+02 |201 -0.00207   2.5309e+02
202  0.12762   2.6545e+02 |203  0.12899   3.3225e+02 |204  0.13159   3.2578e+02
205 -0.16081   2.8797e+02 |206 -0.05508   2.8696e+02 |207 -0.26605   2.6980e+02
208 -0.09306   2.4488e+02 |209 -0.03207   2.7891e+02 |210  0.06628   2.6349e+02
211 -0.21549   2.8285e+02 |212 -0.05383   1.7762e+03 |213  0.01006   7.6622e+02
214  0.04585   2.8333e-08 |215 -0.67385  -4.3344e+01 |216 -0.78433  -1.2328e+01
217  0.15115   4.7251e+02 |218 -0.09770   3.6691e+01 |219 -0.34117   5.6388e+01
220 -0.11602  -7.9017e-01 |221  0.08091   2.2295e+00 |222  0.10685   3.6973e+01
223  0.03007   2.5856e+01 |224 -0.00321   2.7519e+01 |225 -0.03575   2.9130e+01
226  0.02474   2.1801e+01 |227 -0.01454   8.6285e-01 |228  0.44304   2.2443e+01
229  0.17140   1.8730e+01 |230  0.15680   2.2092e+01 |231  0.06520   7.8812e+00
232 -0.01586  -3.3414e+01 |233 -0.00547  -1.9764e+01 |234  0.10615   1.5658e+01
235 -0.21672  -1.8489e+01 |236 -0.18067   7.3513e+00 |237 -0.05929  -2.1191e+01
238 -0.02625  -1.2999e+01 |239 -0.17259   1.2489e+01 |240 -0.26962  -1.5404e+01
241 -0.13785  -3.5866e+00 |242  0.04485   1.1661e+01 |243  0.06593   2.2981e+01
244  0.03673   3.1529e+01 |245 -0.18331  -2.3148e+01 |246 -0.28114   4.3251e+01
247 -0.16890   2.8415e+01 |248  0.00843   4.3987e+00 |249  0.09048  -2.2869e+01
250  0.07333  -1.6837e+01 |251 -0.01851  -3.1044e+01 |252 -0.02596  -1.5192e+01
253  0.06507   8.3463e+00 |254  0.21183   1.5377e+01 |255  0.23616   1.4876e+01
256  0.46116   2.9797e+01 |257 -0.05594   1.8974e+01 |258  0.13882   4.7956e+01
259  0.15507   5.1016e+02 |260 -0.83935   8.4557e+02 |261 -0.71218   1.4540e+03
262 -0.78805   7.2391e+01 |263  0.08969  -7.4940e+02 |264  0.22317  -7.1087e+02
265 -0.22252  -7.1114e+02 |266 -0.26387  -6.9281e+02 |267  0.08281  -7.5051e+02
268 -0.22445  -7.1034e+02 |269  0.07785  -7.5125e+02 |270  0.09253  -7.4892e+02
271  0.04047  -7.5537e+02 |272  0.03413  -7.5582e+02 |273  0.08373  -7.5037e+02
274  0.22188  -7.1139e+02 |275 -0.01464  -7.5670e+02 |276  0.08797  -7.4969e+02
277  0.13505  -7.3994e+02 |278  0.09215  -7.4899e+02 |279 -0.26610  -6.9174e+02
280 -0.26684  -6.9138e+02 |281  0.09257  -7.4892e+02 |282  0.21265  -7.1507e+02
283  0.08259  -7.5054e+02 |284 -0.02017  -7.5652e+02 |285  0.09596  -7.4832e+02
286  0.17167  -7.2955e+02 |287 -0.00016  -7.5690e+02 |288 -0.26366  -6.9291e+02
289 -0.22627  -7.0960e+02 |290 -0.23142  -7.0744e+02 |291  0.07603  -7.5151e+02
292  0.04659  -7.5488e+02 |293  0.09250  -7.4893e+02 |294  0.22262  -7.1109e+02
295 -0.18475  -7.2525e+02 |296  0.09311  -7.4882e+02 |297  0.07036  -7.5228e+02
298  0.01360  -7.5673e+02 |299  0.09297  -7.4885e+02 |300 -0.26272  -6.9336e+02
301 -0.23032  -7.0791e+02 |302 -0.00165  -7.5690e+02 |303  0.45640  -1.6290e+03
304  0.01561  -1.7655e+01 |305 -0.88314   1.9268e+02 |306  0.21706  -2.6261e+01
307 -0.88013   3.6735e+02 |308 -0.49951   6.0175e+01 |
26.5221 24.9296 130.816 97.039 
38.1679 38.1679 67.6046 158.401 
16.349 44.2106 0 0.854863 4.04178 
0 10.9986 0 0 1.18085 28.2031 0 
25.1416 24.3993 132.087 97.536 
35.0509 35.0509 67.2685 154.141 
15.8096 42.3735 0 0.801843 3.90663 
0 10.7941 0 0 1.06365 28.2068 0 
24.5099 23.8327 144.261 101.018 
32.6603 32.6603 65.4037 149.457 
15.3625 36.4226 0 0.819334 2.40814 
0 10.7471 0 0 0.884618 24.5656 0 
24.5198 23.8538 133.879 97.851 
33.0774 33.0774 65.9873 151.959 
15.59 39.322 0 0.808195 3.31879 
0 10.7432 0 0 0.995059 26.8399 0 
24.4559 23.8814 133.029 96.5171 
28.4501 28.4501 65.6249 149.825 
15.3674 39.9192 0 0.871016 3.58281 
0 10.5989 0 0 0.912153 27.3157 0 
22.8652 23.9042 135.622 96.0918 
27.4344 27.4344 65.3756 144.412 
15.0215 36.04 0 0.738411 3.46348 
0 10.4453 0 0 0.801654 26.9089 0 
24.0439 23.9259 140.207 95.82 
26.0172 26.0172 65.0265 139.687 
14.7783 37.1429 0 0.597552 3.19409 
0 9.88461 0 0 0.70317 23.4628 0 
22.2902 23.2849 140.83 89.0379 
29.6899 29.6899 64.4295 135.801 
14.264 33.883 0 0.38785 3.43269 
0 9.14186 0 0 0.659073 25.6852 0 
26.6487 25.1192 137.206 87.1247 
27.4218 27.4218 65.61 134.102 
13.2976 34.4101 0 0.367767 4.33049 
0 8.27727 0 0 0.687111 23.8757 0 
27.3526 26.1531 136.934 85.4627 
28.2011 28.2011 65.8388 133.838 
12.3328 35.0811 0 0.293188 5.89146 
0 7.81339 0 0 0.724858 24.6231 0 
27.1478 26.2911 136.559 84.4074 
27.7618 27.7618 65.4866 133.334 
12.0984 34.2797 0 0.305892 5.85282 
0 7.67934 0 0 0.723787 24.6852 0 
308 variables; iteration 70; function evaluation 95; phase 1
Function value   6.2583550e+02; maximum gradient component mag  -2.6711e+03
Var   Value    Gradient   |Var   Value    Gradient   |Var   Value    Gradient
  1 -2.08461  -1.4074e+00 |  2  0.22002   8.3391e+01 |  3  0.20044   1.6378e+01
  4  0.19371  -1.4764e+01 |  5  0.22288   1.0870e+02 |  6  0.20978   7.3785e+00
  7  0.16623  -5.9473e+01 |  8  0.17709  -2.3625e+01 |  9  0.19366   2.3122e+01
 10  0.14619  -1.7991e+01 | 11  0.17823   2.0047e+02 | 12 -0.74279  -1.0862e+01
 13  0.11062   7.9437e+00 | 14  0.07763   4.1610e+01 | 15 -0.05422  -9.6980e-01
 16 -1.27351   3.9541e-01 | 17 -0.15419   4.4142e-01 | 18 -0.38771  -6.9910e-01
 19 -0.32335  -1.6267e-02 | 20 -0.34341  -2.5197e+00 | 21 -0.40898  -7.4389e-01
 22  0.09200   7.7489e-02 | 23 -0.14955   2.3791e-02 | 24 -0.09580  -1.3222e+00
 25  0.04203  -3.5241e+00 | 26  0.09511  -7.9652e+00 | 27  0.10892  -3.0073e+01
 28  0.12018  -1.7341e+01 | 29  0.16469   1.1166e+02 | 30 -0.01091  -6.5924e+01
 31  0.14765   3.1526e+01 | 32  0.11105  -1.5148e+01 | 33  0.11230   2.6953e+00
 34 -0.35915  -2.9071e+01 | 35  0.05449  -2.7617e+01 | 36  0.09565   7.7003e+01
 37  0.04171  -3.0993e+01 | 38  0.03317   4.4805e+01 | 39 -1.78446   2.9437e+01
 40 -0.08115   6.0815e-01 | 41 -0.55258  -5.6152e-01 | 42 -0.97657  -7.0228e-03
 43 -0.04610  -2.2880e+01 | 44 -0.02460  -1.2284e+01 | 45  0.07976  -1.6752e+01
 46 -0.22209  -2.1082e+01 | 47 -0.07388  -1.8924e+01 | 48 -0.06454  -1.6828e+01
 49 -0.38197  -2.1422e+01 | 50 -0.07256  -7.2545e+00 | 51 -0.06616  -2.9214e+00
 52  0.07006   5.2935e+01 | 53  0.02094   6.3370e+01 | 54  0.10350   1.3874e+02
 55  0.04463   1.1496e+02 | 56  0.05569   1.0284e+02 | 57  0.13448   1.2421e+02
 58  0.12386   6.8998e+01 | 59  0.11683   3.4594e+01 | 60 -0.10814  -4.9047e+00
 61 -0.08870  -9.6353e+00 | 62  0.14574  -1.4204e+00 | 63  0.01371   6.8164e+00
 64 -0.07451   2.8741e+00 | 65 -0.10651  -1.4665e+00 | 66 -0.21985  -1.2154e+01
 67 -0.05989   8.2194e+00 | 68 -0.05724   4.8995e+00 | 69 -0.10074   2.7981e+00
 70 -0.07268   1.3650e+01 | 71  0.21260   1.6179e+02 | 72  0.10144   7.2101e+01
 73 -0.01220   1.2454e+01 | 74  0.00468   3.0486e-01 | 75  0.14487   1.1449e+01
 76  0.05551   1.2139e+01 | 77 -0.11466  -1.1865e+00 | 78 -0.03861   1.8076e+01
 79  0.20139   8.7129e+01 | 80  0.27541   8.0891e+01 | 81  0.23360  -9.7890e+00
 82 -0.10393  -3.4348e+00 | 83 -0.01170  -4.6171e+00 | 84  0.02901  -9.4240e+00
 85 -0.32633   4.7602e+01 | 86 -0.04544   4.8311e+01 | 87  0.38321   1.6299e+02
 88 -0.14411   5.4869e+01 | 89 -0.24177   5.5346e+01 | 90 -0.23061   4.7559e+01
 91  0.09928   3.9979e+01 | 92 -0.30203   4.1792e+01 | 93 -0.07767   5.5910e+01
 94  0.28359   9.8390e+01 | 95  0.08808   7.9504e+01 | 96  0.09176   8.9733e+01
 97  0.11812   1.0631e+02 | 98  0.14787   1.1579e+02 | 99  0.17262   1.5261e+02
100  0.06161   9.7581e+01 |101  0.04450   8.5756e+01 |102 -0.07035   7.0568e+01
103 -0.00547   6.9306e+01 |104  0.18673   6.4091e+01 |105 -0.09936   5.7813e+01
106 -0.34475   4.4509e+01 |107 -0.12144   6.2940e+01 |108  0.14016   7.3365e+01
109  0.18145   9.0484e+01 |110  0.18896   1.0222e+02 |111  0.12643   8.9053e+01
112 -0.10807   6.6554e+01 |113 -0.19315   6.0744e+01 |114 -0.02977   7.8796e+01
115  0.23036   1.5375e+02 |116  0.11756   1.0693e+02 |117  0.07120   7.7013e+01
118  0.07053   6.8590e+01 |119  0.02505   6.1012e+01 |120  0.08686   7.0041e+01
121  0.23254   8.9779e+01 |122  0.03855   5.9428e+01 |123 -0.96407   3.9298e+00
124  0.18303   8.9415e+01 |125 -0.01335   6.7815e+01 |126 -0.20011   5.8748e+01
127 -0.03660   1.9005e+01 |128 -0.07663   1.8898e+01 |129 -0.01032   1.9034e+01
130 -0.03794   1.9002e+01 |131 -0.03799   1.9002e+01 |132  0.00051   1.9036e+01
133  0.00856   1.9034e+01 |134  0.06577   1.8935e+01 |135 -0.02056   1.9026e+01
136  0.02911   1.9016e+01 |137 -0.01606   1.9030e+01 |138  0.01478   1.9031e+01
139  0.01882   1.9028e+01 |140 -0.00191   1.9036e+01 |141 -0.00617   1.9035e+01
142 -0.00494   1.9036e+01 |143 -0.00227   1.9036e+01 |144 -0.07681   1.8898e+01
145 -0.00628   1.9035e+01 |146  0.07208   1.8914e+01 |147 -0.01058   1.9033e+01
148  0.03029   1.9015e+01 |149 -0.02463   1.9022e+01 |150  0.00203   1.9036e+01
151  0.03497   1.9007e+01 |152  0.01484   1.9031e+01 |153 -0.00752   1.9035e+01
154  0.00118   1.9036e+01 |155  0.01657   1.9030e+01 |156  0.02209   1.9025e+01
157  0.03255   1.9011e+01 |158  0.01511   1.9031e+01 |159  0.02823   1.9017e+01
160 -0.02035   1.9026e+01 |161  0.05034   1.8977e+01 |162  0.00208   1.9036e+01
163  0.01269   1.9032e+01 |164 -0.04354   1.8992e+01 |165  0.00333   1.9036e+01
166  0.01849   1.9028e+01 |167 -0.01027   1.9034e+01 |168 -0.00061   1.9036e+01
169  0.00401  -2.6711e+03 |170  0.04133   2.7737e+02 |171  0.05247   3.4532e+02
172  0.04562   2.9512e+02 |173  0.11698   4.5546e+02 |174  0.05517   2.4590e+02
175  0.07016   1.7562e+02 |176 -0.06092   2.1278e+02 |177  0.10736   2.8897e+02
178  0.09220   1.6360e+02 |179  0.18492  -1.5958e+02 |180 -0.51978   1.6466e+02
181  0.11734  -1.6582e+02 |182 -0.30036   2.1093e+02 |183  0.03393   2.6785e+02
184  0.00465   2.3762e+02 |185  0.01418   2.5757e+02 |186  0.00033   2.3500e+02
187 -0.01186   2.7919e+02 |188  0.00432   2.7438e+02 |189  0.03631   1.5603e+02
190  0.00855   1.2448e+02 |191  0.04939   2.4729e+02 |192  0.02300   2.0740e+02
193  0.00744   1.6982e+02 |194 -0.27360   2.1413e+02 |195  0.03306   1.5377e+02
196  0.09889   1.0748e+02 |197  0.08916   1.6693e+02 |198  0.03357   2.0854e+02
199  0.04703   3.3426e+02 |200  0.04312   2.8311e+02 |201  0.03588   2.2313e+02
202  0.11643   1.1863e+02 |203  0.11790   1.3406e+02 |204  0.10509   1.1412e+02
205 -0.15462   2.2849e+02 |206 -0.10982   2.3068e+02 |207 -0.17281   2.2742e+02
208 -0.10303   2.0614e+02 |209 -0.03773   2.2207e+02 |210  0.06090   2.1361e+02
211 -0.10007   2.3829e+02 |212 -0.04432   1.4367e+03 |213  0.01687   6.8732e+02
214  0.04585   2.8333e-08 |215 -0.64179   4.9988e+01 |216 -0.79083  -2.9698e+01
217  0.13231   4.1836e+02 |218 -0.10987   4.9988e+01 |219 -0.33194   5.3967e+01
220 -0.04660   2.8438e+01 |221  0.05655   7.9425e+00 |222 -0.01030   1.9876e+01
223  0.00454   3.8840e+01 |224  0.00577   5.4938e+01 |225 -0.02506   5.3985e+01
226  0.03184   4.1321e+01 |227  0.02739   2.6934e+01 |228  0.19428   1.7373e+01
229  0.14496   2.9575e+01 |230  0.08530   6.0326e+00 |231  0.07034   2.2885e+01
232  0.01648  -5.4475e+00 |233 -0.00170  -9.1366e+00 |234  0.09371   2.5159e+01
235 -0.21569  -1.6442e+01 |236 -0.16345   1.8387e+01 |237  0.05360   3.2152e+01
238  0.14707   4.7965e+01 |239 -0.06756   5.6285e+01 |240 -0.19782   1.3340e+01
241 -0.07306   3.1934e+01 |242  0.03216   2.1960e+01 |243  0.06925   2.0289e+01
244  0.02978   2.8778e+01 |245 -0.16697   1.6577e-01 |246 -0.25395   5.9351e+01
247 -0.15630   3.5680e+01 |248  0.02457   2.7519e+01 |249  0.10373   3.3324e+00
250  0.11546   1.8292e+01 |251  0.02056  -1.4331e+00 |252  0.00390   3.9743e+01
253 -0.00130   2.4403e+01 |254  0.22837   2.6768e+01 |255  0.26062   2.9297e+01
256  0.17924   7.1764e+00 |257 -0.15958  -2.1194e+00 |258  0.13284   6.4069e+01
259  0.15741   9.0818e+02 |260 -0.85598   2.6457e+02 |261 -0.72899   1.3871e+03
262 -0.86025   3.8520e+01 |263  0.20486  -6.2689e+01 |264  0.08394  -6.5507e+01
265 -0.27958  -5.9810e+01 |266 -0.17564  -6.3582e+01 |267  0.16508  -6.3871e+01
268 -0.27676  -5.9934e+01 |269  0.15248  -6.4194e+01 |270  0.18143  -6.3415e+01
271 -0.28716  -5.9471e+01 |272  0.00991  -6.6073e+01 |273  0.16723  -6.3814e+01
274  0.14635  -6.4342e+01 |275 -0.15526  -6.4125e+01 |276  0.17626  -6.3564e+01
277  0.29703  -5.9018e+01 |278  0.15905  -6.4029e+01 |279 -0.16594  -6.3849e+01
280 -0.16384  -6.3905e+01 |281  0.15096  -6.4232e+01 |282  0.19886  -6.2883e+01
283  0.16455  -6.3886e+01 |284 -0.18209  -6.3396e+01 |285  0.14935  -6.4271e+01
286  0.22017  -6.2168e+01 |287 -0.11405  -6.5023e+01 |288 -0.17663  -6.3554e+01
289 -0.27410  -6.0050e+01 |290 -0.26647  -6.0376e+01 |291  0.14753  -6.4314e+01
292 -0.06533  -6.5733e+01 |293  0.18146  -6.3415e+01 |294  0.08616  -6.5476e+01
295 -0.33109  -5.7344e+01 |296  0.17278  -6.3662e+01 |297  0.14659  -6.4337e+01
298 -0.06466  -6.5740e+01 |299  0.14984  -6.4259e+01 |300 -0.18092  -6.3430e+01
301 -0.26812  -6.0306e+01 |302 -0.11931  -6.4924e+01 |303  0.45703  -1.1316e+03
304  0.01933  -1.5272e+01 |305 -0.88330   1.9658e+02 |306  0.22699  -9.1405e+00
307 -0.87946   3.3277e+02 |308 -0.50858   8.2595e+00 |
26.5521 25.8214 136.959 82.2485 
26.3409 26.3409 65.3692 131.558 
11.6326 33.9333 0 0.322471 6.36089 
0 7.32167 0 0 0.710332 24.6179 0 
26.121 24.0875 135.425 81.3454 
25.583 25.583 64.9678 130.517 
11.1557 34.5374 0 0.409765 6.90706 
0 6.76974 0 0 0.682257 23.7965 0 
28.4212 22.0617 140.975 77.8035 
28.985 28.985 66.7665 132.977 
10.8209 31.4779 0 0.407698 7.28656 
0 6.22801 0 0 0.655732 22.0484 0 
27.0577 22.9691 136.121 78.8363 
26.5562 26.5562 65.3522 130.117 
10.953 32.8179 0 0.408833 7.07673 
0 6.48956 0 0 0.668088 22.9872 0 
28.032 21.3314 136.504 76.8987 
26.9267 26.9267 65.4845 131.171 
10.8119 30.7723 0 0.411297 7.11919 
0 6.12953 0 0 0.65593 21.9009 0 
27.5505 18.8855 137.447 76.4051 
29.2647 29.2647 66.2041 131.073 
10.8997 27.7066 0 0.408384 7.41786 
0 5.71372 0 0 0.66474 21.2297 0 
27.0837 17.8143 136.663 73.1706 
29.3445 29.3445 69.5688 132.89 
10.9508 27.0187 0 0.333 8.72532 
0 5.36078 0 0 0.708858 22.7511 0 
27.0958 17.7959 136.442 73.1258 
29.2299 29.2299 69.6004 132.873 
10.9632 27.024 0 0.335281 8.76503 
0 5.34237 0 0 0.710523 22.6495 0 
27.2521 17.8118 135.168 73.088 
28.514 28.514 70.03 133.041 
11.118 27.347 0 0.356699 9.13574 
0 5.20215 0 0 0.729181 21.7605 0 
28.0472 17.5949 133.216 71.4205 
28.6619 28.6619 70.5349 134.273 
11.4165 27.4761 0 0.383974 9.33707 
0 5.08766 0 0 0.735885 22.2109 0 
28.0601 17.5587 133.151 71.3354 
28.6498 28.6498 70.5855 134.181 
11.4326 27.4485 0 0.386106 9.35888 
0 5.07744 0 0 0.736041 22.2501 0 
28.224 17.2171 132.745 70.5868 
28.6163 28.6163 71.101 133.634 
11.6108 27.2033 0 0.407753 9.57842 
0 4.99091 0 0 0.738585 22.6446 0 
28.468 16.614 132.893 70.1358 
28.8166 28.8166 71.3502 132.495 
11.8317 26.0556 0 0.410476 9.90932 
0 4.89344 0 0 0.745382 21.8639 0 
308 variables; iteration 80; function evaluation 108; phase 1
Function value   5.8131588e+02; maximum gradient component mag  -2.8824e+03
Var   Value    Gradient   |Var   Value    Gradient   |Var   Value    Gradient
  1 -2.07879   1.0375e+00 |  2  0.22270   2.5975e+01 |  3  0.18562  -3.7854e+01
  4  0.19557  -5.8750e+01 |  5  0.21736   5.3057e+01 |  6  0.22336   6.7664e+01
  7  0.17068  -4.8164e+01 |  8  0.19214   1.8012e-01 |  9  0.18628  -3.8459e+01
 10  0.15730  -2.4027e+01 | 11  0.17447   1.1782e+02 | 12 -0.50877  -1.9266e+01
 13  0.12339  -5.0972e-01 | 14  0.07477   7.4044e+00 | 15 -0.01181   4.4587e+00
 16 -1.47763   6.4703e-01 | 17 -0.15224   2.9474e-01 | 18 -0.56166  -4.4414e+00
 19 -0.32019  -2.2878e-02 | 20 -0.18670  -2.1670e+00 | 21 -0.35903  -7.7730e-01
 22  0.11853   2.4006e+00 | 23 -0.15571   1.2084e-02 | 24 -0.03986  -9.5798e-01
 25  0.07151   1.0262e-01 | 26  0.10056  -1.4960e+01 | 27  0.11109  -4.3187e+01
 28  0.14665  -2.7588e+00 | 29  0.17372   8.4028e+01 | 30  0.09954  -4.4626e+01
 31  0.14879  -5.5122e+00 | 32  0.14197   5.2894e+00 | 33  0.13906   1.6863e+01
 34 -0.09295  -3.3914e+01 | 35  0.07991  -4.5420e+01 | 36  0.12579   1.2794e+02
 37  0.08771   4.2556e+01 | 38  0.04988   2.9647e+01 | 39 -1.51103   1.8488e+01
 40 -0.07260  -1.8333e+00 | 41 -0.45734  -5.9775e-01 | 42 -1.16337   4.8127e-02
 43  0.02026  -1.1383e+01 | 44  0.02302  -2.6387e+00 | 45 -0.06232  -1.5875e+01
 46 -0.24890  -2.6135e+01 | 47  0.05916   5.8153e+00 | 48 -0.15075  -2.2983e+01
 49 -0.33878  -2.9076e+01 | 50 -0.14450  -2.3190e+01 | 51 -0.13040  -2.1682e+01
 52  0.04576   2.2603e+01 | 53  0.01073   3.9806e+01 | 54  0.10501   1.2171e+02
 55  0.03410   9.1894e+01 | 56  0.04926   8.4985e+01 | 57  0.13706   1.1562e+02
 58  0.15071   7.1101e+01 | 59  0.07578   1.4939e+01 | 60 -0.08768  -9.6394e+00
 61 -0.20179  -2.2864e+01 | 62  0.06210   3.8559e+00 | 63  0.09760   3.0712e+01
 64 -0.01838   2.3542e+00 | 65 -0.10325  -1.5457e+01 | 66 -0.13157  -1.8808e+01
 67 -0.09741  -1.3725e+01 | 68  0.01849   7.1640e-01 | 69 -0.05268  -1.9902e+00
 70 -0.06079   7.3946e+00 | 71  0.19094   1.4155e+02 | 72  0.09097   6.2012e+01
 73  0.02055   1.7292e+01 | 74  0.07999   1.5311e+01 | 75  0.00742  -1.2783e+01
 76  0.09648  -3.1720e+00 | 77 -0.01975  -9.0269e+00 | 78 -0.06837  -1.0070e+01
 79  0.18535   1.8086e+01 | 80  0.27803   9.2205e+00 | 81  0.27882  -1.8994e+01
 82 -0.15162  -1.9321e+01 | 83 -0.07097  -2.0600e+01 | 84  0.04539  -1.9132e+01
 85 -0.14042   6.5122e+00 | 86  0.10274   1.0604e+01 | 87  0.34268   1.1560e+02
 88  0.02231   2.0066e+01 | 89 -0.17624   1.1520e+01 | 90 -0.17464   8.6040e+00
 91 -0.02444   1.0498e+01 | 92 -0.07506   8.8855e+00 | 93  0.16557   3.7932e+01
 94  0.25931   6.4478e+01 | 95  0.09143   3.1819e+01 | 96  0.07183   3.2659e+01
 97  0.09243   4.9679e+01 | 98  0.12124   7.0734e+01 | 99  0.13583   1.0022e+02
100  0.04357   5.6847e+01 |101  0.03885   4.5558e+01 |102 -0.15137   1.5013e+01
103 -0.07579   1.7553e+01 |104  0.09868   1.2332e+01 |105 -0.01364   1.4385e+01
106 -0.40408   3.4081e-02 |107 -0.20270   1.2387e+01 |108  0.10162   2.9884e+01
109  0.17591   4.4718e+01 |110  0.14002   4.1131e+01 |111  0.10661   3.5360e+01
112 -0.17160   1.3443e+01 |113 -0.26318   9.2946e+00 |114 -0.03208   2.9647e+01
115  0.17711   8.7596e+01 |116  0.04817   4.9309e+01 |117  0.07977   4.1322e+01
118  0.05785   2.4165e+01 |119 -0.03742   1.2220e+01 |120 -0.07990   8.8704e+00
121  0.23201   3.0647e+01 |122  0.00785  -3.2575e+00 |123 -0.86313   4.3925e+00
124  0.15362   1.9622e+01 |125 -0.01885   1.6651e+01 |126 -0.13908   1.4917e+01
127 -0.03680   1.3229e+01 |128 -0.07682   1.3154e+01 |129 -0.01057   1.3249e+01
130 -0.03814   1.3227e+01 |131 -0.03819   1.3227e+01 |132  0.00023   1.3251e+01
133  0.00825   1.3250e+01 |134  0.06516   1.3181e+01 |135 -0.02079   1.3244e+01
136  0.02872   1.3237e+01 |137 -0.01630   1.3246e+01 |138  0.01445   1.3247e+01
139  0.01847   1.3245e+01 |140 -0.00218   1.3251e+01 |141 -0.00643   1.3250e+01
142 -0.00520   1.3250e+01 |143 -0.00254   1.3251e+01 |144 -0.07699   1.3154e+01
145 -0.00654   1.3250e+01 |146  0.07142   1.3167e+01 |147 -0.01083   1.3249e+01
148  0.02989   1.3236e+01 |149 -0.02485   1.3241e+01 |150  0.00174   1.3251e+01
151  0.03455   1.3231e+01 |152  0.01451   1.3247e+01 |153 -0.00778   1.3250e+01
154  0.00090   1.3251e+01 |155  0.01623   1.3246e+01 |156  0.02173   1.3243e+01
157  0.03214   1.3234e+01 |158  0.01478   1.3247e+01 |159  0.02785   1.3238e+01
160 -0.02058   1.3244e+01 |161  0.04983   1.3210e+01 |162  0.00179   1.3251e+01
163  0.01236   1.3248e+01 |164 -0.04373   1.3220e+01 |165  0.00304   1.3251e+01
166  0.01814   1.3245e+01 |167 -0.01052   1.3249e+01 |168 -0.00088   1.3251e+01
169  0.00627  -2.8824e+03 |170  0.03243   1.9185e+02 |171  0.04480   2.8087e+02
172  0.02995   1.8556e+02 |173  0.12147   3.6134e+02 |174  0.04557   1.9774e+02
175  0.05642   2.3250e+02 |176  0.01561   1.8712e+02 |177  0.06906   1.9729e+02
178  0.10042   1.2568e+02 |179  0.17549  -1.8658e+02 |180 -0.51771   1.4195e+02
181  0.10726  -1.9868e+02 |182 -0.30889   1.7929e+02 |183  0.00696   1.8771e+02
184  0.00677   2.2170e+02 |185 -0.01054   1.7578e+02 |186 -0.01144   1.6285e+02
187 -0.03311   1.8411e+02 |188 -0.03621   1.7692e+02 |189  0.04707   1.5153e+02
190  0.02495   1.2992e+02 |191  0.05588   2.8432e+02 |192  0.03460   2.3698e+02
193  0.00622   1.4385e+02 |194 -0.27338   1.8356e+02 |195  0.03501   1.3692e+02
196  0.08004   1.7542e+01 |197  0.07304   1.1062e+02 |198  0.01622   1.6943e+02
199  0.03949   2.7239e+02 |200  0.01401   1.8447e+02 |201  0.03078   2.0177e+02
202  0.10891   1.3198e+02 |203  0.12677   2.0730e+02 |204  0.08938   1.3704e+02
205 -0.00228   2.2019e+02 |206 -0.13788   2.0176e+02 |207 -0.20580   1.8699e+02
208 -0.09774   1.8576e+02 |209 -0.03305   2.1689e+02 |210  0.05401   1.7473e+02
211  0.00693   2.0749e+02 |212 -0.04629   1.3743e+03 |213  0.03155   7.1062e+02
214  0.04585   2.8333e-08 |215 -0.63738   4.4737e+01 |216 -0.79607  -4.6031e+01
217  0.12948   2.1692e+02 |218 -0.17585   4.1366e+01 |219 -0.32453   2.8509e+01
220 -0.03394   2.4326e+01 |221  0.07183   6.7054e+00 |222  0.02833   2.0397e+01
223  0.02887   3.1112e+01 |224 -0.02256   3.4853e+01 |225 -0.05328   3.4525e+01
226  0.08155   3.7704e+01 |227  0.07159   2.3601e+01 |228  0.27375   2.5247e+01
229  0.12090   1.7297e+01 |230  0.12455   1.5982e+01 |231  0.07068   1.9030e+01
232  0.01199  -8.5422e+00 |233  0.00270  -2.1567e+00 |234  0.07042   2.0136e+00
235 -0.19666  -5.9177e+00 |236 -0.17122   8.0259e+00 |237  0.01874   2.8098e+01
238  0.05614   1.9697e+01 |239 -0.11248   3.2959e+01 |240 -0.19960   1.8642e+01
241 -0.09545   1.6629e+01 |242  0.04991   2.3052e+01 |243  0.05602   1.3123e+01
244  0.00219   1.4941e+01 |245 -0.14590   1.4316e+01 |246 -0.27375   3.6466e+01
247 -0.14861   3.7024e+01 |248  0.00000   2.2416e+01 |249  0.06604  -5.3494e+00
250  0.10608   9.9106e+00 |251  0.04864   2.7853e+00 |252 -0.00179   2.9139e+01
253 -0.01737   2.6182e+01 |254  0.19917   1.6186e+01 |255  0.25692   2.3147e+01
256  0.31055   2.8630e+01 |257 -0.13223   1.3714e+01 |258  0.13943   8.2013e+02
259  0.15767   8.9734e+02 |260 -0.85802   1.7811e+02 |261 -0.73633   1.3819e+03
262 -0.83391   1.6960e+01 |263  0.24800   1.8535e+02 |264 -0.08001   1.9878e+02
265 -0.22732   1.8772e+02 |266 -0.15199   1.9468e+02 |267  0.21124   1.8943e+02
268 -0.22121   1.8839e+02 |269  0.19126   1.9139e+02 |270  0.24585   1.8561e+02
271 -0.57512   1.2401e+02 |272 -0.01265   2.0032e+02 |273  0.21480   1.8906e+02
274 -0.08770   1.9846e+02 |275 -0.21872   1.8865e+02 |276  0.23077   1.8734e+02
277  0.33703   1.7293e+02 |278  0.22934   1.8750e+02 |279 -0.14920   1.9488e+02
280 -0.14731   1.9502e+02 |281  0.22053   1.8846e+02 |282  0.01474   2.0031e+02
283  0.21038   1.8952e+02 |284 -0.25955   1.8394e+02 |285  0.21985   1.8853e+02
286  0.39352   1.6329e+02 |287 -0.17611   1.9274e+02 |288 -0.15220   1.9466e+02
289 -0.21547   1.8899e+02 |290 -0.19937   1.9062e+02 |291  0.18367   1.9208e+02
292 -0.12321   1.9662e+02 |293  0.24577   1.8561e+02 |294 -0.07184   1.9909e+02
295 -0.33776   1.7282e+02 |296  0.24265   1.8598e+02 |297  0.17389   1.9293e+02
298 -0.11257   1.9724e+02 |299  0.21936   1.8858e+02 |300 -0.15308   1.9460e+02
301 -0.20279   1.9028e+02 |302 -0.18274   1.9216e+02 |303  0.45889  -4.7316e+02
304  0.05825   4.0303e+01 |305 -0.88748   2.5367e+02 |306  0.22055  -5.3693e+00
307 -0.87265   3.3690e+02 |308 -0.52725  -3.2305e+01 |
29.0084 15.7634 131.683 68.9624 
28.9483 28.9483 71.34 132.341 
12.0985 25.2394 0 0.431535 10.1655 
0 4.79454 0 0 0.766754 21.9616 0 
28.664 15.6939 128.462 70.3987 
29.5897 29.5897 70.5159 130.399 
12.4976 24.4884 0 0.412141 10.7665 
0 4.81067 0 0 0.806106 21.6793 0 
27.8679 15.2033 125.252 69.716 
30.3478 30.3478 69.0568 129.744 
12.9473 22.9468 0 0.435043 11.294 
0 5.18367 0 0 0.872852 22.0861 0 
28.1743 14.5716 122.829 69.8987 
31.356 31.356 67.4657 128.958 
13.3789 21.6494 0 0.421665 11.1684 
0 5.75705 0 0 0.936221 22.1762 0 
27.1868 14.7971 118.88 69.85 
32.2115 32.2115 66.3301 124.218 
14.001 21.2407 0 0.473596 11.765 
0 6.58161 0 0 1.00234 23.1731 0 
27.2298 14.5528 118.252 68.0245 
33.0212 33.0212 61.6622 118.986 
14.6624 19.497 0 0.484034 10.81 
0 8.07697 0 0 1.05247 24.4268 0 
42.2578 42.6065 163.249 132.217 
74.404 74.404 92.982 155.415 
15.3843 65.3734 0 0.485174 10.7414 
0 9.23651 0 0 1.15254 26.7873 0 
27.2996 14.4778 117.833 68.2918 
31.6101 31.6101 60.4752 118.567 
14.7562 20.2516 0 0.484214 10.7991 
0 8.23616 0 0 1.06728 24.7934 0 
27.5836 14.2402 117.784 68.2349 
31.6287 31.6287 59.4084 117.669 
14.8669 20.4982 0 0.445278 10.6815 
0 8.35938 0 0 1.0927 24.5479 0 
27.5917 14.2007 117.353 67.9576 
30.8294 30.8294 59.0952 116.252 
14.9391 21.2813 0 0.419196 10.3505 
0 8.31298 0 0 1.11338 24.7476 0 
27.7307 14.1994 117.323 68.5907 
30.3497 30.3497 57.638 115.319 
15.1771 20.967 0 0.444817 10.0049 
0 8.13619 0 0 1.12566 24.4125 0 
308 variables; iteration 90; function evaluation 119; phase 1
Function value   5.3204558e+02; maximum gradient component mag  -2.2820e+03
Var   Value    Gradient   |Var   Value    Gradient   |Var   Value    Gradient
  1 -2.12917   1.9744e+00 |  2  0.23259  -6.9780e+01 |  3  0.13371  -3.9854e+01
  4  0.22106  -1.1627e+02 |  5  0.21434  -2.2482e+01 |  6  0.22908   2.5229e+01
  7  0.20717  -1.6023e+00 |  8  0.18609  -2.4851e+01 |  9  0.19212  -5.8923e+01
 10  0.12339  -6.6520e+01 | 11  0.17704   6.0516e+01 | 12  0.15311   2.8847e+01
 13  0.14294   4.2622e+01 | 14  0.08139   4.7816e+00 | 15  0.02116   4.9582e+00
 16 -0.95217  -7.1254e-02 | 17 -0.16162   4.5046e-02 | 18 -0.06435  -2.1458e+01
 19 -0.31549  -1.3519e-02 | 20 -0.03278   1.6890e+01 | 21 -0.23089  -6.6222e-01
 22  0.16866   6.1934e+00 | 23 -0.16178  -3.8861e-03 | 24  0.10241   7.6008e+00
 25  0.07059  -4.6848e+00 | 26  0.17090   2.5940e+01 | 27  0.15702  -2.6854e+01
 28  0.18856   2.6908e+01 | 29  0.19130   4.1059e+01 | 30  0.14486  -3.2365e+01
 31  0.17066  -1.2603e+01 | 32  0.17803   1.5230e+01 | 33  0.16884   2.3991e+01
 34 -0.12699  -3.3686e+01 | 35  0.14230  -2.9501e+01 | 36  0.14268   1.6663e+01
 37  0.11164   1.2875e+01 | 38  0.07653   2.2338e+01 | 39 -0.74679  -1.0578e+00
 40 -0.02551   4.4774e-01 | 41 -0.04134   8.2406e+00 | 42 -1.24516   7.0571e-02
 43  0.09137   5.1617e+01 | 44  0.01177   3.7259e+01 | 45  0.05290   5.7895e+01
 46 -0.22341  -6.3569e-01 | 47  0.09230   9.0571e+01 | 48 -0.40146  -1.3351e+01
 49 -0.31318  -1.1218e+01 | 50 -0.07497   7.7362e-01 | 51 -0.06385   3.6012e+00
 52  0.08676   4.1793e+01 | 53  0.01873   3.6544e+01 | 54  0.09613   9.2420e+01
 55  0.03246   7.7589e+01 | 56  0.05178   7.6072e+01 | 57  0.11803   9.3698e+01
 58  0.17257   9.0911e+01 | 59  0.03015   2.0078e+01 | 60 -0.07767   9.8708e+00
 61 -0.33182  -1.2285e+01 | 62  0.07722   3.1421e+01 | 63  0.04854   2.8818e+01
 64 -0.01043   6.2985e+00 | 65 -0.04581  -9.0936e+00 | 66 -0.07329  -1.2530e+01
 67 -0.03607  -7.9605e+00 | 68  0.07237   2.7310e+00 | 69 -0.04582   8.3303e+00
 70 -0.07582   1.4810e+01 | 71  0.18932   1.2665e+02 | 72  0.07135   5.4993e+01
 73  0.01523   2.9493e+01 | 74  0.04878   2.9885e+01 | 75  0.03180   8.2216e+00
 76  0.11411  -3.1571e+00 | 77  0.01597  -1.5809e+00 | 78 -0.06608  -2.3458e+00
 79  0.19082  -4.0313e+00 | 80  0.28394  -2.9285e+01 | 81  0.23824  -3.0029e+00
 82 -0.28012  -1.0344e+01 | 83 -0.11627  -5.3483e+00 | 84 -0.00624  -3.5585e+00
 85  0.16253   4.7575e+00 | 86 -0.18066  -1.2843e+01 | 87  0.30953   9.6553e+01
 88  0.11836   3.0275e+01 | 89 -0.06694   1.0353e+01 | 90 -0.18505  -2.8853e+00
 91 -0.08894   9.8951e-02 | 92  0.08057   1.8925e+01 | 93  0.04878   4.7003e+00
 94  0.24586   3.4065e+01 | 95  0.04149   4.0217e+00 | 96 -0.00699   3.1140e+00
 97  0.05778   1.9236e+01 | 98  0.11087   3.7831e+01 | 99  0.13197   5.8887e+01
100  0.05558   3.1451e+01 |101  0.03056   2.0900e+01 |102 -0.18263  -2.2996e+00
103 -0.19402  -6.8661e+00 |104  0.13417   9.9885e+00 |105  0.08280   1.5120e+01
106 -0.20161  -4.5360e+00 |107 -0.26137  -8.4244e+00 |108  0.07386   7.9062e+00
109  0.18764   1.7910e+01 |110  0.12329   1.2275e+00 |111  0.08750  -1.2399e+00
112 -0.16905  -4.9738e+00 |113 -0.24174  -5.8284e+00 |114 -0.04891   7.1222e+00
115  0.19453   6.1029e+01 |116  0.06732   2.5464e+01 |117  0.09790   2.5674e+01
118  0.07173   1.2524e+01 |119  0.13202   1.1303e+01 |120 -0.13543  -1.1752e+01
121  0.22755   7.4082e+00 |122  0.04813  -3.0689e+01 |123 -0.81051   9.9542e-01
124  0.10043  -2.5060e+01 |125 -0.22748  -1.1538e+01 |126 -0.19923  -2.8424e+00
127 -0.03722   4.5997e+00 |128 -0.07742   4.5735e+00 |129 -0.01095   4.6069e+00
130 -0.03856   4.5991e+00 |131 -0.03861   4.5991e+00 |132 -0.00017   4.6076e+00
133  0.00784   4.6072e+00 |134  0.06430   4.5841e+00 |135 -0.02118   4.6050e+00
136  0.02821   4.6030e+00 |137 -0.01668   4.6060e+00 |138  0.01402   4.6065e+00
139  0.01802   4.6057e+00 |140 -0.00258   4.6075e+00 |141 -0.00681   4.6073e+00
142 -0.00559   4.6074e+00 |143 -0.00293   4.6075e+00 |144 -0.07760   4.5734e+00
145 -0.00692   4.6073e+00 |146  0.07048   4.5794e+00 |147 -0.01121   4.6069e+00
148  0.02938   4.6027e+00 |149 -0.02524   4.6039e+00 |150  0.00134   4.6076e+00
151  0.03400   4.6010e+00 |152  0.01408   4.6064e+00 |153 -0.00816   4.6072e+00
154  0.00050   4.6076e+00 |155  0.01579   4.6062e+00 |156  0.02126   4.6050e+00
157  0.03161   4.6019e+00 |158  0.01434   4.6064e+00 |159  0.02734   4.6033e+00
160 -0.02097   4.6051e+00 |161  0.04916   4.5938e+00 |162  0.00140   4.6076e+00
163  0.01194   4.6068e+00 |164 -0.04417   4.5965e+00 |165  0.00264   4.6075e+00
166  0.01769   4.6058e+00 |167 -0.01090   4.6069e+00 |168 -0.00128   4.6076e+00
169  0.01040  -2.2820e+03 |170  0.04869   1.2088e+02 |171  0.03684   1.0598e+02
172  0.04058   7.5401e+01 |173  0.10785   1.3211e+02 |174  0.03683   9.5117e+01
175  0.05021   1.9549e+02 |176  0.01245   1.3085e+02 |177  0.06563   8.8789e+01
178  0.08324   2.1242e+01 |179  0.18252  -2.2477e+01 |180 -0.53524   9.0576e+01
181  0.10460  -1.6618e+02 |182 -0.25069   1.1882e+02 |183 -0.01218   8.4950e+01
184  0.00022   1.1761e+02 |185 -0.00852   1.0548e+02 |186 -0.01758   9.9327e+01
187 -0.02122   8.9693e+01 |188 -0.11693   9.5735e+01 |189  0.04704   5.7591e+01
190  0.04141   1.5516e+02 |191  0.06577   3.0429e+02 |192  0.04762   2.3095e+02
193  0.01604   1.1132e+02 |194 -0.31917   1.1603e+02 |195  0.02189   4.3188e+01
196  0.08824  -3.7945e+00 |197  0.03388   3.2881e+01 |198  0.04511   1.2061e+02
199  0.02243   1.5498e+02 |200  0.03092   1.1066e+02 |201  0.01284   1.0445e+02
202  0.13520   2.0629e+02 |203  0.12414   1.6468e+02 |204  0.09121   6.9408e+01
205 -0.05560   1.3201e+02 |206 -0.10046   1.4287e+02 |207 -0.17978   1.2867e+02
208 -0.10570   1.0351e+02 |209 -0.04028   1.2946e+02 |210  0.07637   1.3726e+02
211  0.05486   1.3604e+02 |212 -0.04688   1.0852e+03 |213  0.03186   5.7096e+02
214  0.04585   2.8333e-08 |215 -0.64993   4.7591e+01 |216 -0.81656  -9.0658e+01
217  0.10512   1.6658e+02 |218 -0.20656   4.9982e+00 |219 -0.39381  -2.0532e+01
220 -0.12134  -1.8980e+01 |221  0.06474  -1.1684e+01 |222  0.08888   8.7317e+00
223  0.04698   8.5496e+00 |224 -0.04171  -1.4544e+00 |225 -0.05343  -8.5993e+00
226  0.04005  -1.2455e+01 |227  0.05076  -4.6232e+00 |228  0.48199   1.7964e+01
229  0.13295   6.6592e+00 |230  0.10030  -6.0625e+00 |231  0.05056  -7.9946e+00
232 -0.00173  -2.4238e+01 |233 -0.00501  -1.6248e+01 |234  0.05231  -2.0038e+01
235 -0.21943  -3.2121e+01 |236 -0.20303  -1.4128e+01 |237 -0.00883   6.2881e+00
238  0.06656   8.5632e+00 |239 -0.13904  -1.1068e+01 |240 -0.22627  -1.5194e+01
241 -0.12785  -9.4676e+00 |242  0.03521  -1.8400e+00 |243  0.05734  -1.6757e+00
244  0.02267   1.2589e+01 |245 -0.12671   1.2367e+01 |246 -0.27824   1.6059e+01
247 -0.16501   3.7725e+00 |248 -0.00287   8.5556e-01 |249  0.11740  -4.6605e+00
250  0.12265  -5.8501e+00 |251  0.04409  -1.5231e+01 |252  0.00300  -5.1821e+00
253  0.01528  -7.9461e-01 |254  0.19942  -3.1239e+00 |255  0.27023   9.3972e+00
256  0.40002   1.7686e+01 |257 -0.11631   1.9887e+01 |258  0.12697   2.5290e+02
259  0.16236   1.1982e+03 |260 -0.85110   4.0555e+02 |261 -0.75806   1.3086e+03
262 -0.80247   2.2583e+01 |263  0.28582   4.7184e+01 |264 -0.00765   5.2371e+01
265 -0.22008   4.9276e+01 |266 -0.15875   5.0755e+01 |267  0.23334   4.8896e+01
268 -0.20257   4.9746e+01 |269  0.20429   4.9701e+01 |270  0.28980   4.7041e+01
271 -0.67667   2.5472e+01 |272 -0.07373   5.2024e+01 |273  0.23859   4.8739e+01
274 -0.24951   4.8404e+01 |275 -0.23201   4.8935e+01 |276  0.26293   4.7971e+01
277  0.39686   4.2524e+01 |278  0.28235   4.7308e+01 |279 -0.19031   5.0052e+01
280 -0.19131   5.0028e+01 |281  0.27334   4.7621e+01 |282 -0.07025   5.2056e+01
283  0.23206   4.8934e+01 |284 -0.32340   4.5761e+01 |285  0.27288   4.7637e+01
286  0.60932   3.0162e+01 |287 -0.25383   4.8267e+01 |288 -0.15527   5.0825e+01
289 -0.18580   5.0160e+01 |290 -0.13731   5.1161e+01 |291  0.19341   4.9976e+01
292 -0.33240   4.5396e+01 |293  0.28960   4.7048e+01 |294  0.00959   5.2369e+01
295 -0.45044   3.9803e+01 |296  0.29375   4.6898e+01 |297  0.19447   4.9950e+01
298 -0.19052   5.0047e+01 |299  0.27210   4.7663e+01 |300 -0.14046   5.1105e+01
301 -0.14777   5.0970e+01 |302 -0.25991   4.8070e+01 |303  0.46117  -7.2802e+02
304  0.10139   9.1496e+01 |305 -0.89309   3.1222e+02 |306  0.22142   1.6409e+01
307 -0.87278   3.0275e+02 |308 -0.51720   1.9291e+01 |
26.2352 14.2495 118.557 68.4022 
29.3943 29.3943 56.9442 112.363 
15.5428 21.452 0 0.508457 10.2632 
0 7.9592 0 0 1.1507 25.0069 0 
24.6354 13.9147 118.211 68.7954 
28.8289 28.8289 57.5681 110.942 
15.8267 20.5053 0 0.618608 9.6105 
0 7.73752 0 0 1.17868 24.5711 0 
24.1801 13.5113 116.875 68.59 
27.8643 27.8643 56.9137 109.203 
16.1843 20.0764 0 0.710739 9.14256 
0 7.40934 0 0 1.22115 23.7398 0 
24.6715 12.4866 116.174 67.274 
27.5907 27.5907 55.226 105.017 
16.4858 19.4135 0 0.731593 8.39934 
0 6.9204 0 0 1.25991 24.273 0 
23.0486 12.1312 120.675 66.7381 
26.4071 26.4071 54.0958 101.001 
16.2321 18.5967 0 0.758885 7.47848 
0 6.27416 0 0 1.23266 23.3315 0 
22.3743 12.9863 119.016 68.5558 
25.2363 25.2363 60.3979 99.1046 
15.5563 19.3716 0 0.729059 6.92706 
0 5.68634 0 0 1.20609 22.4204 0 
22.5164 12.4343 118.901 66.7061 
26.4122 26.4122 54.1372 99.4898 
15.82 18.5872 0 0.741128 7.14899 
0 5.89804 0 0 1.21452 22.7706 0 
22.0828 12.8583 119.876 70.7414 
24.5992 24.5992 76.1052 99.9646 
15.0894 17.4496 0 0.604338 7.60833 
0 5.4128 0 0 1.14909 22.1825 0 
22.2438 12.4092 118.556 66.8537 
25.6708 25.6708 56.0925 98.8828 
15.5342 17.7041 0 0.688165 7.31969 
0 5.70054 0 0 1.18872 22.5049 0 
22.2621 12.4401 118.771 67.4459 
24.2681 24.2681 56.0528 97.6161 
15.2503 17.4958 0 0.619653 7.38513 
0 5.54058 0 0 1.1674 22.3822 0 
22.1395 12.4382 118.327 67.4769 
24.081 24.081 54.9309 95.6749 
14.8368 16.8559 0 0.536734 7.41024 
0 5.28579 0 0 1.13488 22.5355 0 
22.3829 13.0879 118.09 68.9985 
23.6542 23.6542 52.9853 91.8992 
14.1258 16.7606 0 0.489314 7.60561 
0 4.92141 0 0 1.05973 22.6171 0 
308 variables; iteration 100; function evaluation 131; phase 1
Function value   4.7722195e+02; maximum gradient component mag  -1.1724e+03
Var   Value    Gradient   |Var   Value    Gradient   |Var   Value    Gradient
  1 -2.11145   5.2568e-01 |  2  0.22112  -4.7528e+01 |  3  0.15308  -3.9355e+01
  4  0.22639  -3.3550e+01 |  5  0.20339  -2.7510e+01 |  6  0.22041   1.5706e+01
  7  0.19339  -2.8249e+01 |  8  0.18594  -2.7006e+01 |  9  0.19254  -5.3734e+01
 10  0.09538  -6.0247e+01 | 11  0.18870   1.3044e+02 | 12  0.13860  -2.2379e+00
 13  0.13802   1.4385e+01 | 14  0.05673  -7.1260e+00 | 15 -0.00227  -4.9165e-01
 16  0.03969   2.1662e+01 | 17 -0.17834  -2.6603e-01 | 18 -0.03356  -1.2474e+01
 19 -0.30588  -7.6600e-02 | 20 -0.11975   2.7295e-01 | 21 -0.07010   7.4003e+00
 22  0.13260  -4.0119e-01 | 23 -0.16893  -6.1738e-03 | 24  0.02216  -2.8144e-01
 25  0.10275   5.4946e-01 | 26  0.14068  -9.1884e+00 | 27  0.19188   4.3785e+01
 28  0.18908   3.2445e+01 | 29  0.18897   3.6743e+01 | 30  0.19525   6.0420e+01
 31  0.16710  -2.1784e+01 | 32  0.15225  -2.5021e+01 | 33  0.15403  -2.3005e-01
 34 -0.10780  -3.3880e+01 | 35  0.15698   3.2007e+00 | 36  0.13691   1.0195e+01
 37  0.08642  -5.5563e+00 | 38  0.04765  -2.2888e+01 | 39 -0.61477  -1.5536e+00
 40 -0.07908  -8.6371e+00 | 41 -0.16548  -7.3733e-01 | 42 -1.22443   6.4816e-02
 43  0.08634   2.3904e+01 | 44 -0.00287   1.1638e+01 | 45  0.04215   3.0193e+01
 46 -0.19662  -6.8341e+00 | 47  0.04416   5.0283e+01 | 48 -0.38749  -2.0060e+01
 49 -0.27707  -1.8736e+01 | 50 -0.04625  -1.3832e+01 | 51 -0.08082  -1.5205e+01
 52  0.09583   1.7548e+00 | 53  0.03221   4.1203e+00 | 54  0.07394   3.0184e+01
 55  0.01811   2.9436e+01 | 56  0.03951   3.2042e+01 | 57  0.09937   4.7344e+01
 58  0.16552   4.8702e+01 | 59  0.03941  -3.8242e+00 | 60 -0.07747  -2.9747e+00
 61 -0.39326  -2.0890e+01 | 62  0.08829   2.1387e+01 | 63  0.09455   3.3056e+01
 64  0.00511   4.2044e+00 | 65 -0.08353  -1.4436e+01 | 66 -0.06678  -1.6273e+01
 67 -0.04133  -1.2208e+01 | 68  0.03547  -2.3884e+00 | 69 -0.05141   3.4603e+00
 70 -0.08820   5.8418e+00 | 71  0.17559   9.5722e+01 | 72  0.07851   4.3818e+01
 73  0.03944   2.7360e+01 | 74  0.04732   1.6995e+01 | 75  0.02390  -7.9976e+00
 76  0.13557  -2.0706e+01 | 77  0.02398  -9.0787e+00 | 78 -0.05431  -6.4982e+00
 79  0.16186   6.3274e+00 | 80  0.29706  -4.4966e+00 | 81  0.16361  -1.0784e+01
 82 -0.20637  -1.4566e+01 | 83 -0.05913  -1.1186e+01 | 84 -0.02026  -1.2042e+01
 85  0.14215  -2.1937e+00 | 86 -0.00033  -8.5308e+00 | 87  0.26128   2.9988e+01
 88  0.09540   1.7871e+01 | 89 -0.10254   2.2436e+00 | 90 -0.08907   2.3932e+00
 91 -0.00358   4.1613e+00 | 92  0.07743   1.3367e+01 | 93  0.02075  -5.1341e+00
 94  0.22638  -7.6791e+00 | 95  0.04767  -5.1321e+00 | 96 -0.04608  -5.8206e+00
 97  0.01287  -2.5897e+00 | 98  0.11451   3.7885e+00 | 99  0.11922   8.1610e+00
100  0.07456   5.5196e+00 |101  0.01824   3.3281e+00 |102 -0.15579  -4.2718e+00
103 -0.11781  -4.8852e+00 |104  0.17354   1.6044e+01 |105  0.03591   6.0412e+00
106 -0.21129  -7.0554e+00 |107 -0.15936  -3.5199e+00 |108  0.08764   7.7805e+00
109  0.17724   1.5538e+01 |110  0.07868  -3.4538e+00 |111  0.08944  -4.7289e-01
112 -0.15197  -4.4122e+00 |113 -0.23519  -5.2635e+00 |114 -0.07576   2.9802e+00
115  0.19544   4.8358e+01 |116  0.07726   2.3876e+01 |117  0.10578   2.4123e+01
118  0.06946   5.9671e+00 |119  0.07305  -1.9913e+00 |120 -0.02194  -9.6357e+00
121  0.15882  -1.3540e+01 |122  0.19162  -2.8537e+01 |123 -0.72062   9.2190e-01
124 -0.04736  -1.6629e+01 |125 -0.42989  -1.5356e+01 |126 -0.32870  -7.4158e+00
127 -0.03787  -5.3427e+00 |128 -0.07866  -5.3113e+00 |129 -0.01139  -5.3513e+00
130 -0.03922  -5.3420e+00 |131 -0.03928  -5.3419e+00 |132 -0.00057  -5.3521e+00
133  0.00744  -5.3518e+00 |134  0.06335  -5.3257e+00 |135 -0.02168  -5.3490e+00
136  0.02774  -5.3471e+00 |137 -0.01716  -5.3502e+00 |138  0.01361  -5.3509e+00
139  0.01760  -5.3501e+00 |140 -0.00299  -5.3521e+00 |141 -0.00724  -5.3518e+00
142 -0.00601  -5.3519e+00 |143 -0.00334  -5.3521e+00 |144 -0.07884  -5.3111e+00
145 -0.00735  -5.3518e+00 |146  0.06940  -5.3204e+00 |147 -0.01165  -5.3512e+00
148  0.02890  -5.3466e+00 |149 -0.02578  -5.3477e+00 |150  0.00094  -5.3521e+00
151  0.03349  -5.3447e+00 |152  0.01367  -5.3509e+00 |153 -0.00859  -5.3516e+00
154  0.00010  -5.3521e+00 |155  0.01538  -5.3506e+00 |156  0.02083  -5.3493e+00
157  0.03112  -5.3457e+00 |158  0.01393  -5.3509e+00 |159  0.02688  -5.3474e+00
160 -0.02147  -5.3491e+00 |161  0.04847  -5.3366e+00 |162  0.00099  -5.3521e+00
163  0.01154  -5.3513e+00 |164 -0.04490  -5.3388e+00 |165  0.00224  -5.3521e+00
166  0.01728  -5.3502e+00 |167 -0.01135  -5.3513e+00 |168 -0.00168  -5.3521e+00
169  0.01174  -1.1724e+03 |170  0.04652   1.2285e+02 |171  0.02373   5.9818e+01
172  0.03822   3.1183e+01 |173  0.09587   8.0872e+01 |174  0.04286   9.1766e+01
175  0.04675   1.7058e+02 |176  0.01462   1.1075e+02 |177  0.06587   9.1277e+01
178  0.08254   1.8906e+01 |179  0.17761   6.0947e+01 |180 -0.56169   5.9645e+01
181  0.10385  -8.8064e+01 |182 -0.36467   7.7089e+01 |183  0.00080   5.8813e+01
184 -0.02621   6.2296e+01 |185  0.01791   1.7978e+02 |186 -0.01494   7.8670e+01
187 -0.02883   2.6172e+01 |188 -0.08801   4.3888e+01 |189  0.04817   7.3128e+00
190  0.03873   9.0558e+01 |191  0.05717   2.3377e+02 |192  0.03683   1.5688e+02
193  0.00905   6.7426e+01 |194 -0.28912   8.0100e+01 |195  0.00858  -1.2408e+01
196  0.07786  -7.7626e+01 |197  0.04036   1.9957e+01 |198  0.05042   1.0722e+02
199  0.00023   5.6893e+01 |200  0.03743   9.9827e+01 |201  0.01060   7.9492e+01
202  0.14483   1.9791e+02 |203  0.12749   1.0574e+02 |204  0.10002   2.6957e+01
205 -0.09091   8.8288e+01 |206 -0.09174   9.7870e+01 |207 -0.17309   9.2605e+01
208 -0.08107   1.0728e+02 |209 -0.03460   8.4661e+01 |210  0.10748   1.4439e+02
211  0.12623   9.2632e+01 |212 -0.04762   7.3296e+02 |213  0.02369   2.0629e+02
214  0.04585   2.8333e-08 |215 -0.66342   9.4107e+00 |216 -0.81424  -4.6976e+01
217  0.07776   1.1214e+02 |218 -0.19517  -1.5043e+01 |219 -0.33932  -1.7568e+01
220 -0.11480  -1.8613e+01 |221  0.03331  -1.9301e+01 |222  0.06439   1.9897e+00
223  0.04591   6.7184e-01 |224 -0.01461  -1.6565e-01 |225 -0.03512  -1.5495e+01
226  0.04865  -2.2462e+01 |227  0.06173  -4.0800e+00 |228  0.51810   1.5290e+01
229  0.12979  -6.6175e-01 |230  0.09035  -1.0093e+01 |231  0.05232  -7.5179e+00
232  0.00884  -2.2410e+01 |233  0.03074  -4.1394e+00 |234  0.06748  -1.6372e+01
235 -0.21856  -3.2701e+01 |236 -0.19922  -1.3870e+01 |237 -0.00876  -1.0633e+01
238  0.06101   3.6762e+00 |239 -0.14288  -9.6393e+00 |240 -0.20821  -1.9893e+01
241 -0.10021  -1.2923e+01 |242  0.04120  -1.2408e+01 |243  0.04140  -1.5574e+01
244 -0.01454  -5.1792e+00 |245 -0.12204   9.6757e+00 |246 -0.28050  -1.7294e+00
247 -0.18523  -2.7990e+01 |248 -0.01653  -7.0457e+00 |249  0.13598  -7.4714e+00
250  0.13251  -1.3407e+01 |251  0.06435  -1.4622e+01 |252 -0.00068  -1.2695e+01
253  0.02943  -8.5881e+00 |254  0.16719  -9.5815e+00 |255  0.25839   1.7383e+00
256  0.31464  -1.0898e+00 |257 -0.17981   6.2939e-01 |258  0.11993   1.7089e+02
259  0.16417   1.0651e+03 |260 -0.85413   3.1142e+02 |261 -0.78286   1.0689e+03
262 -0.81328   1.3964e+01 |263  0.20889   1.6007e+02 |264  0.17927   1.6243e+02
265 -0.24297   1.5693e+02 |266 -0.14924   1.6447e+02 |267  0.14943   1.6446e+02
268 -0.22199   1.5891e+02 |269  0.10365   1.6686e+02 |270  0.25683   1.5552e+02
271 -0.47790   1.2364e+02 |272 -0.17929   1.6243e+02 |273  0.15797   1.6391e+02
274 -0.22889   1.5828e+02 |275 -0.31538   1.4876e+02 |276  0.19931   1.6087e+02
277  0.31792   1.4844e+02 |278  0.31745   1.4850e+02 |279 -0.18661   1.6188e+02
280 -0.18807   1.6177e+02 |281  0.32596   1.4741e+02 |282 -0.16015   1.6377e+02
283  0.14737   1.6458e+02 |284 -0.40519   1.3598e+02 |285  0.33669   1.4599e+02
286  0.44880   1.2879e+02 |287 -0.26562   1.5459e+02 |288 -0.14430   1.6477e+02
289 -0.19906   1.6089e+02 |290 -0.11630   1.6628e+02 |291  0.08701   1.6751e+02
292  0.13824   1.6512e+02 |293  0.25623   1.5558e+02 |294  0.22791   1.5837e+02
295 -0.37877   1.4004e+02 |296  0.29699   1.5102e+02 |297  0.12254   1.6597e+02
298 -0.21916   1.5917e+02 |299  0.32778   1.4717e+02 |300 -0.12146   1.6602e+02
301 -0.13625   1.6523e+02 |302 -0.27290   1.5379e+02 |303  0.46225  -5.5253e+02
304  0.10762   6.7173e+01 |305 -0.89910   2.5931e+02 |306  0.25735   9.0051e+01
307 -0.87340   3.3299e+02 |308 -0.51143   2.2806e+01 |
22.5015 11.8314 116.62 69.9082 
24.0136 24.0136 51.9379 88.6247 
13.3857 16.5867 0 0.487953 7.72478 
0 4.4245 0 0 0.99975 22.704 0 
22.1865 11.1932 116.975 74.8138 
22.2038 22.2038 51.5571 84.1108 
12.7349 14.609 0 0.476325 8.2994 
0 4.06931 0 0 0.950764 23.3558 0 
22.0613 10.9033 116.97 74.291 
22.0158 22.0158 51.4839 82.2611 
12.4113 14.0042 0 0.456671 8.67063 
0 4.1036 0 0 0.92752 23.4431 0 
20.1911 11.1148 118.934 72.2679 
20.8331 20.8331 51.5402 80.5269 
11.3163 13.6852 0 0.436617 8.75322 
0 4.36342 0 0 0.841168 23.0445 0 
19.622 10.9169 119.826 73.7309 
19.6741 19.6741 51.097 78.9457 
10.2784 14.2916 0 0.33003 8.77536 
0 4.92372 0 0 0.745261 23.0073 0 
18.7873 10.5158 119.764 71.816 
19.0285 19.0285 50.5397 77.3945 
9.80385 15.4226 0 0.27889 8.73628 
0 5.55817 0 0 0.693364 23.6285 0 
18.5168 10.2132 116.935 71.6025 
19.1091 19.1091 50.8136 75.6088 
9.31438 15.631 0 0.290044 9.13471 
0 6.26452 0 0 0.668354 23.1276 0 
19.4457 10.1924 118.588 69.3192 
18.213 18.213 50.8616 73.4658 
9.04488 14.0339 0 0.289934 9.47663 
0 6.57383 0 0 0.658481 23.0239 0 
19.6233 8.63962 117.6 68.9461 
19.8841 19.8841 51.1811 72.7307 
9.05164 12.1978 0 0.286135 9.8774 
0 6.50564 0 0 0.650024 22.7417 0 
18.1878 8.61295 115.364 68.6944 
18.8376 18.8376 51.2909 71.6707 
9.30021 11.9939 0 0.400985 11.0986 
0 6.29348 0 0 0.62013 23.3497 0 
308 variables; iteration 110; function evaluation 141; phase 1
Function value   4.2990094e+02; maximum gradient component mag   7.7695e+02
Var   Value    Gradient   |Var   Value    Gradient   |Var   Value    Gradient
  1 -2.06015   1.5561e-01 |  2  0.20312  -3.6690e+01 |  3  0.12785  -3.2861e+01
  4  0.20912  -3.2683e+01 |  5  0.19217  -1.9401e+01 |  6  0.19309  -3.4279e+01
  7  0.17476  -4.6261e+01 |  8  0.16957  -3.3694e+01 |  9  0.17485  -6.8508e+01
 10  0.09077  -6.0065e+01 | 11  0.17179   1.1171e+02 | 12  0.11112  -2.1170e+01
 13  0.12544   2.0394e+01 | 14  0.03992  -5.0042e+00 | 15 -0.03446  -3.3189e+00
 16  0.02550   2.1057e+01 | 17 -0.18262  -3.7021e-01 | 18 -0.07112  -1.9786e+01
 19 -0.28674  -1.5957e-02 | 20 -0.06129   1.1836e+01 | 21 -0.62405  -4.6470e-01
 22  0.04042  -5.0688e+00 | 23 -0.17738  -4.0095e-03 | 24  0.04195   1.6910e+00
 25  0.07728  -1.3201e+00 | 26  0.13188   2.4265e+00 | 27  0.18496   9.8527e+01
 28  0.15229  -1.4898e+00 | 29  0.15401   7.2080e+00 | 30  0.14867  -4.4329e+00
 31  0.13927  -3.4035e+01 | 32  0.12316  -3.5885e+01 | 33  0.14574   1.7717e+01
 34 -0.13384  -3.3642e+01 | 35  0.14179   8.1448e+00 | 36  0.10861  -3.8588e+01
 37  0.06584  -1.5289e+01 | 38  0.02389  -3.2521e+01 | 39 -1.41365   1.6527e+00
 40 -0.05613  -3.2755e+00 | 41 -0.05485   8.8603e+00 | 42 -1.19562   8.9897e-02
 43  0.02937   2.0460e+01 | 44 -0.04903   5.2165e+00 | 45 -0.00113   1.0368e+01
 46 -0.23907  -7.4551e+00 | 47  0.01294   2.6703e+01 | 48 -0.16808  -6.6403e+00
 49 -0.19755  -1.2862e+01 | 50 -0.04717  -1.9634e+01 | 51 -0.02110  -2.0534e+01
 52  0.06099  -2.6992e+01 | 53 -0.02400  -2.3256e+01 | 54  0.04945  -2.8008e+01
 55 -0.03078  -1.9584e+01 | 56  0.01483  -1.8079e+01 | 57  0.06302  -9.4350e+00
 58  0.15781   9.2466e+00 | 59  0.01243  -9.6756e-01 | 60 -0.12282   8.9076e-01
 61 -0.07208   7.7037e+00 | 62  0.14626   5.1816e+01 | 63  0.10532   4.1665e+01
 64 -0.09981  -3.0871e+00 | 65 -0.06801  -5.2302e+00 | 66 -0.08935  -6.2802e+00
 67  0.03602   8.1992e+00 | 68 -0.06670   5.8750e-01 | 69 -0.08724   7.0750e+00
 70 -0.06441   1.1267e+01 | 71  0.12684   2.9492e+01 | 72  0.05828   1.9044e+01
 73  0.02111   1.6820e+01 | 74  0.02834   1.3177e+01 | 75  0.08592   8.2386e+00
 76  0.16344   1.0248e+01 | 77  0.00855   4.7191e+00 | 78 -0.06172   3.6448e+00
 79  0.12161   1.4010e+01 | 80  0.29889   1.9100e+01 | 81  0.16387  -2.7082e+00
 82 -0.21545  -7.3533e+00 | 83 -0.10582  -6.1127e+00 | 84  0.07489   2.0034e-01
 85  0.07933  -1.9327e+01 | 86 -0.25648  -4.1811e+01 | 87  0.21261  -1.6839e+01
 88 -0.00341  -2.7974e+01 | 89 -0.22423  -3.1306e+01 | 90 -0.25688  -3.5313e+01
 91  0.01531  -2.9502e+01 | 92  0.03939  -3.2754e+01 | 93  0.06111  -4.0537e+01
 94  0.11244  -5.6845e+01 | 95  0.02863  -3.9804e+01 | 96  0.04220  -3.6791e+01
 97  0.01341  -3.5776e+01 | 98  0.10734  -2.7496e+01 | 99  0.14639  -2.6515e+01
100  0.00120  -4.1913e+01 |101  0.06312  -4.0151e+01 |102 -0.09228  -3.3442e+01
103 -0.16103  -3.7267e+01 |104  0.12626  -2.9850e+01 |105  0.02349  -2.7830e+01
106  0.03434  -1.4391e+01 |107 -0.10843  -3.0439e+01 |108  0.05230  -2.5566e+01
109  0.15150  -2.3616e+01 |110  0.09574  -2.9948e+01 |111  0.00692  -2.9907e+01
112 -0.10303  -2.5559e+01 |113 -0.09371  -2.0338e+01 |114 -0.02230  -2.1302e+01
115  0.16728   2.4308e+00 |116  0.02780  -2.0124e+01 |117  0.07401  -2.1417e+01
118  0.04341  -2.5269e+01 |119 -0.01488  -2.6146e+01 |120 -0.27187  -4.1360e+01
121  0.16675  -2.9119e+01 |122  0.16276  -4.7644e+01 |123 -0.69070  -1.1778e+01
124  0.10735  -3.1065e+01 |125 -0.01589  -3.2518e+01 |126 -0.05729  -2.6985e+01
127 -0.03875  -1.3573e+01 |128 -0.08078  -1.3489e+01 |129 -0.01181  -1.3596e+01
130 -0.04013  -1.3572e+01 |131 -0.04019  -1.3571e+01 |132 -0.00087  -1.3599e+01
133  0.00720  -1.3598e+01 |134  0.06316  -1.3532e+01 |135 -0.02225  -1.3590e+01
136  0.02759  -1.3586e+01 |137 -0.01765  -1.3593e+01 |138  0.01341  -1.3595e+01
139  0.01742  -1.3593e+01 |140 -0.00331  -1.3598e+01 |141 -0.00761  -1.3598e+01
142 -0.00636  -1.3598e+01 |143 -0.00367  -1.3598e+01 |144 -0.08097  -1.3489e+01
145 -0.00772  -1.3598e+01 |146  0.06919  -1.3518e+01 |147 -0.01207  -1.3596e+01
148  0.02875  -1.3585e+01 |149 -0.02641  -1.3587e+01 |150  0.00065  -1.3599e+01
151  0.03334  -1.3580e+01 |152  0.01347  -1.3595e+01 |153 -0.00897  -1.3597e+01
154 -0.00019  -1.3599e+01 |155  0.01518  -1.3595e+01 |156  0.02066  -1.3591e+01
157  0.03097  -1.3582e+01 |158  0.01373  -1.3595e+01 |159  0.02672  -1.3587e+01
160 -0.02203  -1.3590e+01 |161  0.04831  -1.3559e+01 |162  0.00071  -1.3599e+01
163  0.01132  -1.3596e+01 |164 -0.04594  -1.3563e+01 |165  0.00196  -1.3598e+01
166  0.01709  -1.3594e+01 |167 -0.01176  -1.3596e+01 |168 -0.00199  -1.3598e+01
169  0.01788   5.6276e+02 |170  0.01928   3.5301e+01 |171  0.00067  -1.4136e+01
172  0.03486   3.1161e+00 |173  0.07947   1.4130e+01 |174  0.02466  -1.3165e+01
175  0.04128   7.8887e+01 |176  0.01809   4.9071e+01 |177  0.05618   3.2131e+01
178  0.05776  -7.8074e+01 |179  0.15814   1.4795e+02 |180 -0.59912  -1.3414e+01
181  0.08985   8.6271e+00 |182 -0.55883  -1.4496e+01 |183 -0.01713  -6.9049e+01
184 -0.05054  -7.4073e+01 |185  0.00478  -1.1131e+01 |186 -0.00331  -3.6005e+00
187 -0.04290  -5.3544e+01 |188  0.00089  -4.3035e+01 |189  0.03043  -6.9188e+01
190  0.03822   4.3830e+01 |191  0.03772   6.5071e+01 |192  0.02017  -3.5968e+01
193 -0.00970  -4.1301e+01 |194 -0.10148  -3.2666e+01 |195 -0.00078  -8.1521e+01
196  0.04847  -1.4539e+02 |197  0.04684   2.1994e+01 |198  0.02222  -2.2829e+01
199 -0.02565  -8.9994e+01 |200  0.02357  -3.5816e+01 |201  0.00993  -3.5400e+01
202  0.13137   1.3919e+01 |203  0.11769  -4.3360e+00 |204  0.08432  -6.3889e+01
205 -0.05708  -2.4376e+01 |206 -0.15277  -2.3526e+01 |207 -0.16744  -2.3289e+01
208 -0.08714  -1.7897e+00 |209 -0.03332  -4.3002e+00 |210  0.08368   8.3346e-01
211  0.52543  -1.5104e+01 |212 -0.04612   1.9369e+02 |213  0.03525   5.7433e+01
214  0.04585   2.8333e-08 |215 -0.68719  -6.5394e+01 |216 -0.81934  -6.5490e+00
217  0.06131   2.0471e+01 |218 -0.15247  -4.0848e+00 |219 -0.32093  -9.5423e-01
220 -0.14056  -1.0849e+01 |221  0.01942   1.4301e+01 |222  0.02563   2.1997e+01
223  0.02207   2.0751e+01 |224 -0.01283   2.4215e+01 |225 -0.01053   2.3589e+01
226  0.12699   3.0938e+01 |227  0.08653   2.4535e+01 |228  0.23125   2.9542e+01
229  0.09796   1.5150e+01 |230  0.11614   2.8887e+01 |231  0.05770   2.1542e+01
232  0.03745   1.7462e+01 |233  0.02296   8.6340e+00 |234  0.08392   9.3187e+00
235 -0.18887   8.3890e+00 |236 -0.19141   9.4760e+00 |237 -0.00408   2.3824e+01
238  0.06412   2.7510e+01 |239 -0.08840   1.3222e+01 |240 -0.13655   7.4261e+00
241 -0.06437   7.4039e+00 |242  0.03773   1.1828e+01 |243  0.07346   2.1885e+01
244 -0.03154   1.7709e+01 |245 -0.15272   1.6002e+01 |246 -0.28517  -1.5083e+00
247 -0.14593  -2.4850e-01 |248  0.01207   1.3446e+01 |249  0.10471   9.8508e+00
250  0.11613   1.5033e+01 |251  0.05821   1.9900e+01 |252 -0.02834  -4.0130e+00
253  0.01759   2.2910e+01 |254  0.16115   1.0805e+01 |255  0.24168   1.7722e+01
256  0.30121   2.2260e+01 |257 -0.15143   1.0761e+01 |258  0.11378   3.4268e+02
259  0.16399   7.7695e+02 |260 -0.85951   1.1798e+02 |261 -0.80753   7.1859e+02
262 -0.94673   9.8479e-02 |263  0.20859  -3.5933e+02 |264 -0.02671  -3.7918e+02
265 -0.26856  -3.4625e+02 |266 -0.06381  -3.7761e+02 |267  0.07501  -3.7689e+02
268 -0.23549  -3.5385e+02 |269  0.03675  -3.7889e+02 |270  0.18918  -3.6289e+02
271 -0.42961  -2.9633e+02 |272 -0.11639  -3.7319e+02 |273  0.08280  -3.7631e+02
274 -0.26487  -3.4714e+02 |275 -0.24112  -3.5262e+02 |276  0.12293  -3.7247e+02
277  0.39003  -3.1049e+02 |278  0.32932  -3.2986e+02 |279 -0.15250  -3.6868e+02
280 -0.15825  -3.6785e+02 |281  0.36559  -3.1864e+02 |282 -0.07759  -3.7670e+02
283  0.07316  -3.7702e+02 |284 -0.45159  -2.8797e+02 |285  0.38519  -3.1214e+02
286  0.37309  -3.1619e+02 |287 -0.20124  -3.6071e+02 |288 -0.05204  -3.7825e+02
289 -0.19903  -3.6112e+02 |290 -0.04746  -3.7846e+02 |291  0.02456  -3.7924e+02
292  0.01832  -3.7936e+02 |293  0.18835  -3.6303e+02 |294  0.12259  -3.7250e+02
295 -0.35688  -3.2143e+02 |296  0.26228  -3.4776e+02 |297  0.17959  -3.6452e+02
298 -0.15614  -3.6816e+02 |299  0.37150  -3.1671e+02 |300  0.00403  -3.7951e+02
301 -0.08868  -3.7584e+02 |302 -0.20850  -3.5935e+02 |303  0.46311  -2.4788e+02
304  0.08919  -7.2245e+00 |305 -0.89593   1.8257e+02 |306  0.24940   2.9110e+01
307 -0.87532   3.7332e+02 |308 -0.50385   3.7267e+01 |
17.8345 9.07594 114.513 68.566 
17.9005 17.9005 51.5829 70.4715 
9.43013 12.5977 0 0.416177 11.8715 
0 6.13796 0 0 0.577983 23.6709 0 
17.6291 9.45073 114.254 66.6352 
19.5481 19.5481 51.4898 69.5898 
9.73368 11.6892 0 0.413675 11.8597 
0 5.92574 0 0 0.526542 24.4112 0 
17.1281 9.33547 113.82 66.9271 
19.8631 19.8631 50.9851 68.9548 
10.0561 11.3487 0 0.437708 11.7175 
0 5.75357 0 0 0.508361 24.2404 0 
17.5576 9.59283 113.291 66.0853 
19.2005 19.2005 50.7583 67.843 
10.2325 11.8054 0 0.475082 11.6777 
0 5.44793 0 0 0.512622 24.446 0 
16.8814 9.26023 113.557 66.1908 
16.7712 16.7712 50.7672 66.6263 
10.44 13.6143 0 0.523356 11.7351 
0 5.18565 0 0 0.535904 25.0424 0 
17.1368 8.89692 112.539 65.4785 
16.5118 16.5118 50.7532 65.8464 
10.4238 14.147 0 0.472708 12.277 
0 4.84854 0 0 0.550595 24.8788 0 
17.282 8.50219 112.701 65.2853 
15.3502 15.3502 50.5042 64.9539 
10.4765 14.2508 0 0.510361 12.7642 
0 4.53573 0 0 0.561422 24.53 0 
17.4793 8.20128 112.748 65.3042 
15.4286 15.4286 50.1342 63.984 
10.5505 13.8092 0 0.512569 12.9947 
0 4.39191 0 0 0.564235 24.2706 0 
17.2017 8.09562 112.071 64.6774 
16.0196 16.0196 49.9515 63.2524 
10.272 13.5785 0 0.415149 12.9153 
0 4.36503 0 0 0.585418 24.4841 0 
17.156 8.63764 111.825 64.3622 
16.3623 16.3623 49.7694 62.8285 
9.78587 13.2885 0 0.340255 12.4867 
0 4.3756 0 0 0.605452 23.9162 0 
308 variables; iteration 120; function evaluation 151; phase 1
Function value   4.0869038e+02; maximum gradient component mag   6.9070e+02
Var   Value    Gradient   |Var   Value    Gradient   |Var   Value    Gradient
  1 -2.04804   6.9479e-01 |  2  0.20007  -3.1412e+01 |  3  0.14679  -3.7105e+01
  4  0.20528  -4.7328e+01 |  5  0.19182  -2.7417e+01 |  6  0.19296  -5.2758e+01
  7  0.16649  -4.7641e+01 |  8  0.17580  -2.0437e+01 |  9  0.16337  -9.7244e+01
 10  0.12709  -4.5061e+01 | 11  0.17751   1.7043e+02 | 12  0.11372  -1.9939e+01
 13  0.11789  -1.2997e+01 | 14  0.05692   6.5899e+00 | 15 -0.05223  -4.5487e+00
 16  0.02886   2.8162e+01 | 17 -0.14572  -1.9815e-01 | 18 -0.09212  -2.3487e+01
 19 -0.27673  -4.8911e-02 | 20 -0.10601   3.2613e+00 | 21 -0.98338  -4.3796e-03
 22  0.01917  -5.5634e+00 | 23 -0.18122  -5.4699e-03 | 24  0.03707   1.0225e+00
 25  0.07035  -3.8705e+00 | 26  0.14817   1.8347e+01 | 27  0.18478   7.3553e+01
 28  0.15108  -1.6730e+01 | 29  0.16323   1.2712e+01 | 30  0.15141  -1.2092e+01
 31  0.16510   2.8318e-01 | 32  0.16257   1.6619e+01 | 33  0.13929  -3.2425e+00
 34 -0.11407  -3.3947e+01 | 35  0.13991   2.1482e+01 | 36  0.10419  -4.9716e+01
 37  0.07270   3.4795e+00 | 38  0.03095  -2.3549e+01 | 39 -1.55181   2.0917e+00
 40 -0.06922  -5.0969e+00 | 41 -0.09651   1.9306e+00 | 42 -1.31975   4.6424e-01
 43  0.02149  -6.5712e+00 | 44 -0.04873  -1.9978e+01 | 45 -0.00494  -1.4958e+01
 46 -0.17503  -2.8297e+01 | 47 -0.06911  -1.3324e+01 | 48 -0.25225  -3.6095e+01
 49 -0.16464  -3.7766e+01 | 50 -0.05394  -4.0498e+01 | 51 -0.01456  -3.7988e+01
 52  0.04986  -3.1266e+01 | 53 -0.07164  -3.3925e+01 | 54  0.12965  -1.6697e+01
 55 -0.15810  -3.6911e+01 | 56  0.03527  -2.5962e+01 | 57  0.10320  -1.2855e+01
 58  0.12848  -1.6617e+00 | 59  0.08560  -1.1295e+01 | 60 -0.06924  -2.0185e+01
 61 -0.12869  -2.7813e+01 | 62  0.12216   7.6603e+00 | 63  0.06556   1.9039e-01
 64 -0.16244  -3.3504e+01 | 65 -0.10366  -3.3203e+01 | 66  0.05589  -1.9010e+01
 67  0.02897  -1.6235e+01 | 68 -0.02880  -2.4558e+01 | 69 -0.05499  -2.1776e+01
 70 -0.06147  -2.5401e+01 | 71  0.08633  -3.0790e+01 | 72  0.00978  -2.8792e+01
 73  0.02369  -2.1296e+01 | 74  0.00301  -2.4955e+01 | 75  0.08374  -2.1524e+01
 76  0.16902  -5.1797e+00 | 77 -0.02187  -2.2342e+01 | 78 -0.05758  -2.0516e+01
 79  0.14740  -6.6101e-01 | 80  0.28602  -9.9388e-01 | 81  0.31609  -2.7579e+01
 82 -0.21906  -3.4659e+01 | 83 -0.07874  -3.2871e+01 | 84  0.00733  -3.1068e+01
 85  0.07069  -2.5454e+01 | 86 -0.01274  -3.3514e+01 | 87  0.17417  -2.2085e+01
 88 -0.00455  -2.1254e+01 | 89 -0.26405  -3.3022e+01 | 90 -0.21976  -3.2633e+01
 91 -0.01116  -3.0358e+01 | 92  0.08054  -2.7050e+01 | 93 -0.09975  -4.1337e+01
 94  0.12601  -5.0680e+01 | 95  0.07079  -3.7719e+01 | 96  0.02840  -3.5115e+01
 97  0.02541  -3.1364e+01 | 98  0.10329  -2.9967e+01 | 99  0.10027  -3.3660e+01
100 -0.00196  -4.1703e+01 |101  0.04890  -3.5097e+01 |102 -0.26584  -3.5388e+01
103 -0.25861  -3.5779e+01 |104  0.13972  -5.5069e+00 |105  0.02289  -2.6622e+01
106 -0.00376  -2.2318e+01 |107 -0.08470  -3.1303e+01 |108  0.07586  -2.8971e+01
109  0.13500  -2.6485e+01 |110  0.09404  -3.1294e+01 |111  0.04311  -3.2493e+01
112 -0.14343  -2.9795e+01 |113 -0.18001  -2.9587e+01 |114 -0.06739  -3.2755e+01
115  0.14147  -3.1150e+01 |116  0.05838  -2.5436e+01 |117  0.09839  -2.5144e+01
118  0.03188  -3.1406e+01 |119 -0.01768  -3.0681e+01 |120  0.01884  -3.0959e+01
121  0.13654  -2.6726e+01 |122  0.15438  -3.7815e+01 |123 -0.61819  -1.4569e+01
124  0.12437  -2.5280e+01 |125 -0.03797  -3.3788e+01 |126  0.00742  -2.4635e+01
127 -0.03983  -1.8818e+01 |128 -0.08385  -1.8692e+01 |129 -0.01225  -1.8851e+01
130 -0.04125  -1.8815e+01 |131 -0.04132  -1.8815e+01 |132 -0.00111  -1.8855e+01
133  0.00710  -1.8854e+01 |134  0.06470  -1.8758e+01 |135 -0.02290  -1.8843e+01
136  0.02789  -1.8837e+01 |137 -0.01821  -1.8847e+01 |138  0.01342  -1.8851e+01
139  0.01751  -1.8848e+01 |140 -0.00359  -1.8855e+01 |141 -0.00797  -1.8853e+01
142 -0.00670  -1.8854e+01 |143 -0.00396  -1.8854e+01 |144 -0.08405  -1.8691e+01
145 -0.00808  -1.8853e+01 |146  0.07105  -1.8738e+01 |147 -0.01252  -1.8851e+01
148  0.02908  -1.8835e+01 |149 -0.02716  -1.8838e+01 |150  0.00044  -1.8855e+01
151  0.03378  -1.8828e+01 |152  0.01348  -1.8851e+01 |153 -0.00936  -1.8853e+01
154 -0.00042  -1.8855e+01 |155  0.01523  -1.8849e+01 |156  0.02081  -1.8845e+01
157  0.03135  -1.8832e+01 |158  0.01375  -1.8850e+01 |159  0.02701  -1.8838e+01
160 -0.02268  -1.8843e+01 |161  0.04921  -1.8799e+01 |162  0.00050  -1.8855e+01
163  0.01130  -1.8852e+01 |164 -0.04726  -1.8803e+01 |165  0.00177  -1.8855e+01
166  0.01717  -1.8848e+01 |167 -0.01220  -1.8851e+01 |168 -0.00225  -1.8855e+01
169  0.01801   3.1008e+01 |170  0.01052   2.4713e+01 |171  0.00320   2.4746e+01
172  0.02535   1.6870e+01 |173  0.06883   4.8371e-01 |174  0.02548   1.8913e+01
175  0.04335   1.0281e+02 |176  0.00683   3.4911e+01 |177  0.04869   1.7081e+01
178  0.06465  -4.6783e+01 |179  0.15563   3.8311e+01 |180 -0.60772   5.6975e+00
181  0.09385  -1.9653e+00 |182 -0.62881   5.5686e+00 |183 -0.00415  -1.1532e+01
184 -0.03963  -3.4775e+01 |185  0.00203  -2.4065e+00 |186 -0.00293   3.8478e+01
187 -0.03921   3.1322e-01 |188 -0.01696  -5.7235e+00 |189  0.02822  -4.5553e+01
190  0.02825   2.4303e+01 |191  0.04702   1.0960e+02 |192  0.03157  -1.4511e+00
193 -0.00889  -1.0229e+01 |194 -0.07629   1.2423e+01 |195 -0.00175  -2.4790e+00
196  0.04373  -5.1942e+01 |197  0.04423   9.8236e+01 |198  0.00300  -1.0780e+01
199 -0.01380  -5.4881e+01 |200  0.03314   3.5439e+01 |201  0.01070  -5.7636e+00
202  0.12987   6.0095e+00 |203  0.12384   3.8370e+01 |204  0.07921  -6.9870e+01
205 -0.04179   5.7865e+00 |206 -0.14299   1.1484e+01 |207 -0.15270   1.7465e+01
208 -0.08454   4.7191e+01 |209 -0.03599   2.7254e+01 |210  0.07386   2.0972e+01
211  0.56332   6.5428e+00 |212 -0.04500   3.4274e+02 |213  0.03933   8.3743e+01
214  0.04585   2.8333e-08 |215 -0.66915  -2.4009e+01 |216 -0.81398  -1.2043e+01
217  0.05551  -8.3635e+00 |218 -0.14043   9.3550e-01 |219 -0.29816  -4.2281e+00
220 -0.12659  -1.2523e+01 |221 -0.00159  -7.4612e-01 |222  0.00702   8.4355e+00
223  0.00931   5.7844e+00 |224 -0.02994   7.8788e+00 |225 -0.00671   1.6131e+01
226  0.10200   1.3459e+01 |227  0.04180   7.4534e+00 |228  0.19781   1.4479e+01
229  0.12453   1.7236e+01 |230  0.13365   1.9527e+01 |231  0.08604   2.1070e+01
232  0.03962   9.0211e+00 |233  0.01758  -1.5823e+00 |234  0.09361   1.3493e+01
235 -0.19599  -2.5461e-01 |236 -0.20544   5.5344e+00 |237 -0.05577  -1.2947e+01
238  0.03263   3.5018e+00 |239 -0.10784   1.3439e+00 |240 -0.15760   1.8653e-01
241 -0.07539  -1.4559e-01 |242  0.04975   1.0701e+01 |243  0.08333   9.5578e+00
244  0.04054   2.5506e+01 |245 -0.10174   2.0084e+01 |246 -0.27896  -1.7766e+01
247 -0.13986  -7.2440e+00 |248  0.00897   1.3250e+01 |249  0.12114   1.7656e+01
250  0.10809   5.0199e+00 |251  0.05840   1.3420e+01 |252 -0.02477  -3.9443e+00
253  0.03819   1.3673e+01 |254  0.17463   3.7402e+00 |255  0.22989   8.9139e+00
256  0.29261   1.6182e+01 |257 -0.14396   4.4314e+00 |258  0.10900   2.2929e+02
259  0.16561   6.9070e+02 |260 -0.86208   6.7097e+01 |261 -0.82278   4.7375e+02
262 -1.00474   3.8475e-02 |263  0.29035  -2.1158e+01 |264 -0.48433  -1.7070e+01
265 -0.22424  -2.2120e+01 |266 -0.00157  -2.3567e+01 |267  0.00799  -2.3565e+01
268 -0.21650  -2.2217e+01 |269 -0.03018  -2.3541e+01 |270  0.23646  -2.1960e+01
271 -0.37771  -1.9539e+01 |272  0.17940  -2.2637e+01 |273  0.01979  -2.3556e+01
274  0.04389  -2.3511e+01 |275 -0.05477  -2.3480e+01 |276  0.09442  -2.3308e+01
277  0.45146  -1.7885e+01 |278  0.28621  -2.1225e+01 |279 -0.12065  -2.3145e+01
280 -0.12669  -2.3102e+01 |281  0.19319  -2.2490e+01 |282  0.46671  -1.7513e+01
283  0.00535  -2.3566e+01 |284 -0.29574  -2.1070e+01 |285  0.14545  -2.2955e+01
286  0.34166  -2.0254e+01 |287 -0.18354  -2.2594e+01 |288  0.01524  -2.3560e+01
289 -0.20633  -2.2340e+01 |290 -0.08723  -2.3346e+01 |291 -0.03263  -2.3536e+01
292 -0.24775  -2.1805e+01 |293  0.23482  -2.1982e+01 |294 -0.22091  -2.2162e+01
295 -0.43497  -1.8277e+01 |296  0.33135  -2.0446e+01 |297  0.18715  -2.2556e+01
298 -0.12848  -2.3089e+01 |299  0.17448  -2.2687e+01 |300  0.09472  -2.3307e+01
301 -0.13500  -2.3039e+01 |302 -0.18300  -2.2600e+01 |303  0.46539  -1.6928e+02
304  0.10568   1.6659e+01 |305 -0.89586   2.2470e+02 |306  0.23622   1.8636e+01
307 -0.87528   2.9417e+02 |308 -0.51130  -9.5005e+00 |
17.2748 8.8489 111.944 63.8697 
16.6089 16.6089 49.8841 61.8136 
9.24316 12.7531 0 0.313131 11.9058 
0 4.32318 0 0 0.610082 23.3123 0 
16.9593 9.32194 113.135 62.7005 
15.7935 15.7935 50.3812 61.7914 
8.96678 11.4298 0 0.272184 11.3164 
0 4.49563 0 0 0.558181 23.2096 0 
16.9461 9.13139 113.78 61.7603 
15.6632 15.6632 50.8281 61.6278 
8.86082 11.3275 0 0.263338 11.216 
0 4.55332 0 0 0.540913 23.3462 0 
16.9477 9.19752 113.461 62.1045 
15.6963 15.6963 50.6196 61.6813 
8.89789 11.3313 0 0.266886 11.2564 
0 4.52676 0 0 0.547223 23.2905 0 
17.2875 8.92172 113.076 61.7468 
15.8632 15.8632 50.5648 61.5197 
8.86952 11.1185 0 0.275567 11.228 
0 4.526 0 0 0.533355 22.9059 0 
17.094 8.6047 113.32 61.9987 
15.3309 15.3309 49.6863 61.1223 
8.96189 11.701 0 0.317707 10.8103 
0 4.4619 0 0 0.535135 22.7308 0 
17.2296 8.61849 112.278 62.1211 
15.3505 15.3505 49.0013 60.2926 
9.10613 11.9642 0 0.380468 11.0633 
0 4.38504 0 0 0.561784 22.7596 0 
17.0561 8.63807 111.336 62.6186 
15.5995 15.5995 48.8248 59.6464 
9.22105 11.0315 0 0.446725 11.1458 
0 4.30949 0 0 0.587228 22.863 0 
17.2766 9.14187 110.855 62.2489 
14.1369 14.1369 48.9701 59.2052 
9.15772 11.3265 0 0.442912 11.1924 
0 4.21101 0 0 0.603849 23.2246 0 
16.9614 9.48714 110.549 61.7793 
14.4189 14.4189 49.0317 58.9524 
8.92217 10.4864 0 0.491843 11.2465 
0 4.14038 0 0 0.583617 23.3374 0 
17.3066 9.64297 110.039 61.4351 
14.9451 14.9451 48.7932 58.4876 
8.56622 9.82991 0 0.454059 11.193 
0 4.00581 0 0 0.570215 23.3043 0 
308 variables; iteration 130; function evaluation 162; phase 1
Function value   3.9128226e+02; maximum gradient component mag   6.2008e+02
Var   Value    Gradient   |Var   Value    Gradient   |Var   Value    Gradient
  1 -2.03872   7.9093e-01 |  2  0.19951  -1.8874e+00 |  3  0.17785  -2.5989e+01
  4  0.19585  -4.4266e+01 |  5  0.18892  -3.6314e+01 |  6  0.18846  -5.1327e+01
  7  0.16736  -3.7615e+01 |  8  0.18334   5.1586e+00 |  9  0.16220  -8.1386e+01
 10  0.13770  -3.3159e+01 | 11  0.16359   1.1493e+02 | 12  0.10961  -1.9217e+01
 13  0.11286  -9.4447e+00 | 14  0.01938  -8.9874e+00 | 15  0.03575   1.3202e+01
 16  0.00469   2.0389e+01 | 17 -0.09792   5.3480e-01 | 18 -0.07104  -1.9021e+01
 19 -0.26909  -4.1119e-02 | 20 -0.06703   9.4811e+00 | 21 -0.72688  -2.7243e-03
 22  0.08742  -2.1554e+00 | 23 -0.18451  -4.3329e-03 | 24 -0.04388  -1.1446e+00
 25  0.07967  -2.0881e-01 | 26  0.13129   7.2343e+00 | 27  0.15796   1.5362e+01
 28  0.15361   1.1021e+00 | 29  0.14554  -4.5416e+00 | 30  0.14994   2.8656e-01
 31  0.16339   1.8904e+01 | 32  0.14726   6.2033e+00 | 33  0.11512  -1.7008e+01
 34 -0.08318  -3.4183e+01 | 35  0.13013   1.4976e+01 | 36  0.09393  -2.2410e+01
 37  0.07860   1.9610e+01 | 38  0.02984  -1.4873e+01 | 39 -1.48057   1.8727e+00
 40 -0.06841  -4.8119e+00 | 41 -0.24569  -5.9066e-01 | 42 -1.63353   9.2920e-01
 43  0.01686  -1.6826e+00 | 44 -0.01331  -5.6997e+00 | 45 -0.02040  -6.3331e+00
 46 -0.21545  -2.1353e+01 | 47 -0.12889  -1.2099e+01 | 48 -0.19806  -2.4743e+01
 49 -0.11706  -2.6787e+01 | 50 -0.05439  -2.8719e+01 | 51 -0.08417  -2.6714e+01
 52  0.04652  -2.3863e+01 | 53  0.01328  -2.8672e+01 | 54  0.10596  -2.7792e+01
 55 -0.13983  -3.0683e+01 | 56  0.02415  -2.8015e+01 | 57  0.08891  -1.6513e+01
 58  0.14729   1.2320e+00 | 59  0.06969  -1.1796e+01 | 60 -0.07863  -1.3708e+01
 61 -0.15497  -2.1624e+01 | 62  0.13110   1.1351e+01 | 63  0.04270  -8.1447e-01
 64 -0.17815  -2.4954e+01 | 65 -0.05673  -1.8884e+01 | 66  0.02340  -1.1772e+01
 67  0.02348  -6.8636e+00 | 68 -0.00052  -1.1228e+01 | 69 -0.03829  -1.0442e+01
 70 -0.03387  -1.2838e+01 | 71  0.07088  -2.0692e+01 | 72  0.03786  -1.7652e+01
 73  0.02692  -1.3205e+01 | 74  0.02670  -1.5050e+01 | 75  0.10097  -1.1438e+01
 76  0.14098  -1.4811e+00 | 77 -0.02520  -1.4317e+01 | 78 -0.04853  -1.1840e+01
 79  0.08428  -6.3513e+00 | 80  0.30807   1.0751e+01 | 81  0.19589  -2.0396e+01
 82 -0.14619  -2.1142e+01 | 83 -0.02998  -2.0602e+01 | 84  0.00748  -2.1134e+01
 85  0.07027  -3.6586e+01 | 86 -0.08991  -4.6987e+01 | 87  0.17348  -4.0084e+01
 88 -0.00845  -3.3975e+01 | 89 -0.17663  -3.8222e+01 | 90 -0.12068  -3.7191e+01
 91 -0.03463  -4.0366e+01 | 92  0.06218  -3.5171e+01 | 93 -0.18251  -5.1359e+01
 94  0.16555  -5.2395e+01 | 95  0.06678  -4.5961e+01 | 96 -0.01048  -4.6504e+01
 97 -0.01271  -4.3595e+01 | 98  0.12397  -3.9763e+01 | 99  0.08973  -5.4522e+01
100  0.06540  -5.7610e+01 |101 -0.00530  -5.1963e+01 |102 -0.12767  -4.2688e+01
103 -0.07318  -3.8349e+01 |104  0.13532  -1.8422e+01 |105  0.00042  -3.5017e+01
106 -0.09704  -3.9738e+01 |107 -0.03746  -3.8093e+01 |108  0.10361  -3.5667e+01
109  0.13400  -3.1647e+01 |110  0.08439  -4.1261e+01 |111  0.04346  -3.9856e+01
112 -0.08099  -3.5326e+01 |113 -0.10041  -3.4574e+01 |114 -0.04144  -4.0582e+01
115  0.10169  -4.1599e+01 |116  0.03482  -3.6937e+01 |117  0.09259  -3.9609e+01
118  0.01097  -4.0965e+01 |119  0.01827  -3.4521e+01 |120  0.00417  -4.1430e+01
121  0.12410  -4.2884e+01 |122  0.17109  -4.5804e+01 |123 -0.48875  -2.4729e+01
124  0.12263  -4.0231e+01 |125 -0.07717  -4.1279e+01 |126 -0.39189  -4.0135e+01
127 -0.04133  -1.5230e+01 |128 -0.09097  -1.5106e+01 |129 -0.01223  -1.5259e+01
130 -0.04287  -1.5227e+01 |131 -0.04293  -1.5227e+01 |132 -0.00067  -1.5262e+01
133  0.00783  -1.5261e+01 |134  0.06811  -1.5175e+01 |135 -0.02337  -1.5252e+01
136  0.02939  -1.5246e+01 |137 -0.01845  -1.5255e+01 |138  0.01438  -1.5258e+01
139  0.01861  -1.5255e+01 |140 -0.00324  -1.5262e+01 |141 -0.00778  -1.5261e+01
142 -0.00647  -1.5261e+01 |143 -0.00362  -1.5262e+01 |144 -0.09121  -1.5106e+01
145 -0.00790  -1.5261e+01 |146  0.07490  -1.5156e+01 |147 -0.01251  -1.5259e+01
148  0.03062  -1.5244e+01 |149 -0.02785  -1.5247e+01 |150  0.00094  -1.5262e+01
151  0.03553  -1.5238e+01 |152  0.01444  -1.5258e+01 |153 -0.00923  -1.5260e+01
154  0.00005  -1.5262e+01 |155  0.01625  -1.5257e+01 |156  0.02203  -1.5253e+01
157  0.03299  -1.5241e+01 |158  0.01472  -1.5258e+01 |159  0.02847  -1.5247e+01
160 -0.02313  -1.5252e+01 |161  0.05170  -1.5212e+01 |162  0.00100  -1.5262e+01
163  0.01218  -1.5259e+01 |164 -0.04937  -1.5216e+01 |165  0.00231  -1.5262e+01
166  0.01826  -1.5256e+01 |167 -0.01218  -1.5259e+01 |168 -0.00185  -1.5262e+01
169  0.01712   1.3869e+02 |170  0.00959  -7.3017e+00 |171  0.00077  -4.5669e+00
172  0.02545   4.2685e+00 |173  0.06704  -1.3211e+01 |174  0.03137   1.9620e+01
175  0.04256   8.0508e+01 |176 -0.00008   9.4317e+00 |177  0.04310  -1.9119e+01
178  0.06278  -6.7864e+01 |179  0.16288   1.2409e+02 |180 -0.60292  -1.0386e+00
181  0.09260   2.2036e+01 |182 -0.62943  -8.3478e-01 |183 -0.00394  -2.6040e+01
184 -0.04009  -4.7376e+01 |185  0.01019   2.1954e+01 |186 -0.00764   3.1294e+01
187 -0.03201  -3.5271e+00 |188 -0.03063  -3.0670e+01 |189  0.03188  -4.6461e+01
190  0.03045   1.3990e+01 |191  0.04466   5.9236e+01 |192  0.03751   6.2216e+00
193 -0.01026  -1.9724e+01 |194 -0.05977   6.2425e+00 |195  0.00434  -4.4894e+00
196  0.05040  -5.2764e+01 |197  0.04124   7.1481e+01 |198  0.00845  -7.3592e+00
199 -0.00611  -4.8891e+01 |200  0.02870   2.1002e+01 |201  0.01174  -1.2396e+01
202  0.11891  -3.4253e+01 |203  0.11465   3.1364e+00 |204  0.07919  -7.4459e+01
205 -0.07344  -6.8240e+00 |206 -0.10151   3.0421e+00 |207 -0.16806  -2.8078e-01
208 -0.08678   1.9181e+01 |209 -0.02600   2.9780e+01 |210  0.07019  -1.3164e+00
211  0.53710  -8.6895e-01 |212 -0.04704   2.1925e+02 |213  0.03554  -1.6332e+00
214  0.04585   2.8333e-08 |215 -0.66852  -1.9974e+01 |216 -0.81855  -3.5139e+01
217  0.04885   2.7208e+01 |218 -0.11252   7.6507e+00 |219 -0.28293  -3.2714e+00
220 -0.12667  -1.1583e+01 |221  0.01040   3.6172e+00 |222  0.01101   7.6169e+00
223  0.02752   1.0394e+01 |224 -0.02188   7.5933e+00 |225 -0.02726   1.5127e-03
226  0.09549   1.3833e+01 |227  0.04485   6.7593e+00 |228  0.19873   8.4936e+00
229  0.12594   1.4599e+01 |230  0.12503   1.8558e+01 |231  0.07906   1.4927e+01
232  0.03052   4.4289e+00 |233  0.04861   1.1137e+01 |234  0.10330   1.1992e+01
235 -0.18401   5.9734e+00 |236 -0.16537   1.7169e+01 |237 -0.01416  -2.5342e+00
238  0.03756   1.6115e+00 |239 -0.13343  -5.2625e+00 |240 -0.16941   1.2744e+00
241 -0.05861   9.0135e+00 |242  0.03662  -8.2206e-01 |243  0.06866   6.6434e+00
244  0.01063   1.5885e+01 |245 -0.10890   1.1462e+01 |246 -0.25090  -5.3788e+00
247 -0.11418  -3.1669e+00 |248  0.01185   1.2428e+01 |249  0.05187  -1.9139e+00
250  0.08924   1.7685e+00 |251  0.04723   1.1674e+01 |252 -0.03475  -9.2131e+00
253  0.02226   4.8333e+00 |254  0.18000   8.8032e+00 |255  0.21727   5.6362e+00
256  0.26547   9.7129e+00 |257 -0.13242   9.6512e+00 |258  0.10503   1.5002e+02
259  0.16588   6.2008e+02 |260 -0.86274   7.5286e+01 |261 -0.83545   2.3227e+02
262 -1.01772   1.0010e-01 |263  0.23328  -1.2491e+02 |264 -0.71270  -5.8352e+01
265 -0.11716  -1.3154e+02 |266  0.02868  -1.3366e+02 |267 -0.10313  -1.3204e+02
268 -0.11286  -1.3170e+02 |269 -0.10524  -1.3197e+02 |270  0.28979  -1.2017e+02
271 -0.29127  -1.2004e+02 |272  0.47263  -9.8587e+01 |273 -0.09123  -1.3242e+02
274  0.06437  -1.3311e+02 |275  0.10636  -1.3193e+02 |276  0.01693  -1.3375e+02
277  0.33011  -1.1621e+02 |278  0.37809  -1.1089e+02 |279 -0.16422  -1.2937e+02
280 -0.17528  -1.2876e+02 |281  0.16840  -1.2914e+02 |282  0.79874  -4.1597e+01
283 -0.10545  -1.3197e+02 |284 -0.24447  -1.2405e+02 |285  0.05958  -1.3321e+02
286  0.33787  -1.1539e+02 |287 -0.24316  -1.2415e+02 |288  0.05746  -1.3325e+02
289 -0.11718  -1.3154e+02 |290 -0.05318  -1.3333e+02 |291 -0.08121  -1.3271e+02
292 -0.11610  -1.3158e+02 |293  0.28642  -1.2048e+02 |294 -0.59606  -7.9312e+01
295 -0.61446  -7.6165e+01 |296  0.48539  -9.6755e+01 |297  0.11855  -1.3148e+02
298 -0.16713  -1.2921e+02 |299  0.12801  -1.3110e+02 |300  0.19679  -1.2746e+02
301 -0.10112  -1.3211e+02 |302 -0.23410  -1.2485e+02 |303  0.46800  -5.8766e+01
304  0.10330   2.1279e+01 |305 -0.89763   1.9096e+02 |306  0.24734   4.0296e+01
307 -0.87696   2.5100e+02 |308 -0.50861   2.6138e+01 |
17.5842 9.95005 109.306 60.4061 
14.3457 14.3457 48.797 58.011 
8.10236 10.9631 0 0.437216 11.5283 
0 3.81283 0 0 0.549557 23.2266 0 
17.6143 10.337 108.159 59.6058 
14.3651 14.3651 48.6836 57.7225 
7.82671 11.7346 0 0.489315 11.8864 
0 3.70354 0 0 0.532533 23.0152 0 
17.7743 10.2445 108.224 59.2413 
13.7607 13.7607 48.2512 57.3529 
7.62027 12.5789 0 0.523691 11.2405 
0 3.63376 0 0 0.51671 22.751 0 
17.7501 10.3028 107.905 58.3713 
14.7151 14.7151 48.1371 57.2738 
7.47283 11.5325 0 0.601947 10.7632 
0 3.53779 0 0 0.530012 22.4764 0 
18.5895 9.3449 107.661 57.1599 
14.96 14.96 48.5145 56.6973 
7.75761 11.1356 0 0.763809 10.611 
0 3.24994 0 0 0.522316 22.7094 0 
19.0174 8.7731 106.602 57.6297 
15.0671 15.0671 49.1454 56.2275 
7.97589 11.2062 0 0.862463 10.3825 
0 3.10628 0 0 0.5086 22.0561 0 
19.2964 8.67641 106.506 56.4299 
14.8762 14.8762 49.8125 55.9473 
7.92109 11.0118 0 0.801646 10.4589 
0 2.98052 0 0 0.504028 22.4324 0 
19.2891 8.29554 106.793 56.5792 
14.5209 14.5209 49.5495 55.3627 
7.79048 11.5145 0 0.7709 10.2341 
0 2.9181 0 0 0.513165 22.1987 0 
19.2415 8.24342 106.647 55.0082 
14.5375 14.5375 49.8038 55.1645 
7.62855 11.4767 0 0.747119 10.2417 
0 2.84349 0 0 0.524306 22.4944 0 
19.533 8.54063 105.458 54.5814 
15.0998 15.0998 49.9443 54.5348 
7.41301 11.3068 0 0.685554 10.4673 
0 2.80835 0 0 0.505226 22.3997 0 
308 variables; iteration 140; function evaluation 172; phase 1
Function value   3.7471805e+02; maximum gradient component mag   5.2069e+02
Var   Value    Gradient   |Var   Value    Gradient   |Var   Value    Gradient
  1 -2.01945   6.5478e-01 |  2  0.18985  -1.0041e+01 |  3  0.18616  -1.9603e+01
  4  0.19542  -3.3288e+01 |  5  0.18900  -3.7176e+01 |  6  0.18912  -2.4803e+01
  7  0.17979  -8.8330e+00 |  8  0.17334  -1.5023e+01 |  9  0.16846  -4.2072e+01
 10  0.14529  -1.1006e+01 | 11  0.16079   9.1135e+01 | 12  0.11038  -2.3591e+01
 13  0.11235   7.3017e-01 | 14  0.05441   5.3256e+00 | 15  0.03439   1.1990e+01
 16 -0.02085   8.2827e+00 | 17 -0.12883  -2.2456e-01 | 18 -0.06875  -1.9410e+01
 19 -0.26496   3.8737e-02 | 20 -0.08670   5.1585e+00 | 21 -0.13004   2.2039e+00
 22  0.12781   3.3581e+00 | 23 -0.18745  -5.7140e-03 | 24  0.06023   3.4876e+00
 25  0.09097   1.2843e+00 | 26  0.13721   9.7108e+00 | 27  0.14731  -1.2611e+01
 28  0.15655  -1.1855e+00 | 29  0.14496  -1.1627e+01 | 30  0.16837   3.6365e+01
 31  0.15260  -1.0062e+01 | 32  0.15296   9.0780e+00 | 33  0.12643  -1.1242e+01
 34  0.08481  -2.3785e+01 | 35  0.12154  -7.2369e+00 | 36  0.10029  -2.3662e+01
 37  0.08245   6.4751e+00 | 38  0.02837  -2.3780e+01 | 39 -1.54810   2.0761e+00
 40 -0.03322   4.8738e+00 | 41 -0.11828   1.2264e+00 | 42 -1.86028  -1.3087e+00
 43 -0.01509  -2.9953e-01 | 44 -0.05574  -2.2303e+00 | 45 -0.02880   2.4219e+00
 46 -0.14964  -5.5959e+00 | 47 -0.10118   4.0743e-01 | 48 -0.19149  -1.4097e+01
 49 -0.06986  -1.2146e+01 | 50 -0.11096  -1.6934e+01 | 51 -0.03943  -1.4287e+01
 52  0.05674  -8.3470e+00 | 53  0.01190  -6.0044e+00 | 54  0.06051  -7.3792e+00
 55 -0.10057  -1.6887e+01 | 56  0.06522  -1.0220e+01 | 57  0.09126   4.5464e-01
 58  0.15234   1.6265e+01 | 59  0.04722   1.3270e+00 | 60 -0.11163  -3.5219e+00
 61 -0.08825  -2.2713e+00 | 62  0.14245   3.1064e+01 | 63  0.00762   4.5353e+00
 64 -0.11176  -1.0178e+01 | 65 -0.08915  -1.1034e+01 | 66  0.01343  -7.6080e+00
 67  0.04558   1.9436e-01 | 68 -0.00338  -3.9989e+00 | 69 -0.03708  -8.4425e-01
 70 -0.05843  -3.8184e+00 | 71  0.07527  -9.5403e-01 | 72  0.03782   1.0156e+00
 73  0.00988   2.9838e+00 | 74 -0.02274  -2.8193e+00 | 75  0.13483   5.8936e+00
 76  0.14544   2.7841e+00 | 77 -0.01586  -4.8762e+00 | 78 -0.05270  -2.0262e+00
 79  0.08475   2.6630e+00 | 80  0.30636   9.8305e+00 | 81  0.02092  -9.7600e+00
 82 -0.10402  -5.8499e+00 | 83 -0.03644  -8.2269e+00 | 84  0.08823  -6.1824e+00
 85  0.05002  -1.5120e+01 | 86  0.06696  -2.0611e+01 | 87  0.18568  -2.4452e+01
 88 -0.04532  -2.0798e+01 | 89 -0.15984  -1.9306e+01 | 90 -0.11772  -1.9095e+01
 91 -0.01065  -1.9253e+01 | 92  0.06630  -1.6277e+01 | 93 -0.08849  -3.1857e+01
 94  0.15250  -4.0894e+01 | 95  0.05601  -2.4809e+01 | 96 -0.04851  -2.6049e+01
 97 -0.05121  -2.7743e+01 | 98  0.14110  -2.6420e+01 | 99  0.05019  -3.6439e+01
100  0.08449  -2.7546e+01 |101  0.04045  -2.8369e+01 |102 -0.09046  -2.4023e+01
103 -0.12356  -2.4218e+01 |104  0.09692  -1.0670e+01 |105  0.06378  -1.2217e+01
106 -0.00987  -1.6086e+01 |107 -0.01585  -1.6359e+01 |108  0.09041  -1.5009e+01
109  0.12863  -2.1586e+01 |110  0.07845  -3.0950e+01 |111  0.03083  -2.6806e+01
112 -0.09901  -2.1012e+01 |113 -0.10936  -1.7858e+01 |114 -0.07073  -2.3209e+01
115  0.08936  -2.6767e+01 |116  0.05922  -1.9837e+01 |117  0.09263  -1.4367e+01
118  0.02833  -1.7111e+01 |119 -0.05029  -2.1905e+01 |120 -0.04237  -2.5674e+01
121  0.14332  -2.1944e+01 |122  0.18319  -2.4044e+01 |123 -0.51457  -1.1480e+01
124  0.08257  -2.9085e+01 |125 -0.06024  -2.3762e+01 |126 -0.50237  -2.4933e+01
127 -0.04390  -9.0409e+00 |128 -0.10903  -8.9298e+00 |129 -0.01155  -9.0609e+00
130 -0.04569  -9.0391e+00 |131 -0.04577  -9.0390e+00 |132  0.00076  -9.0624e+00
133  0.00970  -9.0613e+00 |134  0.07205  -9.0044e+00 |135 -0.02363  -9.0561e+00
136  0.03216  -9.0508e+00 |137 -0.01826  -9.0587e+00 |138  0.01654  -9.0593e+00
139  0.02096  -9.0575e+00 |140 -0.00196  -9.0623e+00 |141 -0.00679  -9.0619e+00
142 -0.00539  -9.0621e+00 |143 -0.00236  -9.0623e+00 |144 -0.10939  -8.9289e+00
145 -0.00691  -9.0619e+00 |146  0.07893  -8.9928e+00 |147 -0.01185  -9.0608e+00
148  0.03345  -9.0499e+00 |149 -0.02859  -9.0533e+00 |150  0.00245  -9.0623e+00
151  0.03853  -9.0458e+00 |152  0.01661  -9.0593e+00 |153 -0.00833  -9.0616e+00
154  0.00151  -9.0624e+00 |155  0.01850  -9.0586e+00 |156  0.02452  -9.0557e+00
157  0.03591  -9.0480e+00 |158  0.01690  -9.0592e+00 |159  0.03121  -9.0515e+00
160 -0.02338  -9.0563e+00 |161  0.05524  -9.0283e+00 |162  0.00251  -9.0623e+00
163  0.01424  -9.0601e+00 |164 -0.05340  -9.0305e+00 |165  0.00390  -9.0622e+00
166  0.02059  -9.0576e+00 |167 -0.01149  -9.0609e+00 |168 -0.00050  -9.0624e+00
169  0.01459  -2.0384e+02 |170  0.01414  -1.3785e+01 |171 -0.00109  -2.4185e+01
172  0.03858   2.5466e+01 |173  0.07710   2.5652e+01 |174  0.04127   2.5769e+01
175  0.04094   2.8752e+01 |176  0.00064  -9.1578e+00 |177  0.04256  -9.8198e+00
178  0.08157  -2.2677e+01 |179  0.15563  -4.1402e+00 |180 -0.57056  -2.7884e+00
181  0.10294   7.6710e+01 |182 -0.62895  -2.1620e+00 |183  0.00019  -3.5071e+01
184 -0.05125  -5.7953e+01 |185  0.00694  -2.5723e+01 |186 -0.01054  -7.4692e+00
187 -0.01986   5.5041e-01 |188 -0.02603  -2.3843e+01 |189  0.03702  -1.2089e+01
190  0.03294   2.4767e+01 |191  0.03610   1.6477e+01 |192  0.04277   3.2771e+01
193 -0.01088  -2.1080e+01 |194 -0.05523   4.9603e+00 |195 -0.00376  -1.1501e+01
196  0.04954  -5.5785e+01 |197  0.03328   1.1972e+01 |198  0.00089  -3.7545e+01
199 -0.00604  -6.0564e+01 |200  0.02288   4.0034e+00 |201  0.02767   6.8903e+00
202  0.12371  -1.3872e+01 |203  0.12157   2.4710e+01 |204  0.07759  -8.5779e+01
205 -0.05787  -1.2974e+01 |206 -0.16168  -4.2375e+00 |207 -0.13890   1.7420e+00
208 -0.09578  -1.3001e+00 |209 -0.03651  -2.9318e+00 |210  0.06572  -8.1000e+00
211  0.47045  -2.7780e+00 |212 -0.05052   2.2664e+02 |213  0.03332   3.6280e+00
214  0.04585   2.8333e-08 |215 -0.65706  -1.9893e+01 |216 -0.79629   8.2094e+00
217  0.04297  -7.2113e+01 |218 -0.13429  -6.8682e+00 |219 -0.26287  -4.9541e+00
220 -0.09935  -1.6971e+01 |221  0.02273  -4.6497e-01 |222  0.00903   5.1305e+00
223  0.01469  -2.1883e+00 |224 -0.02936  -7.5351e+00 |225 -0.01658  -8.2137e-01
226  0.08233  -3.8925e+00 |227  0.04673   5.0241e-01 |228  0.20749   5.4671e+00
229  0.09410  -5.0269e+00 |230  0.07842  -7.0797e-01 |231  0.04200  -5.3480e+00
232  0.03011  -2.1913e-01 |233  0.05048   7.3506e+00 |234  0.09490  -6.0721e+00
235 -0.16344   5.1853e+00 |236 -0.16268   5.7091e+00 |237 -0.02309  -5.2662e+00
238  0.04273  -1.5717e+00 |239 -0.10083  -7.5612e+00 |240 -0.13797  -1.4994e+00
241 -0.06503  -1.2023e+01 |242  0.02152  -1.0145e+01 |243  0.07996   8.6986e+00
244  0.01695   1.0255e+01 |245 -0.08650   1.6344e+01 |246 -0.23569  -1.2255e+00
247 -0.11747  -1.1260e+01 |248 -0.01700  -8.1252e+00 |249  0.08461   8.4394e+00
250  0.10143  -1.0486e+00 |251  0.04697  -4.0281e+00 |252 -0.02616  -1.4099e+01
253  0.01831   4.7244e+00 |254  0.17572   5.4282e+00 |255  0.22907   3.8087e+00
256  0.25189   2.5983e+00 |257 -0.16832  -5.0837e+00 |258  0.10515   4.3688e+02
259  0.16504   5.2069e+02 |260 -0.86514  -3.1999e+01 |261 -0.84416   3.7684e+01
262 -1.03767   3.5141e+00 |263  0.15212   3.8683e+00 |264 -0.48196   2.8939e+00
265 -0.13607   3.8908e+00 |266  0.07003   3.9573e+00 |267 -0.07234   3.9557e+00
268 -0.13335   3.8944e+00 |269 -0.04601   3.9710e+00 |270  0.29240   3.5688e+00
271 -0.29954   3.5487e+00 |272  0.34846   3.3997e+00 |273 -0.05865   3.9645e+00
274  0.03751   3.9745e+00 |275 -0.01203   3.9807e+00 |276  0.08676   3.9445e+00
277  0.33706   3.4363e+00 |278  0.32484   3.4742e+00 |279 -0.23768   3.7071e+00
280 -0.26048   3.6527e+00 |281  0.24270   3.6956e+00 |282  0.55219   2.5753e+00
283 -0.07469   3.9540e+00 |284 -0.24657   3.6865e+00 |285  0.08538   3.9456e+00
286  0.30951   3.5200e+00 |287 -0.22112   3.7436e+00 |288  0.10957   3.9226e+00
289 -0.14509   3.8784e+00 |290 -0.10583   3.9265e+00 |291 -0.00427   3.9813e+00
292 -0.09759   3.9347e+00 |293  0.29139   3.5716e+00 |294 -0.42956   3.1089e+00
295 -0.47415   2.9272e+00 |296  0.33405   3.4457e+00 |297  0.06262   3.9622e+00
298 -0.16012   3.8561e+00 |299  0.19939   3.7877e+00 |300  0.25328   3.6704e+00
301 -0.16169   3.8537e+00 |302 -0.21677   3.7528e+00 |303  0.46853   1.8086e+02
304  0.09325   1.8815e+01 |305 -0.90056   1.3124e+02 |306  0.25835   4.8196e+01
307 -0.87998   2.8650e+02 |308 -0.50623   8.0268e+01 |
20.222 8.71945 104.397 54.7631 
16.445 16.445 49.2506 54.3956 
7.19459 10.7441 0 0.601278 10.3338 
0 2.89003 0 0 0.472204 22.2251 0 
20.8848 8.88379 104.038 55.8774 
16.4666 16.4666 48.9473 54.1577 
7.20691 10.0532 0 0.61685 9.98787 
0 2.96921 0 0 0.478781 21.7385 0 
20.7866 9.29064 103.514 55.6847 
16.4734 16.4734 49.2286 54.0244 
7.15617 9.72628 0 0.662088 9.60944 
0 2.94366 0 0 0.471864 22.105 0 
20.1443 9.96331 102.547 56.0584 
17.1826 17.1826 49.1291 53.2872 
6.9896 9.95482 0 0.623622 10.237 
0 2.95306 0 0 0.502795 22.1925 0 
20.329 10.0465 102.343 55.8015 
16.6227 16.6227 49.663 53.2112 
6.97288 10.1018 0 0.581917 9.96956 
0 3.06018 0 0 0.518971 22.1395 0 
20.6962 10.3689 102.167 55.8059 
15.961 15.961 49.9901 53.0178 
6.83846 10.0302 0 0.527683 10.3121 
0 3.15264 0 0 0.501625 21.7839 0 
20.8826 10.4923 101.833 55.6984 
15.7323 15.7323 49.904 53.0586 
6.7874 10.0364 0 0.512479 10.4132 
0 3.19783 0 0 0.488477 21.7601 0 
21.0247 10.3243 101.713 55.3119 
15.6623 15.6623 49.8427 53.1797 
6.781 9.93972 0 0.502308 10.3651 
0 3.26794 0 0 0.497202 21.7283 0 
21.0763 10.0923 101.956 55.1705 
15.7419 15.7419 49.8529 52.9828 
6.70389 9.95161 0 0.430631 10.0064 
0 3.27638 0 0 0.495233 21.5362 0 
21.1399 9.8782 102.216 55.0903 
15.2981 15.2981 49.5535 53.0578 
6.5977 9.95964 0 0.344058 9.83356 
0 3.2339 0 0 0.507156 21.4287 0 
308 variables; iteration 150; function evaluation 182; phase 1
Function value   3.6640838e+02; maximum gradient component mag  -7.1463e+02
Var   Value    Gradient   |Var   Value    Gradient   |Var   Value    Gradient
  1 -2.02327   6.2048e-01 |  2  0.19015  -6.7497e+00 |  3  0.18870  -1.5663e+01
  4  0.19652  -2.3830e+01 |  5  0.19074  -2.4622e+01 |  6  0.18960  -9.1225e+00
  7  0.18338   9.4449e+00 |  8  0.17238  -9.0931e+00 |  9  0.17203  -1.2585e+01
 10  0.14803  -1.5323e+00 | 11  0.15298   5.6157e+01 | 12  0.11571  -2.2133e+01
 13  0.11058   6.2754e+00 | 14  0.05007   1.4246e+00 | 15  0.01217   2.8538e+00
 16 -0.02591   6.3799e+00 | 17 -0.13431  -4.8222e-01 | 18 -0.02564  -2.8561e+00
 19 -0.27135   3.4109e-02 | 20 -0.09567   2.9287e+00 | 21 -0.16088   1.0145e+00
 22  0.11070   1.4100e+00 | 23 -0.18851  -4.9791e-03 | 24 -0.00686  -5.6114e-01
 25  0.08400  -6.7065e-02 | 26  0.14223   2.2422e+01 | 27  0.13471  -2.3898e+01
 28  0.15624   8.0447e+00 | 29  0.14100  -9.4340e+00 | 30  0.15811   2.2020e+01
 31  0.14454  -1.4712e+01 | 32  0.14546   2.4587e+00 | 33  0.12335  -8.5226e+00
 34  0.11032   3.9790e-01 | 35  0.12172  -1.8446e+00 | 36  0.10228  -3.2266e+01
 37  0.07869  -5.0738e+00 | 38  0.02234  -3.0045e+01 | 39 -1.48721   1.8921e+00
 40 -0.03047   5.7242e+00 | 41 -0.22472  -6.0962e-01 | 42 -1.87388  -1.7773e+00
 43 -0.01330  -1.4781e+01 | 44 -0.04903  -1.3543e+01 | 45 -0.04565  -9.9331e+00
 46 -0.16573  -1.6125e+01 | 47 -0.11130  -8.4228e+00 | 48 -0.18893  -2.1329e+01
 49 -0.10549  -1.8906e+01 | 50 -0.02729  -1.6554e+01 | 51 -0.04920  -2.0925e+01
 52  0.02242  -1.9914e+01 | 53  0.02304  -1.5035e+01 | 54  0.00922  -1.8594e+01
 55 -0.08730  -2.4445e+01 | 56  0.03681  -1.7366e+01 | 57  0.05400  -9.3535e+00
 58  0.14312   1.4017e+01 | 59  0.06979   8.7095e-01 | 60 -0.12660  -1.4102e+01
 61 -0.10440  -1.4106e+01 | 62  0.11303   8.7426e+00 | 63 -0.01175  -1.1319e+01
 64 -0.07504  -1.8370e+01 | 65 -0.07587  -1.9260e+01 | 66 -0.01027  -1.5824e+01
 67  0.02982  -5.7466e+00 | 68 -0.03295  -1.3120e+01 | 69 -0.06509  -1.2202e+01
 70 -0.07761  -1.4608e+01 | 71  0.07366  -7.3721e+00 | 72  0.05137  -6.5117e+00
 73  0.00402  -8.0319e+00 | 74  0.01451  -7.7187e+00 | 75  0.10091  -4.6300e+00
 76  0.11236  -1.8739e+00 | 77  0.02430  -2.8741e+00 | 78 -0.04113  -6.0258e+00
 79  0.07173  -3.2321e+00 | 80  0.29815   7.3542e+00 | 81  0.41836  -1.5999e+01
 82 -0.13303  -1.8035e+01 | 83 -0.05205  -1.8623e+01 | 84 -0.01268  -2.0711e+01
 85  0.03740  -1.6659e+01 | 86  0.02559  -2.8417e+01 | 87  0.19517  -3.7481e+01
 88 -0.05335  -2.1344e+01 | 89 -0.19222  -2.0696e+01 | 90 -0.13672  -2.0920e+01
 91  0.00101  -2.0846e+01 | 92  0.02330  -2.1026e+01 | 93 -0.12933  -3.2384e+01
 94  0.17299  -3.2108e+01 | 95  0.00127  -2.7059e+01 | 96 -0.07094  -2.6222e+01
 97 -0.07258  -2.8238e+01 | 98  0.11816  -2.9283e+01 | 99  0.08061  -3.4871e+01
100  0.10140  -2.2180e+01 |101  0.04610  -2.3354e+01 |102 -0.08535  -2.1079e+01
103 -0.09081  -2.0867e+01 |104  0.11072  -5.2083e+00 |105  0.01967  -1.4915e+01
106 -0.05277  -2.0299e+01 |107 -0.06665  -2.2095e+01 |108  0.06355  -2.2270e+01
109  0.15195  -2.2155e+01 |110  0.03092  -2.9741e+01 |111 -0.09716  -2.7737e+01
112 -0.11252  -2.1397e+01 |113 -0.08364  -1.8481e+01 |114 -0.04435  -2.3191e+01
115  0.10496  -2.6269e+01 |116  0.03642  -2.3442e+01 |117  0.08134  -1.9176e+01
118  0.03691  -1.9649e+01 |119  0.00395  -1.9204e+01 |120 -0.00580  -1.9502e+01
121  0.13039  -7.4537e+00 |122  0.20679   4.0712e+00 |123 -0.49463  -1.1970e+01
124  0.08858  -2.6404e+01 |125 -0.09956  -2.7869e+01 |126 -0.07277  -1.8639e+01
127 -0.04565  -2.8035e+00 |128 -0.13350  -2.7492e+00 |129 -0.00997  -2.8104e+00
130 -0.04773  -2.8029e+00 |131 -0.04782  -2.8028e+00 |132  0.00286  -2.8107e+00
133  0.01204  -2.8103e+00 |134  0.07366  -2.7920e+00 |135 -0.02289  -2.8089e+00
136  0.03470  -2.8066e+00 |137 -0.01710  -2.8098e+00 |138  0.01900  -2.8095e+00
139  0.02346  -2.8089e+00 |140  0.00005  -2.8108e+00 |141 -0.00497  -2.8107e+00
142 -0.00351  -2.8107e+00 |143 -0.00036  -2.8108e+00 |144 -0.13406  -2.7487e+00
145 -0.00510  -2.8107e+00 |146  0.08017  -2.7885e+00 |147 -0.01029  -2.8104e+00
148  0.03598  -2.8063e+00 |149 -0.02832  -2.8080e+00 |150  0.00461  -2.8107e+00
151  0.04104  -2.8049e+00 |152  0.01907  -2.8095e+00 |153 -0.00659  -2.8106e+00
154  0.00364  -2.8107e+00 |155  0.02097  -2.8092e+00 |156  0.02705  -2.8082e+00
157  0.03843  -2.8056e+00 |158  0.01936  -2.8095e+00 |159  0.03375  -2.8068e+00
160 -0.02262  -2.8090e+00 |161  0.05747  -2.7993e+00 |162  0.00467  -2.8107e+00
163  0.01667  -2.8098e+00 |164 -0.05691  -2.7995e+00 |165  0.00610  -2.8106e+00
166  0.02309  -2.8089e+00 |167 -0.00991  -2.8104e+00 |168  0.00157  -2.8108e+00
169  0.01267  -7.1463e+02 |170  0.01660   5.6841e+00 |171  0.00156  -5.2844e+00
172  0.03660   2.9273e+01 |173  0.08061   1.9101e+01 |174  0.03819   1.7588e+01
175  0.04165   2.3566e+01 |176 -0.00110  -1.5568e+00 |177  0.03720   5.7693e+00
178  0.08694   3.2328e+01 |179  0.14999  -1.0570e+01 |180 -0.56175   8.2310e+00
181  0.09841   5.6094e+01 |182 -0.68091   6.5694e+00 |183 -0.00048  -1.5544e+01
184 -0.04695  -4.3716e+01 |185  0.00740  -2.7171e+01 |186 -0.01151   4.0668e+00
187 -0.03235   1.2507e+01 |188 -0.02125   5.9657e+00 |189  0.03051   5.1462e+00
190  0.03769   3.5477e+01 |191  0.03085   9.1114e+00 |192  0.03881   4.6963e+01
193 -0.01796  -1.4035e+01 |194 -0.08880   3.8977e+00 |195 -0.00525  -1.9717e+00
196  0.05629  -2.3032e+01 |197  0.02803   3.1674e+00 |198  0.01266  -1.2000e+00
199  0.00327  -2.2545e+01 |200  0.02358   1.2238e+01 |201  0.03026   2.1759e+01
202  0.12614  -3.2738e+00 |203  0.12578   1.0318e+01 |204  0.08525  -7.8527e+01
205 -0.06588   6.0317e+00 |206 -0.11901   1.5299e+01 |207 -0.14635   1.6182e+01
208 -0.09378   8.7440e+00 |209 -0.04487  -9.9125e-01 |210  0.06732   1.3974e+01
211  0.51035   9.5910e+00 |212 -0.04507   3.3571e+02 |213  0.03131   3.8335e+01
214  0.04585   2.8333e-08 |215 -0.66165  -3.7509e+01 |216 -0.79515   1.8156e+01
217  0.03167  -1.0187e+02 |218 -0.13133  -9.8955e+00 |219 -0.27183  -1.2298e+01
220 -0.08584  -5.7880e+00 |221  0.04077   1.0416e+01 |222 -0.00069  -2.8969e+00
223  0.00384  -1.0565e+01 |224 -0.02307  -6.2528e+00 |225 -0.02315  -6.4987e+00
226  0.07549  -8.3761e+00 |227  0.05306  -4.9111e+00 |228  0.21482   3.6067e+00
229  0.09730  -3.3518e+00 |230  0.07067  -5.6422e+00 |231  0.01956  -1.2855e+01
232  0.02935   5.1843e-02 |233  0.05410   1.2787e+00 |234  0.11043  -1.8145e+00
235 -0.15399   2.2542e+00 |236 -0.15724  -4.2737e+00 |237  0.00845   2.5828e+00
238  0.03093  -1.7058e+01 |239 -0.10623  -8.3993e+00 |240 -0.14544  -3.9145e+00
241 -0.06825  -4.8631e+00 |242  0.03310  -7.4905e+00 |243  0.07349   3.0480e+00
244 -0.03490   9.7776e-01 |245 -0.14022  -5.6688e+00 |246 -0.23840  -1.0353e+00
247 -0.10770  -5.7005e+00 |248 -0.00083  -7.4267e+00 |249  0.09266   7.3162e+00
250  0.10824  -3.3891e-01 |251  0.05863  -3.8234e+00 |252 -0.00205  -4.2415e+00
253  0.02962   2.4487e-01 |254  0.15587  -4.1263e+00 |255  0.22525  -1.2965e+00
256  0.24975  -2.9204e+00 |257 -0.15284  -3.5714e+00 |258  0.10182   3.9320e+02
259  0.16319   4.6181e+02 |260 -0.86598   2.3862e+00 |261 -0.84566  -2.2546e+00
262 -1.04282   4.9825e+00 |263  0.08916  -4.2257e+01 |264 -0.33043  -3.7055e+01
265 -0.12445  -4.1862e+01 |266  0.07295  -4.2395e+01 |267 -0.04785  -4.2555e+01
268 -0.14364  -4.1593e+01 |269 -0.01279  -4.2666e+01 |270  0.22439  -4.0052e+01
271 -0.25387  -3.9327e+01 |272  0.36885  -3.5711e+01 |273 -0.03835  -4.2598e+01
274 -0.03469  -4.2612e+01 |275 -0.15770  -4.1372e+01 |276  0.09362  -4.2214e+01
277  0.25648  -3.9258e+01 |278  0.24384  -3.9583e+01 |279 -0.26645  -3.8992e+01
280 -0.26579  -3.9010e+01 |281  0.25807  -3.9217e+01 |282  0.40313  -3.4401e+01
283 -0.04922  -4.2548e+01 |284 -0.14798  -4.1527e+01 |285  0.09611  -4.2190e+01
286  0.27539  -3.8744e+01 |287 -0.15259  -4.1455e+01 |288  0.11775  -4.1947e+01
289 -0.16537  -4.1243e+01 |290 -0.11276  -4.2007e+01 |291  0.02508  -4.2642e+01
292 -0.01268  -4.2667e+01 |293  0.22518  -4.0033e+01 |294 -0.35221  -3.6309e+01
295 -0.33709  -3.6831e+01 |296  0.14002  -4.1647e+01 |297  0.06794  -4.2432e+01
298 -0.07378  -4.2389e+01 |299  0.21595  -4.0243e+01 |300  0.25031  -3.9419e+01
301 -0.15772  -4.1372e+01 |302 -0.17253  -4.1117e+01 |303  0.46833   2.2121e+02
304  0.07499   1.0420e+01 |305 -0.89996   9.2208e+01 |306  0.26813   5.0061e+01
307 -0.88275   2.2966e+02 |308 -0.50321   1.1193e+02 |
21.1083 9.99099 102.185 54.5544 
14.9827 14.9827 49.5662 52.8955 
6.56656 10.1035 0 0.3271 9.78254 
0 3.12018 0 0 0.476843 21.2496 0 
21.0344 9.93754 102.103 54.1956 
14.8801 14.8801 49.798 52.8531 
6.78291 9.77804 0 0.393576 9.49626 
0 3.00172 0 0 0.481891 21.1026 0 
21.081 9.72418 102.252 54.1201 
14.4616 14.4616 49.7233 52.6541 
7.00871 10.0209 0 0.442818 9.094 
0 2.92595 0 0 0.498537 20.9401 0 
20.8543 10.046 102.322 53.6033 
14.4524 14.4524 49.7066 52.4846 
7.09784 9.90502 0 0.505178 8.88826 
0 2.88506 0 0 0.494264 20.9197 0 
20.9598 10.2704 102.378 53.1834 
14.2366 14.2366 49.938 52.3187 
7.05356 9.81118 0 0.561794 8.58337 
0 2.87335 0 0 0.490855 20.8898 0 
21.3952 10.0889 102.333 52.8207 
13.4791 13.4791 49.8526 52.3503 
6.84072 10.0754 0 0.589166 8.71191 
0 2.79962 0 0 0.481541 20.9594 0 
22.0481 9.85735 102.629 52.3079 
13.5143 13.5143 50.0083 52.334 
6.41848 9.97757 0 0.608745 8.46362 
0 2.70683 0 0 0.467839 20.8939 0 
21.8335 9.70303 102.364 52.2523 
13.4145 13.4145 49.8407 52.7181 
6.31073 10.2925 0 0.699361 8.61901 
0 2.66442 0 0 0.501121 20.6973 0 
21.7176 9.80708 102.25 52.2386 
13.2618 13.2618 49.9124 52.7052 
6.28092 10.2377 0 0.736009 8.47074 
0 2.66445 0 0 0.488813 20.6587 0 
21.3959 9.65487 102.364 52.1381 
13.5774 13.5774 49.7121 52.8 
6.33256 10.0273 0 0.772894 8.44756 
0 2.68125 0 0 0.465941 20.7351 0 
308 variables; iteration 160; function evaluation 192; phase 1
Function value   3.5949260e+02; maximum gradient component mag  -5.1989e+02
Var   Value    Gradient   |Var   Value    Gradient   |Var   Value    Gradient
  1 -2.00728   6.7364e-01 |  2  0.18436  -1.6662e+01 |  3  0.18765  -2.2004e+01
  4  0.19829  -1.9564e+01 |  5  0.19774  -3.7143e+00 |  6  0.19121  -1.6134e+00
  7  0.18660   1.9009e+01 |  8  0.17365  -5.1133e+00 |  9  0.17465   6.8492e+00
 10  0.15276   1.3662e+01 | 11  0.14834   4.4730e+01 | 12  0.11846  -1.5645e+01
 13  0.10838   6.9156e+00 | 14  0.04489  -3.9697e+00 | 15 -0.01906  -2.1542e+00
 16 -0.03310   5.2414e+00 | 17 -0.11430   3.2202e-01 | 18 -0.01332   2.9821e+00
 19 -0.28708   2.0974e-02 | 20 -0.11362   1.7237e+00 | 21 -0.12894   1.6395e+00
 22  0.11392   2.2943e+00 | 23 -0.18830  -4.5338e-03 | 24  0.03528   1.2999e+00
 25  0.08598  -2.7959e-01 | 26  0.12992   2.7351e+00 | 27  0.12815  -3.3984e+01
 28  0.14979  -9.3466e+00 | 29  0.15034   3.7465e+00 | 30  0.15349   5.6979e+00
 31  0.14843  -1.0897e+01 | 32  0.14847   5.1011e+00 | 33  0.13137   2.0692e+00
 34  0.13044   3.3274e+01 | 35  0.12466   8.0950e-01 | 36  0.11189  -2.4231e+01
 37  0.08581   1.4352e-01 | 38  0.04032  -1.4070e+01 | 39 -1.68516   2.4068e+00
 40 -0.01832   8.5854e+00 | 41 -0.12310   1.4132e-01 | 42 -1.74086   9.1722e-02
 43 -0.00668  -7.3386e+00 | 44 -0.06399  -6.8358e+00 | 45 -0.02926   5.4787e-02
 46 -0.15867  -6.2300e+00 | 47 -0.14620  -3.2927e+00 | 48 -0.15225  -8.1998e+00
 49 -0.09743  -6.7615e+00 | 50 -0.04510  -6.9572e+00 | 51 -0.00590  -8.6444e+00
 52  0.03417  -1.1620e+01 | 53 -0.02075  -1.1678e+01 | 54  0.04643  -1.1248e+01
 55 -0.08270  -1.6292e+01 | 56  0.02371  -1.2847e+01 | 57  0.04829  -8.7792e+00
 58  0.15775   9.9102e+00 | 59  0.06385   2.5269e+00 | 60 -0.11763  -4.8235e+00
 61 -0.08968  -5.1413e+00 | 62  0.10023   6.7810e+00 | 63 -0.02188  -5.6082e+00
 64 -0.04049  -8.4245e+00 | 65 -0.09908  -1.3080e+01 | 66 -0.01764  -1.0591e+01
 67  0.03367  -1.1539e+00 | 68 -0.05841  -9.1495e+00 | 69 -0.06044  -5.5794e+00
 70 -0.05433  -3.8248e+00 | 71  0.06992   5.3328e+00 | 72  0.05029   6.8609e+00
 73  0.01193   4.5583e+00 | 74  0.04289   7.3609e+00 | 75  0.06998   4.4076e+00
 76  0.11392   1.3442e+01 | 77  0.01159   7.1321e+00 | 78 -0.05021   3.7997e+00
 79  0.06945   1.0389e+01 | 80  0.31106   3.3930e+01 | 81  0.27059  -9.1345e+00
 82 -0.11124  -6.9098e+00 | 83 -0.03373  -7.6781e+00 | 84  0.04462  -8.2400e+00
 85  0.04968  -3.0187e+00 | 86  0.03952  -1.0209e+01 | 87  0.21032  -7.2846e+00
 88 -0.05013  -3.5276e+00 | 89 -0.19392  -5.7199e+00 | 90 -0.15746  -7.3015e+00
 91 -0.04492  -8.7485e+00 | 92 -0.00021  -7.1110e+00 | 93 -0.10121  -1.6463e+01
 94  0.15901  -2.3232e+01 | 95 -0.00907  -1.2463e+01 | 96 -0.04974  -1.0135e+01
 97 -0.04426  -1.1789e+01 | 98  0.10869  -1.2928e+01 | 99  0.11287  -1.2182e+01
100  0.10548  -3.4142e+00 |101  0.05789  -7.8518e+00 |102 -0.09485  -6.8734e+00
103 -0.09451  -6.2876e+00 |104  0.10367   1.3174e+00 |105  0.01284  -4.6911e+00
106 -0.04940  -5.4826e+00 |107 -0.05714  -6.4927e+00 |108  0.07591  -5.9060e+00
109  0.11766  -1.1839e+01 |110  0.07937  -1.4073e+01 |111 -0.03645  -1.1261e+01
112 -0.11196  -6.7360e+00 |113 -0.10700  -6.4549e+00 |114 -0.04530  -7.8762e+00
115  0.10815  -3.5996e+00 |116  0.05811   1.2089e+00 |117  0.09958   5.2832e+00
118  0.04958   2.1079e+00 |119 -0.02994  -3.2018e+00 |120 -0.00843  -2.7556e+00
121  0.14277   7.0443e+00 |122  0.20414   1.8369e+01 |123 -0.48088  -2.1827e-01
124  0.08689  -1.0127e+01 |125 -0.05255  -8.7214e+00 |126 -0.21791  -8.2986e+00
127 -0.04715   2.0244e+00 |128 -0.16819   1.9595e+00 |129 -0.00758   2.0298e+00
130 -0.04962   2.0238e+00 |131 -0.04973   2.0238e+00 |132  0.00570   2.0299e+00
133  0.01500   2.0294e+00 |134  0.07410   2.0162e+00 |135 -0.02139   2.0288e+00
136  0.03739   2.0265e+00 |137 -0.01514   2.0294e+00 |138  0.02195   2.0288e+00
139  0.02637   2.0282e+00 |140  0.00282   2.0300e+00 |141 -0.00236   2.0300e+00
142 -0.00085   2.0300e+00 |143  0.00240   2.0300e+00 |144 -0.16907   1.9588e+00
145 -0.00249   2.0300e+00 |146  0.07999   2.0140e+00 |147 -0.00791   2.0298e+00
148  0.03863   2.0262e+00 |149 -0.02735   2.0281e+00 |150  0.00748   2.0298e+00
151  0.04352   2.0252e+00 |152  0.02202   2.0288e+00 |153 -0.00404   2.0299e+00
154  0.00650   2.0299e+00 |155  0.02391   2.0285e+00 |156  0.02991   2.0277e+00
157  0.04100   2.0258e+00 |158  0.02231   2.0287e+00 |159  0.03646   2.0267e+00
160 -0.02109   2.0289e+00 |161  0.05914   2.0212e+00 |162  0.00755   2.0298e+00
163  0.01963   2.0290e+00 |164 -0.06072   2.0208e+00 |165  0.00900   2.0298e+00
166  0.02601   2.0283e+00 |167 -0.00752   2.0298e+00 |168  0.00438   2.0299e+00
169  0.01144  -5.1989e+02 |170  0.01452  -1.2341e+00 |171  0.00717  -3.7054e+00
172  0.02674  -5.5950e+00 |173  0.07963   3.4068e+00 |174  0.03697   3.6440e+00
175  0.04055   6.2592e+00 |176  0.00114  -1.3330e+00 |177  0.04517   2.0698e+01
178  0.08241   2.0023e+01 |179  0.15239   2.4215e+01 |180 -0.55431   3.0081e+00
181  0.09962   5.2843e+01 |182 -0.72080   2.2957e+00 |183  0.00609   7.7703e+00
184 -0.04435  -3.8725e+01 |185  0.00622  -2.7468e+01 |186 -0.01588  -2.0890e+01
187 -0.03814   5.9382e+00 |188 -0.01085   2.4980e+01 |189  0.02464  -3.3643e+00
190  0.04241   4.4723e+01 |191  0.03228   1.4639e+01 |192  0.03845   5.2752e+01
193 -0.01475  -1.1236e+01 |194 -0.07589   4.3668e+00 |195 -0.00063   7.1179e+00
196  0.06025  -3.0236e+01 |197  0.02634  -2.3141e+01 |198  0.00691  -2.0438e+01
199  0.00967  -2.1685e+01 |200  0.01859  -3.1772e+00 |201  0.01805  -2.7213e-01
202  0.11616  -4.9763e+01 |203  0.12299  -7.6883e+00 |204  0.08619  -8.6073e+01
205 -0.07281  -6.4475e+00 |206 -0.14092   2.9855e+00 |207 -0.14102   7.8704e+00
208 -0.09177   1.7144e+01 |209 -0.03816   4.2372e+00 |210  0.05442  -1.4837e+01
211  0.56454   3.4714e+00 |212 -0.05168   2.5305e+02 |213  0.02669   5.4288e+00
214  0.04585   2.8333e-08 |215 -0.64961  -1.8258e+01 |216 -0.78430   1.9992e+01
217  0.01855  -8.0484e+01 |218 -0.12848   3.9186e+00 |219 -0.24963   7.6655e-01
220 -0.08078  -6.3811e+00 |221  0.02837   1.0153e+00 |222  0.00108  -3.1539e+00
223  0.01188  -5.8651e+00 |224 -0.01401   6.5853e+00 |225 -0.03747  -1.3600e+01
226  0.07596  -9.7369e+00 |227  0.05684  -3.1704e+00 |228  0.20491   4.8137e+00
229  0.09514  -2.4183e+00 |230  0.07548  -2.7026e+00 |231  0.03292  -2.3796e+00
232  0.03827   5.4917e+00 |233  0.05366  -4.8183e+00 |234  0.11679  -2.9672e+00
235 -0.14659   1.1411e+00 |236 -0.15263  -3.5712e+00 |237 -0.00313  -4.9453e+00
238  0.03572  -5.1773e+00 |239 -0.10715  -8.2429e+00 |240 -0.12834   6.7817e+00
241 -0.06730  -8.7006e+00 |242  0.01684  -4.8554e+00 |243  0.05738  -3.5617e-01
244 -0.01667   7.0879e+00 |245 -0.13541  -1.0466e+01 |246 -0.22855   2.2142e+00
247 -0.09398   5.6599e+00 |248 -0.00735  -7.7526e+00 |249  0.06773   4.2587e-01
250  0.10537  -2.2997e+00 |251  0.06490  -6.7023e+00 |252 -0.00676  -5.4192e+00
253  0.00511  -5.4922e+00 |254  0.15631  -2.4864e+00 |255  0.21991  -3.3852e+00
256  0.22655  -8.4915e+00 |257 -0.14901  -3.7365e+00 |258  0.09877   1.8798e+02
259  0.16014   3.9771e+02 |260 -0.86492   1.1706e+02 |261 -0.84189   7.3384e+01
262 -1.07034   5.5346e+00 |263  0.11776  -5.1095e+00 |264 -0.53446  -3.4715e+00
265 -0.09482  -5.1407e+00 |266  0.05323  -5.1801e+00 |267 -0.15396  -5.0469e+00
268 -0.13150  -5.0877e+00 |269 -0.08662  -5.1502e+00 |270  0.21141  -4.9142e+00
271 -0.14407  -5.0657e+00 |272  0.53696  -3.4562e+00 |273 -0.15858  -5.0378e+00
274  0.13030  -5.0897e+00 |275 -0.18836  -4.9723e+00 |276 -0.04168  -5.1871e+00
277  0.24828  -4.8079e+00 |278  0.36056  -4.3865e+00 |279 -0.29107  -4.6643e+00
280 -0.21193  -4.9128e+00 |281  0.18612  -4.9776e+00 |282  0.57714  -3.2045e+00
283 -0.15193  -5.0509e+00 |284 -0.15356  -5.0477e+00 |285 -0.04043  -5.1877e+00
286  0.21728  -4.8984e+00 |287 -0.06446  -5.1716e+00 |288  0.09841  -5.1362e+00
289 -0.15295  -5.0489e+00 |290 -0.04168  -5.1871e+00 |291 -0.05856  -5.1762e+00
292 -0.07644  -5.1608e+00 |293  0.20987  -4.9183e+00 |294 -0.52458  -3.5311e+00
295 -0.49486  -3.7053e+00 |296  0.35693  -4.4024e+00 |297  0.18691  -4.9758e+00
298  0.16255  -5.0297e+00 |299  0.11459  -5.1142e+00 |300  0.23959  -4.8344e+00
301 -0.04622  -5.1845e+00 |302 -0.15243  -5.0499e+00 |303  0.46641   6.4515e+01
304  0.08285   1.5840e+01 |305 -0.89792   1.0856e+02 |306  0.25631   1.8603e+01
307 -0.88344   1.6364e+02 |308 -0.51145   8.4178e+01 |
21.27 9.49238 102.504 52.1484 
13.257 13.257 49.7551 52.8065 
6.3869 10.1215 0 0.808231 8.35068 
0 2.7143 0 0 0.462447 20.6335 0 
21.2215 9.29308 102.576 52.0911 
12.9953 12.9953 49.7364 52.775 
6.37393 10.2752 0 0.808948 8.43788 
0 2.75918 0 0 0.458366 20.5942 0 
21.4053 9.16274 102.753 51.4885 
13.0326 13.0326 49.7448 52.75 
6.34084 10.0105 0 0.762835 8.39221 
0 2.82706 0 0 0.459933 20.8154 0 
21.2255 9.14467 102.488 51.4312 
12.8532 12.8532 49.7384 52.6845 
6.30351 10.1851 0 0.742137 8.34441 
0 2.88282 0 0 0.469404 20.8754 0 
21.1126 9.16653 102.308 51.567 
12.5284 12.5284 49.5768 52.6231 
6.26235 10.2269 0 0.718363 8.21308 
0 2.92562 0 0 0.482734 20.814 0 
21.0449 9.2029 102.223 51.5254 
12.1827 12.1827 49.1711 52.6246 
6.2596 10.1858 0 0.680487 8.44697 
0 2.83604 0 0 0.463835 20.9414 0 
20.8087 9.29577 102.142 51.4959 
11.909 11.909 48.7884 52.5603 
6.18617 10.2881 0 0.652961 9.08482 
0 2.68482 0 0 0.487596 20.9401 0 
20.4498 8.80823 102.601 51.8094 
12.1524 12.1524 48.5543 52.5192 
6.09853 9.68236 0 0.634083 10.2059 
0 2.54327 0 0 0.483396 20.8856 0 
20.3495 8.61678 102.361 51.7061 
12.146 12.146 48.3335 52.564 
6.13989 9.72779 0 0.663089 10.4449 
0 2.55865 0 0 0.479123 20.9186 0 
20.4579 8.42176 102.006 51.5953 
11.8407 11.8407 47.9313 52.6928 
6.2035 10.1323 0 0.721736 10.6567 
0 2.60342 0 0 0.474594 20.8201 0 
308 variables; iteration 170; function evaluation 202; phase 1
Function value   3.5410943e+02; maximum gradient component mag  -4.8976e+02
Var   Value    Gradient   |Var   Value    Gradient   |Var   Value    Gradient
  1 -2.00431   8.0370e-01 |  2  0.18479  -1.8259e+01 |  3  0.18990  -1.8381e+01
  4  0.19869  -1.8434e+01 |  5  0.19635  -9.3244e+00 |  6  0.19327  -4.7152e+00
  7  0.18390   4.2989e+00 |  8  0.17367  -7.5961e+00 |  9  0.17566  -3.1712e-01
 10  0.15140   2.3741e+00 | 11  0.14357   3.1568e+01 | 12  0.12671  -5.3266e-01
 13  0.10819   6.3314e+00 | 14  0.05287  -9.9917e-01 | 15 -0.01722  -6.7248e-01
 16 -0.04358   3.9225e+00 | 17 -0.28342  -2.3712e-01 | 18 -0.02443  -4.8836e+00
 19 -0.29046  -2.3686e-03 | 20 -0.11080   1.6866e+00 | 21 -0.15716   3.9250e-01
 22  0.10740   1.9865e+00 | 23 -0.18632  -2.7395e-03 | 24  0.00644  -1.0615e-01
 25  0.08614   4.9420e-01 | 26  0.11602  -7.8849e+00 | 27  0.13608  -2.2508e+01
 28  0.15098  -2.3916e+00 | 29  0.14912   6.3047e+00 | 30  0.14097  -1.1520e+01
 31  0.14442  -1.4294e+01 | 32  0.14706   6.2681e+00 | 33  0.12388  -3.7647e+00
 34  0.11144   3.7975e+00 | 35  0.12217   9.1463e-01 | 36  0.11564  -3.2936e+00
 37  0.08622   6.5919e+00 | 38  0.04903   1.5071e+00 | 39 -1.77910   2.6637e+00
 40 -0.04145   3.9727e-01 | 41 -0.13186  -3.2321e-02 | 42 -1.66639   1.5383e-01
 43  0.01466  -5.2421e+00 | 44 -0.04785  -6.8882e+00 | 45 -0.04467  -4.0285e+00
 46 -0.16933  -9.6392e+00 | 47 -0.15012  -5.9513e+00 | 48 -0.15460  -1.0996e+01
 49 -0.11521  -1.1136e+01 | 50 -0.03926  -9.1641e+00 | 51 -0.02935  -1.2376e+01
 52  0.03123  -1.3601e+01 | 53 -0.03815  -1.6380e+01 | 54  0.03975  -1.6399e+01
 55 -0.04414  -1.9307e+01 | 56  0.01334  -1.7934e+01 | 57  0.06718  -1.2549e+01
 58  0.12561   8.2498e-02 | 59  0.05666  -4.8887e-02 | 60 -0.12220  -7.1585e+00
 61 -0.09226  -7.0938e+00 | 62  0.08503   4.2097e+00 | 63 -0.03689  -8.2824e+00
 64 -0.03873  -9.6327e+00 | 65 -0.07562  -1.5048e+01 | 66 -0.01439  -1.4534e+01
 67 -0.01046  -9.7220e+00 | 68 -0.05583  -1.2553e+01 | 69 -0.07256  -1.0401e+01
 70 -0.03991  -7.1621e+00 | 71  0.06526  -4.1377e+00 | 72  0.05159  -3.2213e+00
 73  0.00148  -5.4829e+00 | 74  0.03279  -2.3207e+00 | 75  0.10327  -2.7118e+00
 76  0.11436   2.2312e+00 | 77 -0.01283  -2.2505e+00 | 78 -0.04848  -1.1530e+00
 79  0.06480   4.2767e+00 | 80  0.31175   3.3669e+01 | 81  0.42343  -1.0442e+01
 82 -0.11473  -1.0204e+01 | 83 -0.03329  -1.1203e+01 | 84  0.02060  -1.2458e+01
 85  0.02773   6.0009e+00 | 86  0.03952   1.4377e+00 | 87  0.20057   5.1788e+00
 88 -0.08481   2.3161e+00 | 89 -0.18623   3.2700e+00 | 90 -0.14167   2.6159e+00
 91 -0.06135  -3.8558e-01 | 92 -0.01230   7.1087e-01 | 93 -0.06949  -5.7298e+00
 94  0.16502  -4.2458e+00 | 95 -0.01519  -2.5268e+00 | 96 -0.00837  -1.3206e-01
 97 -0.03672  -3.3673e+00 | 98  0.10788  -3.2642e+00 | 99  0.08801  -7.9332e+00
100  0.07737  -4.0657e+00 |101  0.05402  -2.7158e+00 |102 -0.07450   1.6459e+00
103 -0.06423   4.5182e+00 |104  0.08615   1.0707e+01 |105  0.03610   7.2220e+00
106 -0.02468   6.9107e+00 |107 -0.02976   5.6584e+00 |108  0.08985   5.3217e-01
109  0.08690  -3.9208e+00 |110  0.08907  -4.0659e+00 |111 -0.01921  -3.1149e+00
112 -0.10845   2.1139e+00 |113 -0.10891   2.9439e+00 |114 -0.05974  -2.0190e+00
115  0.12193  -1.9187e+00 |116  0.03118   2.3029e+00 |117  0.08209   5.5286e+00
118  0.03269   5.2825e+00 |119 -0.04997   2.5167e+00 |120 -0.04165   8.3246e-01
121  0.13428   7.1016e+00 |122  0.19533   1.4669e+01 |123 -0.47979   5.8485e+00
124  0.11056   8.0517e+00 |125 -0.02018   2.3508e+00 |126 -0.19526   2.5122e-01
127 -0.04881   3.7121e+00 |128 -0.16093   3.6047e+00 |129 -0.00824   3.7228e+00
130 -0.05131   3.7110e+00 |131 -0.05142   3.7109e+00 |132  0.00545   3.7229e+00
133  0.01502   3.7220e+00 |134  0.07463   3.6975e+00 |135 -0.02247   3.7208e+00
136  0.03794   3.7165e+00 |137 -0.01603   3.7219e+00 |138  0.02216   3.7208e+00
139  0.02669   3.7198e+00 |140  0.00249   3.7230e+00 |141 -0.00285   3.7230e+00
142 -0.00130   3.7231e+00 |143  0.00205   3.7231e+00 |144 -0.16166   3.6037e+00
145 -0.00299   3.7230e+00 |146  0.08030   3.6935e+00 |147 -0.00858   3.7227e+00
148  0.03921   3.7160e+00 |149 -0.02860   3.7193e+00 |150  0.00729   3.7228e+00
151  0.04417   3.7141e+00 |152  0.02223   3.7208e+00 |153 -0.00459   3.7230e+00
154  0.00627   3.7229e+00 |155  0.02417   3.7204e+00 |156  0.03031   3.7189e+00
157  0.04162   3.7151e+00 |158  0.02253   3.7207e+00 |159  0.03700   3.7168e+00
160 -0.02216   3.7208e+00 |161  0.05990   3.7066e+00 |162  0.00735   3.7228e+00
163  0.01978   3.7213e+00 |164 -0.06247   3.7052e+00 |165  0.00885   3.7227e+00
166  0.02632   3.7199e+00 |167 -0.00817   3.7228e+00 |168  0.00409   3.7230e+00
169  0.01063  -4.8976e+02 |170  0.01346   3.1666e+00 |171  0.01175   2.5874e+01
172  0.02155   6.7316e-01 |173  0.08014   1.0422e+01 |174  0.03951   2.2209e+01
175  0.03993   2.3359e+01 |176  0.00446   2.1565e+01 |177  0.04773   4.2811e+01
178  0.07559   1.2949e+01 |179  0.15297   5.4728e+01 |180 -0.55424   1.5225e+01
181  0.09849   5.8005e+01 |182 -0.70927   1.0732e+01 |183  0.00067   1.8302e+01
184 -0.04715  -2.1572e+01 |185  0.00493  -9.1869e+00 |186 -0.01908  -2.5282e+01
187 -0.03646   1.8470e+01 |188 -0.01154   5.0070e+01 |189  0.02782   2.0854e+01
190  0.03728   3.5783e+01 |191  0.03546   3.4809e+01 |192  0.03618   6.8539e+01
193 -0.01086   1.7090e+01 |194 -0.08090   2.1168e+01 |195  0.00036   2.0238e+01
196  0.06172   4.2545e+00 |197  0.03087   8.4135e+00 |198  0.00653   6.9633e+00
199  0.01712   1.8891e+01 |200  0.01658   1.6405e+01 |201  0.02715   3.2157e+01
202  0.12186  -2.5010e-01 |203  0.11842  -9.5841e+00 |204  0.09203  -4.3321e+01
205 -0.04112   1.6515e+01 |206 -0.19747   2.2271e+01 |207 -0.12308   2.7741e+01
208 -0.09548   2.2478e+01 |209 -0.02971   3.3871e+01 |210  0.06109   1.6286e+01
211  0.53736   1.6236e+01 |212 -0.05101   2.1007e+02 |213  0.03390   2.4609e+01
214  0.04585   2.8333e-08 |215 -0.64471  -5.5811e+00 |216 -0.78752  -7.0395e+00
217  0.02350  -3.5182e+01 |218 -0.13222   2.4009e+00 |219 -0.25977  -6.8760e+00
220 -0.08767  -1.5031e+01 |221  0.02116  -4.9880e+00 |222  0.00293   5.5606e-02
223  0.01121  -9.5870e+00 |224 -0.02609  -6.8726e+00 |225 -0.02887  -4.2755e+00
226  0.07909  -9.3489e+00 |227  0.06052  -6.2548e+00 |228  0.19263  -3.7892e+00
229  0.10332  -3.9947e+00 |230  0.09133  -1.2736e+00 |231  0.04608  -1.7939e+00
232  0.02751  -5.7447e+00 |233  0.05440  -9.9424e-01 |234  0.11009  -4.4716e+00
235 -0.15364  -3.2012e+00 |236 -0.14451  -1.0757e+00 |237 -0.00646  -1.0149e+01
238  0.03737  -5.7207e+00 |239 -0.10254  -7.3139e+00 |240 -0.15057  -1.9869e+01
241 -0.04861  -6.1194e+00 |242  0.02666  -1.8047e+00 |243  0.05037  -5.8124e+00
244 -0.01089   3.2734e+00 |245 -0.12190  -2.5334e+00 |246 -0.24597  -1.4318e+01
247 -0.10407  -3.9021e+00 |248  0.01000  -9.4046e-01 |249  0.08283   2.9012e+00
250  0.09770  -4.9374e+00 |251  0.06163  -4.8519e+00 |252 -0.01560  -9.5989e+00
253  0.00092  -3.9954e+00 |254  0.14652  -3.9213e+00 |255  0.21028  -5.8622e+00
256  0.24668  -3.9405e+00 |257 -0.14362  -1.2023e+01 |258  0.09803   6.4083e+01
259  0.15813   2.9910e+02 |260 -0.86572   8.6695e+01 |261 -0.83965   1.0594e+02
262 -1.08251   2.8817e+00 |263  0.13106  -1.0228e+02 |264 -0.64479  -5.5321e+01
265 -0.16208  -1.0112e+02 |266  0.08226  -1.0361e+02 |267 -0.16799  -1.0087e+02
268 -0.16328  -1.0107e+02 |269 -0.12333  -1.0253e+02 |270  0.19840  -9.9452e+01
271 -0.17232  -1.0068e+02 |272  0.45173  -7.9267e+01 |273 -0.16099  -1.0116e+02
274  0.08105  -1.0364e+02 |275  0.02939  -1.0437e+02 |276 -0.09843  -1.0324e+02
277  0.32990  -9.0768e+01 |278  0.28868  -9.3926e+01 |279 -0.21234  -9.8727e+01
280 -0.32865  -9.0869e+01 |281  0.20545  -9.9091e+01 |282  0.67694  -5.0776e+01
283 -0.16904  -1.0082e+02 |284 -0.14368  -1.0184e+02 |285 -0.08425  -1.0357e+02
286  0.23432  -9.7487e+01 |287 -0.14879  -1.0164e+02 |288  0.10829  -1.0298e+02
289 -0.16459  -1.0101e+02 |290  0.03840  -1.0430e+02 |291 -0.10881  -1.0296e+02
292 -0.09887  -1.0323e+02 |293  0.19735  -9.9505e+01 |294 -0.48628  -7.5457e+01
295 -0.49681  -7.4251e+01 |296  0.37974  -8.6442e+01 |297  0.31105  -9.2260e+01
298  0.33094  -9.0683e+01 |299  0.09630  -1.0329e+02 |300  0.25469  -9.6235e+01
301 -0.03856  -1.0429e+02 |302 -0.24065  -9.7109e+01 |303  0.46729  -1.7803e+01
304  0.08001   2.6130e+01 |305 -0.89694   1.2029e+02 |306  0.25131   5.9944e+00
307 -0.88516   6.7730e+01 |308 -0.51173   6.9189e+01 |
20.579 8.44255 101.789 51.5197 
11.2933 11.2933 47.6094 52.767 
6.16225 10.9523 0 0.762683 10.7666 
0 2.71506 0 0 0.494746 20.7623 0 
20.5547 8.38973 101.832 51.4649 
11.2965 11.2965 47.5623 52.7986 
6.16679 10.8608 0 0.773189 10.7622 
0 2.72281 0 0 0.494761 20.7555 0 
20.557 8.20835 101.711 51.584 
11.2812 11.2812 47.5679 52.8457 
6.16544 10.8341 0 0.784511 10.7593 
0 2.72285 0 0 0.489454 20.6018 0 
20.6676 8.19855 101.668 51.4992 
11.501 11.501 47.5204 52.8999 
6.19637 10.54 0 0.798119 10.4891 
0 2.73607 0 0 0.484448 20.5912 0 
20.8372 8.08168 101.837 51.169 
11.6875 11.6875 47.3729 52.7779 
6.30219 10.404 0 0.82831 10.951 
0 2.6163 0 0 0.477281 20.4502 0 
20.8805 8.19063 101.723 51.0497 
11.5363 11.5363 47.3275 52.7925 
6.33426 10.4594 0 0.808631 10.9383 
0 2.56466 0 0 0.468822 20.5297 0 
20.7313 8.26477 101.488 51.2992 
11.5065 11.5065 47.3674 52.7689 
6.37178 10.3976 0 0.810749 10.8286 
0 2.52577 0 0 0.472822 20.4685 0 
20.6546 8.21613 101.411 51.2175 
11.692 11.692 47.2884 52.7515 
6.49371 10.1638 0 0.830614 10.8458 
0 2.49978 0 0 0.471248 20.4517 0 
20.6231 8.29104 101.345 50.9291 
11.452 11.452 47.3354 52.6601 
6.54858 10.2399 0 0.837902 11.0634 
0 2.46156 0 0 0.477567 20.3309 0 
20.6217 8.34733 101.058 50.8282 
11.3821 11.3821 47.5649 52.5988 
6.55019 10.0287 0 0.837187 11.0394 
0 2.46621 0 0 0.47726 20.196 0 
308 variables; iteration 180; function evaluation 212; phase 1
Function value   3.5165698e+02; maximum gradient component mag  -3.4538e+02
Var   Value    Gradient   |Var   Value    Gradient   |Var   Value    Gradient
  1 -2.00519   6.5055e-01 |  2  0.18531  -1.1227e+01 |  3  0.19434  -7.9087e+00
  4  0.19938  -1.1985e+01 |  5  0.19944   5.9011e-01 |  6  0.19473  -3.0945e-01
  7  0.18449   7.5389e+00 |  8  0.17452  -3.7690e+00 |  9  0.17609  -4.8827e+00
 10  0.15269   6.6927e-01 | 11  0.13979   2.0968e+01 | 12  0.13307   9.1275e+00
 13  0.10889   1.4194e+00 | 14  0.05480  -1.5170e+00 | 15 -0.02504  -1.4932e+00
 16 -0.04613   3.5271e+00 | 17 -0.27713  -2.3805e-01 | 18 -0.01975  -3.2861e+00
 19 -0.29366  -1.6001e-02 | 20 -0.10979   9.6269e-01 | 21 -0.17931  -1.5264e-01
 22  0.09185  -2.2254e-01 | 23 -0.18515  -1.9528e-03 | 24  0.02654   8.9904e-01
 25  0.08252  -5.9385e-01 | 26  0.11747  -6.4256e+00 | 27  0.13944  -1.8155e+01
 28  0.14835  -7.5195e+00 | 29  0.14798   4.6177e+00 | 30  0.14303  -8.3843e+00
 31  0.15111  -2.2470e+00 | 32  0.14843   7.7489e+00 | 33  0.12788   1.6263e+00
 34  0.10249  -8.8002e+00 | 35  0.12545   7.0398e+00 | 36  0.12019   8.5278e+00
 37  0.08793   9.0075e+00 | 38  0.04809  -1.3529e+00 | 39 -1.80155   2.7303e+00
 40 -0.05129  -2.5011e+00 | 41 -0.18557  -6.6248e-01 | 42 -1.59355   1.5161e-01
 43  0.02734  -2.2636e+00 | 44 -0.03220  -3.0347e+00 | 45 -0.04168  -1.0519e+00
 46 -0.16769  -5.4794e+00 | 47 -0.16051  -2.9777e+00 | 48 -0.17158  -8.1452e+00
 49 -0.12087  -7.5694e+00 | 50 -0.05652  -7.1082e+00 | 51 -0.00979  -7.5515e+00
 52  0.01220  -1.0407e+01 | 53 -0.01439  -1.0177e+01 | 54  0.02854  -9.9374e+00
 55 -0.03792  -1.2154e+01 | 56  0.01479  -1.0503e+01 | 57  0.06055  -5.8036e+00
 58  0.13119   6.9485e+00 | 59  0.06981   5.3427e+00 | 60 -0.11833  -2.6066e+00
 61 -0.09311  -2.4004e+00 | 62  0.08344   1.0638e+01 | 63 -0.02700  -9.8201e-01
 64 -0.07403  -5.9648e+00 | 65 -0.03945  -5.2785e+00 | 66 -0.02981  -7.4774e+00
 67 -0.01495  -3.5792e+00 | 68 -0.05524  -7.4904e+00 | 69 -0.05813  -4.6140e+00
 70 -0.04307  -2.1799e+00 | 71  0.06746   3.2934e+00 | 72  0.04736   2.8751e+00
 73 -0.00724  -7.5887e-01 | 74  0.01540   1.8010e+00 | 75  0.10087   3.5046e+00
 76  0.12114   4.9146e+00 | 77 -0.02642  -2.7838e+00 | 78 -0.04331   9.6408e-02
 79  0.08064   3.4779e+00 | 80  0.31246   1.9024e+01 | 81  0.38986  -6.6492e+00
 82 -0.12973  -6.4118e+00 | 83 -0.04022  -6.2859e+00 | 84  0.07464  -5.1243e+00
 85  0.01463   7.5858e+00 | 86  0.04403   3.1336e+00 | 87  0.19939   5.7699e-01
 88 -0.10373   4.4105e+00 | 89 -0.20539   5.6953e+00 | 90 -0.14385   6.0609e+00
 91 -0.02837   5.3723e+00 | 92 -0.01515   4.2298e+00 | 93 -0.02676   8.1218e-01
 94  0.16674   2.4796e+00 | 95 -0.00896   1.7537e+00 | 96 -0.05414   6.6416e-01
 97 -0.00996   1.5503e+00 | 98  0.09410  -5.9068e-01 | 99  0.09566  -3.0532e+00
100  0.06496  -7.2233e-01 |101  0.07176   2.9235e+00 |102 -0.09129   4.5716e+00
103 -0.09129   6.3591e+00 |104  0.08026   1.1526e+01 |105  0.03724   9.2832e+00
106 -0.00881   1.2699e+01 |107 -0.03494   9.5728e+00 |108  0.07313   5.8488e+00
109  0.09451   3.3276e+00 |110  0.09648   1.6564e+00 |111 -0.02330   1.1598e+00
112 -0.13987   4.1246e+00 |113 -0.13987   4.9297e+00 |114 -0.05671   2.1149e+00
115  0.13275   5.2112e+00 |116  0.01765   6.9863e+00 |117  0.09523   1.1274e+01
118  0.04750   1.0547e+01 |119 -0.01896   8.2931e+00 |120 -0.02987   5.1404e+00
121  0.13021   5.4951e+00 |122  0.18888   1.3662e+00 |123 -0.48930   8.6307e+00
124  0.11201   8.7843e+00 |125 -0.00103   7.2617e+00 |126 -0.16859   5.0258e+00
127 -0.05009   3.2690e+00 |128 -0.13387   3.2070e+00 |129 -0.01041   3.2788e+00
130 -0.05241   3.2681e+00 |131 -0.05251   3.2680e+00 |132  0.00362   3.2791e+00
133  0.01351   3.2785e+00 |134  0.07504   3.2564e+00 |135 -0.02472   3.2767e+00
136  0.03737   3.2735e+00 |137 -0.01828   3.2778e+00 |138  0.02093   3.2774e+00
139  0.02565   3.2765e+00 |140  0.00056   3.2792e+00 |141 -0.00492   3.2791e+00
142 -0.00332   3.2791e+00 |143  0.00011   3.2792e+00 |144 -0.13426   3.2065e+00
145 -0.00506   3.2791e+00 |146  0.08062   3.2529e+00 |147 -0.01076   3.2787e+00
148  0.03869   3.2731e+00 |149 -0.03076   3.2754e+00 |150  0.00551   3.2791e+00
151  0.04386   3.2714e+00 |152  0.02100   3.2774e+00 |153 -0.00669   3.2790e+00
154  0.00446   3.2791e+00 |155  0.02302   3.2770e+00 |156  0.02942   3.2757e+00
157  0.04120   3.2723e+00 |158  0.02131   3.2774e+00 |159  0.03639   3.2738e+00
160 -0.02441   3.2768e+00 |161  0.06013   3.2646e+00 |162  0.00558   3.2791e+00
163  0.01845   3.2778e+00 |164 -0.06252   3.2634e+00 |165  0.00712   3.2790e+00
166  0.02526   3.2766e+00 |167 -0.01034   3.2788e+00 |168  0.00221   3.2792e+00
169  0.01115  -3.4538e+02 |170  0.01555  -5.5490e+00 |171  0.00962   3.1248e+00
172  0.02193  -1.9726e+01 |173  0.07763  -1.3000e+01 |174  0.03839  -2.4129e+00
175  0.03637   1.3061e+00 |176  0.00462  -2.2727e-02 |177  0.04576   1.7439e+01
178  0.07202  -1.8730e+01 |179  0.15040   1.9782e+01 |180 -0.54998  -2.3930e+00
181  0.09598   2.1519e+01 |182 -0.72322  -1.2212e+00 |183 -0.00219  -7.7727e+00
184 -0.04379  -4.4830e+01 |185  0.00381  -2.6337e+01 |186 -0.01854  -4.0782e+01
187 -0.03807  -1.1856e+01 |188 -0.02253   3.3638e+00 |189  0.02835  -3.8759e+00
190  0.03280   3.7570e+00 |191  0.03288  -3.8358e+00 |192  0.03113   2.8426e+01
193 -0.01172  -2.9147e+00 |194 -0.07676  -5.8601e-02 |195 -0.00063  -3.6056e-01
196  0.06022  -2.3657e+01 |197  0.02530  -2.9469e+01 |198  0.00417  -2.1540e+01
199  0.01580  -2.8427e+00 |200  0.01473  -1.3655e+01 |201  0.02297  -1.5533e+00
202  0.12163  -1.3677e+01 |203  0.11880  -2.7946e+00 |204  0.09397  -4.7290e+01
205 -0.04631  -7.8428e+00 |206 -0.15274  -2.7734e+00 |207 -0.12757   3.7121e+00
208 -0.09675  -2.9790e+00 |209 -0.03827  -2.4213e+00 |210  0.05603  -1.2904e+01
211  0.58347  -1.7076e+00 |212 -0.05248   1.6766e+02 |213  0.03508  -7.4299e+00
214  0.04585   2.8333e-08 |215 -0.64086  -1.0633e+00 |216 -0.78528  -8.9705e+00
217  0.02331  -1.6563e+01 |218 -0.13922   3.6707e+00 |219 -0.27037  -1.1776e+01
220 -0.07948  -8.0267e+00 |221  0.02112  -3.6466e+00 |222  0.00014   1.3223e+00
223  0.00777  -8.1710e+00 |224 -0.02552  -6.9981e+00 |225 -0.02137   1.5039e+00
226  0.08554  -5.9216e+00 |227  0.06672  -5.0922e+00 |228  0.19189  -6.4485e+00
229  0.10463  -6.4492e-02 |230  0.08580  -1.9307e+00 |231  0.04382  -1.1119e+00
232  0.02277  -8.1656e+00 |233  0.05245  -2.5602e-03 |234  0.11013  -4.2426e+00
235 -0.14943  -3.6719e+00 |236 -0.14373  -6.2924e-01 |237 -0.01292  -1.2842e+01
238  0.04556   2.2000e+00 |239 -0.09980  -6.7080e+00 |240 -0.14982  -2.0032e+01
241 -0.05086  -4.7829e+00 |242  0.01691  -5.8395e+00 |243  0.05159  -5.3165e+00
244 -0.01212   5.4469e-01 |245 -0.12074  -1.7852e+00 |246 -0.24508  -1.1601e+01
247 -0.10840  -4.5231e+00 |248  0.01605   3.4116e+00 |249  0.07255  -7.3841e-01
250  0.09485  -4.6766e+00 |251  0.06756  -3.2771e+00 |252 -0.00545  -6.5430e+00
253  0.00369  -6.2958e+00 |254  0.13894  -7.3663e+00 |255  0.20639  -4.9267e+00
256  0.25285  -5.7441e-01 |257 -0.13670  -5.0579e+00 |258  0.09743   3.4802e+01
259  0.15655   2.4068e+02 |260 -0.86673   4.3989e+01 |261 -0.83946   1.0490e+02
262 -1.08431   1.6965e+00 |263  0.17397  -1.7947e+01 |264 -0.57504  -1.1538e+01
265 -0.18605  -1.7849e+01 |266  0.05829  -1.8561e+01 |267 -0.15824  -1.8066e+01
268 -0.17783  -1.7916e+01 |269 -0.12748  -1.8266e+01 |270  0.23102  -1.7425e+01
271 -0.17975  -1.7901e+01 |272  0.46921  -1.3802e+01 |273 -0.13937  -1.8194e+01
274  0.08805  -1.8461e+01 |275 -0.08224  -1.8484e+01 |276 -0.03848  -1.8605e+01
277  0.25411  -1.7174e+01 |278  0.28430  -1.6811e+01 |279 -0.17749  -1.7919e+01
280 -0.33044  -1.6184e+01 |281  0.24665  -1.7257e+01 |282  0.61659  -1.0559e+01
283 -0.16186  -1.8040e+01 |284 -0.11857  -1.8317e+01 |285 -0.08713  -1.8465e+01
286  0.23518  -1.7381e+01 |287 -0.17168  -1.7965e+01 |288  0.08741  -1.8463e+01
289 -0.16310  -1.8031e+01 |290  0.06470  -1.8543e+01 |291 -0.11565  -1.8332e+01
292 -0.11011  -1.8361e+01 |293  0.23016  -1.7434e+01 |294 -0.51383  -1.2890e+01
295 -0.47351  -1.3716e+01 |296  0.38722  -1.5296e+01 |297  0.28043  -1.6860e+01
298  0.32250  -1.6298e+01 |299  0.13539  -1.8219e+01 |300  0.22111  -1.7526e+01
301 -0.03556  -1.8610e+01 |302 -0.25193  -1.7198e+01 |303  0.46739  -4.3197e+01
304  0.07560   1.5918e+01 |305 -0.89636   1.1808e+02 |306  0.25307   6.6336e+00
307 -0.88602   4.1402e+01 |308 -0.51318   4.8509e+01 |
20.5726 8.12814 100.963 50.5015 
11.1719 11.1719 47.3279 52.5334 
6.50857 10.5746 0 0.851376 10.6551 
0 2.55972 0 0 0.461875 20.2631 0 
20.8912 7.77117 100.715 50.6954 
11.6265 11.6265 47.5714 52.4644 
6.36782 10.0406 0 0.904375 10.1314 
0 2.63349 0 0 0.470958 19.9556 0 
20.9437 7.52723 100.597 50.7704 
11.4889 11.4889 48.1474 52.3282 
6.17184 9.78192 0 0.933282 10.1601 
0 2.57731 0 0 0.46875 19.8231 0 
20.6729 7.43093 100.867 50.8383 
11.2587 11.2587 48.1247 52.0949 
6.02758 10.2085 0 0.96805 10.2676 
0 2.52201 0 0 0.475523 19.7722 0 
20.6904 7.35581 100.95 50.367 
11.2212 11.2212 48.1024 52.2126 
6.09202 10.2482 0 1.02722 10.5277 
0 2.43812 0 0 0.467256 19.827 0 
20.7145 7.35441 101.048 50.2823 
11.1492 11.1492 48.2422 52.1739 
6.07415 10.1514 0 1.03114 10.5285 
0 2.40179 0 0 0.468589 19.7996 0 
20.6456 7.50899 101.256 50.1047 
11.1296 11.1296 48.1625 52.1168 
5.99593 10.1409 0 1.00774 10.4472 
0 2.38898 0 0 0.469079 19.8866 0 
20.5475 7.40975 101.519 50.0856 
11.0885 11.0885 48.1249 51.9758 
5.99168 10.3064 0 1.01007 10.4505 
0 2.38189 0 0 0.462544 19.8648 0 
20.4414 7.46063 101.525 50.0625 
11.1202 11.1202 48.3055 51.9565 
6.00777 10.0973 0 1.00727 10.5117 
0 2.36243 0 0 0.464239 19.8203 0 
20.4744 7.52457 101.522 50.0522 
10.9921 10.9921 48.276 51.9241 
6.02923 10.1386 0 1.00899 10.499 
0 2.37461 0 0 0.469242 19.6826 0 
308 variables; iteration 190; function evaluation 222; phase 1
Function value   3.4919072e+02; maximum gradient component mag  -5.3134e+02
Var   Value    Gradient   |Var   Value    Gradient   |Var   Value    Gradient
  1 -1.99763   5.8584e-01 |  2  0.18001  -9.2229e+00 |  3  0.19390  -2.7407e+00
  4  0.19570  -1.1018e+01 |  5  0.19884  -1.8854e+00 |  6  0.19128  -8.2521e+00
  7  0.18073   1.1220e+00 |  8  0.17398  -2.9297e+00 |  9  0.17263  -7.6607e+00
 10  0.14820  -4.6956e+00 | 11  0.13383   1.4151e+01 | 12  0.12644  -2.1272e+00
 13  0.10523  -6.6944e+00 | 14  0.05255  -4.8921e+00 | 15 -0.03309  -2.1931e+00
 16 -0.05356   2.7657e+00 | 17 -0.15474   1.3673e-01 | 18 -0.02341  -6.0463e+00
 19 -0.30078  -1.1692e-02 | 20 -0.10070   1.9960e+00 | 21 -0.17781  -1.5116e-01
 22  0.07753  -2.0936e+00 | 23 -0.18368  -2.4266e-03 | 24  0.00151  -3.5936e-01
 25  0.08123  -2.0692e+00 | 26  0.12855   2.5729e-01 | 27  0.15018  -8.0075e+00
 28  0.16151   1.0894e+01 | 29  0.14723  -4.0302e+00 | 30  0.15025  -3.8759e+00
 31  0.15549  -2.6667e+00 | 32  0.14469  -7.4036e+00 | 33  0.13057  -1.9699e+00
 34  0.11531  -2.3882e+00 | 35  0.12862  -1.3906e+00 | 36  0.12709   1.5271e+01
 37  0.09433   7.1751e+00 | 38  0.05802   4.4357e+00 | 39 -1.85390   3.2697e+00
 40 -0.04090  -1.5572e+00 | 41 -0.12740  -1.3238e-01 | 42 -1.68436   1.7031e-01
 43 -0.00211  -3.9434e+00 | 44 -0.04615  -4.9519e+00 | 45 -0.05360  -3.6282e+00
 46 -0.16240  -7.0518e+00 | 47 -0.14215  -2.9353e+00 | 48 -0.15328  -8.0524e+00
 49 -0.10771  -7.2555e+00 | 50 -0.08205  -9.4666e+00 | 51 -0.01005  -7.4718e+00
 52  0.03736  -6.6161e+00 | 53 -0.02425  -8.0240e+00 | 54  0.02125  -6.1002e+00
 55 -0.01761  -8.0694e+00 | 56  0.00477  -7.9180e+00 | 57  0.06776  -1.5755e+00
 58  0.12665   9.4034e+00 | 59  0.06711   4.2047e+00 | 60 -0.10790  -3.9484e+00
 61 -0.08310  -3.9068e+00 | 62  0.07397   5.7293e+00 | 63 -0.02877  -3.7306e+00
 64 -0.06643  -6.7575e+00 | 65 -0.04519  -5.6678e+00 | 66 -0.02252  -5.4708e+00
 67 -0.04221  -4.6732e+00 | 68 -0.05284  -7.2243e+00 | 69 -0.05647  -5.5921e+00
 70 -0.04816  -4.9163e+00 | 71  0.07142  -1.4560e+00 | 72  0.03711  -3.6247e+00
 73  0.00321  -4.3807e+00 | 74  0.02979  -7.4344e-01 | 75  0.10154  -6.8661e-01
 76  0.09664  -2.2350e+00 | 77 -0.02760  -5.8898e+00 | 78 -0.04469  -3.4109e+00
 79  0.09765   6.6253e-02 | 80  0.31262   1.0181e+01 | 81  0.39968  -7.9433e+00
 82 -0.10932  -6.3665e+00 | 83 -0.03342  -7.8558e+00 | 84  0.04628  -7.9567e+00
 85  0.01312   8.8510e+00 | 86  0.08767   9.4532e+00 | 87  0.20479   1.3487e+01
 88 -0.10843   6.3278e+00 | 89 -0.21071   5.3207e+00 | 90 -0.12684   7.3225e+00
 91 -0.05421   4.9483e+00 | 92 -0.00575   6.9708e+00 | 93  0.01622   5.4749e+00
 94  0.16741   8.8549e+00 | 95 -0.00926   4.7281e+00 | 96 -0.04360   3.9218e+00
 97 -0.00850   5.5138e+00 | 98  0.10984   8.4002e+00 | 99  0.09998   5.8929e+00
100  0.06387   5.1540e+00 |101  0.07138   8.2078e+00 |102 -0.07474   8.6292e+00
103 -0.08506   8.0809e+00 |104  0.07296   9.9566e+00 |105  0.03433   1.0528e+01
106 -0.03856   1.0040e+01 |107 -0.04769   8.1210e+00 |108  0.07223   5.5237e+00
109  0.09286   5.6023e+00 |110  0.09099   8.3820e+00 |111  0.01649   6.5797e+00
112 -0.14605   4.8608e+00 |113 -0.17279   5.1738e+00 |114 -0.06486   4.7823e+00
115  0.14586   1.0083e+01 |116 -0.00392   4.9605e+00 |117  0.08053   7.3491e+00
118  0.03696   8.5230e+00 |119 -0.04032   6.3855e+00 |120 -0.01400   6.8166e+00
121  0.13975   9.1995e+00 |122  0.19177   2.0429e+00 |123 -0.50422   9.1378e+00
124  0.11285   9.2663e+00 |125 -0.01244   7.3826e+00 |126 -0.18230   5.4931e+00
127 -0.05183   2.4267e-01 |128 -0.08394   2.4136e-01 |129 -0.01468   2.4341e-01
130 -0.05373   2.4261e-01 |131 -0.05382   2.4261e-01 |132 -0.00015   2.4348e-01
133  0.01034   2.4345e-01 |134  0.07603   2.4174e-01 |135 -0.02890   2.4323e-01
136  0.03607   2.4309e-01 |137 -0.02259   2.4332e-01 |138  0.01829   2.4338e-01
139  0.02337   2.4331e-01 |140 -0.00335   2.4347e-01 |141 -0.00905   2.4345e-01
142 -0.00740   2.4346e-01 |143 -0.00383   2.4347e-01 |144 -0.08380   2.4137e-01
145 -0.00920   2.4345e-01 |146  0.08149   2.4149e-01 |147 -0.01503   2.4341e-01
148  0.03749   2.4306e-01 |149 -0.03467   2.4312e-01 |150  0.00184   2.4348e-01
151  0.04310   2.4292e-01 |152  0.01836   2.4338e-01 |153 -0.01087   2.4344e-01
154  0.00074   2.4348e-01 |155  0.02054   2.4335e-01 |156  0.02745   2.4325e-01
157  0.04021   2.4299e-01 |158  0.01870   2.4337e-01 |159  0.03500   2.4311e-01
160 -0.02860   2.4323e-01 |161  0.06058   2.4238e-01 |162  0.00192   2.4348e-01
163  0.01563   2.4340e-01 |164 -0.06159   2.4234e-01 |165  0.00355   2.4347e-01
166  0.02296   2.4332e-01 |167 -0.01461   2.4341e-01 |168 -0.00162   2.4348e-01
169  0.01027  -5.3134e+02 |170  0.01435  -3.7104e+00 |171  0.00472  -1.0446e+01
172  0.02786  -9.5656e+00 |173  0.07976  -6.8755e+00 |174  0.04316  -9.3328e-01
175  0.03631  -4.5014e+00 |176  0.01026   3.9004e+00 |177  0.04769   1.6506e+01
178  0.07399  -2.6101e+01 |179  0.15040  -1.2777e+01 |180 -0.54568  -1.4258e+00
181  0.09621  -7.3424e+00 |182 -0.72389  -5.6592e-01 |183 -0.00780  -1.7530e+01
184 -0.03617  -4.2027e+01 |185 -0.00065  -2.6847e+01 |186 -0.01694  -2.6585e+01
187 -0.04096  -1.3031e+01 |188 -0.03354  -8.4671e+00 |189  0.02841   2.1305e-01
190  0.03122  -6.8383e+00 |191  0.03269  -9.9074e+00 |192  0.02749   1.5405e+01
193 -0.01153  -6.7413e+00 |194 -0.08207  -1.7080e+00 |195  0.00035  -2.9649e+00
196  0.05834  -2.0957e+01 |197  0.03167  -7.2554e+00 |198 -0.00149  -1.7199e+01
199  0.01663   1.7842e+00 |200  0.01113  -2.1122e+01 |201  0.01566  -9.7067e+00
202  0.12060  -2.3343e-01 |203  0.11800   1.3845e+00 |204  0.10021  -2.6431e+01
205 -0.04425  -4.5073e+00 |206 -0.14582  -1.7189e+00 |207 -0.13440  -1.2293e+00
208 -0.09960  -1.1911e+01 |209 -0.03086   8.6680e+00 |210  0.06226   4.4215e-01
211  0.58190  -7.6394e-01 |212 -0.05451   1.7382e+02 |213  0.03342   4.2022e+01
214  0.04585   2.8333e-08 |215 -0.63755  -1.3695e+00 |216 -0.78135  -1.5517e+01
217  0.02161  -5.0977e+00 |218 -0.16370   9.9925e-01 |219 -0.25467  -4.4616e+00
220 -0.06097   8.6918e-01 |221  0.00759  -1.2659e+01 |222 -0.00609   9.4250e-01
223  0.01952   6.8133e+00 |224 -0.01942   2.7337e+00 |225 -0.02057   6.9726e+00
226  0.08958  -2.8796e-01 |227  0.07022  -9.4667e-01 |228  0.18654  -4.2493e+00
229  0.10561   4.7561e+00 |230  0.08159   4.4185e-01 |231  0.04851   3.9025e+00
232  0.03220  -6.7535e-01 |233  0.05188   9.9369e-01 |234  0.12133   7.4425e+00
235 -0.14704  -8.3899e-01 |236 -0.14844  -6.7971e+00 |237  0.00191   5.4801e-02
238  0.04548   5.8136e+00 |239 -0.10530  -4.6521e+00 |240 -0.14597  -7.4596e+00
241 -0.05002   1.5889e+00 |242  0.02619   4.2542e+00 |243  0.04726  -1.3334e-01
244 -0.02590  -7.3673e+00 |245 -0.10852   8.7321e+00 |246 -0.23935  -3.8324e+00
247 -0.11148  -5.7084e-01 |248  0.00956   1.7880e+00 |249  0.06845   1.2772e+00
250  0.09164   2.7056e+00 |251  0.05435  -6.4847e-01 |252 -0.01651  -8.1810e-01
253  0.00291   4.9705e+00 |254  0.13264  -5.5360e+00 |255  0.21307   2.9681e+00
256  0.25024   3.4810e+00 |257 -0.13824  -2.5912e-01 |258  0.09615  -2.1432e+01
259  0.15529   1.8756e+02 |260 -0.86797   1.1802e+01 |261 -0.84162   5.5837e+01
262 -1.10029   5.5480e-01 |263  0.14587  -8.1936e+00 |264 -0.51622  -5.7958e+00
265 -0.23687  -7.8378e+00 |266  0.03787  -8.3986e+00 |267 -0.15897  -8.1526e+00
268 -0.21091  -7.9560e+00 |269 -0.13562  -8.2233e+00 |270  0.15921  -8.1518e+00
271 -0.19012  -8.0411e+00 |272  0.41065  -6.7230e+00 |273 -0.11759  -8.2704e+00
274  0.04257  -8.3947e+00 |275 -0.06442  -8.3705e+00 |276  0.09446  -8.3211e+00
277  0.30263  -7.4807e+00 |278  0.35638  -7.1293e+00 |279 -0.22467  -7.8950e+00
280 -0.27056  -7.6651e+00 |281  0.22411  -7.8975e+00 |282  0.54369  -5.5273e+00
283 -0.16708  -8.1254e+00 |284 -0.15590  -8.1625e+00 |285 -0.07253  -8.3590e+00
286  0.23235  -7.8593e+00 |287 -0.14080  -8.2086e+00 |288  0.07025  -8.3623e+00
289 -0.15182  -8.1754e+00 |290  0.10198  -8.3058e+00 |291 -0.13623  -8.2216e+00
292 -0.08734  -8.3344e+00 |293  0.15721  -8.1583e+00 |294 -0.41821  -6.6625e+00
295 -0.46566  -6.2613e+00 |296  0.33709  -7.2614e+00 |297  0.26442  -7.6981e+00
298  0.27179  -7.6583e+00 |299  0.17074  -8.1127e+00 |300  0.20482  -7.9818e+00
301 -0.02365  -8.4077e+00 |302 -0.17231  -8.1072e+00 |303  0.46760  -6.9617e+01
304  0.07522   2.9389e+01 |305 -0.89631   1.2584e+02 |306  0.25337   7.1156e+00
307 -0.88660  -4.3338e+00 |308 -0.51578   4.1065e+01 |
20.4068 7.48226 101.556 49.8923 
11.1941 11.1941 48.1151 51.8647 
6.08297 10.1272 0 0.999723 10.5375 
0 2.3674 0 0 0.468214 19.6762 0 
20.2934 7.39784 101.402 49.7704 
11.0667 11.0667 48.2256 51.8164 
6.14407 10.3192 0 1.00494 10.555 
0 2.36951 0 0 0.468811 19.6363 0 
20.1194 7.38552 101.288 49.901 
11.2291 11.2291 48.3743 51.6709 
6.15477 10.1389 0 0.984994 10.5844 
0 2.36757 0 0 0.463859 19.4951 0 
20.1279 7.31255 100.946 50.1275 
11.3678 11.3678 48.6133 51.6043 
6.24589 9.73485 0 1.01547 10.6427 
0 2.34989 0 0 0.467952 19.2275 0 
20.0855 7.33216 100.866 50.1682 
11.2161 11.2161 48.5708 51.5621 
6.27609 9.89655 0 1.01763 10.559 
0 2.33523 0 0 0.458897 19.0256 0 
20.0105 7.37721 100.868 50.1041 
11.2537 11.2537 48.4799 51.5335 
6.27898 9.96511 0 1.02977 10.5142 
0 2.3508 0 0 0.455773 18.9634 0 
19.88 7.52448 100.795 50.0889 
11.5419 11.5419 48.3843 51.4687 
6.27587 9.66881 0 1.10114 10.5136 
0 2.39481 0 0 0.465612 18.8424 0 
19.7466 7.69965 100.775 50.1542 
11.3042 11.3042 48.6648 51.3168 
6.33427 9.63304 0 1.15929 10.6332 
0 2.34449 0 0 0.463257 18.7613 0 
19.8058 7.5633 100.803 50.0511 
11.3942 11.3942 48.7416 51.2562 
6.33189 9.59994 0 1.18747 10.7926 
0 2.28876 0 0 0.469604 18.7608 0 
19.9496 7.35427 100.911 50.1482 
11.3583 11.3583 48.7522 51.2305 
6.27117 9.52605 0 1.15828 11.0052 
0 2.23252 0 0 0.467877 18.7778 0 
308 variables; iteration 200; function evaluation 232; phase 1
Function value   3.4746428e+02; maximum gradient component mag  -4.8186e+02
Var   Value    Gradient   |Var   Value    Gradient   |Var   Value    Gradient
  1 -1.99058   7.1877e-01 |  2  0.17688  -1.5627e+01 |  3  0.19150  -5.9273e+00
  4  0.19483  -8.8493e+00 |  5  0.19738   3.9943e+00 |  6  0.19054  -4.0113e+00
  7  0.17659  -8.2498e+00 |  8  0.17265  -1.6901e+00 |  9  0.17299  -1.7669e+00
 10  0.14687  -7.8138e+00 | 11  0.13126   1.0537e+01 | 12  0.12818   2.4039e+00
 13  0.10342   2.1630e-01 | 14  0.05528  -1.4997e+00 | 15 -0.02131  -6.6788e-01
 16 -0.06278   1.9817e+00 | 17 -0.17401  -4.0858e-02 | 18 -0.02274   1.1331e+01
 19 -0.30413  -1.7321e-02 | 20 -0.11921   5.1801e-01 | 21 -0.18465  -2.6261e-01
 22  0.05738  -3.3875e+00 | 23 -0.18210  -1.1086e-03 | 24  0.01765   3.3348e-01
 25  0.08311  -1.1596e+00 | 26  0.12276  -3.0920e+00 | 27  0.15043  -2.8964e+00
 28  0.15227  -3.2777e+00 | 29  0.14658  -4.8064e-01 | 30  0.14940  -1.8574e-01
 31  0.15217  -5.2576e+00 | 32  0.15027   7.5710e+00 | 33  0.12850  -5.3253e-01
 34  0.11176  -2.9593e+00 | 35  0.12410  -5.6907e+00 | 36  0.12317   1.0966e+01
 37  0.08921   6.9899e-01 | 38  0.05092  -2.4890e+00 | 39 -1.99868  -6.2644e+00
 40 -0.04950  -2.7977e+00 | 41 -0.16163  -7.0309e-01 | 42 -1.57043   1.4786e-01
 43 -0.00810  -5.1562e+00 | 44 -0.05085  -4.2102e+00 | 45 -0.06712  -4.1600e+00
 46 -0.16040  -6.6974e+00 | 47 -0.16519  -5.1787e+00 | 48 -0.14911  -6.9857e+00
 49 -0.12800  -8.5347e+00 | 50 -0.06102  -7.4069e+00 | 51 -0.01147  -6.8597e+00
 52  0.02353  -7.8840e+00 | 53  0.00039  -7.6256e+00 | 54  0.01355  -8.2153e+00
 55 -0.00676  -8.2804e+00 | 56  0.01157  -8.2832e+00 | 57  0.07253  -3.2638e+00
 58  0.12734   4.5404e+00 | 59  0.07448   1.5270e+00 | 60 -0.10385  -4.5413e+00
 61 -0.06215  -2.5704e+00 | 62  0.05916   2.3039e+00 | 63 -0.02339  -4.2523e+00
 64 -0.05348  -6.2239e+00 | 65 -0.05430  -5.9139e+00 | 66 -0.03000  -4.5806e+00
 67 -0.05049  -4.5607e+00 | 68 -0.04638  -6.5806e+00 | 69 -0.07135  -7.3683e+00
 70 -0.05912  -7.1158e+00 | 71  0.06478  -5.0443e+00 | 72  0.04037  -5.9167e+00
 73  0.00209  -6.4760e+00 | 74  0.00513  -5.5957e+00 | 75  0.10896  -2.3261e+00
 76  0.09454  -2.1110e+00 | 77 -0.04086  -7.8179e+00 | 78 -0.04051  -5.0606e+00
 79  0.09729  -4.0243e+00 | 80  0.31219   1.4599e+00 | 81  0.43538  -8.0333e+00
 82 -0.11904  -7.8059e+00 | 83 -0.03367  -8.4410e+00 | 84  0.08207  -7.0388e+00
 85 -0.00539   7.6289e+00 | 86  0.06681   6.2187e+00 | 87  0.20681   1.2581e+01
 88 -0.09503   7.1420e+00 | 89 -0.21805   5.2645e+00 | 90 -0.15976   5.3192e+00
 91 -0.05166   5.0411e+00 | 92 -0.00618   6.8022e+00 | 93  0.01854   5.9308e+00
 94  0.16617   1.1784e+01 | 95  0.00651   6.2843e+00 | 96 -0.01493   5.2887e+00
 97  0.01906   6.9558e+00 | 98  0.08897   5.5738e+00 | 99  0.10147   5.4919e+00
100  0.07435   8.9038e+00 |101  0.08487   9.8037e+00 |102 -0.09115   5.7985e+00
103 -0.08778   7.4106e+00 |104  0.07105   1.1548e+01 |105  0.02623   1.0271e+01
106 -0.01950   1.0870e+01 |107 -0.07688   5.8532e+00 |108  0.04158   4.5209e+00
109  0.11647   8.7475e+00 |110  0.10155   1.2461e+01 |111 -0.00160   6.8560e+00
112 -0.16637   3.9817e+00 |113 -0.16965   5.0478e+00 |114 -0.04676   6.3406e+00
115  0.13214   1.0160e+01 |116  0.01047   6.3333e+00 |117  0.08919   7.5802e+00
118  0.03110   6.3828e+00 |119 -0.01305   6.7321e+00 |120 -0.01530   5.7321e+00
121  0.13185   6.7914e+00 |122  0.19419   3.0899e+00 |123 -0.51537   8.8428e+00
124  0.10994   7.1539e+00 |125 -0.00867   7.0569e+00 |126 -0.16318   6.0890e+00
127 -0.05273  -9.6844e-01 |128 -0.06399  -9.6687e-01 |129 -0.01681  -9.7144e-01
130 -0.05443  -9.6823e-01 |131 -0.05450  -9.6822e-01 |132 -0.00194  -9.7177e-01
133  0.00894  -9.7168e-01 |134  0.07794  -9.6450e-01 |135 -0.03102  -9.7062e-01
136  0.03598  -9.7022e-01 |137 -0.02477  -9.7104e-01 |138  0.01725  -9.7142e-01
139  0.02259  -9.7116e-01 |140 -0.00525  -9.7174e-01 |141 -0.01108  -9.7163e-01
142 -0.00939  -9.7167e-01 |143 -0.00573  -9.7174e-01 |144 -0.06365  -9.6692e-01
145 -0.01123  -9.7162e-01 |146  0.08343  -9.6344e-01 |147 -0.01717  -9.7142e-01
148  0.03748  -9.7009e-01 |149 -0.03665  -9.7017e-01 |150  0.00012  -9.7178e-01
151  0.04341  -9.6952e-01 |152  0.01733  -9.7142e-01 |153 -0.01295  -9.7157e-01
154 -0.00103  -9.7177e-01 |155  0.01962  -9.7131e-01 |156  0.02688  -9.7091e-01
157  0.04036  -9.6982e-01 |158  0.01768  -9.7140e-01 |159  0.03485  -9.7032e-01
160 -0.03073  -9.7064e-01 |161  0.06188  -9.6719e-01 |162  0.00019  -9.7178e-01
163  0.01446  -9.7153e-01 |164 -0.06120  -9.6729e-01 |165  0.00188  -9.7177e-01
166  0.02215  -9.7119e-01 |167 -0.01674  -9.7144e-01 |168 -0.00347  -9.7176e-01
169  0.00990  -4.8186e+02 |170  0.00894  -2.7449e+01 |171  0.00405  -1.3382e+01
172  0.02658  -1.0508e+01 |173  0.07894  -1.8959e+01 |174  0.04079  -1.5391e+01
175  0.03947   7.9263e-01 |176  0.01708   1.0111e+01 |177  0.04794   1.5992e+01
178  0.07660  -2.3033e+01 |179  0.15391  -1.5531e+00 |180 -0.55005  -2.7863e+00
181  0.09838  -9.1640e+00 |182 -0.74125  -1.3929e+00 |183 -0.00320  -1.3373e+00
184 -0.02651  -3.0874e+01 |185 -0.00065  -2.5740e+01 |186 -0.01583  -2.8153e+01
187 -0.04487  -1.6858e+01 |188 -0.03015  -5.6082e+00 |189  0.02465  -8.3881e+00
190  0.03240  -7.8354e+00 |191  0.02920  -2.5724e+01 |192  0.02453   2.8112e+00
193 -0.01364  -1.2565e+01 |194 -0.08325  -4.7480e+00 |195 -0.00178  -6.1194e+00
196  0.05718  -1.5512e+01 |197  0.03193   1.4573e+00 |198 -0.00136  -1.4991e+01
199  0.01357  -2.8459e+00 |200  0.01149  -1.7307e+01 |201  0.01406  -1.1651e+01
202  0.11738  -2.1488e+01 |203  0.11611  -1.1231e+00 |204  0.10054  -1.1208e+01
205 -0.02909  -5.9820e-01 |206 -0.16138  -4.2884e+00 |207 -0.14457  -8.7565e+00
208 -0.09739  -1.3893e+01 |209 -0.03362   2.8481e+00 |210  0.06417   4.3708e+00
211  0.61493  -1.9568e+00 |212 -0.05613   1.3837e+02 |213  0.03497   5.8848e+01
214  0.04585   2.8333e-08 |215 -0.63321   3.5127e+00 |216 -0.77890  -1.9187e+01
217  0.02221   5.9540e+00 |218 -0.15544   6.9152e+00 |219 -0.25985  -1.3073e+00
220 -0.06982  -1.4987e+00 |221  0.01574  -5.5799e+00 |222 -0.00479   1.7708e+00
223  0.01603   4.3698e+00 |224 -0.01545   8.0061e+00 |225 -0.02672   2.8387e+00
226  0.09697   6.5111e+00 |227  0.06123  -4.7558e+00 |228  0.19055  -1.2755e-01
229  0.10288   2.9565e+00 |230  0.09174   2.5226e+00 |231  0.04096   9.8350e-01
232  0.03368   6.7285e+00 |233  0.04870   1.3146e+00 |234  0.11991   4.1080e+00
235 -0.13877   2.7214e+00 |236 -0.13688   2.0814e+00 |237  0.00402   2.9586e+00
238  0.03100  -5.1387e-01 |239 -0.10550  -3.0239e+00 |240 -0.14450  -4.7319e+00
241 -0.06281   1.8056e+00 |242  0.02764   8.4617e+00 |243  0.05310  -5.8821e-01
244 -0.01956  -3.5119e+00 |245 -0.11462   5.1821e+00 |246 -0.23304   3.8642e+00
247 -0.10851   1.5244e+00 |248  0.00473   1.0791e+00 |249  0.05867   3.5400e-01
250  0.08765   2.2246e+00 |251  0.04816  -2.3171e+00 |252 -0.00971   4.2751e+00
253  0.00473   4.2288e+00 |254  0.13869  -2.3324e-01 |255  0.21597   5.1873e+00
256  0.24894   4.0929e+00 |257 -0.13656   4.0060e+00 |258  0.09587  -6.8016e+00
259  0.15377   1.3702e+02 |260 -0.86855  -1.6717e+01 |261 -0.84309   2.0123e+01
262 -1.11312   1.0956e+00 |263  0.17726   2.9440e+01 |264 -0.61886   1.7256e+01
265 -0.26285   2.8046e+01 |266  0.08499   3.0347e+01 |267 -0.21338   2.8916e+01
268 -0.19389   2.9210e+01 |269 -0.17064   2.9526e+01 |270  0.12216   3.0058e+01
271 -0.15832   2.9678e+01 |272  0.46810   2.2709e+01 |273 -0.11717   3.0102e+01
274  0.02623   3.0594e+01 |275 -0.16466   2.9601e+01 |276  0.11772   3.0098e+01
277  0.30955   2.7071e+01 |278  0.43041   2.3884e+01 |279 -0.19579   2.9183e+01
280 -0.35490   2.5984e+01 |281  0.07109   3.0429e+01 |282  0.60826   1.7675e+01
283 -0.23423   2.8570e+01 |284 -0.10877   3.0174e+01 |285 -0.02774   3.0591e+01
286  0.20647   2.9023e+01 |287 -0.03422   3.0575e+01 |288  0.09379   3.0288e+01
289 -0.05396   3.0510e+01 |290  0.09069   3.0309e+01 |291 -0.18698   2.9308e+01
292 -0.10672   3.0190e+01 |293  0.11927   3.0084e+01 |294 -0.41707   2.4280e+01
295 -0.47083   2.2620e+01 |296  0.25775   2.8144e+01 |297  0.29644   2.7360e+01
298  0.36057   2.5838e+01 |299  0.09779   3.0259e+01 |300  0.21992   2.8811e+01
301 -0.03529   3.0573e+01 |302 -0.02236   3.0601e+01 |303  0.46861  -2.9808e+01
304  0.06652   1.7802e+01 |305 -0.89583   1.1889e+02 |306  0.25844   1.2552e+01
307 -0.88704  -9.3846e+00 |308 -0.51675   2.8800e+01 |
19.988 7.29152 100.814 50.1664 
11.419 11.419 48.7207 51.2516 
6.27446 9.47451 0 1.1563 11.0718 
0 2.23463 0 0 0.466537 18.7969 0 
20.0286 7.26078 100.827 50.1212 
11.3495 11.3495 48.727 51.2605 
6.29019 9.49422 0 1.17352 11.1356 
0 2.2415 0 0 0.467247 18.7161 0 
20.0357 7.32067 100.77 50.0573 
11.3974 11.3974 48.5941 51.2613 
6.30579 9.49074 0 1.18736 11.1501 
0 2.26447 0 0 0.466011 18.6535 0 
19.9721 7.31357 100.653 49.9059 
11.3749 11.3749 48.4911 51.3024 
6.34858 9.49181 0 1.21449 11.3022 
0 2.26454 0 0 0.46803 18.6335 0 
19.9887 7.41025 100.505 49.8665 
11.1802 11.1802 48.3561 51.3089 
6.33372 9.72439 0 1.24494 11.4441 
0 2.25446 0 0 0.461415 18.4075 0 
19.8009 7.57775 100.347 49.7683 
11.5521 11.5521 48.2621 51.1047 
6.47714 9.55621 0 1.27505 11.6139 
0 2.18444 0 0 0.484743 18.4147 0 
19.8905 7.48315 100.407 49.8053 
11.3396 11.3396 48.2856 51.2143 
6.38809 9.61352 0 1.25834 11.5197 
0 2.21663 0 0 0.4714 18.4107 0 
20.0566 7.54371 100.148 49.7056 
11.5399 11.5399 48.4694 51.2905 
6.33728 9.29022 0 1.29751 11.3375 
0 2.19531 0 0 0.474637 18.3802 0 
20.1122 7.53777 100.098 49.5534 
11.5527 11.5527 48.3962 51.2076 
6.319 9.44262 0 1.33914 11.4506 
0 2.14352 0 0 0.474888 18.3667 0 
20.0692 7.55052 100.074 49.5549 
11.5403 11.5403 48.3162 51.2255 
6.29214 9.44391 0 1.38826 11.5786 
0 2.1175 0 0 0.468591 18.2835 0 
20.052 7.5641 99.9429 49.5126 
11.5635 11.5635 48.3283 51.2712 
6.22352 9.27681 0 1.33846 11.4802 
0 2.27113 0 0 0.478192 18.3652 0 
308 variables; iteration 210; function evaluation 243; phase 1
Function value   3.4589368e+02; maximum gradient component mag  -3.0620e+02
Var   Value    Gradient   |Var   Value    Gradient   |Var   Value    Gradient
  1 -1.98943   6.4337e-01 |  2  0.18037  -1.2230e+01 |  3  0.19370  -3.3204e+00
  4  0.19740  -3.7271e+00 |  5  0.19883   5.8812e+00 |  6  0.19324   4.9547e+00
  7  0.18093   5.2521e+00 |  8  0.17521   2.9890e+00 |  9  0.17500   5.5217e+00
 10  0.15074   2.0591e+00 | 11  0.13181   8.5741e+00 | 12  0.12919   3.3267e+00
 13  0.10407   9.8549e-02 | 14  0.05700   2.3127e-01 | 15 -0.01957  -9.0145e-01
 16 -0.06188   1.8242e+00 | 17 -0.22074  -1.8327e-01 | 18 -0.03274   4.5011e+00
 19 -0.29377  -7.9529e-03 | 20 -0.13153   1.3267e-01 | 21 -0.20963  -4.7548e-01
 22  0.08516  -1.0312e+00 | 23 -0.18082  -8.1615e-04 | 24  0.00630  -1.4447e-01
 25  0.08445  -8.2324e-01 | 26  0.12756   7.5462e-01 | 27  0.15299   3.8223e-02
 28  0.15294  -4.1894e+00 | 29  0.14807  -3.2189e-01 | 30  0.15048  -4.2599e-01
 31  0.15600   1.1958e+00 | 32  0.14833   1.1910e+00 | 33  0.13218   3.4346e+00
 34  0.11711   3.5289e+00 | 35  0.12648   2.6605e+00 | 36  0.12167   1.0451e+00
 37  0.08883  -1.4631e+00 | 38  0.05362   1.7995e+00 | 39 -1.97869   2.0809e+00
 40 -0.04074  -6.1964e-01 | 41 -0.15164  -8.2317e-01 | 42 -1.66855   1.9308e-01
 43  0.00766  -2.5879e+00 | 44 -0.04701  -1.0218e+00 | 45 -0.06423   3.1551e-01
 46 -0.16414  -2.2831e+00 | 47 -0.17189  -1.0961e+00 | 48 -0.15085  -2.7273e+00
 49 -0.10367  -2.1548e+00 | 50 -0.05595  -2.4161e+00 | 51 -0.03142  -4.0748e+00
 52  0.02988  -4.5524e+00 | 53 -0.00645  -4.9484e+00 | 54  0.01009  -5.0546e+00
 55 -0.00462  -4.2084e+00 | 56  0.03187  -2.3872e+00 | 57  0.07326   4.9813e-01
 58  0.11595   4.3170e+00 | 59  0.07802   2.1244e+00 | 60 -0.10124  -1.8039e+00
 61 -0.06939  -1.5230e+00 | 62  0.05780   1.0781e+00 | 63 -0.01839  -1.8989e+00
 64 -0.05321  -2.7855e+00 | 65 -0.04946  -1.5854e+00 | 66 -0.02336  -5.1072e-01
 67 -0.06168  -2.0363e+00 | 68 -0.05465  -3.0273e+00 | 69 -0.07072  -2.7124e+00
 70 -0.05879  -2.6039e+00 | 71  0.07039  -1.0480e-01 | 72  0.04415  -6.8370e-01
 73  0.00235  -1.2180e+00 | 74  0.01437   4.3498e-01 | 75  0.09676   1.7902e+00
 76  0.09135   2.8608e+00 | 77 -0.02643  -1.9036e+00 | 78 -0.04318  -8.6495e-01
 79  0.10193   8.2991e-02 | 80  0.30991  -2.5183e-01 | 81  0.41856  -4.4058e+00
 82 -0.13176  -4.4233e+00 | 83 -0.03511  -3.3835e+00 | 84  0.07582  -2.5466e+00
 85 -0.00186   3.7337e+00 | 86  0.06777  -3.6903e-01 | 87  0.21036   1.9514e+00
 88 -0.10648   3.5315e+00 | 89 -0.21942   3.4366e+00 | 90 -0.14304   5.1834e+00
 91 -0.03080   6.2916e+00 | 92 -0.00521   6.3154e+00 | 93  0.02532   5.2316e+00
 94  0.16742   8.0653e+00 | 95  0.01199   3.7844e+00 | 96 -0.00538   3.3029e+00
 97 -0.01397   1.8762e+00 | 98  0.09458   2.9623e+00 | 99  0.10763   2.1379e+00
100  0.05296   2.0048e+00 |101  0.08768   5.4513e+00 |102 -0.08294   4.0468e+00
103 -0.10078   4.1055e+00 |104  0.07625   8.2850e+00 |105  0.02513   5.6891e+00
106 -0.05425   3.9965e+00 |107 -0.06384   3.1685e+00 |108  0.06951   3.1299e+00
109  0.10446   6.0010e+00 |110  0.08578   5.9039e+00 |111 -0.00418   3.1908e+00
112 -0.15675   2.1753e+00 |113 -0.14955   3.9262e+00 |114 -0.04492   3.6297e+00
115  0.12672   6.5891e+00 |116  0.01350   4.9155e+00 |117  0.08807   6.3209e+00
118  0.03800   5.5783e+00 |119 -0.01424   5.7794e+00 |120  0.00154   5.5910e+00
121  0.13324   7.2196e+00 |122  0.19672   7.8696e+00 |123 -0.53533   7.1934e+00
124  0.09413   3.1318e+00 |125  0.00584   5.2033e+00 |126 -0.20165   2.3672e+00
127 -0.05426  -7.2591e-01 |128 -0.05776  -7.2556e-01 |129 -0.01715  -7.2829e-01
130 -0.05601  -7.2574e-01 |131 -0.05608  -7.2573e-01 |132 -0.00198  -7.2855e-01
133  0.00903  -7.2848e-01 |134  0.07730  -7.2319e-01 |135 -0.03178  -7.2765e-01
136  0.03602  -7.2739e-01 |137 -0.02533  -7.2798e-01 |138  0.01738  -7.2829e-01
139  0.02272  -7.2809e-01 |140 -0.00533  -7.2853e-01 |141 -0.01128  -7.2844e-01
142 -0.00956  -7.2847e-01 |143 -0.00583  -7.2853e-01 |144 -0.05731  -7.2561e-01
145 -0.01144  -7.2844e-01 |146  0.08281  -7.2240e-01 |147 -0.01751  -7.2828e-01
148  0.03751  -7.2729e-01 |149 -0.03761  -7.2729e-01 |150  0.00011  -7.2856e-01
151  0.04336  -7.2687e-01 |152  0.01746  -7.2828e-01 |153 -0.01319  -7.2840e-01
154 -0.00105  -7.2856e-01 |155  0.01975  -7.2821e-01 |156  0.02699  -7.2790e-01
157  0.04036  -7.2709e-01 |158  0.01782  -7.2827e-01 |159  0.03491  -7.2746e-01
160 -0.03148  -7.2767e-01 |161  0.06150  -7.2516e-01 |162  0.00019  -7.2856e-01
163  0.01459  -7.2837e-01 |164 -0.06293  -7.2500e-01 |165  0.00190  -7.2855e-01
166  0.02228  -7.2811e-01 |167 -0.01708  -7.2829e-01 |168 -0.00352  -7.2855e-01
169  0.01008  -3.0620e+02 |170  0.01360  -1.7401e+01 |171  0.00431  -1.5812e+01
172  0.02881  -9.8698e+00 |173  0.07920  -1.9304e+01 |174  0.04271  -8.4941e+00
175  0.03986   2.4460e+00 |176  0.01260   1.4925e-01 |177  0.04298   8.2890e+00
178  0.07939  -1.0934e+01 |179  0.15302   6.5655e+00 |180 -0.55781  -3.1410e+00
181  0.09835  -5.6157e+00 |182 -0.75154  -1.5951e+00 |183 -0.00916  -8.3482e+00
184 -0.02230  -2.1655e+01 |185 -0.00394  -1.4708e+01 |186 -0.01378  -5.9655e+00
187 -0.04293  -5.7025e+00 |188 -0.03278  -6.3488e+00 |189  0.02508  -7.3553e+00
190  0.03096  -7.9754e+00 |191  0.02898  -2.2023e+01 |192  0.02342   5.2847e+00
193 -0.01426  -1.0514e+01 |194 -0.08599  -5.7112e+00 |195 -0.00324  -8.2651e+00
196  0.05861  -8.7728e+00 |197  0.03163   1.8463e-01 |198  0.00007  -1.4856e+01
199  0.01323  -6.0138e+00 |200  0.01188  -1.6755e+01 |201  0.01284  -1.0475e+01
202  0.11717  -1.9871e+01 |203  0.11615  -3.8904e+00 |204  0.10271  -9.0102e+00
205 -0.04815  -3.5172e+00 |206 -0.11468  -3.2033e+00 |207 -0.15687  -7.3917e+00
208 -0.09304  -8.7505e+00 |209 -0.04184  -8.9903e+00 |210  0.05882  -4.8391e+00
211  0.63176  -2.2498e+00 |212 -0.05795   8.2059e+01 |213  0.03640   3.6399e+01
214  0.04585   2.8333e-08 |215 -0.63343  -1.1237e-01 |216 -0.77705  -1.0904e+01
217  0.02257   1.4355e+01 |218 -0.15780   3.9050e+00 |219 -0.25630   1.6268e+00
220 -0.06059   4.4660e+00 |221  0.02590  -7.1130e-02 |222 -0.00460   2.4790e+00
223  0.01095   3.1432e+00 |224 -0.02851  -2.6225e+00 |225 -0.02957   6.9979e-01
226  0.08873  -1.2641e-03 |227  0.06410  -3.5627e+00 |228  0.20747   4.0390e+00
229  0.11204   2.5899e+00 |230  0.09841   5.3257e+00 |231  0.03752   8.4369e-01
232  0.03327   3.3408e+00 |233  0.05140   2.1008e+00 |234  0.12202   6.5309e+00
235 -0.13727   3.4429e+00 |236 -0.13671   1.5479e+00 |237  0.00365   1.2468e+00
238  0.03105  -2.1681e+00 |239 -0.10602   6.7469e-01 |240 -0.14230   2.9887e+00
241 -0.05322   5.2698e+00 |242  0.02861   5.2288e+00 |243  0.04629  -2.1520e+00
244 -0.02066   1.7539e-01 |245 -0.11896   4.0088e+00 |246 -0.23522   1.7927e+00
247 -0.10554   2.6360e+00 |248  0.00825   3.0260e+00 |249  0.06104   1.9337e+00
250  0.08458   1.7161e-01 |251  0.05262   1.5226e-01 |252 -0.01586   1.0314e+00
253 -0.00310  -9.7942e-01 |254  0.14589   1.7829e+00 |255  0.21391   3.4346e+00
256  0.23775   9.6495e-01 |257 -0.15421  -1.2958e-01 |258  0.09560  -2.5076e+01
259  0.15261   1.0267e+02 |260 -0.86799   9.9153e+00 |261 -0.84274   3.0194e+01
262 -1.11373   5.2636e-01 |263  0.16651  -1.8840e-01 |264 -0.52558  -1.3226e-01
265 -0.19605  -1.8585e-01 |266  0.02051  -1.9493e-01 |267 -0.16430  -1.8857e-01
268 -0.15154  -1.8953e-01 |269 -0.06109  -1.9413e-01 |270  0.15528  -1.8926e-01
271 -0.19165  -1.8626e-01 |272  0.40717  -1.5648e-01 |273 -0.14601  -1.8992e-01
274  0.04514  -1.9454e-01 |275 -0.10162  -1.9255e-01 |276  0.08256  -1.9339e-01
277  0.27813  -1.7671e-01 |278  0.31552  -1.7156e-01 |279 -0.16635  -1.8841e-01
280 -0.34084  -1.6774e-01 |281  0.16747  -1.8832e-01 |282  0.54062  -1.2883e-01
283 -0.16504  -1.8851e-01 |284 -0.12030  -1.9156e-01 |285 -0.07947  -1.9351e-01
286  0.21792  -1.8371e-01 |287 -0.09981  -1.9264e-01 |288  0.02751  -1.9485e-01
289 -0.07251  -1.9377e-01 |290  0.01920  -1.9494e-01 |291 -0.06062  -1.9415e-01
292 -0.11016  -1.9212e-01 |293  0.15673  -1.8915e-01 |294 -0.41571  -1.5491e-01
295 -0.42626  -1.5292e-01 |296  0.29806  -1.7404e-01 |297  0.21809  -1.8370e-01
298  0.31822  -1.7117e-01 |299  0.16589  -1.8845e-01 |300  0.28532  -1.7577e-01
301 -0.14621  -1.8991e-01 |302 -0.13543  -1.9063e-01 |303  0.46961  -2.4210e+01
304  0.06769   1.1830e+01 |305 -0.89571   1.1789e+02 |306  0.26039   1.5024e+01
307 -0.88661   9.1980e+00 |308 -0.51870   2.4027e+01 |
20.0663 7.53504 100.179 49.3515 
11.5191 11.5191 48.1318 51.2539 
6.28203 9.2229 0 1.31234 11.4927 
0 2.46536 0 0 0.475419 18.2104 0 
20.1235 7.55579 100.177 49.2808 
11.5729 11.5729 48.0732 51.2614 
6.29628 9.21308 0 1.29113 11.5103 
0 2.43673 0 0 0.472021 18.2202 0 
20.1249 7.51792 100.207 49.3337 
11.4392 11.4392 48.1791 51.2638 
6.31581 9.26623 0 1.27823 11.5394 
0 2.36361 0 0 0.475921 18.1961 0 
20.1904 7.51349 100.171 49.3384 
11.4619 11.4619 48.1768 51.2327 
6.25305 9.29918 0 1.26698 11.6004 
0 2.28741 0 0 0.479807 18.2125 0 
20.1988 7.25189 100.511 49.3444 
11.4589 11.4589 48.1994 51.2179 
6.13906 9.36756 0 1.29385 11.8443 
0 2.2025 0 0 0.470811 18.1139 0 
20.2397 7.23818 100.338 49.1422 
11.4967 11.4967 48.1305 51.2454 
6.13601 9.42148 0 1.43188 12.0324 
0 2.23336 0 0 0.469708 18.0831 0 
20.2153 7.24096 100.426 49.2424 
11.4753 11.4753 48.1622 51.2301 
6.13215 9.38653 0 1.35774 11.9323 
0 2.2142 0 0 0.470201 18.0994 0 
20.245 7.19394 100.358 49.2007 
11.4174 11.4174 48.1531 51.2093 
6.116 9.52732 0 1.41561 11.956 
0 2.22825 0 0 0.472604 18.0393 0 
20.2867 7.1573 100.355 49.206 
11.4278 11.4278 48.1804 51.182 
6.04743 9.56454 0 1.4019 11.9314 
0 2.21123 0 0 0.470209 18.0199 0 
20.2507 7.15656 100.323 49.2185 
11.3915 11.3915 48.1808 51.1869 
6.02728 9.56791 0 1.38872 12.0169 
0 2.15299 0 0 0.467752 18.0236 0 
20.4285 7.10973 100.144 49.2715 
11.5674 11.5674 48.3146 51.0291 
6.17843 9.5247 0 1.38353 11.971 
0 2.0688 0 0 0.46832 17.9512 0 
308 variables; iteration 220; function evaluation 254; phase 1
Function value   3.4493610e+02; maximum gradient component mag  -4.0065e+02
Var   Value    Gradient   |Var   Value    Gradient   |Var   Value    Gradient
  1 -1.98352   6.5404e-01 |  2  0.18036  -1.2449e+01 |  3  0.19391  -1.2703e+00
  4  0.19694  -4.6393e-01 |  5  0.19812   5.6547e+00 |  6  0.19304   5.7945e+00
  7  0.18085   5.7706e+00 |  8  0.17586   2.6875e+00 |  9  0.17444   4.2947e+00
 10  0.15114   3.9383e+00 | 11  0.12987   6.1432e+00 | 12  0.12582  -4.3425e+00
 13  0.10267  -2.1415e+00 | 14  0.05784   2.3717e-01 | 15 -0.01302   2.7388e-01
 16 -0.06947   1.3139e+00 | 17 -0.14054   1.8400e-01 | 18 -0.06002   1.4762e+00
 19 -0.28284  -5.7948e-03 | 20 -0.14671   4.8756e-01 | 21 -0.21121  -4.8285e-01
 22  0.07950  -1.7383e+00 | 23 -0.17991  -5.8887e-04 | 24  0.01866   3.9779e-01
 25  0.08580  -4.4696e-01 | 26  0.12477  -2.5288e+00 | 27  0.15496   2.6676e+00
 28  0.15591   9.4003e-02 | 29  0.14958   5.2180e-01 | 30  0.15189   5.2643e-01
 31  0.15643   5.7963e-01 | 32  0.14722  -1.7980e+00 | 33  0.13177   1.8145e+00
 34  0.11887   5.7421e+00 | 35  0.12397  -3.0183e+00 | 36  0.12226   4.5458e+00
 37  0.08988  -8.8309e-01 | 38  0.05160  -2.4077e+00 | 39 -1.98781   4.0536e+00
 40 -0.04078  -6.3761e-01 | 41 -0.10635   4.1261e-02 | 42 -1.67584   2.0110e-01
 43 -0.00380  -7.2075e+00 | 44 -0.05685  -6.2889e+00 | 45 -0.06993  -5.0271e+00
 46 -0.16349  -6.6276e+00 | 47 -0.16915  -5.2930e+00 | 48 -0.14430  -6.7141e+00
 49 -0.10435  -6.5810e+00 | 50 -0.06966  -7.1993e+00 | 51 -0.04630  -8.0591e+00
 52  0.03461  -4.6496e+00 | 53 -0.00741  -5.0143e+00 | 54  0.00170  -6.5041e+00
 55  0.00002  -5.8794e+00 | 56  0.02546  -5.3820e+00 | 57  0.07955  -3.5112e+00
 58  0.11930  -3.3512e+00 | 59  0.06793  -5.5903e+00 | 60 -0.10811  -7.0350e+00
 61 -0.07531  -6.4002e+00 | 62  0.03546  -4.3207e+00 | 63 -0.01278  -4.5623e+00
 64 -0.03087  -3.9746e+00 | 65 -0.04993  -4.3707e+00 | 66 -0.02856  -3.0328e+00
 67 -0.05796  -4.2368e+00 | 68 -0.05355  -5.2777e+00 | 69 -0.07538  -5.7080e+00
 70 -0.05813  -5.3852e+00 | 71  0.07107  -2.3145e+00 | 72  0.04686  -3.6130e+00
 73  0.00399  -5.0545e+00 | 74  0.00996  -4.3678e+00 | 75  0.09836  -2.9575e+00
 76  0.08518  -2.0230e+00 | 77 -0.00644  -3.7434e+00 | 78 -0.05305  -5.2088e+00
 79  0.09803  -2.2745e+00 | 80  0.30967   1.3131e+00 | 81  0.47981  -7.0508e+00
 82 -0.12559  -8.0046e+00 | 83 -0.03429  -7.5151e+00 | 84  0.07748  -6.5423e+00
 85 -0.01205   1.0983e+00 | 86  0.08891  -2.7737e-01 | 87  0.21340   2.0720e+00
 88 -0.09486   6.0448e-01 | 89 -0.21049   8.3245e-01 | 90 -0.14249   2.1395e+00
 91 -0.03768   2.2826e+00 | 92 -0.01300   2.0089e+00 | 93  0.03355   1.9927e+00
 94  0.15709   2.5476e+00 | 95  0.01134   2.0613e+00 | 96  0.00498   3.0719e+00
 97 -0.00689   7.6471e-01 | 98  0.08777   2.1064e+00 | 99  0.10854   2.9617e+00
100  0.05833   1.6756e+00 |101  0.07548   1.7486e+00 |102 -0.07812   9.4191e-01
103 -0.09999   3.5403e-01 |104  0.07540   2.7598e+00 |105  0.02300   1.0370e+00
106 -0.05994   1.1354e+00 |107 -0.06555   1.1968e+00 |108  0.07532   3.0897e+00
109  0.09505   2.5412e+00 |110  0.07894   7.4385e-01 |111  0.00439   1.3296e+00
112 -0.13648   1.2446e+00 |113 -0.13835   2.3160e+00 |114 -0.04753   1.3919e+00
115  0.12037   4.0894e+00 |116  0.01137   1.5207e+00 |117  0.08026   1.5521e+00
118  0.03411   2.0999e+00 |119 -0.01918   2.8943e+00 |120 -0.01287   1.8878e+00
121  0.13141   4.2654e+00 |122  0.19547   5.9501e+00 |123 -0.57063   4.7780e+00
124  0.08976  -5.6449e-01 |125 -0.01438   4.4031e-01 |126 -0.15966   1.2137e+00
127 -0.05698   7.4215e-02 |128 -0.03963   7.4369e-02 |129 -0.01801   7.4484e-02
130 -0.05880   7.4196e-02 |131 -0.05888   7.4195e-02 |132 -0.00237   7.4513e-02
133  0.00881   7.4507e-02 |134  0.07559   7.3989e-02 |135 -0.03334   7.4412e-02
136  0.03560   7.4397e-02 |137 -0.02656   7.4449e-02 |138  0.01719   7.4487e-02
139  0.02250   7.4467e-02 |140 -0.00581   7.4511e-02 |141 -0.01194   7.4501e-02
142 -0.01016   7.4504e-02 |143 -0.00632   7.4510e-02 |144 -0.03887   7.4375e-02
145 -0.01210   7.4500e-02 |146  0.08109   7.3910e-02 |147 -0.01840   7.4483e-02
148  0.03706   7.4388e-02 |149 -0.03948   7.4370e-02 |150 -0.00024   7.4514e-02
151  0.04276   7.4346e-02 |152  0.01727   7.4486e-02 |153 -0.01391   7.4496e-02
154 -0.00142   7.4514e-02 |155  0.01955   7.4479e-02 |156  0.02674   7.4448e-02
157  0.03983   7.4368e-02 |158  0.01762   7.4485e-02 |159  0.03451   7.4404e-02
160 -0.03302   7.4414e-02 |161  0.06026   7.4180e-02 |162 -0.00016   7.4514e-02
163  0.01439   7.4495e-02 |164 -0.06582   7.4116e-02 |165  0.00158   7.4514e-02
166  0.02207   7.4469e-02 |167 -0.01794   7.4484e-02 |168 -0.00395   7.4512e-02
169  0.00956  -4.0065e+02 |170  0.01451  -1.7083e+00 |171  0.00509   2.3327e+00
172  0.03072   1.0180e+01 |173  0.07910  -2.3713e+00 |174  0.04280   6.6329e+00
175  0.03892   8.7932e+00 |176  0.01124   4.8655e+00 |177  0.03934   9.7801e+00
178  0.08140   1.5841e+00 |179  0.15287  -4.0851e+00 |180 -0.56207   5.4360e+00
181  0.09958   7.4294e+00 |182 -0.75317   3.4972e+00 |183 -0.00913   1.0274e+01
184 -0.01524   7.6423e+00 |185 -0.00716  -1.4120e+00 |186 -0.01430   2.2379e+00
187 -0.04234   5.0374e+00 |188 -0.03505   1.7609e+00 |189  0.02715   4.4160e+00
190  0.03295   6.1061e+00 |191  0.03160  -1.1858e+01 |192  0.02246   3.3025e+00
193 -0.01180   1.4404e+00 |194 -0.08339   8.9181e+00 |195 -0.00196   6.8713e+00
196  0.05941   1.0514e+00 |197  0.03022   7.3293e+00 |198  0.00260   7.6639e-01
199  0.01368   9.6219e+00 |200  0.01319   1.0343e+00 |201  0.01321   5.1855e+00
202  0.11873  -1.8123e+00 |203  0.11546  -1.5393e-01 |204  0.10348   5.1041e-01
205 -0.05785   6.7760e+00 |206 -0.12177   7.8686e+00 |207 -0.15475   5.6121e+00
208 -0.09084   1.0253e+01 |209 -0.04125   4.5953e+00 |210  0.06084   1.1595e+01
211  0.62707   5.1554e+00 |212 -0.05839   1.0607e+02 |213  0.03785   6.2874e+01
214  0.04585   2.8333e-08 |215 -0.63422  -3.1646e+00 |216 -0.77609  -6.0419e+00
217  0.02117  -6.5808e+00 |218 -0.16085   9.0997e-01 |219 -0.24497   4.0714e+00
220 -0.05547   7.2445e-01 |221  0.03634   9.4347e-01 |222  0.00434   5.1411e+00
223  0.01202   3.9448e-01 |224 -0.02679  -2.4870e+00 |225 -0.02748   2.6528e+00
226  0.09294   7.1429e-01 |227  0.06901  -1.5037e+00 |228  0.20411   3.7346e+00
229  0.10987   2.4731e-01 |230  0.09992   2.1652e+00 |231  0.03847   1.4766e-01
232  0.03090   8.6353e-01 |233  0.05123  -1.0945e+00 |234  0.11768   2.4143e+00
235 -0.14171   5.3181e-01 |236 -0.13798   6.7843e-01 |237  0.00070  -9.1593e-01
238  0.03165   4.7763e-01 |239 -0.10843   1.3349e+00 |240 -0.14646   1.9406e+00
241 -0.05878   4.8400e-01 |242  0.01845  -1.0240e+00 |243  0.04712  -4.2431e-01
244 -0.01282   5.6917e+00 |245 -0.12167  -2.1888e+00 |246 -0.23135   4.1336e-01
247 -0.10294   2.6153e-01 |248  0.00913   1.7673e+00 |249  0.05795  -3.9242e-01
250  0.08569   6.8149e-01 |251  0.05366   9.9960e-01 |252 -0.01919  -6.5538e-01
253 -0.00924  -2.7557e+00 |254  0.13988   7.6238e-01 |255  0.20825   1.3303e+00
256  0.23833   4.5565e-01 |257 -0.15376  -1.2171e+00 |258  0.09538  -8.3395e+00
259  0.15160   6.6063e+01 |260 -0.86767   3.2222e+01 |261 -0.84356   1.7480e+01
262 -1.11850   1.7443e+00 |263  0.11360  -2.5880e+01 |264 -0.49951  -1.8609e+01
265 -0.21403  -2.4825e+01 |266  0.00249  -2.6297e+01 |267 -0.11638  -2.5859e+01
268 -0.15896  -2.5482e+01 |269  0.00820  -2.6295e+01 |270  0.12958  -2.5754e+01
271 -0.20913  -2.4891e+01 |272  0.45153  -1.9955e+01 |273 -0.23653  -2.4503e+01
274  0.05094  -2.6213e+01 |275 -0.08554  -2.6060e+01 |276  0.04387  -2.6235e+01
277  0.36200  -2.2159e+01 |278  0.29907  -2.3448e+01 |279 -0.25312  -2.4246e+01
280 -0.18716  -2.5169e+01 |281  0.11830  -2.5844e+01 |282  0.48962  -1.8896e+01
283 -0.06513  -2.6160e+01 |284 -0.16241  -2.5446e+01 |285 -0.03394  -2.6260e+01
286  0.22174  -2.4718e+01 |287 -0.07580  -2.6111e+01 |288  0.03320  -2.6261e+01
289  0.02235  -2.6281e+01 |290  0.00087  -2.6297e+01 |291  0.04400  -2.6234e+01
292 -0.10927  -2.5911e+01 |293  0.13092  -2.5743e+01 |294 -0.39860  -2.1309e+01
295 -0.43934  -2.0280e+01 |296  0.34371  -2.2557e+01 |297  0.06031  -2.6179e+01
298  0.24822  -2.4323e+01 |299  0.17000  -2.5365e+01 |300  0.18494  -2.5195e+01
301 -0.18670  -2.5174e+01 |302 -0.08934  -2.6039e+01 |303  0.46984  -2.1102e+00
304  0.06950   1.4995e+01 |305 -0.89616   1.1995e+02 |306  0.26105   1.7960e+01
307 -0.88605   1.0472e+01 |308 -0.52141   1.6946e+01 |
20.5271 7.21242 100.203 49.1908 
11.4128 11.4128 48.318 50.9418 
6.17554 9.71884 0 1.30808 11.9775 
0 2.06904 0 0 0.460342 17.9152 0 
20.4672 7.16987 100.19 49.2286 
11.3723 11.3723 48.4116 50.864 
6.13545 9.70755 0 1.2877 12.1077 
0 2.01995 0 0 0.461505 17.9526 0 
20.5276 7.15874 100.229 49.2186 
11.2438 11.2438 48.3955 50.789 
6.0904 9.77535 0 1.31586 12.0777 
0 1.95739 0 0 0.462694 17.9511 0 
20.4091 7.20646 100.258 49.3461 
11.1478 11.1478 48.582 50.6305 
5.90741 9.86806 0 1.34786 11.9566 
0 1.93725 0 0 0.466419 17.9597 0 
20.4044 7.16646 100.101 49.275 
11.1938 11.1938 48.7439 50.5936 
5.99842 9.78709 0 1.47626 11.7072 
0 2.0157 0 0 0.468619 18.0221 0 
20.4012 7.19111 100.185 49.3062 
11.1664 11.1664 48.6437 50.6146 
5.93113 9.82723 0 1.39897 11.8557 
0 1.95997 0 0 0.46719 17.9847 0 
20.4004 7.27959 100.284 49.2669 
11.1523 11.1523 48.5838 50.5881 
5.89415 9.78203 0 1.39993 11.8171 
0 1.94868 0 0 0.462877 17.9886 0 
20.3527 7.38759 100.248 49.2758 
11.2207 11.2207 48.5864 50.5927 
5.87036 9.65455 0 1.42552 11.7389 
0 1.92749 0 0 0.462365 17.9979 0 
20.2894 7.47784 100.192 49.1902 
11.139 11.139 48.6035 50.6392 
5.9613 9.602 0 1.46862 11.7532 
0 1.90908 0 0 0.462477 17.9868 0 
20.2507 7.50463 100.251 49.2346 
11.1731 11.1731 48.5153 50.6319 
5.98359 9.56396 0 1.47846 11.6556 
0 1.90664 0 0 0.46204 17.954 0 
20.2915 7.54573 100.239 49.1418 
11.1594 11.1594 48.4681 50.6485 
5.97479 9.55691 0 1.47439 11.6343 
0 1.89119 0 0 0.462882 17.9826 0 
308 variables; iteration 230; function evaluation 265; phase 1
Function value   3.4416268e+02; maximum gradient component mag  -2.7635e+02
Var   Value    Gradient   |Var   Value    Gradient   |Var   Value    Gradient
  1 -1.97935   6.0412e-01 |  2  0.18243  -8.6601e+00 |  3  0.19203  -2.8233e+00
  4  0.19776   1.2481e+00 |  5  0.19716   3.9814e+00 |  6  0.19279   3.1617e+00
  7  0.17902   2.6022e-01 |  8  0.17649   4.4932e+00 |  9  0.17391   2.8420e+00
 10  0.15125   3.8640e+00 | 11  0.12904   6.1409e+00 | 12  0.12691  -1.4181e+00
 13  0.10281  -1.3614e+00 | 14  0.05927   9.7459e-01 | 15 -0.01075   6.4769e-01
 16 -0.07878   8.6649e-01 | 17 -0.18368  -1.1444e-01 | 18 -0.08513   1.2169e+00
 19 -0.26752  -2.9697e-03 | 20 -0.15463   5.2593e-01 | 21 -0.19626  -4.1404e-01
 22  0.10487   1.6770e+00 | 23 -0.17975  -7.2681e-04 | 24  0.03428   1.3346e+00
 25  0.09205   1.4660e+00 | 26  0.12559  -2.5415e+00 | 27  0.15575   2.9977e+00
 28  0.15693   8.9011e-01 | 29  0.15047   4.0380e-01 | 30  0.15222  -3.1827e-01
 31  0.15568  -3.1146e+00 | 32  0.14912   2.1427e-01 | 33  0.13084  -8.1377e-01
 34  0.11901   3.9931e+00 | 35  0.12496  -3.4169e+00 | 36  0.12387   5.9745e+00
 37  0.09332   5.4268e+00 | 38  0.05318  -2.9665e+00 | 39 -2.00211   1.2629e+00
 40 -0.04038  -8.6664e-01 | 41 -0.08893   1.0147e+00 | 42 -1.65318   1.7477e-01
 43 -0.00720  -5.7928e+00 | 44 -0.05104  -4.6556e+00 | 45 -0.07588  -4.3258e+00
 46 -0.16583  -5.2978e+00 | 47 -0.17154  -3.9849e+00 | 48 -0.15342  -5.7497e+00
 49 -0.09596  -3.5283e+00 | 50 -0.05522  -3.5129e+00 | 51 -0.02875  -4.6165e+00
 52  0.02415  -4.3501e+00 | 53 -0.01371  -4.5147e+00 | 54  0.00915  -4.3417e+00
 55  0.01012  -2.9137e+00 | 56  0.03174  -2.7989e+00 | 57  0.06254  -2.9061e+00
 58  0.11396  -2.8918e+00 | 59  0.07089  -5.1776e+00 | 60 -0.09192  -4.2515e+00
 61 -0.06714  -4.4845e+00 | 62  0.02420  -4.8379e+00 | 63  0.00105  -2.9078e+00
 64 -0.04422  -4.3796e+00 | 65 -0.04591  -2.8342e+00 | 66 -0.03100  -1.8031e+00
 67 -0.06385  -3.0459e+00 | 68 -0.05309  -3.5987e+00 | 69 -0.07462  -4.1519e+00
 70 -0.06601  -4.3397e+00 | 71  0.07346  -4.5246e-01 | 72  0.04241  -2.5778e+00
 73  0.00909  -3.2358e+00 | 74  0.00509  -3.6820e+00 | 75  0.10058  -2.4030e+00
 76  0.08798  -9.5286e-01 | 77 -0.00924  -2.5317e+00 | 78 -0.05060  -3.4655e+00
 79  0.09201  -1.9841e+00 | 80  0.31225   6.0280e-01 | 81  0.51274  -5.3071e+00
 82 -0.12610  -6.3669e+00 | 83 -0.02724  -5.2041e+00 | 84  0.03776  -6.1775e+00
 85 -0.01765  -2.3103e+00 | 86  0.09467  -3.0656e+00 | 87  0.21565  -1.0670e+00
 88 -0.08801  -1.7715e+00 | 89 -0.21510  -2.0090e+00 | 90 -0.16136  -2.0108e+00
 91 -0.04713  -1.6068e+00 | 92 -0.01623  -1.1994e+00 | 93  0.04575  -8.9384e-02
 94  0.15334   4.3019e-01 | 95  0.01044  -3.7369e-01 | 96 -0.02770  -2.6067e+00
 97 -0.00193  -2.3836e+00 | 98  0.08687  -2.1838e+00 | 99  0.10027  -1.6376e+00
100  0.07119   7.4653e-02 |101  0.07537  -8.9178e-01 |102 -0.07295  -2.0935e+00
103 -0.08265  -1.5548e+00 |104  0.06616  -9.2452e-01 |105  0.03974  -8.5256e-01
106 -0.05643  -1.6186e+00 |107 -0.07587  -1.9838e+00 |108  0.05229  -1.7011e+00
109  0.10545  -7.8495e-01 |110  0.08089  -5.8776e-01 |111  0.01982   1.1240e+00
112 -0.12175  -2.2395e-01 |113 -0.15459  -1.5024e+00 |114 -0.04644  -1.1961e+00
115  0.11727  -1.0725e-01 |116  0.02275  -7.4660e-01 |117  0.08043  -2.0231e+00
118  0.03734  -1.1271e+00 |119 -0.02601  -1.3119e+00 |120  0.00825   3.0740e-01
121  0.12766   2.2993e+00 |122  0.19930   3.9059e+00 |123 -0.60711   2.9123e+00
124  0.09960  -1.5227e+00 |125 -0.01876  -2.2045e+00 |126 -0.16021  -1.2689e+00
127 -0.05884   3.1223e-02 |128 -0.02515   3.1333e-02 |129 -0.01904   3.1343e-02
130 -0.06065   3.1215e-02 |131 -0.06073   3.1215e-02 |132 -0.00301   3.1357e-02
133  0.00839   3.1354e-02 |134  0.07511   3.1139e-02 |135 -0.03478   3.1310e-02
136  0.03544   3.1309e-02 |137 -0.02782   3.1327e-02 |138  0.01689   3.1346e-02
139  0.02226   3.1338e-02 |140 -0.00653   3.1355e-02 |141 -0.01280   3.1351e-02
142 -0.01098   3.1352e-02 |143 -0.00704   3.1355e-02 |144 -0.02417   3.1335e-02
145 -0.01297   3.1351e-02 |146  0.08058   3.1106e-02 |147 -0.01943   3.1343e-02
148  0.03690   3.1305e-02 |149 -0.04108   3.1292e-02 |150 -0.00083   3.1357e-02
151  0.04259   3.1287e-02 |152  0.01697   3.1346e-02 |153 -0.01482   3.1349e-02
154 -0.00204   3.1357e-02 |155  0.01928   3.1343e-02 |156  0.02653   3.1330e-02
157  0.03967   3.1296e-02 |158  0.01733   3.1346e-02 |159  0.03435   3.1312e-02
160 -0.03445   3.1311e-02 |161  0.05996   3.1218e-02 |162 -0.00075   3.1357e-02
163  0.01406   3.1350e-02 |164 -0.06748   3.1181e-02 |165  0.00103   3.1357e-02
166  0.02183   3.1339e-02 |167 -0.01896   3.1343e-02 |168 -0.00463   3.1356e-02
169  0.00972  -2.7635e+02 |170  0.01434   1.0300e+00 |171  0.00499  -2.0696e+00
172  0.02825  -2.1943e+00 |173  0.07915  -6.9502e+00 |174  0.04236  -1.9519e+00
175  0.03812  -3.4590e+00 |176  0.00932  -6.5071e+00 |177  0.03797   2.5606e-01
178  0.08039  -2.3584e-01 |179  0.15143  -6.3388e+00 |180 -0.57393   1.9784e-01
181  0.09821  -3.4942e+00 |182 -0.76563   3.3502e-01 |183 -0.01399  -2.8146e+00
184 -0.01737  -1.1524e+00 |185 -0.00619  -2.0749e+00 |186 -0.01322   8.0741e-01
187 -0.04207  -9.8081e-01 |188 -0.03482  -3.6191e+00 |189  0.02709   7.4681e-01
190  0.03233  -1.4308e+00 |191  0.03270  -1.6573e+01 |192  0.02082  -6.5575e+00
193 -0.01017  -4.6380e+00 |194 -0.08449   1.2910e+00 |195 -0.00173   5.8008e-01
196  0.05826  -1.0842e+01 |197  0.02781  -4.4275e+00 |198  0.00473  -3.0314e+00
199  0.01116  -4.9157e-01 |200  0.01560   4.5122e-01 |201  0.01290  -1.2973e+00
202  0.11875  -8.9579e+00 |203  0.11520  -6.6377e+00 |204  0.10409  -4.4444e+00
205 -0.06060  -1.7807e+00 |206 -0.11743   7.7076e-01 |207 -0.14661   4.3200e-01
208 -0.09073   4.2699e+00 |209 -0.03860   2.7016e-01 |210  0.06044   2.8330e+00
211  0.65549   5.1698e-01 |212 -0.05925   7.6194e+01 |213  0.03686   4.5447e+01
214  0.04585   2.8333e-08 |215 -0.63265  -2.6359e+00 |216 -0.77322   4.2428e-01
217  0.01999  -3.1556e+00 |218 -0.16616   7.4451e-01 |219 -0.24523   4.3938e+00
220 -0.05287   5.2519e-01 |221  0.04165   2.0464e+00 |222  0.00444   2.6338e+00
223  0.01015  -6.7782e-01 |224 -0.02627   1.1535e+00 |225 -0.03217   6.6927e-01
226  0.09687   1.3802e+00 |227  0.07769   8.8855e-01 |228  0.20064   1.0930e+00
229  0.10472  -6.0177e-01 |230  0.09242   4.1644e-01 |231  0.04059   1.0945e+00
232  0.02975  -1.1875e-03 |233  0.05485   1.1952e-01 |234  0.12004   2.0531e+00
235 -0.14211  -1.1963e+00 |236 -0.13082   3.0997e+00 |237  0.00411  -1.0142e-01
238  0.03644   1.7729e+00 |239 -0.10382   2.0623e+00 |240 -0.14785   1.7814e-01
241 -0.06992  -1.5207e+00 |242  0.01055  -1.0866e+00 |243  0.05099   2.7525e+00
244 -0.01915  -2.5805e-01 |245 -0.11950  -2.3424e+00 |246 -0.23297  -1.7889e+00
247 -0.10643  -2.9019e+00 |248  0.00498   1.0953e+00 |249  0.05624  -9.8740e-01
250  0.08828   7.9321e-01 |251  0.05664   1.2940e+00 |252 -0.01836  -6.4542e-01
253  0.00016   9.0762e-01 |254  0.13845  -3.0513e-01 |255  0.20433   3.1896e-01
256  0.23669   2.4523e-01 |257 -0.15127  -1.6437e+00 |258  0.09568   2.1359e+00
259  0.15055   3.2162e+01 |260 -0.86789   1.1549e+01 |261 -0.84465  -4.7953e+00
262 -1.12489   1.4965e+00 |263  0.06630   7.0607e+00 |264 -0.47198   5.2359e+00
265 -0.18195   6.8112e+00 |266  0.00377   7.0990e+00 |267 -0.01275   7.0977e+00
268 -0.19553   6.7669e+00 |269  0.01737   7.0965e+00 |270  0.15113   6.9001e+00
271 -0.23378   6.6258e+00 |272  0.42571   5.5702e+00 |273 -0.22855   6.6466e+00
274  0.04103   7.0844e+00 |275 -0.06064   7.0670e+00 |276 -0.04859   7.0785e+00
277  0.41055   5.6734e+00 |278  0.28263   6.4110e+00 |279 -0.27336   6.4547e+00
280 -0.12561   6.9614e+00 |281  0.14707   6.9106e+00 |282  0.46689   5.2740e+00
283  0.04729   7.0796e+00 |284 -0.19586   6.7658e+00 |285 -0.00985   7.0983e+00
286  0.22754   6.6505e+00 |287 -0.08544   7.0353e+00 |288  0.02739   7.0926e+00
289  0.07655   7.0479e+00 |290 -0.01572   7.0970e+00 |291  0.07301   7.0525e+00
292 -0.10487   7.0031e+00 |293  0.15231   6.8969e+00 |294 -0.37469   5.9046e+00
295 -0.44263   5.4512e+00 |296  0.33786   6.1226e+00 |297 -0.03225   7.0901e+00
298  0.21374   6.7028e+00 |299  0.16363   6.8659e+00 |300  0.10023   7.0114e+00
301 -0.23625   6.6159e+00 |302 -0.09395   7.0220e+00 |303  0.46951  -9.7218e+00
304  0.07058   1.0720e+01 |305 -0.89729   1.0899e+02 |306  0.26010   1.4025e+01
307 -0.88613   1.5609e+01 |308 -0.52196   1.2333e+01 |
20.1915 7.57437 100.265 49.2412 
11.1545 11.1545 48.5118 50.5893 
6.00479 9.48237 0 1.50841 11.4024 
0 1.92056 0 0 0.467563 17.9361 0 
20.3008 7.57827 100.254 49.2436 
11.1015 11.1015 48.506 50.5654 
5.90561 9.44618 0 1.48112 11.4205 
0 1.87914 0 0 0.467876 17.978 0 
20.3431 7.7257 100.452 49.2363 
11.1793 11.1793 48.4992 50.554 
5.81516 9.17959 0 1.47301 11.3562 
0 1.92942 0 0 0.453114 17.9584 0 
20.3158 7.64176 100.337 49.2342 
11.1357 11.1357 48.499 50.5591 
5.85902 9.32113 0 1.47753 11.3921 
0 1.89728 0 0 0.46128 17.9687 0 
20.3323 7.68192 100.308 49.2017 
11.1638 11.1638 48.4609 50.5487 
5.85068 9.32753 0 1.48068 11.3564 
0 1.90165 0 0 0.46235 17.9808 0 
20.3759 7.68744 100.321 49.1553 
11.1528 11.1528 48.4027 50.5595 
5.89574 9.31753 0 1.51466 11.3101 
0 1.90243 0 0 0.461119 17.9512 0 
20.4014 7.78746 100.299 49.112 
11.269 11.269 48.296 50.5756 
5.87403 9.29433 0 1.50989 11.2397 
0 1.89705 0 0 0.460752 17.9078 0 
20.4117 7.61901 100.24 48.9743 
11.3839 11.3839 48.2011 50.5733 
5.99894 9.21623 0 1.53793 11.1633 
0 1.92637 0 0 0.454173 18.0527 0 
20.4037 7.69838 100.262 49.0336 
11.3278 11.3278 48.2433 50.5736 
5.93638 9.24721 0 1.52489 11.1987 
0 1.91038 0 0 0.457148 17.9852 0 
20.3991 7.76945 100.316 48.8228 
11.2711 11.2711 48.3485 50.5437 
6.01758 9.19918 0 1.57437 11.1463 
0 1.88476 0 0 0.453476 18.0128 0 
20.4738 7.84088 100.26 48.8256 
11.323 11.323 48.3137 50.5012 
5.94584 9.20571 0 1.56435 11.0493 
0 1.88934 0 0 0.453618 18.0015 0 
20.4721 7.93597 100.33 48.9194 
11.424 11.424 48.2018 50.5096 
5.97471 9.1623 0 1.60229 11.1463 
0 1.86814 0 0 0.449666 17.8785 0 
308 variables; iteration 240; function evaluation 277; phase 1
Function value   3.4354395e+02; maximum gradient component mag  -9.6535e+01
Var   Value    Gradient   |Var   Value    Gradient   |Var   Value    Gradient
  1 -1.97428   5.9172e-01 |  2  0.18408  -2.4950e+00 |  3  0.19168   1.3909e-01
  4  0.19562  -1.7674e+00 |  5  0.19549  -1.5308e-01 |  6  0.19112   7.4027e-02
  7  0.17875   2.8015e+00 |  8  0.17340  -1.8582e+00 |  9  0.17263  -2.1669e+00
 10  0.14786  -3.1185e+00 | 11  0.12755   3.3134e+00 | 12  0.12663  -2.0937e+00
 13  0.10300  -1.7029e+00 | 14  0.05885   8.7606e-01 | 15 -0.01427  -1.9344e-01
 16 -0.08916   4.1265e-01 | 17 -0.21475  -1.9607e-01 | 18 -0.11348   5.2776e-01
 19 -0.25391   6.0490e-03 | 20 -0.15450   3.6804e-01 | 21 -0.19240  -3.6510e-01
 22  0.08846  -5.7491e-01 | 23 -0.18039  -6.0294e-04 | 24  0.00534  -1.5162e-01
 25  0.09593   3.3051e+00 | 26  0.12769   4.0311e-01 | 27  0.15471   2.2106e+00
 28  0.15692   1.9018e+00 | 29  0.15015   6.5206e-01 | 30  0.15117  -1.4358e+00
 31  0.15801   3.7366e+00 | 32  0.14772  -1.7210e+00 | 33  0.12862  -3.6778e+00
 34  0.11621   7.2867e-01 | 35  0.12540  -1.5059e+00 | 36  0.12308   3.3685e+00
 37  0.09338   6.3660e+00 | 38  0.05284  -3.2106e+00 | 39 -2.00377   1.8046e+00
 40 -0.03877  -3.4538e-01 | 41 -0.10130   1.2110e-01 | 42 -1.68147   1.8556e-01
 43 -0.01978  -1.8058e+00 | 44 -0.05078  -4.3763e-01 | 45 -0.08966  -1.5550e+00
 46 -0.16243  -1.4576e+00 | 47 -0.17217  -9.4357e-01 | 48 -0.15296  -2.6489e+00
 49 -0.10480  -1.4993e+00 | 50 -0.04687   8.1994e-02 | 51 -0.01301   1.5128e-01
 52  0.02646  -7.0938e-02 | 53 -0.00613   2.3563e-01 | 54  0.01854   5.9741e-01
 55  0.00935   6.0984e-01 | 56  0.02073  -8.6137e-01 | 57  0.06051  -9.2943e-01
 58  0.11123  -1.7976e+00 | 59  0.07652  -2.7709e+00 | 60 -0.09536  -1.3749e+00
 61 -0.05690  -5.3750e-01 | 62  0.01634  -2.4775e+00 | 63 -0.00241  -6.5903e-02
 64 -0.03150  -5.1338e-01 | 65 -0.05735  -1.5078e+00 | 66 -0.03796  -5.3007e-01
 67 -0.05641  -3.2442e-01 | 68 -0.04725  -7.5620e-01 | 69 -0.06764  -5.5393e-01
 70 -0.07394  -1.6856e+00 | 71  0.07668   3.3398e+00 | 72  0.04108   6.8327e-01
 73  0.00880   1.6422e-01 | 74 -0.00383  -1.3371e+00 | 75  0.10005  -2.3193e+00
 76  0.08917  -3.2222e+00 | 77 -0.03004  -4.1563e+00 | 78 -0.05955  -3.4919e+00
 79  0.09663  -3.8531e+00 | 80  0.31461  -9.1094e+00 | 81  0.55791  -2.5335e+00
 82 -0.11244  -1.6707e+00 | 83 -0.02345  -1.1596e+00 | 84  0.02251  -3.0990e+00
 85 -0.03708  -1.6865e+00 | 86  0.09864  -9.3268e-01 | 87  0.21833  -3.3381e-01
 88 -0.07634  -5.2817e-01 | 89 -0.20540  -1.3745e+00 | 90 -0.14306  -5.4707e-01
 91 -0.06305  -2.3588e+00 | 92 -0.02277  -1.7338e+00 | 93  0.04425  -1.6739e+00
 94  0.15472  -1.5747e+00 | 95  0.00611  -8.2715e-01 | 96 -0.03409  -2.5658e+00
 97  0.00260  -5.6348e-01 | 98  0.08881   1.8949e-01 | 99  0.10576  -3.1530e-01
100  0.07038   5.1752e-03 |101  0.07253  -9.5323e-01 |102 -0.06072  -1.2250e+00
103 -0.08474  -1.9160e+00 |104  0.06331  -1.9107e+00 |105  0.03135  -1.3057e+00
106 -0.03812  -7.0363e-01 |107 -0.05464  -1.0853e+00 |108  0.05612  -2.2344e+00
109  0.11291  -1.0417e+00 |110  0.07082  -3.1496e+00 |111  0.02157  -7.7655e-01
112 -0.14278  -1.8192e+00 |113 -0.16240  -1.6699e+00 |114 -0.03735  -2.9002e-01
115  0.11499   6.6996e-02 |116  0.02478  -1.6690e-01 |117  0.08450  -6.2571e-01
118  0.04273  -4.6892e-01 |119 -0.02525  -1.3569e+00 |120 -0.01135  -2.2734e+00
121  0.13412  -3.0634e+00 |122  0.19990  -3.6278e+00 |123 -0.67528   2.6516e+00
124  0.10268  -2.9779e+00 |125 -0.00667  -1.1665e+00 |126 -0.15944  -9.3223e-01
127 -0.06095  -5.6463e-02 |128 -0.01147  -5.6713e-02 |129 -0.02000  -5.6695e-02
130 -0.06278  -5.6447e-02 |131 -0.06285  -5.6446e-02 |132 -0.00353  -5.6722e-02
133  0.00810  -5.6718e-02 |134  0.07451  -5.6334e-02 |135 -0.03625  -5.6631e-02
136  0.03537  -5.6635e-02 |137 -0.02906  -5.6663e-02 |138  0.01673  -5.6703e-02
139  0.02216  -5.6688e-02 |140 -0.00713  -5.6719e-02 |141 -0.01358  -5.6710e-02
142 -0.01171  -5.6713e-02 |143 -0.00767  -5.6718e-02 |144 -0.01028  -5.6715e-02
145 -0.01375  -5.6709e-02 |146  0.07992  -5.6276e-02 |147 -0.02040  -5.6693e-02
148  0.03683  -5.6628e-02 |149 -0.04275  -5.6595e-02 |150 -0.00130  -5.6722e-02
151  0.04249  -5.6596e-02 |152  0.01681  -5.6703e-02 |153 -0.01566  -5.6705e-02
154 -0.00254  -5.6722e-02 |155  0.01915  -5.6697e-02 |156  0.02645  -5.6674e-02
157  0.03959  -5.6613e-02 |158  0.01717  -5.6702e-02 |159  0.03428  -5.6640e-02
160 -0.03591  -5.6632e-02 |161  0.05964  -5.6474e-02 |162 -0.00122  -5.6722e-02
163  0.01386  -5.6709e-02 |164 -0.06952  -5.6385e-02 |165  0.00060  -5.6722e-02
166  0.02172  -5.6690e-02 |167 -0.01992  -5.6695e-02 |168 -0.00519  -5.6721e-02
169  0.00938  -9.6535e+01 |170  0.01343   2.5916e+00 |171  0.00577   9.3220e-01
172  0.02722  -2.3011e-01 |173  0.08096   7.0667e+00 |174  0.04319   4.6329e+00
175  0.03963   4.8353e+00 |176  0.01300   8.0040e-01 |177  0.03924   9.7661e-01
178  0.08069  -2.8226e+00 |179  0.15235  -3.2616e-01 |180 -0.58846   2.0831e+00
181  0.09745  -1.8649e+00 |182 -0.76695   1.4235e+00 |183 -0.01531   2.0157e-01
184 -0.01570   7.4206e+00 |185 -0.00432   5.7900e+00 |186 -0.01262   3.3042e+00
187 -0.04164   4.6080e+00 |188 -0.03332   3.2886e+00 |189  0.02670   3.4560e+00
190  0.03189   2.1481e+00 |191  0.03359  -3.9317e+00 |192  0.01949  -1.4597e+00
193 -0.00782   3.8743e+00 |194 -0.08393   5.0860e+00 |195 -0.00264   2.4672e+00
196  0.05903  -3.7743e+00 |197  0.02608  -4.9674e+00 |198  0.00570   1.5537e+00
199  0.00929   7.6586e-01 |200  0.01462   5.3405e+00 |201  0.01352   7.8063e+00
202  0.11867   1.0107e+01 |203  0.11502   9.6756e+00 |204  0.10341   1.0841e+01
205 -0.03960   4.6124e+00 |206 -0.14677   3.7293e+00 |207 -0.13311   5.3349e+00
208 -0.09456   1.0314e+00 |209 -0.03746   3.4548e+00 |210  0.05695  -4.9560e-02
211  0.65799   2.0726e+00 |212 -0.06041   1.5292e+01 |213  0.03540   5.8211e+00
214  0.04585   2.8333e-08 |215 -0.63170  -4.5372e+00 |216 -0.77049   3.7435e+00
217  0.01815  -2.0951e+00 |218 -0.16761  -1.0190e+00 |219 -0.25077  -1.8157e+00
220 -0.04954  -3.6061e-01 |221  0.04629   1.5898e+00 |222  0.00370  -1.2122e+00
223  0.01143  -2.2339e+00 |224 -0.02839  -1.6198e+00 |225 -0.03785  -2.9453e+00
226  0.09210  -2.0185e+00 |227  0.08139   1.8200e+00 |228  0.19797  -1.3340e+00
229  0.10726   7.7866e-01 |230  0.09199  -1.5845e+00 |231  0.04359  -6.4911e-01
232  0.03195  -2.2462e+00 |233  0.06235   1.3151e+00 |234  0.11466  -2.8787e+00
235 -0.14306  -2.7764e+00 |236 -0.13478  -2.0803e+00 |237  0.00607   8.1305e-01
238  0.02808  -1.2391e+00 |239 -0.10976  -1.8063e+00 |240 -0.14422  -7.3061e-01
241 -0.06339  -1.4478e+00 |242  0.01923   1.9856e-02 |243  0.04961  -3.3843e-01
244 -0.01648   4.1364e-01 |245 -0.11353   1.5007e+00 |246 -0.23279  -2.9674e+00
247 -0.10448  -2.8625e+00 |248  0.00294  -1.7648e+00 |249  0.05666  -9.8669e-01
250  0.08651  -1.4355e+00 |251  0.05677  -1.2348e+00 |252 -0.01710  -2.2725e+00
253 -0.00718  -2.1797e+00 |254  0.13611   7.1228e-01 |255  0.20196  -5.3419e-01
256  0.23151  -2.1187e+00 |257 -0.14525   1.2106e+00 |258  0.09558  -1.3425e+01
259  0.14938  -5.7158e+00 |260 -0.86771   2.2462e+01 |261 -0.84474  -3.0201e+00
262 -1.13293   1.1337e+00 |263  0.02557  -3.3737e+01 |264 -0.41870  -2.6721e+01
265 -0.16980  -3.2571e+01 |266 -0.03906  -3.3701e+01 |267  0.13226  -3.3039e+01
268 -0.21217  -3.1907e+01 |269  0.05447  -3.3641e+01 |270  0.19716  -3.2158e+01
271 -0.26800  -3.0817e+01 |272  0.40281  -2.7228e+01 |273 -0.16414  -3.2649e+01
274  0.07015  -3.3560e+01 |275 -0.03839  -3.3703e+01 |276 -0.09355  -3.3401e+01
277  0.43359  -2.6231e+01 |278  0.28046  -3.0541e+01 |279 -0.31937  -2.9604e+01
280 -0.01737  -3.3752e+01 |281  0.15319  -3.2792e+01 |282  0.42787  -2.6422e+01
283  0.07662  -3.3520e+01 |284 -0.18809  -3.2302e+01 |285  0.02404  -3.3741e+01
286  0.24083  -3.1377e+01 |287 -0.07487  -3.3531e+01 |288  0.01178  -3.3759e+01
289  0.04670  -3.3674e+01 |290 -0.07250  -3.3546e+01 |291  0.03854  -3.3703e+01
292 -0.12270  -3.3139e+01 |293  0.18672  -3.2323e+01 |294 -0.36118  -2.8475e+01
295 -0.44929  -2.5699e+01 |296  0.31750  -2.9652e+01 |297 -0.04342  -3.3686e+01
298  0.09496  -3.3390e+01 |299  0.11339  -3.3230e+01 |300  0.03282  -3.3720e+01
301 -0.18760  -3.2309e+01 |302 -0.11532  -3.3212e+01 |303  0.46941  -2.0942e+01
304  0.07221   4.4763e+00 |305 -0.89924   8.2767e+01 |306  0.25890   8.7489e+00
307 -0.88616   2.4779e+01 |308 -0.52376   1.2852e+01 |
20.4862 7.90769 100.407 48.8844 
11.4697 11.4697 48.2598 50.4661 
5.96008 9.14045 0 1.59926 11.0181 
0 1.88173 0 0 0.450388 17.858 0 
20.5859 7.90948 100.417 48.8179 
11.4665 11.4665 48.2755 50.4084 
5.95107 9.16786 0 1.59624 10.9584 
0 1.87641 0 0 0.450108 17.8323 0 
20.5642 8.10017 100.4 48.7165 
11.415 11.415 48.1871 50.4081 
5.92935 9.24792 0 1.59295 10.8781 
0 1.85614 0 0 0.453703 17.795 0 
20.5639 8.0973 100.403 48.7109 
11.4193 11.4193 48.1915 50.4025 
5.93094 9.2467 0 1.59239 10.8668 
0 1.85788 0 0 0.453814 17.7928 0 
20.563 8.06822 100.44 48.6561 
11.4643 11.4643 48.2379 50.3467 
5.951 9.23707 0 1.58681 10.7539 
0 1.87873 0 0 0.454975 17.7713 0 
20.6852 8.01468 100.397 48.6273 
11.4894 11.4894 48.3289 50.2829 
5.90118 9.27982 0 1.53248 10.6484 
0 1.91336 0 0 0.455815 17.8015 0 
20.5515 7.96182 100.289 48.6149 
11.6254 11.6254 48.3602 50.2436 
6.12815 9.20344 0 1.63658 10.6703 
0 1.96118 0 0 0.453279 17.8315 0 
20.621 7.99574 100.345 48.6185 
11.543 11.543 48.3411 50.2653 
5.99129 9.24482 0 1.57748 10.658 
0 1.92974 0 0 0.454674 17.8144 0 
20.5945 7.88361 100.388 48.6373 
11.62 11.62 48.3677 50.2646 
5.98817 9.18444 0 1.55518 10.6194 
0 1.94352 0 0 0.457394 17.8293 0 
20.5314 7.86294 100.407 48.627 
11.5863 11.5863 48.3162 50.3248 
6.01176 9.18838 0 1.54514 10.5808 
0 1.97749 0 0 0.456407 17.8586 0 
20.5261 7.84512 100.43 48.5991 
11.5726 11.5726 48.3294 50.3309 
6.01206 9.17352 0 1.55035 10.5623 
0 1.97494 0 0 0.455726 17.8606 0 
20.5735 7.87901 100.457 48.5538 
11.4692 11.4692 48.3204 50.3363 
5.9911 9.19518 0 1.54924 10.6091 
0 1.97782 0 0 0.456216 17.8686 0 
308 variables; iteration 250; function evaluation 289; phase 1
Function value   3.4307395e+02; maximum gradient component mag   6.1159e+01
Var   Value    Gradient   |Var   Value    Gradient   |Var   Value    Gradient
  1 -1.97162   5.7219e-01 |  2  0.18527   7.3059e-01 |  3  0.19191   1.8257e+00
  4  0.19633  -5.7359e-01 |  5  0.19590   8.8491e-02 |  6  0.19123  -1.1301e+00
  7  0.17845   1.0390e+00 |  8  0.17391  -1.4236e+00 |  9  0.17286  -3.4173e+00
 10  0.14750  -4.6831e+00 | 11  0.12849   3.9845e+00 | 12  0.12737  -1.3349e+00
 13  0.10311  -2.4332e+00 | 14  0.05635  -1.0800e+00 | 15 -0.01563  -6.7757e-01
 16 -0.09306   1.5573e-01 | 17 -0.20787  -1.8543e-01 | 18 -0.13242   2.5085e-01
 19 -0.25417   2.8548e-03 | 20 -0.17374   1.7173e-01 | 21 -0.18878  -3.0886e-01
 22  0.09585   5.5997e-01 | 23 -0.18094  -4.5269e-04 | 24 -0.00628  -4.8786e-01
 25  0.09448   3.0633e+00 | 26  0.12697   2.6551e-01 | 27  0.15399   1.8978e+00
 28  0.15648   2.1810e+00 | 29  0.14959   4.9462e-01 | 30  0.15152   2.0173e-01
 31  0.15719   3.0629e+00 | 32  0.14698  -1.6063e+00 | 33  0.12734  -3.9432e+00
 34  0.11370  -1.0935e+00 | 35  0.12504   4.2597e-01 | 36  0.12137   2.6705e+00
 37  0.09032   1.3922e+00 | 38  0.05216  -1.3540e+00 | 39 -2.00170   2.8907e+00
 40 -0.04091  -6.7352e-01 | 41 -0.10397  -1.8952e-01 | 42 -1.70089   1.9206e-01
 43 -0.00498  -3.9226e-01 | 44 -0.06370  -1.5053e+00 | 45 -0.08717  -1.5552e+00
 46 -0.15190  -3.0886e-01 | 47 -0.18249  -1.6442e+00 | 48 -0.15305  -2.4314e+00
 49 -0.11451  -2.4773e+00 | 50 -0.06243  -1.8484e+00 | 51 -0.02478  -1.8251e+00
 52  0.02638  -1.7238e+00 | 53 -0.01911  -1.5503e+00 | 54  0.02456   3.6991e-01
 55  0.00667   4.8977e-02 | 56  0.02238  -1.0159e+00 | 57  0.05612  -1.5820e+00
 58  0.11015  -1.8957e+00 | 59  0.06961  -2.6237e+00 | 60 -0.08997  -2.0037e-01
 61 -0.05536   2.1757e-01 | 62  0.01982  -1.5269e+00 | 63 -0.02308  -6.8097e-01
 64 -0.02658   6.3573e-01 | 65 -0.04739  -3.2032e-01 | 66 -0.03957  -4.7885e-01
 67 -0.06366  -8.2354e-01 | 68 -0.03618   2.0085e-01 | 69 -0.07857  -1.3566e+00
 70 -0.06498  -6.0918e-01 | 71  0.07709   3.4543e+00 | 72  0.03880   8.8127e-01
 73  0.01404   1.1161e+00 | 74 -0.00458  -9.7559e-01 | 75  0.10089  -2.2940e+00
 76  0.08661  -3.2287e+00 | 77 -0.03253  -3.8047e+00 | 78 -0.04907  -2.1888e+00
 79  0.09031  -3.6703e+00 | 80  0.31396  -9.6314e+00 | 81  0.60665  -1.8942e+00
 82 -0.10926  -6.3719e-01 | 83 -0.02993  -9.1929e-01 | 84  0.04207  -1.6094e+00
 85 -0.04378  -1.6208e-01 | 86  0.10514   1.3183e+00 | 87  0.22016   6.4682e-01
 88 -0.09393  -6.9491e-01 | 89 -0.19723   7.2340e-01 | 90 -0.15503  -5.4901e-01
 91 -0.05208  -6.8982e-01 | 92 -0.02579  -9.8254e-01 | 93  0.04230  -1.0915e+00
 94  0.15583  -3.0527e+00 | 95  0.00773  -6.8935e-01 | 96 -0.02422  -1.3448e+00
 97  0.00827   7.5697e-01 | 98  0.08536   8.5271e-01 | 99  0.11091   1.0937e+00
100  0.06635   5.7624e-01 |101  0.08015   8.7175e-01 |102 -0.05402   4.9418e-01
103 -0.08237  -2.4712e-01 |104  0.06068  -2.8104e-01 |105  0.03636   3.6949e-01
106 -0.04462   6.1122e-02 |107 -0.05141   4.3950e-01 |108  0.06296  -2.4341e-01
109  0.10786   3.7822e-01 |110  0.08978   8.3556e-03 |111  0.01609   2.9893e-01
112 -0.14179  -6.3874e-01 |113 -0.15984  -7.4704e-01 |114 -0.03252   8.8095e-01
115  0.11598   1.6031e+00 |116  0.01590   8.2211e-01 |117  0.09634   1.6468e+00
118  0.03543  -1.5384e-01 |119 -0.02459  -2.0343e-01 |120 -0.02430  -1.7313e+00
121  0.13105  -1.8329e+00 |122  0.20601  -1.8799e+00 |123 -0.72598   2.8217e+00
124  0.10152  -2.2845e+00 |125 -0.00656   5.9827e-02 |126 -0.16099   2.8677e-01
127 -0.06257  -3.6411e-02 |128 -0.00126  -3.6588e-02 |129 -0.02056  -3.6569e-02
130 -0.06442  -3.6401e-02 |131 -0.06450  -3.6400e-02 |132 -0.00380  -3.6587e-02
133  0.00795  -3.6585e-02 |134  0.07363  -3.6343e-02 |135 -0.03722  -3.6526e-02
136  0.03518  -3.6532e-02 |137 -0.02983  -3.6548e-02 |138  0.01662  -3.6576e-02
139  0.02204  -3.6566e-02 |140 -0.00745  -3.6585e-02 |141 -0.01401  -3.6579e-02
142 -0.01210  -3.6581e-02 |143 -0.00799  -3.6585e-02 |144  0.00007  -3.6588e-02
145 -0.01418  -3.6579e-02 |146  0.07899  -3.6307e-02 |147 -0.02097  -3.6568e-02
148  0.03662  -3.6527e-02 |149 -0.04391  -3.6501e-02 |150 -0.00154  -3.6588e-02
151  0.04221  -3.6508e-02 |152  0.01670  -3.6575e-02 |153 -0.01613  -3.6576e-02
154 -0.00279  -3.6588e-02 |155  0.01903  -3.6572e-02 |156  0.02632  -3.6557e-02
157  0.03935  -3.6518e-02 |158  0.01706  -3.6575e-02 |159  0.03410  -3.6535e-02
160 -0.03687  -3.6527e-02 |161  0.05905  -3.6431e-02 |162 -0.00146  -3.6588e-02
163  0.01374  -3.6579e-02 |164 -0.07117  -3.6360e-02 |165  0.00038  -3.6588e-02
166  0.02160  -3.6567e-02 |167 -0.02048  -3.6569e-02 |168 -0.00548  -3.6587e-02
169  0.00923   3.1213e+00 |170  0.01369   5.7504e+00 |171  0.00581   2.1078e+00
172  0.02804   4.7082e-01 |173  0.07943   3.9454e-01 |174  0.04177   1.7065e+00
175  0.03791   5.7923e+00 |176  0.01285   8.3860e-01 |177  0.03734  -1.2904e+00
178  0.08167  -1.3943e+00 |179  0.15222   8.7223e-01 |180 -0.59826  -5.0657e-02
181  0.09722  -6.0964e+00 |182 -0.77073   1.3329e-01 |183 -0.01430  -7.9232e-01
184 -0.01708   1.7648e+00 |185 -0.00467   1.1229e+00 |186 -0.01254  -2.0699e-01
187 -0.04173   3.2893e-01 |188 -0.03237   8.9687e-02 |189  0.02614  -3.5431e+00
190  0.03268  -6.1516e-01 |191  0.03665   8.5862e-01 |192  0.01992  -7.6866e-01
193 -0.00577   4.9321e+00 |194 -0.08500   1.1649e+00 |195 -0.00144  -1.1483e+00
196  0.05986  -6.3514e+00 |197  0.02780  -4.5564e+00 |198  0.00587  -9.9724e-01
199  0.00897  -4.1205e+00 |200  0.01466   1.9240e+00 |201  0.01332   3.9831e+00
202  0.11844   5.9059e+00 |203  0.11428   6.8330e+00 |204  0.10368   8.8653e+00
205 -0.04264   4.5186e-01 |206 -0.14336   4.7627e-02 |207 -0.13482   1.0363e+00
208 -0.09430  -3.0585e+00 |209 -0.03789  -5.0923e-01 |210  0.05750  -2.2726e+00
211  0.66711   2.2491e-01 |212 -0.05993  -7.6956e+00 |213  0.03376  -8.5840e+00
214  0.04585   2.8333e-08 |215 -0.63139  -2.5114e+00 |216 -0.77154   1.0021e+00
217  0.01793  -1.4745e+00 |218 -0.16358  -6.6423e-01 |219 -0.24866  -2.4414e+00
220 -0.04516   7.5734e-01 |221  0.04582   1.5118e+00 |222  0.00244  -1.3542e+00
223  0.01136  -1.2700e+00 |224 -0.02597   3.7757e-01 |225 -0.03623  -1.6489e+00
226  0.09085  -2.1363e+00 |227  0.07769   9.5861e-01 |228  0.19966   3.9391e-02
229  0.10691   1.1692e+00 |230  0.09320  -8.9765e-01 |231  0.04233  -5.3773e-02
232  0.03109  -2.1313e+00 |233  0.06117   1.6455e+00 |234  0.11507  -2.3295e+00
235 -0.14079  -1.7940e+00 |236 -0.13377  -2.1175e+00 |237  0.00482   5.0370e-01
238  0.02674  -1.8412e+00 |239 -0.11117  -1.2989e+00 |240 -0.14648  -2.2683e-01
241 -0.06400  -1.5347e+00 |242  0.01589  -3.7888e-01 |243  0.05142  -1.3718e-01
244 -0.01478   5.9527e-02 |245 -0.11583   5.6467e-01 |246 -0.23121  -6.3618e-01
247 -0.10331  -1.4824e+00 |248  0.00398  -6.7955e-01 |249  0.05121  -1.9558e+00
250  0.08587  -1.6614e+00 |251  0.05793  -9.2334e-01 |252 -0.01608  -1.3513e+00
253 -0.00740  -6.1366e-01 |254  0.12789  -8.8237e-02 |255  0.20218  -1.0647e-01
256  0.23844  -3.7780e-01 |257 -0.14432   2.1750e+00 |258  0.09585   5.7959e+00
259  0.14879  -2.1470e+01 |260 -0.86776   1.0642e+01 |261 -0.84511  -1.0158e+01
262 -1.13663   1.3955e+00 |263 -0.01844  -6.9889e+00 |264 -0.38849  -5.7299e+00
265 -0.19343  -6.6716e+00 |266 -0.07549  -6.9428e+00 |267  0.16895  -6.7471e+00
268 -0.18159  -6.7094e+00 |269  0.11591  -6.8763e+00 |270  0.21647  -6.5915e+00
271 -0.28121  -6.3207e+00 |272  0.41138  -5.5822e+00 |273 -0.13956  -6.8245e+00
274  0.08435  -6.9306e+00 |275 -0.04466  -6.9747e+00 |276 -0.09662  -6.9115e+00
277  0.44828  -5.3289e+00 |278  0.28620  -6.2971e+00 |279 -0.38114  -5.7758e+00
280  0.01740  -6.9893e+00 |281  0.12797  -6.8511e+00 |282  0.39942  -5.6603e+00
283  0.10108  -6.9039e+00 |284 -0.18769  -6.6902e+00 |285  0.02091  -6.9881e+00
286  0.24295  -6.4889e+00 |287 -0.04584  -6.9737e+00 |288  0.07521  -6.9431e+00
289  0.06047  -6.9603e+00 |290 -0.10146  -6.9033e+00 |291 -0.02594  -6.9861e+00
292 -0.13045  -6.8456e+00 |293  0.21300  -6.6041e+00 |294 -0.35632  -5.9250e+00
295 -0.45099  -5.3096e+00 |296  0.30313  -6.2141e+00 |297 -0.05016  -6.9702e+00
298  0.05052  -6.9699e+00 |299  0.13498  -6.8353e+00 |300  0.00130  -6.9918e+00
301 -0.19603  -6.6630e+00 |302 -0.12979  -6.8471e+00 |303  0.46949  -1.1723e+01
304  0.07371   1.4706e+00 |305 -0.90086   6.1159e+01 |306  0.25794   4.4975e+00
307 -0.88597   1.6516e+01 |308 -0.52496   1.0042e+01 |
20.5737 7.84737 100.456 48.481 
11.4284 11.4284 48.3829 50.3636 
5.99133 9.23262 0 1.55818 10.637 
0 1.96869 0 0 0.454615 17.856 0 
20.5643 7.81264 100.551 48.3877 
11.3677 11.3677 48.4006 50.3662 
6.01331 9.20484 0 1.57413 10.6501 
0 1.95241 0 0 0.453505 17.8574 0 
20.4527 7.73442 100.606 48.2093 
11.4706 11.4706 48.3969 50.4246 
6.11111 9.04221 0 1.58582 10.7544 
0 1.99621 0 0 0.45445 17.9143 0 
20.5274 7.78519 100.564 48.3322 
11.3964 11.3964 48.3984 50.3836 
6.04021 9.15182 0 1.57777 10.6825 
0 1.9553 0 0 0.45369 17.8748 0 
20.4968 7.75146 100.525 48.3494 
11.396 11.396 48.3398 50.3902 
6.06155 9.10694 0 1.58781 10.6764 
0 1.9732 0 0 0.450183 17.8549 0 
20.5101 7.76827 100.543 48.3411 
11.3956 11.3956 48.3683 50.3866 
6.04871 9.12808 0 1.58282 10.6795 
0 1.96239 0 0 0.451893 17.8647 0 
20.5138 7.75934 100.539 48.3216 
11.3593 11.3593 48.3733 50.3746 
6.04397 9.15057 0 1.58488 10.642 
0 1.96927 0 0 0.450583 17.8628 0 
20.4929 7.73486 100.568 48.2656 
11.3358 11.3358 48.4281 50.3535 
6.06659 9.16069 0 1.58578 10.6227 
0 1.97036 0 0 0.450267 17.8622 0 
20.4254 7.67531 100.652 48.326 
11.2698 11.2698 48.4881 50.3131 
6.05558 9.19686 0 1.57926 10.7436 
0 1.96742 0 0 0.453127 17.8344 0 
20.401 7.70702 100.662 48.3026 
11.2576 11.2576 48.4921 50.3021 
6.05826 9.18468 0 1.58044 10.7708 
0 1.95622 0 0 0.452467 17.835 0 
20.4027 7.69121 100.719 48.2567 
11.2147 11.2147 48.532 50.2859 
6.08759 9.2133 0 1.58144 10.7577 
0 1.93803 0 0 0.451776 17.8219 0 
20.3927 7.68003 100.694 48.1814 
11.207 11.207 48.5829 50.2704 
6.12558 9.23448 0 1.59541 10.6762 
0 1.97882 0 0 0.450915 17.8138 0 
308 variables; iteration 260; function evaluation 301; phase 1
Function value   3.4266123e+02; maximum gradient component mag   3.9489e+01
Var   Value    Gradient   |Var   Value    Gradient   |Var   Value    Gradient
  1 -1.97048   5.6386e-01 |  2  0.18612   1.2944e+00 |  3  0.18781  -3.3286e+00
  4  0.19680   2.4573e-01 |  5  0.19485  -7.2904e-01 |  6  0.19062  -1.8851e+00
  7  0.17762   3.1260e-01 |  8  0.17353  -9.9741e-01 |  9  0.17210  -2.7829e+00
 10  0.14769  -1.9671e+00 | 11  0.12779   3.9878e+00 | 12  0.12585  -2.4062e+00
 13  0.10245  -1.7399e+00 | 14  0.05540  -7.1535e-01 | 15 -0.00852   4.6051e-01
 16 -0.09997  -6.0203e-02 | 17 -0.33739  -2.4320e-01 | 18 -0.15554   1.3200e-01
 19 -0.26522   2.3962e-03 | 20 -0.20088   8.6172e-02 | 21 -0.18523  -1.6095e-01
 22  0.09340   3.3032e-01 | 23 -0.18147  -1.9953e-04 | 24  0.00156  -2.1377e-01
 25  0.08085  -1.0939e+00 | 26  0.12539  -9.3689e-01 | 27  0.15221  -4.9996e-01
 28  0.15551   1.4146e+00 | 29  0.14898  -4.7156e-02 | 30  0.15187   1.9416e+00
 31  0.15717   4.4844e+00 | 32  0.14726   1.7911e-01 | 33  0.12827  -1.5887e+00
 34  0.11269  -1.0795e+00 | 35  0.12352  -5.2597e-01 | 36  0.11964   6.3126e-01
 37  0.08816  -3.6154e+00 | 38  0.05310   1.5225e+00 | 39 -2.00201   2.7242e+00
 40 -0.03861   1.8108e-01 | 41 -0.10126  -1.1766e-01 | 42 -1.75165   2.0606e-01
 43 -0.01556  -1.4451e+00 | 44 -0.06643  -2.0598e+00 | 45 -0.09000  -2.1565e+00
 46 -0.14929  -4.0245e-01 | 47 -0.18565  -2.3580e+00 | 48 -0.13538  -1.2957e+00
 49 -0.10895  -2.4754e+00 | 50 -0.05271  -1.4272e+00 | 51 -0.03844  -2.8972e+00
 52  0.03070  -1.1527e+00 | 53 -0.01786  -1.2256e+00 | 54  0.02028  -1.5158e-01
 55  0.00056  -1.0292e+00 | 56  0.03116  -8.6133e-01 | 57  0.05922  -1.7522e+00
 58  0.11304  -1.6186e+00 | 59  0.07781  -1.9289e+00 | 60 -0.10823  -2.2074e+00
 61 -0.05600  -4.7105e-01 | 62  0.01573  -2.9555e+00 | 63 -0.01888  -1.4872e+00
 64 -0.05184  -2.4063e+00 | 65 -0.03577  -4.2318e-01 | 66 -0.04444  -1.9240e+00
 67 -0.06648  -1.8645e+00 | 68 -0.04392  -1.0702e+00 | 69 -0.08110  -2.2384e+00
 70 -0.04378   2.7881e-01 | 71  0.07591   1.5506e+00 | 72  0.03874  -1.0066e+00
 73  0.00473  -1.1866e+00 | 74 -0.00158  -1.6249e+00 | 75  0.10708  -2.1196e+00
 76  0.07968  -2.9910e+00 | 77 -0.02423  -2.8360e+00 | 78 -0.06430  -2.7400e+00
 79  0.08832  -2.1794e+00 | 80  0.31743  -3.2269e+00 | 81  0.66587  -1.8239e+00
 82 -0.11956  -1.8309e+00 | 83 -0.03359  -1.5779e+00 | 84  0.04602  -1.8208e+00
 85 -0.05291   1.6976e+00 | 86  0.10405   3.1725e+00 | 87  0.21749   2.7519e+00
 88 -0.06886   3.0563e+00 | 89 -0.21460   7.6150e-01 | 90 -0.14501   2.1864e+00
 91 -0.04758   1.0843e+00 | 92 -0.01775   1.4416e+00 | 93  0.03128   5.3750e-01
 94  0.16085   6.1880e-01 | 95 -0.00270   9.3672e-01 | 96 -0.00239   2.7039e+00
 97 -0.00710   1.6539e+00 | 98  0.09270   3.1497e+00 | 99  0.10679   2.2948e+00
100  0.06493   2.1028e+00 |101  0.08261   2.5167e+00 |102 -0.05832   2.2149e+00
103 -0.06788   3.2587e+00 |104  0.05362   1.8619e+00 |105  0.04495   2.5165e+00
106 -0.03069   2.4029e+00 |107 -0.06640   9.3101e-01 |108  0.06433   1.5573e+00
109  0.10105   1.3507e+00 |110  0.09172   1.2868e+00 |111  0.01360   1.5808e+00
112 -0.13070   1.7306e+00 |113 -0.15410   1.2220e+00 |114 -0.03639   2.4545e+00
115  0.11654   2.7197e+00 |116  0.01796   1.7819e+00 |117  0.09221   1.5538e+00
118  0.04388   1.7509e+00 |119 -0.02402   1.4999e+00 |120 -0.01220   9.9751e-01
121  0.13160   5.0236e-01 |122  0.20304  -7.3995e-01 |123 -0.79236   2.7964e+00
124  0.10261   7.7852e-01 |125 -0.01116   1.9689e+00 |126 -0.17593   1.6080e+00
127 -0.06459  -1.9895e-01 |128  0.01271  -1.9994e-01 |129 -0.02111  -1.9987e-01
130 -0.06649  -1.9889e-01 |131 -0.06657  -1.9889e-01 |132 -0.00406  -1.9998e-01
133  0.00774  -1.9997e-01 |134  0.07184  -1.9871e-01 |135 -0.03828  -1.9962e-01
136  0.03462  -1.9968e-01 |137 -0.03064  -1.9975e-01 |138  0.01636  -1.9991e-01
139  0.02173  -1.9986e-01 |140 -0.00776  -1.9997e-01 |141 -0.01442  -1.9993e-01
142 -0.01248  -1.9994e-01 |143 -0.00831  -1.9996e-01 |144  0.01422  -1.9993e-01
145 -0.01460  -1.9993e-01 |146  0.07710  -1.9852e-01 |147 -0.02154  -1.9987e-01
148  0.03603  -1.9966e-01 |149 -0.04522  -1.9948e-01 |150 -0.00178  -1.9998e-01
151  0.04146  -1.9956e-01 |152  0.01645  -1.9991e-01 |153 -0.01658  -1.9991e-01
154 -0.00305  -1.9998e-01 |155  0.01876  -1.9989e-01 |156  0.02595  -1.9981e-01
157  0.03868  -1.9961e-01 |158  0.01681  -1.9991e-01 |159  0.03357  -1.9970e-01
160 -0.03792  -1.9963e-01 |161  0.05773  -1.9916e-01 |162 -0.00170  -1.9998e-01
163  0.01351  -1.9994e-01 |164 -0.07331  -1.9866e-01 |165  0.00015  -1.9998e-01
166  0.02130  -1.9987e-01 |167 -0.02103  -1.9987e-01 |168 -0.00576  -1.9997e-01
169  0.00919   2.1032e+01 |170  0.01337   8.9912e+00 |171  0.00600   4.4462e+00
172  0.02858   2.5364e+00 |173  0.08001   3.5854e+00 |174  0.04404   6.6735e+00
175  0.03781   6.8984e+00 |176  0.01548   4.7498e+00 |177  0.03581  -6.6174e-01
178  0.08189  -3.2745e-01 |179  0.15202  -2.9017e+00 |180 -0.60891   1.2906e+00
181  0.09833   1.1412e+00 |182 -0.76884   9.4416e-01 |183 -0.01196   4.2372e+00
184 -0.01620   4.3181e+00 |185 -0.00469   1.9065e+00 |186 -0.01409   1.4188e+00
187 -0.04264   3.2084e+00 |188 -0.03377   2.1170e+00 |189  0.02583   8.0866e-01
190  0.03096   2.2391e+00 |191  0.03647   5.3774e+00 |192  0.01968   3.1135e+00
193 -0.00634   7.1254e+00 |194 -0.08643   2.6457e+00 |195 -0.00125   1.1377e+00
196  0.06075   1.5715e+00 |197  0.02856   8.9071e-01 |198  0.00522   3.5164e+00
199  0.00970   2.1990e+00 |200  0.01454   2.9227e+00 |201  0.01318   4.3297e+00
202  0.11750   4.5709e+00 |203  0.11431   4.9611e+00 |204  0.10228   2.7206e+00
205 -0.04190   2.8862e+00 |206 -0.13491   2.8310e+00 |207 -0.13591   3.6813e+00
208 -0.09443   8.4974e-01 |209 -0.03782   3.0393e+00 |210  0.05802   1.6036e+00
211  0.66393   1.3747e+00 |212 -0.06035  -5.5426e+00 |213  0.03396  -1.1006e+01
214  0.04585   2.8333e-08 |215 -0.63019   1.8987e-01 |216 -0.77106   5.5210e-01
217  0.01851   8.0399e+00 |218 -0.16389  -1.2896e+00 |219 -0.24822  -6.9514e-01
220 -0.05055  -3.8346e-01 |221  0.04129  -4.7821e-01 |222  0.00477   2.2612e-01
223  0.01210  -2.2608e-01 |224 -0.02390   1.8194e+00 |225 -0.03242  -1.3735e-01
226  0.09386   5.8004e-01 |227  0.07600   6.3429e-01 |228  0.19911   8.4927e-01
229  0.10490  -4.2620e-01 |230  0.09138  -1.2930e+00 |231  0.04092   1.0331e-01
232  0.03166  -8.5163e-01 |233  0.05650   2.2459e-01 |234  0.11600  -6.9436e-01
235 -0.13876   1.9600e-01 |236 -0.13121  -1.0236e+00 |237  0.00286  -6.3908e-01
238  0.02878  -5.2981e-01 |239 -0.10677  -3.4358e-01 |240 -0.14408   1.5331e+00
241 -0.06402  -4.1241e-01 |242  0.01040  -9.9633e-01 |243  0.04751  -7.0510e-02
244 -0.01713   6.5764e-01 |245 -0.11787   7.7547e-01 |246 -0.23009   5.1685e-01
247 -0.10156   4.9516e-01 |248  0.00435  -4.0570e-01 |249  0.05331  -6.6103e-01
250  0.08628  -4.5804e-02 |251  0.06078   1.2448e+00 |252 -0.01316   2.5834e-01
253 -0.00335   6.7162e-01 |254  0.13092   1.0373e-03 |255  0.19994   1.7979e-01
256  0.23554  -4.4430e-02 |257 -0.14619   6.1754e-02 |258  0.09592  -7.0644e+00
259  0.14846  -3.3054e+01 |260 -0.86776   1.2308e+01 |261 -0.84516  -1.1326e+01
262 -1.14391   6.6613e-01 |263 -0.01972   2.0356e+01 |264 -0.37274   1.6974e+01
265 -0.13677   1.9898e+01 |266 -0.11183   2.0052e+01 |267  0.08614   2.0180e+01
268 -0.21546   1.9211e+01 |269  0.19369   1.9431e+01 |270  0.17647   1.9588e+01
271 -0.30590   1.8060e+01 |272  0.41558   1.6178e+01 |273 -0.16409   1.9693e+01
274  0.10209   2.0105e+01 |275 -0.06967   2.0244e+01 |276  0.00248   2.0366e+01
277  0.49640   1.4482e+01 |278  0.30779   1.8032e+01 |279 -0.44712   1.5546e+01
280  0.02935   2.0344e+01 |281  0.11369   2.0042e+01 |282  0.37401   1.6951e+01
283  0.23390   1.9007e+01 |284 -0.22212   1.9139e+01 |285  0.03410   2.0337e+01
286  0.24303   1.8900e+01 |287 -0.19880   1.9381e+01 |288  0.16515   1.9684e+01
289  0.06898   2.0246e+01 |290 -0.11625   2.0027e+01 |291 -0.06033   2.0274e+01
292 -0.14339   1.9851e+01 |293  0.27549   1.8489e+01 |294 -0.33160   1.7665e+01
295 -0.46082   1.5259e+01 |296  0.29816   1.8173e+01 |297 -0.15912   1.9733e+01
298  0.03007   2.0343e+01 |299  0.15270   1.9783e+01 |300 -0.02344   2.0352e+01
301 -0.25814   1.8714e+01 |302  0.02112   2.0355e+01 |303  0.46979  -2.0508e+01
304  0.07789   2.5599e+00 |305 -0.90299   3.9489e+01 |306  0.25647   3.4991e+00
307 -0.88536   1.1823e+01 |308 -0.52757   4.3702e+00 |
20.3809 7.67287 100.714 48.1123 
11.1447 11.1447 48.5998 50.2731 
6.1457 9.2752 0 1.59753 10.6369 
0 1.99582 0 0 0.450976 17.8126 0 
20.4012 7.70906 100.76 48.0007 
11.0311 11.0311 48.5843 50.2867 
6.14694 9.36378 0 1.58109 10.6161 
0 1.98437 0 0 0.4518 17.8298 0 
20.3525 7.80273 100.741 47.9028 
11.0297 11.0297 48.592 50.2869 
6.18895 9.33179 0 1.58602 10.6189 
0 1.9732 0 0 0.451073 17.8507 0 
20.3276 7.77157 100.929 47.721 
10.8395 10.8395 48.6396 50.2705 
6.224 9.48999 0 1.59005 10.5564 
0 1.98884 0 0 0.452906 17.8532 0 
20.3385 7.79122 100.815 47.8265 
10.9534 10.9534 48.6099 50.28 
6.19841 9.39037 0 1.58766 10.5934 
0 1.97474 0 0 0.451772 17.8514 0 
20.2894 7.97559 100.827 47.7749 
11.0278 11.0278 48.6469 50.25 
6.22061 9.28794 0 1.59655 10.7135 
0 1.91207 0 0 0.44989 17.8166 0 
20.3115 7.88883 100.82 47.7996 
10.992 10.992 48.6291 50.2639 
6.20822 9.33449 0 1.59235 10.6568 
0 1.9387 0 0 0.450745 17.8329 0 
20.2973 7.9036 100.79 47.7672 
10.9958 10.9958 48.6239 50.2571 
6.24654 9.32963 0 1.59457 10.6235 
0 1.94365 0 0 0.450789 17.8597 0 
20.3035 7.89715 100.803 47.7818 
10.9943 10.9943 48.6261 50.2601 
6.22877 9.33119 0 1.59357 10.6386 
0 1.94086 0 0 0.450763 17.8476 0 
20.2944 7.89633 100.802 47.7757 
10.9954 10.9954 48.6253 50.2573 
6.23092 9.33112 0 1.59091 10.6414 
0 1.93761 0 0 0.450638 17.8551 0 
20.2117 7.88089 100.801 47.7255 
10.996 10.996 48.6237 50.2298 
6.26745 9.34604 0 1.5646 10.6695 
0 1.91554 0 0 0.449501 17.9311 0 
20.1103 7.76627 100.91 47.575 
10.9164 10.9164 48.7074 50.2953 
6.46504 9.39189 0 1.5473 10.5288 
0 2.06271 0 0 0.447079 17.9405 0 
20.1705 7.84752 100.832 47.6716 
10.966 10.966 48.6509 50.2524 
6.32812 9.35402 0 1.55838 10.6189 
0 1.95172 0 0 0.448531 17.9342 0 
20.1675 7.85005 100.846 47.62 
10.9765 10.9765 48.6501 50.2696 
6.33655 9.37327 0 1.53322 10.6676 
0 1.94413 0 0 0.448724 17.9289 0 
20.1688 7.8489 100.839 47.6465 
10.9713 10.9713 48.6503 50.2607 
6.33164 9.36276 0 1.54623 10.6424 
0 1.94754 0 0 0.44862 17.9316 0 
20.1479 7.86333 100.851 47.6366 
10.9341 10.9341 48.6593 50.2442 
6.36557 9.35636 0 1.55647 10.6156 
0 1.934 0 0 0.449188 17.9427 0 
308 variables; iteration 270; function evaluation 317; phase 1
Function value   3.4227511e+02; maximum gradient component mag   3.2225e+01
Var   Value    Gradient   |Var   Value    Gradient   |Var   Value    Gradient
  1 -1.97042   5.5337e-01 |  2  0.18614   4.6755e+00 |  3  0.18722  -8.8169e-01
  4  0.19614   3.5848e-01 |  5  0.19420  -1.5037e-01 |  6  0.19028  -7.6565e-01
  7  0.17674  -8.5013e-01 |  8  0.17265  -5.0865e-01 |  9  0.17155  -7.3639e-01
 10  0.14776   2.7271e-02 | 11  0.12686   4.2603e+00 | 12  0.12647   9.8738e-01
 13  0.10197  -3.6556e-02 | 14  0.05621   3.2043e-01 | 15 -0.01343  -2.1537e-01
 16 -0.10722  -1.9943e-01 | 17 -0.24105  -2.2499e-01 | 18 -0.18312   8.5627e-02
 19 -0.27158  -9.1409e-04 | 20 -0.21864   8.8012e-02 | 21 -0.17637   1.5964e-01
 22  0.09373   5.2919e-01 | 23 -0.18168   3.8328e-05 | 24  0.01298   2.7441e-01
 25  0.08016  -1.0612e+00 | 26  0.12559  -3.1534e-02 | 27  0.15118  -1.4102e+00
 28  0.15450   4.1870e-01 | 29  0.14802  -7.1265e-01 | 30  0.14977  -8.5779e-01
 31  0.15435  -4.7139e-01 | 32  0.14689   8.5676e-01 | 33  0.12888   1.0200e+00
 34  0.11212  -1.9740e-01 | 35  0.12245   3.1222e-01 | 36  0.11874  -1.7606e-01
 37  0.08804  -7.7502e-01 | 38  0.05177   8.0549e-01 | 39 -2.00602  -1.9361e-01
 40 -0.03883   3.3380e-01 | 41 -0.09175   5.8010e-01 | 42 -1.81067   4.6260e-02
 43 -0.01675  -3.0454e+00 | 44 -0.06516  -2.9634e+00 | 45 -0.09320  -3.0049e+00
 46 -0.17521  -3.2134e+00 | 47 -0.18704  -2.7664e+00 | 48 -0.13966  -1.9145e+00
 49 -0.10312  -2.0234e+00 | 50 -0.05898  -1.8884e+00 | 51 -0.02963  -2.3816e+00
 52  0.03135  -1.5643e+00 | 53 -0.01197  -1.6995e+00 | 54  0.01753  -1.5261e+00
 55 -0.00061  -2.1516e+00 | 56  0.02362  -2.2065e+00 | 57  0.06744  -1.3201e+00
 58  0.10784  -1.6724e+00 | 59  0.08842  -1.9318e+00 | 60 -0.10183  -2.4050e+00
 61 -0.07026  -2.4379e+00 | 62  0.02359  -3.6384e+00 | 63 -0.03321  -3.4530e+00
 64 -0.04019  -2.3945e+00 | 65 -0.04974  -2.4752e+00 | 66 -0.04908  -3.2111e+00
 67 -0.06589  -2.5681e+00 | 68 -0.04912  -2.3524e+00 | 69 -0.07224  -2.4932e+00
 70 -0.05608  -1.9658e+00 | 71  0.07407  -9.4579e-01 | 72  0.03583  -3.2517e+00
 73  0.00171  -2.8601e+00 | 74  0.00210  -2.3726e+00 | 75  0.10597  -2.9573e+00
 76  0.07605  -2.9830e+00 | 77 -0.01578  -2.0158e+00 | 78 -0.06047  -2.3664e+00
 79  0.08559  -1.7325e+00 | 80  0.31751  -1.0284e-01 | 81  0.72813  -1.7122e+00
 82 -0.12238  -2.4920e+00 | 83 -0.03216  -1.9795e+00 | 84  0.06261  -1.6490e+00
 85 -0.05478   2.0696e+00 | 86  0.10142   2.3157e+00 | 87  0.21297  -1.6824e-01
 88 -0.08814   2.1752e+00 | 89 -0.20512   2.4715e+00 | 90 -0.15175   2.5098e+00
 91 -0.04225   2.8777e+00 | 92 -0.00888   3.3513e+00 | 93  0.04368   3.3332e+00
 94  0.15790   2.4420e+00 | 95 -0.00032   2.2324e+00 | 96 -0.00481   3.2961e+00
 97  0.00372   3.1560e+00 | 98  0.08654   2.8921e+00 | 99  0.10789   2.1133e+00
100  0.06515   2.4571e+00 |101  0.08741   3.1290e+00 |102 -0.05109   3.4462e+00
103 -0.09283   2.0880e+00 |104  0.04836   1.6529e+00 |105  0.04180   2.2773e+00
106 -0.03628   2.6338e+00 |107 -0.04798   2.7702e+00 |108  0.06827   2.1837e+00
109  0.09742   1.9993e+00 |110  0.09922   3.2040e+00 |111  0.00590   2.3449e+00
112 -0.13378   1.9910e+00 |113 -0.13427   2.8728e+00 |114 -0.04569   1.6535e+00
115  0.11325   7.2949e-01 |116  0.02898   2.1244e+00 |117  0.08774   1.2185e+00
118  0.03863   1.7056e+00 |119 -0.02244   2.1780e+00 |120  0.00715   3.1610e+00
121  0.12981   2.1628e+00 |122  0.20247   1.4574e+00 |123 -0.85789   2.1046e+00
124  0.11131   3.9105e+00 |125 -0.01709   2.8124e+00 |126 -0.17915   2.3015e+00
127 -0.06693  -1.6829e-01 |128  0.02764  -1.6907e-01 |129 -0.02150  -1.6913e-01
130 -0.06892  -1.6823e-01 |131 -0.06900  -1.6823e-01 |132 -0.00418  -1.6922e-01
133  0.00760  -1.6921e-01 |134  0.06958  -1.6822e-01 |135 -0.03926  -1.6890e-01
136  0.03387  -1.6899e-01 |137 -0.03132  -1.6902e-01 |138  0.01611  -1.6917e-01
139  0.02137  -1.6913e-01 |140 -0.00791  -1.6921e-01 |141 -0.01466  -1.6918e-01
142 -0.01269  -1.6919e-01 |143 -0.00846  -1.6921e-01 |144  0.02928  -1.6905e-01
145 -0.01484  -1.6918e-01 |146  0.07474  -1.6806e-01 |147 -0.02193  -1.6912e-01
148  0.03522  -1.6897e-01 |149 -0.04653  -1.6877e-01 |150 -0.00189  -1.6922e-01
151  0.04044  -1.6888e-01 |152  0.01619  -1.6917e-01 |153 -0.01686  -1.6917e-01
154 -0.00316  -1.6922e-01 |155  0.01846  -1.6915e-01 |156  0.02547  -1.6909e-01
157  0.03778  -1.6893e-01 |158  0.01654  -1.6917e-01 |159  0.03285  -1.6900e-01
160 -0.03889  -1.6891e-01 |161  0.05600  -1.6857e-01 |162 -0.00181  -1.6922e-01
163  0.01330  -1.6919e-01 |164 -0.07591  -1.6802e-01 |165  0.00004  -1.6923e-01
166  0.02094  -1.6913e-01 |167 -0.02141  -1.6913e-01 |168 -0.00589  -1.6922e-01
169  0.00925   3.2225e+01 |170  0.01219   5.7521e+00 |171  0.00506   9.0760e-01
172  0.02804   1.3951e-01 |173  0.08002   1.8683e+00 |174  0.04453   4.0267e+00
175  0.03765   9.2525e-01 |176  0.01613   2.0098e+00 |177  0.03656  -1.8659e+00
178  0.08266  -1.2981e-01 |179  0.15241   1.4912e+00 |180 -0.62270   5.1647e-01
181  0.09795  -2.1145e+00 |182 -0.76835   4.5818e-01 |183 -0.01100   2.4468e+00
184 -0.01706   5.3306e-01 |185 -0.00322   4.2616e+00 |186 -0.01283   5.0259e+00
187 -0.04394   1.7578e+00 |188 -0.03345   2.4806e+00 |189  0.02567   3.0998e+00
190  0.03054   1.5107e+00 |191  0.03544   3.5883e+00 |192  0.01944   3.2112e+00
193 -0.00841   2.1176e+00 |194 -0.08552   1.1984e+00 |195 -0.00144   1.6210e+00
196  0.05934   1.5154e+00 |197  0.02864   3.8627e+00 |198  0.00454   3.7187e+00
199  0.01031   2.4813e+00 |200  0.01491   1.9681e+00 |201  0.01310   2.4073e+00
202  0.11760   2.0694e+00 |203  0.11512   2.6058e-01 |204  0.10214  -4.1412e+00
205 -0.04187   1.7099e+00 |206 -0.12470   1.9221e+00 |207 -0.14068   1.3120e+00
208 -0.09246   2.0666e+00 |209 -0.03840   1.4788e+00 |210  0.05839   1.3469e+00
211  0.66782   6.7717e-01 |212 -0.06000  -9.9520e+00 |213  0.03378  -1.7579e+01
214  0.04585   2.8333e-08 |215 -0.63015   1.3687e+00 |216 -0.77172   6.0158e-01
217  0.01771   8.3138e+00 |218 -0.16019   1.0463e+00 |219 -0.24711   5.2485e-01
220 -0.05140   7.2784e-01 |221  0.03721   2.2836e-01 |222  0.00097   6.2232e-01
223  0.00975   7.6869e-01 |224 -0.02752   6.4197e-02 |225 -0.03078   1.2426e+00
226  0.09493   1.6849e-01 |227  0.07552  -1.3307e-01 |228  0.19645  -3.1817e-03
229  0.10504  -1.5709e-01 |230  0.09615   5.7767e-01 |231  0.03989  -3.3040e-01
232  0.03164   8.9571e-01 |233  0.05479   3.1210e-01 |234  0.11881   1.0904e+00
235 -0.13467   3.9933e-01 |236 -0.12877  -2.8726e-01 |237  0.00174   1.3673e-01
238  0.02778   9.7639e-01 |239 -0.10934   6.1783e-01 |240 -0.14542   1.0072e+00
241 -0.06121   1.0539e-01 |242  0.01161   6.5447e-01 |243  0.04765   4.6937e-01
244 -0.01881   2.5438e-01 |245 -0.12097   7.8846e-02 |246 -0.22945   7.0523e-01
247 -0.10101   5.3523e-01 |248  0.00316   6.1625e-01 |249  0.05757   1.9833e+00
250  0.08711   4.2683e-01 |251  0.05679   9.5800e-01 |252 -0.01639   1.2299e+00
253 -0.00215   7.3974e-01 |254  0.13523   6.5025e-01 |255  0.20040   7.2309e-01
256  0.23586   6.9245e-01 |257 -0.14373  -6.2861e-01 |258  0.09579  -6.5666e-01
259  0.14849  -3.1975e+01 |260 -0.86794   2.7323e+00 |261 -0.84511  -1.1789e+01
262 -1.15089   9.2398e-01 |263 -0.05441   1.7099e+01 |264 -0.33627   1.4823e+01
265 -0.02446   1.7149e+01 |266 -0.09414   1.6975e+01 |267  0.02715   1.7146e+01
268 -0.28039   1.5524e+01 |269  0.22264   1.6123e+01 |270  0.21308   1.6210e+01
271 -0.34151   1.4751e+01 |272  0.41351   1.3667e+01 |273 -0.19709   1.6346e+01
274  0.11104   1.6902e+01 |275 -0.06909   1.7061e+01 |276  0.11772   1.6869e+01
277  0.51580   1.1830e+01 |278  0.27256   1.5613e+01 |279 -0.51240   1.1897e+01
280  0.00592   1.7161e+01 |281  0.11593   1.6878e+01 |282  0.33864   1.4791e+01
283  0.37570   1.4259e+01 |284 -0.24383   1.5919e+01 |285  0.02160   1.7152e+01
286  0.25299   1.5825e+01 |287 -0.32079   1.5029e+01 |288  0.22014   1.6146e+01
289 -0.01450   1.7158e+01 |290 -0.16375   1.6597e+01 |291 -0.11857   1.6865e+01
292 -0.14854   1.6697e+01 |293  0.31405   1.5116e+01 |294 -0.31768   1.5069e+01
295 -0.43879   1.3244e+01 |296  0.29070   1.5404e+01 |297 -0.14657   1.6709e+01
298 -0.03497   1.7136e+01 |299  0.22101   1.6138e+01 |300 -0.02196   1.7152e+01
301 -0.24907   1.5865e+01 |302  0.08047   1.7025e+01 |303  0.47015  -7.4777e+00
304  0.08126   1.9226e+00 |305 -0.90548   4.8996e+00 |306  0.25611   1.3658e+00
307 -0.88508  -1.1207e-01 |308 -0.52889   5.8742e-01 |
20.1479 7.8468 100.84 47.6376 
10.9393 10.9393 48.6507 50.2609 
6.3514 9.36452 0 1.54892 10.638 
0 1.92498 0 0 0.449544 17.9496 0 
20.1338 7.83643 100.961 47.4756 
10.9946 10.9946 48.7066 50.2859 
6.34058 9.38145 0 1.50269 10.5806 
0 1.91298 0 0 0.453801 17.9192 0 
20.1399 7.84298 100.887 47.5715 
10.9621 10.9621 48.6729 50.2711 
6.34344 9.36945 0 1.53012 10.6148 
0 1.9172 0 0 0.451251 17.9372 0 
20.13 7.84611 100.872 47.5716 
10.9578 10.9578 48.6626 50.278 
6.33685 9.37055 0 1.52912 10.6294 
0 1.91371 0 0 0.451358 17.95 0 
20.1426 7.84477 100.799 47.5772 
10.9876 10.9876 48.646 50.3141 
6.30609 9.38068 0 1.53145 10.7069 
0 1.90654 0 0 0.452323 17.9597 0 
20.1408 7.85507 100.768 47.565 
11.0163 11.0163 48.6 50.3423 
6.28826 9.38568 0 1.52342 10.7592 
0 1.89502 0 0 0.452676 17.9792 0 
20.1934 7.87956 100.789 47.5675 
11.0196 11.0196 48.4884 50.3488 
6.33162 9.39009 0 1.5004 10.9234 
0 1.90689 0 0 0.450389 17.933 0 
20.1546 7.86367 100.773 47.5661 
11.0185 11.0185 48.5661 50.344 
6.29766 9.38436 0 1.51652 10.8082 
0 1.89452 0 0 0.451965 17.9653 0 
20.1502 7.85248 100.773 47.5695 
11.0128 11.0128 48.5744 50.3496 
6.28707 9.38814 0 1.51249 10.8056 
0 1.89587 0 0 0.452399 17.964 0 
20.1738 7.91511 100.714 47.5492 
11.0371 11.0371 48.5286 50.3497 
6.28063 9.37254 0 1.54471 10.8289 
0 1.88166 0 0 0.452037 17.98 0 
20.1589 7.87775 100.749 47.5611 
11.0235 11.0235 48.5557 50.3497 
6.28298 9.38078 0 1.52539 10.815 
0 1.88886 0 0 0.452248 17.9704 0 
20.1639 7.87341 100.744 47.5646 
11.0196 11.0196 48.5523 50.3559 
6.27243 9.3802 0 1.52511 10.8247 
0 1.88957 0 0 0.452314 17.9657 0 
20.1273 7.87529 100.724 47.5726 
11.0288 11.0288 48.5408 50.3614 
6.27504 9.39155 0 1.51763 10.8409 
0 1.88941 0 0 0.453166 17.9851 0 
308 variables; iteration 280; function evaluation 330; phase 1
Function value   3.4209793e+02; maximum gradient component mag  -2.5371e+01
Var   Value    Gradient   |Var   Value    Gradient   |Var   Value    Gradient
  1 -1.97182   5.7160e-01 |  2  0.18535   2.8638e+00 |  3  0.18819   3.9652e-01
  4  0.19619   1.2546e+00 |  5  0.19454   9.7613e-01 |  6  0.19042   2.0147e-01
  7  0.17684  -6.2994e-01 |  8  0.17281   5.2656e-02 |  9  0.17209   1.5230e+00
 10  0.14840   1.8110e+00 | 11  0.12654   3.9733e+00 | 12  0.12630   5.4982e-01
 13  0.10223   3.6114e-01 | 14  0.05561  -2.2268e-01 | 15 -0.01229  -6.4357e-02
 16 -0.10815  -1.6670e-01 | 17 -0.14537   8.8670e-02 | 18 -0.19263   7.5041e-02
 19 -0.26925   4.8062e-04 | 20 -0.22485   3.8761e-02 | 21 -0.17874   2.4297e-01
 22  0.08697  -4.3721e-01 | 23 -0.18130   9.0614e-05 | 24  0.00781   3.6094e-02
 25  0.08392  -8.4999e-02 | 26  0.12577   3.6448e-02 | 27  0.15217   2.1681e-01
 28  0.15418  -6.5168e-01 | 29  0.14859   1.5528e-01 | 30  0.15048   2.8631e-01
 31  0.15422  -1.0300e+00 | 32  0.14675   4.4937e-01 | 33  0.12879   9.7843e-01
 34  0.11235   5.0163e-01 | 35  0.12236   3.2827e-01 | 36  0.11891   1.0168e+00
 37  0.08831  -8.4387e-02 | 38  0.05089  -2.6237e-01 | 39 -2.00738  -1.0552e+00
 40 -0.03913   1.6579e-01 | 41 -0.10224  -3.0627e-01 | 42 -1.83140  -1.3953e-01
 43 -0.01370  -2.8111e+00 | 44 -0.06928  -2.8371e+00 | 45 -0.09421  -2.7637e+00
 46 -0.16562  -2.1752e+00 | 47 -0.18544  -2.4239e+00 | 48 -0.13841  -1.4503e+00
 49 -0.10411  -1.6163e+00 | 50 -0.06770  -1.9425e+00 | 51 -0.02123  -9.9657e-01
 52  0.02934  -9.8496e-01 | 53 -0.01547  -1.6099e+00 | 54  0.01796  -1.5358e+00
 55  0.00226  -2.2080e+00 | 56  0.02729  -2.1705e+00 | 57  0.06318  -2.1723e+00
 58  0.10963  -2.5994e+00 | 59  0.08589  -2.4760e+00 | 60 -0.10204  -2.2162e+00
 61 -0.07193  -2.3525e+00 | 62  0.02433  -3.3257e+00 | 63 -0.03589  -3.3076e+00
 64 -0.04413  -2.2940e+00 | 65 -0.05313  -2.3303e+00 | 66 -0.04218  -2.3660e+00
 67 -0.06703  -2.3369e+00 | 68 -0.05438  -2.3414e+00 | 69 -0.07201  -2.0533e+00
 70 -0.06208  -2.0306e+00 | 71  0.07023  -4.2210e-01 | 72  0.04138  -2.1659e+00
 73  0.00129  -2.3386e+00 | 74 -0.00590  -2.4059e+00 | 75  0.10533  -2.2883e+00
 76  0.07649  -2.4988e+00 | 77 -0.01177  -1.4666e+00 | 78 -0.05204  -1.4278e+00
 79  0.08359  -1.2831e+00 | 80  0.31762   1.0330e+00 | 81  0.75806  -1.4615e+00
 82 -0.11733  -1.8536e+00 | 83 -0.03262  -1.8013e+00 | 84  0.05453  -1.7763e+00
 85 -0.05521   9.6895e-01 | 86  0.10034   8.0745e-01 | 87  0.21267  -1.2324e+00
 88 -0.09141   1.1781e+00 | 89 -0.20226   1.9040e+00 | 90 -0.14760   1.8821e+00
 91 -0.04343   1.9366e+00 | 92 -0.01771   1.7907e+00 | 93  0.04285   2.2496e+00
 94  0.15603   2.1018e+00 | 95  0.01145   2.5632e+00 | 96 -0.00961   2.1101e+00
 97 -0.00108   1.8968e+00 | 98  0.08436   1.6037e+00 | 99  0.10975   1.6423e+00
100  0.06737   1.5742e+00 |101  0.08175   9.7097e-01 |102 -0.06445   1.2152e+00
103 -0.08536   1.4383e+00 |104  0.05084   4.5848e-01 |105  0.04156   1.4510e+00
106 -0.04089   1.6781e+00 |107 -0.05039   1.8666e+00 |108  0.07413   1.5445e+00
109  0.10221   1.8069e+00 |110  0.08586   1.2866e+00 |111  0.01305   1.8273e+00
112 -0.12566   1.8273e+00 |113 -0.13934   1.8262e+00 |114 -0.03663   1.7619e+00
115  0.11034   8.1845e-01 |116  0.02552   1.8769e+00 |117  0.09139   1.5152e+00
118  0.04131   1.5817e+00 |119 -0.01521   1.7284e+00 |120  0.00058   1.7518e+00
121  0.12825   1.2499e+00 |122  0.20234   1.2187e+00 |123 -0.88692   1.5307e+00
124  0.10638   2.1412e+00 |125 -0.01364   1.9457e+00 |126 -0.16565   2.0026e+00
127 -0.06814  -6.6626e-03 |128  0.03467  -6.6910e-03 |129 -0.02154  -6.6971e-03
130 -0.07019  -6.6603e-03 |131 -0.07028  -6.6602e-03 |132 -0.00415  -6.7008e-03
133  0.00757  -6.7004e-03 |134  0.06838  -6.6623e-03 |135 -0.03962  -6.6880e-03
136  0.03341  -6.6917e-03 |137 -0.03151  -6.6927e-03 |138  0.01598  -6.6988e-03
139  0.02115  -6.6972e-03 |140 -0.00787  -6.7004e-03 |141 -0.01465  -6.6992e-03
142 -0.01266  -6.6996e-03 |143 -0.00842  -6.7003e-03 |144  0.03632  -6.6900e-03
145 -0.01483  -6.6991e-03 |146  0.07350  -6.6563e-03 |147 -0.02198  -6.6969e-03
148  0.03473  -6.6909e-03 |149 -0.04708  -6.6826e-03 |150 -0.00186  -6.7009e-03
151  0.03983  -6.6878e-03 |152  0.01606  -6.6988e-03 |153 -0.01686  -6.6986e-03
154 -0.00313  -6.7008e-03 |155  0.01830  -6.6981e-03 |156  0.02519  -6.6957e-03
157  0.03723  -6.6894e-03 |158  0.01641  -6.6987e-03 |159  0.03241  -6.6922e-03
160 -0.03924  -6.6882e-03 |161  0.05502  -6.6759e-03 |162 -0.00178  -6.7009e-03
163  0.01321  -6.6995e-03 |164 -0.07732  -6.6516e-03 |165  0.00007  -6.7009e-03
166  0.02074  -6.6974e-03 |167 -0.02146  -6.6971e-03 |168 -0.00585  -6.7006e-03
169  0.00912   1.5430e+01 |170  0.01171  -2.4796e+00 |171  0.00552  -1.4329e+00
172  0.02878   4.6984e-01 |173  0.08045   2.1698e-01 |174  0.04391  -2.4082e+00
175  0.03794  -3.9139e+00 |176  0.01536  -2.1621e+00 |177  0.03711  -4.4150e+00
178  0.08307  -1.7666e+00 |179  0.15255  -1.1770e+00 |180 -0.62506  -1.0224e+00
181  0.09862   2.1999e+00 |182 -0.76676  -5.3347e-01 |183 -0.01169  -3.2961e-01
184 -0.01682  -1.7033e+00 |185 -0.00378   2.1435e-01 |186 -0.01322   6.5729e-01
187 -0.04384  -5.2018e-01 |188 -0.03332  -1.5626e-01 |189  0.02518  -9.5734e-01
190  0.03049  -1.8416e+00 |191  0.03525  -7.6787e-01 |192  0.01991  -5.2624e-01
193 -0.00820  -9.0210e-01 |194 -0.08576  -1.6978e+00 |195 -0.00100  -7.3112e-01
196  0.05959  -1.2347e+00 |197  0.02856  -8.4107e-01 |198  0.00506  -8.1678e-01
199  0.01089   5.9744e-02 |200  0.01544   1.3234e-01 |201  0.01265  -1.8899e+00
202  0.11860  -1.1678e+00 |203  0.11607  -1.8494e+00 |204  0.10288  -5.5563e+00
205 -0.03975  -1.2592e+00 |206 -0.13486  -1.5608e+00 |207 -0.13836  -1.6174e+00
208 -0.09251  -4.1545e-01 |209 -0.03805  -1.1437e+00 |210  0.05857  -1.3172e+00
211  0.66784  -7.0671e-01 |212 -0.05965  -3.7717e+00 |213  0.03447  -1.3944e+01
214  0.04585   2.8333e-08 |215 -0.63066   4.7197e-01 |216 -0.77193  -7.6621e-03
217  0.01735   7.9328e+00 |218 -0.16035   8.1889e-01 |219 -0.24635   1.0570e+00
220 -0.05100   9.2252e-01 |221  0.03683   6.6204e-02 |222  0.00080   6.7110e-01
223  0.01078   4.9688e-01 |224 -0.02638  -3.8064e-01 |225 -0.03212   4.3642e-01
226  0.09398   1.9243e-01 |227  0.07408  -3.4626e-01 |228  0.19704  -3.3045e-01
229  0.10768  -1.7005e-01 |230  0.09607   1.0487e-01 |231  0.04003   1.7854e-01
232  0.03144   4.0983e-02 |233  0.05687  -3.5137e-02 |234  0.11912   1.8339e-01
235 -0.13729   1.7407e-01 |236 -0.13016   5.5263e-01 |237  0.00219   3.8723e-01
238  0.02914   8.9500e-01 |239 -0.10838   8.2645e-01 |240 -0.14688  -9.2681e-03
241 -0.05875   9.6821e-01 |242  0.01645   4.6550e-01 |243  0.04643  -3.5492e-02
244 -0.02014   6.3224e-01 |245 -0.12030  -9.7185e-02 |246 -0.23020  -1.1230e-01
247 -0.10046   4.6915e-03 |248  0.00418   5.8538e-01 |249  0.05281   4.3993e-02
250  0.08577   1.6186e-01 |251  0.05513  -7.3203e-01 |252 -0.01604   9.7958e-02
253 -0.00226   3.1798e-01 |254  0.13459   3.8208e-01 |255  0.20003   1.5704e-02
256  0.23640   1.9201e-01 |257 -0.14413  -4.4938e-01 |258  0.09553  -5.1695e+00
259  0.14869  -2.5371e+01 |260 -0.86812  -1.3149e+00 |261 -0.84472  -2.7763e+00
262 -1.15444   9.2077e-01 |263 -0.05238  -8.8575e+00 |264 -0.32679  -7.7421e+00
265  0.01999  -8.8832e+00 |266 -0.10184  -8.7741e+00 |267 -0.03664  -8.8728e+00
268 -0.30187  -7.9070e+00 |269  0.25091  -8.2061e+00 |270  0.23631  -8.2822e+00
271 -0.35391  -7.5492e+00 |272  0.42371  -6.9907e+00 |273 -0.23671  -8.2803e+00
274  0.10403  -8.7692e+00 |275 -0.07233  -8.8303e+00 |276  0.17821  -8.5416e+00
277  0.51377  -6.1470e+00 |278  0.25125  -8.2044e+00 |279 -0.52747  -6.0075e+00
280 -0.00830  -8.8868e+00 |281  0.10880  -8.7581e+00 |282  0.32742  -7.7378e+00
283  0.43373  -6.9034e+00 |284 -0.24623  -8.2310e+00 |285  0.04510  -8.8653e+00
286  0.25856  -8.1645e+00 |287 -0.38594  -7.3038e+00 |288  0.24814  -8.2209e+00
289 -0.04691  -8.8634e+00 |290 -0.19297  -8.4824e+00 |291 -0.12524  -8.7161e+00
292 -0.14785  -8.6489e+00 |293  0.31781  -7.8029e+00 |294 -0.31857  -7.7978e+00
295 -0.42754  -6.9575e+00 |296  0.29119  -7.9740e+00 |297 -0.15352  -8.6304e+00
298 -0.04176  -8.8684e+00 |299  0.22487  -8.3389e+00 |300 -0.01167  -8.8861e+00
301 -0.23075  -8.3101e+00 |302  0.11491  -8.7432e+00 |303  0.47037  -4.5878e+00
304  0.08096  -1.3031e+00 |305 -0.90615  -8.1991e+00 |306  0.25574  -4.0827e-01
307 -0.88506  -1.9064e-01 |308 -0.52906  -5.8222e-01 |
20.1333 7.86753 100.715 47.589 
11.0005 11.0005 48.5314 50.3695 
6.25703 9.39928 0 1.5122 10.8571 
0 1.89188 0 0 0.453157 17.9844 0 
20.1241 7.80636 100.65 47.6254 
10.9979 10.9979 48.5371 50.4024 
6.24506 9.38484 0 1.53214 10.8065 
0 1.9196 0 0 0.454224 18.0093 0 
20.128 7.84005 100.684 47.6049 
10.9987 10.9987 48.534 50.3844 
6.24948 9.3918 0 1.52121 10.8342 
0 1.90259 0 0 0.453629 17.9957 0 
20.1268 7.84177 100.674 47.607 
10.9875 10.9875 48.5295 50.3939 
6.23682 9.395 0 1.51595 10.8421 
0 1.90585 0 0 0.453681 17.9946 0 
20.0774 7.8416 100.637 47.6473 
10.9507 10.9507 48.5189 50.4059 
6.2586 9.4155 0 1.50917 10.8738 
0 1.91231 0 0 0.453655 18.017 0 
20.0822 7.83761 100.641 47.6429 
10.9501 10.9501 48.5191 50.4084 
6.25117 9.41332 0 1.50627 10.8737 
0 1.9124 0 0 0.453641 18.0166 0 
20.1351 7.79386 100.685 47.6011 
10.9417 10.9417 48.5222 50.4334 
6.18371 9.39819 0 1.47742 10.873 
0 1.91743 0 0 0.453535 18.0126 0 
20.1478 7.84907 100.675 47.5835 
10.8829 10.8829 48.5024 50.4447 
6.17215 9.41199 0 1.45379 10.8781 
0 1.92914 0 0 0.453653 18.0133 0 
20.1395 7.81409 100.681 47.5943 
10.9205 10.9205 48.5147 50.4374 
6.17925 9.40256 0 1.4688 10.8748 
0 1.92141 0 0 0.453573 18.0128 0 
20.149 7.82203 100.683 47.5933 
10.9181 10.9181 48.5016 50.4418 
6.17641 9.39944 0 1.46353 10.8728 
0 1.92195 0 0 0.453564 18.007 0 
20.1435 7.82928 100.686 47.5742 
10.9301 10.9301 48.4809 50.451 
6.17368 9.38845 0 1.4546 10.8701 
0 1.92029 0 0 0.453453 18.0215 0 
20.1349 7.83044 100.672 47.5515 
10.956 10.956 48.4465 50.4691 
6.17743 9.36751 0 1.4296 10.8609 
0 1.92212 0 0 0.453288 18.0563 0 
20.1025 7.8521 100.625 47.497 
11.0246 11.0246 48.3881 50.5115 
6.19449 9.32029 0 1.38664 10.8325 
0 1.9307 0 0 0.452745 18.1322 0 
308 variables; iteration 290; function evaluation 343; phase 1
Function value   3.4189854e+02; maximum gradient component mag   2.4234e+01
Var   Value    Gradient   |Var   Value    Gradient   |Var   Value    Gradient
  1 -1.98055   5.6296e-01 |  2  0.18435  -2.9386e-01 |  3  0.18947  -4.2640e-02
  4  0.19653   7.7091e-01 |  5  0.19509   9.8569e-01 |  6  0.19097   6.0646e-01
  7  0.17771   4.8556e-01 |  8  0.17334   1.6032e-01 |  9  0.17247   9.4488e-01
 10  0.14811  -4.6495e-01 | 11  0.12596   2.0885e+00 | 12  0.12665  -1.2309e-02
 13  0.10308   5.4576e-01 | 14  0.05703   2.1455e-02 | 15 -0.01069   9.6045e-02
 16 -0.10825  -2.0239e-01 | 17 -0.16889  -7.3359e-02 | 18 -0.20888   3.1460e-02
 19 -0.26566  -3.1738e-03 | 20 -0.24805   3.2002e-02 | 21 -0.18875   1.2755e-01
 22  0.09197   9.2676e-02 | 23 -0.18042   9.9463e-05 | 24  0.00780   5.0137e-03
 25  0.08556   1.1284e-01 | 26  0.12674   1.6219e-01 | 27  0.15341   8.2908e-01
 28  0.15535  -2.4085e-01 | 29  0.14971   5.8176e-01 | 30  0.15126   3.8731e-02
 31  0.15549  -9.5976e-02 | 32  0.14766   6.6448e-01 | 33  0.12872  -2.4474e-01
 34  0.11292   4.1685e-01 | 35  0.12288  -4.0701e-01 | 36  0.11996   1.2621e+00
 37  0.08963   4.3381e-01 | 38  0.05221  -6.0269e-01 | 39 -2.00821  -5.3205e-01
 40 -0.04031  -5.5273e-01 | 41 -0.09409   1.5223e-01 | 42 -1.82790  -2.1321e-02
 43 -0.01581  -1.3526e+00 | 44 -0.06322  -1.1268e+00 | 45 -0.08965  -1.2136e+00
 46 -0.16571  -1.0083e+00 | 47 -0.18118  -8.9373e-01 | 48 -0.14136  -6.5304e-01
 49 -0.10865  -1.0135e+00 | 50 -0.06392  -8.3061e-01 | 51 -0.02909  -1.1126e+00
 52  0.02296  -1.2409e+00 | 53 -0.00987  -5.9839e-01 | 54  0.01389  -7.2266e-01
 55  0.00350  -4.9238e-01 | 56  0.02639  -4.2850e-01 | 57  0.06248  -1.9155e-01
 58  0.10966  -2.7566e-01 | 59  0.07969  -6.3818e-01 | 60 -0.10743  -1.1718e+00
 61 -0.07016  -6.3068e-01 | 62  0.02734  -1.4055e+00 | 63 -0.02892  -1.4126e+00
 64 -0.04765  -1.1110e+00 | 65 -0.05253  -7.1769e-01 | 66 -0.03938  -4.9398e-01
 67 -0.06300  -4.9514e-01 | 68 -0.05056  -6.4874e-01 | 69 -0.07655  -1.1759e+00
 70 -0.06046  -6.4543e-01 | 71  0.05776   2.3496e-01 | 72  0.04552  -3.9212e-01
 73  0.00006  -9.4953e-01 | 74 -0.00040  -5.2597e-01 | 75  0.10175  -6.0334e-01
 76  0.08245  -2.5290e-01 | 77 -0.02084  -7.1573e-01 | 78 -0.05663  -6.7567e-01
 79  0.08944  -1.1454e-01 | 80  0.31489   1.5194e-03 | 81  0.83975  -6.9984e-01
 82 -0.11786  -7.7954e-01 | 83 -0.03559  -8.3619e-01 | 84  0.04648  -9.7192e-01
 85 -0.04470  -3.2396e-01 | 86  0.10070  -1.5089e-01 | 87  0.21278  -1.8216e+00
 88 -0.08486   8.5769e-02 | 89 -0.20239   3.2308e-01 | 90 -0.15012   1.5152e-01
 91 -0.04550   1.3582e-01 | 92 -0.01676   2.2784e-01 | 93  0.04014   2.5062e-01
 94  0.15756  -6.5379e-02 | 95  0.01252   5.3552e-01 | 96 -0.01432  -1.3021e-01
 97 -0.00160   6.5229e-02 | 98  0.08811   1.2078e-01 | 99  0.10804   1.9688e-02
100  0.06488   1.3885e-01 |101  0.08429   5.6379e-01 |102 -0.06423   2.8745e-01
103 -0.08533   1.9691e-01 |104  0.06729   6.6753e-01 |105  0.03519   3.0502e-01
106 -0.04639   1.7312e-01 |107 -0.05521   1.3306e-01 |108  0.07378   1.9646e-01
109  0.10058   1.1394e-01 |110  0.08872   3.4604e-01 |111  0.01024   3.9380e-01
112 -0.12863   1.7519e-01 |113 -0.14302   1.2983e-01 |114 -0.03686   4.4193e-01
115  0.11577   4.4986e-01 |116  0.02495   3.7530e-01 |117  0.09369   3.1169e-01
118  0.03865  -1.4136e-01 |119 -0.01240   5.2614e-01 |120  0.00031   3.5858e-01
121  0.12833   3.6501e-01 |122  0.20351   1.2668e+00 |123 -0.96767   3.5430e-01
124  0.10671   4.4661e-01 |125 -0.01427   2.1443e-01 |126 -0.16921   2.3945e-01
127 -0.07054  -2.5416e-02 |128  0.05123  -2.5490e-02 |129 -0.02134  -2.5558e-02
130 -0.07274  -2.5406e-02 |131 -0.07283  -2.5405e-02 |132 -0.00392  -2.5572e-02
133  0.00750  -2.5571e-02 |134  0.06438  -2.5442e-02 |135 -0.04006  -2.5522e-02
136  0.03187  -2.5540e-02 |137 -0.03159  -2.5541e-02 |138  0.01555  -2.5565e-02
139  0.02044  -2.5559e-02 |140 -0.00760  -2.5571e-02 |141 -0.01437  -2.5566e-02
142 -0.01237  -2.5568e-02 |143 -0.00815  -2.5570e-02 |144  0.05290  -2.5484e-02
145 -0.01455  -2.5566e-02 |146  0.06936  -2.5421e-02 |147 -0.02179  -2.5558e-02
148  0.03310  -2.5538e-02 |149 -0.04794  -2.5500e-02 |150 -0.00167  -2.5572e-02
151  0.03781  -2.5527e-02 |152  0.01562  -2.5565e-02 |153 -0.01660  -2.5564e-02
154 -0.00291  -2.5572e-02 |155  0.01774  -2.5563e-02 |156  0.02422  -2.5554e-02
157  0.03541  -2.5533e-02 |158  0.01595  -2.5564e-02 |159  0.03095  -2.5542e-02
160 -0.03965  -2.5523e-02 |161  0.05181  -2.5488e-02 |162 -0.00159  -2.5572e-02
163  0.01291  -2.5567e-02 |164 -0.08025  -2.5370e-02 |165  0.00022  -2.5573e-02
166  0.02004  -2.5560e-02 |167 -0.02126  -2.5558e-02 |168 -0.00560  -2.5572e-02
169  0.00927  -3.3976e+00 |170  0.01272   2.0736e+00 |171  0.00620   2.2486e+00
172  0.02839   1.2578e+00 |173  0.08021   1.4841e+00 |174  0.04348   1.1380e+00
175  0.03775  -3.3585e-01 |176  0.01377   2.4831e-01 |177  0.03799   1.2070e+00
178  0.08278   2.9393e+00 |179  0.15266   1.1683e+00 |180 -0.63006   2.6476e-01
181  0.09861  -1.3758e+00 |182 -0.75385   3.0550e-01 |183 -0.01182   7.2372e-01
184 -0.01587   1.4380e+00 |185 -0.00402   1.6203e+00 |186 -0.01316   1.4119e+00
187 -0.04290   1.0912e+00 |188 -0.03303   7.5485e-01 |189  0.02592   1.2329e+00
190  0.03121   1.0905e+00 |191  0.03524  -5.5206e-01 |192  0.02025  -3.1683e-02
193 -0.00835   1.1581e+00 |194 -0.08374   1.2106e+00 |195 -0.00184   1.2253e+00
196  0.05905   6.5342e-01 |197  0.02714  -7.3468e-01 |198  0.00521   6.0381e-02
199  0.01150   1.2067e+00 |200  0.01574   1.6375e+00 |201  0.01330   5.5368e-01
202  0.11896  -4.3814e-01 |203  0.11590   4.8506e-02 |204  0.10360   4.7370e-01
205 -0.04202   9.3551e-01 |206 -0.12841   1.0057e+00 |207 -0.13904   8.4929e-01
208 -0.09252   7.8386e-01 |209 -0.03811   1.1407e+00 |210  0.05838   5.9702e-01
211  0.64970   4.6387e-01 |212 -0.05842   7.8040e+00 |213  0.03444  -1.3678e+00
214  0.04585   2.8332e-08 |215 -0.63120  -1.1176e-01 |216 -0.77245   2.2735e-02
217  0.01550   3.1141e+00 |218 -0.16211   3.4203e-01 |219 -0.24695   6.8274e-02
220 -0.05179   3.4408e-01 |221  0.03770   5.2159e-01 |222  0.00104   1.2189e-01
223  0.01097   1.1852e-01 |224 -0.02592   3.1782e-01 |225 -0.03261   2.0933e-02
226  0.09311  -1.7225e-01 |227  0.07435   1.9698e-01 |228  0.19748  -1.0131e-01
229  0.10726   1.2247e-01 |230  0.09389   1.3620e-01 |231  0.03972   3.2456e-01
232  0.03179   3.5511e-01 |233  0.05621   3.2816e-01 |234  0.11759  -2.2642e-02
235 -0.13782  -3.1007e-03 |236 -0.13202  -2.1992e-01 |237  0.00455  -2.5244e-01
238  0.03106   1.7092e-01 |239 -0.10952  -5.0575e-02 |240 -0.14763   9.0550e-02
241 -0.06157  -2.6267e-01 |242  0.01479   2.2034e-01 |243  0.04699   1.6323e-01
244 -0.02074  -1.2879e-01 |245 -0.12008  -5.2043e-02 |246 -0.22973   2.0157e-01
247 -0.10113  -1.2702e-01 |248  0.00420  -3.4526e-01 |249  0.05471   1.5682e-01
250  0.08740  -1.7790e-02 |251  0.05760   3.3255e-02 |252 -0.01448   2.5596e-01
253 -0.00181  -3.2920e-01 |254  0.13499   2.5379e-01 |255  0.20220   4.6246e-02
256  0.23728  -1.2768e-01 |257 -0.14450  -2.1691e-01 |258  0.09491  -1.8171e+01
259  0.14985   1.1492e+01 |260 -0.86842  -2.3128e+00 |261 -0.84417   6.4298e+00
262 -1.16736   1.0529e+00 |263 -0.05967   2.4140e+01 |264 -0.31741   2.1295e+01
265  0.05155   2.4167e+01 |266 -0.07941   2.4058e+01 |267 -0.03696   2.4206e+01
268 -0.28497   2.1858e+01 |269  0.29817   2.1636e+01 |270  0.25959   2.2259e+01
271 -0.37290   2.0205e+01 |272  0.39896   1.9639e+01 |273 -0.18296   2.3252e+01
274  0.09123   2.3998e+01 |275 -0.06873   2.4106e+01 |276  0.15930   2.3492e+01
277  0.51222   1.6813e+01 |278  0.25767   2.2288e+01 |279 -0.52136   1.6560e+01
280  0.02043   2.4234e+01 |281  0.08452   2.4033e+01 |282  0.34069   2.0857e+01
283  0.51725   1.6674e+01 |284 -0.26796   2.2131e+01 |285  0.07300   2.4088e+01
286  0.27145   2.2076e+01 |287 -0.48874   1.7446e+01 |288  0.21750   2.2845e+01
289 -0.03219   2.4216e+01 |290 -0.26400   2.2192e+01 |291 -0.17548   2.3332e+01
292 -0.14186   2.3647e+01 |293  0.35156   2.0643e+01 |294 -0.32088   2.1232e+01
295 -0.44195   1.8635e+01 |296  0.28087   2.1925e+01 |297 -0.19752   2.3089e+01
298 -0.08365   2.4038e+01 |299  0.26159   2.2228e+01 |300 -0.04128   2.4196e+01
301 -0.24118   2.2528e+01 |302  0.17470   2.3340e+01 |303  0.47079  -3.5079e+00
304  0.08291  -8.5437e-01 |305 -0.90681  -1.3773e+01 |306  0.25529  -9.6580e-01
307 -0.88492  -7.7893e-01 |308 -0.52917  -2.0025e+00 |
20.0781 7.82469 100.646 47.4761 
11.0632 11.0632 48.3874 50.5193 
6.21158 9.30009 0 1.36094 10.8263 
0 1.93308 0 0 0.452607 18.1589 0 
20.0909 7.83941 100.634 47.487 
11.0426 11.0426 48.3876 50.5151 
6.20211 9.31054 0 1.3747 10.8296 
0 1.93156 0 0 0.452678 18.1446 0 
20.1018 7.83643 100.687 47.4907 
11.0357 11.0357 48.3985 50.5084 
6.19689 9.28679 0 1.36261 10.8158 
0 1.931 0 0 0.453202 18.1321 0 
20.0883 7.81792 100.691 47.5054 
11.0656 11.0656 48.3798 50.5172 
6.20078 9.26715 0 1.36605 10.8354 
0 1.93038 0 0 0.453059 18.1245 0 
20.0674 7.80471 100.665 47.5373 
11.0517 11.0517 48.3773 50.5163 
6.20502 9.27593 0 1.37116 10.8395 
0 1.93661 0 0 0.453273 18.1277 0 
20.0628 7.76824 100.662 47.5823 
11.0697 11.0697 48.3617 50.5188 
6.20779 9.27922 0 1.37115 10.8397 
0 1.94397 0 0 0.453652 18.1067 0 
20.0832 7.71296 100.671 47.6157 
11.1126 11.1126 48.3626 50.5124 
6.20421 9.26295 0 1.37427 10.8456 
0 1.95117 0 0 0.453661 18.0577 0 
20.1042 7.70373 100.683 47.6438 
11.1583 11.1583 48.4056 50.4966 
6.1995 9.23391 0 1.40234 10.8496 
0 1.9503 0 0 0.452979 17.948 0 
20.0895 7.71021 100.674 47.6238 
11.1265 11.1265 48.3754 50.5075 
6.20251 9.25366 0 1.38285 10.8468 
0 1.95071 0 0 0.45345 18.0239 0 
20.0965 7.71307 100.692 47.6218 
11.1279 11.1279 48.3836 50.5054 
6.20001 9.2508 0 1.39232 10.8369 
0 1.95064 0 0 0.453101 17.9926 0 
20.1349 7.67747 100.71 47.6395 
11.1498 11.1498 48.3815 50.5076 
6.17746 9.24692 0 1.40001 10.853 
0 1.94684 0 0 0.453044 17.9322 0 
20.1702 7.70772 100.703 47.6383 
11.1519 11.1519 48.4055 50.4978 
6.16184 9.23852 0 1.42258 10.8216 
0 1.94469 0 0 0.452555 17.8742 0 
308 variables; iteration 300; function evaluation 355; phase 1
Function value   3.4177839e+02; maximum gradient component mag   1.9830e+01
Var   Value    Gradient   |Var   Value    Gradient   |Var   Value    Gradient
  1 -1.99367   5.3568e-01 |  2  0.18452  -6.7806e-01 |  3  0.19022  -3.8723e-01
  4  0.19643  -1.2005e+00 |  5  0.19541  -6.3388e-01 |  6  0.19114  -8.5102e-01
  7  0.17809   1.6829e-01 |  8  0.17383  -1.4080e-01 |  9  0.17247  -2.8764e-01
 10  0.14873  -1.1877e-01 | 11  0.12473  -6.3557e-01 | 12  0.12716  -2.1461e-01
 13  0.10287  -2.7250e-01 | 14  0.05747   1.0759e-01 | 15 -0.01114  -5.9929e-02
 16 -0.10602  -1.7728e-01 | 17 -0.15487   3.9897e-03 | 18 -0.23001   2.0087e-03
 19 -0.26593  -4.5593e-04 | 20 -0.27507   1.2741e-02 | 21 -0.23559   2.1120e-02
 22  0.09119  -4.1499e-02 | 23 -0.18078  -3.3826e-05 | 24  0.00814   1.4397e-02
 25  0.08507  -1.0791e-01 | 26  0.12695   1.5171e-01 | 27  0.15317  -1.6602e-01
 28  0.15566  -1.2659e-01 | 29  0.14958  -5.9535e-02 | 30  0.15156   2.5972e-02
 31  0.15586  -1.4351e-02 | 32  0.14777   3.5354e-02 | 33  0.12936   9.7549e-02
 34  0.11337   2.3353e-01 | 35  0.12342   8.5599e-02 | 36  0.12056  -8.4205e-02
 37  0.09023  -2.7910e-01 | 38  0.05333  -1.8574e-02 | 39 -2.00882  -1.1102e-01
 40 -0.03749  -1.5198e-02 | 41 -0.09437  -5.2943e-03 | 42 -1.83784   4.3617e-02
 43 -0.01299   5.9495e-01 | 44 -0.06189   5.2265e-01 | 45 -0.08412   5.9938e-01
 46 -0.16581   4.0748e-02 | 47 -0.18061   1.8212e-01 | 48 -0.14386   1.1494e-01
 49 -0.10683   9.2944e-02 | 50 -0.06495   1.8473e-02 | 51 -0.02712   2.5732e-02
 52  0.02507  -1.2730e-01 | 53 -0.01436  -7.6430e-02 | 54  0.01166  -3.7089e-01
 55  0.00177  -4.6730e-01 | 56  0.02577  -4.9026e-01 | 57  0.05966  -6.0328e-01
 58  0.10906  -5.6393e-01 | 59  0.07902  -1.3175e-01 | 60 -0.10569   2.7553e-02
 61 -0.07671   4.0277e-02 | 62  0.03447   6.6223e-01 | 63 -0.02041   6.8324e-01
 64 -0.04448   3.1884e-01 | 65 -0.05413   6.0560e-02 | 66 -0.04450  -1.0966e-01
 67 -0.06897  -2.2043e-01 | 68 -0.05417  -2.1247e-01 | 69 -0.07319  -1.9846e-01
 70 -0.06095  -5.3578e-02 | 71  0.04539  -3.5137e-01 | 72  0.04667  -1.2437e-01
 73  0.00392  -9.9972e-02 | 74 -0.00271   8.9838e-02 | 75  0.10260  -3.4276e-02
 76  0.07955  -1.5513e-01 | 77 -0.01762  -2.2998e-02 | 78 -0.05636  -7.9268e-02
 79  0.08161  -4.2154e-01 | 80  0.31637  -6.5651e-01 | 81  0.92349  -2.1895e-01
 82 -0.11785   1.6989e-01 | 83 -0.03684   5.7589e-02 | 84  0.04857   9.3080e-02
 85 -0.03007   1.8387e-02 | 86  0.09465   2.1174e-02 | 87  0.21651   1.1520e+00
 88 -0.08560  -4.1709e-02 | 89 -0.20468  -7.1976e-02 | 90 -0.15046  -1.3281e-01
 91 -0.04469  -1.2567e-01 | 92 -0.01698  -1.6152e-01 | 93  0.03827  -2.0155e-01
 94  0.15800  -7.3879e-02 | 95  0.00906  -2.1023e-02 | 96 -0.01135  -2.2811e-01
 97 -0.00099  -2.4770e-01 | 98  0.08668  -2.0544e-01 | 99  0.10766  -4.1674e-01
100  0.06717  -3.1021e-01 |101  0.08446  -4.9038e-01 |102 -0.06082  -3.2319e-01
103 -0.08208  -3.0775e-01 |104  0.06222  -5.4846e-01 |105  0.03478  -1.8114e-01
106 -0.04844  -1.4175e-01 |107 -0.05802  -1.3615e-01 |108  0.06981  -7.4387e-02
109  0.10066  -1.4299e-01 |110  0.08921  -1.7543e-01 |111  0.00743  -3.0317e-01
112 -0.12690  -1.8425e-01 |113 -0.13968  -2.1909e-01 |114 -0.03653  -2.5846e-01
115  0.11559  -4.9197e-01 |116  0.02367  -2.8107e-01 |117  0.09316  -3.2684e-01
118  0.04245  -3.0151e-01 |119 -0.01869  -1.9984e-01 |120 -0.00381  -2.0090e-01
121  0.13040  -1.2009e-01 |122  0.20336  -2.8553e-01 |123 -1.04045  -4.1894e-01
124  0.10555  -2.7203e-01 |125 -0.01287  -1.5103e-01 |126 -0.16829  -1.0535e-01
127 -0.07510   2.2276e-02 |128  0.07070   2.2294e-02 |129 -0.02131   2.2420e-02
130 -0.07758   2.2266e-02 |131 -0.07768   2.2265e-02 |132 -0.00356   2.2432e-02
133  0.00766   2.2431e-02 |134  0.06107   2.2329e-02 |135 -0.04121   2.2385e-02
136  0.03069   2.2406e-02 |137 -0.03211   2.2404e-02 |138  0.01539   2.2426e-02
139  0.02002   2.2421e-02 |140 -0.00725   2.2431e-02 |141 -0.01412   2.2427e-02
142 -0.01208   2.2428e-02 |143 -0.00780   2.2430e-02 |144  0.07233   2.2288e-02
145 -0.01430   2.2427e-02 |146  0.06599   2.2312e-02 |147 -0.02178   2.2419e-02
148  0.03182   2.2404e-02 |149 -0.04983   2.2363e-02 |150 -0.00133   2.2432e-02
151  0.03617   2.2396e-02 |152  0.01546   2.2426e-02 |153 -0.01641   2.2425e-02
154 -0.00256   2.2432e-02 |155  0.01747   2.2424e-02 |156  0.02357   2.2417e-02
157  0.03395   2.2400e-02 |158  0.01577   2.2425e-02 |159  0.02984   2.2408e-02
160 -0.04077   2.2386e-02 |161  0.04911   2.2366e-02 |162 -0.00125   2.2432e-02
163  0.01287   2.2428e-02 |164 -0.08583   2.2229e-02 |165  0.00054   2.2432e-02
166  0.01965   2.2422e-02 |167 -0.02123   2.2420e-02 |168 -0.00524   2.2431e-02
169  0.00893   1.9830e+01 |170  0.01345  -6.8343e-01 |171  0.00679   7.1685e-02
172  0.02885   8.9449e-02 |173  0.08060  -3.9844e-02 |174  0.04382  -1.4800e-01
175  0.03841  -2.4183e-01 |176  0.01433  -1.7745e-01 |177  0.03808  -4.3123e-01
178  0.08251   3.1922e-02 |179  0.15244   1.3308e+00 |180 -0.62579  -3.8905e-01
181  0.09858   2.2240e+00 |182 -0.72844  -1.5357e-01 |183 -0.01190   1.3424e-01
184 -0.01587   3.4950e-01 |185 -0.00348  -2.5760e-01 |186 -0.01236  -6.9255e-01
187 -0.04238  -7.0476e-01 |188 -0.03193  -7.7830e-01 |189  0.02663  -1.3415e+00
190  0.03138  -1.6575e-01 |191  0.03535   1.0427e+00 |192  0.01973   5.2815e-01
193 -0.00844   4.7637e-01 |194 -0.08442  -1.8160e-01 |195 -0.00191   2.5042e-02
196  0.05847   4.7470e-01 |197  0.02677   1.2241e-02 |198  0.00526  -2.0390e-01
199  0.01213  -3.7043e-02 |200  0.01576  -2.4162e-01 |201  0.01336  -4.0275e-01
202  0.11893   2.6181e-01 |203  0.11602   7.4857e-01 |204  0.10357   2.7088e-01
205 -0.04182  -2.6077e-01 |206 -0.13040  -2.9150e-01 |207 -0.13792  -3.3576e-01
208 -0.09237  -2.3151e-01 |209 -0.03785  -1.9335e-01 |210  0.05863  -3.9841e-01
211  0.61597  -1.5977e-01 |212 -0.05876  -4.0781e+00 |213  0.03441  -1.6681e+00
214  0.04585   2.8331e-08 |215 -0.63037   6.0120e-02 |216 -0.77136  -2.8289e-02
217  0.01391   4.3298e+00 |218 -0.16180  -1.0927e-01 |219 -0.24722  -2.7364e-01
220 -0.05203  -3.7176e-01 |221  0.03850  -2.7445e-01 |222  0.00160  -1.3135e-01
223  0.01118  -1.5674e-01 |224 -0.02561  -1.1794e-01 |225 -0.03181  -9.7563e-03
226  0.09371  -3.3369e-02 |227  0.07433  -9.3361e-02 |228  0.19775  -9.2042e-02
229  0.10714  -1.0771e-01 |230  0.09460   2.2643e-02 |231  0.03961   5.2038e-02
232  0.03089   5.2356e-02 |233  0.05593  -8.5702e-02 |234  0.11809  -1.8093e-01
235 -0.13733   9.4925e-02 |236 -0.13079  -8.3332e-02 |237  0.00468   2.3305e-01
238  0.02950   6.2131e-02 |239 -0.10901  -1.0926e-02 |240 -0.14668  -5.5078e-02
241 -0.06117  -1.9849e-01 |242  0.01425  -7.2590e-02 |243  0.04701  -9.5312e-02
244 -0.02104  -1.3633e-02 |245 -0.12036  -6.9307e-02 |246 -0.22891  -1.1038e-02
247 -0.09985   7.1794e-02 |248  0.00497  -1.4957e-03 |249  0.05364   9.9785e-02
250  0.08623   7.0067e-02 |251  0.05779  -1.0391e-01 |252 -0.01507  -3.1928e-02
253 -0.00348   2.6701e-03 |254  0.13356  -1.4564e-02 |255  0.20136   2.5378e-02
256  0.23656  -5.5444e-02 |257 -0.14443   8.7683e-02 |258  0.09583  -1.1016e+01
259  0.14939  -4.3768e+00 |260 -0.86804   1.5318e+00 |261 -0.84462  -1.9632e+00
262 -1.19371   5.0689e-01 |263 -0.06084   5.8408e+00 |264 -0.32168   5.1343e+00
265  0.07828   5.8233e+00 |266 -0.05766   5.8435e+00 |267 -0.01004   5.8669e+00
268 -0.27115   5.3434e+00 |269  0.37614   4.8729e+00 |270  0.28072   5.3063e+00
271 -0.39238   4.7879e+00 |272  0.39613   4.7678e+00 |273 -0.15705   5.6900e+00
274  0.06738   5.8348e+00 |275 -0.07150   5.8306e+00 |276  0.09065   5.8082e+00
277  0.51461   4.0527e+00 |278  0.25445   5.4051e+00 |279 -0.52327   3.9946e+00
280  0.05566   5.8452e+00 |281  0.09888   5.7970e+00 |282  0.36073   4.9506e+00
283  0.60103   3.4412e+00 |284 -0.28978   5.2702e+00 |285  0.12782   5.7497e+00
286  0.28455   5.2912e+00 |287 -0.55516   3.7744e+00 |288  0.20528   5.5652e+00
289  0.02333   5.8637e+00 |290 -0.34054   5.0480e+00 |291 -0.19741   5.5878e+00
292 -0.13620   5.7338e+00 |293  0.36606   4.9240e+00 |294 -0.34681   5.0182e+00
295 -0.44309   4.5029e+00 |296  0.28153   5.3031e+00 |297 -0.29077   5.2661e+00
298 -0.09731   5.7992e+00 |299  0.23494   5.4725e+00 |300 -0.07539   5.8265e+00
301 -0.26256   5.3756e+00 |302  0.20356   5.5702e+00 |303  0.47088  -1.0162e+01
304  0.08055   5.4189e-02 |305 -0.90569   1.1972e+00 |306  0.25630  -1.7448e-02
307 -0.88517  -1.1289e+00 |308 -0.52920  -5.7485e-01 |
20.177 7.70678 100.736 47.6322 
11.1039 11.1039 48.4265 50.484 
6.1606 9.26616 0 1.43532 10.8035 
0 1.94722 0 0 0.451899 17.8436 0 
20.1872 7.70002 100.707 47.6345 
11.1137 11.1137 48.4255 50.4963 
6.15599 9.26314 0 1.44869 10.809 
0 1.94498 0 0 0.45171 17.8243 0 
20.1823 7.70042 100.683 47.638 
11.0784 11.0784 48.4716 50.4816 
6.15328 9.28399 0 1.46336 10.811 
0 1.94565 0 0 0.451562 17.8 0 
20.1849 7.72322 100.596 47.6764 
11.0895 11.0895 48.4914 50.4957 
6.14823 9.27762 0 1.4867 10.8109 
0 1.94781 0 0 0.451446 17.7476 0 
20.1783 7.72492 100.587 47.6723 
11.0748 11.0748 48.5039 50.5026 
6.15014 9.28757 0 1.49155 10.806 
0 1.94987 0 0 0.451274 17.7384 0 
20.1675 7.73885 100.592 47.6795 
11.0562 11.0562 48.5332 50.4867 
6.15192 9.28875 0 1.49092 10.8086 
0 1.94729 0 0 0.451357 17.7339 0 
20.1566 7.77145 100.588 47.6844 
11.0446 11.0446 48.5217 50.5158 
6.14711 9.29254 0 1.48484 10.8076 
0 1.94391 0 0 0.451727 17.7181 0 
20.1671 7.80858 100.558 47.6991 
11.0379 11.0379 48.4835 50.5629 
6.14683 9.29247 0 1.48122 10.8063 
0 1.93728 0 0 0.4512 17.6989 0 
20.1632 7.83501 100.54 47.6739 
11.0513 11.0513 48.437 50.6253 
6.14643 9.28311 0 1.47234 10.808 
0 1.92498 0 0 0.451404 17.7218 0 
20.1724 7.84281 100.537 47.6616 
11.0564 11.0564 48.4118 50.6441 
6.14461 9.28528 0 1.4731 10.8131 
0 1.92071 0 0 0.451235 17.7183 0 
308 variables; iteration 310; function evaluation 365; phase 1
Function value   3.4170914e+02; maximum gradient component mag   1.2189e+01
Var   Value    Gradient   |Var   Value    Gradient   |Var   Value    Gradient
  1 -2.02619   3.5369e-01 |  2  0.18431   1.3719e+00 |  3  0.18924   1.4721e-01
  4  0.19664   8.4553e-01 |  5  0.19511   3.5820e-01 |  6  0.19084  -3.8083e-01
  7  0.17756   1.9263e-01 |  8  0.17360   4.7651e-01 |  9  0.17238   2.0851e-01
 10  0.14835  -1.5776e-01 | 11  0.12518   5.4702e-01 | 12  0.12728   6.9039e-02
 13  0.10361   4.1871e-02 | 14  0.05757  -1.6431e-01 | 15 -0.00992   8.4342e-02
 16 -0.09540   5.2772e-02 | 17 -0.15938  -1.7420e-02 | 18 -0.23494  -1.8103e-03
 19 -0.26732  -4.6714e-04 | 20 -0.29412   6.8384e-03 | 21 -0.29422   2.9354e-03
 22  0.09131   4.9068e-02 | 23 -0.18141  -1.4667e-04 | 24  0.00678  -2.5997e-02
 25  0.08441  -1.9524e-01 | 26  0.12676   3.1829e-01 | 27  0.15309   5.1474e-01
 28  0.15528   3.4944e-03 | 29  0.14879  -8.2953e-01 | 30  0.15125   1.4687e-01
 31  0.15552  -1.4377e-01 | 32  0.14752  -1.9549e-02 | 33  0.12912   1.1237e-01
 34  0.11266  -1.9779e-02 | 35  0.12302   1.3889e-01 | 36  0.12022   3.0173e-01
 37  0.09020  -1.3028e-01 | 38  0.05379  -5.3939e-02 | 39 -2.00928  -2.1047e-02
 40 -0.03674  -9.1578e-03 | 41 -0.09345   7.5191e-03 | 42 -1.84198   7.8336e-02
 43 -0.01317   2.5944e-01 | 44 -0.06421   1.6409e-01 | 45 -0.09162  -4.1785e-02
 46 -0.16491   3.2486e-01 | 47 -0.18246   2.4682e-01 | 48 -0.14239   5.3045e-01
 49 -0.10568   4.8915e-01 | 50 -0.06512   2.9851e-01 | 51 -0.02653   3.4546e-01
 52  0.02516   3.4035e-01 | 53 -0.01412   5.6285e-01 | 54  0.01370   5.4198e-01
 55  0.00005   3.0797e-01 | 56  0.02655   4.8328e-01 | 57  0.06152   5.0261e-01
 58  0.10958   6.3463e-01 | 59  0.07925   5.9711e-01 | 60 -0.10414   3.8776e-01
 61 -0.07464   2.9935e-01 | 62  0.02187  -4.1439e-01 | 63 -0.02821   5.2036e-03
 64 -0.04471   5.0425e-01 | 65 -0.05315   5.8858e-01 | 66 -0.04106   7.1423e-01
 67 -0.06587   6.1046e-01 | 68 -0.05314   4.5072e-01 | 69 -0.07170   4.1430e-01
 70 -0.06022   4.6453e-01 | 71  0.04382  -4.8586e-02 | 72  0.04781   2.2377e-01
 73  0.00351   1.5107e-01 | 74 -0.00180   3.9399e-01 | 75  0.09964   1.1163e-03
 76  0.07945   3.1188e-01 | 77 -0.01780   5.3546e-01 | 78 -0.05529   5.5404e-01
 79  0.08807   8.0481e-01 | 80  0.31535   8.5088e-01 | 81  1.00184   4.0389e-03
 82 -0.11654   6.1736e-01 | 83 -0.03600   4.6754e-01 | 84  0.04944   5.0449e-01
 85 -0.03722  -1.0840e-01 | 86  0.09858   3.5320e-02 | 87  0.21212  -9.5316e-01
 88 -0.08720  -6.9459e-02 | 89 -0.20472   1.4726e-02 | 90 -0.14871   8.0751e-02
 91 -0.04491  -2.2672e-02 | 92 -0.01718   8.7004e-03 | 93  0.03810  -1.2107e-02
 94  0.15727  -1.7133e-01 | 95  0.00980   4.9484e-02 | 96 -0.01106  -3.3359e-02
 97 -0.00128  -4.8458e-02 | 98  0.08746   2.3502e-01 | 99  0.10661   9.1356e-02
100  0.06773   1.4928e-01 |101  0.08464   8.7452e-02 |102 -0.06417   6.1495e-02
103 -0.08341   6.6670e-02 |104  0.06601   2.7782e-01 |105  0.03504  -1.0904e-02
106 -0.04601  -1.3301e-01 |107 -0.05329  -4.0590e-03 |108  0.07292  -3.9434e-02
109  0.10044   1.7327e-02 |110  0.08791   9.4903e-02 |111  0.00593  -1.6215e-02
112 -0.12604   1.1317e-01 |113 -0.13901   4.0753e-02 |114 -0.03664  -4.6551e-02
115  0.11523  -2.6566e-01 |116  0.02264  -1.0004e-01 |117  0.09344  -1.6362e-01
118  0.04377  -2.0421e-01 |119 -0.01690  -2.5671e-02 |120 -0.00207   3.6893e-03
121  0.12970  -1.3125e-01 |122  0.20354  -1.7798e-02 |123 -1.01517  -1.6117e-01
124  0.10458   4.6190e-03 |125 -0.01272  -1.5890e-02 |126 -0.16991  -1.3074e-02
127 -0.07656  -2.1406e-02 |128  0.07392  -2.1416e-02 |129 -0.02223  -2.1549e-02
130 -0.07901  -2.1396e-02 |131 -0.07911  -2.1395e-02 |132 -0.00389  -2.1561e-02
133  0.00775  -2.1560e-02 |134  0.06257  -2.1458e-02 |135 -0.04258  -2.1513e-02
136  0.03156  -2.1535e-02 |137 -0.03330  -2.1532e-02 |138  0.01576  -2.1555e-02
139  0.02055  -2.1550e-02 |140 -0.00771  -2.1560e-02 |141 -0.01481  -2.1556e-02
142 -0.01271  -2.1557e-02 |143 -0.00828  -2.1560e-02 |144  0.07570  -2.1409e-02
145 -0.01500  -2.1556e-02 |146  0.06762  -2.1440e-02 |147 -0.02271  -2.1548e-02
148  0.03272  -2.1533e-02 |149 -0.05131  -2.1492e-02 |150 -0.00158  -2.1562e-02
151  0.03718  -2.1525e-02 |152  0.01583  -2.1555e-02 |153 -0.01717  -2.1554e-02
154 -0.00286  -2.1561e-02 |155  0.01791  -2.1553e-02 |156  0.02422  -2.1546e-02
157  0.03491  -2.1529e-02 |158  0.01616  -2.1555e-02 |159  0.03068  -2.1537e-02
160 -0.04214  -2.1514e-02 |161  0.05038  -2.1494e-02 |162 -0.00149  -2.1562e-02
163  0.01315  -2.1557e-02 |164 -0.08721  -2.1360e-02 |165  0.00036  -2.1562e-02
166  0.02017  -2.1551e-02 |167 -0.02214  -2.1549e-02 |168 -0.00563  -2.1561e-02
169  0.00885   1.2189e+01 |170  0.01265   1.1354e+00 |171  0.00657   8.8018e-01
172  0.02861   4.7606e-01 |173  0.08072  -6.3462e-03 |174  0.04370   5.1893e-01
175  0.03887   5.0994e-01 |176  0.01371   7.5410e-02 |177  0.03886   8.2216e-01
178  0.08241  -5.4138e-01 |179  0.15251  -3.1760e-01 |180 -0.60249  -2.8093e-01
181  0.09863   2.0970e-01 |182 -0.72419  -2.3955e-02 |183 -0.01167  -1.3373e-01
184 -0.01612  -5.2450e-01 |185 -0.00364   3.7494e-01 |186 -0.01275   1.2657e+00
187 -0.04332   1.9901e-01 |188 -0.03252   4.8918e-01 |189  0.02625  -2.0920e-01
190  0.03183  -9.5994e-01 |191  0.03556  -5.9285e-01 |192  0.02044   4.3377e-01
193 -0.00861   1.3504e-01 |194 -0.08443  -1.4171e-02 |195 -0.00188   4.0244e-01
196  0.05841  -1.2209e-01 |197  0.02640   4.2181e-01 |198  0.00569   1.4003e+00
199  0.01206   5.6300e-01 |200  0.01573   4.8366e-01 |201  0.01342   1.7869e-01
202  0.11898   1.9495e-01 |203  0.11634  -3.2597e-01 |204  0.10392   1.6234e-01
205 -0.04185   3.5650e-02 |206 -0.13027   6.3784e-02 |207 -0.13817   7.5943e-02
208 -0.09220   1.1564e-01 |209 -0.03777   1.0284e-01 |210  0.05891   2.4169e-01
211  0.59175   2.0855e-02 |212 -0.05923  -3.7714e+00 |213  0.03439  -2.5232e+00
214  0.04585   2.8329e-08 |215 -0.63070   5.0386e-02 |216 -0.77188   2.6454e-01
217  0.00929   6.6645e-01 |218 -0.16180  -1.8988e-02 |219 -0.24593  -1.2647e-01
220 -0.05194   2.4316e-01 |221  0.03546  -1.2042e-01 |222 -0.00020  -6.2155e-03
223  0.01015  -1.0440e-02 |224 -0.02550   2.2186e-02 |225 -0.03135   1.3212e-02
226  0.09401  -2.2344e-01 |227  0.07388  -1.9896e-01 |228  0.19740  -1.6519e-02
229  0.10754   7.8228e-02 |230  0.09466  -9.5037e-02 |231  0.04012  -1.3534e-01
232  0.03108  -1.5285e-02 |233  0.05606  -1.9508e-01 |234  0.11894   8.8152e-02
235 -0.13705  -5.4745e-02 |236 -0.13104  -2.3168e-01 |237  0.00479  -1.5958e-01
238  0.02874  -3.6510e-01 |239 -0.11022   1.2947e-01 |240 -0.14710   2.4703e-01
241 -0.06031   2.2610e-01 |242  0.01399   8.2768e-02 |243  0.04588  -2.8006e-01
244 -0.02193  -1.0922e-01 |245 -0.11954   8.7027e-02 |246 -0.22698  -1.2257e-01
247 -0.09806   2.1932e-02 |248  0.00592  -5.6173e-02 |249  0.05355   5.6349e-02
250  0.08609   8.3573e-02 |251  0.05832  -8.1182e-02 |252 -0.01479   5.8864e-02
253 -0.00353  -5.2976e-02 |254  0.13266  -1.5363e-02 |255  0.20210   2.9610e-02
256  0.23678  -1.0282e-01 |257 -0.14428  -1.9537e-01 |258  0.09673   3.9123e+00
259  0.14957   2.3400e-01 |260 -0.86775   1.1536e+00 |261 -0.84458  -5.0574e-01
262 -1.23683   2.7015e-01 |263 -0.04369   2.1542e+00 |264 -0.34313   1.8531e+00
265  0.07147   2.1457e+00 |266 -0.08230   2.1412e+00 |267  0.01876   2.1583e+00
268 -0.22801   2.0222e+00 |269  0.39777   1.7513e+00 |270  0.27809   1.9565e+00
271 -0.38417   1.7779e+00 |272  0.41179   1.7231e+00 |273 -0.14931   2.1001e+00
274  0.06243   2.1489e+00 |275 -0.06725   2.1472e+00 |276  0.03392   2.1562e+00
277  0.49766   1.5324e+00 |278  0.26074   1.9807e+00 |279 -0.49041   1.5496e+00
280  0.08846   2.1384e+00 |281  0.08153   2.1416e+00 |282  0.39575   1.7553e+00
283  0.58868   1.3000e+00 |284 -0.27606   1.9594e+00 |285  0.16340   2.0885e+00
286  0.28281   1.9497e+00 |287 -0.54199   1.4229e+00 |288  0.17639   2.0769e+00
289  0.04145   2.1547e+00 |290 -0.36182   1.8198e+00 |291 -0.18666   2.0671e+00
292 -0.13772   2.1089e+00 |293  0.34569   1.8487e+00 |294 -0.38822   1.7701e+00
295 -0.45976   1.6202e+00 |296  0.30076   1.9227e+00 |297 -0.32582   1.8826e+00
298 -0.10940   2.1275e+00 |299  0.18071   2.0728e+00 |300 -0.07265   2.1452e+00
301 -0.25780   1.9846e+00 |302  0.22933   2.0207e+00 |303  0.47153  -2.4794e+00
304  0.07924   2.5836e-01 |305 -0.90521   8.6425e+00 |306  0.25786   1.3004e+00
307 -0.88518   6.3443e-01 |308 -0.52905   5.1738e-01 |
20.195 7.79867 100.525 47.6661 
11.0545 11.0545 48.3949 50.6731 
6.14891 9.29917 0 1.47446 10.7975 
0 1.92532 0 0 0.45029 17.7044 0 
20.1954 7.79271 100.523 47.6449 
11.064 11.064 48.384 50.6819 
6.1526 9.29814 0 1.47201 10.7914 
0 1.92562 0 0 0.449995 17.7258 0 
20.1944 7.76963 100.528 47.6031 
11.0877 11.0877 48.3786 50.6974 
6.14881 9.291 0 1.46555 10.7977 
0 1.92326 0 0 0.450005 17.7669 0 
20.1831 7.77038 100.519 47.5877 
11.0968 11.0968 48.3928 50.6862 
6.15376 9.28809 0 1.46626 10.7965 
0 1.92864 0 0 0.44964 17.7782 0 
20.1674 7.78034 100.518 47.5764 
11.1015 11.1015 48.4139 50.6743 
6.14871 9.28528 0 1.46095 10.8013 
0 1.93211 0 0 0.449445 17.7915 0 
20.1519 7.78101 100.531 47.5746 
11.1059 11.1059 48.4257 50.6674 
6.14286 9.27749 0 1.45747 10.8021 
0 1.93623 0 0 0.449777 17.7963 0 
20.1385 7.78724 100.54 47.5823 
11.1031 11.1031 48.4381 50.6566 
6.13839 9.27593 0 1.45348 10.8012 
0 1.93796 0 0 0.449721 17.7949 0 
20.1223 7.79936 100.564 47.582 
11.0944 11.0944 48.4293 50.6569 
6.13779 9.27825 0 1.44489 10.7921 
0 1.93947 0 0 0.449922 17.8028 0 
20.1239 7.7935 100.578 47.5789 
11.0896 11.0896 48.4189 50.6623 
6.14002 9.28039 0 1.44118 10.7897 
0 1.93809 0 0 0.449862 17.8094 0 
20.1213 7.78974 100.576 47.5749 
11.0903 11.0903 48.4119 50.6677 
6.1458 9.28197 0 1.43866 10.787 
0 1.93797 0 0 0.449814 17.8193 0 
308 variables; iteration 320; function evaluation 375; phase 1
Function value   3.4168273e+02; maximum gradient component mag  -3.5666e+00
Var   Value    Gradient   |Var   Value    Gradient   |Var   Value    Gradient
  1 -2.04893   1.7298e-01 |  2  0.18335  -2.2916e-01 |  3  0.18986  -8.2032e-02
  4  0.19655  -2.0819e-02 |  5  0.19515  -8.8286e-02 |  6  0.19110   8.6832e-02
  7  0.17767   8.4343e-02 |  8  0.17356  -2.3178e-02 |  9  0.17242   1.4270e-01
 10  0.14848   2.2376e-02 | 11  0.12481  -6.1888e-02 | 12  0.12731  -1.0848e-02
 13  0.10372   9.5662e-02 | 14  0.05807  -2.2493e-02 | 15 -0.01029  -1.0589e-04
 16 -0.09394   9.1630e-02 | 17 -0.15716  -2.8418e-03 | 18 -0.22966   3.1586e-03
 19 -0.26644  -5.4986e-05 | 20 -0.30096   5.1032e-03 | 21 -0.32013   3.6675e-03
 22  0.09126   1.0723e-04 | 23 -0.18085  -2.8948e-05 | 24  0.00777   8.1548e-03
 25  0.08551   3.2821e-02 | 26  0.12667   3.2380e-02 | 27  0.15307  -5.6628e-02
 28  0.15558  -1.5995e-02 | 29  0.14949   4.3712e-02 | 30  0.15138  -1.0060e-02
 31  0.15578  -7.4666e-02 | 32  0.14768  -9.7947e-02 | 33  0.12909  -2.2112e-02
 34  0.11255   1.7376e-02 | 35  0.12282   8.1100e-02 | 36  0.12026   2.1792e-02
 37  0.09045   6.2984e-02 | 38  0.05418   1.6397e-02 | 39 -2.00968   9.2072e-03
 40 -0.03627  -4.1946e-03 | 41 -0.09298  -6.2142e-03 | 42 -1.84743  -1.1562e-02
 43 -0.01445   1.2017e-01 | 44 -0.06300   1.9211e-01 | 45 -0.08622   2.9092e-01
 46 -0.16442   1.2725e-01 | 47 -0.17963   2.5428e-01 | 48 -0.14435   8.2861e-02
 49 -0.10719   8.6459e-02 | 50 -0.06410   1.1008e-01 | 51 -0.02635   1.0895e-01
 52  0.02635   1.3261e-01 | 53 -0.01609   9.1019e-02 | 54  0.01338   1.7018e-01
 55  0.00235   1.1241e-01 | 56  0.02610   1.2031e-01 | 57  0.06190   1.5829e-01
 58  0.10956   1.7768e-01 | 59  0.07606   1.4461e-01 | 60 -0.10501   9.1901e-02
 61 -0.07534   9.7360e-02 | 62  0.02964   1.3953e-01 | 63 -0.02564   8.0527e-02
 64 -0.04626   9.0864e-02 | 65 -0.05450   9.5902e-02 | 66 -0.04380   1.1623e-01
 67 -0.06740   8.2016e-02 | 68 -0.05288   6.8233e-02 | 69 -0.07105   9.0987e-02
 70 -0.06070   9.0890e-02 | 71  0.04761   4.4412e-02 | 72  0.04592   1.0800e-01
 73  0.00434   1.3022e-01 | 74 -0.00428   9.1486e-02 | 75  0.10240   4.4914e-02
 76  0.07826  -1.0882e-01 | 77 -0.01849   2.3007e-02 | 78 -0.05588   4.7410e-02
 79  0.08506   2.6362e-02 | 80  0.31558   1.5776e-02 | 81  1.02109   6.0515e-02
 82 -0.11892   5.3688e-02 | 83 -0.03659   7.2303e-02 | 84  0.04807   7.0513e-02
 85 -0.03244   6.1282e-02 | 86  0.09665   8.4356e-02 | 87  0.21306   2.2359e-03
 88 -0.08728   9.0940e-02 | 89 -0.20560   7.9091e-02 | 90 -0.15045   8.9351e-02
 91 -0.04498   1.2425e-01 | 92 -0.01691   1.0385e-01 | 93  0.03834   8.2454e-02
 94  0.15739   9.7589e-02 | 95  0.00854   6.4527e-02 | 96 -0.00995   5.2905e-02
 97  0.00111   7.7299e-02 | 98  0.08601   7.7974e-02 | 99  0.10686   6.3423e-02
100  0.06682   5.4354e-02 |101  0.08614   8.7607e-02 |102 -0.06199   6.5982e-02
103 -0.08209   5.7273e-02 |104  0.06491   9.3813e-02 |105  0.03513   9.2931e-02
106 -0.04681   6.9741e-02 |107 -0.05637   6.2433e-02 |108  0.07026   7.5081e-02
109  0.10184   9.2424e-02 |110  0.08839   5.2271e-02 |111  0.00593   5.6713e-02
112 -0.12767   4.1453e-02 |113 -0.13943   4.8107e-02 |114 -0.03622   5.3510e-02
115  0.11603   8.3826e-02 |116  0.02215   5.6987e-02 |117  0.09350   1.1001e-01
118  0.04463   7.7923e-02 |119 -0.01912   2.5277e-02 |120 -0.00394   3.4528e-02
121  0.13009  -5.6687e-02 |122  0.20396  -7.6665e-02 |123 -0.99086   9.7427e-02
124  0.10443   6.7663e-03 |125 -0.01128   5.7767e-02 |126 -0.16827   5.8957e-02
127 -0.07797   6.2438e-03 |128  0.07612   6.2461e-03 |129 -0.02227   6.2871e-03
130 -0.08050   6.2407e-03 |131 -0.08061   6.2406e-03 |132 -0.00376   6.2909e-03
133  0.00791   6.2905e-03 |134  0.06281   6.2604e-03 |135 -0.04300   6.2766e-03
136  0.03166   6.2832e-03 |137 -0.03353   6.2823e-03 |138  0.01591   6.2890e-03
139  0.02069   6.2877e-03 |140 -0.00760   6.2905e-03 |141 -0.01476   6.2893e-03
142 -0.01264   6.2898e-03 |143 -0.00818   6.2905e-03 |144  0.07784   6.2441e-03
145 -0.01496   6.2893e-03 |146  0.06795   6.2552e-03 |147 -0.02276   6.2870e-03
148  0.03282   6.2827e-03 |149 -0.05194   6.2700e-03 |150 -0.00144   6.2910e-03
151  0.03726   6.2803e-03 |152  0.01598   6.2890e-03 |153 -0.01715   6.2887e-03
154 -0.00272   6.2909e-03 |155  0.01806   6.2885e-03 |156  0.02435   6.2864e-03
157  0.03500   6.2815e-03 |158  0.01631   6.2889e-03 |159  0.03078   6.2837e-03
160 -0.04254   6.2769e-03 |161  0.05048   6.2713e-03 |162 -0.00136   6.2910e-03
163  0.01331   6.2896e-03 |164 -0.08895   6.2296e-03 |165  0.00051   6.2910e-03
166  0.02031   6.2878e-03 |167 -0.02218   6.2872e-03 |168 -0.00551   6.2908e-03
169  0.00898  -3.5666e+00 |170  0.01238  -6.1720e-01 |171  0.00656  -4.8541e-01
172  0.02843  -2.0336e-01 |173  0.08053  -4.6268e-01 |174  0.04333  -1.7615e-01
175  0.03864  -7.3718e-02 |176  0.01378  -1.5083e-01 |177  0.03848  -5.8302e-02
178  0.08252  -2.5483e-01 |179  0.15237  -1.1343e-01 |180 -0.59289  -4.0696e-01
181  0.09865  -1.3923e-01 |182 -0.73389  -8.3052e-02 |183 -0.01192  -2.2531e-01
184 -0.01616  -1.6492e-01 |185 -0.00373  -1.1080e-01 |186 -0.01278  -7.3299e-02
187 -0.04282  -2.3528e-01 |188 -0.03225  -2.2946e-01 |189  0.02642  -1.1615e-01
190  0.03156  -2.0853e-01 |191  0.03525  -1.5723e-01 |192  0.01992  -2.5197e-01
193 -0.00884   2.3253e-01 |194 -0.08435  -1.0568e-01 |195 -0.00197  -1.5773e-01
196  0.05860  -2.6539e-01 |197  0.02665  -2.4731e-01 |198  0.00520  -1.9201e-01
199  0.01196  -1.6671e-01 |200  0.01543  -9.9238e-02 |201  0.01347   9.6200e-02
202  0.11875   2.5202e-01 |203  0.11602   1.1789e-01 |204  0.10339  -1.1853e-01
205 -0.04195  -1.4357e-01 |206 -0.13066  -1.1473e-01 |207 -0.13812  -8.0431e-02
208 -0.09237   1.2971e-02 |209 -0.03803  -8.7044e-02 |210  0.05861  -1.9044e-01
211  0.59713  -6.9805e-02 |212 -0.05891   9.9071e-01 |213  0.03431   8.9099e-02
214  0.04584   2.8328e-08 |215 -0.63089  -1.6534e-01 |216 -0.77203   2.0935e-02
217  0.00786  -4.1450e-01 |218 -0.16140   3.8859e-02 |219 -0.24583  -1.9382e-02
220 -0.05230   2.1307e-02 |221  0.03580   1.9140e-02 |222  0.00006   5.6257e-03
223  0.01033  -8.7475e-02 |224 -0.02525  -9.9019e-02 |225 -0.03104  -4.5894e-02
226  0.09434  -6.8510e-02 |227  0.07428  -1.1241e-02 |228  0.19698  -2.1439e-02
229  0.10712  -1.3751e-02 |230  0.09530  -1.2524e-03 |231  0.04027  -3.9071e-02
232  0.03071  -8.0269e-02 |233  0.05598   1.6196e-02 |234  0.11866  -4.2018e-02
235 -0.13646  -1.2431e-02 |236 -0.13008  -2.0066e-03 |237  0.00489   1.3718e-02
238  0.02878  -2.5341e-02 |239 -0.10979  -2.8933e-02 |240 -0.14696  -2.6523e-02
241 -0.06133  -2.5390e-02 |242  0.01302  -3.8584e-02 |243  0.04594  -2.4433e-02
244 -0.02232  -1.7113e-02 |245 -0.12009  -3.9481e-02 |246 -0.22693  -3.9865e-02
247 -0.09811  -3.2334e-02 |248  0.00614  -3.3280e-02 |249  0.05352  -7.5147e-03
250  0.08551  -6.9402e-03 |251  0.05871  -4.5897e-02 |252 -0.01453  -4.7784e-02
253 -0.00398  -1.5204e-02 |254  0.13213   1.0239e-03 |255  0.20177  -4.4135e-04
256  0.23684  -4.1273e-03 |257 -0.14404   2.6777e-02 |258  0.09680   1.1594e+00
259  0.14959  -3.8816e-01 |260 -0.86778   3.7777e-01 |261 -0.84455   1.3656e-01
262 -1.24991  -5.7044e-02 |263 -0.04401  -6.3704e-01 |264 -0.33553  -5.5191e-01
265  0.06384  -6.3536e-01 |266 -0.08770  -6.3252e-01 |267  0.03064  -6.3783e-01
268 -0.21235  -6.0338e-01 |269  0.40841  -5.1161e-01 |270  0.28101  -5.7736e-01
271 -0.38016  -5.2806e-01 |272  0.42020  -5.0444e-01 |273 -0.14994  -6.2094e-01
274  0.05404  -6.3627e-01 |275 -0.08234  -6.3324e-01 |276  0.02447  -6.3810e-01
277  0.48422  -4.6259e-01 |278  0.25720  -5.8716e-01 |279 -0.48535  -4.6181e-01
280  0.08379  -6.3305e-01 |281  0.07962  -6.3358e-01 |282  0.39377  -5.2026e-01
283  0.58335  -3.8873e-01 |284 -0.26917  -5.8234e-01 |285  0.18157  -6.1277e-01
286  0.28330  -5.7638e-01 |287 -0.54028  -4.2208e-01 |288  0.17421  -6.1481e-01
289  0.04409  -6.3704e-01 |290 -0.36831  -5.3465e-01 |291 -0.18922  -6.1057e-01
292 -0.13157  -6.2498e-01 |293  0.34444  -5.4737e-01 |294 -0.39556  -5.1922e-01
295 -0.45652  -4.8130e-01 |296  0.29213  -5.7251e-01 |297 -0.33086  -5.5426e-01
298 -0.10947  -6.2915e-01 |299  0.17532  -6.1451e-01 |300 -0.07022  -6.3469e-01
301 -0.24993  -5.8999e-01 |302  0.23055  -5.9715e-01 |303  0.47196   3.9906e-01
304  0.08037  -6.9903e-02 |305 -0.90588   3.3466e-01 |306  0.25722   1.5212e-01
307 -0.88508  -7.4372e-01 |308 -0.52929  -4.8147e-01 |
20.1247 7.78642 100.577 47.5711 
11.0827 11.0827 48.4059 50.6735 
6.14961 9.28635 0 1.43796 10.7863 
0 1.93722 0 0 0.449921 17.8248 0 
20.1286 7.77822 100.565 47.571 
11.0777 11.0777 48.4039 50.6768 
6.15601 9.28812 0 1.4379 10.7903 
0 1.93626 0 0 0.449997 17.8342 0 
20.1282 7.77406 100.556 47.5704 
11.0669 11.0669 48.4047 50.6759 
6.16225 9.29202 0 1.43913 10.7965 
0 1.93658 0 0 0.450206 17.8408 0 
20.1252 7.77285 100.549 47.576 
11.0547 11.0547 48.41 50.6681 
6.16831 9.29583 0 1.44053 10.8026 
0 1.93744 0 0 0.450429 17.8421 0 
20.1193 7.77216 100.538 47.5765 
11.0513 11.0513 48.4079 50.6606 
6.17698 9.29589 0 1.44103 10.812 
0 1.93862 0 0 0.450511 17.8489 0 
20.1119 7.77281 100.549 47.5748 
11.0426 11.0426 48.4074 50.6502 
6.18471 9.30142 0 1.4422 10.8133 
0 1.94152 0 0 0.450637 17.8435 0 
20.1084 7.77208 100.558 47.5718 
11.0501 11.0501 48.3988 50.647 
6.19003 9.30004 0 1.43969 10.8118 
0 1.94227 0 0 0.450411 17.8436 0 
20.1082 7.76561 100.577 47.5633 
11.0577 11.0577 48.3858 50.6495 
6.19375 9.30175 0 1.43689 10.8054 
0 1.94373 0 0 0.450207 17.843 0 
20.1133 7.76083 100.595 47.5623 
11.0623 11.0623 48.3815 50.6554 
6.18997 9.29982 0 1.43413 10.7957 
0 1.94241 0 0 0.449962 17.8392 0 
20.1159 7.75424 100.594 47.5673 
11.0698 11.0698 48.3758 50.6583 
6.18841 9.29845 0 1.43082 10.7967 
0 1.94189 0 0 0.449774 17.8427 0 
308 variables; iteration 330; function evaluation 385; phase 1
Function value   3.4167232e+02; maximum gradient component mag  -1.6338e+01
Var   Value    Gradient   |Var   Value    Gradient   |Var   Value    Gradient
  1 -2.07100  -2.4128e-01 |  2  0.18317   5.1878e-01 |  3  0.18952  -1.3641e-01
  4  0.19653   4.5101e-01 |  5  0.19494  -9.6313e-02 |  6  0.19105   3.6112e-01
  7  0.17751   7.7875e-02 |  8  0.17355   2.0221e-01 |  9  0.17231   8.7006e-02
 10  0.14847   1.3996e-01 | 11  0.12462  -2.2676e-01 | 12  0.12721  -1.0205e-01
 13  0.10358  -4.9546e-02 | 14  0.05804  -5.9027e-03 | 15 -0.01010  -4.1162e-03
 16 -0.10461  -1.5637e-01 | 17 -0.15499   2.4571e-03 | 18 -0.22864   2.3384e-03
 19 -0.26515  -1.3710e-04 | 20 -0.30362   4.0730e-03 | 21 -0.32171   3.4818e-03
 22  0.09116  -2.1901e-02 | 23 -0.18072  -3.4706e-05 | 24  0.00751  -2.2834e-03
 25  0.08556   2.1519e-02 | 26  0.12663  -4.0180e-02 | 27  0.15303  -1.2384e-01
 28  0.15559   1.8836e-03 | 29  0.14964   2.6470e-01 | 30  0.15140   2.8818e-02
 31  0.15585   5.8037e-02 | 32  0.14775   3.7367e-02 | 33  0.12911   2.1851e-02
 34  0.11253  -1.0308e-02 | 35  0.12274   1.2578e-02 | 36  0.12025   1.6554e-01
 37  0.09046  -1.6293e-01 | 38  0.05407  -4.0005e-02 | 39 -2.00950   9.4905e-02
 40 -0.03637  -6.2850e-03 | 41 -0.09327  -2.5328e-02 | 42 -1.84768  -1.0713e-02
 43 -0.01463  -5.2669e-02 | 44 -0.06531  -1.5193e-01 | 45 -0.09003  -1.7286e-01
 46 -0.16452   5.2420e-02 | 47 -0.18261  -7.9839e-02 | 48 -0.14385   8.9067e-02
 49 -0.10679   9.6545e-02 | 50 -0.06382   1.4682e-01 | 51 -0.02639   1.6050e-01
 52  0.02649   2.5053e-01 | 53 -0.01584   2.0501e-01 | 54  0.01396   3.0267e-01
 55  0.00218   1.3938e-01 | 56  0.02631   1.2691e-01 | 57  0.06194   1.1247e-01
 58  0.10908   8.6457e-02 | 59  0.07616   1.5916e-01 | 60 -0.10529   9.6359e-02
 61 -0.07537   1.4777e-01 | 62  0.03037   3.1471e-01 | 63 -0.02470   2.5306e-01
 64 -0.04623   2.0522e-01 | 65 -0.05419   2.5596e-01 | 66 -0.04312   3.4882e-01
 67 -0.06701   2.9243e-01 | 68 -0.05285   2.4078e-01 | 69 -0.07112   2.3672e-01
 70 -0.06110   2.2138e-01 | 71  0.05301   7.1361e-01 | 72  0.04470   3.7675e-01
 73  0.00355   2.7231e-01 | 74 -0.00332   2.7400e-01 | 75  0.10170   2.2332e-01
 76  0.07971   1.7570e-01 | 77 -0.01871   1.2909e-01 | 78 -0.05590   1.5096e-01
 79  0.08538   2.5604e-01 | 80  0.31541   4.8090e-01 | 81  0.98930  -3.0795e-02
 82 -0.11903   4.6369e-02 | 83 -0.03644   7.8111e-02 | 84  0.04804   6.2676e-02
 85 -0.03263  -1.7987e-01 | 86  0.09617  -1.9866e-01 | 87  0.21379  -3.2147e-01
 88 -0.08707  -2.5979e-01 | 89 -0.20531  -1.9349e-01 | 90 -0.15042  -2.0234e-01
 91 -0.04532  -2.0678e-01 | 92 -0.01712  -1.9112e-01 | 93  0.03904  -1.3500e-01
 94  0.15729  -1.2021e-01 | 95  0.00832  -1.5626e-01 | 96 -0.00990  -1.4119e-01
 97  0.00124  -1.0658e-01 | 98  0.08628  -6.1359e-02 | 99  0.10662  -1.4173e-01
100  0.06653  -1.8021e-01 |101  0.08633  -1.4614e-01 |102 -0.06145  -1.7618e-01
103 -0.08177  -1.7671e-01 |104  0.06406  -2.1279e-01 |105  0.03526  -1.4684e-01
106 -0.04601  -9.4459e-02 |107 -0.05659  -1.4884e-01 |108  0.07005  -9.7426e-02
109  0.10207  -4.2290e-02 |110  0.08805  -7.5248e-02 |111  0.00663  -4.2919e-02
112 -0.12765  -1.4076e-01 |113 -0.13988  -1.2486e-01 |114 -0.03691  -8.6517e-02
115  0.11635   1.5532e-01 |116  0.02186  -7.3495e-02 |117  0.09325   1.1119e-02
118  0.04464  -1.0470e-01 |119 -0.01896  -1.9293e-01 |120 -0.00379  -1.6978e-01
121  0.12921  -2.3862e-01 |122  0.20418   3.6486e-02 |123 -1.00381  -3.9025e-02
124  0.10449  -1.5300e-01 |125 -0.01161  -1.8847e-01 |126 -0.16833  -1.7700e-01
127 -0.07647   6.0835e-03 |128  0.07373   6.0867e-03 |129 -0.02194   6.1241e-03
130 -0.07894   6.0806e-03 |131 -0.07904   6.0805e-03 |132 -0.00371   6.1276e-03
133  0.00779   6.1273e-03 |134  0.06200   6.0987e-03 |135 -0.04229   6.1142e-03
136  0.03124   6.1204e-03 |137 -0.03300   6.1195e-03 |138  0.01569   6.1259e-03
139  0.02041   6.1246e-03 |140 -0.00750   6.1273e-03 |141 -0.01455   6.1261e-03
142 -0.01246   6.1265e-03 |143 -0.00807   6.1272e-03 |144  0.07544   6.0848e-03
145 -0.01474   6.1261e-03 |146  0.06707   6.0938e-03 |147 -0.02242   6.1239e-03
148  0.03238   6.1198e-03 |149 -0.05105   6.1080e-03 |150 -0.00142   6.1277e-03
151  0.03677   6.1175e-03 |152  0.01576   6.1258e-03 |153 -0.01690   6.1255e-03
154 -0.00269   6.1277e-03 |155  0.01781   6.1253e-03 |156  0.02402   6.1234e-03
157  0.03453   6.1187e-03 |158  0.01608   6.1258e-03 |159  0.03037   6.1208e-03
160 -0.04184   6.1145e-03 |161  0.04982   6.1090e-03 |162 -0.00134   6.1277e-03
163  0.01312   6.1264e-03 |164 -0.08721   6.0703e-03 |165  0.00050   6.1277e-03
166  0.02003   6.1247e-03 |167 -0.02185   6.1241e-03 |168 -0.00544   6.1275e-03
169  0.00919  -1.6338e+01 |170  0.01130   3.0728e-01 |171  0.00617   2.0422e-01
172  0.02791   9.7393e-02 |173  0.08009  -4.3748e-01 |174  0.04294  -5.7135e-03
175  0.03829  -6.5445e-02 |176  0.01342  -2.0395e-01 |177  0.03808  -2.5175e-01
178  0.08219  -3.5727e-01 |179  0.15201  -2.8348e-01 |180 -0.56341  -4.5774e-01
181  0.09825   2.4007e-01 |182 -0.73417  -2.3783e-02 |183 -0.01226   6.8255e-02
184 -0.01662  -1.9113e-02 |185 -0.00405  -1.4514e-01 |186 -0.01316  -3.5014e-01
187 -0.04308  -2.0963e-01 |188 -0.03253  -2.0861e-01 |189  0.02615  -7.1647e-02
190  0.03129  -3.1986e-01 |191  0.03474  -9.8671e-01 |192  0.01978  -5.1543e-01
193 -0.00954  -6.1381e-01 |194 -0.08436   1.0379e-02 |195 -0.00220  -1.5700e-01
196  0.05856  -7.2969e-01 |197  0.02670  -5.2703e-01 |198  0.00479  -4.7062e-01
199  0.01150   9.2908e-03 |200  0.01502  -4.4755e-02 |201  0.01312   7.1214e-02
202  0.11844  -1.5123e-01 |203  0.11570   7.0075e-02 |204  0.10290  -4.6854e-01
205 -0.04237  -4.6868e-02 |206 -0.13134  -1.5894e-02 |207 -0.13871  -4.1309e-02
208 -0.09274   8.7047e-02 |209 -0.03843   5.2351e-02 |210  0.05832   7.0665e-02
211  0.59134   1.6959e-02 |212 -0.05884   4.8052e+00 |213  0.03434   2.1827e+00
214  0.04584   2.8324e-08 |215 -0.63108  -7.0622e-02 |216 -0.77243  -1.3013e-01
217  0.00808  -7.2282e-01 |218 -0.16142   4.0950e-03 |219 -0.24594  -1.6076e-02
220 -0.05211   4.2858e-02 |221  0.03626   2.4774e-02 |222  0.00028   6.1059e-02
223  0.01011   3.8468e-02 |224 -0.02547   8.1310e-02 |225 -0.03145   1.4108e-02
226  0.09431  -1.0776e-03 |227  0.07437   5.4574e-02 |228  0.19688  -8.7943e-03
229  0.10697  -5.2382e-03 |230  0.09527  -2.2590e-02 |231  0.04037  -7.3132e-02
232  0.03082  -3.9014e-02 |233  0.05581   1.8407e-02 |234  0.11851  -3.8756e-02
235 -0.13649   2.9707e-02 |236 -0.13004   2.5351e-02 |237  0.00460  -9.8691e-03
238  0.02851   2.6945e-02 |239 -0.10977  -3.5489e-02 |240 -0.14694  -8.3108e-02
241 -0.06141  -8.4938e-02 |242  0.01316  -3.6053e-02 |243  0.04595  -1.2869e-03
244 -0.02226  -3.4554e-02 |245 -0.12006  -1.0438e-01 |246 -0.22705  -4.5789e-02
247 -0.09832  -8.5337e-02 |248  0.00615  -1.2621e-01 |249  0.05391  -2.5080e-02
250  0.08553  -8.4209e-02 |251  0.05870  -7.4954e-02 |252 -0.01425   1.8219e-02
253 -0.00356   1.9106e-02 |254  0.13203  -4.9381e-03 |255  0.20175  -1.2509e-03
256  0.23702   3.0617e-02 |257 -0.14412  -3.4651e-02 |258  0.09684   2.2378e+00
259  0.14965   1.1272e+00 |260 -0.86776   5.9013e-01 |261 -0.84455  -3.9034e-02
262 -1.24949  -4.2405e-02 |263 -0.05663  -1.5731e+00 |264 -0.30551  -1.4010e+00
265  0.05796  -1.5728e+00 |266 -0.10313  -1.5587e+00 |267  0.03632  -1.5768e+00
268 -0.21526  -1.4900e+00 |269  0.42335  -1.2428e+00 |270  0.27281  -1.4366e+00
271 -0.37468  -1.3137e+00 |272  0.41460  -1.2561e+00 |273 -0.14819  -1.5368e+00
274  0.05541  -1.5734e+00 |275 -0.10355  -1.5585e+00 |276  0.02590  -1.5781e+00
277  0.47626  -1.1577e+00 |278  0.26160  -1.4479e+00 |279 -0.49400  -1.1273e+00
280  0.07574  -1.5682e+00 |281  0.09170  -1.5630e+00 |282  0.36556  -1.3261e+00
283  0.58341  -9.6132e-01 |284 -0.26848  -1.4410e+00 |285  0.17418  -1.5206e+00
286  0.27829  -1.4309e+00 |287 -0.54343  -1.0381e+00 |288  0.19405  -1.5066e+00
289  0.04349  -1.5757e+00 |290 -0.37445  -1.3140e+00 |291 -0.18667  -1.5120e+00
292 -0.12201  -1.5505e+00 |293  0.34836  -1.3488e+00 |294 -0.37991  -1.3064e+00
295 -0.44782  -1.2045e+00 |296  0.27289  -1.4365e+00 |297 -0.33377  -1.3673e+00
298 -0.11709  -1.5528e+00 |299  0.19285  -1.5075e+00 |300 -0.07160  -1.5694e+00
301 -0.24127  -1.4673e+00 |302  0.24436  -1.4645e+00 |303  0.47194  -1.2214e-01
304  0.08027   1.0031e-01 |305 -0.90581   1.8140e+00 |306  0.25714   2.4680e-01
307 -0.88509  -2.2980e+00 |308 -0.52911  -9.0732e-01 |
20.1178 7.75325 100.587 47.574 
11.0668 11.0668 48.3801 50.6568 
6.18368 9.29791 0 1.43098 10.7994 
0 1.94053 0 0 0.44983 17.8455 0 
20.1196 7.7563 100.568 47.5921 
11.0607 11.0607 48.3909 50.6515 
6.17536 9.29627 0 1.43194 10.8077 
0 1.93839 0 0 0.449884 17.8437 0 
20.1203 7.76344 100.553 47.6005 
11.0608 11.0608 48.3992 50.645 
6.16899 9.29463 0 1.43444 10.8118 
0 1.93703 0 0 0.449961 17.8407 0 
20.1254 7.77518 100.534 47.6087 
11.0613 11.0613 48.4026 50.645 
6.16141 9.29244 0 1.43836 10.8138 
0 1.93573 0 0 0.449946 17.8324 0 
20.132 7.78663 100.516 47.6133 
11.0777 11.0777 48.4076 50.6449 
6.15123 9.28789 0 1.44484 10.8127 
0 1.93439 0 0 0.450035 17.8158 0 
20.1524 7.7948 100.506 47.6078 
11.0745 11.0745 48.3969 50.662 
6.144 9.29353 0 1.45199 10.8037 
0 1.93405 0 0 0.450004 17.7986 0 
20.1693 7.80112 100.489 47.6053 
11.0974 11.0974 48.3866 50.6861 
6.13279 9.28968 0 1.463 10.7959 
0 1.93373 0 0 0.450118 17.7705 0 
20.2134 7.77605 100.485 47.6089 
11.1078 11.1078 48.3726 50.7122 
6.11443 9.30439 0 1.47642 10.7897 
0 1.93291 0 0 0.4503 17.7275 0 
20.2762 7.74517 100.466 47.6084 
11.1143 11.1143 48.3551 50.7557 
6.08919 9.32674 0 1.49725 10.7797 
0 1.93198 0 0 0.45045 17.673 0 
20.4063 7.65734 100.403 47.611 
11.1133 11.1133 48.326 50.8315 
6.04734 9.38166 0 1.53179 10.7667 
0 1.93151 0 0 0.450741 17.583 0 
308 variables; iteration 340; function evaluation 395; phase 1
Function value   3.4163018e+02; maximum gradient component mag  -1.4178e+02
Var   Value    Gradient   |Var   Value    Gradient   |Var   Value    Gradient
  1 -2.11580  -2.3456e+00 |  2  0.17909  -2.2341e+00 |  3  0.19159   3.6639e-01
  4  0.19574  -2.2072e+00 |  5  0.19538  -7.7361e-01 |  6  0.19121   1.5731e-01
  7  0.17804   6.2644e-01 |  8  0.17370   7.0347e-01 |  9  0.17307   1.1989e+00
 10  0.14852   3.5706e-01 | 11  0.12814   5.6030e+00 | 12  0.12726  -2.1166e-01
 13  0.10253  -2.7263e+00 | 14  0.05858  -1.9099e-02 | 15 -0.01057  -1.4763e-01
 16 -0.10215  -1.0740e-01 | 17 -0.15362   1.2871e-02 | 18 -0.22359   8.0218e-03
 19 -0.26943  -2.1201e-03 | 20 -0.33124  -1.5449e-04 | 21 -0.36045   2.3039e-03
 22  0.09028  -1.9640e-02 | 23 -0.18390  -7.9723e-04 | 24  0.00615  -9.9574e-03
 25  0.08578   5.3139e-02 | 26  0.12542  -6.5741e-01 | 27  0.15259  -4.6475e-01
 28  0.15559   2.3020e-01 | 29  0.14889  -3.3769e-01 | 30  0.15135   4.9413e-01
 31  0.15541  -4.4850e-01 | 32  0.14739   2.6536e-01 | 33  0.12869   7.5312e-02
 34  0.11194  -3.6948e-01 | 35  0.12239   2.6995e-01 | 36  0.11954   4.0774e-01
 37  0.09022   4.9239e-01 | 38  0.05394  -2.5740e-01 | 39 -2.00943   2.4547e-01
 40 -0.03657  -3.7658e-02 | 41 -0.09345  -4.6967e-02 | 42 -1.85267  -1.2660e-01
 43 -0.01380  -3.8114e+00 | 44 -0.06002  -3.3611e+00 | 45 -0.08111  -2.9037e+00
 46 -0.16331  -3.3179e+00 | 47 -0.17781  -3.0140e+00 | 48 -0.14333  -3.1793e+00
 49 -0.10689  -3.1053e+00 | 50 -0.06224  -2.8253e+00 | 51 -0.02498  -2.7794e+00
 52  0.02917  -2.3472e+00 | 53 -0.01570  -2.7854e+00 | 54  0.01208  -2.4223e+00
 55  0.00172  -2.4907e+00 | 56  0.02569  -2.5273e+00 | 57  0.06427  -2.1582e+00
 58  0.11208  -1.7502e+00 | 59  0.07457  -2.6097e+00 | 60 -0.10447  -3.5226e+00
 61 -0.07176  -3.2815e+00 | 62  0.01905  -3.9470e+00 | 63 -0.03010  -3.7475e+00
 64 -0.04640  -3.4980e+00 | 65 -0.05404  -3.4142e+00 | 66 -0.04347  -3.1924e+00
 67 -0.06399  -3.0669e+00 | 68 -0.05123  -3.2680e+00 | 69 -0.06866  -3.2984e+00
 70 -0.05754  -3.2871e+00 | 71  0.03444  -4.3142e+00 | 72  0.04458  -3.6468e+00
 73  0.00706  -3.3536e+00 | 74 -0.00115  -3.2548e+00 | 75  0.09697  -3.1017e+00
 76  0.08890  -1.8131e+00 | 77 -0.01831  -2.8343e+00 | 78 -0.05525  -2.9555e+00
 79  0.08308  -2.2115e+00 | 80  0.31652   1.1093e+00 | 81  0.81431  -1.6552e+00
 82 -0.11897  -3.7884e+00 | 83 -0.03501  -3.7285e+00 | 84  0.04939  -3.7892e+00
 85 -0.03425  -1.1064e+00 | 86  0.09639  -1.1975e+00 | 87  0.21295  -1.3887e+00
 88 -0.08456  -8.0225e-01 | 89 -0.20433  -8.6561e-01 | 90 -0.14994  -8.2636e-01
 91 -0.04521  -6.2849e-01 | 92 -0.01709  -5.4577e-01 | 93  0.04056  -2.0865e-01
 94  0.15708   4.4337e-01 | 95  0.00580  -5.9591e-01 | 96 -0.01351  -7.0249e-01
 97  0.00056  -5.9624e-01 | 98  0.08785  -6.2711e-02 | 99  0.10553  -1.2627e-01
100  0.06691  -5.6477e-02 |101  0.08661   1.9375e-01 |102 -0.06360  -6.0380e-01
103 -0.08290  -6.5337e-01 |104  0.06648  -1.6527e-01 |105  0.03542  -4.9292e-01
106 -0.03984  -4.0057e-01 |107 -0.05481  -8.3971e-01 |108  0.07072  -5.8409e-01
109  0.10310  -4.6146e-01 |110  0.08750  -6.6316e-01 |111  0.00152  -8.5722e-01
112 -0.12873  -8.3698e-01 |113 -0.13736  -6.4989e-01 |114 -0.03566  -6.8874e-01
115  0.11478  -6.1627e-01 |116  0.02137  -8.7025e-01 |117  0.09618  -4.4624e-01
118  0.04431  -8.1826e-01 |119 -0.02090  -8.7483e-01 |120 -0.00513  -7.2538e-01
121  0.12569  -7.5378e-01 |122  0.20521   7.0193e-01 |123 -1.01581  -1.4192e-01
124  0.10291  -6.8710e-01 |125 -0.01123  -9.7461e-01 |126 -0.16648  -9.0529e-01
127 -0.07286  -6.7871e-02 |128  0.05736  -6.8041e-02 |129 -0.02001  -6.8284e-02
130 -0.07532  -6.7840e-02 |131 -0.07543  -6.7839e-02 |132 -0.00272  -6.8317e-02
133  0.00814  -6.8312e-02 |134  0.06006  -6.8014e-02 |135 -0.03951  -6.8186e-02
136  0.03025  -6.8241e-02 |137 -0.03058  -6.8239e-02 |138  0.01557  -6.8298e-02
139  0.02002  -6.8284e-02 |140 -0.00630  -6.8315e-02 |141 -0.01298  -6.8304e-02
142 -0.01100  -6.8308e-02 |143 -0.00684  -6.8314e-02 |144  0.05873  -6.8027e-02
145 -0.01316  -6.8303e-02 |146  0.06508  -6.7961e-02 |147 -0.02047  -6.8283e-02
148  0.03134  -6.8235e-02 |149 -0.04798  -6.8124e-02 |150 -0.00055  -6.8318e-02
151  0.03552  -6.8212e-02 |152  0.01564  -6.8297e-02 |153 -0.01522  -6.8298e-02
154 -0.00175  -6.8318e-02 |155  0.01757  -6.8292e-02 |156  0.02343  -6.8272e-02
157  0.03339  -6.8224e-02 |158  0.01594  -6.8297e-02 |159  0.02944  -6.8245e-02
160 -0.03908  -6.8189e-02 |161  0.04811  -6.8123e-02 |162 -0.00048  -6.8318e-02
163  0.01316  -6.8303e-02 |164 -0.08373  -6.7728e-02 |165  0.00126  -6.8318e-02
166  0.01966  -6.8285e-02 |167 -0.01992  -6.8285e-02 |168 -0.00435  -6.8316e-02
169  0.01047  -1.4178e+02 |170  0.00743   1.4271e+01 |171  0.00439   1.3841e+01
172  0.02528   1.4298e+01 |173  0.07714   9.9230e+00 |174  0.04025   1.3287e+01
175  0.03509   1.2223e+01 |176  0.01048   1.3964e+01 |177  0.03524   1.4259e+01
178  0.07922   1.3382e+01 |179  0.14875   1.1973e+01 |180 -0.39856   8.9633e+00
181  0.09537   1.0849e+01 |182 -0.75568   5.8825e+00 |183 -0.01488   1.4669e+01
184 -0.01925   1.4250e+01 |185 -0.00771   1.2798e+01 |186 -0.01648   1.4818e+01
187 -0.04676   1.4518e+01 |188 -0.03680   1.4212e+01 |189  0.02296   1.4104e+01
190  0.02779   1.2734e+01 |191  0.03311   1.6907e+01 |192  0.01589   1.0909e+01
193 -0.01142   1.5041e+01 |194 -0.08829   1.5263e+01 |195 -0.00577   1.4871e+01
196  0.05443   1.3844e+01 |197  0.02141   1.3668e+01 |198  0.00164   1.5302e+01
199  0.00905   1.4958e+01 |200  0.01240   1.4992e+01 |201  0.01011   1.5245e+01
202  0.11604   1.1974e+01 |203  0.11296   1.1903e+01 |204  0.09968   1.2304e+01
205 -0.04702   1.5232e+01 |206 -0.13223   1.5395e+01 |207 -0.14251   1.5075e+01
208 -0.09586   1.5846e+01 |209 -0.04126   1.6162e+01 |210  0.05515   1.6006e+01
211  0.61623   8.9526e+00 |212 -0.05978   3.0426e+01 |213  0.03424   1.7701e+01
214  0.04581   2.8306e-08 |215 -0.63084  -7.7729e-01 |216 -0.77185  -1.1819e+00
217  0.00703  -6.4142e+00 |218 -0.16066   8.8486e-02 |219 -0.24674   2.3705e-01
220 -0.05315   2.8473e-01 |221  0.03585   1.5766e-01 |222  0.00084   1.3618e-01
223  0.01078   2.9700e-01 |224 -0.02416   2.0035e-01 |225 -0.03058  -1.5861e-01
226  0.09518  -1.9277e-01 |227  0.07554   2.7814e-02 |228  0.19772  -4.8548e-02
229  0.10663  -2.5087e-01 |230  0.09474  -2.5710e-01 |231  0.04050  -5.3236e-01
232  0.03102  -1.6253e-01 |233  0.05579   7.5339e-02 |234  0.11848  -1.5503e-01
235 -0.13592   1.4458e-01 |236 -0.13041  -4.1830e-01 |237  0.00519  -1.2775e-01
238  0.02886  -3.5996e-02 |239 -0.11072  -7.0979e-01 |240 -0.14713  -1.8834e-01
241 -0.06156  -2.6200e-01 |242  0.01251  -4.3950e-01 |243  0.04611  -1.4181e-01
244 -0.02365  -3.3264e-01 |245 -0.12077  -6.2288e-02 |246 -0.22616  -2.5950e-01
247 -0.09730  -1.0336e-01 |248  0.00536  -6.2587e-01 |249  0.05177  -4.1164e-02
250  0.08502  -2.6908e-01 |251  0.05937   7.4778e-02 |252 -0.01392   1.5358e-01
253 -0.00329  -1.8143e-01 |254  0.13057  -2.1011e-01 |255  0.20128  -2.6029e-01
256  0.23796   1.0954e-01 |257 -0.14440  -6.4410e-01 |258  0.09762   1.8025e+01
259  0.14977   4.4505e+00 |260 -0.86747   4.3927e+00 |261 -0.84452   9.7556e-01
262 -1.26436   4.0744e-01 |263 -0.04479  -8.7103e+00 |264 -0.34883  -7.4536e+00
265  0.06856  -8.6813e+00 |266 -0.04705  -8.7081e+00 |267  0.02474  -8.7253e+00
268 -0.23576  -8.1400e+00 |269  0.38160  -7.2097e+00 |270  0.25092  -8.0624e+00
271 -0.33426  -7.5557e+00 |272  0.46702  -6.4859e+00 |273 -0.17647  -8.3986e+00
274  0.09834  -8.6280e+00 |275 -0.15523  -8.4736e+00 |276  0.04056  -8.7142e+00
277  0.44270  -6.7044e+00 |278  0.27254  -7.9439e+00 |279 -0.48377  -6.3298e+00
280  0.04768  -8.7074e+00 |281  0.14615  -8.5028e+00 |282  0.41909  -6.9072e+00
283  0.56858  -5.4747e+00 |284 -0.23686  -8.1345e+00 |285  0.10323  -8.6174e+00
286  0.25399  -8.0461e+00 |287 -0.50825  -6.0938e+00 |288  0.21118  -8.2559e+00
289  0.03496  -8.7188e+00 |290 -0.33183  -7.5723e+00 |291 -0.21736  -8.2279e+00
292 -0.10788  -8.6069e+00 |293  0.30887  -7.7242e+00 |294 -0.44079  -6.7211e+00
295 -0.45488  -6.5962e+00 |296  0.29943  -7.7838e+00 |297 -0.31530  -7.6827e+00
298 -0.09226  -8.6404e+00 |299  0.18276  -8.3746e+00 |300 -0.07249  -8.6754e+00
301 -0.23550  -8.1413e+00 |302  0.21934  -8.2188e+00 |303  0.47197   3.0097e+00
304  0.07938   2.8174e+00 |305 -0.90579   3.9604e+00 |306  0.25750   9.4901e-01
307 -0.88528  -1.7812e+01 |308 -0.53036  -4.3808e+00 |
20.4707 7.62054 100.344 47.5973 
11.1228 11.1228 48.3169 50.8803 
6.02881 9.41088 0 1.54979 10.7526 
0 1.93325 0 0 0.450891 17.5374 0 
20.6015 7.5309 100.157 47.5827 
11.1366 11.1366 48.3022 50.971 
5.99567 9.47572 0 1.57961 10.7338 
0 1.93709 0 0 0.451213 17.4606 0 
22.6039 7.29301 80.7537 46.4048 
12.5969 12.5969 48.4138 51.6539 
5.94525 11.6729 0 1.8933 10.5474 
0 2.08942 0 0 0.45601 16.7937 0 
22.093 6.47331 90.6564 47.3189 
11.2821 11.2821 48.268 51.5436 
5.90691 10.4295 0 1.80384 10.5987 
0 2.0267 0 0 0.454397 16.9595 0 
431.756 455.502 443.444 318.761 
602.956 602.956 358.835 171.724 
17.9624 897.093 0 4.85758 9.29405 
0 8.24252 0 0 0.569704 17.0415 0 
22.1742 6.44191 88.8529 47.1875 
11.3399 11.3399 48.2579 51.5674 
5.91141 10.554 0 1.82188 10.5882 
0 2.03819 0 0 0.454708 16.9246 0 
46.393 37.2561 97.8124 53.7294 
42.7428 42.7428 52.9262 53.5605 
6.05003 31.7676 0 2.00714 10.4839 
0 2.18885 0 0 0.458313 16.6076 0 
22.5677 7.21618 80.951 46.4237 
12.5019 12.5019 48.3964 51.6487 
5.94387 11.6045 0 1.89117 10.5486 
0 2.08776 0 0 0.455969 16.7974 0 
22.3414 6.67451 83.4971 46.6872 
11.7991 11.7991 48.2813 51.6114 
5.93028 11.0623 0 1.86783 10.5618 
0 2.07012 0 0 0.455532 16.8391 0 
22.388 6.79608 82.6395 46.5973 
11.965 11.965 48.3049 51.6202 
5.93427 11.1994 0 1.87518 10.5576 
0 2.07557 0 0 0.455669 16.8258 0 
22.3531 6.70556 83.249 46.6613 
11.8423 11.8423 48.2871 51.6137 
5.93139 11.099 0 1.86993 10.5606 
0 2.07167 0 0 0.455571 16.8353 0 
1407.54 2088.21 433.55 320.201 
1597.03 1597.03 143.309 130.934 
7.21107 1356.76 0 2.51609 10.2135 
0 2.87088 0 0 0.472062 16.0879 0 
22.3533 6.70584 83.2469 46.6611 
11.8427 11.8427 48.2871 51.6137 
5.9314 11.0993 0 1.86995 10.5606 
0 2.07168 0 0 0.455571 16.8353 0 
22.3543 6.70867 83.2254 46.6588 
11.8466 11.8466 48.2877 51.6139 
5.9315 11.1026 0 1.87013 10.5605 
0 2.07182 0 0 0.455575 16.8349 0 
22.3543 6.70864 83.2252 46.6589 
11.8469 11.8469 48.2878 51.614 
5.93154 11.1025 0 1.87013 10.5605 
0 2.07185 0 0 0.455575 16.8349 0 
22.3536 6.70831 83.2224 46.6592 
11.8495 11.8495 48.2892 51.615 
5.93191 11.1023 0 1.87016 10.5604 
0 2.07212 0 0 0.45558 16.835 0 
22.3477 6.7051 83.1952 46.6632 
11.8757 11.8757 48.3028 51.6247 
5.93567 11.1 0 1.87049 10.5593 
0 2.07487 0 0 0.455625 16.8358 0 
22.3483 6.70615 83.1572 46.666 
11.9018 11.9018 48.3131 51.6369 
5.94107 11.1021 0 1.87124 10.5571 
0 2.07734 0 0 0.455662 16.8371 0 
22.3699 6.7194 82.8365 46.7056 
12.1442 12.1442 48.4183 51.7592 
5.9989 11.1459 0 1.87878 10.5356 
0 2.10356 0 0 0.456047 16.8515 0 
22.2832 6.70794 82.6952 46.689 
12.3466 12.3466 48.3758 51.8327 
6.01718 10.9943 0 1.86861 10.4981 
0 2.1286 0 0 0.456536 16.977 0 
22.1245 6.71786 82.5623 46.6822 
12.6403 12.6403 48.3394 51.9433 
6.06238 10.767 0 1.84397 10.4322 
0 2.18028 0 0 0.457456 17.2321 0 
21.7424 6.97667 82.6552 46.5629 
12.538 12.538 48.2727 51.9501 
6.09497 10.6445 0 1.75883 10.3748 
0 2.24531 0 0 0.457695 17.6724 0 
21.0909 7.32929 81.9924 46.4837 
12.5851 12.5851 48.414 51.8444 
6.14674 10.4289 0 1.6901 10.242 
0 2.33392 0 0 0.458236 18.2326 0 
19.9873 7.86146 81.5272 46.6173 
12.3424 12.3424 48.71 51.6845 
6.52286 10.0746 0 1.53564 10.0257 
0 2.56454 0 0 0.46039 19.4695 0 
20.6465 7.53152 81.6468 46.4843 
12.5419 12.5419 48.5153 51.7798 
6.26092 10.2563 0 1.62924 10.1577 
0 2.41439 0 0 0.458943 18.7033 0 
308 variables; iteration 350; function evaluation 420; phase 1
Function value   3.2820179e+02; maximum gradient component mag   2.8422e+02
Var   Value    Gradient   |Var   Value    Gradient   |Var   Value    Gradient
  1 -2.13272  -6.5747e+00 |  2  0.17174  -5.7181e+00 |  3  0.19035  -3.9670e+00
  4  0.19501  -1.4401e+01 |  5  0.18796  -2.6000e+01 |  6  0.19180  -4.0618e+00
  7  0.17564  -7.9367e+00 |  8  0.17281  -2.8687e+00 |  9  0.17199   8.2086e-01
 10  0.14773   2.5445e+00 | 11  0.13641   2.4155e+01 | 12  0.12080  -1.7183e+01
 13  0.10138  -8.2341e+00 | 14  0.06039  -4.4787e+00 | 15 -0.01110  -2.4417e-01
 16 -0.00498   7.8790e+00 | 17 -0.14474   2.2526e-02 | 18 -0.27153  -1.7705e-02
 19 -0.30111  -1.1234e-02 | 20 -0.45441  -4.4357e-03 | 21 -0.54008  -3.0802e-04
 22  0.06990  -2.7952e+00 | 23 -0.17704   5.2775e-05 | 24 -0.02452  -9.0843e-01
 25  0.07881  -3.8521e+00 | 26  0.13137  -4.6097e+00 | 27  0.16430   1.6349e+00
 28  0.16480  -2.7724e+00 | 29  0.16907   1.9170e+01 | 30  0.16050   8.2705e-01
 31  0.16230  -4.6377e+00 | 32  0.15802   6.6294e+00 | 33  0.13003  -6.4877e+00
 34  0.10913  -6.5327e+00 | 35  0.11637  -1.9575e+01 | 36  0.12376  -2.9404e+00
 37  0.08848  -1.0060e+01 | 38  0.05569  -1.2266e+01 | 39 -2.01951  -2.3593e-01
 40 -0.02987  -8.5141e-01 | 41 -0.08877  -4.8387e-01 | 42 -1.85985  -9.0659e-02
 43 -0.04221  -1.7931e+01 | 44 -0.04552  -1.7720e+01 | 45 -0.06144  -1.7247e+01
 46 -0.17652  -1.8583e+01 | 47 -0.16642  -1.5444e+01 | 48 -0.11782  -1.3775e+01
 49 -0.10722  -1.5350e+01 | 50 -0.04337  -1.1705e+01 | 51 -0.01835  -1.1725e+01
 52  0.02858  -2.2395e+01 | 53 -0.00312  -3.4391e+01 | 54  0.01788  -4.4636e+01
 55 -0.06723  -4.3343e+01 | 56  0.07807  -6.0267e+01 | 57  0.08789  -5.5180e+01
 58  0.05898  -4.0615e+01 | 59  0.05920  -2.2152e+01 | 60 -0.12247  -1.6193e+01
 61 -0.10278  -1.5338e+01 | 62  0.06855  -1.5352e+00 | 63  0.02264  -3.6755e+00
 64 -0.03978  -9.7522e+00 | 65 -0.03015  -6.6758e+00 | 66 -0.00689  -3.5210e+00
 67 -0.04927  -7.9367e+00 | 68 -0.03514  -9.1640e+00 | 69 -0.06200  -1.2833e+01
 70 -0.02389  -1.1319e+01 | 71 -0.07052  -2.1670e+01 | 72  0.05173  -1.2794e+01
 73  0.02330  -1.2843e+01 | 74  0.03565  -1.0531e+01 | 75  0.07545  -1.0960e+01
 76  0.13551   3.9856e+00 | 77 -0.03833  -1.0731e+01 | 78 -0.07173  -1.1884e+01
 79  0.13530   6.6160e+00 | 80  0.30582   1.8283e+01 | 81  0.42969  -1.5209e+01
 82 -0.10917  -1.6236e+01 | 83 -0.03187  -1.7379e+01 | 84  0.03058  -1.8230e+01
 85  0.11812   1.8201e+01 | 86  0.04528   1.2044e-01 | 87  0.20246  -2.0815e+00
 88 -0.06459   1.2304e+00 | 89 -0.23075  -2.6309e+00 | 90 -0.15588  -1.2437e+00
 91 -0.05129  -2.1096e+00 | 92 -0.02711  -1.2655e+00 | 93  0.04978   1.2385e+00
 94  0.15395   3.2415e+00 | 95 -0.00622   1.1412e-01 | 96 -0.02168  -3.1225e-01
 97  0.00244  -3.8400e+00 | 98  0.11057  -1.3043e+01 | 99  0.06814  -1.9702e+01
100  0.07075  -2.1621e+01 |101  0.12288  -2.4354e+01 |102 -0.06456  -5.6750e+00
103 -0.05981  -1.0593e+00 |104  0.09897   2.0110e+00 |105  0.01012   6.2521e-01
106 -0.03876   3.6518e+00 |107 -0.07262   1.7949e+00 |108  0.06552   6.1613e+00
109  0.10572   6.3393e+00 |110  0.06718   3.2819e+00 |111  0.00085   3.9345e+00
112 -0.10635   3.4393e+00 |113 -0.12818   2.2248e+00 |114 -0.04030   2.0798e+00
115  0.10091   1.7398e+00 |116  0.01930   3.6128e-01 |117  0.11179   2.0691e+00
118  0.05437   1.6647e+00 |119 -0.05272  -4.8728e-01 |120 -0.01825   1.4333e+00
121  0.09398  -5.0757e-02 |122  0.21141   8.9994e+00 |123 -1.08335  -8.4345e-01
124  0.10863   4.3178e+00 |125 -0.03880  -1.1242e+00 |126 -0.18176  -5.6846e-01
127 -0.09301  -9.3789e-02 |128  0.05244  -9.4477e-02 |129 -0.01289  -9.4779e-02
130 -0.09761  -9.3687e-02 |131 -0.09780  -9.3682e-02 |132  0.00446  -9.4797e-02
133  0.01328  -9.4778e-02 |134  0.05333  -9.4466e-02 |135 -0.03780  -9.4632e-02
136  0.02809  -9.4707e-02 |137 -0.02568  -9.4722e-02 |138  0.01857  -9.4759e-02
139  0.02152  -9.4745e-02 |140  0.00122  -9.4799e-02 |141 -0.00531  -9.4796e-02
142 -0.00331  -9.4798e-02 |143  0.00072  -9.4799e-02 |144  0.05182  -9.4485e-02
145 -0.00550  -9.4795e-02 |146  0.05915  -9.4390e-02 |147 -0.01341  -9.4778e-02
148  0.02879  -9.4702e-02 |149 -0.05037  -9.4502e-02 |150  0.00634  -9.4794e-02
151  0.03156  -9.4682e-02 |152  0.01862  -9.4758e-02 |153 -0.00764  -9.4792e-02
154  0.00531  -9.4796e-02 |155  0.01991  -9.4753e-02 |156  0.02372  -9.4733e-02
157  0.03013  -9.4693e-02 |158  0.01882  -9.4757e-02 |159  0.02756  -9.4710e-02
160 -0.03719  -9.4637e-02 |161  0.04125  -9.4600e-02 |162  0.00640  -9.4794e-02
163  0.01690  -9.4765e-02 |164 -0.11341  -9.3299e-02 |165  0.00786  -9.4792e-02
166  0.02129  -9.4746e-02 |167 -0.01279  -9.4780e-02 |168  0.00301  -9.4798e-02
169  0.01721   3.5280e+01 |170 -0.00673   8.2910e+01 |171 -0.00259   8.9549e+01
172  0.01052   6.5346e+01 |173  0.06185   3.8613e+01 |174  0.03124   5.8047e+01
175  0.01623   4.6233e+01 |176  0.00464   5.6210e+01 |177  0.00869   4.0585e+01
178  0.06931   6.0146e+01 |179  0.12935   2.8422e+02 |180  0.06313   4.8722e+01
181  0.07878   2.4579e+02 |182 -0.79898   2.0622e+01 |183 -0.02440   7.0533e+01
184 -0.03375   7.0989e+01 |185 -0.02337   4.3702e+01 |186 -0.03131   2.0861e+01
187 -0.05392   4.7304e+01 |188 -0.04695   4.9834e+01 |189  0.01788   6.0019e+01
190  0.02289   6.0543e+01 |191  0.01698   2.4989e+01 |192  0.00836   4.1461e+01
193 -0.02782   4.4044e+01 |194 -0.10418   5.9980e+01 |195 -0.02044   6.5413e+01
196  0.03765   6.0741e+01 |197  0.00553   5.7521e+01 |198 -0.01718   4.8877e+01
199  0.00144   6.1434e+01 |200  0.00892   7.8532e+01 |201 -0.01041   5.3911e+01
202  0.10653   3.6701e+01 |203  0.09959   2.6040e+01 |204  0.08688   4.2579e+01
205 -0.04439   6.8360e+01 |206 -0.14301   6.6444e+01 |207 -0.15688   6.4166e+01
208 -0.11224   6.3318e+01 |209 -0.05020   7.3177e+01 |210  0.04661   8.2753e+01
211  0.79663   2.0879e+01 |212 -0.06065   3.0255e+01 |213  0.03235  -1.4090e+01
214  0.04571   2.8246e-08 |215 -0.61868  -2.9278e+01 |216 -0.76133   2.0179e+01
217 -0.00130  -5.1387e+00 |218 -0.14406  -1.0792e+01 |219 -0.23704  -5.7167e+00
220 -0.06670  -1.5387e+00 |221  0.02070  -4.4010e+00 |222 -0.00491  -1.4435e+00
223  0.00737   8.5049e-01 |224 -0.01718   1.0751e+01 |225 -0.03180   2.5788e+00
226  0.10567   5.2338e+00 |227  0.07955   9.1633e-01 |228  0.20345   1.6194e+00
229  0.09865  -3.6097e+00 |230  0.09019  -3.4161e+00 |231  0.04916   5.8273e-01
232  0.03612   2.9732e+00 |233  0.04148  -1.9649e+00 |234  0.11831   1.7689e+00
235 -0.13498   8.4743e+00 |236 -0.13032   7.9258e+00 |237  0.00682   1.3567e+00
238  0.02170  -1.6477e+00 |239 -0.11136  -1.0361e+00 |240 -0.14515  -1.9666e+00
241 -0.06231  -3.9132e+00 |242  0.00943  -6.1860e+00 |243  0.04321  -1.4867e-01
244 -0.02746  -9.2661e-01 |245 -0.11653  -3.8604e+00 |246 -0.21183   8.2453e-01
247 -0.08384   2.9489e+00 |248  0.00087  -4.8692e+00 |249  0.03689  -1.7458e+00
250  0.08220  -6.2402e-01 |251  0.07242   3.4418e+00 |252 -0.00136   3.2750e+00
253 -0.00413  -5.9407e-01 |254  0.10548  -3.6718e+00 |255  0.19572  -2.3029e+00
256  0.24524   4.6142e-01 |257 -0.14118  -6.4091e+00 |258  0.10443   1.2235e+02
259  0.15085   1.3105e+01 |260 -0.86489   1.0361e+01 |261 -0.84503  -4.8951e+00
262 -1.38630  -9.0338e+00 |263  0.20919   1.2392e+02 |264 -0.74433   5.1176e+01
265 -0.00457   1.3092e+02 |266  0.35297   1.1131e+02 |267  0.10824   1.2903e+02
268 -0.24305   1.2149e+02 |269  0.15490   1.2706e+02 |270  0.24024   1.2171e+02
271 -0.16250   1.2668e+02 |272  0.71986   5.5769e+01 |273 -0.19336   1.2493e+02
274  0.20497   1.2419e+02 |275 -0.43833   1.0110e+02 |276 -0.25553   1.2052e+02
277  0.31297   1.1542e+02 |278  0.33057   1.1366e+02 |279 -0.21953   1.2321e+02
280  0.09901   1.2934e+02 |281  0.32407   1.1432e+02 |282  0.86987   2.6576e+01
283  0.58923   7.8733e+01 |284 -0.12283   1.2849e+02 |285  0.20188   1.2439e+02
286  0.17419   1.2605e+02 |287 -0.36798   1.0965e+02 |288 -0.10367   1.2919e+02
289  0.40873   1.0485e+02 |290 -0.22552   1.2279e+02 |291 -0.15910   1.2685e+02
292 -0.01727   1.3087e+02 |293  0.09796   1.2937e+02 |294 -0.77382   4.5541e+01
295 -0.57135   8.1639e+01 |296  0.41532   1.0403e+02 |297 -0.59561   7.7682e+01
298  0.19651   1.2473e+02 |299 -0.23877   1.2182e+02 |300 -0.23361   1.2220e+02
301 -0.36924   1.0951e+02 |302  0.03588   1.3071e+02 |303  0.47386  -4.5666e+01
304  0.10150   9.1297e+00 |305 -0.91343  -7.4263e+01 |306  0.24891  -5.7790e+00
307 -0.88851  -1.9582e+02 |308 -0.53842  -7.2256e+01 |
20.2757 7.62999 80.898 46.4764 
11.8908 11.8908 48.6951 51.6192 
6.4345 10.1785 0 1.65421 10.0957 
0 2.49817 0 0 0.457611 18.8175 0 
19.9692 7.64139 80.1247 46.7015 
11.1788 11.1788 48.947 51.3395 
6.84393 10.1336 0 1.63301 10.1338 
0 2.6475 0 0 0.45888 19.0748 0 
20.0906 7.61713 80.4959 46.5226 
11.5598 11.5598 48.7927 51.5038 
6.57883 10.1108 0 1.64554 10.1113 
0 2.5535 0 0 0.458041 18.9219 0 
20.0209 7.56996 79.2908 46.3243 
11.5691 11.5691 48.8404 51.3904 
6.6723 9.97634 0 1.67868 10.189 
0 2.53442 0 0 0.452456 18.9175 0 
19.8028 7.91401 76.6515 45.8576 
12.1979 12.1979 49.1517 51.2558 
6.51753 10.0082 0 1.76165 10.4362 
0 2.4162 0 0 0.440942 18.8923 0 
19.7164 8.25053 75.114 45.5552 
12.9648 12.9648 49.48 51.1454 
6.39949 10.2741 0 1.83165 10.6323 
0 2.34703 0 0 0.43589 18.9266 0 
19.6072 7.83644 74.7687 45.5417 
12.5157 12.5157 49.3429 51.1219 
6.47132 9.91027 0 1.80276 10.7832 
0 2.33756 0 0 0.433744 19.0971 0 
20.0812 7.27736 73.8691 45.9017 
11.5382 11.5382 49.2542 50.901 
6.72623 9.7399 0 1.77973 11.314 
0 2.34909 0 0 0.432857 19.3093 0 
20.0217 7.22916 73.5214 45.8883 
11.5905 11.5905 49.2431 50.8855 
6.67981 9.67784 0 1.77471 11.4038 
0 2.34283 0 0 0.432181 19.333 0 
20.0554 7.25656 73.7211 45.8944 
11.5584 11.5584 49.2485 50.8943 
6.70637 9.71294 0 1.77764 11.3513 
0 2.34596 0 0 0.432562 19.3186 0 
19.9225 7.23749 73.6036 45.8046 
11.6298 11.6298 49.2192 50.8873 
6.60297 9.64994 0 1.79554 11.3677 
0 2.31738 0 0 0.432501 19.2539 0 
19.79 7.3084 73.353 45.7194 
11.5932 11.5932 49.0664 50.9088 
6.42854 9.64599 0 1.80067 11.4004 
0 2.24783 0 0 0.431763 19.1769 0 
308 variables; iteration 360; function evaluation 432; phase 1
Function value   3.1688703e+02; maximum gradient component mag  -1.9478e+02
Var   Value    Gradient   |Var   Value    Gradient   |Var   Value    Gradient
  1 -2.12003  -1.6826e+00 |  2  0.18456   1.1847e+00 |  3  0.18796  -3.5289e+00
  4  0.19840   2.4497e+00 |  5  0.19609   2.9987e+00 |  6  0.19138  -1.9459e+00
  7  0.17699  -3.2686e+00 |  8  0.17317  -4.0447e+00 |  9  0.17197  -4.8789e+00
 10  0.14797  -1.1077e+00 | 11  0.12888   6.1154e+00 | 12  0.12757  -2.4256e+00
 13  0.10577  -8.1354e-01 | 14  0.05999  -1.3582e+00 | 15 -0.01012  -3.1606e-01
 16 -0.03878   3.0714e+00 | 17 -0.17539  -7.8339e-02 | 18 -0.26398  -1.9782e-02
 19 -0.26560   1.8218e-03 | 20 -0.47050  -4.2651e-03 | 21 -0.55211  -6.5256e-04
 22  0.10044   4.6656e-02 | 23 -0.17036   1.4228e-03 | 24  0.00482  -3.0717e-01
 25  0.08908   3.0920e-01 | 26  0.13156   1.1151e+00 | 27  0.15618  -5.6784e-01
 28  0.15803  -1.0303e+00 | 29  0.15362   1.3418e+00 | 30  0.15464  -4.6429e-01
 31  0.15962   5.1427e-01 | 32  0.14999  -2.3252e+00 | 33  0.13085  -2.3324e+00
 34  0.11344  -6.7638e-01 | 35  0.12281  -1.8269e+00 | 36  0.12151  -6.5612e-01
 37  0.09189  -6.1670e-01 | 38  0.05879  -8.9734e-01 | 39 -2.01417   1.0697e+00
 40 -0.03078  -2.2793e-01 | 41 -0.08531   7.0283e-02 | 42 -1.82277   5.2443e-01
 43 -0.00712  -8.5667e+00 | 44 -0.06166  -9.2589e+00 | 45 -0.08615  -9.1626e+00
 46 -0.15272  -7.9216e+00 | 47 -0.18468  -9.2524e+00 | 48 -0.13116  -7.5677e+00
 49 -0.09962  -7.7567e+00 | 50 -0.05165  -6.6588e+00 | 51 -0.01493  -5.9398e+00
 52  0.03666  -6.1848e+00 | 53  0.01826  -7.3494e+00 | 54 -0.04983  -1.3498e+01
 55 -0.07336  -1.5299e+01 | 56  0.16908   1.5677e+00 | 57  0.05979  -1.2432e+01
 58  0.06948  -1.4564e+01 | 59  0.05498  -9.8613e+00 | 60 -0.10123  -8.1219e+00
 61 -0.06445  -7.2860e+00 | 62  0.04766  -5.5010e+00 | 63 -0.00894  -6.0344e+00
 64 -0.03907  -6.3008e+00 | 65 -0.04483  -5.1862e+00 | 66 -0.02914  -4.0447e+00
 67 -0.05245  -4.8540e+00 | 68 -0.04312  -6.1326e+00 | 69 -0.05399  -6.8701e+00
 70 -0.04048  -7.7297e+00 | 71 -0.05604  -1.5121e+01 | 72  0.07631  -8.0147e+00
 73  0.02314  -7.6206e+00 | 74  0.01899  -6.8523e+00 | 75  0.09447  -7.1858e+00
 76  0.09992  -3.8629e+00 | 77 -0.01628  -6.6193e+00 | 78 -0.05205  -7.2310e+00
 79  0.10686  -4.5631e+00 | 80  0.31451  -2.9037e+00 | 81  0.41025  -8.7702e+00
 82 -0.10734  -8.1611e+00 | 83 -0.02286  -8.2889e+00 | 84  0.06437  -8.3719e+00
 85  0.03139   1.7391e+00 | 86  0.08548  -5.4140e-01 | 87  0.20819  -1.1014e-01
 88 -0.09837  -2.3753e+00 | 89 -0.20853  -1.9053e+00 | 90 -0.14755  -1.7805e+00
 91 -0.03921  -1.4036e+00 | 92 -0.01822  -1.4842e+00 | 93  0.03266  -1.3084e+00
 94  0.15866   1.0612e+00 | 95  0.00594  -6.2729e-01 | 96 -0.00533  -6.4194e-01
 97  0.04271  -8.0662e-01 | 98  0.12316  -1.4982e+00 | 99  0.05499  -5.1704e+00
100  0.07569  -4.4200e+00 |101  0.10846  -5.5280e+00 |102 -0.08139  -3.3134e+00
103 -0.09787  -2.4237e+00 |104  0.07258  -5.5858e-01 |105  0.03654  -1.1554e+00
106 -0.05128  -1.4487e+00 |107 -0.06258  -1.2216e+00 |108  0.06024  -5.3085e-01
109  0.10330   2.2178e-01 |110  0.08312   6.8251e-01 |111 -0.00238   7.9308e-02
112 -0.13622  -1.3454e+00 |113 -0.14049  -1.1929e+00 |114 -0.03422  -1.7525e+00
115  0.11720  -2.4906e+00 |116  0.01556  -2.6110e+00 |117  0.09583  -1.9116e+00
118  0.04257  -1.6609e+00 |119 -0.04082  -2.0749e+00 |120 -0.01997  -1.6115e+00
121  0.13729   1.2764e+00 |122  0.19973   9.6617e-01 |123 -1.08925  -6.4827e-01
124  0.10591   1.4956e-02 |125 -0.00738  -1.8038e+00 |126 -0.17428  -2.2703e+00
127 -0.08767  -1.9390e-01 |128  0.01850  -1.9567e-01 |129 -0.01239  -1.9572e-01
130 -0.09199  -1.9372e-01 |131 -0.09217  -1.9371e-01 |132  0.00484  -1.9575e-01
133  0.01399  -1.9571e-01 |134  0.05694  -1.9497e-01 |135 -0.03620  -1.9544e-01
136  0.03025  -1.9554e-01 |137 -0.02470  -1.9561e-01 |138  0.01967  -1.9566e-01
139  0.02292  -1.9563e-01 |140  0.00156  -1.9576e-01 |141 -0.00496  -1.9575e-01
142 -0.00297  -1.9575e-01 |143  0.00105  -1.9576e-01 |144  0.01781  -1.9568e-01
145 -0.00514  -1.9575e-01 |146  0.06266  -1.9481e-01 |147 -0.01289  -1.9572e-01
148  0.03104  -1.9552e-01 |149 -0.04800  -1.9520e-01 |150  0.00676  -1.9575e-01
151  0.03415  -1.9547e-01 |152  0.01972  -1.9566e-01 |153 -0.00726  -1.9574e-01
154  0.00570  -1.9575e-01 |155  0.02114  -1.9565e-01 |156  0.02536  -1.9560e-01
157  0.03255  -1.9550e-01 |158  0.01995  -1.9566e-01 |159  0.02966  -1.9554e-01
160 -0.03562  -1.9545e-01 |161  0.04465  -1.9528e-01 |162  0.00682  -1.9575e-01
163  0.01786  -1.9568e-01 |164 -0.10732  -1.9298e-01 |165  0.00832  -1.9574e-01
166  0.02266  -1.9563e-01 |167 -0.01229  -1.9572e-01 |168  0.00336  -1.9575e-01
169  0.01890  -1.9478e+02 |170 -0.00740   7.6034e+00 |171 -0.01103   1.7745e+00
172  0.01247   4.5554e+00 |173  0.06288   3.2924e+00 |174  0.02518   3.5484e+00
175  0.02034  -3.7605e+00 |176  0.00185   3.0620e+00 |177  0.01398  -3.6324e+00
178  0.07986   3.8292e+00 |179  0.10999   2.5638e+01 |180  0.08239  -1.6888e+01
181  0.06690   4.2114e+01 |182 -0.74392   2.6302e+00 |183 -0.02078   6.7906e+00
184 -0.04421   3.6294e+00 |185 -0.02324   5.4499e+00 |186 -0.03138   2.9110e+00
187 -0.05742   3.1414e+00 |188 -0.04533   3.8056e+00 |189  0.01186   3.3502e+00
190  0.01704  -1.0831e+00 |191  0.01406  -1.5483e+01 |192  0.00510  -5.9499e+00
193 -0.03285   3.2145e+00 |194 -0.09498   6.5428e+00 |195 -0.01892   8.5537e+00
196  0.03815   7.0082e+00 |197  0.00307   1.0105e+01 |198 -0.01014   2.5234e+00
199 -0.00157   3.1340e+00 |200  0.00069   7.2490e+00 |201  0.00342   7.3338e+00
202  0.10366  -3.7338e+00 |203  0.09997  -4.0028e+00 |204  0.08410   5.3687e+00
205 -0.06123   6.6201e+00 |206 -0.14743   6.4361e+00 |207 -0.15440   7.7185e+00
208 -0.10283   8.6789e+00 |209 -0.05602   6.2120e+00 |210  0.04620   6.1676e+00
211  0.79475   2.1691e+00 |212 -0.06213   3.3834e+01 |213  0.03616   4.0042e+01
214  0.04571   2.8246e-08 |215 -0.63701  -1.3632e+00 |216 -0.80846   6.4421e+00
217 -0.00562  -4.2198e+01 |218 -0.15650   1.7432e-01 |219 -0.24054  -7.3285e-02
220 -0.05345   7.2336e-01 |221  0.02868   8.5381e-01 |222 -0.00619   4.2382e-01
223  0.00582   1.0504e+00 |224 -0.02660   9.8464e-01 |225 -0.03240  -1.3443e-02
226  0.09156   6.1400e-01 |227  0.06895   1.7882e-01 |228  0.19322   7.9104e-01
229  0.10444   4.5892e-01 |230  0.09978  -8.9480e-01 |231  0.05675   7.2106e-01
232  0.06263   2.5897e+00 |233  0.06789   1.2194e+00 |234  0.12263   1.3984e+00
235 -0.12243   3.9887e+00 |236 -0.12275   2.7828e+00 |237  0.00428   7.4265e-01
238  0.02652   9.3041e-01 |239 -0.11146   1.0083e+00 |240 -0.14852   7.2729e-01
241 -0.06704  -7.5410e-01 |242  0.00803   5.1090e-01 |243  0.03995   6.9262e-02
244 -0.02760  -6.7140e-02 |245 -0.12123  -1.0286e+00 |246 -0.22564  -2.1616e+00
247 -0.09731  -1.4702e+00 |248  0.00609   4.5394e-01 |249  0.04926   1.3318e+00
250  0.08240   1.9159e+00 |251  0.05879   1.5697e+00 |252 -0.01881   4.7122e-01
253 -0.01403   5.2168e-01 |254  0.12340  -4.2189e-01 |255  0.20139   3.7201e-02
256  0.23307   7.1262e-01 |257 -0.14525  -7.5969e-01 |258  0.10043   9.0649e+01
259  0.14949  -2.0059e+01 |260 -0.86686  -1.0552e+01 |261 -0.84483  -1.8193e+00
262 -1.37824   2.7737e-01 |263  0.24390  -3.1624e+01 |264 -0.65779  -1.7458e+01
265 -0.19566  -3.2499e+01 |266  0.69236  -1.5843e+01 |267  0.15657  -3.3070e+01
268 -0.09640  -3.3706e+01 |269  0.10004  -3.3676e+01 |270  0.26397  -3.1207e+01
271 -0.15274  -3.3120e+01 |272  0.71628  -1.4698e+01 |273 -0.15746  -3.3059e+01
274  0.14113  -3.3262e+01 |275 -0.46163  -2.5518e+01 |276 -0.44719  -2.6025e+01
277  0.24917  -3.1518e+01 |278  0.21059  -3.2248e+01 |279 -0.15007  -3.3153e+01
280  0.16312  -3.2983e+01 |281  0.32930  -2.9636e+01 |282  0.78981  -1.1054e+01
283  0.49124  -2.4439e+01 |284 -0.01972  -3.4080e+01 |285  0.34320  -2.9261e+01
286  0.16317  -3.2983e+01 |287 -0.28984  -3.0623e+01 |288 -0.51118  -2.3683e+01
289  0.44489  -2.6104e+01 |290 -0.23875  -3.1727e+01 |291  0.15478  -3.3094e+01
292 -0.00839  -3.4093e+01 |293  0.24148  -3.1673e+01 |294 -0.71942  -1.4545e+01
295 -0.52138  -2.3287e+01 |296  0.31046  -3.0122e+01 |297 -0.65235  -1.7708e+01
298  0.28351  -3.0771e+01 |299 -0.33759  -2.9414e+01 |300 -0.30828  -3.0176e+01
301 -0.39508  -2.7739e+01 |302 -0.16345  -3.2979e+01 |303  0.47718   8.2944e+01
304  0.08186  -2.8622e+00 |305 -0.90629   1.0190e+01 |306  0.25520  -1.8181e+00
307 -0.88276   1.9202e+01 |308 -0.52254   8.4663e+00 |
19.8267 7.48126 73.1599 45.7166 
11.5288 11.5288 48.8169 50.942 
6.18954 9.58825 0 1.7943 11.3964 
0 2.15702 0 0 0.427904 18.9063 0 
19.9775 7.66783 73.0967 45.8056 
11.3975 11.3975 48.5421 51.088 
6.09658 9.63685 0 1.78848 11.4185 
0 2.10065 0 0 0.427564 18.6697 0 
19.881 7.56317 73.097 45.7357 
11.4861 11.4861 48.695 51.0033 
6.13593 9.6059 0 1.7918 11.4059 
0 2.12881 0 0 0.427697 18.8038 0 
19.8637 7.49381 72.8998 45.6876 
11.4309 11.4309 48.7471 50.9948 
6.08595 9.61529 0 1.77977 11.263 
0 2.08239 0 0 0.431446 18.7678 0 
19.8608 7.32616 73.2745 45.5665 
10.9784 10.9784 49.1832 50.6613 
6.02463 9.69876 0 1.71376 10.9656 
0 2.03057 0 0 0.431081 18.8093 0 
19.8335 7.3637 73.3804 45.5293 
10.8811 10.8811 49.1519 50.5665 
6.05002 9.6751 0 1.67135 10.8996 
0 1.99156 0 0 0.430353 18.946 0 
19.8423 7.3478 73.3203 45.5418 
10.9306 10.9306 49.1652 50.6118 
6.03291 9.68184 0 1.69157 10.9312 
0 2.00881 0 0 0.430686 18.8805 0 
19.7775 7.44867 73.1667 45.5128 
11.0496 11.0496 49.1042 50.6076 
6.02666 9.62155 0 1.64973 10.8841 
0 2.00217 0 0 0.432079 18.9882 0 
19.6854 7.44469 73.1178 45.5393 
11.2084 11.2084 48.9517 50.5778 
6.04373 9.44481 0 1.54624 10.8168 
0 1.98677 0 0 0.433263 19.2017 0 
19.6363 7.43992 73.1479 45.5015 
11.3093 11.3093 48.8164 50.5954 
6.05081 9.37118 0 1.48659 10.875 
0 1.98812 0 0 0.432833 19.2933 0 
19.4937 7.55508 73.0765 45.3358 
11.3993 11.3993 48.834 50.5961 
6.04548 9.32124 0 1.44233 10.8954 
0 1.98624 0 0 0.432714 19.44 0 
19.4658 7.52711 73.1015 45.2689 
11.2811 11.2811 48.7915 50.5983 
6.09469 9.35515 0 1.3718 10.9388 
0 1.98361 0 0 0.434395 19.515 0 
308 variables; iteration 370; function evaluation 444; phase 1
Function value   3.1356559e+02; maximum gradient component mag  -5.4134e+01
Var   Value    Gradient   |Var   Value    Gradient   |Var   Value    Gradient
  1 -2.12838  -1.1720e+00 |  2  0.18592   2.6682e+00 |  3  0.18982   5.8177e-01
  4  0.19730   5.8987e-01 |  5  0.19504  -1.3319e-01 |  6  0.19187   9.2752e-01
  7  0.17748  -2.4627e-01 |  8  0.17372  -6.2003e-01 |  9  0.17175  -3.5796e+00
 10  0.14863  -3.1190e-02 | 11  0.12529   1.2480e+00 | 12  0.12741  -4.5235e-01
 13  0.10469  -1.0663e-01 | 14  0.05841  -6.5852e-01 | 15 -0.00784   1.5237e-01
 16 -0.11827  -4.0599e-01 | 17 -0.16838  -8.1918e-02 | 18 -0.24232  -1.3113e-02
 19 -0.26586  -2.4263e-03 | 20 -0.48499  -4.3047e-03 | 21 -0.51257  -3.4766e-04
 22  0.09908   2.1575e-01 | 23 -0.17734  -2.9466e-04 | 24  0.00969  -5.3645e-02
 25  0.08533   2.7275e-01 | 26  0.12641  -1.1569e-01 | 27  0.15345   1.3703e+00
 28  0.15527   2.3351e-01 | 29  0.15177   4.1449e+00 | 30  0.15111  -5.2467e-01
 31  0.15547  -8.0776e-01 | 32  0.14795   1.8238e-01 | 33  0.12882  -5.0993e-01
 34  0.11161  -1.6014e-01 | 35  0.12096  -6.9238e-01 | 36  0.11910   1.8297e+00
 37  0.08978  -7.8025e-01 | 38  0.05420  -2.0703e-01 | 39 -2.00922   6.9352e-01
 40 -0.03620  -1.6077e-01 | 41 -0.09008   1.8246e-01 | 42 -1.84826   2.4872e-02
 43 -0.01124   1.2256e-01 | 44 -0.05964   4.5665e-02 | 45 -0.08292   1.3578e-01
 46 -0.16150   2.4244e-01 | 47 -0.17931   1.5778e-01 | 48 -0.13878   4.1050e-01
 49 -0.10072   3.1556e-01 | 50 -0.05909  -6.6063e-02 | 51 -0.01763  -2.6803e-01
 52  0.01402  -1.1541e+00 | 53 -0.00388  -7.1078e-01 | 54  0.03302  -6.3920e-01
 55  0.01744  -2.2698e-01 | 56  0.04241   9.1379e-01 | 57  0.09130   1.3816e+00
 58  0.12207   2.5917e+00 | 59  0.04156   2.0225e+00 | 60 -0.10943   7.8169e-01
 61 -0.07539   1.0284e+00 | 62  0.04702   3.4811e+00 | 63 -0.00772   2.9999e+00
 64 -0.03897   1.9219e+00 | 65 -0.04818   1.8562e+00 | 66 -0.03245   2.4964e+00
 67 -0.06064   1.7857e+00 | 68 -0.04710   1.3377e+00 | 69 -0.06572   8.4066e-01
 70 -0.05238   6.1196e-01 | 71  0.03871  -1.1455e+00 | 72  0.05628   2.3024e-01
 73  0.00827   4.6003e-02 | 74  0.00503   3.5388e-01 | 75  0.10189  -8.1984e-02
 76  0.08490   3.5138e-01 | 77 -0.01481   4.3735e-01 | 78 -0.05185   4.9567e-01
 79  0.08835   4.7154e-01 | 80  0.31647   6.4856e-01 | 81  0.46478  -1.3342e+00
 82 -0.11956   1.5200e-01 | 83 -0.03535   2.2301e-01 | 84  0.04957   1.6369e-01
 85 -0.04644  -2.0717e-01 | 86  0.09767   1.1697e-01 | 87  0.21106  -3.5418e-01
 88 -0.08808   4.3071e-01 | 89 -0.20406   5.5517e-01 | 90 -0.15025   3.3499e-01
 91 -0.04196   5.6571e-01 | 92 -0.01353   7.8974e-01 | 93  0.03712   4.6869e-01
 94  0.15811  -3.7912e-01 | 95  0.01745   1.2951e-01 | 96 -0.00085  -9.3003e-03
 97  0.01706   2.8150e-02 | 98  0.09921  -2.0203e-01 | 99  0.09078   6.6832e-01
100  0.08416   5.6084e-01 |101  0.10541   1.6774e+00 |102 -0.07719   8.9266e-01
103 -0.09524   8.1673e-01 |104  0.05491   8.4315e-01 |105  0.03804   1.0982e+00
106 -0.05282   7.4727e-01 |107 -0.06401   8.3843e-01 |108  0.06610   1.3633e+00
109  0.10345   1.5243e+00 |110  0.08232   1.1513e+00 |111  0.00668   1.2640e+00
112 -0.12872   6.7539e-01 |113 -0.14410   4.5579e-01 |114 -0.03706   6.6276e-01
115  0.11970   1.1445e+00 |116  0.02038   3.9089e-01 |117  0.09513   3.3822e-01
118  0.04333  -1.7863e-02 |119 -0.01692   2.8321e-01 |120 -0.00255   1.6013e-01
121  0.12712  -4.2911e-01 |122  0.20545   4.5256e-01 |123 -0.98834   1.3169e-01
124  0.10554   4.5844e-01 |125 -0.01002   4.4164e-01 |126 -0.17025   3.6474e-01
127 -0.09076  -5.5532e-02 |128  0.01068  -5.6093e-02 |129 -0.01232  -5.6090e-02
130 -0.09571  -5.5468e-02 |131 -0.09592  -5.5465e-02 |132  0.00463  -5.6099e-02
133  0.01398  -5.6087e-02 |134  0.06306  -5.5826e-02 |135 -0.03585  -5.6012e-02
136  0.03228  -5.6029e-02 |137 -0.02440  -5.6060e-02 |138  0.02008  -5.6073e-02
139  0.02370  -5.6062e-02 |140  0.00137  -5.6101e-02 |141 -0.00505  -5.6099e-02
142 -0.00310  -5.6100e-02 |143  0.00086  -5.6101e-02 |144  0.01012  -5.6094e-02
145 -0.00523  -5.6099e-02 |146  0.06888  -5.5773e-02 |147 -0.01281  -5.6089e-02
148  0.03323  -5.6024e-02 |149 -0.04786  -5.5942e-02 |150  0.00656  -5.6098e-02
151  0.03698  -5.6006e-02 |152  0.02014  -5.6073e-02 |153 -0.00730  -5.6097e-02
154  0.00550  -5.6099e-02 |155  0.02171  -5.6068e-02 |156  0.02651  -5.6052e-02
157  0.03504  -5.6016e-02 |158  0.02038  -5.6072e-02 |159  0.03157  -5.6032e-02
160 -0.03527  -5.6015e-02 |161  0.04952  -5.5931e-02 |162  0.00662  -5.6098e-02
163  0.01811  -5.6078e-02 |164 -0.11387  -5.5206e-02 |165  0.00814  -5.6096e-02
166  0.02341  -5.6063e-02 |167 -0.01222  -5.6090e-02 |168  0.00316  -5.6100e-02
169  0.01987  -5.4134e+01 |170 -0.00807   4.3267e+00 |171 -0.01061   1.2101e+00
172  0.01216   5.5919e-01 |173  0.06133  -1.7091e+00 |174  0.02108   3.2173e-01
175  0.02120   5.3775e+00 |176 -0.00443   2.0460e+00 |177  0.01974   6.9398e+00
178  0.08111   4.4396e+00 |179  0.10434  -9.8858e-01 |180  0.09072   4.3758e+00
181  0.05725  -3.1951e+00 |182 -0.70189   6.6825e-01 |183 -0.01951   5.8588e-01
184 -0.03520  -5.7550e-01 |185 -0.02319  -3.8874e+00 |186 -0.03536  -2.7308e+00
187 -0.05939  -1.3315e+00 |188 -0.04531  -1.1308e-01 |189  0.01069  -6.8102e-01
190  0.01542  -7.3382e-01 |191  0.01303  -5.6014e+00 |192  0.00475  -1.9832e+00
193 -0.03739  -1.3670e+00 |194 -0.09259   1.6249e+00 |195 -0.01696   2.8088e+00
196  0.04132   2.2493e+00 |197  0.00466   3.5750e+00 |198 -0.00886   2.6193e+00
199 -0.00568   2.7664e+00 |200 -0.00170   2.6273e+00 |201  0.00550   2.2224e+00
202  0.10306   1.1239e-01 |203  0.09930   1.5446e+00 |204  0.08071   1.1795e+00
205 -0.06365   2.7492e+00 |206 -0.14082   1.8746e+00 |207 -0.15603   1.7492e+00
208 -0.10248   1.3703e+00 |209 -0.05834   1.4252e+00 |210  0.04760   2.6121e+00
211  0.77573   5.8813e-01 |212 -0.05827   1.6439e+01 |213  0.03477   3.9513e+00
214  0.04572   2.8248e-08 |215 -0.65000  -9.1364e-01 |216 -0.82948  -2.4455e+00
217  0.00367  -1.1382e+01 |218 -0.16323   3.1265e-01 |219 -0.24849   1.8537e-01
220 -0.05405   7.2507e-01 |221  0.03221   5.4948e-01 |222 -0.00372   1.3396e-02
223  0.00786   6.4923e-01 |224 -0.02736   6.7044e-01 |225 -0.03363  -1.7607e-01
226  0.09204   3.0083e-02 |227  0.06949   1.5031e-01 |228  0.19354   3.5558e-01
229  0.10483   5.6219e-01 |230  0.09899   4.0119e-01 |231  0.04982   5.4653e-01
232  0.05751   1.6327e-01 |233  0.06639   5.6179e-01 |234  0.12001   6.1423e-01
235 -0.12292  -5.1977e-01 |236 -0.11895  -1.2977e-01 |237  0.00444   3.2567e-01
238  0.02409  -1.9018e-01 |239 -0.11196  -1.6444e-01 |240 -0.14912  -1.0033e-01
241 -0.06443  -3.9025e-02 |242  0.01211  -5.6910e-02 |243  0.04217  -1.2045e-01
244 -0.02561  -3.6092e-01 |245 -0.12042   2.3529e-02 |246 -0.22799  -1.5156e-01
247 -0.09966  -1.7116e-01 |248  0.00483  -5.0548e-01 |249  0.05347   3.2340e-01
250  0.08241   2.8436e-02 |251  0.05694   2.7144e-01 |252 -0.01592   7.4412e-01
253 -0.00541   1.5124e-01 |254  0.12761   4.5550e-01 |255  0.19894  -7.0057e-02
256  0.23431   3.0596e-01 |257 -0.14480   2.4105e-01 |258  0.09905   3.1781e+01
259  0.14999   2.1713e+00 |260 -0.86701   3.0199e+00 |261 -0.84445   1.1553e+00
262 -1.31720  -2.6366e+00 |263  0.18650  -2.0644e+00 |264 -0.47003  -1.5947e+00
265 -0.31620  -1.8957e+00 |266  0.67320  -1.0589e+00 |267  0.28121  -1.9493e+00
268 -0.11231  -2.1228e+00 |269  0.16662  -2.0828e+00 |270  0.23950  -2.0054e+00
271 -0.18298  -2.0678e+00 |272  0.67105  -1.0652e+00 |273 -0.17045  -2.0794e+00
274  0.12848  -2.1125e+00 |275 -0.48032  -1.5711e+00 |276 -0.47081  -1.5930e+00
277  0.25230  -1.9891e+00 |278  0.14954  -2.0970e+00 |279 -0.24776  -1.9950e+00
280  0.17080  -2.0791e+00 |281  0.39666  -1.7511e+00 |282  0.57861  -1.3253e+00
283  0.43470  -1.6728e+00 |284  0.01724  -2.1554e+00 |285  0.30794  -1.9089e+00
286  0.17277  -2.0773e+00 |287 -0.22313  -2.0251e+00 |288 -0.50012  -1.5244e+00
289  0.47694  -1.5789e+00 |290 -0.30743  -1.9097e+00 |291  0.33224  -1.8692e+00
292  0.01446  -2.1557e+00 |293  0.35811  -1.8240e+00 |294 -0.56726  -1.3554e+00
295 -0.46190  -1.6132e+00 |296  0.19453  -2.0564e+00 |297 -0.66708  -1.0769e+00
298  0.28508  -1.9436e+00 |299 -0.27038  -1.9647e+00 |300 -0.38389  -1.7760e+00
301 -0.34674  -1.8442e+00 |302 -0.31077  -1.9044e+00 |303  0.47432   1.8412e+01
304  0.08724  -1.3485e+00 |305 -0.90703   5.3117e+00 |306  0.25366   1.3923e+00
307 -0.88109  -1.0708e+01 |308 -0.52283  -2.5928e+00 |
19.3711 7.40212 73.1316 45.1701 
11.139 11.139 48.7687 50.6121 
6.16727 9.39501 0 1.27376 11.0409 
0 1.99437 0 0 0.435744 19.6803 0 
19.3314 7.39081 73.0503 45.1483 
11.1857 11.1857 48.8326 50.6031 
6.14626 9.41551 0 1.27191 11.0743 
0 2.00317 0 0 0.434977 19.6469 0 
19.356 7.39754 73.101 45.1617 
11.1557 11.1557 48.7917 50.6088 
6.15926 9.40162 0 1.27309 11.053 
0 1.99742 0 0 0.435463 19.6682 0 
19.372 7.385 73.0518 45.1586 
11.1674 11.1674 48.8376 50.6005 
6.14482 9.41353 0 1.28249 11.0548 
0 2.00248 0 0 0.435035 19.6302 0 
19.3864 7.40012 73.0134 45.1615 
11.1536 11.1536 48.9132 50.5544 
6.12988 9.44264 0 1.28328 11.0426 
0 2.00665 0 0 0.434663 19.5828 0 
19.4185 7.38703 72.9419 45.1901 
11.1621 11.1621 48.9736 50.5193 
6.13507 9.4483 0 1.27147 11.041 
0 2.01067 0 0 0.43496 19.5244 0 
19.4459 7.40259 72.9176 45.2086 
11.1134 11.1134 49.0154 50.4662 
6.15087 9.46245 0 1.25828 11.0572 
0 2.01196 0 0 0.436148 19.4851 0 
19.4661 7.38738 72.9126 45.2421 
11.1067 11.1067 49.0338 50.4315 
6.19526 9.43173 0 1.22272 11.1082 
0 2.00767 0 0 0.437473 19.431 0 
19.5022 7.33073 72.9475 45.2614 
11.1292 11.1292 48.9989 50.43 
6.24272 9.37078 0 1.1854 11.17 
0 1.99577 0 0 0.437878 19.3915 0 
19.5115 7.2675 73.0086 45.2488 
11.1791 11.1791 48.9314 50.4289 
6.2796 9.32204 0 1.16766 11.2601 
0 1.98588 0 0 0.437201 19.3543 0 
19.5295 7.20502 73.0714 45.215 
11.228 11.228 48.9211 50.4197 
6.28628 9.28276 0 1.16407 11.3082 
0 1.97891 0 0 0.435088 19.3238 0 
308 variables; iteration 380; function evaluation 455; phase 1
Function value   3.1313678e+02; maximum gradient component mag  -7.7063e+01
Var   Value    Gradient   |Var   Value    Gradient   |Var   Value    Gradient
  1 -2.12189  -4.7838e-01 |  2  0.18559   6.9608e-01 |  3  0.19022  -1.3053e-01
  4  0.19650  -2.1285e+00 |  5  0.19524  -6.7530e-01 |  6  0.19162   3.5037e-01
  7  0.17774  -1.4696e-01 |  8  0.17356  -1.2241e+00 |  9  0.17175  -3.2774e+00
 10  0.14839  -9.2429e-01 | 11  0.12466  -3.3520e-01 | 12  0.12720  -4.5823e-01
 13  0.10464   8.2903e-01 | 14  0.05751  -7.8760e-01 | 15 -0.00859   2.4541e-02
 16 -0.12873  -5.1359e-01 | 17 -0.15687  -3.1572e-02 | 18 -0.26353  -2.3423e-02
 19 -0.26782  -3.3693e-03 | 20 -0.49615  -4.3089e-03 | 21 -0.49949  -3.2837e-04
 22  0.10011   3.2643e-01 | 23 -0.17628   3.8621e-05 | 24  0.01242   4.1991e-02
 25  0.08514   3.1479e-02 | 26  0.12755   4.0333e-01 | 27  0.15364   2.8846e-01
 28  0.15549  -7.6342e-01 | 29  0.15108   1.7142e+00 | 30  0.15149  -1.0436e+00
 31  0.15615  -6.0563e-01 | 32  0.14844  -4.5353e-02 | 33  0.12929  -9.6915e-01
 34  0.11255  -3.9841e-01 | 35  0.12236  -1.2385e+00 | 36  0.12020   3.8867e-01
 37  0.09097   1.9427e-01 | 38  0.05427  -4.1692e-01 | 39 -2.00977   3.3321e-01
 40 -0.03601  -1.3910e-01 | 41 -0.09165   2.5678e-02 | 42 -1.84915   1.3776e-02
 43 -0.01400  -8.6646e-01 | 44 -0.06337  -1.1047e+00 | 45 -0.08345  -7.6423e-01
 46 -0.16521  -1.1819e+00 | 47 -0.17223  -2.5393e-01 | 48 -0.14626  -1.4012e+00
 49 -0.10873  -1.4136e+00 | 50 -0.06278  -1.1052e+00 | 51 -0.02534  -8.8082e-01
 52  0.01704  -8.0921e-01 | 53 -0.00740  -1.2249e+00 | 54  0.03720  -5.0532e-01
 55  0.02470  -7.9857e-01 | 56  0.02270  -1.9674e+00 | 57  0.09042  -3.4592e-01
 58  0.12563   8.9365e-01 | 59  0.03982  -5.4698e-01 | 60 -0.11153  -1.4723e+00
 61 -0.07313  -1.2547e+00 | 62  0.03238  -1.3232e+00 | 63 -0.02894  -1.7107e+00
 64 -0.04663  -1.5634e+00 | 65 -0.05212  -1.4410e+00 | 66 -0.04371  -1.6646e+00
 67 -0.06407  -1.5060e+00 | 68 -0.05094  -1.6463e+00 | 69 -0.07302  -1.7160e+00
 70 -0.06150  -1.5844e+00 | 71  0.06960   8.6208e-02 | 72  0.04415  -8.2057e-01
 73  0.00016  -1.1974e+00 | 74 -0.00048  -9.4219e-01 | 75  0.09516  -8.6504e-01
 76  0.08520   3.7011e-02 | 77 -0.02253  -9.1136e-01 | 78 -0.05730  -8.6848e-01
 79  0.09290   2.9133e-01 | 80  0.31276   1.2129e+00 | 81  0.69867  -1.5221e+00
 82 -0.12321  -1.5519e+00 | 83 -0.04050  -1.5869e+00 | 84  0.04606  -1.5126e+00
 85 -0.02478  -5.9958e-01 | 86  0.09218  -7.0936e-01 | 87  0.21078  -4.6943e-01
 88 -0.08935  -9.7361e-01 | 89 -0.20796  -1.0172e+00 | 90 -0.15137  -1.0319e+00
 91 -0.04003  -5.2501e-01 | 92 -0.01612  -6.0309e-01 | 93  0.03460  -8.7750e-01
 94  0.16057  -4.5406e-01 | 95  0.01384  -1.0143e+00 | 96 -0.00158  -1.0475e+00
 97  0.01815  -6.7686e-01 | 98  0.09615  -6.2188e-01 | 99  0.09204  -3.4110e-01
100  0.08412  -9.4847e-01 |101  0.10018  -5.9397e-01 |102 -0.08034  -9.1027e-01
103 -0.10087  -1.0577e+00 |104  0.05248  -7.7517e-01 |105  0.03773  -8.6379e-01
106 -0.04624  -1.1347e+00 |107 -0.06017  -1.2485e+00 |108  0.06612  -1.0801e+00
109  0.10323  -8.3345e-01 |110  0.08705  -1.1150e+00 |111  0.00424  -1.3731e+00
112 -0.12823  -1.3050e+00 |113 -0.13862  -1.1542e+00 |114 -0.03609  -1.1601e+00
115  0.11401  -8.0535e-01 |116  0.01762  -1.1701e+00 |117  0.09278  -1.1172e+00
118  0.04544  -9.9284e-01 |119 -0.01285  -8.4792e-01 |120 -0.00140  -1.1068e+00
121  0.12846  -7.6607e-01 |122  0.20262   6.7994e-01 |123 -1.06227  -5.4776e-01
124  0.10458  -9.1793e-01 |125 -0.01350  -1.2105e+00 |126 -0.17401  -1.2853e+00
127 -0.10831  -2.5947e-02 |128  0.04417  -2.6264e-02 |129 -0.01231  -2.6322e-02
130 -0.11508  -2.5898e-02 |131 -0.11536  -2.5896e-02 |132  0.00544  -2.6326e-02
133  0.01487  -2.6320e-02 |134  0.06502  -2.6190e-02 |135 -0.03870  -2.6279e-02
136  0.03318  -2.6291e-02 |137 -0.02559  -2.6306e-02 |138  0.02096  -2.6313e-02
139  0.02457  -2.6307e-02 |140  0.00209  -2.6327e-02 |141 -0.00458  -2.6326e-02
142 -0.00254  -2.6327e-02 |143  0.00158  -2.6327e-02 |144  0.04381  -2.6265e-02
145 -0.00477  -2.6326e-02 |146  0.07117  -2.6163e-02 |147 -0.01284  -2.6322e-02
148  0.03414  -2.6289e-02 |149 -0.05298  -2.6236e-02 |150  0.00740  -2.6325e-02
151  0.03795  -2.6280e-02 |152  0.02102  -2.6313e-02 |153 -0.00695  -2.6326e-02
154  0.00632  -2.6326e-02 |155  0.02258  -2.6311e-02 |156  0.02737  -2.6303e-02
157  0.03598  -2.6285e-02 |158  0.02126  -2.6312e-02 |159  0.03246  -2.6293e-02
160 -0.03802  -2.6280e-02 |161  0.05088  -2.6243e-02 |162  0.00746  -2.6325e-02
163  0.01900  -2.6315e-02 |164 -0.14025  -2.5691e-02 |165  0.00900  -2.6324e-02
166  0.02429  -2.6308e-02 |167 -0.01221  -2.6322e-02 |168  0.00393  -2.6327e-02
169  0.01966  -7.7063e+01 |170 -0.00804  -3.2744e+00 |171 -0.01084  -4.1814e+00
172  0.01193  -4.5947e+00 |173  0.06127  -5.8728e+00 |174  0.02220  -2.6704e+00
175  0.01948  -1.9527e+00 |176 -0.00168  -2.0515e+00 |177  0.01616  -5.5805e+00
178  0.08145  -2.6948e+00 |179  0.10589  -8.7344e-01 |180  0.09044  -4.2893e+00
181  0.05874  -1.7154e+00 |182 -0.70538  -8.1359e-01 |183 -0.01995  -3.1685e+00
184 -0.03447  -3.5350e+00 |185 -0.02366  -3.5322e+00 |186 -0.03628  -1.6672e+00
187 -0.06034  -1.8662e+00 |188 -0.04832  -2.5009e+00 |189  0.00897  -2.1856e+00
190  0.01330  -3.0133e+00 |191  0.01473  -2.7541e-01 |192  0.00344  -2.5022e+00
193 -0.03340   1.6065e+00 |194 -0.09514  -1.8246e+00 |195 -0.01637  -1.7155e+00
196  0.04299  -1.1164e+00 |197  0.00716  -1.9282e+00 |198 -0.01010  -4.3141e+00
199 -0.00783  -3.3148e+00 |200 -0.00234  -1.4223e+00 |201  0.00363  -2.0003e+00
202  0.10281  -5.2490e+00 |203  0.09903  -4.6949e+00 |204  0.08170  -3.3724e+00
205 -0.06460  -1.2020e+00 |206 -0.13941  -1.4302e+00 |207 -0.15785  -1.8131e+00
208 -0.10340  -2.2038e+00 |209 -0.05860  -2.2056e+00 |210  0.04676  -8.9932e-01
211  0.80742  -4.7845e-01 |212 -0.05619   2.7077e+01 |213  0.03589   1.7328e+01
214  0.04571   2.8247e-08 |215 -0.64609  -1.0384e+00 |216 -0.82372  -2.1626e+00
217  0.00822  -1.2370e+01 |218 -0.16292  -3.1720e-01 |219 -0.24850  -8.4457e-01
220 -0.05508  -1.5972e-01 |221  0.03283   1.5829e-01 |222 -0.00376  -4.3648e-01
223  0.00801   1.4521e-01 |224 -0.02710  -7.8487e-02 |225 -0.03357  -6.1067e-01
226  0.09075  -4.1589e-01 |227  0.07007  -3.3734e-02 |228  0.19484   5.4058e-02
229  0.10454   5.4756e-02 |230  0.10098   2.2091e-01 |231  0.05162  -8.4609e-03
232  0.05740  -3.6001e-01 |233  0.06672   2.7586e-01 |234  0.12016   4.9376e-02
235 -0.12311  -6.9010e-02 |236 -0.11960   4.2186e-02 |237  0.00441   3.2341e-01
238  0.02427  -4.6930e-01 |239 -0.11297  -2.4384e-01 |240 -0.14991   3.9794e-01
241 -0.06543   2.8272e-01 |242  0.01059  -4.1877e-02 |243  0.04328   6.3141e-02
244 -0.02467  -1.4421e-01 |245 -0.12186   7.8389e-01 |246 -0.23044   1.4233e-01
247 -0.10033   4.7084e-01 |248  0.00421   3.9804e-03 |249  0.05191  -2.2306e-01
250  0.08227   1.7083e-01 |251  0.05647   1.5105e-01 |252 -0.01509   9.5481e-02
253 -0.00358  -1.6424e-01 |254  0.13043   2.0712e-01 |255  0.19996   2.0078e-02
256  0.23358  -1.4729e-01 |257 -0.14540  -3.9036e-01 |258  0.09824   3.3818e+01
259  0.14976   7.4902e-01 |260 -0.86727   9.4112e-01 |261 -0.84450  -6.1008e-01
262 -1.28200  -2.2438e-01 |263  0.12598   1.5210e+01 |264 -0.38167   1.2807e+01
265 -0.29649   1.3861e+01 |266  0.70494   6.9352e+00 |267  0.29096   1.3921e+01
268 -0.11624   1.5255e+01 |269  0.30704   1.3743e+01 |270  0.27422   1.4096e+01
271 -0.24236   1.4402e+01 |272  0.60263   9.0664e+00 |273 -0.14247   1.5126e+01
274  0.09969   1.5323e+01 |275 -0.43851   1.1976e+01 |276 -0.47965   1.1314e+01
277  0.30108   1.3810e+01 |278  0.11619   1.5255e+01 |279 -0.31104   1.3698e+01
280  0.18540   1.4860e+01 |281  0.38867   1.2710e+01 |282  0.48814   1.1172e+01
283  0.54591   1.0150e+01 |284 -0.02634   1.5500e+01 |285  0.33602   1.3402e+01
286  0.20210   1.4738e+01 |287 -0.34243   1.3322e+01 |288 -0.53049   1.0432e+01
289  0.51163   1.0767e+01 |290 -0.42999   1.2107e+01 |291  0.34163   1.3332e+01
292  0.00812   1.5512e+01 |293  0.43345   1.2054e+01 |294 -0.49210   1.1105e+01
295 -0.42764   1.2143e+01 |296  0.14402   1.5118e+01 |297 -0.74087   6.1414e+00
298  0.24608   1.4368e+01 |299 -0.19737   1.4773e+01 |300 -0.38749   1.2727e+01
301 -0.38348   1.2782e+01 |302 -0.28973   1.3934e+01 |303  0.47327   1.6776e+01
304  0.08552   7.8240e-01 |305 -0.90654   9.4030e+00 |306  0.25371   3.7236e-01
307 -0.88146  -5.9974e+00 |308 -0.52321   1.8649e-01 |
19.5665 7.15481 73.139 45.19 
11.2384 11.2384 48.9345 50.4046 
6.28195 9.28598 0 1.18052 11.2968 
0 1.97423 0 0 0.433592 19.2709 0 
19.569 7.15332 73.0949 45.1968 
11.2502 11.2502 48.9659 50.4019 
6.27595 9.29467 0 1.17798 11.2874 
0 1.97807 0 0 0.433119 19.2522 0 
19.5727 7.16409 73.064 45.1848 
11.2557 11.2557 49.0591 50.371 
6.25931 9.30553 0 1.18236 11.2421 
0 1.98265 0 0 0.433002 19.1981 0 
19.576 7.2049 73.0149 45.1848 
11.2643 11.2643 49.121 50.3677 
6.24296 9.32056 0 1.19034 11.1829 
0 1.98417 0 0 0.43267 19.1508 0 
19.5896 7.14991 73.0857 45.2022 
11.2498 11.2498 49.1764 50.338 
6.26028 9.32559 0 1.18374 11.1607 
0 1.98743 0 0 0.433849 19.0533 0 
19.573 7.17845 73.0754 45.1934 
11.2587 11.2587 49.1646 50.3463 
6.25635 9.31532 0 1.18938 11.1565 
0 1.98779 0 0 0.434064 19.0643 0 
19.5561 7.21724 73.0548 45.1796 
11.2602 11.2602 49.1347 50.3548 
6.25526 9.31107 0 1.19588 11.1638 
0 1.98767 0 0 0.434268 19.0751 0 
19.5316 7.26368 73.0569 45.1705 
11.2402 11.2402 49.0817 50.3576 
6.26333 9.30284 0 1.20597 11.1811 
0 1.99244 0 0 0.435665 19.0746 0 
19.5317 7.27682 73.0685 45.156 
11.2297 11.2297 49.0653 50.3531 
6.27107 9.29838 0 1.20626 11.1829 
0 1.99051 0 0 0.436115 19.0788 0 
19.5476 7.26467 73.092 45.157 
11.1888 11.1888 49.0453 50.3384 
6.28355 9.31851 0 1.20171 11.1822 
0 1.99349 0 0 0.436379 19.0642 0 
308 variables; iteration 390; function evaluation 465; phase 1
Function value   3.1293338e+02; maximum gradient component mag  -1.8471e+01
Var   Value    Gradient   |Var   Value    Gradient   |Var   Value    Gradient
  1 -2.09773   5.1441e-01 |  2  0.18646  -2.3825e-01 |  3  0.18938  -3.9321e-01
  4  0.19663  -6.7433e-01 |  5  0.19508  -6.8650e-02 |  6  0.19119  -4.1292e-01
  7  0.17739  -5.2441e-01 |  8  0.17345  -5.0735e-01 |  9  0.17213  -1.1363e+00
 10  0.14818  -4.8289e-01 | 11  0.12482   4.0747e-01 | 12  0.12708  -1.0054e-01
 13  0.10366   2.2726e-02 | 14  0.05817  -1.5029e-01 | 15 -0.00990   3.6730e-02
 16 -0.09522   5.1111e-02 | 17 -0.15644  -1.7828e-03 | 18 -0.26718  -2.2212e-02
 19 -0.26936  -1.8305e-03 | 20 -0.50391  -4.2707e-03 | 21 -0.52888  -3.5259e-04
 22  0.09727   3.4787e-02 | 23 -0.17671   2.1002e-04 | 24  0.01126   4.6192e-03
 25  0.08467   6.5610e-02 | 26  0.12712   1.3709e-01 | 27  0.15336   1.6453e-01
 28  0.15547  -2.7681e-01 | 29  0.15033   5.5660e-01 | 30  0.15179  -1.4792e-01
 31  0.15618  -1.1616e-02 | 32  0.14823   1.2466e-01 | 33  0.12926  -3.5139e-01
 34  0.11223  -2.5501e-01 | 35  0.12197  -6.9405e-01 | 36  0.11979   4.8366e-01
 37  0.09017   2.2517e-01 | 38  0.05404  -9.0918e-02 | 39 -2.00971   1.5405e-01
 40 -0.03625  -6.1013e-02 | 41 -0.09257  -2.5949e-02 | 42 -1.84738   2.5720e-02
 43 -0.01734   2.5239e-02 | 44 -0.06146   2.0419e-01 | 45 -0.08431   2.0039e-01
 46 -0.16645  -2.6918e-01 | 47 -0.18506  -5.3833e-01 | 48 -0.14543  -3.9593e-01
 49 -0.10680  -3.8259e-01 | 50 -0.06491  -5.4974e-01 | 51 -0.02736  -5.7058e-01
 52  0.01241  -5.3046e-01 | 53 -0.00649  -2.5179e-01 | 54  0.03472   3.3088e-02
 55  0.01877  -3.0731e-01 | 56  0.02973  -6.4532e-01 | 57  0.09006  -2.7474e-01
 58  0.11682  -3.9300e-01 | 59  0.03888  -2.8611e-01 | 60 -0.11071  -3.3991e-01
 61 -0.07412  -2.8380e-01 | 62  0.03032  -6.3338e-01 | 63 -0.02584  -5.1309e-01
 64 -0.04567  -2.7853e-01 | 65 -0.05296  -9.8910e-02 | 66 -0.04127   7.0889e-02
 67 -0.06721  -8.4696e-02 | 68 -0.05204  -6.9525e-02 | 69 -0.07260  -1.5337e-01
 70 -0.06112  -6.0522e-02 | 71  0.05943   9.3574e-01 | 72  0.04700   6.7279e-01
 73  0.00226   2.3358e-01 | 74 -0.00276   1.6230e-01 | 75  0.09904   9.0430e-02
 76  0.07902  -2.6961e-01 | 77 -0.01980  -4.0118e-01 | 78 -0.05785  -4.7564e-01
 79  0.08077  -9.7452e-01 | 80  0.31549  -1.2588e+00 | 81  0.85911  -4.4366e-01
 82 -0.12327  -2.9985e-01 | 83 -0.04139  -3.3499e-01 | 84  0.04362  -2.9612e-01
 85 -0.02772   2.8221e-01 | 86  0.09297   4.2962e-02 | 87  0.21185   5.3045e-01
 88 -0.09143   7.2051e-02 | 89 -0.20841   7.2257e-02 | 90 -0.15078   7.3857e-02
 91 -0.04370   9.1968e-02 | 92 -0.01789   8.7661e-02 | 93  0.03697   5.4759e-02
 94  0.15977  -3.3263e-01 | 95  0.01529  -2.5543e-02 | 96 -0.00162   2.1662e-02
 97  0.01527   1.0035e-01 | 98  0.09798   1.1308e-01 | 99  0.08867   2.9403e-01
100  0.08521   8.3997e-02 |101  0.10271   1.3364e-01 |102 -0.08058   8.1238e-02
103 -0.10011   1.0010e-01 |104  0.05550   2.9448e-01 |105  0.03779   7.4246e-03
106 -0.04578  -1.2741e-02 |107 -0.05785   1.9857e-02 |108  0.06766  -2.7787e-02
109  0.10044   4.3382e-02 |110  0.08681   2.4526e-01 |111  0.00653   2.7699e-01
112 -0.12869   6.9144e-02 |113 -0.14111   6.0019e-02 |114 -0.03674   2.1301e-01
115  0.11660   8.8259e-01 |116  0.02032   4.0564e-01 |117  0.09218   4.0072e-01
118  0.04480   3.0894e-01 |119 -0.01491   2.3748e-01 |120 -0.00087   1.1734e-01
121  0.12973  -1.7864e-02 |122  0.20319  -1.7526e-01 |123 -1.00764  -8.2376e-02
124  0.10553  -6.3860e-02 |125 -0.01273   3.4269e-02 |126 -0.17198   3.8355e-05
127 -0.13035   1.8347e-02 |128  0.06752   1.8634e-02 |129 -0.01186   1.8736e-02
130 -0.13966   1.8290e-02 |131 -0.14005   1.8287e-02 |132  0.00709   1.8738e-02
133  0.01691   1.8732e-02 |134  0.07049   1.8624e-02 |135 -0.04176   1.8698e-02
136  0.03607   1.8709e-02 |137 -0.02665   1.8722e-02 |138  0.02323   1.8726e-02
139  0.02700   1.8722e-02 |140  0.00358   1.8739e-02 |141 -0.00351   1.8739e-02
142 -0.00133   1.8739e-02 |143  0.00303   1.8739e-02 |144  0.06728   1.8634e-02
145 -0.00371   1.8738e-02 |146  0.07712   1.8602e-02 |147 -0.01244   1.8735e-02
148  0.03710   1.8707e-02 |149 -0.05881   1.8659e-02 |150  0.00914   1.8737e-02
151  0.04118   1.8700e-02 |152  0.02329   1.8726e-02 |153 -0.00605   1.8738e-02
154  0.00801   1.8737e-02 |155  0.02492   1.8724e-02 |156  0.02993   1.8718e-02
157  0.03906   1.8704e-02 |158  0.02354   1.8726e-02 |159  0.03531   1.8710e-02
160 -0.04096   1.8700e-02 |161  0.05515   1.8669e-02 |162  0.00921   1.8737e-02
163  0.02118   1.8728e-02 |164 -0.17510   1.8034e-02 |165  0.01081   1.8736e-02
166  0.02669   1.8722e-02 |167 -0.01175   1.8736e-02 |168  0.00551   1.8738e-02
169  0.01931  -1.4733e+01 |170 -0.00654  -1.7570e+00 |171 -0.01089  -1.0623e+00
172  0.01217  -8.2784e-01 |173  0.06156   1.8374e-02 |174  0.02239  -1.8466e-01
175  0.02002   4.8549e-01 |176 -0.00295  -7.5899e-01 |177  0.01770   2.9250e-01
178  0.08051  -1.8353e+00 |179  0.10506  -3.5486e+00 |180  0.09052  -5.2000e-01
181  0.05779  -1.6041e+00 |182 -0.71395  -4.3139e-01 |183 -0.02023  -4.6708e-01
184 -0.03537  -6.0285e-01 |185 -0.02407  -9.4688e-01 |186 -0.03572  -3.8676e-01
187 -0.05978  -2.7195e-01 |188 -0.04771  -4.7001e-01 |189  0.00940   9.9095e-02
190  0.01415  -1.1873e+00 |191  0.01426  -3.0121e+00 |192  0.00416  -1.8065e+00
193 -0.03482  -1.3747e+00 |194 -0.09354  -7.0536e-01 |195 -0.01697  -1.0532e+00
196  0.04239  -2.0136e+00 |197  0.00653  -1.7124e+00 |198 -0.00984  -2.5190e+00
199 -0.00726  -1.9301e+00 |200 -0.00238  -9.9536e-01 |201  0.00307  -9.5807e-01
202  0.10236  -1.0244e+00 |203  0.09878   4.5556e-01 |204  0.08167   1.1270e-01
205 -0.06504  -4.6377e-01 |206 -0.13980  -7.2638e-01 |207 -0.15609  -7.3458e-01
208 -0.10354  -9.9549e-01 |209 -0.05818  -9.3027e-01 |210  0.04612  -7.8968e-01
211  0.82108  -2.1860e-01 |212 -0.05658   3.4863e+00 |213  0.03551   4.7505e+00
214  0.04571   2.8245e-08 |215 -0.64442   3.9688e-03 |216 -0.82116  -8.5801e-02
217  0.00865  -5.6737e+00 |218 -0.16210   1.5726e-01 |219 -0.24777   1.1933e-02
220 -0.05450   1.2411e-01 |221  0.03320   2.2751e-01 |222 -0.00318   6.5362e-02
223  0.00870   1.5164e-01 |224 -0.02754   1.5974e-01 |225 -0.03405   7.0987e-02
226  0.09095   9.9291e-02 |227  0.06979   8.7647e-02 |228  0.19425   9.9727e-02
229  0.10469   2.0141e-01 |230  0.09940   2.5291e-01 |231  0.05049   3.1314e-03
232  0.05742  -1.0506e-01 |233  0.06598   1.0449e-01 |234  0.12168   3.3895e-01
235 -0.12233   2.3846e-01 |236 -0.11963   2.1415e-01 |237  0.00419  -2.4812e-02
238  0.02489  -7.8940e-02 |239 -0.11255   2.9217e-01 |240 -0.14986   2.5520e-01
241 -0.06485   2.7589e-01 |242  0.01053   2.9845e-01 |243  0.04213   1.0629e-01
244 -0.02469   8.9854e-03 |245 -0.12221   2.7030e-02 |246 -0.23037   6.5649e-02
247 -0.10087   1.4934e-01 |248  0.00459   7.4289e-02 |249  0.05355  -1.3027e-02
250  0.08278  -8.4070e-03 |251  0.05644  -4.3026e-02 |252 -0.01597  -3.3002e-02
253 -0.00424  -4.4809e-03 |254  0.13069   7.0803e-02 |255  0.19881   7.2837e-02
256  0.23315   5.5319e-02 |257 -0.14541   3.1321e-01 |258  0.09751   1.4503e+01
259  0.14976   9.0421e-01 |260 -0.86752  -7.8415e-01 |261 -0.84446   3.1297e-01
262 -1.27459  -1.0849e+00 |263  0.18557  -1.7695e+01 |264 -0.43412  -1.4343e+01
265 -0.35954  -1.5605e+01 |266  0.77211  -6.4728e+00 |267  0.32243  -1.6155e+01
268 -0.09607  -1.8264e+01 |269  0.28085  -1.6705e+01 |270  0.25264  -1.7038e+01
271 -0.23832  -1.7195e+01 |272  0.63425  -1.0039e+01 |273 -0.16955  -1.7823e+01
274  0.10147  -1.8240e+01 |275 -0.44695  -1.4105e+01 |276 -0.50561  -1.2948e+01
277  0.31118  -1.6311e+01 |278  0.11052  -1.8196e+01 |279 -0.29694  -1.6501e+01
280  0.21227  -1.7457e+01 |281  0.36265  -1.5557e+01 |282  0.52248  -1.2594e+01
283  0.52086  -1.2628e+01 |284  0.01180  -1.8471e+01 |285  0.33178  -1.6021e+01
286  0.20028  -1.7567e+01 |287 -0.30948  -1.6334e+01 |288 -0.58845  -1.1128e+01
289  0.55521  -1.1883e+01 |290 -0.40987  -1.4776e+01 |291  0.38099  -1.5263e+01
292 -0.01453  -1.8469e+01 |293  0.40688  -1.4828e+01 |294 -0.50936  -1.2870e+01
295 -0.42707  -1.4471e+01 |296  0.14887  -1.7971e+01 |297 -0.77200  -6.4759e+00
298  0.29239  -1.6560e+01 |299 -0.24421  -1.7132e+01 |300 -0.40710  -1.4824e+01
301 -0.39467  -1.5036e+01 |302 -0.29614  -1.6511e+01 |303  0.47336   1.3246e+01
304  0.08549  -4.3241e-01 |305 -0.90705  -7.6208e-01 |306  0.25398  -3.5408e-01
307 -0.88138  -1.3965e+00 |308 -0.52487  -5.7622e-01 |
19.5802 7.22519 73.1309 45.1704 
11.1159 11.1159 49.0272 50.2994 
6.31699 9.34503 0 1.1894 11.1847 
0 1.99917 0 0 0.437766 19.0572 0 
19.585 7.22974 73.1433 45.1752 
11.0853 11.0853 49.0175 50.2871 
6.3326 9.34447 0 1.18614 11.1585 
0 2.00408 0 0 0.438445 19.0693 0 
19.5845 7.24238 73.1567 45.1723 
11.0503 11.0503 49.0155 50.2706 
6.35071 9.33738 0 1.17854 11.1126 
0 2.00969 0 0 0.438896 19.0979 0 
19.5787 7.26081 73.1384 45.174 
11.049 11.049 49.0127 50.256 
6.36022 9.324 0 1.16657 11.0926 
0 2.00804 0 0 0.438808 19.1354 0 
19.5658 7.27352 73.1401 45.166 
11.0641 11.0641 49.0169 50.2342 
6.36621 9.30619 0 1.15444 11.0828 
0 2.00163 0 0 0.439047 19.1673 0 
19.5462 7.29288 73.1081 45.164 
11.0988 11.0988 49.0274 50.2054 
6.36268 9.29771 0 1.14327 11.0987 
0 1.99255 0 0 0.438973 19.1982 0 
19.5445 7.29107 73.1174 45.1592 
11.1068 11.1068 49.0315 50.2016 
6.35656 9.29655 0 1.14417 11.1068 
0 1.9899 0 0 0.43902 19.1916 0 
19.5459 7.27857 73.1336 45.1574 
11.1122 11.1122 49.0504 50.1816 
6.34495 9.30387 0 1.14837 11.1264 
0 1.98511 0 0 0.439188 19.1733 0 
19.5492 7.27176 73.146 45.1438 
11.1313 11.1313 49.0852 50.151 
6.32096 9.31123 0 1.15881 11.1621 
0 1.97817 0 0 0.439265 19.1481 0 
19.5607 7.25055 73.1576 45.1605 
11.1281 11.1281 49.096 50.1246 
6.3177 9.32261 0 1.1624 11.1692 
0 1.97673 0 0 0.439432 19.1339 0 
308 variables; iteration 400; function evaluation 475; phase 1
Function value   3.1283195e+02; maximum gradient component mag  -1.4333e+01
Var   Value    Gradient   |Var   Value    Gradient   |Var   Value    Gradient
  1 -2.10104   5.0584e-01 |  2  0.18654  -3.3473e-01 |  3  0.18943  -3.7573e-03
  4  0.19646  -2.1933e-01 |  5  0.19485  -3.6163e-02 |  6  0.19118   3.7675e-01
  7  0.17748   2.0689e-01 |  8  0.17354   6.5484e-02 |  9  0.17210  -6.9135e-01
 10  0.14825  -7.6241e-02 | 11  0.12500   7.3358e-01 | 12  0.12678   6.9140e-02
 13  0.10276  -2.6276e-01 | 14  0.05703  -1.7558e-01 | 15 -0.01137  -4.9838e-02
 16 -0.09292   1.3239e-01 | 17 -0.15791  -4.7595e-03 | 18 -0.27117  -2.3265e-02
 19 -0.27101  -1.6979e-03 | 20 -0.51182  -4.2221e-03 | 21 -0.52405  -3.5562e-04
 22  0.09728   1.0651e-01 | 23 -0.17684   3.0916e-04 | 24  0.01101   1.4883e-02
 25  0.08409   4.9674e-02 | 26  0.12651   1.4113e-01 | 27  0.15245  -4.1894e-01
 28  0.15502  -2.7826e-02 | 29  0.14991   8.0012e-01 | 30  0.15117  -1.9057e-01
 31  0.15552  -1.4147e-02 | 32  0.14737  -2.1370e-01 | 33  0.12884  -1.4030e-01
 34  0.11240   1.2745e-01 | 35  0.12215   1.4227e-01 | 36  0.11916   1.2676e-01
 37  0.08912   5.4942e-01 | 38  0.05251   2.4821e-02 | 39 -2.00795   1.1787e-01
 40 -0.03793  -1.9102e-05 | 41 -0.09348   5.7642e-02 | 42 -1.84479   4.0510e-02
 43 -0.01808  -8.3814e-01 | 44 -0.06341  -6.2786e-01 | 45 -0.09022  -9.0335e-01
 46 -0.16733  -8.8850e-01 | 47 -0.18150  -7.1476e-01 | 48 -0.14617  -9.6687e-01
 49 -0.10848  -9.9526e-01 | 50 -0.06569  -1.0277e+00 | 51 -0.02818  -9.8024e-01
 52  0.01377  -9.6997e-01 | 53 -0.00622  -9.2848e-01 | 54  0.03293  -5.7658e-01
 55  0.01831  -7.3791e-01 | 56  0.03703  -5.1120e-01 | 57  0.08668  -7.9815e-01
 58  0.11619  -9.7319e-01 | 59  0.04012  -8.4208e-01 | 60 -0.11110  -9.1658e-01
 61 -0.07537  -8.9233e-01 | 62  0.03484  -7.0609e-01 | 63 -0.02514  -8.2293e-01
 64 -0.04708  -9.0664e-01 | 65 -0.05390  -8.9417e-01 | 66 -0.04219  -9.2561e-01
 67 -0.06645  -9.9673e-01 | 68 -0.05243  -1.0473e+00 | 69 -0.07331  -1.0107e+00
 70 -0.06102  -8.4587e-01 | 71  0.05533  -4.5456e-01 | 72  0.04395  -7.3122e-01
 73  0.00240  -7.2348e-01 | 74 -0.00436  -7.0655e-01 | 75  0.09777  -6.4411e-01
 76  0.08144  -4.6488e-01 | 77 -0.02190  -7.2390e-01 | 78 -0.05898  -7.1503e-01
 79  0.08721  -3.5755e-01 | 80  0.31388  -2.8242e-01 | 81  0.96914  -1.2637e-01
 82 -0.12480  -9.6552e-01 | 83 -0.04237  -9.7441e-01 | 84  0.04166  -9.5873e-01
 85 -0.04416  -5.1496e-01 | 86  0.09628  -2.8635e-01 | 87  0.21351  -2.1124e-01
 88 -0.08872  -1.6622e-01 | 89 -0.20758  -1.7455e-01 | 90 -0.15074  -1.7219e-01
 91 -0.04348  -1.7170e-01 | 92 -0.01805  -1.9864e-01 | 93  0.03730  -2.3793e-01
 94  0.16091  -4.3716e-01 | 95  0.01317  -2.8361e-01 | 96 -0.00119  -1.7355e-01
 97  0.01530  -1.6444e-01 | 98  0.09917  -1.2756e-01 | 99  0.08870  -1.1057e-02
100  0.08419  -1.9081e-01 |101  0.10211  -1.0603e-01 |102 -0.07930  -1.3676e-01
103 -0.10030  -1.6205e-01 |104  0.05132  -2.4685e-01 |105  0.03813  -1.5362e-01
106 -0.04539  -1.1219e-01 |107 -0.05832  -1.4425e-01 |108  0.06822  -1.1732e-01
109  0.10076  -1.2295e-01 |110  0.08722  -1.5829e-01 |111  0.00736  -2.1868e-01
112 -0.12781  -2.3055e-01 |113 -0.14000  -2.2955e-01 |114 -0.03601  -1.9411e-01
115  0.11458  -1.4105e-01 |116  0.02125  -5.9258e-02 |117  0.09488   1.0372e-01
118  0.04469   2.0213e-02 |119 -0.01240   2.6390e-02 |120  0.00208  -4.8659e-02
121  0.13024   1.4882e-01 |122  0.20185   2.5801e-01 |123 -1.00911  -9.5181e-02
124  0.10641  -1.3423e-01 |125 -0.01392  -1.5868e-01 |126 -0.17179  -1.8405e-01
127 -0.14590  -5.0658e-01 |128  0.09623  -5.1425e-01 |129 -0.01273  -5.2008e-01
130 -0.15582  -5.0468e-01 |131 -0.15624  -5.0459e-01 |132  0.00728  -5.2015e-01
133  0.01739  -5.1999e-01 |134  0.07393  -5.1668e-01 |135 -0.04579  -5.1884e-01
136  0.03732  -5.1929e-01 |137 -0.02888  -5.1965e-01 |138  0.02390  -5.1981e-01
139  0.02780  -5.1969e-01 |140  0.00362  -5.2017e-01 |141 -0.00381  -5.2017e-01
142 -0.00151  -5.2018e-01 |143  0.00306  -5.2018e-01 |144  0.09625  -5.1425e-01
145 -0.00403  -5.2017e-01 |146  0.08089  -5.1599e-01 |147 -0.01335  -5.2007e-01
148  0.03840  -5.1924e-01 |149 -0.06521  -5.1745e-01 |150  0.00939  -5.2012e-01
151  0.04273  -5.1901e-01 |152  0.02396  -5.1981e-01 |153 -0.00651  -5.2015e-01
154  0.00823  -5.2014e-01 |155  0.02565  -5.1976e-01 |156  0.03086  -5.1957e-01
157  0.04048  -5.1913e-01 |158  0.02423  -5.1980e-01 |159  0.03651  -5.1933e-01
160 -0.04489  -5.1889e-01 |161  0.05765  -5.1805e-01 |162  0.00947  -5.2012e-01
163  0.02180  -5.1988e-01 |164 -0.19123  -4.9689e-01 |165  0.01112  -5.2010e-01
166  0.02749  -5.1970e-01 |167 -0.01261  -5.2008e-01 |168  0.00564  -5.2016e-01
169  0.01944  -1.4333e+01 |170 -0.00690  -3.6310e-01 |171 -0.01128   4.6600e-02
172  0.01217   2.4762e-01 |173  0.06138   5.1266e-01 |174  0.02240   4.3261e-01
175  0.01947   9.0254e-01 |176 -0.00233   3.1308e-01 |177  0.01703   1.3274e-01
178  0.08071  -4.9774e-02 |179  0.10556   6.1555e-01 |180  0.09033  -5.2772e-01
181  0.05783  -1.3172e+00 |182 -0.70937   2.1271e-02 |183 -0.02066   2.6959e-01
184 -0.03570   9.2031e-01 |185 -0.02429   4.1328e-02 |186 -0.03582   3.3599e-01
187 -0.05980   2.7552e-01 |188 -0.04778   4.3295e-02 |189  0.00909   4.2000e-02
190  0.01340   4.1263e-02 |191  0.01423   8.4090e-02 |192  0.00371   3.7387e-01
193 -0.03389   2.0912e+00 |194 -0.09423   3.4381e-01 |195 -0.01717   2.7798e-01
196  0.04159  -6.3974e-01 |197  0.00558  -3.2456e-01 |198 -0.01012  -4.1011e-01
199 -0.00751  -5.9466e-01 |200 -0.00236  -2.4720e-01 |201  0.00344   1.6556e-01
202  0.10256  -8.9533e-01 |203  0.09862  -4.2520e-01 |204  0.08164  -1.1773e+00
205 -0.06576   2.5984e-01 |206 -0.13966   2.8360e-01 |207 -0.15663   3.6568e-01
208 -0.10364   3.3039e-01 |209 -0.05831   3.9505e-01 |210  0.04594   5.9404e-02
211  0.84172   6.3872e-02 |212 -0.05617   6.5109e+00 |213  0.03547   2.1933e+00
214  0.04570   2.8241e-08 |215 -0.64495  -1.7221e-01 |216 -0.82206  -5.4479e-01
217  0.01439  -1.2059e+00 |218 -0.16306   2.4718e-01 |219 -0.24917   1.2965e-01
220 -0.05382   1.8915e-01 |221  0.03521   1.7106e-01 |222 -0.00226   1.7785e-02
223  0.00892   1.0178e-01 |224 -0.02816   1.3355e-02 |225 -0.03490   7.4060e-02
226  0.09013  -4.8654e-02 |227  0.07041   8.5015e-02 |228  0.19510   1.0114e-01
229  0.10455   1.5649e-01 |230  0.09889   1.1013e-01 |231  0.05047   9.8142e-02
232  0.05796  -3.9412e-02 |233  0.06543  -9.7683e-03 |234  0.12136   1.7183e-01
235 -0.12291   4.6721e-02 |236 -0.11986  -2.1841e-02 |237  0.00375   7.8145e-02
238  0.02520  -5.1697e-02 |239 -0.11223  -9.5057e-03 |240 -0.14989   2.7504e-02
241 -0.06494  -3.6496e-02 |242  0.01173   7.3041e-02 |243  0.04332   1.4169e-02
244 -0.02359   1.2315e-02 |245 -0.12236   9.7758e-02 |246 -0.23202   1.2505e-01
247 -0.10221   1.6290e-01 |248  0.00336   2.7017e-01 |249  0.05217   2.6177e-02
250  0.08331   6.9501e-02 |251  0.05633   2.8177e-02 |252 -0.01623  -1.4568e-01
253 -0.00316  -9.1360e-02 |254  0.13212  -6.6936e-02 |255  0.19899   1.6209e-02
256  0.23383   9.0306e-02 |257 -0.14583  -5.8341e-02 |258  0.09647   7.9102e-01
259  0.14960  -1.1725e+00 |260 -0.86781   4.2201e-02 |261 -0.84444   1.7798e-01
262 -1.22453  -2.0830e-01 |263  0.21013  -1.4940e+00 |264 -0.39007  -1.2920e+00
265 -0.38821  -1.2946e+00 |266  0.80237  -4.8243e-01 |267  0.34266  -1.3560e+00
268 -0.10694  -1.5570e+00 |269  0.28489  -1.4238e+00 |270  0.24709  -1.4618e+00
271 -0.26196  -1.4474e+00 |272  0.59497  -9.3833e-01 |273 -0.14252  -1.5399e+00
274  0.07324  -1.5688e+00 |275 -0.43914  -1.2182e+00 |276 -0.51833  -1.0841e+00
277  0.32870  -1.3734e+00 |278  0.10086  -1.5595e+00 |279 -0.29635  -1.4112e+00
280  0.23261  -1.4750e+00 |281  0.37234  -1.3168e+00 |282  0.45955  -1.1854e+00
283  0.53275  -1.0578e+00 |284  0.01341  -1.5789e+00 |285  0.35286  -1.3428e+00
286  0.20980  -1.4943e+00 |287 -0.30509  -1.4014e+00 |288 -0.61417  -8.9959e-01
289  0.57520  -9.7733e-01 |290 -0.44593  -1.2074e+00 |291  0.41046  -1.2622e+00
292 -0.03855  -1.5764e+00 |293  0.40712  -1.2672e+00 |294 -0.45344  -1.1953e+00
295 -0.38623  -1.2974e+00 |296  0.10029  -1.5597e+00 |297 -0.79707  -4.9492e-01
298  0.29317  -1.4147e+00 |299 -0.26218  -1.4472e+00 |300 -0.41467  -1.2559e+00
301 -0.39570  -1.2839e+00 |302 -0.28959  -1.4187e+00 |303  0.47224   1.3490e+00
304  0.08624   2.1799e-01 |305 -0.90699  -4.1820e-01 |306  0.25310  -5.4942e-02
307 -0.88126  -1.1850e+00 |308 -0.52490  -5.9653e-01 |
19.5756 7.23344 73.1582 45.1664 
11.1196 11.1196 49.1067 50.0972 
6.32304 9.32599 0 1.16787 11.1709 
0 1.97773 0 0 0.439812 19.1313 0 
19.5874 7.23131 73.1468 45.1706 
11.1201 11.1201 49.0915 50.0763 
6.33392 9.31948 0 1.17517 11.1744 
0 1.98164 0 0 0.440109 19.1375 0 
19.5876 7.22581 73.165 45.1689 
11.1191 11.1191 49.0817 50.0793 
6.33671 9.31566 0 1.17591 11.1717 
0 1.98337 0 0 0.440268 19.131 0 
19.5898 7.22508 73.1691 45.1674 
11.1186 11.1186 49.0756 50.0823 
6.33805 9.31166 0 1.17681 11.1728 
0 1.98373 0 0 0.440355 19.129 0 
19.5892 7.22488 73.1847 45.1641 
11.1232 11.1232 49.056 50.088 
6.33977 9.30062 0 1.17896 11.1772 
0 1.98507 0 0 0.440513 19.1246 0 
19.5952 7.21999 73.1981 45.1632 
11.126 11.126 49.0419 50.0924 
6.33931 9.29092 0 1.18238 11.1835 
0 1.98738 0 0 0.44056 19.1156 0 
19.5971 7.2157 73.2019 45.1632 
11.1282 11.1282 49.0406 50.0928 
6.33886 9.28473 0 1.18454 11.1875 
0 1.9889 0 0 0.440569 19.1128 0 
19.6041 7.21121 73.1983 45.1644 
11.1296 11.1296 49.0433 50.0959 
6.33626 9.28197 0 1.18632 11.1905 
0 1.98955 0 0 0.440445 19.1092 0 
19.607 7.21003 73.1902 45.1663 
11.1273 11.1273 49.0499 50.0947 
6.33554 9.28371 0 1.18666 11.1921 
0 1.98915 0 0 0.440382 19.1111 0 
19.6101 7.21029 73.1816 45.1675 
11.126 11.126 49.0534 50.096 
6.33438 9.28634 0 1.18637 11.1931 
0 1.98796 0 0 0.440314 19.1136 0 
308 variables; iteration 410; function evaluation 485; phase 1
Function value   3.1281683e+02; maximum gradient component mag  -7.0919e-01
Var   Value    Gradient   |Var   Value    Gradient   |Var   Value    Gradient
  1 -2.11414   8.1310e-03 |  2  0.18580  -5.2780e-02 |  3  0.18944   1.1356e-02
  4  0.19633  -1.8312e-02 |  5  0.19484  -3.2709e-02 |  6  0.19103   8.2301e-02
  7  0.17747   1.0425e-02 |  8  0.17351   2.2430e-02 |  9  0.17223   2.1236e-02
 10  0.14827  -9.7013e-04 | 11  0.12454  -1.4099e-01 | 12  0.12672  -2.0930e-02
 13  0.10264  -2.6063e-02 | 14  0.05703   6.9667e-03 | 15 -0.01120  -6.1472e-03
 16 -0.09653   3.5221e-02 | 17 -0.15650   1.3583e-03 | 18 -0.26867  -2.2293e-02
 19 -0.26617   2.4443e-04 | 20 -0.51125  -4.2338e-03 | 21 -0.52956  -3.3867e-04
 22  0.09706   2.5938e-03 | 23 -0.17726   1.1150e-05 | 24  0.01064  -2.7758e-03
 25  0.08434   3.5928e-03 | 26  0.12669   3.6771e-03 | 27  0.15299  -5.3288e-02
 28  0.15543   4.3203e-02 | 29  0.14985   4.5019e-02 | 30  0.15166   2.8810e-02
 31  0.15589  -1.2729e-02 | 32  0.14782  -1.7027e-02 | 33  0.12929   1.4635e-02
 34  0.11271  -6.6819e-03 | 35  0.12257   1.1050e-02 | 36  0.11960  -8.7110e-02
 37  0.08930   6.1637e-03 | 38  0.05257  -2.0366e-03 | 39 -2.00813  -5.6138e-03
 40 -0.03796  -6.8651e-04 | 41 -0.09411   3.0174e-04 | 42 -1.84666   7.4534e-04
 43 -0.01820  -1.6158e-02 | 44 -0.06601  -2.7455e-02 | 45 -0.08988  -4.5350e-02
 46 -0.16729  -2.3434e-02 | 47 -0.18346  -2.6013e-02 | 48 -0.14569  -2.4347e-02
 49 -0.10805  -1.9596e-02 | 50 -0.06528  -2.5501e-02 | 51 -0.02819  -7.6084e-03
 52  0.01417  -8.6187e-03 | 53 -0.00533  -1.9511e-02 | 54  0.03062  -2.8536e-02
 55  0.01964  -2.5095e-02 | 56  0.03558   5.6490e-02 | 57  0.08774   4.0880e-02
 58  0.11776  -1.9748e-02 | 59  0.03964  -2.5723e-02 | 60 -0.11072  -1.9092e-02
 61 -0.07500  -1.8080e-02 | 62  0.03378  -3.1706e-02 | 63 -0.02512  -4.0763e-02
 64 -0.04619  -1.7125e-02 | 65 -0.05333  -4.5615e-03 | 66 -0.04188   9.0136e-03
 67 -0.06655  -1.6907e-02 | 68 -0.05209  -1.7069e-02 | 69 -0.07291  -1.0485e-02
 70 -0.06155   3.3315e-03 | 71  0.05311   1.3242e-01 | 72  0.04534  -5.8092e-03
 73  0.00301  -1.4261e-02 | 74 -0.00455  -1.5531e-02 | 75  0.10019  -3.6555e-02
 76  0.08116  -6.4688e-02 | 77 -0.02082  -4.5552e-02 | 78 -0.05906  -6.0564e-02
 79  0.08299  -1.5045e-01 | 80  0.31536  -1.6195e-01 | 81  0.99318  -1.7917e-02
 82 -0.12426  -1.1839e-02 | 83 -0.04180  -1.3176e-02 | 84  0.04213  -1.1729e-02
 85 -0.03608   3.6937e-02 | 86  0.09529   1.2692e-02 | 87  0.21427  -1.1165e-02
 88 -0.08718   1.5869e-02 | 89 -0.20679   1.8752e-02 | 90 -0.15073   1.6115e-02
 91 -0.04366   3.8124e-03 | 92 -0.01789   1.8226e-02 | 93  0.03748   9.1006e-03
 94  0.16125  -3.7720e-03 | 95  0.01278   1.3268e-02 | 96 -0.00231   1.9441e-02
 97  0.01478   2.1710e-02 | 98  0.10001   4.6761e-02 | 99  0.08834   1.1962e-02
100  0.08454   3.0978e-02 |101  0.10137   2.4541e-02 |102 -0.08025   1.5471e-02
103 -0.10083   1.7165e-02 |104  0.05245   2.3080e-02 |105  0.03768   1.6913e-02
106 -0.04636   1.3556e-02 |107 -0.05840   1.3673e-02 |108  0.06856   1.2532e-02
109  0.10019   6.2809e-03 |110  0.08701   1.1212e-02 |111  0.00776   2.1109e-02
112 -0.12800   1.7504e-02 |113 -0.14061   1.3298e-02 |114 -0.03676   2.3595e-02
115  0.11499   2.6622e-02 |116  0.02162   2.9840e-02 |117  0.09433   2.0780e-02
118  0.04374   1.8559e-02 |119 -0.01433   2.2722e-02 |120  0.00156   1.2112e-02
121  0.12987  -2.0383e-02 |122  0.20208  -3.4417e-02 |123 -1.00188  -2.0209e-02
124  0.10695  -1.5249e-02 |125 -0.01527   9.8765e-03 |126 -0.17251   1.4759e-02
127 -0.15306   4.2797e-02 |128  0.10015   4.3521e-02 |129 -0.01263   4.4056e-02
130 -0.16235   4.2640e-02 |131 -0.16273   4.2633e-02 |132  0.00790   4.4062e-02
133  0.01810   4.4047e-02 |134  0.07512   4.3759e-02 |135 -0.04778   4.3941e-02
136  0.03823   4.3986e-02 |137 -0.02964   4.4017e-02 |138  0.02466   4.4032e-02
139  0.02859   4.4021e-02 |140  0.00420   4.4064e-02 |141 -0.00341   4.4064e-02
142 -0.00105   4.4065e-02 |143  0.00362   4.4064e-02 |144  0.10024   4.3520e-02
145 -0.00363   4.4064e-02 |146  0.08200   4.3700e-02 |147 -0.01328   4.4055e-02
148  0.03932   4.3981e-02 |149 -0.06884   4.3808e-02 |150  0.01004   4.4060e-02
151  0.04372   4.3961e-02 |152  0.02472   4.4032e-02 |153 -0.00619   4.4063e-02
154  0.00887   4.4061e-02 |155  0.02642   4.4027e-02 |156  0.03168   4.4010e-02
157  0.04144   4.3972e-02 |158  0.02498   4.4031e-02 |159  0.03741   4.3989e-02
160 -0.04681   4.3946e-02 |161  0.05884   4.3877e-02 |162  0.01012   4.4059e-02
163  0.02253   4.4037e-02 |164 -0.19180   4.2080e-02 |165  0.01179   4.4057e-02
166  0.02827   4.4022e-02 |167 -0.01251   4.4056e-02 |168  0.00624   4.4063e-02
169  0.01944   2.1040e-01 |170 -0.00758   2.7358e-01 |171 -0.01110   5.2016e-02
172  0.01219   6.0665e-02 |173  0.06132   2.1317e-01 |174  0.02244   9.2512e-02
175  0.01926   4.1954e-02 |176 -0.00227   4.5614e-02 |177  0.01692  -5.9669e-02
178  0.08065  -8.3283e-02 |179  0.10533   2.6108e-01 |180  0.09019  -1.5277e-02
181  0.05786  -7.3487e-02 |182 -0.70657  -7.2674e-02 |183 -0.02049  -1.9256e-02
184 -0.03586   4.9015e-02 |185 -0.02440   1.2684e-01 |186 -0.03613   8.1180e-02
187 -0.06000  -1.2935e-02 |188 -0.04790   2.4892e-02 |189  0.00895   9.4811e-02
190  0.01335   6.7929e-02 |191  0.01408  -8.6616e-02 |192  0.00383   1.0836e-01
193 -0.03469   5.0304e-02 |194 -0.09377   5.3762e-02 |195 -0.01736   8.7484e-03
196  0.04143  -1.3561e-01 |197  0.00538   1.5449e-02 |198 -0.00997   1.2166e-01
199 -0.00733   7.5278e-02 |200 -0.00224  -5.9661e-03 |201  0.00352   5.8036e-02
202  0.10265   2.2455e-01 |203  0.09840   1.5523e-01 |204  0.08165   2.3855e-01
205 -0.06659   4.8331e-02 |206 -0.13904   3.8181e-02 |207 -0.15666   4.7257e-02
208 -0.10358   3.9874e-02 |209 -0.05841   7.3806e-02 |210  0.04608   2.4565e-02
211  0.84782   1.2234e-02 |212 -0.05642  -3.7228e-01 |213  0.03554  -2.0277e-01
214  0.04570   2.8239e-08 |215 -0.64529   1.6487e-02 |216 -0.82263   6.1016e-03
217  0.01604   3.0333e-01 |218 -0.16308  -3.9310e-02 |219 -0.24891  -4.7772e-02
220 -0.05382  -3.0471e-02 |221  0.03594  -1.6381e-02 |222 -0.00155   1.7744e-02
223  0.00876  -1.3701e-03 |224 -0.02839  -1.3924e-02 |225 -0.03527   1.0421e-02
226  0.09012  -2.1274e-03 |227  0.07058  -7.3854e-03 |228  0.19551  -6.9416e-03
229  0.10448  -9.3553e-03 |230  0.09843  -7.8813e-03 |231  0.05028  -9.7795e-03
232  0.05806  -9.6782e-03 |233  0.06540   1.0276e-02 |234  0.12119  -2.4452e-02
235 -0.12339  -1.4185e-02 |236 -0.12030  -1.4762e-02 |237  0.00398  -7.5169e-03
238  0.02607  -5.1458e-03 |239 -0.11218  -1.8667e-02 |240 -0.15007  -1.7092e-03
241 -0.06486  -1.3619e-02 |242  0.01195  -6.7493e-04 |243  0.04349  -7.5138e-03
244 -0.02325   4.1623e-03 |245 -0.12240  -3.0031e-03 |246 -0.23258  -1.2818e-02
247 -0.10286  -9.4153e-03 |248  0.00288  -1.0180e-02 |249  0.05251  -5.3860e-03
250  0.08343  -1.2006e-02 |251  0.05616  -1.0895e-02 |252 -0.01637  -2.0508e-02
253 -0.00316  -1.1146e-02 |254  0.13249  -4.5747e-03 |255  0.19861   3.3274e-03
256  0.23366  -4.1337e-03 |257 -0.14575   1.6280e-02 |258  0.09627  -7.0919e-01
259  0.14962   2.2865e-01 |260 -0.86786   2.4849e-01 |261 -0.84443  -7.4376e-02
262 -1.21008  -9.0307e-03 |263  0.21727  -9.9059e-02 |264 -0.38598  -8.6385e-02
265 -0.39484  -8.5543e-02 |266  0.81248  -3.0518e-02 |267  0.34598  -8.9976e-02
268 -0.10643  -1.0366e-01 |269  0.28554  -9.4724e-02 |270  0.24281  -9.7567e-02
271 -0.26528  -9.6126e-02 |272  0.58976  -6.3149e-02 |273 -0.13854  -1.0264e-01
274  0.06720  -1.0454e-01 |275 -0.43602  -8.1415e-02 |276 -0.52438  -7.1431e-02
277  0.33393  -9.0989e-02 |278  0.09914  -1.0385e-01 |279 -0.29539  -9.4007e-02
280  0.23638  -9.7958e-02 |281  0.37427  -8.7472e-02 |282  0.45207  -7.9712e-02
283  0.53610  -7.0000e-02 |284  0.01461  -1.0509e-01 |285  0.35660  -8.9057e-02
286  0.21206  -9.9343e-02 |287 -0.30495  -9.3290e-02 |288 -0.62095  -5.8958e-02
289  0.58228  -6.4132e-02 |290 -0.44963  -7.9975e-02 |291  0.41573  -8.3493e-02
292 -0.04452  -1.0486e-01 |293  0.40469  -8.4588e-02 |294 -0.44515  -8.0453e-02
295 -0.37933  -8.7006e-02 |296  0.09188  -1.0403e-01 |297 -0.80643  -3.1472e-02
298  0.29607  -9.3957e-02 |299 -0.26888  -9.5884e-02 |300 -0.41393  -8.3673e-02
301 -0.39977  -8.5067e-02 |302 -0.28765  -9.4572e-02 |303  0.47198  -6.3687e-01
304  0.08597   1.0278e-01 |305 -0.90685   5.0972e-01 |306  0.25308   5.4278e-02
307 -0.88119   5.1874e-01 |308 -0.52489   3.5153e-01 |
19.612 7.21141 73.1729 45.1694 
11.1224 11.1224 49.0568 50.0956 
6.33375 9.29072 0 1.18537 11.1946 
0 1.98666 0 0 0.440254 19.1175 0 
19.611 7.21234 73.1699 45.1695 
11.1213 11.1213 49.0562 50.0972 
6.33324 9.29279 0 1.18421 11.1957 
0 1.98574 0 0 0.440225 19.1203 0 
19.6091 7.21197 73.1725 45.1694 
11.1201 11.1201 49.0555 50.0975 
6.33281 9.29373 0 1.18338 11.1963 
0 1.98582 0 0 0.440199 19.1202 0 
19.6062 7.21044 73.1783 45.1682 
11.1211 11.1211 49.0541 50.0988 
6.3325 9.29254 0 1.18338 11.1963 
0 1.98637 0 0 0.440195 19.1178 0 
19.6047 7.2082 73.184 45.1674 
11.1216 11.1216 49.0539 50.0997 
6.33209 9.29169 0 1.18399 11.1959 
0 1.9871 0 0 0.440183 19.1137 0 
19.6039 7.20609 73.1883 45.1666 
11.123 11.123 49.0535 50.1015 
6.33187 9.29077 0 1.1854 11.1954 
0 1.98762 0 0 0.440186 19.1088 0 
19.605 7.2049 73.19 45.1666 
11.1238 11.1238 49.053 50.1032 
6.33176 9.29096 0 1.18729 11.1943 
0 1.98774 0 0 0.440195 19.1034 0 
19.6072 7.2057 73.1887 45.167 
11.1249 11.1249 49.0509 50.1056 
6.33196 9.2917 0 1.18964 11.1927 
0 1.98738 0 0 0.440231 19.0985 0 
19.6106 7.20893 73.185 45.1683 
11.1253 11.1253 49.0477 50.1078 
6.33232 9.29346 0 1.1919 11.1898 
0 1.98659 0 0 0.440288 19.0943 0 
19.6137 7.21536 73.1797 45.1696 
11.1258 11.1258 49.0428 50.1102 
6.33274 9.29528 0 1.19364 11.1854 
0 1.98558 0 0 0.440369 19.0921 0 
308 variables; iteration 420; function evaluation 495; phase 1
Function value   3.1281573e+02; maximum gradient component mag  -2.3241e+00
Var   Value    Gradient   |Var   Value    Gradient   |Var   Value    Gradient
  1 -2.11552  -5.0041e-02 |  2  0.18566  -1.0035e-01 |  3  0.18944  -3.5185e-02
  4  0.19632  -1.2894e-02 |  5  0.19483  -5.8064e-02 |  6  0.19102   1.1395e-02
  7  0.17745  -2.5124e-02 |  8  0.17350   4.3190e-02 |  9  0.17225   4.9061e-02
 10  0.14829   4.8675e-02 | 11  0.12451  -1.3416e-01 | 12  0.12674   3.0143e-02
 13  0.10264  -7.5682e-02 | 14  0.05706   2.0858e-02 | 15 -0.01092   3.0902e-02
 16 -0.09904  -2.5492e-02 | 17 -0.15629   1.2242e-03 | 18 -0.26422  -2.0619e-02
 19 -0.26582   3.5791e-04 | 20 -0.50956  -4.2429e-03 | 21 -0.53314  -3.4067e-04
 22  0.09700   9.9207e-03 | 23 -0.17741  -4.0258e-06 | 24  0.01055  -8.3837e-04
 25  0.08424   1.9302e-03 | 26  0.12662   4.3841e-02 | 27  0.15290  -1.4358e-02
 28  0.15530  -5.2427e-03 | 29  0.14976   5.6299e-02 | 30  0.15155   5.7807e-03
 31  0.15579  -2.7566e-02 | 32  0.14774  -1.1307e-02 | 33  0.12922   5.5059e-02
 34  0.11259  -2.8474e-02 | 35  0.12246   5.3197e-02 | 36  0.11952   1.3029e-01
 37  0.08924  -1.9418e-02 | 38  0.05254   4.0187e-02 | 39 -2.00804   2.2410e-02
 40 -0.03795   1.7196e-02 | 41 -0.09425  -5.6223e-03 | 42 -1.84667   8.7624e-04
 43 -0.01836  -5.2901e-02 | 44 -0.06582  -3.7000e-02 | 45 -0.08978  -7.0427e-02
 46 -0.16721  -5.6869e-02 | 47 -0.18375  -9.8837e-02 | 48 -0.14560  -6.3961e-02
 49 -0.10795  -6.2007e-02 | 50 -0.06531  -7.9601e-02 | 51 -0.02828  -7.1095e-02
 52  0.01399  -5.9444e-02 | 53 -0.00563  -6.3256e-02 | 54  0.03133  -2.5267e-02
 55  0.02030  -3.7188e-02 | 56  0.03411  -1.0387e-01 | 57  0.08800  -4.7634e-03
 58  0.11812  -1.8141e-02 | 59  0.03919  -6.0026e-02 | 60 -0.11071  -4.1120e-02
 61 -0.07522  -5.0139e-02 | 62  0.03417   7.2033e-03 | 63 -0.02504  -4.4322e-02
 64 -0.04624  -3.7201e-02 | 65 -0.05348  -3.6866e-02 | 66 -0.04199  -2.3102e-02
 67 -0.06639  -3.7324e-02 | 68 -0.05207  -5.5884e-02 | 69 -0.07268  -5.0786e-02
 70 -0.06132  -6.0213e-02 | 71  0.05032  -1.8023e-01 | 72  0.04607  -1.1255e-01
 73  0.00336  -9.4958e-02 | 74 -0.00463  -9.0611e-02 | 75  0.09993  -8.6698e-02
 76  0.08154  -9.3035e-04 | 77 -0.02119  -2.6587e-02 | 78 -0.05905  -2.4412e-02
 79  0.08459   5.5331e-02 | 80  0.31504   7.1646e-02 | 81  0.99979   6.2414e-04
 82 -0.12407  -3.8651e-02 | 83 -0.04170  -4.8127e-02 | 84  0.04233  -4.6090e-02
 85 -0.03826  -5.7927e-02 | 86  0.09558   2.4802e-03 | 87  0.21447   9.1710e-02
 88 -0.08728   1.5931e-02 | 89 -0.20683   1.3482e-02 | 90 -0.15068   1.2641e-02
 91 -0.04354   3.5044e-03 | 92 -0.01788   1.4280e-02 | 93  0.03741  -1.0627e-03
 94  0.16120  -3.4847e-02 | 95  0.01308   1.3918e-02 | 96 -0.00206   2.6429e-02
 97  0.01487   3.7730e-02 | 98  0.09973   3.9492e-02 | 99  0.08851   2.1922e-02
100  0.08458   2.0048e-02 |101  0.10138   1.8249e-02 |102 -0.08015   1.8691e-02
103 -0.10071   1.6363e-02 |104  0.05271   4.3483e-02 |105  0.03761   3.1652e-02
106 -0.04659   1.3831e-02 |107 -0.05849   2.3413e-02 |108  0.06848   3.1185e-02
109  0.10029   2.8114e-02 |110  0.08696   2.1797e-02 |111  0.00753   2.4295e-02
112 -0.12798   2.0471e-02 |113 -0.14039   1.5209e-02 |114 -0.03659   6.5842e-03
115  0.11498  -3.5854e-02 |116  0.02165  -3.6867e-03 |117  0.09461  -4.5789e-03
118  0.04392  -5.0044e-04 |119 -0.01458  -6.4223e-03 |120  0.00175   1.4896e-02
121  0.13008   3.4189e-02 |122  0.20187   5.2600e-02 |123 -1.00148  -1.5743e-02
124  0.10695   3.6011e-02 |125 -0.01491   2.4071e-02 |126 -0.17228   1.4029e-02
127 -0.15107   1.7221e-02 |128  0.09984   1.7501e-02 |129 -0.01302   1.7714e-02
130 -0.15993   1.7162e-02 |131 -0.16030   1.7159e-02 |132  0.00761   1.7717e-02
133  0.01787   1.7711e-02 |134  0.07499   1.7595e-02 |135 -0.04819   1.7667e-02
136  0.03804   1.7686e-02 |137 -0.03007   1.7698e-02 |138  0.02444   1.7705e-02
139  0.02839   1.7700e-02 |140  0.00389   1.7718e-02 |141 -0.00375   1.7718e-02
142 -0.00138   1.7718e-02 |143  0.00331   1.7718e-02 |144  0.09991   1.7500e-02
145 -0.00397   1.7718e-02 |146  0.08189   1.7572e-02 |147 -0.01367   1.7714e-02
148  0.03914   1.7684e-02 |149 -0.06911   1.7614e-02 |150  0.00977   1.7716e-02
151  0.04354   1.7676e-02 |152  0.02451   1.7705e-02 |153 -0.00655   1.7717e-02
154  0.00859   1.7716e-02 |155  0.02621   1.7703e-02 |156  0.03149   1.7696e-02
157  0.04126   1.7681e-02 |158  0.02477   1.7704e-02 |159  0.03722   1.7688e-02
160 -0.04723   1.7669e-02 |161  0.05867   1.7643e-02 |162  0.00984   1.7716e-02
163  0.02231   1.7707e-02 |164 -0.18808   1.6950e-02 |165  0.01152   1.7715e-02
166  0.02807   1.7701e-02 |167 -0.01290   1.7714e-02 |168  0.00594   1.7717e-02
169  0.01946  -2.3241e+00 |170 -0.00771   2.1126e-01 |171 -0.01110   7.3956e-02
172  0.01212   4.4592e-02 |173  0.06127   2.8061e-01 |174  0.02236   1.2562e-01
175  0.01921   3.7298e-02 |176 -0.00237   9.2431e-03 |177  0.01687  -3.9297e-02
178  0.08062  -2.9785e-02 |179  0.10521  -4.2141e-02 |180  0.09018   1.3251e-01
181  0.05775  -1.1138e-01 |182 -0.69640  -9.1834e-02 |183 -0.02056  -4.3129e-02
184 -0.03593  -8.8448e-02 |185 -0.02446   3.4527e-02 |186 -0.03624  -1.0790e-01
187 -0.06006  -1.4279e-01 |188 -0.04794  -7.6711e-02 |189  0.00890   5.7415e-02
190  0.01329   2.1133e-02 |191  0.01396  -2.1066e-01 |192  0.00376   9.5520e-02
193 -0.03482   1.0026e-02 |194 -0.09382   2.3140e-02 |195 -0.01752   1.3887e-02
196  0.04117  -5.0326e-02 |197  0.00509   1.7613e-01 |198 -0.01008   1.2676e-01
199 -0.00728   1.1668e-01 |200 -0.00229  -7.1849e-03 |201  0.00351   1.9120e-02
202  0.10261  -1.1725e-01 |203  0.09836  -2.1793e-01 |204  0.08157  -1.0651e-01
205 -0.06660   2.3633e-02 |206 -0.13924   2.1553e-02 |207 -0.15680   3.8402e-02
208 -0.10363   8.3966e-03 |209 -0.05852   2.0194e-03 |210  0.04600  -1.4099e-02
211  0.84211   7.7098e-03 |212 -0.05650  -1.8007e-02 |213  0.03552   1.2516e-01
214  0.04570   2.8237e-08 |215 -0.64543  -6.2941e-02 |216 -0.82279  -6.9103e-03
217  0.01581   2.4441e-01 |218 -0.16315   3.3288e-02 |219 -0.24904   2.8830e-02
220 -0.05376   3.3673e-03 |221  0.03597  -1.7316e-02 |222 -0.00155   1.1737e-02
223  0.00873   2.3648e-03 |224 -0.02834   1.3803e-02 |225 -0.03522   2.7469e-02
226  0.09014   7.1877e-03 |227  0.07049   6.4068e-03 |228  0.19542  -2.8792e-03
229  0.10449   2.5389e-03 |230  0.09853  -9.1833e-04 |231  0.05031   6.2031e-03
232  0.05802  -8.1241e-03 |233  0.06542   3.2746e-02 |234  0.12119  -1.1206e-03
235 -0.12341  -6.7760e-03 |236 -0.12029   8.3603e-03 |237  0.00404   1.8431e-02
238  0.02609  -4.8020e-03 |239 -0.11216   8.4288e-03 |240 -0.15007  -1.1397e-03
241 -0.06488  -1.6721e-02 |242  0.01193   4.3317e-03 |243  0.04348   6.4340e-03
244 -0.02330   2.5056e-02 |245 -0.12239  -2.2825e-03 |246 -0.23245  -1.0167e-02
247 -0.10274  -4.7945e-03 |248  0.00289   1.4705e-03 |249  0.05237   2.4065e-02
250  0.08340   1.9626e-02 |251  0.05622   1.3680e-02 |252 -0.01638   1.9673e-02
253 -0.00325   1.6647e-02 |254  0.13253   1.7011e-02 |255  0.19873   6.5467e-03
256  0.23361  -4.6807e-03 |257 -0.14582  -4.5014e-02 |258  0.09635   3.9570e-01
259  0.14961   3.8429e-02 |260 -0.86783   1.8656e-01 |261 -0.84444  -1.8197e-01
262 -1.21317  -6.4892e-02 |263  0.22332  -1.7168e-01 |264 -0.38978  -1.4960e-01
265 -0.39766  -1.4829e-01 |266  0.82266  -5.0267e-02 |267  0.34534  -1.5657e-01
268 -0.10428  -1.8036e-01 |269  0.28623  -1.6464e-01 |270  0.24226  -1.6973e-01
271 -0.26364  -1.6736e-01 |272  0.59367  -1.0892e-01 |273 -0.14199  -1.7828e-01
274  0.06449  -1.8187e-01 |275 -0.43758  -1.4130e-01 |276 -0.52939  -1.2316e-01
277  0.33305  -1.5836e-01 |278  0.09465  -1.8079e-01 |279 -0.29052  -1.6410e-01
280  0.23708  -1.7028e-01 |281  0.37557  -1.5191e-01 |282  0.45621  -1.3784e-01
283  0.53757  -1.2142e-01 |284  0.01782  -1.8274e-01 |285  0.36619  -1.5339e-01
286  0.21151  -1.7281e-01 |287 -0.30486  -1.6225e-01 |288 -0.63039  -1.0027e-01
289  0.59144  -1.0943e-01 |290 -0.45186  -1.3866e-01 |291  0.42158  -1.4417e-01
292 -0.04424  -1.8237e-01 |293  0.40448  -1.4714e-01 |294 -0.44721  -1.3953e-01
295 -0.37916  -1.5133e-01 |296  0.09054  -1.8096e-01 |297 -0.81713  -5.1794e-02
298  0.30468  -1.6227e-01 |299 -0.28018  -1.6539e-01 |300 -0.41429  -1.4545e-01
301 -0.40366  -1.4728e-01 |302 -0.29360  -1.6371e-01 |303  0.47203  -1.7373e-01
304  0.08584   5.6463e-02 |305 -0.90685   5.2745e-01 |306  0.25313   3.3501e-02
307 -0.88117   5.5096e-01 |308 -0.52497   3.2765e-01 |
19.6158 7.22362 73.1751 45.1709 
11.1253 11.1253 49.0386 50.1115 
6.33288 9.29708 0 1.19377 11.1795 
0 1.98475 0 0 0.440444 19.0925 0 
19.6158 7.23311 73.1728 45.1711 
11.1241 11.1241 49.035 50.1122 
6.33254 9.29797 0 1.19212 11.1722 
0 1.98442 0 0 0.440508 19.0965 0 
19.6124 7.24069 73.173 45.1692 
11.1228 11.1228 49.0355 50.1121 
6.33142 9.29758 0 1.18842 11.1655 
0 1.98493 0 0 0.440502 19.1038 0 
19.6065 7.24526 73.1767 45.1646 
11.1206 11.1206 49.0395 50.112 
6.32962 9.29576 0 1.18275 11.1593 
0 1.98627 0 0 0.440423 19.1151 0 
19.5968 7.24529 73.1805 45.1558 
11.1192 11.1192 49.0492 50.1119 
6.32694 9.29241 0 1.1753 11.1566 
0 1.98839 0 0 0.440218 19.1319 0 
19.5871 7.23815 73.1836 45.145 
11.1186 11.1186 49.0599 50.1137 
6.32511 9.28872 0 1.16876 11.1599 
0 1.99038 0 0 0.439957 19.1491 0 
19.5744 7.22476 73.1818 45.1323 
11.1205 11.1205 49.0753 50.1141 
6.32397 9.28305 0 1.16426 11.1742 
0 1.9922 0 0 0.439567 19.1679 0 
19.572 7.20842 73.1777 45.1207 
11.1226 11.1226 49.0808 50.121 
6.32412 9.28153 0 1.16072 11.1829 
0 1.99315 0 0 0.439308 19.1828 0 
19.5686 7.21652 73.1768 45.125 
11.125 11.125 49.0749 50.1213 
6.3255 9.28074 0 1.16356 11.1841 
0 1.99217 0 0 0.439412 19.1756 0 
19.577 7.21436 73.1702 45.1312 
11.1227 11.1227 49.0674 50.1219 
6.32847 9.28506 0 1.16908 11.1852 
0 1.99049 0 0 0.439549 19.1658 0 
308 variables; iteration 430; function evaluation 505; phase 1
Function value   3.1280663e+02; maximum gradient component mag   4.4694e+00
Var   Value    Gradient   |Var   Value    Gradient   |Var   Value    Gradient
  1 -2.11032   1.1138e-01 |  2  0.18626   7.5494e-01 |  3  0.18925   4.3299e-01
  4  0.19647   5.5884e-01 |  5  0.19478   1.1429e-01 |  6  0.19095  -1.3109e-02
  7  0.17742   1.6085e-01 |  8  0.17344   1.0071e-01 |  9  0.17218   2.0237e-02
 10  0.14811  -5.1804e-02 | 11  0.12507   8.1103e-01 | 12  0.12661   3.0745e-02
 13  0.10298   3.1208e-01 | 14  0.05704  -2.0478e-02 | 15 -0.01030   2.8933e-02
 16 -0.11346  -3.0182e-01 | 17 -0.15464   3.4670e-03 | 18 -0.21253   2.1366e-02
 19 -0.26375   1.4360e-04 | 20 -0.47738  -4.3326e-03 | 21 -0.54091  -3.3910e-04
 22  0.09717   1.2271e-03 | 23 -0.17664   1.8129e-04 | 24  0.01076  -5.6721e-03
 25  0.08436   6.2855e-04 | 26  0.12684   1.4994e-02 | 27  0.15305  -1.2849e-01
 28  0.15542  -1.5012e-01 | 29  0.14997   4.2733e-02 | 30  0.15175   9.0264e-03
 31  0.15598   2.6745e-02 | 32  0.14788  -2.4926e-02 | 33  0.12934  -2.9410e-02
 34  0.11266   1.6184e-02 | 35  0.12261   1.0753e-01 | 36  0.11952  -1.1063e-01
 37  0.08957  -9.3399e-02 | 38  0.05283   1.2427e-01 | 39 -2.00817  -4.5131e-02
 40 -0.03793  -6.4208e-02 | 41 -0.09392   8.6535e-04 | 42 -1.84789  -1.3742e-02
 43 -0.01922  -2.8605e-01 | 44 -0.06683  -2.1602e-01 | 45 -0.08883  -3.1528e-02
 46 -0.16722  -4.7404e-02 | 47 -0.18291   1.2421e-02 | 48 -0.14564  -3.0543e-02
 49 -0.10814  -5.0376e-02 | 50 -0.06510  -3.2258e-02 | 51 -0.02793   3.3575e-03
 52  0.01460  -5.8720e-02 | 53 -0.00495  -1.2962e-01 | 54  0.03033  -3.0159e-01
 55  0.02197  -2.0166e-01 | 56  0.03327  -4.3930e-01 | 57  0.08726  -4.1715e-01
 58  0.11791  -3.3508e-01 | 59  0.03944  -1.2131e-01 | 60 -0.11102  -3.7829e-02
 61 -0.07533  -1.6972e-02 | 62  0.03465   9.3514e-02 | 63 -0.02397   1.0076e-01
 64 -0.04588   5.3660e-02 | 65 -0.05323   5.3926e-02 | 66 -0.04207   6.1690e-02
 67 -0.06679   4.2697e-03 | 68 -0.05204   8.9633e-03 | 69 -0.07273  -3.7960e-03
 70 -0.06160  -9.4570e-03 | 71  0.05228   9.4157e-02 | 72  0.04598   6.2945e-02
 73  0.00342   3.4571e-02 | 74 -0.00438   9.2401e-03 | 75  0.10075   8.8503e-03
 76  0.08035  -1.0440e-01 | 77 -0.02100  -4.7625e-02 | 78 -0.05917  -6.1155e-02
 79  0.08304  -1.5481e-01 | 80  0.31540  -1.7702e-01 | 81  1.03599   9.5582e-02
 82 -0.12444  -3.6694e-02 | 83 -0.04195  -3.5941e-02 | 84  0.04168  -4.5621e-02
 85 -0.03473   8.0760e-02 | 86  0.09582  -2.3359e-02 | 87  0.21337  -4.9936e-01
 88 -0.08835  -6.2607e-02 | 89 -0.20710   1.7902e-02 | 90 -0.15070   2.1041e-02
 91 -0.04305   6.1503e-02 | 92 -0.01794   3.1280e-02 | 93  0.03748   2.5180e-02
 94  0.16122  -1.1933e-02 | 95  0.01291  -6.0425e-03 | 96 -0.00232  -1.3881e-02
 97  0.01453  -1.9428e-02 | 98  0.09989  -5.6168e-02 | 99  0.08781  -2.6817e-01
100  0.08492  -1.8518e-01 |101  0.10169  -2.0352e-01 |102 -0.08007  -4.1119e-02
103 -0.10062  -1.0142e-02 |104  0.05301   1.0560e-02 |105  0.03786   4.0917e-02
106 -0.04675   4.3807e-02 |107 -0.05905   2.6077e-02 |108  0.06814   3.3510e-02
109  0.10021   2.1824e-02 |110  0.08712   6.4146e-02 |111  0.00748   6.2958e-02
112 -0.12802   3.3907e-02 |113 -0.14041   3.8445e-02 |114 -0.03676   5.1066e-02
115  0.11563   1.7963e-01 |116  0.02136   4.7237e-02 |117  0.09431   5.6812e-02
118  0.04373   2.7064e-02 |119 -0.01512   4.8308e-02 |120  0.00010   3.3345e-02
121  0.13210   3.9800e-01 |122  0.20170   1.8847e-01 |123 -0.99680   3.4479e-02
124  0.10685   9.1208e-03 |125 -0.01507   2.1086e-02 |126 -0.17223   2.8176e-02
127 -0.13943   3.6570e-02 |128  0.09232   3.7072e-02 |129 -0.01556   3.7454e-02
130 -0.14456   3.6503e-02 |131 -0.14476   3.6500e-02 |132  0.00591   3.7463e-02
133  0.01653   3.7452e-02 |134  0.07503   3.7205e-02 |135 -0.05162   3.7342e-02
136  0.03721   3.7401e-02 |137 -0.03320   3.7414e-02 |138  0.02330   3.7440e-02
139  0.02735   3.7430e-02 |140  0.00203   3.7465e-02 |141 -0.00592   3.7463e-02
142 -0.00345   3.7464e-02 |143  0.00143   3.7465e-02 |144  0.09219   3.7073e-02
145 -0.00615   3.7463e-02 |146  0.08216   3.7153e-02 |147 -0.01624   3.7453e-02
148  0.03833   3.7397e-02 |149 -0.07224   3.7224e-02 |150  0.00815   3.7462e-02
151  0.04283   3.7380e-02 |152  0.02337   3.7439e-02 |153 -0.00883   3.7461e-02
154  0.00692   3.7463e-02 |155  0.02512   3.7436e-02 |156  0.03052   3.7422e-02
157  0.04050   3.7389e-02 |158  0.02364   3.7439e-02 |159  0.03638   3.7404e-02
160 -0.05065   3.7346e-02 |161  0.05828   3.7308e-02 |162  0.00822   3.7462e-02
163  0.02111   3.7444e-02 |164 -0.15599   3.6346e-02 |165  0.00996   3.7460e-02
166  0.02703   3.7431e-02 |167 -0.01543   3.7454e-02 |168  0.00417   3.7464e-02
169  0.02003   4.4694e+00 |170 -0.00858   1.3086e+00 |171 -0.01226   9.9739e-01
172  0.01114   1.2700e+00 |173  0.06029   1.4642e+00 |174  0.02138   1.3175e+00
175  0.01831   1.5937e+00 |176 -0.00319   1.4992e+00 |177  0.01582   8.8609e-01
178  0.07971   1.5195e+00 |179  0.10443   2.7910e+00 |180  0.08908   1.6251e+00
181  0.05695   2.7016e+00 |182 -0.60637   5.1421e-01 |183 -0.02164   1.6084e+00
184 -0.03674   1.6285e+00 |185 -0.02534   1.3374e+00 |186 -0.03708   1.1435e+00
187 -0.06097   1.2529e+00 |188 -0.04871   1.4485e+00 |189  0.00802   1.2576e+00
190  0.01236   1.1187e+00 |191  0.01308   1.1220e+00 |192  0.00267   9.8854e-01
193 -0.03563   1.6024e+00 |194 -0.09488   1.3921e+00 |195 -0.01839   1.3662e+00
196  0.04043   1.2779e+00 |197  0.00437   1.2235e+00 |198 -0.01088   1.3868e+00
199 -0.00825   1.3144e+00 |200 -0.00306   1.5719e+00 |201  0.00247   1.3037e+00
202  0.10163   1.7544e+00 |203  0.09739   1.4177e+00 |204  0.08069   1.4466e+00
205 -0.06758   1.3095e+00 |206 -0.13972   1.3305e+00 |207 -0.15777   1.3143e+00
208 -0.10463   1.3687e+00 |209 -0.05944   1.3604e+00 |210  0.04511   1.4473e+00
211  0.80470   4.1208e-01 |212 -0.05624  -9.9262e-01 |213  0.03552  -7.0775e-01
214  0.04566   2.8214e-08 |215 -0.64519   3.3386e-02 |216 -0.82247  -7.3034e-02
217  0.01511   8.5408e-01 |218 -0.16293  -2.2783e-02 |219 -0.24854   2.9236e-03
220 -0.05390   7.7907e-02 |221  0.03524   6.2326e-02 |222 -0.00209   9.8264e-02
223  0.00851   5.3684e-02 |224 -0.02835  -2.3067e-02 |225 -0.03510   6.1012e-03
226  0.09018   9.4136e-04 |227  0.07055   1.6222e-02 |228  0.19545   1.7121e-02
229  0.10458   5.2704e-02 |230  0.09846  -2.4062e-04 |231  0.05039  -3.5687e-02
232  0.05794   6.9082e-02 |233  0.06543   1.1975e-01 |234  0.12129  -8.2870e-03
235 -0.12315   1.3007e-01 |236 -0.12009   1.5105e-01 |237  0.00406   5.1183e-02
238  0.02613   7.8664e-02 |239 -0.11206  -1.6001e-02 |240 -0.15001  -6.1815e-02
241 -0.06492  -1.2008e-02 |242  0.01173   1.2906e-02 |243  0.04340  -9.6651e-03
244 -0.02343  -6.9940e-04 |245 -0.12249  -7.4991e-02 |246 -0.23228   1.3637e-02
247 -0.10265   2.0176e-02 |248  0.00303  -8.3043e-02 |249  0.05260  -7.6234e-03
250  0.08334  -1.7173e-02 |251  0.05627  -9.4638e-03 |252 -0.01641   2.1395e-02
253 -0.00399   2.9622e-03 |254  0.13272  -2.1219e-02 |255  0.19892  -6.3282e-03
256  0.23358  -7.3307e-04 |257 -0.14550   9.7570e-02 |258  0.09634  -2.8246e+00
259  0.14965   6.1166e-01 |260 -0.86784  -8.0143e-02 |261 -0.84441   3.9781e-01
262 -1.21801  -3.4060e-01 |263  0.25493   3.7962e+00 |264 -0.37955   3.4112e+00
265 -0.44079   3.1731e+00 |266  0.89725   6.6246e-01 |267  0.36023   3.4798e+00
268 -0.08117   4.0889e+00 |269  0.31519   3.6273e+00 |270  0.23765   3.8384e+00
271 -0.25944   3.7847e+00 |272  0.60672   2.3877e+00 |273 -0.16662   3.9820e+00
274  0.03695   4.1154e+00 |275 -0.45582   3.1100e+00 |276 -0.57341   2.5602e+00
277  0.34119   3.5443e+00 |278  0.04792   4.1107e+00 |279 -0.27994   3.7302e+00
280  0.22681   3.8635e+00 |281  0.38779   3.3809e+00 |282  0.44254   3.1658e+00
283  0.54897   2.6823e+00 |284  0.03543   4.1160e+00 |285  0.45697   3.1052e+00
286  0.21377   3.8921e+00 |287 -0.30717   3.6517e+00 |288 -0.70275   1.8556e+00
289  0.67227   2.0297e+00 |290 -0.49226   2.9502e+00 |291  0.49498   2.9378e+00
292 -0.03527   4.1160e+00 |293  0.43890   3.1809e+00 |294 -0.41215   3.2882e+00
295 -0.37386   3.4317e+00 |296  0.04186   4.1134e+00 |297 -0.91304   5.6133e-01
298  0.38021   3.4087e+00 |299 -0.35295   3.5049e+00 |300 -0.41703   3.2691e+00
301 -0.43675   3.1897e+00 |302 -0.35985   3.4811e+00 |303  0.47212  -2.0914e+00
304  0.08647   2.2082e-01 |305 -0.90694   4.7614e-02 |306  0.25298  -1.2271e-01
307 -0.88120   2.6400e-01 |308 -0.52479   5.0877e-02 |
19.5802 7.21579 73.1562 45.1347 
11.1257 11.1257 49.0561 50.1277 
6.33234 9.28685 0 1.1758 11.1921 
0 1.98819 0 0 0.439621 19.1585 0 
19.5959 7.20096 73.1343 45.1379 
11.1259 11.1259 49.0418 50.1349 
6.33851 9.2936 0 1.18433 11.2047 
0 1.9852 0 0 0.439674 19.1519 0 
19.6452 7.15991 73.0838 45.1512 
11.1245 11.1245 49.0181 50.1426 
6.34743 9.31041 0 1.20046 11.2261 
0 1.98037 0 0 0.439786 19.1335 0 
19.6109 7.18952 73.1151 45.1436 
11.1269 11.1269 49.0316 50.1383 
6.3421 9.2986 0 1.19093 11.2135 
0 1.98315 0 0 0.439719 19.1443 0 
19.6176 7.19383 73.1028 45.1555 
11.1311 11.1311 49.0229 50.1378 
6.34249 9.29966 0 1.19697 11.215 
0 1.98179 0 0 0.439846 19.1298 0 
19.6239 7.19353 73.0956 45.172 
11.1348 11.1348 49.013 50.1339 
6.34328 9.29962 0 1.20414 11.2214 
0 1.98103 0 0 0.440018 19.1081 0 
19.6603 7.1586 73.0614 45.1945 
11.1366 11.1366 49.0059 50.1284 
6.34211 9.30808 0 1.21563 11.2374 
0 1.98089 0 0 0.440117 19.078 0 
19.692 7.12671 73.0121 45.2148 
11.1369 11.1369 49.0132 50.1144 
6.33909 9.31108 0 1.2234 11.2571 
0 1.98274 0 0 0.440109 19.0539 0 
19.7356 7.07705 72.9453 45.2364 
11.1246 11.1246 49.0389 50.0828 
6.33566 9.31683 0 1.2282 11.2822 
0 1.98661 0 0 0.440126 19.0306 0 
19.8411 6.96222 72.7324 45.286 
11.0844 11.0844 49.14 50.0115 
6.3286 9.33523 0 1.23476 11.3256 
0 1.99623 0 0 0.440148 18.9875 0 
19.8171 6.9901 72.7677 45.2786 
11.0896 11.0896 49.1289 50.006 
6.32992 9.32034 0 1.23207 11.3271 
0 1.99751 0 0 0.440226 18.9927 0 
308 variables; iteration 440; function evaluation 516; phase 1
Function value   3.1265177e+02; maximum gradient component mag  -1.0718e+02
Var   Value    Gradient   |Var   Value    Gradient   |Var   Value    Gradient
  1 -2.06540   7.3224e-01 |  2  0.18860  -7.4478e-01 |  3  0.18955  -1.4645e+00
  4  0.19660  -2.3829e+00 |  5  0.19547  -1.3174e+00 |  6  0.19151  -1.2047e+00
  7  0.17788  -1.2417e+00 |  8  0.17391  -1.3692e+00 |  9  0.17231  -1.4199e+00
 10  0.14918  -3.5120e-01 | 11  0.11958  -8.0431e+00 | 12  0.12725  -9.8305e-01
 13  0.10198  -1.4237e+00 | 14  0.05796   2.8134e-01 | 15 -0.01496  -2.3268e-01
 16 -0.11261  -1.5289e-01 | 17 -0.16115  -1.2132e-05 | 18 -0.06356   2.8937e+00
 19 -0.27994  -1.8157e-03 | 20 -0.37498  -2.3088e-03 | 21 -0.55763  -3.6198e-04
 22  0.09608  -9.7565e-02 | 23 -0.17951  -6.5583e-04 | 24  0.01061  -2.9067e-02
 25  0.08386  -1.2671e-01 | 26  0.12748   3.8340e-01 | 27  0.15380   8.9257e-01
 28  0.15573   2.3311e-01 | 29  0.14931  -1.3596e+00 | 30  0.15171  -3.1691e-01
 31  0.15611   5.2758e-02 | 32  0.14849   3.7021e-01 | 33  0.12970   1.8559e-01
 34  0.11315  -2.0780e-01 | 35  0.12253  -9.3264e-01 | 36  0.12086  -7.0626e-01
 37  0.08992  -1.0336e+00 | 38  0.05232  -1.3570e+00 | 39 -2.00450  -2.5490e+00
 40 -0.03661   2.8824e-01 | 41 -0.09223   9.6032e-02 | 42 -1.84309   6.0460e-02
 43 -0.00816   3.5696e+00 | 44 -0.06119   2.6993e+00 | 45 -0.09437   1.5930e+00
 46 -0.16725   1.7106e+00 | 47 -0.18383   1.6175e+00 | 48 -0.14456   1.8771e+00
 49 -0.10797   1.9421e+00 | 50 -0.06498   2.0308e+00 | 51 -0.03020   1.8616e+00
 52  0.01026   2.1598e+00 | 53 -0.00639   2.6815e+00 | 54  0.04020   3.9810e+00
 55  0.01258   2.9695e+00 | 56  0.04169   4.4352e+00 | 57  0.08750   4.1404e+00
 58  0.11863   3.8851e+00 | 59  0.04079   2.5533e+00 | 60 -0.10893   1.8172e+00
 61 -0.07151   1.7990e+00 | 62  0.02719   9.7376e-01 | 63 -0.03099   1.0406e+00
 64 -0.04900   1.2248e+00 | 65 -0.05369   1.3428e+00 | 66 -0.04575   1.1001e+00
 67 -0.06753   1.4054e+00 | 68 -0.05190   1.5664e+00 | 69 -0.07166   1.7789e+00
 70 -0.05839   2.0205e+00 | 71  0.04968   1.7964e+00 | 72  0.04436   1.8933e+00
 73  0.00164   2.0159e+00 | 74 -0.00337   2.3715e+00 | 75  0.09266   2.8145e+00
 76  0.09153   4.3517e+00 | 77 -0.01906   2.9829e+00 | 78 -0.05779   2.6289e+00
 79  0.08719   3.5786e+00 | 80  0.31390   4.9693e+00 | 81  1.09637  -5.1101e-03
 82 -0.12343   1.7102e+00 | 83 -0.04063   1.7458e+00 | 84  0.04432   1.7753e+00
 85 -0.02304   5.6862e-02 | 86  0.08755  -6.8710e-03 | 87  0.21712   3.2360e+00
 88 -0.08776  -2.3655e-01 | 89 -0.21011  -6.3124e-01 | 90 -0.15337  -6.9250e-01
 91 -0.04543  -7.0504e-01 | 92 -0.02144  -7.6067e-01 | 93  0.03707  -4.5439e-01
 94  0.16233   3.0553e-01 | 95  0.01384  -1.8401e-01 | 96  0.00051  -6.8693e-02
 97  0.01731  -5.0954e-02 | 98  0.09695   4.8623e-02 | 99  0.09089   1.1282e+00
100  0.08249   6.1388e-01 |101  0.10027   7.2586e-01 |102 -0.08385  -3.8625e-01
103 -0.10255  -3.7778e-01 |104  0.04974  -3.4121e-01 |105  0.03570  -6.6155e-01
106 -0.04220  -5.2928e-01 |107 -0.05496  -5.2849e-01 |108  0.06891  -5.0182e-01
109  0.10078  -3.7140e-01 |110  0.08798  -5.4171e-01 |111  0.00600  -7.2368e-01
112 -0.12712  -4.6981e-01 |113 -0.13835  -4.2925e-01 |114 -0.03408  -3.3964e-01
115  0.11088  -7.3277e-01 |116  0.01987  -4.4547e-01 |117  0.09636  -2.3079e-03
118  0.04608   6.7258e-02 |119 -0.01172  -1.2492e-01 |120  0.00596   9.6673e-03
121  0.11963  -9.1606e-01 |122  0.20322   8.9241e-01 |123 -1.00873  -8.6033e-02
124  0.10694  -2.2320e-02 |125 -0.01514  -4.7156e-01 |126 -0.17307  -5.8233e-01
127 -0.08576   2.9106e-01 |128  0.05694   2.9255e-01 |129 -0.02572   2.9348e-01
130 -0.07585   2.9164e-01 |131 -0.07539   2.9167e-01 |132 -0.00116   2.9372e-01
133  0.01074   2.9368e-01 |134  0.07346   2.9177e-01 |135 -0.06471   2.9221e-01
136  0.03292   2.9333e-01 |137 -0.04545   2.9298e-01 |138  0.01813   2.9361e-01
139  0.02247   2.9354e-01 |140 -0.00558   2.9371e-01 |141 -0.01469   2.9365e-01
142 -0.01186   2.9367e-01 |143 -0.00627   2.9371e-01 |144  0.05580   2.9260e-01
145 -0.01495   2.9364e-01 |146  0.08134   2.9133e-01 |147 -0.02649   2.9347e-01
148  0.03410   2.9330e-01 |149 -0.08340   2.9121e-01 |150  0.00137   2.9372e-01
151  0.03883   2.9318e-01 |152  0.01820   2.9360e-01 |153 -0.01803   2.9361e-01
154 -0.00002   2.9372e-01 |155  0.02008   2.9358e-01 |156  0.02585   2.9348e-01
157  0.03638   2.9324e-01 |158  0.01849   2.9360e-01 |159  0.03204   2.9335e-01
160 -0.06375   2.9225e-01 |161  0.05526   2.9262e-01 |162  0.00145   2.9372e-01
163  0.01576   2.9363e-01 |164 -0.02711   2.9346e-01 |165  0.00342   2.9372e-01
166  0.02213   2.9355e-01 |167 -0.02558   2.9349e-01 |168 -0.00314   2.9372e-01
169  0.02215  -1.0718e+02 |170 -0.01064   3.0009e+01 |171 -0.01710   2.9626e+01
172  0.00639   2.8097e+01 |173  0.05587   2.7217e+01 |174  0.01744   2.8045e+01
175  0.01353   2.6636e+01 |176 -0.00779   2.8076e+01 |177  0.01194   3.0917e+01
178  0.07480   2.7217e+01 |179  0.09971   2.1647e+01 |180  0.08592   2.4662e+01
181  0.05198   2.5378e+01 |182 -0.32845   2.0004e+01 |183 -0.02598   2.8628e+01
184 -0.04218   2.6777e+01 |185 -0.03029   2.8091e+01 |186 -0.04184   2.9497e+01
187 -0.06594   2.9664e+01 |188 -0.05462   2.9007e+01 |189  0.00253   2.8184e+01
190  0.00737   2.9334e+01 |191  0.00884   3.0291e+01 |192 -0.00157   3.0105e+01
193 -0.04020   2.6850e+01 |194 -0.09902   2.8488e+01 |195 -0.02338   2.8120e+01
196  0.03552   2.7216e+01 |197 -0.00037   2.8400e+01 |198 -0.01625   2.7784e+01
199 -0.01303   2.6726e+01 |200 -0.00840   2.6004e+01 |201 -0.00302   2.7720e+01
202  0.09732   2.3078e+01 |203  0.09335   2.5217e+01 |204  0.07595   2.4892e+01
205 -0.07025   2.9140e+01 |206 -0.14540   2.8548e+01 |207 -0.16316   2.8120e+01
208 -0.10982   2.8408e+01 |209 -0.06357   2.9157e+01 |210  0.03981   2.8532e+01
211  0.77409   1.0107e+01 |212 -0.05689   2.6144e+01 |213  0.03594   2.0200e+01
214  0.04554   2.8137e-08 |215 -0.64216  -4.3035e-01 |216 -0.81770   1.5400e+00
217  0.01689  -9.4360e+00 |218 -0.16228   3.4341e-01 |219 -0.24841  -4.0210e-01
220 -0.05412  -9.1346e-01 |221  0.03703  -3.9758e-01 |222 -0.00190  -6.8899e-01
223  0.00926   6.7485e-02 |224 -0.02858   4.5633e-01 |225 -0.03610   5.9524e-02
226  0.08959   1.9088e-01 |227  0.07075   2.4702e-01 |228  0.19521   5.4117e-02
229  0.10450  -1.4582e-02 |230  0.09994   2.7182e-01 |231  0.05062   3.4639e-01
232  0.05908   1.4308e-01 |233  0.06515  -5.8781e-01 |234  0.12082   7.4437e-02
235 -0.12367  -5.0499e-01 |236 -0.12074  -2.8712e-01 |237  0.00347  -1.1965e-01
238  0.02477  -3.4083e-01 |239 -0.11265   2.9110e-01 |240 -0.14978   4.9698e-01
241 -0.06446   3.6641e-01 |242  0.01168   3.8976e-02 |243  0.04394   3.3853e-01
244 -0.02322   3.5004e-01 |245 -0.12247   6.5201e-01 |246 -0.23243   2.6235e-01
247 -0.10193   2.4410e-01 |248  0.00284   3.6787e-01 |249  0.04985  -1.2236e-01
250  0.08293   2.4946e-01 |251  0.05618   1.7117e-01 |252 -0.01556  -9.9587e-02
253 -0.00021  -4.3588e-01 |254  0.13077  -1.4880e-01 |255  0.19776  -4.4048e-02
256  0.23413   7.5471e-02 |257 -0.14590  -3.8505e-01 |258  0.09626   1.9403e+01
259  0.14947  -2.3934e+00 |260 -0.86798  -3.0185e+00 |261 -0.84444  -8.1079e-02
262 -1.20300   1.7066e+00 |263  0.39217  -1.0316e+01 |264 -0.35913  -1.0681e+01
265 -0.57102  -7.8868e+00 |266  1.24812   4.8023e+00 |267  0.39259  -1.0311e+01
268  0.00971  -1.2638e+01 |269  0.42376  -9.9411e+00 |270  0.23130  -1.1814e+01
271 -0.23947  -1.1756e+01 |272  0.66108  -6.4155e+00 |273 -0.25390  -1.1647e+01
274 -0.05199  -1.2597e+01 |275 -0.51189  -8.7690e+00 |276 -0.78549  -4.1787e+00
277  0.36484  -1.0620e+01 |278 -0.14279  -1.2323e+01 |279 -0.22334  -1.1870e+01
280  0.21427  -1.1930e+01 |281  0.47170  -9.3257e+00 |282  0.41228  -1.0080e+01
283  0.60942  -7.2771e+00 |284  0.08494  -1.2527e+01 |285  0.77178  -4.4347e+00
286  0.21565  -1.1921e+01 |287 -0.33144  -1.0965e+01 |288 -1.03598   7.1396e-01
289  0.96806  -6.3388e-01 |290 -0.62972  -6.9440e+00 |291  0.77088  -4.4513e+00
292 -0.00506  -1.2639e+01 |293  0.58837  -7.6149e+00 |294 -0.30507  -1.1216e+01
295 -0.36235  -1.0647e+01 |296 -0.10125  -1.2480e+01 |297 -1.29041   5.5680e+00
298  0.67031  -6.2569e+00 |299 -0.61946  -7.1134e+00 |300 -0.45446  -9.5533e+00
301 -0.59477  -7.5130e+00 |302 -0.63347  -6.8817e+00 |303  0.47187   1.5069e+01
304  0.08484   3.0499e+00 |305 -0.90696  -5.0286e-01 |306  0.25368   1.3883e+00
307 -0.88171  -8.0866e-01 |308 -0.52517   4.2660e+00 |
19.7752 7.02583 72.8056 45.2848 
11.1051 11.1051 49.1204 49.9955 
6.32974 9.2984 0 1.2269 11.3259 
0 2.00093 0 0 0.440436 18.9939 0 
19.7826 6.99123 72.7509 45.3101 
11.096 11.096 49.1541 49.9416 
6.33206 9.29198 0 1.22391 11.3505 
0 2.00771 0 0 0.440829 18.9836 0 
20.0793 6.44778 70.8063 46.0762 
11.4898 11.4898 49.8716 49.2669 
6.46615 9.23576 0 1.19431 11.598 
0 2.11126 0 0 0.445541 18.8839 0 
19.9018 6.71786 72.0288 45.5832 
11.0567 11.0567 49.4671 49.5968 
6.38186 9.27198 0 1.20738 11.4881 
0 2.05738 0 0 0.443278 18.9272 0 
21.7396 7.24241 75.7703 48.4095 
17.3692 17.3692 50.3768 49.1062 
6.59955 10.1436 0 1.19254 11.7036 
0 2.18055 0 0 0.449129 18.8271 0 
20.0965 6.47177 70.6301 46.0701 
11.6241 11.6241 49.801 49.2841 
6.46975 9.1879 0 1.19997 11.5953 
0 2.11239 0 0 0.446053 18.8767 0 
20.0153 6.54483 71.0764 45.8594 
11.2819 11.2819 49.6889 49.393 
6.43722 9.22422 0 1.20234 11.561 
0 2.09344 0 0 0.445136 18.8927 0 
20.7375 6.63878 72.337 47.3394 
14.5199 14.5199 50.1088 49.0641 
6.57996 9.48733 0 1.19211 11.6656 
0 2.16402 0 0 0.449584 18.8507 0 
20.083 6.46872 70.6251 46.0867 
11.6272 11.6272 49.7993 49.2766 
6.47522 9.19038 0 1.19921 11.5928 
0 2.11329 0 0 0.446454 18.8797 0 
20.0429 6.50683 70.8448 45.9554 
11.4119 11.4119 49.7407 49.339 
6.45447 9.20778 0 1.20087 11.5759 
0 2.10259 0 0 0.445751 18.8866 0 
20.0423 6.52257 70.768 45.9231 
11.458 11.458 49.7042 49.3549 
6.45139 9.18569 0 1.20392 11.5771 
0 2.10372 0 0 0.445472 18.8821 0 
20.0244 6.54905 70.6932 45.8679 
11.4941 11.4941 49.6526 49.3834 
6.44228 9.16444 0 1.207 11.5775 
0 2.10442 0 0 0.445114 18.881 0 
19.8849 6.77065 70.0858 45.4847 
11.8391 11.8391 49.3502 49.6767 
6.36954 9.07672 0 1.23518 11.5807 
0 2.1163 0 0 0.441965 18.872 0 
19.812 6.76681 69.4211 45.278 
11.5617 11.5617 49.5245 49.7641 
6.28769 9.13458 0 1.24359 11.5679 
0 2.10309 0 0 0.440446 18.9875 0 
19.8528 6.77609 69.7925 45.3809 
11.7277 11.7277 49.4087 49.7136 
6.32531 9.09948 0 1.23841 11.5758 
0 2.10778 0 0 0.441328 18.9159 0 
19.8352 6.81831 69.4766 45.2654 
11.5997 11.5997 49.43 49.808 
6.30114 9.13953 0 1.23952 11.5296 
0 2.10342 0 0 0.440355 18.9839 0 
19.728 6.95332 69.2528 45.0713 
11.0879 11.0879 49.3774 50.0341 
6.28706 9.33922 0 1.21725 11.4606 
0 2.08426 0 0 0.436489 19.2067 0 
19.7871 6.8771 69.3476 45.1634 
11.4014 11.4014 49.3701 49.9085 
6.28779 9.20533 0 1.23058 11.5019 
0 2.0931 0 0 0.438768 19.0724 0 
19.7937 7.03569 69.0309 45.1224 
11.2674 11.2674 49.2615 49.9658 
6.28111 9.27324 0 1.20729 11.4261 
0 2.06357 0 0 0.438573 19.2372 0 
308 variables; iteration 450; function evaluation 535; phase 1
Function value   3.0933765e+02; maximum gradient component mag   7.0886e+01
Var   Value    Gradient   |Var   Value    Gradient   |Var   Value    Gradient
  1 -1.99341   7.6647e-01 |  2  0.18997  -1.7991e+00 |  3  0.18895  -9.4408e-01
  4  0.19698  -1.2678e+00 |  5  0.19492  -2.2424e+00 |  6  0.19158  -5.8964e-01
  7  0.17821   2.4281e-01 |  8  0.17415  -4.1638e-01 |  9  0.17269   3.7177e-02
 10  0.14924  -5.0705e-01 | 11  0.11763  -1.0698e+01 | 12  0.12706  -1.4109e+00
 13  0.10384  -9.1192e-01 | 14  0.05806  -7.3705e-01 | 15 -0.01675  -4.6456e-01
 16 -0.07917   9.0948e-01 | 17 -0.15863   4.0978e-02 | 18 -0.04812   2.6153e+00
 19 -0.28868  -5.8560e-03 | 20 -0.27854   2.0594e-02 | 21 -0.54165  -2.8427e-04
 22  0.10205   6.0154e-01 | 23 -0.17323   1.4617e-03 | 24  0.01435   8.8346e-02
 25  0.08290  -2.2352e-01 | 26  0.12729   1.0131e-01 | 27  0.15312  -3.4944e-01
 28  0.15551  -3.3868e-03 | 29  0.15000  -4.2885e-01 | 30  0.15157  -5.7536e-01
 31  0.15501  -2.0599e+00 | 32  0.14842   3.4319e-01 | 33  0.12881  -6.3249e-01
 34  0.11190  -2.0119e-01 | 35  0.12120  -2.4640e+00 | 36  0.12079  -1.0778e+00
 37  0.09075   2.3049e+00 | 38  0.05351  -2.1955e-01 | 39 -1.98887   2.7735e+00
 40 -0.03730  -2.3757e-01 | 41 -0.08893   3.2480e-01 | 42 -1.85255  -1.7679e-01
 43 -0.01292   4.6275e+00 | 44 -0.05838   4.1021e+00 | 45 -0.10139   2.0972e+00
 46 -0.17019   2.5735e+00 | 47 -0.18339   2.7552e+00 | 48 -0.13974   3.4241e+00
 49 -0.10637   3.2209e+00 | 50 -0.06267   3.6345e+00 | 51 -0.02704   3.9250e+00
 52  0.01280   4.7594e+00 | 53 -0.00904   5.3167e+00 | 54  0.04674   6.4083e+00
 55  0.02937   3.8942e+00 | 56  0.01075   8.2484e-01 | 57  0.11428   5.9303e-01
 58  0.09881  -2.5687e+00 | 59  0.04140   5.0749e-01 | 60 -0.10646   2.6191e+00
 61 -0.07128   2.4634e+00 | 62  0.02225   1.0399e+00 | 63 -0.02726   2.0254e+00
 64 -0.05174   2.0122e+00 | 65 -0.05517   2.4204e+00 | 66 -0.04769   2.2553e+00
 67 -0.06155   3.1838e+00 | 68 -0.04960   3.0700e+00 | 69 -0.06878   3.1720e+00
 70 -0.05407   3.1558e+00 | 71  0.04360   1.2952e+00 | 72  0.03879   1.2093e+00
 73 -0.00082   1.9084e+00 | 74 -0.00018   2.8867e+00 | 75  0.08133   2.3273e+00
 76  0.10217   5.8676e+00 | 77 -0.01780   4.5618e+00 | 78 -0.05764   4.2903e+00
 79  0.08270   5.2749e+00 | 80  0.31491   8.5108e+00 | 81  1.01232  -3.1552e-02
 82 -0.12484   3.1791e+00 | 83 -0.04127   3.3087e+00 | 84  0.04367   3.3390e+00
 85 -0.02003   6.4912e-01 | 86  0.08696   7.5580e-01 | 87  0.21505   3.3329e+00
 88 -0.08674  -2.4845e-01 | 89 -0.20891  -6.1791e-01 | 90 -0.15574  -1.0143e+00
 91 -0.04955  -1.3829e+00 | 92 -0.02455  -1.3306e+00 | 93  0.04121  -3.5509e-01
 94  0.16233   2.5463e-01 | 95  0.01329  -3.7104e-01 | 96  0.00201  -1.7336e-01
 97  0.01572  -6.8289e-02 | 98  0.09543  -4.5043e-02 | 99  0.08999   3.5662e-01
100  0.08461  -1.0800e+00 |101  0.10873  -3.5970e+00 |102 -0.09284  -2.7597e+00
103 -0.10619  -1.7732e+00 |104  0.06160  -1.9169e+00 |105  0.03337  -1.5698e+00
106 -0.04698  -8.4474e-01 |107 -0.05972  -9.8920e-01 |108  0.06539  -1.3247e+00
109  0.10163  -1.1996e+00 |110  0.08638  -1.1928e+00 |111  0.00338  -8.6222e-01
112 -0.12935  -6.4681e-01 |113 -0.14013  -7.0827e-01 |114 -0.03547  -7.3812e-01
115  0.11350  -1.1994e+00 |116  0.01505  -1.4895e+00 |117  0.09810  -1.4605e+00
118  0.05127  -8.1582e-01 |119 -0.00627  -2.3303e-01 |120  0.00143  -3.6370e-01
121  0.11845  -1.7022e+00 |122  0.20333   2.6620e-01 |123 -1.09730  -9.5892e-01
124  0.10372  -2.7057e-01 |125 -0.01063  -3.6304e-01 |126 -0.16731  -3.7741e-01
127  0.00318   9.7163e-03 |128 -0.03351   9.7029e-03 |129 -0.03182   9.7043e-03
130  0.02304   9.7101e-03 |131  0.02399   9.7095e-03 |132 -0.01090   9.7150e-03
133  0.00065   9.7164e-03 |134  0.05847   9.6755e-03 |135 -0.05095   9.6853e-03
136  0.02057   9.7114e-03 |137 -0.04383   9.6934e-03 |138  0.00767   9.7157e-03
139  0.01162   9.7148e-03 |140 -0.01505   9.7137e-03 |141 -0.02314   9.7100e-03
142 -0.02071   9.7113e-03 |143 -0.01569   9.7135e-03 |144 -0.03669   9.7003e-03
145 -0.02337   9.7099e-03 |146  0.06755   9.6618e-03 |147 -0.03238   9.7038e-03
148  0.02156   9.7109e-03 |149 -0.05288   9.6829e-03 |150 -0.00846   9.7156e-03
151  0.02549   9.7086e-03 |152  0.00773   9.7157e-03 |153 -0.02591   9.7084e-03
154 -0.00980   9.7153e-03 |155  0.00946   9.7154e-03 |156  0.01458   9.7139e-03
157  0.02345   9.7098e-03 |158  0.00800   9.7157e-03 |159  0.01984   9.7117e-03
160 -0.05071   9.6856e-03 |161  0.03987   9.6974e-03 |162 -0.00838   9.7156e-03
163  0.00545   9.7161e-03 |164  0.14283   9.4730e-03 |165 -0.00648   9.7159e-03
166  0.01131   9.7149e-03 |167 -0.03172   9.7043e-03 |168 -0.01277   9.7145e-03
169  0.02580   7.0886e+01 |170 -0.01671   1.4843e+01 |171 -0.02366   1.6638e+01
172  0.00053   1.5682e+01 |173  0.04980   1.6858e+01 |174  0.01024   1.2771e+01
175  0.00788   1.3335e+01 |176 -0.01345   1.2464e+01 |177  0.00453   8.9022e+00
178  0.07085   1.1153e+01 |179  0.09174  -2.4615e+00 |180  0.08365   1.1039e+01
181  0.03489   3.2961e+01 |182 -0.06124   1.3308e+01 |183 -0.04926   2.7282e+01
184 -0.04138   1.7686e+01 |185 -0.03874   1.4447e+01 |186 -0.04874   1.2032e+01
187 -0.07176   1.5825e+01 |188 -0.06068   1.3731e+01 |189 -0.00352   1.4956e+01
190  0.00103   1.4157e+01 |191  0.00168   1.4818e+01 |192 -0.00814   1.3123e+01
193 -0.04817   1.3261e+01 |194 -0.10311   1.3087e+01 |195 -0.02951   1.3009e+01
196  0.02863   1.6469e+01 |197 -0.00922   1.4743e+01 |198 -0.02259   1.4580e+01
199 -0.01992   1.2348e+01 |200 -0.01413   1.3218e+01 |201 -0.00627   1.3435e+01
202  0.09183   7.6031e+00 |203  0.08776   8.6540e+00 |204  0.06747   6.5008e+00
205 -0.08036   1.2341e+01 |206 -0.14983   1.2591e+01 |207 -0.16947   1.2340e+01
208 -0.11438   1.3919e+01 |209 -0.07030   1.4228e+01 |210  0.03430   1.2105e+01
211  0.81117   3.7496e+00 |212 -0.05664  -7.9061e+00 |213  0.03624  -2.3197e+00
214  0.04541   2.8059e-08 |215 -0.64733   6.6232e-01 |216 -0.83210   7.3423e-01
217  0.01117  -2.5530e+00 |218 -0.16077  -5.1590e-01 |219 -0.24773  -1.6047e+00
220 -0.05585  -2.0836e+00 |221  0.03477  -1.0031e+00 |222 -0.00209   2.4795e-03
223  0.00904  -5.3578e-01 |224 -0.02882   6.2924e-01 |225 -0.03616   7.9153e-01
226  0.08971  -6.9322e-03 |227  0.07142   3.1726e-01 |228  0.19496  -1.2735e-01
229  0.10404  -4.0539e-01 |230  0.10097   7.5345e-02 |231  0.05067  -8.2360e-01
232  0.05903  -6.3855e-01 |233  0.06536  -1.6618e+00 |234  0.12669  -1.7966e+00
235 -0.11790   1.4561e-01 |236 -0.12326   2.8512e+00 |237  0.00575   1.0865e+00
238  0.02596   1.1010e+00 |239 -0.11449  -3.6091e-01 |240 -0.15207  -1.5865e-03
241 -0.06768   2.7051e-01 |242  0.00862  -5.6621e-02 |243  0.04259   3.0746e-01
244 -0.02430   3.4787e-01 |245 -0.12307  -4.8639e-01 |246 -0.23042  -5.2978e-02
247 -0.09968   7.1772e-01 |248  0.00400  -1.4382e-01 |249  0.04922  -2.4903e-01
250  0.08193   5.0827e-01 |251  0.05676   1.3311e-01 |252 -0.01243   1.0502e+00
253 -0.00044  -9.5734e-01 |254  0.12817  -2.8381e-01 |255  0.19782  -9.0962e-03
256  0.23149  -7.1537e-01 |257 -0.14611  -8.5626e-01 |258  0.09704   5.8646e+00
259  0.14935  -8.5101e+00 |260 -0.86776  -4.2428e+00 |261 -0.84458  -1.9936e+00
262 -1.25164  -1.1497e+00 |263  0.50835   1.9874e+01 |264 -0.41146   2.2737e+01
265 -0.59577   1.6894e+01 |266  1.71671  -2.5708e+01 |267  0.35632   2.4136e+01
268  0.09586   2.8159e+01 |269  0.62341   1.5883e+01 |270  0.23870   2.6503e+01
271 -0.21148   2.6925e+01 |272  0.77297   9.9430e+00 |273 -0.39634   2.3138e+01
274 -0.12455   2.7938e+01 |275 -0.55667   1.8270e+01 |276 -1.04264  -1.9062e+00
277  0.37151   2.3768e+01 |278 -0.39684   2.3125e+01 |279 -0.14368   2.7759e+01
280  0.24164   2.6455e+01 |281  0.57800   1.7527e+01 |282  0.49748   2.0219e+01
283  0.76729   1.0181e+01 |284  0.09464   2.8168e+01 |285  1.12562  -5.5837e+00
286  0.22292   2.6753e+01 |287 -0.47444   2.0932e+01 |288 -1.49960  -2.0127e+01
289  1.32533  -1.3929e+01 |290 -0.78651   9.3735e+00 |291  1.06994  -3.1226e+00
292  0.07366   2.8291e+01 |293  0.83637   7.2401e+00 |294 -0.28827   2.5611e+01
295 -0.42632   2.2330e+01 |296 -0.13165   2.7875e+01 |297 -1.78147  -2.6820e+01
298  0.99096   4.0428e-01 |299 -0.85598   6.3886e+00 |300 -0.56272   1.8061e+01
301 -0.83733   7.1987e+00 |302 -0.98702   5.8076e-01 |303  0.47269   3.6111e-01
304  0.08795  -7.8150e-01 |305 -0.90768  -7.1621e+00 |306  0.25316  -5.2287e-02
307 -0.88069  -1.0586e+01 |308 -0.52510  -4.3068e+00 |
19.596 7.33062 68.775 44.9846 
11.1038 11.1038 49.1716 50.1298 
6.25153 9.37204 0 1.18931 11.4204 
0 2.0138 0 0 0.438459 19.4494 0 
19.6968 7.17163 68.8874 45.045 
11.1922 11.1922 49.2092 50.042 
6.25985 9.30859 0 1.19893 11.4235 
0 2.03738 0 0 0.438479 19.3349 0 
19.5538 7.31887 68.6061 44.9516 
11.3849 11.3849 49.0775 50.1286 
6.251 9.2534 0 1.15604 11.4544 
0 2.0106 0 0 0.437416 19.5563 0 
19.5329 7.327 68.7834 44.8499 
11.2171 11.2171 49.0058 50.1613 
6.28863 9.28728 0 1.14791 11.4411 
0 2.00823 0 0 0.43861 19.5499 0 
19.5838 7.25259 68.87 44.8865 
11.387 11.387 48.9142 50.1032 
6.378 9.19091 0 1.18997 11.357 
0 2.02109 0 0 0.442363 19.4172 0 
19.5478 7.30174 68.7935 44.8561 
11.2698 11.2698 48.9686 50.1423 
6.31935 9.25208 0 1.16284 11.4111 
0 2.01221 0 0 0.439935 19.5023 0 
19.5553 7.27338 68.8879 44.9085 
11.2119 11.2119 48.9891 50.1155 
6.33905 9.26203 0 1.19019 11.3464 
0 2.0095 0 0 0.441474 19.4045 0 
19.6008 7.24991 68.995 45.0382 
11.1357 11.1357 49.0673 49.9982 
6.33059 9.27256 0 1.22234 11.2316 
0 2.00666 0 0 0.443275 19.2708 0 
19.7015 7.20846 69.0678 45.1695 
11.1308 11.1308 49.156 49.8662 
6.30331 9.25284 0 1.23964 11.1466 
0 1.99717 0 0 0.443087 19.1697 0 
19.7123 7.20567 69.0437 45.1487 
11.1576 11.1576 49.1189 49.88 
6.28813 9.24926 0 1.23122 11.1688 
0 1.99862 0 0 0.443608 19.1848 0 
19.7279 7.20521 68.9782 45.1278 
11.2059 11.2059 49.0895 49.8609 
6.27006 9.23254 0 1.22043 11.2155 
0 1.99948 0 0 0.44434 19.2215 0 
19.734 7.19573 68.9066 45.0817 
11.2788 11.2788 49.0278 49.8682 
6.25654 9.21379 0 1.20159 11.2951 
0 1.99894 0 0 0.443797 19.2828 0 
308 variables; iteration 460; function evaluation 547; phase 1
Function value   3.0867762e+02; maximum gradient component mag   2.3396e+01
Var   Value    Gradient   |Var   Value    Gradient   |Var   Value    Gradient
  1 -2.04790   1.1004e+00 |  2  0.19018  -1.1313e+00 |  3  0.18863  -2.5205e-01
  4  0.19676  -1.8326e-01 |  5  0.19476  -6.6698e-01 |  6  0.19114  -4.4196e-01
  7  0.17756   3.3885e-02 |  8  0.17364  -9.7113e-02 |  9  0.17246  -1.2561e-02
 10  0.14807  -5.5498e-01 | 11  0.12558   1.0582e+00 | 12  0.12630  -6.7514e-01
 13  0.10256  -3.5631e-01 | 14  0.05693   2.4287e-01 | 15 -0.01186   2.3822e-02
 16 -0.09694   9.8359e-02 | 17 -0.16119  -8.7050e-03 | 18 -0.12436   4.3224e-01
 19 -0.26842   4.1387e-04 | 20 -0.28368   1.0611e-02 | 21 -0.55184  -3.3763e-04
 22  0.09829   1.5649e-03 | 23 -0.17698  -2.9182e-05 | 24  0.01253   1.9324e-02
 25  0.08316   2.9305e-02 | 26  0.12657  -5.7924e-02 | 27  0.15272  -1.2391e-01
 28  0.15498  -1.8291e-01 | 29  0.14979  -1.3038e-01 | 30  0.15158   6.5420e-02
 31  0.15587   4.8393e-01 | 32  0.14759  -1.0845e-01 | 33  0.12923  -1.2419e-02
 34  0.11241  -2.5306e-01 | 35  0.12253   3.2309e-01 | 36  0.11908  -4.7255e-01
 37  0.08869   8.2633e-03 | 38  0.05183   1.5430e-01 | 39 -2.00349   1.0063e+00
 40 -0.03916  -4.1424e-02 | 41 -0.09636  -5.3028e-02 | 42 -1.84590  -1.8060e-02
 43 -0.01608   5.1245e-01 | 44 -0.06534   3.3173e-01 | 45 -0.08816   2.9527e-01
 46 -0.16635   1.9156e-01 | 47 -0.18330   8.4745e-02 | 48 -0.14508   1.1406e-01
 49 -0.10639   1.3969e-01 | 50 -0.06540  -1.1011e-01 | 51 -0.02814  -2.1537e-01
 52  0.01067  -7.2697e-01 | 53 -0.00561  -8.0689e-01 | 54  0.02593  -1.4817e+00
 55  0.03374  -7.4380e-01 | 56  0.02061  -2.3125e+00 | 57  0.09320  -1.3701e+00
 58  0.11132  -1.1260e+00 | 59  0.03389  -5.7403e-01 | 60 -0.10790   1.0827e-01
 61 -0.07178  -6.7980e-03 | 62  0.03428  -3.2034e-01 | 63 -0.02286   2.6222e-02
 64 -0.04449   1.9110e-01 | 65 -0.05219   2.1436e-01 | 66 -0.03993   2.9058e-01
 67 -0.06600   1.6881e-01 | 68 -0.05233   1.1102e-01 | 69 -0.07334   1.3288e-01
 70 -0.06174   1.1389e-01 | 71  0.05213   1.5888e-01 | 72  0.04429   5.0016e-02
 73  0.00402   1.6118e-01 | 74 -0.00309   1.9527e-01 | 75  0.10046   2.0613e-01
 76  0.08026   2.0578e-02 | 77 -0.02195  -6.1939e-03 | 78 -0.05859   6.7915e-02
 79  0.08415   1.6024e-02 | 80  0.31582   4.0949e-02 | 81  1.08947   2.1752e-01
 82 -0.12417   1.8306e-01 | 83 -0.04248   1.2553e-01 | 84  0.04315   1.5294e-01
 85 -0.03908  -1.1160e-02 | 86  0.09607   3.0574e-01 | 87  0.21324   4.1080e-01
 88 -0.08965   2.8457e-02 | 89 -0.20849  -4.2210e-02 | 90 -0.15029   3.0155e-02
 91 -0.04398  -6.6203e-02 | 92 -0.01921  -1.2333e-01 | 93  0.03770  -9.3154e-02
 94  0.16116  -3.7156e-01 | 95  0.01308  -2.1153e-01 | 96 -0.00012  -2.3951e-01
 97  0.01389  -2.4587e-01 | 98  0.09823  -3.8279e-01 | 99  0.08657  -7.4850e-01
100  0.08859  -7.6114e-01 |101  0.10933  -1.0126e+00 |102 -0.07627  -3.5560e-01
103 -0.10245  -2.8350e-01 |104  0.05230  -5.4512e-01 |105  0.03863  -2.1808e-01
106 -0.04718  -1.9031e-01 |107 -0.05936  -2.0367e-01 |108  0.06836  -3.2833e-01
109  0.09885  -2.3275e-01 |110  0.08607  -4.7673e-02 |111  0.00873   8.1111e-03
112 -0.12901  -7.3934e-02 |113 -0.14155  -2.9621e-02 |114 -0.03783  -7.6976e-02
115  0.11531   8.3761e-03 |116  0.02283   4.5215e-02 |117  0.09386   4.6609e-02
118  0.04330   2.6196e-02 |119 -0.01221  -6.7235e-02 |120  0.00467  -9.6661e-02
121  0.12945  -3.0169e-01 |122  0.20081  -5.0358e-01 |123 -1.01790  -1.9124e-01
124  0.10823  -9.5879e-02 |125 -0.01813  -1.6027e-01 |126 -0.17442  -1.0302e-01
127 -0.01137  -1.0080e-01 |128 -0.03331  -1.0068e-01 |129 -0.03147  -1.0069e-01
130  0.01005  -1.0081e-01 |131  0.01110  -1.0080e-01 |132 -0.01052  -1.0080e-01
133  0.00113  -1.0082e-01 |134  0.06190  -1.0034e-01 |135 -0.05274  -1.0047e-01
136  0.02197  -1.0076e-01 |137 -0.04405  -1.0058e-01 |138  0.00835  -1.0081e-01
139  0.01247  -1.0080e-01 |140 -0.01467  -1.0079e-01 |141 -0.02275  -1.0075e-01
142 -0.02032  -1.0077e-01 |143 -0.01531  -1.0079e-01 |144 -0.03608  -1.0066e-01
145 -0.02297  -1.0075e-01 |146  0.07130  -1.0019e-01 |147 -0.03204  -1.0069e-01
148  0.02303  -1.0075e-01 |149 -0.05763  -1.0040e-01 |150 -0.00808  -1.0081e-01
151  0.02724  -1.0073e-01 |152  0.00841  -1.0081e-01 |153 -0.02551  -1.0074e-01
154 -0.00942  -1.0081e-01 |155  0.01021  -1.0080e-01 |156  0.01559  -1.0079e-01
157  0.02505  -1.0074e-01 |158  0.00869  -1.0081e-01 |159  0.02119  -1.0076e-01
160 -0.05238  -1.0048e-01 |161  0.04252  -1.0059e-01 |162 -0.00800  -1.0081e-01
163  0.00605  -1.0081e-01 |164  0.16156  -9.7588e-02 |165 -0.00609  -1.0081e-01
166  0.01214  -1.0080e-01 |167 -0.03137  -1.0070e-01 |168 -0.01240  -1.0080e-01
169  0.02592   2.3396e+01 |170 -0.01743  -1.0043e+00 |171 -0.02360   6.2667e-01
172  0.00092   7.6024e-02 |173  0.04877   7.6255e-01 |174  0.00930   5.3301e-01
175  0.00685   1.0617e+00 |176 -0.01528   5.5403e-01 |177  0.00565   1.2309e+00
178  0.06906   8.8005e-01 |179  0.09168   4.4975e+00 |180  0.08173   3.2381e+00
181  0.02896   4.3854e+00 |182 -0.05317   1.0957e+00 |183 -0.06047   4.6632e-01
184 -0.04004   2.2595e-01 |185 -0.03882   8.2993e-01 |186 -0.04859  -7.5678e-01
187 -0.07184   4.1541e-01 |188 -0.05841   1.0408e+00 |189 -0.00308   2.9938e-01
190  0.00121  -7.9063e-01 |191  0.00073  -1.4207e+00 |192 -0.00780   5.3734e-01
193 -0.04941  -7.0023e-02 |194 -0.10339   3.5272e-01 |195 -0.02886  -1.0597e-01
196  0.02892  -4.7482e-01 |197 -0.00801   2.3738e-01 |198 -0.02181  -1.6099e-01
199 -0.01969   3.2217e-01 |200 -0.01456  -2.6861e-01 |201 -0.00563   2.3120e-02
202  0.09047   3.3063e-01 |203  0.08601  -4.0648e-02 |204  0.06830   1.0178e+00
205 -0.08223  -7.8530e-02 |206 -0.14907   1.1095e-01 |207 -0.16890   3.8186e-02
208 -0.11408  -1.5665e-01 |209 -0.07176  -2.5071e-01 |210  0.03515   9.2387e-02
211  0.84768   4.5125e-02 |212 -0.05658  -1.0653e+01 |213  0.03585  -4.0702e+00
214  0.04540   2.8055e-08 |215 -0.65160   2.1279e-02 |216 -0.83875  -6.2969e-01
217  0.01910   7.2935e-01 |218 -0.16241   1.9069e-02 |219 -0.24969  -4.7229e-01
220 -0.05473  -4.2042e-01 |221  0.03468  -2.9758e-01 |222 -0.00309   3.2707e-02
223  0.00909  -3.4731e-01 |224 -0.02963  -5.6273e-01 |225 -0.03627  -1.2476e-01
226  0.08938  -3.2976e-01 |227  0.07049   1.6124e-02 |228  0.19549  -1.1989e-01
229  0.10484   1.7036e-02 |230  0.09862   1.0284e-01 |231  0.04963  -3.3528e-02
232  0.05715  -3.4544e-02 |233  0.06360   6.6049e-02 |234  0.12730  -3.6506e-01
235 -0.11636   2.3702e-01 |236 -0.12367   1.6716e-01 |237  0.00550   8.1341e-02
238  0.02604   2.7894e-01 |239 -0.11226  -1.2367e-01 |240 -0.15071  -1.2985e-01
241 -0.06506   2.2952e-01 |242  0.01262   1.5273e-01 |243  0.04353  -9.5511e-02
244 -0.02242  -2.6457e-02 |245 -0.12199   1.0519e-02 |246 -0.23432  -4.6222e-01
247 -0.10433  -2.5801e-01 |248  0.00198  -2.0650e-01 |249  0.05342   6.2256e-02
250  0.08367  -8.6490e-02 |251  0.05556  -2.4084e-01 |252 -0.01665  -2.1959e-01
253 -0.00210  -1.4534e-01 |254  0.13323  -3.1697e-02 |255  0.19818  -3.1072e-02
256  0.23310  -6.2305e-02 |257 -0.14578  -1.8531e-01 |258  0.09611   2.6005e+00
259  0.14956  -1.0186e+00 |260 -0.86785   2.0815e+00 |261 -0.84444  -1.0473e+00
262 -1.18471   2.7095e-01 |263  0.51938   2.8358e-02 |264 -0.36564   3.4743e-02
265 -0.58886   2.4906e-02 |266  1.75121  -3.8263e-02 |267  0.33596   3.5753e-02
268  0.05119   4.1249e-02 |269  0.62015   2.3252e-02 |270  0.24119   3.8448e-02
271 -0.23553   3.8582e-02 |272  0.73423   1.6778e-02 |273 -0.36073   3.4915e-02
274 -0.14952   4.0246e-02 |275 -0.52924   2.7888e-02 |276 -1.04745  -3.0810e-03
277  0.37970   3.4237e-02 |278 -0.40364   3.3339e-02 |279 -0.13331   4.0478e-02
280  0.27223   3.7656e-02 |281  0.59031   2.4831e-02 |282  0.45023   3.1458e-02
283  0.80283   1.2613e-02 |284  0.09521   4.0920e-02 |285  1.12142  -7.8453e-03
286  0.23530   3.8588e-02 |287 -0.50432   2.9062e-02 |288 -1.53683  -3.0905e-02
289  1.32634  -2.0296e-02 |290 -0.79063   1.3365e-02 |291  1.09908  -6.4145e-03
292  0.05213   4.1244e-02 |293  0.84750   9.8183e-03 |294 -0.25520   3.8102e-02
295 -0.40635   3.3235e-02 |296 -0.15200   4.0208e-02 |297 -1.80913  -3.9536e-02
298  0.98192   1.1762e-03 |299 -0.84079   1.0241e-02 |300 -0.59096   2.4797e-02
301 -0.83903   1.0352e-02 |302 -0.97084   1.8943e-03 |303  0.47159   6.3922e-02
304  0.08748  -2.1709e-01 |305 -0.90712  -1.9504e+00 |306  0.25209  -5.4761e-01
307 -0.87987   1.9538e+00 |308 -0.52481   1.6560e+00 |
19.7207 7.17759 68.9044 45.0986 
11.257 11.257 49.0066 49.8453 
6.26133 9.21114 0 1.1937 11.3398 
0 2.00192 0 0 0.443779 19.3118 0 
19.6679 7.15921 68.9036 45.0984 
11.2007 11.2007 48.9429 49.836 
6.28009 9.235 0 1.18284 11.4079 
0 2.01168 0 0 0.443928 19.3797 0 
19.6304 7.14986 69.0081 45.0867 
11.1035 11.1035 48.8607 49.8323 
6.29966 9.27481 0 1.18047 11.4297 
0 2.01863 0 0 0.444694 19.4143 0 
19.6011 7.14171 68.9275 45.0892 
11.1886 11.1886 48.9059 49.8547 
6.30165 9.25688 0 1.18119 11.4013 
0 2.0175 0 0 0.444625 19.4027 0 
19.605 7.12962 68.9266 45.0955 
11.2213 11.2213 48.9235 49.8499 
6.29758 9.25784 0 1.1838 11.3768 
0 2.01461 0 0 0.444929 19.38 0 
19.6132 7.1379 68.9264 45.0946 
11.2434 11.2434 48.9418 49.8582 
6.29666 9.26383 0 1.18792 11.315 
0 2.0116 0 0 0.445033 19.3578 0 
19.6191 7.15788 68.9196 45.085 
11.2399 11.2399 48.9455 49.8711 
6.29838 9.26754 0 1.1889 11.2845 
0 2.00778 0 0 0.444827 19.356 0 
19.6291 7.18202 68.9444 45.0818 
11.1884 11.1884 48.9364 49.8809 
6.30082 9.28199 0 1.19119 11.2632 
0 2.00546 0 0 0.443928 19.3514 0 
19.6173 7.20076 68.9176 45.0805 
11.1732 11.1732 48.9385 49.894 
6.30222 9.27216 0 1.18779 11.277 
0 2.00497 0 0 0.443099 19.3646 0 
19.5951 7.20938 68.8848 45.0913 
11.1453 11.1453 48.9469 49.9038 
6.29819 9.2715 0 1.17627 11.3124 
0 2.00667 0 0 0.441829 19.3814 0 
308 variables; iteration 470; function evaluation 557; phase 1
Function value   3.0854047e+02; maximum gradient component mag   2.7540e+01
Var   Value    Gradient   |Var   Value    Gradient   |Var   Value    Gradient
  1 -2.13245   1.8956e-02 |  2  0.18624   1.0738e+00 |  3  0.18903   3.2637e-01
  4  0.19648   9.3644e-01 |  5  0.19468   1.2369e-01 |  6  0.19098   1.2398e-01
  7  0.17740   8.0104e-02 |  8  0.17343  -3.0082e-02 |  9  0.17222   1.7970e-01
 10  0.14805  -2.6003e-01 | 11  0.12435  -2.9837e-01 | 12  0.12653   2.5151e-02
 13  0.10294   6.5219e-01 | 14  0.05682   3.2826e-02 | 15 -0.01063   2.5497e-02
 16 -0.12204  -4.1895e-01 | 17 -0.15540  -6.6606e-03 | 18 -0.19263   5.4815e-02
 19 -0.26393  -1.2085e-04 | 20 -0.30986   3.2509e-03 | 21 -0.57467  -3.4915e-04
 22  0.09944   2.3228e-02 | 23 -0.17576   6.9833e-05 | 24  0.01159   1.4282e-02
 25  0.08389   2.9180e-02 | 26  0.12671   1.3375e-01 | 27  0.15304   1.4630e-01
 28  0.15540  -3.3272e-02 | 29  0.14993  -2.0409e-01 | 30  0.15177  -1.0029e-01
 31  0.15614   2.7822e-01 | 32  0.14794  -6.1057e-02 | 33  0.12944   7.4509e-02
 34  0.11265  -2.3531e-04 | 35  0.12261   1.2376e-01 | 36  0.11961   4.4499e-01
 37  0.08938  -2.4462e-01 | 38  0.05234  -6.7038e-02 | 39 -2.00749   9.0311e-03
 40 -0.03830  -4.9011e-02 | 41 -0.09430   3.0354e-02 | 42 -1.84613   2.3088e-02
 43 -0.01904  -1.4876e-01 | 44 -0.06653  -1.5629e-01 | 45 -0.08993  -1.1591e-01
 46 -0.16699   4.2195e-02 | 47 -0.18357  -1.2046e-03 | 48 -0.14543  -6.3867e-04
 49 -0.10764  -3.8219e-02 | 50 -0.06460  -7.3405e-02 | 51 -0.02848  -1.5268e-01
 52  0.01239  -2.9819e-01 | 53 -0.00478  -1.6764e-01 | 54  0.03126  -1.3316e-01
 55  0.02216  -1.6039e-01 | 56  0.03741  -1.2098e-01 | 57  0.09040  -1.4771e-01
 58  0.10884  -2.5058e-01 | 59  0.03546  -4.8355e-02 | 60 -0.10940   8.8679e-02
 61 -0.07281   4.5898e-02 | 62  0.03768   1.0576e-01 | 63 -0.02182   1.5540e-01
 64 -0.04560  -7.5587e-03 | 65 -0.05311  -9.3255e-02 | 66 -0.04266  -2.0038e-01
 67 -0.06715  -1.8700e-01 | 68 -0.05185  -1.1174e-01 | 69 -0.07317  -5.8145e-02
 70 -0.06128  -2.3124e-02 | 71  0.05311   3.3698e-02 | 72  0.04601   2.9338e-02
 73  0.00377   5.3374e-02 | 74 -0.00373   5.0285e-02 | 75  0.09905   2.6317e-02
 76  0.08123  -3.7681e-02 | 77 -0.02105   6.9283e-03 | 78 -0.05922   5.1980e-03
 79  0.08297  -1.5822e-01 | 80  0.31574  -3.6030e-01 | 81  1.06148   1.4941e-01
 82 -0.12520   1.0043e-01 | 83 -0.04274   1.1624e-01 | 84  0.04215   1.1542e-01
 85 -0.03714   1.6335e-01 | 86  0.09585   1.4506e-01 | 87  0.21331  -4.0485e-01
 88 -0.08950  -5.0256e-03 | 89 -0.20802   1.1260e-01 | 90 -0.15098   1.3102e-01
 91 -0.04376   7.2619e-02 | 92 -0.01951   3.7092e-02 | 93  0.03680   6.7882e-02
 94  0.16160  -4.5653e-02 | 95  0.01320   4.2169e-02 | 96 -0.00095   3.4593e-02
 97  0.01454   6.7950e-02 | 98  0.09901   1.1401e-01 | 99  0.08574  -9.1482e-02
100  0.08755  -1.3637e-01 |101  0.10984  -1.7179e-01 |102 -0.07664   7.4457e-02
103 -0.10128   1.2715e-01 |104  0.05490   1.8031e-02 |105  0.03576   8.3174e-02
106 -0.04960   8.2694e-02 |107 -0.06075   1.1341e-01 |108  0.06761   7.0233e-02
109  0.09976   3.0188e-02 |110  0.08604   9.0672e-03 |111  0.00728   3.8278e-02
112 -0.12795   1.3225e-01 |113 -0.14005   1.4617e-01 |114 -0.03614   1.4613e-01
115  0.11455   1.0612e-01 |116  0.02113   1.5197e-01 |117  0.09454   1.1879e-01
118  0.04358   1.2373e-01 |119 -0.01283   1.5946e-01 |120  0.00303   1.2929e-01
121  0.13096   2.3291e-01 |122  0.20075  -3.7765e-02 |123 -1.00374  -4.1508e-02
124  0.10796   1.8597e-01 |125 -0.01582   2.0495e-01 |126 -0.17339   1.7944e-01
127  0.00189   1.0825e-02 |128 -0.05212   1.0789e-02 |129 -0.03127   1.0812e-02
130  0.02458   1.0817e-02 |131  0.02572   1.0816e-02 |132 -0.01194   1.0823e-02
133 -0.00052   1.0825e-02 |134  0.05797   1.0780e-02 |135 -0.04708   1.0795e-02
136  0.01982   1.0820e-02 |137 -0.04141   1.0802e-02 |138  0.00661   1.0824e-02
139  0.01065   1.0823e-02 |140 -0.01593   1.0821e-02 |141 -0.02349   1.0817e-02
142 -0.02125   1.0819e-02 |143 -0.01654   1.0821e-02 |144 -0.05493   1.0785e-02
145 -0.02370   1.0817e-02 |146  0.06728   1.0764e-02 |147 -0.03176   1.0811e-02
148  0.02082   1.0819e-02 |149 -0.04871   1.0793e-02 |150 -0.00958   1.0824e-02
151  0.02480   1.0817e-02 |152  0.00667   1.0824e-02 |153 -0.02601   1.0816e-02
154 -0.01088   1.0823e-02 |155  0.00844   1.0824e-02 |156  0.01369   1.0822e-02
157  0.02274   1.0818e-02 |158  0.00695   1.0824e-02 |159  0.01907   1.0820e-02
160 -0.04689   1.0795e-02 |161  0.03921   1.0804e-02 |162 -0.00949   1.0824e-02
163  0.00435   1.0825e-02 |164  0.18707   1.0361e-02 |165 -0.00763   1.0824e-02
166  0.01033   1.0823e-02 |167 -0.03118   1.0812e-02 |168 -0.01375   1.0822e-02
169  0.02611   2.7540e+01 |170 -0.02091   1.0417e-01 |171 -0.02278  -3.3743e-01
172  0.00077  -7.6112e-01 |173  0.04859  -9.0660e-02 |174  0.00877  -2.8069e-01
175  0.00697   4.0646e-01 |176 -0.01536  -5.4015e-01 |177  0.00609  -5.4612e-01
178  0.06987  -6.9388e-01 |179  0.09177   3.8496e-01 |180  0.08184  -1.5296e-01
181  0.02820   5.6662e-01 |182 -0.05294  -8.6475e-01 |183 -0.05995  -6.9269e-01
184 -0.04048  -9.2039e-01 |185 -0.03861  -7.8122e-01 |186 -0.04859  -1.1705e+00
187 -0.07164  -6.0159e-01 |188 -0.05791  -6.7186e-01 |189 -0.00301  -7.3312e-01
190  0.00119  -4.7245e-01 |191  0.00035  -2.8156e-01 |192 -0.00814  -1.5917e-01
193 -0.05028  -3.1068e-01 |194 -0.10300  -8.5050e-01 |195 -0.02821  -8.1337e-01
196  0.02923  -4.2719e-01 |197 -0.00843  -7.5304e-01 |198 -0.02138  -1.0829e+00
199 -0.01986  -7.6633e-01 |200 -0.01471  -9.4644e-01 |201 -0.00431  -9.5262e-01
202  0.09063  -6.2676e-01 |203  0.08635  -2.0881e-01 |204  0.06739  -6.0874e-01
205 -0.08240  -1.0143e+00 |206 -0.14882  -9.3259e-01 |207 -0.16821  -9.5277e-01
208 -0.11314  -9.1762e-01 |209 -0.07176  -1.0479e+00 |210  0.03590  -9.6041e-01
211  0.84122  -2.2719e-01 |212 -0.05632  -6.6164e+00 |213  0.03590  -4.7316e+00
214  0.04541   2.8057e-08 |215 -0.65578   1.2308e-01 |216 -0.84526   2.2166e-01
217  0.01676   3.4798e+00 |218 -0.16325   1.9987e-02 |219 -0.24884  -1.2727e-02
220 -0.05404  -4.5377e-02 |221  0.03525  -8.3341e-02 |222 -0.00231   1.6067e-02
223  0.00828   2.5782e-02 |224 -0.02879  -8.8890e-03 |225 -0.03600   9.1299e-02
226  0.08967   8.7941e-03 |227  0.06998   4.6336e-02 |228  0.19518  -3.7535e-02
229  0.10430   6.8044e-02 |230  0.09854   1.2483e-01 |231  0.04976  -4.2820e-02
232  0.05778  -1.2752e-02 |233  0.06429   1.1372e-01 |234  0.12717  -1.3034e-01
235 -0.11622   6.9788e-02 |236 -0.12348   3.3215e-02 |237  0.00626   1.1924e-01
238  0.02555  -2.8632e-02 |239 -0.11259  -4.4037e-02 |240 -0.15097  -9.2921e-03
241 -0.06596   6.9810e-02 |242  0.01185   1.2238e-02 |243  0.04303  -4.2248e-02
244 -0.02338   8.5259e-02 |245 -0.12242   1.3277e-01 |246 -0.23340   4.4210e-02
247 -0.10328   7.2454e-02 |248  0.00251  -7.2257e-02 |249  0.05285  -2.7896e-02
250  0.08325  -9.4628e-03 |251  0.05608  -2.0796e-02 |252 -0.01646  -8.1341e-03
253 -0.00265   2.2475e-02 |254  0.13283  -6.3944e-03 |255  0.19867   5.0790e-02
256  0.23247  -8.3485e-02 |257 -0.14572   2.0800e-03 |258  0.09628  -6.2353e+00
259  0.14968   2.1553e+00 |260 -0.86788  -4.3566e-01 |261 -0.84436   4.4669e-01
262 -1.20705  -6.5845e-01 |263  0.49785   1.5123e+00 |264 -0.35756   1.8041e+00
265 -0.54285   1.4024e+00 |266  1.73909  -1.9550e+00 |267  0.30845   1.8862e+00
268  0.02389   2.1300e+00 |269  0.62790   1.1761e+00 |270  0.25958   1.9568e+00
271 -0.23396   1.9892e+00 |272  0.73888   8.4997e-01 |273 -0.35979   1.8001e+00
274 -0.15057   2.0722e+00 |275 -0.52843   1.4384e+00 |276 -1.03842  -1.2856e-01
277  0.35969   1.8003e+00 |278 -0.39225   1.7396e+00 |279 -0.12452   2.0909e+00
280  0.27736   1.9324e+00 |281  0.61838   1.2026e+00 |282  0.46280   1.5927e+00
283  0.84175   5.2441e-01 |284  0.08251   2.1137e+00 |285  1.11664  -3.8835e-01
286  0.23392   1.9893e+00 |287 -0.53697   1.4172e+00 |288 -1.51809  -1.5494e+00
289  1.32088  -1.0294e+00 |290 -0.79375   6.7856e-01 |291  1.06850  -2.2890e-01
292  0.05674   2.1231e+00 |293  0.84315   5.1988e-01 |294 -0.29595   1.9053e+00
295 -0.41237   1.6998e+00 |296 -0.12151   2.0928e+00 |297 -1.81579  -2.0429e+00
298  0.96039   1.3253e-01 |299 -0.83217   5.5545e-01 |300 -0.60394   1.2422e+00
301 -0.82396   5.8192e-01 |302 -0.95699   1.4391e-01 |303  0.47198  -4.7353e+00
304  0.08864  -3.6012e-01 |305 -0.90727  -7.4401e-01 |306  0.25193  -1.6177e-01
307 -0.87921   1.9931e+00 |308 -0.52469   3.7061e-01 |
19.5835 7.20175 68.8869 45.0918 
11.1518 11.1518 48.9416 49.9068 
6.29483 9.26598 0 1.17184 11.332 
0 2.00735 0 0 0.441961 19.3843 0 
19.5829 7.18924 68.8867 45.098 
11.1665 11.1665 48.9445 49.9036 
6.28343 9.27173 0 1.16658 11.3427 
0 2.007 0 0 0.442289 19.3765 0 
19.594 7.17738 68.8869 45.0987 
11.1831 11.1831 48.9479 49.9034 
6.27704 9.27559 0 1.16702 11.3413 
0 2.00618 0 0 0.442658 19.3623 0 
19.6064 7.17461 68.8812 45.0998 
11.1907 11.1907 48.9504 49.9033 
6.2747 9.27917 0 1.16996 11.3347 
0 2.00566 0 0 0.442851 19.3502 0 
19.6184 7.17217 68.8779 45.1014 
11.1907 11.1907 48.9533 49.9014 
6.27486 9.28166 0 1.17246 11.3288 
0 2.00572 0 0 0.442891 19.3425 0 
19.6257 7.17188 68.8777 45.1025 
11.1882 11.1882 48.9539 49.9 
6.27725 9.27824 0 1.17562 11.3251 
0 2.00611 0 0 0.442923 19.3371 0 
19.6281 7.17042 68.8787 45.1049 
11.1805 11.1805 48.9557 49.8942 
6.27926 9.27842 0 1.17612 11.3251 
0 2.00672 0 0 0.442898 19.3398 0 
19.6231 7.16954 68.8859 45.1039 
11.1747 11.1747 48.9567 49.8883 
6.28133 9.27522 0 1.1753 11.3262 
0 2.00739 0 0 0.442961 19.3465 0 
19.6141 7.16879 68.89 45.1017 
11.1694 11.1694 48.9584 49.8809 
6.28229 9.27802 0 1.17216 11.3286 
0 2.00754 0 0 0.443034 19.3595 0 
19.6053 7.17035 68.893 45.0954 
11.1698 11.1698 48.9591 49.8773 
6.28339 9.28031 0 1.16975 11.3284 
0 2.00731 0 0 0.443148 19.3688 0 
308 variables; iteration 480; function evaluation 567; phase 1
Function value   3.0852713e+02; maximum gradient component mag  -6.9373e+00
Var   Value    Gradient   |Var   Value    Gradient   |Var   Value    Gradient
  1 -2.13578  -9.0401e-03 |  2  0.18568   5.6630e-02 |  3  0.18941   4.1324e-04
  4  0.19624   2.5844e-02 |  5  0.19481   1.0391e-01 |  6  0.19103   5.2666e-02
  7  0.17750   2.7040e-02 |  8  0.17352   2.0645e-02 |  9  0.17228   1.4115e-01
 10  0.14825  -3.5001e-02 | 11  0.12470   1.5007e-01 | 12  0.12661   5.2505e-02
 13  0.10258   1.4105e-01 | 14  0.05666  -1.0027e-01 | 15 -0.01118   3.5517e-02
 16 -0.09706   3.5602e-02 | 17 -0.15780  -4.5120e-03 | 18 -0.21315   2.3935e-02
 19 -0.26744  -1.2986e-04 | 20 -0.31237   3.2474e-03 | 21 -0.56682  -3.4467e-04
 22  0.09956   3.5642e-02 | 23 -0.17591   1.7743e-05 | 24  0.01071  -1.6713e-02
 25  0.08391   2.5884e-02 | 26  0.12655   5.9724e-02 | 27  0.15290  -7.0733e-02
 28  0.15547   1.1923e-01 | 29  0.14997  -1.8565e-02 | 30  0.15178  -1.7323e-02
 31  0.15599  -1.1000e-02 | 32  0.14790  -6.6346e-03 | 33  0.12930  -6.3352e-02
 34  0.11272  -1.9861e-02 | 35  0.12255  -1.0641e-01 | 36  0.11951   1.2717e-01
 37  0.08911   1.2002e-01 | 38  0.05222  -3.2054e-02 | 39 -2.00756  -2.8475e-02
 40 -0.03836  -1.3041e-02 | 41 -0.09463   1.6835e-02 | 42 -1.84628   1.7379e-04
 43 -0.01900   2.7522e-03 | 44 -0.06597   6.1177e-02 | 45 -0.08935   9.2502e-02
 46 -0.16756   6.4403e-02 | 47 -0.18289   1.2778e-01 | 48 -0.14577   4.8451e-02
 49 -0.10826   2.3562e-02 | 50 -0.06526   3.3568e-02 | 51 -0.02817   9.0392e-02
 52  0.01445   1.8686e-01 | 53 -0.00448   2.1300e-01 | 54  0.03039   3.2576e-01
 55  0.01999   2.0743e-01 | 56  0.03803   3.7613e-01 | 57  0.08891   2.4540e-01
 58  0.10874   1.1584e-01 | 59  0.03613   1.3260e-01 | 60 -0.10969   5.7441e-02
 61 -0.07258   5.3655e-02 | 62  0.03614   3.2725e-02 | 63 -0.02344   6.2341e-02
 64 -0.04514   8.4820e-02 | 65 -0.05264   4.7741e-02 | 66 -0.04111   8.2699e-02
 67 -0.06612   5.1469e-02 | 68 -0.05119   8.4557e-02 | 69 -0.07285   5.8888e-02
 70 -0.06137   2.3699e-02 | 71  0.05305   9.4268e-02 | 72  0.04551   5.5842e-02
 73  0.00356   6.9603e-02 | 74 -0.00374   5.4828e-02 | 75  0.09870   6.9612e-02
 76  0.08157   1.0445e-01 | 77 -0.02147   5.9842e-02 | 78 -0.05956   2.1906e-02
 79  0.08370  -1.6163e-02 | 80  0.31542  -2.1229e-01 | 81  1.03029   7.5686e-02
 82 -0.12522   5.8054e-02 | 83 -0.04315   4.1714e-02 | 84  0.04156   5.0275e-02
 85 -0.03738  -2.5748e-02 | 86  0.09524  -5.5391e-02 | 87  0.21413  -1.9207e-01
 88 -0.08728  -2.3354e-02 | 89 -0.20716  -6.3526e-03 | 90 -0.15126  -1.4048e-02
 91 -0.04411  -2.3056e-02 | 92 -0.01862   1.0777e-02 | 93  0.03672  -3.0249e-02
 94  0.16143   1.7299e-02 | 95  0.01205  -2.7050e-02 | 96 -0.00217  -9.2552e-03
 97  0.01424   2.4055e-02 | 98  0.09822   1.0837e-01 | 99  0.08606   7.1274e-02
100  0.08790   6.6255e-02 |101  0.10992   8.7451e-02 |102 -0.07681   2.0783e-02
103 -0.10189   8.8401e-03 |104  0.05517   5.2784e-02 |105  0.03663   1.2148e-02
106 -0.04805  -2.7468e-02 |107 -0.05974  -1.3070e-02 |108  0.06803  -3.2940e-02
109  0.09990  -3.2575e-02 |110  0.08574  -2.7519e-02 |111  0.00747  -7.3511e-03
112 -0.12869  -2.4953e-02 |113 -0.14129  -4.0333e-02 |114 -0.03670  -2.3148e-02
115  0.11452  -7.6114e-02 |116  0.02098  -3.7988e-02 |117  0.09432  -4.0475e-02
118  0.04356  -2.5792e-02 |119 -0.01249  -7.7073e-03 |120  0.00339  -3.4710e-02
121  0.13024   5.3007e-02 |122  0.20085  -5.4889e-02 |123 -1.00599  -6.4601e-02
124  0.10808  -2.5148e-02 |125 -0.01656  -2.6904e-02 |126 -0.17376  -2.3043e-02
127  0.00088   1.8544e-02 |128 -0.05668   1.8471e-02 |129 -0.03008   1.8524e-02
130  0.02203   1.8533e-02 |131  0.02310   1.8532e-02 |132 -0.01132   1.8541e-02
133 -0.00007   1.8544e-02 |134  0.05806   1.8467e-02 |135 -0.04442   1.8499e-02
136  0.02008   1.8535e-02 |137 -0.03955   1.8509e-02 |138  0.00698   1.8543e-02
139  0.01099   1.8542e-02 |140 -0.01523   1.8539e-02 |141 -0.02260   1.8533e-02
142 -0.02042   1.8535e-02 |143 -0.01582   1.8539e-02 |144 -0.05958   1.8463e-02
145 -0.02280   1.8533e-02 |146  0.06732   1.8441e-02 |147 -0.03055   1.8523e-02
148  0.02108   1.8534e-02 |149 -0.04530   1.8497e-02 |150 -0.00900   1.8543e-02
151  0.02504   1.8530e-02 |152  0.00705   1.8543e-02 |153 -0.02503   1.8530e-02
154 -0.01028   1.8542e-02 |155  0.00880   1.8543e-02 |156  0.01401   1.8540e-02
157  0.02298   1.8532e-02 |158  0.00732   1.8543e-02 |159  0.01934   1.8536e-02
160 -0.04427   1.8500e-02 |161  0.03938   1.8509e-02 |162 -0.00891   1.8543e-02
163  0.00474   1.8544e-02 |164  0.17434   1.7853e-02 |165 -0.00708   1.8543e-02
166  0.01068   1.8542e-02 |167 -0.02999   1.8524e-02 |168 -0.01310   1.8540e-02
169  0.02609  -6.9373e+00 |170 -0.02106  -1.9018e-01 |171 -0.02269  -2.7385e-01
172  0.00094  -1.1205e-01 |173  0.04852  -2.6196e-01 |174  0.00875  -6.1783e-02
175  0.00680   2.6385e-01 |176 -0.01515  -6.9706e-02 |177  0.00581  -7.0069e-01
178  0.07011  -3.2684e-01 |179  0.09138  -9.8187e-01 |180  0.08162  -3.5395e-01
181  0.02728  -1.0815e+00 |182 -0.05247  -1.3445e-01 |183 -0.06037  -2.2496e-01
184 -0.04027   4.5008e-02 |185 -0.03860  -6.3372e-02 |186 -0.04853  -1.9261e-01
187 -0.07166  -2.6261e-02 |188 -0.05788  -6.5377e-02 |189 -0.00295  -1.1506e-01
190  0.00137  -4.0207e-02 |191  0.00050  -8.7824e-02 |192 -0.00787  -1.4491e-01
193 -0.05047  -3.3540e-01 |194 -0.10274  -9.7795e-02 |195 -0.02815  -7.2849e-02
196  0.02921   1.6298e-01 |197 -0.00858  -1.2752e-01 |198 -0.02130  -2.2538e-01
199 -0.01996  -1.9898e-01 |200 -0.01464  -4.6854e-02 |201 -0.00404  -5.1107e-02
202  0.09071  -1.3079e-01 |203  0.08629  -1.2759e-01 |204  0.06736   1.3074e-01
205 -0.08217  -6.9388e-02 |206 -0.14880  -5.7897e-02 |207 -0.16788  -4.0757e-02
208 -0.11300  -7.7296e-02 |209 -0.07162   2.7379e-02 |210  0.03599  -1.0810e-01
211  0.83889  -1.9025e-02 |212 -0.05625   1.1982e+00 |213  0.03595   5.3162e-01
214  0.04541   2.8058e-08 |215 -0.65636  -1.0053e-01 |216 -0.84616  -1.1820e-01
217  0.01761  -4.6101e-02 |218 -0.16319   2.6506e-02 |219 -0.24932   2.6056e-02
220 -0.05393   6.1852e-02 |221  0.03618   3.1993e-02 |222 -0.00157   5.3047e-02
223  0.00866   1.2480e-02 |224 -0.02862   1.7453e-02 |225 -0.03604  -2.1476e-02
226  0.08970  -2.1131e-03 |227  0.07006   7.9394e-03 |228  0.19550   2.6269e-02
229  0.10410   3.4028e-02 |230  0.09829   2.4653e-03 |231  0.04947  -3.1849e-02
232  0.05758  -7.9189e-02 |233  0.06405   2.0479e-02 |234  0.12731  -7.9149e-03
235 -0.11619  -3.9641e-02 |236 -0.12360  -1.4217e-02 |237  0.00608  -2.0738e-02
238  0.02575  -1.5681e-02 |239 -0.11255   8.1877e-05 |240 -0.15112  -3.9758e-02
241 -0.06606  -8.9122e-03 |242  0.01203   1.0807e-02 |243  0.04318   1.6641e-02
244 -0.02327   5.9133e-02 |245 -0.12246   1.7050e-02 |246 -0.23369  -3.2501e-02
247 -0.10371  -5.4112e-02 |248  0.00241   2.2786e-02 |249  0.05291   5.6070e-02
250  0.08317   3.7822e-02 |251  0.05586   2.2194e-02 |252 -0.01656   7.2613e-03
253 -0.00252   3.2212e-03 |254  0.13244  -4.6146e-03 |255  0.19833   1.7136e-02
256  0.23274   2.1366e-02 |257 -0.14565   6.1906e-02 |258  0.09619  -2.4252e-01
259  0.14960  -2.5139e-01 |260 -0.86790   4.4057e-01 |261 -0.84438  -2.6663e-05
262 -1.19890   3.5316e-02 |263  0.48381  -2.1874e-01 |264 -0.35581  -2.5585e-01
265 -0.52440  -2.0505e-01 |266  1.72349   2.7375e-01 |267  0.29285  -2.7040e-01
268  0.01880  -3.0164e-01 |269  0.63051  -1.6548e-01 |270  0.26578  -2.7585e-01
271 -0.23321  -2.8175e-01 |272  0.73753  -1.2092e-01 |273 -0.35741  -2.5545e-01
274 -0.14019  -2.9448e-01 |275 -0.52436  -2.0507e-01 |276 -1.03323   1.5746e-02
277  0.35964  -2.5489e-01 |278 -0.38180  -2.4911e-01 |279 -0.13174  -2.9533e-01
280  0.27925  -2.7320e-01 |281  0.61816  -1.7034e-01 |282  0.46283  -2.2547e-01
283  0.84449  -7.2984e-02 |284  0.06960  -2.9997e-01 |285  1.10427   4.9205e-02
286  0.23298  -2.8179e-01 |287 -0.53981  -1.9963e-01 |288 -1.50162   2.1393e-01
289  1.30858   1.4061e-01 |290 -0.79814  -9.4090e-02 |291  1.05337   2.5270e-02
292  0.05483  -3.0065e-01 |293  0.84613  -7.2228e-02 |294 -0.30267  -2.6830e-01
295 -0.41949  -2.3860e-01 |296 -0.10643  -2.9756e-01 |297 -1.80073   2.8711e-01
298  0.94411  -2.6457e-02 |299 -0.81784  -8.5175e-02 |300 -0.60134  -1.7686e-01
301 -0.81665  -8.5715e-02 |302 -0.94551  -2.5797e-02 |303  0.47185   1.7432e-01
304  0.08857   2.8003e-01 |305 -0.90726   3.7632e-02 |306  0.25185   3.0824e-02
307 -0.87914   1.5757e-01 |308 -0.52477   1.5910e-01 |
19.6029 7.17332 68.8885 45.0909 
11.1721 11.1721 48.9599 49.8761 
6.2849 9.28372 0 1.16911 11.327 
0 2.00657 0 0 0.443189 19.3725 0 
19.6057 7.17609 68.8836 45.0885 
11.1741 11.1741 48.9599 49.8778 
6.28687 9.28383 0 1.17043 11.3253 
0 2.00618 0 0 0.443171 19.3687 0 
19.6089 7.17731 68.8796 45.089 
11.174 11.174 48.9599 49.8785 
6.28871 9.28244 0 1.17156 11.3259 
0 2.0061 0 0 0.443114 19.3654 0 
19.61 7.17718 68.8795 45.0896 
11.1726 11.1726 48.9587 49.8796 
6.28994 9.28085 0 1.17179 11.327 
0 2.00634 0 0 0.443069 19.3634 0 
19.6092 7.17659 68.881 45.0909 
11.1711 11.1711 48.958 49.8793 
6.29091 9.27913 0 1.17106 11.3283 
0 2.00667 0 0 0.443047 19.3637 0 
19.6067 7.17536 68.8846 45.0923 
11.1691 11.1691 48.9563 49.8796 
6.29138 9.27837 0 1.16935 11.3291 
0 2.00705 0 0 0.443051 19.3653 0 
19.6034 7.17411 68.8887 45.0939 
11.1686 11.1686 48.9556 49.8785 
6.29142 9.27799 0 1.1672 11.3289 
0 2.00733 0 0 0.44311 19.3679 0 
19.6015 7.17294 68.8917 45.0951 
11.1689 11.1689 48.9548 49.8778 
6.2908 9.2792 0 1.16556 11.3276 
0 2.00728 0 0 0.443186 19.3697 0 
19.6019 7.17247 68.892 45.0956 
11.1716 11.1716 48.9555 49.8762 
6.29011 9.28013 0 1.16558 11.3258 
0 2.00698 0 0 0.443281 19.3693 0 
19.6053 7.17246 68.8898 45.0953 
11.1739 11.1739 48.9562 49.8752 
6.2894 9.28111 0 1.16725 11.3252 
0 2.00647 0 0 0.4433 19.3667 0 
308 variables; iteration 490; function evaluation 577; phase 1
Function value   3.0852485e+02; maximum gradient component mag  -1.3601e+00
Var   Value    Gradient   |Var   Value    Gradient   |Var   Value    Gradient
  1 -2.13536  -2.5549e-02 |  2  0.18568   4.1270e-02 |  3  0.18944  -3.2141e-03
  4  0.19623  -3.0858e-03 |  5  0.19483   1.0316e-01 |  6  0.19102  -2.1674e-02
  7  0.17750   7.6188e-03 |  8  0.17352  -3.0453e-02 |  9  0.17225  -4.4103e-02
 10  0.14828   4.1794e-03 | 11  0.12466   6.1300e-02 | 12  0.12661  -6.4764e-03
 13  0.10247  -4.8005e-02 | 14  0.05682   3.4297e-03 | 15 -0.01133   7.1771e-04
 16 -0.09805   8.3850e-03 | 17 -0.15707  -7.4148e-04 | 18 -0.22087   1.3144e-02
 19 -0.26715  -9.0119e-05 | 20 -0.31107   3.3417e-03 | 21 -0.55962  -3.4441e-04
 22  0.09918  -1.1981e-03 | 23 -0.17598   2.3122e-05 | 24  0.01103  -2.0430e-03
 25  0.08384   1.3425e-02 | 26  0.12643  -4.9449e-03 | 27  0.15285  -4.3834e-02
 28  0.15535   1.3849e-02 | 29  0.14987  -5.4909e-02 | 30  0.15172  -7.7510e-03
 31  0.15593  -1.7705e-03 | 32  0.14784   5.3096e-03 | 33  0.12929   3.4592e-03
 34  0.11272   2.4908e-02 | 35  0.12249   1.2268e-02 | 36  0.11941  -8.1457e-02
 37  0.08906   5.7329e-02 | 38  0.05221   1.3098e-02 | 39 -2.00755   6.0737e-03
 40 -0.03838  -4.9004e-03 | 41 -0.09484   1.8273e-03 | 42 -1.84641  -2.5582e-03
 43 -0.01869  -1.6351e-02 | 44 -0.06623  -2.1794e-02 | 45 -0.08989  -2.8061e-02
 46 -0.16764  -1.7476e-02 | 47 -0.18346  -3.1312e-03 | 48 -0.14576  -2.0580e-02
 49 -0.10801  -1.2831e-02 | 50 -0.06504  -1.0762e-02 | 51 -0.02804   1.4866e-02
 52  0.01420   3.4905e-02 | 53 -0.00474   9.9396e-03 | 54  0.02987  -1.5399e-03
 55  0.02167  -1.0525e-02 | 56  0.03650  -3.8125e-02 | 57  0.08904  -6.9015e-02
 58  0.10941  -7.5641e-02 | 59  0.03587  -1.0001e-02 | 60 -0.10963  -6.3277e-03
 61 -0.07263  -8.5660e-03 | 62  0.03660   1.5286e-02 | 63 -0.02366  -7.3423e-04
 64 -0.04551   1.2215e-02 | 65 -0.05256   1.3954e-02 | 66 -0.04120   3.1507e-02
 67 -0.06581   2.2697e-02 | 68 -0.05135   1.6379e-02 | 69 -0.07283   3.9657e-03
 70 -0.06116  -5.1875e-03 | 71  0.05234   2.3534e-02 | 72  0.04596   4.5662e-02
 73  0.00343   1.7532e-02 | 74 -0.00374   1.2228e-02 | 75  0.09930   5.7372e-02
 76  0.08062  -1.0334e-02 | 77 -0.02158  -7.2466e-03 | 78 -0.05930  -7.4832e-03
 79  0.08399  -3.4587e-03 | 80  0.31543  -3.3013e-02 | 81  1.00037   2.9532e-04
 82 -0.12530  -9.8779e-03 | 83 -0.04312  -1.8045e-02 | 84  0.04160  -1.3677e-02
 85 -0.03811   2.7518e-02 | 86  0.09490   2.1040e-02 | 87  0.21442   3.2944e-02
 88 -0.08730   3.7273e-02 | 89 -0.20737   3.4045e-02 | 90 -0.15128   3.1501e-02
 91 -0.04386   3.1655e-02 | 92 -0.01888   3.0852e-02 | 93  0.03690   2.5889e-02
 94  0.16120   1.2603e-02 | 95  0.01228   4.0868e-02 | 96 -0.00173   4.9961e-02
 97  0.01447   4.3922e-02 | 98  0.09781   1.4618e-02 | 99  0.08645   4.7296e-02
100  0.08797   1.6177e-02 |101  0.10990   2.6055e-03 |102 -0.07691   2.6383e-02
103 -0.10202   2.5007e-02 |104  0.05479   3.1376e-02 |105  0.03667   4.2871e-02
106 -0.04787   3.5756e-02 |107 -0.05976   4.1538e-02 |108  0.06805   2.9576e-02
109  0.09989   2.7153e-02 |110  0.08578   5.3618e-02 |111  0.00738   6.5715e-02
112 -0.12861   3.8275e-02 |113 -0.14112   2.8667e-02 |114 -0.03675   3.9919e-02
115  0.11477   5.4971e-02 |116  0.02096   4.8554e-02 |117  0.09418   4.4959e-02
118  0.04362   5.8122e-02 |119 -0.01223   5.5452e-02 |120  0.00393   3.5753e-02
121  0.12999   5.8897e-02 |122  0.20098   2.5839e-02 |123 -1.00135  -1.4468e-02
124  0.10789   2.7817e-02 |125 -0.01661   2.5306e-02 |126 -0.17384   2.9895e-02
127  0.00156   3.0411e-03 |128 -0.06376   3.0259e-03 |129 -0.02933   3.0379e-03
130  0.02210   3.0393e-03 |131  0.02315   3.0392e-03 |132 -0.01119   3.0407e-03
133 -0.00010   3.0411e-03 |134  0.05757   3.0288e-03 |135 -0.04215   3.0345e-03
136  0.01987   3.0397e-03 |137 -0.03807   3.0357e-03 |138  0.00690   3.0410e-03
139  0.01087   3.0407e-03 |140 -0.01502   3.0403e-03 |141 -0.02217   3.0393e-03
142 -0.02006   3.0396e-03 |143 -0.01559   3.0402e-03 |144 -0.06667   3.0244e-03
145 -0.02236   3.0393e-03 |146  0.06686   3.0244e-03 |147 -0.02977   3.0378e-03
148  0.02086   3.0395e-03 |149 -0.04229   3.0344e-03 |150 -0.00890   3.0408e-03
151  0.02478   3.0389e-03 |152  0.00696   3.0410e-03 |153 -0.02451   3.0389e-03
154 -0.01016   3.0408e-03 |155  0.00870   3.0409e-03 |156  0.01386   3.0404e-03
157  0.02275   3.0392e-03 |158  0.00723   3.0410e-03 |159  0.01914   3.0398e-03
160 -0.04204   3.0345e-03 |161  0.03897   3.0355e-03 |162 -0.00882   3.0408e-03
163  0.00468   3.0411e-03 |164  0.17695   2.9245e-03 |165 -0.00702   3.0410e-03
166  0.01056   3.0407e-03 |167 -0.02925   3.0379e-03 |168 -0.01293   3.0405e-03
169  0.02608  -1.3601e+00 |170 -0.02103   1.0360e-01 |171 -0.02271  -7.1039e-02
172  0.00088  -6.3175e-02 |173  0.04854   7.9915e-03 |174  0.00879  -4.2084e-02
175  0.00679  -3.7661e-02 |176 -0.01517  -6.2240e-02 |177  0.00594  -2.1208e-01
178  0.07001  -9.8148e-02 |179  0.09151  -7.0412e-03 |180  0.08161   3.5343e-02
181  0.02768   1.2533e-01 |182 -0.05270   3.1980e-02 |183 -0.06013   7.3102e-02
184 -0.04026  -3.4751e-02 |185 -0.03854  -3.9037e-02 |186 -0.04850  -1.4079e-01
187 -0.07169  -5.1034e-02 |188 -0.05789  -1.2093e-02 |189 -0.00295  -7.5695e-03
190  0.00136  -4.1493e-02 |191  0.00052  -2.1824e-01 |192 -0.00786  -5.1282e-02
193 -0.05032  -1.4471e-01 |194 -0.10283  -3.2881e-02 |195 -0.02817  -2.2752e-02
196  0.02918  -3.6359e-02 |197 -0.00854  -9.9164e-02 |198 -0.02127  -1.1621e-01
199 -0.01990  -1.0250e-01 |200 -0.01463  -6.3610e-02 |201 -0.00416  -5.9892e-02
202  0.09066  -3.4215e-02 |203  0.08630  -8.6266e-02 |204  0.06746   2.8000e-02
205 -0.08190  -1.0382e-02 |206 -0.14898  -2.2212e-02 |207 -0.16795  -1.2539e-02
208 -0.11309  -2.8370e-02 |209 -0.07167  -3.0114e-02 |210  0.03594  -3.8476e-02
211  0.83698  -6.3726e-03 |212 -0.05622   4.8269e-01 |213  0.03594   5.4857e-02
214  0.04541   2.8058e-08 |215 -0.65602  -9.8801e-02 |216 -0.84559   7.0610e-02
217  0.01744  -1.3647e-01 |218 -0.16314   9.4625e-04 |219 -0.24943  -3.4146e-03
220 -0.05395  -1.8391e-02 |221  0.03629   1.5727e-03 |222 -0.00156   3.2949e-03
223  0.00865   1.5224e-02 |224 -0.02865  -6.8163e-03 |225 -0.03603  -8.7773e-03
226  0.08975  -1.3970e-04 |227  0.07002  -1.0959e-02 |228  0.19536  -2.6993e-03
229  0.10414  -1.0893e-02 |230  0.09837  -2.1719e-02 |231  0.04949   3.6475e-03
232  0.05757  -1.9370e-02 |233  0.06396  -4.2132e-02 |234  0.12741   6.9260e-03
235 -0.11622  -2.3110e-02 |236 -0.12359   2.3541e-02 |237  0.00595  -4.1357e-03
238  0.02567   4.5496e-03 |239 -0.11250  -7.2168e-04 |240 -0.15102  -3.1254e-02
241 -0.06597  -1.5720e-02 |242  0.01205   8.9302e-03 |243  0.04316   3.7374e-03
244 -0.02337  -3.6577e-03 |245 -0.12251  -3.3937e-02 |246 -0.23361  -3.1327e-02
247 -0.10365  -4.3595e-02 |248  0.00249   1.0667e-02 |249  0.05289  -7.9499e-03
250  0.08308  -7.1285e-04 |251  0.05581  -1.4795e-02 |252 -0.01657  -3.0294e-02
253 -0.00242  -1.8535e-02 |254  0.13241  -1.1807e-02 |255  0.19829   1.4954e-03
256  0.23278   3.4395e-03 |257 -0.14569  -3.5570e-03 |258  0.09622   7.5643e-02
259  0.14959  -5.3919e-01 |260 -0.86789   1.8799e-01 |261 -0.84440  -1.5560e-01
262 -1.20066  -4.2640e-03 |263  0.47246   3.1956e-01 |264 -0.36291   3.6502e-01
265 -0.51197   3.0077e-01 |266  1.71017  -3.8942e-01 |267  0.28244   3.9161e-01
268  0.01685   4.3343e-01 |269  0.62926   2.3847e-01 |270  0.26794   3.9575e-01
271 -0.22895   4.0585e-01 |272  0.73990   1.7226e-01 |273 -0.35771   3.6692e-01
274 -0.12958   4.2463e-01 |275 -0.52266   2.9548e-01 |276 -1.02922  -1.9896e-02
277  0.36018   3.6602e-01 |278 -0.37195   3.6166e-01 |279 -0.13704   4.2358e-01
280  0.27734   3.9309e-01 |281  0.61590   2.4602e-01 |282  0.47177   3.1988e-01
283  0.84319   1.0573e-01 |284  0.06174   4.3155e-01 |285  1.09430  -6.3992e-02
286  0.22976   4.0565e-01 |287 -0.53867   2.8741e-01 |288 -1.48734  -3.0044e-01
289  1.30116  -1.9755e-01 |290 -0.79692   1.3598e-01 |291  1.04018  -2.7345e-02
292  0.05631   4.3189e-01 |293  0.84605   1.0383e-01 |294 -0.31170   3.8265e-01
295 -0.42762   3.3939e-01 |296 -0.09361   4.2891e-01 |297 -1.78875  -4.0993e-01
298  0.93603   4.3494e-02 |299 -0.81049   1.2717e-01 |300 -0.59580   2.5716e-01
301 -0.81253   1.2584e-01 |302 -0.93879   4.1625e-02 |303  0.47188   1.0468e-01
304  0.08844   1.9890e-02 |305 -0.90722   2.4984e-01 |306  0.25191   4.4131e-02
307 -0.87922   1.5330e-01 |308 -0.52471   8.8609e-02 |
19.609 7.17272 68.8872 45.0943 
11.1759 11.1759 48.9566 49.8746 
6.28936 9.2806 0 1.16966 11.3254 
0 2.00624 0 0 0.443293 19.3637 0 
19.6111 7.17264 68.8861 45.0935 
11.1758 11.1758 48.9567 49.8744 
6.28931 9.27981 0 1.17098 11.3274 
0 2.00626 0 0 0.443221 19.3621 0 
19.6107 7.17246 68.887 45.0931 
11.175 11.175 48.9558 49.8747 
6.28928 9.2793 0 1.17096 11.3282 
0 2.00648 0 0 0.443198 19.3627 0 
19.6098 7.17236 68.8883 45.093 
11.1745 11.1745 48.9554 49.8747 
6.28898 9.27907 0 1.17062 11.3286 
0 2.00668 0 0 0.44319 19.3633 0 
19.6094 7.17235 68.8894 45.0928 
11.174 11.174 48.9549 49.8749 
6.28858 9.27924 0 1.17041 11.3286 
0 2.00678 0 0 0.443191 19.3636 0 
19.6093 7.17248 68.8904 45.0927 
11.1738 11.1738 48.9548 49.875 
6.28818 9.27946 0 1.17047 11.3284 
0 2.00682 0 0 0.443199 19.3633 0 
19.6097 7.1727 68.8909 45.0926 
11.1735 11.1735 48.9547 49.8752 
6.2879 9.27973 0 1.1708 11.3281 
0 2.00678 0 0 0.443205 19.3625 0 
19.6106 7.17296 68.8914 45.0926 
11.1733 11.1733 48.9547 49.8754 
6.28778 9.27989 0 1.17146 11.3277 
0 2.00669 0 0 0.443212 19.3609 0 
19.6116 7.17321 68.8916 45.0925 
11.1731 11.1731 48.9547 49.8757 
6.28789 9.27993 0 1.17232 11.3275 
0 2.00656 0 0 0.443213 19.359 0 
19.6126 7.17328 68.8917 45.0925 
11.173 11.173 48.9548 49.876 
6.28824 9.27977 0 1.17321 11.3273 
0 2.00646 0 0 0.443211 19.3569 0 
308 variables; iteration 500; function evaluation 587; phase 1
Function value   3.0852469e+02; maximum gradient component mag  -2.7777e-01
Var   Value    Gradient   |Var   Value    Gradient   |Var   Value    Gradient
  1 -2.13524  -9.4458e-03 |  2  0.18568   3.7385e-02 |  3  0.18942   1.0535e-02
  4  0.19624   2.0895e-02 |  5  0.19479   8.8980e-03 |  6  0.19102  -6.4783e-03
  7  0.17749   1.6210e-03 |  8  0.17353  -4.3815e-04 |  9  0.17224  -1.3236e-02
 10  0.14827  -1.9449e-03 | 11  0.12460  -8.1446e-03 | 12  0.12662   2.3574e-03
 13  0.10247  -1.3362e-02 | 14  0.05680   2.0799e-03 | 15 -0.01135   3.7788e-04
 16 -0.09837  -9.5164e-04 | 17 -0.15685   1.6319e-05 | 18 -0.22495   8.3170e-03
 19 -0.26682   5.0804e-05 | 20 -0.31304   2.9592e-03 | 21 -0.55868  -3.4524e-04
 22  0.09917  -1.0570e-03 | 23 -0.17606  -2.5191e-07 | 24  0.01111   1.2341e-03
 25  0.08379  -1.3516e-03 | 26  0.12644  -4.6443e-04 | 27  0.15288   6.1910e-03
 28  0.15536  -6.9152e-04 | 29  0.14991  -1.7488e-02 | 30  0.15174  -1.1950e-04
 31  0.15594   2.1400e-04 | 32  0.14786   3.7344e-03 | 33  0.12930   1.0384e-02
 34  0.11272  -2.6611e-04 | 35  0.12251   8.7896e-03 | 36  0.11945   3.8566e-03
 37  0.08905  -9.8338e-03 | 38  0.05220  -3.8862e-03 | 39 -2.00758  -3.1353e-03
 40 -0.03836  -2.8180e-05 | 41 -0.09485  -5.1896e-04 | 42 -1.84630   5.0979e-04
 43 -0.01875  -1.4390e-02 | 44 -0.06627  -2.1531e-02 | 45 -0.08979  -1.9432e-02
 46 -0.16756  -9.6190e-03 | 47 -0.18352  -6.6500e-03 | 48 -0.14567  -9.7065e-03
 49 -0.10799  -8.5593e-03 | 50 -0.06494  -7.3298e-03 | 51 -0.02809  -7.5595e-03
 52  0.01405  -6.8614e-04 | 53 -0.00468   2.4539e-03 | 54  0.02990   1.4399e-02
 55  0.02139   1.0399e-02 | 56  0.03659   2.1584e-02 | 57  0.08915   1.9093e-02
 58  0.10961   8.6242e-03 | 59  0.03561  -5.7001e-03 | 60 -0.10958  -4.9932e-03
 61 -0.07252  -7.5751e-03 | 62  0.03652  -3.1471e-03 | 63 -0.02362  -7.9734e-03
 64 -0.04562  -9.9366e-03 | 65 -0.05260  -1.0480e-02 | 66 -0.04142  -1.4436e-02
 67 -0.06586  -1.2811e-02 | 68 -0.05134  -1.2050e-02 | 69 -0.07281  -1.3592e-02
 70 -0.06102  -1.3059e-02 | 71  0.05221  -2.7478e-02 | 72  0.04573  -2.4082e-02
 73  0.00354  -1.8554e-02 | 74 -0.00367  -1.6766e-02 | 75  0.09894  -1.1902e-02
 76  0.08106  -2.0132e-02 | 77 -0.02149  -1.1985e-02 | 78 -0.05929  -8.7001e-03
 79  0.08377  -1.4184e-02 | 80  0.31554  -9.2783e-03 | 81  0.99857  -3.5398e-03
 82 -0.12529  -7.6502e-03 | 83 -0.04299  -7.2000e-03 | 84  0.04171  -6.9957e-03
 85 -0.03809  -8.7677e-03 | 86  0.09503  -3.6721e-03 | 87  0.21437  -1.1465e-02
 88 -0.08747  -6.6301e-03 | 89 -0.20749  -5.5506e-03 | 90 -0.15131  -4.8282e-03
 91 -0.04383  -3.6780e-03 | 92 -0.01890  -3.2689e-03 | 93  0.03691  -1.5803e-03
 94  0.16127  -5.2083e-04 | 95  0.01224  -4.0478e-03 | 96 -0.00193  -3.2115e-03
 97  0.01429  -1.5996e-03 | 98  0.09804   6.7411e-03 | 99  0.08636   1.6741e-02
100  0.08796   1.5307e-02 |101  0.10988   1.9260e-02 |102 -0.07691   3.3043e-03
103 -0.10201  -4.4234e-04 |104  0.05474  -1.8090e-04 |105  0.03655  -2.4869e-04
106 -0.04786  -3.8806e-03 |107 -0.05980  -3.3930e-03 |108  0.06809  -3.0875e-03
109  0.09995  -5.3361e-03 |110  0.08578  -3.7523e-03 |111  0.00718  -5.9721e-03
112 -0.12849  -3.6114e-03 |113 -0.14080  -3.0606e-03 |114 -0.03667  -6.3405e-03
115  0.11457  -2.3354e-02 |116  0.02091  -8.9994e-03 |117  0.09438  -9.4322e-03
118  0.04366  -4.5938e-03 |119 -0.01230  -2.9132e-03 |120  0.00408  -3.7374e-03
121  0.12982  -7.3174e-03 |122  0.20101  -9.2100e-03 |123 -1.00026  -1.8222e-03
124  0.10786  -5.6252e-03 |125 -0.01647  -3.4210e-03 |126 -0.17374  -2.8536e-03
127  0.00123  -7.0289e-04 |128 -0.06415  -6.9937e-04 |129 -0.02924  -7.0217e-04
130  0.02173  -7.0247e-04 |131  0.02277  -7.0243e-04 |132 -0.01116  -7.0279e-04
133 -0.00009  -7.0289e-04 |134  0.05754  -6.9999e-04 |135 -0.04195  -7.0139e-04
136  0.01986  -7.0254e-04 |137 -0.03792  -7.0167e-04 |138  0.00690  -7.0285e-04
139  0.01087  -7.0278e-04 |140 -0.01498  -7.0271e-04 |141 -0.02211  -7.0248e-04
142 -0.02001  -7.0256e-04 |143 -0.01556  -7.0269e-04 |144 -0.06705  -6.9904e-04
145 -0.02230  -7.0247e-04 |146  0.06683  -6.9898e-04 |147 -0.02967  -7.0215e-04
148  0.02084  -7.0250e-04 |149 -0.04208  -7.0138e-04 |150 -0.00888  -7.0283e-04
151  0.02475  -7.0234e-04 |152  0.00696  -7.0284e-04 |153 -0.02445  -7.0239e-04
154 -0.01014  -7.0281e-04 |155  0.00870  -7.0282e-04 |156  0.01385  -7.0272e-04
157  0.02273  -7.0243e-04 |158  0.00723  -7.0284e-04 |159  0.01913  -7.0256e-04
160 -0.04184  -7.0140e-04 |161  0.03893  -7.0155e-04 |162 -0.00880  -7.0283e-04
163  0.00468  -7.0287e-04 |164  0.17752  -6.7563e-04 |165 -0.00700  -7.0285e-04
166  0.01055  -7.0279e-04 |167 -0.02915  -7.0217e-04 |168 -0.01290  -7.0275e-04
169  0.02607  -2.7777e-01 |170 -0.02102   6.0491e-02 |171 -0.02269   1.6841e-02
172  0.00090  -4.3274e-03 |173  0.04856  -1.6209e-03 |174  0.00882   1.2138e-02
175  0.00679   7.6923e-03 |176 -0.01519   9.2296e-04 |177  0.00599  -1.4613e-02
178  0.06999  -1.0878e-02 |179  0.09148  -1.0209e-01 |180  0.08162  -2.0397e-02
181  0.02762  -1.1288e-01 |182 -0.05265  -2.0050e-03 |183 -0.06019  -1.4812e-02
184 -0.04022   2.9600e-03 |185 -0.03858  -3.4580e-04 |186 -0.04850  -8.6332e-03
187 -0.07169  -1.2778e-02 |188 -0.05791  -1.3547e-03 |189 -0.00296   1.4294e-02
190  0.00133   1.0087e-02 |191  0.00055   1.1020e-02 |192 -0.00790   4.6850e-03
193 -0.05025   4.2488e-02 |194 -0.10284   6.1239e-03 |195 -0.02818   1.9646e-02
196  0.02916   4.5261e-02 |197 -0.00856   2.0164e-02 |198 -0.02130   7.8749e-03
199 -0.01989   4.0386e-03 |200 -0.01462   7.0450e-03 |201 -0.00416   5.9053e-03
202  0.09069   1.6159e-02 |203  0.08633   1.9427e-02 |204  0.06744  -1.1752e-02
205 -0.08195   5.6931e-03 |206 -0.14893   5.0439e-03 |207 -0.16796   6.5140e-03
208 -0.11308   1.1229e-02 |209 -0.07167  -2.3877e-03 |210  0.03594   4.8533e-03
211  0.83703   1.1735e-03 |212 -0.05628  -4.7049e-02 |213  0.03594   1.7927e-02
214  0.04541   2.8057e-08 |215 -0.65596   1.0131e-02 |216 -0.84558   2.2177e-02
217  0.01750  -6.6248e-02 |218 -0.16318   1.9804e-03 |219 -0.24939  -8.9828e-04
220 -0.05392  -2.1058e-03 |221  0.03626  -3.6674e-04 |222 -0.00160   2.7728e-03
223  0.00863   7.3483e-03 |224 -0.02864   4.9343e-03 |225 -0.03603   6.5074e-04
226  0.08975   1.9473e-03 |227  0.07007  -1.1440e-03 |228  0.19541  -1.2494e-04
229  0.10414  -1.7742e-03 |230  0.09829  -1.8596e-03 |231  0.04944  -4.4849e-03
232  0.05760  -3.2134e-03 |233  0.06400  -6.6251e-03 |234  0.12740   1.3641e-03
235 -0.11616  -8.2623e-03 |236 -0.12358  -9.0853e-03 |237  0.00599   3.0381e-05
238  0.02566  -3.1059e-04 |239 -0.11253  -2.9928e-03 |240 -0.15101   1.2818e-03
241 -0.06597  -1.5821e-03 |242  0.01205  -6.5086e-04 |243  0.04318   5.5456e-04
244 -0.02342  -1.1560e-03 |245 -0.12254   2.2842e-04 |246 -0.23359  -1.6328e-03
247 -0.10358  -1.1047e-03 |248  0.00244   5.2004e-03 |249  0.05277  -8.4681e-04
250  0.08309   2.5348e-03 |251  0.05586   1.7452e-03 |252 -0.01655   9.9811e-04
253 -0.00236   5.1593e-04 |254  0.13243   1.2854e-03 |255  0.19826   3.4103e-03
256  0.23275  -5.6149e-05 |257 -0.14573  -2.4588e-03 |258  0.09620   9.6633e-02
259  0.14961   1.7621e-01 |260 -0.86790  -1.5785e-02 |261 -0.84439   2.7498e-02
262 -1.19991   1.2882e-02 |263  0.47170   1.9056e-02 |264 -0.36435   2.1712e-02
265 -0.50944   1.7990e-02 |266  1.70983  -2.3191e-02 |267  0.27993   2.3371e-02
268  0.01567   2.5820e-02 |269  0.62974   1.4189e-02 |270  0.26827   2.3568e-02
271 -0.22928   2.4171e-02 |272  0.73985   1.0263e-02 |273 -0.35718   2.1868e-02
274 -0.12871   2.5302e-02 |275 -0.52181   1.7627e-02 |276 -1.02863  -1.1601e-03
277  0.36055   2.1795e-02 |278 -0.37070   2.1571e-02 |279 -0.13742   2.5228e-02
280  0.27871   2.3392e-02 |281  0.61587   1.4656e-02 |282  0.47332   1.9012e-02
283  0.84506   6.2241e-03 |284  0.06010   2.5713e-02 |285  1.09321  -3.7682e-03
286  0.22969   2.4165e-02 |287 -0.54018   1.7075e-02 |288 -1.48672  -1.7878e-02
289  1.30085  -1.1756e-02 |290 -0.79744   8.0798e-03 |291  1.03829  -1.5530e-03
292  0.05604   2.5728e-02 |293  0.84594   6.1897e-03 |294 -0.31359   2.2757e-02
295 -0.42816   2.0203e-02 |296 -0.09103   2.5564e-02 |297 -1.78853  -2.4416e-02
298  0.93439   2.6573e-03 |299 -0.80948   7.6144e-03 |300 -0.59602   1.5311e-02
301 -0.81256   7.4947e-03 |302 -0.93704   2.5499e-03 |303  0.47186   1.2316e-01
304  0.08842  -4.8568e-03 |305 -0.90723  -4.2024e-03 |306  0.25191  -2.9260e-03
307 -0.87921  -1.7495e-02 |308 -0.52476  -1.1085e-02 |
19.613 7.17319 68.8916 45.0926 
11.173 11.173 48.9548 49.8763 
6.28872 9.2795 0 1.17382 11.3274 
0 2.00641 0 0 0.443202 19.3555 0 
19.6129 7.17289 68.8915 45.0926 
11.1732 11.1732 48.9549 49.8765 
6.2892 9.27921 0 1.17403 11.3275 
0 2.00644 0 0 0.443194 19.3549 0 
19.612 7.17255 68.8911 45.0927 
11.1736 11.1736 48.9549 49.8768 
6.28954 9.27907 0 1.17371 11.3277 
0 2.00655 0 0 0.443184 19.3555 0 
19.6107 7.17226 68.8906 45.0928 
11.1741 11.1741 48.9551 49.8768 
6.28957 9.27913 0 1.17293 11.3279 
0 2.0067 0 0 0.443182 19.3571 0 
19.6095 7.17228 68.8899 45.0929 
11.1745 11.1745 48.9551 49.8768 
6.28924 9.27947 0 1.17194 11.3279 
0 2.00679 0 0 0.443182 19.3591 0 
19.6091 7.17251 68.8896 45.0929 
11.1747 11.1747 48.9552 49.8764 
6.28881 9.27972 0 1.17132 11.3279 
0 2.00677 0 0 0.443188 19.3605 0 
19.6094 7.17268 68.8893 45.093 
11.1744 11.1744 48.9551 49.8762 
6.28854 9.27992 0 1.17102 11.328 
0 2.00668 0 0 0.44319 19.3613 0 
19.6096 7.17283 68.8893 45.093 
11.1745 11.1745 48.955 49.8761 
6.28853 9.2797 0 1.17112 11.328 
0 2.00665 0 0 0.44319 19.3613 0 
19.61 7.17282 68.8894 45.093 
11.1744 11.1744 48.9548 49.8761 
6.28861 9.27938 0 1.17123 11.3281 
0 2.00663 0 0 0.443184 19.3612 0 
19.61 7.17274 68.8894 45.093 
11.1745 11.1745 48.9548 49.876 
6.28863 9.2793 0 1.17121 11.3281 
0 2.00664 0 0 0.443183 19.3613 0 
308 variables; iteration 510; function evaluation 597; phase 1
Function value   3.0852463e+02; maximum gradient component mag   2.2881e-02
Var   Value    Gradient   |Var   Value    Gradient   |Var   Value    Gradient
  1 -2.13530   3.9533e-04 |  2  0.18567  -5.3898e-03 |  3  0.18943  -2.0577e-03
  4  0.19624  -2.1318e-03 |  5  0.19480  -1.4943e-04 |  6  0.19102  -3.6299e-03
  7  0.17749   1.6115e-03 |  8  0.17353  -2.6711e-05 |  9  0.17225   1.6535e-03
 10  0.14827   1.0635e-03 | 11  0.12461   1.5644e-03 | 12  0.12662   1.2534e-04
 13  0.10248   1.2401e-03 | 14  0.05680  -1.6699e-04 | 15 -0.01133   4.5029e-04
 16 -0.09827  -7.1436e-05 | 17 -0.15680  -8.2816e-06 | 18 -0.23425  -1.0793e-03
 19 -0.26684   1.3577e-05 | 20 -0.31969   1.8682e-03 | 21 -0.55865  -3.4514e-04
 22  0.09920  -2.6702e-05 | 23 -0.17604   2.5980e-07 | 24  0.01110   5.6227e-05
 25  0.08381  -1.4730e-04 | 26  0.12645  -1.5669e-03 | 27  0.15289   1.9235e-03
 28  0.15537   1.8286e-04 | 29  0.14993  -1.1291e-03 | 30  0.15175   6.1108e-05
 31  0.15595  -5.2629e-04 | 32  0.14786   7.3048e-04 | 33  0.12930   1.8330e-04
 34  0.11272   3.4066e-04 | 35  0.12252  -6.0355e-04 | 36  0.11946   2.8695e-03
 37  0.08906  -2.1127e-03 | 38  0.05222  -6.4153e-04 | 39 -2.00763   6.1060e-04
 40 -0.03835  -2.8480e-04 | 41 -0.09479   2.8195e-04 | 42 -1.84634   5.2272e-05
 43 -0.01876   4.3173e-03 | 44 -0.06619   4.8775e-03 | 45 -0.08972   4.5636e-03
 46 -0.16758   3.2632e-03 | 47 -0.18358   8.4061e-04 | 48 -0.14567   2.8709e-03
 49 -0.10799   2.8061e-03 | 50 -0.06495   2.8825e-03 | 51 -0.02809   3.6474e-03
 52  0.01403   4.6853e-03 | 53 -0.00467   4.5885e-03 | 54  0.02987   4.9691e-03
 55  0.02151   5.4571e-03 | 56  0.03652   4.1982e-03 | 57  0.08914   4.0247e-03
 58  0.10961   3.2456e-03 | 59  0.03568   3.9893e-03 | 60 -0.10961   3.7659e-03
 61 -0.07252   3.6764e-03 | 62  0.03649   4.7080e-03 | 63 -0.02362   4.8460e-03
 64 -0.04561   3.9789e-03 | 65 -0.05259   3.6442e-03 | 66 -0.04138   3.0462e-03
 67 -0.06587   2.7301e-03 | 68 -0.05135   2.9003e-03 | 69 -0.07282   2.5556e-03
 70 -0.06106   2.8385e-03 | 71  0.05229   1.9950e-03 | 72  0.04575   1.8588e-03
 73  0.00355   2.1287e-03 | 74 -0.00362   2.2227e-03 | 75  0.09887   1.2777e-03
 76  0.08113  -8.8838e-05 | 77 -0.02150   1.9438e-03 | 78 -0.05933   2.9443e-03
 79  0.08381   3.3021e-03 | 80  0.31550   4.1073e-03 | 81  0.99973   2.3551e-04
 82 -0.12531   3.4444e-03 | 83 -0.04302   3.6461e-03 | 84  0.04166   3.5830e-03
 85 -0.03794   1.1607e-03 | 86  0.09502   1.7276e-03 | 87  0.21435  -1.5411e-03
 88 -0.08748   2.1430e-03 | 89 -0.20748   1.5751e-03 | 90 -0.15131   1.6374e-03
 91 -0.04384   1.8547e-03 | 92 -0.01890   1.8220e-03 | 93  0.03690   1.2173e-03
 94  0.16127  -1.9994e-04 | 95  0.01227   1.5119e-03 | 96 -0.00188   2.0953e-03
 97  0.01433   2.4636e-03 | 98  0.09804   2.4281e-03 | 99  0.08633   2.8762e-03
100  0.08797   2.4481e-03 |101  0.10986   2.7496e-03 |102 -0.07694   2.1059e-03
103 -0.10201   1.8118e-03 |104  0.05475   1.9476e-03 |105  0.03654   1.7085e-03
106 -0.04784   1.5180e-03 |107 -0.05980   1.6309e-03 |108  0.06808   1.6280e-03
109  0.09996   1.5084e-03 |110  0.08576   1.7369e-03 |111  0.00720   1.6394e-03
112 -0.12850   1.6646e-03 |113 -0.14085   1.6523e-03 |114 -0.03670   1.7807e-03
115  0.11464   3.6442e-05 |116  0.02089   6.2708e-04 |117  0.09436   3.0249e-04
118  0.04364   9.2797e-04 |119 -0.01233   1.2719e-03 |120  0.00407   1.0757e-03
121  0.12980  -4.0502e-03 |122  0.20101  -1.4638e-03 |123 -1.00016  -1.5365e-04
124  0.10788   1.7826e-03 |125 -0.01649   1.5457e-03 |126 -0.17377   1.5129e-03
127  0.00173   7.7102e-05 |128 -0.06402   7.6672e-05 |129 -0.02927   7.7001e-05
130  0.02223   7.7068e-05 |131  0.02328   7.7064e-05 |132 -0.01125   7.7082e-05
133 -0.00017   7.7101e-05 |134  0.05745   7.6823e-05 |135 -0.04170   7.6910e-05
136  0.01977   7.7076e-05 |137 -0.03783   7.6941e-05 |138  0.00681   7.7101e-05
139  0.01078   7.7096e-05 |140 -0.01506   7.7070e-05 |141 -0.02218   7.7040e-05
142 -0.02009   7.7050e-05 |143 -0.01564   7.7068e-05 |144 -0.06694   7.6634e-05
145 -0.02237   7.7039e-05 |146  0.06675   7.6719e-05 |147 -0.02970   7.6999e-05
148  0.02075   7.7073e-05 |149 -0.04164   7.6910e-05 |150 -0.00897   7.7088e-05
151  0.02466   7.7058e-05 |152  0.00687   7.7101e-05 |153 -0.02450   7.7029e-05
154 -0.01022   7.7085e-05 |155  0.00861   7.7099e-05 |156  0.01376   7.7091e-05
157  0.02263   7.7066e-05 |158  0.00715   7.7100e-05 |159  0.01904   7.7078e-05
160 -0.04160   7.6911e-05 |161  0.03884   7.6981e-05 |162 -0.00889   7.7088e-05
163  0.00459   7.7102e-05 |164  0.17725   7.4244e-05 |165 -0.00708   7.7092e-05
166  0.01047   7.7097e-05 |167 -0.02919   7.7002e-05 |168 -0.01298   7.7077e-05
169  0.02607   2.2881e-02 |170 -0.02103   5.6968e-04 |171 -0.02269  -5.9822e-04
172  0.00090   3.1442e-03 |173  0.04855   1.3939e-02 |174  0.00881   4.9033e-03
175  0.00679   3.3860e-03 |176 -0.01520  -1.4362e-03 |177  0.00600  -1.1168e-02
178  0.06999  -2.4672e-03 |179  0.09149  -4.2639e-03 |180  0.08161   8.6174e-05
181  0.02765  -4.1274e-03 |182 -0.05267  -6.9780e-04 |183 -0.06017   1.0361e-03
184 -0.04022  -1.6618e-04 |185 -0.03857   4.0786e-04 |186 -0.04850  -3.8709e-03
187 -0.07169  -1.2141e-03 |188 -0.05791  -2.3425e-04 |189 -0.00296  -1.5232e-03
190  0.00133  -2.1441e-03 |191  0.00054   2.1013e-03 |192 -0.00789   1.3271e-04
193 -0.05027   6.5857e-03 |194 -0.10283   5.5334e-04 |195 -0.02817   1.9206e-03
196  0.02916   7.6963e-03 |197 -0.00856   1.8740e-03 |198 -0.02129  -8.6435e-04
199 -0.01989   3.0071e-03 |200 -0.01463   2.4843e-03 |201 -0.00415   2.3052e-03
202  0.09070   9.1447e-03 |203  0.08634   7.2961e-03 |204  0.06744  -5.2589e-03
205 -0.08196   3.1428e-04 |206 -0.14892   8.5928e-04 |207 -0.16797   6.0151e-04
208 -0.11308   1.5267e-03 |209 -0.07167   4.1664e-04 |210  0.03595   3.3806e-04
211  0.83682   1.5556e-04 |212 -0.05626  -1.1715e-02 |213  0.03595  -1.2844e-02
214  0.04540   2.8053e-08 |215 -0.65600   1.6688e-03 |216 -0.84564  -1.0232e-03
217  0.01749  -1.8857e-03 |218 -0.16318  -6.4844e-05 |219 -0.24938   4.5905e-04
220 -0.05392   9.7809e-04 |221  0.03625   1.1647e-04 |222 -0.00161  -6.4402e-04
223  0.00863   8.1658e-04 |224 -0.02864   7.7693e-04 |225 -0.03603  -2.7460e-04
226  0.08975   3.8891e-04 |227  0.07006   5.3205e-04 |228  0.19541   1.5397e-04
229  0.10415  -3.5507e-04 |230  0.09830  -5.5174e-04 |231  0.04946  -4.2830e-04
232  0.05760   6.9334e-04 |233  0.06401  -1.5160e-04 |234  0.12740   9.0796e-04
235 -0.11617  -2.5157e-04 |236 -0.12359  -4.5418e-04 |237  0.00598   6.2995e-04
238  0.02565   5.4749e-04 |239 -0.11253  -6.3476e-04 |240 -0.15101   3.8039e-04
241 -0.06597   9.3681e-05 |242  0.01206  -5.8988e-05 |243  0.04318   2.7977e-04
244 -0.02342  -7.3334e-04 |245 -0.12253   6.0645e-04 |246 -0.23359   5.0788e-04
247 -0.10359   5.9833e-04 |248  0.00245  -9.2207e-04 |249  0.05281   1.0754e-04
250  0.08310   1.2425e-04 |251  0.05586   3.3137e-04 |252 -0.01655   6.4349e-04
253 -0.00236   2.5037e-04 |254  0.13241   1.5469e-03 |255  0.19825   5.6447e-04
256  0.23275  -3.7184e-05 |257 -0.14571  -9.4589e-04 |258  0.09621   4.5042e-03
259  0.14961   2.2528e-02 |260 -0.86790  -5.8568e-04 |261 -0.84439   3.8847e-03
262 -1.20008  -9.6689e-05 |263  0.47227   5.3252e-04 |264 -0.36644   6.0586e-04
265 -0.50608   5.0578e-04 |266  1.71026  -6.4877e-04 |267  0.27821   6.5441e-04
268  0.01288   7.2212e-04 |269  0.63098   3.9567e-04 |270  0.26866   6.5892e-04
271 -0.23042   6.7546e-04 |272  0.74033   2.8659e-04 |273 -0.35649   6.1193e-04
274 -0.12813   7.0768e-04 |275 -0.52176   4.9293e-04 |276 -1.02760  -3.0404e-05
277  0.36041   6.0960e-04 |278 -0.37048   6.0335e-04 |279 -0.13729   7.0553e-04
280  0.28078   6.5317e-04 |281  0.61722   4.0864e-04 |282  0.47583   5.2977e-04
283  0.84920   1.6965e-04 |284  0.05848   7.1923e-04 |285  1.09309  -1.0551e-04
286  0.22989   6.7570e-04 |287 -0.54337   4.7473e-04 |288 -1.48703  -5.0017e-04
289  1.30173  -3.2973e-04 |290 -0.79867   2.2451e-04 |291  1.03617  -4.1704e-05
292  0.05625   7.1946e-04 |293  0.84646   1.7267e-04 |294 -0.31676   6.3467e-04
295 -0.42824   5.6490e-04 |296 -0.08808   7.1536e-04 |297 -1.79028  -6.8342e-04
298  0.93320   7.6021e-05 |299 -0.80908   2.1324e-04 |300 -0.59818   4.2615e-04
301 -0.81303   2.0896e-04 |302 -0.93619   7.1881e-05 |303  0.47187   3.0932e-03
304  0.08844   1.3018e-03 |305 -0.90724   1.7859e-02 |306  0.25190   2.3630e-03
307 -0.87921   2.9141e-03 |308 -0.52475   7.1395e-03 |
19.61 7.17263 68.8894 45.093 
11.1745 11.1745 48.9547 49.8759 
6.28863 9.27922 0 1.17112 11.3282 
0 2.00667 0 0 0.443181 19.3615 0 
19.61 7.17249 68.8895 45.0929 
11.1746 11.1746 48.9547 49.8758 
6.28861 9.2792 0 1.17103 11.3282 
0 2.00671 0 0 0.443183 19.3617 0 
19.61 7.17244 68.8896 45.0928 
11.1746 11.1746 48.9547 49.8758 
6.28858 9.27921 0 1.171 11.3282 
0 2.00672 0 0 0.443184 19.3618 0 
19.6101 7.17241 68.8897 45.0927 
11.1746 11.1746 48.9547 49.8757 
6.28853 9.27923 0 1.171 11.3282 
0 2.00674 0 0 0.443188 19.3619 0 
19.6102 7.17243 68.8898 45.0925 
11.1745 11.1745 48.9547 49.8757 
6.28849 9.27924 0 1.17104 11.3282 
0 2.00674 0 0 0.44319 19.3618 0 
19.6103 7.17248 68.8899 45.0923 
11.1744 11.1744 48.9547 49.8757 
6.28846 9.27923 0 1.17111 11.3282 
0 2.00673 0 0 0.443192 19.3618 0 
19.6104 7.17258 68.89 45.0921 
11.1743 11.1743 48.9548 49.8757 
6.28842 9.27922 0 1.17119 11.3282 
0 2.0067 0 0 0.443194 19.3617 0 
19.6105 7.1727 68.8901 45.0919 
11.1742 11.1742 48.9549 49.8757 
6.28839 9.27917 0 1.17127 11.3282 
0 2.00668 0 0 0.443195 19.3616 0 
19.6106 7.17286 68.8902 45.0916 
11.1741 11.1741 48.955 49.8758 
6.28835 9.2791 0 1.17135 11.3281 
0 2.00665 0 0 0.443195 19.3616 0 
19.6107 7.17306 68.8904 45.0913 
11.174 11.174 48.9551 49.8757 
6.28831 9.27901 0 1.17142 11.3279 
0 2.00662 0 0 0.443193 19.3616 0 
308 variables; iteration 520; function evaluation 607; phase 1
Function value   3.0852463e+02; maximum gradient component mag   1.8068e-01
Var   Value    Gradient   |Var   Value    Gradient   |Var   Value    Gradient
  1 -2.13529  -1.0287e-03 |  2  0.18567   8.4609e-04 |  3  0.18943  -3.8507e-04
  4  0.19624   1.7423e-03 |  5  0.19479  -4.4118e-03 |  6  0.19103   2.9496e-03
  7  0.17749   2.8206e-03 |  8  0.17353   1.5939e-03 |  9  0.17225   5.2845e-03
 10  0.14827  -8.4383e-04 | 11  0.12461  -7.5701e-03 | 12  0.12662  -4.5808e-04
 13  0.10249   9.3542e-03 | 14  0.05680   3.1556e-04 | 15 -0.01132   1.7052e-03
 16 -0.09827  -7.5842e-05 | 17 -0.15678   1.2070e-04 | 18 -0.23402  -8.5733e-04
 19 -0.26678   3.9572e-05 | 20 -0.32247   1.4606e-03 | 21 -0.55779  -3.4518e-04
 22  0.09920   4.8316e-04 | 23 -0.17604   1.1291e-06 | 24  0.01111   6.8546e-04
 25  0.08381  -1.3808e-04 | 26  0.12646   4.5038e-03 | 27  0.15289   2.8240e-03
 28  0.15537  -6.4222e-04 | 29  0.14993   1.6808e-03 | 30  0.15175   1.7085e-03
 31  0.15595   2.0484e-04 | 32  0.14786  -1.0045e-04 | 33  0.12930   1.3116e-03
 34  0.11272  -2.7647e-03 | 35  0.12252   3.0066e-03 | 36  0.11946   3.7280e-03
 37  0.08906  -5.7281e-05 | 38  0.05222   1.0557e-03 | 39 -2.00763  -3.0563e-03
 40 -0.03835  -1.2715e-04 | 41 -0.09477   2.2141e-04 | 42 -1.84634   2.3076e-04
 43 -0.01871   6.4149e-03 | 44 -0.06622   5.9608e-04 | 45 -0.08975   1.3605e-03
 46 -0.16758   3.6583e-03 | 47 -0.18354   4.8858e-03 | 48 -0.14567   3.8665e-03
 49 -0.10800   3.5300e-03 | 50 -0.06495   4.2567e-03 | 51 -0.02809   5.2538e-03
 52  0.01405   5.9760e-03 | 53 -0.00466   4.5507e-03 | 54  0.02983   9.4628e-04
 55  0.02152   3.8498e-03 | 56  0.03649  -2.7703e-04 | 57  0.08912   6.6616e-04
 58  0.10967   7.0783e-03 | 59  0.03562   1.1968e-03 | 60 -0.10961   4.3852e-03
 61 -0.07252   3.8057e-03 | 62  0.03647   2.3581e-03 | 63 -0.02365   1.3457e-03
 64 -0.04560   3.6768e-03 | 65 -0.05258   4.4114e-03 | 66 -0.04135   5.9253e-03
 67 -0.06585   5.1468e-03 | 68 -0.05135   5.1235e-03 | 69 -0.07281   4.6397e-03
 70 -0.06105   3.9522e-03 | 71  0.05226  -1.1650e-04 | 72  0.04574   9.4303e-04
 73  0.00356   3.8319e-03 | 74 -0.00361   4.9432e-03 | 75  0.09887   2.6987e-03
 76  0.08112  -1.4476e-04 | 77 -0.02149   2.5422e-03 | 78 -0.05933   2.7281e-03
 79  0.08378  -1.5682e-03 | 80  0.31552  -5.0373e-03 | 81  0.99972   1.6984e-04
 82 -0.12531   4.1913e-03 | 83 -0.04302   4.8989e-03 | 84  0.04166   4.5380e-03
 85 -0.03800  -9.0922e-03 | 86  0.09502  -7.0149e-03 | 87  0.21435  -1.3474e-02
 88 -0.08745  -4.4048e-03 | 89 -0.20747  -5.1334e-03 | 90 -0.15131  -5.7152e-03
 91 -0.04386  -6.5881e-03 | 92 -0.01888  -3.5630e-03 | 93  0.03689  -5.6713e-03
 94  0.16128  -3.8398e-03 | 95  0.01225  -5.9550e-03 | 96 -0.00191  -6.1656e-03
 97  0.01431  -5.2727e-03 | 98  0.09804  -4.4004e-03 | 99  0.08633  -5.3880e-03
100  0.08799  -2.9451e-03 |101  0.10985  -4.2508e-03 |102 -0.07696  -5.1352e-03
103 -0.10202  -5.7337e-03 |104  0.05477  -3.0915e-03 |105  0.03656  -4.2059e-03
106 -0.04781  -5.0514e-03 |107 -0.05979  -6.4364e-03 |108  0.06809  -6.6311e-03
109  0.09996  -6.5527e-03 |110  0.08576  -6.2119e-03 |111  0.00719  -5.7077e-03
112 -0.12851  -5.3098e-03 |113 -0.14086  -4.8342e-03 |114 -0.03672  -5.8200e-03
115  0.11465  -5.1236e-03 |116  0.02090  -6.3061e-03 |117  0.09435  -7.1337e-03
118  0.04365  -6.1310e-03 |119 -0.01231  -3.6181e-03 |120  0.00405  -5.3683e-03
121  0.12983  -5.3633e-03 |122  0.20100  -1.0313e-02 |123 -1.00015   6.3380e-05
124  0.10787  -8.3634e-03 |125 -0.01648  -5.6451e-03 |126 -0.17376  -4.8659e-03
127  0.00171  -7.7715e-05 |128 -0.06400  -7.7363e-05 |129 -0.02926  -7.7652e-05
130  0.02220  -7.7655e-05 |131  0.02325  -7.7650e-05 |132 -0.01124  -7.7711e-05
133 -0.00017  -7.7716e-05 |134  0.05745  -7.7365e-05 |135 -0.04170  -7.7575e-05
136  0.01977  -7.7667e-05 |137 -0.03783  -7.7602e-05 |138  0.00681  -7.7708e-05
139  0.01078  -7.7698e-05 |140 -0.01506  -7.7704e-05 |141 -0.02218  -7.7683e-05
142 -0.02008  -7.7690e-05 |143 -0.01563  -7.7702e-05 |144 -0.06692  -7.7329e-05
145 -0.02236  -7.7682e-05 |146  0.06674  -7.7248e-05 |147 -0.02970  -7.7650e-05
148  0.02075  -7.7662e-05 |149 -0.04164  -7.7576e-05 |150 -0.00897  -7.7714e-05
151  0.02466  -7.7643e-05 |152  0.00688  -7.7707e-05 |153 -0.02450  -7.7674e-05
154 -0.01022  -7.7713e-05 |155  0.00861  -7.7704e-05 |156  0.01377  -7.7690e-05
157  0.02263  -7.7653e-05 |158  0.00715  -7.7707e-05 |159  0.01904  -7.7670e-05
160 -0.04160  -7.7576e-05 |161  0.03884  -7.7548e-05 |162 -0.00889  -7.7714e-05
163  0.00459  -7.7711e-05 |164  0.17724  -7.4611e-05 |165 -0.00708  -7.7716e-05
166  0.01047  -7.7699e-05 |167 -0.02918  -7.7653e-05 |168 -0.01298  -7.7708e-05
169  0.02607   1.8068e-01 |170 -0.02103   2.6141e-02 |171 -0.02269   4.6219e-03
172  0.00090   2.9430e-04 |173  0.04855  -2.3918e-03 |174  0.00881   2.3333e-03
175  0.00679   1.2487e-02 |176 -0.01519   2.7823e-03 |177  0.00600  -2.1753e-02
178  0.06999  -2.3435e-03 |179  0.09149  -1.2559e-04 |180  0.08160  -1.7374e-03
181  0.02765   7.4463e-04 |182 -0.05268  -2.0510e-03 |183 -0.06016   5.0122e-03
184 -0.04022  -2.9764e-03 |185 -0.03857   3.3253e-04 |186 -0.04851   8.4784e-04
187 -0.07169   1.0074e-03 |188 -0.05791   9.9311e-04 |189 -0.00296   8.2518e-03
190  0.00133   1.0795e-02 |191  0.00054  -4.0602e-03 |192 -0.00789  -1.0905e-03
193 -0.05028  -3.4340e-03 |194 -0.10282   1.4407e-04 |195 -0.02817  -6.2657e-04
196  0.02916   1.0773e-02 |197 -0.00856   7.5348e-03 |198 -0.02129  -2.5886e-03
199 -0.01989  -3.4597e-03 |200 -0.01462  -2.3095e-03 |201 -0.00415   1.0781e-03
202  0.09070   1.8609e-02 |203  0.08634   1.1172e-02 |204  0.06743  -1.9634e-03
205 -0.08197  -1.6957e-03 |206 -0.14891   9.8680e-04 |207 -0.16797   3.8492e-04
208 -0.11307   8.3933e-04 |209 -0.07167   8.7124e-04 |210  0.03595  -6.1059e-04
211  0.83677  -1.1433e-04 |212 -0.05626  -7.6378e-02 |213  0.03595  -2.7752e-02
214  0.04539   2.8048e-08 |215 -0.65600   7.3175e-03 |216 -0.84565  -5.3558e-03
217  0.01748   2.3880e-02 |218 -0.16318   7.4522e-04 |219 -0.24939  -1.5243e-03
220 -0.05393   3.9460e-04 |221  0.03625  -6.8133e-04 |222 -0.00160  -2.5169e-04
223  0.00863   2.6480e-03 |224 -0.02864   2.7593e-03 |225 -0.03603  -1.4916e-03
226  0.08975  -7.1731e-04 |227  0.07006  -1.1318e-03 |228  0.19542   7.8533e-04
229  0.10415  -8.7770e-04 |230  0.09830  -2.0363e-03 |231  0.04946  -1.3472e-03
232  0.05760   6.8239e-04 |233  0.06401  -1.4242e-04 |234  0.12740  -9.1692e-04
235 -0.11618  -1.7997e-03 |236 -0.12359  -1.6545e-03 |237  0.00598  -4.1270e-05
238  0.02566  -9.2745e-05 |239 -0.11253  -2.9007e-03 |240 -0.15101   1.0748e-03
241 -0.06597   9.2171e-05 |242  0.01205  -3.6053e-04 |243  0.04317   1.4950e-04
244 -0.02342  -1.2422e-03 |245 -0.12253  -5.0192e-04 |246 -0.23358  -1.9316e-03
247 -0.10359  -4.2074e-04 |248  0.00245  -2.2343e-03 |249  0.05282   3.4884e-04
250  0.08310   5.4051e-04 |251  0.05586   5.5435e-04 |252 -0.01655  -5.5787e-04
253 -0.00236  -7.6686e-04 |254  0.13242   1.1613e-04 |255  0.19825  -4.0946e-04
256  0.23274  -7.0051e-04 |257 -0.14571   1.6172e-03 |258  0.09621  -4.8025e-02
259  0.14960  -8.5052e-02 |260 -0.86790  -1.5980e-03 |261 -0.84439   5.7846e-03
262 -1.20014  -5.0895e-03 |263  0.47231  -9.2151e-03 |264 -0.36680  -1.0482e-02
265 -0.50596  -8.7561e-03 |266  1.71035   1.1229e-02 |267  0.27813  -1.1326e-02
268  0.01265  -1.2498e-02 |269  0.63060  -6.8532e-03 |270  0.26867  -1.1404e-02
271 -0.23019  -1.1692e-02 |272  0.74062  -4.9533e-03 |273 -0.35650  -1.0591e-02
274 -0.12773  -1.2250e-02 |275 -0.52215  -8.5263e-03 |276 -1.02766   5.4380e-04
277  0.36020  -1.0552e-02 |278 -0.37041  -1.0444e-02 |279 -0.13721  -1.2211e-02
280  0.28075  -1.1305e-02 |281  0.61711  -7.0731e-03 |282  0.47622  -9.1630e-03
283  0.84952  -2.9271e-03 |284  0.05863  -1.2448e-02 |285  1.09305   1.8204e-03
286  0.22963  -1.1696e-02 |287 -0.54362  -8.2133e-03 |288 -1.48706   8.6577e-03
289  1.30178   5.7062e-03 |290 -0.79843  -3.8922e-03 |291  1.03597   7.0532e-04
292  0.05672  -1.2451e-02 |293  0.84632  -2.9882e-03 |294 -0.31715  -1.0981e-02
295 -0.42813  -9.7787e-03 |296 -0.08807  -1.2381e-02 |297 -1.79034   1.1829e-02
298  0.93325  -1.3079e-03 |299 -0.80913  -3.6922e-03 |300 -0.59818  -7.3765e-03
301 -0.81313  -3.6170e-03 |302 -0.93597  -1.2555e-03 |303  0.47187  -2.9967e-02
304  0.08846  -1.2318e-03 |305 -0.90724  -9.1854e-02 |306  0.25189  -1.0945e-02
307 -0.87921  -1.3425e-02 |308 -0.52476  -1.2940e-02 |
19.6108 7.17326 68.8905 45.0911 
11.174 11.174 48.9553 49.8757 
6.28827 9.27889 0 1.17144 11.3277 
0 2.00661 0 0 0.443189 19.3618 0 
19.6107 7.17341 68.8906 45.0911 
11.174 11.174 48.9554 49.8757 
6.28825 9.27879 0 1.17138 11.3275 
0 2.00662 0 0 0.443184 19.362 0 
19.6105 7.17334 68.8904 45.0914 
11.1741 11.1741 48.9553 49.8756 
6.2883 9.27879 0 1.17121 11.3273 
0 2.00668 0 0 0.443179 19.3622 0 
19.6102 7.17301 68.8901 45.092 
11.1744 11.1744 48.955 49.8756 
6.28842 9.27895 0 1.17104 11.3275 
0 2.00675 0 0 0.443179 19.3622 0 
19.61 7.17264 68.8898 45.0925 
11.1745 11.1745 48.9548 49.8757 
6.28853 9.27916 0 1.17097 11.3279 
0 2.00678 0 0 0.443183 19.362 0 
19.61 7.17245 68.8897 45.0927 
11.1745 11.1745 48.9546 49.8757 
6.28858 9.27927 0 1.17101 11.3281 
0 2.00677 0 0 0.443186 19.3618 0 
19.61 7.17242 68.8897 45.0927 
11.1745 11.1745 48.9546 49.8758 
6.28859 9.27931 0 1.17106 11.3282 
0 2.00674 0 0 0.443187 19.3617 0 
19.6101 7.17243 68.8897 45.0927 
11.1745 11.1745 48.9547 49.8758 
6.28858 9.2793 0 1.17108 11.3282 
0 2.00673 0 0 0.443187 19.3616 0 
19.6101 7.17245 68.8897 45.0927 
11.1744 11.1744 48.9547 49.8758 
6.28858 9.27929 0 1.17109 11.3282 
0 2.00672 0 0 0.443186 19.3616 0 
19.6101 7.17246 68.8897 45.0927 
11.1745 11.1745 48.9547 49.8758 
6.28857 9.27929 0 1.17109 11.3281 
0 2.00672 0 0 0.443186 19.3616 0 
308 variables; iteration 530; function evaluation 617; phase 1
Function value   3.0852462e+02; maximum gradient component mag  -3.6598e-03
Var   Value    Gradient   |Var   Value    Gradient   |Var   Value    Gradient
  1 -2.13530   9.5471e-05 |  2  0.18567  -7.6050e-05 |  3  0.18943  -2.0371e-04
  4  0.19624  -2.0579e-04 |  5  0.19479  -1.2406e-04 |  6  0.19102  -1.0007e-04
  7  0.17749   1.0205e-04 |  8  0.17353   9.8575e-05 |  9  0.17225   5.8554e-04
 10  0.14827   2.3778e-04 | 11  0.12461   6.3426e-05 | 12  0.12662   1.0011e-04
 13  0.10248   4.4656e-04 | 14  0.05680   7.4353e-05 | 15 -0.01134  -1.6457e-05
 16 -0.09826  -6.0967e-05 | 17 -0.15679   1.9634e-06 | 18 -0.23299   6.2754e-05
 19 -0.26686   1.9395e-06 | 20 -0.33519  -1.1006e-04 | 21 -0.55358  -3.4492e-04
 22  0.09920   2.4280e-05 | 23 -0.17604   3.9133e-08 | 24  0.01110  -2.5192e-05
 25  0.08381   2.8677e-06 | 26  0.12645   1.2351e-04 | 27  0.15289   1.1267e-04
 28  0.15537  -1.3730e-04 | 29  0.14993   8.9450e-06 | 30  0.15175   1.6106e-04
 31  0.15595  -1.1292e-04 | 32  0.14786   3.2647e-05 | 33  0.12930   2.2175e-05
 34  0.11272   2.4558e-05 | 35  0.12252   9.6903e-05 | 36  0.11946   1.9408e-04
 37  0.08906   3.9195e-06 | 38  0.05222   6.5137e-05 | 39 -2.00762  -8.8136e-05
 40 -0.03835   6.5868e-05 | 41 -0.09471  -1.8568e-05 | 42 -1.84634   5.7022e-05
 43 -0.01877  -2.6601e-04 | 44 -0.06620  -2.5937e-04 | 45 -0.08973  -3.5395e-04
 46 -0.16758  -2.0297e-04 | 47 -0.18356  -3.3261e-04 | 48 -0.14567  -2.3626e-04
 49 -0.10800  -2.4396e-04 | 50 -0.06495  -2.5612e-04 | 51 -0.02809  -2.1912e-04
 52  0.01403  -1.9218e-04 | 53 -0.00467  -1.7096e-04 | 54  0.02987  -1.5104e-04
 55  0.02150  -9.7419e-05 | 56  0.03652  -1.7713e-04 | 57  0.08914  -1.4575e-04
 58  0.10962  -1.6249e-04 | 59  0.03567  -1.7996e-04 | 60 -0.10961  -1.8573e-04
 61 -0.07251  -2.0736e-04 | 62  0.03648  -1.6439e-04 | 63 -0.02363  -1.9264e-04
 64 -0.04561  -1.7784e-04 | 65 -0.05259  -1.3571e-04 | 66 -0.04138  -3.5981e-05
 67 -0.06586  -2.6571e-05 | 68 -0.05135  -9.6879e-05 | 69 -0.07281  -1.8695e-04
 70 -0.06106  -2.0209e-04 | 71  0.05229  -1.6630e-04 | 72  0.04575  -1.5902e-04
 73  0.00355  -1.6107e-04 | 74 -0.00362  -1.2107e-04 | 75  0.09887  -2.3856e-04
 76  0.08114  -2.0166e-04 | 77 -0.02151  -1.7827e-04 | 78 -0.05933  -1.2528e-04
 79  0.08380  -4.9960e-05 | 80  0.31550   1.4716e-04 | 81  0.99968  -6.6889e-05
 82 -0.12531  -1.8800e-04 | 83 -0.04302  -1.9002e-04 | 84  0.04166  -2.0569e-04
 85 -0.03792  -1.9472e-04 | 86  0.09501  -1.5508e-04 | 87  0.21436  -2.4207e-04
 88 -0.08748  -1.0174e-04 | 89 -0.20748  -1.0133e-04 | 90 -0.15131  -1.1514e-04
 91 -0.04384  -1.5946e-04 | 92 -0.01890  -7.6594e-05 | 93  0.03690  -1.4460e-04
 94  0.16127  -2.4508e-04 | 95  0.01227  -1.4995e-04 | 96 -0.00188  -1.4310e-04
 97  0.01432  -8.2094e-05 | 98  0.09804  -1.0354e-04 | 99  0.08633  -1.8284e-04
100  0.08798  -8.5012e-05 |101  0.10986  -8.4783e-05 |102 -0.07695  -1.1059e-04
103 -0.10201  -1.0490e-04 |104  0.05474  -1.2420e-04 |105  0.03655  -1.5574e-04
106 -0.04783  -1.0327e-04 |107 -0.05979  -1.0722e-04 |108  0.06809  -1.2265e-04
109  0.09996  -6.7394e-05 |110  0.08576  -2.3346e-05 |111  0.00720  -3.1929e-05
112 -0.12851  -7.9077e-05 |113 -0.14086  -9.4444e-05 |114 -0.03671  -1.1274e-04
115  0.11464  -5.4485e-05 |116  0.02089  -1.1823e-04 |117  0.09436  -1.3131e-04
118  0.04364  -1.4586e-04 |119 -0.01235  -9.9382e-05 |120  0.00405  -6.0371e-05
121  0.12982  -4.5210e-05 |122  0.20100  -8.0253e-06 |123 -1.00015   6.1741e-06
124  0.10788  -3.4836e-05 |125 -0.01649  -9.5106e-05 |126 -0.17377  -9.8738e-05
127  0.00148  -5.4476e-06 |128 -0.06393  -5.4607e-06 |129 -0.02922  -5.4609e-06
130  0.02195  -5.4318e-06 |131  0.02299  -5.4308e-06 |132 -0.01121  -5.4546e-06
133 -0.00014  -5.4486e-06 |134  0.05745  -5.3909e-06 |135 -0.04169  -5.4626e-06
136  0.01978  -5.4337e-06 |137 -0.03780  -5.4623e-06 |138  0.00683  -5.4440e-06
139  0.01080  -5.4411e-06 |140 -0.01502  -5.4563e-06 |141 -0.02214  -5.4589e-06
142 -0.02004  -5.4582e-06 |143 -0.01560  -5.4565e-06 |144 -0.06684  -5.4599e-06
145 -0.02232  -5.4590e-06 |146  0.06674  -5.3773e-06 |147 -0.02966  -5.4610e-06
148  0.02077  -5.4328e-06 |149 -0.04167  -5.4626e-06 |150 -0.00893  -5.4535e-06
151  0.02467  -5.4292e-06 |152  0.00690  -5.4440e-06 |153 -0.02446  -5.4596e-06
154 -0.01019  -5.4541e-06 |155  0.00863  -5.4427e-06 |156  0.01378  -5.4388e-06
157  0.02265  -5.4311e-06 |158  0.00717  -5.4438e-06 |159  0.01905  -5.4344e-06
160 -0.04159  -5.4626e-06 |161  0.03884  -5.4144e-06 |162 -0.00885  -5.4535e-06
163  0.00462  -5.4456e-06 |164  0.17698  -5.1273e-06 |165 -0.00705  -5.4526e-06
166  0.01049  -5.4414e-06 |167 -0.02914  -5.4608e-06 |168 -0.01294  -5.4554e-06
169  0.02607  -9.6794e-04 |170 -0.02103   3.7906e-04 |171 -0.02269   2.6700e-04
172  0.00090   2.8988e-04 |173  0.04855   3.6586e-04 |174  0.00881   2.6652e-04
175  0.00679   4.8893e-04 |176 -0.01520  -5.0719e-06 |177  0.00601  -9.1116e-04
178  0.06999   3.5364e-05 |179  0.09149   1.5205e-04 |180  0.08161  -3.2481e-04
181  0.02765  -1.9027e-04 |182 -0.05267  -6.5107e-05 |183 -0.06017  -1.1004e-04
184 -0.04022  -1.8839e-04 |185 -0.03857   5.5521e-05 |186 -0.04850  -5.6590e-05
187 -0.07169   1.7517e-06 |188 -0.05791   4.1446e-06 |189 -0.00296   1.5543e-06
190  0.00133  -2.5250e-04 |191  0.00054  -4.4214e-04 |192 -0.00789  -3.8112e-04
193 -0.05027   9.1509e-05 |194 -0.10282  -1.1370e-05 |195 -0.02817  -3.2669e-05
196  0.02916   1.4449e-04 |197 -0.00856   4.2272e-05 |198 -0.02128  -1.1888e-04
199 -0.01989  -1.4117e-04 |200 -0.01462  -9.1873e-05 |201 -0.00415  -3.9901e-05
202  0.09070   3.0004e-04 |203  0.08634  -1.7854e-04 |204  0.06744  -8.7249e-04
205 -0.08196  -9.6875e-05 |206 -0.14892  -3.4135e-05 |207 -0.16797   1.0105e-04
208 -0.11308   4.5102e-05 |209 -0.07167   6.2450e-05 |210  0.03595  -5.2016e-05
211  0.83669  -5.6322e-06 |212 -0.05626   8.8850e-04 |213  0.03595   2.6211e-05
214  0.04536   2.8027e-08 |215 -0.65600   1.3389e-04 |216 -0.84564  -1.0189e-04
217  0.01749   1.1558e-03 |218 -0.16318   2.0551e-04 |219 -0.24938   1.7931e-04
220 -0.05392   2.4652e-04 |221  0.03625   3.9435e-05 |222 -0.00161  -1.6442e-05
223  0.00863   8.7100e-05 |224 -0.02864   3.0769e-04 |225 -0.03603   4.9275e-05
226  0.08975   5.6060e-05 |227  0.07006   1.4456e-04 |228  0.19541   1.0342e-04
229  0.10415   7.5835e-05 |230  0.09830   6.3243e-05 |231  0.04946   5.9808e-05
232  0.05760   1.7283e-04 |233  0.06401   8.4924e-05 |234  0.12739   2.0910e-04
235 -0.11617   8.4422e-05 |236 -0.12359   8.3380e-05 |237  0.00598   4.5451e-05
238  0.02565   1.1140e-04 |239 -0.11253   6.2072e-05 |240 -0.15101   2.4021e-05
241 -0.06597   9.1055e-05 |242  0.01206   1.1706e-04 |243  0.04318   9.0555e-05
244 -0.02341  -3.9469e-05 |245 -0.12253  -7.1149e-05 |246 -0.23359   1.0407e-04
247 -0.10359   1.2180e-04 |248  0.00245  -1.1311e-05 |249  0.05281   1.3287e-04
250  0.08310   1.5581e-06 |251  0.05586   5.8095e-05 |252 -0.01656   1.8540e-04
253 -0.00237   1.8104e-05 |254  0.13241   9.6004e-05 |255  0.19825   5.8567e-05
256  0.23275   7.4604e-05 |257 -0.14571  -3.6880e-05 |258  0.09621  -3.6598e-03
259  0.14960  -1.6669e-03 |260 -0.86790   1.1557e-04 |261 -0.84439   4.1757e-04
262 -1.20005  -8.7852e-06 |263  0.47247  -3.3908e-04 |264 -0.36815  -3.8533e-04
265 -0.50541  -3.2262e-04 |266  1.71064   4.1339e-04 |267  0.27773  -4.1701e-04
268  0.01156  -4.6005e-04 |269  0.62886  -2.5325e-04 |270  0.26861  -4.1975e-04
271 -0.22904  -4.3068e-04 |272  0.74177  -1.8147e-04 |273 -0.35639  -3.8991e-04
274 -0.12572  -4.5119e-04 |275 -0.52405  -3.1288e-04 |276 -1.02780   2.0982e-05
277  0.35927  -3.8875e-04 |278 -0.37003  -3.8459e-04 |279 -0.13692  -4.4953e-04
280  0.28052  -4.1616e-04 |281  0.61658  -2.6061e-04 |282  0.47771  -3.3651e-04
283  0.85078  -1.0670e-04 |284  0.05915  -4.5814e-04 |285  1.09269   6.6490e-05
286  0.22841  -4.3081e-04 |287 -0.54465  -3.0180e-04 |288 -1.48721   3.1880e-04
289  1.30181   2.0998e-04 |290 -0.79734  -1.4413e-04 |291  1.03511   2.4654e-05
292  0.05892  -4.5815e-04 |293  0.84595  -1.1010e-04 |294 -0.31856  -4.0373e-04
295 -0.42775  -3.6014e-04 |296 -0.08811  -4.5573e-04 |297 -1.79034   4.3541e-04
298  0.93337  -4.7698e-05 |299 -0.80901  -1.3611e-04 |300 -0.59818  -2.7157e-04
301 -0.81359  -1.3294e-04 |302 -0.93496  -4.7308e-05 |303  0.47187  -2.1848e-03
304  0.08844   1.2538e-04 |305 -0.90724  -1.9666e-03 |306  0.25190  -3.5341e-05
307 -0.87921   8.7109e-04 |308 -0.52475   6.0257e-06 |
19.6102 7.17246 68.8897 45.0928 
11.1745 11.1745 48.9547 49.8758 
6.28856 9.27928 0 1.17109 11.3281 
0 2.00671 0 0 0.443185 19.3616 0 
19.6102 7.17246 68.8897 45.0928 
11.1745 11.1745 48.9547 49.8758 
6.28855 9.27927 0 1.17109 11.3281 
0 2.00671 0 0 0.443184 19.3616 0 
19.6102 7.17246 68.8897 45.0928 
11.1745 11.1745 48.9548 49.8758 
6.28854 9.27926 0 1.17109 11.328 
0 2.00671 0 0 0.443184 19.3615 0 
19.6102 7.17246 68.8897 45.0929 
11.1746 11.1746 48.9548 49.8758 
6.28852 9.27924 0 1.1711 11.328 
0 2.00671 0 0 0.443183 19.3615 0 
19.6103 7.17246 68.8896 45.0929 
11.1746 11.1746 48.9548 49.8758 
6.28849 9.27923 0 1.17111 11.3279 
0 2.00671 0 0 0.443183 19.3614 0 
19.6103 7.17247 68.8896 45.093 
11.1747 11.1747 48.9548 49.8759 
6.28845 9.27921 0 1.17113 11.3279 
0 2.00671 0 0 0.443183 19.3613 0 
19.6104 7.17247 68.8896 45.093 
11.1747 11.1747 48.9547 49.8759 
6.2884 9.2792 0 1.17117 11.3279 
0 2.00671 0 0 0.443183 19.3611 0 
19.6105 7.17248 68.8896 45.093 
11.1748 11.1748 48.9547 49.876 
6.28833 9.27918 0 1.17121 11.3279 
0 2.00671 0 0 0.443183 19.361 0 
19.6107 7.1725 68.8896 45.0929 
11.1749 11.1749 48.9547 49.8761 
6.28823 9.27916 0 1.17128 11.3279 
0 2.00671 0 0 0.443184 19.3608 0 
19.6108 7.17251 68.8895 45.0929 
11.175 11.175 48.9546 49.8763 
6.2881 9.27913 0 1.17137 11.328 
0 2.00672 0 0 0.443186 19.3605 0 
308 variables; iteration 540; function evaluation 627; phase 1
Function value   3.0852461e+02; maximum gradient component mag  -1.2995e-01
Var   Value    Gradient   |Var   Value    Gradient   |Var   Value    Gradient
  1 -2.13530  -8.3358e-04 |  2  0.18567   6.9625e-03 |  3  0.18943   5.7078e-03
  4  0.19624   1.9903e-04 |  5  0.19479  -2.7280e-03 |  6  0.19102   2.6876e-03
  7  0.17749   2.2282e-03 |  8  0.17353   3.1306e-03 |  9  0.17225  -3.8979e-03
 10  0.14827   1.7390e-03 | 11  0.12462   2.5159e-02 | 12  0.12662   2.6136e-03
 13  0.10248  -7.6630e-03 | 14  0.05680  -4.7782e-04 | 15 -0.01134  -8.1037e-04
 16 -0.09828  -3.7198e-04 | 17 -0.15679   1.6987e-05 | 18 -0.23301   4.5161e-05
 19 -0.26686   5.9563e-06 | 20 -0.33402   1.7178e-05 | 21 -0.54744  -3.4409e-04
 22  0.09920  -2.9994e-04 | 23 -0.17604   8.5626e-07 | 24  0.01110   1.9394e-04
 25  0.08381  -5.0958e-04 | 26  0.12645  -2.2830e-03 | 27  0.15289  -2.9986e-04
 28  0.15537  -4.5791e-04 | 29  0.14993  -8.0630e-04 | 30  0.15175   1.2592e-03
 31  0.15595   1.0485e-03 | 32  0.14786   1.9601e-03 | 33  0.12930   1.0103e-03
 34  0.11273   1.0550e-03 | 35  0.12252   3.7387e-04 | 36  0.11945  -6.0776e-04
 37  0.08906   3.2583e-03 | 38  0.05221  -1.1141e-03 | 39 -2.00762   4.1901e-04
 40 -0.03835   4.1419e-04 | 41 -0.09472   6.0931e-05 | 42 -1.84634   2.0973e-05
 43 -0.01878  -7.4450e-04 | 44 -0.06622   5.4074e-04 | 45 -0.08969   5.9938e-03
 46 -0.16758   2.5196e-03 | 47 -0.18352   5.8438e-03 | 48 -0.14567   3.2242e-03
 49 -0.10799   3.6353e-03 | 50 -0.06495   3.2015e-03 | 51 -0.02809   2.1101e-03
 52  0.01402   9.1232e-04 | 53 -0.00467   1.5068e-03 | 54  0.02986   2.4763e-05
 55  0.02151   2.7579e-04 | 56  0.03650  -1.6689e-03 | 57  0.08916  -1.3131e-03
 58  0.10960  -4.1837e-03 | 59  0.03568   2.5282e-04 | 60 -0.10960   1.8928e-03
 61 -0.07251   1.9770e-03 | 62  0.03646   4.1561e-04 | 63 -0.02364   1.3496e-03
 64 -0.04561   2.6784e-03 | 65 -0.05259   3.2303e-03 | 66 -0.04138   3.7531e-03
 67 -0.06585   4.3755e-03 | 68 -0.05135   3.8533e-03 | 69 -0.07281   3.4627e-03
 70 -0.06106   2.2495e-03 | 71  0.05227   2.8431e-04 | 72  0.04574   2.4726e-04
 73  0.00355   1.3127e-03 | 74 -0.00362   1.7211e-03 | 75  0.09887   2.8483e-03
 76  0.08115   4.5725e-03 | 77 -0.02150   3.0311e-03 | 78 -0.05933   2.0046e-03
 79  0.08378  -2.2564e-04 | 80  0.31551  -6.3377e-04 | 81  0.99956  -5.7446e-04
 82 -0.12531   1.9933e-03 | 83 -0.04302   2.1899e-03 | 84  0.04167   2.3924e-03
 85 -0.03795  -5.4387e-04 | 86  0.09502  -7.8746e-04 | 87  0.21435  -5.0275e-03
 88 -0.08747   1.1435e-03 | 89 -0.20748   1.1030e-03 | 90 -0.15131   1.3841e-03
 91 -0.04383   3.1369e-03 | 92 -0.01890   2.4825e-03 | 93  0.03689   2.5839e-03
 94  0.16128   5.2804e-03 | 95  0.01227   1.3923e-03 | 96 -0.00189   3.2403e-04
 97  0.01431  -1.6895e-04 | 98  0.09805   1.2024e-03 | 99  0.08633   1.1053e-03
100  0.08797   3.2208e-04 |101  0.10986  -1.7552e-03 |102 -0.07695  -4.9736e-04
103 -0.10202   4.7739e-05 |104  0.05474   6.1147e-05 |105  0.03656   1.2921e-03
106 -0.04782   9.5845e-04 |107 -0.05979   8.1291e-04 |108  0.06809   1.0894e-03
109  0.09996   1.8025e-03 |110  0.08576   1.9761e-03 |111  0.00720   2.1556e-03
112 -0.12850   1.7745e-03 |113 -0.14085   1.7875e-03 |114 -0.03670   1.3129e-03
115  0.11464  -7.0195e-04 |116  0.02089   1.4895e-04 |117  0.09436   6.6472e-04
118  0.04364   8.6138e-04 |119 -0.01235   1.4268e-03 |120  0.00404   1.2262e-03
121  0.12982   2.1289e-03 |122  0.20100   1.3648e-03 |123 -1.00022  -1.3072e-03
124  0.10788   1.0424e-03 |125 -0.01648   9.3686e-04 |126 -0.17376   9.0492e-04
127  0.00159  -2.9380e-04 |128 -0.06390  -2.9236e-04 |129 -0.02920  -2.9351e-04
130  0.02204  -2.9361e-04 |131  0.02308  -2.9359e-04 |132 -0.01121  -2.9376e-04
133 -0.00016  -2.9380e-04 |134  0.05738  -2.9257e-04 |135 -0.04165  -2.9320e-04
136  0.01976  -2.9365e-04 |137 -0.03777  -2.9331e-04 |138  0.00682  -2.9378e-04
139  0.01078  -2.9375e-04 |140 -0.01502  -2.9373e-04 |141 -0.02213  -2.9364e-04
142 -0.02004  -2.9367e-04 |143 -0.01559  -2.9372e-04 |144 -0.06681  -2.9223e-04
145 -0.02231  -2.9364e-04 |146  0.06666  -2.9215e-04 |147 -0.02964  -2.9350e-04
148  0.02074  -2.9363e-04 |149 -0.04161  -2.9320e-04 |150 -0.00894  -2.9378e-04
151  0.02464  -2.9357e-04 |152  0.00688  -2.9378e-04 |153 -0.02445  -2.9360e-04
154 -0.01019  -2.9377e-04 |155  0.00861  -2.9377e-04 |156  0.01376  -2.9372e-04
157  0.02262  -2.9360e-04 |158  0.00715  -2.9378e-04 |159  0.01902  -2.9366e-04
160 -0.04155  -2.9320e-04 |161  0.03880  -2.9323e-04 |162 -0.00886  -2.9378e-04
163  0.00460  -2.9379e-04 |164  0.17688  -2.8242e-04 |165 -0.00706  -2.9379e-04
166  0.01047  -2.9376e-04 |167 -0.02912  -2.9351e-04 |168 -0.01294  -2.9375e-04
169  0.02607  -1.2995e-01 |170 -0.02103  -1.0307e-02 |171 -0.02268  -1.3764e-02
172  0.00090  -1.0059e-02 |173  0.04855  -1.0965e-02 |174  0.00881  -6.7656e-03
175  0.00679  -6.0568e-03 |176 -0.01520  -2.9428e-03 |177  0.00601   1.2692e-02
178  0.06999  -2.6207e-03 |179  0.09149  -9.7656e-03 |180  0.08161   6.2463e-04
181  0.02765   1.3727e-02 |182 -0.05268  -4.5152e-04 |183 -0.06016   9.6277e-03
184 -0.04022   1.8638e-03 |185 -0.03857  -7.0544e-03 |186 -0.04850  -5.5241e-03
187 -0.07169  -1.4983e-03 |188 -0.05791  -6.0684e-05 |189 -0.00296  -2.1004e-03
190  0.00133  -8.8232e-03 |191  0.00054  -1.0180e-02 |192 -0.00789  -6.2489e-03
193 -0.05028  -1.2811e-02 |194 -0.10282  -2.5922e-03 |195 -0.02817  -8.9190e-04
196  0.02916  -1.9494e-03 |197 -0.00856   4.3245e-04 |198 -0.02128   2.8167e-04
199 -0.01989  -5.1075e-04 |200 -0.01462  -4.0279e-03 |201 -0.00415  -3.0937e-03
202  0.09070  -9.8833e-03 |203  0.08634  -2.6095e-03 |204  0.06743   2.2207e-04
205 -0.08196  -5.3471e-04 |206 -0.14893  -1.3678e-03 |207 -0.16797  -1.5246e-03
208 -0.11307  -1.8491e-03 |209 -0.07167  -1.6498e-03 |210  0.03595   1.8804e-04
211  0.83664  -3.3744e-04 |212 -0.05626  -1.7272e-02 |213  0.03595  -1.1497e-04
214  0.04532   2.8001e-08 |215 -0.65600   3.3349e-03 |216 -0.84564  -6.1079e-03
217  0.01749   2.4605e-03 |218 -0.16318  -3.9613e-04 |219 -0.24938   1.8171e-03
220 -0.05393   9.0469e-04 |221  0.03625  -2.8014e-05 |222 -0.00161   8.6409e-04
223  0.00863   3.4526e-04 |224 -0.02864  -2.3342e-03 |225 -0.03602  -1.7003e-03
226  0.08975  -3.4055e-04 |227  0.07006  -1.3911e-03 |228  0.19541  -7.2979e-04
229  0.10415  -7.6584e-04 |230  0.09830   2.5347e-04 |231  0.04946   3.2293e-04
232  0.05760  -1.3099e-05 |233  0.06401  -5.6848e-04 |234  0.12739  -1.9705e-03
235 -0.11618   5.3698e-04 |236 -0.12359   2.2823e-03 |237  0.00598   1.3058e-03
238  0.02565   4.0027e-04 |239 -0.11253  -4.0085e-04 |240 -0.15101  -4.1428e-04
241 -0.06597  -2.6687e-04 |242  0.01206  -2.1315e-04 |243  0.04318  -5.8364e-04
244 -0.02341  -5.1694e-04 |245 -0.12253  -7.0383e-04 |246 -0.23359  -2.7313e-03
247 -0.10359  -2.0493e-03 |248  0.00245  -5.4314e-04 |249  0.05281  -2.3883e-05
250  0.08310   1.5214e-04 |251  0.05586  -2.3209e-04 |252 -0.01656  -2.7373e-04
253 -0.00237  -2.1101e-04 |254  0.13242  -1.3463e-04 |255  0.19825  -2.6922e-04
256  0.23275  -3.0878e-04 |257 -0.14572  -1.2355e-03 |258  0.09621   2.7882e-02
259  0.14961   4.1909e-02 |260 -0.86790   8.3891e-03 |261 -0.84439   4.2688e-03
262 -1.20008  -2.9355e-04 |263  0.47231   1.4304e-04 |264 -0.36818   1.6241e-04
265 -0.50521   1.3600e-04 |266  1.71065  -1.7431e-04 |267  0.27761   1.7585e-04
268  0.01161   1.9396e-04 |269  0.62885   1.0686e-04 |270  0.26863   1.7699e-04
271 -0.22909   1.8155e-04 |272  0.74139   7.6743e-05 |273 -0.35624   1.6438e-04
274 -0.12595   1.9020e-04 |275 -0.52399   1.3186e-04 |276 -1.02768  -7.5294e-06
277  0.35942   1.6391e-04 |278 -0.36957   1.6218e-04 |279 -0.13690   1.8951e-04
280  0.28053   1.7548e-04 |281  0.61660   1.0995e-04 |282  0.47756   1.4196e-04
283  0.85051   4.5298e-05 |284  0.05878   1.9317e-04 |285  1.09251  -2.8358e-05
286  0.22846   1.8164e-04 |287 -0.54436   1.2724e-04 |288 -1.48727  -1.3436e-04
289  1.30180  -8.8633e-05 |290 -0.79750   6.0551e-05 |291  1.03486  -1.1334e-05
292  0.05875   1.9317e-04 |293  0.84609   4.6604e-05 |294 -0.31809   1.7025e-04
295 -0.42800   1.5174e-04 |296 -0.08793   1.9214e-04 |297 -1.79007  -1.8352e-04
298  0.93325   2.0676e-05 |299 -0.80891   5.7231e-05 |300 -0.59819   1.1442e-04
301 -0.81357   5.5869e-05 |302 -0.93476   1.9464e-05 |303  0.47187   3.4359e-04
304  0.08843   1.5328e-03 |305 -0.90723   2.2070e-02 |306  0.25190  -1.9189e-03
307 -0.87921  -3.5674e-02 |308 -0.52475  -7.1610e-03 |
19.6111 7.17253 68.8895 45.0927 
11.1751 11.1751 48.9544 49.8765 
6.28793 9.27911 0 1.17149 11.328 
0 2.00674 0 0 0.44319 19.3602 0 
19.6114 7.17255 68.8895 45.0925 
11.1753 11.1753 48.9542 49.8767 
6.28772 9.27909 0 1.17163 11.3281 
0 2.00678 0 0 0.443194 19.3598 0 
19.6117 7.17256 68.8894 45.0923 
11.1754 11.1754 48.954 49.8769 
6.28746 9.27907 0 1.17181 11.3283 
0 2.00683 0 0 0.443201 19.3595 0 
19.6121 7.17257 68.8893 45.0919 
11.1755 11.1755 48.9537 49.8772 
6.28718 9.27907 0 1.17198 11.3285 
0 2.00691 0 0 0.44321 19.3592 0 
19.6123 7.17258 68.8892 45.0915 
11.1755 11.1755 48.9533 49.8772 
6.287 9.27911 0 1.17207 11.3288 
0 2.00701 0 0 0.443221 19.3593 0 
19.6118 7.17258 68.8892 45.0915 
11.1752 11.1752 48.9534 49.8768 
6.28728 9.27919 0 1.17183 11.3289 
0 2.00703 0 0 0.443223 19.3602 0 
19.6107 7.17238 68.8893 45.0921 
11.1745 11.1745 48.9539 49.876 
6.28817 9.27929 0 1.17129 11.3287 
0 2.00696 0 0 0.443209 19.3617 0 
19.6103 7.17228 68.8894 45.0925 
11.1742 11.1742 48.9543 49.8757 
6.28851 9.2793 0 1.17111 11.3285 
0 2.00689 0 0 0.443197 19.362 0 
19.6102 7.17233 68.8895 45.0926 
11.1742 11.1742 48.9545 49.8756 
6.28856 9.27931 0 1.17108 11.3284 
0 2.00682 0 0 0.443191 19.3619 0 
19.6102 7.17241 68.8896 45.0927 
11.1743 11.1743 48.9546 49.8757 
6.28857 9.27932 0 1.17108 11.3283 
0 2.00676 0 0 0.443187 19.3618 0 
308 variables; iteration 550; function evaluation 637; phase 1
Function value   3.0852458e+02; maximum gradient component mag  -2.8539e-02
Var   Value    Gradient   |Var   Value    Gradient   |Var   Value    Gradient
  1 -2.13530   1.7054e-04 |  2  0.18567   8.8690e-04 |  3  0.18943  -1.8735e-05
  4  0.19624  -2.1453e-03 |  5  0.19479  -1.3685e-03 |  6  0.19102  -4.1002e-03
  7  0.17749  -1.0648e-03 |  8  0.17353  -2.1848e-04 |  9  0.17225   1.3921e-03
 10  0.14827  -2.2837e-04 | 11  0.12461   4.3786e-03 | 12  0.12662   4.8361e-04
 13  0.10248   5.4654e-03 | 14  0.05680   1.1280e-04 | 15 -0.01134  -1.1846e-04
 16 -0.09827  -1.3374e-04 | 17 -0.15679   1.3895e-05 | 18 -0.23314  -7.3591e-05
 19 -0.26688  -5.6805e-06 | 20 -0.33489  -7.6694e-05 | 21 -0.42701  -4.9855e-06
 22  0.09920   6.7230e-05 | 23 -0.17604  -1.1918e-06 | 24  0.01110   4.0006e-05
 25  0.08381  -2.0100e-04 | 26  0.12645  -1.0776e-03 | 27  0.15289   1.1774e-04
 28  0.15537  -1.1551e-03 | 29  0.14993  -1.4086e-03 | 30  0.15175   6.5939e-04
 31  0.15595  -5.0713e-04 | 32  0.14786   8.7260e-05 | 33  0.12930   6.1342e-04
 34  0.11272  -9.1510e-04 | 35  0.12252   2.5748e-05 | 36  0.11946  -1.6319e-03
 37  0.08906  -4.4607e-05 | 38  0.05222   2.2270e-03 | 39 -2.00762  -3.4573e-05
 40 -0.03835   1.2518e-04 | 41 -0.09471   4.1951e-05 | 42 -1.84621  -1.4749e-05
 43 -0.01878  -2.5925e-03 | 44 -0.06619  -1.3578e-03 | 45 -0.08974  -2.8149e-03
 46 -0.16758  -1.9638e-03 | 47 -0.18356  -2.1211e-03 | 48 -0.14567  -1.6292e-03
 49 -0.10800  -1.8475e-03 | 50 -0.06495  -1.6716e-03 | 51 -0.02809  -1.5815e-03
 52  0.01403  -1.1935e-03 | 53 -0.00467  -1.3541e-03 | 54  0.02987  -9.8246e-04
 55  0.02150  -1.5626e-03 | 56  0.03653  -9.7656e-04 | 57  0.08913  -1.6856e-03
 58  0.10962  -1.5817e-03 | 59  0.03567  -2.0138e-03 | 60 -0.10961  -1.8436e-03
 61 -0.07252  -1.7224e-03 | 62  0.03649  -6.8757e-04 | 63 -0.02362  -7.7070e-04
 64 -0.04561  -1.2180e-03 | 65 -0.05259  -9.7561e-04 | 66 -0.04137  -5.5674e-04
 67 -0.06585  -9.7086e-04 | 68 -0.05135  -1.6017e-03 | 69 -0.07281  -1.8836e-03
 70 -0.06105  -1.6654e-03 | 71  0.05228  -2.7822e-03 | 72  0.04575  -2.4104e-03
 73  0.00355  -2.3622e-03 | 74 -0.00362  -2.1331e-03 | 75  0.09888  -2.8047e-03
 76  0.08112  -5.0457e-03 | 77 -0.02151  -3.1062e-03 | 78 -0.05933  -2.5990e-03
 79  0.08380  -3.2591e-03 | 80  0.31551  -2.9852e-03 | 81  0.99970   7.6529e-05
 82 -0.12531  -1.7447e-03 | 83 -0.04302  -1.8417e-03 | 84  0.04166  -1.9273e-03
 85 -0.03793  -6.9482e-04 | 86  0.09500  -4.5289e-04 | 87  0.21437   3.3136e-03
 88 -0.08748  -7.3723e-04 | 89 -0.20749  -7.9923e-04 | 90 -0.15131  -6.7333e-04
 91 -0.04384  -1.0534e-03 | 92 -0.01890  -9.6387e-04 | 93  0.03690  -2.5961e-04
 94  0.16127  -5.4746e-04 | 95  0.01226  -6.9352e-04 | 96 -0.00188  -4.8989e-04
 97  0.01432  -2.0086e-04 | 98  0.09804   9.6739e-05 | 99  0.08633  -1.2811e-04
100  0.08798  -2.0888e-05 |101  0.10986  -2.0077e-04 |102 -0.07695  -6.4498e-04
103 -0.10201  -5.5559e-04 |104  0.05475  -1.2535e-04 |105  0.03654  -5.9984e-04
106 -0.04783  -2.9325e-04 |107 -0.05979  -5.3804e-04 |108  0.06809   7.8908e-06
109  0.09996   3.6938e-04 |110  0.08576  -1.7523e-04 |111  0.00719  -5.4276e-04
112 -0.12851  -6.2123e-04 |113 -0.14086  -6.3228e-04 |114 -0.03671  -6.4748e-04
115  0.11465  -2.0135e-04 |116  0.02089  -5.1949e-04 |117  0.09436  -7.1266e-04
118  0.04364  -9.0234e-04 |119 -0.01235  -1.0218e-03 |120  0.00406  -6.4997e-04
121  0.12982  -1.7244e-03 |122  0.20100  -2.2023e-03 |123 -1.00016  -9.7613e-05
124  0.10788  -9.0779e-04 |125 -0.01649  -5.8770e-04 |126 -0.17376  -5.0791e-04
127  0.00294   1.3010e-04 |128 -0.06267   1.2944e-04 |129 -0.02885   1.2995e-04
130  0.02317   1.3003e-04 |131  0.02420   1.3003e-04 |132 -0.01117   1.3008e-04
133 -0.00030   1.3010e-04 |134  0.05624   1.2963e-04 |135 -0.04097   1.2981e-04
136  0.01929   1.3006e-04 |137 -0.03724   1.2986e-04 |138  0.00655   1.3010e-04
139  0.01046   1.3009e-04 |140 -0.01491   1.3006e-04 |141 -0.02190   1.3001e-04
142 -0.01985   1.3003e-04 |143 -0.01548   1.3006e-04 |144 -0.06553   1.2938e-04
145 -0.02209   1.3001e-04 |146  0.06530   1.2946e-04 |147 -0.02928   1.2995e-04
148  0.02026   1.3005e-04 |149 -0.04079   1.2981e-04 |150 -0.00894   1.3009e-04
151  0.02410   1.3003e-04 |152  0.00662   1.3010e-04 |153 -0.02418   1.3000e-04
154 -0.01017   1.3008e-04 |155  0.00832   1.3010e-04 |156  0.01339   1.3008e-04
157  0.02211   1.3004e-04 |158  0.00688   1.3010e-04 |159  0.01857   1.3006e-04
160 -0.04088   1.2981e-04 |161  0.03803   1.2990e-04 |162 -0.00886   1.3009e-04
163  0.00438   1.3010e-04 |164  0.17386   1.2539e-04 |165 -0.00709   1.3009e-04
166  0.01015   1.3009e-04 |167 -0.02877   1.2995e-04 |168 -0.01287   1.3007e-04
169  0.02607   1.9070e-02 |170 -0.02103  -4.6186e-04 |171 -0.02268   4.0606e-03
172  0.00090   1.9064e-03 |173  0.04855  -4.3611e-03 |174  0.00881  -6.8517e-04
175  0.00679  -9.4896e-04 |176 -0.01519  -9.6788e-04 |177  0.00601  -1.1185e-03
178  0.07000  -1.1879e-03 |179  0.09150  -3.8443e-03 |180  0.08162  -1.2611e-03
181  0.02766  -6.4028e-04 |182 -0.05267  -6.1425e-04 |183 -0.06016   1.9689e-03
184 -0.04021  -2.8958e-04 |185 -0.03856  -8.5396e-04 |186 -0.04850  -1.5900e-03
187 -0.07168  -1.9060e-03 |188 -0.05790  -2.4918e-03 |189 -0.00296  -3.1411e-03
190  0.00134  -2.7673e-03 |191  0.00055  -3.0357e-03 |192 -0.00788  -3.3619e-03
193 -0.05027   3.2397e-03 |194 -0.10282  -6.0314e-04 |195 -0.02817   2.0766e-04
196  0.02917   9.5367e-04 |197 -0.00855  -7.1102e-04 |198 -0.02128   1.6034e-03
199 -0.01988   9.2350e-04 |200 -0.01462  -6.7165e-04 |201 -0.00414   3.2079e-06
202  0.09070   4.6221e-03 |203  0.08634   3.3278e-03 |204  0.06744   4.7758e-04
205 -0.08196  -1.0165e-03 |206 -0.14892  -7.9495e-04 |207 -0.16796  -6.9080e-04
208 -0.11307  -1.1541e-03 |209 -0.07167  -1.0094e-03 |210  0.03596  -1.4817e-03
211  0.83581  -1.8755e-04 |212 -0.05626  -2.9874e-03 |213  0.03595   6.2092e-03
214  0.04448   2.7481e-08 |215 -0.65600   2.1753e-03 |216 -0.84564  -1.8049e-03
217  0.01749   2.1116e-03 |218 -0.16317   9.6305e-04 |219 -0.24938   1.5630e-03
220 -0.05392  -1.6835e-04 |221  0.03626  -3.0099e-04 |222 -0.00160   4.3916e-04
223  0.00863  -2.2221e-04 |224 -0.02864   1.1037e-03 |225 -0.03603   6.2161e-04
226  0.08974   1.0713e-04 |227  0.07006   4.2922e-04 |228  0.19541   1.3793e-05
229  0.10415   2.5676e-04 |230  0.09830   1.7534e-04 |231  0.04946  -2.9893e-05
232  0.05760   1.9751e-04 |233  0.06401   2.0326e-04 |234  0.12739  -2.7089e-04
235 -0.11617   3.8619e-04 |236 -0.12359   9.2344e-04 |237  0.00598  -3.0002e-05
238  0.02565   1.2625e-04 |239 -0.11253  -1.3403e-04 |240 -0.15101  -3.7790e-05
241 -0.06597   1.9730e-04 |242  0.01206  -4.4854e-04 |243  0.04318  -2.0723e-05
244 -0.02341  -6.9263e-05 |245 -0.12254  -5.8481e-04 |246 -0.23359   1.1788e-03
247 -0.10359   5.1852e-04 |248  0.00245   2.6375e-04 |249  0.05281  -1.3257e-04
250  0.08310   6.2881e-05 |251  0.05586   1.0862e-04 |252 -0.01656   7.3805e-04
253 -0.00237   1.9962e-04 |254  0.13241   1.7028e-04 |255  0.19825   2.9045e-04
256  0.23275   1.9780e-04 |257 -0.14571   8.6550e-04 |258  0.09621  -6.3500e-04
259  0.14960  -5.5916e-04 |260 -0.86790  -4.1343e-03 |261 -0.84439   9.0110e-05
262 -1.20004   2.6692e-04 |263  0.46993  -2.1113e-02 |264 -0.37106  -2.3830e-02
265 -0.50067  -2.0162e-02 |266  1.71244   2.5680e-02 |267  0.27497  -2.5922e-02
268  0.01032  -2.8539e-02 |269  0.62586  -1.5826e-02 |270  0.26917  -2.6029e-02
271 -0.22823  -2.6728e-02 |272  0.73684  -1.1465e-02 |273 -0.35353  -2.4254e-02
274 -0.12727  -2.7974e-02 |275 -0.52651  -1.9325e-02 |276 -1.02618   1.1746e-03
277  0.36017  -2.4095e-02 |278 -0.36149  -2.4064e-02 |279 -0.13619  -2.7892e-02
280  0.28095  -2.5808e-02 |281  0.61676  -1.6163e-02 |282  0.47742  -2.0886e-02
283  0.84907  -6.7035e-03 |284  0.05319  -2.8443e-02 |285  1.08913   3.9829e-03
286  0.22739  -2.6741e-02 |287 -0.54205  -1.8807e-02 |288 -1.48957   1.9849e-02
289  1.30209   1.3042e-02 |290 -0.79846  -8.8861e-03 |291  1.02954   1.3233e-03
292  0.06000  -2.8416e-02 |293  0.84858  -6.7249e-03 |294 -0.31235  -2.5176e-02
295 -0.43125  -2.2241e-02 |296 -0.08471  -2.8291e-02 |297 -1.78658   2.6954e-02
298  0.93181  -3.0511e-03 |299 -0.80680  -8.5301e-03 |300 -0.59956  -1.6793e-02
301 -0.81430  -8.2085e-03 |302 -0.93013  -3.1268e-03 |303  0.47187  -1.2363e-03
304  0.08844  -1.0948e-04 |305 -0.90724  -2.2484e-03 |306  0.25190  -2.3550e-04
307 -0.87921  -7.9610e-05 |308 -0.52475  -1.0056e-03 |
19.6101 7.17249 68.8896 45.0927 
11.1744 11.1744 48.9547 49.8758 
6.28858 9.2793 0 1.17108 11.3282 
0 2.00671 0 0 0.443185 19.3617 0 
19.6101 7.17249 68.8896 45.0927 
11.1744 11.1744 48.9547 49.8758 
6.28857 9.27928 0 1.17109 11.3281 
0 2.00671 0 0 0.443185 19.3616 0 
19.6101 7.17249 68.8896 45.0928 
11.1745 11.1745 48.9547 49.8758 
6.28857 9.27927 0 1.17109 11.3281 
0 2.00672 0 0 0.443185 19.3616 0 
19.6101 7.17247 68.8896 45.0928 
11.1745 11.1745 48.9547 49.8758 
6.28856 9.27927 0 1.1711 11.3281 
0 2.00672 0 0 0.443185 19.3616 0 
19.6101 7.17247 68.8897 45.0928 
11.1745 11.1745 48.9547 49.8758 
6.28856 9.27927 0 1.1711 11.3281 
0 2.00672 0 0 0.443185 19.3616 0 

 - final statistics:
308 variables; iteration 555; function evaluation 642
Function value   3.0852e+02; maximum gradient component mag   8.8225e-04
Exit code = 1;  converg criter   1.0000e-03
Var   Value    Gradient   |Var   Value    Gradient   |Var   Value    Gradient
  1 -2.13530  -9.0573e-06 |  2  0.18567  -1.5346e-04 |  3  0.18943   5.6431e-05
  4  0.19624  -7.8838e-05 |  5  0.19479   1.0960e-04 |  6  0.19102   1.8220e-04
  7  0.17749   1.5083e-05 |  8  0.17353   4.2001e-05 |  9  0.17225   8.2507e-05
 10  0.14827   2.6270e-05 | 11  0.12461   2.3751e-05 | 12  0.12662   1.4286e-05
 13  0.10248  -6.8822e-05 | 14  0.05680  -7.7623e-06 | 15 -0.01134  -1.5007e-05
 16 -0.09826  -5.7796e-06 | 17 -0.15679  -8.2351e-09 | 18 -0.23306  -1.3402e-06
 19 -0.26687   6.5977e-08 | 20 -0.33418  -2.8181e-07 | 21 -0.42634   6.5134e-07
 22  0.09920   3.2988e-07 | 23 -0.17604   6.1992e-08 | 24  0.01110   1.3809e-06
 25  0.08381  -3.6777e-07 | 26  0.12645  -2.2334e-05 | 27  0.15289  -5.8855e-05
 28  0.15537  -4.2051e-06 | 29  0.14993  -6.9322e-06 | 30  0.15175   1.7414e-05
 31  0.15595   2.8046e-05 | 32  0.14786  -8.9786e-08 | 33  0.12931  -1.0820e-05
 34  0.11272  -1.4346e-05 | 35  0.12252   1.6928e-05 | 36  0.11946   8.8919e-06
 37  0.08906  -2.8836e-05 | 38  0.05222  -3.5883e-05 | 39 -2.00762   5.3706e-06
 40 -0.03835  -5.6486e-06 | 41 -0.09471   7.0929e-06 | 42 -1.84621  -5.8992e-07
 43 -0.01877  -4.0140e-05 | 44 -0.06620  -6.2459e-05 | 45 -0.08973  -3.4213e-05
 46 -0.16758  -1.6436e-05 | 47 -0.18356  -5.8422e-06 | 48 -0.14567  -7.2838e-06
 49 -0.10800  -4.9201e-06 | 50 -0.06495  -9.0028e-06 | 51 -0.02809  -3.5324e-05
 52  0.01403  -5.3768e-05 | 53 -0.00467  -1.4670e-05 | 54  0.02987  -4.4511e-05
 55  0.02150   3.1797e-05 | 56  0.03652   1.3500e-05 | 57  0.08914   4.2773e-05
 58  0.10962  -8.9259e-06 | 59  0.03567  -2.1524e-07 | 60 -0.10961  -1.5274e-05
 61 -0.07251  -4.6912e-06 | 62  0.03648   7.1068e-07 | 63 -0.02363   7.3345e-06
 64 -0.04561  -3.5408e-06 | 65 -0.05259  -4.5155e-06 | 66 -0.04138  -8.9377e-06
 67 -0.06586   8.4544e-06 | 68 -0.05135  -8.3277e-06 | 69 -0.07281  -8.7852e-06
 70 -0.06106  -8.1361e-06 | 71  0.05229  -1.4216e-05 | 72  0.04575   9.3751e-07
 73  0.00355  -8.3044e-06 | 74 -0.00362  -2.6082e-05 | 75  0.09887  -1.0224e-05
 76  0.08114  -2.5008e-05 | 77 -0.02151  -4.7817e-06 | 78 -0.05933  -9.7623e-06
 79  0.08380   2.1932e-06 | 80  0.31550   8.8349e-06 | 81  0.99969   2.6610e-06
 82 -0.12531  -1.0096e-05 | 83 -0.04302  -1.3488e-05 | 84  0.04166  -9.5295e-06
 85 -0.03792  -4.4349e-05 | 86  0.09501  -4.6332e-05 | 87  0.21436  -1.6872e-04
 88 -0.08748  -4.9721e-05 | 89 -0.20748  -5.5075e-05 | 90 -0.15131  -5.3289e-05
 91 -0.04384  -5.3361e-05 | 92 -0.01890  -5.2696e-05 | 93  0.03690  -4.4026e-05
 94  0.16127  -2.1877e-05 | 95  0.01227  -4.8040e-05 | 96 -0.00188  -5.4008e-05
 97  0.01432  -6.5213e-05 | 98  0.09804  -3.5750e-05 | 99  0.08633   8.9675e-06
100  0.08798  -1.2062e-05 |101  0.10986  -1.1170e-05 |102 -0.07695  -4.0135e-05
103 -0.10201  -4.2765e-05 |104  0.05474  -4.2691e-05 |105  0.03655  -4.7841e-05
106 -0.04783  -3.4084e-05 |107 -0.05979  -4.6107e-05 |108  0.06809  -3.7809e-05
109  0.09996  -3.2068e-05 |110  0.08576  -3.4020e-05 |111  0.00720  -4.3403e-05
112 -0.12851  -4.4916e-05 |113 -0.14086  -3.8186e-05 |114 -0.03671  -4.3364e-05
115  0.11464   9.4221e-08 |116  0.02089  -3.5254e-05 |117  0.09436  -5.7107e-05
118  0.04364  -5.6460e-05 |119 -0.01235  -5.4402e-05 |120  0.00405  -4.9395e-05
121  0.12982  -3.5248e-05 |122  0.20100  -3.2019e-05 |123 -1.00015  -1.9081e-05
124  0.10788  -3.5952e-05 |125 -0.01649  -4.5103e-05 |126 -0.17377  -4.6537e-05
127  0.00296  -2.6435e-06 |128 -0.06267  -2.6713e-06 |129 -0.02885  -2.6605e-06
130  0.02319  -2.6293e-06 |131  0.02422  -2.6285e-06 |132 -0.01117  -2.6519e-06
133 -0.00030  -2.6456e-06 |134  0.05623  -2.6003e-06 |135 -0.04097  -2.6652e-06
136  0.01929  -2.6323e-06 |137 -0.03724  -2.6638e-06 |138  0.00655  -2.6412e-06
139  0.01045  -2.6386e-06 |140 -0.01492  -2.6539e-06 |141 -0.02190  -2.6573e-06
142 -0.01985  -2.6563e-06 |143 -0.01548  -2.6541e-06 |144 -0.06553  -2.6719e-06
145 -0.02208  -2.6574e-06 |146  0.06529  -2.5911e-06 |147 -0.02928  -2.6606e-06
148  0.02025  -2.6315e-06 |149 -0.04078  -2.6651e-06 |150 -0.00894  -2.6506e-06
151  0.02410  -2.6286e-06 |152  0.00661  -2.6412e-06 |153 -0.02418  -2.6584e-06
154 -0.01017  -2.6513e-06 |155  0.00832  -2.6400e-06 |156  0.01339  -2.6365e-06
157  0.02211  -2.6301e-06 |158  0.00688  -2.6410e-06 |159  0.01857  -2.6328e-06
160 -0.04088  -2.6652e-06 |161  0.03802  -2.6172e-06 |162 -0.00886  -2.6506e-06
163  0.00437  -2.6426e-06 |164  0.17386  -2.4373e-06 |165 -0.00709  -2.6496e-06
166  0.01015  -2.6388e-06 |167 -0.02877  -2.6604e-06 |168 -0.01287  -2.6528e-06
169  0.02607  -2.0181e-04 |170 -0.02103   1.7231e-04 |171 -0.02268   5.9434e-05
172  0.00090   1.4195e-05 |173  0.04856   6.0518e-07 |174  0.00881   4.4786e-06
175  0.00679  -2.1050e-05 |176 -0.01519   3.2180e-05 |177  0.00601   2.9794e-04
178  0.07000   8.3395e-05 |179  0.09150  -1.3829e-04 |180  0.08162  -2.8443e-05
181  0.02766  -5.9554e-05 |182 -0.05267   1.4143e-05 |183 -0.06016   2.0101e-05
184 -0.04021   6.8464e-05 |185 -0.03856  -4.3732e-05 |186 -0.04850  -3.4420e-05
187 -0.07168   4.6311e-05 |188 -0.05790   3.1083e-05 |189 -0.00296  -9.9046e-05
190  0.00134  -6.3450e-05 |191  0.00055   1.3682e-04 |192 -0.00788  -2.0826e-05
193 -0.05027   2.8440e-06 |194 -0.10282   1.5904e-05 |195 -0.02817  -7.2680e-06
196  0.02917  -8.0782e-05 |197 -0.00855   1.7783e-05 |198 -0.02128   6.8820e-05
199 -0.01988   3.0847e-05 |200 -0.01462   5.4753e-05 |201 -0.00414   8.7745e-06
202  0.09070  -9.4189e-06 |203  0.08634  -3.1017e-05 |204  0.06744   1.4395e-05
205 -0.08196   4.5872e-05 |206 -0.14892   2.9942e-05 |207 -0.16796   2.0725e-05
208 -0.11307   4.6097e-05 |209 -0.07166   1.4438e-05 |210  0.03596   8.6424e-05
211  0.83581   6.2429e-06 |212 -0.05626   3.2830e-06 |213  0.03595   1.8149e-04
214  0.04447   2.7478e-08 |215 -0.65600   8.2322e-05 |216 -0.84564  -1.9668e-06
217  0.01749  -1.2805e-04 |218 -0.16318  -4.6290e-05 |219 -0.24938   5.0911e-06
220 -0.05392   6.7444e-06 |221  0.03625   7.5037e-06 |222 -0.00161  -7.4780e-06
223  0.00863  -2.1867e-06 |224 -0.02864  -1.5789e-06 |225 -0.03603   6.5037e-06
226  0.08975   1.3712e-05 |227  0.07006   3.9589e-06 |228  0.19541  -3.8643e-07
229  0.10415  -1.9856e-05 |230  0.09830   5.7565e-06 |231  0.04946   2.6870e-05
232  0.05760   4.7471e-06 |233  0.06401  -2.2897e-05 |234  0.12739  -1.5875e-05
235 -0.11617  -5.1051e-06 |236 -0.12359  -1.0280e-05 |237  0.00598  -4.4866e-06
238  0.02565  -1.3897e-05 |239 -0.11253  -1.1420e-05 |240 -0.15101   7.9102e-06
241 -0.06597  -6.3795e-06 |242  0.01206  -3.4106e-05 |243  0.04318  -1.0146e-05
244 -0.02341  -1.7570e-05 |245 -0.12253   1.2435e-06 |246 -0.23359  -6.6713e-06
247 -0.10359   2.4231e-06 |248  0.00245  -2.7685e-05 |249  0.05281  -8.3111e-06
250  0.08310   1.3395e-06 |251  0.05586   1.3837e-05 |252 -0.01656  -5.0472e-06
253 -0.00237   4.9489e-06 |254  0.13241  -1.0367e-06 |255  0.19825  -4.1800e-06
256  0.23275  -1.1999e-05 |257 -0.14571  -3.0699e-05 |258  0.09621   8.8225e-04
259  0.14960  -9.2669e-05 |260 -0.86790   9.1880e-05 |261 -0.84439  -7.3487e-05
262 -1.20006   4.6813e-05 |263  0.46990  -5.6065e-04 |264 -0.37099  -6.3288e-04
265 -0.50071  -5.3539e-04 |266  1.71242   6.8191e-04 |267  0.27501  -6.8831e-04
268  0.01040  -7.5785e-04 |269  0.62590  -4.2014e-04 |270  0.26916  -6.9119e-04
271 -0.22827  -7.0976e-04 |272  0.73674  -3.0448e-04 |273 -0.35352  -6.4408e-04
274 -0.12739  -7.4284e-04 |275 -0.52644  -5.1328e-04 |276 -1.02617   3.2109e-05
277  0.36022  -6.3979e-04 |278 -0.36145  -6.3906e-04 |279 -0.13620  -7.4068e-04
280  0.28093  -6.8533e-04 |281  0.61677  -4.2915e-04 |282  0.47731  -5.5467e-04
283  0.84893  -1.7802e-04 |284  0.05315  -7.5531e-04 |285  1.08913   1.0549e-04
286  0.22744  -7.1008e-04 |287 -0.54192  -4.9957e-04 |288 -1.48956   5.2714e-04
289  1.30208   3.4623e-04 |290 -0.79850  -2.3604e-04 |291  1.02958   3.4357e-05
292  0.05990  -7.5460e-04 |293  0.84862  -1.7838e-04 |294 -0.31218  -6.6865e-04
295 -0.43129  -5.9060e-04 |296 -0.08473  -7.5125e-04 |297 -1.78653   7.1575e-04
298  0.93182  -8.0659e-05 |299 -0.80679  -2.2664e-04 |300 -0.59954  -4.4601e-04
301 -0.81427  -2.1813e-04 |302 -0.93017  -8.3330e-05 |303  0.47187   1.4194e-04
304  0.08844  -3.3941e-05 |305 -0.90724  -3.5610e-05 |306  0.25190  -3.4721e-05
307 -0.87921  -3.0164e-04 |308 -0.52475  -1.1583e-04 |
19.6101 7.17247 68.8897 45.0928 
11.1745 11.1745 48.9547 49.8758 
6.28856 9.27927 0 1.1711 11.3281 
0 2.00672 0 0 0.443185 19.3616 0 
3
4
5
variable out of bounds in boundpin: variable = 4.00001; min = -4; max = 4
variable out of bounds in boundpin: variable = -4.00005; min = -4; max = 4
19.6104 7.17252 68.8905 45.0936 
11.1739 11.1739 48.9547 49.8758 
6.28847 9.27957 0 1.1711 11.3281 
0 2.0067 0 0 0.443185 19.3616 0 
Estimating row 1 out of 308 for hessian
19.6104 7.17255 68.8906 45.0936 
11.1737 11.1737 48.9547 49.8758 
6.28847 9.2796 0 1.1711 11.3281 
0 2.0067 0 0 0.443185 19.3616 0 
19.6104 7.1725 68.8904 45.0936 
11.174 11.174 48.9548 49.8758 
6.28847 9.27954 0 1.1711 11.3281 
0 2.0067 0 0 0.443185 19.3616 0 
19.6104 7.17253 68.8905 45.0936 
11.1738 11.1738 48.9547 49.8758 
6.28847 9.27957 0 1.1711 11.3281 
0 2.0067 0 0 0.443185 19.3616 0 
19.6104 7.17252 68.8905 45.0936 
11.1739 11.1739 48.9547 49.8758 
6.28847 9.27957 0 1.1711 11.3281 
0 2.0067 0 0 0.443185 19.3616 0 
Estimating row 2 out of 308 for hessian
19.6105 7.17262 68.8909 45.0935 
11.1735 11.1735 48.9546 49.8757 
6.28847 9.27966 0 1.1711 11.3281 
0 2.0067 0 0 0.443185 19.3616 0 
19.6103 7.17243 68.8901 45.0937 
11.1742 11.1742 48.9548 49.8759 
6.28847 9.27948 0 1.1711 11.3281 
0 2.0067 0 0 0.443185 19.3616 0 
19.6104 7.17253 68.8905 45.0936 
11.1738 11.1738 48.9547 49.8758 
6.28847 9.27958 0 1.1711 11.3281 
0 2.0067 0 0 0.443185 19.3616 0 
19.6104 7.17251 68.8904 45.0936 
11.1739 11.1739 48.9547 49.8758 
6.28847 9.27956 0 1.1711 11.3281 
0 2.0067 0 0 0.443185 19.3616 0 
Estimating row 3 out of 308 for hessian
19.6105 7.17265 68.8908 45.0934 
11.1735 11.1735 48.9546 49.8758 
6.28847 9.27967 0 1.1711 11.3281 
0 2.0067 0 0 0.443185 19.3616 0 
19.6103 7.1724 68.8902 45.0937 
11.1742 11.1742 48.9548 49.8758 
6.28847 9.27947 0 1.1711 11.3281 
0 2.0067 0 0 0.443185 19.3616 0 
19.6104 7.17254 68.8905 45.0936 
11.1738 11.1738 48.9547 49.8758 
6.28847 9.27958 0 1.1711 11.3281 
0 2.0067 0 0 0.443185 19.3616 0 
19.6104 7.17251 68.8904 45.0936 
11.1739 11.1739 48.9547 49.8758 
6.28847 9.27956 0 1.1711 11.3281 
0 2.0067 0 0 0.443185 19.3616 0 
Estimating row 4 out of 308 for hessian
19.6104 7.17268 68.8906 45.0934 
11.1736 11.1736 48.9547 49.8757 
6.28847 9.27971 0 1.1711 11.3281 
0 2.0067 0 0 0.443185 19.3616 0 
19.6103 7.17236 68.8904 45.0937 
11.1742 11.1742 48.9547 49.8758 
6.28847 9.27944 0 1.1711 11.3281 
0 2.0067 0 0 0.443185 19.3616 0 
19.6104 7.17254 68.8905 45.0936 
11.1738 11.1738 48.9547 49.8758 
6.28847 9.27958 0 1.1711 11.3281 
0 2.0067 0 0 0.443185 19.3616 0 
19.6104 7.17251 68.8905 45.0936 
11.1739 11.1739 48.9547 49.8758 
6.28847 9.27956 0 1.1711 11.3281 
0 2.0067 0 0 0.443185 19.3616 0 
Estimating row 5 out of 308 for hessian
19.6104 7.17268 68.8904 45.0934 
11.1737 11.1737 48.9547 49.8758 
6.28847 9.2797 0 1.1711 11.3281 
0 2.0067 0 0 0.443185 19.3616 0 
19.6104 7.17236 68.8905 45.0937 
11.1741 11.1741 48.9547 49.8757 
6.28847 9.27944 0 1.1711 11.3281 
0 2.0067 0 0 0.443185 19.3616 0 
19.6104 7.17254 68.8905 45.0936 
11.1738 11.1738 48.9547 49.8758 
6.28847 9.27958 0 1.1711 11.3281 
0 2.0067 0 0 0.443185 19.3616 0 
19.6104 7.17251 68.8905 45.0936 
11.1739 11.1739 48.9547 49.8758 
6.28847 9.27956 0 1.1711 11.3281 
0 2.0067 0 0 0.443185 19.3616 0 
Estimating row 6 out of 308 for hessian
19.6104 7.17267 68.8904 45.0934 
11.1737 11.1737 48.9547 49.8758 
6.28847 9.2797 0 1.1711 11.3281 
0 2.0067 0 0 0.443185 19.3616 0 
19.6104 7.17237 68.8906 45.0937 
11.174 11.174 48.9547 49.8757 
6.28847 9.27944 0 1.1711 11.3281 
0 2.0067 0 0 0.443185 19.3616 0 
19.6104 7.17254 68.8905 45.0936 
11.1739 11.1739 48.9547 49.8758 
6.28847 9.27958 0 1.1711 11.3281 
0 2.0067 0 0 0.443185 19.3616 0 
19.6104 7.17251 68.8905 45.0936 
11.1739 11.1739 48.9547 49.8758 
6.28847 9.27956 0 1.1711 11.3281 
0 2.0067 0 0 0.443185 19.3616 0 
Estimating row 7 out of 308 for hessian
19.6104 7.17263 68.8903 45.0935 
11.1738 11.1738 48.9548 49.8757 
6.28847 9.2797 0 1.1711 11.3281 
0 2.0067 0 0 0.443185 19.3616 0 
19.6104 7.17241 68.8907 45.0936 
11.1739 11.1739 48.9546 49.8758 
6.28847 9.27944 0 1.1711 11.3281 
0 2.0067 0 0 0.443185 19.3616 0 
19.6104 7.17253 68.8905 45.0936 
11.1739 11.1739 48.9547 49.8758 
6.28847 9.27958 0 1.1711 11.3281 
0 2.0067 0 0 0.443185 19.3616 0 
19.6104 7.17251 68.8905 45.0936 
11.1739 11.1739 48.9547 49.8758 
6.28847 9.27956 0 1.1711 11.3281 
0 2.0067 0 0 0.443185 19.3616 0 
Estimating row 8 out of 308 for hessian
19.6104 7.17262 68.8903 45.0935 
11.1738 11.1738 48.9547 49.8758 
6.28847 9.2797 0 1.1711 11.3281 
0 2.0067 0 0 0.443185 19.3616 0 
19.6104 7.17242 68.8906 45.0936 
11.174 11.174 48.9547 49.8757 
6.28847 9.27944 0 1.1711 11.3281 
0 2.0067 0 0 0.443185 19.3616 0 
19.6104 7.17253 68.8905 45.0936 
11.1739 11.1739 48.9547 49.8758 
6.28847 9.27958 0 1.1711 11.3281 
0 2.0067 0 0 0.443185 19.3616 0 
19.6104 7.17251 68.8905 45.0936 
11.1739 11.1739 48.9547 49.8758 
6.28847 9.27956 0 1.1711 11.3281 
0 2.0067 0 0 0.443185 19.3616 0 
Estimating row 9 out of 308 for hessian
19.6104 7.17262 68.8903 45.0934 
11.1738 11.1738 48.9547 49.8758 
6.28847 9.27976 0 1.1711 11.3281 
0 2.0067 0 0 0.443185 19.3616 0 
19.6104 7.17242 68.8906 45.0937 
11.174 11.174 48.9547 49.8757 
6.28847 9.27938 0 1.1711 11.3281 
0 2.0067 0 0 0.443185 19.3616 0 
19.6104 7.17253 68.8905 45.0936 
11.1739 11.1739 48.9547 49.8758 
6.28847 9.27959 0 1.1711 11.3281 
0 2.0067 0 0 0.443185 19.3616 0 
19.6104 7.17251 68.8905 45.0936 
11.1739 11.1739 48.9547 49.8758 
6.28847 9.27955 0 1.1711 11.3281 
0 2.0067 0 0 0.443185 19.3616 0 
Estimating row 10 out of 308 for hessian
19.6104 7.17259 68.8902 45.0936 
11.1738 11.1738 48.9549 49.8757 
6.28847 9.27975 0 1.1711 11.3281 
0 2.0067 0 0 0.443185 19.3616 0 
19.6104 7.17246 68.8907 45.0936 
11.174 11.174 48.9545 49.8759 
6.28847 9.27939 0 1.1711 11.3281 
0 2.0067 0 0 0.443185 19.3616 0 
19.6104 7.17253 68.8904 45.0936 
11.1739 11.1739 48.9547 49.8758 
6.28847 9.27959 0 1.1711 11.3281 
0 2.0067 0 0 0.443185 19.3616 0 
19.6104 7.17252 68.8905 45.0936 
11.1739 11.1739 48.9547 49.8758 
6.28847 9.27955 0 1.1711 11.3281 
0 2.0067 0 0 0.443185 19.3616 0 
Estimating row 11 out of 308 for hessian
19.6104 7.17257 68.8903 45.0936 
11.1737 11.1737 48.9547 49.8758 
6.28847 9.27968 0 1.1711 11.3281 
0 2.0067 0 0 0.443185 19.3616 0 
19.6104 7.17248 68.8907 45.0935 
11.174 11.174 48.9547 49.8757 
6.28847 9.27946 0 1.1711 11.3281 
0 2.0067 0 0 0.443185 19.3616 0 
19.6104 7.17253 68.8905 45.0936 
11.1738 11.1738 48.9547 49.8758 
6.28847 9.27958 0 1.1711 11.3281 
0 2.0067 0 0 0.443185 19.3616 0 
19.6104 7.17252 68.8905 45.0936 
11.1739 11.1739 48.9547 49.8758 
6.28847 9.27956 0 1.1711 11.3281 
0 2.0067 0 0 0.443185 19.3616 0 
Estimating row 12 out of 308 for hessian
19.6104 7.17257 68.8904 45.0937 
11.1736 11.1736 48.9546 49.8759 
6.28847 9.27967 0 1.1711 11.3281 
0 2.0067 0 0 0.443185 19.3616 0 
19.6104 7.17247 68.8905 45.0935 
11.1741 11.1741 48.9548 49.8757 
6.28847 9.27948 0 1.1711 11.3281 
0 2.0067 0 0 0.443185 19.3616 0 
19.6104 7.17253 68.8905 45.0936 
11.1738 11.1738 48.9547 49.8758 
6.28847 9.27958 0 1.1711 11.3281 
0 2.0067 0 0 0.443185 19.3616 0 
19.6104 7.17252 68.8905 45.0936 
11.1739 11.1739 48.9547 49.8758 
6.28847 9.27956 0 1.1711 11.3281 
0 2.0067 0 0 0.443185 19.3616 0 
Estimating row 13 out of 308 for hessian
19.6104 7.17256 68.8904 45.0937 
11.1737 11.1737 48.9547 49.8757 
6.28847 9.27963 0 1.1711 11.3281 
0 2.0067 0 0 0.443185 19.3616 0 
19.6104 7.17249 68.8905 45.0934 
11.174 11.174 48.9547 49.8758 
6.28847 9.27951 0 1.1711 11.3281 
0 2.0067 0 0 0.443185 19.3616 0 
19.6104 7.17253 68.8905 45.0936 
11.1738 11.1738 48.9547 49.8758 
6.28847 9.27958 0 1.1711 11.3281 
0 2.0067 0 0 0.443185 19.3616 0 
19.6104 7.17252 68.8905 45.0936 
11.1739 11.1739 48.9547 49.8758 
6.28847 9.27956 0 1.1711 11.3281 
0 2.0067 0 0 0.443185 19.3616 0 
Estimating row 14 out of 308 for hessian
19.6104 7.17254 68.8904 45.0936 
11.1738 11.1738 48.9548 49.8757 
6.28847 9.2796 0 1.1711 11.3281 
0 2.0067 0 0 0.443185 19.3616 0 
19.6104 7.17251 68.8905 45.0935 
11.1739 11.1739 48.9546 49.8758 
6.28847 9.27954 0 1.1711 11.3281 
0 2.0067 0 0 0.443185 19.3616 0 
19.6104 7.17252 68.8905 45.0936 
11.1739 11.1739 48.9547 49.8758 
6.28847 9.27957 0 1.1711 11.3281 
0 2.0067 0 0 0.443185 19.3616 0 
19.6104 7.17252 68.8905 45.0936 
11.1739 11.1739 48.9547 49.8758 
6.28847 9.27957 0 1.1711 11.3281 
0 2.0067 0 0 0.443185 19.3616 0 
Estimating row 15 out of 308 for hessian
19.6104 7.17253 68.8904 45.0936 
11.1738 11.1738 48.9547 49.8758 
6.28847 9.27958 0 1.1711 11.3281 
0 2.0067 0 0 0.443185 19.3616 0 
19.6104 7.17252 68.8905 45.0936 
11.1739 11.1739 48.9547 49.8758 
6.28847 9.27956 0 1.1711 11.3281 
0 2.0067 0 0 0.443185 19.3616 0 
19.6104 7.17252 68.8905 45.0936 
11.1739 11.1739 48.9547 49.8758 
6.28847 9.27957 0 1.1711 11.3281 
0 2.0067 0 0 0.443185 19.3616 0 
19.6104 7.17252 68.8905 45.0936 
11.1739 11.1739 48.9547 49.8758 
6.28847 9.27957 0 1.1711 11.3281 
0 2.0067 0 0 0.443185 19.3616 0 
Estimating row 16 out of 308 for hessian
19.6104 7.17252 68.8905 45.0936 
11.1739 11.1739 48.9547 49.8758 
6.28847 9.27957 0 1.1711 11.3281 
0 2.0067 0 0 0.443185 19.3616 0 
19.6104 7.17252 68.8905 45.0936 
11.1739 11.1739 48.9547 49.8758 
6.28847 9.27957 0 1.1711 11.3281 
0 2.0067 0 0 0.443185 19.3616 0 
19.6104 7.17252 68.8905 45.0936 
11.1739 11.1739 48.9547 49.8758 
6.28847 9.27957 0 1.1711 11.3281 
0 2.0067 0 0 0.443185 19.3616 0 
19.6104 7.17252 68.8905 45.0936 
11.1739 11.1739 48.9547 49.8758 
6.28847 9.27957 0 1.1711 11.3281 
0 2.0067 0 0 0.443185 19.3616 0 
Estimating row 17 out of 308 for hessian
19.6104 7.17252 68.8905 45.0936 
11.1739 11.1739 48.9547 49.8758 
6.28847 9.27957 0 1.1711 11.3281 
0 2.0067 0 0 0.443185 19.3616 0 
19.6104 7.17252 68.8905 45.0936 
11.1739 11.1739 48.9547 49.8758 
6.28847 9.27957 0 1.1711 11.3281 
0 2.0067 0 0 0.443185 19.3616 0 
19.6104 7.17252 68.8905 45.0936 
11.1739 11.1739 48.9547 49.8758 
6.28847 9.27957 0 1.1711 11.3281 
0 2.0067 0 0 0.443185 19.3616 0 
19.6104 7.17252 68.8905 45.0936 
11.1739 11.1739 48.9547 49.8758 
6.28847 9.27957 0 1.1711 11.3281 
0 2.0067 0 0 0.443185 19.3616 0 
Estimating row 18 out of 308 for hessian
19.6104 7.17252 68.8905 45.0936 
11.1739 11.1739 48.9547 49.8758 
6.28847 9.27957 0 1.1711 11.3281 
0 2.0067 0 0 0.443185 19.3616 0 
19.6104 7.17252 68.8905 45.0936 
11.1739 11.1739 48.9547 49.8758 
6.28847 9.27957 0 1.1711 11.3281 
0 2.0067 0 0 0.443185 19.3616 0 
19.6104 7.17252 68.8905 45.0936 
11.1739 11.1739 48.9547 49.8758 
6.28847 9.27957 0 1.1711 11.3281 
0 2.0067 0 0 0.443185 19.3616 0 
19.6104 7.17252 68.8905 45.0936 
11.1739 11.1739 48.9547 49.8758 
6.28847 9.27957 0 1.1711 11.3281 
0 2.0067 0 0 0.443185 19.3616 0 
Estimating row 19 out of 308 for hessian
19.6104 7.17252 68.8905 45.0936 
11.1739 11.1739 48.9547 49.8758 
6.28847 9.27957 0 1.1711 11.3281 
0 2.0067 0 0 0.443185 19.3616 0 
19.6104 7.17252 68.8905 45.0936 
11.1739 11.1739 48.9547 49.8758 
6.28847 9.27957 0 1.1711 11.3281 
0 2.0067 0 0 0.443185 19.3616 0 
19.6104 7.17252 68.8905 45.0936 
11.1739 11.1739 48.9547 49.8758 
6.28847 9.27957 0 1.1711 11.3281 
0 2.0067 0 0 0.443185 19.3616 0 
19.6104 7.17252 68.8905 45.0936 
11.1739 11.1739 48.9547 49.8758 
6.28847 9.27957 0 1.1711 11.3281 
0 2.0067 0 0 0.443185 19.3616 0 
Estimating row 20 out of 308 for hessian
19.6104 7.17252 68.8905 45.0936 
11.1739 11.1739 48.9547 49.8758 
6.28847 9.27957 0 1.1711 11.3281 
0 2.0067 0 0 0.443185 19.3616 0 
19.6104 7.17252 68.8905 45.0936 
11.1739 11.1739 48.9547 49.8758 
6.28847 9.27957 0 1.1711 11.3281 
0 2.0067 0 0 0.443185 19.3616 0 
19.6104 7.17252 68.8905 45.0936 
11.1739 11.1739 48.9547 49.8758 
6.28847 9.27957 0 1.1711 11.3281 
0 2.0067 0 0 0.443185 19.3616 0 
19.6104 7.17252 68.8905 45.0936 
11.1739 11.1739 48.9547 49.8758 
6.28847 9.27957 0 1.1711 11.3281 
0 2.0067 0 0 0.443185 19.3616 0 
Estimating row 21 out of 308 for hessian
19.6104 7.17252 68.8905 45.0936 
11.1739 11.1739 48.9547 49.8758 
6.28847 9.27957 0 1.1711 11.3281 
0 2.0067 0 0 0.443185 19.3616 0 
19.6104 7.17252 68.8905 45.0936 
11.1739 11.1739 48.9547 49.8758 
6.28847 9.27957 0 1.1711 11.3281 
0 2.0067 0 0 0.443185 19.3616 0 
19.6104 7.17252 68.8905 45.0936 
11.1739 11.1739 48.9547 49.8758 
6.28847 9.27957 0 1.1711 11.3281 
0 2.0067 0 0 0.443185 19.3616 0 
19.6104 7.17252 68.8905 45.0936 
11.1739 11.1739 48.9547 49.8758 
6.28847 9.27957 0 1.1711 11.3281 
0 2.0067 0 0 0.443185 19.3616 0 
Estimating row 22 out of 308 for hessian
19.6104 7.17252 68.8905 45.0936 
11.1739 11.1739 48.9547 49.8758 
6.28847 9.27957 0 1.1711 11.3281 
0 2.0067 0 0 0.443185 19.3616 0 
19.6104 7.17252 68.8905 45.0936 
11.1739 11.1739 48.9547 49.8758 
6.28847 9.27957 0 1.1711 11.3281 
0 2.0067 0 0 0.443185 19.3616 0 
19.6104 7.17252 68.8905 45.0936 
11.1739 11.1739 48.9547 49.8758 
6.28847 9.27957 0 1.1711 11.3281 
0 2.0067 0 0 0.443185 19.3616 0 
19.6104 7.17252 68.8905 45.0936 
11.1739 11.1739 48.9547 49.8758 
6.28847 9.27957 0 1.1711 11.3281 
0 2.0067 0 0 0.443185 19.3616 0 
Estimating row 23 out of 308 for hessian
19.6104 7.17252 68.8905 45.0936 
11.1739 11.1739 48.9547 49.8758 
6.28847 9.27957 0 1.1711 11.3281 
0 2.0067 0 0 0.443185 19.3616 0 
19.6104 7.17252 68.8905 45.0936 
11.1739 11.1739 48.9547 49.8758 
6.28847 9.27957 0 1.1711 11.3281 
0 2.0067 0 0 0.443185 19.3616 0 
19.6104 7.17252 68.8905 45.0936 
11.1739 11.1739 48.9547 49.8758 
6.28847 9.27957 0 1.1711 11.3281 
0 2.0067 0 0 0.443185 19.3616 0 
19.6104 7.17252 68.8905 45.0936 
11.1739 11.1739 48.9547 49.8758 
6.28847 9.27957 0 1.1711 11.3281 
0 2.0067 0 0 0.443185 19.3616 0 
Estimating row 24 out of 308 for hessian
19.6104 7.17252 68.8905 45.0936 
11.1739 11.1739 48.9547 49.8758 
6.28847 9.27957 0 1.1711 11.3281 
0 2.0067 0 0 0.443185 19.3616 0 
19.6104 7.17252 68.8905 45.0936 
11.1739 11.1739 48.9547 49.8758 
6.28847 9.27957 0 1.1711 11.3281 
0 2.0067 0 0 0.443185 19.3616 0 
19.6104 7.17252 68.8905 45.0936 
11.1739 11.1739 48.9547 49.8758 
6.28847 9.27957 0 1.1711 11.3281 
0 2.0067 0 0 0.443185 19.3616 0 
19.6104 7.17252 68.8905 45.0936 
11.1739 11.1739 48.9547 49.8758 
6.28847 9.27957 0 1.1711 11.3281 
0 2.0067 0 0 0.443185 19.3616 0 
Estimating row 25 out of 308 for hessian
19.6104 7.17253 68.8905 45.0936 
11.1739 11.1739 48.9547 49.8758 
6.28847 9.27957 0 1.1711 11.3281 
0 2.0067 0 0 0.443185 19.3616 0 
19.6104 7.17252 68.8905 45.0936 
11.1739 11.1739 48.9547 49.8758 
6.28847 9.27957 0 1.1711 11.3281 
0 2.0067 0 0 0.443185 19.3616 0 
19.6104 7.17252 68.8905 45.0936 
11.1739 11.1739 48.9547 49.8758 
6.28847 9.27957 0 1.1711 11.3281 
0 2.0067 0 0 0.443185 19.3616 0 
19.6104 7.17252 68.8905 45.0936 
11.1739 11.1739 48.9547 49.8758 
6.28847 9.27957 0 1.1711 11.3281 
0 2.0067 0 0 0.443185 19.3616 0 
Estimating row 26 out of 308 for hessian
19.6104 7.17254 68.8905 45.0936 
11.1739 11.1739 48.9547 49.8758 
6.28847 9.27957 0 1.1711 11.3281 
0 2.0067 0 0 0.443185 19.3616 0 
19.6104 7.17251 68.8905 45.0936 
11.1739 11.1739 48.9547 49.8758 
6.28847 9.27957 0 1.1711 11.3281 
0 2.0067 0 0 0.443185 19.3616 0 
19.6104 7.17252 68.8905 45.0936 
11.1739 11.1739 48.9547 49.8758 
6.28847 9.27957 0 1.1711 11.3281 
0 2.0067 0 0 0.443185 19.3616 0 
19.6104 7.17252 68.8905 45.0936 
11.1739 11.1739 48.9547 49.8758 
6.28847 9.27957 0 1.1711 11.3281 
0 2.0067 0 0 0.443185 19.3616 0 
Estimating row 27 out of 308 for hessian
19.6104 7.17255 68.8905 45.0935 
11.1739 11.1739 48.9547 49.8758 
6.28847 9.27957 0 1.1711 11.3281 
0 2.0067 0 0 0.443185 19.3616 0 
19.6104 7.17249 68.8905 45.0936 
11.1739 11.1739 48.9547 49.8758 
6.28847 9.27957 0 1.1711 11.3281 
0 2.0067 0 0 0.443185 19.3616 0 
19.6104 7.17253 68.8905 45.0936 
11.1739 11.1739 48.9547 49.8758 
6.28847 9.27957 0 1.1711 11.3281 
0 2.0067 0 0 0.443185 19.3616 0 
19.6104 7.17252 68.8905 45.0936 
11.1739 11.1739 48.9547 49.8758 
6.28847 9.27957 0 1.1711 11.3281 
0 2.0067 0 0 0.443185 19.3616 0 
Estimating row 28 out of 308 for hessian
19.6104 7.17255 68.8905 45.0935 
11.1739 11.1739 48.9547 49.8758 
6.28847 9.27957 0 1.1711 11.3281 
0 2.0067 0 0 0.443185 19.3616 0 
19.6104 7.17249 68.8905 45.0936 
11.1739 11.1739 48.9547 49.8758 
6.28847 9.27957 0 1.1711 11.3281 
0 2.0067 0 0 0.443185 19.3616 0 
19.6104 7.17253 68.8905 45.0936 
11.1739 11.1739 48.9547 49.8758 
6.28847 9.27957 0 1.1711 11.3281 
0 2.0067 0 0 0.443185 19.3616 0 
19.6104 7.17252 68.8905 45.0936 
11.1739 11.1739 48.9547 49.8758 
6.28847 9.27957 0 1.1711 11.3281 
0 2.0067 0 0 0.443185 19.3616 0 
Estimating row 29 out of 308 for hessian
19.6104 7.17255 68.8905 45.0935 
11.1739 11.1739 48.9547 49.8758 
6.28847 9.27957 0 1.1711 11.3281 
0 2.0067 0 0 0.443185 19.3616 0 
19.6104 7.1725 68.8905 45.0936 
11.1739 11.1739 48.9547 49.8758 
6.28847 9.27957 0 1.1711 11.3281 
0 2.0067 0 0 0.443185 19.3616 0 
19.6104 7.17253 68.8905 45.0936 
11.1739 11.1739 48.9547 49.8758 
6.28847 9.27957 0 1.1711 11.3281 
0 2.0067 0 0 0.443185 19.3616 0 
19.6104 7.17252 68.8905 45.0936 
11.1739 11.1739 48.9547 49.8758 
6.28847 9.27957 0 1.1711 11.3281 
0 2.0067 0 0 0.443185 19.3616 0 
Estimating row 30 out of 308 for hessian
19.6104 7.17255 68.8905 45.0935 
11.1739 11.1739 48.9547 49.8758 
6.28847 9.27958 0 1.1711 11.3281 
0 2.0067 0 0 0.443185 19.3616 0 
19.6104 7.17249 68.8905 45.0936 
11.1739 11.1739 48.9547 49.8758 
6.28847 9.27956 0 1.1711 11.3281 
0 2.0067 0 0 0.443185 19.3616 0 
19.6104 7.17253 68.8905 45.0936 
11.1739 11.1739 48.9547 49.8758 
6.28847 9.27957 0 1.1711 11.3281 
0 2.0067 0 0 0.443185 19.3616 0 
19.6104 7.17252 68.8905 45.0936 
11.1739 11.1739 48.9547 49.8758 
6.28847 9.27957 0 1.1711 11.3281 
0 2.0067 0 0 0.443185 19.3616 0 
Estimating row 31 out of 308 for hessian
19.6104 7.17256 68.8905 45.0935 
11.1739 11.1739 48.9547 49.8758 
6.28847 9.27959 0 1.1711 11.3281 
0 2.0067 0 0 0.443185 19.3616 0 
19.6104 7.17249 68.8905 45.0936 
11.1739 11.1739 48.9547 49.8758 
6.28847 9.27955 0 1.1711 11.3281 
0 2.0067 0 0 0.443185 19.3616 0 
19.6104 7.17253 68.8905 45.0936 
11.1739 11.1739 48.9547 49.8758 
6.28847 9.27957 0 1.1711 11.3281 
0 2.0067 0 0 0.443185 19.3616 0 
19.6104 7.17252 68.8905 45.0936 
11.1739 11.1739 48.9547 49.8758 
6.28847 9.27957 0 1.1711 11.3281 
0 2.0067 0 0 0.443185 19.3616 0 
Estimating row 32 out of 308 for hessian
19.6104 7.17255 68.8905 45.0935 
11.1739 11.1739 48.9547 49.8757 
6.28847 9.27962 0 1.1711 11.3281 
0 2.0067 0 0 0.443185 19.3616 0 
19.6104 7.1725 68.8905 45.0936 
11.1739 11.1739 48.9547 49.8758 
6.28847 9.27953 0 1.1711 11.3281 
0 2.0067 0 0 0.443185 19.3616 0 
19.6104 7.17253 68.8905 45.0936 
11.1739 11.1739 48.9547 49.8758 
6.28847 9.27958 0 1.1711 11.3281 
0 2.0067 0 0 0.443185 19.3616 0 
19.6104 7.17252 68.8905 45.0936 
11.1739 11.1739 48.9547 49.8758 
6.28847 9.27957 0 1.1711 11.3281 
0 2.0067 0 0 0.443185 19.3616 0 
Estimating row 33 out of 308 for hessian
19.6104 7.17254 68.8905 45.0934 
11.1739 11.1739 48.9547 49.8758 
6.28847 9.27964 0 1.1711 11.3281 
0 2.0067 0 0 0.443185 19.3616 0 
19.6104 7.1725 68.8905 45.0937 
11.1739 11.1739 48.9547 49.8757 
6.28847 9.2795 0 1.1711 11.3281 
0 2.0067 0 0 0.443185 19.3616 0 
19.6104 7.17253 68.8905 45.0936 
11.1739 11.1739 48.9547 49.8758 
6.28847 9.27958 0 1.1711 11.3281 
0 2.0067 0 0 0.443185 19.3616 0 
19.6104 7.17252 68.8905 45.0936 
11.1739 11.1739 48.9547 49.8758 
6.28847 9.27956 0 1.1711 11.3281 
0 2.0067 0 0 0.443185 19.3616 0 
Estimating row 34 out of 308 for hessian
19.6104 7.17254 68.8905 45.0934 
11.1738 11.1738 48.9547 49.8758 
6.28847 9.27968 0 1.1711 11.3281 
0 2.0067 0 0 0.443185 19.3616 0 
19.6104 7.17251 68.8905 45.0937 
11.1739 11.1739 48.9547 49.8758 
6.28847 9.27947 0 1.1711 11.3281 
0 2.0067 0 0 0.443185 19.3616 0 
19.6104 7.17252 68.8905 45.0936 
11.1739 11.1739 48.9547 49.8758 
6.28847 9.27958 0 1.1711 11.3281 
0 2.0067 0 0 0.443185 19.3616 0 
19.6104 7.17252 68.8905 45.0936 
11.1739 11.1739 48.9547 49.8758 
6.28847 9.27956 0 1.1711 11.3281 
0 2.0067 0 0 0.443185 19.3616 0 
Estimating row 35 out of 308 for hessian
19.6104 7.17254 68.8905 45.0936 
11.1738 11.1738 48.9547 49.8756 
6.28847 9.27977 0 1.1711 11.3281 
0 2.0067 0 0 0.443185 19.3616 0 
19.6104 7.17251 68.8905 45.0935 
11.1739 11.1739 48.9547 49.8759 
6.28847 9.27937 0 1.1711 11.3281 
0 2.0067 0 0 0.443185 19.3616 0 
19.6104 7.17252 68.8905 45.0936 
11.1739 11.1739 48.9547 49.8758 
6.28847 9.27959 0 1.1711 11.3281 
0 2.0067 0 0 0.443185 19.3616 0 
19.6104 7.17252 68.8905 45.0936 
11.1739 11.1739 48.9547 49.8758 
6.28847 9.27955 0 1.1711 11.3281 
0 2.0067 0 0 0.443185 19.3616 0 
Estimating row 36 out of 308 for hessian
19.6104 7.17254 68.8905 45.0937 
11.1736 11.1736 48.9544 49.8759 
6.28847 9.27975 0 1.1711 11.3281 
0 2.0067 0 0 0.443185 19.3616 0 
19.6104 7.17251 68.8905 45.0934 
11.1741 11.1741 48.955 49.8756 
6.28847 9.27939 0 1.1711 11.3281 
0 2.0067 0 0 0.443185 19.3616 0 
19.6104 7.17252 68.8905 45.0936 
11.1738 11.1738 48.9547 49.8758 
6.28847 9.27959 0 1.1711 11.3281 
0 2.0067 0 0 0.443185 19.3616 0 
19.6104 7.17252 68.8905 45.0936 
11.1739 11.1739 48.9547 49.8758 
6.28847 9.27955 0 1.1711 11.3281 
0 2.0067 0 0 0.443185 19.3616 0 
Estimating row 37 out of 308 for hessian
19.6104 7.17253 68.8905 45.0937 
11.1736 11.1736 48.9546 49.8759 
6.28847 9.27963 0 1.1711 11.3281 
0 2.0067 0 0 0.443185 19.3616 0 
19.6104 7.17252 68.8905 45.0935 
11.1741 11.1741 48.9548 49.8757 
6.28847 9.27951 0 1.1711 11.3281 
0 2.0067 0 0 0.443185 19.3616 0 
19.6104 7.17252 68.8905 45.0936 
11.1738 11.1738 48.9547 49.8758 
6.28847 9.27958 0 1.1711 11.3281 
0 2.0067 0 0 0.443185 19.3616 0 
19.6104 7.17252 68.8905 45.0936 
11.1739 11.1739 48.9547 49.8758 
6.28847 9.27957 0 1.1711 11.3281 
0 2.0067 0 0 0.443185 19.3616 0 
Estimating row 38 out of 308 for hessian
19.6104 7.17252 68.8905 45.0936 
11.1737 11.1737 48.9548 49.8757 
6.28847 9.27958 0 1.1711 11.3281 
0 2.0067 0 0 0.443185 19.3616 0 
19.6104 7.17252 68.8905 45.0935 
11.174 11.174 48.9546 49.8758 
6.28847 9.27956 0 1.1711 11.3281 
0 2.0067 0 0 0.443185 19.3616 0 
19.6104 7.17252 68.8905 45.0936 
11.1738 11.1738 48.9547 49.8758 
6.28847 9.27957 0 1.1711 11.3281 
0 2.0067 0 0 0.443185 19.3616 0 
19.6104 7.17252 68.8905 45.0936 
11.1739 11.1739 48.9547 49.8758 
6.28847 9.27957 0 1.1711 11.3281 
0 2.0067 0 0 0.443185 19.3616 0 
Estimating row 39 out of 308 for hessian
19.6104 7.17252 68.8905 45.0936 
11.1738 11.1738 48.9548 49.8757 
6.28847 9.27957 0 1.1711 11.3281 
0 2.0067 0 0 0.443185 19.3616 0 
19.6104 7.17252 68.8905 45.0935 
11.1739 11.1739 48.9546 49.8758 
6.28847 9.27957 0 1.1711 11.3281 
0 2.0067 0 0 0.443185 19.3616 0 
19.6104 7.17252 68.8905 45.0936 
11.1739 11.1739 48.9547 49.8758 
6.28847 9.27957 0 1.1711 11.3281 
0 2.0067 0 0 0.443185 19.3616 0 
19.6104 7.17252 68.8905 45.0936 
11.1739 11.1739 48.9547 49.8758 
6.28847 9.27957 0 1.1711 11.3281 
0 2.0067 0 0 0.443185 19.3616 0 
Estimating row 40 out of 308 for hessian
19.6104 7.17252 68.8905 45.0936 
11.1738 11.1738 48.9548 49.8757 
6.28847 9.27957 0 1.1711 11.3281 
0 2.0067 0 0 0.443185 19.3616 0 
19.6104 7.17252 68.8905 45.0936 
11.1739 11.1739 48.9547 49.8758 
6.28847 9.27957 0 1.1711 11.3281 
0 2.0067 0 0 0.443185 19.3616 0 
19.6104 7.17252 68.8905 45.0936 
11.1739 11.1739 48.9547 49.8758 
6.28847 9.27957 0 1.1711 11.3281 
0 2.0067 0 0 0.443185 19.3616 0 
19.6104 7.17252 68.8905 45.0936 
11.1739 11.1739 48.9547 49.8758 
6.28847 9.27957 0 1.1711 11.3281 
0 2.0067 0 0 0.443185 19.3616 0 
Estimating row 41 out of 308 for hessian
19.6104 7.17252 68.8905 45.0936 
11.1739 11.1739 48.9547 49.8758 
6.28847 9.27957 0 1.1711 11.3281 
0 2.0067 0 0 0.443185 19.3616 0 
19.6104 7.17252 68.8905 45.0936 
11.1739 11.1739 48.9547 49.8758 
6.28847 9.27957 0 1.1711 11.3281 
0 2.0067 0 0 0.443185 19.3616 0 
19.6104 7.17252 68.8905 45.0936 
11.1739 11.1739 48.9547 49.8758 
6.28847 9.27957 0 1.1711 11.3281 
0 2.0067 0 0 0.443185 19.3616 0 
19.6104 7.17252 68.8905 45.0936 
11.1739 11.1739 48.9547 49.8758 
6.28847 9.27957 0 1.1711 11.3281 
0 2.0067 0 0 0.443185 19.3616 0 
Estimating row 42 out of 308 for hessian
19.6104 7.17252 68.8905 45.0936 
11.1739 11.1739 48.9547 49.8758 
6.28847 9.27957 0 1.1711 11.3281 
0 2.0067 0 0 0.443185 19.3616 0 
19.6104 7.17252 68.8905 45.0936 
11.1739 11.1739 48.9547 49.8758 
6.28847 9.27957 0 1.1711 11.3281 
0 2.0067 0 0 0.443185 19.3616 0 
19.6104 7.17252 68.8905 45.0936 
11.1739 11.1739 48.9547 49.8758 
6.28847 9.27957 0 1.1711 11.3281 
0 2.0067 0 0 0.443185 19.3616 0 
19.6104 7.17252 68.8905 45.0936 
11.1739 11.1739 48.9547 49.8758 
6.28847 9.27957 0 1.1711 11.3281 
0 2.0067 0 0 0.443185 19.3616 0 
Estimating row 43 out of 308 for hessian
19.6103 7.17251 68.8904 45.0936 
11.1741 11.1741 48.9547 49.8758 
6.28846 9.27944 0 1.1711 11.3281 
0 2.0067 0 0 0.443185 19.3616 0 
19.6104 7.17254 68.8905 45.0936 
11.1737 11.1737 48.9547 49.8758 
6.28847 9.2797 0 1.1711 11.3281 
0 2.0067 0 0 0.443185 19.3616 0 
19.6104 7.17252 68.8905 45.0936 
11.1739 11.1739 48.9547 49.8758 
6.28847 9.27956 0 1.1711 11.3281 
0 2.0067 0 0 0.443185 19.3616 0 
19.6104 7.17252 68.8905 45.0936 
11.1738 11.1738 48.9547 49.8758 
6.28847 9.27958 0 1.1711 11.3281 
0 2.0067 0 0 0.443185 19.3616 0 
Estimating row 44 out of 308 for hessian
19.6103 7.17254 68.8904 45.0936 
11.174 11.174 48.9547 49.8758 
6.28845 9.27947 0 1.1711 11.3281 
0 2.0067 0 0 0.443185 19.3616 0 
19.6104 7.17251 68.8905 45.0936 
11.1737 11.1737 48.9547 49.8758 
6.28849 9.27967 0 1.1711 11.3281 
0 2.0067 0 0 0.443185 19.3616 0 
19.6104 7.17252 68.8905 45.0936 
11.1739 11.1739 48.9547 49.8758 
6.28846 9.27956 0 1.1711 11.3281 
0 2.0067 0 0 0.443185 19.3616 0 
19.6104 7.17252 68.8905 45.0936 
11.1738 11.1738 48.9547 49.8758 
6.28847 9.27958 0 1.1711 11.3281 
0 2.0067 0 0 0.443185 19.3616 0 
Estimating row 45 out of 308 for hessian
19.6103 7.17255 68.8904 45.0936 
11.174 11.174 48.9547 49.8758 
6.28844 9.27949 0 1.1711 11.3281 
0 2.0067 0 0 0.443185 19.3616 0 
19.6105 7.17249 68.8905 45.0936 
11.1737 11.1737 48.9547 49.8758 
6.28849 9.27965 0 1.1711 11.3281 
0 2.0067 0 0 0.443185 19.3616 0 
19.6104 7.17253 68.8905 45.0936 
11.1739 11.1739 48.9547 49.8758 
6.28846 9.27956 0 1.1711 11.3281 
0 2.0067 0 0 0.443185 19.3616 0 
19.6104 7.17252 68.8905 45.0936 
11.1738 11.1738 48.9547 49.8758 
6.28847 9.27958 0 1.1711 11.3281 
0 2.0067 0 0 0.443185 19.3616 0 
Estimating row 46 out of 308 for hessian
19.6104 7.17257 68.8904 45.0936 
11.174 11.174 48.9547 49.8758 
6.28841 9.27951 0 1.1711 11.3281 
0 2.0067 0 0 0.443185 19.3616 0 
19.6104 7.17248 68.8905 45.0936 
11.1738 11.1738 48.9547 49.8758 
6.28852 9.27963 0 1.1711 11.3281 
0 2.0067 0 0 0.443185 19.3616 0 
19.6104 7.17253 68.8905 45.0936 
11.1739 11.1739 48.9547 49.8758 
6.28846 9.27957 0 1.1711 11.3281 
0 2.0067 0 0 0.443185 19.3616 0 
19.6104 7.17252 68.8905 45.0936 
11.1739 11.1739 48.9547 49.8758 
6.28847 9.27958 0 1.1711 11.3281 
0 2.0067 0 0 0.443185 19.3616 0 
Estimating row 47 out of 308 for hessian
19.6104 7.17257 68.8904 45.0936 
11.1739 11.1739 48.9547 49.8758 
6.2884 9.27952 0 1.1711 11.3281 
0 2.0067 0 0 0.443185 19.3616 0 
19.6104 7.17248 68.8905 45.0936 
11.1738 11.1738 48.9547 49.8758 
6.28853 9.27962 0 1.1711 11.3281 
0 2.0067 0 0 0.443185 19.3616 0 
19.6104 7.17253 68.8905 45.0936 
11.1739 11.1739 48.9547 49.8758 
6.28846 9.27957 0 1.1711 11.3281 
0 2.0067 0 0 0.443185 19.3616 0 
19.6104 7.17252 68.8905 45.0936 
11.1739 11.1739 48.9547 49.8758 
6.28847 9.27958 0 1.1711 11.3281 
0 2.0067 0 0 0.443185 19.3616 0 
Estimating row 48 out of 308 for hessian
19.6104 7.17256 68.8904 45.0936 
11.1739 11.1739 48.9547 49.8758 
6.28842 9.27954 0 1.1711 11.3281 
0 2.0067 0 0 0.443185 19.3616 0 
19.6104 7.17248 68.8905 45.0936 
11.1738 11.1738 48.9547 49.8758 
6.28852 9.27961 0 1.1711 11.3281 
0 2.0067 0 0 0.443185 19.3616 0 
19.6104 7.17253 68.8905 45.0936 
11.1739 11.1739 48.9547 49.8758 
6.28846 9.27957 0 1.1711 11.3281 
0 2.0067 0 0 0.443185 19.3616 0 
19.6104 7.17252 68.8905 45.0936 
11.1739 11.1739 48.9547 49.8758 
6.28847 9.27957 0 1.1711 11.3281 
0 2.0067 0 0 0.443185 19.3616 0 
Estimating row 49 out of 308 for hessian
19.6104 7.17256 68.8904 45.0936 
11.1739 11.1739 48.9547 49.8758 
6.28843 9.27956 0 1.1711 11.3281 
0 2.0067 0 0 0.443185 19.3616 0 
19.6104 7.17248 68.8905 45.0936 
11.1738 11.1738 48.9547 49.8758 
6.2885 9.27958 0 1.1711 11.3281 
0 2.0067 0 0 0.443185 19.3616 0 
19.6104 7.17253 68.8905 45.0936 
11.1739 11.1739 48.9547 49.8758 
6.28846 9.27957 0 1.1711 11.3281 
0 2.0067 0 0 0.443185 19.3616 0 
19.6104 7.17252 68.8905 45.0936 
11.1739 11.1739 48.9547 49.8758 
6.28847 9.27957 0 1.1711 11.3281 
0 2.0067 0 0 0.443185 19.3616 0 
Estimating row 50 out of 308 for hessian
19.6104 7.17256 68.8904 45.0936 
11.1739 11.1739 48.9547 49.8758 
6.28845 9.27959 0 1.1711 11.3281 
0 2.0067 0 0 0.443185 19.3616 0 
19.6104 7.17248 68.8905 45.0936 
11.1739 11.1739 48.9547 49.8758 
6.28848 9.27955 0 1.1711 11.3281 
0 2.0067 0 0 0.443185 19.3616 0 
19.6104 7.17253 68.8905 45.0936 
11.1739 11.1739 48.9547 49.8758 
6.28846 9.27957 0 1.1711 11.3281 
0 2.0067 0 0 0.443185 19.3616 0 
19.6104 7.17252 68.8905 45.0936 
11.1739 11.1739 48.9547 49.8758 
6.28847 9.27957 0 1.1711 11.3281 
0 2.0067 0 0 0.443185 19.3616 0 
Estimating row 51 out of 308 for hessian
19.6104 7.17256 68.8904 45.0936 
11.1738 11.1738 48.9547 49.8758 
6.28846 9.27962 0 1.1711 11.3281 
0 2.0067 0 0 0.443185 19.3616 0 
19.6104 7.17249 68.8905 45.0936 
11.1739 11.1739 48.9547 49.8758 
6.28847 9.27952 0 1.1711 11.3281 
0 2.0067 0 0 0.443185 19.3616 0 
19.6104 7.17253 68.8905 45.0936 
11.1739 11.1739 48.9547 49.8758 
6.28846 9.27958 0 1.1711 11.3281 
0 2.0067 0 0 0.443185 19.3616 0 
19.6104 7.17252 68.8905 45.0936 
11.1739 11.1739 48.9547 49.8758 
6.28847 9.27957 0 1.1711 11.3281 
0 2.0067 0 0 0.443185 19.3616 0 
Estimating row 52 out of 308 for hessian
19.6104 7.17253 68.8904 45.0935 
11.1738 11.1738 48.9547 49.8758 
6.28848 9.27965 0 1.1711 11.3281 
0 2.0067 0 0 0.443185 19.3616 0 
19.6104 7.17252 68.8905 45.0936 
11.1739 11.1739 48.9547 49.8758 
6.28845 9.27949 0 1.1711 11.3281 
0 2.0067 0 0 0.443185 19.3616 0 
19.6104 7.17252 68.8905 45.0936 
11.1739 11.1739 48.9547 49.8758 
6.28847 9.27958 0 1.1711 11.3281 
0 2.0067 0 0 0.443185 19.3616 0 
19.6104 7.17252 68.8905 45.0936 
11.1739 11.1739 48.9547 49.8758 
6.28846 9.27956 0 1.1711 11.3281 
0 2.0067 0 0 0.443185 19.3616 0 
Estimating row 53 out of 308 for hessian
19.6104 7.17253 68.8904 45.0936 
11.1738 11.1738 48.9547 49.8758 
6.28847 9.27963 0 1.1711 11.3281 
0 2.0067 0 0 0.443185 19.3616 0 
19.6104 7.17252 68.8905 45.0936 
11.1739 11.1739 48.9547 49.8758 
6.28846 9.27952 0 1.1711 11.3281 
0 2.0067 0 0 0.443185 19.3616 0 
19.6104 7.17252 68.8905 45.0936 
11.1739 11.1739 48.9547 49.8758 
6.28847 9.27958 0 1.1711 11.3281 
0 2.0067 0 0 0.443185 19.3616 0 
19.6104 7.17252 68.8905 45.0936 
11.1739 11.1739 48.9547 49.8758 
6.28846 9.27957 0 1.1711 11.3281 
0 2.0067 0 0 0.443185 19.3616 0 
Estimating row 54 out of 308 for hessian
19.6104 7.17253 68.8904 45.0936 
11.1738 11.1738 48.9547 49.8758 
6.28848 9.27961 0 1.1711 11.3281 
0 2.0067 0 0 0.443185 19.3616 0 
19.6104 7.17252 68.8905 45.0936 
11.1739 11.1739 48.9547 49.8758 
6.28845 9.27953 0 1.1711 11.3281 
0 2.0067 0 0 0.443185 19.3616 0 
19.6104 7.17252 68.8905 45.0936 
11.1739 11.1739 48.9547 49.8758 
6.28847 9.27957 0 1.1711 11.3281 
0 2.0067 0 0 0.443185 19.3616 0 
19.6104 7.17252 68.8905 45.0936 
11.1739 11.1739 48.9547 49.8758 
6.28846 9.27957 0 1.1711 11.3281 
0 2.0067 0 0 0.443185 19.3616 0 
Estimating row 55 out of 308 for hessian
19.6104 7.17255 68.8905 45.0936 
11.1738 11.1738 48.9547 49.8758 
6.28848 9.27959 0 1.1711 11.3281 
0 2.0067 0 0 0.443185 19.3616 0 
19.6104 7.17249 68.8905 45.0936 
11.1739 11.1739 48.9547 49.8758 
6.28845 9.27955 0 1.1711 11.3281 
0 2.0067 0 0 0.443185 19.3616 0 
19.6104 7.17253 68.8905 45.0936 
11.1739 11.1739 48.9547 49.8758 
6.28847 9.27957 0 1.1711 11.3281 
0 2.0067 0 0 0.443185 19.3616 0 
19.6104 7.17252 68.8905 45.0936 
11.1739 11.1739 48.9547 49.8758 
6.28846 9.27957 0 1.1711 11.3281 
0 2.0067 0 0 0.443185 19.3616 0 
Estimating row 56 out of 308 for hessian
19.6104 7.17256 68.8905 45.0936 
11.1738 11.1738 48.9547 49.8758 
6.28849 9.27958 0 1.1711 11.3281 
0 2.0067 0 0 0.443185 19.3616 0 
19.6104 7.17248 68.8904 45.0935 
11.174 11.174 48.9547 49.8758 
6.28845 9.27956 0 1.1711 11.3281 
0 2.0067 0 0 0.443185 19.3616 0 
19.6104 7.17253 68.8905 45.0936 
11.1739 11.1739 48.9547 49.8758 
6.28847 9.27957 0 1.1711 11.3281 
0 2.0067 0 0 0.443185 19.3616 0 
19.6104 7.17252 68.8905 45.0936 
11.1739 11.1739 48.9547 49.8758 
6.28846 9.27957 0 1.1711 11.3281 
0 2.0067 0 0 0.443185 19.3616 0 
Estimating row 57 out of 308 for hessian
19.6104 7.17257 68.8906 45.0936 
11.1737 11.1737 48.9547 49.8758 
6.28851 9.27959 0 1.1711 11.3281 
0 2.0067 0 0 0.443185 19.3616 0 
19.6104 7.17248 68.8904 45.0935 
11.1741 11.1741 48.9547 49.8758 
6.28842 9.27955 0 1.1711 11.3281 
0 2.0067 0 0 0.443185 19.3616 0 
19.6104 7.17253 68.8905 45.0936 
11.1738 11.1738 48.9547 49.8758 
6.28847 9.27957 0 1.1711 11.3281 
0 2.0067 0 0 0.443185 19.3616 0 
19.6104 7.17252 68.8905 45.0936 
11.1739 11.1739 48.9547 49.8758 
6.28846 9.27957 0 1.1711 11.3281 
0 2.0067 0 0 0.443185 19.3616 0 
Estimating row 58 out of 308 for hessian
19.6104 7.17259 68.8906 45.0936 
11.1736 11.1736 48.9547 49.8758 
6.28851 9.27963 0 1.1711 11.3281 
0 2.0067 0 0 0.443185 19.3616 0 
19.6104 7.17246 68.8904 45.0935 
11.1741 11.1741 48.9547 49.8758 
6.28842 9.27951 0 1.1711 11.3281 
0 2.0067 0 0 0.443185 19.3616 0 
19.6104 7.17253 68.8905 45.0936 
11.1738 11.1738 48.9547 49.8758 
6.28847 9.27958 0 1.1711 11.3281 
0 2.0067 0 0 0.443185 19.3616 0 
19.6104 7.17252 68.8905 45.0936 
11.1739 11.1739 48.9547 49.8758 
6.28846 9.27957 0 1.1711 11.3281 
0 2.0067 0 0 0.443185 19.3616 0 
Estimating row 59 out of 308 for hessian
19.6104 7.1726 68.8905 45.0936 
11.1737 11.1737 48.9547 49.8758 
6.28849 9.27961 0 1.1711 11.3281 
0 2.0067 0 0 0.443185 19.3616 0 
19.6104 7.17245 68.8904 45.0936 
11.174 11.174 48.9547 49.8758 
6.28845 9.27953 0 1.1711 11.3281 
0 2.0067 0 0 0.443185 19.3616 0 
19.6104 7.17253 68.8905 45.0936 
11.1738 11.1738 48.9547 49.8758 
6.28847 9.27958 0 1.1711 11.3281 
0 2.0067 0 0 0.443185 19.3616 0 
19.6104 7.17252 68.8905 45.0936 
11.1739 11.1739 48.9547 49.8758 
6.28846 9.27957 0 1.1711 11.3281 
0 2.0067 0 0 0.443185 19.3616 0 
Estimating row 60 out of 308 for hessian
19.6104 7.17258 68.8905 45.0936 
11.1738 11.1738 48.9547 49.8758 
6.28843 9.27957 0 1.1711 11.3281 
0 2.0067 0 0 0.443185 19.3616 0 
19.6104 7.17246 68.8905 45.0936 
11.1739 11.1739 48.9547 49.8758 
6.2885 9.27957 0 1.1711 11.3281 
0 2.00671 0 0 0.443185 19.3616 0 
19.6104 7.17253 68.8905 45.0936 
11.1739 11.1739 48.9547 49.8758 
6.28846 9.27957 0 1.1711 11.3281 
0 2.0067 0 0 0.443185 19.3616 0 
19.6104 7.17252 68.8905 45.0936 
11.1739 11.1739 48.9547 49.8758 
6.28847 9.27957 0 1.1711 11.3281 
0 2.0067 0 0 0.443185 19.3616 0 
Estimating row 61 out of 308 for hessian
19.6104 7.17257 68.8905 45.0936 
11.1738 11.1738 48.9547 49.8758 
6.28844 9.27957 0 1.1711 11.3281 
0 2.0067 0 0 0.443185 19.3616 0 
19.6104 7.17247 68.8905 45.0936 
11.1739 11.1739 48.9547 49.8758 
6.28849 9.27957 0 1.1711 11.3281 
0 2.0067 0 0 0.443185 19.3616 0 
19.6104 7.17253 68.8905 45.0936 
11.1739 11.1739 48.9547 49.8758 
6.28846 9.27957 0 1.1711 11.3281 
0 2.0067 0 0 0.443185 19.3616 0 
19.6104 7.17252 68.8905 45.0936 
11.1739 11.1739 48.9547 49.8758 
6.28847 9.27957 0 1.1711 11.3281 
0 2.0067 0 0 0.443185 19.3616 0 
Estimating row 62 out of 308 for hessian
19.6104 7.17255 68.8905 45.0936 
11.1738 11.1738 48.9547 49.8758 
6.28849 9.27958 0 1.1711 11.3281 
0 2.00671 0 0 0.443185 19.3616 0 
19.6104 7.1725 68.8905 45.0935 
11.1739 11.1739 48.9547 49.8758 
6.28845 9.27957 0 1.1711 11.3281 
0 2.0067 0 0 0.443185 19.3616 0 
19.6104 7.17253 68.8905 45.0936 
11.1739 11.1739 48.9547 49.8758 
6.28847 9.27957 0 1.1711 11.3281 
0 2.0067 0 0 0.443185 19.3616 0 
19.6104 7.17252 68.8905 45.0936 
11.1739 11.1739 48.9547 49.8758 
6.28846 9.27957 0 1.1711 11.3281 
0 2.0067 0 0 0.443185 19.3616 0 
Estimating row 63 out of 308 for hessian
19.6104 7.17256 68.8904 45.0936 
11.1739 11.1739 48.9547 49.8758 
6.28846 9.27953 0 1.1711 11.3281 
0 2.0067 0 0 0.443185 19.3616 0 
19.6104 7.17249 68.8905 45.0935 
11.1738 11.1738 48.9547 49.8758 
6.28847 9.27961 0 1.1711 11.3281 
0 2.0067 0 0 0.443185 19.3616 0 
19.6104 7.17253 68.8905 45.0936 
11.1739 11.1739 48.9547 49.8758 
6.28847 9.27957 0 1.1711 11.3281 
0 2.0067 0 0 0.443185 19.3616 0 
19.6104 7.17252 68.8905 45.0936 
11.1739 11.1739 48.9547 49.8758 
6.28847 9.27957 0 1.1711 11.3281 
0 2.0067 0 0 0.443185 19.3616 0 
Estimating row 64 out of 308 for hessian
19.6104 7.17257 68.8904 45.0936 
11.1739 11.1739 48.9547 49.8758 
6.28845 9.27951 0 1.1711 11.3281 
0 2.0067 0 0 0.443185 19.3616 0 
19.6104 7.17248 68.8905 45.0936 
11.1738 11.1738 48.9547 49.8758 
6.28848 9.27964 0 1.1711 11.3281 
0 2.0067 0 0 0.443185 19.3616 0 
19.6104 7.17253 68.8905 45.0936 
11.1739 11.1739 48.9547 49.8758 
6.28846 9.27956 0 1.1711 11.3281 
0 2.0067 0 0 0.443185 19.3616 0 
19.6104 7.17252 68.8905 45.0936 
11.1739 11.1739 48.9547 49.8758 
6.28847 9.27958 0 1.1711 11.3281 
0 2.0067 0 0 0.443185 19.3616 0 
Estimating row 65 out of 308 for hessian
19.6104 7.17256 68.8904 45.0936 
11.174 11.174 48.9547 49.8758 
6.28845 9.27949 0 1.1711 11.3281 
0 2.0067 0 0 0.443185 19.3616 0 
19.6104 7.17248 68.8905 45.0936 
11.1738 11.1738 48.9547 49.8758 
6.28848 9.27965 0 1.1711 11.3281 
0 2.0067 0 0 0.443185 19.3616 0 
19.6104 7.17253 68.8905 45.0936 
11.1739 11.1739 48.9547 49.8758 
6.28846 9.27956 0 1.1711 11.3281 
0 2.0067 0 0 0.443185 19.3616 0 
19.6104 7.17252 68.8905 45.0936 
11.1739 11.1739 48.9547 49.8758 
6.28847 9.27958 0 1.1711 11.3281 
0 2.0067 0 0 0.443185 19.3616 0 
Estimating row 66 out of 308 for hessian
19.6104 7.17255 68.8904 45.0936 
11.174 11.174 48.9547 49.8758 
6.28846 9.27947 0 1.1711 11.3281 
0 2.0067 0 0 0.443185 19.3616 0 
19.6104 7.1725 68.8905 45.0936 
11.1737 11.1737 48.9547 49.8758 
6.28848 9.27967 0 1.1711 11.3281 
0 2.0067 0 0 0.443185 19.3616 0 
19.6104 7.17253 68.8905 45.0936 
11.1739 11.1739 48.9547 49.8758 
6.28846 9.27956 0 1.1711 11.3281 
0 2.0067 0 0 0.443185 19.3616 0 
19.6104 7.17252 68.8905 45.0936 
11.1738 11.1738 48.9547 49.8758 
6.28847 9.27958 0 1.1711 11.3281 
0 2.0067 0 0 0.443185 19.3616 0 
Estimating row 67 out of 308 for hessian
19.6104 7.17254 68.8905 45.0936 
11.174 11.174 48.9547 49.8758 
6.28845 9.27949 0 1.1711 11.3281 
0 2.0067 0 0 0.443185 19.3616 0 
19.6104 7.1725 68.8905 45.0936 
11.1737 11.1737 48.9547 49.8758 
6.28849 9.27965 0 1.1711 11.3281 
0 2.0067 0 0 0.443185 19.3616 0 
19.6104 7.17253 68.8905 45.0936 
11.1739 11.1739 48.9547 49.8758 
6.28846 9.27956 0 1.1711 11.3281 
0 2.0067 0 0 0.443185 19.3616 0 
19.6104 7.17252 68.8905 45.0936 
11.1739 11.1739 48.9547 49.8758 
6.28847 9.27958 0 1.1711 11.3281 
0 2.0067 0 0 0.443185 19.3616 0 
Estimating row 68 out of 308 for hessian
19.6104 7.17254 68.8905 45.0936 
11.174 11.174 48.9547 49.8758 
6.28845 9.2795 0 1.1711 11.3281 
0 2.0067 0 0 0.443185 19.3616 0 
19.6104 7.17251 68.8905 45.0936 
11.1737 11.1737 48.9547 49.8758 
6.28848 9.27964 0 1.1711 11.3281 
0 2.0067 0 0 0.443185 19.3616 0 
19.6104 7.17252 68.8905 45.0936 
11.1739 11.1739 48.9547 49.8758 
6.28846 9.27956 0 1.1711 11.3281 
0 2.0067 0 0 0.443185 19.3616 0 
19.6104 7.17252 68.8905 45.0936 
11.1739 11.1739 48.9547 49.8758 
6.28847 9.27958 0 1.1711 11.3281 
0 2.0067 0 0 0.443185 19.3616 0 
Estimating row 69 out of 308 for hessian
19.6104 7.17254 68.8904 45.0936 
11.174 11.174 48.9547 49.8758 
6.28844 9.27952 0 1.1711 11.3281 
0 2.0067 0 0 0.443185 19.3616 0 
19.6104 7.17251 68.8905 45.0936 
11.1738 11.1738 48.9547 49.8758 
6.28849 9.27962 0 1.1711 11.3281 
0 2.0067 0 0 0.443185 19.3616 0 
19.6104 7.17252 68.8905 45.0936 
11.1739 11.1739 48.9547 49.8758 
6.28846 9.27957 0 1.1711 11.3281 
0 2.0067 0 0 0.443185 19.3616 0 
19.6104 7.17252 68.8905 45.0936 
11.1739 11.1739 48.9547 49.8758 
6.28847 9.27958 0 1.1711 11.3281 
0 2.0067 0 0 0.443185 19.3616 0 
Estimating row 70 out of 308 for hessian
19.6104 7.17253 68.8904 45.0936 
11.1739 11.1739 48.9547 49.8758 
6.28845 9.27953 0 1.1711 11.3281 
0 2.0067 0 0 0.443185 19.3616 0 
19.6103 7.17252 68.8905 45.0936 
11.1738 11.1738 48.9547 49.8758 
6.28848 9.27961 0 1.1711 11.3281 
0 2.0067 0 0 0.443185 19.3616 0 
19.6104 7.17252 68.8905 45.0936 
11.1739 11.1739 48.9547 49.8758 
6.28846 9.27957 0 1.1711 11.3281 
0 2.0067 0 0 0.443185 19.3616 0 
19.6104 7.17252 68.8905 45.0936 
11.1739 11.1739 48.9547 49.8758 
6.28847 9.27957 0 1.1711 11.3281 
0 2.0067 0 0 0.443185 19.3616 0 
Estimating row 71 out of 308 for hessian
19.6104 7.17249 68.8904 45.0936 
11.1739 11.1739 48.9547 49.8758 
6.28849 9.27956 0 1.1711 11.3281 
0 2.0067 0 0 0.443185 19.3616 0 
19.6103 7.17255 68.8906 45.0936 
11.1738 11.1738 48.9547 49.8758 
6.28844 9.27958 0 1.1711 11.3281 
0 2.0067 0 0 0.443185 19.3616 0 
19.6104 7.17252 68.8905 45.0936 
11.1739 11.1739 48.9547 49.8758 
6.28847 9.27957 0 1.1711 11.3281 
0 2.0067 0 0 0.443185 19.3616 0 
19.6104 7.17253 68.8905 45.0936 
11.1739 11.1739 48.9547 49.8758 
6.28846 9.27957 0 1.1711 11.3281 
0 2.0067 0 0 0.443185 19.3616 0 
Estimating row 72 out of 308 for hessian
19.6104 7.17251 68.8904 45.0936 
11.1739 11.1739 48.9547 49.8758 
6.28849 9.27958 0 1.1711 11.3281 
0 2.0067 0 0 0.443185 19.3616 0 
19.6104 7.17253 68.8905 45.0935 
11.1739 11.1739 48.9547 49.8758 
6.28844 9.27956 0 1.1711 11.3281 
0 2.0067 0 0 0.443185 19.3616 0 
19.6104 7.17252 68.8905 45.0936 
11.1739 11.1739 48.9547 49.8758 
6.28847 9.27957 0 1.1711 11.3281 
0 2.0067 0 0 0.443185 19.3616 0 
19.6104 7.17252 68.8905 45.0936 
11.1739 11.1739 48.9547 49.8758 
6.28846 9.27957 0 1.1711 11.3281 
0 2.0067 0 0 0.443185 19.3616 0 
Estimating row 73 out of 308 for hessian
19.6104 7.17254 68.8904 45.0936 
11.1738 11.1738 48.9547 49.8758 
6.28847 9.27958 0 1.1711 11.3281 
0 2.0067 0 0 0.443185 19.3616 0 
19.6104 7.17251 68.8905 45.0936 
11.1739 11.1739 48.9547 49.8758 
6.28846 9.27956 0 1.1711 11.3281 
0 2.0067 0 0 0.443185 19.3616 0 
19.6104 7.17252 68.8905 45.0936 
11.1739 11.1739 48.9547 49.8758 
6.28847 9.27957 0 1.1711 11.3281 
0 2.0067 0 0 0.443185 19.3616 0 
19.6104 7.17252 68.8905 45.0936 
11.1739 11.1739 48.9547 49.8758 
6.28846 9.27957 0 1.1711 11.3281 
0 2.0067 0 0 0.443185 19.3616 0 
Estimating row 74 out of 308 for hessian
19.6104 7.17254 68.8904 45.0936 
11.1738 11.1738 48.9547 49.8758 
6.28847 9.27959 0 1.1711 11.3281 
0 2.0067 0 0 0.443185 19.3616 0 
19.6104 7.17251 68.8905 45.0936 
11.1739 11.1739 48.9547 49.8758 
6.28846 9.27955 0 1.1711 11.3281 
0 2.0067 0 0 0.443185 19.3616 0 
19.6104 7.17252 68.8905 45.0936 
11.1739 11.1739 48.9547 49.8758 
6.28847 9.27957 0 1.1711 11.3281 
0 2.0067 0 0 0.443185 19.3616 0 
19.6104 7.17252 68.8905 45.0936 
11.1739 11.1739 48.9547 49.8758 
6.28846 9.27957 0 1.1711 11.3281 
0 2.0067 0 0 0.443185 19.3616 0 
Estimating row 75 out of 308 for hessian
19.6104 7.17248 68.8904 45.0936 
11.1738 11.1738 48.9547 49.8758 
6.28851 9.27964 0 1.1711 11.3281 
0 2.0067 0 0 0.443185 19.3616 0 
19.6104 7.17257 68.8906 45.0935 
11.1739 11.1739 48.9547 49.8757 
6.28842 9.2795 0 1.1711 11.3281 
0 2.0067 0 0 0.443185 19.3616 0 
19.6104 7.17252 68.8905 45.0936 
11.1739 11.1739 48.9547 49.8758 
6.28847 9.27958 0 1.1711 11.3281 
0 2.0067 0 0 0.443185 19.3616 0 
19.6104 7.17253 68.8905 45.0936 
11.1739 11.1739 48.9547 49.8758 
6.28846 9.27956 0 1.1711 11.3281 
0 2.0067 0 0 0.443185 19.3616 0 
Estimating row 76 out of 308 for hessian
19.6104 7.17244 68.8904 45.0936 
11.1738 11.1738 48.9547 49.8758 
6.2885 9.27965 0 1.1711 11.3281 
0 2.0067 0 0 0.443185 19.3616 0 
19.6104 7.17261 68.8905 45.0935 
11.1739 11.1739 48.9547 49.8758 
6.28843 9.27949 0 1.1711 11.3281 
0 2.0067 0 0 0.443185 19.3616 0 
19.6104 7.17252 68.8905 45.0936 
11.1739 11.1739 48.9547 49.8758 
6.28847 9.27958 0 1.1711 11.3281 
0 2.0067 0 0 0.443185 19.3616 0 
19.6104 7.17253 68.8905 45.0936 
11.1739 11.1739 48.9547 49.8758 
6.28846 9.27956 0 1.1711 11.3281 
0 2.0067 0 0 0.443185 19.3616 0 
Estimating row 77 out of 308 for hessian
19.6104 7.17247 68.8905 45.0936 
11.1739 11.1739 48.9547 49.8758 
6.28846 9.27961 0 1.1711 11.3281 
0 2.0067 0 0 0.443185 19.3616 0 
19.6104 7.17258 68.8904 45.0936 
11.1739 11.1739 48.9547 49.8758 
6.28847 9.27953 0 1.1711 11.3281 
0 2.0067 0 0 0.443185 19.3616 0 
19.6104 7.17252 68.8905 45.0936 
11.1739 11.1739 48.9547 49.8758 
6.28847 9.27957 0 1.1711 11.3281 
0 2.0067 0 0 0.443185 19.3616 0 
19.6104 7.17253 68.8905 45.0936 
11.1739 11.1739 48.9547 49.8758 
6.28847 9.27957 0 1.1711 11.3281 
0 2.0067 0 0 0.443185 19.3616 0 
Estimating row 78 out of 308 for hessian
19.6104 7.17247 68.8905 45.0936 
11.1739 11.1739 48.9547 49.8758 
6.28845 9.2796 0 1.1711 11.3281 
0 2.0067 0 0 0.443185 19.3616 0 
19.6104 7.17258 68.8904 45.0936 
11.1739 11.1739 48.9547 49.8758 
6.28848 9.27954 0 1.1711 11.3281 
0 2.0067 0 0 0.443185 19.3616 0 
19.6104 7.17252 68.8905 45.0936 
11.1739 11.1739 48.9547 49.8758 
6.28846 9.27957 0 1.1711 11.3281 
0 2.0067 0 0 0.443185 19.3616 0 
19.6104 7.17253 68.8905 45.0936 
11.1739 11.1739 48.9547 49.8758 
6.28847 9.27957 0 1.1711 11.3281 
0 2.0067 0 0 0.443185 19.3616 0 
Estimating row 79 out of 308 for hessian
19.6103 7.17233 68.8907 45.0936 
11.1738 11.1738 48.9547 49.8758 
6.2885 9.27965 0 1.1711 11.3281 
0 2.0067 0 0 0.443185 19.3616 0 
19.6104 7.17271 68.8903 45.0936 
11.1739 11.1739 48.9547 49.8758 
6.28843 9.27949 0 1.1711 11.3281 
0 2.00671 0 0 0.443185 19.3616 0 
19.6104 7.1725 68.8905 45.0936 
11.1739 11.1739 48.9547 49.8758 
6.28847 9.27958 0 1.1711 11.3281 
0 2.0067 0 0 0.443185 19.3616 0 
19.6104 7.17254 68.8905 45.0936 
11.1739 11.1739 48.9547 49.8758 
6.28846 9.27956 0 1.1711 11.3281 
0 2.0067 0 0 0.443185 19.3616 0 
Estimating row 80 out of 308 for hessian
19.6104 7.17193 68.8913 45.0934 
11.1734 11.1734 48.9547 49.8758 
6.28858 9.27988 0 1.1711 11.3281 
0 2.00671 0 0 0.443185 19.3616 0 
19.6104 7.17312 68.8897 45.0937 
11.1743 11.1743 48.9547 49.8758 
6.28835 9.27926 0 1.1711 11.3281 
0 2.00669 0 0 0.443185 19.3616 0 
19.6104 7.17246 68.8905 45.0936 
11.1738 11.1738 48.9547 49.8758 
6.28848 9.2796 0 1.1711 11.3281 
0 2.0067 0 0 0.443185 19.3616 0 
19.6104 7.17258 68.8904 45.0936 
11.1739 11.1739 48.9547 49.8758 
6.28845 9.27954 0 1.1711 11.3281 
0 2.0067 0 0 0.443185 19.3616 0 
Estimating row 81 out of 308 for hessian
19.6104 7.17252 68.8905 45.0936 
11.1739 11.1739 48.9547 49.8758 
6.28847 9.27957 0 1.1711 11.3281 
0 2.0067 0 0 0.443185 19.3616 0 
19.6104 7.17252 68.8905 45.0936 
11.1739 11.1739 48.9547 49.8758 
6.28847 9.27957 0 1.1711 11.3281 
0 2.0067 0 0 0.443185 19.3616 0 
19.6104 7.17252 68.8905 45.0936 
11.1739 11.1739 48.9547 49.8758 
6.28847 9.27957 0 1.1711 11.3281 
0 2.0067 0 0 0.443185 19.3616 0 
19.6104 7.17252 68.8905 45.0936 
11.1739 11.1739 48.9547 49.8758 
6.28847 9.27957 0 1.1711 11.3281 
0 2.0067 0 0 0.443185 19.3616 0 
Estimating row 82 out of 308 for hessian
19.6104 7.17258 68.8905 45.0935 
11.1739 11.1739 48.9547 49.8758 
6.28842 9.27955 0 1.1711 11.3281 
0 2.0067 0 0 0.443185 19.3616 0 
19.6104 7.17247 68.8905 45.0936 
11.1738 11.1738 48.9547 49.8758 
6.28851 9.2796 0 1.1711 11.3281 
0 2.0067 0 0 0.443185 19.3616 0 
19.6104 7.17253 68.8905 45.0936 
11.1739 11.1739 48.9547 49.8758 
6.28846 9.27957 0 1.1711 11.3281 
0 2.0067 0 0 0.443185 19.3616 0 
19.6104 7.17252 68.8905 45.0936 
11.1739 11.1739 48.9547 49.8758 
6.28847 9.27957 0 1.1711 11.3281 
0 2.0067 0 0 0.443185 19.3616 0 
Estimating row 83 out of 308 for hessian
19.6104 7.17258 68.8904 45.0936 
11.1739 11.1739 48.9547 49.8758 
6.28845 9.27954 0 1.1711 11.3281 
0 2.0067 0 0 0.443185 19.3616 0 
19.6104 7.17247 68.8905 45.0936 
11.1738 11.1738 48.9547 49.8758 
6.28848 9.2796 0 1.1711 11.3281 
0 2.0067 0 0 0.443185 19.3616 0 
19.6104 7.17253 68.8905 45.0936 
11.1739 11.1739 48.9547 49.8758 
6.28846 9.27957 0 1.1711 11.3281 
0 2.0067 0 0 0.443185 19.3616 0 
19.6104 7.17252 68.8905 45.0936 
11.1739 11.1739 48.9547 49.8758 
6.28847 9.27957 0 1.1711 11.3281 
0 2.0067 0 0 0.443185 19.3616 0 
Estimating row 84 out of 308 for hessian
19.6104 7.17258 68.8904 45.0936 
11.1739 11.1739 48.9547 49.8758 
6.28849 9.27954 0 1.1711 11.3281 
0 2.0067 0 0 0.443185 19.3616 0 
19.6104 7.17246 68.8905 45.0936 
11.1738 11.1738 48.9547 49.8758 
6.28844 9.2796 0 1.1711 11.3281 
0 2.0067 0 0 0.443185 19.3616 0 
19.6104 7.17253 68.8905 45.0936 
11.1739 11.1739 48.9547 49.8758 
6.28847 9.27957 0 1.1711 11.3281 
0 2.0067 0 0 0.443185 19.3616 0 
19.6104 7.17252 68.8905 45.0936 
11.1739 11.1739 48.9547 49.8758 
6.28846 9.27957 0 1.1711 11.3281 
0 2.0067 0 0 0.443185 19.3616 0 
Estimating row 85 out of 308 for hessian
19.6104 7.1725 68.8905 45.0936 
11.1739 11.1739 48.9547 49.8758 
6.28847 9.27949 0 1.1711 11.3281 
0 2.0067 0 0 0.443185 19.3616 0 
19.6104 7.17254 68.8905 45.0935 
11.1738 11.1738 48.9547 49.8758 
6.28847 9.27965 0 1.1711 11.3281 
0 2.0067 0 0 0.443185 19.3616 0 
19.6104 7.17252 68.8905 45.0936 
11.1739 11.1739 48.9547 49.8758 
6.28847 9.27956 0 1.1711 11.3281 
0 2.0067 0 0 0.443185 19.3616 0 
19.6104 7.17253 68.8905 45.0936 
11.1739 11.1739 48.9547 49.8758 
6.28847 9.27958 0 1.1711 11.3281 
0 2.0067 0 0 0.443185 19.3616 0 
Estimating row 86 out of 308 for hessian
19.6104 7.17245 68.8905 45.0936 
11.174 11.174 48.9547 49.8758 
6.28847 9.27943 0 1.1711 11.3281 
0 2.00669 0 0 0.443185 19.3616 0 
19.6104 7.1726 68.8905 45.0935 
11.1737 11.1737 48.9547 49.8758 
6.28847 9.27971 0 1.1711 11.3281 
0 2.00672 0 0 0.443185 19.3616 0 
19.6104 7.17252 68.8905 45.0936 
11.1739 11.1739 48.9547 49.8758 
6.28847 9.27956 0 1.1711 11.3281 
0 2.0067 0 0 0.443185 19.3616 0 
19.6104 7.17253 68.8905 45.0936 
11.1738 11.1738 48.9547 49.8758 
6.28847 9.27958 0 1.1711 11.3281 
0 2.0067 0 0 0.443185 19.3616 0 
Estimating row 87 out of 308 for hessian
19.6104 7.17235 68.8905 45.0936 
11.174 11.174 48.9547 49.8758 
6.28847 9.2794 0 1.1711 11.3281 
0 2.00674 0 0 0.443185 19.3616 0 
19.6104 7.17269 68.8905 45.0935 
11.1737 11.1737 48.9547 49.8758 
6.28847 9.27974 0 1.1711 11.3281 
0 2.00667 0 0 0.443185 19.3616 0 
19.6104 7.17251 68.8905 45.0936 
11.1739 11.1739 48.9547 49.8758 
6.28847 9.27955 0 1.1711 11.3281 
0 2.00671 0 0 0.443185 19.3616 0 
19.6104 7.17254 68.8905 45.0936 
11.1738 11.1738 48.9547 49.8758 
6.28847 9.27959 0 1.1711 11.3281 
0 2.0067 0 0 0.443185 19.3616 0 
Estimating row 88 out of 308 for hessian
19.6104 7.17256 68.8905 45.0936 
11.1739 11.1739 48.9547 49.8758 
6.28847 9.27954 0 1.1711 11.3281 
0 2.00668 0 0 0.443185 19.3616 0 
19.6104 7.17249 68.8905 45.0936 
11.1738 11.1738 48.9547 49.8758 
6.28847 9.2796 0 1.1711 11.3281 
0 2.00673 0 0 0.443185 19.3616 0 
19.6104 7.17253 68.8905 45.0936 
11.1739 11.1739 48.9547 49.8758 
6.28847 9.27957 0 1.1711 11.3281 
0 2.0067 0 0 0.443185 19.3616 0 
19.6104 7.17252 68.8905 45.0936 
11.1739 11.1739 48.9547 49.8758 
6.28847 9.27957 0 1.1711 11.3281 
0 2.0067 0 0 0.443185 19.3616 0 
Estimating row 89 out of 308 for hessian
19.6104 7.17258 68.8905 45.0936 
11.1739 11.1739 48.9547 49.8758 
6.28847 9.27955 0 1.1711 11.3281 
0 2.0067 0 0 0.443185 19.3616 0 
19.6104 7.17246 68.8905 45.0936 
11.1738 11.1738 48.9547 49.8758 
6.28847 9.27959 0 1.1711 11.3281 
0 2.00671 0 0 0.443185 19.3616 0 
19.6104 7.17253 68.8905 45.0936 
11.1739 11.1739 48.9547 49.8758 
6.28847 9.27957 0 1.1711 11.3281 
0 2.0067 0 0 0.443185 19.3616 0 
19.6104 7.17252 68.8905 45.0936 
11.1739 11.1739 48.9547 49.8758 
6.28847 9.27957 0 1.1711 11.3281 
0 2.0067 0 0 0.443185 19.3616 0 
Estimating row 90 out of 308 for hessian
19.6104 7.17257 68.8905 45.0936 
11.1739 11.1739 48.9547 49.8758 
6.28847 9.27953 0 1.1711 11.3281 
0 2.0067 0 0 0.443185 19.3616 0 
19.6104 7.17248 68.8905 45.0936 
11.1738 11.1738 48.9547 49.8758 
6.28847 9.27961 0 1.1711 11.3281 
0 2.0067 0 0 0.443185 19.3616 0 
19.6104 7.17253 68.8905 45.0936 
11.1739 11.1739 48.9547 49.8758 
6.28847 9.27957 0 1.1711 11.3281 
0 2.0067 0 0 0.443185 19.3616 0 
19.6104 7.17252 68.8905 45.0936 
11.1739 11.1739 48.9547 49.8758 
6.28847 9.27957 0 1.1711 11.3281 
0 2.0067 0 0 0.443185 19.3616 0 
Estimating row 91 out of 308 for hessian
19.6104 7.17254 68.8905 45.0935 
11.174 11.174 48.9547 49.8758 
6.28847 9.27951 0 1.1711 11.3281 
0 2.00671 0 0 0.443185 19.3616 0 
19.6104 7.17251 68.8905 45.0936 
11.1737 11.1737 48.9547 49.8758 
6.28847 9.27963 0 1.1711 11.3281 
0 2.00669 0 0 0.443185 19.3616 0 
19.6104 7.17252 68.8905 45.0936 
11.1739 11.1739 48.9547 49.8758 
6.28847 9.27957 0 1.1711 11.3281 
0 2.0067 0 0 0.443185 19.3616 0 
19.6104 7.17252 68.8905 45.0936 
11.1739 11.1739 48.9547 49.8758 
6.28847 9.27958 0 1.1711 11.3281 
0 2.0067 0 0 0.443185 19.3616 0 
Estimating row 92 out of 308 for hessian
19.6104 7.17254 68.8905 45.0935 
11.1739 11.1739 48.9547 49.8758 
6.28847 9.27955 0 1.1711 11.3281 
0 2.0067 0 0 0.443185 19.3616 0 
19.6104 7.17251 68.8905 45.0936 
11.1738 11.1738 48.9547 49.8758 
6.28847 9.27959 0 1.1711 11.3281 
0 2.00671 0 0 0.443185 19.3616 0 
19.6104 7.17253 68.8905 45.0936 
11.1739 11.1739 48.9547 49.8758 
6.28847 9.27957 0 1.1711 11.3281 
0 2.0067 0 0 0.443185 19.3616 0 
19.6104 7.17252 68.8905 45.0936 
11.1739 11.1739 48.9547 49.8758 
6.28847 9.27957 0 1.1711 11.3281 
0 2.0067 0 0 0.443185 19.3616 0 
Estimating row 93 out of 308 for hessian
19.6104 7.17255 68.8905 45.0935 
11.1739 11.1739 48.9547 49.8758 
6.28847 9.27959 0 1.1711 11.3281 
0 2.00669 0 0 0.443185 19.3616 0 
19.6104 7.1725 68.8905 45.0936 
11.1739 11.1739 48.9547 49.8758 
6.28847 9.27955 0 1.1711 11.3281 
0 2.00672 0 0 0.443185 19.3616 0 
19.6104 7.17253 68.8905 45.0936 
11.1739 11.1739 48.9547 49.8758 
6.28847 9.27957 0 1.1711 11.3281 
0 2.0067 0 0 0.443185 19.3616 0 
19.6104 7.17252 68.8905 45.0936 
11.1739 11.1739 48.9547 49.8758 
6.28847 9.27957 0 1.1711 11.3281 
0 2.0067 0 0 0.443185 19.3616 0 
Estimating row 94 out of 308 for hessian
19.6104 7.17255 68.8905 45.0936 
11.1737 11.1737 48.9546 49.8758 
6.28847 9.27967 0 1.1711 11.3281 
0 2.00673 0 0 0.443185 19.3616 0 
19.6104 7.17249 68.8905 45.0936 
11.174 11.174 48.9548 49.8758 
6.28847 9.27947 0 1.1711 11.3281 
0 2.00668 0 0 0.443185 19.3616 0 
19.6104 7.17253 68.8905 45.0936 
11.1739 11.1739 48.9547 49.8758 
6.28847 9.27958 0 1.1711 11.3281 
0 2.00671 0 0 0.443185 19.3616 0 
19.6104 7.17252 68.8905 45.0936 
11.1739 11.1739 48.9547 49.8758 
6.28847 9.27956 0 1.1711 11.3281 
0 2.0067 0 0 0.443185 19.3616 0 
Estimating row 95 out of 308 for hessian
19.6104 7.17255 68.8905 45.0936 
11.1738 11.1738 48.9547 49.8758 
6.28847 9.27964 0 1.1711 11.3281 
0 2.00668 0 0 0.443185 19.3616 0 
19.6104 7.1725 68.8905 45.0936 
11.1739 11.1739 48.9547 49.8758 
6.28847 9.2795 0 1.1711 11.3281 
0 2.00672 0 0 0.443185 19.3616 0 
19.6104 7.17253 68.8905 45.0936 
11.1739 11.1739 48.9547 49.8758 
6.28847 9.27958 0 1.1711 11.3281 
0 2.0067 0 0 0.443185 19.3616 0 
19.6104 7.17252 68.8905 45.0936 
11.1739 11.1739 48.9547 49.8758 
6.28847 9.27956 0 1.1711 11.3281 
0 2.0067 0 0 0.443185 19.3616 0 
Estimating row 96 out of 308 for hessian
19.6104 7.17252 68.8905 45.0936 
11.1738 11.1738 48.9547 49.8758 
6.28847 9.27961 0 1.1711 11.3281 
0 2.00671 0 0 0.443185 19.3616 0 
19.6104 7.17252 68.8905 45.0936 
11.1739 11.1739 48.9547 49.8758 
6.28847 9.27953 0 1.1711 11.3281 
0 2.0067 0 0 0.443185 19.3616 0 
19.6104 7.17252 68.8905 45.0936 
11.1739 11.1739 48.9547 49.8758 
6.28847 9.27957 0 1.1711 11.3281 
0 2.0067 0 0 0.443185 19.3616 0 
19.6104 7.17252 68.8905 45.0936 
11.1739 11.1739 48.9547 49.8758 
6.28847 9.27957 0 1.1711 11.3281 
0 2.0067 0 0 0.443185 19.3616 0 
Estimating row 97 out of 308 for hessian
19.6104 7.17255 68.8905 45.0936 
11.1738 11.1738 48.9547 49.8758 
6.28847 9.27961 0 1.1711 11.3281 
0 2.00669 0 0 0.443185 19.3616 0 
19.6104 7.1725 68.8905 45.0936 
11.1739 11.1739 48.9547 49.8758 
6.28847 9.27953 0 1.1711 11.3281 
0 2.00671 0 0 0.443185 19.3616 0 
19.6104 7.17253 68.8905 45.0936 
11.1739 11.1739 48.9547 49.8758 
6.28847 9.27957 0 1.1711 11.3281 
0 2.0067 0 0 0.443185 19.3616 0 
19.6104 7.17252 68.8905 45.0936 
11.1739 11.1739 48.9547 49.8758 
6.28847 9.27957 0 1.1711 11.3281 
0 2.0067 0 0 0.443185 19.3616 0 
Estimating row 98 out of 308 for hessian
19.6104 7.17256 68.8905 45.0935 
11.1738 11.1738 48.9547 49.8758 
6.28847 9.27963 0 1.1711 11.3281 
0 2.00671 0 0 0.443185 19.3616 0 
19.6104 7.17248 68.8905 45.0937 
11.1739 11.1739 48.9547 49.8758 
6.28847 9.27951 0 1.1711 11.3281 
0 2.00669 0 0 0.443185 19.3616 0 
19.6104 7.17253 68.8905 45.0936 
11.1739 11.1739 48.9547 49.8758 
6.28847 9.27958 0 1.1711 11.3281 
0 2.0067 0 0 0.443185 19.3616 0 
19.6104 7.17252 68.8905 45.0936 
11.1739 11.1739 48.9547 49.8758 
6.28847 9.27956 0 1.1711 11.3281 
0 2.0067 0 0 0.443185 19.3616 0 
Estimating row 99 out of 308 for hessian
19.6104 7.17255 68.8905 45.0935 
11.1739 11.1739 48.9547 49.8758 
6.28847 9.27958 0 1.1711 11.3281 
0 2.0067 0 0 0.443185 19.3616 0 
19.6104 7.17249 68.8905 45.0936 
11.1739 11.1739 48.9547 49.8757 
6.28847 9.27956 0 1.1711 11.3281 
0 2.00671 0 0 0.443185 19.3616 0 
19.6104 7.17253 68.8905 45.0936 
11.1739 11.1739 48.9547 49.8758 
6.28847 9.27957 0 1.1711 11.3281 
0 2.0067 0 0 0.443185 19.3616 0 
19.6104 7.17252 68.8905 45.0936 
11.1739 11.1739 48.9547 49.8758 
6.28847 9.27957 0 1.1711 11.3281 
0 2.0067 0 0 0.443185 19.3616 0 
Estimating row 100 out of 308 for hessian
19.6104 7.17253 68.8905 45.0936 
11.1738 11.1738 48.9547 49.8758 
6.28847 9.27956 0 1.1711 11.3281 
0 2.00669 0 0 0.443185 19.3616 0 
19.6104 7.17251 68.8905 45.0936 
11.1739 11.1739 48.9547 49.8758 
6.28847 9.27958 0 1.1711 11.3281 
0 2.00671 0 0 0.443185 19.3616 0 
19.6104 7.17252 68.8905 45.0936 
11.1739 11.1739 48.9547 49.8758 
6.28847 9.27957 0 1.1711 11.3281 
0 2.0067 0 0 0.443185 19.3616 0 
19.6104 7.17252 68.8905 45.0936 
11.1739 11.1739 48.9547 49.8758 
6.28847 9.27957 0 1.1711 11.3281 
0 2.0067 0 0 0.443185 19.3616 0 
Estimating row 101 out of 308 for hessian
19.6104 7.17258 68.8905 45.0936 
11.1737 11.1737 48.9547 49.8758 
6.28847 9.27961 0 1.1711 11.3281 
0 2.00672 0 0 0.443185 19.3616 0 
19.6104 7.17247 68.8905 45.0936 
11.174 11.174 48.9547 49.8758 
6.28847 9.27953 0 1.1711 11.3281 
0 2.00668 0 0 0.443185 19.3616 0 
19.6104 7.17253 68.8905 45.0936 
11.1738 11.1738 48.9547 49.8758 
6.28847 9.27958 0 1.1711 11.3281 
0 2.0067 0 0 0.443185 19.3616 0 
19.6104 7.17252 68.8905 45.0936 
11.1739 11.1739 48.9547 49.8758 
6.28847 9.27957 0 1.1711 11.3281 
0 2.0067 0 0 0.443185 19.3616 0 
Estimating row 102 out of 308 for hessian
19.6104 7.17261 68.8905 45.0936 
11.1738 11.1738 48.9547 49.8758 
6.28847 9.2796 0 1.1711 11.3281 
0 2.00669 0 0 0.443185 19.3616 0 
19.6104 7.17244 68.8905 45.0936 
11.1739 11.1739 48.9547 49.8758 
6.28847 9.27954 0 1.1711 11.3281 
0 2.00672 0 0 0.443185 19.3616 0 
19.6104 7.17253 68.8905 45.0936 
11.1739 11.1739 48.9547 49.8758 
6.28847 9.27957 0 1.1711 11.3281 
0 2.0067 0 0 0.443185 19.3616 0 
19.6104 7.17251 68.8905 45.0936 
11.1739 11.1739 48.9547 49.8758 
6.28847 9.27957 0 1.1711 11.3281 
0 2.0067 0 0 0.443185 19.3616 0 
Estimating row 103 out of 308 for hessian
19.6104 7.17261 68.8905 45.0936 
11.1738 11.1738 48.9547 49.8758 
6.28847 9.2796 0 1.1711 11.3281 
0 2.00669 0 0 0.443185 19.3616 0 
19.6104 7.17243 68.8905 45.0936 
11.1739 11.1739 48.9547 49.8758 
6.28847 9.27954 0 1.1711 11.3281 
0 2.00672 0 0 0.443185 19.3616 0 
19.6104 7.17253 68.8905 45.0936 
11.1739 11.1739 48.9547 49.8758 
6.28847 9.27957 0 1.1711 11.3281 
0 2.0067 0 0 0.443185 19.3616 0 
19.6104 7.17251 68.8905 45.0936 
11.1739 11.1739 48.9547 49.8758 
6.28847 9.27957 0 1.1711 11.3281 
0 2.0067 0 0 0.443185 19.3616 0 
Estimating row 104 out of 308 for hessian
19.6104 7.17257 68.8905 45.0936 
11.1737 11.1737 48.9547 49.8758 
6.28847 9.27964 0 1.1711 11.3281 
0 2.00672 0 0 0.443185 19.3616 0 
19.6104 7.17248 68.8905 45.0936 
11.174 11.174 48.9547 49.8758 
6.28847 9.2795 0 1.1711 11.3281 
0 2.00669 0 0 0.443185 19.3616 0 
19.6104 7.17253 68.8905 45.0936 
11.1738 11.1738 48.9547 49.8758 
6.28847 9.27958 0 1.1711 11.3281 
0 2.0067 0 0 0.443185 19.3616 0 
19.6104 7.17252 68.8905 45.0936 
11.1739 11.1739 48.9547 49.8758 
6.28847 9.27956 0 1.1711 11.3281 
0 2.0067 0 0 0.443185 19.3616 0 
Estimating row 105 out of 308 for hessian
19.6104 7.17254 68.8905 45.0936 
11.1738 11.1738 48.9547 49.8758 
6.28847 9.27959 0 1.1711 11.3281 
0 2.0067 0 0 0.443185 19.3616 0 
19.6104 7.17251 68.8905 45.0935 
11.1739 11.1739 48.9547 49.8758 
6.28847 9.27955 0 1.1711 11.3281 
0 2.0067 0 0 0.443185 19.3616 0 
19.6104 7.17252 68.8905 45.0936 
11.1739 11.1739 48.9547 49.8758 
6.28847 9.27957 0 1.1711 11.3281 
0 2.0067 0 0 0.443185 19.3616 0 
19.6104 7.17252 68.8905 45.0936 
11.1739 11.1739 48.9547 49.8758 
6.28847 9.27957 0 1.1711 11.3281 
0 2.0067 0 0 0.443185 19.3616 0 
Estimating row 106 out of 308 for hessian
19.6104 7.17255 68.8905 45.0936 
11.1738 11.1738 48.9547 49.8758 
6.28847 9.27958 0 1.1711 11.3281 
0 2.0067 0 0 0.443185 19.3616 0 
19.6104 7.17249 68.8905 45.0935 
11.1739 11.1739 48.9547 49.8758 
6.28847 9.27956 0 1.1711 11.3281 
0 2.00671 0 0 0.443185 19.3616 0 
19.6104 7.17253 68.8905 45.0936 
11.1739 11.1739 48.9547 49.8758 
6.28847 9.27957 0 1.1711 11.3281 
0 2.0067 0 0 0.443185 19.3616 0 
19.6104 7.17252 68.8905 45.0936 
11.1739 11.1739 48.9547 49.8758 
6.28847 9.27957 0 1.1711 11.3281 
0 2.0067 0 0 0.443185 19.3616 0 
Estimating row 107 out of 308 for hessian
19.6104 7.17258 68.8905 45.0936 
11.1738 11.1738 48.9547 49.8758 
6.28847 9.27958 0 1.1711 11.3281 
0 2.00669 0 0 0.443185 19.3616 0 
19.6104 7.17246 68.8905 45.0936 
11.1739 11.1739 48.9547 49.8758 
6.28847 9.27956 0 1.1711 11.3281 
0 2.00672 0 0 0.443185 19.3616 0 
19.6104 7.17253 68.8905 45.0936 
11.1739 11.1739 48.9547 49.8758 
6.28847 9.27957 0 1.1711 11.3281 
0 2.0067 0 0 0.443185 19.3616 0 
19.6104 7.17252 68.8905 45.0936 
11.1739 11.1739 48.9547 49.8758 
6.28847 9.27957 0 1.1711 11.3281 
0 2.0067 0 0 0.443185 19.3616 0 
Estimating row 108 out of 308 for hessian
19.6104 7.17257 68.8905 45.0936 
11.1738 11.1738 48.9547 49.8758 
6.28847 9.27954 0 1.1711 11.3281 
0 2.00671 0 0 0.443185 19.3616 0 
19.6104 7.17248 68.8905 45.0936 
11.1739 11.1739 48.9547 49.8758 
6.28847 9.2796 0 1.1711 11.3281 
0 2.00669 0 0 0.443185 19.3616 0 
19.6104 7.17253 68.8905 45.0936 
11.1739 11.1739 48.9547 49.8758 
6.28847 9.27957 0 1.1711 11.3281 
0 2.0067 0 0 0.443185 19.3616 0 
19.6104 7.17252 68.8905 45.0936 
11.1739 11.1739 48.9547 49.8758 
6.28847 9.27957 0 1.1711 11.3281 
0 2.0067 0 0 0.443185 19.3616 0 
Estimating row 109 out of 308 for hessian
19.6104 7.17257 68.8905 45.0935 
11.1739 11.1739 48.9547 49.8758 
6.28847 9.27948 0 1.1711 11.3281 
0 2.0067 0 0 0.443185 19.3616 0 
19.6104 7.17248 68.8905 45.0936 
11.1738 11.1738 48.9547 49.8758 
6.28847 9.27966 0 1.1711 11.3281 
0 2.00671 0 0 0.443185 19.3616 0 
19.6104 7.17253 68.8905 45.0936 
11.1739 11.1739 48.9547 49.8758 
6.28847 9.27956 0 1.1711 11.3281 
0 2.0067 0 0 0.443185 19.3616 0 
19.6104 7.17252 68.8905 45.0936 
11.1739 11.1739 48.9547 49.8758 
6.28847 9.27958 0 1.1711 11.3281 
0 2.0067 0 0 0.443185 19.3616 0 
Estimating row 110 out of 308 for hessian
19.6104 7.17252 68.8905 45.0936 
11.1739 11.1739 48.9547 49.8758 
6.28847 9.27949 0 1.1711 11.3281 
0 2.0067 0 0 0.443185 19.3616 0 
19.6104 7.17253 68.8905 45.0936 
11.1738 11.1738 48.9547 49.8758 
6.28847 9.27965 0 1.1711 11.3281 
0 2.0067 0 0 0.443185 19.3616 0 
19.6104 7.17252 68.8905 45.0936 
11.1739 11.1739 48.9547 49.8758 
6.28847 9.27956 0 1.1711 11.3281 
0 2.0067 0 0 0.443185 19.3616 0 
19.6104 7.17252 68.8905 45.0936 
11.1739 11.1739 48.9547 49.8758 
6.28847 9.27958 0 1.1711 11.3281 
0 2.0067 0 0 0.443185 19.3616 0 
Estimating row 111 out of 308 for hessian
19.6104 7.17252 68.8905 45.0936 
11.1739 11.1739 48.9547 49.8758 
6.28847 9.27953 0 1.1711 11.3281 
0 2.00671 0 0 0.443185 19.3616 0 
19.6104 7.17253 68.8905 45.0936 
11.1738 11.1738 48.9547 49.8758 
6.28847 9.27962 0 1.1711 11.3281 
0 2.0067 0 0 0.443185 19.3616 0 
19.6104 7.17252 68.8905 45.0936 
11.1739 11.1739 48.9547 49.8758 
6.28847 9.27957 0 1.1711 11.3281 
0 2.0067 0 0 0.443185 19.3616 0 
19.6104 7.17252 68.8905 45.0936 
11.1739 11.1739 48.9547 49.8758 
6.28847 9.27958 0 1.1711 11.3281 
0 2.0067 0 0 0.443185 19.3616 0 
Estimating row 112 out of 308 for hessian
19.6104 7.17254 68.8905 45.0936 
11.1739 11.1739 48.9547 49.8758 
6.28847 9.27954 0 1.1711 11.3281 
0 2.00669 0 0 0.443185 19.3616 0 
19.6104 7.1725 68.8905 45.0935 
11.1738 11.1738 48.9547 49.8758 
6.28847 9.2796 0 1.1711 11.3281 
0 2.00671 0 0 0.443185 19.3616 0 
19.6104 7.17253 68.8905 45.0936 
11.1739 11.1739 48.9547 49.8758 
6.28847 9.27957 0 1.1711 11.3281 
0 2.0067 0 0 0.443185 19.3616 0 
19.6104 7.17252 68.8905 45.0936 
11.1739 11.1739 48.9547 49.8758 
6.28847 9.27957 0 1.1711 11.3281 
0 2.0067 0 0 0.443185 19.3616 0 
Estimating row 113 out of 308 for hessian
19.6104 7.17253 68.8905 45.0936 
11.1739 11.1739 48.9547 49.8758 
6.28847 9.27955 0 1.1711 11.3281 
0 2.0067 0 0 0.443185 19.3616 0 
19.6104 7.17251 68.8905 45.0936 
11.1738 11.1738 48.9547 49.8758 
6.28847 9.27959 0 1.1711 11.3281 
0 2.00671 0 0 0.443185 19.3616 0 
19.6104 7.17252 68.8905 45.0936 
11.1739 11.1739 48.9547 49.8758 
6.28847 9.27957 0 1.1711 11.3281 
0 2.0067 0 0 0.443185 19.3616 0 
19.6104 7.17252 68.8905 45.0936 
11.1739 11.1739 48.9547 49.8758 
6.28847 9.27957 0 1.1711 11.3281 
0 2.0067 0 0 0.443185 19.3616 0 
Estimating row 114 out of 308 for hessian
19.6104 7.17251 68.8905 45.0936 
11.1739 11.1739 48.9547 49.8758 
6.28847 9.27956 0 1.1711 11.3281 
0 2.00669 0 0 0.443185 19.3616 0 
19.6104 7.17254 68.8905 45.0936 
11.1738 11.1738 48.9547 49.8758 
6.28847 9.27958 0 1.1711 11.3281 
0 2.00671 0 0 0.443185 19.3616 0 
19.6104 7.17252 68.8905 45.0936 
11.1739 11.1739 48.9547 49.8758 
6.28847 9.27957 0 1.1711 11.3281 
0 2.0067 0 0 0.443185 19.3616 0 
19.6104 7.17253 68.8905 45.0936 
11.1739 11.1739 48.9547 49.8758 
6.28847 9.27957 0 1.1711 11.3281 
0 2.0067 0 0 0.443185 19.3616 0 
Estimating row 115 out of 308 for hessian
19.6104 7.17247 68.8905 45.0935 
11.1739 11.1739 48.9547 49.8758 
6.28847 9.27956 0 1.1711 11.3281 
0 2.00673 0 0 0.443185 19.3616 0 
19.6104 7.17257 68.8905 45.0936 
11.1738 11.1738 48.9547 49.8758 
6.28847 9.27958 0 1.1711 11.3281 
0 2.00668 0 0 0.443185 19.3616 0 
19.6104 7.17252 68.8905 45.0936 
11.1739 11.1739 48.9547 49.8758 
6.28847 9.27957 0 1.1711 11.3281 
0 2.0067 0 0 0.443185 19.3616 0 
19.6104 7.17253 68.8905 45.0936 
11.1739 11.1739 48.9547 49.8758 
6.28847 9.27957 0 1.1711 11.3281 
0 2.0067 0 0 0.443185 19.3616 0 
Estimating row 116 out of 308 for hessian
19.6104 7.17257 68.8905 45.0936 
11.1739 11.1739 48.9547 49.8758 
6.28847 9.27958 0 1.1711 11.3281 
0 2.00667 0 0 0.443185 19.3616 0 
19.6104 7.17247 68.8905 45.0936 
11.1738 11.1738 48.9547 49.8758 
6.28847 9.27957 0 1.1711 11.3281 
0 2.00673 0 0 0.443185 19.3616 0 
19.6104 7.17253 68.8905 45.0936 
11.1739 11.1739 48.9547 49.8758 
6.28847 9.27957 0 1.1711 11.3281 
0 2.0067 0 0 0.443185 19.3616 0 
19.6104 7.17252 68.8905 45.0936 
11.1739 11.1739 48.9547 49.8758 
6.28847 9.27957 0 1.1711 11.3281 
0 2.00671 0 0 0.443185 19.3616 0 
Estimating row 117 out of 308 for hessian
19.6104 7.17247 68.8905 45.0936 
11.1739 11.1739 48.9547 49.8758 
6.28847 9.27962 0 1.1711 11.3281 
0 2.00672 0 0 0.443185 19.3616 0 
19.6104 7.17258 68.8905 45.0936 
11.1739 11.1739 48.9547 49.8758 
6.28847 9.27952 0 1.1711 11.3281 
0 2.00669 0 0 0.443185 19.3616 0 
19.6104 7.17252 68.8905 45.0936 
11.1739 11.1739 48.9547 49.8758 
6.28847 9.27958 0 1.1711 11.3281 
0 2.0067 0 0 0.443185 19.3616 0 
19.6104 7.17253 68.8905 45.0936 
11.1739 11.1739 48.9547 49.8758 
6.28847 9.27957 0 1.1711 11.3281 
0 2.0067 0 0 0.443185 19.3616 0 
Estimating row 118 out of 308 for hessian
19.6104 7.17249 68.8905 45.0936 
11.1738 11.1738 48.9547 49.8758 
6.28847 9.27961 0 1.1711 11.3281 
0 2.0067 0 0 0.443185 19.3616 0 
19.6104 7.17256 68.8905 45.0936 
11.1739 11.1739 48.9547 49.8758 
6.28847 9.27953 0 1.1711 11.3281 
0 2.0067 0 0 0.443185 19.3616 0 
19.6104 7.17252 68.8905 45.0936 
11.1739 11.1739 48.9547 49.8758 
6.28847 9.27958 0 1.1711 11.3281 
0 2.0067 0 0 0.443185 19.3616 0 
19.6104 7.17253 68.8905 45.0936 
11.1739 11.1739 48.9547 49.8758 
6.28847 9.27957 0 1.1711 11.3281 
0 2.0067 0 0 0.443185 19.3616 0 
Estimating row 119 out of 308 for hessian
19.6104 7.17255 68.8905 45.0936 
11.1738 11.1738 48.9547 49.8758 
6.28847 9.2796 0 1.1711 11.3281 
0 2.0067 0 0 0.443185 19.3616 0 
19.6104 7.17249 68.8905 45.0936 
11.1739 11.1739 48.9547 49.8758 
6.28847 9.27955 0 1.1711 11.3281 
0 2.00671 0 0 0.443185 19.3616 0 
19.6104 7.17253 68.8905 45.0936 
11.1739 11.1739 48.9547 49.8758 
6.28847 9.27957 0 1.1711 11.3281 
0 2.0067 0 0 0.443185 19.3616 0 
19.6104 7.17252 68.8905 45.0936 
11.1739 11.1739 48.9547 49.8758 
6.28847 9.27957 0 1.1711 11.3281 
0 2.0067 0 0 0.443185 19.3616 0 
Estimating row 120 out of 308 for hessian
19.6104 7.17257 68.8905 45.0936 
11.1738 11.1738 48.9547 49.8758 
6.28847 9.27961 0 1.1711 11.3281 
0 2.00669 0 0 0.443185 19.3616 0 
19.6104 7.17248 68.8905 45.0936 
11.1739 11.1739 48.9547 49.8758 
6.28847 9.27953 0 1.1711 11.3281 
0 2.00671 0 0 0.443185 19.3616 0 
19.6104 7.17253 68.8905 45.0936 
11.1739 11.1739 48.9547 49.8758 
6.28847 9.27958 0 1.1711 11.3281 
0 2.0067 0 0 0.443185 19.3616 0 
19.6104 7.17252 68.8905 45.0936 
11.1739 11.1739 48.9547 49.8758 
6.28847 9.27957 0 1.1711 11.3281 
0 2.0067 0 0 0.443185 19.3616 0 
Estimating row 121 out of 308 for hessian
19.6104 7.17237 68.8905 45.0936 
11.1739 11.1739 48.9547 49.8758 
6.28847 9.27962 0 1.1711 11.3281 
0 2.0067 0 0 0.443185 19.3616 0 
19.6104 7.17267 68.8905 45.0936 
11.1738 11.1738 48.9547 49.8757 
6.28847 9.27952 0 1.1711 11.3281 
0 2.00671 0 0 0.443185 19.3616 0 
19.6104 7.17251 68.8905 45.0936 
11.1739 11.1739 48.9547 49.8758 
6.28847 9.27958 0 1.1711 11.3281 
0 2.0067 0 0 0.443185 19.3616 0 
19.6104 7.17254 68.8905 45.0936 
11.1739 11.1739 48.9547 49.8758 
6.28847 9.27957 0 1.1711 11.3281 
0 2.0067 0 0 0.443185 19.3616 0 
Estimating row 122 out of 308 for hessian
19.6104 7.17206 68.8905 45.0937 
11.1741 11.1741 48.9547 49.8758 
6.28847 9.27961 0 1.1711 11.3281 
0 2.00673 0 0 0.443185 19.3616 0 
19.6104 7.17298 68.8905 45.0935 
11.1737 11.1737 48.9547 49.8758 
6.28847 9.27953 0 1.1711 11.3281 
0 2.00667 0 0 0.443185 19.3616 0 
19.6104 7.17248 68.8905 45.0936 
11.1739 11.1739 48.9547 49.8758 
6.28847 9.27958 0 1.1711 11.3281 
0 2.00671 0 0 0.443185 19.3616 0 
19.6104 7.17257 68.8905 45.0936 
11.1738 11.1738 48.9547 49.8758 
6.28847 9.27957 0 1.1711 11.3281 
0 2.0067 0 0 0.443185 19.3616 0 
Estimating row 123 out of 308 for hessian
19.6104 7.17252 68.8905 45.0936 
11.1739 11.1739 48.9547 49.8758 
6.28847 9.27957 0 1.1711 11.3281 
0 2.0067 0 0 0.443185 19.3616 0 
19.6104 7.17252 68.8905 45.0936 
11.1739 11.1739 48.9547 49.8758 
6.28847 9.27957 0 1.1711 11.3281 
0 2.0067 0 0 0.443185 19.3616 0 
19.6104 7.17252 68.8905 45.0936 
11.1739 11.1739 48.9547 49.8758 
6.28847 9.27957 0 1.1711 11.3281 
0 2.0067 0 0 0.443185 19.3616 0 
19.6104 7.17252 68.8905 45.0936 
11.1739 11.1739 48.9547 49.8758 
6.28847 9.27957 0 1.1711 11.3281 
0 2.0067 0 0 0.443185 19.3616 0 
Estimating row 124 out of 308 for hessian
19.6104 7.17248 68.8905 45.0936 
11.1737 11.1737 48.9547 49.8758 
6.28847 9.27968 0 1.1711 11.3281 
0 2.00673 0 0 0.443185 19.3616 0 
19.6104 7.17257 68.8905 45.0935 
11.1741 11.1741 48.9547 49.8758 
6.28847 9.27946 0 1.1711 11.3281 
0 2.00667 0 0 0.443185 19.3616 0 
19.6104 7.17252 68.8905 45.0936 
11.1738 11.1738 48.9547 49.8758 
6.28847 9.27958 0 1.1711 11.3281 
0 2.00671 0 0 0.443185 19.3616 0 
19.6104 7.17253 68.8905 45.0936 
11.1739 11.1739 48.9547 49.8758 
6.28847 9.27956 0 1.1711 11.3281 
0 2.0067 0 0 0.443185 19.3616 0 
Estimating row 125 out of 308 for hessian
19.6104 7.17253 68.8905 45.0936 
11.1739 11.1739 48.9547 49.8758 
6.28847 9.27956 0 1.1711 11.3281 
0 2.00669 0 0 0.443185 19.3616 0 
19.6104 7.17251 68.8905 45.0935 
11.1739 11.1739 48.9547 49.8758 
6.28847 9.27958 0 1.1711 11.3281 
0 2.00671 0 0 0.443185 19.3616 0 
19.6104 7.17252 68.8905 45.0936 
11.1739 11.1739 48.9547 49.8758 
6.28847 9.27957 0 1.1711 11.3281 
0 2.0067 0 0 0.443185 19.3616 0 
19.6104 7.17252 68.8905 45.0936 
11.1739 11.1739 48.9547 49.8758 
6.28847 9.27957 0 1.1711 11.3281 
0 2.0067 0 0 0.443185 19.3616 0 
Estimating row 126 out of 308 for hessian
19.6104 7.17258 68.8905 45.0936 
11.1739 11.1739 48.9547 49.8758 
6.28847 9.27956 0 1.1711 11.3281 
0 2.0067 0 0 0.443185 19.3616 0 
19.6104 7.17246 68.8905 45.0935 
11.1739 11.1739 48.9547 49.8758 
6.28847 9.27958 0 1.1711 11.3281 
0 2.0067 0 0 0.443185 19.3616 0 
19.6104 7.17253 68.8905 45.0936 
11.1739 11.1739 48.9547 49.8758 
6.28847 9.27957 0 1.1711 11.3281 
0 2.0067 0 0 0.443185 19.3616 0 
19.6104 7.17252 68.8905 45.0936 
11.1739 11.1739 48.9547 49.8758 
6.28847 9.27957 0 1.1711 11.3281 
0 2.0067 0 0 0.443185 19.3616 0 
Estimating row 127 out of 308 for hessian
19.6104 7.17252 68.8905 45.0936 
11.1739 11.1739 48.9547 49.8758 
6.28847 9.27957 0 1.1711 11.3281 
0 2.0067 0 0 0.443185 19.3616 0 
19.6104 7.17252 68.8905 45.0936 
11.1739 11.1739 48.9547 49.8758 
6.28847 9.27957 0 1.1711 11.3281 
0 2.0067 0 0 0.443185 19.3616 0 
19.6104 7.17252 68.8905 45.0936 
11.1739 11.1739 48.9547 49.8758 
6.28847 9.27957 0 1.1711 11.3281 
0 2.0067 0 0 0.443185 19.3616 0 
19.6104 7.17252 68.8905 45.0936 
11.1739 11.1739 48.9547 49.8758 
6.28847 9.27957 0 1.1711 11.3281 
0 2.0067 0 0 0.443185 19.3616 0 
Estimating row 128 out of 308 for hessian
19.6104 7.17252 68.8905 45.0936 
11.1739 11.1739 48.9547 49.8758 
6.28847 9.27957 0 1.1711 11.3281 
0 2.0067 0 0 0.443185 19.3616 0 
19.6104 7.17252 68.8905 45.0936 
11.1739 11.1739 48.9547 49.8758 
6.28847 9.27957 0 1.1711 11.3281 
0 2.0067 0 0 0.443185 19.3616 0 
19.6104 7.17252 68.8905 45.0936 
11.1739 11.1739 48.9547 49.8758 
6.28847 9.27957 0 1.1711 11.3281 
0 2.0067 0 0 0.443185 19.3616 0 
19.6104 7.17252 68.8905 45.0936 
11.1739 11.1739 48.9547 49.8758 
6.28847 9.27957 0 1.1711 11.3281 
0 2.0067 0 0 0.443185 19.3616 0 
Estimating row 129 out of 308 for hessian
19.6104 7.17252 68.8905 45.0936 
11.1739 11.1739 48.9547 49.8758 
6.28847 9.27957 0 1.1711 11.3281 
0 2.0067 0 0 0.443185 19.3616 0 
19.6104 7.17252 68.8905 45.0936 
11.1739 11.1739 48.9547 49.8758 
6.28847 9.27957 0 1.1711 11.3281 
0 2.0067 0 0 0.443185 19.3616 0 
19.6104 7.17252 68.8905 45.0936 
11.1739 11.1739 48.9547 49.8758 
6.28847 9.27957 0 1.1711 11.3281 
0 2.0067 0 0 0.443185 19.3616 0 
19.6104 7.17252 68.8905 45.0936 
11.1739 11.1739 48.9547 49.8758 
6.28847 9.27957 0 1.1711 11.3281 
0 2.0067 0 0 0.443185 19.3616 0 
Estimating row 130 out of 308 for hessian
19.6104 7.17252 68.8905 45.0936 
11.1739 11.1739 48.9547 49.8758 
6.28847 9.27957 0 1.1711 11.3281 
0 2.0067 0 0 0.443185 19.3616 0 
19.6104 7.17252 68.8905 45.0936 
11.1739 11.1739 48.9547 49.8758 
6.28847 9.27957 0 1.1711 11.3281 
0 2.0067 0 0 0.443185 19.3616 0 
19.6104 7.17252 68.8905 45.0936 
11.1739 11.1739 48.9547 49.8758 
6.28847 9.27957 0 1.1711 11.3281 
0 2.0067 0 0 0.443185 19.3616 0 
19.6104 7.17252 68.8905 45.0936 
11.1739 11.1739 48.9547 49.8758 
6.28847 9.27957 0 1.1711 11.3281 
0 2.0067 0 0 0.443185 19.3616 0 
Estimating row 131 out of 308 for hessian
19.6104 7.17252 68.8905 45.0936 
11.1739 11.1739 48.9547 49.8758 
6.28847 9.27957 0 1.1711 11.3281 
0 2.0067 0 0 0.443185 19.3616 0 
19.6104 7.17252 68.8905 45.0936 
11.1739 11.1739 48.9547 49.8758 
6.28847 9.27957 0 1.1711 11.3281 
0 2.0067 0 0 0.443185 19.3616 0 
19.6104 7.17252 68.8905 45.0936 
11.1739 11.1739 48.9547 49.8758 
6.28847 9.27957 0 1.1711 11.3281 
0 2.0067 0 0 0.443185 19.3616 0 
19.6104 7.17252 68.8905 45.0936 
11.1739 11.1739 48.9547 49.8758 
6.28847 9.27957 0 1.1711 11.3281 
0 2.0067 0 0 0.443185 19.3616 0 
Estimating row 132 out of 308 for hessian
19.6104 7.17252 68.8905 45.0936 
11.1739 11.1739 48.9547 49.8758 
6.28847 9.27957 0 1.1711 11.3281 
0 2.0067 0 0 0.443185 19.3616 0 
19.6104 7.17252 68.8905 45.0936 
11.1739 11.1739 48.9547 49.8758 
6.28847 9.27957 0 1.1711 11.3281 
0 2.0067 0 0 0.443185 19.3616 0 
19.6104 7.17252 68.8905 45.0936 
11.1739 11.1739 48.9547 49.8758 
6.28847 9.27957 0 1.1711 11.3281 
0 2.0067 0 0 0.443185 19.3616 0 
19.6104 7.17252 68.8905 45.0936 
11.1739 11.1739 48.9547 49.8758 
6.28847 9.27957 0 1.1711 11.3281 
0 2.0067 0 0 0.443185 19.3616 0 
Estimating row 133 out of 308 for hessian
19.6104 7.17252 68.8905 45.0936 
11.1739 11.1739 48.9547 49.8758 
6.28847 9.27957 0 1.1711 11.3281 
0 2.0067 0 0 0.443185 19.3616 0 
19.6104 7.17252 68.8905 45.0936 
11.1739 11.1739 48.9547 49.8758 
6.28847 9.27957 0 1.1711 11.3281 
0 2.0067 0 0 0.443185 19.3616 0 
19.6104 7.17252 68.8905 45.0936 
11.1739 11.1739 48.9547 49.8758 
6.28847 9.27957 0 1.1711 11.3281 
0 2.0067 0 0 0.443185 19.3616 0 
19.6104 7.17252 68.8905 45.0936 
11.1739 11.1739 48.9547 49.8758 
6.28847 9.27957 0 1.1711 11.3281 
0 2.0067 0 0 0.443185 19.3616 0 
Estimating row 134 out of 308 for hessian
19.6104 7.17252 68.8905 45.0936 
11.1739 11.1739 48.9547 49.8758 
6.28847 9.27957 0 1.1711 11.3281 
0 2.0067 0 0 0.443185 19.3616 0 
19.6104 7.17252 68.8905 45.0936 
11.1739 11.1739 48.9547 49.8758 
6.28847 9.27957 0 1.1711 11.3281 
0 2.0067 0 0 0.443185 19.3616 0 
19.6104 7.17252 68.8905 45.0936 
11.1739 11.1739 48.9547 49.8758 
6.28847 9.27957 0 1.1711 11.3281 
0 2.0067 0 0 0.443185 19.3616 0 
19.6104 7.17252 68.8905 45.0936 
11.1739 11.1739 48.9547 49.8758 
6.28847 9.27957 0 1.1711 11.3281 
0 2.0067 0 0 0.443185 19.3616 0 
Estimating row 135 out of 308 for hessian
19.6104 7.17252 68.8905 45.0936 
11.1739 11.1739 48.9547 49.8758 
6.28847 9.27957 0 1.1711 11.3281 
0 2.0067 0 0 0.443185 19.3616 0 
19.6104 7.17252 68.8905 45.0936 
11.1739 11.1739 48.9547 49.8758 
6.28847 9.27957 0 1.1711 11.3281 
0 2.0067 0 0 0.443185 19.3616 0 
19.6104 7.17252 68.8905 45.0936 
11.1739 11.1739 48.9547 49.8758 
6.28847 9.27957 0 1.1711 11.3281 
0 2.0067 0 0 0.443185 19.3616 0 
19.6104 7.17252 68.8905 45.0936 
11.1739 11.1739 48.9547 49.8758 
6.28847 9.27957 0 1.1711 11.3281 
0 2.0067 0 0 0.443185 19.3616 0 
Estimating row 136 out of 308 for hessian
19.6104 7.17252 68.8905 45.0936 
11.1739 11.1739 48.9547 49.8758 
6.28847 9.27957 0 1.1711 11.3281 
0 2.0067 0 0 0.443185 19.3616 0 
19.6104 7.17252 68.8905 45.0936 
11.1739 11.1739 48.9547 49.8758 
6.28847 9.27957 0 1.1711 11.3281 
0 2.0067 0 0 0.443185 19.3616 0 
19.6104 7.17252 68.8905 45.0936 
11.1739 11.1739 48.9547 49.8758 
6.28847 9.27957 0 1.1711 11.3281 
0 2.0067 0 0 0.443185 19.3616 0 
19.6104 7.17252 68.8905 45.0936 
11.1739 11.1739 48.9547 49.8758 
6.28847 9.27957 0 1.1711 11.3281 
0 2.0067 0 0 0.443185 19.3616 0 
Estimating row 137 out of 308 for hessian
19.6104 7.17252 68.8905 45.0936 
11.1739 11.1739 48.9547 49.8758 
6.28847 9.27957 0 1.1711 11.3281 
0 2.0067 0 0 0.443185 19.3616 0 
19.6104 7.17252 68.8905 45.0936 
11.1739 11.1739 48.9547 49.8758 
6.28847 9.27957 0 1.1711 11.3281 
0 2.0067 0 0 0.443185 19.3616 0 
19.6104 7.17252 68.8905 45.0936 
11.1739 11.1739 48.9547 49.8758 
6.28847 9.27957 0 1.1711 11.3281 
0 2.0067 0 0 0.443185 19.3616 0 
19.6104 7.17252 68.8905 45.0936 
11.1739 11.1739 48.9547 49.8758 
6.28847 9.27957 0 1.1711 11.3281 
0 2.0067 0 0 0.443185 19.3616 0 
Estimating row 138 out of 308 for hessian
19.6104 7.17252 68.8905 45.0936 
11.1739 11.1739 48.9547 49.8758 
6.28847 9.27957 0 1.1711 11.3281 
0 2.0067 0 0 0.443185 19.3616 0 
19.6104 7.17252 68.8905 45.0936 
11.1739 11.1739 48.9547 49.8758 
6.28847 9.27957 0 1.1711 11.3281 
0 2.0067 0 0 0.443185 19.3616 0 
19.6104 7.17252 68.8905 45.0936 
11.1739 11.1739 48.9547 49.8758 
6.28847 9.27957 0 1.1711 11.3281 
0 2.0067 0 0 0.443185 19.3616 0 
19.6104 7.17252 68.8905 45.0936 
11.1739 11.1739 48.9547 49.8758 
6.28847 9.27957 0 1.1711 11.3281 
0 2.0067 0 0 0.443185 19.3616 0 
Estimating row 139 out of 308 for hessian
19.6104 7.17252 68.8905 45.0936 
11.1739 11.1739 48.9547 49.8758 
6.28847 9.27957 0 1.1711 11.3281 
0 2.0067 0 0 0.443185 19.3616 0 
19.6104 7.17252 68.8905 45.0936 
11.1739 11.1739 48.9547 49.8758 
6.28847 9.27957 0 1.1711 11.3281 
0 2.0067 0 0 0.443185 19.3616 0 
19.6104 7.17252 68.8905 45.0936 
11.1739 11.1739 48.9547 49.8758 
6.28847 9.27957 0 1.1711 11.3281 
0 2.0067 0 0 0.443185 19.3616 0 
19.6104 7.17252 68.8905 45.0936 
11.1739 11.1739 48.9547 49.8758 
6.28847 9.27957 0 1.1711 11.3281 
0 2.0067 0 0 0.443185 19.3616 0 
Estimating row 140 out of 308 for hessian
19.6104 7.17252 68.8905 45.0936 
11.1739 11.1739 48.9547 49.8758 
6.28847 9.27957 0 1.1711 11.3281 
0 2.0067 0 0 0.443185 19.3616 0 
19.6104 7.17252 68.8905 45.0936 
11.1739 11.1739 48.9547 49.8758 
6.28847 9.27957 0 1.1711 11.3281 
0 2.0067 0 0 0.443185 19.3616 0 
19.6104 7.17252 68.8905 45.0936 
11.1739 11.1739 48.9547 49.8758 
6.28847 9.27957 0 1.1711 11.3281 
0 2.0067 0 0 0.443185 19.3616 0 
19.6104 7.17252 68.8905 45.0936 
11.1739 11.1739 48.9547 49.8758 
6.28847 9.27957 0 1.1711 11.3281 
0 2.0067 0 0 0.443185 19.3616 0 
Estimating row 141 out of 308 for hessian
19.6104 7.17252 68.8905 45.0936 
11.1739 11.1739 48.9547 49.8758 
6.28847 9.27957 0 1.1711 11.3281 
0 2.0067 0 0 0.443185 19.3616 0 
19.6104 7.17252 68.8905 45.0936 
11.1739 11.1739 48.9547 49.8758 
6.28847 9.27957 0 1.1711 11.3281 
0 2.0067 0 0 0.443185 19.3616 0 
19.6104 7.17252 68.8905 45.0936 
11.1739 11.1739 48.9547 49.8758 
6.28847 9.27957 0 1.1711 11.3281 
0 2.0067 0 0 0.443185 19.3616 0 
19.6104 7.17252 68.8905 45.0936 
11.1739 11.1739 48.9547 49.8758 
6.28847 9.27957 0 1.1711 11.3281 
0 2.0067 0 0 0.443185 19.3616 0 
Estimating row 142 out of 308 for hessian
19.6104 7.17252 68.8905 45.0936 
11.1739 11.1739 48.9547 49.8758 
6.28847 9.27957 0 1.1711 11.3281 
0 2.0067 0 0 0.443185 19.3616 0 
19.6104 7.17252 68.8905 45.0936 
11.1739 11.1739 48.9547 49.8758 
6.28847 9.27957 0 1.1711 11.3281 
0 2.0067 0 0 0.443185 19.3616 0 
19.6104 7.17252 68.8905 45.0936 
11.1739 11.1739 48.9547 49.8758 
6.28847 9.27957 0 1.1711 11.3281 
0 2.0067 0 0 0.443185 19.3616 0 
19.6104 7.17252 68.8905 45.0936 
11.1739 11.1739 48.9547 49.8758 
6.28847 9.27957 0 1.1711 11.3281 
0 2.0067 0 0 0.443185 19.3616 0 
Estimating row 143 out of 308 for hessian
19.6104 7.17252 68.8905 45.0936 
11.1739 11.1739 48.9547 49.8758 
6.28847 9.27957 0 1.1711 11.3281 
0 2.0067 0 0 0.443185 19.3616 0 
19.6104 7.17252 68.8905 45.0936 
11.1739 11.1739 48.9547 49.8758 
6.28847 9.27957 0 1.1711 11.3281 
0 2.0067 0 0 0.443185 19.3616 0 
19.6104 7.17252 68.8905 45.0936 
11.1739 11.1739 48.9547 49.8758 
6.28847 9.27957 0 1.1711 11.3281 
0 2.0067 0 0 0.443185 19.3616 0 
19.6104 7.17252 68.8905 45.0936 
11.1739 11.1739 48.9547 49.8758 
6.28847 9.27957 0 1.1711 11.3281 
0 2.0067 0 0 0.443185 19.3616 0 
Estimating row 144 out of 308 for hessian
19.6104 7.17252 68.8905 45.0936 
11.1739 11.1739 48.9547 49.8758 
6.28847 9.27957 0 1.1711 11.3281 
0 2.0067 0 0 0.443185 19.3616 0 
19.6104 7.17252 68.8905 45.0936 
11.1739 11.1739 48.9547 49.8758 
6.28847 9.27957 0 1.1711 11.3281 
0 2.0067 0 0 0.443185 19.3616 0 
19.6104 7.17252 68.8905 45.0936 
11.1739 11.1739 48.9547 49.8758 
6.28847 9.27957 0 1.1711 11.3281 
0 2.0067 0 0 0.443185 19.3616 0 
19.6104 7.17252 68.8905 45.0936 
11.1739 11.1739 48.9547 49.8758 
6.28847 9.27957 0 1.1711 11.3281 
0 2.0067 0 0 0.443185 19.3616 0 
Estimating row 145 out of 308 for hessian
19.6104 7.17252 68.8905 45.0936 
11.1739 11.1739 48.9547 49.8758 
6.28847 9.27957 0 1.1711 11.3281 
0 2.0067 0 0 0.443185 19.3616 0 
19.6104 7.17252 68.8905 45.0936 
11.1739 11.1739 48.9547 49.8758 
6.28847 9.27957 0 1.1711 11.3281 
0 2.0067 0 0 0.443185 19.3616 0 
19.6104 7.17252 68.8905 45.0936 
11.1739 11.1739 48.9547 49.8758 
6.28847 9.27957 0 1.1711 11.3281 
0 2.0067 0 0 0.443185 19.3616 0 
19.6104 7.17252 68.8905 45.0936 
11.1739 11.1739 48.9547 49.8758 
6.28847 9.27957 0 1.1711 11.3281 
0 2.0067 0 0 0.443185 19.3616 0 
Estimating row 146 out of 308 for hessian
19.6104 7.17252 68.8905 45.0936 
11.1739 11.1739 48.9547 49.8758 
6.28847 9.27957 0 1.1711 11.3281 
0 2.0067 0 0 0.443185 19.3616 0 
19.6104 7.17252 68.8905 45.0936 
11.1739 11.1739 48.9547 49.8758 
6.28847 9.27957 0 1.1711 11.3281 
0 2.0067 0 0 0.443185 19.3616 0 
19.6104 7.17252 68.8905 45.0936 
11.1739 11.1739 48.9547 49.8758 
6.28847 9.27957 0 1.1711 11.3281 
0 2.0067 0 0 0.443185 19.3616 0 
19.6104 7.17252 68.8905 45.0936 
11.1739 11.1739 48.9547 49.8758 
6.28847 9.27957 0 1.1711 11.3281 
0 2.0067 0 0 0.443185 19.3616 0 
Estimating row 147 out of 308 for hessian
19.6104 7.17252 68.8905 45.0936 
11.1739 11.1739 48.9547 49.8758 
6.28847 9.27957 0 1.1711 11.3281 
0 2.0067 0 0 0.443185 19.3616 0 
19.6104 7.17252 68.8905 45.0936 
11.1739 11.1739 48.9547 49.8758 
6.28847 9.27957 0 1.1711 11.3281 
0 2.0067 0 0 0.443185 19.3616 0 
19.6104 7.17252 68.8905 45.0936 
11.1739 11.1739 48.9547 49.8758 
6.28847 9.27957 0 1.1711 11.3281 
0 2.0067 0 0 0.443185 19.3616 0 
19.6104 7.17252 68.8905 45.0936 
11.1739 11.1739 48.9547 49.8758 
6.28847 9.27957 0 1.1711 11.3281 
0 2.0067 0 0 0.443185 19.3616 0 
Estimating row 148 out of 308 for hessian
19.6104 7.17252 68.8905 45.0936 
11.1739 11.1739 48.9547 49.8758 
6.28847 9.27957 0 1.1711 11.3281 
0 2.0067 0 0 0.443185 19.3616 0 
19.6104 7.17252 68.8905 45.0936 
11.1739 11.1739 48.9547 49.8758 
6.28847 9.27957 0 1.1711 11.3281 
0 2.0067 0 0 0.443185 19.3616 0 
19.6104 7.17252 68.8905 45.0936 
11.1739 11.1739 48.9547 49.8758 
6.28847 9.27957 0 1.1711 11.3281 
0 2.0067 0 0 0.443185 19.3616 0 
19.6104 7.17252 68.8905 45.0936 
11.1739 11.1739 48.9547 49.8758 
6.28847 9.27957 0 1.1711 11.3281 
0 2.0067 0 0 0.443185 19.3616 0 
Estimating row 149 out of 308 for hessian
19.6104 7.17252 68.8905 45.0936 
11.1739 11.1739 48.9547 49.8758 
6.28847 9.27957 0 1.1711 11.3281 
0 2.0067 0 0 0.443185 19.3616 0 
19.6104 7.17252 68.8905 45.0936 
11.1739 11.1739 48.9547 49.8758 
6.28847 9.27957 0 1.1711 11.3281 
0 2.0067 0 0 0.443185 19.3616 0 
19.6104 7.17252 68.8905 45.0936 
11.1739 11.1739 48.9547 49.8758 
6.28847 9.27957 0 1.1711 11.3281 
0 2.0067 0 0 0.443185 19.3616 0 
19.6104 7.17252 68.8905 45.0936 
11.1739 11.1739 48.9547 49.8758 
6.28847 9.27957 0 1.1711 11.3281 
0 2.0067 0 0 0.443185 19.3616 0 
Estimating row 150 out of 308 for hessian
19.6104 7.17252 68.8905 45.0936 
11.1739 11.1739 48.9547 49.8758 
6.28847 9.27957 0 1.1711 11.3281 
0 2.0067 0 0 0.443185 19.3616 0 
19.6104 7.17252 68.8905 45.0936 
11.1739 11.1739 48.9547 49.8758 
6.28847 9.27957 0 1.1711 11.3281 
0 2.0067 0 0 0.443185 19.3616 0 
19.6104 7.17252 68.8905 45.0936 
11.1739 11.1739 48.9547 49.8758 
6.28847 9.27957 0 1.1711 11.3281 
0 2.0067 0 0 0.443185 19.3616 0 
19.6104 7.17252 68.8905 45.0936 
11.1739 11.1739 48.9547 49.8758 
6.28847 9.27957 0 1.1711 11.3281 
0 2.0067 0 0 0.443185 19.3616 0 
Estimating row 151 out of 308 for hessian
19.6104 7.17252 68.8905 45.0936 
11.1739 11.1739 48.9547 49.8758 
6.28847 9.27957 0 1.1711 11.3281 
0 2.0067 0 0 0.443185 19.3616 0 
19.6104 7.17252 68.8905 45.0936 
11.1739 11.1739 48.9547 49.8758 
6.28847 9.27957 0 1.1711 11.3281 
0 2.0067 0 0 0.443185 19.3616 0 
19.6104 7.17252 68.8905 45.0936 
11.1739 11.1739 48.9547 49.8758 
6.28847 9.27957 0 1.1711 11.3281 
0 2.0067 0 0 0.443185 19.3616 0 
19.6104 7.17252 68.8905 45.0936 
11.1739 11.1739 48.9547 49.8758 
6.28847 9.27957 0 1.1711 11.3281 
0 2.0067 0 0 0.443185 19.3616 0 
Estimating row 152 out of 308 for hessian
19.6104 7.17252 68.8905 45.0936 
11.1739 11.1739 48.9547 49.8758 
6.28847 9.27957 0 1.1711 11.3281 
0 2.0067 0 0 0.443185 19.3616 0 
19.6104 7.17252 68.8905 45.0936 
11.1739 11.1739 48.9547 49.8758 
6.28847 9.27957 0 1.1711 11.3281 
0 2.0067 0 0 0.443185 19.3616 0 
19.6104 7.17252 68.8905 45.0936 
11.1739 11.1739 48.9547 49.8758 
6.28847 9.27957 0 1.1711 11.3281 
0 2.0067 0 0 0.443185 19.3616 0 
19.6104 7.17252 68.8905 45.0936 
11.1739 11.1739 48.9547 49.8758 
6.28847 9.27957 0 1.1711 11.3281 
0 2.0067 0 0 0.443185 19.3616 0 
Estimating row 153 out of 308 for hessian
19.6104 7.17252 68.8905 45.0936 
11.1739 11.1739 48.9547 49.8758 
6.28847 9.27957 0 1.1711 11.3281 
0 2.0067 0 0 0.443185 19.3616 0 
19.6104 7.17252 68.8905 45.0936 
11.1739 11.1739 48.9547 49.8758 
6.28847 9.27957 0 1.1711 11.3281 
0 2.0067 0 0 0.443185 19.3616 0 
19.6104 7.17252 68.8905 45.0936 
11.1739 11.1739 48.9547 49.8758 
6.28847 9.27957 0 1.1711 11.3281 
0 2.0067 0 0 0.443185 19.3616 0 
19.6104 7.17252 68.8905 45.0936 
11.1739 11.1739 48.9547 49.8758 
6.28847 9.27957 0 1.1711 11.3281 
0 2.0067 0 0 0.443185 19.3616 0 
Estimating row 154 out of 308 for hessian
19.6104 7.17252 68.8905 45.0936 
11.1739 11.1739 48.9547 49.8758 
6.28847 9.27957 0 1.1711 11.3281 
0 2.0067 0 0 0.443185 19.3616 0 
19.6104 7.17252 68.8905 45.0936 
11.1739 11.1739 48.9547 49.8758 
6.28847 9.27957 0 1.1711 11.3281 
0 2.0067 0 0 0.443185 19.3616 0 
19.6104 7.17252 68.8905 45.0936 
11.1739 11.1739 48.9547 49.8758 
6.28847 9.27957 0 1.1711 11.3281 
0 2.0067 0 0 0.443185 19.3616 0 
19.6104 7.17252 68.8905 45.0936 
11.1739 11.1739 48.9547 49.8758 
6.28847 9.27957 0 1.1711 11.3281 
0 2.0067 0 0 0.443185 19.3616 0 
Estimating row 155 out of 308 for hessian
19.6104 7.17252 68.8905 45.0936 
11.1739 11.1739 48.9547 49.8758 
6.28847 9.27957 0 1.1711 11.3281 
0 2.0067 0 0 0.443185 19.3616 0 
19.6104 7.17252 68.8905 45.0936 
11.1739 11.1739 48.9547 49.8758 
6.28847 9.27957 0 1.1711 11.3281 
0 2.0067 0 0 0.443185 19.3616 0 
19.6104 7.17252 68.8905 45.0936 
11.1739 11.1739 48.9547 49.8758 
6.28847 9.27957 0 1.1711 11.3281 
0 2.0067 0 0 0.443185 19.3616 0 
19.6104 7.17252 68.8905 45.0936 
11.1739 11.1739 48.9547 49.8758 
6.28847 9.27957 0 1.1711 11.3281 
0 2.0067 0 0 0.443185 19.3616 0 
Estimating row 156 out of 308 for hessian
19.6104 7.17252 68.8905 45.0936 
11.1739 11.1739 48.9547 49.8758 
6.28847 9.27957 0 1.1711 11.3281 
0 2.0067 0 0 0.443185 19.3616 0 
19.6104 7.17252 68.8905 45.0936 
11.1739 11.1739 48.9547 49.8758 
6.28847 9.27957 0 1.1711 11.3281 
0 2.0067 0 0 0.443185 19.3616 0 
19.6104 7.17252 68.8905 45.0936 
11.1739 11.1739 48.9547 49.8758 
6.28847 9.27957 0 1.1711 11.3281 
0 2.0067 0 0 0.443185 19.3616 0 
19.6104 7.17252 68.8905 45.0936 
11.1739 11.1739 48.9547 49.8758 
6.28847 9.27957 0 1.1711 11.3281 
0 2.0067 0 0 0.443185 19.3616 0 
Estimating row 157 out of 308 for hessian
19.6104 7.17252 68.8905 45.0936 
11.1739 11.1739 48.9547 49.8758 
6.28847 9.27957 0 1.1711 11.3281 
0 2.0067 0 0 0.443185 19.3616 0 
19.6104 7.17252 68.8905 45.0936 
11.1739 11.1739 48.9547 49.8758 
6.28847 9.27957 0 1.1711 11.3281 
0 2.0067 0 0 0.443185 19.3616 0 
19.6104 7.17252 68.8905 45.0936 
11.1739 11.1739 48.9547 49.8758 
6.28847 9.27957 0 1.1711 11.3281 
0 2.0067 0 0 0.443185 19.3616 0 
19.6104 7.17252 68.8905 45.0936 
11.1739 11.1739 48.9547 49.8758 
6.28847 9.27957 0 1.1711 11.3281 
0 2.0067 0 0 0.443185 19.3616 0 
Estimating row 158 out of 308 for hessian
19.6104 7.17252 68.8905 45.0936 
11.1739 11.1739 48.9547 49.8758 
6.28847 9.27957 0 1.1711 11.3281 
0 2.0067 0 0 0.443185 19.3616 0 
19.6104 7.17252 68.8905 45.0936 
11.1739 11.1739 48.9547 49.8758 
6.28847 9.27957 0 1.1711 11.3281 
0 2.0067 0 0 0.443185 19.3616 0 
19.6104 7.17252 68.8905 45.0936 
11.1739 11.1739 48.9547 49.8758 
6.28847 9.27957 0 1.1711 11.3281 
0 2.0067 0 0 0.443185 19.3616 0 
19.6104 7.17252 68.8905 45.0936 
11.1739 11.1739 48.9547 49.8758 
6.28847 9.27957 0 1.1711 11.3281 
0 2.0067 0 0 0.443185 19.3616 0 
Estimating row 159 out of 308 for hessian
19.6104 7.17252 68.8905 45.0936 
11.1739 11.1739 48.9547 49.8758 
6.28847 9.27957 0 1.1711 11.3281 
0 2.0067 0 0 0.443185 19.3616 0 
19.6104 7.17252 68.8905 45.0936 
11.1739 11.1739 48.9547 49.8758 
6.28847 9.27957 0 1.1711 11.3281 
0 2.0067 0 0 0.443185 19.3616 0 
19.6104 7.17252 68.8905 45.0936 
11.1739 11.1739 48.9547 49.8758 
6.28847 9.27957 0 1.1711 11.3281 
0 2.0067 0 0 0.443185 19.3616 0 
19.6104 7.17252 68.8905 45.0936 
11.1739 11.1739 48.9547 49.8758 
6.28847 9.27957 0 1.1711 11.3281 
0 2.0067 0 0 0.443185 19.3616 0 
Estimating row 160 out of 308 for hessian
19.6104 7.17252 68.8905 45.0936 
11.1739 11.1739 48.9547 49.8758 
6.28847 9.27957 0 1.1711 11.3281 
0 2.0067 0 0 0.443185 19.3616 0 
19.6104 7.17252 68.8905 45.0936 
11.1739 11.1739 48.9547 49.8758 
6.28847 9.27957 0 1.1711 11.3281 
0 2.0067 0 0 0.443185 19.3616 0 
19.6104 7.17252 68.8905 45.0936 
11.1739 11.1739 48.9547 49.8758 
6.28847 9.27957 0 1.1711 11.3281 
0 2.0067 0 0 0.443185 19.3616 0 
19.6104 7.17252 68.8905 45.0936 
11.1739 11.1739 48.9547 49.8758 
6.28847 9.27957 0 1.1711 11.3281 
0 2.0067 0 0 0.443185 19.3616 0 
Estimating row 161 out of 308 for hessian
19.6104 7.17252 68.8905 45.0936 
11.1739 11.1739 48.9547 49.8758 
6.28847 9.27957 0 1.1711 11.3281 
0 2.0067 0 0 0.443185 19.3616 0 
19.6104 7.17252 68.8905 45.0936 
11.1739 11.1739 48.9547 49.8758 
6.28847 9.27957 0 1.1711 11.3281 
0 2.0067 0 0 0.443185 19.3616 0 
19.6104 7.17252 68.8905 45.0936 
11.1739 11.1739 48.9547 49.8758 
6.28847 9.27957 0 1.1711 11.3281 
0 2.0067 0 0 0.443185 19.3616 0 
19.6104 7.17252 68.8905 45.0936 
11.1739 11.1739 48.9547 49.8758 
6.28847 9.27957 0 1.1711 11.3281 
0 2.0067 0 0 0.443185 19.3616 0 
Estimating row 162 out of 308 for hessian
19.6104 7.17252 68.8905 45.0936 
11.1739 11.1739 48.9547 49.8758 
6.28847 9.27957 0 1.1711 11.3281 
0 2.0067 0 0 0.443185 19.3616 0 
19.6104 7.17252 68.8905 45.0936 
11.1739 11.1739 48.9547 49.8758 
6.28847 9.27957 0 1.1711 11.3281 
0 2.0067 0 0 0.443185 19.3616 0 
19.6104 7.17252 68.8905 45.0936 
11.1739 11.1739 48.9547 49.8758 
6.28847 9.27957 0 1.1711 11.3281 
0 2.0067 0 0 0.443185 19.3616 0 
19.6104 7.17252 68.8905 45.0936 
11.1739 11.1739 48.9547 49.8758 
6.28847 9.27957 0 1.1711 11.3281 
0 2.0067 0 0 0.443185 19.3616 0 
Estimating row 163 out of 308 for hessian
19.6104 7.17252 68.8905 45.0936 
11.1739 11.1739 48.9547 49.8758 
6.28847 9.27957 0 1.1711 11.3281 
0 2.0067 0 0 0.443185 19.3616 0 
19.6104 7.17252 68.8905 45.0936 
11.1739 11.1739 48.9547 49.8758 
6.28847 9.27957 0 1.1711 11.3281 
0 2.0067 0 0 0.443185 19.3616 0 
19.6104 7.17252 68.8905 45.0936 
11.1739 11.1739 48.9547 49.8758 
6.28847 9.27957 0 1.1711 11.3281 
0 2.0067 0 0 0.443185 19.3616 0 
19.6104 7.17252 68.8905 45.0936 
11.1739 11.1739 48.9547 49.8758 
6.28847 9.27957 0 1.1711 11.3281 
0 2.0067 0 0 0.443185 19.3616 0 
Estimating row 164 out of 308 for hessian
19.6104 7.17252 68.8905 45.0936 
11.1739 11.1739 48.9547 49.8758 
6.28847 9.27957 0 1.1711 11.3281 
0 2.0067 0 0 0.443185 19.3616 0 
19.6104 7.17252 68.8905 45.0936 
11.1739 11.1739 48.9547 49.8758 
6.28847 9.27957 0 1.1711 11.3281 
0 2.0067 0 0 0.443185 19.3616 0 
19.6104 7.17252 68.8905 45.0936 
11.1739 11.1739 48.9547 49.8758 
6.28847 9.27957 0 1.1711 11.3281 
0 2.0067 0 0 0.443185 19.3616 0 
19.6104 7.17252 68.8905 45.0936 
11.1739 11.1739 48.9547 49.8758 
6.28847 9.27957 0 1.1711 11.3281 
0 2.0067 0 0 0.443185 19.3616 0 
Estimating row 165 out of 308 for hessian
19.6104 7.17252 68.8905 45.0936 
11.1739 11.1739 48.9547 49.8758 
6.28847 9.27957 0 1.1711 11.3281 
0 2.0067 0 0 0.443185 19.3616 0 
19.6104 7.17252 68.8905 45.0936 
11.1739 11.1739 48.9547 49.8758 
6.28847 9.27957 0 1.1711 11.3281 
0 2.0067 0 0 0.443185 19.3616 0 
19.6104 7.17252 68.8905 45.0936 
11.1739 11.1739 48.9547 49.8758 
6.28847 9.27957 0 1.1711 11.3281 
0 2.0067 0 0 0.443185 19.3616 0 
19.6104 7.17252 68.8905 45.0936 
11.1739 11.1739 48.9547 49.8758 
6.28847 9.27957 0 1.1711 11.3281 
0 2.0067 0 0 0.443185 19.3616 0 
Estimating row 166 out of 308 for hessian
19.6104 7.17252 68.8905 45.0936 
11.1739 11.1739 48.9547 49.8758 
6.28847 9.27957 0 1.1711 11.3281 
0 2.0067 0 0 0.443185 19.3616 0 
19.6104 7.17252 68.8905 45.0936 
11.1739 11.1739 48.9547 49.8758 
6.28847 9.27957 0 1.1711 11.3281 
0 2.0067 0 0 0.443185 19.3616 0 
19.6104 7.17252 68.8905 45.0936 
11.1739 11.1739 48.9547 49.8758 
6.28847 9.27957 0 1.1711 11.3281 
0 2.0067 0 0 0.443185 19.3616 0 
19.6104 7.17252 68.8905 45.0936 
11.1739 11.1739 48.9547 49.8758 
6.28847 9.27957 0 1.1711 11.3281 
0 2.0067 0 0 0.443185 19.3616 0 
Estimating row 167 out of 308 for hessian
19.6104 7.17252 68.8905 45.0936 
11.1739 11.1739 48.9547 49.8758 
6.28847 9.27957 0 1.1711 11.3281 
0 2.0067 0 0 0.443185 19.3616 0 
19.6104 7.17252 68.8905 45.0936 
11.1739 11.1739 48.9547 49.8758 
6.28847 9.27957 0 1.1711 11.3281 
0 2.0067 0 0 0.443185 19.3616 0 
19.6104 7.17252 68.8905 45.0936 
11.1739 11.1739 48.9547 49.8758 
6.28847 9.27957 0 1.1711 11.3281 
0 2.0067 0 0 0.443185 19.3616 0 
19.6104 7.17252 68.8905 45.0936 
11.1739 11.1739 48.9547 49.8758 
6.28847 9.27957 0 1.1711 11.3281 
0 2.0067 0 0 0.443185 19.3616 0 
Estimating row 168 out of 308 for hessian
19.6104 7.17252 68.8905 45.0936 
11.1739 11.1739 48.9547 49.8758 
6.28847 9.27957 0 1.1711 11.3281 
0 2.0067 0 0 0.443185 19.3616 0 
19.6104 7.17252 68.8905 45.0936 
11.1739 11.1739 48.9547 49.8758 
6.28847 9.27957 0 1.1711 11.3281 
0 2.0067 0 0 0.443185 19.3616 0 
19.6104 7.17252 68.8905 45.0936 
11.1739 11.1739 48.9547 49.8758 
6.28847 9.27957 0 1.1711 11.3281 
0 2.0067 0 0 0.443185 19.3616 0 
19.6104 7.17252 68.8905 45.0936 
11.1739 11.1739 48.9547 49.8758 
6.28847 9.27957 0 1.1711 11.3281 
0 2.0067 0 0 0.443185 19.3616 0 
Estimating row 169 out of 308 for hessian
19.5999 7.18376 68.8908 45.0946 
11.1753 11.1753 48.9546 49.8758 
6.28847 9.27622 0 1.1711 11.3281 
0 2.0067 0 0 0.443185 19.3616 0 
19.6209 7.16132 68.8901 45.0926 
11.1725 11.1725 48.9548 49.8757 
6.28847 9.28294 0 1.1711 11.3281 
0 2.0067 0 0 0.443185 19.3616 0 
19.6093 7.17365 68.8905 45.0937 
11.174 11.174 48.9547 49.8758 
6.28847 9.27924 0 1.1711 11.3281 
0 2.0067 0 0 0.443185 19.3616 0 
19.6114 7.1714 68.8904 45.0935 
11.1737 11.1737 48.9547 49.8758 
6.28847 9.27991 0 1.1711 11.3281 
0 2.0067 0 0 0.443185 19.3616 0 
Estimating row 170 out of 308 for hessian
19.6108 7.17255 68.8907 45.0935 
11.173 11.173 48.9546 49.8757 
6.28847 9.27989 0 1.1711 11.3281 
0 2.0067 0 0 0.443185 19.3616 0 
19.6099 7.17249 68.8903 45.0936 
11.1747 11.1747 48.9548 49.8758 
6.28847 9.27925 0 1.1711 11.3281 
0 2.0067 0 0 0.443185 19.3616 0 
19.6104 7.17253 68.8905 45.0936 
11.1738 11.1738 48.9547 49.8758 
6.28847 9.2796 0 1.1711 11.3281 
0 2.0067 0 0 0.443185 19.3616 0 
19.6103 7.17252 68.8904 45.0936 
11.1739 11.1739 48.9547 49.8758 
6.28847 9.27954 0 1.1711 11.3281 
0 2.0067 0 0 0.443185 19.3616 0 
Estimating row 171 out of 308 for hessian
19.6108 7.1725 68.8903 45.0936 
11.1733 11.1733 48.9547 49.8757 
6.28847 9.27986 0 1.1711 11.3281 
0 2.0067 0 0 0.443185 19.3616 0 
19.61 7.17254 68.8906 45.0936 
11.1744 11.1744 48.9547 49.8758 
6.28847 9.27928 0 1.1711 11.3281 
0 2.0067 0 0 0.443185 19.3616 0 
19.6104 7.17252 68.8905 45.0936 
11.1738 11.1738 48.9547 49.8758 
6.28847 9.2796 0 1.1711 11.3281 
0 2.0067 0 0 0.443185 19.3616 0 
19.6103 7.17253 68.8905 45.0936 
11.1739 11.1739 48.9547 49.8758 
6.28847 9.27954 0 1.1711 11.3281 
0 2.0067 0 0 0.443185 19.3616 0 
Estimating row 172 out of 308 for hessian
19.6106 7.17251 68.8905 45.0934 
11.1736 11.1736 48.9546 49.8758 
6.28847 9.27976 0 1.1711 11.3281 
0 2.0067 0 0 0.443185 19.3616 0 
19.6102 7.17254 68.8904 45.0937 
11.1741 11.1741 48.9548 49.8758 
6.28847 9.27938 0 1.1711 11.3281 
0 2.0067 0 0 0.443185 19.3616 0 
19.6104 7.17252 68.8905 45.0936 
11.1738 11.1738 48.9547 49.8758 
6.28847 9.27959 0 1.1711 11.3281 
0 2.0067 0 0 0.443185 19.3616 0 
19.6104 7.17252 68.8905 45.0936 
11.1739 11.1739 48.9547 49.8758 
6.28847 9.27955 0 1.1711 11.3281 
0 2.0067 0 0 0.443185 19.3616 0 
Estimating row 173 out of 308 for hessian
19.6099 7.17261 68.8904 45.0937 
11.1739 11.1739 48.9549 49.8759 
6.28847 9.27958 0 1.1711 11.3281 
0 2.0067 0 0 0.443185 19.3616 0 
19.6109 7.17244 68.8905 45.0935 
11.1738 11.1738 48.9545 49.8757 
6.28847 9.27956 0 1.1711 11.3281 
0 2.0067 0 0 0.443185 19.3616 0 
19.6103 7.17253 68.8905 45.0936 
11.1739 11.1739 48.9547 49.8758 
6.28847 9.27957 0 1.1711 11.3281 
0 2.0067 0 0 0.443185 19.3616 0 
19.6104 7.17251 68.8905 45.0936 
11.1739 11.1739 48.9547 49.8758 
6.28847 9.27957 0 1.1711 11.3281 
0 2.0067 0 0 0.443185 19.3616 0 
Estimating row 174 out of 308 for hessian
19.6102 7.17247 68.8905 45.0938 
11.1741 11.1741 48.9545 49.8758 
6.28847 9.27951 0 1.1711 11.3281 
0 2.0067 0 0 0.443185 19.3616 0 
19.6106 7.17257 68.8905 45.0933 
11.1736 11.1736 48.9549 49.8757 
6.28847 9.27963 0 1.1711 11.3281 
0 2.0067 0 0 0.443185 19.3616 0 
19.6104 7.17252 68.8905 45.0936 
11.1739 11.1739 48.9547 49.8758 
6.28847 9.27957 0 1.1711 11.3281 
0 2.0067 0 0 0.443185 19.3616 0 
19.6104 7.17253 68.8905 45.0935 
11.1738 11.1738 48.9547 49.8758 
6.28847 9.27958 0 1.1711 11.3281 
0 2.0067 0 0 0.443185 19.3616 0 
Estimating row 175 out of 308 for hessian
19.6103 7.17246 68.8904 45.0938 
11.174 11.174 48.9548 49.8759 
6.28847 9.27925 0 1.1711 11.3281 
0 2.0067 0 0 0.443185 19.3616 0 
19.6105 7.17259 68.8905 45.0933 
11.1738 11.1738 48.9546 49.8757 
6.28847 9.27989 0 1.1711 11.3281 
0 2.0067 0 0 0.443185 19.3616 0 
19.6104 7.17252 68.8905 45.0936 
11.1739 11.1739 48.9547 49.8758 
6.28847 9.27954 0 1.1711 11.3281 
0 2.0067 0 0 0.443185 19.3616 0 
19.6104 7.17253 68.8905 45.0935 
11.1739 11.1739 48.9547 49.8758 
6.28847 9.2796 0 1.1711 11.3281 
0 2.0067 0 0 0.443185 19.3616 0 
Estimating row 176 out of 308 for hessian
19.6104 7.17245 68.8905 45.0937 
11.1739 11.1739 48.9547 49.8758 
6.28847 9.27944 0 1.1711 11.3281 
0 2.0067 0 0 0.443185 19.3616 0 
19.6104 7.1726 68.8905 45.0934 
11.1738 11.1738 48.9547 49.8758 
6.28847 9.2797 0 1.1711 11.3281 
0 2.0067 0 0 0.443185 19.3616 0 
19.6104 7.17252 68.8905 45.0936 
11.1739 11.1739 48.9547 49.8758 
6.28847 9.27956 0 1.1711 11.3281 
0 2.0067 0 0 0.443185 19.3616 0 
19.6104 7.17253 68.8905 45.0936 
11.1739 11.1739 48.9547 49.8758 
6.28847 9.27958 0 1.1711 11.3281 
0 2.0067 0 0 0.443185 19.3616 0 
Estimating row 177 out of 308 for hessian
19.6104 7.17248 68.8904 45.0937 
11.1739 11.1739 48.9547 49.8757 
6.28847 9.27948 0 1.1711 11.3281 
0 2.0067 0 0 0.443185 19.3616 0 
19.6103 7.17256 68.8905 45.0934 
11.1738 11.1738 48.9547 49.8758 
6.28847 9.27967 0 1.1711 11.3281 
0 2.0067 0 0 0.443185 19.3616 0 
19.6104 7.17252 68.8905 45.0936 
11.1739 11.1739 48.9547 49.8758 
6.28847 9.27956 0 1.1711 11.3281 
0 2.0067 0 0 0.443185 19.3616 0 
19.6104 7.17253 68.8905 45.0936 
11.1739 11.1739 48.9547 49.8758 
6.28847 9.27958 0 1.1711 11.3281 
0 2.0067 0 0 0.443185 19.3616 0 
Estimating row 178 out of 308 for hessian
19.6104 7.17261 68.8907 45.0935 
11.174 11.174 48.9548 49.8757 
6.28847 9.27933 0 1.1711 11.3281 
0 2.0067 0 0 0.443185 19.3616 0 
19.6104 7.17243 68.8903 45.0937 
11.1737 11.1737 48.9547 49.8759 
6.28847 9.27982 0 1.1711 11.3281 
0 2.0067 0 0 0.443185 19.3616 0 
19.6104 7.17253 68.8905 45.0936 
11.1739 11.1739 48.9547 49.8758 
6.28847 9.27955 0 1.1711 11.3281 
0 2.0067 0 0 0.443185 19.3616 0 
19.6104 7.17251 68.8905 45.0936 
11.1738 11.1738 48.9547 49.8758 
6.28847 9.2796 0 1.1711 11.3281 
0 2.0067 0 0 0.443185 19.3616 0 
Estimating row 179 out of 308 for hessian
19.6104 7.1726 68.8909 45.0933 
11.1738 11.1738 48.9547 49.8757 
6.28847 9.27943 0 1.1711 11.3281 
0 2.0067 0 0 0.443185 19.3616 0 
19.6104 7.17244 68.8901 45.0938 
11.1739 11.1739 48.9547 49.8759 
6.28847 9.27971 0 1.1711 11.3281 
0 2.0067 0 0 0.443185 19.3616 0 
19.6104 7.17253 68.8905 45.0936 
11.1739 11.1739 48.9547 49.8758 
6.28847 9.27956 0 1.1711 11.3281 
0 2.0067 0 0 0.443185 19.3616 0 
19.6104 7.17252 68.8904 45.0936 
11.1739 11.1739 48.9547 49.8758 
6.28847 9.27958 0 1.1711 11.3281 
0 2.0067 0 0 0.443185 19.3616 0 
Estimating row 180 out of 308 for hessian
19.6104 7.17254 68.89 45.0934 
11.1742 11.1742 48.9549 49.8758 
6.28847 9.27963 0 1.1711 11.3281 
0 2.0067 0 0 0.443185 19.3616 0 
19.6104 7.17251 68.8909 45.0937 
11.1736 11.1736 48.9545 49.8757 
6.28847 9.27951 0 1.1711 11.3281 
0 2.0067 0 0 0.443185 19.3616 0 
19.6104 7.17253 68.8904 45.0936 
11.1739 11.1739 48.9547 49.8758 
6.28847 9.27958 0 1.1711 11.3281 
0 2.0067 0 0 0.443185 19.3616 0 
19.6104 7.17252 68.8905 45.0936 
11.1738 11.1738 48.9547 49.8758 
6.28847 9.27956 0 1.1711 11.3281 
0 2.0067 0 0 0.443185 19.3616 0 
Estimating row 181 out of 308 for hessian
19.6105 7.17243 68.89 45.0936 
11.1743 11.1743 48.9547 49.8758 
6.28847 9.27957 0 1.1711 11.3281 
0 2.0067 0 0 0.443185 19.3616 0 
19.6103 7.17261 68.8909 45.0936 
11.1734 11.1734 48.9547 49.8757 
6.28847 9.27957 0 1.1711 11.3281 
0 2.0067 0 0 0.443185 19.3616 0 
19.6104 7.17251 68.8904 45.0936 
11.1739 11.1739 48.9547 49.8758 
6.28847 9.27957 0 1.1711 11.3281 
0 2.0067 0 0 0.443185 19.3616 0 
19.6104 7.17253 68.8905 45.0936 
11.1738 11.1738 48.9547 49.8758 
6.28847 9.27957 0 1.1711 11.3281 
0 2.0067 0 0 0.443185 19.3616 0 
Estimating row 182 out of 308 for hessian
19.6105 7.17238 68.8903 45.0936 
11.1741 11.1741 48.9547 49.8757 
6.28847 9.27954 0 1.1711 11.3281 
0 2.0067 0 0 0.443185 19.3616 0 
19.6102 7.17267 68.8906 45.0935 
11.1737 11.1737 48.9548 49.8758 
6.28847 9.2796 0 1.1711 11.3281 
0 2.0067 0 0 0.443185 19.3616 0 
19.6104 7.17251 68.8905 45.0936 
11.1739 11.1739 48.9547 49.8758 
6.28847 9.27957 0 1.1711 11.3281 
0 2.0067 0 0 0.443185 19.3616 0 
19.6104 7.17254 68.8905 45.0936 
11.1738 11.1738 48.9547 49.8758 
6.28847 9.27957 0 1.1711 11.3281 
0 2.0067 0 0 0.443185 19.3616 0 
Estimating row 183 out of 308 for hessian
19.6105 7.17236 68.8904 45.0936 
11.1741 11.1741 48.9547 49.8757 
6.28847 9.27949 0 1.1711 11.3281 
0 2.0067 0 0 0.443185 19.3616 0 
19.6102 7.17269 68.8906 45.0935 
11.1737 11.1737 48.9547 49.8758 
6.28847 9.27965 0 1.1711 11.3281 
0 2.0067 0 0 0.443185 19.3616 0 
19.6104 7.17251 68.8905 45.0936 
11.1739 11.1739 48.9547 49.8758 
6.28847 9.27956 0 1.1711 11.3281 
0 2.0067 0 0 0.443185 19.3616 0 
19.6104 7.17254 68.8905 45.0936 
11.1738 11.1738 48.9547 49.8758 
6.28847 9.27958 0 1.1711 11.3281 
0 2.0067 0 0 0.443185 19.3616 0 
Estimating row 184 out of 308 for hessian
19.6106 7.17234 68.8905 45.0935 
11.1741 11.1741 48.9547 49.8758 
6.28847 9.27942 0 1.1711 11.3281 
0 2.0067 0 0 0.443185 19.3616 0 
19.6102 7.17271 68.8905 45.0937 
11.1736 11.1736 48.9547 49.8757 
6.28847 9.27972 0 1.1711 11.3281 
0 2.0067 0 0 0.443185 19.3616 0 
19.6104 7.1725 68.8905 45.0936 
11.1739 11.1739 48.9547 49.8758 
6.28847 9.27956 0 1.1711 11.3281 
0 2.0067 0 0 0.443185 19.3616 0 
19.6104 7.17254 68.8905 45.0936 
11.1738 11.1738 48.9547 49.8758 
6.28847 9.27959 0 1.1711 11.3281 
0 2.0067 0 0 0.443185 19.3616 0 
Estimating row 185 out of 308 for hessian
19.6104 7.17238 68.8904 45.0935 
11.1741 11.1741 48.9547 49.8758 
6.28847 9.27947 0 1.1711 11.3281 
0 2.0067 0 0 0.443185 19.3616 0 
19.6103 7.17266 68.8905 45.0936 
11.1736 11.1736 48.9547 49.8757 
6.28847 9.27967 0 1.1711 11.3281 
0 2.0067 0 0 0.443185 19.3616 0 
19.6104 7.17251 68.8905 45.0936 
11.1739 11.1739 48.9547 49.8758 
6.28847 9.27956 0 1.1711 11.3281 
0 2.0067 0 0 0.443185 19.3616 0 
19.6104 7.17254 68.8905 45.0936 
11.1738 11.1738 48.9547 49.8758 
6.28847 9.27958 0 1.1711 11.3281 
0 2.0067 0 0 0.443185 19.3616 0 
Estimating row 186 out of 308 for hessian
19.6103 7.17244 68.8901 45.0938 
11.1741 11.1741 48.9548 49.8759 
6.28847 9.2795 0 1.1711 11.3281 
0 2.0067 0 0 0.443185 19.3616 0 
19.6105 7.1726 68.8908 45.0934 
11.1736 11.1736 48.9547 49.8756 
6.28847 9.27964 0 1.1711 11.3281 
0 2.0067 0 0 0.443185 19.3616 0 
19.6104 7.17252 68.8904 45.0936 
11.1739 11.1739 48.9547 49.8758 
6.28847 9.27956 0 1.1711 11.3281 
0 2.0067 0 0 0.443185 19.3616 0 
19.6104 7.17253 68.8905 45.0936 
11.1738 11.1738 48.9547 49.8758 
6.28847 9.27958 0 1.1711 11.3281 
0 2.0067 0 0 0.443185 19.3616 0 
Estimating row 187 out of 308 for hessian
19.6103 7.17244 68.8905 45.0937 
11.1739 11.1739 48.9548 49.8757 
6.28847 9.27952 0 1.1711 11.3281 
0 2.0067 0 0 0.443185 19.3616 0 
19.6105 7.1726 68.8904 45.0935 
11.1738 11.1738 48.9546 49.8758 
6.28847 9.27962 0 1.1711 11.3281 
0 2.0067 0 0 0.443185 19.3616 0 
19.6104 7.17252 68.8905 45.0936 
11.1739 11.1739 48.9547 49.8758 
6.28847 9.27957 0 1.1711 11.3281 
0 2.0067 0 0 0.443185 19.3616 0 
19.6104 7.17253 68.8905 45.0936 
11.1739 11.1739 48.9547 49.8758 
6.28847 9.27958 0 1.1711 11.3281 
0 2.0067 0 0 0.443185 19.3616 0 
Estimating row 188 out of 308 for hessian
19.6104 7.17245 68.8908 45.0934 
11.1738 11.1738 48.9548 49.8757 
6.28847 9.27961 0 1.1711 11.3281 
0 2.0067 0 0 0.443185 19.3616 0 
19.6104 7.1726 68.8902 45.0938 
11.1739 11.1739 48.9546 49.8759 
6.28847 9.27953 0 1.1711 11.3281 
0 2.0067 0 0 0.443185 19.3616 0 
19.6104 7.17252 68.8905 45.0936 
11.1739 11.1739 48.9547 49.8758 
6.28847 9.27957 0 1.1711 11.3281 
0 2.0067 0 0 0.443185 19.3616 0 
19.6104 7.17253 68.8904 45.0936 
11.1739 11.1739 48.9547 49.8758 
6.28847 9.27957 0 1.1711 11.3281 
0 2.0067 0 0 0.443185 19.3616 0 
Estimating row 189 out of 308 for hessian
19.6104 7.17247 68.8911 45.093 
11.1737 11.1737 48.9547 49.8757 
6.28847 9.27983 0 1.1711 11.3281 
0 2.0067 0 0 0.443185 19.3616 0 
19.6104 7.17258 68.8898 45.0942 
11.1741 11.1741 48.9547 49.8759 
6.28847 9.27931 0 1.1711 11.3281 
0 2.0067 0 0 0.443185 19.3616 0 
19.6104 7.17252 68.8905 45.0935 
11.1738 11.1738 48.9547 49.8758 
6.28847 9.2796 0 1.1711 11.3281 
0 2.0067 0 0 0.443185 19.3616 0 
19.6104 7.17253 68.8904 45.0936 
11.1739 11.1739 48.9547 49.8758 
6.28847 9.27955 0 1.1711 11.3281 
0 2.0067 0 0 0.443185 19.3616 0 
Estimating row 190 out of 308 for hessian
19.6103 7.17245 68.8906 45.0936 
11.1736 11.1736 48.9547 49.8757 
6.28847 9.27988 0 1.1711 11.3281 
0 2.0067 0 0 0.443185 19.3616 0 
19.6105 7.17259 68.8903 45.0936 
11.1741 11.1741 48.9547 49.8758 
6.28847 9.27926 0 1.1711 11.3281 
0 2.0067 0 0 0.443185 19.3616 0 
19.6104 7.17252 68.8905 45.0936 
11.1738 11.1738 48.9547 49.8758 
6.28847 9.2796 0 1.1711 11.3281 
0 2.0067 0 0 0.443185 19.3616 0 
19.6104 7.17253 68.8905 45.0936 
11.1739 11.1739 48.9547 49.8758 
6.28847 9.27954 0 1.1711 11.3281 
0 2.0067 0 0 0.443185 19.3616 0 
Estimating row 191 out of 308 for hessian
19.6104 7.17252 68.8905 45.0939 
11.1735 11.1735 48.9545 49.8758 
6.28847 9.27978 0 1.1711 11.3281 
0 2.0067 0 0 0.443185 19.3616 0 
19.6104 7.17253 68.8905 45.0932 
11.1742 11.1742 48.9549 49.8758 
6.28847 9.27936 0 1.1711 11.3281 
0 2.0067 0 0 0.443185 19.3616 0 
19.6104 7.17252 68.8905 45.0936 
11.1738 11.1738 48.9547 49.8758 
6.28847 9.27959 0 1.1711 11.3281 
0 2.0067 0 0 0.443185 19.3616 0 
19.6104 7.17252 68.8905 45.0935 
11.1739 11.1739 48.9547 49.8758 
6.28847 9.27955 0 1.1711 11.3281 
0 2.0067 0 0 0.443185 19.3616 0 
Estimating row 192 out of 308 for hessian
19.6105 7.17261 68.8903 45.0939 
11.1734 11.1734 48.9546 49.8758 
6.28847 9.2798 0 1.1711 11.3281 
0 2.0067 0 0 0.443185 19.3616 0 
19.6103 7.17243 68.8907 45.0932 
11.1743 11.1743 48.9548 49.8757 
6.28847 9.27934 0 1.1711 11.3281 
0 2.0067 0 0 0.443185 19.3616 0 
19.6104 7.17253 68.8905 45.0936 
11.1738 11.1738 48.9547 49.8758 
6.28847 9.27959 0 1.1711 11.3281 
0 2.0067 0 0 0.443185 19.3616 0 
19.6104 7.17251 68.8905 45.0935 
11.1739 11.1739 48.9547 49.8758 
6.28847 9.27955 0 1.1711 11.3281 
0 2.0067 0 0 0.443185 19.3616 0 
Estimating row 193 out of 308 for hessian
19.6105 7.17256 68.8902 45.0938 
11.1737 11.1737 48.9547 49.8757 
6.28847 9.27968 0 1.1711 11.3281 
0 2.0067 0 0 0.443185 19.3616 0 
19.6103 7.17249 68.8908 45.0934 
11.174 11.174 48.9547 49.8758 
6.28847 9.27946 0 1.1711 11.3281 
0 2.0067 0 0 0.443185 19.3616 0 
19.6104 7.17253 68.8904 45.0936 
11.1738 11.1738 48.9547 49.8758 
6.28847 9.27958 0 1.1711 11.3281 
0 2.0067 0 0 0.443185 19.3616 0 
19.6104 7.17252 68.8905 45.0936 
11.1739 11.1739 48.9547 49.8758 
6.28847 9.27956 0 1.1711 11.3281 
0 2.0067 0 0 0.443185 19.3616 0 
Estimating row 194 out of 308 for hessian
19.6105 7.17247 68.8905 45.0935 
11.1738 11.1738 48.9547 49.8758 
6.28847 9.27962 0 1.1711 11.3281 
0 2.0067 0 0 0.443185 19.3616 0 
19.6103 7.17258 68.8905 45.0936 
11.1739 11.1739 48.9547 49.8758 
6.28847 9.27953 0 1.1711 11.3281 
0 2.0067 0 0 0.443185 19.3616 0 
19.6104 7.17252 68.8905 45.0936 
11.1739 11.1739 48.9547 49.8758 
6.28847 9.27958 0 1.1711 11.3281 
0 2.0067 0 0 0.443185 19.3616 0 
19.6104 7.17253 68.8905 45.0936 
11.1739 11.1739 48.9547 49.8758 
6.28847 9.27957 0 1.1711 11.3281 
0 2.0067 0 0 0.443185 19.3616 0 
Estimating row 195 out of 308 for hessian
19.6103 7.1726 68.8906 45.0933 
11.1738 11.1738 48.9547 49.8759 
6.28847 9.27962 0 1.1711 11.3281 
0 2.0067 0 0 0.443185 19.3616 0 
19.6104 7.17244 68.8904 45.0938 
11.1739 11.1739 48.9547 49.8757 
6.28847 9.27952 0 1.1711 11.3281 
0 2.0067 0 0 0.443185 19.3616 0 
19.6104 7.17253 68.8905 45.0935 
11.1739 11.1739 48.9547 49.8758 
6.28847 9.27958 0 1.1711 11.3281 
0 2.0067 0 0 0.443185 19.3616 0 
19.6104 7.17252 68.8905 45.0936 
11.1739 11.1739 48.9547 49.8758 
6.28847 9.27957 0 1.1711 11.3281 
0 2.0067 0 0 0.443185 19.3616 0 
Estimating row 196 out of 308 for hessian
19.6099 7.17273 68.8911 45.0934 
11.1737 11.1737 48.9546 49.8758 
6.28847 9.27958 0 1.1711 11.3281 
0 2.0067 0 0 0.443185 19.3616 0 
19.6108 7.17232 68.8899 45.0937 
11.174 11.174 48.9548 49.8757 
6.28847 9.27956 0 1.1711 11.3281 
0 2.0067 0 0 0.443185 19.3616 0 
19.6103 7.17254 68.8905 45.0936 
11.1738 11.1738 48.9547 49.8758 
6.28847 9.27957 0 1.1711 11.3281 
0 2.0067 0 0 0.443185 19.3616 0 
19.6104 7.1725 68.8904 45.0936 
11.1739 11.1739 48.9547 49.8758 
6.28847 9.27957 0 1.1711 11.3281 
0 2.0067 0 0 0.443185 19.3616 0 
Estimating row 197 out of 308 for hessian
19.6103 7.17254 68.8907 45.0936 
11.1739 11.1739 48.9547 49.8757 
6.28847 9.27953 0 1.1711 11.3281 
0 2.0067 0 0 0.443185 19.3616 0 
19.6105 7.17251 68.8902 45.0936 
11.1738 11.1738 48.9548 49.8758 
6.28847 9.27961 0 1.1711 11.3281 
0 2.0067 0 0 0.443185 19.3616 0 
19.6104 7.17252 68.8905 45.0936 
11.1739 11.1739 48.9547 49.8758 
6.28847 9.27957 0 1.1711 11.3281 
0 2.0067 0 0 0.443185 19.3616 0 
19.6104 7.17252 68.8904 45.0936 
11.1739 11.1739 48.9547 49.8758 
6.28847 9.27958 0 1.1711 11.3281 
0 2.0067 0 0 0.443185 19.3616 0 
Estimating row 198 out of 308 for hessian
19.6104 7.17251 68.8902 45.0936 
11.1741 11.1741 48.9549 49.8757 
6.28847 9.27949 0 1.1711 11.3281 
0 2.0067 0 0 0.443185 19.3616 0 
19.6104 7.17254 68.8907 45.0936 
11.1737 11.1737 48.9546 49.8758 
6.28847 9.27965 0 1.1711 11.3281 
0 2.0067 0 0 0.443185 19.3616 0 
19.6104 7.17252 68.8904 45.0936 
11.1739 11.1739 48.9547 49.8758 
6.28847 9.27956 0 1.1711 11.3281 
0 2.0067 0 0 0.443185 19.3616 0 
19.6104 7.17252 68.8905 45.0936 
11.1738 11.1738 48.9547 49.8758 
6.28847 9.27958 0 1.1711 11.3281 
0 2.0067 0 0 0.443185 19.3616 0 
Estimating row 199 out of 308 for hessian
19.6104 7.17253 68.8901 45.0936 
11.1741 11.1741 48.9548 49.8758 
6.28847 9.2795 0 1.1711 11.3281 
0 2.0067 0 0 0.443185 19.3616 0 
19.6103 7.17252 68.8909 45.0935 
11.1736 11.1736 48.9546 49.8758 
6.28847 9.27964 0 1.1711 11.3281 
0 2.0067 0 0 0.443185 19.3616 0 
19.6104 7.17252 68.8904 45.0936 
11.1739 11.1739 48.9547 49.8758 
6.28847 9.27956 0 1.1711 11.3281 
0 2.0067 0 0 0.443185 19.3616 0 
19.6104 7.17252 68.8905 45.0936 
11.1738 11.1738 48.9547 49.8758 
6.28847 9.27958 0 1.1711 11.3281 
0 2.0067 0 0 0.443185 19.3616 0 
Estimating row 200 out of 308 for hessian
19.6105 7.17252 68.8905 45.0937 
11.1739 11.1739 48.9546 49.8757 
6.28847 9.27946 0 1.1711 11.3281 
0 2.0067 0 0 0.443185 19.3616 0 
19.6103 7.17252 68.8904 45.0934 
11.1738 11.1738 48.9548 49.8758 
6.28847 9.27968 0 1.1711 11.3281 
0 2.0067 0 0 0.443185 19.3616 0 
19.6104 7.17252 68.8905 45.0936 
11.1739 11.1739 48.9547 49.8758 
6.28847 9.27956 0 1.1711 11.3281 
0 2.0067 0 0 0.443185 19.3616 0 
19.6104 7.17252 68.8905 45.0936 
11.1739 11.1739 48.9547 49.8758 
6.28847 9.27958 0 1.1711 11.3281 
0 2.0067 0 0 0.443185 19.3616 0 
Estimating row 201 out of 308 for hessian
19.6105 7.17249 68.8908 45.0935 
11.1737 11.1737 48.9546 49.8757 
6.28847 9.2795 0 1.1711 11.3281 
0 2.0067 0 0 0.443185 19.3616 0 
19.6103 7.17256 68.8901 45.0936 
11.174 11.174 48.9548 49.8758 
6.28847 9.27964 0 1.1711 11.3281 
0 2.0067 0 0 0.443185 19.3616 0 
19.6104 7.17252 68.8905 45.0936 
11.1738 11.1738 48.9547 49.8758 
6.28847 9.27956 0 1.1711 11.3281 
0 2.0067 0 0 0.443185 19.3616 0 
19.6104 7.17253 68.8904 45.0936 
11.1739 11.1739 48.9547 49.8758 
6.28847 9.27958 0 1.1711 11.3281 
0 2.0067 0 0 0.443185 19.3616 0 
Estimating row 202 out of 308 for hessian
19.6104 7.17279 68.8908 45.0932 
11.1735 11.1735 48.9548 49.8758 
6.28847 9.27947 0 1.1711 11.3281 
0 2.0067 0 0 0.443185 19.3616 0 
19.6104 7.17225 68.8902 45.0939 
11.1742 11.1742 48.9546 49.8757 
6.28847 9.27967 0 1.1711 11.3281 
0 2.0067 0 0 0.443185 19.3616 0 
19.6104 7.17255 68.8905 45.0935 
11.1738 11.1738 48.9547 49.8758 
6.28847 9.27956 0 1.1711 11.3281 
0 2.0067 0 0 0.443185 19.3616 0 
19.6104 7.1725 68.8904 45.0936 
11.1739 11.1739 48.9547 49.8758 
6.28847 9.27958 0 1.1711 11.3281 
0 2.0067 0 0 0.443185 19.3616 0 
Estimating row 203 out of 308 for hessian
19.6103 7.17309 68.8893 45.0937 
11.1744 11.1744 48.9549 49.8757 
6.28847 9.27934 0 1.1711 11.3281 
0 2.0067 0 0 0.443185 19.3616 0 
19.6105 7.17196 68.8916 45.0934 
11.1733 11.1733 48.9545 49.8758 
6.28847 9.27981 0 1.1711 11.3281 
0 2.0067 0 0 0.443185 19.3616 0 
19.6104 7.17258 68.8904 45.0936 
11.1739 11.1739 48.9547 49.8758 
6.28847 9.27955 0 1.1711 11.3281 
0 2.0067 0 0 0.443185 19.3616 0 
19.6104 7.17247 68.8906 45.0936 
11.1738 11.1738 48.9547 49.8758 
6.28847 9.27959 0 1.1711 11.3281 
0 2.0067 0 0 0.443185 19.3616 0 
Estimating row 204 out of 308 for hessian
19.6104 7.17312 68.8898 45.0938 
11.174 11.174 48.9545 49.8759 
6.28847 9.27931 0 1.1711 11.3281 
0 2.0067 0 0 0.443185 19.3616 0 
19.6104 7.17192 68.8911 45.0934 
11.1737 11.1737 48.9549 49.8757 
6.28847 9.27983 0 1.1711 11.3281 
0 2.0067 0 0 0.443185 19.3616 0 
19.6104 7.17258 68.8904 45.0936 
11.1739 11.1739 48.9547 49.8758 
6.28847 9.27955 0 1.1711 11.3281 
0 2.0067 0 0 0.443185 19.3616 0 
19.6104 7.17246 68.8905 45.0936 
11.1738 11.1738 48.9547 49.8758 
6.28847 9.2796 0 1.1711 11.3281 
0 2.0067 0 0 0.443185 19.3616 0 
Estimating row 205 out of 308 for hessian
19.6105 7.17246 68.8904 45.0936 
11.1738 11.1738 48.9547 49.8758 
6.28847 9.27961 0 1.1711 11.3281 
0 2.0067 0 0 0.443185 19.3616 0 
19.6103 7.17259 68.8906 45.0936 
11.1739 11.1739 48.9547 49.8758 
6.28847 9.27953 0 1.1711 11.3281 
0 2.0067 0 0 0.443185 19.3616 0 
19.6104 7.17252 68.8905 45.0936 
11.1739 11.1739 48.9547 49.8758 
6.28847 9.27957 0 1.1711 11.3281 
0 2.0067 0 0 0.443185 19.3616 0 
19.6104 7.17253 68.8905 45.0936 
11.1739 11.1739 48.9547 49.8758 
6.28847 9.27957 0 1.1711 11.3281 
0 2.0067 0 0 0.443185 19.3616 0 
Estimating row 206 out of 308 for hessian
19.6105 7.17242 68.8904 45.0936 
11.1738 11.1738 48.9547 49.8758 
6.28847 9.27961 0 1.1711 11.3281 
0 2.0067 0 0 0.443185 19.3616 0 
19.6103 7.17263 68.8905 45.0936 
11.1739 11.1739 48.9547 49.8758 
6.28847 9.27953 0 1.1711 11.3281 
0 2.0067 0 0 0.443185 19.3616 0 
19.6104 7.17251 68.8905 45.0936 
11.1739 11.1739 48.9547 49.8758 
6.28847 9.27957 0 1.1711 11.3281 
0 2.0067 0 0 0.443185 19.3616 0 
19.6104 7.17253 68.8905 45.0936 
11.1739 11.1739 48.9547 49.8758 
6.28847 9.27957 0 1.1711 11.3281 
0 2.0067 0 0 0.443185 19.3616 0 
Estimating row 207 out of 308 for hessian
19.6105 7.17243 68.8905 45.0936 
11.1738 11.1738 48.9547 49.8758 
6.28847 9.27961 0 1.1711 11.3281 
0 2.0067 0 0 0.443185 19.3616 0 
19.6103 7.17261 68.8905 45.0936 
11.1739 11.1739 48.9547 49.8758 
6.28847 9.27953 0 1.1711 11.3281 
0 2.0067 0 0 0.443185 19.3616 0 
19.6104 7.17251 68.8905 45.0936 
11.1739 11.1739 48.9547 49.8758 
6.28847 9.27957 0 1.1711 11.3281 
0 2.0067 0 0 0.443185 19.3616 0 
19.6104 7.17253 68.8905 45.0936 
11.1739 11.1739 48.9547 49.8758 
6.28847 9.27957 0 1.1711 11.3281 
0 2.0067 0 0 0.443185 19.3616 0 
Estimating row 208 out of 308 for hessian
19.61 7.17244 68.8909 45.0935 
11.1738 11.1738 48.9547 49.8758 
6.28847 9.27961 0 1.1711 11.3281 
0 2.0067 0 0 0.443185 19.3616 0 
19.6107 7.1726 68.89 45.0936 
11.1739 11.1739 48.9547 49.8758 
6.28847 9.27953 0 1.1711 11.3281 
0 2.0067 0 0 0.443185 19.3616 0 
19.6104 7.17252 68.8905 45.0936 
11.1739 11.1739 48.9547 49.8758 
6.28847 9.27957 0 1.1711 11.3281 
0 2.0067 0 0 0.443185 19.3616 0 
19.6104 7.17253 68.8904 45.0936 
11.1739 11.1739 48.9547 49.8758 
6.28847 9.27957 0 1.1711 11.3281 
0 2.0067 0 0 0.443185 19.3616 0 
Estimating row 209 out of 308 for hessian
19.6099 7.17241 68.8911 45.0935 
11.1738 11.1738 48.9547 49.8758 
6.28847 9.27961 0 1.1711 11.3281 
0 2.0067 0 0 0.443185 19.3616 0 
19.6109 7.17264 68.8899 45.0936 
11.1739 11.1739 48.9547 49.8758 
6.28847 9.27953 0 1.1711 11.3281 
0 2.0067 0 0 0.443185 19.3616 0 
19.6103 7.17251 68.8905 45.0936 
11.1739 11.1739 48.9547 49.8758 
6.28847 9.27958 0 1.1711 11.3281 
0 2.0067 0 0 0.443185 19.3616 0 
19.6104 7.17253 68.8904 45.0936 
11.1739 11.1739 48.9547 49.8758 
6.28847 9.27957 0 1.1711 11.3281 
0 2.0067 0 0 0.443185 19.3616 0 
Estimating row 210 out of 308 for hessian
19.6102 7.1724 68.8907 45.0935 
11.1738 11.1738 48.9547 49.8758 
6.28847 9.27961 0 1.1711 11.3281 
0 2.0067 0 0 0.443185 19.3616 0 
19.6105 7.17264 68.8902 45.0936 
11.1739 11.1739 48.9547 49.8758 
6.28847 9.27953 0 1.1711 11.3281 
0 2.0067 0 0 0.443185 19.3616 0 
19.6104 7.17251 68.8905 45.0936 
11.1739 11.1739 48.9547 49.8758 
6.28847 9.27958 0 1.1711 11.3281 
0 2.0067 0 0 0.443185 19.3616 0 
19.6104 7.17254 68.8904 45.0936 
11.1739 11.1739 48.9547 49.8758 
6.28847 9.27957 0 1.1711 11.3281 
0 2.0067 0 0 0.443185 19.3616 0 
Estimating row 211 out of 308 for hessian
19.6104 7.17249 68.8905 45.0936 
11.1739 11.1739 48.9547 49.8758 
6.28847 9.27958 0 1.1711 11.3281 
0 2.0067 0 0 0.443185 19.3616 0 
19.6104 7.17256 68.8905 45.0936 
11.1739 11.1739 48.9547 49.8758 
6.28847 9.27956 0 1.1711 11.3281 
0 2.0067 0 0 0.443185 19.3616 0 
19.6104 7.17252 68.8905 45.0936 
11.1739 11.1739 48.9547 49.8758 
6.28847 9.27957 0 1.1711 11.3281 
0 2.0067 0 0 0.443185 19.3616 0 
19.6104 7.17253 68.8905 45.0936 
11.1739 11.1739 48.9547 49.8758 
6.28847 9.27957 0 1.1711 11.3281 
0 2.0067 0 0 0.443185 19.3616 0 
Estimating row 212 out of 308 for hessian
19.6111 7.16993 68.8927 45.0945 
11.1724 11.1724 48.9546 49.8758 
6.28847 9.28086 0 1.17014 11.3281 
0 2.0067 0 0 0.443185 19.3616 0 
19.6097 7.17512 68.8882 45.0927 
11.1753 11.1753 48.9548 49.8757 
6.28847 9.27828 0 1.17205 11.3281 
0 2.0067 0 0 0.443185 19.3616 0 
19.6105 7.17226 68.8907 45.0937 
11.1737 11.1737 48.9547 49.8758 
6.28847 9.2797 0 1.171 11.3281 
0 2.0067 0 0 0.443185 19.3616 0 
19.6103 7.17278 68.8902 45.0935 
11.174 11.174 48.9547 49.8758 
6.28847 9.27944 0 1.17119 11.3281 
0 2.0067 0 0 0.443185 19.3616 0 
Estimating row 213 out of 308 for hessian
19.6104 7.16968 68.8905 45.0925 
11.174 11.174 48.9546 49.8758 
6.28847 9.28007 0 1.1711 11.3315 
0 2.0067 0 0 0.443185 19.3616 0 
19.6104 7.17537 68.8905 45.0947 
11.1737 11.1737 48.9548 49.8757 
6.28847 9.27907 0 1.1711 11.3248 
0 2.0067 0 0 0.443185 19.3616 0 
19.6104 7.17224 68.8905 45.0935 
11.1739 11.1739 48.9547 49.8758 
6.28847 9.27962 0 1.1711 11.3285 
0 2.0067 0 0 0.443185 19.3616 0 
19.6104 7.17281 68.8905 45.0937 
11.1738 11.1738 48.9547 49.8758 
6.28847 9.27952 0 1.1711 11.3278 
0 2.0067 0 0 0.443185 19.3616 0 
Estimating row 214 out of 308 for hessian
19.6104 7.17252 68.8905 45.0936 
11.1739 11.1739 48.9547 49.8758 
6.28847 9.27957 0 1.1711 11.3281 
0 2.0067 0 0 0.443185 19.3616 0 
19.6104 7.17252 68.8905 45.0936 
11.1739 11.1739 48.9547 49.8758 
6.28847 9.27957 0 1.1711 11.3281 
0 2.0067 0 0 0.443185 19.3616 0 
19.6104 7.17252 68.8905 45.0936 
11.1739 11.1739 48.9547 49.8758 
6.28847 9.27957 0 1.1711 11.3281 
0 2.0067 0 0 0.443185 19.3616 0 
19.6104 7.17252 68.8905 45.0936 
11.1739 11.1739 48.9547 49.8758 
6.28847 9.27957 0 1.1711 11.3281 
0 2.0067 0 0 0.443185 19.3616 0 
Estimating row 215 out of 308 for hessian
19.6103 7.17257 68.8907 45.0934 
11.1738 11.1738 48.955 49.8756 
6.28847 9.27956 0 1.1711 11.3281 
0 2.0067 0 0 0.443185 19.3616 0 
19.6104 7.17248 68.8903 45.0938 
11.1739 11.1739 48.9545 49.8759 
6.28847 9.27959 0 1.1711 11.3281 
0 2.0067 0 0 0.443185 19.3616 0 
19.6104 7.17253 68.8905 45.0936 
11.1739 11.1739 48.9547 49.8758 
6.28847 9.27957 0 1.1711 11.3281 
0 2.0067 0 0 0.443185 19.3616 0 
19.6104 7.17252 68.8904 45.0936 
11.1739 11.1739 48.9547 49.8758 
6.28847 9.27957 0 1.1711 11.3281 
0 2.0067 0 0 0.443185 19.3616 0 
Estimating row 216 out of 308 for hessian
19.6103 7.17261 68.8907 45.0935 
11.1737 11.1737 48.9545 49.8758 
6.28847 9.27955 0 1.1711 11.3281 
0 2.0067 0 0 0.443185 19.3616 0 
19.6104 7.17244 68.8902 45.0936 
11.174 11.174 48.9549 49.8757 
6.28847 9.27959 0 1.1711 11.3281 
0 2.0067 0 0 0.443185 19.3616 0 
19.6104 7.17253 68.8905 45.0936 
11.1738 11.1738 48.9547 49.8758 
6.28847 9.27957 0 1.1711 11.3281 
0 2.0067 0 0 0.443185 19.3616 0 
19.6104 7.17252 68.8904 45.0936 
11.1739 11.1739 48.9547 49.8758 
6.28847 9.27957 0 1.1711 11.3281 
0 2.0067 0 0 0.443185 19.3616 0 
Estimating row 217 out of 308 for hessian
19.6104 7.17237 68.8905 45.0941 
11.1734 11.1734 48.9549 49.8756 
6.28847 9.27965 0 1.1711 11.3281 
0 2.0067 0 0 0.443185 19.3616 0 
19.6104 7.17268 68.8905 45.093 
11.1744 11.1744 48.9546 49.8759 
6.28847 9.27949 0 1.1711 11.3281 
0 2.0067 0 0 0.443185 19.3616 0 
19.6104 7.17251 68.8905 45.0936 
11.1738 11.1738 48.9547 49.8758 
6.28847 9.27958 0 1.1711 11.3281 
0 2.0067 0 0 0.443185 19.3616 0 
19.6104 7.17254 68.8905 45.0935 
11.1739 11.1739 48.9547 49.8758 
6.28847 9.27956 0 1.1711 11.3281 
0 2.0067 0 0 0.443185 19.3616 0 
Estimating row 218 out of 308 for hessian
19.6104 7.17252 68.8905 45.0936 
11.1737 11.1737 48.9547 49.8758 
6.28847 9.27975 0 1.1711 11.3281 
0 2.0067 0 0 0.443188 19.3616 0 
19.6104 7.17252 68.8905 45.0936 
11.174 11.174 48.9547 49.8758 
6.28847 9.27939 0 1.1711 11.3281 
0 2.0067 0 0 0.443181 19.3616 0 
19.6104 7.17252 68.8905 45.0936 
11.1738 11.1738 48.9547 49.8758 
6.28847 9.27959 0 1.1711 11.3281 
0 2.0067 0 0 0.443185 19.3616 0 
19.6104 7.17252 68.8905 45.0936 
11.1739 11.1739 48.9547 49.8758 
6.28847 9.27955 0 1.1711 11.3281 
0 2.0067 0 0 0.443184 19.3616 0 
Estimating row 219 out of 308 for hessian
19.6104 7.17252 68.8905 45.0936 
11.1737 11.1737 48.9547 49.8758 
6.28847 9.27979 0 1.1711 11.3281 
0 2.0067 0 0 0.443177 19.3616 0 
19.6104 7.17252 68.8905 45.0936 
11.1741 11.1741 48.9547 49.8758 
6.28847 9.27935 0 1.1711 11.3281 
0 2.0067 0 0 0.443192 19.3616 0 
19.6104 7.17252 68.8905 45.0936 
11.1738 11.1738 48.9547 49.8758 
6.28847 9.27959 0 1.1711 11.3281 
0 2.0067 0 0 0.443184 19.3616 0 
19.6104 7.17252 68.8905 45.0936 
11.1739 11.1739 48.9547 49.8758 
6.28847 9.27955 0 1.1711 11.3281 
0 2.0067 0 0 0.443185 19.3616 0 
Estimating row 220 out of 308 for hessian
19.6104 7.17252 68.8905 45.0936 
11.1738 11.1738 48.9547 49.8758 
6.28847 9.2797 0 1.1711 11.3281 
0 2.0067 0 0 0.443189 19.3616 0 
19.6104 7.17253 68.8905 45.0936 
11.1739 11.1739 48.9548 49.8758 
6.28847 9.27944 0 1.1711 11.3281 
0 2.0067 0 0 0.443181 19.3616 0 
19.6104 7.17252 68.8905 45.0936 
11.1739 11.1739 48.9547 49.8758 
6.28847 9.27958 0 1.1711 11.3281 
0 2.0067 0 0 0.443185 19.3616 0 
19.6104 7.17252 68.8905 45.0936 
11.1739 11.1739 48.9547 49.8758 
6.28847 9.27956 0 1.1711 11.3281 
0 2.0067 0 0 0.443184 19.3616 0 
Estimating row 221 out of 308 for hessian
19.6104 7.17251 68.8905 45.0936 
11.1739 11.1739 48.9546 49.8758 
6.28847 9.27964 0 1.1711 11.3281 
0 2.0067 0 0 0.443187 19.3616 0 
19.6104 7.17253 68.8905 45.0936 
11.1738 11.1738 48.9548 49.8758 
6.28847 9.2795 0 1.1711 11.3281 
0 2.0067 0 0 0.443182 19.3616 0 
19.6104 7.17252 68.8905 45.0936 
11.1739 11.1739 48.9547 49.8758 
6.28847 9.27958 0 1.1711 11.3281 
0 2.0067 0 0 0.443185 19.3616 0 
19.6104 7.17252 68.8905 45.0936 
11.1739 11.1739 48.9547 49.8758 
6.28847 9.27956 0 1.1711 11.3281 
0 2.0067 0 0 0.443184 19.3616 0 
Estimating row 222 out of 308 for hessian
19.6104 7.17253 68.8905 45.0936 
11.1739 11.1739 48.9546 49.8758 
6.28847 9.27957 0 1.1711 11.3281 
0 2.0067 0 0 0.443181 19.3616 0 
19.6104 7.17252 68.8905 45.0936 
11.1738 11.1738 48.9548 49.8758 
6.28847 9.27957 0 1.1711 11.3281 
0 2.0067 0 0 0.443188 19.3616 0 
19.6104 7.17252 68.8905 45.0936 
11.1739 11.1739 48.9547 49.8758 
6.28847 9.27957 0 1.1711 11.3281 
0 2.0067 0 0 0.443184 19.3616 0 
19.6104 7.17252 68.8905 45.0936 
11.1739 11.1739 48.9547 49.8758 
6.28847 9.27957 0 1.1711 11.3281 
0 2.0067 0 0 0.443185 19.3616 0 
Estimating row 223 out of 308 for hessian
19.6104 7.17253 68.8905 45.0936 
11.1737 11.1737 48.9547 49.8758 
6.28847 9.27965 0 1.1711 11.3281 
0 2.0067 0 0 0.443187 19.3616 0 
19.6104 7.17252 68.8905 45.0935 
11.174 11.174 48.9547 49.8758 
6.28847 9.2795 0 1.1711 11.3281 
0 2.0067 0 0 0.443183 19.3616 0 
19.6104 7.17252 68.8905 45.0936 
11.1738 11.1738 48.9547 49.8758 
6.28847 9.27958 0 1.1711 11.3281 
0 2.0067 0 0 0.443185 19.3616 0 
19.6104 7.17252 68.8905 45.0936 
11.1739 11.1739 48.9547 49.8758 
6.28847 9.27956 0 1.1711 11.3281 
0 2.0067 0 0 0.443184 19.3616 0 
Estimating row 224 out of 308 for hessian
19.6104 7.17252 68.8905 45.0936 
11.1736 11.1736 48.9547 49.8758 
6.28847 9.27975 0 1.1711 11.3281 
0 2.0067 0 0 0.443185 19.3616 0 
19.6104 7.17252 68.8905 45.0936 
11.1741 11.1741 48.9547 49.8758 
6.28847 9.27939 0 1.1711 11.3281 
0 2.0067 0 0 0.443184 19.3616 0 
19.6104 7.17252 68.8905 45.0936 
11.1738 11.1738 48.9547 49.8758 
6.28847 9.27959 0 1.1711 11.3281 
0 2.0067 0 0 0.443185 19.3616 0 
19.6104 7.17252 68.8905 45.0936 
11.1739 11.1739 48.9547 49.8758 
6.28847 9.27955 0 1.1711 11.3281 
0 2.0067 0 0 0.443185 19.3616 0 
Estimating row 225 out of 308 for hessian
19.6104 7.17252 68.8905 45.0936 
11.1736 11.1736 48.9547 49.8758 
6.28847 9.27976 0 1.1711 11.3281 
0 2.0067 0 0 0.44318 19.3616 0 
19.6104 7.17252 68.8905 45.0935 
11.1741 11.1741 48.9547 49.8758 
6.28847 9.27938 0 1.1711 11.3281 
0 2.0067 0 0 0.443189 19.3616 0 
19.6104 7.17252 68.8905 45.0936 
11.1738 11.1738 48.9547 49.8758 
6.28847 9.27959 0 1.1711 11.3281 
0 2.0067 0 0 0.443184 19.3616 0 
19.6104 7.17252 68.8905 45.0936 
11.1739 11.1739 48.9547 49.8758 
6.28847 9.27955 0 1.1711 11.3281 
0 2.0067 0 0 0.443185 19.3616 0 
Estimating row 226 out of 308 for hessian
19.6104 7.17252 68.8905 45.0936 
11.1738 11.1738 48.9548 49.8758 
6.28847 9.27948 0 1.1711 11.3281 
0 2.0067 0 0 0.443192 19.3616 0 
19.6104 7.17253 68.8905 45.0935 
11.1739 11.1739 48.9546 49.8757 
6.28847 9.27966 0 1.1711 11.3281 
0 2.0067 0 0 0.443178 19.3616 0 
19.6104 7.17252 68.8905 45.0936 
11.1739 11.1739 48.9547 49.8758 
6.28847 9.27956 0 1.1711 11.3281 
0 2.0067 0 0 0.443185 19.3616 0 
19.6104 7.17252 68.8905 45.0936 
11.1739 11.1739 48.9547 49.8758 
6.28847 9.27958 0 1.1711 11.3281 
0 2.0067 0 0 0.443184 19.3616 0 
Estimating row 227 out of 308 for hessian
19.6104 7.17253 68.8905 45.0936 
11.1738 11.1738 48.9546 49.8758 
6.28847 9.2797 0 1.1711 11.3281 
0 2.0067 0 0 0.443177 19.3616 0 
19.6104 7.17252 68.8905 45.0936 
11.1739 11.1739 48.9548 49.8758 
6.28847 9.27944 0 1.1711 11.3281 
0 2.0067 0 0 0.443193 19.3616 0 
19.6104 7.17252 68.8905 45.0936 
11.1739 11.1739 48.9547 49.8758 
6.28847 9.27958 0 1.1711 11.3281 
0 2.0067 0 0 0.443184 19.3616 0 
19.6104 7.17252 68.8905 45.0936 
11.1739 11.1739 48.9547 49.8758 
6.28847 9.27956 0 1.1711 11.3281 
0 2.0067 0 0 0.443185 19.3616 0 
Estimating row 228 out of 308 for hessian
19.6104 7.17252 68.8905 45.0936 
11.1739 11.1739 48.9548 49.8758 
6.28847 9.27939 0 1.1711 11.3281 
0 2.0067 0 0 0.443192 19.3616 0 
19.6104 7.17252 68.8905 45.0936 
11.1738 11.1738 48.9546 49.8758 
6.28847 9.27975 0 1.1711 11.3281 
0 2.0067 0 0 0.443177 19.3616 0 
19.6104 7.17252 68.8905 45.0936 
11.1739 11.1739 48.9547 49.8758 
6.28847 9.27955 0 1.1711 11.3281 
0 2.0067 0 0 0.443185 19.3616 0 
19.6104 7.17252 68.8905 45.0936 
11.1739 11.1739 48.9547 49.8758 
6.28847 9.27959 0 1.1711 11.3281 
0 2.0067 0 0 0.443184 19.3616 0 
Estimating row 229 out of 308 for hessian
19.6104 7.17252 68.8905 45.0936 
11.1739 11.1739 48.9548 49.8757 
6.28847 9.27949 0 1.1711 11.3281 
0 2.0067 0 0 0.44318 19.3616 0 
19.6104 7.17253 68.8905 45.0936 
11.1739 11.1739 48.9546 49.8758 
6.28847 9.27965 0 1.1711 11.3281 
0 2.0067 0 0 0.44319 19.3616 0 
19.6104 7.17252 68.8905 45.0936 
11.1739 11.1739 48.9547 49.8758 
6.28847 9.27956 0 1.1711 11.3281 
0 2.0067 0 0 0.443184 19.3616 0 
19.6104 7.17252 68.8905 45.0936 
11.1739 11.1739 48.9547 49.8758 
6.28847 9.27958 0 1.1711 11.3281 
0 2.0067 0 0 0.443185 19.3616 0 
Estimating row 230 out of 308 for hessian
19.6104 7.17253 68.8905 45.0936 
11.1739 11.1739 48.9548 49.8758 
6.28847 9.27949 0 1.1711 11.3281 
0 2.0067 0 0 0.443187 19.3616 0 
19.6104 7.17252 68.8905 45.0936 
11.1739 11.1739 48.9546 49.8758 
6.28847 9.27966 0 1.1711 11.3281 
0 2.0067 0 0 0.443182 19.3616 0 
19.6104 7.17252 68.8905 45.0936 
11.1739 11.1739 48.9547 49.8758 
6.28847 9.27956 0 1.1711 11.3281 
0 2.0067 0 0 0.443185 19.3616 0 
19.6104 7.17252 68.8905 45.0936 
11.1739 11.1739 48.9547 49.8758 
6.28847 9.27958 0 1.1711 11.3281 
0 2.0067 0 0 0.443184 19.3616 0 
Estimating row 231 out of 308 for hessian
19.6104 7.17253 68.8905 45.0936 
11.1739 11.1739 48.9548 49.8758 
6.28847 9.27942 0 1.1711 11.3281 
0 2.0067 0 0 0.443183 19.3616 0 
19.6104 7.17252 68.8905 45.0936 
11.1738 11.1738 48.9547 49.8757 
6.28847 9.27972 0 1.1711 11.3281 
0 2.0067 0 0 0.443187 19.3616 0 
19.6104 7.17252 68.8905 45.0936 
11.1739 11.1739 48.9547 49.8758 
6.28847 9.27956 0 1.1711 11.3281 
0 2.0067 0 0 0.443185 19.3616 0 
19.6104 7.17252 68.8905 45.0936 
11.1739 11.1739 48.9547 49.8758 
6.28847 9.27959 0 1.1711 11.3281 
0 2.0067 0 0 0.443185 19.3616 0 
Estimating row 232 out of 308 for hessian
19.6104 7.17253 68.8905 45.0936 
11.1739 11.1739 48.9548 49.8758 
6.28847 9.27946 0 1.1711 11.3281 
0 2.0067 0 0 0.443186 19.3616 0 
19.6104 7.17252 68.8905 45.0936 
11.1738 11.1738 48.9547 49.8758 
6.28847 9.27968 0 1.1711 11.3281 
0 2.0067 0 0 0.443183 19.3616 0 
19.6104 7.17252 68.8905 45.0936 
11.1739 11.1739 48.9547 49.8758 
6.28847 9.27956 0 1.1711 11.3281 
0 2.0067 0 0 0.443185 19.3616 0 
19.6104 7.17252 68.8905 45.0936 
11.1739 11.1739 48.9547 49.8758 
6.28847 9.27958 0 1.1711 11.3281 
0 2.0067 0 0 0.443185 19.3616 0 
Estimating row 233 out of 308 for hessian
19.6104 7.17252 68.8905 45.0936 
11.1738 11.1738 48.9548 49.8758 
6.28847 9.27962 0 1.1711 11.3281 
0 2.0067 0 0 0.44318 19.3616 0 
19.6104 7.17253 68.8905 45.0936 
11.1739 11.1739 48.9547 49.8758 
6.28847 9.27953 0 1.1711 11.3281 
0 2.0067 0 0 0.44319 19.3616 0 
19.6104 7.17252 68.8905 45.0936 
11.1739 11.1739 48.9547 49.8758 
6.28847 9.27958 0 1.1711 11.3281 
0 2.0067 0 0 0.443184 19.3616 0 
19.6104 7.17252 68.8905 45.0936 
11.1739 11.1739 48.9547 49.8758 
6.28847 9.27957 0 1.1711 11.3281 
0 2.0067 0 0 0.443185 19.3616 0 
Estimating row 234 out of 308 for hessian
19.6104 7.17252 68.8905 45.0936 
11.1738 11.1738 48.9547 49.8757 
6.28847 9.27966 0 1.1711 11.3281 
0 2.0067 0 0 0.443196 19.3616 0 
19.6104 7.17252 68.8905 45.0936 
11.1739 11.1739 48.9547 49.8758 
6.28847 9.27948 0 1.1711 11.3281 
0 2.0067 0 0 0.443174 19.3616 0 
19.6104 7.17252 68.8905 45.0936 
11.1739 11.1739 48.9547 49.8758 
6.28847 9.27958 0 1.1711 11.3281 
0 2.0067 0 0 0.443186 19.3616 0 
19.6104 7.17252 68.8905 45.0936 
11.1739 11.1739 48.9547 49.8758 
6.28847 9.27956 0 1.1711 11.3281 
0 2.0067 0 0 0.443184 19.3616 0 
Estimating row 235 out of 308 for hessian
19.6104 7.17253 68.8905 45.0935 
11.1739 11.1739 48.9547 49.8758 
6.28847 9.27961 0 1.1711 11.3281 
0 2.0067 0 0 0.443177 19.3616 0 
19.6104 7.17251 68.8905 45.0936 
11.1739 11.1739 48.9547 49.8758 
6.28847 9.27954 0 1.1711 11.3281 
0 2.0067 0 0 0.443192 19.3616 0 
19.6104 7.17252 68.8905 45.0936 
11.1739 11.1739 48.9547 49.8758 
6.28847 9.27957 0 1.1711 11.3281 
0 2.0067 0 0 0.443184 19.3616 0 
19.6104 7.17252 68.8905 45.0936 
11.1739 11.1739 48.9547 49.8758 
6.28847 9.27957 0 1.1711 11.3281 
0 2.0067 0 0 0.443185 19.3616 0 
Estimating row 236 out of 308 for hessian
19.6104 7.17254 68.8905 45.0935 
11.1739 11.1739 48.9547 49.8758 
6.28847 9.2795 0 1.1711 11.3281 
0 2.0067 0 0 0.443183 19.3616 0 
19.6104 7.17251 68.8905 45.0936 
11.1738 11.1738 48.9547 49.8757 
6.28847 9.27965 0 1.1711 11.3281 
0 2.0067 0 0 0.443186 19.3616 0 
19.6104 7.17252 68.8905 45.0936 
11.1739 11.1739 48.9547 49.8758 
6.28847 9.27956 0 1.1711 11.3281 
0 2.0067 0 0 0.443185 19.3616 0 
19.6104 7.17252 68.8905 45.0936 
11.1739 11.1739 48.9547 49.8758 
6.28847 9.27958 0 1.1711 11.3281 
0 2.0067 0 0 0.443185 19.3616 0 
Estimating row 237 out of 308 for hessian
19.6104 7.17253 68.8905 45.0936 
11.174 11.174 48.9547 49.8758 
6.28847 9.27938 0 1.1711 11.3281 
0 2.0067 0 0 0.443187 19.3616 0 
19.6104 7.17252 68.8905 45.0936 
11.1737 11.1737 48.9547 49.8757 
6.28847 9.27977 0 1.1711 11.3281 
0 2.0067 0 0 0.443182 19.3616 0 
19.6104 7.17252 68.8905 45.0936 
11.1739 11.1739 48.9547 49.8758 
6.28847 9.27955 0 1.1711 11.3281 
0 2.0067 0 0 0.443185 19.3616 0 
19.6104 7.17252 68.8905 45.0936 
11.1738 11.1738 48.9547 49.8758 
6.28847 9.27959 0 1.1711 11.3281 
0 2.0067 0 0 0.443184 19.3616 0 
Estimating row 238 out of 308 for hessian
19.6104 7.17252 68.8905 45.0936 
11.174 11.174 48.9547 49.8758 
6.28847 9.27949 0 1.1711 11.3281 
0 2.0067 0 0 0.443188 19.3616 0 
19.6104 7.17252 68.8905 45.0936 
11.1737 11.1737 48.9547 49.8758 
6.28847 9.27965 0 1.1711 11.3281 
0 2.0067 0 0 0.443181 19.3616 0 
19.6104 7.17252 68.8905 45.0936 
11.1739 11.1739 48.9547 49.8758 
6.28847 9.27956 0 1.1711 11.3281 
0 2.0067 0 0 0.443185 19.3616 0 
19.6104 7.17252 68.8905 45.0936 
11.1739 11.1739 48.9547 49.8758 
6.28847 9.27958 0 1.1711 11.3281 
0 2.0067 0 0 0.443184 19.3616 0 
Estimating row 239 out of 308 for hessian
19.6104 7.17252 68.8905 45.0935 
11.1739 11.1739 48.9547 49.8758 
6.28847 9.27959 0 1.1711 11.3281 
0 2.0067 0 0 0.443182 19.3616 0 
19.6104 7.17252 68.8905 45.0936 
11.1738 11.1738 48.9547 49.8758 
6.28847 9.27955 0 1.1711 11.3281 
0 2.0067 0 0 0.443188 19.3616 0 
19.6104 7.17252 68.8905 45.0936 
11.1739 11.1739 48.9547 49.8758 
6.28847 9.27957 0 1.1711 11.3281 
0 2.0067 0 0 0.443184 19.3616 0 
19.6104 7.17252 68.8905 45.0936 
11.1739 11.1739 48.9547 49.8758 
6.28847 9.27957 0 1.1711 11.3281 
0 2.0067 0 0 0.443185 19.3616 0 
Estimating row 240 out of 308 for hessian
19.6104 7.17253 68.8905 45.0936 
11.174 11.174 48.9547 49.8758 
6.28847 9.27943 0 1.1711 11.3281 
0 2.0067 0 0 0.443183 19.3616 0 
19.6104 7.17252 68.8905 45.0936 
11.1737 11.1737 48.9547 49.8758 
6.28847 9.27971 0 1.1711 11.3281 
0 2.0067 0 0 0.443186 19.3616 0 
19.6104 7.17252 68.8905 45.0936 
11.1739 11.1739 48.9547 49.8758 
6.28847 9.27956 0 1.1711 11.3281 
0 2.0067 0 0 0.443185 19.3616 0 
19.6104 7.17252 68.8905 45.0936 
11.1738 11.1738 48.9547 49.8758 
6.28847 9.27958 0 1.1711 11.3281 
0 2.0067 0 0 0.443185 19.3616 0 
Estimating row 241 out of 308 for hessian
19.6104 7.17253 68.8905 45.0936 
11.174 11.174 48.9546 49.8758 
6.28847 9.27951 0 1.1711 11.3281 
0 2.0067 0 0 0.443186 19.3616 0 
19.6104 7.17252 68.8905 45.0935 
11.1738 11.1738 48.9548 49.8757 
6.28847 9.27963 0 1.1711 11.3281 
0 2.0067 0 0 0.443184 19.3616 0 
19.6104 7.17252 68.8905 45.0936 
11.1739 11.1739 48.9547 49.8758 
6.28847 9.27956 0 1.1711 11.3281 
0 2.0067 0 0 0.443185 19.3616 0 
19.6104 7.17252 68.8905 45.0936 
11.1739 11.1739 48.9547 49.8758 
6.28847 9.27958 0 1.1711 11.3281 
0 2.0067 0 0 0.443185 19.3616 0 
Estimating row 242 out of 308 for hessian
19.6104 7.17253 68.8905 45.0936 
11.1739 11.1739 48.9546 49.8758 
6.28847 9.27965 0 1.1711 11.3281 
0 2.0067 0 0 0.443185 19.3616 0 
19.6104 7.17252 68.8905 45.0936 
11.1739 11.1739 48.9548 49.8758 
6.28847 9.27949 0 1.1711 11.3281 
0 2.0067 0 0 0.443185 19.3616 0 
19.6104 7.17252 68.8905 45.0936 
11.1739 11.1739 48.9547 49.8758 
6.28847 9.27958 0 1.1711 11.3281 
0 2.0067 0 0 0.443185 19.3616 0 
19.6104 7.17252 68.8905 45.0936 
11.1739 11.1739 48.9547 49.8758 
6.28847 9.27956 0 1.1711 11.3281 
0 2.0067 0 0 0.443185 19.3616 0 
Estimating row 243 out of 308 for hessian
19.6104 7.17252 68.8905 45.0936 
11.1738 11.1738 48.9546 49.8758 
6.28847 9.27972 0 1.1711 11.3281 
0 2.0067 0 0 0.443186 19.3616 0 
19.6104 7.17252 68.8905 45.0936 
11.1739 11.1739 48.9548 49.8758 
6.28847 9.27942 0 1.1711 11.3281 
0 2.0067 0 0 0.443183 19.3616 0 
19.6104 7.17252 68.8905 45.0936 
11.1739 11.1739 48.9547 49.8758 
6.28847 9.27959 0 1.1711 11.3281 
0 2.0067 0 0 0.443185 19.3616 0 
19.6104 7.17252 68.8905 45.0936 
11.1739 11.1739 48.9547 49.8758 
6.28847 9.27956 0 1.1711 11.3281 
0 2.0067 0 0 0.443185 19.3616 0 
Estimating row 244 out of 308 for hessian
19.6104 7.17252 68.8905 45.0936 
11.1739 11.1739 48.9546 49.8758 
6.28847 9.2796 0 1.1711 11.3281 
0 2.0067 0 0 0.443184 19.3616 0 
19.6104 7.17253 68.8905 45.0936 
11.1738 11.1738 48.9548 49.8758 
6.28847 9.27954 0 1.1711 11.3281 
0 2.0067 0 0 0.443185 19.3616 0 
19.6104 7.17252 68.8905 45.0936 
11.1739 11.1739 48.9547 49.8758 
6.28847 9.27957 0 1.1711 11.3281 
0 2.0067 0 0 0.443185 19.3616 0 
19.6104 7.17252 68.8905 45.0936 
11.1739 11.1739 48.9547 49.8758 
6.28847 9.27957 0 1.1711 11.3281 
0 2.0067 0 0 0.443185 19.3616 0 
Estimating row 245 out of 308 for hessian
19.6104 7.17252 68.8905 45.0936 
11.1738 11.1738 48.9547 49.8758 
6.28847 9.27965 0 1.1711 11.3281 
0 2.0067 0 0 0.443187 19.3616 0 
19.6104 7.17253 68.8905 45.0936 
11.1739 11.1739 48.9547 49.8758 
6.28847 9.2795 0 1.1711 11.3281 
0 2.0067 0 0 0.443182 19.3616 0 
19.6104 7.17252 68.8905 45.0936 
11.1739 11.1739 48.9547 49.8758 
6.28847 9.27958 0 1.1711 11.3281 
0 2.0067 0 0 0.443185 19.3616 0 
19.6104 7.17252 68.8905 45.0936 
11.1739 11.1739 48.9547 49.8758 
6.28847 9.27956 0 1.1711 11.3281 
0 2.0067 0 0 0.443184 19.3616 0 
Estimating row 246 out of 308 for hessian
19.6104 7.17252 68.8905 45.0936 
11.1737 11.1737 48.9547 49.8758 
6.28847 9.27969 0 1.1711 11.3281 
0 2.0067 0 0 0.443179 19.3616 0 
19.6104 7.17253 68.8905 45.0936 
11.174 11.174 48.9547 49.8758 
6.28847 9.27946 0 1.1711 11.3281 
0 2.0067 0 0 0.44319 19.3616 0 
19.6104 7.17252 68.8905 45.0936 
11.1738 11.1738 48.9547 49.8758 
6.28847 9.27958 0 1.1711 11.3281 
0 2.0067 0 0 0.443184 19.3616 0 
19.6104 7.17252 68.8905 45.0936 
11.1739 11.1739 48.9547 49.8758 
6.28847 9.27956 0 1.1711 11.3281 
0 2.0067 0 0 0.443185 19.3616 0 
Estimating row 247 out of 308 for hessian
19.6104 7.17252 68.8905 45.0936 
11.1738 11.1738 48.9547 49.8758 
6.28847 9.27956 0 1.1711 11.3281 
0 2.0067 0 0 0.443187 19.3616 0 
19.6104 7.17253 68.8905 45.0936 
11.1739 11.1739 48.9547 49.8758 
6.28847 9.27958 0 1.1711 11.3281 
0 2.0067 0 0 0.443182 19.3616 0 
19.6104 7.17252 68.8905 45.0936 
11.1739 11.1739 48.9547 49.8758 
6.28847 9.27957 0 1.1711 11.3281 
0 2.0067 0 0 0.443185 19.3616 0 
19.6104 7.17252 68.8905 45.0936 
11.1739 11.1739 48.9547 49.8758 
6.28847 9.27957 0 1.1711 11.3281 
0 2.0067 0 0 0.443184 19.3616 0 
Estimating row 248 out of 308 for hessian
19.6104 7.17252 68.8905 45.0936 
11.1738 11.1738 48.9547 49.8758 
6.28847 9.27959 0 1.1711 11.3281 
0 2.0067 0 0 0.443186 19.3616 0 
19.6104 7.17252 68.8905 45.0935 
11.1739 11.1739 48.9547 49.8758 
6.28847 9.27955 0 1.1711 11.3281 
0 2.0067 0 0 0.443184 19.3616 0 
19.6104 7.17252 68.8905 45.0936 
11.1739 11.1739 48.9547 49.8758 
6.28847 9.27957 0 1.1711 11.3281 
0 2.0067 0 0 0.443185 19.3616 0 
19.6104 7.17252 68.8905 45.0936 
11.1739 11.1739 48.9547 49.8758 
6.28847 9.27957 0 1.1711 11.3281 
0 2.0067 0 0 0.443185 19.3616 0 
Estimating row 249 out of 308 for hessian
19.6104 7.17253 68.8905 45.0936 
11.1739 11.1739 48.9547 49.8757 
6.28847 9.2796 0 1.1711 11.3281 
0 2.0067 0 0 0.443184 19.3616 0 
19.6104 7.17252 68.8905 45.0936 
11.1739 11.1739 48.9547 49.8758 
6.28847 9.27954 0 1.1711 11.3281 
0 2.0067 0 0 0.443186 19.3616 0 
19.6104 7.17252 68.8905 45.0936 
11.1739 11.1739 48.9547 49.8758 
6.28847 9.27957 0 1.1711 11.3281 
0 2.0067 0 0 0.443185 19.3616 0 
19.6104 7.17252 68.8905 45.0936 
11.1739 11.1739 48.9547 49.8758 
6.28847 9.27957 0 1.1711 11.3281 
0 2.0067 0 0 0.443185 19.3616 0 
Estimating row 250 out of 308 for hessian
19.6104 7.17252 68.8905 45.0936 
11.1738 11.1738 48.9547 49.8757 
6.28847 9.27959 0 1.1711 11.3281 
0 2.0067 0 0 0.443185 19.3616 0 
19.6104 7.17253 68.8905 45.0936 
11.1739 11.1739 48.9547 49.8758 
6.28847 9.27956 0 1.1711 11.3281 
0 2.0067 0 0 0.443184 19.3616 0 
19.6104 7.17252 68.8905 45.0936 
11.1739 11.1739 48.9547 49.8758 
6.28847 9.27957 0 1.1711 11.3281 
0 2.0067 0 0 0.443185 19.3616 0 
19.6104 7.17252 68.8905 45.0936 
11.1739 11.1739 48.9547 49.8758 
6.28847 9.27957 0 1.1711 11.3281 
0 2.0067 0 0 0.443185 19.3616 0 
Estimating row 251 out of 308 for hessian
19.6104 7.17252 68.8905 45.0936 
11.1738 11.1738 48.9548 49.8758 
6.28847 9.27947 0 1.1711 11.3281 
0 2.0067 0 0 0.443186 19.3616 0 
19.6104 7.17253 68.8905 45.0936 
11.1739 11.1739 48.9546 49.8758 
6.28847 9.27967 0 1.1711 11.3281 
0 2.0067 0 0 0.443183 19.3616 0 
19.6104 7.17252 68.8905 45.0936 
11.1739 11.1739 48.9547 49.8758 
6.28847 9.27956 0 1.1711 11.3281 
0 2.0067 0 0 0.443185 19.3616 0 
19.6104 7.17252 68.8905 45.0936 
11.1739 11.1739 48.9547 49.8758 
6.28847 9.27958 0 1.1711 11.3281 
0 2.0067 0 0 0.443185 19.3616 0 
Estimating row 252 out of 308 for hessian
19.6104 7.17253 68.8905 45.0936 
11.1739 11.1739 48.9547 49.8758 
6.28847 9.27957 0 1.1711 11.3281 
0 2.0067 0 0 0.443183 19.3616 0 
19.6104 7.17252 68.8905 45.0936 
11.1738 11.1738 48.9547 49.8758 
6.28847 9.27957 0 1.1711 11.3281 
0 2.0067 0 0 0.443186 19.3616 0 
19.6104 7.17252 68.8905 45.0936 
11.1739 11.1739 48.9547 49.8758 
6.28847 9.27957 0 1.1711 11.3281 
0 2.0067 0 0 0.443185 19.3616 0 
19.6104 7.17252 68.8905 45.0936 
11.1739 11.1739 48.9547 49.8758 
6.28847 9.27957 0 1.1711 11.3281 
0 2.0067 0 0 0.443185 19.3616 0 
Estimating row 253 out of 308 for hessian
19.6104 7.17253 68.8905 45.0936 
11.174 11.174 48.9547 49.8758 
6.28847 9.27946 0 1.1711 11.3281 
0 2.0067 0 0 0.443182 19.3616 0 
19.6104 7.17252 68.8905 45.0936 
11.1737 11.1737 48.9548 49.8758 
6.28847 9.27968 0 1.1711 11.3281 
0 2.0067 0 0 0.443187 19.3616 0 
19.6104 7.17252 68.8905 45.0936 
11.1739 11.1739 48.9547 49.8758 
6.28847 9.27956 0 1.1711 11.3281 
0 2.0067 0 0 0.443184 19.3616 0 
19.6104 7.17252 68.8905 45.0936 
11.1738 11.1738 48.9547 49.8758 
6.28847 9.27958 0 1.1711 11.3281 
0 2.0067 0 0 0.443185 19.3616 0 
Estimating row 254 out of 308 for hessian
19.6104 7.17253 68.8905 45.0936 
11.1739 11.1739 48.9547 49.8758 
6.28847 9.27945 0 1.1711 11.3281 
0 2.0067 0 0 0.443187 19.3616 0 
19.6104 7.17252 68.8905 45.0936 
11.1738 11.1738 48.9547 49.8758 
6.28847 9.27969 0 1.1711 11.3281 
0 2.0067 0 0 0.443182 19.3616 0 
19.6104 7.17252 68.8905 45.0936 
11.1739 11.1739 48.9547 49.8758 
6.28847 9.27956 0 1.1711 11.3281 
0 2.0067 0 0 0.443185 19.3616 0 
19.6104 7.17252 68.8905 45.0936 
11.1739 11.1739 48.9547 49.8758 
6.28847 9.27958 0 1.1711 11.3281 
0 2.0067 0 0 0.443184 19.3616 0 
Estimating row 255 out of 308 for hessian
19.6104 7.17252 68.8905 45.0936 
11.1738 11.1738 48.9548 49.8758 
6.28847 9.27958 0 1.1711 11.3281 
0 2.0067 0 0 0.44318 19.3616 0 
19.6104 7.17252 68.8905 45.0936 
11.1739 11.1739 48.9546 49.8757 
6.28847 9.27957 0 1.1711 11.3281 
0 2.0067 0 0 0.44319 19.3616 0 
19.6104 7.17252 68.8905 45.0936 
11.1739 11.1739 48.9547 49.8758 
6.28847 9.27957 0 1.1711 11.3281 
0 2.0067 0 0 0.443184 19.3616 0 
19.6104 7.17252 68.8905 45.0936 
11.1739 11.1739 48.9547 49.8758 
6.28847 9.27957 0 1.1711 11.3281 
0 2.0067 0 0 0.443185 19.3616 0 
Estimating row 256 out of 308 for hessian
19.6104 7.1725 68.8905 45.0936 
11.1738 11.1738 48.9548 49.8757 
6.28847 9.27962 0 1.1711 11.3281 
0 2.0067 0 0 0.443194 19.3616 0 
19.6104 7.17254 68.8905 45.0936 
11.1739 11.1739 48.9546 49.8758 
6.28847 9.27952 0 1.1711 11.3281 
0 2.0067 0 0 0.443176 19.3616 0 
19.6104 7.17252 68.8905 45.0936 
11.1739 11.1739 48.9547 49.8758 
6.28847 9.27958 0 1.1711 11.3281 
0 2.0067 0 0 0.443186 19.3616 0 
19.6104 7.17253 68.8905 45.0936 
11.1739 11.1739 48.9547 49.8758 
6.28847 9.27957 0 1.1711 11.3281 
0 2.0067 0 0 0.443184 19.3616 0 
Estimating row 257 out of 308 for hessian
19.6104 7.17252 68.8905 45.0935 
11.1743 11.1743 48.9547 49.8758 
6.28847 9.27922 0 1.1711 11.3281 
0 2.0067 0 0 0.44318 19.3616 0 
19.6104 7.17252 68.8905 45.0936 
11.1735 11.1735 48.9547 49.8757 
6.28847 9.27992 0 1.1711 11.3281 
0 2.0067 0 0 0.44319 19.3616 0 
19.6104 7.17252 68.8905 45.0936 
11.1739 11.1739 48.9547 49.8758 
6.28847 9.27954 0 1.1711 11.3281 
0 2.0067 0 0 0.443184 19.3616 0 
19.6104 7.17252 68.8905 45.0936 
11.1738 11.1738 48.9547 49.8758 
6.28847 9.27961 0 1.1711 11.3281 
0 2.0067 0 0 0.443185 19.3616 0 
Estimating row 258 out of 308 for hessian
19.6104 7.17276 68.8905 45.0927 
11.1749 11.1749 48.9524 49.8775 
6.28847 9.27975 0 1.1711 11.3281 
0 2.0067 0 0 0.443185 19.3616 0 
19.6104 7.17228 68.8905 45.0944 
11.1729 11.1729 48.957 49.8741 
6.28847 9.27939 0 1.1711 11.3281 
0 2.0067 0 0 0.443185 19.3616 0 
19.6104 7.17255 68.8905 45.0935 
11.174 11.174 48.9545 49.8759 
6.28847 9.27959 0 1.1711 11.3281 
0 2.0067 0 0 0.443185 19.3616 0 
19.6104 7.1725 68.8905 45.0937 
11.1738 11.1738 48.9549 49.8756 
6.28847 9.27955 0 1.1711 11.3281 
0 2.0067 0 0 0.443185 19.3616 0 
Estimating row 259 out of 308 for hessian
19.6104 7.17261 68.8905 45.0934 
11.1742 11.1742 48.9539 49.8764 
6.28847 9.2794 0 1.1711 11.3281 
0 2.0067 0 0 0.443185 19.3616 0 
19.6104 7.17243 68.8905 45.0937 
11.1735 11.1735 48.9555 49.8751 
6.28847 9.27974 0 1.1711 11.3281 
0 2.0067 0 0 0.443185 19.3616 0 
19.6104 7.17253 68.8905 45.0936 
11.1739 11.1739 48.9546 49.8758 
6.28847 9.27955 0 1.1711 11.3281 
0 2.0067 0 0 0.443185 19.3616 0 
19.6104 7.17251 68.8905 45.0936 
11.1738 11.1738 48.9548 49.8757 
6.28847 9.27959 0 1.1711 11.3281 
0 2.0067 0 0 0.443185 19.3616 0 
Estimating row 260 out of 308 for hessian
19.6104 7.17251 68.8905 45.0937 
11.1737 11.1737 48.9538 49.877 
6.28847 9.27928 0 1.1711 11.3281 
0 2.0067 0 0 0.443185 19.3616 0 
19.6104 7.17254 68.8905 45.0934 
11.174 11.174 48.9556 49.8745 
6.28847 9.27986 0 1.1711 11.3281 
0 2.0067 0 0 0.443185 19.3616 0 
19.6104 7.17252 68.8905 45.0936 
11.1738 11.1738 48.9546 49.8759 
6.28847 9.27954 0 1.1711 11.3281 
0 2.0067 0 0 0.443185 19.3616 0 
19.6104 7.17252 68.8905 45.0936 
11.1739 11.1739 48.9548 49.8756 
6.28847 9.2796 0 1.1711 11.3281 
0 2.0067 0 0 0.443185 19.3616 0 
Estimating row 261 out of 308 for hessian
19.6104 7.17253 68.8905 45.0936 
11.174 11.174 48.952 49.8784 
6.28847 9.27953 0 1.1711 11.3281 
0 2.0067 0 0 0.443185 19.3616 0 
19.6104 7.17252 68.8905 45.0935 
11.1737 11.1737 48.9574 49.8732 
6.28847 9.27962 0 1.1711 11.3281 
0 2.0067 0 0 0.443185 19.3616 0 
19.6104 7.17252 68.8905 45.0936 
11.1739 11.1739 48.9544 49.876 
6.28847 9.27957 0 1.1711 11.3281 
0 2.0067 0 0 0.443185 19.3616 0 
19.6104 7.17252 68.8905 45.0936 
11.1739 11.1739 48.955 49.8755 
6.28847 9.27958 0 1.1711 11.3281 
0 2.0067 0 0 0.443185 19.3616 0 
Estimating row 262 out of 308 for hessian
19.6104 7.17251 68.8905 45.0936 
11.1738 11.1738 48.9548 49.8757 
6.28847 9.27957 0 1.1711 11.3281 
0 2.0067 0 0 0.443185 19.3616 0 
19.6104 7.17254 68.8905 45.0935 
11.1739 11.1739 48.9546 49.8758 
6.28847 9.27957 0 1.1711 11.3281 
0 2.0067 0 0 0.443185 19.3616 0 
19.6104 7.17252 68.8905 45.0936 
11.1739 11.1739 48.9547 49.8758 
6.28847 9.27957 0 1.1711 11.3281 
0 2.0067 0 0 0.443185 19.3616 0 
19.6104 7.17252 68.8905 45.0936 
11.1739 11.1739 48.9547 49.8758 
6.28847 9.27957 0 1.1711 11.3281 
0 2.0067 0 0 0.443185 19.3616 0 
Estimating row 263 out of 308 for hessian
19.6104 7.17252 68.8905 45.0936 
11.1739 11.1739 48.9547 49.8758 
6.28847 9.27957 0 1.1711 11.3281 
0 2.0067 0 0 0.443185 19.3616 0 
19.6104 7.17252 68.8905 45.0936 
11.1739 11.1739 48.9547 49.8758 
6.28847 9.27957 0 1.1711 11.3281 
0 2.0067 0 0 0.443185 19.3616 0 
19.6104 7.17252 68.8905 45.0936 
11.1739 11.1739 48.9547 49.8758 
6.28847 9.27957 0 1.1711 11.3281 
0 2.0067 0 0 0.443185 19.3616 0 
19.6104 7.17252 68.8905 45.0936 
11.1739 11.1739 48.9547 49.8758 
6.28847 9.27957 0 1.1711 11.3281 
0 2.0067 0 0 0.443185 19.3616 0 
Estimating row 264 out of 308 for hessian
19.6104 7.17252 68.8905 45.0936 
11.1739 11.1739 48.9547 49.8758 
6.28847 9.27957 0 1.1711 11.3281 
0 2.0067 0 0 0.443185 19.3616 0 
19.6104 7.17252 68.8905 45.0936 
11.1739 11.1739 48.9547 49.8758 
6.28847 9.27957 0 1.1711 11.3281 
0 2.0067 0 0 0.443185 19.3616 0 
19.6104 7.17252 68.8905 45.0936 
11.1739 11.1739 48.9547 49.8758 
6.28847 9.27957 0 1.1711 11.3281 
0 2.0067 0 0 0.443185 19.3616 0 
19.6104 7.17252 68.8905 45.0936 
11.1739 11.1739 48.9547 49.8758 
6.28847 9.27957 0 1.1711 11.3281 
0 2.0067 0 0 0.443185 19.3616 0 
Estimating row 265 out of 308 for hessian
19.6104 7.17252 68.8905 45.0936 
11.1739 11.1739 48.9547 49.8758 
6.28847 9.27957 0 1.1711 11.3281 
0 2.0067 0 0 0.443185 19.3616 0 
19.6104 7.17252 68.8905 45.0936 
11.1739 11.1739 48.9547 49.8758 
6.28847 9.27957 0 1.1711 11.3281 
0 2.0067 0 0 0.443185 19.3616 0 
19.6104 7.17252 68.8905 45.0936 
11.1739 11.1739 48.9547 49.8758 
6.28847 9.27957 0 1.1711 11.3281 
0 2.0067 0 0 0.443185 19.3616 0 
19.6104 7.17252 68.8905 45.0936 
11.1739 11.1739 48.9547 49.8758 
6.28847 9.27957 0 1.1711 11.3281 
0 2.0067 0 0 0.443185 19.3616 0 
Estimating row 266 out of 308 for hessian
19.6104 7.17252 68.8905 45.0936 
11.1739 11.1739 48.9547 49.8758 
6.28847 9.27957 0 1.1711 11.3281 
0 2.0067 0 0 0.443185 19.3616 0 
19.6104 7.17252 68.8905 45.0936 
11.1739 11.1739 48.9547 49.8758 
6.28847 9.27957 0 1.1711 11.3281 
0 2.0067 0 0 0.443185 19.3616 0 
19.6104 7.17252 68.8905 45.0936 
11.1739 11.1739 48.9547 49.8758 
6.28847 9.27957 0 1.1711 11.3281 
0 2.0067 0 0 0.443185 19.3616 0 
19.6104 7.17252 68.8905 45.0936 
11.1739 11.1739 48.9547 49.8758 
6.28847 9.27957 0 1.1711 11.3281 
0 2.0067 0 0 0.443185 19.3616 0 
Estimating row 267 out of 308 for hessian
19.6104 7.17252 68.8905 45.0936 
11.1739 11.1739 48.9547 49.8758 
6.28847 9.27957 0 1.1711 11.3281 
0 2.0067 0 0 0.443185 19.3616 0 
19.6104 7.17252 68.8905 45.0936 
11.1739 11.1739 48.9547 49.8758 
6.28847 9.27957 0 1.1711 11.3281 
0 2.0067 0 0 0.443185 19.3616 0 
19.6104 7.17252 68.8905 45.0936 
11.1739 11.1739 48.9547 49.8758 
6.28847 9.27957 0 1.1711 11.3281 
0 2.0067 0 0 0.443185 19.3616 0 
19.6104 7.17252 68.8905 45.0936 
11.1739 11.1739 48.9547 49.8758 
6.28847 9.27957 0 1.1711 11.3281 
0 2.0067 0 0 0.443185 19.3616 0 
Estimating row 268 out of 308 for hessian
19.6104 7.17252 68.8905 45.0936 
11.1739 11.1739 48.9547 49.8758 
6.28847 9.27957 0 1.1711 11.3281 
0 2.0067 0 0 0.443185 19.3616 0 
19.6104 7.17252 68.8905 45.0936 
11.1739 11.1739 48.9547 49.8758 
6.28847 9.27957 0 1.1711 11.3281 
0 2.0067 0 0 0.443185 19.3616 0 
19.6104 7.17252 68.8905 45.0936 
11.1739 11.1739 48.9547 49.8758 
6.28847 9.27957 0 1.1711 11.3281 
0 2.0067 0 0 0.443185 19.3616 0 
19.6104 7.17252 68.8905 45.0936 
11.1739 11.1739 48.9547 49.8758 
6.28847 9.27957 0 1.1711 11.3281 
0 2.0067 0 0 0.443185 19.3616 0 
Estimating row 269 out of 308 for hessian
19.6104 7.17252 68.8905 45.0936 
11.1739 11.1739 48.9547 49.8758 
6.28847 9.27957 0 1.1711 11.3281 
0 2.0067 0 0 0.443185 19.3616 0 
19.6104 7.17252 68.8905 45.0936 
11.1739 11.1739 48.9547 49.8758 
6.28847 9.27957 0 1.1711 11.3281 
0 2.0067 0 0 0.443185 19.3616 0 
19.6104 7.17252 68.8905 45.0936 
11.1739 11.1739 48.9547 49.8758 
6.28847 9.27957 0 1.1711 11.3281 
0 2.0067 0 0 0.443185 19.3616 0 
19.6104 7.17252 68.8905 45.0936 
11.1739 11.1739 48.9547 49.8758 
6.28847 9.27957 0 1.1711 11.3281 
0 2.0067 0 0 0.443185 19.3616 0 
Estimating row 270 out of 308 for hessian
19.6104 7.17252 68.8905 45.0936 
11.1739 11.1739 48.9547 49.8758 
6.28847 9.27957 0 1.1711 11.3281 
0 2.0067 0 0 0.443185 19.3616 0 
19.6104 7.17252 68.8905 45.0936 
11.1739 11.1739 48.9547 49.8758 
6.28847 9.27957 0 1.1711 11.3281 
0 2.0067 0 0 0.443185 19.3616 0 
19.6104 7.17252 68.8905 45.0936 
11.1739 11.1739 48.9547 49.8758 
6.28847 9.27957 0 1.1711 11.3281 
0 2.0067 0 0 0.443185 19.3616 0 
19.6104 7.17252 68.8905 45.0936 
11.1739 11.1739 48.9547 49.8758 
6.28847 9.27957 0 1.1711 11.3281 
0 2.0067 0 0 0.443185 19.3616 0 
Estimating row 271 out of 308 for hessian
19.6104 7.17252 68.8905 45.0936 
11.1739 11.1739 48.9547 49.8758 
6.28847 9.27957 0 1.1711 11.3281 
0 2.0067 0 0 0.443185 19.3616 0 
19.6104 7.17252 68.8905 45.0936 
11.1739 11.1739 48.9547 49.8758 
6.28847 9.27957 0 1.1711 11.3281 
0 2.0067 0 0 0.443185 19.3616 0 
19.6104 7.17252 68.8905 45.0936 
11.1739 11.1739 48.9547 49.8758 
6.28847 9.27957 0 1.1711 11.3281 
0 2.0067 0 0 0.443185 19.3616 0 
19.6104 7.17252 68.8905 45.0936 
11.1739 11.1739 48.9547 49.8758 
6.28847 9.27957 0 1.1711 11.3281 
0 2.0067 0 0 0.443185 19.3616 0 
Estimating row 272 out of 308 for hessian
19.6104 7.17252 68.8905 45.0936 
11.1739 11.1739 48.9547 49.8758 
6.28847 9.27957 0 1.1711 11.3281 
0 2.0067 0 0 0.443185 19.3616 0 
19.6104 7.17252 68.8905 45.0936 
11.1739 11.1739 48.9547 49.8758 
6.28847 9.27957 0 1.1711 11.3281 
0 2.0067 0 0 0.443185 19.3616 0 
19.6104 7.17252 68.8905 45.0936 
11.1739 11.1739 48.9547 49.8758 
6.28847 9.27957 0 1.1711 11.3281 
0 2.0067 0 0 0.443185 19.3616 0 
19.6104 7.17252 68.8905 45.0936 
11.1739 11.1739 48.9547 49.8758 
6.28847 9.27957 0 1.1711 11.3281 
0 2.0067 0 0 0.443185 19.3616 0 
Estimating row 273 out of 308 for hessian
19.6104 7.17252 68.8905 45.0936 
11.1739 11.1739 48.9547 49.8758 
6.28847 9.27957 0 1.1711 11.3281 
0 2.0067 0 0 0.443185 19.3616 0 
19.6104 7.17252 68.8905 45.0936 
11.1739 11.1739 48.9547 49.8758 
6.28847 9.27957 0 1.1711 11.3281 
0 2.0067 0 0 0.443185 19.3616 0 
19.6104 7.17252 68.8905 45.0936 
11.1739 11.1739 48.9547 49.8758 
6.28847 9.27957 0 1.1711 11.3281 
0 2.0067 0 0 0.443185 19.3616 0 
19.6104 7.17252 68.8905 45.0936 
11.1739 11.1739 48.9547 49.8758 
6.28847 9.27957 0 1.1711 11.3281 
0 2.0067 0 0 0.443185 19.3616 0 
Estimating row 274 out of 308 for hessian
19.6104 7.17252 68.8905 45.0936 
11.1739 11.1739 48.9547 49.8758 
6.28847 9.27957 0 1.1711 11.3281 
0 2.0067 0 0 0.443185 19.3616 0 
19.6104 7.17252 68.8905 45.0936 
11.1739 11.1739 48.9547 49.8758 
6.28847 9.27957 0 1.1711 11.3281 
0 2.0067 0 0 0.443185 19.3616 0 
19.6104 7.17252 68.8905 45.0936 
11.1739 11.1739 48.9547 49.8758 
6.28847 9.27957 0 1.1711 11.3281 
0 2.0067 0 0 0.443185 19.3616 0 
19.6104 7.17252 68.8905 45.0936 
11.1739 11.1739 48.9547 49.8758 
6.28847 9.27957 0 1.1711 11.3281 
0 2.0067 0 0 0.443185 19.3616 0 
Estimating row 275 out of 308 for hessian
19.6104 7.17252 68.8905 45.0936 
11.1739 11.1739 48.9547 49.8758 
6.28847 9.27957 0 1.1711 11.3281 
0 2.0067 0 0 0.443185 19.3616 0 
19.6104 7.17252 68.8905 45.0936 
11.1739 11.1739 48.9547 49.8758 
6.28847 9.27957 0 1.1711 11.3281 
0 2.0067 0 0 0.443185 19.3616 0 
19.6104 7.17252 68.8905 45.0936 
11.1739 11.1739 48.9547 49.8758 
6.28847 9.27957 0 1.1711 11.3281 
0 2.0067 0 0 0.443185 19.3616 0 
19.6104 7.17252 68.8905 45.0936 
11.1739 11.1739 48.9547 49.8758 
6.28847 9.27957 0 1.1711 11.3281 
0 2.0067 0 0 0.443185 19.3616 0 
Estimating row 276 out of 308 for hessian
19.6104 7.17252 68.8905 45.0936 
11.1739 11.1739 48.9547 49.8758 
6.28847 9.27957 0 1.1711 11.3281 
0 2.0067 0 0 0.443185 19.3616 0 
19.6104 7.17252 68.8905 45.0936 
11.1739 11.1739 48.9547 49.8758 
6.28847 9.27957 0 1.1711 11.3281 
0 2.0067 0 0 0.443185 19.3616 0 
19.6104 7.17252 68.8905 45.0936 
11.1739 11.1739 48.9547 49.8758 
6.28847 9.27957 0 1.1711 11.3281 
0 2.0067 0 0 0.443185 19.3616 0 
19.6104 7.17252 68.8905 45.0936 
11.1739 11.1739 48.9547 49.8758 
6.28847 9.27957 0 1.1711 11.3281 
0 2.0067 0 0 0.443185 19.3616 0 
Estimating row 277 out of 308 for hessian
19.6104 7.17252 68.8905 45.0936 
11.1739 11.1739 48.9547 49.8758 
6.28847 9.27957 0 1.1711 11.3281 
0 2.0067 0 0 0.443185 19.3616 0 
19.6104 7.17252 68.8905 45.0936 
11.1739 11.1739 48.9547 49.8758 
6.28847 9.27957 0 1.1711 11.3281 
0 2.0067 0 0 0.443185 19.3616 0 
19.6104 7.17252 68.8905 45.0936 
11.1739 11.1739 48.9547 49.8758 
6.28847 9.27957 0 1.1711 11.3281 
0 2.0067 0 0 0.443185 19.3616 0 
19.6104 7.17252 68.8905 45.0936 
11.1739 11.1739 48.9547 49.8758 
6.28847 9.27957 0 1.1711 11.3281 
0 2.0067 0 0 0.443185 19.3616 0 
Estimating row 278 out of 308 for hessian
19.6104 7.17252 68.8905 45.0936 
11.1739 11.1739 48.9547 49.8758 
6.28847 9.27957 0 1.1711 11.3281 
0 2.0067 0 0 0.443185 19.3616 0 
19.6104 7.17252 68.8905 45.0936 
11.1739 11.1739 48.9547 49.8758 
6.28847 9.27957 0 1.1711 11.3281 
0 2.0067 0 0 0.443185 19.3616 0 
19.6104 7.17252 68.8905 45.0936 
11.1739 11.1739 48.9547 49.8758 
6.28847 9.27957 0 1.1711 11.3281 
0 2.0067 0 0 0.443185 19.3616 0 
19.6104 7.17252 68.8905 45.0936 
11.1739 11.1739 48.9547 49.8758 
6.28847 9.27957 0 1.1711 11.3281 
0 2.0067 0 0 0.443185 19.3616 0 
Estimating row 279 out of 308 for hessian
19.6104 7.17252 68.8905 45.0936 
11.1739 11.1739 48.9547 49.8758 
6.28847 9.27957 0 1.1711 11.3281 
0 2.0067 0 0 0.443185 19.3616 0 
19.6104 7.17252 68.8905 45.0936 
11.1739 11.1739 48.9547 49.8758 
6.28847 9.27957 0 1.1711 11.3281 
0 2.0067 0 0 0.443185 19.3616 0 
19.6104 7.17252 68.8905 45.0936 
11.1739 11.1739 48.9547 49.8758 
6.28847 9.27957 0 1.1711 11.3281 
0 2.0067 0 0 0.443185 19.3616 0 
19.6104 7.17252 68.8905 45.0936 
11.1739 11.1739 48.9547 49.8758 
6.28847 9.27957 0 1.1711 11.3281 
0 2.0067 0 0 0.443185 19.3616 0 
Estimating row 280 out of 308 for hessian
19.6104 7.17252 68.8905 45.0936 
11.1739 11.1739 48.9547 49.8758 
6.28847 9.27957 0 1.1711 11.3281 
0 2.0067 0 0 0.443185 19.3616 0 
19.6104 7.17252 68.8905 45.0936 
11.1739 11.1739 48.9547 49.8758 
6.28847 9.27957 0 1.1711 11.3281 
0 2.0067 0 0 0.443185 19.3616 0 
19.6104 7.17252 68.8905 45.0936 
11.1739 11.1739 48.9547 49.8758 
6.28847 9.27957 0 1.1711 11.3281 
0 2.0067 0 0 0.443185 19.3616 0 
19.6104 7.17252 68.8905 45.0936 
11.1739 11.1739 48.9547 49.8758 
6.28847 9.27957 0 1.1711 11.3281 
0 2.0067 0 0 0.443185 19.3616 0 
Estimating row 281 out of 308 for hessian
19.6104 7.17252 68.8905 45.0936 
11.1739 11.1739 48.9547 49.8758 
6.28847 9.27957 0 1.1711 11.3281 
0 2.0067 0 0 0.443185 19.3616 0 
19.6104 7.17252 68.8905 45.0936 
11.1739 11.1739 48.9547 49.8758 
6.28847 9.27957 0 1.1711 11.3281 
0 2.0067 0 0 0.443185 19.3616 0 
19.6104 7.17252 68.8905 45.0936 
11.1739 11.1739 48.9547 49.8758 
6.28847 9.27957 0 1.1711 11.3281 
0 2.0067 0 0 0.443185 19.3616 0 
19.6104 7.17252 68.8905 45.0936 
11.1739 11.1739 48.9547 49.8758 
6.28847 9.27957 0 1.1711 11.3281 
0 2.0067 0 0 0.443185 19.3616 0 
Estimating row 282 out of 308 for hessian
19.6104 7.17252 68.8905 45.0936 
11.1739 11.1739 48.9547 49.8758 
6.28847 9.27957 0 1.1711 11.3281 
0 2.0067 0 0 0.443185 19.3616 0 
19.6104 7.17252 68.8905 45.0936 
11.1739 11.1739 48.9547 49.8758 
6.28847 9.27957 0 1.1711 11.3281 
0 2.0067 0 0 0.443185 19.3616 0 
19.6104 7.17252 68.8905 45.0936 
11.1739 11.1739 48.9547 49.8758 
6.28847 9.27957 0 1.1711 11.3281 
0 2.0067 0 0 0.443185 19.3616 0 
19.6104 7.17252 68.8905 45.0936 
11.1739 11.1739 48.9547 49.8758 
6.28847 9.27957 0 1.1711 11.3281 
0 2.0067 0 0 0.443185 19.3616 0 
Estimating row 283 out of 308 for hessian
19.6104 7.17252 68.8905 45.0936 
11.1739 11.1739 48.9547 49.8758 
6.28847 9.27957 0 1.1711 11.3281 
0 2.0067 0 0 0.443185 19.3616 0 
19.6104 7.17252 68.8905 45.0936 
11.1739 11.1739 48.9547 49.8758 
6.28847 9.27957 0 1.1711 11.3281 
0 2.0067 0 0 0.443185 19.3616 0 
19.6104 7.17252 68.8905 45.0936 
11.1739 11.1739 48.9547 49.8758 
6.28847 9.27957 0 1.1711 11.3281 
0 2.0067 0 0 0.443185 19.3616 0 
19.6104 7.17252 68.8905 45.0936 
11.1739 11.1739 48.9547 49.8758 
6.28847 9.27957 0 1.1711 11.3281 
0 2.0067 0 0 0.443185 19.3616 0 
Estimating row 284 out of 308 for hessian
19.6104 7.17252 68.8905 45.0936 
11.1739 11.1739 48.9547 49.8758 
6.28847 9.27957 0 1.1711 11.3281 
0 2.0067 0 0 0.443185 19.3616 0 
19.6104 7.17252 68.8905 45.0936 
11.1739 11.1739 48.9547 49.8758 
6.28847 9.27957 0 1.1711 11.3281 
0 2.0067 0 0 0.443185 19.3616 0 
19.6104 7.17252 68.8905 45.0936 
11.1739 11.1739 48.9547 49.8758 
6.28847 9.27957 0 1.1711 11.3281 
0 2.0067 0 0 0.443185 19.3616 0 
19.6104 7.17252 68.8905 45.0936 
11.1739 11.1739 48.9547 49.8758 
6.28847 9.27957 0 1.1711 11.3281 
0 2.0067 0 0 0.443185 19.3616 0 
Estimating row 285 out of 308 for hessian
19.6104 7.17252 68.8905 45.0936 
11.1739 11.1739 48.9547 49.8758 
6.28847 9.27957 0 1.1711 11.3281 
0 2.0067 0 0 0.443185 19.3616 0 
19.6104 7.17252 68.8905 45.0936 
11.1739 11.1739 48.9547 49.8758 
6.28847 9.27957 0 1.1711 11.3281 
0 2.0067 0 0 0.443185 19.3616 0 
19.6104 7.17252 68.8905 45.0936 
11.1739 11.1739 48.9547 49.8758 
6.28847 9.27957 0 1.1711 11.3281 
0 2.0067 0 0 0.443185 19.3616 0 
19.6104 7.17252 68.8905 45.0936 
11.1739 11.1739 48.9547 49.8758 
6.28847 9.27957 0 1.1711 11.3281 
0 2.0067 0 0 0.443185 19.3616 0 
Estimating row 286 out of 308 for hessian
19.6104 7.17252 68.8905 45.0936 
11.1739 11.1739 48.9547 49.8758 
6.28847 9.27957 0 1.1711 11.3281 
0 2.0067 0 0 0.443185 19.3616 0 
19.6104 7.17252 68.8905 45.0936 
11.1739 11.1739 48.9547 49.8758 
6.28847 9.27957 0 1.1711 11.3281 
0 2.0067 0 0 0.443185 19.3616 0 
19.6104 7.17252 68.8905 45.0936 
11.1739 11.1739 48.9547 49.8758 
6.28847 9.27957 0 1.1711 11.3281 
0 2.0067 0 0 0.443185 19.3616 0 
19.6104 7.17252 68.8905 45.0936 
11.1739 11.1739 48.9547 49.8758 
6.28847 9.27957 0 1.1711 11.3281 
0 2.0067 0 0 0.443185 19.3616 0 
Estimating row 287 out of 308 for hessian
19.6104 7.17252 68.8905 45.0936 
11.1739 11.1739 48.9547 49.8758 
6.28847 9.27957 0 1.1711 11.3281 
0 2.0067 0 0 0.443185 19.3616 0 
19.6104 7.17252 68.8905 45.0936 
11.1739 11.1739 48.9547 49.8758 
6.28847 9.27957 0 1.1711 11.3281 
0 2.0067 0 0 0.443185 19.3616 0 
19.6104 7.17252 68.8905 45.0936 
11.1739 11.1739 48.9547 49.8758 
6.28847 9.27957 0 1.1711 11.3281 
0 2.0067 0 0 0.443185 19.3616 0 
19.6104 7.17252 68.8905 45.0936 
11.1739 11.1739 48.9547 49.8758 
6.28847 9.27957 0 1.1711 11.3281 
0 2.0067 0 0 0.443185 19.3616 0 
Estimating row 288 out of 308 for hessian
19.6104 7.17252 68.8905 45.0936 
11.1739 11.1739 48.9547 49.8758 
6.28847 9.27957 0 1.1711 11.3281 
0 2.0067 0 0 0.443185 19.3616 0 
19.6104 7.17252 68.8905 45.0936 
11.1739 11.1739 48.9547 49.8758 
6.28847 9.27957 0 1.1711 11.3281 
0 2.0067 0 0 0.443185 19.3616 0 
19.6104 7.17252 68.8905 45.0936 
11.1739 11.1739 48.9547 49.8758 
6.28847 9.27957 0 1.1711 11.3281 
0 2.0067 0 0 0.443185 19.3616 0 
19.6104 7.17252 68.8905 45.0936 
11.1739 11.1739 48.9547 49.8758 
6.28847 9.27957 0 1.1711 11.3281 
0 2.0067 0 0 0.443185 19.3616 0 
Estimating row 289 out of 308 for hessian
19.6104 7.17252 68.8905 45.0936 
11.1739 11.1739 48.9547 49.8758 
6.28847 9.27957 0 1.1711 11.3281 
0 2.0067 0 0 0.443185 19.3616 0 
19.6104 7.17252 68.8905 45.0936 
11.1739 11.1739 48.9547 49.8758 
6.28847 9.27957 0 1.1711 11.3281 
0 2.0067 0 0 0.443185 19.3616 0 
19.6104 7.17252 68.8905 45.0936 
11.1739 11.1739 48.9547 49.8758 
6.28847 9.27957 0 1.1711 11.3281 
0 2.0067 0 0 0.443185 19.3616 0 
19.6104 7.17252 68.8905 45.0936 
11.1739 11.1739 48.9547 49.8758 
6.28847 9.27957 0 1.1711 11.3281 
0 2.0067 0 0 0.443185 19.3616 0 
Estimating row 290 out of 308 for hessian
19.6104 7.17252 68.8905 45.0936 
11.1739 11.1739 48.9547 49.8758 
6.28847 9.27957 0 1.1711 11.3281 
0 2.0067 0 0 0.443185 19.3616 0 
19.6104 7.17252 68.8905 45.0936 
11.1739 11.1739 48.9547 49.8758 
6.28847 9.27957 0 1.1711 11.3281 
0 2.0067 0 0 0.443185 19.3616 0 
19.6104 7.17252 68.8905 45.0936 
11.1739 11.1739 48.9547 49.8758 
6.28847 9.27957 0 1.1711 11.3281 
0 2.0067 0 0 0.443185 19.3616 0 
19.6104 7.17252 68.8905 45.0936 
11.1739 11.1739 48.9547 49.8758 
6.28847 9.27957 0 1.1711 11.3281 
0 2.0067 0 0 0.443185 19.3616 0 
Estimating row 291 out of 308 for hessian
19.6104 7.17252 68.8905 45.0936 
11.1739 11.1739 48.9547 49.8758 
6.28847 9.27957 0 1.1711 11.3281 
0 2.0067 0 0 0.443185 19.3616 0 
19.6104 7.17252 68.8905 45.0936 
11.1739 11.1739 48.9547 49.8758 
6.28847 9.27957 0 1.1711 11.3281 
0 2.0067 0 0 0.443185 19.3616 0 
19.6104 7.17252 68.8905 45.0936 
11.1739 11.1739 48.9547 49.8758 
6.28847 9.27957 0 1.1711 11.3281 
0 2.0067 0 0 0.443185 19.3616 0 
19.6104 7.17252 68.8905 45.0936 
11.1739 11.1739 48.9547 49.8758 
6.28847 9.27957 0 1.1711 11.3281 
0 2.0067 0 0 0.443185 19.3616 0 
Estimating row 292 out of 308 for hessian
19.6104 7.17252 68.8905 45.0936 
11.1739 11.1739 48.9547 49.8758 
6.28847 9.27957 0 1.1711 11.3281 
0 2.0067 0 0 0.443185 19.3616 0 
19.6104 7.17252 68.8905 45.0936 
11.1739 11.1739 48.9547 49.8758 
6.28847 9.27957 0 1.1711 11.3281 
0 2.0067 0 0 0.443185 19.3616 0 
19.6104 7.17252 68.8905 45.0936 
11.1739 11.1739 48.9547 49.8758 
6.28847 9.27957 0 1.1711 11.3281 
0 2.0067 0 0 0.443185 19.3616 0 
19.6104 7.17252 68.8905 45.0936 
11.1739 11.1739 48.9547 49.8758 
6.28847 9.27957 0 1.1711 11.3281 
0 2.0067 0 0 0.443185 19.3616 0 
Estimating row 293 out of 308 for hessian
19.6104 7.17252 68.8905 45.0936 
11.1739 11.1739 48.9547 49.8758 
6.28847 9.27957 0 1.1711 11.3281 
0 2.0067 0 0 0.443185 19.3616 0 
19.6104 7.17252 68.8905 45.0936 
11.1739 11.1739 48.9547 49.8758 
6.28847 9.27957 0 1.1711 11.3281 
0 2.0067 0 0 0.443185 19.3616 0 
19.6104 7.17252 68.8905 45.0936 
11.1739 11.1739 48.9547 49.8758 
6.28847 9.27957 0 1.1711 11.3281 
0 2.0067 0 0 0.443185 19.3616 0 
19.6104 7.17252 68.8905 45.0936 
11.1739 11.1739 48.9547 49.8758 
6.28847 9.27957 0 1.1711 11.3281 
0 2.0067 0 0 0.443185 19.3616 0 
Estimating row 294 out of 308 for hessian
19.6104 7.17252 68.8905 45.0936 
11.1739 11.1739 48.9547 49.8758 
6.28847 9.27957 0 1.1711 11.3281 
0 2.0067 0 0 0.443185 19.3616 0 
19.6104 7.17252 68.8905 45.0936 
11.1739 11.1739 48.9547 49.8758 
6.28847 9.27957 0 1.1711 11.3281 
0 2.0067 0 0 0.443185 19.3616 0 
19.6104 7.17252 68.8905 45.0936 
11.1739 11.1739 48.9547 49.8758 
6.28847 9.27957 0 1.1711 11.3281 
0 2.0067 0 0 0.443185 19.3616 0 
19.6104 7.17252 68.8905 45.0936 
11.1739 11.1739 48.9547 49.8758 
6.28847 9.27957 0 1.1711 11.3281 
0 2.0067 0 0 0.443185 19.3616 0 
Estimating row 295 out of 308 for hessian
19.6104 7.17252 68.8905 45.0936 
11.1739 11.1739 48.9547 49.8758 
6.28847 9.27957 0 1.1711 11.3281 
0 2.0067 0 0 0.443185 19.3616 0 
19.6104 7.17252 68.8905 45.0936 
11.1739 11.1739 48.9547 49.8758 
6.28847 9.27957 0 1.1711 11.3281 
0 2.0067 0 0 0.443185 19.3616 0 
19.6104 7.17252 68.8905 45.0936 
11.1739 11.1739 48.9547 49.8758 
6.28847 9.27957 0 1.1711 11.3281 
0 2.0067 0 0 0.443185 19.3616 0 
19.6104 7.17252 68.8905 45.0936 
11.1739 11.1739 48.9547 49.8758 
6.28847 9.27957 0 1.1711 11.3281 
0 2.0067 0 0 0.443185 19.3616 0 
Estimating row 296 out of 308 for hessian
19.6104 7.17252 68.8905 45.0936 
11.1739 11.1739 48.9547 49.8758 
6.28847 9.27957 0 1.1711 11.3281 
0 2.0067 0 0 0.443185 19.3616 0 
19.6104 7.17252 68.8905 45.0936 
11.1739 11.1739 48.9547 49.8758 
6.28847 9.27957 0 1.1711 11.3281 
0 2.0067 0 0 0.443185 19.3616 0 
19.6104 7.17252 68.8905 45.0936 
11.1739 11.1739 48.9547 49.8758 
6.28847 9.27957 0 1.1711 11.3281 
0 2.0067 0 0 0.443185 19.3616 0 
19.6104 7.17252 68.8905 45.0936 
11.1739 11.1739 48.9547 49.8758 
6.28847 9.27957 0 1.1711 11.3281 
0 2.0067 0 0 0.443185 19.3616 0 
Estimating row 297 out of 308 for hessian
19.6104 7.17252 68.8905 45.0936 
11.1739 11.1739 48.9547 49.8758 
6.28847 9.27957 0 1.1711 11.3281 
0 2.0067 0 0 0.443185 19.3616 0 
19.6104 7.17252 68.8905 45.0936 
11.1739 11.1739 48.9547 49.8758 
6.28847 9.27957 0 1.1711 11.3281 
0 2.0067 0 0 0.443185 19.3616 0 
19.6104 7.17252 68.8905 45.0936 
11.1739 11.1739 48.9547 49.8758 
6.28847 9.27957 0 1.1711 11.3281 
0 2.0067 0 0 0.443185 19.3616 0 
19.6104 7.17252 68.8905 45.0936 
11.1739 11.1739 48.9547 49.8758 
6.28847 9.27957 0 1.1711 11.3281 
0 2.0067 0 0 0.443185 19.3616 0 
Estimating row 298 out of 308 for hessian
19.6104 7.17252 68.8905 45.0936 
11.1739 11.1739 48.9547 49.8758 
6.28847 9.27957 0 1.1711 11.3281 
0 2.0067 0 0 0.443185 19.3616 0 
19.6104 7.17252 68.8905 45.0936 
11.1739 11.1739 48.9547 49.8758 
6.28847 9.27957 0 1.1711 11.3281 
0 2.0067 0 0 0.443185 19.3616 0 
19.6104 7.17252 68.8905 45.0936 
11.1739 11.1739 48.9547 49.8758 
6.28847 9.27957 0 1.1711 11.3281 
0 2.0067 0 0 0.443185 19.3616 0 
19.6104 7.17252 68.8905 45.0936 
11.1739 11.1739 48.9547 49.8758 
6.28847 9.27957 0 1.1711 11.3281 
0 2.0067 0 0 0.443185 19.3616 0 
Estimating row 299 out of 308 for hessian
19.6104 7.17252 68.8905 45.0936 
11.1739 11.1739 48.9547 49.8758 
6.28847 9.27957 0 1.1711 11.3281 
0 2.0067 0 0 0.443185 19.3616 0 
19.6104 7.17252 68.8905 45.0936 
11.1739 11.1739 48.9547 49.8758 
6.28847 9.27957 0 1.1711 11.3281 
0 2.0067 0 0 0.443185 19.3616 0 
19.6104 7.17252 68.8905 45.0936 
11.1739 11.1739 48.9547 49.8758 
6.28847 9.27957 0 1.1711 11.3281 
0 2.0067 0 0 0.443185 19.3616 0 
19.6104 7.17252 68.8905 45.0936 
11.1739 11.1739 48.9547 49.8758 
6.28847 9.27957 0 1.1711 11.3281 
0 2.0067 0 0 0.443185 19.3616 0 
Estimating row 300 out of 308 for hessian
19.6104 7.17252 68.8905 45.0936 
11.1739 11.1739 48.9547 49.8758 
6.28847 9.27957 0 1.1711 11.3281 
0 2.0067 0 0 0.443185 19.3616 0 
19.6104 7.17252 68.8905 45.0936 
11.1739 11.1739 48.9547 49.8758 
6.28847 9.27957 0 1.1711 11.3281 
0 2.0067 0 0 0.443185 19.3616 0 
19.6104 7.17252 68.8905 45.0936 
11.1739 11.1739 48.9547 49.8758 
6.28847 9.27957 0 1.1711 11.3281 
0 2.0067 0 0 0.443185 19.3616 0 
19.6104 7.17252 68.8905 45.0936 
11.1739 11.1739 48.9547 49.8758 
6.28847 9.27957 0 1.1711 11.3281 
0 2.0067 0 0 0.443185 19.3616 0 
Estimating row 301 out of 308 for hessian
19.6104 7.17252 68.8905 45.0936 
11.1739 11.1739 48.9547 49.8758 
6.28847 9.27957 0 1.1711 11.3281 
0 2.0067 0 0 0.443185 19.3616 0 
19.6104 7.17252 68.8905 45.0936 
11.1739 11.1739 48.9547 49.8758 
6.28847 9.27957 0 1.1711 11.3281 
0 2.0067 0 0 0.443185 19.3616 0 
19.6104 7.17252 68.8905 45.0936 
11.1739 11.1739 48.9547 49.8758 
6.28847 9.27957 0 1.1711 11.3281 
0 2.0067 0 0 0.443185 19.3616 0 
19.6104 7.17252 68.8905 45.0936 
11.1739 11.1739 48.9547 49.8758 
6.28847 9.27957 0 1.1711 11.3281 
0 2.0067 0 0 0.443185 19.3616 0 
Estimating row 302 out of 308 for hessian
19.6104 7.17252 68.8905 45.0936 
11.1739 11.1739 48.9547 49.8758 
6.28847 9.27957 0 1.1711 11.3281 
0 2.0067 0 0 0.443185 19.3616 0 
19.6104 7.17252 68.8905 45.0936 
11.1739 11.1739 48.9547 49.8758 
6.28847 9.27957 0 1.1711 11.3281 
0 2.0067 0 0 0.443185 19.3616 0 
19.6104 7.17252 68.8905 45.0936 
11.1739 11.1739 48.9547 49.8758 
6.28847 9.27957 0 1.1711 11.3281 
0 2.0067 0 0 0.443185 19.3616 0 
19.6104 7.17252 68.8905 45.0936 
11.1739 11.1739 48.9547 49.8758 
6.28847 9.27957 0 1.1711 11.3281 
0 2.0067 0 0 0.443185 19.3616 0 
Estimating row 303 out of 308 for hessian
19.6104 7.17261 68.8905 45.0935 
11.1741 11.1741 48.9525 49.8775 
6.28847 9.27982 0 1.1711 11.3281 
0 2.0067 0 0 0.443185 19.3616 0 
19.6104 7.17243 68.8905 45.0937 
11.1736 11.1736 48.9569 49.874 
6.28847 9.27933 0 1.1711 11.3281 
0 2.0067 0 0 0.443185 19.3616 0 
19.6104 7.17253 68.8905 45.0936 
11.1739 11.1739 48.9545 49.8759 
6.28847 9.2796 0 1.1711 11.3281 
0 2.0067 0 0 0.443185 19.3616 0 
19.6104 7.17251 68.8905 45.0936 
11.1738 11.1738 48.9549 49.8756 
6.28847 9.27955 0 1.1711 11.3281 
0 2.0067 0 0 0.443185 19.3616 0 
Estimating row 304 out of 308 for hessian
19.611 7.17189 68.8904 45.0933 
11.1739 11.1739 48.9547 49.8758 
6.28847 9.27957 0 1.1711 11.3281 
0 2.0067 0 0 0.443185 19.362 0 
19.6098 7.17315 68.8905 45.0939 
11.1739 11.1739 48.9547 49.8758 
6.28847 9.27957 0 1.1711 11.3281 
0 2.0067 0 0 0.443185 19.3612 0 
19.6104 7.17246 68.8905 45.0935 
11.1739 11.1739 48.9547 49.8758 
6.28847 9.27957 0 1.1711 11.3281 
0 2.0067 0 0 0.443185 19.3616 0 
19.6103 7.17259 68.8905 45.0936 
11.1739 11.1739 48.9547 49.8758 
6.28847 9.27957 0 1.1711 11.3281 
0 2.0067 0 0 0.443185 19.3615 0 
Estimating row 305 out of 308 for hessian
19.6106 7.1717 68.8914 45.0943 
11.1739 11.1739 48.9547 49.8758 
6.28847 9.27957 0 1.1711 11.3281 
0 2.0067 0 0 0.443185 19.3606 0 
19.6102 7.17335 68.8896 45.0929 
11.1739 11.1739 48.9547 49.8758 
6.28847 9.27957 0 1.1711 11.3281 
0 2.0067 0 0 0.443185 19.3625 0 
19.6104 7.17244 68.8906 45.0936 
11.1739 11.1739 48.9547 49.8758 
6.28847 9.27957 0 1.1711 11.3281 
0 2.0067 0 0 0.443185 19.3615 0 
19.6104 7.17261 68.8904 45.0935 
11.1739 11.1739 48.9547 49.8758 
6.28847 9.27957 0 1.1711 11.3281 
0 2.0067 0 0 0.443185 19.3617 0 
Estimating row 306 out of 308 for hessian
19.6104 7.17224 68.8906 45.0942 
11.1739 11.1739 48.9547 49.8758 
6.28847 9.27957 0 1.1711 11.3281 
0 2.0067 0 0 0.443185 19.361 0 
19.6104 7.1728 68.8903 45.0929 
11.1739 11.1739 48.9547 49.8758 
6.28847 9.27957 0 1.1711 11.3281 
0 2.0067 0 0 0.443185 19.3622 0 
19.6104 7.1725 68.8905 45.0936 
11.1739 11.1739 48.9547 49.8758 
6.28847 9.27957 0 1.1711 11.3281 
0 2.0067 0 0 0.443185 19.3615 0 
19.6104 7.17255 68.8905 45.0935 
11.1739 11.1739 48.9547 49.8758 
6.28847 9.27957 0 1.1711 11.3281 
0 2.0067 0 0 0.443185 19.3616 0 
Estimating row 307 out of 308 for hessian
19.6106 7.17287 68.8892 45.0942 
11.1739 11.1739 48.9547 49.8758 
6.28847 9.27957 0 1.1711 11.3281 
0 2.0067 0 0 0.443185 19.3617 0 
19.6102 7.17218 68.8917 45.093 
11.1739 11.1739 48.9547 49.8758 
6.28847 9.27957 0 1.1711 11.3281 
0 2.0067 0 0 0.443185 19.3615 0 
19.6104 7.17256 68.8903 45.0936 
11.1739 11.1739 48.9547 49.8758 
6.28847 9.27957 0 1.1711 11.3281 
0 2.0067 0 0 0.443185 19.3616 0 
19.6104 7.17249 68.8906 45.0935 
11.1739 11.1739 48.9547 49.8758 
6.28847 9.27957 0 1.1711 11.3281 
0 2.0067 0 0 0.443185 19.3616 0 
Estimating row 308 out of 308 for hessian
19.6116 7.17235 68.888 45.0932 
11.1739 11.1739 48.9547 49.8758 
6.28847 9.27957 0 1.1711 11.3281 
0 2.0067 0 0 0.443185 19.3634 0 
19.6092 7.1727 68.8929 45.0939 
11.1739 11.1739 48.9547 49.8758 
6.28847 9.27957 0 1.1711 11.3281 
0 2.0067 0 0 0.443185 19.3598 0 
19.6105 7.17251 68.8902 45.0935 
11.1739 11.1739 48.9547 49.8758 
6.28847 9.27957 0 1.1711 11.3281 
0 2.0067 0 0 0.443185 19.3618 0 
19.6103 7.17254 68.8907 45.0936 
11.1739 11.1739 48.9547 49.8758 
6.28847 9.27957 0 1.1711 11.3281 
0 2.0067 0 0 0.443185 19.3614 0 
19.6104 7.17252 68.8905 45.0936 
11.1739 11.1739 48.9547 49.8758 
6.28847 9.27957 0 1.1711 11.3281 
0 2.0067 0 0 0.443185 19.3616 0 
Warning -- Hessian does not appear to be positive definite
Hessian does not appear to be positive definite
