imm_n_obs 1.06218e+09 8.02275e+08 7.82115e+08 3.24233e+08 8.87662e+08 3.13031e+09 2.86007e+09 2.37133e+09 1.91262e+09 2.65191e+09 2.22099e+09 4.00043e+09 3.23058e+09 2.63898e+09 1.50596e+09 8.04366e+08 5.4009e+08 2.49043e+08 7.30373e+08 1.12465e+09 4.12193e+08 8.66378e+08 1.21082e+09 1.41878e+09 8.04862e+08 8.98046e+08 6.00027e+08 7.66496e+08 1.91029e+09 1.3867e+09 9.46172e+08 7.64759e+08 1.07133e+09 1.1757e+09 2.01654e+09 2.90671e+09 4.28182e+09 1.32688e+09 0 6.2408e+07 4.54004e+08 7.09936e+08
mat_n_obs 8.60069e+08 6.57925e+08 5.559e+08 2.03921e+08 3.10644e+08 8.30291e+08 1.08412e+09 1.03005e+09 1.0513e+09 9.72324e+08 6.90866e+08 8.07569e+08 8.86215e+08 1.10775e+09 1.10373e+09 8.4616e+08 5.3158e+08 2.7958e+08 3.24903e+08 5.02475e+08 2.91251e+08 2.42719e+08 3.2086e+08 5.49636e+08 5.26538e+08 5.55811e+08 4.49691e+08 4.17428e+08 6.15704e+08 5.49313e+08 5.22582e+08 3.73711e+08 5.83147e+08 3.10621e+08 2.82013e+08 6.33466e+08 1.57292e+09 8.09824e+08 0 2.38936e+08 1.39945e+08 9.97933e+07
survey_sel 0.267972 0.367021 0.439104 0.477589 0.484361 0.469717 0.447895 0.430552 0.422662 0.423208 0.429725 0.442395 0.464484 0.499121 0.546515 0.604477 0.671466 0.749503 0.84147 0.947662 1
est_m_devs1
sigma_m_mu 0.01 0.008 0.01
smooth_m_weight 0.01 0.05
est_m_lg_devs-1
1307.79 1352.18 239.856 115.403 
1040.92 1040.92 398.898 402.363 
7.29111 353.816 0 19.6564 22.4647 
0 2.946 0 0 0.530993 30.693 0 

Initial statistics: 308 variables; iteration 0; function evaluation 0; phase 1
Function value   7.2040010e+03; maximum gradient component mag  -8.8308e+04
Var   Value    Gradient   |Var   Value    Gradient   |Var   Value    Gradient
  1 -0.00741  -1.6714e+01 |  2  0.23787  -7.0986e+01 |  3  0.01417  -6.3784e+00
  4  0.24330   4.0920e+02 |  5  0.14376  -2.1423e+01 |  6  0.24622   5.5782e+02
  7  0.22767   4.5057e+02 |  8  0.24443   6.9272e+02 |  9  0.14638  -8.9383e+01
 10  0.05837  -1.4872e+02 | 11 -0.00629  -7.3000e+01 | 12  0.12254  -5.9464e+01
 13  0.14891   1.1452e+02 | 14  0.05168  -8.0576e+01 | 15  0.08120  -6.5647e+01
 16 -0.04900  -8.7034e+00 | 17 -0.11564   1.5832e-01 | 18 -0.18354  -4.2208e-01
 19 -0.25403   3.7327e-04 | 20 -0.29314  -3.1122e-02 | 21 -0.45527   1.1550e-04
 22  0.01021  -5.7253e+00 | 23 -0.09673  -4.8010e-01 | 24  0.02808  -5.1708e+00
 25  0.00374  -1.0179e+01 | 26  0.13376  -4.1737e+01 | 27  0.20627   4.7722e+01
 28  0.19514   3.2010e+01 | 29  0.20614   1.1171e+02 | 30  0.07386  -5.5808e+01
 31  0.16673   6.5869e+01 | 32  0.20846   4.5576e+02 | 33  0.14324   1.1399e+02
 34  0.05797  -1.6254e+01 | 35  0.02405  -7.6626e+01 | 36  0.03066  -1.0145e+02
 37  0.05500  -1.0702e+02 | 38  0.08398   1.9069e+00 | 39 -0.00904  -2.2073e+01
 40  0.00302  -3.7361e+00 | 41 -0.10266  -2.2955e+00 | 42 -0.09094   1.0230e+00
 43 -0.03425  -6.3008e+02 | 44 -0.06677  -5.8667e+02 | 45 -0.08140  -5.4828e+02
 46 -0.22023  -5.1599e+02 | 47 -0.18571  -4.8746e+02 | 48 -0.14905  -4.7167e+02
 49 -0.11509  -4.4240e+02 | 50 -0.04176  -3.6864e+02 | 51 -0.03895  -3.5975e+02
 52  0.01676  -1.7838e+02 | 53 -0.01512  -1.6800e+02 | 54  0.02065  -5.2421e+01
 55  0.05612   9.5723e+01 | 56 -0.00374  -1.2506e+02 | 57  0.09447   1.8476e+02
 58  0.16175   4.9496e+02 | 59  0.09748   9.6053e+01 | 60 -0.13421  -4.3058e+02
 61 -0.03817  -3.4681e+02 | 62  0.04326  -2.0134e+02 | 63 -0.03574  -3.2254e+02
 64 -0.07456  -3.5327e+02 | 65 -0.10086  -3.7548e+02 | 66 -0.02364  -2.3289e+02
 67 -0.05644  -3.2876e+02 | 68 -0.01583  -2.9369e+02 | 69 -0.08613  -3.9541e+02
 70 -0.07189  -3.9382e+02 | 71  0.02927  -2.4000e+02 | 72  0.03523  -2.0118e+02
 73  0.04056  -2.1645e+02 | 74 -0.06080  -4.1991e+02 | 75  0.06512  -2.0941e+02
 76  0.14961   1.5931e+02 | 77 -0.01148  -2.6535e+02 | 78 -0.04609  -3.1922e+02
 79  0.08745  -9.9126e+01 | 80  0.30686   6.0056e+02 | 81  0.00793  -5.8078e+02
 82 -0.11186  -5.5663e+02 | 83 -0.02794  -5.6272e+02 | 84  0.04060  -5.7749e+02
 85 -0.01816  -3.5110e+01 | 86  0.12567   2.5770e+01 | 87  0.29359   2.4278e+02
 88 -0.13612   2.3397e+01 | 89 -0.27020   1.6263e+01 | 90 -0.11084   9.9603e+01
 91 -0.04089   1.5432e+02 | 92 -0.03311   1.3449e+02 | 93  0.03315   1.9081e+02
 94  0.19653   5.7679e+02 | 95  0.03109   2.1815e+02 | 96  0.00617   2.0408e+02
 97  0.04860   2.6486e+02 | 98  0.05990   3.5010e+02 | 99  0.14350   7.3361e+02
100  0.05525   4.6165e+02 |101  0.15827   9.1417e+02 |102 -0.06585   2.0708e+02
103 -0.11890   1.2386e+02 |104  0.02861   2.2508e+02 |105  0.03624   2.0658e+02
106 -0.03797   1.3168e+02 |107 -0.01172   1.7771e+02 |108  0.06383   2.5191e+02
109  0.08682   3.1908e+02 |110  0.08171   4.1174e+02 |111 -0.04748   2.1652e+02
112 -0.13060   1.5395e+02 |113 -0.11501   1.8549e+02 |114 -0.03766   2.2474e+02
115  0.12152   4.9536e+02 |116  0.01093   2.3308e+02 |117  0.07379   3.4601e+02
118  0.02828   2.6511e+02 |119 -0.04742   1.4419e+02 |120 -0.03981   1.5049e+02
121  0.08569   3.6153e+02 |122  0.22078   8.8706e+02 |123  0.00501  -2.8234e+00
124  0.05807   1.8402e+02 |125  0.01204   5.0469e+01 |126 -0.22647  -1.2049e+01
127  0.01837  -8.8974e+01 |128  0.00329  -8.9010e+01 |129  0.00578  -8.9007e+01
130 -0.02795  -8.8925e+01 |131 -0.05162  -8.8718e+01 |132  0.02184  -8.8958e+01
133 -0.04288  -8.8809e+01 |134  0.04111  -8.8825e+01 |135  0.01748  -8.8977e+01
136  0.01495  -8.8986e+01 |137  0.02793  -8.8925e+01 |138 -0.02225  -8.8956e+01
139 -0.04860  -8.8752e+01 |140 -0.00690  -8.9006e+01 |141 -0.01449  -8.8988e+01
142  0.03352  -8.8887e+01 |143  0.00562  -8.9007e+01 |144 -0.08588  -8.8202e+01
145 -0.01990  -8.8967e+01 |146 -0.00975  -8.9000e+01 |147 -0.00524  -8.9008e+01
148 -0.02303  -8.8953e+01 |149  0.00208  -8.9010e+01 |150 -0.04283  -8.8809e+01
151 -0.00887  -8.9002e+01 |152  0.02729  -8.8929e+01 |153  0.03000  -8.8912e+01
154 -0.02126  -8.8961e+01 |155  0.01825  -8.8974e+01 |156  0.02165  -8.8959e+01
157  0.02535  -8.8940e+01 |158  0.00399  -8.9009e+01 |159 -0.00027  -8.9011e+01
160  0.01605  -8.8982e+01 |161  0.01811  -8.8975e+01 |162 -0.00533  -8.9008e+01
163 -0.04465  -8.8792e+01 |164  0.02143  -8.8960e+01 |165 -0.03885  -8.8845e+01
166 -0.04454  -8.8793e+01 |167  0.00763  -8.9004e+01 |168 -0.01596  -8.8983e+01
169 -0.08972  -8.8308e+04 |170 -0.03359  -3.1019e+01 |171 -0.02556  -2.1424e+02
172  0.01614  -3.9843e+02 |173  0.12116  -2.0706e+03 |174  0.00729  -3.7013e+02
175  0.01690  -8.7322e+02 |176 -0.01963  -4.0838e+02 |177  0.01798  -5.3889e+02
178  0.09050  -1.0930e+03 |179  0.15103  -3.0549e+03 |180  0.05010  -1.5060e+03
181 -0.02266  -9.8956e+02 |182 -0.01932  -1.6586e+03 |183 -0.13453  -9.8935e+01
184 -0.04832  -1.2914e+03 |185 -0.08955  -7.0686e+02 |186 -0.02874  -1.6904e+03
187 -0.04429  -6.9797e+02 |188 -0.04331  -4.7133e+02 |189 -0.00199  -8.2287e+02
190  0.05737  -1.8484e+03 |191  0.01477  -1.1238e+03 |192  0.01328  -1.6162e+03
193 -0.06693  -2.3502e+02 |194 -0.06969  -7.0794e+01 |195  0.02673  -1.2785e+03
196  0.00171  -9.8741e+02 |197  0.01574  -1.0451e+03 |198  0.01232  -9.9667e+02
199 -0.03509  -3.9486e+02 |200 -0.01953  -4.3983e+02 |201  0.00103  -2.9941e+02
202  0.11047  -1.8271e+03 |203  0.07182  -1.2657e+03 |204  0.09343  -1.7747e+03
205 -0.09523   1.7892e+02 |206 -0.13873   2.1503e+02 |207 -0.14128   1.5760e+02
208 -0.11725   5.1744e+01 |209 -0.01110   2.4219e+01 |210  0.05555   8.4772e+01
211 -0.02460   2.9355e+02 |212 -0.13258   1.2573e+04 |213  0.06369   1.1675e+04
214 -0.01122  -6.9217e-09 |215 -0.65650  -7.0829e+01 |216 -0.85463  -4.2686e+02
217  0.01935   6.0298e+02 |218 -0.18267   2.5302e+02 |219 -0.28573   2.0483e+02
220 -0.07260   2.3901e+02 |221  0.05439   2.8503e+02 |222 -0.03177   3.1907e+02
223 -0.00010   4.0332e+02 |224 -0.00799   2.2614e+02 |225 -0.00411   1.1048e+02
226  0.03771   9.4336e+01 |227  0.07621   1.8592e+02 |228  0.19627   1.6452e+02
229  0.12809   1.1155e+02 |230  0.12348   1.0919e+02 |231  0.04869   8.9219e+01
232  0.08865   2.9505e+02 |233  0.02551   1.7624e+02 |234  0.10678   3.9126e+02
235 -0.11146  -1.3385e+02 |236 -0.09423  -9.0978e+01 |237  0.00387  -3.4126e+01
238  0.07287   9.5504e+01 |239 -0.05033  -7.8174e+00 |240 -0.10490  -3.8664e+01
241 -0.03865  -5.9764e+01 |242  0.04890   2.9182e+01 |243  0.02985   3.7271e+01
244 -0.02710   9.8598e+01 |245 -0.14513  -4.9174e+01 |246 -0.24865  -1.2454e+02
247 -0.10808  -5.7267e+01 |248  0.00296  -5.4438e+00 |249 -0.00117  -3.6248e+01
250  0.10939   8.7958e+01 |251  0.02033   9.7847e+00 |252 -0.04033  -3.1644e+01
253  0.06077   7.3179e+01 |254  0.15199   7.5767e+01 |255  0.18206   7.8381e+01
256  0.25886   1.2013e+02 |257 -0.16034  -1.1326e+02 |258 -0.02295  -6.9007e+03
259  0.14520   1.4347e+02 |260 -0.87252   7.0511e+03 |261 -0.84111   3.4258e+02
262 -0.64543   2.9392e+02 |263 -0.06665  -1.2573e+04 |264  0.09041  -1.2515e+04
265 -0.02136  -1.2635e+04 |266 -0.03129  -1.2627e+04 |267  0.00950  -1.2641e+04
268 -0.01366  -1.2639e+04 |269  0.00422  -1.2642e+04 |270  0.00495  -1.2642e+04
271  0.00166  -1.2642e+04 |272  0.03877  -1.2619e+04 |273 -0.03325  -1.2625e+04
274  0.00701  -1.2641e+04 |275  0.04091  -1.2616e+04 |276 -0.02171  -1.2635e+04
277  0.01826  -1.2637e+04 |278  0.02521  -1.2632e+04 |279 -0.00896  -1.2641e+04
280  0.00865  -1.2641e+04 |281 -0.05604  -1.2593e+04 |282  0.01489  -1.2639e+04
283 -0.05952  -1.2587e+04 |284 -0.02798  -1.2630e+04 |285  0.01220  -1.2640e+04
286 -0.06142  -1.2583e+04 |287  0.01414  -1.2639e+04 |288 -0.04018  -1.2617e+04
289 -0.06093  -1.2584e+04 |290 -0.03884  -1.2619e+04 |291  0.01901  -1.2637e+04
292  0.01416  -1.2639e+04 |293  0.03348  -1.2625e+04 |294 -0.03129  -1.2627e+04
295 -0.00840  -1.2641e+04 |296  0.01057  -1.2640e+04 |297  0.01056  -1.2640e+04
298 -0.04516  -1.2610e+04 |299  0.03468  -1.2623e+04 |300 -0.00157  -1.2642e+04
301  0.01939  -1.2636e+04 |302 -0.06091  -1.2584e+04 |303  0.43161  -1.7616e+03
304 -0.05956   2.1422e+03 |305 -0.91665   2.1322e+03 |306  0.30427   3.8324e+02
307 -0.89700   3.8039e+01 |308 -0.47648   3.4068e+03 |
1307.78 1352.17 239.856 115.403 
1040.91 1040.91 398.898 402.363 
7.29111 353.815 0 19.6564 22.4647 
0 2.946 0 0 0.530993 30.693 0 
1307.75 1352.14 239.854 115.402 
1040.88 1040.88 398.897 402.362 
7.29111 353.802 0 19.6564 22.4646 
0 2.946 0 0 0.530993 30.693 0 
1307.44 1351.79 239.84 115.398 
1040.58 1040.58 398.894 402.353 
7.2911 353.676 0 19.6571 22.4639 
0 2.946 0 0 0.530993 30.6931 0 
1304.32 1348.28 239.696 115.354 
1037.54 1037.54 398.857 402.262 
7.29106 352.411 0 19.6637 22.4564 
0 2.94598 0 0 0.530991 30.6939 0 
1273.26 1313.47 238.26 114.924 
1007.44 1007.44 398.498 401.356 
7.2906 339.922 0 19.7299 22.3818 
0 2.94584 0 0 0.530977 30.7021 0 
983.109 989.917 224.407 110.9 
731.469 731.469 395.006 392.531 
7.28603 231.584 0 20.398 21.6426 
0 2.94445 0 0 0.530838 30.7857 0 
27.7103 39.3456 156.642 90.6966 
80.1325 80.1325 292.559 208.01 
7.26043 236.451 0 23.6713 17.8117 
0 2.93831 0 0 0.529398 30.9876 0 
474.132 434.052 196.103 101.722 
292.215 292.215 358.882 322.793 
7.27769 101.35 0 21.4375 20.3556 
0 2.94245 0 0 0.530369 30.839 0 
401.279 344.854 180.645 89.1852 
348.57 348.57 141.155 67.5906 
7.29068 155.172 0 17.4176 22.7162 
0 2.95149 0 0 0.528613 29.3217 0 
174.845 175.62 117.604 102.887 
358.6 358.6 158.627 564.104 
7.4365 1017.09 0 0.0308469 14.0995 
0 3.00333 0 0 0.520411 20 0 
316.172 281.783 138.989 80.1992 
315.908 315.908 103.315 99.7892 
7.33768 281.281 0 8.38322 19.7228 
0 2.96762 0 0 0.525862 24.28 0 
305.112 227.741 98.2477 84.0792 
222.309 222.309 102.098 106.282 
7.28989 175.354 0 10.4386 12.3551 
0 2.97044 0 0 0.51945 20.7873 0 
228.863 168.596 126.971 117.457 
125.28 125.28 227.611 87.773 
7.28608 41.1835 0 11.9621 11.3129 
0 2.98389 0 0 0.513862 20.3895 0 
145.567 99.1586 174.122 133.168 
92.7889 92.7889 227.669 98.1322 
7.31326 43.281 0 11.0378 14.1808 
0 2.98409 0 0 0.514601 19.9209 0 
107.725 22.1865 208.188 148.97 
73.5236 73.5236 133.474 100.065 
7.25827 41.4873 0 14.6081 1.79208 
0 2.90736 0 0 0.515381 20.2837 0 
54.6398 14.142 284.638 153.832 
49.6755 49.6755 104.386 70.6775 
7.39783 65.7382 0 3.20676 1.48036 
0 2.90537 0 0 0.51889 18.5476 0 
46.8606 11.6093 275.08 142.109 
54.3151 54.3151 93.2331 78.1561 
7.27635 64.8006 0 4.8662 2.42726 
0 2.89543 0 0 0.518989 15.3723 0 

Intermediate statistics: 308 variables; iteration 10; function evaluation 17; phase 1
Function value   2.8173832e+03; maximum gradient component mag  -1.3329e+04
Var   Value    Gradient   |Var   Value    Gradient   |Var   Value    Gradient
  1 -0.01230  -5.4385e+00 |  2 -0.04577  -2.7569e+01 |  3  0.03128  -7.6362e+01
  4  0.18987  -2.9144e+02 |  5  0.20506  -8.7372e+01 |  6  0.13682  -1.8149e+02
  7  0.10631  -1.6825e+02 |  8  0.09574  -1.0526e+02 |  9  0.19977   1.6756e+02
 10  0.15198   8.8045e+00 | 11  0.04321  -4.7474e+01 | 12  0.14409   1.2732e+02
 13  0.09570   3.7422e+01 | 14  0.08313   5.6570e+01 | 15  0.06878   8.1539e+01
 16 -0.04759   6.8066e+00 | 17 -0.11637   9.6668e-01 | 18 -0.18343   1.7694e-01
 19 -0.25406   8.8938e-02 | 20 -0.29314   1.4856e-02 | 21 -0.45527   1.6906e-03
 22  0.01430  -3.3580e+00 | 23 -0.09693   2.3359e-01 | 24  0.02724   3.3760e+00
 25  0.01109  -1.2705e+01 | 26  0.13407   1.5951e+01 | 27  0.13307  -2.4006e+01
 28  0.14471  -3.0773e+00 | 29  0.13546  -6.3221e+00 | 30  0.11882  -5.0561e+01
 31  0.16330   2.1042e+01 | 32  0.13865  -3.9875e+01 | 33  0.13563   2.8544e+01
 34  0.07650  -9.0179e+00 | 35  0.07115  -1.6227e+01 | 36  0.08776  -7.5805e+00
 37  0.08719   1.0041e+02 | 38  0.04421   2.5121e+01 | 39 -0.00035   6.5915e+00
 40 -0.00464   2.6003e+01 | 41 -0.10185   6.2376e-01 | 42 -0.09286   4.3669e+00
 43  0.01151   2.9254e+02 | 44 -0.02686   2.6436e+02 | 45 -0.04650   2.2743e+02
 46 -0.18511   2.3067e+02 | 47 -0.15253   2.3776e+02 | 48 -0.11950   2.3477e+02
 49 -0.08894   2.3399e+02 | 50 -0.02246   2.3282e+02 | 51 -0.02032   2.2740e+02
 52  0.03808   2.1473e+02 | 53  0.02112   2.4894e+02 | 54  0.05016   2.5346e+02
 55  0.07282   2.3324e+02 | 56  0.01751   2.5211e+02 | 57  0.09888   2.1815e+02
 58  0.13770   1.3614e+02 | 59  0.08658   1.6889e+02 | 60 -0.10692   2.4496e+02
 61 -0.01460   2.4868e+02 | 62  0.06125   2.3421e+02 | 63 -0.00830   2.5130e+02
 64 -0.03945   2.6272e+02 | 65 -0.06669   2.5789e+02 | 66  0.00441   2.5173e+02
 67 -0.02882   2.6143e+02 | 68  0.01213   2.7074e+02 | 69 -0.05337   2.6198e+02
 70 -0.04023   2.6041e+02 | 71  0.06590   2.7371e+02 | 72  0.07358   2.8502e+02
 73  0.07341   2.9339e+02 | 74 -0.02540   2.7943e+02 | 75  0.09745   2.9394e+02
 76  0.16688   3.0570e+02 | 77  0.01641   2.9553e+02 | 78 -0.01064   3.0464e+02
 79  0.13155   3.5984e+02 | 80  0.40020   4.9219e+02 | 81  0.04148   2.6878e+02
 82 -0.07913   2.7318e+02 | 83  0.00441   2.7344e+02 | 84  0.07245   2.6987e+02
 85 -0.03802  -2.3189e+02 | 86  0.11000  -2.2110e+02 | 87  0.32004  -6.9223e+01
 88 -0.14598  -2.2131e+02 | 89 -0.28406  -2.1139e+02 | 90 -0.11057  -2.4641e+02
 91 -0.02800  -2.8490e+02 | 92 -0.03479  -2.7184e+02 | 93  0.02022  -2.6208e+02
 94  0.15341  -2.9866e+02 | 95 -0.01450  -2.6709e+02 | 96 -0.03390  -2.6115e+02
 97  0.01330  -2.6858e+02 | 98  0.04014  -2.8877e+02 | 99  0.10674  -3.0293e+02
100  0.00506  -2.8982e+02 |101  0.04539  -3.4663e+02 |102 -0.11855  -2.6558e+02
103 -0.16012  -2.4618e+02 |104 -0.02496  -2.8219e+02 |105 -0.00906  -2.8564e+02
106 -0.07441  -2.5328e+02 |107 -0.04854  -2.3945e+02 |108  0.03524  -2.4634e+02
109  0.06936  -2.5879e+02 |110  0.06903  -2.5356e+02 |111 -0.06552  -2.4041e+02
112 -0.15471  -2.3026e+02 |113 -0.14063  -2.3069e+02 |114 -0.06326  -2.3543e+02
115  0.09302  -2.5159e+02 |116 -0.01300  -2.4962e+02 |117  0.05743  -2.4999e+02
118  0.00887  -2.3217e+02 |119 -0.06754  -2.3523e+02 |120 -0.06298  -2.4639e+02
121  0.04862  -2.7209e+02 |122  0.16495  -2.8417e+02 |123 -0.02710  -2.1873e+02
124  0.04968  -2.3097e+02 |125 -0.01118  -2.2215e+02 |126 -0.25026  -2.1126e+02
127  0.02789   8.9464e+01 |128  0.01281   8.9532e+01 |129  0.01530   8.9524e+01
130 -0.01844   8.9512e+01 |131 -0.04214   8.9354e+01 |132  0.03136   8.9441e+01
133 -0.03339   8.9427e+01 |134  0.05062   8.9267e+01 |135  0.02699   8.9469e+01
136  0.02447   8.9484e+01 |137  0.03744   8.9395e+01 |138 -0.01275   8.9532e+01
139 -0.03912   8.9381e+01 |140  0.00261   8.9549e+01 |141 -0.00498   8.9547e+01
142  0.04303   8.9345e+01 |143  0.01514   8.9524e+01 |144 -0.07647   8.8904e+01
145 -0.01039   8.9538e+01 |146 -0.00024   8.9550e+01 |147  0.00428   8.9548e+01
148 -0.01353   8.9530e+01 |149  0.01160   8.9535e+01 |150 -0.03334   8.9427e+01
151  0.00065   8.9550e+01 |152  0.03681   8.9400e+01 |153  0.03952   8.9377e+01
154 -0.01175   8.9534e+01 |155  0.02777   8.9465e+01 |156  0.03117   8.9442e+01
157  0.03486   8.9415e+01 |158  0.01351   8.9530e+01 |159  0.00925   8.9540e+01
160  0.02557   8.9478e+01 |161  0.02763   8.9465e+01 |162  0.00419   8.9548e+01
163 -0.03516   8.9413e+01 |164  0.03095   8.9444e+01 |165 -0.02936   8.9455e+01
166 -0.03506   8.9414e+01 |167  0.01715   8.9517e+01 |168 -0.00645   8.9545e+01
169 -0.00763   6.7879e+03 |170  0.07245   7.4462e+02 |171  0.07620   9.8957e+02
172  0.12544   1.0349e+03 |173 -0.02154   3.0091e+02 |174  0.11449   5.5293e+02
175  0.09795   7.9806e+02 |176  0.02864   4.8966e+02 |177  0.06236   5.3658e+02
178  0.14460   5.3657e+02 |179 -0.18209   3.5820e+02 |180  0.12828   2.3048e+02
181  0.10252   7.8916e+02 |182 -0.03745   4.0249e+02 |183 -0.11238   3.8745e+02
184  0.04945   7.8239e+02 |185  0.03747   8.4937e+02 |186 -0.00774   4.2337e+02
187 -0.12431   3.2783e+02 |188 -0.04928   3.4735e+02 |189  0.07514   6.6932e+02
190 -0.17998   3.5470e+02 |191  0.06401   4.5473e+02 |192  0.04908   5.9029e+02
193 -0.02717   3.8857e+02 |194 -0.05859   3.3219e+02 |195 -0.09563   3.3160e+02
196  0.10277   7.0529e+02 |197 -0.01718   2.6803e+02 |198 -0.08477   2.9179e+02
199  0.02227   3.0056e+02 |200  0.01722   4.2630e+02 |201  0.01561   4.0704e+02
202  0.11321   3.4162e+02 |203  0.16724   3.2671e+02 |204 -0.15166   3.3878e+02
205 -0.06477   2.4691e+02 |206 -0.12488   3.8617e+02 |207 -0.12101   3.9919e+02
208 -0.07313   5.3144e+02 |209 -0.03063   4.1004e+02 |210  0.07720   4.5590e+02
211 -0.00724   4.0403e+02 |212 -0.08171  -3.0676e+02 |213 -0.00047  -1.3265e+03
214 -0.01122  -6.9217e-09 |215 -0.68833  -4.3615e+01 |216 -0.73737  -3.6707e+01
217  0.14954   1.6184e+03 |218 -0.18384  -7.5780e+01 |219 -0.27355  -3.9374e+01
220 -0.07966  -1.3662e+02 |221  0.06391  -1.0152e+02 |222  0.01427  -1.3602e+02
223  0.05058  -6.6093e+01 |224  0.02630  -4.0574e+01 |225 -0.01985  -3.5971e+01
226  0.04336  -1.1229e+02 |227  0.05585  -8.6835e+01 |228  0.18319  -1.2205e+02
229  0.10156  -1.1318e+02 |230  0.11296  -9.2860e+01 |231  0.03979  -9.4508e+01
232  0.08599  -1.1278e+02 |233  0.02598  -1.2593e+02 |234  0.08074  -1.3595e+02
235 -0.12532  -5.9763e+01 |236 -0.12185  -5.8013e+01 |237 -0.00236  -8.3398e+01
238  0.05959  -7.8918e+01 |239 -0.06995  -5.7492e+01 |240 -0.11842  -6.5409e+01
241 -0.04808  -1.0975e+02 |242  0.03223  -9.2804e+01 |243  0.02695  -1.2445e+02
244 -0.04353  -1.2435e+02 |245 -0.15787  -9.7812e+01 |246 -0.26732  -5.7495e+01
247 -0.12880  -6.0303e+01 |248 -0.01061  -1.1115e+02 |249  0.00877  -1.2614e+02
250  0.09684  -1.1954e+02 |251  0.01882  -1.2390e+02 |252 -0.04823  -1.2959e+02
253  0.02783  -1.0906e+02 |254  0.14739  -1.1539e+02 |255  0.19250  -1.0859e+02
256  0.26529  -1.1255e+02 |257 -0.19916  -1.0919e+02 |258  0.09196  -3.3609e+03
259  0.16099  -9.9632e+00 |260 -0.86142   3.9165e+02 |261 -0.85586  -3.5394e+02
262 -0.61506   4.7503e+02 |263 -0.05919  -1.3271e+04 |264  0.08300  -1.3216e+04
265 -0.02058  -1.3322e+04 |266 -0.02925  -1.3315e+04 |267  0.00701  -1.3328e+04
268 -0.01379  -1.3326e+04 |269  0.00221  -1.3329e+04 |270  0.00288  -1.3329e+04
271 -0.00009  -1.3329e+04 |272  0.03395  -1.3310e+04 |273 -0.03095  -1.3313e+04
274  0.00474  -1.3329e+04 |275  0.03595  -1.3308e+04 |276 -0.02089  -1.3322e+04
277  0.01500  -1.3325e+04 |278  0.02138  -1.3322e+04 |279 -0.00961  -1.3328e+04
280  0.00623  -1.3328e+04 |281 -0.05036  -1.3287e+04 |282  0.01191  -1.3327e+04
283 -0.05328  -1.3282e+04 |284 -0.02638  -1.3318e+04 |285  0.00946  -1.3328e+04
286 -0.05486  -1.3280e+04 |287  0.01123  -1.3327e+04 |288 -0.03691  -1.3307e+04
289 -0.05446  -1.3280e+04 |290 -0.03577  -1.3308e+04 |291  0.01568  -1.3325e+04
292  0.01124  -1.3327e+04 |293  0.02903  -1.3315e+04 |294 -0.02925  -1.3315e+04
295 -0.00911  -1.3328e+04 |296  0.00798  -1.3328e+04 |297  0.00797  -1.3328e+04
298 -0.04118  -1.3301e+04 |299  0.03015  -1.3314e+04 |300 -0.00300  -1.3329e+04
301  0.01603  -1.3325e+04 |302 -0.05443  -1.3280e+04 |303  0.52067  -1.1689e+03
304  0.00296   9.4616e+01 |305 -0.53277  -9.3010e-01 |306  0.31703   1.3543e+02
307 -0.91894  -4.4292e+02 |308 -0.59443  -1.7259e+02 |
39.5943 11.6724 268.176 150.697 
52.7977 52.7977 88.6473 86.2218 
7.07702 70.6618 0 3.29869 2.51779 
0 2.84132 0 0 0.522959 19.6452 0 
53.5066 14.3262 256.14 107.951 
49.9615 49.9615 79.1006 98.6194 
6.54657 73.2171 0 6.4506 2.36732 
0 2.7228 0 0 0.538913 29.2811 0 
43.1478 17.1221 238.349 123.685 
47.0111 47.0111 84.6633 88.1799 
6.05175 100.717 0 5.92622 4.16479 
0 2.6106 0 0 0.571662 19.8931 0 
44.1797 18.8418 239.84 122.219 
53.6937 53.6937 76.0174 88.8207 
5.68467 111.317 0 6.87405 4.19842 
0 2.50163 0 0 0.610961 21.0317 0 
38.5652 27.6686 243.155 118.568 
57.6025 57.6025 90.0114 89.4655 
5.26023 91.9551 0 9.39088 3.31777 
0 2.37772 0 0 0.671725 24.6902 0 
38.549 27.6391 242.854 118.424 
57.394 57.394 89.9285 89.2282 
5.25012 92.1532 0 9.37874 3.30744 
0 2.37476 0 0 0.673467 24.6853 0 
38.5122 27.4883 240.382 117.081 
55.541 55.541 89.2328 86.9501 
5.15004 94.6026 0 9.25778 3.20502 
0 2.34731 0 0 0.691292 24.6446 0 
40.3709 24.4349 233.947 114.264 
57.1568 57.1568 87.1421 90.6954 
4.9745 87.766 0 9.68047 3.87452 
0 2.29943 0 0 0.734522 24.5113 0 
39.6891 22.7725 224.031 106.85 
57.7651 57.7651 84.6026 92.2221 
4.6771 94.5054 0 11.7674 6.50998 
0 2.25679 0 0 0.816901 24.8903 0 
38.6749 21.9061 212.602 102.821 
54.824 54.824 75.6149 84.1332 
4.25964 97.4918 0 14.4035 8.13798 
0 2.29689 0 0 0.954251 27.0208 0 
2162.14 2503.29 1503.78 630.169 
2128.85 2128.85 319.83 719.714 
3.4764 3586.18 0 54.5244 34.2731 
0 7.45538 0 0 3.24432 60.9325 0 
nan nan -0 nan 
nan nan -0 -0 
nan nan 0 nan nan 
0 nan 0 0 nan nan 0 
nan nan -0 nan 
nan nan -0 -0 
nan nan 0 nan nan 
0 nan 0 0 nan nan 0 
nan nan -0 nan 
nan nan -0 -0 
nan nan 0 nan nan 
0 nan 0 0 nan nan 0 
nan nan -0 nan 
nan nan -0 -0 
nan nan 0 nan nan 
0 nan 0 0 nan nan 0 
nan nan -0 nan 
nan nan -0 -0 
nan nan 0 nan nan 
0 nan 0 0 nan nan 0 
nan nan -0 nan 
nan nan -0 -0 
nan nan 0 nan nan 
0 nan 0 0 nan nan 0 
nan nan -0 nan 
nan nan -0 -0 
nan nan 0 nan nan 
0 nan 0 0 nan nan 0 
nan nan -0 nan 
nan nan -0 -0 
nan nan 0 nan nan 
0 nan 0 0 nan nan 0 
nan nan -0 nan 
nan nan -0 -0 
nan nan 0 nan nan 
0 nan 0 0 nan nan 0 
nan nan -0 nan 
nan nan -0 -0 
nan nan 0 nan nan 
0 nan 0 0 nan nan 0 
nan nan -0 nan 
nan nan -0 -0 
nan nan 0 nan nan 
0 nan 0 0 nan nan 0 
nan nan -0 nan 
nan nan -0 -0 
nan nan 0 nan nan 
0 nan 0 0 nan nan 0 
nan nan -0 nan 
nan nan -0 -0 
nan nan 0 nan nan 
0 nan 0 0 nan nan 0 
nan nan -0 nan 
nan nan -0 -0 
nan nan 0 nan nan 
0 nan 0 0 nan nan 0 
nan nan -0 nan 
nan nan -0 -0 
nan nan 0 nan nan 
0 nan 0 0 nan nan 0 
nan nan -0 nan 
nan nan -0 -0 
nan nan 0 nan nan 
0 nan 0 0 nan nan 0 
nan nan -0 nan 
nan nan -0 -0 
nan nan 0 nan nan 
0 nan 0 0 nan nan 0 
nan nan -0 nan 
nan nan -0 -0 
nan nan 0 nan nan 
0 nan 0 0 nan nan 0 
nan nan -0 nan 
nan nan -0 -0 
nan nan 0 nan nan 
0 nan 0 0 nan nan 0 
nan nan -0 nan 
nan nan -0 -0 
nan nan 0 nan nan 
0 nan 0 0 nan nan 0 
nan nan -0 nan 
nan nan -0 -0 
nan nan 0 nan nan 
0 nan 0 0 nan nan 0 
nan nan -0 nan 
nan nan -0 -0 
nan nan 0 nan nan 
0 nan 0 0 nan nan 0 
nan nan -0 nan 
nan nan -0 -0 
nan nan 0 nan nan 
0 nan 0 0 nan nan 0 
nan nan -0 nan 
nan nan -0 -0 
nan nan 0 nan nan 
0 nan 0 0 nan nan 0 
nan nan -0 nan 
nan nan -0 -0 
nan nan 0 nan nan 
0 nan 0 0 nan nan 0 
nan nan -0 nan 
nan nan -0 -0 
nan nan 0 nan nan 
0 nan 0 0 nan nan 0 
nan nan -0 nan 
nan nan -0 -0 
nan nan 0 nan nan 
0 nan 0 0 nan nan 0 
nan nan -0 nan 
nan nan -0 -0 
nan nan 0 nan nan 
0 nan 0 0 nan nan 0 
nan nan -0 nan 
nan nan -0 -0 
nan nan 0 nan nan 
0 nan 0 0 nan nan 0 
  ic > imax  in fminim is answer attained ?
Var   Value    Gradient   |Var   Value    Gradient   |Var   Value    Gradient
  1 -0.01094  -2.2889e+00 |  2 -1.01103  -3.8135e-01 |  3  0.16502  -5.9368e+01
  4  0.17527   3.0428e+01 |  5  0.19721   3.7366e+01 |  6  0.21981  -1.5116e+02
  7  0.13855  -1.6424e+02 |  8 -0.15449  -6.7633e+01 |  9  0.19086   9.8529e+01
 10  0.12057  -2.1073e+01 | 11  0.12630   5.7224e+01 | 12  0.11331   5.3833e+01
 13  0.05356  -4.8737e+00 | 14  0.02595   1.7882e+01 | 15 -0.04720   1.5658e+00
 16 -0.05601   4.7018e+00 | 17 -0.11638  -3.3187e+00 | 18 -0.18402   6.5941e-01
 19 -0.25441   1.4704e-01 | 20 -0.29320   7.9931e-02 | 21 -0.45528   4.2162e-03
 22  0.03062  -9.9390e-01 | 23 -0.09807   2.9565e-01 | 24  0.01749   3.4129e+00
 25  0.05609  -8.1223e+00 | 26  0.11049   6.0159e+00 | 27  0.05326  -5.6230e+01
 28  0.09745  -5.0556e+01 | 29  0.03247  -5.6112e+01 | 30  0.16334   8.7786e+01
 31  0.15967   1.8780e+01 | 32  0.14884  -4.9620e+01 | 33  0.14419   3.0596e+01
 34  0.12238   4.6196e+01 | 35  0.11194   3.4964e+01 | 36  0.07496  -2.5069e+01
 37  0.03756   1.3540e+01 | 38 -0.03889  -2.8668e+01 | 39 -0.02582   2.4533e+01
 40 -0.06973   1.1260e+01 | 41 -0.10480   4.4919e+00 | 42 -0.11042   6.7850e+00
 43  0.05421   1.0862e+02 | 44  0.00793   1.1152e+02 | 45 -0.00095   1.0275e+02
 46 -0.14668   7.4228e+01 | 47 -0.13408   6.2588e+01 | 48 -0.10133   5.8030e+01
 49 -0.07745   5.3201e+01 | 50 -0.02857   4.5762e+01 | 51 -0.00536   3.4571e+01
 52  0.03931   1.1419e+01 | 53  0.01572   5.1631e+01 | 54  0.03795   6.5288e+01
 55  0.03988   5.4697e+01 | 56  0.00581   6.2257e+01 | 57  0.06661   3.3303e+01
 58  0.05566   3.1416e+00 | 59  0.03580   3.1814e+01 | 60 -0.09327   7.7293e+01
 61 -0.02407   8.1093e+01 | 62  0.04803   5.5867e+01 | 63 -0.02073   5.9443e+01
 64 -0.05116   7.2114e+01 | 65 -0.06576   7.1385e+01 | 66 -0.01742   6.3463e+01
 67 -0.04939   7.0435e+01 | 68 -0.02173   7.2455e+01 | 69 -0.05462   7.2377e+01
 70 -0.04980   6.5378e+01 | 71  0.01657   5.1482e+01 | 72  0.03087   5.3870e+01
 73  0.04266   6.1085e+01 | 74 -0.01601   7.3993e+01 | 75  0.09418   6.0244e+01
 76  0.13707   1.6020e+01 | 77  0.00632   4.5175e+01 | 78 -0.03553   5.3598e+01
 79  0.05158   1.4044e+01 | 80  0.27033  -1.3490e+02 | 81  0.05452   8.7787e+01
 82 -0.08220   8.9750e+01 | 83  0.00218   9.2837e+01 | 84  0.07572   9.0190e+01
 85 -0.00209  -2.0886e+01 | 86  0.13238  -1.8683e+01 | 87  0.27338   2.3227e+01
 88 -0.07559  -2.1612e+01 | 89 -0.22467  -2.3114e+01 | 90 -0.00183  -1.8101e+01
 91  0.15123  -2.8641e+01 | 92  0.07897  -3.6886e+01 | 93  0.07648  -6.1326e+01
 94  0.10585  -9.8256e+01 | 95 -0.05126  -4.8704e+01 | 96 -0.05417  -4.7853e+01
 97  0.00973  -6.2211e+01 | 98  0.12339  -1.1269e+02 | 99  0.07121  -8.7830e+01
100 -0.02754  -7.1677e+01 |101 -0.25229  -5.6536e+01 |102 -0.14008  -6.4934e+01
103 -0.16435  -5.0690e+01 |104 -0.04981  -7.4570e+01 |105  0.01160  -8.2745e+01
106 -0.05770  -5.2272e+01 |107 -0.06948  -3.7565e+01 |108  0.03351  -4.8747e+01
109  0.10669  -7.2332e+01 |110  0.07014  -5.3601e+01 |111 -0.04624  -3.9375e+01
112 -0.14516  -3.4280e+01 |113 -0.14131  -3.6401e+01 |114 -0.06927  -4.6349e+01
115  0.04495  -8.2814e+01 |116  0.00683  -6.4382e+01 |117  0.08878  -8.1297e+01
118  0.02128  -5.2860e+01 |119 -0.02581  -3.7557e+01 |120 -0.00858  -4.3147e+01
121  0.09593  -8.1921e+01 |122  0.15380  -1.4866e+02 |123 -0.04684  -1.0878e+01
124  0.12854  -8.0112e+01 |125 -0.00418  -2.0790e+01 |126 -0.23002  -1.8885e+01
127  0.02405   2.0458e+01 |128  0.00896   2.0470e+01 |129  0.01145   2.0469e+01
130 -0.02231   2.0460e+01 |131 -0.04602   2.0419e+01 |132  0.02752   2.0453e+01
133 -0.03727   2.0438e+01 |134  0.04681   2.0417e+01 |135  0.02315   2.0459e+01
136  0.02063   2.0461e+01 |137  0.03361   2.0444e+01 |138 -0.01661   2.0466e+01
139 -0.04300   2.0426e+01 |140 -0.00125   2.0472e+01 |141 -0.00884   2.0471e+01
142  0.03921   2.0433e+01 |143  0.01129   2.0469e+01 |144 -0.08035   2.0310e+01
145 -0.01426   2.0467e+01 |146 -0.00410   2.0472e+01 |147  0.00042   2.0472e+01
148 -0.01740   2.0465e+01 |149  0.00775   2.0471e+01 |150 -0.03722   2.0438e+01
151 -0.00321   2.0472e+01 |152  0.03298   2.0445e+01 |153  0.03569   2.0440e+01
154 -0.01562   2.0466e+01 |155  0.02393   2.0458e+01 |156  0.02733   2.0453e+01
157  0.03103   2.0448e+01 |158  0.00966   2.0470e+01 |159  0.00539   2.0472e+01
160  0.02173   2.0460e+01 |161  0.02379   2.0458e+01 |162  0.00033   2.0472e+01
163 -0.03904   2.0434e+01 |164  0.02712   2.0454e+01 |165 -0.03323   2.0445e+01
166 -0.03894   2.0434e+01 |167  0.01330   2.0468e+01 |168 -0.01031   2.0470e+01
169 -0.00919   9.9301e+03 |170  0.02116   4.1317e+02 |171  0.02961   5.9769e+02
172  0.06679   7.6486e+02 |173  0.15114   1.5591e+03 |174  0.04702   6.0195e+02
175  0.07513   6.7444e+02 |176  0.02826   6.2415e+02 |177  0.04972   6.5375e+02
178  0.15251   1.2092e+03 |179  0.00029   4.8786e+02 |180  0.06926   2.4086e+02
181  0.06156   8.1047e+02 |182 -0.02543   7.0425e+02 |183 -0.07021   6.0184e+02
184  0.00728   8.8116e+02 |185 -0.01423   7.9314e+02 |186 -0.05137   4.9377e+02
187 -0.05020   4.7289e+02 |188 -0.02819   6.3431e+02 |189  0.07699   1.0811e+03
190 -0.19661   5.0052e+02 |191  0.06747   6.3519e+02 |192  0.03804   7.2236e+02
193  0.00910   6.4241e+02 |194 -0.02185   6.4563e+02 |195 -0.02406   5.4668e+02
196  0.06728   8.9475e+02 |197  0.06867   8.1292e+02 |198 -0.01672   5.5178e+02
199  0.01376   5.5360e+02 |200  0.02343   6.0298e+02 |201  0.01960   6.2428e+02
202  0.11285   7.6887e+02 |203  0.13434   9.9909e+02 |204 -0.35738   4.7702e+02
205  0.06979   7.8980e+02 |206 -0.12563   5.7812e+02 |207 -0.10642   5.6980e+02
208 -0.11854   5.1085e+02 |209 -0.05177   5.2253e+02 |210  0.01741   5.4270e+02
211  0.01255   5.6191e+02 |212 -0.11793  -1.6187e+03 |213  0.02561  -1.6122e+03
214 -0.01122  -6.9217e-09 |215 -0.55420   4.3503e+01 |216 -0.60873   5.9298e+01
217  0.30528   1.0502e+03 |218 -0.19941   9.2244e-01 |219 -0.34377   3.1150e+01
220 -0.02296  -1.4491e+01 |221  0.11740   3.1810e+00 |222  0.17399   5.4993e+00
223  0.14247   2.6883e+01 |224  0.10246   3.7567e+01 |225 -0.02803   2.9312e+01
226  0.13637   1.7043e+01 |227  0.02824  -1.1610e+01 |228  0.20643  -1.5087e+01
229  0.08048  -8.7418e+00 |230  0.13485   1.5870e+01 |231  0.09429   1.4715e+01
232  0.12510  -1.0383e+01 |233  0.06955  -9.7673e+00 |234  0.06083  -2.9604e+01
235 -0.18210   3.9678e+01 |236 -0.24987   3.6009e+01 |237 -0.02582   3.5483e+01
238  0.03259   2.1609e+01 |239 -0.11269   3.0196e+01 |240 -0.16272   2.1824e+01
241 -0.07720   3.3800e+01 |242  0.00546   2.9125e+01 |243  0.07854   5.7347e+00
244 -0.04021  -6.6387e+00 |245 -0.17777   4.9757e+00 |246 -0.38735   2.9607e+01
247 -0.25254   1.3757e+01 |248 -0.01840   2.0485e+01 |249  0.11167   1.2163e+01
250  0.09570   6.6191e+00 |251  0.08672   7.4399e+00 |252 -0.04235   9.4872e+00
253 -0.03200  -4.3484e+00 |254  0.16592   1.5587e+01 |255  0.24327   2.5391e+01
256  0.31757  -2.3008e+00 |257 -0.27651   2.5985e+01 |258  0.14254  -1.3437e+03
259  0.15133   8.4787e+01 |260 -0.85015   3.7253e+02 |261 -0.85456  -7.8410e+02
262 -0.73435   2.9693e+02 |263  0.06522  -1.2744e+04 |264  0.07726  -1.2663e+04
265 -0.03435  -1.2744e+04 |266 -0.02503  -1.2746e+04 |267 -0.02335  -1.2753e+04
268 -0.03651  -1.2744e+04 |269 -0.02831  -1.2751e+04 |270 -0.02767  -1.2751e+04
271 -0.03037  -1.2750e+04 |272  0.01291  -1.2752e+04 |273 -0.02226  -1.2747e+04
274 -0.02580  -1.2752e+04 |275  0.01578  -1.2750e+04 |276 -0.03415  -1.2744e+04
277 -0.01360  -1.2756e+04 |278 -0.00496  -1.2756e+04 |279 -0.03594  -1.2746e+04
280 -0.02421  -1.2753e+04 |281  0.03127  -1.2756e+04 |282 -0.01754  -1.2755e+04
283  0.04212  -1.2754e+04 |284 -0.02900  -1.2745e+04 |285 -0.02053  -1.2754e+04
286  0.04822  -1.2752e+04 |287 -0.01839  -1.2755e+04 |288 -0.00997  -1.2751e+04
289  0.04664  -1.2753e+04 |290 -0.01263  -1.2750e+04 |291 -0.01270  -1.2756e+04
292 -0.01837  -1.2755e+04 |293  0.00586  -1.2754e+04 |294 -0.02503  -1.2746e+04
295 -0.03579  -1.2746e+04 |296 -0.02225  -1.2754e+04 |297 -0.02227  -1.2754e+04
298  0.00121  -1.2754e+04 |299  0.00746  -1.2754e+04 |300 -0.03261  -1.2749e+04
301 -0.01225  -1.2756e+04 |302  0.04656  -1.2753e+04 |303  0.50389  -1.3357e+03
304 -0.05258  -1.1888e+02 |305 -0.04740   1.2039e-05 |306  0.23419   8.3585e-06
307 -0.91519   4.9349e+02 |308 -0.74854  -1.2303e+02 |
Function minimizer not making progress ... is minimum attained?
Minimprove criterion =   0.0000e+00

 - final statistics:
308 variables; iteration 19; function evaluation 56
Function value          nan; maximum gradient component mag  -1.2756e+04
Exit code = 1;  converg criter   1.0000e-03
Var   Value    Gradient   |Var   Value    Gradient   |Var   Value    Gradient
  1 -0.01094  -2.2889e+00 |  2 -1.01103  -3.8135e-01 |  3  0.16502  -5.9368e+01
  4  0.17527   3.0428e+01 |  5  0.19721   3.7366e+01 |  6  0.21981  -1.5116e+02
  7  0.13855  -1.6424e+02 |  8 -0.15449  -6.7633e+01 |  9  0.19086   9.8529e+01
 10  0.12057  -2.1073e+01 | 11  0.12630   5.7224e+01 | 12  0.11331   5.3833e+01
 13  0.05356  -4.8737e+00 | 14  0.02595   1.7882e+01 | 15 -0.04720   1.5658e+00
 16 -0.05601   4.7018e+00 | 17 -0.11638  -3.3187e+00 | 18 -0.18402   6.5941e-01
 19 -0.25441   1.4704e-01 | 20 -0.29320   7.9931e-02 | 21 -0.45528   4.2162e-03
 22  0.03062  -9.9390e-01 | 23 -0.09807   2.9565e-01 | 24  0.01749   3.4129e+00
 25  0.05609  -8.1223e+00 | 26  0.11049   6.0159e+00 | 27  0.05326  -5.6230e+01
 28  0.09745  -5.0556e+01 | 29  0.03247  -5.6112e+01 | 30  0.16334   8.7786e+01
 31  0.15967   1.8780e+01 | 32  0.14884  -4.9620e+01 | 33  0.14419   3.0596e+01
 34  0.12238   4.6196e+01 | 35  0.11194   3.4964e+01 | 36  0.07496  -2.5069e+01
 37  0.03756   1.3540e+01 | 38 -0.03889  -2.8668e+01 | 39 -0.02582   2.4533e+01
 40 -0.06973   1.1260e+01 | 41 -0.10480   4.4919e+00 | 42 -0.11042   6.7850e+00
 43  0.05421   1.0862e+02 | 44  0.00793   1.1152e+02 | 45 -0.00095   1.0275e+02
 46 -0.14668   7.4228e+01 | 47 -0.13408   6.2588e+01 | 48 -0.10133   5.8030e+01
 49 -0.07745   5.3201e+01 | 50 -0.02857   4.5762e+01 | 51 -0.00536   3.4571e+01
 52  0.03931   1.1419e+01 | 53  0.01572   5.1631e+01 | 54  0.03795   6.5288e+01
 55  0.03988   5.4697e+01 | 56  0.00581   6.2257e+01 | 57  0.06661   3.3303e+01
 58  0.05566   3.1416e+00 | 59  0.03580   3.1814e+01 | 60 -0.09327   7.7293e+01
 61 -0.02407   8.1093e+01 | 62  0.04803   5.5867e+01 | 63 -0.02073   5.9443e+01
 64 -0.05116   7.2114e+01 | 65 -0.06576   7.1385e+01 | 66 -0.01742   6.3463e+01
 67 -0.04939   7.0435e+01 | 68 -0.02173   7.2455e+01 | 69 -0.05462   7.2377e+01
 70 -0.04980   6.5378e+01 | 71  0.01657   5.1482e+01 | 72  0.03087   5.3870e+01
 73  0.04266   6.1085e+01 | 74 -0.01601   7.3993e+01 | 75  0.09418   6.0244e+01
 76  0.13707   1.6020e+01 | 77  0.00632   4.5175e+01 | 78 -0.03553   5.3598e+01
 79  0.05158   1.4044e+01 | 80  0.27033  -1.3490e+02 | 81  0.05452   8.7787e+01
 82 -0.08220   8.9750e+01 | 83  0.00218   9.2837e+01 | 84  0.07572   9.0190e+01
 85 -0.00209  -2.0886e+01 | 86  0.13238  -1.8683e+01 | 87  0.27338   2.3227e+01
 88 -0.07559  -2.1612e+01 | 89 -0.22467  -2.3114e+01 | 90 -0.00183  -1.8101e+01
 91  0.15123  -2.8641e+01 | 92  0.07897  -3.6886e+01 | 93  0.07648  -6.1326e+01
 94  0.10585  -9.8256e+01 | 95 -0.05126  -4.8704e+01 | 96 -0.05417  -4.7853e+01
 97  0.00973  -6.2211e+01 | 98  0.12339  -1.1269e+02 | 99  0.07121  -8.7830e+01
100 -0.02754  -7.1677e+01 |101 -0.25229  -5.6536e+01 |102 -0.14008  -6.4934e+01
103 -0.16435  -5.0690e+01 |104 -0.04981  -7.4570e+01 |105  0.01160  -8.2745e+01
106 -0.05770  -5.2272e+01 |107 -0.06948  -3.7565e+01 |108  0.03351  -4.8747e+01
109  0.10669  -7.2332e+01 |110  0.07014  -5.3601e+01 |111 -0.04624  -3.9375e+01
112 -0.14516  -3.4280e+01 |113 -0.14131  -3.6401e+01 |114 -0.06927  -4.6349e+01
115  0.04495  -8.2814e+01 |116  0.00683  -6.4382e+01 |117  0.08878  -8.1297e+01
118  0.02128  -5.2860e+01 |119 -0.02581  -3.7557e+01 |120 -0.00858  -4.3147e+01
121  0.09593  -8.1921e+01 |122  0.15380  -1.4866e+02 |123 -0.04684  -1.0878e+01
124  0.12854  -8.0112e+01 |125 -0.00418  -2.0790e+01 |126 -0.23002  -1.8885e+01
127  0.02405   2.0458e+01 |128  0.00896   2.0470e+01 |129  0.01145   2.0469e+01
130 -0.02231   2.0460e+01 |131 -0.04602   2.0419e+01 |132  0.02752   2.0453e+01
133 -0.03727   2.0438e+01 |134  0.04681   2.0417e+01 |135  0.02315   2.0459e+01
136  0.02063   2.0461e+01 |137  0.03361   2.0444e+01 |138 -0.01661   2.0466e+01
139 -0.04300   2.0426e+01 |140 -0.00125   2.0472e+01 |141 -0.00884   2.0471e+01
142  0.03921   2.0433e+01 |143  0.01129   2.0469e+01 |144 -0.08035   2.0310e+01
145 -0.01426   2.0467e+01 |146 -0.00410   2.0472e+01 |147  0.00042   2.0472e+01
148 -0.01740   2.0465e+01 |149  0.00775   2.0471e+01 |150 -0.03722   2.0438e+01
151 -0.00321   2.0472e+01 |152  0.03298   2.0445e+01 |153  0.03569   2.0440e+01
154 -0.01562   2.0466e+01 |155  0.02393   2.0458e+01 |156  0.02733   2.0453e+01
157  0.03103   2.0448e+01 |158  0.00966   2.0470e+01 |159  0.00539   2.0472e+01
160  0.02173   2.0460e+01 |161  0.02379   2.0458e+01 |162  0.00033   2.0472e+01
163 -0.03904   2.0434e+01 |164  0.02712   2.0454e+01 |165 -0.03323   2.0445e+01
166 -0.03894   2.0434e+01 |167  0.01330   2.0468e+01 |168 -0.01031   2.0470e+01
169 -0.00919   9.9301e+03 |170  0.02116   4.1317e+02 |171  0.02961   5.9769e+02
172  0.06679   7.6486e+02 |173  0.15114   1.5591e+03 |174  0.04702   6.0195e+02
175  0.07513   6.7444e+02 |176  0.02826   6.2415e+02 |177  0.04972   6.5375e+02
178  0.15251   1.2092e+03 |179  0.00029   4.8786e+02 |180  0.06926   2.4086e+02
181  0.06156   8.1047e+02 |182 -0.02543   7.0425e+02 |183 -0.07021   6.0184e+02
184  0.00728   8.8116e+02 |185 -0.01423   7.9314e+02 |186 -0.05137   4.9377e+02
187 -0.05020   4.7289e+02 |188 -0.02819   6.3431e+02 |189  0.07699   1.0811e+03
190 -0.19661   5.0052e+02 |191  0.06747   6.3519e+02 |192  0.03804   7.2236e+02
193  0.00910   6.4241e+02 |194 -0.02185   6.4563e+02 |195 -0.02406   5.4668e+02
196  0.06728   8.9475e+02 |197  0.06867   8.1292e+02 |198 -0.01672   5.5178e+02
199  0.01376   5.5360e+02 |200  0.02343   6.0298e+02 |201  0.01960   6.2428e+02
202  0.11285   7.6887e+02 |203  0.13434   9.9909e+02 |204 -0.35738   4.7702e+02
205  0.06979   7.8980e+02 |206 -0.12563   5.7812e+02 |207 -0.10642   5.6980e+02
208 -0.11854   5.1085e+02 |209 -0.05177   5.2253e+02 |210  0.01741   5.4270e+02
211  0.01255   5.6191e+02 |212 -0.11793  -1.6187e+03 |213  0.02561  -1.6122e+03
214 -0.01122  -6.9217e-09 |215 -0.55420   4.3503e+01 |216 -0.60873   5.9298e+01
217  0.30528   1.0502e+03 |218 -0.19941   9.2244e-01 |219 -0.34377   3.1150e+01
220 -0.02296  -1.4491e+01 |221  0.11740   3.1810e+00 |222  0.17399   5.4993e+00
223  0.14247   2.6883e+01 |224  0.10246   3.7567e+01 |225 -0.02803   2.9312e+01
226  0.13637   1.7043e+01 |227  0.02824  -1.1610e+01 |228  0.20643  -1.5087e+01
229  0.08048  -8.7418e+00 |230  0.13485   1.5870e+01 |231  0.09429   1.4715e+01
232  0.12510  -1.0383e+01 |233  0.06955  -9.7673e+00 |234  0.06083  -2.9604e+01
235 -0.18210   3.9678e+01 |236 -0.24987   3.6009e+01 |237 -0.02582   3.5483e+01
238  0.03259   2.1609e+01 |239 -0.11269   3.0196e+01 |240 -0.16272   2.1824e+01
241 -0.07720   3.3800e+01 |242  0.00546   2.9125e+01 |243  0.07854   5.7347e+00
244 -0.04021  -6.6387e+00 |245 -0.17777   4.9757e+00 |246 -0.38735   2.9607e+01
247 -0.25254   1.3757e+01 |248 -0.01840   2.0485e+01 |249  0.11167   1.2163e+01
250  0.09570   6.6191e+00 |251  0.08672   7.4399e+00 |252 -0.04235   9.4872e+00
253 -0.03200  -4.3484e+00 |254  0.16592   1.5587e+01 |255  0.24327   2.5391e+01
256  0.31757  -2.3008e+00 |257 -0.27651   2.5985e+01 |258  0.14254  -1.3437e+03
259  0.15133   8.4787e+01 |260 -0.85015   3.7253e+02 |261 -0.85456  -7.8410e+02
262 -0.73435   2.9693e+02 |263  0.06522  -1.2744e+04 |264  0.07726  -1.2663e+04
265 -0.03435  -1.2744e+04 |266 -0.02503  -1.2746e+04 |267 -0.02335  -1.2753e+04
268 -0.03651  -1.2744e+04 |269 -0.02831  -1.2751e+04 |270 -0.02767  -1.2751e+04
271 -0.03037  -1.2750e+04 |272  0.01291  -1.2752e+04 |273 -0.02226  -1.2747e+04
274 -0.02580  -1.2752e+04 |275  0.01578  -1.2750e+04 |276 -0.03415  -1.2744e+04
277 -0.01360  -1.2756e+04 |278 -0.00496  -1.2756e+04 |279 -0.03594  -1.2746e+04
280 -0.02421  -1.2753e+04 |281  0.03127  -1.2756e+04 |282 -0.01754  -1.2755e+04
283  0.04212  -1.2754e+04 |284 -0.02900  -1.2745e+04 |285 -0.02053  -1.2754e+04
286  0.04822  -1.2752e+04 |287 -0.01839  -1.2755e+04 |288 -0.00997  -1.2751e+04
289  0.04664  -1.2753e+04 |290 -0.01263  -1.2750e+04 |291 -0.01270  -1.2756e+04
292 -0.01837  -1.2755e+04 |293  0.00586  -1.2754e+04 |294 -0.02503  -1.2746e+04
295 -0.03579  -1.2746e+04 |296 -0.02225  -1.2754e+04 |297 -0.02227  -1.2754e+04
298  0.00121  -1.2754e+04 |299  0.00746  -1.2754e+04 |300 -0.03261  -1.2749e+04
301 -0.01225  -1.2756e+04 |302  0.04656  -1.2753e+04 |303  0.50389  -1.3357e+03
304 -0.05258  -1.1888e+02 |305 -0.04740   1.2039e-05 |306  0.23419   8.3585e-06
307 -0.91519   4.9349e+02 |308 -0.74854  -1.2303e+02 |
38.6749 21.9061 212.602 102.821 
54.824 54.824 75.6149 84.1332 
4.25964 97.4918 0 14.4035 8.13798 
0 2.29689 0 0 0.954251 27.0208 0 
3
4
5
38.6749 21.9061 212.602 102.821 
54.824 54.824 75.6149 84.1332 
4.25964 97.4918 0 14.4035 8.13798 
0 2.29689 0 0 0.954251 27.0208 0 
Estimating row 1 out of 308 for hessian
38.6749 21.9061 212.602 102.821 
54.824 54.824 75.6149 84.1332 
4.25964 97.4918 0 14.4035 8.13798 
0 2.29689 0 0 0.954251 27.0208 0 
38.6749 21.9061 212.602 102.821 
54.824 54.824 75.6149 84.1332 
4.25964 97.4918 0 14.4035 8.13798 
0 2.29689 0 0 0.954251 27.0208 0 
38.6749 21.9061 212.602 102.821 
54.824 54.824 75.6149 84.1332 
4.25964 97.4918 0 14.4035 8.13798 
0 2.29689 0 0 0.954251 27.0208 0 
38.6749 21.9061 212.602 102.821 
54.824 54.824 75.6149 84.1332 
4.25964 97.4918 0 14.4035 8.13798 
0 2.29689 0 0 0.954251 27.0208 0 
Estimating row 2 out of 308 for hessian
38.6749 21.9061 212.602 102.821 
54.824 54.824 75.6149 84.1332 
4.25964 97.4918 0 14.4035 8.13798 
0 2.29689 0 0 0.954251 27.0208 0 
38.6749 21.9061 212.602 102.821 
54.824 54.824 75.6149 84.1332 
4.25964 97.4918 0 14.4035 8.13798 
0 2.29689 0 0 0.954251 27.0208 0 
38.6749 21.9061 212.602 102.821 
54.824 54.824 75.6149 84.1332 
4.25964 97.4918 0 14.4035 8.13798 
0 2.29689 0 0 0.954251 27.0208 0 
38.6749 21.9061 212.602 102.821 
54.824 54.824 75.6149 84.1332 
4.25964 97.4918 0 14.4035 8.13798 
0 2.29689 0 0 0.954251 27.0208 0 
Estimating row 3 out of 308 for hessian
38.6749 21.9061 212.601 102.82 
54.8234 54.8234 75.6145 84.133 
4.25964 97.4924 0 14.4035 8.13798 
0 2.29689 0 0 0.954251 27.0208 0 
38.6748 21.9062 212.603 102.822 
54.8246 54.8246 75.6153 84.1334 
4.25964 97.4911 0 14.4035 8.13798 
0 2.29689 0 0 0.954251 27.0208 0 
38.6749 21.9061 212.602 102.821 
54.8239 54.8239 75.6149 84.1332 
4.25964 97.4918 0 14.4035 8.13798 
0 2.29689 0 0 0.954251 27.0208 0 
38.6749 21.9061 212.602 102.821 
54.8241 54.8241 75.6149 84.1332 
4.25964 97.4917 0 14.4035 8.13798 
0 2.29689 0 0 0.954251 27.0208 0 
Estimating row 4 out of 308 for hessian
38.6749 21.9061 212.602 102.82 
54.8236 54.8236 75.6149 84.1331 
4.25964 97.4926 0 14.4035 8.13798 
0 2.29689 0 0 0.954251 27.0208 0 
38.6748 21.9062 212.603 102.822 
54.8244 54.8244 75.6149 84.1332 
4.25964 97.491 0 14.4035 8.13798 
0 2.29689 0 0 0.954251 27.0208 0 
38.6749 21.9061 212.602 102.821 
54.824 54.824 75.6149 84.1332 
4.25964 97.4919 0 14.4035 8.13798 
0 2.29689 0 0 0.954251 27.0208 0 
38.6749 21.9061 212.602 102.821 
54.8241 54.8241 75.6149 84.1332 
4.25964 97.4917 0 14.4035 8.13798 
0 2.29689 0 0 0.954251 27.0208 0 
Estimating row 5 out of 308 for hessian
38.6749 21.906 212.603 102.82 
54.8237 54.8237 75.6151 84.1332 
4.25964 97.4926 0 14.4035 8.13798 
0 2.29689 0 0 0.954251 27.0208 0 
38.6748 21.9062 212.602 102.821 
54.8243 54.8243 75.6147 84.1331 
4.25964 97.4909 0 14.4035 8.13798 
0 2.29689 0 0 0.954251 27.0208 0 
38.6749 21.9061 212.602 102.821 
54.824 54.824 75.6149 84.1332 
4.25964 97.4919 0 14.4035 8.13798 
0 2.29689 0 0 0.954251 27.0208 0 
38.6749 21.9061 212.602 102.821 
54.824 54.824 75.6149 84.1332 
4.25964 97.4917 0 14.4035 8.13798 
0 2.29689 0 0 0.954251 27.0208 0 
Estimating row 6 out of 308 for hessian
38.675 21.906 212.604 102.822 
54.8239 54.8239 75.615 84.1334 
4.25964 97.493 0 14.4035 8.13798 
0 2.29689 0 0 0.954251 27.0208 0 
38.6748 21.9063 212.601 102.82 
54.8242 54.8242 75.6148 84.133 
4.25964 97.4906 0 14.4035 8.13798 
0 2.29689 0 0 0.954251 27.0208 0 
38.6749 21.9061 212.602 102.821 
54.824 54.824 75.6149 84.1332 
4.25964 97.4919 0 14.4035 8.13798 
0 2.29689 0 0 0.954251 27.0208 0 
38.6748 21.9062 212.602 102.821 
54.824 54.824 75.6149 84.1332 
4.25964 97.4917 0 14.4035 8.13798 
0 2.29689 0 0 0.954251 27.0208 0 
Estimating row 7 out of 308 for hessian
38.6749 21.9061 212.601 102.821 
54.824 54.824 75.6147 84.1331 
4.25964 97.4921 0 14.4035 8.13798 
0 2.29689 0 0 0.954251 27.0208 0 
38.6748 21.9062 212.603 102.821 
54.8241 54.8241 75.6151 84.1333 
4.25964 97.4915 0 14.4035 8.13798 
0 2.29689 0 0 0.954251 27.0208 0 
38.6749 21.9061 212.602 102.821 
54.824 54.824 75.6149 84.1332 
4.25964 97.4918 0 14.4035 8.13798 
0 2.29689 0 0 0.954251 27.0208 0 
38.6749 21.9061 212.602 102.821 
54.824 54.824 75.6149 84.1332 
4.25964 97.4917 0 14.4035 8.13798 
0 2.29689 0 0 0.954251 27.0208 0 
Estimating row 8 out of 308 for hessian
38.6749 21.9061 212.602 102.821 
54.824 54.824 75.6149 84.1332 
4.25964 97.4918 0 14.4035 8.13798 
0 2.29689 0 0 0.954251 27.0208 0 
38.6749 21.9061 212.603 102.821 
54.824 54.824 75.6149 84.1332 
4.25964 97.4918 0 14.4035 8.13798 
0 2.29689 0 0 0.954251 27.0208 0 
38.6749 21.9061 212.602 102.821 
54.824 54.824 75.6149 84.1332 
4.25964 97.4918 0 14.4035 8.13798 
0 2.29689 0 0 0.954251 27.0208 0 
38.6749 21.9061 212.602 102.821 
54.824 54.824 75.6149 84.1332 
4.25964 97.4918 0 14.4035 8.13798 
0 2.29689 0 0 0.954251 27.0208 0 
Estimating row 9 out of 308 for hessian
38.6749 21.9061 212.602 102.821 
54.8238 54.8238 75.615 84.1332 
4.25964 97.4924 0 14.4035 8.13798 
0 2.29689 0 0 0.954251 27.0208 0 
38.6748 21.9061 212.602 102.821 
54.8243 54.8243 75.6148 84.1332 
4.25964 97.4912 0 14.4035 8.13798 
0 2.29689 0 0 0.954251 27.0208 0 
38.6749 21.9061 212.602 102.821 
54.824 54.824 75.6149 84.1332 
4.25964 97.4918 0 14.4035 8.13798 
0 2.29689 0 0 0.954251 27.0208 0 
38.6749 21.9061 212.602 102.821 
54.824 54.824 75.6149 84.1332 
4.25964 97.4917 0 14.4035 8.13798 
0 2.29689 0 0 0.954251 27.0208 0 
Estimating row 10 out of 308 for hessian
38.6749 21.9061 212.602 102.821 
54.824 54.824 75.6149 84.1331 
4.25964 97.4921 0 14.4035 8.13798 
0 2.29689 0 0 0.954251 27.0208 0 
38.6748 21.9061 212.603 102.821 
54.8241 54.8241 75.6149 84.1333 
4.25964 97.4915 0 14.4035 8.13798 
0 2.29689 0 0 0.954251 27.0208 0 
38.6749 21.9061 212.602 102.821 
54.824 54.824 75.6149 84.1332 
4.25964 97.4918 0 14.4035 8.13798 
0 2.29689 0 0 0.954251 27.0208 0 
38.6749 21.9061 212.602 102.821 
54.824 54.824 75.6149 84.1332 
4.25964 97.4917 0 14.4035 8.13798 
0 2.29689 0 0 0.954251 27.0208 0 
Estimating row 11 out of 308 for hessian
38.6749 21.9061 212.602 102.821 
54.8239 54.8239 75.6148 84.1334 
4.25964 97.4922 0 14.4035 8.13798 
0 2.29689 0 0 0.954251 27.0208 0 
38.6748 21.9061 212.602 102.821 
54.8241 54.8241 75.6151 84.133 
4.25964 97.4913 0 14.4035 8.13798 
0 2.29689 0 0 0.954251 27.0208 0 
38.6749 21.9061 212.602 102.821 
54.824 54.824 75.6149 84.1332 
4.25964 97.4918 0 14.4035 8.13798 
0 2.29689 0 0 0.954251 27.0208 0 
38.6749 21.9061 212.602 102.821 
54.824 54.824 75.6149 84.1332 
4.25964 97.4917 0 14.4035 8.13798 
0 2.29689 0 0 0.954251 27.0208 0 
Estimating row 12 out of 308 for hessian
38.6749 21.9061 212.602 102.821 
54.8238 54.8238 75.615 84.1333 
4.25964 97.492 0 14.4035 8.13798 
0 2.29689 0 0 0.954251 27.0208 0 
38.6748 21.9061 212.602 102.821 
54.8242 54.8242 75.6148 84.133 
4.25964 97.4915 0 14.4035 8.13798 
0 2.29689 0 0 0.954251 27.0208 0 
38.6749 21.9061 212.602 102.821 
54.824 54.824 75.6149 84.1332 
4.25964 97.4918 0 14.4035 8.13798 
0 2.29689 0 0 0.954251 27.0208 0 
38.6749 21.9061 212.602 102.821 
54.824 54.824 75.6149 84.1332 
4.25964 97.4918 0 14.4035 8.13798 
0 2.29689 0 0 0.954251 27.0208 0 
Estimating row 13 out of 308 for hessian
38.6749 21.9061 212.602 102.821 
54.8239 54.8239 75.6149 84.1331 
4.25964 97.4918 0 14.4035 8.13798 
0 2.29689 0 0 0.954251 27.0208 0 
38.6749 21.9061 212.602 102.821 
54.8241 54.8241 75.6149 84.1332 
4.25964 97.4917 0 14.4035 8.13798 
0 2.29689 0 0 0.954251 27.0208 0 
38.6749 21.9061 212.602 102.821 
54.824 54.824 75.6149 84.1332 
4.25964 97.4918 0 14.4035 8.13798 
0 2.29689 0 0 0.954251 27.0208 0 
38.6749 21.9061 212.602 102.821 
54.824 54.824 75.6149 84.1332 
4.25964 97.4918 0 14.4035 8.13798 
0 2.29689 0 0 0.954251 27.0208 0 
Estimating row 14 out of 308 for hessian
38.6749 21.9061 212.602 102.821 
54.8239 54.8239 75.615 84.1332 
4.25964 97.4918 0 14.4035 8.13798 
0 2.29689 0 0 0.954251 27.0208 0 
38.6749 21.9061 212.602 102.821 
54.8241 54.8241 75.6148 84.1332 
4.25964 97.4917 0 14.4035 8.13798 
0 2.29689 0 0 0.954251 27.0208 0 
38.6749 21.9061 212.602 102.821 
54.824 54.824 75.6149 84.1332 
4.25964 97.4918 0 14.4035 8.13798 
0 2.29689 0 0 0.954251 27.0208 0 
38.6749 21.9061 212.602 102.821 
54.824 54.824 75.6149 84.1332 
4.25964 97.4918 0 14.4035 8.13798 
0 2.29689 0 0 0.954251 27.0208 0 
Estimating row 15 out of 308 for hessian
38.6749 21.9061 212.602 102.821 
54.824 54.824 75.6149 84.1332 
4.25964 97.4918 0 14.4035 8.13798 
0 2.29689 0 0 0.954251 27.0208 0 
38.6749 21.9061 212.602 102.821 
54.824 54.824 75.6149 84.1332 
4.25964 97.4918 0 14.4035 8.13798 
0 2.29689 0 0 0.954251 27.0208 0 
38.6749 21.9061 212.602 102.821 
54.824 54.824 75.6149 84.1332 
4.25964 97.4918 0 14.4035 8.13798 
0 2.29689 0 0 0.954251 27.0208 0 
38.6749 21.9061 212.602 102.821 
54.824 54.824 75.6149 84.1332 
4.25964 97.4918 0 14.4035 8.13798 
0 2.29689 0 0 0.954251 27.0208 0 
Estimating row 16 out of 308 for hessian
38.6749 21.9061 212.602 102.821 
54.824 54.824 75.615 84.1332 
4.25964 97.4918 0 14.4035 8.13798 
0 2.29689 0 0 0.954251 27.0208 0 
38.6749 21.9061 212.602 102.821 
54.8241 54.8241 75.6149 84.1332 
4.25964 97.4918 0 14.4035 8.13798 
0 2.29689 0 0 0.954251 27.0208 0 
38.6749 21.9061 212.602 102.821 
54.824 54.824 75.6149 84.1332 
4.25964 97.4918 0 14.4035 8.13798 
0 2.29689 0 0 0.954251 27.0208 0 
38.6749 21.9061 212.602 102.821 
54.824 54.824 75.6149 84.1332 
4.25964 97.4918 0 14.4035 8.13798 
0 2.29689 0 0 0.954251 27.0208 0 
Estimating row 17 out of 308 for hessian
38.6749 21.9061 212.602 102.821 
54.824 54.824 75.6149 84.1332 
4.25964 97.4918 0 14.4035 8.13798 
0 2.29689 0 0 0.954251 27.0208 0 
38.6749 21.9061 212.602 102.821 
54.824 54.824 75.6149 84.1332 
4.25964 97.4918 0 14.4035 8.13798 
0 2.29689 0 0 0.954251 27.0208 0 
38.6749 21.9061 212.602 102.821 
54.824 54.824 75.6149 84.1332 
4.25964 97.4918 0 14.4035 8.13798 
0 2.29689 0 0 0.954251 27.0208 0 
38.6749 21.9061 212.602 102.821 
54.824 54.824 75.6149 84.1332 
4.25964 97.4918 0 14.4035 8.13798 
0 2.29689 0 0 0.954251 27.0208 0 
Estimating row 18 out of 308 for hessian
38.6749 21.9061 212.602 102.821 
54.824 54.824 75.6149 84.1332 
4.25964 97.4918 0 14.4035 8.13798 
0 2.29689 0 0 0.954251 27.0208 0 
38.6749 21.9061 212.602 102.821 
54.824 54.824 75.6149 84.1332 
4.25964 97.4918 0 14.4035 8.13798 
0 2.29689 0 0 0.954251 27.0208 0 
38.6749 21.9061 212.602 102.821 
54.824 54.824 75.6149 84.1332 
4.25964 97.4918 0 14.4035 8.13798 
0 2.29689 0 0 0.954251 27.0208 0 
38.6749 21.9061 212.602 102.821 
54.824 54.824 75.6149 84.1332 
4.25964 97.4918 0 14.4035 8.13798 
0 2.29689 0 0 0.954251 27.0208 0 
Estimating row 19 out of 308 for hessian
38.6749 21.9061 212.602 102.821 
54.824 54.824 75.6149 84.1332 
4.25964 97.4918 0 14.4035 8.13798 
0 2.29689 0 0 0.954251 27.0208 0 
38.6749 21.9061 212.602 102.821 
54.824 54.824 75.6149 84.1332 
4.25964 97.4918 0 14.4035 8.13798 
0 2.29689 0 0 0.954251 27.0208 0 
38.6749 21.9061 212.602 102.821 
54.824 54.824 75.6149 84.1332 
4.25964 97.4918 0 14.4035 8.13798 
0 2.29689 0 0 0.954251 27.0208 0 
38.6749 21.9061 212.602 102.821 
54.824 54.824 75.6149 84.1332 
4.25964 97.4918 0 14.4035 8.13798 
0 2.29689 0 0 0.954251 27.0208 0 
Estimating row 20 out of 308 for hessian
38.6749 21.9061 212.602 102.821 
54.824 54.824 75.6149 84.1332 
4.25964 97.4918 0 14.4035 8.13798 
0 2.29689 0 0 0.954251 27.0208 0 
38.6749 21.9061 212.602 102.821 
54.824 54.824 75.6149 84.1332 
4.25964 97.4918 0 14.4035 8.13798 
0 2.29689 0 0 0.954251 27.0208 0 
38.6749 21.9061 212.602 102.821 
54.824 54.824 75.6149 84.1332 
4.25964 97.4918 0 14.4035 8.13798 
0 2.29689 0 0 0.954251 27.0208 0 
38.6749 21.9061 212.602 102.821 
54.824 54.824 75.6149 84.1332 
4.25964 97.4918 0 14.4035 8.13798 
0 2.29689 0 0 0.954251 27.0208 0 
Estimating row 21 out of 308 for hessian
38.6749 21.9061 212.602 102.821 
54.824 54.824 75.6149 84.1332 
4.25964 97.4918 0 14.4035 8.13798 
0 2.29689 0 0 0.954251 27.0208 0 
38.6749 21.9061 212.602 102.821 
54.824 54.824 75.6149 84.1332 
4.25964 97.4918 0 14.4035 8.13798 
0 2.29689 0 0 0.954251 27.0208 0 
38.6749 21.9061 212.602 102.821 
54.824 54.824 75.6149 84.1332 
4.25964 97.4918 0 14.4035 8.13798 
0 2.29689 0 0 0.954251 27.0208 0 
38.6749 21.9061 212.602 102.821 
54.824 54.824 75.6149 84.1332 
4.25964 97.4918 0 14.4035 8.13798 
0 2.29689 0 0 0.954251 27.0208 0 
Estimating row 22 out of 308 for hessian
38.6749 21.9061 212.602 102.821 
54.824 54.824 75.6149 84.1332 
4.25964 97.4918 0 14.4035 8.13798 
0 2.29689 0 0 0.954251 27.0208 0 
38.6749 21.9061 212.602 102.821 
54.824 54.824 75.6149 84.1332 
4.25964 97.4918 0 14.4035 8.13798 
0 2.29689 0 0 0.954251 27.0208 0 
38.6749 21.9061 212.602 102.821 
54.824 54.824 75.6149 84.1332 
4.25964 97.4918 0 14.4035 8.13798 
0 2.29689 0 0 0.954251 27.0208 0 
38.6749 21.9061 212.602 102.821 
54.824 54.824 75.6149 84.1332 
4.25964 97.4918 0 14.4035 8.13798 
0 2.29689 0 0 0.954251 27.0208 0 
Estimating row 23 out of 308 for hessian
38.6749 21.9061 212.602 102.821 
54.824 54.824 75.6149 84.1332 
4.25964 97.4918 0 14.4035 8.13798 
0 2.29689 0 0 0.954251 27.0208 0 
38.6749 21.9061 212.602 102.821 
54.824 54.824 75.6149 84.1332 
4.25964 97.4918 0 14.4035 8.13798 
0 2.29689 0 0 0.954251 27.0208 0 
38.6749 21.9061 212.602 102.821 
54.824 54.824 75.6149 84.1332 
4.25964 97.4918 0 14.4035 8.13798 
0 2.29689 0 0 0.954251 27.0208 0 
38.6749 21.9061 212.602 102.821 
54.824 54.824 75.6149 84.1332 
4.25964 97.4918 0 14.4035 8.13798 
0 2.29689 0 0 0.954251 27.0208 0 
Estimating row 24 out of 308 for hessian
38.6749 21.9061 212.602 102.821 
54.824 54.824 75.6149 84.1332 
4.25964 97.4918 0 14.4035 8.13798 
0 2.29689 0 0 0.954251 27.0208 0 
38.6749 21.9061 212.602 102.821 
54.824 54.824 75.6149 84.1332 
4.25964 97.4918 0 14.4035 8.13798 
0 2.29689 0 0 0.954251 27.0208 0 
38.6749 21.9061 212.602 102.821 
54.824 54.824 75.6149 84.1332 
4.25964 97.4918 0 14.4035 8.13798 
0 2.29689 0 0 0.954251 27.0208 0 
38.6749 21.9061 212.602 102.821 
54.824 54.824 75.6149 84.1332 
4.25964 97.4918 0 14.4035 8.13798 
0 2.29689 0 0 0.954251 27.0208 0 
Estimating row 25 out of 308 for hessian
38.6749 21.9061 212.602 102.821 
54.824 54.824 75.6149 84.1332 
4.25964 97.4918 0 14.4035 8.13798 
0 2.29689 0 0 0.954251 27.0208 0 
38.6749 21.9061 212.602 102.821 
54.824 54.824 75.6149 84.1332 
4.25964 97.4918 0 14.4035 8.13798 
0 2.29689 0 0 0.954251 27.0208 0 
38.6749 21.9061 212.602 102.821 
54.824 54.824 75.6149 84.1332 
4.25964 97.4918 0 14.4035 8.13798 
0 2.29689 0 0 0.954251 27.0208 0 
38.6749 21.9061 212.602 102.821 
54.824 54.824 75.6149 84.1332 
4.25964 97.4918 0 14.4035 8.13798 
0 2.29689 0 0 0.954251 27.0208 0 
Estimating row 26 out of 308 for hessian
38.6749 21.9061 212.602 102.821 
54.824 54.824 75.6149 84.1332 
4.25964 97.4918 0 14.4035 8.13798 
0 2.29689 0 0 0.954251 27.0208 0 
38.6749 21.9062 212.602 102.821 
54.824 54.824 75.6149 84.1332 
4.25964 97.4918 0 14.4035 8.13798 
0 2.29689 0 0 0.954251 27.0208 0 
38.6749 21.9061 212.602 102.821 
54.824 54.824 75.6149 84.1332 
4.25964 97.4918 0 14.4035 8.13798 
0 2.29689 0 0 0.954251 27.0208 0 
38.6749 21.9061 212.602 102.821 
54.824 54.824 75.6149 84.1332 
4.25964 97.4918 0 14.4035 8.13798 
0 2.29689 0 0 0.954251 27.0208 0 
Estimating row 27 out of 308 for hessian
38.6749 21.9061 212.602 102.82 
54.824 54.824 75.6149 84.1332 
4.25964 97.4918 0 14.4035 8.13798 
0 2.29689 0 0 0.954251 27.0208 0 
38.6749 21.9061 212.602 102.822 
54.824 54.824 75.6149 84.1332 
4.25964 97.4918 0 14.4035 8.13798 
0 2.29689 0 0 0.954251 27.0208 0 
38.6749 21.9061 212.602 102.821 
54.824 54.824 75.6149 84.1332 
4.25964 97.4918 0 14.4035 8.13798 
0 2.29689 0 0 0.954251 27.0208 0 
38.6749 21.9061 212.602 102.821 
54.824 54.824 75.6149 84.1332 
4.25964 97.4918 0 14.4035 8.13798 
0 2.29689 0 0 0.954251 27.0208 0 
Estimating row 28 out of 308 for hessian
38.6749 21.9061 212.602 102.82 
54.824 54.824 75.6149 84.1332 
4.25964 97.4918 0 14.4035 8.13798 
0 2.29689 0 0 0.954251 27.0208 0 
38.6749 21.9062 212.602 102.821 
54.824 54.824 75.6149 84.1332 
4.25964 97.4918 0 14.4035 8.13798 
0 2.29689 0 0 0.954251 27.0208 0 
38.6749 21.9061 212.602 102.821 
54.824 54.824 75.6149 84.1332 
4.25964 97.4918 0 14.4035 8.13798 
0 2.29689 0 0 0.954251 27.0208 0 
38.6749 21.9061 212.602 102.821 
54.824 54.824 75.6149 84.1332 
4.25964 97.4918 0 14.4035 8.13798 
0 2.29689 0 0 0.954251 27.0208 0 
Estimating row 29 out of 308 for hessian
38.6749 21.9061 212.602 102.82 
54.824 54.824 75.6149 84.1332 
4.25964 97.4918 0 14.4035 8.13798 
0 2.29689 0 0 0.954251 27.0208 0 
38.6749 21.9061 212.602 102.821 
54.824 54.824 75.6149 84.1332 
4.25964 97.4918 0 14.4035 8.13798 
0 2.29689 0 0 0.954251 27.0208 0 
38.6749 21.9061 212.602 102.821 
54.824 54.824 75.6149 84.1332 
4.25964 97.4918 0 14.4035 8.13798 
0 2.29689 0 0 0.954251 27.0208 0 
38.6749 21.9061 212.602 102.821 
54.824 54.824 75.6149 84.1332 
4.25964 97.4918 0 14.4035 8.13798 
0 2.29689 0 0 0.954251 27.0208 0 
Estimating row 30 out of 308 for hessian
38.6749 21.906 212.602 102.822 
54.824 54.824 75.6149 84.1332 
4.25964 97.4918 0 14.4035 8.13798 
0 2.29689 0 0 0.954251 27.0208 0 
38.6749 21.9063 212.602 102.82 
54.824 54.824 75.6149 84.1332 
4.25964 97.4918 0 14.4035 8.13798 
0 2.29689 0 0 0.954251 27.0208 0 
38.6749 21.9061 212.602 102.821 
54.824 54.824 75.6149 84.1332 
4.25964 97.4918 0 14.4035 8.13798 
0 2.29689 0 0 0.954251 27.0208 0 
38.6749 21.9061 212.602 102.821 
54.824 54.824 75.6149 84.1332 
4.25964 97.4918 0 14.4035 8.13798 
0 2.29689 0 0 0.954251 27.0208 0 
Estimating row 31 out of 308 for hessian
38.6749 21.906 212.602 102.821 
54.824 54.824 75.6149 84.1331 
4.25964 97.4918 0 14.4035 8.13798 
0 2.29689 0 0 0.954251 27.0208 0 
38.6749 21.9062 212.602 102.821 
54.824 54.824 75.6149 84.1333 
4.25964 97.4917 0 14.4035 8.13798 
0 2.29689 0 0 0.954251 27.0208 0 
38.6749 21.9061 212.602 102.821 
54.824 54.824 75.6149 84.1332 
4.25964 97.4918 0 14.4035 8.13798 
0 2.29689 0 0 0.954251 27.0208 0 
38.6749 21.9061 212.602 102.821 
54.824 54.824 75.6149 84.1332 
4.25964 97.4918 0 14.4035 8.13798 
0 2.29689 0 0 0.954251 27.0208 0 
Estimating row 32 out of 308 for hessian
38.6749 21.9061 212.602 102.821 
54.824 54.824 75.6149 84.133 
4.25964 97.4918 0 14.4035 8.13798 
0 2.29689 0 0 0.954251 27.0208 0 
38.6749 21.9062 212.602 102.821 
54.824 54.824 75.6149 84.1334 
4.25964 97.4917 0 14.4035 8.13798 
0 2.29689 0 0 0.954251 27.0208 0 
38.6749 21.9061 212.602 102.821 
54.824 54.824 75.6149 84.1332 
4.25964 97.4918 0 14.4035 8.13798 
0 2.29689 0 0 0.954251 27.0208 0 
38.6749 21.9061 212.602 102.821 
54.824 54.824 75.6149 84.1332 
4.25964 97.4918 0 14.4035 8.13798 
0 2.29689 0 0 0.954251 27.0208 0 
Estimating row 33 out of 308 for hessian
38.6749 21.9061 212.602 102.821 
54.824 54.824 75.6149 84.1331 
4.25964 97.492 0 14.4035 8.13798 
0 2.29689 0 0 0.954251 27.0208 0 
38.6749 21.9062 212.602 102.821 
54.824 54.824 75.6149 84.1332 
4.25964 97.4916 0 14.4035 8.13798 
0 2.29689 0 0 0.954251 27.0208 0 
38.6749 21.9061 212.602 102.821 
54.824 54.824 75.6149 84.1332 
4.25964 97.4918 0 14.4035 8.13798 
0 2.29689 0 0 0.954251 27.0208 0 
38.6749 21.9061 212.602 102.821 
54.824 54.824 75.6149 84.1332 
4.25964 97.4918 0 14.4035 8.13798 
0 2.29689 0 0 0.954251 27.0208 0 
Estimating row 34 out of 308 for hessian
38.6749 21.9061 212.602 102.821 
54.824 54.824 75.6149 84.1332 
4.25964 97.4921 0 14.4035 8.13798 
0 2.29689 0 0 0.954251 27.0208 0 
38.6749 21.9062 212.602 102.821 
54.824 54.824 75.6149 84.1331 
4.25964 97.4914 0 14.4035 8.13798 
0 2.29689 0 0 0.954251 27.0208 0 
38.6749 21.9061 212.602 102.821 
54.824 54.824 75.6149 84.1332 
4.25964 97.4918 0 14.4035 8.13798 
0 2.29689 0 0 0.954251 27.0208 0 
38.6749 21.9061 212.602 102.821 
54.824 54.824 75.6149 84.1332 
4.25964 97.4917 0 14.4035 8.13798 
0 2.29689 0 0 0.954251 27.0208 0 
Estimating row 35 out of 308 for hessian
38.6749 21.9061 212.602 102.821 
54.8239 54.8239 75.6147 84.1332 
4.25964 97.4924 0 14.4035 8.13798 
0 2.29689 0 0 0.954251 27.0208 0 
38.6749 21.9062 212.602 102.821 
54.8241 54.8241 75.6151 84.1332 
4.25964 97.4912 0 14.4035 8.13798 
0 2.29689 0 0 0.954251 27.0208 0 
38.6749 21.9061 212.602 102.821 
54.824 54.824 75.6149 84.1332 
4.25964 97.4918 0 14.4035 8.13798 
0 2.29689 0 0 0.954251 27.0208 0 
38.6749 21.9061 212.602 102.821 
54.824 54.824 75.6149 84.1332 
4.25964 97.4917 0 14.4035 8.13798 
0 2.29689 0 0 0.954251 27.0208 0 
Estimating row 36 out of 308 for hessian
38.6749 21.9061 212.602 102.821 
54.8238 54.8238 75.6144 84.1333 
4.25964 97.4921 0 14.4035 8.13798 
0 2.29689 0 0 0.954251 27.0208 0 
38.6749 21.9062 212.602 102.821 
54.8243 54.8243 75.6154 84.133 
4.25964 97.4914 0 14.4035 8.13798 
0 2.29689 0 0 0.954251 27.0208 0 
38.6749 21.9061 212.602 102.821 
54.824 54.824 75.6149 84.1332 
4.25964 97.4918 0 14.4035 8.13798 
0 2.29689 0 0 0.954251 27.0208 0 
38.6749 21.9061 212.602 102.821 
54.824 54.824 75.615 84.1332 
4.25964 97.4917 0 14.4035 8.13798 
0 2.29689 0 0 0.954251 27.0208 0 
Estimating row 37 out of 308 for hessian
38.6749 21.9061 212.602 102.821 
54.8237 54.8237 75.6151 84.1333 
4.25964 97.4919 0 14.4035 8.13798 
0 2.29689 0 0 0.954251 27.0208 0 
38.6749 21.9061 212.602 102.821 
54.8243 54.8243 75.6147 84.1331 
4.25964 97.4917 0 14.4035 8.13798 
0 2.29689 0 0 0.954251 27.0208 0 
38.6749 21.9061 212.602 102.821 
54.824 54.824 75.6149 84.1332 
4.25964 97.4918 0 14.4035 8.13798 
0 2.29689 0 0 0.954251 27.0208 0 
38.6749 21.9061 212.602 102.821 
54.824 54.824 75.6149 84.1332 
4.25964 97.4918 0 14.4035 8.13798 
0 2.29689 0 0 0.954251 27.0208 0 
Estimating row 38 out of 308 for hessian
38.6749 21.9061 212.602 102.821 
54.8239 54.8239 75.6147 84.1331 
4.25964 97.4918 0 14.4035 8.13798 
0 2.29689 0 0 0.954251 27.0208 0 
38.6749 21.9061 212.602 102.821 
54.8241 54.8241 75.6151 84.1332 
4.25964 97.4918 0 14.4035 8.13798 
0 2.29689 0 0 0.954251 27.0208 0 
38.6749 21.9061 212.602 102.821 
54.824 54.824 75.6149 84.1332 
4.25964 97.4918 0 14.4035 8.13798 
0 2.29689 0 0 0.954251 27.0208 0 
38.6749 21.9061 212.602 102.821 
54.824 54.824 75.6149 84.1332 
4.25964 97.4918 0 14.4035 8.13798 
0 2.29689 0 0 0.954251 27.0208 0 
Estimating row 39 out of 308 for hessian
38.6749 21.9061 212.602 102.821 
54.8239 54.8239 75.6152 84.1331 
4.25964 97.4918 0 14.4035 8.13798 
0 2.29689 0 0 0.954251 27.0208 0 
38.6749 21.9061 212.602 102.821 
54.8241 54.8241 75.6146 84.1332 
4.25964 97.4918 0 14.4035 8.13798 
0 2.29689 0 0 0.954251 27.0208 0 
38.6749 21.9061 212.602 102.821 
54.824 54.824 75.6149 84.1332 
4.25964 97.4918 0 14.4035 8.13798 
0 2.29689 0 0 0.954251 27.0208 0 
38.6749 21.9061 212.602 102.821 
54.824 54.824 75.6149 84.1332 
4.25964 97.4918 0 14.4035 8.13798 
0 2.29689 0 0 0.954251 27.0208 0 
Estimating row 40 out of 308 for hessian
38.6749 21.9061 212.602 102.821 
54.824 54.824 75.615 84.1332 
4.25964 97.4918 0 14.4035 8.13798 
0 2.29689 0 0 0.954251 27.0208 0 
38.6749 21.9061 212.602 102.821 
54.8241 54.8241 75.6148 84.1332 
4.25964 97.4918 0 14.4035 8.13798 
0 2.29689 0 0 0.954251 27.0208 0 
38.6749 21.9061 212.602 102.821 
54.824 54.824 75.6149 84.1332 
4.25964 97.4918 0 14.4035 8.13798 
0 2.29689 0 0 0.954251 27.0208 0 
38.6749 21.9061 212.602 102.821 
54.824 54.824 75.6149 84.1332 
4.25964 97.4918 0 14.4035 8.13798 
0 2.29689 0 0 0.954251 27.0208 0 
Estimating row 41 out of 308 for hessian
38.6749 21.9061 212.602 102.821 
54.824 54.824 75.615 84.1332 
4.25964 97.4918 0 14.4035 8.13798 
0 2.29689 0 0 0.954251 27.0208 0 
38.6749 21.9061 212.602 102.821 
54.824 54.824 75.6148 84.1332 
4.25964 97.4918 0 14.4035 8.13798 
0 2.29689 0 0 0.954251 27.0208 0 
38.6749 21.9061 212.602 102.821 
54.824 54.824 75.6149 84.1332 
4.25964 97.4918 0 14.4035 8.13798 
0 2.29689 0 0 0.954251 27.0208 0 
38.6749 21.9061 212.602 102.821 
54.824 54.824 75.6149 84.1332 
4.25964 97.4918 0 14.4035 8.13798 
0 2.29689 0 0 0.954251 27.0208 0 
Estimating row 42 out of 308 for hessian
38.6749 21.9061 212.602 102.821 
54.824 54.824 75.615 84.1332 
4.25964 97.4918 0 14.4035 8.13798 
0 2.29689 0 0 0.954251 27.0208 0 
38.6749 21.9061 212.602 102.821 
54.824 54.824 75.6148 84.1332 
4.25964 97.4918 0 14.4035 8.13798 
0 2.29689 0 0 0.954251 27.0208 0 
38.6749 21.9061 212.602 102.821 
54.824 54.824 75.6149 84.1332 
4.25964 97.4918 0 14.4035 8.13798 
0 2.29689 0 0 0.954251 27.0208 0 
38.6749 21.9061 212.602 102.821 
54.824 54.824 75.6149 84.1332 
4.25964 97.4918 0 14.4035 8.13798 
0 2.29689 0 0 0.954251 27.0208 0 
Estimating row 43 out of 308 for hessian
38.6748 21.9062 212.602 102.821 
54.8244 54.8244 75.6149 84.1332 
4.25966 97.4916 0 14.4035 8.13798 
0 2.29689 0 0 0.954251 27.0208 0 
38.6749 21.906 212.602 102.821 
54.8236 54.8236 75.6149 84.1332 
4.25962 97.492 0 14.4035 8.13798 
0 2.29689 0 0 0.954251 27.0208 0 
38.6749 21.9061 212.602 102.821 
54.824 54.824 75.6149 84.1332 
4.25964 97.4918 0 14.4035 8.13798 
0 2.29689 0 0 0.954251 27.0208 0 
38.6749 21.9061 212.602 102.821 
54.824 54.824 75.6149 84.1332 
4.25964 97.4918 0 14.4035 8.13798 
0 2.29689 0 0 0.954251 27.0208 0 
Estimating row 44 out of 308 for hessian
38.6748 21.9062 212.602 102.821 
54.8244 54.8244 75.6149 84.1332 
4.25964 97.4916 0 14.4035 8.13798 
0 2.29689 0 0 0.954251 27.0208 0 
38.6749 21.906 212.602 102.821 
54.8236 54.8236 75.6149 84.1332 
4.25964 97.4919 0 14.4035 8.13798 
0 2.29689 0 0 0.954251 27.0208 0 
38.6749 21.9061 212.602 102.821 
54.8241 54.8241 75.6149 84.1332 
4.25964 97.4918 0 14.4035 8.13798 
0 2.29689 0 0 0.954251 27.0208 0 
38.6749 21.9061 212.602 102.821 
54.824 54.824 75.6149 84.1332 
4.25964 97.4918 0 14.4035 8.13798 
0 2.29689 0 0 0.954251 27.0208 0 
Estimating row 45 out of 308 for hessian
38.6747 21.9062 212.602 102.821 
54.8244 54.8244 75.6149 84.1332 
4.25964 97.4916 0 14.4035 8.13798 
0 2.29689 0 0 0.954251 27.0208 0 
38.675 21.906 212.602 102.821 
54.8236 54.8236 75.6149 84.1332 
4.25964 97.4919 0 14.4035 8.13798 
0 2.29689 0 0 0.954251 27.0208 0 
38.6748 21.9061 212.602 102.821 
54.8241 54.8241 75.6149 84.1332 
4.25964 97.4918 0 14.4035 8.13798 
0 2.29689 0 0 0.954251 27.0208 0 
38.6749 21.9061 212.602 102.821 
54.824 54.824 75.6149 84.1332 
4.25964 97.4918 0 14.4035 8.13798 
0 2.29689 0 0 0.954251 27.0208 0 
Estimating row 46 out of 308 for hessian
38.6748 21.9062 212.602 102.821 
54.8242 54.8242 75.6149 84.1332 
4.25958 97.4918 0 14.4035 8.13798 
0 2.29689 0 0 0.954251 27.0208 0 
38.6749 21.9061 212.602 102.821 
54.8238 54.8238 75.6149 84.1332 
4.2597 97.4917 0 14.4035 8.13798 
0 2.29689 0 0 0.954251 27.0208 0 
38.6749 21.9061 212.602 102.821 
54.824 54.824 75.6149 84.1332 
4.25964 97.4918 0 14.4035 8.13798 
0 2.29689 0 0 0.954251 27.0208 0 
38.6749 21.9061 212.602 102.821 
54.824 54.824 75.6149 84.1332 
4.25965 97.4918 0 14.4035 8.13798 
0 2.29689 0 0 0.954251 27.0208 0 
Estimating row 47 out of 308 for hessian
38.6748 21.9062 212.602 102.821 
54.8242 54.8242 75.6149 84.1332 
4.25959 97.4918 0 14.4035 8.13798 
0 2.29689 0 0 0.954251 27.0208 0 
38.6749 21.9061 212.602 102.821 
54.8238 54.8238 75.6149 84.1332 
4.25969 97.4917 0 14.4035 8.13798 
0 2.29689 0 0 0.954251 27.0208 0 
38.6749 21.9061 212.602 102.821 
54.824 54.824 75.6149 84.1332 
4.25964 97.4918 0 14.4035 8.13798 
0 2.29689 0 0 0.954251 27.0208 0 
38.6749 21.9061 212.602 102.821 
54.824 54.824 75.6149 84.1332 
4.25965 97.4918 0 14.4035 8.13798 
0 2.29689 0 0 0.954251 27.0208 0 
Estimating row 48 out of 308 for hessian
38.6748 21.9062 212.602 102.821 
54.8242 54.8242 75.6149 84.1332 
4.2596 97.4918 0 14.4035 8.13798 
0 2.29689 0 0 0.954251 27.0208 0 
38.6749 21.9061 212.602 102.821 
54.8239 54.8239 75.6149 84.1332 
4.25968 97.4918 0 14.4035 8.13798 
0 2.29689 0 0 0.954251 27.0208 0 
38.6749 21.9061 212.602 102.821 
54.824 54.824 75.6149 84.1332 
4.25964 97.4918 0 14.4035 8.13798 
0 2.29689 0 0 0.954251 27.0208 0 
38.6749 21.9061 212.602 102.821 
54.824 54.824 75.6149 84.1332 
4.25964 97.4918 0 14.4035 8.13798 
0 2.29689 0 0 0.954251 27.0208 0 
Estimating row 49 out of 308 for hessian
38.6748 21.9062 212.602 102.821 
54.8241 54.8241 75.6149 84.1332 
4.25961 97.4918 0 14.4035 8.13798 
0 2.29689 0 0 0.954251 27.0208 0 
38.6749 21.9061 212.602 102.821 
54.8239 54.8239 75.6149 84.1332 
4.25967 97.4918 0 14.4035 8.13798 
0 2.29689 0 0 0.954251 27.0208 0 
38.6749 21.9061 212.602 102.821 
54.824 54.824 75.6149 84.1332 
4.25964 97.4918 0 14.4035 8.13798 
0 2.29689 0 0 0.954251 27.0208 0 
38.6749 21.9061 212.602 102.821 
54.824 54.824 75.6149 84.1332 
4.25964 97.4918 0 14.4035 8.13798 
0 2.29689 0 0 0.954251 27.0208 0 
Estimating row 50 out of 308 for hessian
38.6748 21.9062 212.602 102.821 
54.824 54.824 75.6149 84.1332 
4.25963 97.4917 0 14.4035 8.13798 
0 2.29689 0 0 0.954251 27.0208 0 
38.6749 21.9061 212.602 102.821 
54.824 54.824 75.6149 84.1332 
4.25965 97.4918 0 14.4035 8.13798 
0 2.29689 0 0 0.954251 27.0208 0 
38.6749 21.9061 212.602 102.821 
54.824 54.824 75.6149 84.1332 
4.25964 97.4918 0 14.4035 8.13798 
0 2.29689 0 0 0.954251 27.0208 0 
38.6749 21.9061 212.602 102.821 
54.824 54.824 75.6149 84.1332 
4.25964 97.4918 0 14.4035 8.13798 
0 2.29689 0 0 0.954251 27.0208 0 
Estimating row 51 out of 308 for hessian
38.6749 21.9062 212.602 102.821 
54.824 54.824 75.6149 84.1332 
4.25964 97.4917 0 14.4035 8.13798 
0 2.29689 0 0 0.954251 27.0208 0 
38.6749 21.9061 212.602 102.821 
54.824 54.824 75.6149 84.1332 
4.25964 97.4918 0 14.4035 8.13798 
0 2.29689 0 0 0.954251 27.0208 0 
38.6749 21.9061 212.602 102.821 
54.824 54.824 75.6149 84.1332 
4.25964 97.4918 0 14.4035 8.13798 
0 2.29689 0 0 0.954251 27.0208 0 
38.6749 21.9061 212.602 102.821 
54.824 54.824 75.6149 84.1332 
4.25964 97.4918 0 14.4035 8.13798 
0 2.29689 0 0 0.954251 27.0208 0 
Estimating row 52 out of 308 for hessian
38.6749 21.9061 212.602 102.821 
54.824 54.824 75.6149 84.1332 
4.25966 97.4916 0 14.4035 8.13798 
0 2.29689 0 0 0.954251 27.0208 0 
38.6748 21.9061 212.602 102.821 
54.824 54.824 75.6149 84.1332 
4.25963 97.4919 0 14.4035 8.13798 
0 2.29689 0 0 0.954251 27.0208 0 
38.6749 21.9061 212.602 102.821 
54.824 54.824 75.6149 84.1332 
4.25964 97.4918 0 14.4035 8.13798 
0 2.29689 0 0 0.954251 27.0208 0 
38.6749 21.9061 212.602 102.821 
54.824 54.824 75.6149 84.1332 
4.25964 97.4918 0 14.4035 8.13798 
0 2.29689 0 0 0.954251 27.0208 0 
Estimating row 53 out of 308 for hessian
38.675 21.9062 212.602 102.821 
54.8241 54.8241 75.6149 84.1332 
4.25965 97.4917 0 14.4035 8.13798 
0 2.29689 0 0 0.954251 27.0208 0 
38.6748 21.9061 212.602 102.821 
54.824 54.824 75.6149 84.1332 
4.25964 97.4919 0 14.4035 8.13798 
0 2.29689 0 0 0.954251 27.0208 0 
38.6749 21.9061 212.602 102.821 
54.824 54.824 75.6149 84.1332 
4.25964 97.4918 0 14.4035 8.13798 
0 2.29689 0 0 0.954251 27.0208 0 
38.6748 21.9061 212.602 102.821 
54.824 54.824 75.6149 84.1332 
4.25964 97.4918 0 14.4035 8.13798 
0 2.29689 0 0 0.954251 27.0208 0 
Estimating row 54 out of 308 for hessian
38.675 21.9062 212.602 102.821 
54.824 54.824 75.6149 84.1332 
4.25966 97.4916 0 14.4035 8.13798 
0 2.29689 0 0 0.954251 27.0208 0 
38.6747 21.9061 212.602 102.821 
54.824 54.824 75.6149 84.1332 
4.25963 97.492 0 14.4035 8.13798 
0 2.29689 0 0 0.954251 27.0208 0 
38.6749 21.9061 212.602 102.821 
54.824 54.824 75.6149 84.1332 
4.25964 97.4918 0 14.4035 8.13798 
0 2.29689 0 0 0.954251 27.0208 0 
38.6748 21.9061 212.602 102.821 
54.824 54.824 75.6149 84.1332 
4.25964 97.4918 0 14.4035 8.13798 
0 2.29689 0 0 0.954251 27.0208 0 
Estimating row 55 out of 308 for hessian
38.675 21.9062 212.602 102.821 
54.8239 54.8239 75.6149 84.1332 
4.25966 97.4915 0 14.4035 8.13798 
0 2.29689 0 0 0.954251 27.0208 0 
38.6747 21.9061 212.602 102.821 
54.8241 54.8241 75.6149 84.1332 
4.25963 97.492 0 14.4035 8.13798 
0 2.29689 0 0 0.954251 27.0208 0 
38.6749 21.9061 212.602 102.821 
54.824 54.824 75.6149 84.1332 
4.25964 97.4917 0 14.4035 8.13798 
0 2.29689 0 0 0.954251 27.0208 0 
38.6748 21.9061 212.602 102.821 
54.824 54.824 75.6149 84.1332 
4.25964 97.4918 0 14.4035 8.13798 
0 2.29689 0 0 0.954251 27.0208 0 
Estimating row 56 out of 308 for hessian
38.6749 21.9062 212.602 102.821 
54.824 54.824 75.6149 84.1332 
4.25964 97.4916 0 14.4035 8.13798 
0 2.29689 0 0 0.954251 27.0208 0 
38.6748 21.9061 212.602 102.821 
54.824 54.824 75.6149 84.1332 
4.25964 97.4919 0 14.4035 8.13798 
0 2.29689 0 0 0.954251 27.0208 0 
38.6749 21.9061 212.602 102.821 
54.824 54.824 75.6149 84.1332 
4.25964 97.4918 0 14.4035 8.13798 
0 2.29689 0 0 0.954251 27.0208 0 
38.6749 21.9061 212.602 102.821 
54.824 54.824 75.6149 84.1332 
4.25964 97.4918 0 14.4035 8.13798 
0 2.29689 0 0 0.954251 27.0208 0 
Estimating row 57 out of 308 for hessian
38.6749 21.9061 212.602 102.821 
54.8238 54.8238 75.6149 84.1331 
4.25967 97.4915 0 14.4035 8.13798 
0 2.29689 0 0 0.954251 27.0208 0 
38.6748 21.9062 212.602 102.821 
54.8242 54.8242 75.6149 84.1332 
4.25962 97.492 0 14.4035 8.13798 
0 2.29689 0 0 0.954251 27.0208 0 
38.6749 21.9061 212.602 102.821 
54.824 54.824 75.6149 84.1332 
4.25964 97.4917 0 14.4035 8.13798 
0 2.29689 0 0 0.954251 27.0208 0 
38.6749 21.9061 212.602 102.821 
54.824 54.824 75.6149 84.1332 
4.25964 97.4918 0 14.4035 8.13798 
0 2.29689 0 0 0.954251 27.0208 0 
Estimating row 58 out of 308 for hessian
38.6748 21.9061 212.602 102.821 
54.8237 54.8237 75.6149 84.1331 
4.25966 97.4916 0 14.4035 8.13798 
0 2.29689 0 0 0.954251 27.0208 0 
38.6749 21.9062 212.602 102.821 
54.8243 54.8243 75.6149 84.1332 
4.25962 97.492 0 14.4035 8.13798 
0 2.29689 0 0 0.954251 27.0208 0 
38.6749 21.9061 212.602 102.821 
54.824 54.824 75.6149 84.1332 
4.25964 97.4918 0 14.4035 8.13798 
0 2.29689 0 0 0.954251 27.0208 0 
38.6749 21.9061 212.602 102.821 
54.824 54.824 75.6149 84.1332 
4.25964 97.4918 0 14.4035 8.13798 
0 2.29689 0 0 0.954251 27.0208 0 
Estimating row 59 out of 308 for hessian
38.6749 21.9061 212.602 102.821 
54.8238 54.8238 75.6149 84.1332 
4.25965 97.4917 0 14.4035 8.13798 
0 2.29689 0 0 0.954251 27.0208 0 
38.6749 21.9061 212.602 102.821 
54.8242 54.8242 75.6149 84.1332 
4.25963 97.4918 0 14.4035 8.13798 
0 2.29689 0 0 0.954251 27.0208 0 
38.6749 21.9061 212.602 102.821 
54.824 54.824 75.6149 84.1332 
4.25964 97.4918 0 14.4035 8.13798 
0 2.29689 0 0 0.954251 27.0208 0 
38.6749 21.9061 212.602 102.821 
54.824 54.824 75.6149 84.1332 
4.25964 97.4918 0 14.4035 8.13798 
0 2.29689 0 0 0.954251 27.0208 0 
Estimating row 60 out of 308 for hessian
38.6749 21.9062 212.602 102.821 
54.824 54.824 75.6149 84.1332 
4.2596 97.4919 0 14.4035 8.13798 
0 2.29689 0 0 0.954251 27.0208 0 
38.6748 21.9061 212.602 102.821 
54.824 54.824 75.6149 84.1332 
4.25968 97.4917 0 14.4035 8.13798 
0 2.29689 0 0 0.954251 27.0208 0 
38.6749 21.9061 212.602 102.821 
54.824 54.824 75.6149 84.1332 
4.25964 97.4918 0 14.4035 8.13798 
0 2.29689 0 0 0.954251 27.0208 0 
38.6749 21.9061 212.602 102.821 
54.824 54.824 75.6149 84.1332 
4.25964 97.4918 0 14.4035 8.13798 
0 2.29689 0 0 0.954251 27.0208 0 
Estimating row 61 out of 308 for hessian
38.6749 21.9062 212.602 102.821 
54.824 54.824 75.6149 84.1332 
4.25963 97.4918 0 14.4035 8.13798 
0 2.29689 0 0 0.954251 27.0208 0 
38.6748 21.9061 212.602 102.821 
54.824 54.824 75.6149 84.1332 
4.25965 97.4917 0 14.4035 8.13798 
0 2.29689 0 0 0.954251 27.0208 0 
38.6749 21.9061 212.602 102.821 
54.824 54.824 75.6149 84.1332 
4.25964 97.4918 0 14.4035 8.13798 
0 2.29689 0 0 0.954251 27.0208 0 
38.6749 21.9061 212.602 102.821 
54.824 54.824 75.6149 84.1332 
4.25964 97.4918 0 14.4035 8.13798 
0 2.29689 0 0 0.954251 27.0208 0 
Estimating row 62 out of 308 for hessian
38.6748 21.9062 212.602 102.821 
54.8239 54.8239 75.6149 84.1332 
4.25966 97.4917 0 14.4035 8.13798 
0 2.29689 0 0 0.954251 27.0208 0 
38.6749 21.9061 212.602 102.821 
54.8241 54.8241 75.6149 84.1332 
4.25962 97.4918 0 14.4035 8.13798 
0 2.29689 0 0 0.954251 27.0208 0 
38.6749 21.9061 212.602 102.821 
54.824 54.824 75.6149 84.1332 
4.25964 97.4918 0 14.4035 8.13798 
0 2.29689 0 0 0.954251 27.0208 0 
38.6749 21.9061 212.602 102.821 
54.824 54.824 75.6149 84.1332 
4.25964 97.4918 0 14.4035 8.13798 
0 2.29689 0 0 0.954251 27.0208 0 
Estimating row 63 out of 308 for hessian
38.6748 21.9062 212.602 102.821 
54.824 54.824 75.6149 84.1332 
4.25963 97.4918 0 14.4035 8.13798 
0 2.29689 0 0 0.954251 27.0208 0 
38.6749 21.9061 212.602 102.821 
54.824 54.824 75.6149 84.1332 
4.25965 97.4918 0 14.4035 8.13798 
0 2.29689 0 0 0.954251 27.0208 0 
38.6749 21.9061 212.602 102.821 
54.824 54.824 75.6149 84.1332 
4.25964 97.4918 0 14.4035 8.13798 
0 2.29689 0 0 0.954251 27.0208 0 
38.6749 21.9061 212.602 102.821 
54.824 54.824 75.6149 84.1332 
4.25964 97.4918 0 14.4035 8.13798 
0 2.29689 0 0 0.954251 27.0208 0 
Estimating row 64 out of 308 for hessian
38.6748 21.9062 212.602 102.821 
54.8241 54.8241 75.6149 84.1332 
4.25962 97.4918 0 14.4035 8.13798 
0 2.29689 0 0 0.954251 27.0208 0 
38.6749 21.9061 212.602 102.821 
54.824 54.824 75.6149 84.1332 
4.25966 97.4917 0 14.4035 8.13798 
0 2.29689 0 0 0.954251 27.0208 0 
38.6749 21.9061 212.602 102.821 
54.824 54.824 75.6149 84.1332 
4.25964 97.4918 0 14.4035 8.13798 
0 2.29689 0 0 0.954251 27.0208 0 
38.6749 21.9061 212.602 102.821 
54.824 54.824 75.6149 84.1332 
4.25964 97.4918 0 14.4035 8.13798 
0 2.29689 0 0 0.954251 27.0208 0 
Estimating row 65 out of 308 for hessian
38.6748 21.9062 212.602 102.821 
54.8241 54.8241 75.6149 84.1332 
4.25961 97.4918 0 14.4035 8.13798 
0 2.29689 0 0 0.954251 27.0208 0 
38.6749 21.9061 212.602 102.821 
54.824 54.824 75.6149 84.1332 
4.25967 97.4917 0 14.4035 8.13798 
0 2.29689 0 0 0.954251 27.0208 0 
38.6749 21.9061 212.602 102.821 
54.824 54.824 75.6149 84.1332 
4.25964 97.4918 0 14.4035 8.13798 
0 2.29689 0 0 0.954251 27.0208 0 
38.6749 21.9061 212.602 102.821 
54.824 54.824 75.6149 84.1332 
4.25964 97.4918 0 14.4035 8.13798 
0 2.29689 0 0 0.954251 27.0208 0 
Estimating row 66 out of 308 for hessian
38.6748 21.9062 212.602 102.821 
54.824 54.824 75.6149 84.1332 
4.25963 97.4918 0 14.4035 8.13798 
0 2.29689 0 0 0.954251 27.0208 0 
38.6749 21.9061 212.602 102.821 
54.824 54.824 75.6149 84.1332 
4.25965 97.4918 0 14.4035 8.13798 
0 2.29689 0 0 0.954251 27.0208 0 
38.6749 21.9061 212.602 102.821 
54.824 54.824 75.6149 84.1332 
4.25964 97.4918 0 14.4035 8.13798 
0 2.29689 0 0 0.954251 27.0208 0 
38.6749 21.9061 212.602 102.821 
54.824 54.824 75.6149 84.1332 
4.25964 97.4918 0 14.4035 8.13798 
0 2.29689 0 0 0.954251 27.0208 0 
Estimating row 67 out of 308 for hessian
38.6748 21.9062 212.602 102.821 
54.8241 54.8241 75.6149 84.1332 
4.25962 97.4918 0 14.4035 8.13798 
0 2.29689 0 0 0.954251 27.0208 0 
38.6749 21.9061 212.602 102.821 
54.8239 54.8239 75.6149 84.1332 
4.25966 97.4917 0 14.4035 8.13798 
0 2.29689 0 0 0.954251 27.0208 0 
38.6749 21.9061 212.602 102.821 
54.824 54.824 75.6149 84.1332 
4.25964 97.4918 0 14.4035 8.13798 
0 2.29689 0 0 0.954251 27.0208 0 
38.6749 21.9061 212.602 102.821 
54.824 54.824 75.6149 84.1332 
4.25964 97.4918 0 14.4035 8.13798 
0 2.29689 0 0 0.954251 27.0208 0 
Estimating row 68 out of 308 for hessian
38.6748 21.9062 212.602 102.821 
54.8241 54.8241 75.6149 84.1332 
4.25963 97.4918 0 14.4035 8.13798 
0 2.29689 0 0 0.954251 27.0208 0 
38.6749 21.9061 212.602 102.821 
54.8239 54.8239 75.6149 84.1332 
4.25965 97.4917 0 14.4035 8.13798 
0 2.29689 0 0 0.954251 27.0208 0 
38.6749 21.9061 212.602 102.821 
54.824 54.824 75.6149 84.1332 
4.25964 97.4918 0 14.4035 8.13798 
0 2.29689 0 0 0.954251 27.0208 0 
38.6749 21.9061 212.602 102.821 
54.824 54.824 75.6149 84.1332 
4.25964 97.4918 0 14.4035 8.13798 
0 2.29689 0 0 0.954251 27.0208 0 
Estimating row 69 out of 308 for hessian
38.6748 21.9062 212.602 102.821 
54.8241 54.8241 75.6149 84.1332 
4.25962 97.4919 0 14.4035 8.13798 
0 2.29689 0 0 0.954251 27.0208 0 
38.6749 21.9061 212.602 102.821 
54.8239 54.8239 75.6149 84.1332 
4.25966 97.4917 0 14.4035 8.13798 
0 2.29689 0 0 0.954251 27.0208 0 
38.6749 21.9061 212.602 102.821 
54.824 54.824 75.6149 84.1332 
4.25964 97.4918 0 14.4035 8.13798 
0 2.29689 0 0 0.954251 27.0208 0 
38.6749 21.9061 212.602 102.821 
54.824 54.824 75.6149 84.1332 
4.25964 97.4918 0 14.4035 8.13798 
0 2.29689 0 0 0.954251 27.0208 0 
Estimating row 70 out of 308 for hessian
38.6749 21.9061 212.602 102.821 
54.8241 54.8241 75.6149 84.1332 
4.25962 97.4918 0 14.4035 8.13798 
0 2.29689 0 0 0.954251 27.0208 0 
38.6749 21.9061 212.602 102.821 
54.824 54.824 75.6149 84.1332 
4.25966 97.4917 0 14.4035 8.13798 
0 2.29689 0 0 0.954251 27.0208 0 
38.6749 21.9061 212.602 102.821 
54.824 54.824 75.6149 84.1332 
4.25964 97.4918 0 14.4035 8.13798 
0 2.29689 0 0 0.954251 27.0208 0 
38.6749 21.9061 212.602 102.821 
54.824 54.824 75.6149 84.1332 
4.25964 97.4918 0 14.4035 8.13798 
0 2.29689 0 0 0.954251 27.0208 0 
Estimating row 71 out of 308 for hessian
38.6748 21.9061 212.602 102.821 
54.824 54.824 75.6149 84.1332 
4.25965 97.4918 0 14.4035 8.13798 
0 2.29689 0 0 0.954251 27.0208 0 
38.6749 21.9062 212.602 102.821 
54.824 54.824 75.6149 84.1332 
4.25963 97.4918 0 14.4035 8.13798 
0 2.29689 0 0 0.954251 27.0208 0 
38.6749 21.9061 212.602 102.821 
54.824 54.824 75.6149 84.1332 
4.25964 97.4918 0 14.4035 8.13798 
0 2.29689 0 0 0.954251 27.0208 0 
38.6749 21.9061 212.602 102.821 
54.824 54.824 75.6149 84.1332 
4.25964 97.4918 0 14.4035 8.13798 
0 2.29689 0 0 0.954251 27.0208 0 
Estimating row 72 out of 308 for hessian
38.6748 21.9061 212.602 102.821 
54.8239 54.8239 75.6149 84.1332 
4.25965 97.4917 0 14.4035 8.13798 
0 2.29689 0 0 0.954251 27.0208 0 
38.6749 21.9062 212.602 102.821 
54.8241 54.8241 75.6149 84.1332 
4.25963 97.4918 0 14.4035 8.13798 
0 2.29689 0 0 0.954251 27.0208 0 
38.6749 21.9061 212.602 102.821 
54.824 54.824 75.6149 84.1332 
4.25964 97.4918 0 14.4035 8.13798 
0 2.29689 0 0 0.954251 27.0208 0 
38.6749 21.9061 212.602 102.821 
54.824 54.824 75.6149 84.1332 
4.25964 97.4918 0 14.4035 8.13798 
0 2.29689 0 0 0.954251 27.0208 0 
Estimating row 73 out of 308 for hessian
38.6748 21.9061 212.602 102.821 
54.8239 54.8239 75.6149 84.1332 
4.25966 97.4918 0 14.4035 8.13798 
0 2.29689 0 0 0.954251 27.0208 0 
38.6749 21.9061 212.602 102.821 
54.8241 54.8241 75.6149 84.1332 
4.25962 97.4918 0 14.4035 8.13798 
0 2.29689 0 0 0.954251 27.0208 0 
38.6749 21.9061 212.602 102.821 
54.824 54.824 75.6149 84.1332 
4.25964 97.4918 0 14.4035 8.13798 
0 2.29689 0 0 0.954251 27.0208 0 
38.6749 21.9061 212.602 102.821 
54.824 54.824 75.6149 84.1332 
4.25964 97.4918 0 14.4035 8.13798 
0 2.29689 0 0 0.954251 27.0208 0 
Estimating row 74 out of 308 for hessian
38.6748 21.9062 212.602 102.821 
54.824 54.824 75.6149 84.1332 
4.25963 97.4919 0 14.4035 8.13798 
0 2.29689 0 0 0.954251 27.0208 0 
38.6749 21.9061 212.602 102.821 
54.824 54.824 75.6149 84.1332 
4.25965 97.4917 0 14.4035 8.13798 
0 2.29689 0 0 0.954251 27.0208 0 
38.6749 21.9061 212.602 102.821 
54.824 54.824 75.6149 84.1332 
4.25964 97.4918 0 14.4035 8.13798 
0 2.29689 0 0 0.954251 27.0208 0 
38.6749 21.9061 212.602 102.821 
54.824 54.824 75.6149 84.1332 
4.25964 97.4918 0 14.4035 8.13798 
0 2.29689 0 0 0.954251 27.0208 0 
Estimating row 75 out of 308 for hessian
38.6748 21.9061 212.602 102.821 
54.8239 54.8239 75.615 84.1332 
4.25968 97.4918 0 14.4035 8.13798 
0 2.29689 0 0 0.954251 27.0208 0 
38.6749 21.9062 212.602 102.821 
54.8242 54.8242 75.6149 84.1332 
4.2596 97.4917 0 14.4035 8.13798 
0 2.29689 0 0 0.954251 27.0208 0 
38.6749 21.9061 212.602 102.821 
54.824 54.824 75.6149 84.1332 
4.25964 97.4918 0 14.4035 8.13798 
0 2.29689 0 0 0.954251 27.0208 0 
38.6749 21.9061 212.602 102.821 
54.824 54.824 75.6149 84.1332 
4.25964 97.4918 0 14.4035 8.13798 
0 2.29689 0 0 0.954251 27.0208 0 
Estimating row 76 out of 308 for hessian
38.6749 21.906 212.602 102.821 
54.8237 54.8237 75.6149 84.1332 
4.25969 97.4917 0 14.4035 8.13798 
0 2.29689 0 0 0.954251 27.0208 0 
38.6748 21.9063 212.602 102.821 
54.8244 54.8244 75.6149 84.1332 
4.25959 97.4918 0 14.4035 8.13798 
0 2.29689 0 0 0.954251 27.0208 0 
38.6749 21.9061 212.602 102.821 
54.824 54.824 75.6149 84.1332 
4.25965 97.4918 0 14.4035 8.13798 
0 2.29689 0 0 0.954251 27.0208 0 
38.6748 21.9062 212.602 102.821 
54.824 54.824 75.6149 84.1332 
4.25964 97.4918 0 14.4035 8.13798 
0 2.29689 0 0 0.954251 27.0208 0 
Estimating row 77 out of 308 for hessian
38.6749 21.906 212.602 102.821 
54.8239 54.8239 75.6149 84.1332 
4.25964 97.4919 0 14.4035 8.13798 
0 2.29689 0 0 0.954251 27.0208 0 
38.6748 21.9062 212.602 102.821 
54.8242 54.8242 75.6149 84.1332 
4.25964 97.4917 0 14.4035 8.13798 
0 2.29689 0 0 0.954251 27.0208 0 
38.6749 21.9061 212.602 102.821 
54.824 54.824 75.6149 84.1332 
4.25964 97.4918 0 14.4035 8.13798 
0 2.29689 0 0 0.954251 27.0208 0 
38.6749 21.9061 212.602 102.821 
54.824 54.824 75.6149 84.1332 
4.25964 97.4918 0 14.4035 8.13798 
0 2.29689 0 0 0.954251 27.0208 0 
Estimating row 78 out of 308 for hessian
38.6749 21.9061 212.602 102.821 
54.824 54.824 75.6149 84.1332 
4.25963 97.4919 0 14.4035 8.13798 
0 2.29689 0 0 0.954251 27.0208 0 
38.6748 21.9062 212.602 102.821 
54.8241 54.8241 75.6149 84.1332 
4.25966 97.4916 0 14.4035 8.13798 
0 2.29689 0 0 0.954251 27.0208 0 
38.6749 21.9061 212.602 102.821 
54.824 54.824 75.6149 84.1332 
4.25964 97.4918 0 14.4035 8.13798 
0 2.29689 0 0 0.954251 27.0208 0 
38.6749 21.9061 212.602 102.821 
54.824 54.824 75.6149 84.1332 
4.25964 97.4918 0 14.4035 8.13798 
0 2.29689 0 0 0.954251 27.0208 0 
Estimating row 79 out of 308 for hessian
38.6748 21.9059 212.602 102.821 
54.8238 54.8238 75.6149 84.1332 
4.25966 97.4919 0 14.4035 8.13798 
0 2.29689 0 0 0.954251 27.0208 0 
38.6749 21.9064 212.602 102.821 
54.8242 54.8242 75.6149 84.1332 
4.25962 97.4917 0 14.4035 8.13798 
0 2.2969 0 0 0.954251 27.0208 0 
38.6749 21.9061 212.602 102.821 
54.824 54.824 75.6149 84.1332 
4.25964 97.4918 0 14.4035 8.13798 
0 2.29689 0 0 0.954251 27.0208 0 
38.6749 21.9062 212.602 102.821 
54.824 54.824 75.6149 84.1332 
4.25964 97.4918 0 14.4035 8.13798 
0 2.29689 0 0 0.954251 27.0208 0 
Estimating row 80 out of 308 for hessian
38.6748 21.9054 212.602 102.821 
54.8232 54.8232 75.6148 84.1332 
4.25974 97.4919 0 14.4035 8.13798 
0 2.2969 0 0 0.954251 27.0208 0 
38.6749 21.9069 212.602 102.821 
54.8248 54.8248 75.615 84.1332 
4.25955 97.4917 0 14.4035 8.13798 
0 2.29688 0 0 0.954251 27.0208 0 
38.6749 21.9061 212.602 102.821 
54.8239 54.8239 75.6149 84.1332 
4.25965 97.4918 0 14.4035 8.13798 
0 2.29689 0 0 0.954251 27.0208 0 
38.6749 21.9062 212.602 102.821 
54.8241 54.8241 75.6149 84.1332 
4.25963 97.4918 0 14.4035 8.13798 
0 2.29689 0 0 0.954251 27.0208 0 
Estimating row 81 out of 308 for hessian
38.6748 21.9062 212.602 102.821 
54.8241 54.8241 75.6149 84.1332 
4.25964 97.492 0 14.4035 8.13798 
0 2.29689 0 0 0.954251 27.0208 0 
38.6749 21.9061 212.602 102.821 
54.8239 54.8239 75.6149 84.1332 
4.25964 97.4916 0 14.4035 8.13798 
0 2.29689 0 0 0.954251 27.0208 0 
38.6749 21.9061 212.602 102.821 
54.824 54.824 75.6149 84.1332 
4.25964 97.4918 0 14.4035 8.13798 
0 2.29689 0 0 0.954251 27.0208 0 
38.6749 21.9061 212.602 102.821 
54.824 54.824 75.6149 84.1332 
4.25964 97.4918 0 14.4035 8.13798 
0 2.29689 0 0 0.954251 27.0208 0 
Estimating row 82 out of 308 for hessian
38.6749 21.9062 212.602 102.821 
54.8241 54.8241 75.6149 84.1332 
4.25961 97.492 0 14.4035 8.13798 
0 2.29689 0 0 0.954251 27.0208 0 
38.6748 21.9061 212.602 102.821 
54.8239 54.8239 75.6149 84.1332 
4.25967 97.4916 0 14.4035 8.13798 
0 2.29689 0 0 0.954251 27.0208 0 
38.6749 21.9061 212.602 102.821 
54.824 54.824 75.6149 84.1332 
4.25964 97.4918 0 14.4035 8.13798 
0 2.29689 0 0 0.954251 27.0208 0 
38.6749 21.9061 212.602 102.821 
54.824 54.824 75.6149 84.1332 
4.25964 97.4918 0 14.4035 8.13798 
0 2.29689 0 0 0.954251 27.0208 0 
Estimating row 83 out of 308 for hessian
38.6749 21.9062 212.602 102.821 
54.8241 54.8241 75.6149 84.1332 
4.25964 97.492 0 14.4035 8.13798 
0 2.29689 0 0 0.954251 27.0208 0 
38.6748 21.9061 212.602 102.821 
54.8239 54.8239 75.6149 84.1332 
4.25964 97.4916 0 14.4035 8.13798 
0 2.29689 0 0 0.954251 27.0208 0 
38.6749 21.9061 212.602 102.821 
54.824 54.824 75.6149 84.1332 
4.25964 97.4918 0 14.4035 8.13798 
0 2.29689 0 0 0.954251 27.0208 0 
38.6749 21.9061 212.602 102.821 
54.824 54.824 75.6149 84.1332 
4.25964 97.4918 0 14.4035 8.13798 
0 2.29689 0 0 0.954251 27.0208 0 
Estimating row 84 out of 308 for hessian
38.6748 21.9062 212.602 102.821 
54.8241 54.8241 75.6149 84.1332 
4.25967 97.492 0 14.4035 8.13798 
0 2.29689 0 0 0.954251 27.0208 0 
38.6749 21.9061 212.602 102.821 
54.8239 54.8239 75.6149 84.1332 
4.25961 97.4916 0 14.4035 8.13798 
0 2.29689 0 0 0.954251 27.0208 0 
38.6749 21.9061 212.602 102.821 
54.824 54.824 75.6149 84.1332 
4.25964 97.4918 0 14.4035 8.13798 
0 2.29689 0 0 0.954251 27.0208 0 
38.6749 21.9061 212.602 102.821 
54.824 54.824 75.6149 84.1332 
4.25964 97.4918 0 14.4035 8.13798 
0 2.29689 0 0 0.954251 27.0208 0 
Estimating row 85 out of 308 for hessian
38.6749 21.9062 212.602 102.821 
54.8242 54.8242 75.6149 84.1332 
4.25964 97.4918 0 14.4035 8.13798 
0 2.29689 0 0 0.954251 27.0208 0 
38.6749 21.9061 212.602 102.821 
54.8239 54.8239 75.6149 84.1332 
4.25964 97.4918 0 14.4035 8.13798 
0 2.29689 0 0 0.954251 27.0208 0 
38.6749 21.9061 212.602 102.821 
54.824 54.824 75.6149 84.1332 
4.25964 97.4918 0 14.4035 8.13798 
0 2.29689 0 0 0.954251 27.0208 0 
38.6749 21.9061 212.602 102.821 
54.824 54.824 75.6149 84.1332 
4.25964 97.4918 0 14.4035 8.13798 
0 2.29689 0 0 0.954251 27.0208 0 
Estimating row 86 out of 308 for hessian
38.6749 21.9063 212.602 102.821 
54.8242 54.8242 75.6149 84.1332 
4.25964 97.4916 0 14.4035 8.13798 
0 2.29687 0 0 0.954251 27.0208 0 
38.6749 21.906 212.602 102.821 
54.8238 54.8238 75.6149 84.1332 
4.25964 97.492 0 14.4035 8.13798 
0 2.29691 0 0 0.954251 27.0208 0 
38.6749 21.9062 212.602 102.821 
54.824 54.824 75.6149 84.1332 
4.25964 97.4918 0 14.4035 8.13798 
0 2.29689 0 0 0.954251 27.0208 0 
38.6749 21.9061 212.602 102.821 
54.824 54.824 75.6149 84.1332 
4.25964 97.4918 0 14.4035 8.13798 
0 2.29689 0 0 0.954251 27.0208 0 
Estimating row 87 out of 308 for hessian
38.6749 21.9064 212.602 102.821 
54.8243 54.8243 75.6149 84.1332 
4.25964 97.491 0 14.4035 8.13798 
0 2.29693 0 0 0.954251 27.0208 0 
38.6749 21.9058 212.602 102.821 
54.8237 54.8237 75.6149 84.1332 
4.25964 97.4925 0 14.4035 8.13798 
0 2.29685 0 0 0.954251 27.0208 0 
38.6749 21.9062 212.602 102.821 
54.824 54.824 75.6149 84.1332 
4.25964 97.4917 0 14.4035 8.13798 
0 2.29689 0 0 0.954251 27.0208 0 
38.6749 21.9061 212.602 102.821 
54.824 54.824 75.6149 84.1332 
4.25964 97.4918 0 14.4035 8.13798 
0 2.29689 0 0 0.954251 27.0208 0 
Estimating row 88 out of 308 for hessian
38.6749 21.9062 212.602 102.821 
54.8241 54.8241 75.6149 84.1332 
4.25964 97.4918 0 14.4035 8.13798 
0 2.29687 0 0 0.954251 27.0208 0 
38.6749 21.9061 212.602 102.821 
54.8239 54.8239 75.6149 84.1332 
4.25964 97.4917 0 14.4035 8.13798 
0 2.29691 0 0 0.954251 27.0208 0 
38.6749 21.9061 212.602 102.821 
54.824 54.824 75.6149 84.1332 
4.25964 97.4918 0 14.4035 8.13798 
0 2.29689 0 0 0.954251 27.0208 0 
38.6749 21.9061 212.602 102.821 
54.824 54.824 75.6149 84.1332 
4.25964 97.4918 0 14.4035 8.13798 
0 2.29689 0 0 0.954251 27.0208 0 
Estimating row 89 out of 308 for hessian
38.6749 21.9062 212.602 102.821 
54.8241 54.8241 75.6149 84.1332 
4.25964 97.4919 0 14.4035 8.13798 
0 2.29687 0 0 0.954251 27.0208 0 
38.6749 21.9061 212.602 102.821 
54.8239 54.8239 75.6149 84.1332 
4.25964 97.4916 0 14.4035 8.13798 
0 2.29691 0 0 0.954251 27.0208 0 
38.6749 21.9061 212.602 102.821 
54.824 54.824 75.6149 84.1332 
4.25964 97.4918 0 14.4035 8.13798 
0 2.29689 0 0 0.954251 27.0208 0 
38.6749 21.9061 212.602 102.821 
54.824 54.824 75.6149 84.1332 
4.25964 97.4918 0 14.4035 8.13798 
0 2.29689 0 0 0.954251 27.0208 0 
Estimating row 90 out of 308 for hessian
38.6749 21.9062 212.602 102.821 
54.8243 54.8243 75.6149 84.1332 
4.25964 97.4918 0 14.4035 8.13798 
0 2.2969 0 0 0.954251 27.0208 0 
38.6749 21.9061 212.602 102.821 
54.8237 54.8237 75.6149 84.1332 
4.25964 97.4917 0 14.4035 8.13798 
0 2.29688 0 0 0.954251 27.0208 0 
38.6749 21.9061 212.602 102.821 
54.824 54.824 75.6149 84.1332 
4.25964 97.4918 0 14.4035 8.13798 
0 2.29689 0 0 0.954251 27.0208 0 
38.6749 21.9061 212.602 102.821 
54.824 54.824 75.6149 84.1332 
4.25964 97.4918 0 14.4035 8.13798 
0 2.29689 0 0 0.954251 27.0208 0 
Estimating row 91 out of 308 for hessian
38.6749 21.9063 212.602 102.821 
54.8245 54.8245 75.615 84.1332 
4.25964 97.4916 0 14.4035 8.13798 
0 2.29691 0 0 0.954251 27.0208 0 
38.6749 21.906 212.602 102.821 
54.8235 54.8235 75.6149 84.1332 
4.25964 97.4919 0 14.4035 8.13798 
0 2.29687 0 0 0.954251 27.0208 0 
38.6749 21.9062 212.602 102.821 
54.8241 54.8241 75.6149 84.1332 
4.25964 97.4918 0 14.4035 8.13798 
0 2.29689 0 0 0.954251 27.0208 0 
38.6749 21.9061 212.602 102.821 
54.824 54.824 75.6149 84.1332 
4.25964 97.4918 0 14.4035 8.13798 
0 2.29689 0 0 0.954251 27.0208 0 
Estimating row 92 out of 308 for hessian
38.6749 21.9062 212.602 102.821 
54.8242 54.8242 75.615 84.1332 
4.25964 97.4918 0 14.4035 8.13798 
0 2.29688 0 0 0.954251 27.0208 0 
38.6749 21.9061 212.602 102.821 
54.8238 54.8238 75.6149 84.1332 
4.25964 97.4918 0 14.4035 8.13798 
0 2.2969 0 0 0.954251 27.0208 0 
38.6749 21.9061 212.602 102.821 
54.824 54.824 75.6149 84.1332 
4.25964 97.4918 0 14.4035 8.13798 
0 2.29689 0 0 0.954251 27.0208 0 
38.6749 21.9061 212.602 102.821 
54.824 54.824 75.6149 84.1332 
4.25964 97.4918 0 14.4035 8.13798 
0 2.29689 0 0 0.954251 27.0208 0 
Estimating row 93 out of 308 for hessian
38.6749 21.9062 212.602 102.821 
54.8239 54.8239 75.6149 84.1332 
4.25964 97.4917 0 14.4035 8.13798 
0 2.29688 0 0 0.954251 27.0208 0 
38.6749 21.9061 212.602 102.821 
54.8241 54.8241 75.6149 84.1332 
4.25964 97.4918 0 14.4035 8.13798 
0 2.2969 0 0 0.954251 27.0208 0 
38.6749 21.9061 212.602 102.821 
54.824 54.824 75.6149 84.1332 
4.25964 97.4918 0 14.4035 8.13798 
0 2.29689 0 0 0.954251 27.0208 0 
38.6749 21.9061 212.602 102.821 
54.824 54.824 75.6149 84.1332 
4.25964 97.4918 0 14.4035 8.13798 
0 2.29689 0 0 0.954251 27.0208 0 
Estimating row 94 out of 308 for hessian
38.6749 21.9061 212.602 102.821 
54.8238 54.8238 75.6148 84.1332 
4.25964 97.4917 0 14.4035 8.13798 
0 2.29691 0 0 0.954251 27.0208 0 
38.6749 21.9062 212.602 102.821 
54.8242 54.8242 75.615 84.1332 
4.25964 97.4919 0 14.4035 8.13798 
0 2.29687 0 0 0.954251 27.0208 0 
38.6749 21.9061 212.602 102.821 
54.824 54.824 75.6149 84.1332 
4.25964 97.4918 0 14.4035 8.13798 
0 2.29689 0 0 0.954251 27.0208 0 
38.6749 21.9061 212.602 102.821 
54.824 54.824 75.6149 84.1332 
4.25964 97.4918 0 14.4035 8.13798 
0 2.29689 0 0 0.954251 27.0208 0 
Estimating row 95 out of 308 for hessian
38.6749 21.9061 212.602 102.821 
54.824 54.824 75.6149 84.1332 
4.25964 97.4918 0 14.4035 8.13798 
0 2.29687 0 0 0.954251 27.0208 0 
38.6749 21.9061 212.602 102.821 
54.824 54.824 75.6149 84.1332 
4.25964 97.4917 0 14.4035 8.13798 
0 2.29691 0 0 0.954251 27.0208 0 
38.6749 21.9061 212.602 102.821 
54.824 54.824 75.6149 84.1332 
4.25964 97.4918 0 14.4035 8.13798 
0 2.29689 0 0 0.954251 27.0208 0 
38.6749 21.9061 212.602 102.821 
54.824 54.824 75.6149 84.1332 
4.25964 97.4918 0 14.4035 8.13798 
0 2.29689 0 0 0.954251 27.0208 0 
Estimating row 96 out of 308 for hessian
38.6749 21.9062 212.602 102.821 
54.824 54.824 75.6149 84.1332 
4.25964 97.4918 0 14.4035 8.13798 
0 2.29689 0 0 0.954251 27.0208 0 
38.6749 21.9061 212.602 102.821 
54.824 54.824 75.6149 84.1332 
4.25964 97.4917 0 14.4035 8.13798 
0 2.29689 0 0 0.954251 27.0208 0 
38.6749 21.9061 212.602 102.821 
54.824 54.824 75.6149 84.1332 
4.25964 97.4918 0 14.4035 8.13798 
0 2.29689 0 0 0.954251 27.0208 0 
38.6749 21.9061 212.602 102.821 
54.824 54.824 75.6149 84.1332 
4.25964 97.4918 0 14.4035 8.13798 
0 2.29689 0 0 0.954251 27.0208 0 
Estimating row 97 out of 308 for hessian
38.6749 21.9062 212.602 102.821 
54.824 54.824 75.6149 84.1332 
4.25964 97.4917 0 14.4035 8.13798 
0 2.29688 0 0 0.954251 27.0208 0 
38.6749 21.906 212.602 102.821 
54.8241 54.8241 75.6149 84.1331 
4.25964 97.4918 0 14.4035 8.13798 
0 2.2969 0 0 0.954251 27.0208 0 
38.6749 21.9061 212.602 102.821 
54.824 54.824 75.6149 84.1332 
4.25964 97.4918 0 14.4035 8.13798 
0 2.29689 0 0 0.954251 27.0208 0 
38.6749 21.9061 212.602 102.821 
54.824 54.824 75.6149 84.1332 
4.25964 97.4918 0 14.4035 8.13798 
0 2.29689 0 0 0.954251 27.0208 0 
Estimating row 98 out of 308 for hessian
38.6749 21.9064 212.602 102.82 
54.8238 54.8238 75.6149 84.1333 
4.25964 97.4915 0 14.4035 8.13798 
0 2.2969 0 0 0.954251 27.0208 0 
38.6749 21.9059 212.602 102.821 
54.8242 54.8242 75.6149 84.1331 
4.25964 97.492 0 14.4035 8.13798 
0 2.29688 0 0 0.954251 27.0208 0 
38.6749 21.9062 212.602 102.821 
54.824 54.824 75.6149 84.1332 
4.25964 97.4917 0 14.4035 8.13798 
0 2.29689 0 0 0.954251 27.0208 0 
38.6749 21.9061 212.602 102.821 
54.824 54.824 75.6149 84.1332 
4.25964 97.4918 0 14.4035 8.13798 
0 2.29689 0 0 0.954251 27.0208 0 
Estimating row 99 out of 308 for hessian
38.6749 21.9062 212.602 102.821 
54.8241 54.8241 75.6149 84.1333 
4.25964 97.4916 0 14.4035 8.13798 
0 2.29688 0 0 0.954251 27.0208 0 
38.6749 21.9061 212.602 102.821 
54.8239 54.8239 75.6149 84.1331 
4.25964 97.4919 0 14.4035 8.13798 
0 2.2969 0 0 0.954251 27.0208 0 
38.6749 21.9061 212.602 102.821 
54.824 54.824 75.6149 84.1332 
4.25964 97.4918 0 14.4035 8.13798 
0 2.29689 0 0 0.954251 27.0208 0 
38.6749 21.9061 212.602 102.821 
54.824 54.824 75.6149 84.1332 
4.25964 97.4918 0 14.4035 8.13798 
0 2.29689 0 0 0.954251 27.0208 0 
Estimating row 100 out of 308 for hessian
38.6749 21.906 212.602 102.821 
54.8241 54.8241 75.6149 84.1332 
4.25964 97.4917 0 14.4035 8.13798 
0 2.29691 0 0 0.954251 27.0208 0 
38.6749 21.9062 212.602 102.821 
54.8239 54.8239 75.6149 84.1331 
4.25964 97.4919 0 14.4035 8.13798 
0 2.29687 0 0 0.954251 27.0208 0 
38.6749 21.9061 212.602 102.821 
54.824 54.824 75.6149 84.1332 
4.25964 97.4918 0 14.4035 8.13798 
0 2.29689 0 0 0.954251 27.0208 0 
38.6749 21.9061 212.602 102.821 
54.824 54.824 75.6149 84.1332 
4.25964 97.4918 0 14.4035 8.13798 
0 2.29689 0 0 0.954251 27.0208 0 
Estimating row 101 out of 308 for hessian
38.6749 21.9061 212.602 102.821 
54.824 54.824 75.6149 84.1332 
4.25964 97.4919 0 14.4035 8.13798 
0 2.29686 0 0 0.954251 27.0208 0 
38.6749 21.9061 212.602 102.821 
54.824 54.824 75.6149 84.1332 
4.25964 97.4917 0 14.4035 8.13798 
0 2.29692 0 0 0.954251 27.0208 0 
38.6749 21.9061 212.602 102.821 
54.824 54.824 75.6149 84.1332 
4.25964 97.4918 0 14.4035 8.13798 
0 2.29689 0 0 0.954251 27.0208 0 
38.6749 21.9061 212.602 102.821 
54.824 54.824 75.6149 84.1332 
4.25964 97.4918 0 14.4035 8.13798 
0 2.29689 0 0 0.954251 27.0208 0 
Estimating row 102 out of 308 for hessian
38.6749 21.9061 212.602 102.821 
54.8239 54.8239 75.6149 84.1332 
4.25964 97.4918 0 14.4035 8.13798 
0 2.29692 0 0 0.954251 27.0208 0 
38.6749 21.9061 212.602 102.821 
54.8241 54.8241 75.6149 84.1332 
4.25964 97.4918 0 14.4035 8.13798 
0 2.29686 0 0 0.954251 27.0208 0 
38.6749 21.9061 212.602 102.821 
54.824 54.824 75.6149 84.1332 
4.25964 97.4918 0 14.4035 8.13798 
0 2.29689 0 0 0.954251 27.0208 0 
38.6749 21.9061 212.602 102.821 
54.824 54.824 75.6149 84.1332 
4.25964 97.4918 0 14.4035 8.13798 
0 2.29689 0 0 0.954251 27.0208 0 
Estimating row 103 out of 308 for hessian
38.6749 21.9062 212.602 102.821 
54.824 54.824 75.6149 84.1332 
4.25964 97.4918 0 14.4035 8.13798 
0 2.29687 0 0 0.954251 27.0208 0 
38.6749 21.9061 212.602 102.821 
54.8241 54.8241 75.6149 84.1332 
4.25964 97.4917 0 14.4035 8.13798 
0 2.29691 0 0 0.954251 27.0208 0 
38.6749 21.9061 212.602 102.821 
54.824 54.824 75.6149 84.1332 
4.25964 97.4918 0 14.4035 8.13798 
0 2.29689 0 0 0.954251 27.0208 0 
38.6749 21.9061 212.602 102.821 
54.824 54.824 75.6149 84.1332 
4.25964 97.4918 0 14.4035 8.13798 
0 2.29689 0 0 0.954251 27.0208 0 
Estimating row 104 out of 308 for hessian
38.6749 21.9061 212.602 102.821 
54.8239 54.8239 75.6149 84.1332 
4.25964 97.4917 0 14.4035 8.13798 
0 2.29689 0 0 0.954251 27.0208 0 
38.6749 21.9062 212.602 102.821 
54.8241 54.8241 75.6149 84.1332 
4.25964 97.4918 0 14.4035 8.13798 
0 2.29689 0 0 0.954251 27.0208 0 
38.6749 21.9061 212.602 102.821 
54.824 54.824 75.6149 84.1332 
4.25964 97.4918 0 14.4035 8.13798 
0 2.29689 0 0 0.954251 27.0208 0 
38.6749 21.9061 212.602 102.821 
54.824 54.824 75.6149 84.1332 
4.25964 97.4918 0 14.4035 8.13798 
0 2.29689 0 0 0.954251 27.0208 0 
Estimating row 105 out of 308 for hessian
38.6749 21.9061 212.602 102.821 
54.8239 54.8239 75.6149 84.1332 
4.25964 97.4917 0 14.4035 8.13798 
0 2.2969 0 0 0.954251 27.0208 0 
38.6749 21.9062 212.602 102.821 
54.8241 54.8241 75.6149 84.1332 
4.25964 97.4919 0 14.4035 8.13798 
0 2.29688 0 0 0.954251 27.0208 0 
38.6749 21.9061 212.602 102.821 
54.824 54.824 75.6149 84.1332 
4.25964 97.4918 0 14.4035 8.13798 
0 2.29689 0 0 0.954251 27.0208 0 
38.6749 21.9061 212.602 102.821 
54.824 54.824 75.6149 84.1332 
4.25964 97.4918 0 14.4035 8.13798 
0 2.29689 0 0 0.954251 27.0208 0 
Estimating row 106 out of 308 for hessian
38.6749 21.9062 212.602 102.821 
54.824 54.824 75.6149 84.1332 
4.25964 97.4918 0 14.4035 8.13798 
0 2.29688 0 0 0.954251 27.0208 0 
38.6749 21.9061 212.602 102.821 
54.8241 54.8241 75.6149 84.1332 
4.25964 97.4917 0 14.4035 8.13798 
0 2.2969 0 0 0.954251 27.0208 0 
38.6749 21.9061 212.602 102.821 
54.824 54.824 75.6149 84.1332 
4.25964 97.4918 0 14.4035 8.13798 
0 2.29689 0 0 0.954251 27.0208 0 
38.6749 21.9061 212.602 102.821 
54.824 54.824 75.6149 84.1332 
4.25964 97.4918 0 14.4035 8.13798 
0 2.29689 0 0 0.954251 27.0208 0 
Estimating row 107 out of 308 for hessian
38.6749 21.9062 212.602 102.821 
54.824 54.824 75.6149 84.1332 
4.25964 97.4919 0 14.4035 8.13798 
0 2.29688 0 0 0.954251 27.0208 0 
38.6749 21.9061 212.602 102.821 
54.824 54.824 75.6149 84.1332 
4.25964 97.4917 0 14.4035 8.13798 
0 2.2969 0 0 0.954251 27.0208 0 
38.6749 21.9061 212.602 102.821 
54.824 54.824 75.6149 84.1332 
4.25964 97.4918 0 14.4035 8.13798 
0 2.29689 0 0 0.954251 27.0208 0 
38.6749 21.9061 212.602 102.821 
54.824 54.824 75.6149 84.1332 
4.25964 97.4918 0 14.4035 8.13798 
0 2.29689 0 0 0.954251 27.0208 0 
Estimating row 108 out of 308 for hessian
38.6749 21.9062 212.602 102.821 
54.824 54.824 75.6149 84.1332 
4.25964 97.4918 0 14.4035 8.13798 
0 2.29689 0 0 0.954251 27.0208 0 
38.6749 21.9061 212.602 102.821 
54.824 54.824 75.6149 84.1332 
4.25964 97.4918 0 14.4035 8.13798 
0 2.29689 0 0 0.954251 27.0208 0 
38.6749 21.9061 212.602 102.821 
54.824 54.824 75.6149 84.1332 
4.25964 97.4918 0 14.4035 8.13798 
0 2.29689 0 0 0.954251 27.0208 0 
38.6749 21.9061 212.602 102.821 
54.824 54.824 75.6149 84.1332 
4.25964 97.4918 0 14.4035 8.13798 
0 2.29689 0 0 0.954251 27.0208 0 
Estimating row 109 out of 308 for hessian
38.6749 21.9062 212.602 102.821 
54.8239 54.8239 75.6149 84.1332 
4.25964 97.4917 0 14.4035 8.13798 
0 2.29689 0 0 0.954251 27.0208 0 
38.6749 21.9061 212.602 102.821 
54.8241 54.8241 75.6149 84.1331 
4.25964 97.4919 0 14.4035 8.13798 
0 2.29689 0 0 0.954251 27.0208 0 
38.6749 21.9061 212.602 102.821 
54.824 54.824 75.6149 84.1332 
4.25964 97.4918 0 14.4035 8.13798 
0 2.29689 0 0 0.954251 27.0208 0 
38.6749 21.9061 212.602 102.821 
54.824 54.824 75.6149 84.1332 
4.25964 97.4918 0 14.4035 8.13798 
0 2.29689 0 0 0.954251 27.0208 0 
Estimating row 110 out of 308 for hessian
38.6749 21.9061 212.602 102.821 
54.824 54.824 75.6149 84.1332 
4.25964 97.4918 0 14.4035 8.13798 
0 2.29689 0 0 0.954251 27.0208 0 
38.6749 21.9061 212.602 102.821 
54.824 54.824 75.6149 84.1331 
4.25964 97.4918 0 14.4035 8.13798 
0 2.29689 0 0 0.954251 27.0208 0 
38.6749 21.9061 212.602 102.821 
54.824 54.824 75.6149 84.1332 
4.25964 97.4918 0 14.4035 8.13798 
0 2.29689 0 0 0.954251 27.0208 0 
38.6749 21.9061 212.602 102.821 
54.824 54.824 75.6149 84.1332 
4.25964 97.4918 0 14.4035 8.13798 
0 2.29689 0 0 0.954251 27.0208 0 
Estimating row 111 out of 308 for hessian
38.6749 21.9061 212.602 102.821 
54.824 54.824 75.6149 84.1332 
4.25964 97.4919 0 14.4035 8.13798 
0 2.29689 0 0 0.954251 27.0208 0 
38.6749 21.9061 212.602 102.821 
54.824 54.824 75.6149 84.1332 
4.25964 97.4917 0 14.4035 8.13798 
0 2.29689 0 0 0.954251 27.0208 0 
38.6749 21.9061 212.602 102.821 
54.824 54.824 75.6149 84.1332 
4.25964 97.4918 0 14.4035 8.13798 
0 2.29689 0 0 0.954251 27.0208 0 
38.6749 21.9061 212.602 102.821 
54.824 54.824 75.6149 84.1332 
4.25964 97.4918 0 14.4035 8.13798 
0 2.29689 0 0 0.954251 27.0208 0 
Estimating row 112 out of 308 for hessian
38.6749 21.9062 212.602 102.821 
54.824 54.824 75.6149 84.1332 
4.25964 97.4919 0 14.4035 8.13798 
0 2.29688 0 0 0.954251 27.0208 0 
38.6749 21.9061 212.602 102.821 
54.824 54.824 75.6149 84.1332 
4.25964 97.4916 0 14.4035 8.13798 
0 2.2969 0 0 0.954251 27.0208 0 
38.6749 21.9061 212.602 102.821 
54.824 54.824 75.6149 84.1332 
4.25964 97.4918 0 14.4035 8.13798 
0 2.29689 0 0 0.954251 27.0208 0 
38.6749 21.9061 212.602 102.821 
54.824 54.824 75.6149 84.1332 
4.25964 97.4918 0 14.4035 8.13798 
0 2.29689 0 0 0.954251 27.0208 0 
Estimating row 113 out of 308 for hessian
38.6749 21.9061 212.602 102.821 
54.824 54.824 75.6149 84.1332 
4.25964 97.4919 0 14.4035 8.13798 
0 2.29689 0 0 0.954251 27.0208 0 
38.6749 21.9061 212.602 102.821 
54.824 54.824 75.6149 84.1332 
4.25964 97.4916 0 14.4035 8.13798 
0 2.29689 0 0 0.954251 27.0208 0 
38.6749 21.9061 212.602 102.821 
54.824 54.824 75.6149 84.1332 
4.25964 97.4918 0 14.4035 8.13798 
0 2.29689 0 0 0.954251 27.0208 0 
38.6749 21.9061 212.602 102.821 
54.824 54.824 75.6149 84.1332 
4.25964 97.4918 0 14.4035 8.13798 
0 2.29689 0 0 0.954251 27.0208 0 
Estimating row 114 out of 308 for hessian
38.6749 21.9061 212.602 102.821 
54.824 54.824 75.6149 84.1332 
4.25964 97.4919 0 14.4035 8.13798 
0 2.29688 0 0 0.954251 27.0208 0 
38.6749 21.9062 212.602 102.821 
54.824 54.824 75.6149 84.1332 
4.25964 97.4917 0 14.4035 8.13798 
0 2.2969 0 0 0.954251 27.0208 0 
38.6749 21.9061 212.602 102.821 
54.824 54.824 75.6149 84.1332 
4.25964 97.4918 0 14.4035 8.13798 
0 2.29689 0 0 0.954251 27.0208 0 
38.6749 21.9061 212.602 102.821 
54.824 54.824 75.6149 84.1332 
4.25964 97.4918 0 14.4035 8.13798 
0 2.29689 0 0 0.954251 27.0208 0 
Estimating row 115 out of 308 for hessian
38.6749 21.906 212.602 102.821 
54.824 54.824 75.6149 84.1332 
4.25964 97.4917 0 14.4035 8.13798 
0 2.29691 0 0 0.954251 27.0208 0 
38.6749 21.9063 212.602 102.821 
54.8241 54.8241 75.615 84.1332 
4.25964 97.4919 0 14.4035 8.13798 
0 2.29687 0 0 0.954251 27.0208 0 
38.6749 21.9061 212.602 102.821 
54.824 54.824 75.6149 84.1332 
4.25964 97.4918 0 14.4035 8.13798 
0 2.29689 0 0 0.954251 27.0208 0 
38.6749 21.9062 212.602 102.821 
54.824 54.824 75.6149 84.1332 
4.25964 97.4918 0 14.4035 8.13798 
0 2.29689 0 0 0.954251 27.0208 0 
Estimating row 116 out of 308 for hessian
38.6749 21.9061 212.602 102.821 
54.8239 54.8239 75.6149 84.1332 
4.25964 97.4917 0 14.4035 8.13798 
0 2.29687 0 0 0.954251 27.0208 0 
38.6749 21.9062 212.602 102.821 
54.8241 54.8241 75.6149 84.1332 
4.25964 97.4918 0 14.4035 8.13798 
0 2.29691 0 0 0.954251 27.0208 0 
38.6749 21.9061 212.602 102.821 
54.824 54.824 75.6149 84.1332 
4.25964 97.4918 0 14.4035 8.13798 
0 2.29689 0 0 0.954251 27.0208 0 
38.6749 21.9061 212.602 102.821 
54.824 54.824 75.6149 84.1332 
4.25964 97.4918 0 14.4035 8.13798 
0 2.29689 0 0 0.954251 27.0208 0 
Estimating row 117 out of 308 for hessian
38.6749 21.906 212.602 102.821 
54.8239 54.8239 75.6148 84.1332 
4.25964 97.4917 0 14.4035 8.13798 
0 2.29691 0 0 0.954251 27.0208 0 
38.6749 21.9063 212.602 102.821 
54.8242 54.8242 75.615 84.1332 
4.25964 97.4919 0 14.4035 8.13798 
0 2.29687 0 0 0.954251 27.0208 0 
38.6749 21.9061 212.602 102.821 
54.824 54.824 75.6149 84.1332 
4.25964 97.4918 0 14.4035 8.13798 
0 2.29689 0 0 0.954251 27.0208 0 
38.6749 21.9061 212.602 102.821 
54.824 54.824 75.6149 84.1332 
4.25964 97.4918 0 14.4035 8.13798 
0 2.29689 0 0 0.954251 27.0208 0 
Estimating row 118 out of 308 for hessian
38.6749 21.9061 212.602 102.821 
54.8239 54.8239 75.6149 84.1332 
4.25964 97.4918 0 14.4035 8.13798 
0 2.29688 0 0 0.954251 27.0208 0 
38.6749 21.9062 212.602 102.821 
54.8241 54.8241 75.6149 84.1332 
4.25964 97.4917 0 14.4035 8.13798 
0 2.2969 0 0 0.954251 27.0208 0 
38.6749 21.9061 212.602 102.821 
54.824 54.824 75.6149 84.1332 
4.25964 97.4918 0 14.4035 8.13798 
0 2.29689 0 0 0.954251 27.0208 0 
38.6749 21.9061 212.602 102.821 
54.824 54.824 75.6149 84.1332 
4.25964 97.4918 0 14.4035 8.13798 
0 2.29689 0 0 0.954251 27.0208 0 
Estimating row 119 out of 308 for hessian
38.6749 21.9062 212.602 102.821 
54.8239 54.8239 75.6149 84.1332 
4.25964 97.4919 0 14.4035 8.13798 
0 2.29689 0 0 0.954251 27.0208 0 
38.6749 21.9061 212.602 102.821 
54.8241 54.8241 75.6149 84.1332 
4.25964 97.4916 0 14.4035 8.13798 
0 2.29689 0 0 0.954251 27.0208 0 
38.6749 21.9061 212.602 102.821 
54.824 54.824 75.6149 84.1332 
4.25964 97.4918 0 14.4035 8.13798 
0 2.29689 0 0 0.954251 27.0208 0 
38.6749 21.9061 212.602 102.821 
54.824 54.824 75.6149 84.1332 
4.25964 97.4918 0 14.4035 8.13798 
0 2.29689 0 0 0.954251 27.0208 0 
Estimating row 120 out of 308 for hessian
38.6749 21.9061 212.602 102.821 
54.824 54.824 75.6149 84.1332 
4.25964 97.4919 0 14.4035 8.13798 
0 2.29688 0 0 0.954251 27.0208 0 
38.6749 21.9061 212.602 102.821 
54.8241 54.8241 75.6149 84.1332 
4.25964 97.4916 0 14.4035 8.13798 
0 2.2969 0 0 0.954251 27.0208 0 
38.6749 21.9061 212.602 102.821 
54.824 54.824 75.6149 84.1332 
4.25964 97.4918 0 14.4035 8.13798 
0 2.29689 0 0 0.954251 27.0208 0 
38.6749 21.9061 212.602 102.821 
54.824 54.824 75.6149 84.1332 
4.25964 97.4918 0 14.4035 8.13798 
0 2.29689 0 0 0.954251 27.0208 0 
Estimating row 121 out of 308 for hessian
38.6749 21.9058 212.602 102.821 
54.824 54.824 75.6149 84.1332 
4.25964 97.4918 0 14.4035 8.13798 
0 2.29689 0 0 0.954251 27.0208 0 
38.6749 21.9065 212.602 102.821 
54.824 54.824 75.6149 84.1332 
4.25964 97.4918 0 14.4035 8.13798 
0 2.29689 0 0 0.954251 27.0208 0 
38.6749 21.9061 212.602 102.821 
54.824 54.824 75.6149 84.1332 
4.25964 97.4918 0 14.4035 8.13798 
0 2.29689 0 0 0.954251 27.0208 0 
38.6749 21.9062 212.602 102.821 
54.824 54.824 75.6149 84.1332 
4.25964 97.4918 0 14.4035 8.13798 
0 2.29689 0 0 0.954251 27.0208 0 
Estimating row 122 out of 308 for hessian
38.6749 21.9053 212.602 102.821 
54.8239 54.8239 75.615 84.1332 
4.25964 97.4917 0 14.4035 8.13798 
0 2.29691 0 0 0.954251 27.0208 0 
38.6749 21.9069 212.602 102.821 
54.8242 54.8242 75.6148 84.1332 
4.25964 97.4919 0 14.4035 8.13798 
0 2.29687 0 0 0.954251 27.0208 0 
38.6749 21.9061 212.602 102.821 
54.824 54.824 75.6149 84.1332 
4.25964 97.4918 0 14.4035 8.13798 
0 2.29689 0 0 0.954251 27.0208 0 
38.6749 21.9062 212.602 102.821 
54.824 54.824 75.6149 84.1332 
4.25964 97.4918 0 14.4035 8.13798 
0 2.29689 0 0 0.954251 27.0208 0 
Estimating row 123 out of 308 for hessian
38.6749 21.9062 212.602 102.821 
54.8241 54.8241 75.6149 84.1332 
4.25964 97.492 0 14.4035 8.13798 
0 2.29689 0 0 0.954251 27.0208 0 
38.6749 21.9061 212.602 102.821 
54.824 54.824 75.6149 84.1332 
4.25964 97.4916 0 14.4035 8.13798 
0 2.29689 0 0 0.954251 27.0208 0 
38.6749 21.9061 212.602 102.821 
54.824 54.824 75.6149 84.1332 
4.25964 97.4918 0 14.4035 8.13798 
0 2.29689 0 0 0.954251 27.0208 0 
38.6749 21.9061 212.602 102.821 
54.824 54.824 75.6149 84.1332 
4.25964 97.4918 0 14.4035 8.13798 
0 2.29689 0 0 0.954251 27.0208 0 
Estimating row 124 out of 308 for hessian
38.6749 21.906 212.602 102.821 
54.8236 54.8236 75.6149 84.1332 
4.25964 97.4921 0 14.4035 8.13798 
0 2.29692 0 0 0.954251 27.0208 0 
38.6749 21.9063 212.602 102.821 
54.8245 54.8245 75.6149 84.1332 
4.25964 97.4914 0 14.4035 8.13798 
0 2.29686 0 0 0.954251 27.0208 0 
38.6749 21.9061 212.602 102.821 
54.824 54.824 75.6149 84.1332 
4.25964 97.4918 0 14.4035 8.13798 
0 2.29689 0 0 0.954251 27.0208 0 
38.6749 21.9062 212.602 102.821 
54.8241 54.8241 75.6149 84.1332 
4.25964 97.4917 0 14.4035 8.13798 
0 2.29689 0 0 0.954251 27.0208 0 
Estimating row 125 out of 308 for hessian
38.6749 21.9061 212.602 102.821 
54.8241 54.8241 75.6149 84.1332 
4.25964 97.492 0 14.4035 8.13798 
0 2.29689 0 0 0.954251 27.0208 0 
38.6749 21.9061 212.602 102.821 
54.824 54.824 75.6149 84.1332 
4.25964 97.4916 0 14.4035 8.13798 
0 2.29689 0 0 0.954251 27.0208 0 
38.6749 21.9061 212.602 102.821 
54.824 54.824 75.6149 84.1332 
4.25964 97.4918 0 14.4035 8.13798 
0 2.29689 0 0 0.954251 27.0208 0 
38.6749 21.9061 212.602 102.821 
54.824 54.824 75.6149 84.1332 
4.25964 97.4918 0 14.4035 8.13798 
0 2.29689 0 0 0.954251 27.0208 0 
Estimating row 126 out of 308 for hessian
38.6749 21.9062 212.602 102.821 
54.8241 54.8241 75.6149 84.1332 
4.25964 97.492 0 14.4035 8.13798 
0 2.29689 0 0 0.954251 27.0208 0 
38.6749 21.9061 212.602 102.821 
54.824 54.824 75.6149 84.1332 
4.25964 97.4916 0 14.4035 8.13798 
0 2.29689 0 0 0.954251 27.0208 0 
38.6749 21.9061 212.602 102.821 
54.824 54.824 75.6149 84.1332 
4.25964 97.4918 0 14.4035 8.13798 
0 2.29689 0 0 0.954251 27.0208 0 
38.6749 21.9061 212.602 102.821 
54.824 54.824 75.6149 84.1332 
4.25964 97.4918 0 14.4035 8.13798 
0 2.29689 0 0 0.954251 27.0208 0 
Estimating row 127 out of 308 for hessian
38.6749 21.9061 212.602 102.821 
54.824 54.824 75.6149 84.1332 
4.25964 97.4918 0 14.4035 8.13798 
0 2.29689 0 0 0.954251 27.0208 0 
38.6749 21.9061 212.602 102.821 
54.824 54.824 75.6149 84.1332 
4.25964 97.4918 0 14.4035 8.13798 
0 2.29689 0 0 0.954251 27.0208 0 
38.6749 21.9061 212.602 102.821 
54.824 54.824 75.6149 84.1332 
4.25964 97.4918 0 14.4035 8.13798 
0 2.29689 0 0 0.954251 27.0208 0 
38.6749 21.9061 212.602 102.821 
54.824 54.824 75.6149 84.1332 
4.25964 97.4918 0 14.4035 8.13798 
0 2.29689 0 0 0.954251 27.0208 0 
Estimating row 128 out of 308 for hessian
38.6749 21.9061 212.602 102.821 
54.824 54.824 75.6149 84.1332 
4.25964 97.4918 0 14.4035 8.13798 
0 2.29689 0 0 0.954251 27.0208 0 
38.6749 21.9061 212.602 102.821 
54.824 54.824 75.6149 84.1332 
4.25964 97.4918 0 14.4035 8.13798 
0 2.29689 0 0 0.954251 27.0208 0 
38.6749 21.9061 212.602 102.821 
54.824 54.824 75.6149 84.1332 
4.25964 97.4918 0 14.4035 8.13798 
0 2.29689 0 0 0.954251 27.0208 0 
38.6749 21.9061 212.602 102.821 
54.824 54.824 75.6149 84.1332 
4.25964 97.4918 0 14.4035 8.13798 
0 2.29689 0 0 0.954251 27.0208 0 
Estimating row 129 out of 308 for hessian
38.6749 21.9061 212.602 102.821 
54.824 54.824 75.6149 84.1332 
4.25964 97.4918 0 14.4035 8.13798 
0 2.29689 0 0 0.954251 27.0208 0 
38.6749 21.9061 212.602 102.821 
54.824 54.824 75.6149 84.1332 
4.25964 97.4918 0 14.4035 8.13798 
0 2.29689 0 0 0.954251 27.0208 0 
38.6749 21.9061 212.602 102.821 
54.824 54.824 75.6149 84.1332 
4.25964 97.4918 0 14.4035 8.13798 
0 2.29689 0 0 0.954251 27.0208 0 
38.6749 21.9061 212.602 102.821 
54.824 54.824 75.6149 84.1332 
4.25964 97.4918 0 14.4035 8.13798 
0 2.29689 0 0 0.954251 27.0208 0 
Estimating row 130 out of 308 for hessian
38.6749 21.9061 212.602 102.821 
54.824 54.824 75.6149 84.1332 
4.25964 97.4918 0 14.4035 8.13798 
0 2.29689 0 0 0.954251 27.0208 0 
38.6749 21.9061 212.602 102.821 
54.824 54.824 75.6149 84.1332 
4.25964 97.4918 0 14.4035 8.13798 
0 2.29689 0 0 0.954251 27.0208 0 
38.6749 21.9061 212.602 102.821 
54.824 54.824 75.6149 84.1332 
4.25964 97.4918 0 14.4035 8.13798 
0 2.29689 0 0 0.954251 27.0208 0 
38.6749 21.9061 212.602 102.821 
54.824 54.824 75.6149 84.1332 
4.25964 97.4918 0 14.4035 8.13798 
0 2.29689 0 0 0.954251 27.0208 0 
Estimating row 131 out of 308 for hessian
38.6749 21.9061 212.602 102.821 
54.824 54.824 75.6149 84.1332 
4.25964 97.4918 0 14.4035 8.13798 
0 2.29689 0 0 0.954251 27.0208 0 
38.6749 21.9061 212.602 102.821 
54.824 54.824 75.6149 84.1332 
4.25964 97.4918 0 14.4035 8.13798 
0 2.29689 0 0 0.954251 27.0208 0 
38.6749 21.9061 212.602 102.821 
54.824 54.824 75.6149 84.1332 
4.25964 97.4918 0 14.4035 8.13798 
0 2.29689 0 0 0.954251 27.0208 0 
38.6749 21.9061 212.602 102.821 
54.824 54.824 75.6149 84.1332 
4.25964 97.4918 0 14.4035 8.13798 
0 2.29689 0 0 0.954251 27.0208 0 
Estimating row 132 out of 308 for hessian
38.6749 21.9061 212.602 102.821 
54.824 54.824 75.6149 84.1332 
4.25964 97.4918 0 14.4035 8.13798 
0 2.29689 0 0 0.954251 27.0208 0 
38.6749 21.9061 212.602 102.821 
54.824 54.824 75.6149 84.1332 
4.25964 97.4918 0 14.4035 8.13798 
0 2.29689 0 0 0.954251 27.0208 0 
38.6749 21.9061 212.602 102.821 
54.824 54.824 75.6149 84.1332 
4.25964 97.4918 0 14.4035 8.13798 
0 2.29689 0 0 0.954251 27.0208 0 
38.6749 21.9061 212.602 102.821 
54.824 54.824 75.6149 84.1332 
4.25964 97.4918 0 14.4035 8.13798 
0 2.29689 0 0 0.954251 27.0208 0 
Estimating row 133 out of 308 for hessian
38.6749 21.9061 212.602 102.821 
54.824 54.824 75.6149 84.1332 
4.25964 97.4918 0 14.4035 8.13798 
0 2.29689 0 0 0.954251 27.0208 0 
38.6749 21.9061 212.602 102.821 
54.824 54.824 75.6149 84.1332 
4.25964 97.4918 0 14.4035 8.13798 
0 2.29689 0 0 0.954251 27.0208 0 
38.6749 21.9061 212.602 102.821 
54.824 54.824 75.6149 84.1332 
4.25964 97.4918 0 14.4035 8.13798 
0 2.29689 0 0 0.954251 27.0208 0 
38.6749 21.9061 212.602 102.821 
54.824 54.824 75.6149 84.1332 
4.25964 97.4918 0 14.4035 8.13798 
0 2.29689 0 0 0.954251 27.0208 0 
Estimating row 134 out of 308 for hessian
38.6749 21.9061 212.602 102.821 
54.824 54.824 75.6149 84.1332 
4.25964 97.4918 0 14.4035 8.13798 
0 2.29689 0 0 0.954251 27.0208 0 
38.6749 21.9061 212.602 102.821 
54.824 54.824 75.6149 84.1332 
4.25964 97.4918 0 14.4035 8.13798 
0 2.29689 0 0 0.954251 27.0208 0 
38.6749 21.9061 212.602 102.821 
54.824 54.824 75.6149 84.1332 
4.25964 97.4918 0 14.4035 8.13798 
0 2.29689 0 0 0.954251 27.0208 0 
38.6749 21.9061 212.602 102.821 
54.824 54.824 75.6149 84.1332 
4.25964 97.4918 0 14.4035 8.13798 
0 2.29689 0 0 0.954251 27.0208 0 
Estimating row 135 out of 308 for hessian
38.6749 21.9061 212.602 102.821 
54.824 54.824 75.6149 84.1332 
4.25964 97.4918 0 14.4035 8.13798 
0 2.29689 0 0 0.954251 27.0208 0 
38.6749 21.9061 212.602 102.821 
54.824 54.824 75.6149 84.1332 
4.25964 97.4918 0 14.4035 8.13798 
0 2.29689 0 0 0.954251 27.0208 0 
38.6749 21.9061 212.602 102.821 
54.824 54.824 75.6149 84.1332 
4.25964 97.4918 0 14.4035 8.13798 
0 2.29689 0 0 0.954251 27.0208 0 
38.6749 21.9061 212.602 102.821 
54.824 54.824 75.6149 84.1332 
4.25964 97.4918 0 14.4035 8.13798 
0 2.29689 0 0 0.954251 27.0208 0 
Estimating row 136 out of 308 for hessian
38.6749 21.9061 212.602 102.821 
54.824 54.824 75.6149 84.1332 
4.25964 97.4918 0 14.4035 8.13798 
0 2.29689 0 0 0.954251 27.0208 0 
38.6749 21.9061 212.602 102.821 
54.824 54.824 75.6149 84.1332 
4.25964 97.4918 0 14.4035 8.13798 
0 2.29689 0 0 0.954251 27.0208 0 
38.6749 21.9061 212.602 102.821 
54.824 54.824 75.6149 84.1332 
4.25964 97.4918 0 14.4035 8.13798 
0 2.29689 0 0 0.954251 27.0208 0 
38.6749 21.9061 212.602 102.821 
54.824 54.824 75.6149 84.1332 
4.25964 97.4918 0 14.4035 8.13798 
0 2.29689 0 0 0.954251 27.0208 0 
Estimating row 137 out of 308 for hessian
38.6749 21.9061 212.602 102.821 
54.824 54.824 75.6149 84.1332 
4.25964 97.4918 0 14.4035 8.13798 
0 2.29689 0 0 0.954251 27.0208 0 
38.6749 21.9061 212.602 102.821 
54.824 54.824 75.6149 84.1332 
4.25964 97.4918 0 14.4035 8.13798 
0 2.29689 0 0 0.954251 27.0208 0 
38.6749 21.9061 212.602 102.821 
54.824 54.824 75.6149 84.1332 
4.25964 97.4918 0 14.4035 8.13798 
0 2.29689 0 0 0.954251 27.0208 0 
38.6749 21.9061 212.602 102.821 
54.824 54.824 75.6149 84.1332 
4.25964 97.4918 0 14.4035 8.13798 
0 2.29689 0 0 0.954251 27.0208 0 
Estimating row 138 out of 308 for hessian
38.6749 21.9061 212.602 102.821 
54.824 54.824 75.6149 84.1332 
4.25964 97.4918 0 14.4035 8.13798 
0 2.29689 0 0 0.954251 27.0208 0 
38.6749 21.9061 212.602 102.821 
54.824 54.824 75.6149 84.1332 
4.25964 97.4918 0 14.4035 8.13798 
0 2.29689 0 0 0.954251 27.0208 0 
38.6749 21.9061 212.602 102.821 
54.824 54.824 75.6149 84.1332 
4.25964 97.4918 0 14.4035 8.13798 
0 2.29689 0 0 0.954251 27.0208 0 
38.6749 21.9061 212.602 102.821 
54.824 54.824 75.6149 84.1332 
4.25964 97.4918 0 14.4035 8.13798 
0 2.29689 0 0 0.954251 27.0208 0 
Estimating row 139 out of 308 for hessian
38.6749 21.9061 212.602 102.821 
54.824 54.824 75.6149 84.1332 
4.25964 97.4918 0 14.4035 8.13798 
0 2.29689 0 0 0.954251 27.0208 0 
38.6749 21.9061 212.602 102.821 
54.824 54.824 75.6149 84.1332 
4.25964 97.4918 0 14.4035 8.13798 
0 2.29689 0 0 0.954251 27.0208 0 
38.6749 21.9061 212.602 102.821 
54.824 54.824 75.6149 84.1332 
4.25964 97.4918 0 14.4035 8.13798 
0 2.29689 0 0 0.954251 27.0208 0 
38.6749 21.9061 212.602 102.821 
54.824 54.824 75.6149 84.1332 
4.25964 97.4918 0 14.4035 8.13798 
0 2.29689 0 0 0.954251 27.0208 0 
Estimating row 140 out of 308 for hessian
38.6749 21.9061 212.602 102.821 
54.824 54.824 75.6149 84.1332 
4.25964 97.4918 0 14.4035 8.13798 
0 2.29689 0 0 0.954251 27.0208 0 
38.6749 21.9061 212.602 102.821 
54.824 54.824 75.6149 84.1332 
4.25964 97.4918 0 14.4035 8.13798 
0 2.29689 0 0 0.954251 27.0208 0 
38.6749 21.9061 212.602 102.821 
54.824 54.824 75.6149 84.1332 
4.25964 97.4918 0 14.4035 8.13798 
0 2.29689 0 0 0.954251 27.0208 0 
38.6749 21.9061 212.602 102.821 
54.824 54.824 75.6149 84.1332 
4.25964 97.4918 0 14.4035 8.13798 
0 2.29689 0 0 0.954251 27.0208 0 
Estimating row 141 out of 308 for hessian
38.6749 21.9061 212.602 102.821 
54.824 54.824 75.6149 84.1332 
4.25964 97.4918 0 14.4035 8.13798 
0 2.29689 0 0 0.954251 27.0208 0 
38.6749 21.9061 212.602 102.821 
54.824 54.824 75.6149 84.1332 
4.25964 97.4918 0 14.4035 8.13798 
0 2.29689 0 0 0.954251 27.0208 0 
38.6749 21.9061 212.602 102.821 
54.824 54.824 75.6149 84.1332 
4.25964 97.4918 0 14.4035 8.13798 
0 2.29689 0 0 0.954251 27.0208 0 
38.6749 21.9061 212.602 102.821 
54.824 54.824 75.6149 84.1332 
4.25964 97.4918 0 14.4035 8.13798 
0 2.29689 0 0 0.954251 27.0208 0 
Estimating row 142 out of 308 for hessian
38.6749 21.9061 212.602 102.821 
54.824 54.824 75.6149 84.1332 
4.25964 97.4918 0 14.4035 8.13798 
0 2.29689 0 0 0.954251 27.0208 0 
38.6749 21.9061 212.602 102.821 
54.824 54.824 75.6149 84.1332 
4.25964 97.4918 0 14.4035 8.13798 
0 2.29689 0 0 0.954251 27.0208 0 
38.6749 21.9061 212.602 102.821 
54.824 54.824 75.6149 84.1332 
4.25964 97.4918 0 14.4035 8.13798 
0 2.29689 0 0 0.954251 27.0208 0 
38.6749 21.9061 212.602 102.821 
54.824 54.824 75.6149 84.1332 
4.25964 97.4918 0 14.4035 8.13798 
0 2.29689 0 0 0.954251 27.0208 0 
Estimating row 143 out of 308 for hessian
38.6749 21.9061 212.602 102.821 
54.824 54.824 75.6149 84.1332 
4.25964 97.4918 0 14.4035 8.13798 
0 2.29689 0 0 0.954251 27.0208 0 
38.6749 21.9061 212.602 102.821 
54.824 54.824 75.6149 84.1332 
4.25964 97.4918 0 14.4035 8.13798 
0 2.29689 0 0 0.954251 27.0208 0 
38.6749 21.9061 212.602 102.821 
54.824 54.824 75.6149 84.1332 
4.25964 97.4918 0 14.4035 8.13798 
0 2.29689 0 0 0.954251 27.0208 0 
38.6749 21.9061 212.602 102.821 
54.824 54.824 75.6149 84.1332 
4.25964 97.4918 0 14.4035 8.13798 
0 2.29689 0 0 0.954251 27.0208 0 
Estimating row 144 out of 308 for hessian
38.6749 21.9061 212.602 102.821 
54.824 54.824 75.6149 84.1332 
4.25964 97.4918 0 14.4035 8.13798 
0 2.29689 0 0 0.954251 27.0208 0 
38.6749 21.9061 212.602 102.821 
54.824 54.824 75.6149 84.1332 
4.25964 97.4918 0 14.4035 8.13798 
0 2.29689 0 0 0.954251 27.0208 0 
38.6749 21.9061 212.602 102.821 
54.824 54.824 75.6149 84.1332 
4.25964 97.4918 0 14.4035 8.13798 
0 2.29689 0 0 0.954251 27.0208 0 
38.6749 21.9061 212.602 102.821 
54.824 54.824 75.6149 84.1332 
4.25964 97.4918 0 14.4035 8.13798 
0 2.29689 0 0 0.954251 27.0208 0 
Estimating row 145 out of 308 for hessian
38.6749 21.9061 212.602 102.821 
54.824 54.824 75.6149 84.1332 
4.25964 97.4918 0 14.4035 8.13798 
0 2.29689 0 0 0.954251 27.0208 0 
38.6749 21.9061 212.602 102.821 
54.824 54.824 75.6149 84.1332 
4.25964 97.4918 0 14.4035 8.13798 
0 2.29689 0 0 0.954251 27.0208 0 
38.6749 21.9061 212.602 102.821 
54.824 54.824 75.6149 84.1332 
4.25964 97.4918 0 14.4035 8.13798 
0 2.29689 0 0 0.954251 27.0208 0 
38.6749 21.9061 212.602 102.821 
54.824 54.824 75.6149 84.1332 
4.25964 97.4918 0 14.4035 8.13798 
0 2.29689 0 0 0.954251 27.0208 0 
Estimating row 146 out of 308 for hessian
38.6749 21.9061 212.602 102.821 
54.824 54.824 75.6149 84.1332 
4.25964 97.4918 0 14.4035 8.13798 
0 2.29689 0 0 0.954251 27.0208 0 
38.6749 21.9061 212.602 102.821 
54.824 54.824 75.6149 84.1332 
4.25964 97.4918 0 14.4035 8.13798 
0 2.29689 0 0 0.954251 27.0208 0 
38.6749 21.9061 212.602 102.821 
54.824 54.824 75.6149 84.1332 
4.25964 97.4918 0 14.4035 8.13798 
0 2.29689 0 0 0.954251 27.0208 0 
38.6749 21.9061 212.602 102.821 
54.824 54.824 75.6149 84.1332 
4.25964 97.4918 0 14.4035 8.13798 
0 2.29689 0 0 0.954251 27.0208 0 
Estimating row 147 out of 308 for hessian
38.6749 21.9061 212.602 102.821 
54.824 54.824 75.6149 84.1332 
4.25964 97.4918 0 14.4035 8.13798 
0 2.29689 0 0 0.954251 27.0208 0 
38.6749 21.9061 212.602 102.821 
54.824 54.824 75.6149 84.1332 
4.25964 97.4918 0 14.4035 8.13798 
0 2.29689 0 0 0.954251 27.0208 0 
38.6749 21.9061 212.602 102.821 
54.824 54.824 75.6149 84.1332 
4.25964 97.4918 0 14.4035 8.13798 
0 2.29689 0 0 0.954251 27.0208 0 
38.6749 21.9061 212.602 102.821 
54.824 54.824 75.6149 84.1332 
4.25964 97.4918 0 14.4035 8.13798 
0 2.29689 0 0 0.954251 27.0208 0 
Estimating row 148 out of 308 for hessian
38.6749 21.9061 212.602 102.821 
54.824 54.824 75.6149 84.1332 
4.25964 97.4918 0 14.4035 8.13798 
0 2.29689 0 0 0.954251 27.0208 0 
38.6749 21.9061 212.602 102.821 
54.824 54.824 75.6149 84.1332 
4.25964 97.4918 0 14.4035 8.13798 
0 2.29689 0 0 0.954251 27.0208 0 
38.6749 21.9061 212.602 102.821 
54.824 54.824 75.6149 84.1332 
4.25964 97.4918 0 14.4035 8.13798 
0 2.29689 0 0 0.954251 27.0208 0 
38.6749 21.9061 212.602 102.821 
54.824 54.824 75.6149 84.1332 
4.25964 97.4918 0 14.4035 8.13798 
0 2.29689 0 0 0.954251 27.0208 0 
Estimating row 149 out of 308 for hessian
38.6749 21.9061 212.602 102.821 
54.824 54.824 75.6149 84.1332 
4.25964 97.4918 0 14.4035 8.13798 
0 2.29689 0 0 0.954251 27.0208 0 
38.6749 21.9061 212.602 102.821 
54.824 54.824 75.6149 84.1332 
4.25964 97.4918 0 14.4035 8.13798 
0 2.29689 0 0 0.954251 27.0208 0 
38.6749 21.9061 212.602 102.821 
54.824 54.824 75.6149 84.1332 
4.25964 97.4918 0 14.4035 8.13798 
0 2.29689 0 0 0.954251 27.0208 0 
38.6749 21.9061 212.602 102.821 
54.824 54.824 75.6149 84.1332 
4.25964 97.4918 0 14.4035 8.13798 
0 2.29689 0 0 0.954251 27.0208 0 
Estimating row 150 out of 308 for hessian
38.6749 21.9061 212.602 102.821 
54.824 54.824 75.6149 84.1332 
4.25964 97.4918 0 14.4035 8.13798 
0 2.29689 0 0 0.954251 27.0208 0 
38.6749 21.9061 212.602 102.821 
54.824 54.824 75.6149 84.1332 
4.25964 97.4918 0 14.4035 8.13798 
0 2.29689 0 0 0.954251 27.0208 0 
38.6749 21.9061 212.602 102.821 
54.824 54.824 75.6149 84.1332 
4.25964 97.4918 0 14.4035 8.13798 
0 2.29689 0 0 0.954251 27.0208 0 
38.6749 21.9061 212.602 102.821 
54.824 54.824 75.6149 84.1332 
4.25964 97.4918 0 14.4035 8.13798 
0 2.29689 0 0 0.954251 27.0208 0 
Estimating row 151 out of 308 for hessian
38.6749 21.9061 212.602 102.821 
54.824 54.824 75.6149 84.1332 
4.25964 97.4918 0 14.4035 8.13798 
0 2.29689 0 0 0.954251 27.0208 0 
38.6749 21.9061 212.602 102.821 
54.824 54.824 75.6149 84.1332 
4.25964 97.4918 0 14.4035 8.13798 
0 2.29689 0 0 0.954251 27.0208 0 
38.6749 21.9061 212.602 102.821 
54.824 54.824 75.6149 84.1332 
4.25964 97.4918 0 14.4035 8.13798 
0 2.29689 0 0 0.954251 27.0208 0 
38.6749 21.9061 212.602 102.821 
54.824 54.824 75.6149 84.1332 
4.25964 97.4918 0 14.4035 8.13798 
0 2.29689 0 0 0.954251 27.0208 0 
Estimating row 152 out of 308 for hessian
38.6749 21.9061 212.602 102.821 
54.824 54.824 75.6149 84.1332 
4.25964 97.4918 0 14.4035 8.13798 
0 2.29689 0 0 0.954251 27.0208 0 
38.6749 21.9061 212.602 102.821 
54.824 54.824 75.6149 84.1332 
4.25964 97.4918 0 14.4035 8.13798 
0 2.29689 0 0 0.954251 27.0208 0 
38.6749 21.9061 212.602 102.821 
54.824 54.824 75.6149 84.1332 
4.25964 97.4918 0 14.4035 8.13798 
0 2.29689 0 0 0.954251 27.0208 0 
38.6749 21.9061 212.602 102.821 
54.824 54.824 75.6149 84.1332 
4.25964 97.4918 0 14.4035 8.13798 
0 2.29689 0 0 0.954251 27.0208 0 
Estimating row 153 out of 308 for hessian
38.6749 21.9061 212.602 102.821 
54.824 54.824 75.6149 84.1332 
4.25964 97.4918 0 14.4035 8.13798 
0 2.29689 0 0 0.954251 27.0208 0 
38.6749 21.9061 212.602 102.821 
54.824 54.824 75.6149 84.1332 
4.25964 97.4918 0 14.4035 8.13798 
0 2.29689 0 0 0.954251 27.0208 0 
38.6749 21.9061 212.602 102.821 
54.824 54.824 75.6149 84.1332 
4.25964 97.4918 0 14.4035 8.13798 
0 2.29689 0 0 0.954251 27.0208 0 
38.6749 21.9061 212.602 102.821 
54.824 54.824 75.6149 84.1332 
4.25964 97.4918 0 14.4035 8.13798 
0 2.29689 0 0 0.954251 27.0208 0 
Estimating row 154 out of 308 for hessian
38.6749 21.9061 212.602 102.821 
54.824 54.824 75.6149 84.1332 
4.25964 97.4918 0 14.4035 8.13798 
0 2.29689 0 0 0.954251 27.0208 0 
38.6749 21.9061 212.602 102.821 
54.824 54.824 75.6149 84.1332 
4.25964 97.4918 0 14.4035 8.13798 
0 2.29689 0 0 0.954251 27.0208 0 
38.6749 21.9061 212.602 102.821 
54.824 54.824 75.6149 84.1332 
4.25964 97.4918 0 14.4035 8.13798 
0 2.29689 0 0 0.954251 27.0208 0 
38.6749 21.9061 212.602 102.821 
54.824 54.824 75.6149 84.1332 
4.25964 97.4918 0 14.4035 8.13798 
0 2.29689 0 0 0.954251 27.0208 0 
Estimating row 155 out of 308 for hessian
38.6749 21.9061 212.602 102.821 
54.824 54.824 75.6149 84.1332 
4.25964 97.4918 0 14.4035 8.13798 
0 2.29689 0 0 0.954251 27.0208 0 
38.6749 21.9061 212.602 102.821 
54.824 54.824 75.6149 84.1332 
4.25964 97.4918 0 14.4035 8.13798 
0 2.29689 0 0 0.954251 27.0208 0 
38.6749 21.9061 212.602 102.821 
54.824 54.824 75.6149 84.1332 
4.25964 97.4918 0 14.4035 8.13798 
0 2.29689 0 0 0.954251 27.0208 0 
38.6749 21.9061 212.602 102.821 
54.824 54.824 75.6149 84.1332 
4.25964 97.4918 0 14.4035 8.13798 
0 2.29689 0 0 0.954251 27.0208 0 
Estimating row 156 out of 308 for hessian
38.6749 21.9061 212.602 102.821 
54.824 54.824 75.6149 84.1332 
4.25964 97.4918 0 14.4035 8.13798 
0 2.29689 0 0 0.954251 27.0208 0 
38.6749 21.9061 212.602 102.821 
54.824 54.824 75.6149 84.1332 
4.25964 97.4918 0 14.4035 8.13798 
0 2.29689 0 0 0.954251 27.0208 0 
38.6749 21.9061 212.602 102.821 
54.824 54.824 75.6149 84.1332 
4.25964 97.4918 0 14.4035 8.13798 
0 2.29689 0 0 0.954251 27.0208 0 
38.6749 21.9061 212.602 102.821 
54.824 54.824 75.6149 84.1332 
4.25964 97.4918 0 14.4035 8.13798 
0 2.29689 0 0 0.954251 27.0208 0 
Estimating row 157 out of 308 for hessian
38.6749 21.9061 212.602 102.821 
54.824 54.824 75.6149 84.1332 
4.25964 97.4918 0 14.4035 8.13798 
0 2.29689 0 0 0.954251 27.0208 0 
38.6749 21.9061 212.602 102.821 
54.824 54.824 75.6149 84.1332 
4.25964 97.4918 0 14.4035 8.13798 
0 2.29689 0 0 0.954251 27.0208 0 
38.6749 21.9061 212.602 102.821 
54.824 54.824 75.6149 84.1332 
4.25964 97.4918 0 14.4035 8.13798 
0 2.29689 0 0 0.954251 27.0208 0 
38.6749 21.9061 212.602 102.821 
54.824 54.824 75.6149 84.1332 
4.25964 97.4918 0 14.4035 8.13798 
0 2.29689 0 0 0.954251 27.0208 0 
Estimating row 158 out of 308 for hessian
38.6749 21.9061 212.602 102.821 
54.824 54.824 75.6149 84.1332 
4.25964 97.4918 0 14.4035 8.13798 
0 2.29689 0 0 0.954251 27.0208 0 
38.6749 21.9061 212.602 102.821 
54.824 54.824 75.6149 84.1332 
4.25964 97.4918 0 14.4035 8.13798 
0 2.29689 0 0 0.954251 27.0208 0 
38.6749 21.9061 212.602 102.821 
54.824 54.824 75.6149 84.1332 
4.25964 97.4918 0 14.4035 8.13798 
0 2.29689 0 0 0.954251 27.0208 0 
38.6749 21.9061 212.602 102.821 
54.824 54.824 75.6149 84.1332 
4.25964 97.4918 0 14.4035 8.13798 
0 2.29689 0 0 0.954251 27.0208 0 
Estimating row 159 out of 308 for hessian
38.6749 21.9061 212.602 102.821 
54.824 54.824 75.6149 84.1332 
4.25964 97.4918 0 14.4035 8.13798 
0 2.29689 0 0 0.954251 27.0208 0 
38.6749 21.9061 212.602 102.821 
54.824 54.824 75.6149 84.1332 
4.25964 97.4918 0 14.4035 8.13798 
0 2.29689 0 0 0.954251 27.0208 0 
38.6749 21.9061 212.602 102.821 
54.824 54.824 75.6149 84.1332 
4.25964 97.4918 0 14.4035 8.13798 
0 2.29689 0 0 0.954251 27.0208 0 
38.6749 21.9061 212.602 102.821 
54.824 54.824 75.6149 84.1332 
4.25964 97.4918 0 14.4035 8.13798 
0 2.29689 0 0 0.954251 27.0208 0 
Estimating row 160 out of 308 for hessian
38.6749 21.9061 212.602 102.821 
54.824 54.824 75.6149 84.1332 
4.25964 97.4918 0 14.4035 8.13798 
0 2.29689 0 0 0.954251 27.0208 0 
38.6749 21.9061 212.602 102.821 
54.824 54.824 75.6149 84.1332 
4.25964 97.4918 0 14.4035 8.13798 
0 2.29689 0 0 0.954251 27.0208 0 
38.6749 21.9061 212.602 102.821 
54.824 54.824 75.6149 84.1332 
4.25964 97.4918 0 14.4035 8.13798 
0 2.29689 0 0 0.954251 27.0208 0 
38.6749 21.9061 212.602 102.821 
54.824 54.824 75.6149 84.1332 
4.25964 97.4918 0 14.4035 8.13798 
0 2.29689 0 0 0.954251 27.0208 0 
Estimating row 161 out of 308 for hessian
38.6749 21.9061 212.602 102.821 
54.824 54.824 75.6149 84.1332 
4.25964 97.4918 0 14.4035 8.13798 
0 2.29689 0 0 0.954251 27.0208 0 
38.6749 21.9061 212.602 102.821 
54.824 54.824 75.6149 84.1332 
4.25964 97.4918 0 14.4035 8.13798 
0 2.29689 0 0 0.954251 27.0208 0 
38.6749 21.9061 212.602 102.821 
54.824 54.824 75.6149 84.1332 
4.25964 97.4918 0 14.4035 8.13798 
0 2.29689 0 0 0.954251 27.0208 0 
38.6749 21.9061 212.602 102.821 
54.824 54.824 75.6149 84.1332 
4.25964 97.4918 0 14.4035 8.13798 
0 2.29689 0 0 0.954251 27.0208 0 
Estimating row 162 out of 308 for hessian
38.6749 21.9061 212.602 102.821 
54.824 54.824 75.6149 84.1332 
4.25964 97.4918 0 14.4035 8.13798 
0 2.29689 0 0 0.954251 27.0208 0 
38.6749 21.9061 212.602 102.821 
54.824 54.824 75.6149 84.1332 
4.25964 97.4918 0 14.4035 8.13798 
0 2.29689 0 0 0.954251 27.0208 0 
38.6749 21.9061 212.602 102.821 
54.824 54.824 75.6149 84.1332 
4.25964 97.4918 0 14.4035 8.13798 
0 2.29689 0 0 0.954251 27.0208 0 
38.6749 21.9061 212.602 102.821 
54.824 54.824 75.6149 84.1332 
4.25964 97.4918 0 14.4035 8.13798 
0 2.29689 0 0 0.954251 27.0208 0 
Estimating row 163 out of 308 for hessian
38.6749 21.9061 212.602 102.821 
54.824 54.824 75.6149 84.1332 
4.25964 97.4918 0 14.4035 8.13798 
0 2.29689 0 0 0.954251 27.0208 0 
38.6749 21.9061 212.602 102.821 
54.824 54.824 75.6149 84.1332 
4.25964 97.4918 0 14.4035 8.13798 
0 2.29689 0 0 0.954251 27.0208 0 
38.6749 21.9061 212.602 102.821 
54.824 54.824 75.6149 84.1332 
4.25964 97.4918 0 14.4035 8.13798 
0 2.29689 0 0 0.954251 27.0208 0 
38.6749 21.9061 212.602 102.821 
54.824 54.824 75.6149 84.1332 
4.25964 97.4918 0 14.4035 8.13798 
0 2.29689 0 0 0.954251 27.0208 0 
Estimating row 164 out of 308 for hessian
38.6749 21.9061 212.602 102.821 
54.824 54.824 75.6149 84.1332 
4.25964 97.4918 0 14.4035 8.13798 
0 2.29689 0 0 0.954251 27.0208 0 
38.6749 21.9061 212.602 102.821 
54.824 54.824 75.6149 84.1332 
4.25964 97.4918 0 14.4035 8.13798 
0 2.29689 0 0 0.954251 27.0208 0 
38.6749 21.9061 212.602 102.821 
54.824 54.824 75.6149 84.1332 
4.25964 97.4918 0 14.4035 8.13798 
0 2.29689 0 0 0.954251 27.0208 0 
38.6749 21.9061 212.602 102.821 
54.824 54.824 75.6149 84.1332 
4.25964 97.4918 0 14.4035 8.13798 
0 2.29689 0 0 0.954251 27.0208 0 
Estimating row 165 out of 308 for hessian
38.6749 21.9061 212.602 102.821 
54.824 54.824 75.6149 84.1332 
4.25964 97.4918 0 14.4035 8.13798 
0 2.29689 0 0 0.954251 27.0208 0 
38.6749 21.9061 212.602 102.821 
54.824 54.824 75.6149 84.1332 
4.25964 97.4918 0 14.4035 8.13798 
0 2.29689 0 0 0.954251 27.0208 0 
38.6749 21.9061 212.602 102.821 
54.824 54.824 75.6149 84.1332 
4.25964 97.4918 0 14.4035 8.13798 
0 2.29689 0 0 0.954251 27.0208 0 
38.6749 21.9061 212.602 102.821 
54.824 54.824 75.6149 84.1332 
4.25964 97.4918 0 14.4035 8.13798 
0 2.29689 0 0 0.954251 27.0208 0 
Estimating row 166 out of 308 for hessian
38.6749 21.9061 212.602 102.821 
54.824 54.824 75.6149 84.1332 
4.25964 97.4918 0 14.4035 8.13798 
0 2.29689 0 0 0.954251 27.0208 0 
38.6749 21.9061 212.602 102.821 
54.824 54.824 75.6149 84.1332 
4.25964 97.4918 0 14.4035 8.13798 
0 2.29689 0 0 0.954251 27.0208 0 
38.6749 21.9061 212.602 102.821 
54.824 54.824 75.6149 84.1332 
4.25964 97.4918 0 14.4035 8.13798 
0 2.29689 0 0 0.954251 27.0208 0 
38.6749 21.9061 212.602 102.821 
54.824 54.824 75.6149 84.1332 
4.25964 97.4918 0 14.4035 8.13798 
0 2.29689 0 0 0.954251 27.0208 0 
Estimating row 167 out of 308 for hessian
38.6749 21.9061 212.602 102.821 
54.824 54.824 75.6149 84.1332 
4.25964 97.4918 0 14.4035 8.13798 
0 2.29689 0 0 0.954251 27.0208 0 
38.6749 21.9061 212.602 102.821 
54.824 54.824 75.6149 84.1332 
4.25964 97.4918 0 14.4035 8.13798 
0 2.29689 0 0 0.954251 27.0208 0 
38.6749 21.9061 212.602 102.821 
54.824 54.824 75.6149 84.1332 
4.25964 97.4918 0 14.4035 8.13798 
0 2.29689 0 0 0.954251 27.0208 0 
38.6749 21.9061 212.602 102.821 
54.824 54.824 75.6149 84.1332 
4.25964 97.4918 0 14.4035 8.13798 
0 2.29689 0 0 0.954251 27.0208 0 
Estimating row 168 out of 308 for hessian
38.6749 21.9061 212.602 102.821 
54.824 54.824 75.6149 84.1332 
4.25964 97.4918 0 14.4035 8.13798 
0 2.29689 0 0 0.954251 27.0208 0 
38.6749 21.9061 212.602 102.821 
54.824 54.824 75.6149 84.1332 
4.25964 97.4918 0 14.4035 8.13798 
0 2.29689 0 0 0.954251 27.0208 0 
38.6749 21.9061 212.602 102.821 
54.824 54.824 75.6149 84.1332 
4.25964 97.4918 0 14.4035 8.13798 
0 2.29689 0 0 0.954251 27.0208 0 
38.6749 21.9061 212.602 102.821 
54.824 54.824 75.6149 84.1332 
4.25964 97.4918 0 14.4035 8.13798 
0 2.29689 0 0 0.954251 27.0208 0 
Estimating row 169 out of 308 for hessian
38.6648 21.9244 212.605 102.823 
54.8495 54.8495 75.615 84.1332 
4.25964 97.5435 0 14.4035 8.13798 
0 2.29689 0 0 0.954251 27.0208 0 
38.6849 21.8879 212.6 102.819 
54.7985 54.7985 75.6148 84.1331 
4.25964 97.4401 0 14.4035 8.13798 
0 2.29689 0 0 0.954251 27.0208 0 
38.6738 21.908 212.603 102.821 
54.8266 54.8266 75.6149 84.1332 
4.25964 97.4969 0 14.4035 8.13798 
0 2.29689 0 0 0.954251 27.0208 0 
38.6759 21.9043 212.602 102.821 
54.8215 54.8215 75.6149 84.1332 
4.25964 97.4866 0 14.4035 8.13798 
0 2.29689 0 0 0.954251 27.0208 0 
Estimating row 170 out of 308 for hessian
38.6753 21.9058 212.602 102.82 
54.8217 54.8217 75.6146 84.1331 
4.25964 97.4926 0 14.4035 8.13798 
0 2.29689 0 0 0.954251 27.0208 0 
38.6744 21.9065 212.603 102.822 
54.8263 54.8263 75.6152 84.1332 
4.25964 97.4909 0 14.4035 8.13798 
0 2.29689 0 0 0.954251 27.0208 0 
38.6749 21.9061 212.602 102.821 
54.8238 54.8238 75.6149 84.1332 
4.25964 97.4919 0 14.4035 8.13798 
0 2.29689 0 0 0.954251 27.0208 0 
38.6748 21.9062 212.602 102.821 
54.8242 54.8242 75.6149 84.1332 
4.25964 97.4917 0 14.4035 8.13798 
0 2.29689 0 0 0.954251 27.0208 0 
Estimating row 171 out of 308 for hessian
38.6754 21.9058 212.602 102.821 
54.8225 54.8225 75.6151 84.1332 
4.25964 97.4923 0 14.4035 8.13798 
0 2.29689 0 0 0.954251 27.0208 0 
38.6743 21.9065 212.603 102.821 
54.8255 54.8255 75.6148 84.1332 
4.25964 97.4913 0 14.4035 8.13798 
0 2.29689 0 0 0.954251 27.0208 0 
38.6749 21.9061 212.602 102.821 
54.8239 54.8239 75.6149 84.1332 
4.25964 97.4918 0 14.4035 8.13798 
0 2.29689 0 0 0.954251 27.0208 0 
38.6748 21.9062 212.602 102.821 
54.8242 54.8242 75.6149 84.1332 
4.25964 97.4917 0 14.4035 8.13798 
0 2.29689 0 0 0.954251 27.0208 0 
Estimating row 172 out of 308 for hessian
38.6759 21.9058 212.603 102.821 
54.8231 54.8231 75.6149 84.1332 
4.25964 97.4923 0 14.4035 8.13798 
0 2.29689 0 0 0.954251 27.0208 0 
38.6738 21.9065 212.602 102.821 
54.8249 54.8249 75.6149 84.1332 
4.25964 97.4913 0 14.4035 8.13798 
0 2.29689 0 0 0.954251 27.0208 0 
38.675 21.9061 212.602 102.821 
54.8239 54.8239 75.6149 84.1332 
4.25964 97.4918 0 14.4035 8.13798 
0 2.29689 0 0 0.954251 27.0208 0 
38.6747 21.9062 212.602 102.821 
54.8241 54.8241 75.6149 84.1332 
4.25964 97.4917 0 14.4035 8.13798 
0 2.29689 0 0 0.954251 27.0208 0 
Estimating row 173 out of 308 for hessian
38.676 21.9057 212.604 102.822 
54.8248 54.8248 75.6152 84.1334 
4.25964 97.4936 0 14.4035 8.13798 
0 2.29689 0 0 0.954251 27.0208 0 
38.6737 21.9065 212.601 102.819 
54.8233 54.8233 75.6146 84.1329 
4.25964 97.49 0 14.4035 8.13798 
0 2.29689 0 0 0.954251 27.0208 0 
38.675 21.9061 212.602 102.821 
54.8241 54.8241 75.6149 84.1332 
4.25964 97.492 0 14.4035 8.13798 
0 2.29689 0 0 0.954251 27.0208 0 
38.6747 21.9062 212.602 102.821 
54.8239 54.8239 75.6149 84.1332 
4.25964 97.4916 0 14.4035 8.13798 
0 2.29689 0 0 0.954251 27.0208 0 
Estimating row 174 out of 308 for hessian
38.675 21.906 212.602 102.821 
54.824 54.824 75.6148 84.1332 
4.25964 97.4916 0 14.4035 8.13798 
0 2.29689 0 0 0.954251 27.0208 0 
38.6747 21.9063 212.603 102.821 
54.824 54.824 75.6151 84.1332 
4.25964 97.4919 0 14.4035 8.13798 
0 2.29689 0 0 0.954251 27.0208 0 
38.6749 21.9061 212.602 102.821 
54.824 54.824 75.6149 84.1332 
4.25964 97.4918 0 14.4035 8.13798 
0 2.29689 0 0 0.954251 27.0208 0 
38.6748 21.9062 212.602 102.821 
54.824 54.824 75.6149 84.1332 
4.25964 97.4918 0 14.4035 8.13798 
0 2.29689 0 0 0.954251 27.0208 0 
Estimating row 175 out of 308 for hessian
38.6751 21.9061 212.602 102.821 
54.8241 54.8241 75.6149 84.1332 
4.25964 97.492 0 14.4035 8.13798 
0 2.29689 0 0 0.954251 27.0208 0 
38.6746 21.9062 212.603 102.821 
54.8239 54.8239 75.6149 84.1331 
4.25964 97.4916 0 14.4035 8.13798 
0 2.29689 0 0 0.954251 27.0208 0 
38.6749 21.9061 212.602 102.821 
54.824 54.824 75.6149 84.1332 
4.25964 97.4918 0 14.4035 8.13798 
0 2.29689 0 0 0.954251 27.0208 0 
38.6748 21.9061 212.602 102.821 
54.824 54.824 75.6149 84.1332 
4.25964 97.4918 0 14.4035 8.13798 
0 2.29689 0 0 0.954251 27.0208 0 
Estimating row 176 out of 308 for hessian
38.675 21.9061 212.602 102.821 
54.8239 54.8239 75.6148 84.1332 
4.25964 97.4916 0 14.4035 8.13798 
0 2.29689 0 0 0.954251 27.0208 0 
38.6747 21.9062 212.603 102.821 
54.8242 54.8242 75.615 84.1332 
4.25964 97.4919 0 14.4035 8.13798 
0 2.29689 0 0 0.954251 27.0208 0 
38.6749 21.9061 212.602 102.821 
54.824 54.824 75.6149 84.1332 
4.25964 97.4918 0 14.4035 8.13798 
0 2.29689 0 0 0.954251 27.0208 0 
38.6748 21.9061 212.602 102.821 
54.824 54.824 75.6149 84.1332 
4.25964 97.4918 0 14.4035 8.13798 
0 2.29689 0 0 0.954251 27.0208 0 
Estimating row 177 out of 308 for hessian
38.675 21.9061 212.602 102.821 
54.824 54.824 75.6148 84.1331 
4.25964 97.4916 0 14.4035 8.13798 
0 2.29689 0 0 0.954251 27.0208 0 
38.6747 21.9062 212.602 102.821 
54.8241 54.8241 75.615 84.1333 
4.25964 97.4919 0 14.4035 8.13798 
0 2.29689 0 0 0.954251 27.0208 0 
38.6749 21.9061 212.602 102.821 
54.824 54.824 75.6149 84.1332 
4.25964 97.4918 0 14.4035 8.13798 
0 2.29689 0 0 0.954251 27.0208 0 
38.6748 21.9061 212.602 102.821 
54.824 54.824 75.6149 84.1332 
4.25964 97.4918 0 14.4035 8.13798 
0 2.29689 0 0 0.954251 27.0208 0 
Estimating row 178 out of 308 for hessian
38.6743 21.9063 212.605 102.822 
54.8246 54.8246 75.6151 84.1329 
4.25964 97.4931 0 14.4035 8.13798 
0 2.29689 0 0 0.954251 27.0208 0 
38.6754 21.906 212.6 102.82 
54.8234 54.8234 75.6148 84.1334 
4.25964 97.4904 0 14.4035 8.13798 
0 2.29689 0 0 0.954251 27.0208 0 
38.6748 21.9062 212.603 102.821 
54.8241 54.8241 75.6149 84.1332 
4.25964 97.4919 0 14.4035 8.13798 
0 2.29689 0 0 0.954251 27.0208 0 
38.6749 21.9061 212.602 102.821 
54.824 54.824 75.6149 84.1332 
4.25964 97.4916 0 14.4035 8.13798 
0 2.29689 0 0 0.954251 27.0208 0 
Estimating row 179 out of 308 for hessian
38.6748 21.9059 212.601 102.821 
54.8235 54.8235 75.6148 84.1331 
4.25964 97.4914 0 14.4035 8.13798 
0 2.29689 0 0 0.954251 27.0208 0 
38.6749 21.9064 212.603 102.821 
54.8245 54.8245 75.615 84.1332 
4.25964 97.4922 0 14.4035 8.13798 
0 2.29689 0 0 0.954251 27.0208 0 
38.6748 21.9061 212.602 102.821 
54.824 54.824 75.6149 84.1332 
4.25964 97.4917 0 14.4035 8.13798 
0 2.29689 0 0 0.954251 27.0208 0 
38.6749 21.9062 212.602 102.821 
54.8241 54.8241 75.6149 84.1332 
4.25964 97.4918 0 14.4035 8.13798 
0 2.29689 0 0 0.954251 27.0208 0 
Estimating row 180 out of 308 for hessian
38.6739 21.9059 212.6 102.82 
54.8236 54.8236 75.615 84.1332 
4.25964 97.4924 0 14.4035 8.13798 
0 2.29689 0 0 0.954251 27.0208 0 
38.6758 21.9064 212.605 102.822 
54.8244 54.8244 75.6148 84.1332 
4.25964 97.4912 0 14.4035 8.13798 
0 2.29689 0 0 0.954251 27.0208 0 
38.6748 21.9061 212.602 102.821 
54.824 54.824 75.6149 84.1332 
4.25964 97.4918 0 14.4035 8.13798 
0 2.29689 0 0 0.954251 27.0208 0 
38.675 21.9062 212.603 102.821 
54.8241 54.8241 75.6149 84.1332 
4.25964 97.4917 0 14.4035 8.13798 
0 2.29689 0 0 0.954251 27.0208 0 
Estimating row 181 out of 308 for hessian
38.6738 21.9063 212.602 102.821 
54.8255 54.8255 75.6151 84.1335 
4.25964 97.4932 0 14.4035 8.13798 
0 2.29689 0 0 0.954251 27.0208 0 
38.676 21.906 212.603 102.821 
54.8225 54.8225 75.6147 84.1329 
4.25964 97.4903 0 14.4035 8.13798 
0 2.29689 0 0 0.954251 27.0208 0 
38.6747 21.9062 212.602 102.821 
54.8242 54.8242 75.6149 84.1332 
4.25964 97.4919 0 14.4035 8.13798 
0 2.29689 0 0 0.954251 27.0208 0 
38.675 21.9061 212.602 102.821 
54.8239 54.8239 75.6149 84.1331 
4.25964 97.4916 0 14.4035 8.13798 
0 2.29689 0 0 0.954251 27.0208 0 
Estimating row 182 out of 308 for hessian
38.6747 21.9061 212.602 102.821 
54.8243 54.8243 75.6148 84.1332 
4.25964 97.4918 0 14.4035 8.13798 
0 2.29689 0 0 0.954251 27.0208 0 
38.675 21.9062 212.602 102.821 
54.8237 54.8237 75.615 84.1332 
4.25964 97.4918 0 14.4035 8.13798 
0 2.29689 0 0 0.954251 27.0208 0 
38.6748 21.9061 212.602 102.821 
54.824 54.824 75.6149 84.1332 
4.25964 97.4918 0 14.4035 8.13798 
0 2.29689 0 0 0.954251 27.0208 0 
38.6749 21.9061 212.602 102.821 
54.824 54.824 75.6149 84.1332 
4.25964 97.4918 0 14.4035 8.13798 
0 2.29689 0 0 0.954251 27.0208 0 
Estimating row 183 out of 308 for hessian
38.6749 21.906 212.602 102.821 
54.824 54.824 75.6148 84.1331 
4.25964 97.4914 0 14.4035 8.13798 
0 2.29689 0 0 0.954251 27.0208 0 
38.6748 21.9062 212.602 102.821 
54.824 54.824 75.615 84.1332 
4.25964 97.4922 0 14.4035 8.13798 
0 2.29689 0 0 0.954251 27.0208 0 
38.6749 21.9061 212.602 102.821 
54.824 54.824 75.6149 84.1332 
4.25964 97.4917 0 14.4035 8.13798 
0 2.29689 0 0 0.954251 27.0208 0 
38.6749 21.9061 212.602 102.821 
54.824 54.824 75.6149 84.1332 
4.25964 97.4918 0 14.4035 8.13798 
0 2.29689 0 0 0.954251 27.0208 0 
Estimating row 184 out of 308 for hessian
38.6748 21.9063 212.603 102.821 
54.8247 54.8247 75.615 84.1331 
4.25964 97.492 0 14.4035 8.13798 
0 2.29689 0 0 0.954251 27.0208 0 
38.6749 21.906 212.601 102.821 
54.8234 54.8234 75.6148 84.1332 
4.25964 97.4916 0 14.4035 8.13798 
0 2.29689 0 0 0.954251 27.0208 0 
38.6749 21.9062 212.602 102.821 
54.8241 54.8241 75.6149 84.1332 
4.25964 97.4918 0 14.4035 8.13798 
0 2.29689 0 0 0.954251 27.0208 0 
38.6749 21.9061 212.602 102.821 
54.8239 54.8239 75.6149 84.1332 
4.25964 97.4918 0 14.4035 8.13798 
0 2.29689 0 0 0.954251 27.0208 0 
Estimating row 185 out of 308 for hessian
38.6748 21.9062 212.602 102.821 
54.8246 54.8246 75.6149 84.1332 
4.25964 97.4919 0 14.4035 8.13798 
0 2.29689 0 0 0.954251 27.0208 0 
38.6749 21.9061 212.602 102.821 
54.8235 54.8235 75.6149 84.1331 
4.25964 97.4916 0 14.4035 8.13798 
0 2.29689 0 0 0.954251 27.0208 0 
38.6748 21.9061 212.602 102.821 
54.8241 54.8241 75.6149 84.1332 
4.25964 97.4918 0 14.4035 8.13798 
0 2.29689 0 0 0.954251 27.0208 0 
38.6749 21.9061 212.602 102.821 
54.824 54.824 75.6149 84.1332 
4.25964 97.4918 0 14.4035 8.13798 
0 2.29689 0 0 0.954251 27.0208 0 
Estimating row 186 out of 308 for hessian
38.6748 21.906 212.601 102.821 
54.8242 54.8242 75.6148 84.1333 
4.25964 97.4917 0 14.4035 8.13798 
0 2.29689 0 0 0.954251 27.0208 0 
38.675 21.9062 212.604 102.821 
54.8238 54.8238 75.615 84.133 
4.25964 97.4919 0 14.4035 8.13798 
0 2.29689 0 0 0.954251 27.0208 0 
38.6748 21.9061 212.602 102.821 
54.824 54.824 75.6149 84.1332 
4.25964 97.4918 0 14.4035 8.13798 
0 2.29689 0 0 0.954251 27.0208 0 
38.6749 21.9061 212.602 102.821 
54.824 54.824 75.6149 84.1332 
4.25964 97.4918 0 14.4035 8.13798 
0 2.29689 0 0 0.954251 27.0208 0 
Estimating row 187 out of 308 for hessian
38.6746 21.906 212.602 102.821 
54.8239 54.8239 75.6147 84.1332 
4.25964 97.4915 0 14.4035 8.13798 
0 2.29689 0 0 0.954251 27.0208 0 
38.6751 21.9063 212.603 102.821 
54.8241 54.8241 75.6151 84.1332 
4.25964 97.492 0 14.4035 8.13798 
0 2.29689 0 0 0.954251 27.0208 0 
38.6748 21.9061 212.602 102.821 
54.824 54.824 75.6149 84.1332 
4.25964 97.4917 0 14.4035 8.13798 
0 2.29689 0 0 0.954251 27.0208 0 
38.6749 21.9062 212.602 102.821 
54.824 54.824 75.6149 84.1332 
4.25964 97.4918 0 14.4035 8.13798 
0 2.29689 0 0 0.954251 27.0208 0 
Estimating row 188 out of 308 for hessian
38.6747 21.906 212.603 102.821 
54.8239 54.8239 75.615 84.1331 
4.25964 97.4915 0 14.4035 8.13798 
0 2.29689 0 0 0.954251 27.0208 0 
38.675 21.9063 212.602 102.821 
54.8242 54.8242 75.6149 84.1333 
4.25964 97.4921 0 14.4035 8.13798 
0 2.29689 0 0 0.954251 27.0208 0 
38.6748 21.9061 212.602 102.821 
54.824 54.824 75.6149 84.1332 
4.25964 97.4917 0 14.4035 8.13798 
0 2.29689 0 0 0.954251 27.0208 0 
38.6749 21.9062 212.602 102.821 
54.824 54.824 75.6149 84.1332 
4.25964 97.4918 0 14.4035 8.13798 
0 2.29689 0 0 0.954251 27.0208 0 
Estimating row 189 out of 308 for hessian
38.6752 21.9062 212.604 102.821 
54.8245 54.8245 75.615 84.133 
4.25964 97.4927 0 14.4035 8.13798 
0 2.29689 0 0 0.954251 27.0208 0 
38.6745 21.9061 212.601 102.821 
54.8236 54.8236 75.6148 84.1334 
4.25964 97.4908 0 14.4035 8.13798 
0 2.29689 0 0 0.954251 27.0208 0 
38.6749 21.9061 212.602 102.821 
54.8241 54.8241 75.6149 84.1332 
4.25964 97.4919 0 14.4035 8.13798 
0 2.29689 0 0 0.954251 27.0208 0 
38.6748 21.9061 212.602 102.821 
54.824 54.824 75.6149 84.1332 
4.25964 97.4917 0 14.4035 8.13798 
0 2.29689 0 0 0.954251 27.0208 0 
Estimating row 190 out of 308 for hessian
38.675 21.9059 212.602 102.821 
54.8237 54.8237 75.6149 84.1332 
4.25964 97.4912 0 14.4035 8.13798 
0 2.29689 0 0 0.954251 27.0208 0 
38.6747 21.9063 212.603 102.821 
54.8243 54.8243 75.6149 84.1332 
4.25964 97.4924 0 14.4035 8.13798 
0 2.29689 0 0 0.954251 27.0208 0 
38.6749 21.9061 212.602 102.821 
54.824 54.824 75.6149 84.1332 
4.25964 97.4917 0 14.4035 8.13798 
0 2.29689 0 0 0.954251 27.0208 0 
38.6748 21.9062 212.602 102.821 
54.824 54.824 75.6149 84.1332 
4.25964 97.4918 0 14.4035 8.13798 
0 2.29689 0 0 0.954251 27.0208 0 
Estimating row 191 out of 308 for hessian
38.6749 21.9061 212.602 102.821 
54.8244 54.8244 75.6149 84.1332 
4.25964 97.4923 0 14.4035 8.13798 
0 2.29689 0 0 0.954251 27.0208 0 
38.6749 21.9062 212.602 102.821 
54.8237 54.8237 75.6149 84.1331 
4.25964 97.4912 0 14.4035 8.13798 
0 2.29689 0 0 0.954251 27.0208 0 
38.6749 21.9061 212.602 102.821 
54.824 54.824 75.6149 84.1332 
4.25964 97.4918 0 14.4035 8.13798 
0 2.29689 0 0 0.954251 27.0208 0 
38.6749 21.9061 212.602 102.821 
54.824 54.824 75.6149 84.1332 
4.25964 97.4917 0 14.4035 8.13798 
0 2.29689 0 0 0.954251 27.0208 0 
Estimating row 192 out of 308 for hessian
38.675 21.9061 212.603 102.821 
54.824 54.824 75.6149 84.1333 
4.25964 97.4918 0 14.4035 8.13798 
0 2.29689 0 0 0.954251 27.0208 0 
38.6747 21.9062 212.602 102.821 
54.824 54.824 75.6149 84.133 
4.25964 97.4917 0 14.4035 8.13798 
0 2.29689 0 0 0.954251 27.0208 0 
38.6749 21.9061 212.602 102.821 
54.824 54.824 75.6149 84.1332 
4.25964 97.4918 0 14.4035 8.13798 
0 2.29689 0 0 0.954251 27.0208 0 
38.6748 21.9061 212.602 102.821 
54.824 54.824 75.6149 84.1332 
4.25964 97.4918 0 14.4035 8.13798 
0 2.29689 0 0 0.954251 27.0208 0 
Estimating row 193 out of 308 for hessian
38.675 21.9061 212.602 102.821 
54.8238 54.8238 75.615 84.1332 
4.25964 97.4916 0 14.4035 8.13798 
0 2.29689 0 0 0.954251 27.0208 0 
38.6747 21.9061 212.603 102.821 
54.8242 54.8242 75.6148 84.1332 
4.25964 97.492 0 14.4035 8.13798 
0 2.29689 0 0 0.954251 27.0208 0 
38.6749 21.9061 212.602 102.821 
54.824 54.824 75.6149 84.1332 
4.25964 97.4918 0 14.4035 8.13798 
0 2.29689 0 0 0.954251 27.0208 0 
38.6748 21.9061 212.602 102.821 
54.824 54.824 75.6149 84.1332 
4.25964 97.4918 0 14.4035 8.13798 
0 2.29689 0 0 0.954251 27.0208 0 
Estimating row 194 out of 308 for hessian
38.675 21.9061 212.603 102.821 
54.8237 54.8237 75.6148 84.1331 
4.25964 97.4913 0 14.4035 8.13798 
0 2.29689 0 0 0.954251 27.0208 0 
38.6747 21.9062 212.602 102.821 
54.8243 54.8243 75.615 84.1332 
4.25964 97.4922 0 14.4035 8.13798 
0 2.29689 0 0 0.954251 27.0208 0 
38.6749 21.9061 212.602 102.821 
54.824 54.824 75.6149 84.1332 
4.25964 97.4917 0 14.4035 8.13798 
0 2.29689 0 0 0.954251 27.0208 0 
38.6748 21.9061 212.602 102.821 
54.824 54.824 75.6149 84.1332 
4.25964 97.4918 0 14.4035 8.13798 
0 2.29689 0 0 0.954251 27.0208 0 
Estimating row 195 out of 308 for hessian
38.675 21.9061 212.602 102.821 
54.8238 54.8238 75.6148 84.1332 
4.25964 97.4914 0 14.4035 8.13798 
0 2.29689 0 0 0.954251 27.0208 0 
38.6747 21.9062 212.603 102.821 
54.8242 54.8242 75.615 84.1332 
4.25964 97.4922 0 14.4035 8.13798 
0 2.29689 0 0 0.954251 27.0208 0 
38.6749 21.9061 212.602 102.821 
54.824 54.824 75.6149 84.1332 
4.25964 97.4917 0 14.4035 8.13798 
0 2.29689 0 0 0.954251 27.0208 0 
38.6748 21.9061 212.602 102.821 
54.824 54.824 75.6149 84.1332 
4.25964 97.4918 0 14.4035 8.13798 
0 2.29689 0 0 0.954251 27.0208 0 
Estimating row 196 out of 308 for hessian
38.6749 21.9065 212.603 102.821 
54.8245 54.8245 75.6149 84.1333 
4.25964 97.4924 0 14.4035 8.13798 
0 2.29689 0 0 0.954251 27.0208 0 
38.6748 21.9057 212.602 102.821 
54.8235 54.8235 75.6149 84.1331 
4.25964 97.4912 0 14.4035 8.13798 
0 2.29689 0 0 0.954251 27.0208 0 
38.6749 21.9062 212.602 102.821 
54.8241 54.8241 75.6149 84.1332 
4.25964 97.4918 0 14.4035 8.13798 
0 2.29689 0 0 0.954251 27.0208 0 
38.6749 21.9061 212.602 102.821 
54.824 54.824 75.6149 84.1332 
4.25964 97.4917 0 14.4035 8.13798 
0 2.29689 0 0 0.954251 27.0208 0 
Estimating row 197 out of 308 for hessian
38.6747 21.9065 212.604 102.821 
54.8246 54.8246 75.6148 84.1331 
4.25964 97.4921 0 14.4035 8.13798 
0 2.29689 0 0 0.954251 27.0208 0 
38.675 21.9058 212.601 102.821 
54.8235 54.8235 75.615 84.1333 
4.25964 97.4914 0 14.4035 8.13798 
0 2.29689 0 0 0.954251 27.0208 0 
38.6748 21.9062 212.602 102.821 
54.8241 54.8241 75.6149 84.1332 
4.25964 97.4918 0 14.4035 8.13798 
0 2.29689 0 0 0.954251 27.0208 0 
38.6749 21.9061 212.602 102.821 
54.824 54.824 75.6149 84.1332 
4.25964 97.4917 0 14.4035 8.13798 
0 2.29689 0 0 0.954251 27.0208 0 
Estimating row 198 out of 308 for hessian
38.675 21.9061 212.602 102.821 
54.8241 54.8241 75.615 84.1332 
4.25964 97.4914 0 14.4035 8.13798 
0 2.29689 0 0 0.954251 27.0208 0 
38.6748 21.9062 212.603 102.821 
54.8239 54.8239 75.6148 84.1332 
4.25964 97.4921 0 14.4035 8.13798 
0 2.29689 0 0 0.954251 27.0208 0 
38.6749 21.9061 212.602 102.821 
54.824 54.824 75.6149 84.1332 
4.25964 97.4917 0 14.4035 8.13798 
0 2.29689 0 0 0.954251 27.0208 0 
38.6748 21.9061 212.602 102.821 
54.824 54.824 75.6149 84.1332 
4.25964 97.4918 0 14.4035 8.13798 
0 2.29689 0 0 0.954251 27.0208 0 
Estimating row 199 out of 308 for hessian
38.675 21.9061 212.601 102.821 
54.8244 54.8244 75.6151 84.1332 
4.25964 97.4915 0 14.4035 8.13798 
0 2.29689 0 0 0.954251 27.0208 0 
38.6747 21.9062 212.603 102.821 
54.8237 54.8237 75.6147 84.1331 
4.25964 97.4921 0 14.4035 8.13798 
0 2.29689 0 0 0.954251 27.0208 0 
38.6749 21.9061 212.602 102.821 
54.824 54.824 75.6149 84.1332 
4.25964 97.4917 0 14.4035 8.13798 
0 2.29689 0 0 0.954251 27.0208 0 
38.6748 21.9061 212.602 102.821 
54.824 54.824 75.6149 84.1332 
4.25964 97.4918 0 14.4035 8.13798 
0 2.29689 0 0 0.954251 27.0208 0 
Estimating row 200 out of 308 for hessian
38.675 21.9061 212.602 102.821 
54.8241 54.8241 75.6146 84.1331 
4.25964 97.4914 0 14.4035 8.13798 
0 2.29689 0 0 0.954251 27.0208 0 
38.6748 21.9062 212.602 102.821 
54.8239 54.8239 75.6152 84.1332 
4.25964 97.4922 0 14.4035 8.13798 
0 2.29689 0 0 0.954251 27.0208 0 
38.6749 21.9061 212.602 102.821 
54.824 54.824 75.6149 84.1332 
4.25964 97.4917 0 14.4035 8.13798 
0 2.29689 0 0 0.954251 27.0208 0 
38.6748 21.9061 212.602 102.821 
54.824 54.824 75.6149 84.1332 
4.25964 97.4918 0 14.4035 8.13798 
0 2.29689 0 0 0.954251 27.0208 0 
Estimating row 201 out of 308 for hessian
38.6749 21.906 212.603 102.821 
54.8238 54.8238 75.6148 84.1331 
4.25964 97.4913 0 14.4035 8.13798 
0 2.29689 0 0 0.954251 27.0208 0 
38.6748 21.9062 212.602 102.821 
54.8242 54.8242 75.615 84.1333 
4.25964 97.4922 0 14.4035 8.13798 
0 2.29689 0 0 0.954251 27.0208 0 
38.6749 21.9061 212.602 102.821 
54.824 54.824 75.6149 84.1332 
4.25964 97.4917 0 14.4035 8.13798 
0 2.29689 0 0 0.954251 27.0208 0 
38.6749 21.9061 212.602 102.821 
54.824 54.824 75.6149 84.1332 
4.25964 97.4918 0 14.4035 8.13798 
0 2.29689 0 0 0.954251 27.0208 0 
Estimating row 202 out of 308 for hessian
38.6749 21.9065 212.603 102.821 
54.8243 54.8243 75.615 84.1331 
4.25964 97.4918 0 14.4035 8.13798 
0 2.29689 0 0 0.954251 27.0208 0 
38.6748 21.9058 212.602 102.821 
54.8237 54.8237 75.6148 84.1332 
4.25964 97.4917 0 14.4035 8.13798 
0 2.29689 0 0 0.954251 27.0208 0 
38.6749 21.9062 212.602 102.821 
54.824 54.824 75.6149 84.1332 
4.25964 97.4918 0 14.4035 8.13798 
0 2.29689 0 0 0.954251 27.0208 0 
38.6749 21.9061 212.602 102.821 
54.824 54.824 75.6149 84.1332 
4.25964 97.4918 0 14.4035 8.13798 
0 2.29689 0 0 0.954251 27.0208 0 
Estimating row 203 out of 308 for hessian
38.6742 21.9078 212.6 102.821 
54.8263 54.8263 75.6151 84.1333 
4.25964 97.4917 0 14.4035 8.13798 
0 2.29689 0 0 0.954251 27.0208 0 
38.6756 21.9045 212.605 102.821 
54.8217 54.8217 75.6147 84.133 
4.25964 97.4918 0 14.4035 8.13798 
0 2.29689 0 0 0.954251 27.0208 0 
38.6748 21.9063 212.602 102.821 
54.8242 54.8242 75.6149 84.1332 
4.25964 97.4918 0 14.4035 8.13798 
0 2.29689 0 0 0.954251 27.0208 0 
38.6749 21.906 212.603 102.821 
54.8238 54.8238 75.6149 84.1332 
4.25964 97.4918 0 14.4035 8.13798 
0 2.29689 0 0 0.954251 27.0208 0 
Estimating row 204 out of 308 for hessian
38.675 21.906 212.602 102.821 
54.8238 54.8238 75.6149 84.1332 
4.25964 97.4912 0 14.4035 8.13798 
0 2.29689 0 0 0.954251 27.0208 0 
38.6748 21.9063 212.602 102.821 
54.8243 54.8243 75.6149 84.1332 
4.25964 97.4923 0 14.4035 8.13798 
0 2.29689 0 0 0.954251 27.0208 0 
38.6749 21.9061 212.602 102.821 
54.824 54.824 75.6149 84.1332 
4.25964 97.4917 0 14.4035 8.13798 
0 2.29689 0 0 0.954251 27.0208 0 
38.6748 21.9062 212.602 102.821 
54.824 54.824 75.6149 84.1332 
4.25964 97.4918 0 14.4035 8.13798 
0 2.29689 0 0 0.954251 27.0208 0 
Estimating row 205 out of 308 for hessian
38.6747 21.9073 212.604 102.821 
54.8237 54.8237 75.6149 84.1331 
4.25964 97.4911 0 14.4035 8.13798 
0 2.29689 0 0 0.954251 27.0208 0 
38.675 21.9049 212.601 102.821 
54.8243 54.8243 75.6149 84.1332 
4.25964 97.4925 0 14.4035 8.13798 
0 2.29689 0 0 0.954251 27.0208 0 
38.6748 21.9063 212.602 102.821 
54.824 54.824 75.6149 84.1332 
4.25964 97.4917 0 14.4035 8.13798 
0 2.29689 0 0 0.954251 27.0208 0 
38.6749 21.906 212.602 102.821 
54.824 54.824 75.6149 84.1332 
4.25964 97.4918 0 14.4035 8.13798 
0 2.29689 0 0 0.954251 27.0208 0 
Estimating row 206 out of 308 for hessian
38.675 21.906 212.602 102.821 
54.8237 54.8237 75.6149 84.1332 
4.25964 97.4912 0 14.4035 8.13798 
0 2.29689 0 0 0.954251 27.0208 0 
38.6747 21.9063 212.602 102.821 
54.8243 54.8243 75.6149 84.1332 
4.25964 97.4924 0 14.4035 8.13798 
0 2.29689 0 0 0.954251 27.0208 0 
38.6749 21.9061 212.602 102.821 
54.824 54.824 75.6149 84.1332 
4.25964 97.4917 0 14.4035 8.13798 
0 2.29689 0 0 0.954251 27.0208 0 
38.6748 21.9062 212.602 102.821 
54.824 54.824 75.6149 84.1332 
4.25964 97.4918 0 14.4035 8.13798 
0 2.29689 0 0 0.954251 27.0208 0 
Estimating row 207 out of 308 for hessian
38.6749 21.9061 212.602 102.821 
54.8237 54.8237 75.6149 84.1332 
4.25964 97.4912 0 14.4035 8.13798 
0 2.29689 0 0 0.954251 27.0208 0 
38.6748 21.9062 212.602 102.821 
54.8243 54.8243 75.6149 84.1332 
4.25964 97.4924 0 14.4035 8.13798 
0 2.29689 0 0 0.954251 27.0208 0 
38.6749 21.9061 212.602 102.821 
54.824 54.824 75.6149 84.1332 
4.25964 97.4917 0 14.4035 8.13798 
0 2.29689 0 0 0.954251 27.0208 0 
38.6748 21.9061 212.602 102.821 
54.824 54.824 75.6149 84.1332 
4.25964 97.4918 0 14.4035 8.13798 
0 2.29689 0 0 0.954251 27.0208 0 
Estimating row 208 out of 308 for hessian
38.6748 21.906 212.602 102.821 
54.8237 54.8237 75.6149 84.1332 
4.25964 97.4912 0 14.4035 8.13798 
0 2.29689 0 0 0.954251 27.0208 0 
38.6749 21.9063 212.603 102.821 
54.8243 54.8243 75.6149 84.1332 
4.25964 97.4924 0 14.4035 8.13798 
0 2.29689 0 0 0.954251 27.0208 0 
38.6749 21.9061 212.602 102.821 
54.824 54.824 75.6149 84.1332 
4.25964 97.4917 0 14.4035 8.13798 
0 2.29689 0 0 0.954251 27.0208 0 
38.6749 21.9062 212.602 102.821 
54.824 54.824 75.6149 84.1332 
4.25964 97.4918 0 14.4035 8.13798 
0 2.29689 0 0 0.954251 27.0208 0 
Estimating row 209 out of 308 for hessian
38.6741 21.9059 212.603 102.821 
54.8237 54.8237 75.6149 84.1332 
4.25964 97.4911 0 14.4035 8.13798 
0 2.29689 0 0 0.954251 27.0208 0 
38.6756 21.9063 212.602 102.821 
54.8243 54.8243 75.6149 84.1332 
4.25964 97.4924 0 14.4035 8.13798 
0 2.29689 0 0 0.954251 27.0208 0 
38.6748 21.9061 212.602 102.821 
54.824 54.824 75.6149 84.1332 
4.25964 97.4917 0 14.4035 8.13798 
0 2.29689 0 0 0.954251 27.0208 0 
38.6749 21.9062 212.602 102.821 
54.824 54.824 75.6149 84.1332 
4.25964 97.4918 0 14.4035 8.13798 
0 2.29689 0 0 0.954251 27.0208 0 
Estimating row 210 out of 308 for hessian
38.6744 21.9059 212.603 102.821 
54.8237 54.8237 75.6149 84.1332 
4.25964 97.4911 0 14.4035 8.13798 
0 2.29689 0 0 0.954251 27.0208 0 
38.6753 21.9063 212.602 102.821 
54.8243 54.8243 75.6149 84.1332 
4.25964 97.4924 0 14.4035 8.13798 
0 2.29689 0 0 0.954251 27.0208 0 
38.6748 21.9061 212.602 102.821 
54.824 54.824 75.6149 84.1332 
4.25964 97.4917 0 14.4035 8.13798 
0 2.29689 0 0 0.954251 27.0208 0 
38.6749 21.9062 212.602 102.821 
54.824 54.824 75.6149 84.1332 
4.25964 97.4918 0 14.4035 8.13798 
0 2.29689 0 0 0.954251 27.0208 0 
Estimating row 211 out of 308 for hessian
38.675 21.9059 212.602 102.821 
54.8237 54.8237 75.6149 84.1332 
4.25964 97.4911 0 14.4035 8.13798 
0 2.29689 0 0 0.954251 27.0208 0 
38.6747 21.9064 212.602 102.821 
54.8243 54.8243 75.6149 84.1332 
4.25964 97.4924 0 14.4035 8.13798 
0 2.29689 0 0 0.954251 27.0208 0 
38.6749 21.9061 212.602 102.821 
54.824 54.824 75.6149 84.1332 
4.25964 97.4917 0 14.4035 8.13798 
0 2.29689 0 0 0.954251 27.0208 0 
38.6748 21.9062 212.602 102.821 
54.824 54.824 75.6149 84.1332 
4.25964 97.4918 0 14.4035 8.13798 
0 2.29689 0 0 0.954251 27.0208 0 
Estimating row 212 out of 308 for hessian
38.6758 21.9033 212.605 102.823 
54.8183 54.8183 75.6151 84.1329 
4.25964 97.4834 0 14.4002 8.13798 
0 2.29689 0 0 0.954251 27.0208 0 
38.6739 21.909 212.6 102.819 
54.8297 54.8297 75.6147 84.1334 
4.25964 97.5001 0 14.4069 8.13798 
0 2.29689 0 0 0.954251 27.0208 0 
38.675 21.9059 212.603 102.821 
54.8234 54.8234 75.6149 84.1332 
4.25964 97.4909 0 14.4032 8.13798 
0 2.29689 0 0 0.954251 27.0208 0 
38.6748 21.9064 212.602 102.821 
54.8246 54.8246 75.6149 84.1332 
4.25964 97.4926 0 14.4039 8.13798 
0 2.29689 0 0 0.954251 27.0208 0 
Estimating row 213 out of 308 for hessian
38.6749 21.9025 212.602 102.818 
54.8218 54.8218 75.6145 84.1339 
4.25964 97.4831 0 14.4035 8.14081 
0 2.29689 0 0 0.954251 27.0208 0 
38.6749 21.9098 212.602 102.824 
54.8262 54.8262 75.6154 84.1325 
4.25964 97.5004 0 14.4035 8.13515 
0 2.29689 0 0 0.954251 27.0208 0 
38.6749 21.9058 212.602 102.821 
54.8238 54.8238 75.6149 84.1332 
4.25964 97.4909 0 14.4035 8.13826 
0 2.29689 0 0 0.954251 27.0208 0 
38.6749 21.9065 212.602 102.821 
54.8242 54.8242 75.615 84.1331 
4.25964 97.4926 0 14.4035 8.1377 
0 2.29689 0 0 0.954251 27.0208 0 
Estimating row 214 out of 308 for hessian
38.6749 21.9061 212.602 102.821 
54.824 54.824 75.6149 84.1332 
4.25964 97.4918 0 14.4035 8.13798 
0 2.29689 0 0 0.954251 27.0208 0 
38.6749 21.9061 212.602 102.821 
54.824 54.824 75.6149 84.1332 
4.25964 97.4918 0 14.4035 8.13798 
0 2.29689 0 0 0.954251 27.0208 0 
38.6749 21.9061 212.602 102.821 
54.824 54.824 75.6149 84.1332 
4.25964 97.4918 0 14.4035 8.13798 
0 2.29689 0 0 0.954251 27.0208 0 
38.6749 21.9061 212.602 102.821 
54.824 54.824 75.6149 84.1332 
4.25964 97.4918 0 14.4035 8.13798 
0 2.29689 0 0 0.954251 27.0208 0 
Estimating row 215 out of 308 for hessian
38.6749 21.9061 212.602 102.821 
54.8241 54.8241 75.6153 84.1331 
4.25964 97.4919 0 14.4035 8.13798 
0 2.29689 0 0 0.954251 27.0208 0 
38.6749 21.9061 212.602 102.821 
54.8239 54.8239 75.6145 84.1332 
4.25964 97.4917 0 14.4035 8.13798 
0 2.29689 0 0 0.954251 27.0208 0 
38.6749 21.9061 212.602 102.821 
54.824 54.824 75.615 84.1332 
4.25964 97.4918 0 14.4035 8.13798 
0 2.29689 0 0 0.954251 27.0208 0 
38.6749 21.9061 212.602 102.821 
54.824 54.824 75.6149 84.1332 
4.25964 97.4918 0 14.4035 8.13798 
0 2.29689 0 0 0.954251 27.0208 0 
Estimating row 216 out of 308 for hessian
38.675 21.9061 212.603 102.821 
54.8238 54.8238 75.6147 84.1332 
4.25964 97.492 0 14.4035 8.13798 
0 2.29689 0 0 0.954251 27.0208 0 
38.6748 21.9062 212.602 102.821 
54.8243 54.8243 75.6151 84.1331 
4.25964 97.4916 0 14.4035 8.13798 
0 2.29689 0 0 0.954251 27.0208 0 
38.6749 21.9061 212.602 102.821 
54.824 54.824 75.6149 84.1332 
4.25964 97.4918 0 14.4035 8.13798 
0 2.29689 0 0 0.954251 27.0208 0 
38.6748 21.9061 212.602 102.821 
54.824 54.824 75.6149 84.1332 
4.25964 97.4918 0 14.4035 8.13798 
0 2.29689 0 0 0.954251 27.0208 0 
Estimating row 217 out of 308 for hessian
38.6749 21.906 212.602 102.822 
54.8248 54.8248 75.6162 84.1324 
4.25964 97.5002 0 14.4035 8.13798 
0 2.29689 0 0 0.954251 27.0208 0 
38.6749 21.9063 212.602 102.82 
54.8232 54.8232 75.6136 84.1339 
4.25964 97.4833 0 14.4035 8.13798 
0 2.29689 0 0 0.954251 27.0208 0 
38.6749 21.9061 212.602 102.821 
54.8241 54.8241 75.615 84.1331 
4.25964 97.4926 0 14.4035 8.13798 
0 2.29689 0 0 0.954251 27.0208 0 
38.6749 21.9062 212.602 102.821 
54.8239 54.8239 75.6148 84.1333 
4.25964 97.4909 0 14.4035 8.13798 
0 2.29689 0 0 0.954251 27.0208 0 
Estimating row 218 out of 308 for hessian
38.6749 21.9061 212.602 102.821 
54.8238 54.8238 75.6148 84.1332 
4.25964 97.4919 0 14.4035 8.13798 
0 2.29689 0 0 0.954256 27.0208 0 
38.6749 21.9061 212.602 102.821 
54.8242 54.8242 75.6151 84.1332 
4.25964 97.4916 0 14.4035 8.13798 
0 2.29689 0 0 0.954246 27.0208 0 
38.6749 21.9061 212.602 102.821 
54.824 54.824 75.6149 84.1332 
4.25964 97.4918 0 14.4035 8.13798 
0 2.29689 0 0 0.954251 27.0208 0 
38.6749 21.9061 212.602 102.821 
54.824 54.824 75.6149 84.1332 
4.25964 97.4918 0 14.4035 8.13798 
0 2.29689 0 0 0.95425 27.0208 0 
Estimating row 219 out of 308 for hessian
38.6749 21.9061 212.602 102.821 
54.8239 54.8239 75.6149 84.1332 
4.25964 97.4919 0 14.4035 8.13798 
0 2.29689 0 0 0.95424 27.0208 0 
38.6749 21.9061 212.602 102.821 
54.8241 54.8241 75.615 84.1332 
4.25964 97.4916 0 14.4035 8.13798 
0 2.29689 0 0 0.954262 27.0208 0 
38.6749 21.9061 212.602 102.821 
54.824 54.824 75.6149 84.1332 
4.25964 97.4918 0 14.4035 8.13798 
0 2.29689 0 0 0.95425 27.0208 0 
38.6749 21.9061 212.602 102.821 
54.824 54.824 75.6149 84.1332 
4.25964 97.4918 0 14.4035 8.13798 
0 2.29689 0 0 0.954252 27.0208 0 
Estimating row 220 out of 308 for hessian
38.6749 21.9061 212.602 102.821 
54.824 54.824 75.6148 84.1332 
4.25964 97.492 0 14.4035 8.13798 
0 2.29689 0 0 0.954259 27.0208 0 
38.6749 21.9061 212.602 102.821 
54.8241 54.8241 75.615 84.1331 
4.25964 97.4915 0 14.4035 8.13798 
0 2.29689 0 0 0.954243 27.0208 0 
38.6749 21.9061 212.602 102.821 
54.824 54.824 75.6149 84.1332 
4.25964 97.4918 0 14.4035 8.13798 
0 2.29689 0 0 0.954252 27.0208 0 
38.6749 21.9061 212.602 102.821 
54.824 54.824 75.6149 84.1332 
4.25964 97.4918 0 14.4035 8.13798 
0 2.29689 0 0 0.95425 27.0208 0 
Estimating row 221 out of 308 for hessian
38.6749 21.9061 212.602 102.821 
54.824 54.824 75.6148 84.1331 
4.25964 97.4918 0 14.4035 8.13798 
0 2.29689 0 0 0.95425 27.0208 0 
38.6749 21.9061 212.602 102.821 
54.824 54.824 75.615 84.1332 
4.25964 97.4918 0 14.4035 8.13798 
0 2.29689 0 0 0.954252 27.0208 0 
38.6749 21.9061 212.602 102.821 
54.824 54.824 75.6149 84.1332 
4.25964 97.4918 0 14.4035 8.13798 
0 2.29689 0 0 0.954251 27.0208 0 
38.6749 21.9061 212.602 102.821 
54.824 54.824 75.6149 84.1332 
4.25964 97.4918 0 14.4035 8.13798 
0 2.29689 0 0 0.954251 27.0208 0 
Estimating row 222 out of 308 for hessian
38.6749 21.9061 212.602 102.821 
54.824 54.824 75.6149 84.1332 
4.25964 97.4918 0 14.4035 8.13798 
0 2.29689 0 0 0.954252 27.0208 0 
38.6749 21.9061 212.602 102.821 
54.824 54.824 75.615 84.1331 
4.25964 97.4917 0 14.4035 8.13798 
0 2.29689 0 0 0.95425 27.0208 0 
38.6749 21.9061 212.602 102.821 
54.824 54.824 75.6149 84.1332 
4.25964 97.4918 0 14.4035 8.13798 
0 2.29689 0 0 0.954251 27.0208 0 
38.6749 21.9061 212.602 102.821 
54.824 54.824 75.6149 84.1332 
4.25964 97.4918 0 14.4035 8.13798 
0 2.29689 0 0 0.954251 27.0208 0 
Estimating row 223 out of 308 for hessian
38.6749 21.9061 212.602 102.821 
54.8239 54.8239 75.615 84.1333 
4.25964 97.4919 0 14.4035 8.13798 
0 2.29689 0 0 0.954249 27.0208 0 
38.6749 21.9061 212.602 102.821 
54.8241 54.8241 75.6148 84.1331 
4.25964 97.4916 0 14.4035 8.13798 
0 2.29689 0 0 0.954253 27.0208 0 
38.6749 21.9061 212.602 102.821 
54.824 54.824 75.6149 84.1332 
4.25964 97.4918 0 14.4035 8.13798 
0 2.29689 0 0 0.954251 27.0208 0 
38.6749 21.9061 212.602 102.821 
54.824 54.824 75.6149 84.1332 
4.25964 97.4918 0 14.4035 8.13798 
0 2.29689 0 0 0.954251 27.0208 0 
Estimating row 224 out of 308 for hessian
38.6749 21.9061 212.602 102.821 
54.8239 54.8239 75.615 84.1332 
4.25964 97.492 0 14.4035 8.13798 
0 2.29689 0 0 0.954257 27.0208 0 
38.6749 21.9061 212.602 102.821 
54.8241 54.8241 75.6149 84.1331 
4.25964 97.4915 0 14.4035 8.13798 
0 2.29689 0 0 0.954245 27.0208 0 
38.6749 21.9061 212.602 102.821 
54.824 54.824 75.6149 84.1332 
4.25964 97.4918 0 14.4035 8.13798 
0 2.29689 0 0 0.954251 27.0208 0 
38.6749 21.9061 212.602 102.821 
54.824 54.824 75.6149 84.1332 
4.25964 97.4918 0 14.4035 8.13798 
0 2.29689 0 0 0.95425 27.0208 0 
Estimating row 225 out of 308 for hessian
38.6749 21.9061 212.602 102.821 
54.8238 54.8238 75.6149 84.1332 
4.25964 97.492 0 14.4035 8.13798 
0 2.29689 0 0 0.954239 27.0208 0 
38.6749 21.9061 212.602 102.821 
54.8242 54.8242 75.6149 84.1331 
4.25964 97.4915 0 14.4035 8.13798 
0 2.29689 0 0 0.954263 27.0208 0 
38.6749 21.9061 212.602 102.821 
54.824 54.824 75.6149 84.1332 
4.25964 97.4918 0 14.4035 8.13798 
0 2.29689 0 0 0.95425 27.0208 0 
38.6749 21.9061 212.602 102.821 
54.824 54.824 75.6149 84.1332 
4.25964 97.4918 0 14.4035 8.13798 
0 2.29689 0 0 0.954252 27.0208 0 
Estimating row 226 out of 308 for hessian
38.6749 21.9061 212.602 102.821 
54.824 54.824 75.6149 84.1332 
4.25964 97.4918 0 14.4035 8.13798 
0 2.29689 0 0 0.954264 27.0208 0 
38.6749 21.9061 212.602 102.821 
54.824 54.824 75.6149 84.1332 
4.25964 97.4917 0 14.4035 8.13798 
0 2.29689 0 0 0.954237 27.0208 0 
38.6749 21.9061 212.602 102.821 
54.824 54.824 75.6149 84.1332 
4.25964 97.4918 0 14.4035 8.13798 
0 2.29689 0 0 0.954252 27.0208 0 
38.6749 21.9061 212.602 102.821 
54.824 54.824 75.6149 84.1332 
4.25964 97.4918 0 14.4035 8.13798 
0 2.29689 0 0 0.95425 27.0208 0 
Estimating row 227 out of 308 for hessian
38.6749 21.9061 212.602 102.821 
54.824 54.824 75.6147 84.1331 
4.25964 97.4919 0 14.4035 8.13798 
0 2.29689 0 0 0.954237 27.0208 0 
38.6749 21.9061 212.602 102.821 
54.824 54.824 75.6151 84.1333 
4.25964 97.4917 0 14.4035 8.13798 
0 2.29689 0 0 0.954265 27.0208 0 
38.6749 21.9061 212.602 102.821 
54.824 54.824 75.6149 84.1332 
4.25964 97.4918 0 14.4035 8.13798 
0 2.29689 0 0 0.95425 27.0208 0 
38.6749 21.9061 212.602 102.821 
54.824 54.824 75.6149 84.1332 
4.25964 97.4918 0 14.4035 8.13798 
0 2.29689 0 0 0.954252 27.0208 0 
Estimating row 228 out of 308 for hessian
38.6749 21.9061 212.602 102.821 
54.824 54.824 75.6149 84.1331 
4.25964 97.4916 0 14.4035 8.13798 
0 2.29689 0 0 0.954263 27.0208 0 
38.6749 21.9061 212.602 102.821 
54.824 54.824 75.6149 84.1332 
4.25964 97.492 0 14.4035 8.13798 
0 2.29689 0 0 0.954239 27.0208 0 
38.6749 21.9061 212.602 102.821 
54.824 54.824 75.6149 84.1332 
4.25964 97.4918 0 14.4035 8.13798 
0 2.29689 0 0 0.954252 27.0208 0 
38.6749 21.9061 212.602 102.821 
54.824 54.824 75.6149 84.1332 
4.25964 97.4918 0 14.4035 8.13798 
0 2.29689 0 0 0.95425 27.0208 0 
Estimating row 229 out of 308 for hessian
38.6749 21.9061 212.602 102.821 
54.824 54.824 75.6149 84.1331 
4.25964 97.4917 0 14.4035 8.13798 
0 2.29689 0 0 0.954242 27.0208 0 
38.6749 21.9061 212.602 102.821 
54.824 54.824 75.6149 84.1333 
4.25964 97.4918 0 14.4035 8.13798 
0 2.29689 0 0 0.95426 27.0208 0 
38.6749 21.9061 212.602 102.821 
54.824 54.824 75.6149 84.1332 
4.25964 97.4918 0 14.4035 8.13798 
0 2.29689 0 0 0.95425 27.0208 0 
38.6749 21.9061 212.602 102.821 
54.824 54.824 75.6149 84.1332 
4.25964 97.4918 0 14.4035 8.13798 
0 2.29689 0 0 0.954252 27.0208 0 
Estimating row 230 out of 308 for hessian
38.6749 21.9061 212.602 102.821 
54.824 54.824 75.615 84.1331 
4.25964 97.4919 0 14.4035 8.13798 
0 2.29689 0 0 0.954256 27.0208 0 
38.6749 21.9061 212.602 102.821 
54.824 54.824 75.6149 84.1332 
4.25964 97.4917 0 14.4035 8.13798 
0 2.29689 0 0 0.954246 27.0208 0 
38.6749 21.9061 212.602 102.821 
54.824 54.824 75.6149 84.1332 
4.25964 97.4918 0 14.4035 8.13798 
0 2.29689 0 0 0.954251 27.0208 0 
38.6749 21.9061 212.602 102.821 
54.824 54.824 75.6149 84.1332 
4.25964 97.4918 0 14.4035 8.13798 
0 2.29689 0 0 0.95425 27.0208 0 
Estimating row 231 out of 308 for hessian
38.6749 21.9061 212.602 102.821 
54.8241 54.8241 75.6149 84.1331 
4.25964 97.4918 0 14.4035 8.13798 
0 2.29689 0 0 0.954247 27.0208 0 
38.6749 21.9061 212.602 102.821 
54.8239 54.8239 75.615 84.1332 
4.25964 97.4917 0 14.4035 8.13798 
0 2.29689 0 0 0.954255 27.0208 0 
38.6749 21.9061 212.602 102.821 
54.824 54.824 75.6149 84.1332 
4.25964 97.4918 0 14.4035 8.13798 
0 2.29689 0 0 0.954251 27.0208 0 
38.6749 21.9061 212.602 102.821 
54.824 54.824 75.6149 84.1332 
4.25964 97.4918 0 14.4035 8.13798 
0 2.29689 0 0 0.954251 27.0208 0 
Estimating row 232 out of 308 for hessian
38.6749 21.9061 212.602 102.821 
54.824 54.824 75.6149 84.1331 
4.25964 97.4916 0 14.4035 8.13798 
0 2.29689 0 0 0.954254 27.0208 0 
38.6749 21.9061 212.602 102.821 
54.824 54.824 75.615 84.1332 
4.25964 97.4919 0 14.4035 8.13798 
0 2.29689 0 0 0.954247 27.0208 0 
38.6749 21.9061 212.602 102.821 
54.824 54.824 75.6149 84.1332 
4.25964 97.4918 0 14.4035 8.13798 
0 2.29689 0 0 0.954251 27.0208 0 
38.6749 21.9061 212.602 102.821 
54.824 54.824 75.6149 84.1332 
4.25964 97.4918 0 14.4035 8.13798 
0 2.29689 0 0 0.954251 27.0208 0 
Estimating row 233 out of 308 for hessian
38.6749 21.9061 212.602 102.821 
54.8239 54.8239 75.615 84.1332 
4.25964 97.4916 0 14.4035 8.13798 
0 2.29689 0 0 0.954246 27.0208 0 
38.6749 21.9061 212.602 102.821 
54.8241 54.8241 75.6149 84.1332 
4.25964 97.4919 0 14.4035 8.13798 
0 2.29689 0 0 0.954256 27.0208 0 
38.6749 21.9061 212.602 102.821 
54.824 54.824 75.6149 84.1332 
4.25964 97.4918 0 14.4035 8.13798 
0 2.29689 0 0 0.95425 27.0208 0 
38.6749 21.9061 212.602 102.821 
54.824 54.824 75.6149 84.1332 
4.25964 97.4918 0 14.4035 8.13798 
0 2.29689 0 0 0.954251 27.0208 0 
Estimating row 234 out of 308 for hessian
38.6749 21.9061 212.602 102.821 
54.8239 54.8239 75.6149 84.1331 
4.25964 97.4916 0 14.4035 8.13798 
0 2.29689 0 0 0.954259 27.0208 0 
38.6749 21.9062 212.602 102.821 
54.8242 54.8242 75.615 84.1333 
4.25964 97.4919 0 14.4035 8.13798 
0 2.29689 0 0 0.954242 27.0208 0 
38.6749 21.9061 212.602 102.821 
54.824 54.824 75.6149 84.1332 
4.25964 97.4918 0 14.4035 8.13798 
0 2.29689 0 0 0.954252 27.0208 0 
38.6749 21.9061 212.602 102.821 
54.824 54.824 75.6149 84.1332 
4.25964 97.4918 0 14.4035 8.13798 
0 2.29689 0 0 0.95425 27.0208 0 
Estimating row 235 out of 308 for hessian
38.6749 21.9061 212.602 102.821 
54.8241 54.8241 75.6148 84.1331 
4.25964 97.492 0 14.4035 8.13798 
0 2.29689 0 0 0.954247 27.0208 0 
38.6749 21.9061 212.602 102.821 
54.8239 54.8239 75.615 84.1332 
4.25964 97.4915 0 14.4035 8.13798 
0 2.29689 0 0 0.954254 27.0208 0 
38.6749 21.9061 212.602 102.821 
54.824 54.824 75.6149 84.1332 
4.25964 97.4918 0 14.4035 8.13798 
0 2.29689 0 0 0.954251 27.0208 0 
38.6749 21.9061 212.602 102.821 
54.824 54.824 75.6149 84.1332 
4.25964 97.4918 0 14.4035 8.13798 
0 2.29689 0 0 0.954251 27.0208 0 
Estimating row 236 out of 308 for hessian
38.6749 21.9061 212.602 102.821 
54.824 54.824 75.615 84.1332 
4.25964 97.4918 0 14.4035 8.13798 
0 2.29689 0 0 0.954245 27.0208 0 
38.6749 21.9061 212.602 102.821 
54.824 54.824 75.6149 84.1331 
4.25964 97.4918 0 14.4035 8.13798 
0 2.29689 0 0 0.954257 27.0208 0 
38.6749 21.9061 212.602 102.821 
54.824 54.824 75.6149 84.1332 
4.25964 97.4918 0 14.4035 8.13798 
0 2.29689 0 0 0.95425 27.0208 0 
38.6749 21.9061 212.602 102.821 
54.824 54.824 75.6149 84.1332 
4.25964 97.4918 0 14.4035 8.13798 
0 2.29689 0 0 0.954252 27.0208 0 
Estimating row 237 out of 308 for hessian
38.6749 21.9061 212.602 102.821 
54.8241 54.8241 75.615 84.1332 
4.25964 97.4918 0 14.4035 8.13798 
0 2.29689 0 0 0.954256 27.0208 0 
38.6749 21.9061 212.602 102.821 
54.824 54.824 75.6148 84.1331 
4.25964 97.4918 0 14.4035 8.13798 
0 2.29689 0 0 0.954246 27.0208 0 
38.6749 21.9061 212.602 102.821 
54.824 54.824 75.6149 84.1332 
4.25964 97.4918 0 14.4035 8.13798 
0 2.29689 0 0 0.954251 27.0208 0 
38.6749 21.9061 212.602 102.821 
54.824 54.824 75.6149 84.1332 
4.25964 97.4918 0 14.4035 8.13798 
0 2.29689 0 0 0.95425 27.0208 0 
Estimating row 238 out of 308 for hessian
38.6749 21.9061 212.602 102.821 
54.824 54.824 75.6149 84.1331 
4.25964 97.4919 0 14.4035 8.13798 
0 2.29689 0 0 0.954255 27.0208 0 
38.6749 21.9061 212.602 102.821 
54.824 54.824 75.6149 84.1332 
4.25964 97.4917 0 14.4035 8.13798 
0 2.29689 0 0 0.954247 27.0208 0 
38.6749 21.9061 212.602 102.821 
54.824 54.824 75.6149 84.1332 
4.25964 97.4918 0 14.4035 8.13798 
0 2.29689 0 0 0.954251 27.0208 0 
38.6749 21.9061 212.602 102.821 
54.824 54.824 75.6149 84.1332 
4.25964 97.4918 0 14.4035 8.13798 
0 2.29689 0 0 0.95425 27.0208 0 
Estimating row 239 out of 308 for hessian
38.6749 21.9061 212.602 102.821 
54.8241 54.8241 75.6148 84.1332 
4.25964 97.4919 0 14.4035 8.13798 
0 2.29689 0 0 0.954248 27.0208 0 
38.6749 21.9061 212.602 102.821 
54.824 54.824 75.615 84.1332 
4.25964 97.4916 0 14.4035 8.13798 
0 2.29689 0 0 0.954254 27.0208 0 
38.6749 21.9061 212.602 102.821 
54.824 54.824 75.6149 84.1332 
4.25964 97.4918 0 14.4035 8.13798 
0 2.29689 0 0 0.954251 27.0208 0 
38.6749 21.9061 212.602 102.821 
54.824 54.824 75.6149 84.1332 
4.25964 97.4918 0 14.4035 8.13798 
0 2.29689 0 0 0.954251 27.0208 0 
Estimating row 240 out of 308 for hessian
38.6749 21.9061 212.602 102.821 
54.8241 54.8241 75.6149 84.1331 
4.25964 97.4918 0 14.4035 8.13798 
0 2.29689 0 0 0.954249 27.0208 0 
38.6749 21.9061 212.602 102.821 
54.8239 54.8239 75.6149 84.1332 
4.25964 97.4918 0 14.4035 8.13798 
0 2.29689 0 0 0.954253 27.0208 0 
38.6749 21.9061 212.602 102.821 
54.824 54.824 75.6149 84.1332 
4.25964 97.4918 0 14.4035 8.13798 
0 2.29689 0 0 0.954251 27.0208 0 
38.6749 21.9061 212.602 102.821 
54.824 54.824 75.6149 84.1332 
4.25964 97.4918 0 14.4035 8.13798 
0 2.29689 0 0 0.954251 27.0208 0 
Estimating row 241 out of 308 for hessian
38.6749 21.9061 212.602 102.821 
54.824 54.824 75.6151 84.1333 
4.25964 97.4917 0 14.4035 8.13798 
0 2.29689 0 0 0.954252 27.0208 0 
38.6749 21.9061 212.602 102.821 
54.8241 54.8241 75.6148 84.1331 
4.25964 97.4918 0 14.4035 8.13798 
0 2.29689 0 0 0.954249 27.0208 0 
38.6749 21.9061 212.602 102.821 
54.824 54.824 75.6149 84.1332 
4.25964 97.4918 0 14.4035 8.13798 
0 2.29689 0 0 0.954251 27.0208 0 
38.6749 21.9061 212.602 102.821 
54.824 54.824 75.6149 84.1332 
4.25964 97.4918 0 14.4035 8.13798 
0 2.29689 0 0 0.954251 27.0208 0 
Estimating row 242 out of 308 for hessian
38.6749 21.9061 212.602 102.821 
54.8241 54.8241 75.6149 84.1331 
4.25964 97.4919 0 14.4035 8.13798 
0 2.29689 0 0 0.954249 27.0208 0 
38.6749 21.9061 212.602 102.821 
54.824 54.824 75.6149 84.1332 
4.25964 97.4917 0 14.4035 8.13798 
0 2.29689 0 0 0.954253 27.0208 0 
38.6749 21.9061 212.602 102.821 
54.824 54.824 75.6149 84.1332 
4.25964 97.4918 0 14.4035 8.13798 
0 2.29689 0 0 0.954251 27.0208 0 
38.6749 21.9061 212.602 102.821 
54.824 54.824 75.6149 84.1332 
4.25964 97.4918 0 14.4035 8.13798 
0 2.29689 0 0 0.954251 27.0208 0 
Estimating row 243 out of 308 for hessian
38.6749 21.9061 212.602 102.821 
54.824 54.824 75.6149 84.1332 
4.25964 97.4918 0 14.4035 8.13798 
0 2.29689 0 0 0.954255 27.0208 0 
38.6749 21.9061 212.602 102.821 
54.824 54.824 75.6149 84.1332 
4.25964 97.4918 0 14.4035 8.13798 
0 2.29689 0 0 0.954247 27.0208 0 
38.6749 21.9061 212.602 102.821 
54.824 54.824 75.6149 84.1332 
4.25964 97.4918 0 14.4035 8.13798 
0 2.29689 0 0 0.954251 27.0208 0 
38.6749 21.9061 212.602 102.821 
54.824 54.824 75.6149 84.1332 
4.25964 97.4918 0 14.4035 8.13798 
0 2.29689 0 0 0.95425 27.0208 0 
Estimating row 244 out of 308 for hessian
38.6749 21.9061 212.602 102.821 
54.824 54.824 75.6149 84.1332 
4.25964 97.4917 0 14.4035 8.13798 
0 2.29689 0 0 0.954248 27.0208 0 
38.6749 21.9061 212.602 102.821 
54.8241 54.8241 75.6149 84.1332 
4.25964 97.4918 0 14.4035 8.13798 
0 2.29689 0 0 0.954253 27.0208 0 
38.6749 21.9061 212.602 102.821 
54.824 54.824 75.6149 84.1332 
4.25964 97.4918 0 14.4035 8.13798 
0 2.29689 0 0 0.954251 27.0208 0 
38.6749 21.9061 212.602 102.821 
54.824 54.824 75.6149 84.1332 
4.25964 97.4918 0 14.4035 8.13798 
0 2.29689 0 0 0.954251 27.0208 0 
Estimating row 245 out of 308 for hessian
38.6749 21.9061 212.602 102.821 
54.8241 54.8241 75.6149 84.1331 
4.25964 97.4918 0 14.4035 8.13798 
0 2.29689 0 0 0.954256 27.0208 0 
38.6749 21.9061 212.602 102.821 
54.8239 54.8239 75.615 84.1332 
4.25964 97.4918 0 14.4035 8.13798 
0 2.29689 0 0 0.954246 27.0208 0 
38.6749 21.9061 212.602 102.821 
54.824 54.824 75.6149 84.1332 
4.25964 97.4918 0 14.4035 8.13798 
0 2.29689 0 0 0.954251 27.0208 0 
38.6749 21.9061 212.602 102.821 
54.824 54.824 75.6149 84.1332 
4.25964 97.4918 0 14.4035 8.13798 
0 2.29689 0 0 0.95425 27.0208 0 
Estimating row 246 out of 308 for hessian
38.6749 21.9061 212.602 102.821 
54.8241 54.8241 75.6149 84.1332 
4.25964 97.4917 0 14.4035 8.13798 
0 2.29689 0 0 0.954245 27.0208 0 
38.6749 21.9061 212.602 102.821 
54.824 54.824 75.6149 84.1332 
4.25964 97.4919 0 14.4035 8.13798 
0 2.29689 0 0 0.954257 27.0208 0 
38.6749 21.9061 212.602 102.821 
54.824 54.824 75.6149 84.1332 
4.25964 97.4918 0 14.4035 8.13798 
0 2.29689 0 0 0.95425 27.0208 0 
38.6749 21.9061 212.602 102.821 
54.824 54.824 75.6149 84.1332 
4.25964 97.4918 0 14.4035 8.13798 
0 2.29689 0 0 0.954251 27.0208 0 
Estimating row 247 out of 308 for hessian
38.6749 21.9061 212.602 102.821 
54.8239 54.8239 75.6151 84.1332 
4.25964 97.4915 0 14.4035 8.13798 
0 2.29689 0 0 0.954251 27.0208 0 
38.6749 21.9061 212.602 102.821 
54.8241 54.8241 75.6147 84.1332 
4.25964 97.492 0 14.4035 8.13798 
0 2.29689 0 0 0.954251 27.0208 0 
38.6749 21.9061 212.602 102.821 
54.824 54.824 75.6149 84.1332 
4.25964 97.4917 0 14.4035 8.13798 
0 2.29689 0 0 0.954251 27.0208 0 
38.6749 21.9061 212.602 102.821 
54.824 54.824 75.6149 84.1332 
4.25964 97.4918 0 14.4035 8.13798 
0 2.29689 0 0 0.954251 27.0208 0 
Estimating row 248 out of 308 for hessian
38.6749 21.9061 212.602 102.821 
54.824 54.824 75.615 84.1332 
4.25964 97.4918 0 14.4035 8.13798 
0 2.29689 0 0 0.954253 27.0208 0 
38.6749 21.9061 212.602 102.821 
54.8241 54.8241 75.6148 84.1331 
4.25964 97.4918 0 14.4035 8.13798 
0 2.29689 0 0 0.954249 27.0208 0 
38.6749 21.9061 212.602 102.821 
54.824 54.824 75.6149 84.1332 
4.25964 97.4918 0 14.4035 8.13798 
0 2.29689 0 0 0.954251 27.0208 0 
38.6749 21.9061 212.602 102.821 
54.824 54.824 75.6149 84.1332 
4.25964 97.4918 0 14.4035 8.13798 
0 2.29689 0 0 0.954251 27.0208 0 
Estimating row 249 out of 308 for hessian
38.6749 21.9061 212.602 102.821 
54.824 54.824 75.615 84.1331 
4.25964 97.4918 0 14.4035 8.13798 
0 2.29689 0 0 0.954253 27.0208 0 
38.6749 21.9061 212.602 102.821 
54.824 54.824 75.6148 84.1333 
4.25964 97.4917 0 14.4035 8.13798 
0 2.29689 0 0 0.954248 27.0208 0 
38.6749 21.9061 212.602 102.821 
54.824 54.824 75.6149 84.1332 
4.25964 97.4918 0 14.4035 8.13798 
0 2.29689 0 0 0.954251 27.0208 0 
38.6749 21.9061 212.602 102.821 
54.824 54.824 75.6149 84.1332 
4.25964 97.4918 0 14.4035 8.13798 
0 2.29689 0 0 0.954251 27.0208 0 
Estimating row 250 out of 308 for hessian
38.6749 21.9061 212.602 102.821 
54.824 54.824 75.615 84.1331 
4.25964 97.4918 0 14.4035 8.13798 
0 2.29689 0 0 0.954247 27.0208 0 
38.6749 21.9061 212.602 102.821 
54.824 54.824 75.6148 84.1332 
4.25964 97.4918 0 14.4035 8.13798 
0 2.29689 0 0 0.954254 27.0208 0 
38.6749 21.9061 212.602 102.821 
54.824 54.824 75.6149 84.1332 
4.25964 97.4918 0 14.4035 8.13798 
0 2.29689 0 0 0.954251 27.0208 0 
38.6749 21.9061 212.602 102.821 
54.824 54.824 75.6149 84.1332 
4.25964 97.4918 0 14.4035 8.13798 
0 2.29689 0 0 0.954251 27.0208 0 
Estimating row 251 out of 308 for hessian
38.6749 21.9061 212.602 102.821 
54.824 54.824 75.615 84.1332 
4.25964 97.4917 0 14.4035 8.13798 
0 2.29689 0 0 0.954256 27.0208 0 
38.6749 21.9061 212.602 102.821 
54.824 54.824 75.6148 84.1331 
4.25964 97.4919 0 14.4035 8.13798 
0 2.29689 0 0 0.954246 27.0208 0 
38.6749 21.9061 212.602 102.821 
54.824 54.824 75.6149 84.1332 
4.25964 97.4918 0 14.4035 8.13798 
0 2.29689 0 0 0.954251 27.0208 0 
38.6749 21.9061 212.602 102.821 
54.824 54.824 75.6149 84.1332 
4.25964 97.4918 0 14.4035 8.13798 
0 2.29689 0 0 0.95425 27.0208 0 
Estimating row 252 out of 308 for hessian
38.6749 21.9061 212.602 102.821 
54.824 54.824 75.615 84.1332 
4.25964 97.4917 0 14.4035 8.13798 
0 2.29689 0 0 0.954248 27.0208 0 
38.6749 21.9061 212.602 102.821 
54.824 54.824 75.6148 84.1332 
4.25964 97.4918 0 14.4035 8.13798 
0 2.29689 0 0 0.954254 27.0208 0 
38.6749 21.9061 212.602 102.821 
54.824 54.824 75.6149 84.1332 
4.25964 97.4918 0 14.4035 8.13798 
0 2.29689 0 0 0.954251 27.0208 0 
38.6749 21.9061 212.602 102.821 
54.824 54.824 75.6149 84.1332 
4.25964 97.4918 0 14.4035 8.13798 
0 2.29689 0 0 0.954251 27.0208 0 
Estimating row 253 out of 308 for hessian
38.6749 21.9061 212.602 102.821 
54.8241 54.8241 75.6149 84.1332 
4.25964 97.4916 0 14.4035 8.13798 
0 2.29689 0 0 0.954247 27.0208 0 
38.6749 21.9061 212.602 102.821 
54.8239 54.8239 75.6149 84.1332 
4.25964 97.492 0 14.4035 8.13798 
0 2.29689 0 0 0.954255 27.0208 0 
38.6749 21.9061 212.602 102.821 
54.824 54.824 75.6149 84.1332 
4.25964 97.4918 0 14.4035 8.13798 
0 2.29689 0 0 0.95425 27.0208 0 
38.6749 21.9061 212.602 102.821 
54.824 54.824 75.6149 84.1332 
4.25964 97.4918 0 14.4035 8.13798 
0 2.29689 0 0 0.954251 27.0208 0 
Estimating row 254 out of 308 for hessian
38.6749 21.9061 212.602 102.821 
54.824 54.824 75.615 84.1333 
4.25964 97.4916 0 14.4035 8.13798 
0 2.29689 0 0 0.954256 27.0208 0 
38.6749 21.9061 212.602 102.821 
54.824 54.824 75.6148 84.1331 
4.25964 97.4919 0 14.4035 8.13798 
0 2.29689 0 0 0.954246 27.0208 0 
38.6749 21.9061 212.602 102.821 
54.824 54.824 75.6149 84.1332 
4.25964 97.4918 0 14.4035 8.13798 
0 2.29689 0 0 0.954251 27.0208 0 
38.6749 21.9061 212.602 102.821 
54.824 54.824 75.6149 84.1332 
4.25964 97.4918 0 14.4035 8.13798 
0 2.29689 0 0 0.95425 27.0208 0 
Estimating row 255 out of 308 for hessian
38.6749 21.9061 212.602 102.821 
54.824 54.824 75.615 84.1333 
4.25964 97.4918 0 14.4035 8.13798 
0 2.29689 0 0 0.954242 27.0208 0 
38.6749 21.9061 212.602 102.821 
54.824 54.824 75.6148 84.1331 
4.25964 97.4918 0 14.4035 8.13798 
0 2.29689 0 0 0.954259 27.0208 0 
38.6749 21.9061 212.602 102.821 
54.824 54.824 75.6149 84.1332 
4.25964 97.4918 0 14.4035 8.13798 
0 2.29689 0 0 0.95425 27.0208 0 
38.6749 21.9061 212.602 102.821 
54.824 54.824 75.6149 84.1332 
4.25964 97.4918 0 14.4035 8.13798 
0 2.29689 0 0 0.954252 27.0208 0 
Estimating row 256 out of 308 for hessian
38.6749 21.9061 212.602 102.821 
54.8239 54.8239 75.6149 84.1332 
4.25964 97.4918 0 14.4035 8.13798 
0 2.29689 0 0 0.954265 27.0208 0 
38.6749 21.9062 212.602 102.821 
54.8241 54.8241 75.6149 84.1332 
4.25964 97.4918 0 14.4035 8.13798 
0 2.29689 0 0 0.954237 27.0208 0 
38.6749 21.9061 212.602 102.821 
54.824 54.824 75.6149 84.1332 
4.25964 97.4918 0 14.4035 8.13798 
0 2.29689 0 0 0.954252 27.0208 0 
38.6749 21.9061 212.602 102.821 
54.824 54.824 75.6149 84.1332 
4.25964 97.4918 0 14.4035 8.13798 
0 2.29689 0 0 0.95425 27.0208 0 
Estimating row 257 out of 308 for hessian
38.6749 21.9061 212.602 102.821 
54.8247 54.8247 75.6147 84.1332 
4.25964 97.4913 0 14.4035 8.13798 
0 2.29689 0 0 0.954244 27.0208 0 
38.6749 21.9061 212.602 102.821 
54.8234 54.8234 75.6151 84.1331 
4.25964 97.4923 0 14.4035 8.13798 
0 2.29689 0 0 0.954258 27.0208 0 
38.6749 21.9061 212.602 102.821 
54.8241 54.8241 75.6149 84.1332 
4.25964 97.4917 0 14.4035 8.13798 
0 2.29689 0 0 0.95425 27.0208 0 
38.6749 21.9061 212.602 102.821 
54.8239 54.8239 75.6149 84.1332 
4.25964 97.4918 0 14.4035 8.13798 
0 2.29689 0 0 0.954252 27.0208 0 
Estimating row 258 out of 308 for hessian
38.6749 21.9067 212.602 102.817 
54.8237 54.8237 75.612 84.1396 
4.25964 97.4782 0 14.4035 8.13798 
0 2.29689 0 0 0.954251 27.0208 0 
38.6749 21.9056 212.602 102.824 
54.8244 54.8244 75.6178 84.1267 
4.25964 97.5054 0 14.4035 8.13798 
0 2.29689 0 0 0.954251 27.0208 0 
38.6749 21.9062 212.602 102.821 
54.824 54.824 75.6146 84.1338 
4.25964 97.4904 0 14.4035 8.13798 
0 2.29689 0 0 0.954251 27.0208 0 
38.6749 21.9061 212.602 102.821 
54.824 54.824 75.6152 84.1325 
4.25964 97.4931 0 14.4035 8.13798 
0 2.29689 0 0 0.954251 27.0208 0 
Estimating row 259 out of 308 for hessian
38.6749 21.9064 212.602 102.82 
54.8221 54.8221 75.6102 84.1349 
4.25964 97.4959 0 14.4035 8.13798 
0 2.29689 0 0 0.954251 27.0208 0 
38.6749 21.9059 212.602 102.822 
54.8259 54.8259 75.6196 84.1315 
4.25964 97.4876 0 14.4035 8.13798 
0 2.29689 0 0 0.954251 27.0208 0 
38.6749 21.9062 212.602 102.821 
54.8238 54.8238 75.6144 84.1333 
4.25964 97.4922 0 14.4035 8.13798 
0 2.29689 0 0 0.954251 27.0208 0 
38.6749 21.9061 212.602 102.821 
54.8242 54.8242 75.6154 84.133 
4.25964 97.4914 0 14.4035 8.13798 
0 2.29689 0 0 0.954251 27.0208 0 
Estimating row 260 out of 308 for hessian
38.6749 21.9061 212.602 102.821 
54.8241 54.8241 75.6158 84.1373 
4.25964 97.4911 0 14.4035 8.13798 
0 2.29689 0 0 0.954251 27.0208 0 
38.6749 21.9061 212.602 102.821 
54.8239 54.8239 75.614 84.129 
4.25964 97.4924 0 14.4035 8.13798 
0 2.29689 0 0 0.954251 27.0208 0 
38.6749 21.9061 212.602 102.821 
54.824 54.824 75.615 84.1336 
4.25964 97.4917 0 14.4035 8.13798 
0 2.29689 0 0 0.954251 27.0208 0 
38.6749 21.9061 212.602 102.821 
54.824 54.824 75.6148 84.1328 
4.25964 97.4918 0 14.4035 8.13798 
0 2.29689 0 0 0.954251 27.0208 0 
Estimating row 261 out of 308 for hessian
38.6749 21.9062 212.602 102.821 
54.8239 54.8239 75.6094 84.1341 
4.25964 97.4921 0 14.4035 8.13798 
0 2.29689 0 0 0.954251 27.0208 0 
38.6749 21.906 212.602 102.821 
54.8241 54.8241 75.6204 84.1322 
4.25964 97.4915 0 14.4035 8.13798 
0 2.29689 0 0 0.954251 27.0208 0 
38.6749 21.9061 212.602 102.821 
54.824 54.824 75.6144 84.1333 
4.25964 97.4918 0 14.4035 8.13798 
0 2.29689 0 0 0.954251 27.0208 0 
38.6749 21.9061 212.602 102.821 
54.824 54.824 75.6155 84.1331 
4.25964 97.4917 0 14.4035 8.13798 
0 2.29689 0 0 0.954251 27.0208 0 
Estimating row 262 out of 308 for hessian
38.6749 21.9061 212.602 102.821 
54.8241 54.8241 75.6151 84.1328 
4.25964 97.4944 0 14.4035 8.13798 
0 2.29689 0 0 0.954251 27.0208 0 
38.6749 21.9062 212.602 102.821 
54.8239 54.8239 75.6147 84.1335 
4.25964 97.4892 0 14.4035 8.13798 
0 2.29689 0 0 0.954251 27.0208 0 
38.6749 21.9061 212.602 102.821 
54.824 54.824 75.6149 84.1331 
4.25964 97.492 0 14.4035 8.13798 
0 2.29689 0 0 0.954251 27.0208 0 
38.6749 21.9061 212.602 102.821 
54.824 54.824 75.6149 84.1332 
4.25964 97.4915 0 14.4035 8.13798 
0 2.29689 0 0 0.954251 27.0208 0 
Estimating row 263 out of 308 for hessian
38.6749 21.9061 212.602 102.821 
54.824 54.824 75.6149 84.1332 
4.25964 97.4918 0 14.4035 8.13798 
0 2.29689 0 0 0.954251 27.0208 0 
38.6749 21.9061 212.602 102.821 
54.824 54.824 75.6149 84.1332 
4.25964 97.4918 0 14.4035 8.13798 
0 2.29689 0 0 0.954251 27.0208 0 
38.6749 21.9061 212.602 102.821 
54.824 54.824 75.6149 84.1332 
4.25964 97.4918 0 14.4035 8.13798 
0 2.29689 0 0 0.954251 27.0208 0 
38.6749 21.9061 212.602 102.821 
54.824 54.824 75.6149 84.1332 
4.25964 97.4918 0 14.4035 8.13798 
0 2.29689 0 0 0.954251 27.0208 0 
Estimating row 264 out of 308 for hessian
38.6749 21.9061 212.602 102.821 
54.824 54.824 75.6149 84.1332 
4.25964 97.4918 0 14.4035 8.13798 
0 2.29689 0 0 0.954251 27.0208 0 
38.6749 21.9061 212.602 102.821 
54.824 54.824 75.6149 84.1332 
4.25964 97.4918 0 14.4035 8.13798 
0 2.29689 0 0 0.954251 27.0208 0 
38.6749 21.9061 212.602 102.821 
54.824 54.824 75.6149 84.1332 
4.25964 97.4918 0 14.4035 8.13798 
0 2.29689 0 0 0.954251 27.0208 0 
38.6749 21.9061 212.602 102.821 
54.824 54.824 75.6149 84.1332 
4.25964 97.4918 0 14.4035 8.13798 
0 2.29689 0 0 0.954251 27.0208 0 
Estimating row 265 out of 308 for hessian
38.6749 21.9061 212.602 102.821 
54.824 54.824 75.6149 84.1332 
4.25964 97.4918 0 14.4035 8.13798 
0 2.29689 0 0 0.954251 27.0208 0 
38.6749 21.9061 212.602 102.821 
54.824 54.824 75.6149 84.1332 
4.25964 97.4918 0 14.4035 8.13798 
0 2.29689 0 0 0.954251 27.0208 0 
38.6749 21.9061 212.602 102.821 
54.824 54.824 75.6149 84.1332 
4.25964 97.4918 0 14.4035 8.13798 
0 2.29689 0 0 0.954251 27.0208 0 
38.6749 21.9061 212.602 102.821 
54.824 54.824 75.6149 84.1332 
4.25964 97.4918 0 14.4035 8.13798 
0 2.29689 0 0 0.954251 27.0208 0 
Estimating row 266 out of 308 for hessian
38.6749 21.9061 212.602 102.821 
54.824 54.824 75.6149 84.1332 
4.25964 97.4918 0 14.4035 8.13798 
0 2.29689 0 0 0.954251 27.0208 0 
38.6749 21.9061 212.602 102.821 
54.824 54.824 75.6149 84.1332 
4.25964 97.4918 0 14.4035 8.13798 
0 2.29689 0 0 0.954251 27.0208 0 
38.6749 21.9061 212.602 102.821 
54.824 54.824 75.6149 84.1332 
4.25964 97.4918 0 14.4035 8.13798 
0 2.29689 0 0 0.954251 27.0208 0 
38.6749 21.9061 212.602 102.821 
54.824 54.824 75.6149 84.1332 
4.25964 97.4918 0 14.4035 8.13798 
0 2.29689 0 0 0.954251 27.0208 0 
Estimating row 267 out of 308 for hessian
38.6749 21.9061 212.602 102.821 
54.824 54.824 75.6149 84.1332 
4.25964 97.4918 0 14.4035 8.13798 
0 2.29689 0 0 0.954251 27.0208 0 
38.6749 21.9061 212.602 102.821 
54.824 54.824 75.6149 84.1332 
4.25964 97.4918 0 14.4035 8.13798 
0 2.29689 0 0 0.954251 27.0208 0 
38.6749 21.9061 212.602 102.821 
54.824 54.824 75.6149 84.1332 
4.25964 97.4918 0 14.4035 8.13798 
0 2.29689 0 0 0.954251 27.0208 0 
38.6749 21.9061 212.602 102.821 
54.824 54.824 75.6149 84.1332 
4.25964 97.4918 0 14.4035 8.13798 
0 2.29689 0 0 0.954251 27.0208 0 
Estimating row 268 out of 308 for hessian
38.6749 21.9061 212.602 102.821 
54.824 54.824 75.6149 84.1332 
4.25964 97.4918 0 14.4035 8.13798 
0 2.29689 0 0 0.954251 27.0208 0 
38.6749 21.9061 212.602 102.821 
54.824 54.824 75.6149 84.1332 
4.25964 97.4918 0 14.4035 8.13798 
0 2.29689 0 0 0.954251 27.0208 0 
38.6749 21.9061 212.602 102.821 
54.824 54.824 75.6149 84.1332 
4.25964 97.4918 0 14.4035 8.13798 
0 2.29689 0 0 0.954251 27.0208 0 
38.6749 21.9061 212.602 102.821 
54.824 54.824 75.6149 84.1332 
4.25964 97.4918 0 14.4035 8.13798 
0 2.29689 0 0 0.954251 27.0208 0 
Estimating row 269 out of 308 for hessian
38.6749 21.9061 212.602 102.821 
54.824 54.824 75.6149 84.1332 
4.25964 97.4918 0 14.4035 8.13798 
0 2.29689 0 0 0.954251 27.0208 0 
38.6749 21.9061 212.602 102.821 
54.824 54.824 75.6149 84.1332 
4.25964 97.4918 0 14.4035 8.13798 
0 2.29689 0 0 0.954251 27.0208 0 
38.6749 21.9061 212.602 102.821 
54.824 54.824 75.6149 84.1332 
4.25964 97.4918 0 14.4035 8.13798 
0 2.29689 0 0 0.954251 27.0208 0 
38.6749 21.9061 212.602 102.821 
54.824 54.824 75.6149 84.1332 
4.25964 97.4918 0 14.4035 8.13798 
0 2.29689 0 0 0.954251 27.0208 0 
Estimating row 270 out of 308 for hessian
38.6749 21.9061 212.602 102.821 
54.824 54.824 75.6149 84.1332 
4.25964 97.4918 0 14.4035 8.13798 
0 2.29689 0 0 0.954251 27.0208 0 
38.6749 21.9061 212.602 102.821 
54.824 54.824 75.6149 84.1332 
4.25964 97.4918 0 14.4035 8.13798 
0 2.29689 0 0 0.954251 27.0208 0 
38.6749 21.9061 212.602 102.821 
54.824 54.824 75.6149 84.1332 
4.25964 97.4918 0 14.4035 8.13798 
0 2.29689 0 0 0.954251 27.0208 0 
38.6749 21.9061 212.602 102.821 
54.824 54.824 75.6149 84.1332 
4.25964 97.4918 0 14.4035 8.13798 
0 2.29689 0 0 0.954251 27.0208 0 
Estimating row 271 out of 308 for hessian
38.6749 21.9061 212.602 102.821 
54.824 54.824 75.6149 84.1332 
4.25964 97.4918 0 14.4035 8.13798 
0 2.29689 0 0 0.954251 27.0208 0 
38.6749 21.9061 212.602 102.821 
54.824 54.824 75.6149 84.1332 
4.25964 97.4918 0 14.4035 8.13798 
0 2.29689 0 0 0.954251 27.0208 0 
38.6749 21.9061 212.602 102.821 
54.824 54.824 75.6149 84.1332 
4.25964 97.4918 0 14.4035 8.13798 
0 2.29689 0 0 0.954251 27.0208 0 
38.6749 21.9061 212.602 102.821 
54.824 54.824 75.6149 84.1332 
4.25964 97.4918 0 14.4035 8.13798 
0 2.29689 0 0 0.954251 27.0208 0 
Estimating row 272 out of 308 for hessian
38.6749 21.9061 212.602 102.821 
54.824 54.824 75.6149 84.1332 
4.25964 97.4918 0 14.4035 8.13798 
0 2.29689 0 0 0.954251 27.0208 0 
38.6749 21.9061 212.602 102.821 
54.824 54.824 75.6149 84.1332 
4.25964 97.4918 0 14.4035 8.13798 
0 2.29689 0 0 0.954251 27.0208 0 
38.6749 21.9061 212.602 102.821 
54.824 54.824 75.6149 84.1332 
4.25964 97.4918 0 14.4035 8.13798 
0 2.29689 0 0 0.954251 27.0208 0 
38.6749 21.9061 212.602 102.821 
54.824 54.824 75.6149 84.1332 
4.25964 97.4918 0 14.4035 8.13798 
0 2.29689 0 0 0.954251 27.0208 0 
Estimating row 273 out of 308 for hessian
38.6749 21.9061 212.602 102.821 
54.824 54.824 75.6149 84.1332 
4.25964 97.4918 0 14.4035 8.13798 
0 2.29689 0 0 0.954251 27.0208 0 
38.6749 21.9061 212.602 102.821 
54.824 54.824 75.6149 84.1332 
4.25964 97.4918 0 14.4035 8.13798 
0 2.29689 0 0 0.954251 27.0208 0 
38.6749 21.9061 212.602 102.821 
54.824 54.824 75.6149 84.1332 
4.25964 97.4918 0 14.4035 8.13798 
0 2.29689 0 0 0.954251 27.0208 0 
38.6749 21.9061 212.602 102.821 
54.824 54.824 75.6149 84.1332 
4.25964 97.4918 0 14.4035 8.13798 
0 2.29689 0 0 0.954251 27.0208 0 
Estimating row 274 out of 308 for hessian
38.6749 21.9061 212.602 102.821 
54.824 54.824 75.6149 84.1332 
4.25964 97.4918 0 14.4035 8.13798 
0 2.29689 0 0 0.954251 27.0208 0 
38.6749 21.9061 212.602 102.821 
54.824 54.824 75.6149 84.1332 
4.25964 97.4918 0 14.4035 8.13798 
0 2.29689 0 0 0.954251 27.0208 0 
38.6749 21.9061 212.602 102.821 
54.824 54.824 75.6149 84.1332 
4.25964 97.4918 0 14.4035 8.13798 
0 2.29689 0 0 0.954251 27.0208 0 
38.6749 21.9061 212.602 102.821 
54.824 54.824 75.6149 84.1332 
4.25964 97.4918 0 14.4035 8.13798 
0 2.29689 0 0 0.954251 27.0208 0 
Estimating row 275 out of 308 for hessian
38.6749 21.9061 212.602 102.821 
54.824 54.824 75.6149 84.1332 
4.25964 97.4918 0 14.4035 8.13798 
0 2.29689 0 0 0.954251 27.0208 0 
38.6749 21.9061 212.602 102.821 
54.824 54.824 75.6149 84.1332 
4.25964 97.4918 0 14.4035 8.13798 
0 2.29689 0 0 0.954251 27.0208 0 
38.6749 21.9061 212.602 102.821 
54.824 54.824 75.6149 84.1332 
4.25964 97.4918 0 14.4035 8.13798 
0 2.29689 0 0 0.954251 27.0208 0 
38.6749 21.9061 212.602 102.821 
54.824 54.824 75.6149 84.1332 
4.25964 97.4918 0 14.4035 8.13798 
0 2.29689 0 0 0.954251 27.0208 0 
Estimating row 276 out of 308 for hessian
38.6749 21.9061 212.602 102.821 
54.824 54.824 75.6149 84.1332 
4.25964 97.4918 0 14.4035 8.13798 
0 2.29689 0 0 0.954251 27.0208 0 
38.6749 21.9061 212.602 102.821 
54.824 54.824 75.6149 84.1332 
4.25964 97.4918 0 14.4035 8.13798 
0 2.29689 0 0 0.954251 27.0208 0 
38.6749 21.9061 212.602 102.821 
54.824 54.824 75.6149 84.1332 
4.25964 97.4918 0 14.4035 8.13798 
0 2.29689 0 0 0.954251 27.0208 0 
38.6749 21.9061 212.602 102.821 
54.824 54.824 75.6149 84.1332 
4.25964 97.4918 0 14.4035 8.13798 
0 2.29689 0 0 0.954251 27.0208 0 
Estimating row 277 out of 308 for hessian
38.6749 21.9061 212.602 102.821 
54.824 54.824 75.6149 84.1332 
4.25964 97.4918 0 14.4035 8.13798 
0 2.29689 0 0 0.954251 27.0208 0 
38.6749 21.9061 212.602 102.821 
54.824 54.824 75.6149 84.1332 
4.25964 97.4918 0 14.4035 8.13798 
0 2.29689 0 0 0.954251 27.0208 0 
38.6749 21.9061 212.602 102.821 
54.824 54.824 75.6149 84.1332 
4.25964 97.4918 0 14.4035 8.13798 
0 2.29689 0 0 0.954251 27.0208 0 
38.6749 21.9061 212.602 102.821 
54.824 54.824 75.6149 84.1332 
4.25964 97.4918 0 14.4035 8.13798 
0 2.29689 0 0 0.954251 27.0208 0 
Estimating row 278 out of 308 for hessian
38.6749 21.9061 212.602 102.821 
54.824 54.824 75.6149 84.1332 
4.25964 97.4918 0 14.4035 8.13798 
0 2.29689 0 0 0.954251 27.0208 0 
38.6749 21.9061 212.602 102.821 
54.824 54.824 75.6149 84.1332 
4.25964 97.4918 0 14.4035 8.13798 
0 2.29689 0 0 0.954251 27.0208 0 
38.6749 21.9061 212.602 102.821 
54.824 54.824 75.6149 84.1332 
4.25964 97.4918 0 14.4035 8.13798 
0 2.29689 0 0 0.954251 27.0208 0 
38.6749 21.9061 212.602 102.821 
54.824 54.824 75.6149 84.1332 
4.25964 97.4918 0 14.4035 8.13798 
0 2.29689 0 0 0.954251 27.0208 0 
Estimating row 279 out of 308 for hessian
38.6749 21.9061 212.602 102.821 
54.824 54.824 75.6149 84.1332 
4.25964 97.4918 0 14.4035 8.13798 
0 2.29689 0 0 0.954251 27.0208 0 
38.6749 21.9061 212.602 102.821 
54.824 54.824 75.6149 84.1332 
4.25964 97.4918 0 14.4035 8.13798 
0 2.29689 0 0 0.954251 27.0208 0 
38.6749 21.9061 212.602 102.821 
54.824 54.824 75.6149 84.1332 
4.25964 97.4918 0 14.4035 8.13798 
0 2.29689 0 0 0.954251 27.0208 0 
38.6749 21.9061 212.602 102.821 
54.824 54.824 75.6149 84.1332 
4.25964 97.4918 0 14.4035 8.13798 
0 2.29689 0 0 0.954251 27.0208 0 
Estimating row 280 out of 308 for hessian
38.6749 21.9061 212.602 102.821 
54.824 54.824 75.6149 84.1332 
4.25964 97.4918 0 14.4035 8.13798 
0 2.29689 0 0 0.954251 27.0208 0 
38.6749 21.9061 212.602 102.821 
54.824 54.824 75.6149 84.1332 
4.25964 97.4918 0 14.4035 8.13798 
0 2.29689 0 0 0.954251 27.0208 0 
38.6749 21.9061 212.602 102.821 
54.824 54.824 75.6149 84.1332 
4.25964 97.4918 0 14.4035 8.13798 
0 2.29689 0 0 0.954251 27.0208 0 
38.6749 21.9061 212.602 102.821 
54.824 54.824 75.6149 84.1332 
4.25964 97.4918 0 14.4035 8.13798 
0 2.29689 0 0 0.954251 27.0208 0 
Estimating row 281 out of 308 for hessian
38.6749 21.9061 212.602 102.821 
54.824 54.824 75.6149 84.1332 
4.25964 97.4918 0 14.4035 8.13798 
0 2.29689 0 0 0.954251 27.0208 0 
38.6749 21.9061 212.602 102.821 
54.824 54.824 75.6149 84.1332 
4.25964 97.4918 0 14.4035 8.13798 
0 2.29689 0 0 0.954251 27.0208 0 
38.6749 21.9061 212.602 102.821 
54.824 54.824 75.6149 84.1332 
4.25964 97.4918 0 14.4035 8.13798 
0 2.29689 0 0 0.954251 27.0208 0 
38.6749 21.9061 212.602 102.821 
54.824 54.824 75.6149 84.1332 
4.25964 97.4918 0 14.4035 8.13798 
0 2.29689 0 0 0.954251 27.0208 0 
Estimating row 282 out of 308 for hessian
38.6749 21.9061 212.602 102.821 
54.824 54.824 75.6149 84.1332 
4.25964 97.4918 0 14.4035 8.13798 
0 2.29689 0 0 0.954251 27.0208 0 
38.6749 21.9061 212.602 102.821 
54.824 54.824 75.6149 84.1332 
4.25964 97.4918 0 14.4035 8.13798 
0 2.29689 0 0 0.954251 27.0208 0 
38.6749 21.9061 212.602 102.821 
54.824 54.824 75.6149 84.1332 
4.25964 97.4918 0 14.4035 8.13798 
0 2.29689 0 0 0.954251 27.0208 0 
38.6749 21.9061 212.602 102.821 
54.824 54.824 75.6149 84.1332 
4.25964 97.4918 0 14.4035 8.13798 
0 2.29689 0 0 0.954251 27.0208 0 
Estimating row 283 out of 308 for hessian
38.6749 21.9061 212.602 102.821 
54.824 54.824 75.6149 84.1332 
4.25964 97.4918 0 14.4035 8.13798 
0 2.29689 0 0 0.954251 27.0208 0 
38.6749 21.9061 212.602 102.821 
54.824 54.824 75.6149 84.1332 
4.25964 97.4918 0 14.4035 8.13798 
0 2.29689 0 0 0.954251 27.0208 0 
38.6749 21.9061 212.602 102.821 
54.824 54.824 75.6149 84.1332 
4.25964 97.4918 0 14.4035 8.13798 
0 2.29689 0 0 0.954251 27.0208 0 
38.6749 21.9061 212.602 102.821 
54.824 54.824 75.6149 84.1332 
4.25964 97.4918 0 14.4035 8.13798 
0 2.29689 0 0 0.954251 27.0208 0 
Estimating row 284 out of 308 for hessian
38.6749 21.9061 212.602 102.821 
54.824 54.824 75.6149 84.1332 
4.25964 97.4918 0 14.4035 8.13798 
0 2.29689 0 0 0.954251 27.0208 0 
38.6749 21.9061 212.602 102.821 
54.824 54.824 75.6149 84.1332 
4.25964 97.4918 0 14.4035 8.13798 
0 2.29689 0 0 0.954251 27.0208 0 
38.6749 21.9061 212.602 102.821 
54.824 54.824 75.6149 84.1332 
4.25964 97.4918 0 14.4035 8.13798 
0 2.29689 0 0 0.954251 27.0208 0 
38.6749 21.9061 212.602 102.821 
54.824 54.824 75.6149 84.1332 
4.25964 97.4918 0 14.4035 8.13798 
0 2.29689 0 0 0.954251 27.0208 0 
Estimating row 285 out of 308 for hessian
38.6749 21.9061 212.602 102.821 
54.824 54.824 75.6149 84.1332 
4.25964 97.4918 0 14.4035 8.13798 
0 2.29689 0 0 0.954251 27.0208 0 
38.6749 21.9061 212.602 102.821 
54.824 54.824 75.6149 84.1332 
4.25964 97.4918 0 14.4035 8.13798 
0 2.29689 0 0 0.954251 27.0208 0 
38.6749 21.9061 212.602 102.821 
54.824 54.824 75.6149 84.1332 
4.25964 97.4918 0 14.4035 8.13798 
0 2.29689 0 0 0.954251 27.0208 0 
38.6749 21.9061 212.602 102.821 
54.824 54.824 75.6149 84.1332 
4.25964 97.4918 0 14.4035 8.13798 
0 2.29689 0 0 0.954251 27.0208 0 
Estimating row 286 out of 308 for hessian
38.6749 21.9061 212.602 102.821 
54.824 54.824 75.6149 84.1332 
4.25964 97.4918 0 14.4035 8.13798 
0 2.29689 0 0 0.954251 27.0208 0 
38.6749 21.9061 212.602 102.821 
54.824 54.824 75.6149 84.1332 
4.25964 97.4918 0 14.4035 8.13798 
0 2.29689 0 0 0.954251 27.0208 0 
38.6749 21.9061 212.602 102.821 
54.824 54.824 75.6149 84.1332 
4.25964 97.4918 0 14.4035 8.13798 
0 2.29689 0 0 0.954251 27.0208 0 
38.6749 21.9061 212.602 102.821 
54.824 54.824 75.6149 84.1332 
4.25964 97.4918 0 14.4035 8.13798 
0 2.29689 0 0 0.954251 27.0208 0 
Estimating row 287 out of 308 for hessian
38.6749 21.9061 212.602 102.821 
54.824 54.824 75.6149 84.1332 
4.25964 97.4918 0 14.4035 8.13798 
0 2.29689 0 0 0.954251 27.0208 0 
38.6749 21.9061 212.602 102.821 
54.824 54.824 75.6149 84.1332 
4.25964 97.4918 0 14.4035 8.13798 
0 2.29689 0 0 0.954251 27.0208 0 
38.6749 21.9061 212.602 102.821 
54.824 54.824 75.6149 84.1332 
4.25964 97.4918 0 14.4035 8.13798 
0 2.29689 0 0 0.954251 27.0208 0 
38.6749 21.9061 212.602 102.821 
54.824 54.824 75.6149 84.1332 
4.25964 97.4918 0 14.4035 8.13798 
0 2.29689 0 0 0.954251 27.0208 0 
Estimating row 288 out of 308 for hessian
38.6749 21.9061 212.602 102.821 
54.824 54.824 75.6149 84.1332 
4.25964 97.4918 0 14.4035 8.13798 
0 2.29689 0 0 0.954251 27.0208 0 
38.6749 21.9061 212.602 102.821 
54.824 54.824 75.6149 84.1332 
4.25964 97.4918 0 14.4035 8.13798 
0 2.29689 0 0 0.954251 27.0208 0 
38.6749 21.9061 212.602 102.821 
54.824 54.824 75.6149 84.1332 
4.25964 97.4918 0 14.4035 8.13798 
0 2.29689 0 0 0.954251 27.0208 0 
38.6749 21.9061 212.602 102.821 
54.824 54.824 75.6149 84.1332 
4.25964 97.4918 0 14.4035 8.13798 
0 2.29689 0 0 0.954251 27.0208 0 
Estimating row 289 out of 308 for hessian
38.6749 21.9061 212.602 102.821 
54.824 54.824 75.6149 84.1332 
4.25964 97.4918 0 14.4035 8.13798 
0 2.29689 0 0 0.954251 27.0208 0 
38.6749 21.9061 212.602 102.821 
54.824 54.824 75.6149 84.1332 
4.25964 97.4918 0 14.4035 8.13798 
0 2.29689 0 0 0.954251 27.0208 0 
38.6749 21.9061 212.602 102.821 
54.824 54.824 75.6149 84.1332 
4.25964 97.4918 0 14.4035 8.13798 
0 2.29689 0 0 0.954251 27.0208 0 
38.6749 21.9061 212.602 102.821 
54.824 54.824 75.6149 84.1332 
4.25964 97.4918 0 14.4035 8.13798 
0 2.29689 0 0 0.954251 27.0208 0 
Estimating row 290 out of 308 for hessian
38.6749 21.9061 212.602 102.821 
54.824 54.824 75.6149 84.1332 
4.25964 97.4918 0 14.4035 8.13798 
0 2.29689 0 0 0.954251 27.0208 0 
38.6749 21.9061 212.602 102.821 
54.824 54.824 75.6149 84.1332 
4.25964 97.4918 0 14.4035 8.13798 
0 2.29689 0 0 0.954251 27.0208 0 
38.6749 21.9061 212.602 102.821 
54.824 54.824 75.6149 84.1332 
4.25964 97.4918 0 14.4035 8.13798 
0 2.29689 0 0 0.954251 27.0208 0 
38.6749 21.9061 212.602 102.821 
54.824 54.824 75.6149 84.1332 
4.25964 97.4918 0 14.4035 8.13798 
0 2.29689 0 0 0.954251 27.0208 0 
Estimating row 291 out of 308 for hessian
38.6749 21.9061 212.602 102.821 
54.824 54.824 75.6149 84.1332 
4.25964 97.4918 0 14.4035 8.13798 
0 2.29689 0 0 0.954251 27.0208 0 
38.6749 21.9061 212.602 102.821 
54.824 54.824 75.6149 84.1332 
4.25964 97.4918 0 14.4035 8.13798 
0 2.29689 0 0 0.954251 27.0208 0 
38.6749 21.9061 212.602 102.821 
54.824 54.824 75.6149 84.1332 
4.25964 97.4918 0 14.4035 8.13798 
0 2.29689 0 0 0.954251 27.0208 0 
38.6749 21.9061 212.602 102.821 
54.824 54.824 75.6149 84.1332 
4.25964 97.4918 0 14.4035 8.13798 
0 2.29689 0 0 0.954251 27.0208 0 
Estimating row 292 out of 308 for hessian
38.6749 21.9061 212.602 102.821 
54.824 54.824 75.6149 84.1332 
4.25964 97.4918 0 14.4035 8.13798 
0 2.29689 0 0 0.954251 27.0208 0 
38.6749 21.9061 212.602 102.821 
54.824 54.824 75.6149 84.1332 
4.25964 97.4918 0 14.4035 8.13798 
0 2.29689 0 0 0.954251 27.0208 0 
38.6749 21.9061 212.602 102.821 
54.824 54.824 75.6149 84.1332 
4.25964 97.4918 0 14.4035 8.13798 
0 2.29689 0 0 0.954251 27.0208 0 
38.6749 21.9061 212.602 102.821 
54.824 54.824 75.6149 84.1332 
4.25964 97.4918 0 14.4035 8.13798 
0 2.29689 0 0 0.954251 27.0208 0 
Estimating row 293 out of 308 for hessian
38.6749 21.9061 212.602 102.821 
54.824 54.824 75.6149 84.1332 
4.25964 97.4918 0 14.4035 8.13798 
0 2.29689 0 0 0.954251 27.0208 0 
38.6749 21.9061 212.602 102.821 
54.824 54.824 75.6149 84.1332 
4.25964 97.4918 0 14.4035 8.13798 
0 2.29689 0 0 0.954251 27.0208 0 
38.6749 21.9061 212.602 102.821 
54.824 54.824 75.6149 84.1332 
4.25964 97.4918 0 14.4035 8.13798 
0 2.29689 0 0 0.954251 27.0208 0 
38.6749 21.9061 212.602 102.821 
54.824 54.824 75.6149 84.1332 
4.25964 97.4918 0 14.4035 8.13798 
0 2.29689 0 0 0.954251 27.0208 0 
Estimating row 294 out of 308 for hessian
38.6749 21.9061 212.602 102.821 
54.824 54.824 75.6149 84.1332 
4.25964 97.4918 0 14.4035 8.13798 
0 2.29689 0 0 0.954251 27.0208 0 
38.6749 21.9061 212.602 102.821 
54.824 54.824 75.6149 84.1332 
4.25964 97.4918 0 14.4035 8.13798 
0 2.29689 0 0 0.954251 27.0208 0 
38.6749 21.9061 212.602 102.821 
54.824 54.824 75.6149 84.1332 
4.25964 97.4918 0 14.4035 8.13798 
0 2.29689 0 0 0.954251 27.0208 0 
38.6749 21.9061 212.602 102.821 
54.824 54.824 75.6149 84.1332 
4.25964 97.4918 0 14.4035 8.13798 
0 2.29689 0 0 0.954251 27.0208 0 
Estimating row 295 out of 308 for hessian
38.6749 21.9061 212.602 102.821 
54.824 54.824 75.6149 84.1332 
4.25964 97.4918 0 14.4035 8.13798 
0 2.29689 0 0 0.954251 27.0208 0 
38.6749 21.9061 212.602 102.821 
54.824 54.824 75.6149 84.1332 
4.25964 97.4918 0 14.4035 8.13798 
0 2.29689 0 0 0.954251 27.0208 0 
38.6749 21.9061 212.602 102.821 
54.824 54.824 75.6149 84.1332 
4.25964 97.4918 0 14.4035 8.13798 
0 2.29689 0 0 0.954251 27.0208 0 
38.6749 21.9061 212.602 102.821 
54.824 54.824 75.6149 84.1332 
4.25964 97.4918 0 14.4035 8.13798 
0 2.29689 0 0 0.954251 27.0208 0 
Estimating row 296 out of 308 for hessian
38.6749 21.9061 212.602 102.821 
54.824 54.824 75.6149 84.1332 
4.25964 97.4918 0 14.4035 8.13798 
0 2.29689 0 0 0.954251 27.0208 0 
38.6749 21.9061 212.602 102.821 
54.824 54.824 75.6149 84.1332 
4.25964 97.4918 0 14.4035 8.13798 
0 2.29689 0 0 0.954251 27.0208 0 
38.6749 21.9061 212.602 102.821 
54.824 54.824 75.6149 84.1332 
4.25964 97.4918 0 14.4035 8.13798 
0 2.29689 0 0 0.954251 27.0208 0 
38.6749 21.9061 212.602 102.821 
54.824 54.824 75.6149 84.1332 
4.25964 97.4918 0 14.4035 8.13798 
0 2.29689 0 0 0.954251 27.0208 0 
Estimating row 297 out of 308 for hessian
38.6749 21.9061 212.602 102.821 
54.824 54.824 75.6149 84.1332 
4.25964 97.4918 0 14.4035 8.13798 
0 2.29689 0 0 0.954251 27.0208 0 
38.6749 21.9061 212.602 102.821 
54.824 54.824 75.6149 84.1332 
4.25964 97.4918 0 14.4035 8.13798 
0 2.29689 0 0 0.954251 27.0208 0 
38.6749 21.9061 212.602 102.821 
54.824 54.824 75.6149 84.1332 
4.25964 97.4918 0 14.4035 8.13798 
0 2.29689 0 0 0.954251 27.0208 0 
38.6749 21.9061 212.602 102.821 
54.824 54.824 75.6149 84.1332 
4.25964 97.4918 0 14.4035 8.13798 
0 2.29689 0 0 0.954251 27.0208 0 
Estimating row 298 out of 308 for hessian
38.6749 21.9061 212.602 102.821 
54.824 54.824 75.6149 84.1332 
4.25964 97.4918 0 14.4035 8.13798 
0 2.29689 0 0 0.954251 27.0208 0 
38.6749 21.9061 212.602 102.821 
54.824 54.824 75.6149 84.1332 
4.25964 97.4918 0 14.4035 8.13798 
0 2.29689 0 0 0.954251 27.0208 0 
38.6749 21.9061 212.602 102.821 
54.824 54.824 75.6149 84.1332 
4.25964 97.4918 0 14.4035 8.13798 
0 2.29689 0 0 0.954251 27.0208 0 
38.6749 21.9061 212.602 102.821 
54.824 54.824 75.6149 84.1332 
4.25964 97.4918 0 14.4035 8.13798 
0 2.29689 0 0 0.954251 27.0208 0 
Estimating row 299 out of 308 for hessian
38.6749 21.9061 212.602 102.821 
54.824 54.824 75.6149 84.1332 
4.25964 97.4918 0 14.4035 8.13798 
0 2.29689 0 0 0.954251 27.0208 0 
38.6749 21.9061 212.602 102.821 
54.824 54.824 75.6149 84.1332 
4.25964 97.4918 0 14.4035 8.13798 
0 2.29689 0 0 0.954251 27.0208 0 
38.6749 21.9061 212.602 102.821 
54.824 54.824 75.6149 84.1332 
4.25964 97.4918 0 14.4035 8.13798 
0 2.29689 0 0 0.954251 27.0208 0 
38.6749 21.9061 212.602 102.821 
54.824 54.824 75.6149 84.1332 
4.25964 97.4918 0 14.4035 8.13798 
0 2.29689 0 0 0.954251 27.0208 0 
Estimating row 300 out of 308 for hessian
38.6749 21.9061 212.602 102.821 
54.824 54.824 75.6149 84.1332 
4.25964 97.4918 0 14.4035 8.13798 
0 2.29689 0 0 0.954251 27.0208 0 
38.6749 21.9061 212.602 102.821 
54.824 54.824 75.6149 84.1332 
4.25964 97.4918 0 14.4035 8.13798 
0 2.29689 0 0 0.954251 27.0208 0 
38.6749 21.9061 212.602 102.821 
54.824 54.824 75.6149 84.1332 
4.25964 97.4918 0 14.4035 8.13798 
0 2.29689 0 0 0.954251 27.0208 0 
38.6749 21.9061 212.602 102.821 
54.824 54.824 75.6149 84.1332 
4.25964 97.4918 0 14.4035 8.13798 
0 2.29689 0 0 0.954251 27.0208 0 
Estimating row 301 out of 308 for hessian
38.6749 21.9061 212.602 102.821 
54.824 54.824 75.6149 84.1332 
4.25964 97.4918 0 14.4035 8.13798 
0 2.29689 0 0 0.954251 27.0208 0 
38.6749 21.9061 212.602 102.821 
54.824 54.824 75.6149 84.1332 
4.25964 97.4918 0 14.4035 8.13798 
0 2.29689 0 0 0.954251 27.0208 0 
38.6749 21.9061 212.602 102.821 
54.824 54.824 75.6149 84.1332 
4.25964 97.4918 0 14.4035 8.13798 
0 2.29689 0 0 0.954251 27.0208 0 
38.6749 21.9061 212.602 102.821 
54.824 54.824 75.6149 84.1332 
4.25964 97.4918 0 14.4035 8.13798 
0 2.29689 0 0 0.954251 27.0208 0 
Estimating row 302 out of 308 for hessian
38.6749 21.9061 212.602 102.821 
54.824 54.824 75.6149 84.1332 
4.25964 97.4918 0 14.4035 8.13798 
0 2.29689 0 0 0.954251 27.0208 0 
38.6749 21.9061 212.602 102.821 
54.824 54.824 75.6149 84.1332 
4.25964 97.4918 0 14.4035 8.13798 
0 2.29689 0 0 0.954251 27.0208 0 
38.6749 21.9061 212.602 102.821 
54.824 54.824 75.6149 84.1332 
4.25964 97.4918 0 14.4035 8.13798 
0 2.29689 0 0 0.954251 27.0208 0 
38.6749 21.9061 212.602 102.821 
54.824 54.824 75.6149 84.1332 
4.25964 97.4918 0 14.4035 8.13798 
0 2.29689 0 0 0.954251 27.0208 0 
Estimating row 303 out of 308 for hessian
38.6749 21.9065 212.602 102.82 
54.8241 54.8241 75.6132 84.1443 
4.25964 97.4648 0 14.4035 8.13798 
0 2.29689 0 0 0.954251 27.0208 0 
38.6749 21.9058 212.602 102.822 
54.8239 54.8239 75.6167 84.1221 
4.25964 97.5187 0 14.4035 8.13798 
0 2.29689 0 0 0.954251 27.0208 0 
38.6749 21.9062 212.602 102.821 
54.824 54.824 75.6147 84.1343 
4.25964 97.4891 0 14.4035 8.13798 
0 2.29689 0 0 0.954251 27.0208 0 
38.6749 21.9061 212.602 102.821 
54.824 54.824 75.6151 84.1321 
4.25964 97.4945 0 14.4035 8.13798 
0 2.29689 0 0 0.954251 27.0208 0 
Estimating row 304 out of 308 for hessian
38.6753 21.9054 212.602 102.821 
54.824 54.824 75.6149 84.1332 
4.25964 97.4918 0 14.4035 8.13798 
0 2.29689 0 0 0.954251 27.0199 0 
38.6744 21.9069 212.602 102.821 
54.824 54.824 75.6149 84.1332 
4.25964 97.4918 0 14.4035 8.13798 
0 2.29689 0 0 0.954251 27.0218 0 
38.6749 21.9061 212.602 102.821 
54.824 54.824 75.6149 84.1332 
4.25964 97.4918 0 14.4035 8.13798 
0 2.29689 0 0 0.954251 27.0207 0 
38.6748 21.9062 212.602 102.821 
54.824 54.824 75.6149 84.1332 
4.25964 97.4918 0 14.4035 8.13798 
0 2.29689 0 0 0.954251 27.0209 0 
Estimating row 305 out of 308 for hessian
38.6749 21.9061 212.602 102.821 
54.824 54.824 75.6149 84.1332 
4.25964 97.4918 0 14.4035 8.13798 
0 2.29689 0 0 0.954251 27.0208 0 
38.6749 21.9061 212.602 102.821 
54.824 54.824 75.6149 84.1332 
4.25964 97.4918 0 14.4035 8.13798 
0 2.29689 0 0 0.954251 27.0208 0 
38.6749 21.9061 212.602 102.821 
54.824 54.824 75.6149 84.1332 
4.25964 97.4918 0 14.4035 8.13798 
0 2.29689 0 0 0.954251 27.0208 0 
38.6749 21.9061 212.602 102.821 
54.824 54.824 75.6149 84.1332 
4.25964 97.4918 0 14.4035 8.13798 
0 2.29689 0 0 0.954251 27.0208 0 
Estimating row 306 out of 308 for hessian
38.6749 21.9061 212.602 102.821 
54.824 54.824 75.6149 84.1332 
4.25964 97.4918 0 14.4035 8.13798 
0 2.29689 0 0 0.954251 27.0208 0 
38.6749 21.9061 212.602 102.821 
54.824 54.824 75.6149 84.1332 
4.25964 97.4918 0 14.4035 8.13798 
0 2.29689 0 0 0.954251 27.0208 0 
38.6749 21.9061 212.602 102.821 
54.824 54.824 75.6149 84.1332 
4.25964 97.4918 0 14.4035 8.13798 
0 2.29689 0 0 0.954251 27.0208 0 
38.6749 21.9061 212.602 102.821 
54.824 54.824 75.6149 84.1332 
4.25964 97.4918 0 14.4035 8.13798 
0 2.29689 0 0 0.954251 27.0208 0 
Estimating row 307 out of 308 for hessian
38.6736 21.9074 212.604 102.823 
54.824 54.824 75.6149 84.1332 
4.25964 97.4918 0 14.4035 8.13798 
0 2.29689 0 0 0.954251 27.0218 0 
38.6761 21.9049 212.6 102.819 
54.824 54.824 75.6149 84.1332 
4.25964 97.4918 0 14.4035 8.13798 
0 2.29689 0 0 0.954251 27.0199 0 
38.6747 21.9063 212.602 102.821 
54.824 54.824 75.6149 84.1332 
4.25964 97.4918 0 14.4035 8.13798 
0 2.29689 0 0 0.954251 27.0209 0 
38.675 21.906 212.602 102.821 
54.824 54.824 75.6149 84.1332 
4.25964 97.4918 0 14.4035 8.13798 
0 2.29689 0 0 0.954251 27.0207 0 
Estimating row 308 out of 308 for hessian
38.675 21.9061 212.601 102.821 
54.824 54.824 75.6149 84.1332 
4.25964 97.4918 0 14.4035 8.13798 
0 2.29689 0 0 0.954251 27.0208 0 
38.6747 21.9062 212.603 102.821 
54.824 54.824 75.6149 84.1332 
4.25964 97.4918 0 14.4035 8.13798 
0 2.29689 0 0 0.954251 27.0209 0 
38.6749 21.9061 212.602 102.821 
54.824 54.824 75.6149 84.1332 
4.25964 97.4918 0 14.4035 8.13798 
0 2.29689 0 0 0.954251 27.0208 0 
38.6748 21.9061 212.602 102.821 
54.824 54.824 75.6149 84.1332 
4.25964 97.4918 0 14.4035 8.13798 
0 2.29689 0 0 0.954251 27.0208 0 
38.6749 21.9061 212.602 102.821 
54.824 54.824 75.6149 84.1332 
4.25964 97.4918 0 14.4035 8.13798 
0 2.29689 0 0 0.954251 27.0208 0 
