"run_id","parameter","value","objective","max_gradient","accepted"
"run_001","log_avg_rec",20.9562392302,308.524545358576,0.000618801241050063,TRUE
"run_001","log_m_mu[1]",-1.35304205595,308.524545358576,0.000618801241050063,TRUE
"run_001","log_m_mu[2]",-0.774265609767,308.524545358576,0.000618801241050063,TRUE
"run_001","log_m_mu[3]",-1.34474946826,308.524545358576,0.000618801241050063,TRUE
"run_001","prop_rec[1]",14.2475993116,308.524545358576,0.000618801241050063,TRUE
"run_001","prop_rec[2]",2.92524365148,308.524545358576,0.000618801241050063,TRUE
"run_001","sigma_m[1]",1,308.524545358576,0.000618801241050063,TRUE
"run_001","sigma_m[2]",1,308.524545358576,0.000618801241050063,TRUE
"run_001","sigma_m[3]",1,308.524545358576,0.000618801241050063,TRUE
"run_001","sigma_q[1]",0.1,308.524545358576,0.000618801241050063,TRUE
"run_001","sigma_q[2]",0.1,308.524545358576,0.000618801241050063,TRUE
"run_001","log_f",0.137366766454,308.524545358576,0.000618801241050063,TRUE
"run_001","fish_ret_sel_50",96.9093077496,308.524545358576,0.000618801241050063,TRUE
"run_001","fish_ret_sel_50_post",102.052586342,308.524545358576,0.000618801241050063,TRUE
"run_001","fish_ret_sel_slope",0.214615408628,308.524545358576,0.000618801241050063,TRUE
"run_001","fish_ret_sel_slope_post",0.297360848949,308.524545358576,0.000618801241050063,TRUE
"run_001","fish_tot_sel_offset",-9.26540448358,308.524545358576,0.000618801241050063,TRUE
"run_001","fish_tot_sel_slope",-1.62410710195,308.524545358576,0.000618801241050063,TRUE
"run_001","surv_omega",0.569238992117,308.524545358576,0.000618801241050063,TRUE
"run_001","surv_alpha1",0.106071950032,308.524545358576,0.000618801241050063,TRUE
"run_001","surv_beta1",111.589701904,308.524545358576,0.000618801241050063,TRUE
"run_001","surv_alpha2",0.179560164528,308.524545358576,0.000618801241050063,TRUE
"run_001","surv_beta2",41.6216111522,308.524545358576,0.000618801241050063,TRUE
"run_002","log_avg_rec",25.7421188785,1401.69224972885,3229.22778981594,FALSE
"run_002","log_m_mu[1]",-0.621026542043,1401.69224972885,3229.22778981594,FALSE
"run_002","log_m_mu[2]",-0.513837851685,1401.69224972885,3229.22778981594,FALSE
"run_002","log_m_mu[3]",-1.26497279665,1401.69224972885,3229.22778981594,FALSE
"run_002","prop_rec[1]",14.2739163184,1401.69224972885,3229.22778981594,FALSE
"run_002","prop_rec[2]",4.1297328524,1401.69224972885,3229.22778981594,FALSE
"run_002","sigma_m[1]",1,1401.69224972885,3229.22778981594,FALSE
"run_002","sigma_m[2]",1,1401.69224972885,3229.22778981594,FALSE
"run_002","sigma_m[3]",1,1401.69224972885,3229.22778981594,FALSE
"run_002","sigma_q[1]",0.1,1401.69224972885,3229.22778981594,FALSE
"run_002","sigma_q[2]",0.1,1401.69224972885,3229.22778981594,FALSE
"run_002","log_f",-3.21799006088,1401.69224972885,3229.22778981594,FALSE
"run_002","fish_ret_sel_50",91.4329395565,1401.69224972885,3229.22778981594,FALSE
"run_002","fish_ret_sel_50_post",99.5625348385,1401.69224972885,3229.22778981594,FALSE
"run_002","fish_ret_sel_slope",0.27114605765,1401.69224972885,3229.22778981594,FALSE
"run_002","fish_ret_sel_slope_post",0.165430326131,1401.69224972885,3229.22778981594,FALSE
"run_002","fish_tot_sel_offset",-8.8128758221,1401.69224972885,3229.22778981594,FALSE
"run_002","fish_tot_sel_slope",-1.4849486341,1401.69224972885,3229.22778981594,FALSE
"run_002","surv_omega",0.905483001564,1401.69224972885,3229.22778981594,FALSE
"run_002","surv_alpha1",7.85184299324,1401.69224972885,3229.22778981594,FALSE
"run_002","surv_beta1",127.474459471,1401.69224972885,3229.22778981594,FALSE
"run_002","surv_alpha2",0.0914234303448,1401.69224972885,3229.22778981594,FALSE
"run_002","surv_beta2",80.0901315976,1401.69224972885,3229.22778981594,FALSE
"run_003","log_avg_rec",20.970618819,308.524545474645,0.000525844915250275,TRUE
"run_003","log_m_mu[1]",-1.35304206302,308.524545474645,0.000525844915250275,TRUE
"run_003","log_m_mu[2]",-0.774265359649,308.524545474645,0.000525844915250275,TRUE
"run_003","log_m_mu[3]",-1.14463193133,308.524545474645,0.000525844915250275,TRUE
"run_003","prop_rec[1]",14.2476067174,308.524545474645,0.000525844915250275,TRUE
"run_003","prop_rec[2]",2.92524984626,308.524545474645,0.000525844915250275,TRUE
"run_003","sigma_m[1]",1,308.524545474645,0.000525844915250275,TRUE
"run_003","sigma_m[2]",1,308.524545474645,0.000525844915250275,TRUE
"run_003","sigma_m[3]",1,308.524545474645,0.000525844915250275,TRUE
"run_003","sigma_q[1]",0.1,308.524545474645,0.000525844915250275,TRUE
"run_003","sigma_q[2]",0.1,308.524545474645,0.000525844915250275,TRUE
"run_003","log_f",0.137367756509,308.524545474645,0.000525844915250275,TRUE
"run_003","fish_ret_sel_50",96.9093072724,308.524545474645,0.000525844915250275,TRUE
"run_003","fish_ret_sel_50_post",102.052585934,308.524545474645,0.000525844915250275,TRUE
"run_003","fish_ret_sel_slope",0.214615411597,308.524545474645,0.000525844915250275,TRUE
"run_003","fish_ret_sel_slope_post",0.297360880343,308.524545474645,0.000525844915250275,TRUE
"run_003","fish_tot_sel_offset",-9.26541310396,308.524545474645,0.000525844915250275,TRUE
"run_003","fish_tot_sel_slope",-1.62410728831,308.524545474645,0.000525844915250275,TRUE
"run_003","surv_omega",0.569238967234,308.524545474645,0.000525844915250275,TRUE
"run_003","surv_alpha1",0.106071946285,308.524545474645,0.000525844915250275,TRUE
"run_003","surv_beta1",111.58970444,308.524545474645,0.000525844915250275,TRUE
"run_003","surv_alpha2",0.179560129342,308.524545474645,0.000525844915250275,TRUE
"run_003","surv_beta2",41.6216091153,308.524545474645,0.000525844915250275,TRUE
"run_004","log_avg_rec",20.5932114757,1954.00155737633,19360.2715659969,FALSE
"run_004","log_m_mu[1]",-0.98172229806,1954.00155737633,19360.2715659969,FALSE
"run_004","log_m_mu[2]",-0.541887127638,1954.00155737633,19360.2715659969,FALSE
"run_004","log_m_mu[3]",-1.30834420404,1954.00155737633,19360.2715659969,FALSE
"run_004","prop_rec[1]",15.3343805082,1954.00155737633,19360.2715659969,FALSE
"run_004","prop_rec[2]",4.44473224561,1954.00155737633,19360.2715659969,FALSE
"run_004","sigma_m[1]",1,1954.00155737633,19360.2715659969,FALSE
"run_004","sigma_m[2]",1,1954.00155737633,19360.2715659969,FALSE
"run_004","sigma_m[3]",1,1954.00155737633,19360.2715659969,FALSE
"run_004","sigma_q[1]",0.1,1954.00155737633,19360.2715659969,FALSE
"run_004","sigma_q[2]",0.1,1954.00155737633,19360.2715659969,FALSE
"run_004","log_f",4.99042719389,1954.00155737633,19360.2715659969,FALSE
"run_004","fish_ret_sel_50",131.412410887,1954.00155737633,19360.2715659969,FALSE
"run_004","fish_ret_sel_50_post",101.337988859,1954.00155737633,19360.2715659969,FALSE
"run_004","fish_ret_sel_slope",0.00331111255607,1954.00155737633,19360.2715659969,FALSE
"run_004","fish_ret_sel_slope_post",0.883602995636,1954.00155737633,19360.2715659969,FALSE
"run_004","fish_tot_sel_offset",10.0781480515,1954.00155737633,19360.2715659969,FALSE
"run_004","fish_tot_sel_slope",-1.60393013722,1954.00155737633,19360.2715659969,FALSE
"run_004","surv_omega",0.754471196458,1954.00155737633,19360.2715659969,FALSE
"run_004","surv_alpha1",0.029228330323,1954.00155737633,19360.2715659969,FALSE
"run_004","surv_beta1",60.653921324,1954.00155737633,19360.2715659969,FALSE
"run_004","surv_alpha2",0.616240410747,1954.00155737633,19360.2715659969,FALSE
"run_004","surv_beta2",41.7264342929,1954.00155737633,19360.2715659969,FALSE
"run_005","log_avg_rec",21.1464881989,308.524545357845,0.000768058553223085,TRUE
"run_005","log_m_mu[1]",-1.3530422603,308.524545357845,0.000768058553223085,TRUE
"run_005","log_m_mu[2]",-0.77426419505,308.524545357845,0.000768058553223085,TRUE
"run_005","log_m_mu[3]",-1.38830434085,308.524545357845,0.000768058553223085,TRUE
"run_005","prop_rec[1]",14.2475959201,308.524545357845,0.000768058553223085,TRUE
"run_005","prop_rec[2]",2.92523768129,308.524545357845,0.000768058553223085,TRUE
"run_005","sigma_m[1]",1,308.524545357845,0.000768058553223085,TRUE
"run_005","sigma_m[2]",1,308.524545357845,0.000768058553223085,TRUE
"run_005","sigma_m[3]",1,308.524545357845,0.000768058553223085,TRUE
"run_005","sigma_q[1]",0.1,308.524545357845,0.000768058553223085,TRUE
"run_005","sigma_q[2]",0.1,308.524545357845,0.000768058553223085,TRUE
"run_005","log_f",0.137366510057,308.524545357845,0.000768058553223085,TRUE
"run_005","fish_ret_sel_50",96.9093061992,308.524545357845,0.000768058553223085,TRUE
"run_005","fish_ret_sel_50_post",102.052587647,308.524545357845,0.000768058553223085,TRUE
"run_005","fish_ret_sel_slope",0.214615384696,308.524545357845,0.000768058553223085,TRUE
"run_005","fish_ret_sel_slope_post",0.297360772477,308.524545357845,0.000768058553223085,TRUE
"run_005","fish_tot_sel_offset",-9.2654014965,308.524545357845,0.000768058553223085,TRUE
"run_005","fish_tot_sel_slope",-1.62410705061,308.524545357845,0.000768058553223085,TRUE
"run_005","surv_omega",0.569238957908,308.524545357845,0.000768058553223085,TRUE
"run_005","surv_alpha1",0.10607187877,308.524545357845,0.000768058553223085,TRUE
"run_005","surv_beta1",111.589707474,308.524545357845,0.000768058553223085,TRUE
"run_005","surv_alpha2",0.179560192179,308.524545357845,0.000768058553223085,TRUE
"run_005","surv_beta2",41.6216101438,308.524545357845,0.000768058553223085,TRUE
"run_006","log_avg_rec",21.084365623,308.524545370786,0.000791871158349531,TRUE
"run_006","log_m_mu[1]",-1.35304204764,308.524545370786,0.000791871158349531,TRUE
"run_006","log_m_mu[2]",-0.774265464299,308.524545370786,0.000791871158349531,TRUE
"run_006","log_m_mu[3]",-0.925200748955,308.524545370786,0.000791871158349531,TRUE
"run_006","prop_rec[1]",14.2475942208,308.524545370786,0.000791871158349531,TRUE
"run_006","prop_rec[2]",2.92523999111,308.524545370786,0.000791871158349531,TRUE
"run_006","sigma_m[1]",1,308.524545370786,0.000791871158349531,TRUE
"run_006","sigma_m[2]",1,308.524545370786,0.000791871158349531,TRUE
"run_006","sigma_m[3]",1,308.524545370786,0.000791871158349531,TRUE
"run_006","sigma_q[1]",0.1,308.524545370786,0.000791871158349531,TRUE
"run_006","sigma_q[2]",0.1,308.524545370786,0.000791871158349531,TRUE
"run_006","log_f",0.137366833044,308.524545370786,0.000791871158349531,TRUE
"run_006","fish_ret_sel_50",96.9093088679,308.524545370786,0.000791871158349531,TRUE
"run_006","fish_ret_sel_50_post",102.052586439,308.524545370786,0.000791871158349531,TRUE
"run_006","fish_ret_sel_slope",0.214615418679,308.524545370786,0.000791871158349531,TRUE
"run_006","fish_ret_sel_slope_post",0.297360858691,308.524545370786,0.000791871158349531,TRUE
"run_006","fish_tot_sel_offset",-9.26540383525,308.524545370786,0.000791871158349531,TRUE
"run_006","fish_tot_sel_slope",-1.62410713386,308.524545370786,0.000791871158349531,TRUE
"run_006","surv_omega",0.569239013454,308.524545370786,0.000791871158349531,TRUE
"run_006","surv_alpha1",0.106071924676,308.524545370786,0.000791871158349531,TRUE
"run_006","surv_beta1",111.5897004,308.524545370786,0.000791871158349531,TRUE
"run_006","surv_alpha2",0.179560208972,308.524545370786,0.000791871158349531,TRUE
"run_006","surv_beta2",41.6216109508,308.524545370786,0.000791871158349531,TRUE
"run_007","log_avg_rec",21.0670163578,308.524545359463,0.000857010814682924,TRUE
"run_007","log_m_mu[1]",-1.3530422327,308.524545359463,0.000857010814682924,TRUE
"run_007","log_m_mu[2]",-0.774265579499,308.524545359463,0.000857010814682924,TRUE
"run_007","log_m_mu[3]",-1.7171588682,308.524545359463,0.000857010814682924,TRUE
"run_007","prop_rec[1]",14.2475952019,308.524545359463,0.000857010814682924,TRUE
"run_007","prop_rec[2]",2.92524182268,308.524545359463,0.000857010814682924,TRUE
"run_007","sigma_m[1]",1,308.524545359463,0.000857010814682924,TRUE
"run_007","sigma_m[2]",1,308.524545359463,0.000857010814682924,TRUE
"run_007","sigma_m[3]",1,308.524545359463,0.000857010814682924,TRUE
"run_007","sigma_q[1]",0.1,308.524545359463,0.000857010814682924,TRUE
"run_007","sigma_q[2]",0.1,308.524545359463,0.000857010814682924,TRUE
"run_007","log_f",0.137366080378,308.524545359463,0.000857010814682924,TRUE
"run_007","fish_ret_sel_50",96.9093070867,308.524545359463,0.000857010814682924,TRUE
"run_007","fish_ret_sel_50_post",102.052586432,308.524545359463,0.000857010814682924,TRUE
"run_007","fish_ret_sel_slope",0.21461543293,308.524545359463,0.000857010814682924,TRUE
"run_007","fish_ret_sel_slope_post",0.297360858751,308.524545359463,0.000857010814682924,TRUE
"run_007","fish_tot_sel_offset",-9.26540141145,308.524545359463,0.000857010814682924,TRUE
"run_007","fish_tot_sel_slope",-1.6241071254,308.524545359463,0.000857010814682924,TRUE
"run_007","surv_omega",0.569238949824,308.524545359463,0.000857010814682924,TRUE
"run_007","surv_alpha1",0.106071977325,308.524545359463,0.000857010814682924,TRUE
"run_007","surv_beta1",111.589704841,308.524545359463,0.000857010814682924,TRUE
"run_007","surv_alpha2",0.179560155041,308.524545359463,0.000857010814682924,TRUE
"run_007","surv_beta2",41.621613253,308.524545359463,0.000857010814682924,TRUE
"run_008","log_avg_rec",20.9453627413,308.524545366934,0.000990072040888026,TRUE
"run_008","log_m_mu[1]",-1.3530421245,308.524545366934,0.000990072040888026,TRUE
"run_008","log_m_mu[2]",-0.774265450369,308.524545366934,0.000990072040888026,TRUE
"run_008","log_m_mu[3]",-1.27055042397,308.524545366934,0.000990072040888026,TRUE
"run_008","prop_rec[1]",14.2475963395,308.524545366934,0.000990072040888026,TRUE
"run_008","prop_rec[2]",2.92524155693,308.524545366934,0.000990072040888026,TRUE
"run_008","sigma_m[1]",1,308.524545366934,0.000990072040888026,TRUE
"run_008","sigma_m[2]",1,308.524545366934,0.000990072040888026,TRUE
"run_008","sigma_m[3]",1,308.524545366934,0.000990072040888026,TRUE
"run_008","sigma_q[1]",0.1,308.524545366934,0.000990072040888026,TRUE
"run_008","sigma_q[2]",0.1,308.524545366934,0.000990072040888026,TRUE
"run_008","log_f",0.137366779792,308.524545366934,0.000990072040888026,TRUE
"run_008","fish_ret_sel_50",96.9093086862,308.524545366934,0.000990072040888026,TRUE
"run_008","fish_ret_sel_50_post",102.052586433,308.524545366934,0.000990072040888026,TRUE
"run_008","fish_ret_sel_slope",0.21461541677,308.524545366934,0.000990072040888026,TRUE
"run_008","fish_ret_sel_slope_post",0.297360847746,308.524545366934,0.000990072040888026,TRUE
"run_008","fish_tot_sel_offset",-9.26540396592,308.524545366934,0.000990072040888026,TRUE
"run_008","fish_tot_sel_slope",-1.62410715534,308.524545366934,0.000990072040888026,TRUE
"run_008","surv_omega",0.569239004025,308.524545366934,0.000990072040888026,TRUE
"run_008","surv_alpha1",0.106071921098,308.524545366934,0.000990072040888026,TRUE
"run_008","surv_beta1",111.589701231,308.524545366934,0.000990072040888026,TRUE
"run_008","surv_alpha2",0.17956019896,308.524545366934,0.000990072040888026,TRUE
"run_008","surv_beta2",41.6216104699,308.524545366934,0.000990072040888026,TRUE
"run_009","log_avg_rec",20.8316017465,308.524545349741,0.000791539258086098,TRUE
"run_009","log_m_mu[1]",-1.35304227815,308.524545349741,0.000791539258086098,TRUE
"run_009","log_m_mu[2]",-0.774265420023,308.524545349741,0.000791539258086098,TRUE
"run_009","log_m_mu[3]",-1.15045320632,308.524545349741,0.000791539258086098,TRUE
"run_009","prop_rec[1]",14.2475923008,308.524545349741,0.000791539258086098,TRUE
"run_009","prop_rec[2]",2.92523968322,308.524545349741,0.000791539258086098,TRUE
"run_009","sigma_m[1]",1,308.524545349741,0.000791539258086098,TRUE
"run_009","sigma_m[2]",1,308.524545349741,0.000791539258086098,TRUE
"run_009","sigma_m[3]",1,308.524545349741,0.000791539258086098,TRUE
"run_009","sigma_q[1]",0.1,308.524545349741,0.000791539258086098,TRUE
"run_009","sigma_q[2]",0.1,308.524545349741,0.000791539258086098,TRUE
"run_009","log_f",0.137364870793,308.524545349741,0.000791539258086098,TRUE
"run_009","fish_ret_sel_50",96.9093140259,308.524545349741,0.000791539258086098,TRUE
"run_009","fish_ret_sel_50_post",102.052586954,308.524545349741,0.000791539258086098,TRUE
"run_009","fish_ret_sel_slope",0.214615485586,308.524545349741,0.000791539258086098,TRUE
"run_009","fish_ret_sel_slope_post",0.297360841746,308.524545349741,0.000791539258086098,TRUE
"run_009","fish_tot_sel_offset",-9.26538486262,308.524545349741,0.000791539258086098,TRUE
"run_009","fish_tot_sel_slope",-1.6241069192,308.524545349741,0.000791539258086098,TRUE
"run_009","surv_omega",0.569238956514,308.524545349741,0.000791539258086098,TRUE
"run_009","surv_alpha1",0.106071963592,308.524545349741,0.000791539258086098,TRUE
"run_009","surv_beta1",111.589711799,308.524545349741,0.000791539258086098,TRUE
"run_009","surv_alpha2",0.179560245422,308.524545349741,0.000791539258086098,TRUE
"run_009","surv_beta2",41.6216091825,308.524545349741,0.000791539258086098,TRUE
"run_010","log_avg_rec",21.2608905924,308.524545366944,0.000527815401887985,TRUE
"run_010","log_m_mu[1]",-1.35304214175,308.524545366944,0.000527815401887985,TRUE
"run_010","log_m_mu[2]",-0.774265470388,308.524545366944,0.000527815401887985,TRUE
"run_010","log_m_mu[3]",-1.30126608271,308.524545366944,0.000527815401887985,TRUE
"run_010","prop_rec[1]",14.2475986938,308.524545366944,0.000527815401887985,TRUE
"run_010","prop_rec[2]",2.92524351786,308.524545366944,0.000527815401887985,TRUE
"run_010","sigma_m[1]",1,308.524545366944,0.000527815401887985,TRUE
"run_010","sigma_m[2]",1,308.524545366944,0.000527815401887985,TRUE
"run_010","sigma_m[3]",1,308.524545366944,0.000527815401887985,TRUE
"run_010","sigma_q[1]",0.1,308.524545366944,0.000527815401887985,TRUE
"run_010","sigma_q[2]",0.1,308.524545366944,0.000527815401887985,TRUE
"run_010","log_f",0.13736674199,308.524545366944,0.000527815401887985,TRUE
"run_010","fish_ret_sel_50",96.9093089179,308.524545366944,0.000527815401887985,TRUE
"run_010","fish_ret_sel_50_post",102.052586974,308.524545366944,0.000527815401887985,TRUE
"run_010","fish_ret_sel_slope",0.214615419938,308.524545366944,0.000527815401887985,TRUE
"run_010","fish_ret_sel_slope_post",0.297360864165,308.524545366944,0.000527815401887985,TRUE
"run_010","fish_tot_sel_offset",-9.26540321947,308.524545366944,0.000527815401887985,TRUE
"run_010","fish_tot_sel_slope",-1.62410713652,308.524545366944,0.000527815401887985,TRUE
"run_010","surv_omega",0.569239024929,308.524545366944,0.000527815401887985,TRUE
"run_010","surv_alpha1",0.106071871065,308.524545366944,0.000527815401887985,TRUE
"run_010","surv_beta1",111.589702371,308.524545366944,0.000527815401887985,TRUE
"run_010","surv_alpha2",0.179560193277,308.524545366944,0.000527815401887985,TRUE
"run_010","surv_beta2",41.6216099456,308.524545366944,0.000527815401887985,TRUE
"run_011","log_avg_rec",21.2029262561,308.524545371475,0.00092332246075051,TRUE
"run_011","log_m_mu[1]",-1.35304198321,308.524545371475,0.00092332246075051,TRUE
"run_011","log_m_mu[2]",-0.774265459722,308.524545371475,0.00092332246075051,TRUE
"run_011","log_m_mu[3]",-0.955127927509,308.524545371475,0.00092332246075051,TRUE
"run_011","prop_rec[1]",14.2475954843,308.524545371475,0.00092332246075051,TRUE
"run_011","prop_rec[2]",2.92523956922,308.524545371475,0.00092332246075051,TRUE
"run_011","sigma_m[1]",1,308.524545371475,0.00092332246075051,TRUE
"run_011","sigma_m[2]",1,308.524545371475,0.00092332246075051,TRUE
"run_011","sigma_m[3]",1,308.524545371475,0.00092332246075051,TRUE
"run_011","sigma_q[1]",0.1,308.524545371475,0.00092332246075051,TRUE
"run_011","sigma_q[2]",0.1,308.524545371475,0.00092332246075051,TRUE
"run_011","log_f",0.137366894953,308.524545371475,0.00092332246075051,TRUE
"run_011","fish_ret_sel_50",96.9093088507,308.524545371475,0.00092332246075051,TRUE
"run_011","fish_ret_sel_50_post",102.052587204,308.524545371475,0.00092332246075051,TRUE
"run_011","fish_ret_sel_slope",0.214615430431,308.524545371475,0.00092332246075051,TRUE
"run_011","fish_ret_sel_slope_post",0.297360867129,308.524545371475,0.00092332246075051,TRUE
"run_011","fish_tot_sel_offset",-9.26540301466,308.524545371475,0.00092332246075051,TRUE
"run_011","fish_tot_sel_slope",-1.62410713596,308.524545371475,0.00092332246075051,TRUE
"run_011","surv_omega",0.56923905646,308.524545371475,0.00092332246075051,TRUE
"run_011","surv_alpha1",0.106071832492,308.524545371475,0.00092332246075051,TRUE
"run_011","surv_beta1",111.589699773,308.524545371475,0.00092332246075051,TRUE
"run_011","surv_alpha2",0.179560206368,308.524545371475,0.00092332246075051,TRUE
"run_011","surv_beta2",41.621611644,308.524545371475,0.00092332246075051,TRUE
"run_012","log_avg_rec",20.8185997837,308.524545367563,0.000503149996199212,TRUE
"run_012","log_m_mu[1]",-1.35304213957,308.524545367563,0.000503149996199212,TRUE
"run_012","log_m_mu[2]",-0.774265492031,308.524545367563,0.000503149996199212,TRUE
"run_012","log_m_mu[3]",-1.03357946089,308.524545367563,0.000503149996199212,TRUE
"run_012","prop_rec[1]",14.2475924708,308.524545367563,0.000503149996199212,TRUE
"run_012","prop_rec[2]",2.92523873303,308.524545367563,0.000503149996199212,TRUE
"run_012","sigma_m[1]",1,308.524545367563,0.000503149996199212,TRUE
"run_012","sigma_m[2]",1,308.524545367563,0.000503149996199212,TRUE
"run_012","sigma_m[3]",1,308.524545367563,0.000503149996199212,TRUE
"run_012","sigma_q[1]",0.1,308.524545367563,0.000503149996199212,TRUE
"run_012","sigma_q[2]",0.1,308.524545367563,0.000503149996199212,TRUE
"run_012","log_f",0.137366606056,308.524545367563,0.000503149996199212,TRUE
"run_012","fish_ret_sel_50",96.9093095941,308.524545367563,0.000503149996199212,TRUE
"run_012","fish_ret_sel_50_post",102.052586486,308.524545367563,0.000503149996199212,TRUE
"run_012","fish_ret_sel_slope",0.214615420323,308.524545367563,0.000503149996199212,TRUE
"run_012","fish_ret_sel_slope_post",0.297360867262,308.524545367563,0.000503149996199212,TRUE
"run_012","fish_tot_sel_offset",-9.26540200056,308.524545367563,0.000503149996199212,TRUE
"run_012","fish_tot_sel_slope",-1.62410713731,308.524545367563,0.000503149996199212,TRUE
"run_012","surv_omega",0.56923896488,308.524545367563,0.000503149996199212,TRUE
"run_012","surv_alpha1",0.106071951584,308.524545367563,0.000503149996199212,TRUE
"run_012","surv_beta1",111.589702443,308.524545367563,0.000503149996199212,TRUE
"run_012","surv_alpha2",0.179560205116,308.524545367563,0.000503149996199212,TRUE
"run_012","surv_beta2",41.6216118743,308.524545367563,0.000503149996199212,TRUE
"run_013","log_avg_rec",20.9025399542,308.524545381987,0.000839056552130806,TRUE
"run_013","log_m_mu[1]",-1.35304221844,308.524545381987,0.000839056552130806,TRUE
"run_013","log_m_mu[2]",-0.774265741907,308.524545381987,0.000839056552130806,TRUE
"run_013","log_m_mu[3]",-1.22660014696,308.524545381987,0.000839056552130806,TRUE
"run_013","prop_rec[1]",14.2475918328,308.524545381987,0.000839056552130806,TRUE
"run_013","prop_rec[2]",2.92523787461,308.524545381987,0.000839056552130806,TRUE
"run_013","sigma_m[1]",1,308.524545381987,0.000839056552130806,TRUE
"run_013","sigma_m[2]",1,308.524545381987,0.000839056552130806,TRUE
"run_013","sigma_m[3]",1,308.524545381987,0.000839056552130806,TRUE
"run_013","sigma_q[1]",0.1,308.524545381987,0.000839056552130806,TRUE
"run_013","sigma_q[2]",0.1,308.524545381987,0.000839056552130806,TRUE
"run_013","log_f",0.13736724496,308.524545381987,0.000839056552130806,TRUE
"run_013","fish_ret_sel_50",96.9093088144,308.524545381987,0.000839056552130806,TRUE
"run_013","fish_ret_sel_50_post",102.05258612,308.524545381987,0.000839056552130806,TRUE
"run_013","fish_ret_sel_slope",0.214615440959,308.524545381987,0.000839056552130806,TRUE
"run_013","fish_ret_sel_slope_post",0.297360902455,308.524545381987,0.000839056552130806,TRUE
"run_013","fish_tot_sel_offset",-9.26540742308,308.524545381987,0.000839056552130806,TRUE
"run_013","fish_tot_sel_slope",-1.62410715704,308.524545381987,0.000839056552130806,TRUE
"run_013","surv_omega",0.569238979134,308.524545381987,0.000839056552130806,TRUE
"run_013","surv_alpha1",0.106071957939,308.524545381987,0.000839056552130806,TRUE
"run_013","surv_beta1",111.589706754,308.524545381987,0.000839056552130806,TRUE
"run_013","surv_alpha2",0.179560192221,308.524545381987,0.000839056552130806,TRUE
"run_013","surv_beta2",41.621608359,308.524545381987,0.000839056552130806,TRUE
"run_014","log_avg_rec",21.0215056722,308.524545354898,0.000930044092179551,TRUE
"run_014","log_m_mu[1]",-1.35304204728,308.524545354898,0.000930044092179551,TRUE
"run_014","log_m_mu[2]",-0.774265745809,308.524545354898,0.000930044092179551,TRUE
"run_014","log_m_mu[3]",-1.26572290497,308.524545354898,0.000930044092179551,TRUE
"run_014","prop_rec[1]",14.2475948914,308.524545354898,0.000930044092179551,TRUE
"run_014","prop_rec[2]",2.9252418796,308.524545354898,0.000930044092179551,TRUE
"run_014","sigma_m[1]",1,308.524545354898,0.000930044092179551,TRUE
"run_014","sigma_m[2]",1,308.524545354898,0.000930044092179551,TRUE
"run_014","sigma_m[3]",1,308.524545354898,0.000930044092179551,TRUE
"run_014","sigma_q[1]",0.1,308.524545354898,0.000930044092179551,TRUE
"run_014","sigma_q[2]",0.1,308.524545354898,0.000930044092179551,TRUE
"run_014","log_f",0.137366725404,308.524545354898,0.000930044092179551,TRUE
"run_014","fish_ret_sel_50",96.9093084182,308.524545354898,0.000930044092179551,TRUE
"run_014","fish_ret_sel_50_post",102.052586127,308.524545354898,0.000930044092179551,TRUE
"run_014","fish_ret_sel_slope",0.214615415786,308.524545354898,0.000930044092179551,TRUE
"run_014","fish_ret_sel_slope_post",0.297360855553,308.524545354898,0.000930044092179551,TRUE
"run_014","fish_tot_sel_offset",-9.26540376636,308.524545354898,0.000930044092179551,TRUE
"run_014","fish_tot_sel_slope",-1.62410706982,308.524545354898,0.000930044092179551,TRUE
"run_014","surv_omega",0.569239021659,308.524545354898,0.000930044092179551,TRUE
"run_014","surv_alpha1",0.106071908996,308.524545354898,0.000930044092179551,TRUE
"run_014","surv_beta1",111.589701246,308.524545354898,0.000930044092179551,TRUE
"run_014","surv_alpha2",0.179560205945,308.524545354898,0.000930044092179551,TRUE
"run_014","surv_beta2",41.6216101764,308.524545354898,0.000930044092179551,TRUE
"run_015","log_avg_rec",21.2480627637,308.524545365314,0.000694142715057213,TRUE
"run_015","log_m_mu[1]",-1.35304216564,308.524545365314,0.000694142715057213,TRUE
"run_015","log_m_mu[2]",-0.774265428271,308.524545365314,0.000694142715057213,TRUE
"run_015","log_m_mu[3]",-1.21745469961,308.524545365314,0.000694142715057213,TRUE
"run_015","prop_rec[1]",14.2475941402,308.524545365314,0.000694142715057213,TRUE
"run_015","prop_rec[2]",2.92523965725,308.524545365314,0.000694142715057213,TRUE
"run_015","sigma_m[1]",1,308.524545365314,0.000694142715057213,TRUE
"run_015","sigma_m[2]",1,308.524545365314,0.000694142715057213,TRUE
"run_015","sigma_m[3]",1,308.524545365314,0.000694142715057213,TRUE
"run_015","sigma_q[1]",0.1,308.524545365314,0.000694142715057213,TRUE
"run_015","sigma_q[2]",0.1,308.524545365314,0.000694142715057213,TRUE
"run_015","log_f",0.137366985692,308.524545365314,0.000694142715057213,TRUE
"run_015","fish_ret_sel_50",96.9093090824,308.524545365314,0.000694142715057213,TRUE
"run_015","fish_ret_sel_50_post",102.052586226,308.524545365314,0.000694142715057213,TRUE
"run_015","fish_ret_sel_slope",0.214615418492,308.524545365314,0.000694142715057213,TRUE
"run_015","fish_ret_sel_slope_post",0.297360859071,308.524545365314,0.000694142715057213,TRUE
"run_015","fish_tot_sel_offset",-9.26540414172,308.524545365314,0.000694142715057213,TRUE
"run_015","fish_tot_sel_slope",-1.62410713866,308.524545365314,0.000694142715057213,TRUE
"run_015","surv_omega",0.569239004819,308.524545365314,0.000694142715057213,TRUE
"run_015","surv_alpha1",0.106071907114,308.524545365314,0.000694142715057213,TRUE
"run_015","surv_beta1",111.589704109,308.524545365314,0.000694142715057213,TRUE
"run_015","surv_alpha2",0.179560200221,308.524545365314,0.000694142715057213,TRUE
"run_015","surv_beta2",41.6216105652,308.524545365314,0.000694142715057213,TRUE
"run_016","log_avg_rec",21.2935936914,308.524545374083,0.000569210483089328,TRUE
"run_016","log_m_mu[1]",-1.35304218581,308.524545374083,0.000569210483089328,TRUE
"run_016","log_m_mu[2]",-0.774265538267,308.524545374083,0.000569210483089328,TRUE
"run_016","log_m_mu[3]",-1.27700013783,308.524545374083,0.000569210483089328,TRUE
"run_016","prop_rec[1]",14.2476022903,308.524545374083,0.000569210483089328,TRUE
"run_016","prop_rec[2]",2.92524783483,308.524545374083,0.000569210483089328,TRUE
"run_016","sigma_m[1]",1,308.524545374083,0.000569210483089328,TRUE
"run_016","sigma_m[2]",1,308.524545374083,0.000569210483089328,TRUE
"run_016","sigma_m[3]",1,308.524545374083,0.000569210483089328,TRUE
"run_016","sigma_q[1]",0.1,308.524545374083,0.000569210483089328,TRUE
"run_016","sigma_q[2]",0.1,308.524545374083,0.000569210483089328,TRUE
"run_016","log_f",0.137366977359,308.524545374083,0.000569210483089328,TRUE
"run_016","fish_ret_sel_50",96.9093094139,308.524545374083,0.000569210483089328,TRUE
"run_016","fish_ret_sel_50_post",102.052586493,308.524545374083,0.000569210483089328,TRUE
"run_016","fish_ret_sel_slope",0.214615436307,308.524545374083,0.000569210483089328,TRUE
"run_016","fish_ret_sel_slope_post",0.297360844713,308.524545374083,0.000569210483089328,TRUE
"run_016","fish_tot_sel_offset",-9.26540480425,308.524545374083,0.000569210483089328,TRUE
"run_016","fish_tot_sel_slope",-1.62410716411,308.524545374083,0.000569210483089328,TRUE
"run_016","surv_omega",0.569238994704,308.524545374083,0.000569210483089328,TRUE
"run_016","surv_alpha1",0.106071947389,308.524545374083,0.000569210483089328,TRUE
"run_016","surv_beta1",111.589700857,308.524545374083,0.000569210483089328,TRUE
"run_016","surv_alpha2",0.179560192926,308.524545374083,0.000569210483089328,TRUE
"run_016","surv_beta2",41.6216097725,308.524545374083,0.000569210483089328,TRUE
"run_017","log_avg_rec",21.2141024698,308.524545369165,0.000283726999153692,TRUE
"run_017","log_m_mu[1]",-1.35304195078,308.524545369165,0.000283726999153692,TRUE
"run_017","log_m_mu[2]",-0.774265476438,308.524545369165,0.000283726999153692,TRUE
"run_017","log_m_mu[3]",-0.950302755149,308.524545369165,0.000283726999153692,TRUE
"run_017","prop_rec[1]",14.2475791045,308.524545369165,0.000283726999153692,TRUE
"run_017","prop_rec[2]",2.92522961949,308.524545369165,0.000283726999153692,TRUE
"run_017","sigma_m[1]",1,308.524545369165,0.000283726999153692,TRUE
"run_017","sigma_m[2]",1,308.524545369165,0.000283726999153692,TRUE
"run_017","sigma_m[3]",1,308.524545369165,0.000283726999153692,TRUE
"run_017","sigma_q[1]",0.1,308.524545369165,0.000283726999153692,TRUE
"run_017","sigma_q[2]",0.1,308.524545369165,0.000283726999153692,TRUE
"run_017","log_f",0.137366703278,308.524545369165,0.000283726999153692,TRUE
"run_017","fish_ret_sel_50",96.9093083879,308.524545369165,0.000283726999153692,TRUE
"run_017","fish_ret_sel_50_post",102.052586439,308.524545369165,0.000283726999153692,TRUE
"run_017","fish_ret_sel_slope",0.214615409657,308.524545369165,0.000283726999153692,TRUE
"run_017","fish_ret_sel_slope_post",0.297360879012,308.524545369165,0.000283726999153692,TRUE
"run_017","fish_tot_sel_offset",-9.26540472281,308.524545369165,0.000283726999153692,TRUE
"run_017","fish_tot_sel_slope",-1.6241071896,308.524545369165,0.000283726999153692,TRUE
"run_017","surv_omega",0.569239058101,308.524545369165,0.000283726999153692,TRUE
"run_017","surv_alpha1",0.106071917995,308.524545369165,0.000283726999153692,TRUE
"run_017","surv_beta1",111.589700554,308.524545369165,0.000283726999153692,TRUE
"run_017","surv_alpha2",0.179560294033,308.524545369165,0.000283726999153692,TRUE
"run_017","surv_beta2",41.6216110257,308.524545369165,0.000283726999153692,TRUE
"run_018","log_avg_rec",21.2998135781,308.524545366515,0.000741112393535674,TRUE
"run_018","log_m_mu[1]",-1.35304200636,308.524545366515,0.000741112393535674,TRUE
"run_018","log_m_mu[2]",-0.774265536908,308.524545366515,0.000741112393535674,TRUE
"run_018","log_m_mu[3]",-1.2773266052,308.524545366515,0.000741112393535674,TRUE
"run_018","prop_rec[1]",14.2476002776,308.524545366515,0.000741112393535674,TRUE
"run_018","prop_rec[2]",2.92524504345,308.524545366515,0.000741112393535674,TRUE
"run_018","sigma_m[1]",1,308.524545366515,0.000741112393535674,TRUE
"run_018","sigma_m[2]",1,308.524545366515,0.000741112393535674,TRUE
"run_018","sigma_m[3]",1,308.524545366515,0.000741112393535674,TRUE
"run_018","sigma_q[1]",0.1,308.524545366515,0.000741112393535674,TRUE
"run_018","sigma_q[2]",0.1,308.524545366515,0.000741112393535674,TRUE
"run_018","log_f",0.13736685802,308.524545366515,0.000741112393535674,TRUE
"run_018","fish_ret_sel_50",96.9093084928,308.524545366515,0.000741112393535674,TRUE
"run_018","fish_ret_sel_50_post",102.052586139,308.524545366515,0.000741112393535674,TRUE
"run_018","fish_ret_sel_slope",0.214615413902,308.524545366515,0.000741112393535674,TRUE
"run_018","fish_ret_sel_slope_post",0.297360861414,308.524545366515,0.000741112393535674,TRUE
"run_018","fish_tot_sel_offset",-9.265404365,308.524545366515,0.000741112393535674,TRUE
"run_018","fish_tot_sel_slope",-1.624107148,308.524545366515,0.000741112393535674,TRUE
"run_018","surv_omega",0.569239019991,308.524545366515,0.000741112393535674,TRUE
"run_018","surv_alpha1",0.106071928887,308.524545366515,0.000741112393535674,TRUE
"run_018","surv_beta1",111.589699363,308.524545366515,0.000741112393535674,TRUE
"run_018","surv_alpha2",0.17956017568,308.524545366515,0.000741112393535674,TRUE
"run_018","surv_beta2",41.6216106272,308.524545366515,0.000741112393535674,TRUE
"run_019","log_avg_rec",21.1533069372,308.524545359785,0.000791783458733504,TRUE
"run_019","log_m_mu[1]",-1.35304205188,308.524545359785,0.000791783458733504,TRUE
"run_019","log_m_mu[2]",-0.774265456457,308.524545359785,0.000791783458733504,TRUE
"run_019","log_m_mu[3]",-1.06113935036,308.524545359785,0.000791783458733504,TRUE
"run_019","prop_rec[1]",14.2475927419,308.524545359785,0.000791783458733504,TRUE
"run_019","prop_rec[2]",2.92523988835,308.524545359785,0.000791783458733504,TRUE
"run_019","sigma_m[1]",1,308.524545359785,0.000791783458733504,TRUE
"run_019","sigma_m[2]",1,308.524545359785,0.000791783458733504,TRUE
"run_019","sigma_m[3]",1,308.524545359785,0.000791783458733504,TRUE
"run_019","sigma_q[1]",0.1,308.524545359785,0.000791783458733504,TRUE
"run_019","sigma_q[2]",0.1,308.524545359785,0.000791783458733504,TRUE
"run_019","log_f",0.137367121521,308.524545359785,0.000791783458733504,TRUE
"run_019","fish_ret_sel_50",96.9093081049,308.524545359785,0.000791783458733504,TRUE
"run_019","fish_ret_sel_50_post",102.052586553,308.524545359785,0.000791783458733504,TRUE
"run_019","fish_ret_sel_slope",0.214615392415,308.524545359785,0.000791783458733504,TRUE
"run_019","fish_ret_sel_slope_post",0.297360868408,308.524545359785,0.000791783458733504,TRUE
"run_019","fish_tot_sel_offset",-9.26540598104,308.524545359785,0.000791783458733504,TRUE
"run_019","fish_tot_sel_slope",-1.62410716116,308.524545359785,0.000791783458733504,TRUE
"run_019","surv_omega",0.569239023568,308.524545359785,0.000791783458733504,TRUE
"run_019","surv_alpha1",0.106071896894,308.524545359785,0.000791783458733504,TRUE
"run_019","surv_beta1",111.589701201,308.524545359785,0.000791783458733504,TRUE
"run_019","surv_alpha2",0.179560201006,308.524545359785,0.000791783458733504,TRUE
"run_019","surv_beta2",41.621609671,308.524545359785,0.000791783458733504,TRUE
"run_020","log_avg_rec",21.1558308027,308.524545374139,0.000816939957293175,TRUE
"run_020","log_m_mu[1]",-1.35304210537,308.524545374139,0.000816939957293175,TRUE
"run_020","log_m_mu[2]",-0.77426554088,308.524545374139,0.000816939957293175,TRUE
"run_020","log_m_mu[3]",-1.09009885736,308.524545374139,0.000816939957293175,TRUE
"run_020","prop_rec[1]",14.2475904778,308.524545374139,0.000816939957293175,TRUE
"run_020","prop_rec[2]",2.92523739869,308.524545374139,0.000816939957293175,TRUE
"run_020","sigma_m[1]",1,308.524545374139,0.000816939957293175,TRUE
"run_020","sigma_m[2]",1,308.524545374139,0.000816939957293175,TRUE
"run_020","sigma_m[3]",1,308.524545374139,0.000816939957293175,TRUE
"run_020","sigma_q[1]",0.1,308.524545374139,0.000816939957293175,TRUE
"run_020","sigma_q[2]",0.1,308.524545374139,0.000816939957293175,TRUE
"run_020","log_f",0.137366441406,308.524545374139,0.000816939957293175,TRUE
"run_020","fish_ret_sel_50",96.909310748,308.524545374139,0.000816939957293175,TRUE
"run_020","fish_ret_sel_50_post",102.052587034,308.524545374139,0.000816939957293175,TRUE
"run_020","fish_ret_sel_slope",0.214615396766,308.524545374139,0.000816939957293175,TRUE
"run_020","fish_ret_sel_slope_post",0.297360895623,308.524545374139,0.000816939957293175,TRUE
"run_020","fish_tot_sel_offset",-9.26539938624,308.524545374139,0.000816939957293175,TRUE
"run_020","fish_tot_sel_slope",-1.62410714905,308.524545374139,0.000816939957293175,TRUE
"run_020","surv_omega",0.569239047544,308.524545374139,0.000816939957293175,TRUE
"run_020","surv_alpha1",0.106071913866,308.524545374139,0.000816939957293175,TRUE
"run_020","surv_beta1",111.589701894,308.524545374139,0.000816939957293175,TRUE
"run_020","surv_alpha2",0.179560259533,308.524545374139,0.000816939957293175,TRUE
"run_020","surv_beta2",41.6216091411,308.524545374139,0.000816939957293175,TRUE
"run_021","log_avg_rec",20.9373857462,308.524545371989,0.000522999263926957,TRUE
"run_021","log_m_mu[1]",-1.35304212476,308.524545371989,0.000522999263926957,TRUE
"run_021","log_m_mu[2]",-0.774265553637,308.524545371989,0.000522999263926957,TRUE
"run_021","log_m_mu[3]",-1.42566908874,308.524545371989,0.000522999263926957,TRUE
"run_021","prop_rec[1]",14.2475867762,308.524545371989,0.000522999263926957,TRUE
"run_021","prop_rec[2]",2.92523354664,308.524545371989,0.000522999263926957,TRUE
"run_021","sigma_m[1]",1,308.524545371989,0.000522999263926957,TRUE
"run_021","sigma_m[2]",1,308.524545371989,0.000522999263926957,TRUE
"run_021","sigma_m[3]",1,308.524545371989,0.000522999263926957,TRUE
"run_021","sigma_q[1]",0.1,308.524545371989,0.000522999263926957,TRUE
"run_021","sigma_q[2]",0.1,308.524545371989,0.000522999263926957,TRUE
"run_021","log_f",0.137367177401,308.524545371989,0.000522999263926957,TRUE
"run_021","fish_ret_sel_50",96.9093076932,308.524545371989,0.000522999263926957,TRUE
"run_021","fish_ret_sel_50_post",102.052585758,308.524545371989,0.000522999263926957,TRUE
"run_021","fish_ret_sel_slope",0.214615436056,308.524545371989,0.000522999263926957,TRUE
"run_021","fish_ret_sel_slope_post",0.297360836307,308.524545371989,0.000522999263926957,TRUE
"run_021","fish_tot_sel_offset",-9.2654067337,308.524545371989,0.000522999263926957,TRUE
"run_021","fish_tot_sel_slope",-1.62410712865,308.524545371989,0.000522999263926957,TRUE
"run_021","surv_omega",0.56923903648,308.524545371989,0.000522999263926957,TRUE
"run_021","surv_alpha1",0.10607191438,308.524545371989,0.000522999263926957,TRUE
"run_021","surv_beta1",111.589698212,308.524545371989,0.000522999263926957,TRUE
"run_021","surv_alpha2",0.179560269551,308.524545371989,0.000522999263926957,TRUE
"run_021","surv_beta2",41.6216086166,308.524545371989,0.000522999263926957,TRUE
"run_022","log_avg_rec",20.8673283924,308.524545373247,0.000716878991077652,TRUE
"run_022","log_m_mu[1]",-1.35304205612,308.524545373247,0.000716878991077652,TRUE
"run_022","log_m_mu[2]",-0.774265467617,308.524545373247,0.000716878991077652,TRUE
"run_022","log_m_mu[3]",-1.23545316995,308.524545373247,0.000716878991077652,TRUE
"run_022","prop_rec[1]",14.2475914796,308.524545373247,0.000716878991077652,TRUE
"run_022","prop_rec[2]",2.92523827403,308.524545373247,0.000716878991077652,TRUE
"run_022","sigma_m[1]",1,308.524545373247,0.000716878991077652,TRUE
"run_022","sigma_m[2]",1,308.524545373247,0.000716878991077652,TRUE
"run_022","sigma_m[3]",1,308.524545373247,0.000716878991077652,TRUE
"run_022","sigma_q[1]",0.1,308.524545373247,0.000716878991077652,TRUE
"run_022","sigma_q[2]",0.1,308.524545373247,0.000716878991077652,TRUE
"run_022","log_f",0.137366699781,308.524545373247,0.000716878991077652,TRUE
"run_022","fish_ret_sel_50",96.9093099909,308.524545373247,0.000716878991077652,TRUE
"run_022","fish_ret_sel_50_post",102.052586442,308.524545373247,0.000716878991077652,TRUE
"run_022","fish_ret_sel_slope",0.21461544014,308.524545373247,0.000716878991077652,TRUE
"run_022","fish_ret_sel_slope_post",0.297360854346,308.524545373247,0.000716878991077652,TRUE
"run_022","fish_tot_sel_offset",-9.26540151803,308.524545373247,0.000716878991077652,TRUE
"run_022","fish_tot_sel_slope",-1.62410713087,308.524545373247,0.000716878991077652,TRUE
"run_022","surv_omega",0.569238989443,308.524545373247,0.000716878991077652,TRUE
"run_022","surv_alpha1",0.106071961659,308.524545373247,0.000716878991077652,TRUE
"run_022","surv_beta1",111.589701116,308.524545373247,0.000716878991077652,TRUE
"run_022","surv_alpha2",0.1795602225,308.524545373247,0.000716878991077652,TRUE
"run_022","surv_beta2",41.6216105619,308.524545373247,0.000716878991077652,TRUE
"run_023","log_avg_rec",21.1564669844,308.524545364293,0.000928667114247844,TRUE
"run_023","log_m_mu[1]",-1.35304218129,308.524545364293,0.000928667114247844,TRUE
"run_023","log_m_mu[2]",-0.774265485771,308.524545364293,0.000928667114247844,TRUE
"run_023","log_m_mu[3]",-0.836004087677,308.524545364293,0.000928667114247844,TRUE
"run_023","prop_rec[1]",14.2476016904,308.524545364293,0.000928667114247844,TRUE
"run_023","prop_rec[2]",2.92524610006,308.524545364293,0.000928667114247844,TRUE
"run_023","sigma_m[1]",1,308.524545364293,0.000928667114247844,TRUE
"run_023","sigma_m[2]",1,308.524545364293,0.000928667114247844,TRUE
"run_023","sigma_m[3]",1,308.524545364293,0.000928667114247844,TRUE
"run_023","sigma_q[1]",0.1,308.524545364293,0.000928667114247844,TRUE
"run_023","sigma_q[2]",0.1,308.524545364293,0.000928667114247844,TRUE
"run_023","log_f",0.137367075213,308.524545364293,0.000928667114247844,TRUE
"run_023","fish_ret_sel_50",96.9093080623,308.524545364293,0.000928667114247844,TRUE
"run_023","fish_ret_sel_50_post",102.052586738,308.524545364293,0.000928667114247844,TRUE
"run_023","fish_ret_sel_slope",0.214615403039,308.524545364293,0.000928667114247844,TRUE
"run_023","fish_ret_sel_slope_post",0.297360868766,308.524545364293,0.000928667114247844,TRUE
"run_023","fish_tot_sel_offset",-9.26540689365,308.524545364293,0.000928667114247844,TRUE
"run_023","fish_tot_sel_slope",-1.62410721752,308.524545364293,0.000928667114247844,TRUE
"run_023","surv_omega",0.569239011946,308.524545364293,0.000928667114247844,TRUE
"run_023","surv_alpha1",0.10607190627,308.524545364293,0.000928667114247844,TRUE
"run_023","surv_beta1",111.589699851,308.524545364293,0.000928667114247844,TRUE
"run_023","surv_alpha2",0.179560161418,308.524545364293,0.000928667114247844,TRUE
"run_023","surv_beta2",41.6216097394,308.524545364293,0.000928667114247844,TRUE
"run_024","log_avg_rec",20.928712499,308.524665239949,0.000842896506346556,TRUE
"run_024","log_m_mu[1]",-1.35304220539,308.524665239949,0.000842896506346556,TRUE
"run_024","log_m_mu[2]",-0.774265550254,308.524665239949,0.000842896506346556,TRUE
"run_024","log_m_mu[3]",-1.09243194742,308.524665239949,0.000842896506346556,TRUE
"run_024","prop_rec[1]",14.2475957832,308.524665239949,0.000842896506346556,TRUE
"run_024","prop_rec[2]",2.92524144984,308.524665239949,0.000842896506346556,TRUE
"run_024","sigma_m[1]",1,308.524665239949,0.000842896506346556,TRUE
"run_024","sigma_m[2]",1,308.524665239949,0.000842896506346556,TRUE
"run_024","sigma_m[3]",1,308.524665239949,0.000842896506346556,TRUE
"run_024","sigma_q[1]",0.1,308.524665239949,0.000842896506346556,TRUE
"run_024","sigma_q[2]",0.1,308.524665239949,0.000842896506346556,TRUE
"run_024","log_f",0.137369108882,308.524665239949,0.000842896506346556,TRUE
"run_024","fish_ret_sel_50",96.9093058551,308.524665239949,0.000842896506346556,TRUE
"run_024","fish_ret_sel_50_post",102.052585569,308.524665239949,0.000842896506346556,TRUE
"run_024","fish_ret_sel_slope",0.214615397196,308.524665239949,0.000842896506346556,TRUE
"run_024","fish_ret_sel_slope_post",0.297360843377,308.524665239949,0.000842896506346556,TRUE
"run_024","fish_tot_sel_offset",-9.26542170015,308.524665239949,0.000842896506346556,TRUE
"run_024","fish_tot_sel_slope",-1.62410730531,308.524665239949,0.000842896506346556,TRUE
"run_024","surv_omega",0.569238999867,308.524665239949,0.000842896506346556,TRUE
"run_024","surv_alpha1",0.106071957753,308.524665239949,0.000842896506346556,TRUE
"run_024","surv_beta1",111.58969727,308.524665239949,0.000842896506346556,TRUE
"run_024","surv_alpha2",0.179560202511,308.524665239949,0.000842896506346556,TRUE
"run_024","surv_beta2",41.6216104074,308.524665239949,0.000842896506346556,TRUE
"run_025","log_avg_rec",21.3005104268,308.524545362738,0.000507251494055183,TRUE
"run_025","log_m_mu[1]",-1.35304222407,308.524545362738,0.000507251494055183,TRUE
"run_025","log_m_mu[2]",-0.774265451286,308.524545362738,0.000507251494055183,TRUE
"run_025","log_m_mu[3]",-1.19338671755,308.524545362738,0.000507251494055183,TRUE
"run_025","prop_rec[1]",14.2475851348,308.524545362738,0.000507251494055183,TRUE
"run_025","prop_rec[2]",2.92523201975,308.524545362738,0.000507251494055183,TRUE
"run_025","sigma_m[1]",1,308.524545362738,0.000507251494055183,TRUE
"run_025","sigma_m[2]",1,308.524545362738,0.000507251494055183,TRUE
"run_025","sigma_m[3]",1,308.524545362738,0.000507251494055183,TRUE
"run_025","sigma_q[1]",0.1,308.524545362738,0.000507251494055183,TRUE
"run_025","sigma_q[2]",0.1,308.524545362738,0.000507251494055183,TRUE
"run_025","log_f",0.137367524141,308.524545362738,0.000507251494055183,TRUE
"run_025","fish_ret_sel_50",96.9093078754,308.524545362738,0.000507251494055183,TRUE
"run_025","fish_ret_sel_50_post",102.052586325,308.524545362738,0.000507251494055183,TRUE
"run_025","fish_ret_sel_slope",0.214615408743,308.524545362738,0.000507251494055183,TRUE
"run_025","fish_ret_sel_slope_post",0.297360843157,308.524545362738,0.000507251494055183,TRUE
"run_025","fish_tot_sel_offset",-9.26540822714,308.524545362738,0.000507251494055183,TRUE
"run_025","fish_tot_sel_slope",-1.62410717932,308.524545362738,0.000507251494055183,TRUE
"run_025","surv_omega",0.56923898645,308.524545362738,0.000507251494055183,TRUE
"run_025","surv_alpha1",0.106071931051,308.524545362738,0.000507251494055183,TRUE
"run_025","surv_beta1",111.589700703,308.524545362738,0.000507251494055183,TRUE
"run_025","surv_alpha2",0.179560255767,308.524545362738,0.000507251494055183,TRUE
"run_025","surv_beta2",41.6216099119,308.524545362738,0.000507251494055183,TRUE
"run_026","log_avg_rec",20.8186582515,308.524545417062,0.000541405505130939,TRUE
"run_026","log_m_mu[1]",-1.35304202001,308.524545417062,0.000541405505130939,TRUE
"run_026","log_m_mu[2]",-0.774265577941,308.524545417062,0.000541405505130939,TRUE
"run_026","log_m_mu[3]",-1.41954383062,308.524545417062,0.000541405505130939,TRUE
"run_026","prop_rec[1]",14.2475924213,308.524545417062,0.000541405505130939,TRUE
"run_026","prop_rec[2]",2.92523964999,308.524545417062,0.000541405505130939,TRUE
"run_026","sigma_m[1]",1,308.524545417062,0.000541405505130939,TRUE
"run_026","sigma_m[2]",1,308.524545417062,0.000541405505130939,TRUE
"run_026","sigma_m[3]",1,308.524545417062,0.000541405505130939,TRUE
"run_026","sigma_q[1]",0.1,308.524545417062,0.000541405505130939,TRUE
"run_026","sigma_q[2]",0.1,308.524545417062,0.000541405505130939,TRUE
"run_026","log_f",0.137366883122,308.524545417062,0.000541405505130939,TRUE
"run_026","fish_ret_sel_50",96.9093081404,308.524545417062,0.000541405505130939,TRUE
"run_026","fish_ret_sel_50_post",102.052584931,308.524545417062,0.000541405505130939,TRUE
"run_026","fish_ret_sel_slope",0.214615403324,308.524545417062,0.000541405505130939,TRUE
"run_026","fish_ret_sel_slope_post",0.297360922871,308.524545417062,0.000541405505130939,TRUE
"run_026","fish_tot_sel_offset",-9.26540492421,308.524545417062,0.000541405505130939,TRUE
"run_026","fish_tot_sel_slope",-1.6241071704,308.524545417062,0.000541405505130939,TRUE
"run_026","surv_omega",0.569238984478,308.524545417062,0.000541405505130939,TRUE
"run_026","surv_alpha1",0.106071936467,308.524545417062,0.000541405505130939,TRUE
"run_026","surv_beta1",111.589701801,308.524545417062,0.000541405505130939,TRUE
"run_026","surv_alpha2",0.179560195759,308.524545417062,0.000541405505130939,TRUE
"run_026","surv_beta2",41.6216120731,308.524545417062,0.000541405505130939,TRUE
"run_027","log_avg_rec",20.8561507219,1309.31154774197,5058.55914326981,FALSE
"run_027","log_m_mu[1]",-1.84819135088,1309.31154774197,5058.55914326981,FALSE
"run_027","log_m_mu[2]",0.118095818314,1309.31154774197,5058.55914326981,FALSE
"run_027","log_m_mu[3]",-1.1878557745,1309.31154774197,5058.55914326981,FALSE
"run_027","prop_rec[1]",16.4171461874,1309.31154774197,5058.55914326981,FALSE
"run_027","prop_rec[2]",8.69195197402,1309.31154774197,5058.55914326981,FALSE
"run_027","sigma_m[1]",1,1309.31154774197,5058.55914326981,FALSE
"run_027","sigma_m[2]",1,1309.31154774197,5058.55914326981,FALSE
"run_027","sigma_m[3]",1,1309.31154774197,5058.55914326981,FALSE
"run_027","sigma_q[1]",0.1,1309.31154774197,5058.55914326981,FALSE
"run_027","sigma_q[2]",0.1,1309.31154774197,5058.55914326981,FALSE
"run_027","log_f",-0.527231158502,1309.31154774197,5058.55914326981,FALSE
"run_027","fish_ret_sel_50",87.0693220446,1309.31154774197,5058.55914326981,FALSE
"run_027","fish_ret_sel_50_post",106.686477046,1309.31154774197,5058.55914326981,FALSE
"run_027","fish_ret_sel_slope",0.116944000853,1309.31154774197,5058.55914326981,FALSE
"run_027","fish_ret_sel_slope_post",0.351754840165,1309.31154774197,5058.55914326981,FALSE
"run_027","fish_tot_sel_offset",-9.80970269359,1309.31154774197,5058.55914326981,FALSE
"run_027","fish_tot_sel_slope",-0.982229194295,1309.31154774197,5058.55914326981,FALSE
"run_027","surv_omega",0.471390172454,1309.31154774197,5058.55914326981,FALSE
"run_027","surv_alpha1",14.9116048565,1309.31154774197,5058.55914326981,FALSE
"run_027","surv_beta1",98.8287568026,1309.31154774197,5058.55914326981,FALSE
"run_027","surv_alpha2",0.204291123755,1309.31154774197,5058.55914326981,FALSE
"run_027","surv_beta2",44.1663542087,1309.31154774197,5058.55914326981,FALSE
"run_028","log_avg_rec",21.2275750858,325.94568749984,0.000662331906903658,TRUE
"run_028","log_m_mu[1]",-1.29722046598,325.94568749984,0.000662331906903658,TRUE
"run_028","log_m_mu[2]",-0.752460327351,325.94568749984,0.000662331906903658,TRUE
"run_028","log_m_mu[3]",-1.14460794648,325.94568749984,0.000662331906903658,TRUE
"run_028","prop_rec[1]",26.0063578052,325.94568749984,0.000662331906903658,TRUE
"run_028","prop_rec[2]",15.8097735324,325.94568749984,0.000662331906903658,TRUE
"run_028","sigma_m[1]",1,325.94568749984,0.000662331906903658,TRUE
"run_028","sigma_m[2]",1,325.94568749984,0.000662331906903658,TRUE
"run_028","sigma_m[3]",1,325.94568749984,0.000662331906903658,TRUE
"run_028","sigma_q[1]",0.1,325.94568749984,0.000662331906903658,TRUE
"run_028","sigma_q[2]",0.1,325.94568749984,0.000662331906903658,TRUE
"run_028","log_f",0.136236058717,325.94568749984,0.000662331906903658,TRUE
"run_028","fish_ret_sel_50",96.9854354771,325.94568749984,0.000662331906903658,TRUE
"run_028","fish_ret_sel_50_post",102.064245385,325.94568749984,0.000662331906903658,TRUE
"run_028","fish_ret_sel_slope",0.214658634479,325.94568749984,0.000662331906903658,TRUE
"run_028","fish_ret_sel_slope_post",0.296483029146,325.94568749984,0.000662331906903658,TRUE
"run_028","fish_tot_sel_offset",-8.90113344923,325.94568749984,0.000662331906903658,TRUE
"run_028","fish_tot_sel_slope",-1.6150860122,325.94568749984,0.000662331906903658,TRUE
"run_028","surv_omega",0.859494420264,325.94568749984,0.000662331906903658,TRUE
"run_028","surv_alpha1",0.0293230717432,325.94568749984,0.000662331906903658,TRUE
"run_028","surv_beta1",91.3780519612,325.94568749984,0.000662331906903658,TRUE
"run_028","surv_alpha2",16.9250102037,325.94568749984,0.000662331906903658,TRUE
"run_028","surv_beta2",46.5427962583,325.94568749984,0.000662331906903658,TRUE
"run_029","log_avg_rec",21.0187762819,308.524545366292,0.000489680295190659,TRUE
"run_029","log_m_mu[1]",-1.3530417214,308.524545366292,0.000489680295190659,TRUE
"run_029","log_m_mu[2]",-0.774265602314,308.524545366292,0.000489680295190659,TRUE
"run_029","log_m_mu[3]",-1.28801210526,308.524545366292,0.000489680295190659,TRUE
"run_029","prop_rec[1]",14.2475952485,308.524545366292,0.000489680295190659,TRUE
"run_029","prop_rec[2]",2.92523948451,308.524545366292,0.000489680295190659,TRUE
"run_029","sigma_m[1]",1,308.524545366292,0.000489680295190659,TRUE
"run_029","sigma_m[2]",1,308.524545366292,0.000489680295190659,TRUE
"run_029","sigma_m[3]",1,308.524545366292,0.000489680295190659,TRUE
"run_029","sigma_q[1]",0.1,308.524545366292,0.000489680295190659,TRUE
"run_029","sigma_q[2]",0.1,308.524545366292,0.000489680295190659,TRUE
"run_029","log_f",0.137366607987,308.524545366292,0.000489680295190659,TRUE
"run_029","fish_ret_sel_50",96.9093118038,308.524545366292,0.000489680295190659,TRUE
"run_029","fish_ret_sel_50_post",102.052585663,308.524545366292,0.000489680295190659,TRUE
"run_029","fish_ret_sel_slope",0.214615475654,308.524545366292,0.000489680295190659,TRUE
"run_029","fish_ret_sel_slope_post",0.297360861947,308.524545366292,0.000489680295190659,TRUE
"run_029","fish_tot_sel_offset",-9.26540066219,308.524545366292,0.000489680295190659,TRUE
"run_029","fish_tot_sel_slope",-1.62410716875,308.524545366292,0.000489680295190659,TRUE
"run_029","surv_omega",0.430760961873,308.524545366292,0.000489680295190659,TRUE
"run_029","surv_alpha1",0.179560194243,308.524545366292,0.000489680295190659,TRUE
"run_029","surv_beta1",41.6216141325,308.524545366292,0.000489680295190659,TRUE
"run_029","surv_alpha2",0.106071920492,308.524545366292,0.000489680295190659,TRUE
"run_029","surv_beta2",111.589700605,308.524545366292,0.000489680295190659,TRUE
"run_030","log_avg_rec",21.1646094791,308.524545369876,0.000599019434024757,TRUE
"run_030","log_m_mu[1]",-1.35304235451,308.524545369876,0.000599019434024757,TRUE
"run_030","log_m_mu[2]",-0.774265474041,308.524545369876,0.000599019434024757,TRUE
"run_030","log_m_mu[3]",-1.71396830153,308.524545369876,0.000599019434024757,TRUE
"run_030","prop_rec[1]",14.247591391,308.524545369876,0.000599019434024757,TRUE
"run_030","prop_rec[2]",2.92523716048,308.524545369876,0.000599019434024757,TRUE
"run_030","sigma_m[1]",1,308.524545369876,0.000599019434024757,TRUE
"run_030","sigma_m[2]",1,308.524545369876,0.000599019434024757,TRUE
"run_030","sigma_m[3]",1,308.524545369876,0.000599019434024757,TRUE
"run_030","sigma_q[1]",0.1,308.524545369876,0.000599019434024757,TRUE
"run_030","sigma_q[2]",0.1,308.524545369876,0.000599019434024757,TRUE
"run_030","log_f",0.137367350827,308.524545369876,0.000599019434024757,TRUE
"run_030","fish_ret_sel_50",96.9093080312,308.524545369876,0.000599019434024757,TRUE
"run_030","fish_ret_sel_50_post",102.052586749,308.524545369876,0.000599019434024757,TRUE
"run_030","fish_ret_sel_slope",0.214615374347,308.524545369876,0.000599019434024757,TRUE
"run_030","fish_ret_sel_slope_post",0.297360863713,308.524545369876,0.000599019434024757,TRUE
"run_030","fish_tot_sel_offset",-9.26540796242,308.524545369876,0.000599019434024757,TRUE
"run_030","fish_tot_sel_slope",-1.62410719534,308.524545369876,0.000599019434024757,TRUE
"run_030","surv_omega",0.569238959107,308.524545369876,0.000599019434024757,TRUE
"run_030","surv_alpha1",0.106071961582,308.524545369876,0.000599019434024757,TRUE
"run_030","surv_beta1",111.589704859,308.524545369876,0.000599019434024757,TRUE
"run_030","surv_alpha2",0.179560235637,308.524545369876,0.000599019434024757,TRUE
"run_030","surv_beta2",41.621608782,308.524545369876,0.000599019434024757,TRUE
"run_031","log_avg_rec",20.0379226497,3182.38715925913,30405.0861177819,FALSE
"run_031","log_m_mu[1]",-1.3166446232,3182.38715925913,30405.0861177819,FALSE
"run_031","log_m_mu[2]",-0.990157721698,3182.38715925913,30405.0861177819,FALSE
"run_031","log_m_mu[3]",-0.98156622274,3182.38715925913,30405.0861177819,FALSE
"run_031","prop_rec[1]",56.7459317056,3182.38715925913,30405.0861177819,FALSE
"run_031","prop_rec[2]",65.7738330375,3182.38715925913,30405.0861177819,FALSE
"run_031","sigma_m[1]",1,3182.38715925913,30405.0861177819,FALSE
"run_031","sigma_m[2]",1,3182.38715925913,30405.0861177819,FALSE
"run_031","sigma_m[3]",1,3182.38715925913,30405.0861177819,FALSE
"run_031","sigma_q[1]",0.1,3182.38715925913,30405.0861177819,FALSE
"run_031","sigma_q[2]",0.1,3182.38715925913,30405.0861177819,FALSE
"run_031","log_f",3.96121709365,3182.38715925913,30405.0861177819,FALSE
"run_031","fish_ret_sel_50",95.3058994056,3182.38715925913,30405.0861177819,FALSE
"run_031","fish_ret_sel_50_post",104.455081854,3182.38715925913,30405.0861177819,FALSE
"run_031","fish_ret_sel_slope",0.0580393598314,3182.38715925913,30405.0861177819,FALSE
"run_031","fish_ret_sel_slope_post",0.539624577729,3182.38715925913,30405.0861177819,FALSE
"run_031","fish_tot_sel_offset",-9.99999954586,3182.38715925913,30405.0861177819,FALSE
"run_031","fish_tot_sel_slope",-0.804910625526,3182.38715925913,30405.0861177819,FALSE
"run_031","surv_omega",0.669280968376,3182.38715925913,30405.0861177819,FALSE
"run_031","surv_alpha1",0.0271515427047,3182.38715925913,30405.0861177819,FALSE
"run_031","surv_beta1",94.7397784624,3182.38715925913,30405.0861177819,FALSE
"run_031","surv_alpha2",1.16842223095,3182.38715925913,30405.0861177819,FALSE
"run_031","surv_beta2",28.9895679084,3182.38715925913,30405.0861177819,FALSE
"run_032","log_avg_rec",21.1248818192,308.524545365382,0.00063889388875368,TRUE
"run_032","log_m_mu[1]",-1.3530423741,308.524545365382,0.00063889388875368,TRUE
"run_032","log_m_mu[2]",-0.774265151445,308.524545365382,0.00063889388875368,TRUE
"run_032","log_m_mu[3]",-1.25738149728,308.524545365382,0.00063889388875368,TRUE
"run_032","prop_rec[1]",14.247604875,308.524545365382,0.00063889388875368,TRUE
"run_032","prop_rec[2]",2.92525187223,308.524545365382,0.00063889388875368,TRUE
"run_032","sigma_m[1]",1,308.524545365382,0.00063889388875368,TRUE
"run_032","sigma_m[2]",1,308.524545365382,0.00063889388875368,TRUE
"run_032","sigma_m[3]",1,308.524545365382,0.00063889388875368,TRUE
"run_032","sigma_q[1]",0.1,308.524545365382,0.00063889388875368,TRUE
"run_032","sigma_q[2]",0.1,308.524545365382,0.00063889388875368,TRUE
"run_032","log_f",0.137367078049,308.524545365382,0.00063889388875368,TRUE
"run_032","fish_ret_sel_50",96.9093066177,308.524545365382,0.00063889388875368,TRUE
"run_032","fish_ret_sel_50_post",102.052587447,308.524545365382,0.00063889388875368,TRUE
"run_032","fish_ret_sel_slope",0.214615386013,308.524545365382,0.00063889388875368,TRUE
"run_032","fish_ret_sel_slope_post",0.297360855985,308.524545365382,0.00063889388875368,TRUE
"run_032","fish_tot_sel_offset",-9.2654068383,308.524545365382,0.00063889388875368,TRUE
"run_032","fish_tot_sel_slope",-1.62410715126,308.524545365382,0.00063889388875368,TRUE
"run_032","surv_omega",0.5692389668,308.524545365382,0.00063889388875368,TRUE
"run_032","surv_alpha1",0.106071970794,308.524545365382,0.00063889388875368,TRUE
"run_032","surv_beta1",111.589702589,308.524545365382,0.00063889388875368,TRUE
"run_032","surv_alpha2",0.179560147672,308.524545365382,0.00063889388875368,TRUE
"run_032","surv_beta2",41.6216108278,308.524545365382,0.00063889388875368,TRUE
"run_033","log_avg_rec",21.1172027557,308.524545369515,0.000620799354991656,TRUE
"run_033","log_m_mu[1]",-1.3530421396,308.524545369515,0.000620799354991656,TRUE
"run_033","log_m_mu[2]",-0.77426552058,308.524545369515,0.000620799354991656,TRUE
"run_033","log_m_mu[3]",-1.27588201113,308.524545369515,0.000620799354991656,TRUE
"run_033","prop_rec[1]",14.2475950142,308.524545369515,0.000620799354991656,TRUE
"run_033","prop_rec[2]",2.92524071663,308.524545369515,0.000620799354991656,TRUE
"run_033","sigma_m[1]",1,308.524545369515,0.000620799354991656,TRUE
"run_033","sigma_m[2]",1,308.524545369515,0.000620799354991656,TRUE
"run_033","sigma_m[3]",1,308.524545369515,0.000620799354991656,TRUE
"run_033","sigma_q[1]",0.1,308.524545369515,0.000620799354991656,TRUE
"run_033","sigma_q[2]",0.1,308.524545369515,0.000620799354991656,TRUE
"run_033","log_f",0.137366995141,308.524545369515,0.000620799354991656,TRUE
"run_033","fish_ret_sel_50",96.9093088453,308.524545369515,0.000620799354991656,TRUE
"run_033","fish_ret_sel_50_post",102.052586284,308.524545369515,0.000620799354991656,TRUE
"run_033","fish_ret_sel_slope",0.214615416061,308.524545369515,0.000620799354991656,TRUE
"run_033","fish_ret_sel_slope_post",0.297360852185,308.524545369515,0.000620799354991656,TRUE
"run_033","fish_tot_sel_offset",-9.26540573446,308.524545369515,0.000620799354991656,TRUE
"run_033","fish_tot_sel_slope",-1.6241071839,308.524545369515,0.000620799354991656,TRUE
"run_033","surv_omega",0.430760983673,308.524545369515,0.000620799354991656,TRUE
"run_033","surv_alpha1",0.179560212396,308.524545369515,0.000620799354991656,TRUE
"run_033","surv_beta1",41.6216101704,308.524545369515,0.000620799354991656,TRUE
"run_033","surv_alpha2",0.106071940688,308.524545369515,0.000620799354991656,TRUE
"run_033","surv_beta2",111.589700202,308.524545369515,0.000620799354991656,TRUE
"run_034","log_avg_rec",21.2829420332,308.524545358894,0.000883127748425827,TRUE
"run_034","log_m_mu[1]",-1.35304227447,308.524545358894,0.000883127748425827,TRUE
"run_034","log_m_mu[2]",-0.774265480264,308.524545358894,0.000883127748425827,TRUE
"run_034","log_m_mu[3]",-1.0004098607,308.524545358894,0.000883127748425827,TRUE
"run_034","prop_rec[1]",14.2476105311,308.524545358894,0.000883127748425827,TRUE
"run_034","prop_rec[2]",2.92525103728,308.524545358894,0.000883127748425827,TRUE
"run_034","sigma_m[1]",1,308.524545358894,0.000883127748425827,TRUE
"run_034","sigma_m[2]",1,308.524545358894,0.000883127748425827,TRUE
"run_034","sigma_m[3]",1,308.524545358894,0.000883127748425827,TRUE
"run_034","sigma_q[1]",0.1,308.524545358894,0.000883127748425827,TRUE
"run_034","sigma_q[2]",0.1,308.524545358894,0.000883127748425827,TRUE
"run_034","log_f",0.137368027839,308.524545358894,0.000883127748425827,TRUE
"run_034","fish_ret_sel_50",96.9093082521,308.524545358894,0.000883127748425827,TRUE
"run_034","fish_ret_sel_50_post",102.052585721,308.524545358894,0.000883127748425827,TRUE
"run_034","fish_ret_sel_slope",0.214615433673,308.524545358894,0.000883127748425827,TRUE
"run_034","fish_ret_sel_slope_post",0.297360762588,308.524545358894,0.000883127748425827,TRUE
"run_034","fish_tot_sel_offset",-9.26541205524,308.524545358894,0.000883127748425827,TRUE
"run_034","fish_tot_sel_slope",-1.62410719089,308.524545358894,0.000883127748425827,TRUE
"run_034","surv_omega",0.56923892209,308.524545358894,0.000883127748425827,TRUE
"run_034","surv_alpha1",0.106072069492,308.524545358894,0.000883127748425827,TRUE
"run_034","surv_beta1",111.58969929,308.524545358894,0.000883127748425827,TRUE
"run_034","surv_alpha2",0.179560100144,308.524545358894,0.000883127748425827,TRUE
"run_034","surv_beta2",41.6216113961,308.524545358894,0.000883127748425827,TRUE
"run_035","log_avg_rec",20.8224950636,308.524545368866,0.000361090227457085,TRUE
"run_035","log_m_mu[1]",-1.35304210387,308.524545368866,0.000361090227457085,TRUE
"run_035","log_m_mu[2]",-0.774265460954,308.524545368866,0.000361090227457085,TRUE
"run_035","log_m_mu[3]",-1.28739577871,308.524545368866,0.000361090227457085,TRUE
"run_035","prop_rec[1]",14.2475942905,308.524545368866,0.000361090227457085,TRUE
"run_035","prop_rec[2]",2.92523995249,308.524545368866,0.000361090227457085,TRUE
"run_035","sigma_m[1]",1,308.524545368866,0.000361090227457085,TRUE
"run_035","sigma_m[2]",1,308.524545368866,0.000361090227457085,TRUE
"run_035","sigma_m[3]",1,308.524545368866,0.000361090227457085,TRUE
"run_035","sigma_q[1]",0.1,308.524545368866,0.000361090227457085,TRUE
"run_035","sigma_q[2]",0.1,308.524545368866,0.000361090227457085,TRUE
"run_035","log_f",0.137366859105,308.524545368866,0.000361090227457085,TRUE
"run_035","fish_ret_sel_50",96.9093082271,308.524545368866,0.000361090227457085,TRUE
"run_035","fish_ret_sel_50_post",102.052586382,308.524545368866,0.000361090227457085,TRUE
"run_035","fish_ret_sel_slope",0.214615415878,308.524545368866,0.000361090227457085,TRUE
"run_035","fish_ret_sel_slope_post",0.297360856506,308.524545368866,0.000361090227457085,TRUE
"run_035","fish_tot_sel_offset",-9.26540478463,308.524545368866,0.000361090227457085,TRUE
"run_035","fish_tot_sel_slope",-1.62410714876,308.524545368866,0.000361090227457085,TRUE
"run_035","surv_omega",0.569239015701,308.524545368866,0.000361090227457085,TRUE
"run_035","surv_alpha1",0.106071917687,308.524545368866,0.000361090227457085,TRUE
"run_035","surv_beta1",111.589700769,308.524545368866,0.000361090227457085,TRUE
"run_035","surv_alpha2",0.179560215512,308.524545368866,0.000361090227457085,TRUE
"run_035","surv_beta2",41.62161043,308.524545368866,0.000361090227457085,TRUE
"run_036","log_avg_rec",21.0444352321,308.524545361205,0.000989193220644214,TRUE
"run_036","log_m_mu[1]",-1.35304264346,308.524545361205,0.000989193220644214,TRUE
"run_036","log_m_mu[2]",-0.774265588039,308.524545361205,0.000989193220644214,TRUE
"run_036","log_m_mu[3]",-1.00878805068,308.524545361205,0.000989193220644214,TRUE
"run_036","prop_rec[1]",14.247590043,308.524545361205,0.000989193220644214,TRUE
"run_036","prop_rec[2]",2.92523745488,308.524545361205,0.000989193220644214,TRUE
"run_036","sigma_m[1]",1,308.524545361205,0.000989193220644214,TRUE
"run_036","sigma_m[2]",1,308.524545361205,0.000989193220644214,TRUE
"run_036","sigma_m[3]",1,308.524545361205,0.000989193220644214,TRUE
"run_036","sigma_q[1]",0.1,308.524545361205,0.000989193220644214,TRUE
"run_036","sigma_q[2]",0.1,308.524545361205,0.000989193220644214,TRUE
"run_036","log_f",0.137366130873,308.524545361205,0.000989193220644214,TRUE
"run_036","fish_ret_sel_50",96.909310495,308.524545361205,0.000989193220644214,TRUE
"run_036","fish_ret_sel_50_post",102.052586291,308.524545361205,0.000989193220644214,TRUE
"run_036","fish_ret_sel_slope",0.214615446691,308.524545361205,0.000989193220644214,TRUE
"run_036","fish_ret_sel_slope_post",0.297360925405,308.524545361205,0.000989193220644214,TRUE
"run_036","fish_tot_sel_offset",-9.2653959997,308.524545361205,0.000989193220644214,TRUE
"run_036","fish_tot_sel_slope",-1.62410707047,308.524545361205,0.000989193220644214,TRUE
"run_036","surv_omega",0.569238964889,308.524545361205,0.000989193220644214,TRUE
"run_036","surv_alpha1",0.106071944949,308.524545361205,0.000989193220644214,TRUE
"run_036","surv_beta1",111.589706305,308.524545361205,0.000989193220644214,TRUE
"run_036","surv_alpha2",0.179560242313,308.524545361205,0.000989193220644214,TRUE
"run_036","surv_beta2",41.6216085083,308.524545361205,0.000989193220644214,TRUE
"run_037","log_avg_rec",20.018369154,870.30801824997,1991.9855873086,FALSE
"run_037","log_m_mu[1]",-1.15587511076,870.30801824997,1991.9855873086,FALSE
"run_037","log_m_mu[2]",-0.719016871451,870.30801824997,1991.9855873086,FALSE
"run_037","log_m_mu[3]",-0.99531640176,870.30801824997,1991.9855873086,FALSE
"run_037","prop_rec[1]",16.1944588973,870.30801824997,1991.9855873086,FALSE
"run_037","prop_rec[2]",9.89036582217,870.30801824997,1991.9855873086,FALSE
"run_037","sigma_m[1]",1,870.30801824997,1991.9855873086,FALSE
"run_037","sigma_m[2]",1,870.30801824997,1991.9855873086,FALSE
"run_037","sigma_m[3]",1,870.30801824997,1991.9855873086,FALSE
"run_037","sigma_q[1]",0.1,870.30801824997,1991.9855873086,FALSE
"run_037","sigma_q[2]",0.1,870.30801824997,1991.9855873086,FALSE
"run_037","log_f",2.72463703453,870.30801824997,1991.9855873086,FALSE
"run_037","fish_ret_sel_50",100.774650127,870.30801824997,1991.9855873086,FALSE
"run_037","fish_ret_sel_50_post",102.2929651,870.30801824997,1991.9855873086,FALSE
"run_037","fish_ret_sel_slope",0.283390286781,870.30801824997,1991.9855873086,FALSE
"run_037","fish_ret_sel_slope_post",2.3968206325,870.30801824997,1991.9855873086,FALSE
"run_037","fish_tot_sel_offset",-9.99999999144,870.30801824997,1991.9855873086,FALSE
"run_037","fish_tot_sel_slope",-1.38782169178,870.30801824997,1991.9855873086,FALSE
"run_037","surv_omega",0.349983370167,870.30801824997,1991.9855873086,FALSE
"run_037","surv_alpha1",0.172042820871,870.30801824997,1991.9855873086,FALSE
"run_037","surv_beta1",113.322193443,870.30801824997,1991.9855873086,FALSE
"run_037","surv_alpha2",0.0515212213548,870.30801824997,1991.9855873086,FALSE
"run_037","surv_beta2",50.6860207196,870.30801824997,1991.9855873086,FALSE
"run_038","log_avg_rec",20.8214689637,308.52454537067,0.000694386910671163,TRUE
"run_038","log_m_mu[1]",-1.35304204571,308.52454537067,0.000694386910671163,TRUE
"run_038","log_m_mu[2]",-0.774265490157,308.52454537067,0.000694386910671163,TRUE
"run_038","log_m_mu[3]",-1.25849529708,308.52454537067,0.000694386910671163,TRUE
"run_038","prop_rec[1]",14.2475966359,308.52454537067,0.000694386910671163,TRUE
"run_038","prop_rec[2]",2.9252412059,308.52454537067,0.000694386910671163,TRUE
"run_038","sigma_m[1]",1,308.52454537067,0.000694386910671163,TRUE
"run_038","sigma_m[2]",1,308.52454537067,0.000694386910671163,TRUE
"run_038","sigma_m[3]",1,308.52454537067,0.000694386910671163,TRUE
"run_038","sigma_q[1]",0.1,308.52454537067,0.000694386910671163,TRUE
"run_038","sigma_q[2]",0.1,308.52454537067,0.000694386910671163,TRUE
"run_038","log_f",0.137366901575,308.52454537067,0.000694386910671163,TRUE
"run_038","fish_ret_sel_50",96.9093085686,308.52454537067,0.000694386910671163,TRUE
"run_038","fish_ret_sel_50_post",102.052586252,308.52454537067,0.000694386910671163,TRUE
"run_038","fish_ret_sel_slope",0.214615420984,308.52454537067,0.000694386910671163,TRUE
"run_038","fish_ret_sel_slope_post",0.297360851583,308.52454537067,0.000694386910671163,TRUE
"run_038","fish_tot_sel_offset",-9.26540463566,308.52454537067,0.000694386910671163,TRUE
"run_038","fish_tot_sel_slope",-1.6241071451,308.52454537067,0.000694386910671163,TRUE
"run_038","surv_omega",0.56923902596,308.52454537067,0.000694386910671163,TRUE
"run_038","surv_alpha1",0.106071919097,308.52454537067,0.000694386910671163,TRUE
"run_038","surv_beta1",111.589699583,308.52454537067,0.000694386910671163,TRUE
"run_038","surv_alpha2",0.179560199163,308.52454537067,0.000694386910671163,TRUE
"run_038","surv_beta2",41.6216105607,308.52454537067,0.000694386910671163,TRUE
"run_039","log_avg_rec",21.2927233208,308.524545378269,0.000730286006580501,TRUE
"run_039","log_m_mu[1]",-1.3530420754,308.524545378269,0.000730286006580501,TRUE
"run_039","log_m_mu[2]",-0.774265385404,308.524545378269,0.000730286006580501,TRUE
"run_039","log_m_mu[3]",-1.23486433439,308.524545378269,0.000730286006580501,TRUE
"run_039","prop_rec[1]",14.24759229,308.524545378269,0.000730286006580501,TRUE
"run_039","prop_rec[2]",2.92523895968,308.524545378269,0.000730286006580501,TRUE
"run_039","sigma_m[1]",1,308.524545378269,0.000730286006580501,TRUE
"run_039","sigma_m[2]",1,308.524545378269,0.000730286006580501,TRUE
"run_039","sigma_m[3]",1,308.524545378269,0.000730286006580501,TRUE
"run_039","sigma_q[1]",0.1,308.524545378269,0.000730286006580501,TRUE
"run_039","sigma_q[2]",0.1,308.524545378269,0.000730286006580501,TRUE
"run_039","log_f",0.137366627454,308.524545378269,0.000730286006580501,TRUE
"run_039","fish_ret_sel_50",96.9093098767,308.524545378269,0.000730286006580501,TRUE
"run_039","fish_ret_sel_50_post",102.052586353,308.524545378269,0.000730286006580501,TRUE
"run_039","fish_ret_sel_slope",0.214615430182,308.524545378269,0.000730286006580501,TRUE
"run_039","fish_ret_sel_slope_post",0.297360819517,308.524545378269,0.000730286006580501,TRUE
"run_039","fish_tot_sel_offset",-9.26540056974,308.524545378269,0.000730286006580501,TRUE
"run_039","fish_tot_sel_slope",-1.62410708256,308.524545378269,0.000730286006580501,TRUE
"run_039","surv_omega",0.569239024755,308.524545378269,0.000730286006580501,TRUE
"run_039","surv_alpha1",0.106071938671,308.524545378269,0.000730286006580501,TRUE
"run_039","surv_beta1",111.58969709,308.524545378269,0.000730286006580501,TRUE
"run_039","surv_alpha2",0.179560215141,308.524545378269,0.000730286006580501,TRUE
"run_039","surv_beta2",41.621611083,308.524545378269,0.000730286006580501,TRUE
"run_040","log_avg_rec",20.8346114927,308.524545355161,0.000958184824898466,TRUE
"run_040","log_m_mu[1]",-1.35304214021,308.524545355161,0.000958184824898466,TRUE
"run_040","log_m_mu[2]",-0.774265460962,308.524545355161,0.000958184824898466,TRUE
"run_040","log_m_mu[3]",-1.30664901809,308.524545355161,0.000958184824898466,TRUE
"run_040","prop_rec[1]",14.2476028441,308.524545355161,0.000958184824898466,TRUE
"run_040","prop_rec[2]",2.92524384824,308.524545355161,0.000958184824898466,TRUE
"run_040","sigma_m[1]",1,308.524545355161,0.000958184824898466,TRUE
"run_040","sigma_m[2]",1,308.524545355161,0.000958184824898466,TRUE
"run_040","sigma_m[3]",1,308.524545355161,0.000958184824898466,TRUE
"run_040","sigma_q[1]",0.1,308.524545355161,0.000958184824898466,TRUE
"run_040","sigma_q[2]",0.1,308.524545355161,0.000958184824898466,TRUE
"run_040","log_f",0.137366547962,308.524545355161,0.000958184824898466,TRUE
"run_040","fish_ret_sel_50",96.9093090225,308.524545355161,0.000958184824898466,TRUE
"run_040","fish_ret_sel_50_post",102.052586015,308.524545355161,0.000958184824898466,TRUE
"run_040","fish_ret_sel_slope",0.214615427063,308.524545355161,0.000958184824898466,TRUE
"run_040","fish_ret_sel_slope_post",0.297360837776,308.524545355161,0.000958184824898466,TRUE
"run_040","fish_tot_sel_offset",-9.26540187596,308.524545355161,0.000958184824898466,TRUE
"run_040","fish_tot_sel_slope",-1.62410710873,308.524545355161,0.000958184824898466,TRUE
"run_040","surv_omega",0.569238998632,308.524545355161,0.000958184824898466,TRUE
"run_040","surv_alpha1",0.10607194315,308.524545355161,0.000958184824898466,TRUE
"run_040","surv_beta1",111.589704883,308.524545355161,0.000958184824898466,TRUE
"run_040","surv_alpha2",0.179560192833,308.524545355161,0.000958184824898466,TRUE
"run_040","surv_beta2",41.6216102135,308.524545355161,0.000958184824898466,TRUE
"run_041","log_avg_rec",21.1526930826,308.524545361261,0.000739577693829086,TRUE
"run_041","log_m_mu[1]",-1.35304200821,308.524545361261,0.000739577693829086,TRUE
"run_041","log_m_mu[2]",-0.774265540128,308.524545361261,0.000739577693829086,TRUE
"run_041","log_m_mu[3]",-1.24225311815,308.524545361261,0.000739577693829086,TRUE
"run_041","prop_rec[1]",14.2475970879,308.524545361261,0.000739577693829086,TRUE
"run_041","prop_rec[2]",2.9252438222,308.524545361261,0.000739577693829086,TRUE
"run_041","sigma_m[1]",1,308.524545361261,0.000739577693829086,TRUE
"run_041","sigma_m[2]",1,308.524545361261,0.000739577693829086,TRUE
"run_041","sigma_m[3]",1,308.524545361261,0.000739577693829086,TRUE
"run_041","sigma_q[1]",0.1,308.524545361261,0.000739577693829086,TRUE
"run_041","sigma_q[2]",0.1,308.524545361261,0.000739577693829086,TRUE
"run_041","log_f",0.137367033058,308.524545361261,0.000739577693829086,TRUE
"run_041","fish_ret_sel_50",96.9093087583,308.524545361261,0.000739577693829086,TRUE
"run_041","fish_ret_sel_50_post",102.05258669,308.524545361261,0.000739577693829086,TRUE
"run_041","fish_ret_sel_slope",0.214615406989,308.524545361261,0.000739577693829086,TRUE
"run_041","fish_ret_sel_slope_post",0.297360871508,308.524545361261,0.000739577693829086,TRUE
"run_041","fish_tot_sel_offset",-9.26540497399,308.524545361261,0.000739577693829086,TRUE
"run_041","fish_tot_sel_slope",-1.62410716176,308.524545361261,0.000739577693829086,TRUE
"run_041","surv_omega",0.569239001133,308.524545361261,0.000739577693829086,TRUE
"run_041","surv_alpha1",0.106071948875,308.524545361261,0.000739577693829086,TRUE
"run_041","surv_beta1",111.589700554,308.524545361261,0.000739577693829086,TRUE
"run_041","surv_alpha2",0.179560196528,308.524545361261,0.000739577693829086,TRUE
"run_041","surv_beta2",41.621610697,308.524545361261,0.000739577693829086,TRUE
"run_042","log_avg_rec",21.2374648297,308.524545367376,0.000624986625059703,TRUE
"run_042","log_m_mu[1]",-1.35304208728,308.524545367376,0.000624986625059703,TRUE
"run_042","log_m_mu[2]",-0.774265500813,308.524545367376,0.000624986625059703,TRUE
"run_042","log_m_mu[3]",-1.44213232825,308.524545367376,0.000624986625059703,TRUE
"run_042","prop_rec[1]",14.2475923923,308.524545367376,0.000624986625059703,TRUE
"run_042","prop_rec[2]",2.9252394166,308.524545367376,0.000624986625059703,TRUE
"run_042","sigma_m[1]",1,308.524545367376,0.000624986625059703,TRUE
"run_042","sigma_m[2]",1,308.524545367376,0.000624986625059703,TRUE
"run_042","sigma_m[3]",1,308.524545367376,0.000624986625059703,TRUE
"run_042","sigma_q[1]",0.1,308.524545367376,0.000624986625059703,TRUE
"run_042","sigma_q[2]",0.1,308.524545367376,0.000624986625059703,TRUE
"run_042","log_f",0.137367056629,308.524545367376,0.000624986625059703,TRUE
"run_042","fish_ret_sel_50",96.9093084881,308.524545367376,0.000624986625059703,TRUE
"run_042","fish_ret_sel_50_post",102.052586551,308.524545367376,0.000624986625059703,TRUE
"run_042","fish_ret_sel_slope",0.214615407305,308.524545367376,0.000624986625059703,TRUE
"run_042","fish_ret_sel_slope_post",0.297360864433,308.524545367376,0.000624986625059703,TRUE
"run_042","fish_tot_sel_offset",-9.26540568716,308.524545367376,0.000624986625059703,TRUE
"run_042","fish_tot_sel_slope",-1.62410715277,308.524545367376,0.000624986625059703,TRUE
"run_042","surv_omega",0.569239008293,308.524545367376,0.000624986625059703,TRUE
"run_042","surv_alpha1",0.106071947471,308.524545367376,0.000624986625059703,TRUE
"run_042","surv_beta1",111.589701328,308.524545367376,0.000624986625059703,TRUE
"run_042","surv_alpha2",0.179560219898,308.524545367376,0.000624986625059703,TRUE
"run_042","surv_beta2",41.6216114598,308.524545367376,0.000624986625059703,TRUE
"run_043","log_avg_rec",20.9989178942,308.52454536267,0.000857431536312946,TRUE
"run_043","log_m_mu[1]",-1.35304165966,308.52454536267,0.000857431536312946,TRUE
"run_043","log_m_mu[2]",-0.774265738665,308.52454536267,0.000857431536312946,TRUE
"run_043","log_m_mu[3]",-1.12751158901,308.52454536267,0.000857431536312946,TRUE
"run_043","prop_rec[1]",14.2475820487,308.52454536267,0.000857431536312946,TRUE
"run_043","prop_rec[2]",2.92523066818,308.52454536267,0.000857431536312946,TRUE
"run_043","sigma_m[1]",1,308.52454536267,0.000857431536312946,TRUE
"run_043","sigma_m[2]",1,308.52454536267,0.000857431536312946,TRUE
"run_043","sigma_m[3]",1,308.52454536267,0.000857431536312946,TRUE
"run_043","sigma_q[1]",0.1,308.52454536267,0.000857431536312946,TRUE
"run_043","sigma_q[2]",0.1,308.52454536267,0.000857431536312946,TRUE
"run_043","log_f",0.1373667998,308.52454536267,0.000857431536312946,TRUE
"run_043","fish_ret_sel_50",96.9093098011,308.52454536267,0.000857431536312946,TRUE
"run_043","fish_ret_sel_50_post",102.05258656,308.52454536267,0.000857431536312946,TRUE
"run_043","fish_ret_sel_slope",0.214615438335,308.52454536267,0.000857431536312946,TRUE
"run_043","fish_ret_sel_slope_post",0.297360866674,308.52454536267,0.000857431536312946,TRUE
"run_043","fish_tot_sel_offset",-9.26540180667,308.52454536267,0.000857431536312946,TRUE
"run_043","fish_tot_sel_slope",-1.62410710451,308.52454536267,0.000857431536312946,TRUE
"run_043","surv_omega",0.569239037118,308.52454536267,0.000857431536312946,TRUE
"run_043","surv_alpha1",0.106071954812,308.52454536267,0.000857431536312946,TRUE
"run_043","surv_beta1",111.589699394,308.52454536267,0.000857431536312946,TRUE
"run_043","surv_alpha2",0.179560258791,308.52454536267,0.000857431536312946,TRUE
"run_043","surv_beta2",41.6216150846,308.52454536267,0.000857431536312946,TRUE
"run_044","log_avg_rec",21.2316133182,308.524545364972,0.000719964699928032,TRUE
"run_044","log_m_mu[1]",-1.35304210365,308.524545364972,0.000719964699928032,TRUE
"run_044","log_m_mu[2]",-0.774265434796,308.524545364972,0.000719964699928032,TRUE
"run_044","log_m_mu[3]",-1.11113239483,308.524545364972,0.000719964699928032,TRUE
"run_044","prop_rec[1]",14.2475969848,308.524545364972,0.000719964699928032,TRUE
"run_044","prop_rec[2]",2.92524202578,308.524545364972,0.000719964699928032,TRUE
"run_044","sigma_m[1]",1,308.524545364972,0.000719964699928032,TRUE
"run_044","sigma_m[2]",1,308.524545364972,0.000719964699928032,TRUE
"run_044","sigma_m[3]",1,308.524545364972,0.000719964699928032,TRUE
"run_044","sigma_q[1]",0.1,308.524545364972,0.000719964699928032,TRUE
"run_044","sigma_q[2]",0.1,308.524545364972,0.000719964699928032,TRUE
"run_044","log_f",0.137366871944,308.524545364972,0.000719964699928032,TRUE
"run_044","fish_ret_sel_50",96.9093093517,308.524545364972,0.000719964699928032,TRUE
"run_044","fish_ret_sel_50_post",102.052586281,308.524545364972,0.000719964699928032,TRUE
"run_044","fish_ret_sel_slope",0.214615423681,308.524545364972,0.000719964699928032,TRUE
"run_044","fish_ret_sel_slope_post",0.297360856993,308.524545364972,0.000719964699928032,TRUE
"run_044","fish_tot_sel_offset",-9.26540326023,308.524545364972,0.000719964699928032,TRUE
"run_044","fish_tot_sel_slope",-1.62410717009,308.524545364972,0.000719964699928032,TRUE
"run_044","surv_omega",0.569239001385,308.524545364972,0.000719964699928032,TRUE
"run_044","surv_alpha1",0.106071913607,308.524545364972,0.000719964699928032,TRUE
"run_044","surv_beta1",111.589701499,308.524545364972,0.000719964699928032,TRUE
"run_044","surv_alpha2",0.179560215861,308.524545364972,0.000719964699928032,TRUE
"run_044","surv_beta2",41.621609552,308.524545364972,0.000719964699928032,TRUE
"run_045","log_avg_rec",20.8193680691,308.524545368884,0.000679026669877029,TRUE
"run_045","log_m_mu[1]",-1.35304216187,308.524545368884,0.000679026669877029,TRUE
"run_045","log_m_mu[2]",-0.774265515566,308.524545368884,0.000679026669877029,TRUE
"run_045","log_m_mu[3]",-1.06689479387,308.524545368884,0.000679026669877029,TRUE
"run_045","prop_rec[1]",14.2475965967,308.524545368884,0.000679026669877029,TRUE
"run_045","prop_rec[2]",2.92524271495,308.524545368884,0.000679026669877029,TRUE
"run_045","sigma_m[1]",1,308.524545368884,0.000679026669877029,TRUE
"run_045","sigma_m[2]",1,308.524545368884,0.000679026669877029,TRUE
"run_045","sigma_m[3]",1,308.524545368884,0.000679026669877029,TRUE
"run_045","sigma_q[1]",0.1,308.524545368884,0.000679026669877029,TRUE
"run_045","sigma_q[2]",0.1,308.524545368884,0.000679026669877029,TRUE
"run_045","log_f",0.137366899964,308.524545368884,0.000679026669877029,TRUE
"run_045","fish_ret_sel_50",96.9093080298,308.524545368884,0.000679026669877029,TRUE
"run_045","fish_ret_sel_50_post",102.052586127,308.524545368884,0.000679026669877029,TRUE
"run_045","fish_ret_sel_slope",0.214615409776,308.524545368884,0.000679026669877029,TRUE
"run_045","fish_ret_sel_slope_post",0.297360832954,308.524545368884,0.000679026669877029,TRUE
"run_045","fish_tot_sel_offset",-9.26540573073,308.524545368884,0.000679026669877029,TRUE
"run_045","fish_tot_sel_slope",-1.62410714819,308.524545368884,0.000679026669877029,TRUE
"run_045","surv_omega",0.569238999595,308.524545368884,0.000679026669877029,TRUE
"run_045","surv_alpha1",0.106071936359,308.524545368884,0.000679026669877029,TRUE
"run_045","surv_beta1",111.589700746,308.524545368884,0.000679026669877029,TRUE
"run_045","surv_alpha2",0.179560189455,308.524545368884,0.000679026669877029,TRUE
"run_045","surv_beta2",41.621610119,308.524545368884,0.000679026669877029,TRUE
"run_046","log_avg_rec",20.96167308,308.524545367538,0.000223044461019687,TRUE
"run_046","log_m_mu[1]",-1.35304211066,308.524545367538,0.000223044461019687,TRUE
"run_046","log_m_mu[2]",-0.774265487897,308.524545367538,0.000223044461019687,TRUE
"run_046","log_m_mu[3]",-0.990689138323,308.524545367538,0.000223044461019687,TRUE
"run_046","prop_rec[1]",14.2475905759,308.524545367538,0.000223044461019687,TRUE
"run_046","prop_rec[2]",2.92523643419,308.524545367538,0.000223044461019687,TRUE
"run_046","sigma_m[1]",1,308.524545367538,0.000223044461019687,TRUE
"run_046","sigma_m[2]",1,308.524545367538,0.000223044461019687,TRUE
"run_046","sigma_m[3]",1,308.524545367538,0.000223044461019687,TRUE
"run_046","sigma_q[1]",0.1,308.524545367538,0.000223044461019687,TRUE
"run_046","sigma_q[2]",0.1,308.524545367538,0.000223044461019687,TRUE
"run_046","log_f",0.137367015864,308.524545367538,0.000223044461019687,TRUE
"run_046","fish_ret_sel_50",96.909308394,308.524545367538,0.000223044461019687,TRUE
"run_046","fish_ret_sel_50_post",102.052586167,308.524545367538,0.000223044461019687,TRUE
"run_046","fish_ret_sel_slope",0.214615421856,308.524545367538,0.000223044461019687,TRUE
"run_046","fish_ret_sel_slope_post",0.297360859769,308.524545367538,0.000223044461019687,TRUE
"run_046","fish_tot_sel_offset",-9.2654065605,308.524545367538,0.000223044461019687,TRUE
"run_046","fish_tot_sel_slope",-1.62410718838,308.524545367538,0.000223044461019687,TRUE
"run_046","surv_omega",0.569239010727,308.524545367538,0.000223044461019687,TRUE
"run_046","surv_alpha1",0.106071930563,308.524545367538,0.000223044461019687,TRUE
"run_046","surv_beta1",111.589700321,308.524545367538,0.000223044461019687,TRUE
"run_046","surv_alpha2",0.179560237241,308.524545367538,0.000223044461019687,TRUE
"run_046","surv_beta2",41.6216107272,308.524545367538,0.000223044461019687,TRUE
"run_047","log_avg_rec",20.8652231529,308.5245453831,0.000837657378100894,TRUE
"run_047","log_m_mu[1]",-1.35304236347,308.5245453831,0.000837657378100894,TRUE
"run_047","log_m_mu[2]",-0.774265781395,308.5245453831,0.000837657378100894,TRUE
"run_047","log_m_mu[3]",-1.03281440419,308.5245453831,0.000837657378100894,TRUE
"run_047","prop_rec[1]",14.2475966471,308.5245453831,0.000837657378100894,TRUE
"run_047","prop_rec[2]",2.92524126809,308.5245453831,0.000837657378100894,TRUE
"run_047","sigma_m[1]",1,308.5245453831,0.000837657378100894,TRUE
"run_047","sigma_m[2]",1,308.5245453831,0.000837657378100894,TRUE
"run_047","sigma_m[3]",1,308.5245453831,0.000837657378100894,TRUE
"run_047","sigma_q[1]",0.1,308.5245453831,0.000837657378100894,TRUE
"run_047","sigma_q[2]",0.1,308.5245453831,0.000837657378100894,TRUE
"run_047","log_f",0.137365597869,308.5245453831,0.000837657378100894,TRUE
"run_047","fish_ret_sel_50",96.909310841,308.5245453831,0.000837657378100894,TRUE
"run_047","fish_ret_sel_50_post",102.052585872,308.5245453831,0.000837657378100894,TRUE
"run_047","fish_ret_sel_slope",0.214615425405,308.5245453831,0.000837657378100894,TRUE
"run_047","fish_ret_sel_slope_post",0.297360834365,308.5245453831,0.000837657378100894,TRUE
"run_047","fish_tot_sel_offset",-9.26539420724,308.5245453831,0.000837657378100894,TRUE
"run_047","fish_tot_sel_slope",-1.62410703474,308.5245453831,0.000837657378100894,TRUE
"run_047","surv_omega",0.56923892176,308.5245453831,0.000837657378100894,TRUE
"run_047","surv_alpha1",0.106071948826,308.5245453831,0.000837657378100894,TRUE
"run_047","surv_beta1",111.589708989,308.5245453831,0.000837657378100894,TRUE
"run_047","surv_alpha2",0.17956014199,308.5245453831,0.000837657378100894,TRUE
"run_047","surv_beta2",41.6216073024,308.5245453831,0.000837657378100894,TRUE
"run_048","log_avg_rec",21.1576337858,308.524545396524,0.000729729652395059,TRUE
"run_048","log_m_mu[1]",-1.35304217318,308.524545396524,0.000729729652395059,TRUE
"run_048","log_m_mu[2]",-0.774265638525,308.524545396524,0.000729729652395059,TRUE
"run_048","log_m_mu[3]",-1.09182448261,308.524545396524,0.000729729652395059,TRUE
"run_048","prop_rec[1]",14.2476079619,308.524545396524,0.000729729652395059,TRUE
"run_048","prop_rec[2]",2.92524963832,308.524545396524,0.000729729652395059,TRUE
"run_048","sigma_m[1]",1,308.524545396524,0.000729729652395059,TRUE
"run_048","sigma_m[2]",1,308.524545396524,0.000729729652395059,TRUE
"run_048","sigma_m[3]",1,308.524545396524,0.000729729652395059,TRUE
"run_048","sigma_q[1]",0.1,308.524545396524,0.000729729652395059,TRUE
"run_048","sigma_q[2]",0.1,308.524545396524,0.000729729652395059,TRUE
"run_048","log_f",0.137366490501,308.524545396524,0.000729729652395059,TRUE
"run_048","fish_ret_sel_50",96.9093086697,308.524545396524,0.000729729652395059,TRUE
"run_048","fish_ret_sel_50_post",102.052587325,308.524545396524,0.000729729652395059,TRUE
"run_048","fish_ret_sel_slope",0.214615416563,308.524545396524,0.000729729652395059,TRUE
"run_048","fish_ret_sel_slope_post",0.297360990199,308.524545396524,0.000729729652395059,TRUE
"run_048","fish_tot_sel_offset",-9.26540266069,308.524545396524,0.000729729652395059,TRUE
"run_048","fish_tot_sel_slope",-1.62410715356,308.524545396524,0.000729729652395059,TRUE
"run_048","surv_omega",0.56923897393,308.524545396524,0.000729729652395059,TRUE
"run_048","surv_alpha1",0.106071948643,308.524545396524,0.000729729652395059,TRUE
"run_048","surv_beta1",111.589703633,308.524545396524,0.000729729652395059,TRUE
"run_048","surv_alpha2",0.17956009491,308.524545396524,0.000729729652395059,TRUE
"run_048","surv_beta2",41.6216129255,308.524545396524,0.000729729652395059,TRUE
"run_049","log_avg_rec",20.4123181871,1284.97615424396,12305.2713058632,FALSE
"run_049","log_m_mu[1]",-1.75285376009,1284.97615424396,12305.2713058632,FALSE
"run_049","log_m_mu[2]",-0.48910251812,1284.97615424396,12305.2713058632,FALSE
"run_049","log_m_mu[3]",-1.42249592031,1284.97615424396,12305.2713058632,FALSE
"run_049","prop_rec[1]",50.6437764222,1284.97615424396,12305.2713058632,FALSE
"run_049","prop_rec[2]",54.3204665495,1284.97615424396,12305.2713058632,FALSE
"run_049","sigma_m[1]",1,1284.97615424396,12305.2713058632,FALSE
"run_049","sigma_m[2]",1,1284.97615424396,12305.2713058632,FALSE
"run_049","sigma_m[3]",1,1284.97615424396,12305.2713058632,FALSE
"run_049","sigma_q[1]",0.1,1284.97615424396,12305.2713058632,FALSE
"run_049","sigma_q[2]",0.1,1284.97615424396,12305.2713058632,FALSE
"run_049","log_f",0.548081116646,1284.97615424396,12305.2713058632,FALSE
"run_049","fish_ret_sel_50",95.7428176039,1284.97615424396,12305.2713058632,FALSE
"run_049","fish_ret_sel_50_post",102.2479746,1284.97615424396,12305.2713058632,FALSE
"run_049","fish_ret_sel_slope",0.222366681146,1284.97615424396,12305.2713058632,FALSE
"run_049","fish_ret_sel_slope_post",0.651580947648,1284.97615424396,12305.2713058632,FALSE
"run_049","fish_tot_sel_offset",-9.73122406854,1284.97615424396,12305.2713058632,FALSE
"run_049","fish_tot_sel_slope",-1.5668929328,1284.97615424396,12305.2713058632,FALSE
"run_049","surv_omega",0.337923995587,1284.97615424396,12305.2713058632,FALSE
"run_049","surv_alpha1",0.218368625815,1284.97615424396,12305.2713058632,FALSE
"run_049","surv_beta1",117.730723709,1284.97615424396,12305.2713058632,FALSE
"run_049","surv_alpha2",0.00130100330345,1284.97615424396,12305.2713058632,FALSE
"run_049","surv_beta2",28.5211198115,1284.97615424396,12305.2713058632,FALSE
"run_050","log_avg_rec",21.0842443146,308.524545484641,0.000920661959312064,TRUE
"run_050","log_m_mu[1]",-1.35304198107,308.524545484641,0.000920661959312064,TRUE
"run_050","log_m_mu[2]",-0.774265430173,308.524545484641,0.000920661959312064,TRUE
"run_050","log_m_mu[3]",-1.23573928011,308.524545484641,0.000920661959312064,TRUE
"run_050","prop_rec[1]",14.2476119184,308.524545484641,0.000920661959312064,TRUE
"run_050","prop_rec[2]",2.92525712349,308.524545484641,0.000920661959312064,TRUE
"run_050","sigma_m[1]",1,308.524545484641,0.000920661959312064,TRUE
"run_050","sigma_m[2]",1,308.524545484641,0.000920661959312064,TRUE
"run_050","sigma_m[3]",1,308.524545484641,0.000920661959312064,TRUE
"run_050","sigma_q[1]",0.1,308.524545484641,0.000920661959312064,TRUE
"run_050","sigma_q[2]",0.1,308.524545484641,0.000920661959312064,TRUE
"run_050","log_f",0.137369106928,308.524545484641,0.000920661959312064,TRUE
"run_050","fish_ret_sel_50",96.9093035765,308.524545484641,0.000920661959312064,TRUE
"run_050","fish_ret_sel_50_post",102.052587069,308.524545484641,0.000920661959312064,TRUE
"run_050","fish_ret_sel_slope",0.214615360166,308.524545484641,0.000920661959312064,TRUE
"run_050","fish_ret_sel_slope_post",0.297360894271,308.524545484641,0.000920661959312064,TRUE
"run_050","fish_tot_sel_offset",-9.26542593045,308.524545484641,0.000920661959312064,TRUE
"run_050","fish_tot_sel_slope",-1.62410733416,308.524545484641,0.000920661959312064,TRUE
"run_050","surv_omega",0.569239103686,308.524545484641,0.000920661959312064,TRUE
"run_050","surv_alpha1",0.106071860163,308.524545484641,0.000920661959312064,TRUE
"run_050","surv_beta1",111.589690115,308.524545484641,0.000920661959312064,TRUE
"run_050","surv_alpha2",0.179560016075,308.524545484641,0.000920661959312064,TRUE
"run_050","surv_beta2",41.6216156338,308.524545484641,0.000920661959312064,TRUE
"run_051","log_avg_rec",21.1031132282,308.524545352693,0.000443084890783938,TRUE
"run_051","log_m_mu[1]",-1.35304217692,308.524545352693,0.000443084890783938,TRUE
"run_051","log_m_mu[2]",-0.77426547293,308.524545352693,0.000443084890783938,TRUE
"run_051","log_m_mu[3]",-1.05547696696,308.524545352693,0.000443084890783938,TRUE
"run_051","prop_rec[1]",14.247616414,308.524545352693,0.000443084890783938,TRUE
"run_051","prop_rec[2]",2.92525775994,308.524545352693,0.000443084890783938,TRUE
"run_051","sigma_m[1]",1,308.524545352693,0.000443084890783938,TRUE
"run_051","sigma_m[2]",1,308.524545352693,0.000443084890783938,TRUE
"run_051","sigma_m[3]",1,308.524545352693,0.000443084890783938,TRUE
"run_051","sigma_q[1]",0.1,308.524545352693,0.000443084890783938,TRUE
"run_051","sigma_q[2]",0.1,308.524545352693,0.000443084890783938,TRUE
"run_051","log_f",0.137366777832,308.524545352693,0.000443084890783938,TRUE
"run_051","fish_ret_sel_50",96.9093077321,308.524545352693,0.000443084890783938,TRUE
"run_051","fish_ret_sel_50_post",102.052586583,308.524545352693,0.000443084890783938,TRUE
"run_051","fish_ret_sel_slope",0.214615392736,308.524545352693,0.000443084890783938,TRUE
"run_051","fish_ret_sel_slope_post",0.297360858128,308.524545352693,0.000443084890783938,TRUE
"run_051","fish_tot_sel_offset",-9.26540464473,308.524545352693,0.000443084890783938,TRUE
"run_051","fish_tot_sel_slope",-1.62410717025,308.524545352693,0.000443084890783938,TRUE
"run_051","surv_omega",0.569238954767,308.524545352693,0.000443084890783938,TRUE
"run_051","surv_alpha1",0.106071953323,308.524545352693,0.000443084890783938,TRUE
"run_051","surv_beta1",111.589704057,308.524545352693,0.000443084890783938,TRUE
"run_051","surv_alpha2",0.179560078372,308.524545352693,0.000443084890783938,TRUE
"run_051","surv_beta2",41.6216100839,308.524545352693,0.000443084890783938,TRUE
"run_052","log_avg_rec",20.9659831643,308.524545362072,0.000578432820972496,TRUE
"run_052","log_m_mu[1]",-1.35304235163,308.524545362072,0.000578432820972496,TRUE
"run_052","log_m_mu[2]",-0.77426542882,308.524545362072,0.000578432820972496,TRUE
"run_052","log_m_mu[3]",-1.1368643166,308.524545362072,0.000578432820972496,TRUE
"run_052","prop_rec[1]",14.247584067,308.524545362072,0.000578432820972496,TRUE
"run_052","prop_rec[2]",2.92523313474,308.524545362072,0.000578432820972496,TRUE
"run_052","sigma_m[1]",1,308.524545362072,0.000578432820972496,TRUE
"run_052","sigma_m[2]",1,308.524545362072,0.000578432820972496,TRUE
"run_052","sigma_m[3]",1,308.524545362072,0.000578432820972496,TRUE
"run_052","sigma_q[1]",0.1,308.524545362072,0.000578432820972496,TRUE
"run_052","sigma_q[2]",0.1,308.524545362072,0.000578432820972496,TRUE
"run_052","log_f",0.137366803339,308.524545362072,0.000578432820972496,TRUE
"run_052","fish_ret_sel_50",96.9093100766,308.524545362072,0.000578432820972496,TRUE
"run_052","fish_ret_sel_50_post",102.052586481,308.524545362072,0.000578432820972496,TRUE
"run_052","fish_ret_sel_slope",0.214615436705,308.524545362072,0.000578432820972496,TRUE
"run_052","fish_ret_sel_slope_post",0.297360894246,308.524545362072,0.000578432820972496,TRUE
"run_052","fish_tot_sel_offset",-9.26540091275,308.524545362072,0.000578432820972496,TRUE
"run_052","fish_tot_sel_slope",-1.6241070645,308.524545362072,0.000578432820972496,TRUE
"run_052","surv_omega",0.430760962562,308.524545362072,0.000578432820972496,TRUE
"run_052","surv_alpha1",0.179560319388,308.524545362072,0.000578432820972496,TRUE
"run_052","surv_beta1",41.6216092018,308.524545362072,0.000578432820972496,TRUE
"run_052","surv_alpha2",0.106071890951,308.524545362072,0.000578432820972496,TRUE
"run_052","surv_beta2",111.589703751,308.524545362072,0.000578432820972496,TRUE
"run_053","log_avg_rec",20.8190218406,308.524545364909,0.000488825055815201,TRUE
"run_053","log_m_mu[1]",-1.35304220298,308.524545364909,0.000488825055815201,TRUE
"run_053","log_m_mu[2]",-0.774265514594,308.524545364909,0.000488825055815201,TRUE
"run_053","log_m_mu[3]",-1.45117636229,308.524545364909,0.000488825055815201,TRUE
"run_053","prop_rec[1]",14.2475944594,308.524545364909,0.000488825055815201,TRUE
"run_053","prop_rec[2]",2.92523990651,308.524545364909,0.000488825055815201,TRUE
"run_053","sigma_m[1]",1,308.524545364909,0.000488825055815201,TRUE
"run_053","sigma_m[2]",1,308.524545364909,0.000488825055815201,TRUE
"run_053","sigma_m[3]",1,308.524545364909,0.000488825055815201,TRUE
"run_053","sigma_q[1]",0.1,308.524545364909,0.000488825055815201,TRUE
"run_053","sigma_q[2]",0.1,308.524545364909,0.000488825055815201,TRUE
"run_053","log_f",0.137366988843,308.524545364909,0.000488825055815201,TRUE
"run_053","fish_ret_sel_50",96.9093089588,308.524545364909,0.000488825055815201,TRUE
"run_053","fish_ret_sel_50_post",102.052586377,308.524545364909,0.000488825055815201,TRUE
"run_053","fish_ret_sel_slope",0.21461542937,308.524545364909,0.000488825055815201,TRUE
"run_053","fish_ret_sel_slope_post",0.297360844814,308.524545364909,0.000488825055815201,TRUE
"run_053","fish_tot_sel_offset",-9.26540528535,308.524545364909,0.000488825055815201,TRUE
"run_053","fish_tot_sel_slope",-1.62410720855,308.524545364909,0.000488825055815201,TRUE
"run_053","surv_omega",0.569238916062,308.524545364909,0.000488825055815201,TRUE
"run_053","surv_alpha1",0.106072021638,308.524545364909,0.000488825055815201,TRUE
"run_053","surv_beta1",111.589704189,308.524545364909,0.000488825055815201,TRUE
"run_053","surv_alpha2",0.179560185986,308.524545364909,0.000488825055815201,TRUE
"run_053","surv_beta2",41.6216118591,308.524545364909,0.000488825055815201,TRUE
"run_054","log_avg_rec",21.0976668117,329.83392414476,0.000528547943774122,TRUE
"run_054","log_m_mu[1]",-1.40559386171,329.83392414476,0.000528547943774122,TRUE
"run_054","log_m_mu[2]",-0.777561352054,329.83392414476,0.000528547943774122,TRUE
"run_054","log_m_mu[3]",-1.03321799727,329.83392414476,0.000528547943774122,TRUE
"run_054","prop_rec[1]",16.1071421444,329.83392414476,0.000528547943774122,TRUE
"run_054","prop_rec[2]",4.32097709143,329.83392414476,0.000528547943774122,TRUE
"run_054","sigma_m[1]",1,329.83392414476,0.000528547943774122,TRUE
"run_054","sigma_m[2]",1,329.83392414476,0.000528547943774122,TRUE
"run_054","sigma_m[3]",1,329.83392414476,0.000528547943774122,TRUE
"run_054","sigma_q[1]",0.1,329.83392414476,0.000528547943774122,TRUE
"run_054","sigma_q[2]",0.1,329.83392414476,0.000528547943774122,TRUE
"run_054","log_f",0.189956591368,329.83392414476,0.000528547943774122,TRUE
"run_054","fish_ret_sel_50",96.9801087408,329.83392414476,0.000528547943774122,TRUE
"run_054","fish_ret_sel_50_post",102.087881693,329.83392414476,0.000528547943774122,TRUE
"run_054","fish_ret_sel_slope",0.214968677138,329.83392414476,0.000528547943774122,TRUE
"run_054","fish_ret_sel_slope_post",0.296728797832,329.83392414476,0.000528547943774122,TRUE
"run_054","fish_tot_sel_offset",-9.50616271257,329.83392414476,0.000528547943774122,TRUE
"run_054","fish_tot_sel_slope",-1.63676395827,329.83392414476,0.000528547943774122,TRUE
"run_054","surv_omega",0.497628520381,329.83392414476,0.000528547943774122,TRUE
"run_054","surv_alpha1",3.76514058496,329.83392414476,0.000528547943774122,TRUE
"run_054","surv_beta1",112.540333064,329.83392414476,0.000528547943774122,TRUE
"run_054","surv_alpha2",0.151248077846,329.83392414476,0.000528547943774122,TRUE
"run_054","surv_beta2",42.518879756,329.83392414476,0.000528547943774122,TRUE
"run_055","log_avg_rec",21.0196004813,308.524545382659,0.000870849094192493,TRUE
"run_055","log_m_mu[1]",-1.35304205045,308.524545382659,0.000870849094192493,TRUE
"run_055","log_m_mu[2]",-0.774265372659,308.524545382659,0.000870849094192493,TRUE
"run_055","log_m_mu[3]",-1.16958219844,308.524545382659,0.000870849094192493,TRUE
"run_055","prop_rec[1]",14.2475955326,308.524545382659,0.000870849094192493,TRUE
"run_055","prop_rec[2]",2.92524210639,308.524545382659,0.000870849094192493,TRUE
"run_055","sigma_m[1]",1,308.524545382659,0.000870849094192493,TRUE
"run_055","sigma_m[2]",1,308.524545382659,0.000870849094192493,TRUE
"run_055","sigma_m[3]",1,308.524545382659,0.000870849094192493,TRUE
"run_055","sigma_q[1]",0.1,308.524545382659,0.000870849094192493,TRUE
"run_055","sigma_q[2]",0.1,308.524545382659,0.000870849094192493,TRUE
"run_055","log_f",0.137367009293,308.524545382659,0.000870849094192493,TRUE
"run_055","fish_ret_sel_50",96.9093103186,308.524545382659,0.000870849094192493,TRUE
"run_055","fish_ret_sel_50_post",102.052585988,308.524545382659,0.000870849094192493,TRUE
"run_055","fish_ret_sel_slope",0.214615440318,308.524545382659,0.000870849094192493,TRUE
"run_055","fish_ret_sel_slope_post",0.297360860393,308.524545382659,0.000870849094192493,TRUE
"run_055","fish_tot_sel_offset",-9.26540334462,308.524545382659,0.000870849094192493,TRUE
"run_055","fish_tot_sel_slope",-1.62410714537,308.524545382659,0.000870849094192493,TRUE
"run_055","surv_omega",0.569239008741,308.524545382659,0.000870849094192493,TRUE
"run_055","surv_alpha1",0.106071927922,308.524545382659,0.000870849094192493,TRUE
"run_055","surv_beta1",111.589700926,308.524545382659,0.000870849094192493,TRUE
"run_055","surv_alpha2",0.179560199635,308.524545382659,0.000870849094192493,TRUE
"run_055","surv_beta2",41.6216110732,308.524545382659,0.000870849094192493,TRUE
"run_056","log_avg_rec",21.2942243061,308.524545560227,0.00078080766764404,TRUE
"run_056","log_m_mu[1]",-1.35304217116,308.524545560227,0.00078080766764404,TRUE
"run_056","log_m_mu[2]",-0.774265352606,308.524545560227,0.00078080766764404,TRUE
"run_056","log_m_mu[3]",-1.18325457057,308.524545560227,0.00078080766764404,TRUE
"run_056","prop_rec[1]",14.2476167592,308.524545560227,0.00078080766764404,TRUE
"run_056","prop_rec[2]",2.92525599476,308.524545560227,0.00078080766764404,TRUE
"run_056","sigma_m[1]",1,308.524545560227,0.00078080766764404,TRUE
"run_056","sigma_m[2]",1,308.524545560227,0.00078080766764404,TRUE
"run_056","sigma_m[3]",1,308.524545560227,0.00078080766764404,TRUE
"run_056","sigma_q[1]",0.1,308.524545560227,0.00078080766764404,TRUE
"run_056","sigma_q[2]",0.1,308.524545560227,0.00078080766764404,TRUE
"run_056","log_f",0.137364949861,308.524545560227,0.00078080766764404,TRUE
"run_056","fish_ret_sel_50",96.9093097853,308.524545560227,0.00078080766764404,TRUE
"run_056","fish_ret_sel_50_post",102.052587505,308.524545560227,0.00078080766764404,TRUE
"run_056","fish_ret_sel_slope",0.214615402094,308.524545560227,0.00078080766764404,TRUE
"run_056","fish_ret_sel_slope_post",0.297360838665,308.524545560227,0.00078080766764404,TRUE
"run_056","fish_tot_sel_offset",-9.26538994155,308.524545560227,0.00078080766764404,TRUE
"run_056","fish_tot_sel_slope",-1.62410696741,308.524545560227,0.00078080766764404,TRUE
"run_056","surv_omega",0.569238926845,308.524545560227,0.00078080766764404,TRUE
"run_056","surv_alpha1",0.106072008532,308.524545560227,0.00078080766764404,TRUE
"run_056","surv_beta1",111.589706763,308.524545560227,0.00078080766764404,TRUE
"run_056","surv_alpha2",0.179560055238,308.524545560227,0.00078080766764404,TRUE
"run_056","surv_beta2",41.6216135855,308.524545560227,0.00078080766764404,TRUE
"run_057","log_avg_rec",21.1465376807,308.524545373129,0.0005414372383712,TRUE
"run_057","log_m_mu[1]",-1.35304214844,308.524545373129,0.0005414372383712,TRUE
"run_057","log_m_mu[2]",-0.774265460564,308.524545373129,0.0005414372383712,TRUE
"run_057","log_m_mu[3]",-1.04743985982,308.524545373129,0.0005414372383712,TRUE
"run_057","prop_rec[1]",14.2475917843,308.524545373129,0.0005414372383712,TRUE
"run_057","prop_rec[2]",2.92523689897,308.524545373129,0.0005414372383712,TRUE
"run_057","sigma_m[1]",1,308.524545373129,0.0005414372383712,TRUE
"run_057","sigma_m[2]",1,308.524545373129,0.0005414372383712,TRUE
"run_057","sigma_m[3]",1,308.524545373129,0.0005414372383712,TRUE
"run_057","sigma_q[1]",0.1,308.524545373129,0.0005414372383712,TRUE
"run_057","sigma_q[2]",0.1,308.524545373129,0.0005414372383712,TRUE
"run_057","log_f",0.137367115233,308.524545373129,0.0005414372383712,TRUE
"run_057","fish_ret_sel_50",96.9093091136,308.524545373129,0.0005414372383712,TRUE
"run_057","fish_ret_sel_50_post",102.052586318,308.524545373129,0.0005414372383712,TRUE
"run_057","fish_ret_sel_slope",0.21461542359,308.524545373129,0.0005414372383712,TRUE
"run_057","fish_ret_sel_slope_post",0.297360854807,308.524545373129,0.0005414372383712,TRUE
"run_057","fish_tot_sel_offset",-9.26540549514,308.524545373129,0.0005414372383712,TRUE
"run_057","fish_tot_sel_slope",-1.62410720506,308.524545373129,0.0005414372383712,TRUE
"run_057","surv_omega",0.569239015973,308.524545373129,0.0005414372383712,TRUE
"run_057","surv_alpha1",0.106071916464,308.524545373129,0.0005414372383712,TRUE
"run_057","surv_beta1",111.589700893,308.524545373129,0.0005414372383712,TRUE
"run_057","surv_alpha2",0.179560234674,308.524545373129,0.0005414372383712,TRUE
"run_057","surv_beta2",41.6216102999,308.524545373129,0.0005414372383712,TRUE
"run_058","log_avg_rec",21.2628926219,308.524545371443,0.000559033889341957,TRUE
"run_058","log_m_mu[1]",-1.35304234606,308.524545371443,0.000559033889341957,TRUE
"run_058","log_m_mu[2]",-0.77426558602,308.524545371443,0.000559033889341957,TRUE
"run_058","log_m_mu[3]",-1.0513881628,308.524545371443,0.000559033889341957,TRUE
"run_058","prop_rec[1]",14.2475925815,308.524545371443,0.000559033889341957,TRUE
"run_058","prop_rec[2]",2.92523998214,308.524545371443,0.000559033889341957,TRUE
"run_058","sigma_m[1]",1,308.524545371443,0.000559033889341957,TRUE
"run_058","sigma_m[2]",1,308.524545371443,0.000559033889341957,TRUE
"run_058","sigma_m[3]",1,308.524545371443,0.000559033889341957,TRUE
"run_058","sigma_q[1]",0.1,308.524545371443,0.000559033889341957,TRUE
"run_058","sigma_q[2]",0.1,308.524545371443,0.000559033889341957,TRUE
"run_058","log_f",0.13736679226,308.524545371443,0.000559033889341957,TRUE
"run_058","fish_ret_sel_50",96.909308039,308.524545371443,0.000559033889341957,TRUE
"run_058","fish_ret_sel_50_post",102.052586157,308.524545371443,0.000559033889341957,TRUE
"run_058","fish_ret_sel_slope",0.21461541432,308.524545371443,0.000559033889341957,TRUE
"run_058","fish_ret_sel_slope_post",0.297360870748,308.524545371443,0.000559033889341957,TRUE
"run_058","fish_tot_sel_offset",-9.26540479306,308.524545371443,0.000559033889341957,TRUE
"run_058","fish_tot_sel_slope",-1.6241071638,308.524545371443,0.000559033889341957,TRUE
"run_058","surv_omega",0.569238992847,308.524545371443,0.000559033889341957,TRUE
"run_058","surv_alpha1",0.106071990291,308.524545371443,0.000559033889341957,TRUE
"run_058","surv_beta1",111.58970152,308.524545371443,0.000559033889341957,TRUE
"run_058","surv_alpha2",0.179560228736,308.524545371443,0.000559033889341957,TRUE
"run_058","surv_beta2",41.621609028,308.524545371443,0.000559033889341957,TRUE
"run_059","log_avg_rec",21.1003101992,308.524545372051,0.000624980730196398,TRUE
"run_059","log_m_mu[1]",-1.35304205955,308.524545372051,0.000624980730196398,TRUE
"run_059","log_m_mu[2]",-0.774265539409,308.524545372051,0.000624980730196398,TRUE
"run_059","log_m_mu[3]",-1.19145422079,308.524545372051,0.000624980730196398,TRUE
"run_059","prop_rec[1]",14.247570157,308.524545372051,0.000624980730196398,TRUE
"run_059","prop_rec[2]",2.92522199326,308.524545372051,0.000624980730196398,TRUE
"run_059","sigma_m[1]",1,308.524545372051,0.000624980730196398,TRUE
"run_059","sigma_m[2]",1,308.524545372051,0.000624980730196398,TRUE
"run_059","sigma_m[3]",1,308.524545372051,0.000624980730196398,TRUE
"run_059","sigma_q[1]",0.1,308.524545372051,0.000624980730196398,TRUE
"run_059","sigma_q[2]",0.1,308.524545372051,0.000624980730196398,TRUE
"run_059","log_f",0.137365802318,308.524545372051,0.000624980730196398,TRUE
"run_059","fish_ret_sel_50",96.9093096313,308.524545372051,0.000624980730196398,TRUE
"run_059","fish_ret_sel_50_post",102.052585365,308.524545372051,0.000624980730196398,TRUE
"run_059","fish_ret_sel_slope",0.214615452188,308.524545372051,0.000624980730196398,TRUE
"run_059","fish_ret_sel_slope_post",0.297360797337,308.524545372051,0.000624980730196398,TRUE
"run_059","fish_tot_sel_offset",-9.26539982102,308.524545372051,0.000624980730196398,TRUE
"run_059","fish_tot_sel_slope",-1.62410720768,308.524545372051,0.000624980730196398,TRUE
"run_059","surv_omega",0.569239073033,308.524545372051,0.000624980730196398,TRUE
"run_059","surv_alpha1",0.10607189298,308.524545372051,0.000624980730196398,TRUE
"run_059","surv_beta1",111.589703492,308.524545372051,0.000624980730196398,TRUE
"run_059","surv_alpha2",0.179560375005,308.524545372051,0.000624980730196398,TRUE
"run_059","surv_beta2",41.6216082783,308.524545372051,0.000624980730196398,TRUE
"run_060","log_avg_rec",20.9903192213,308.524545369722,0.000445258674312948,TRUE
"run_060","log_m_mu[1]",-1.353042046,308.524545369722,0.000445258674312948,TRUE
"run_060","log_m_mu[2]",-0.774265458287,308.524545369722,0.000445258674312948,TRUE
"run_060","log_m_mu[3]",-1.14684972743,308.524545369722,0.000445258674312948,TRUE
"run_060","prop_rec[1]",14.2476020828,308.524545369722,0.000445258674312948,TRUE
"run_060","prop_rec[2]",2.92524646529,308.524545369722,0.000445258674312948,TRUE
"run_060","sigma_m[1]",1,308.524545369722,0.000445258674312948,TRUE
"run_060","sigma_m[2]",1,308.524545369722,0.000445258674312948,TRUE
"run_060","sigma_m[3]",1,308.524545369722,0.000445258674312948,TRUE
"run_060","sigma_q[1]",0.1,308.524545369722,0.000445258674312948,TRUE
"run_060","sigma_q[2]",0.1,308.524545369722,0.000445258674312948,TRUE
"run_060","log_f",0.137367054271,308.524545369722,0.000445258674312948,TRUE
"run_060","fish_ret_sel_50",96.9093085828,308.524545369722,0.000445258674312948,TRUE
"run_060","fish_ret_sel_50_post",102.052586269,308.524545369722,0.000445258674312948,TRUE
"run_060","fish_ret_sel_slope",0.214615445381,308.524545369722,0.000445258674312948,TRUE
"run_060","fish_ret_sel_slope_post",0.297360857696,308.524545369722,0.000445258674312948,TRUE
"run_060","fish_tot_sel_offset",-9.26540555512,308.524545369722,0.000445258674312948,TRUE
"run_060","fish_tot_sel_slope",-1.62410715995,308.524545369722,0.000445258674312948,TRUE
"run_060","surv_omega",0.569238990043,308.524545369722,0.000445258674312948,TRUE
"run_060","surv_alpha1",0.106071939479,308.524545369722,0.000445258674312948,TRUE
"run_060","surv_beta1",111.589703413,308.524545369722,0.000445258674312948,TRUE
"run_060","surv_alpha2",0.179560151652,308.524545369722,0.000445258674312948,TRUE
"run_060","surv_beta2",41.6216114112,308.524545369722,0.000445258674312948,TRUE
"run_061","log_avg_rec",20.9799892683,448.033385176588,1346.92844272871,FALSE
"run_061","log_m_mu[1]",-1.46210962706,448.033385176588,1346.92844272871,FALSE
"run_061","log_m_mu[2]",-0.816023791401,448.033385176588,1346.92844272871,FALSE
"run_061","log_m_mu[3]",-1.58056897245,448.033385176588,1346.92844272871,FALSE
"run_061","prop_rec[1]",44.6179427326,448.033385176588,1346.92844272871,FALSE
"run_061","prop_rec[2]",28.9809351613,448.033385176588,1346.92844272871,FALSE
"run_061","sigma_m[1]",1,448.033385176588,1346.92844272871,FALSE
"run_061","sigma_m[2]",1,448.033385176588,1346.92844272871,FALSE
"run_061","sigma_m[3]",1,448.033385176588,1346.92844272871,FALSE
"run_061","sigma_q[1]",0.1,448.033385176588,1346.92844272871,FALSE
"run_061","sigma_q[2]",0.1,448.033385176588,1346.92844272871,FALSE
"run_061","log_f",0.337778160161,448.033385176588,1346.92844272871,FALSE
"run_061","fish_ret_sel_50",96.4635256867,448.033385176588,1346.92844272871,FALSE
"run_061","fish_ret_sel_50_post",94.8747990624,448.033385176588,1346.92844272871,FALSE
"run_061","fish_ret_sel_slope",0.223372429579,448.033385176588,1346.92844272871,FALSE
"run_061","fish_ret_sel_slope_post",0.082988327921,448.033385176588,1346.92844272871,FALSE
"run_061","fish_tot_sel_offset",-9.47103345497,448.033385176588,1346.92844272871,FALSE
"run_061","fish_tot_sel_slope",-1.52694429767,448.033385176588,1346.92844272871,FALSE
"run_061","surv_omega",0.219624073287,448.033385176588,1346.92844272871,FALSE
"run_061","surv_alpha1",8.99378368536,448.033385176588,1346.92844272871,FALSE
"run_061","surv_beta1",113.098002388,448.033385176588,1346.92844272871,FALSE
"run_061","surv_alpha2",0.0321490433666,448.033385176588,1346.92844272871,FALSE
"run_061","surv_beta2",64.1130863531,448.033385176588,1346.92844272871,FALSE
"run_062","log_avg_rec",20.8268795293,308.524545370249,0.000848532943131828,TRUE
"run_062","log_m_mu[1]",-1.35304204146,308.524545370249,0.000848532943131828,TRUE
"run_062","log_m_mu[2]",-0.774265564196,308.524545370249,0.000848532943131828,TRUE
"run_062","log_m_mu[3]",-0.993806288195,308.524545370249,0.000848532943131828,TRUE
"run_062","prop_rec[1]",14.2476015265,308.524545370249,0.000848532943131828,TRUE
"run_062","prop_rec[2]",2.9252449553,308.524545370249,0.000848532943131828,TRUE
"run_062","sigma_m[1]",1,308.524545370249,0.000848532943131828,TRUE
"run_062","sigma_m[2]",1,308.524545370249,0.000848532943131828,TRUE
"run_062","sigma_m[3]",1,308.524545370249,0.000848532943131828,TRUE
"run_062","sigma_q[1]",0.1,308.524545370249,0.000848532943131828,TRUE
"run_062","sigma_q[2]",0.1,308.524545370249,0.000848532943131828,TRUE
"run_062","log_f",0.137367220897,308.524545370249,0.000848532943131828,TRUE
"run_062","fish_ret_sel_50",96.9093079475,308.524545370249,0.000848532943131828,TRUE
"run_062","fish_ret_sel_50_post",102.052586104,308.524545370249,0.000848532943131828,TRUE
"run_062","fish_ret_sel_slope",0.214615406292,308.524545370249,0.000848532943131828,TRUE
"run_062","fish_ret_sel_slope_post",0.29736085546,308.524545370249,0.000848532943131828,TRUE
"run_062","fish_tot_sel_offset",-9.26540747301,308.524545370249,0.000848532943131828,TRUE
"run_062","fish_tot_sel_slope",-1.62410718395,308.524545370249,0.000848532943131828,TRUE
"run_062","surv_omega",0.569239022577,308.524545370249,0.000848532943131828,TRUE
"run_062","surv_alpha1",0.106071902474,308.524545370249,0.000848532943131828,TRUE
"run_062","surv_beta1",111.589699644,308.524545370249,0.000848532943131828,TRUE
"run_062","surv_alpha2",0.179560179164,308.524545370249,0.000848532943131828,TRUE
"run_062","surv_beta2",41.6216086919,308.524545370249,0.000848532943131828,TRUE
"run_063","log_avg_rec",20.9173956979,308.524545370782,0.000303578829402995,TRUE
"run_063","log_m_mu[1]",-1.35304211938,308.524545370782,0.000303578829402995,TRUE
"run_063","log_m_mu[2]",-0.774265518422,308.524545370782,0.000303578829402995,TRUE
"run_063","log_m_mu[3]",-1.3395521832,308.524545370782,0.000303578829402995,TRUE
"run_063","prop_rec[1]",14.2475967404,308.524545370782,0.000303578829402995,TRUE
"run_063","prop_rec[2]",2.92524261546,308.524545370782,0.000303578829402995,TRUE
"run_063","sigma_m[1]",1,308.524545370782,0.000303578829402995,TRUE
"run_063","sigma_m[2]",1,308.524545370782,0.000303578829402995,TRUE
"run_063","sigma_m[3]",1,308.524545370782,0.000303578829402995,TRUE
"run_063","sigma_q[1]",0.1,308.524545370782,0.000303578829402995,TRUE
"run_063","sigma_q[2]",0.1,308.524545370782,0.000303578829402995,TRUE
"run_063","log_f",0.137367107123,308.524545370782,0.000303578829402995,TRUE
"run_063","fish_ret_sel_50",96.9093084626,308.524545370782,0.000303578829402995,TRUE
"run_063","fish_ret_sel_50_post",102.052586675,308.524545370782,0.000303578829402995,TRUE
"run_063","fish_ret_sel_slope",0.214615409548,308.524545370782,0.000303578829402995,TRUE
"run_063","fish_ret_sel_slope_post",0.297360864969,308.524545370782,0.000303578829402995,TRUE
"run_063","fish_tot_sel_offset",-9.26540612688,308.524545370782,0.000303578829402995,TRUE
"run_063","fish_tot_sel_slope",-1.62410716129,308.524545370782,0.000303578829402995,TRUE
"run_063","surv_omega",0.569239001591,308.524545370782,0.000303578829402995,TRUE
"run_063","surv_alpha1",0.106071933711,308.524545370782,0.000303578829402995,TRUE
"run_063","surv_beta1",111.589700906,308.524545370782,0.000303578829402995,TRUE
"run_063","surv_alpha2",0.179560209,308.524545370782,0.000303578829402995,TRUE
"run_063","surv_beta2",41.6216097581,308.524545370782,0.000303578829402995,TRUE
"run_064","log_avg_rec",21.3060969378,308.524545369791,0.000755897380878614,TRUE
"run_064","log_m_mu[1]",-1.35304209683,308.524545369791,0.000755897380878614,TRUE
"run_064","log_m_mu[2]",-0.774265527569,308.524545369791,0.000755897380878614,TRUE
"run_064","log_m_mu[3]",-0.973549943667,308.524545369791,0.000755897380878614,TRUE
"run_064","prop_rec[1]",14.2475924084,308.524545369791,0.000755897380878614,TRUE
"run_064","prop_rec[2]",2.92523931169,308.524545369791,0.000755897380878614,TRUE
"run_064","sigma_m[1]",1,308.524545369791,0.000755897380878614,TRUE
"run_064","sigma_m[2]",1,308.524545369791,0.000755897380878614,TRUE
"run_064","sigma_m[3]",1,308.524545369791,0.000755897380878614,TRUE
"run_064","sigma_q[1]",0.1,308.524545369791,0.000755897380878614,TRUE
"run_064","sigma_q[2]",0.1,308.524545369791,0.000755897380878614,TRUE
"run_064","log_f",0.137366748667,308.524545369791,0.000755897380878614,TRUE
"run_064","fish_ret_sel_50",96.9093089415,308.524545369791,0.000755897380878614,TRUE
"run_064","fish_ret_sel_50_post",102.052586531,308.524545369791,0.000755897380878614,TRUE
"run_064","fish_ret_sel_slope",0.214615421262,308.524545369791,0.000755897380878614,TRUE
"run_064","fish_ret_sel_slope_post",0.297360849061,308.524545369791,0.000755897380878614,TRUE
"run_064","fish_tot_sel_offset",-9.26540334849,308.524545369791,0.000755897380878614,TRUE
"run_064","fish_tot_sel_slope",-1.62410713453,308.524545369791,0.000755897380878614,TRUE
"run_064","surv_omega",0.569239011214,308.524545369791,0.000755897380878614,TRUE
"run_064","surv_alpha1",0.106071932814,308.524545369791,0.000755897380878614,TRUE
"run_064","surv_beta1",111.589700269,308.524545369791,0.000755897380878614,TRUE
"run_064","surv_alpha2",0.179560214476,308.524545369791,0.000755897380878614,TRUE
"run_064","surv_beta2",41.6216108882,308.524545369791,0.000755897380878614,TRUE
"run_065","log_avg_rec",21.2300550601,308.524545369957,0.000673088211886432,TRUE
"run_065","log_m_mu[1]",-1.35304209961,308.524545369957,0.000673088211886432,TRUE
"run_065","log_m_mu[2]",-0.774265592157,308.524545369957,0.000673088211886432,TRUE
"run_065","log_m_mu[3]",-1.1513943784,308.524545369957,0.000673088211886432,TRUE
"run_065","prop_rec[1]",14.2476014607,308.524545369957,0.000673088211886432,TRUE
"run_065","prop_rec[2]",2.92524060005,308.524545369957,0.000673088211886432,TRUE
"run_065","sigma_m[1]",1,308.524545369957,0.000673088211886432,TRUE
"run_065","sigma_m[2]",1,308.524545369957,0.000673088211886432,TRUE
"run_065","sigma_m[3]",1,308.524545369957,0.000673088211886432,TRUE
"run_065","sigma_q[1]",0.1,308.524545369957,0.000673088211886432,TRUE
"run_065","sigma_q[2]",0.1,308.524545369957,0.000673088211886432,TRUE
"run_065","log_f",0.137366359949,308.524545369957,0.000673088211886432,TRUE
"run_065","fish_ret_sel_50",96.9093085917,308.524545369957,0.000673088211886432,TRUE
"run_065","fish_ret_sel_50_post",102.05258596,308.524545369957,0.000673088211886432,TRUE
"run_065","fish_ret_sel_slope",0.214615420437,308.524545369957,0.000673088211886432,TRUE
"run_065","fish_ret_sel_slope_post",0.29736090286,308.524545369957,0.000673088211886432,TRUE
"run_065","fish_tot_sel_offset",-9.26540209185,308.524545369957,0.000673088211886432,TRUE
"run_065","fish_tot_sel_slope",-1.62410720851,308.524545369957,0.000673088211886432,TRUE
"run_065","surv_omega",0.569238966107,308.524545369957,0.000673088211886432,TRUE
"run_065","surv_alpha1",0.106071966103,308.524545369957,0.000673088211886432,TRUE
"run_065","surv_beta1",111.58970371,308.524545369957,0.000673088211886432,TRUE
"run_065","surv_alpha2",0.179560223892,308.524545369957,0.000673088211886432,TRUE
"run_065","surv_beta2",41.6216098984,308.524545369957,0.000673088211886432,TRUE
"run_066","log_avg_rec",21.2467158335,308.524545358068,0.000245406899316183,TRUE
"run_066","log_m_mu[1]",-1.35304209796,308.524545358068,0.000245406899316183,TRUE
"run_066","log_m_mu[2]",-0.774265489081,308.524545358068,0.000245406899316183,TRUE
"run_066","log_m_mu[3]",-1.5030246065,308.524545358068,0.000245406899316183,TRUE
"run_066","prop_rec[1]",14.2475944037,308.524545358068,0.000245406899316183,TRUE
"run_066","prop_rec[2]",2.92524008005,308.524545358068,0.000245406899316183,TRUE
"run_066","sigma_m[1]",1,308.524545358068,0.000245406899316183,TRUE
"run_066","sigma_m[2]",1,308.524545358068,0.000245406899316183,TRUE
"run_066","sigma_m[3]",1,308.524545358068,0.000245406899316183,TRUE
"run_066","sigma_q[1]",0.1,308.524545358068,0.000245406899316183,TRUE
"run_066","sigma_q[2]",0.1,308.524545358068,0.000245406899316183,TRUE
"run_066","log_f",0.137366963652,308.524545358068,0.000245406899316183,TRUE
"run_066","fish_ret_sel_50",96.9093090074,308.524545358068,0.000245406899316183,TRUE
"run_066","fish_ret_sel_50_post",102.052586197,308.524545358068,0.000245406899316183,TRUE
"run_066","fish_ret_sel_slope",0.214615422721,308.524545358068,0.000245406899316183,TRUE
"run_066","fish_ret_sel_slope_post",0.297360868038,308.524545358068,0.000245406899316183,TRUE
"run_066","fish_tot_sel_offset",-9.26540429139,308.524545358068,0.000245406899316183,TRUE
"run_066","fish_tot_sel_slope",-1.62410713761,308.524545358068,0.000245406899316183,TRUE
"run_066","surv_omega",0.56923902893,308.524545358068,0.000245406899316183,TRUE
"run_066","surv_alpha1",0.106071922538,308.524545358068,0.000245406899316183,TRUE
"run_066","surv_beta1",111.589695276,308.524545358068,0.000245406899316183,TRUE
"run_066","surv_alpha2",0.179560222298,308.524545358068,0.000245406899316183,TRUE
"run_066","surv_beta2",41.6216099044,308.524545358068,0.000245406899316183,TRUE
"run_067","log_avg_rec",21.0385782578,308.524545366531,0.000313423368161915,TRUE
"run_067","log_m_mu[1]",-1.35304208381,308.524545366531,0.000313423368161915,TRUE
"run_067","log_m_mu[2]",-0.774265455529,308.524545366531,0.000313423368161915,TRUE
"run_067","log_m_mu[3]",-1.2309851676,308.524545366531,0.000313423368161915,TRUE
"run_067","prop_rec[1]",14.2475957898,308.524545366531,0.000313423368161915,TRUE
"run_067","prop_rec[2]",2.92524135145,308.524545366531,0.000313423368161915,TRUE
"run_067","sigma_m[1]",1,308.524545366531,0.000313423368161915,TRUE
"run_067","sigma_m[2]",1,308.524545366531,0.000313423368161915,TRUE
"run_067","sigma_m[3]",1,308.524545366531,0.000313423368161915,TRUE
"run_067","sigma_q[1]",0.1,308.524545366531,0.000313423368161915,TRUE
"run_067","sigma_q[2]",0.1,308.524545366531,0.000313423368161915,TRUE
"run_067","log_f",0.13736689974,308.524545366531,0.000313423368161915,TRUE
"run_067","fish_ret_sel_50",96.9093085802,308.524545366531,0.000313423368161915,TRUE
"run_067","fish_ret_sel_50_post",102.052586537,308.524545366531,0.000313423368161915,TRUE
"run_067","fish_ret_sel_slope",0.214615416975,308.524545366531,0.000313423368161915,TRUE
"run_067","fish_ret_sel_slope_post",0.2973608519,308.524545366531,0.000313423368161915,TRUE
"run_067","fish_tot_sel_offset",-9.26540465478,308.524545366531,0.000313423368161915,TRUE
"run_067","fish_tot_sel_slope",-1.62410714725,308.524545366531,0.000313423368161915,TRUE
"run_067","surv_omega",0.569239015185,308.524545366531,0.000313423368161915,TRUE
"run_067","surv_alpha1",0.106071924723,308.524545366531,0.000313423368161915,TRUE
"run_067","surv_beta1",111.589700627,308.524545366531,0.000313423368161915,TRUE
"run_067","surv_alpha2",0.17956021807,308.524545366531,0.000313423368161915,TRUE
"run_067","surv_beta2",41.6216100568,308.524545366531,0.000313423368161915,TRUE
"run_068","log_avg_rec",20.8643789562,308.524545366046,0.000779838625690411,TRUE
"run_068","log_m_mu[1]",-1.35304125842,308.524545366046,0.000779838625690411,TRUE
"run_068","log_m_mu[2]",-0.77426507794,308.524545366046,0.000779838625690411,TRUE
"run_068","log_m_mu[3]",-1.19161174089,308.524545366046,0.000779838625690411,TRUE
"run_068","prop_rec[1]",14.2475804298,308.524545366046,0.000779838625690411,TRUE
"run_068","prop_rec[2]",2.92522940763,308.524545366046,0.000779838625690411,TRUE
"run_068","sigma_m[1]",1,308.524545366046,0.000779838625690411,TRUE
"run_068","sigma_m[2]",1,308.524545366046,0.000779838625690411,TRUE
"run_068","sigma_m[3]",1,308.524545366046,0.000779838625690411,TRUE
"run_068","sigma_q[1]",0.1,308.524545366046,0.000779838625690411,TRUE
"run_068","sigma_q[2]",0.1,308.524545366046,0.000779838625690411,TRUE
"run_068","log_f",0.137366998524,308.524545366046,0.000779838625690411,TRUE
"run_068","fish_ret_sel_50",96.9093096932,308.524545366046,0.000779838625690411,TRUE
"run_068","fish_ret_sel_50_post",102.052586459,308.524545366046,0.000779838625690411,TRUE
"run_068","fish_ret_sel_slope",0.214615442636,308.524545366046,0.000779838625690411,TRUE
"run_068","fish_ret_sel_slope_post",0.297360852924,308.524545366046,0.000779838625690411,TRUE
"run_068","fish_tot_sel_offset",-9.26540201106,308.524545366046,0.000779838625690411,TRUE
"run_068","fish_tot_sel_slope",-1.62410708633,308.524545366046,0.000779838625690411,TRUE
"run_068","surv_omega",0.569238980884,308.524545366046,0.000779838625690411,TRUE
"run_068","surv_alpha1",0.10607195263,308.524545366046,0.000779838625690411,TRUE
"run_068","surv_beta1",111.589701351,308.524545366046,0.000779838625690411,TRUE
"run_068","surv_alpha2",0.179560265771,308.524545366046,0.000779838625690411,TRUE
"run_068","surv_beta2",41.6216125132,308.524545366046,0.000779838625690411,TRUE
"run_069","log_avg_rec",21.049068172,308.524545388452,0.00098046173971668,TRUE
"run_069","log_m_mu[1]",-1.35304262685,308.524545388452,0.00098046173971668,TRUE
"run_069","log_m_mu[2]",-0.774265501041,308.524545388452,0.00098046173971668,TRUE
"run_069","log_m_mu[3]",-1.2724976816,308.524545388452,0.00098046173971668,TRUE
"run_069","prop_rec[1]",14.2476041592,308.524545388452,0.00098046173971668,TRUE
"run_069","prop_rec[2]",2.92524662142,308.524545388452,0.00098046173971668,TRUE
"run_069","sigma_m[1]",1,308.524545388452,0.00098046173971668,TRUE
"run_069","sigma_m[2]",1,308.524545388452,0.00098046173971668,TRUE
"run_069","sigma_m[3]",1,308.524545388452,0.00098046173971668,TRUE
"run_069","sigma_q[1]",0.1,308.524545388452,0.00098046173971668,TRUE
"run_069","sigma_q[2]",0.1,308.524545388452,0.00098046173971668,TRUE
"run_069","log_f",0.137367643211,308.524545388452,0.00098046173971668,TRUE
"run_069","fish_ret_sel_50",96.9093018237,308.524545388452,0.00098046173971668,TRUE
"run_069","fish_ret_sel_50_post",102.052585635,308.524545388452,0.00098046173971668,TRUE
"run_069","fish_ret_sel_slope",0.214615368366,308.524545388452,0.00098046173971668,TRUE
"run_069","fish_ret_sel_slope_post",0.297360873603,308.524545388452,0.00098046173971668,TRUE
"run_069","fish_tot_sel_offset",-9.26541971044,308.524545388452,0.00098046173971668,TRUE
"run_069","fish_tot_sel_slope",-1.62410736407,308.524545388452,0.00098046173971668,TRUE
"run_069","surv_omega",0.569239023514,308.524545388452,0.00098046173971668,TRUE
"run_069","surv_alpha1",0.106071932685,308.524545388452,0.00098046173971668,TRUE
"run_069","surv_beta1",111.589701352,308.524545388452,0.00098046173971668,TRUE
"run_069","surv_alpha2",0.179560172173,308.524545388452,0.00098046173971668,TRUE
"run_069","surv_beta2",41.6216049827,308.524545388452,0.00098046173971668,TRUE
"run_070","log_avg_rec",21.1876094548,308.52454540962,0.00040034274560943,TRUE
"run_070","log_m_mu[1]",-1.35304233203,308.52454540962,0.00040034274560943,TRUE
"run_070","log_m_mu[2]",-0.774265381682,308.52454540962,0.00040034274560943,TRUE
"run_070","log_m_mu[3]",-1.34474573318,308.52454540962,0.00040034274560943,TRUE
"run_070","prop_rec[1]",14.2475939783,308.52454540962,0.00040034274560943,TRUE
"run_070","prop_rec[2]",2.92524049954,308.52454540962,0.00040034274560943,TRUE
"run_070","sigma_m[1]",1,308.52454540962,0.00040034274560943,TRUE
"run_070","sigma_m[2]",1,308.52454540962,0.00040034274560943,TRUE
"run_070","sigma_m[3]",1,308.52454540962,0.00040034274560943,TRUE
"run_070","sigma_q[1]",0.1,308.52454540962,0.00040034274560943,TRUE
"run_070","sigma_q[2]",0.1,308.52454540962,0.00040034274560943,TRUE
"run_070","log_f",0.137367028911,308.52454540962,0.00040034274560943,TRUE
"run_070","fish_ret_sel_50",96.9093081885,308.52454540962,0.00040034274560943,TRUE
"run_070","fish_ret_sel_50_post",102.052587143,308.52454540962,0.00040034274560943,TRUE
"run_070","fish_ret_sel_slope",0.214615399563,308.52454540962,0.00040034274560943,TRUE
"run_070","fish_ret_sel_slope_post",0.297360877715,308.52454540962,0.00040034274560943,TRUE
"run_070","fish_tot_sel_offset",-9.26540512674,308.52454540962,0.00040034274560943,TRUE
"run_070","fish_tot_sel_slope",-1.62410712088,308.52454540962,0.00040034274560943,TRUE
"run_070","surv_omega",0.569239016784,308.52454540962,0.00040034274560943,TRUE
"run_070","surv_alpha1",0.106071902599,308.52454540962,0.00040034274560943,TRUE
"run_070","surv_beta1",111.58969495,308.52454540962,0.00040034274560943,TRUE
"run_070","surv_alpha2",0.179560278759,308.52454540962,0.00040034274560943,TRUE
"run_070","surv_beta2",41.6216052207,308.52454540962,0.00040034274560943,TRUE
"run_071","log_avg_rec",20.7532786224,350.375251166656,0.0002704948962707,TRUE
"run_071","log_m_mu[1]",-1.37806576855,350.375251166656,0.0002704948962707,TRUE
"run_071","log_m_mu[2]",-0.780627322942,350.375251166656,0.0002704948962707,TRUE
"run_071","log_m_mu[3]",-1.04298713057,350.375251166656,0.0002704948962707,TRUE
"run_071","prop_rec[1]",35.1614631378,350.375251166656,0.0002704948962707,TRUE
"run_071","prop_rec[2]",21.2129042619,350.375251166656,0.0002704948962707,TRUE
"run_071","sigma_m[1]",1,350.375251166656,0.0002704948962707,TRUE
"run_071","sigma_m[2]",1,350.375251166656,0.0002704948962707,TRUE
"run_071","sigma_m[3]",1,350.375251166656,0.0002704948962707,TRUE
"run_071","sigma_q[1]",0.1,350.375251166656,0.0002704948962707,TRUE
"run_071","sigma_q[2]",0.1,350.375251166656,0.0002704948962707,TRUE
"run_071","log_f",0.140501607321,350.375251166656,0.0002704948962707,TRUE
"run_071","fish_ret_sel_50",96.9012428454,350.375251166656,0.0002704948962707,TRUE
"run_071","fish_ret_sel_50_post",102.027351609,350.375251166656,0.0002704948962707,TRUE
"run_071","fish_ret_sel_slope",0.213797846938,350.375251166656,0.0002704948962707,TRUE
"run_071","fish_ret_sel_slope_post",0.295641160388,350.375251166656,0.0002704948962707,TRUE
"run_071","fish_tot_sel_offset",-9.04530632048,350.375251166656,0.0002704948962707,TRUE
"run_071","fish_tot_sel_slope",-1.61868431797,350.375251166656,0.0002704948962707,TRUE
"run_071","surv_omega",0.999999940936,350.375251166656,0.0002704948962707,TRUE
"run_071","surv_alpha1",0.0293762703278,350.375251166656,0.0002704948962707,TRUE
"run_071","surv_beta1",79.7156392237,350.375251166656,0.0002704948962707,TRUE
"run_071","surv_alpha2",4.23351337712,350.375251166656,0.0002704948962707,TRUE
"run_071","surv_beta2",34.0512682608,350.375251166656,0.0002704948962707,TRUE
"run_072","log_avg_rec",21.0186080139,308.524545369123,0.000794561381177613,TRUE
"run_072","log_m_mu[1]",-1.35304201258,308.524545369123,0.000794561381177613,TRUE
"run_072","log_m_mu[2]",-0.774265458535,308.524545369123,0.000794561381177613,TRUE
"run_072","log_m_mu[3]",-1.18744933118,308.524545369123,0.000794561381177613,TRUE
"run_072","prop_rec[1]",14.2475927473,308.524545369123,0.000794561381177613,TRUE
"run_072","prop_rec[2]",2.92523946836,308.524545369123,0.000794561381177613,TRUE
"run_072","sigma_m[1]",1,308.524545369123,0.000794561381177613,TRUE
"run_072","sigma_m[2]",1,308.524545369123,0.000794561381177613,TRUE
"run_072","sigma_m[3]",1,308.524545369123,0.000794561381177613,TRUE
"run_072","sigma_q[1]",0.1,308.524545369123,0.000794561381177613,TRUE
"run_072","sigma_q[2]",0.1,308.524545369123,0.000794561381177613,TRUE
"run_072","log_f",0.137366890232,308.524545369123,0.000794561381177613,TRUE
"run_072","fish_ret_sel_50",96.9093085783,308.524545369123,0.000794561381177613,TRUE
"run_072","fish_ret_sel_50_post",102.052586049,308.524545369123,0.000794561381177613,TRUE
"run_072","fish_ret_sel_slope",0.214615416647,308.524545369123,0.000794561381177613,TRUE
"run_072","fish_ret_sel_slope_post",0.297360855676,308.524545369123,0.000794561381177613,TRUE
"run_072","fish_tot_sel_offset",-9.26540397874,308.524545369123,0.000794561381177613,TRUE
"run_072","fish_tot_sel_slope",-1.62410710205,308.524545369123,0.000794561381177613,TRUE
"run_072","surv_omega",0.569239044237,308.524545369123,0.000794561381177613,TRUE
"run_072","surv_alpha1",0.106071922282,308.524545369123,0.000794561381177613,TRUE
"run_072","surv_beta1",111.589698677,308.524545369123,0.000794561381177613,TRUE
"run_072","surv_alpha2",0.179560221374,308.524545369123,0.000794561381177613,TRUE
"run_072","surv_beta2",41.6216101751,308.524545369123,0.000794561381177613,TRUE
"run_073","log_avg_rec",21.0468098341,308.524545373187,0.000561318651805136,TRUE
"run_073","log_m_mu[1]",-1.353042015,308.524545373187,0.000561318651805136,TRUE
"run_073","log_m_mu[2]",-0.774265552658,308.524545373187,0.000561318651805136,TRUE
"run_073","log_m_mu[3]",-0.99956320101,308.524545373187,0.000561318651805136,TRUE
"run_073","prop_rec[1]",14.2475904632,308.524545373187,0.000561318651805136,TRUE
"run_073","prop_rec[2]",2.9252380101,308.524545373187,0.000561318651805136,TRUE
"run_073","sigma_m[1]",1,308.524545373187,0.000561318651805136,TRUE
"run_073","sigma_m[2]",1,308.524545373187,0.000561318651805136,TRUE
"run_073","sigma_m[3]",1,308.524545373187,0.000561318651805136,TRUE
"run_073","sigma_q[1]",0.1,308.524545373187,0.000561318651805136,TRUE
"run_073","sigma_q[2]",0.1,308.524545373187,0.000561318651805136,TRUE
"run_073","log_f",0.137366534707,308.524545373187,0.000561318651805136,TRUE
"run_073","fish_ret_sel_50",96.909309592,308.524545373187,0.000561318651805136,TRUE
"run_073","fish_ret_sel_50_post",102.052586872,308.524545373187,0.000561318651805136,TRUE
"run_073","fish_ret_sel_slope",0.214615401497,308.524545373187,0.000561318651805136,TRUE
"run_073","fish_ret_sel_slope_post",0.297360845031,308.524545373187,0.000561318651805136,TRUE
"run_073","fish_tot_sel_offset",-9.2654013031,308.524545373187,0.000561318651805136,TRUE
"run_073","fish_tot_sel_slope",-1.62410716362,308.524545373187,0.000561318651805136,TRUE
"run_073","surv_omega",0.56923900193,308.524545373187,0.000561318651805136,TRUE
"run_073","surv_alpha1",0.106071944116,308.524545373187,0.000561318651805136,TRUE
"run_073","surv_beta1",111.589701849,308.524545373187,0.000561318651805136,TRUE
"run_073","surv_alpha2",0.179560225943,308.524545373187,0.000561318651805136,TRUE
"run_073","surv_beta2",41.6216107333,308.524545373187,0.000561318651805136,TRUE
"run_074","log_avg_rec",20.5714394062,2474.43622663981,24389.4991166873,FALSE
"run_074","log_m_mu[1]",-1.28230940635,2474.43622663981,24389.4991166873,FALSE
"run_074","log_m_mu[2]",-1.07856551053,2474.43622663981,24389.4991166873,FALSE
"run_074","log_m_mu[3]",-1.12645397975,2474.43622663981,24389.4991166873,FALSE
"run_074","prop_rec[1]",16.1249236331,2474.43622663981,24389.4991166873,FALSE
"run_074","prop_rec[2]",4.1155519075,2474.43622663981,24389.4991166873,FALSE
"run_074","sigma_m[1]",1,2474.43622663981,24389.4991166873,FALSE
"run_074","sigma_m[2]",1,2474.43622663981,24389.4991166873,FALSE
"run_074","sigma_m[3]",1,2474.43622663981,24389.4991166873,FALSE
"run_074","sigma_q[1]",0.1,2474.43622663981,24389.4991166873,FALSE
"run_074","sigma_q[2]",0.1,2474.43622663981,24389.4991166873,FALSE
"run_074","log_f",2.21612620638,2474.43622663981,24389.4991166873,FALSE
"run_074","fish_ret_sel_50",134.338248941,2474.43622663981,24389.4991166873,FALSE
"run_074","fish_ret_sel_50_post",71.059272836,2474.43622663981,24389.4991166873,FALSE
"run_074","fish_ret_sel_slope",0.000311320366652,2474.43622663981,24389.4991166873,FALSE
"run_074","fish_ret_sel_slope_post",0.882718227159,2474.43622663981,24389.4991166873,FALSE
"run_074","fish_tot_sel_offset",-9.99999993781,2474.43622663981,24389.4991166873,FALSE
"run_074","fish_tot_sel_slope",-2.42357870505,2474.43622663981,24389.4991166873,FALSE
"run_074","surv_omega",0.706352173191,2474.43622663981,24389.4991166873,FALSE
"run_074","surv_alpha1",0.146562918735,2474.43622663981,24389.4991166873,FALSE
"run_074","surv_beta1",120.356843494,2474.43622663981,24389.4991166873,FALSE
"run_074","surv_alpha2",0.146074360954,2474.43622663981,24389.4991166873,FALSE
"run_074","surv_beta2",36.8774033804,2474.43622663981,24389.4991166873,FALSE
"run_075","log_avg_rec",20.9998782912,308.524545361709,0.000966032934640234,TRUE
"run_075","log_m_mu[1]",-1.35304218183,308.524545361709,0.000966032934640234,TRUE
"run_075","log_m_mu[2]",-0.774265358049,308.524545361709,0.000966032934640234,TRUE
"run_075","log_m_mu[3]",-0.861095919491,308.524545361709,0.000966032934640234,TRUE
"run_075","prop_rec[1]",14.247610659,308.524545361709,0.000966032934640234,TRUE
"run_075","prop_rec[2]",2.92525336963,308.524545361709,0.000966032934640234,TRUE
"run_075","sigma_m[1]",1,308.524545361709,0.000966032934640234,TRUE
"run_075","sigma_m[2]",1,308.524545361709,0.000966032934640234,TRUE
"run_075","sigma_m[3]",1,308.524545361709,0.000966032934640234,TRUE
"run_075","sigma_q[1]",0.1,308.524545361709,0.000966032934640234,TRUE
"run_075","sigma_q[2]",0.1,308.524545361709,0.000966032934640234,TRUE
"run_075","log_f",0.137366597948,308.524545361709,0.000966032934640234,TRUE
"run_075","fish_ret_sel_50",96.9093098127,308.524545361709,0.000966032934640234,TRUE
"run_075","fish_ret_sel_50_post",102.052585868,308.524545361709,0.000966032934640234,TRUE
"run_075","fish_ret_sel_slope",0.214615434292,308.524545361709,0.000966032934640234,TRUE
"run_075","fish_ret_sel_slope_post",0.297360842346,308.524545361709,0.000966032934640234,TRUE
"run_075","fish_tot_sel_offset",-9.26540071947,308.524545361709,0.000966032934640234,TRUE
"run_075","fish_tot_sel_slope",-1.62410712217,308.524545361709,0.000966032934640234,TRUE
"run_075","surv_omega",0.569238974814,308.524545361709,0.000966032934640234,TRUE
"run_075","surv_alpha1",0.106071928859,308.524545361709,0.000966032934640234,TRUE
"run_075","surv_beta1",111.589704732,308.524545361709,0.000966032934640234,TRUE
"run_075","surv_alpha2",0.17956011094,308.524545361709,0.000966032934640234,TRUE
"run_075","surv_beta2",41.6216109779,308.524545361709,0.000966032934640234,TRUE
"run_076","log_avg_rec",20.2186053502,755.118870686407,12756.2840120865,FALSE
"run_076","log_m_mu[1]",-1.73672234766,755.118870686407,12756.2840120865,FALSE
"run_076","log_m_mu[2]",-0.839156982899,755.118870686407,12756.2840120865,FALSE
"run_076","log_m_mu[3]",-1.07049253961,755.118870686407,12756.2840120865,FALSE
"run_076","prop_rec[1]",23.5329187424,755.118870686407,12756.2840120865,FALSE
"run_076","prop_rec[2]",18.3000259095,755.118870686407,12756.2840120865,FALSE
"run_076","sigma_m[1]",1,755.118870686407,12756.2840120865,FALSE
"run_076","sigma_m[2]",1,755.118870686407,12756.2840120865,FALSE
"run_076","sigma_m[3]",1,755.118870686407,12756.2840120865,FALSE
"run_076","sigma_q[1]",0.1,755.118870686407,12756.2840120865,FALSE
"run_076","sigma_q[2]",0.1,755.118870686407,12756.2840120865,FALSE
"run_076","log_f",2.30681729485,755.118870686407,12756.2840120865,FALSE
"run_076","fish_ret_sel_50",101.376964199,755.118870686407,12756.2840120865,FALSE
"run_076","fish_ret_sel_50_post",102.217087209,755.118870686407,12756.2840120865,FALSE
"run_076","fish_ret_sel_slope",0.275860457831,755.118870686407,12756.2840120865,FALSE
"run_076","fish_ret_sel_slope_post",0.259920906351,755.118870686407,12756.2840120865,FALSE
"run_076","fish_tot_sel_offset",-8.71295044968,755.118870686407,12756.2840120865,FALSE
"run_076","fish_tot_sel_slope",-1.44290139657,755.118870686407,12756.2840120865,FALSE
"run_076","surv_omega",0.458753731757,755.118870686407,12756.2840120865,FALSE
"run_076","surv_alpha1",9.25624945924,755.118870686407,12756.2840120865,FALSE
"run_076","surv_beta1",109.976682631,755.118870686407,12756.2840120865,FALSE
"run_076","surv_alpha2",0.0887155174853,755.118870686407,12756.2840120865,FALSE
"run_076","surv_beta2",29.8124011546,755.118870686407,12756.2840120865,FALSE
"run_077","log_avg_rec",21.1414379261,308.524545384952,0.000933936661834114,TRUE
"run_077","log_m_mu[1]",-1.35304248981,308.524545384952,0.000933936661834114,TRUE
"run_077","log_m_mu[2]",-0.774265516435,308.524545384952,0.000933936661834114,TRUE
"run_077","log_m_mu[3]",-1.049634623,308.524545384952,0.000933936661834114,TRUE
"run_077","prop_rec[1]",14.2476076807,308.524545384952,0.000933936661834114,TRUE
"run_077","prop_rec[2]",2.92524674759,308.524545384952,0.000933936661834114,TRUE
"run_077","sigma_m[1]",1,308.524545384952,0.000933936661834114,TRUE
"run_077","sigma_m[2]",1,308.524545384952,0.000933936661834114,TRUE
"run_077","sigma_m[3]",1,308.524545384952,0.000933936661834114,TRUE
"run_077","sigma_q[1]",0.1,308.524545384952,0.000933936661834114,TRUE
"run_077","sigma_q[2]",0.1,308.524545384952,0.000933936661834114,TRUE
"run_077","log_f",0.137366862735,308.524545384952,0.000933936661834114,TRUE
"run_077","fish_ret_sel_50",96.9093078574,308.524545384952,0.000933936661834114,TRUE
"run_077","fish_ret_sel_50_post",102.052585511,308.524545384952,0.000933936661834114,TRUE
"run_077","fish_ret_sel_slope",0.214615405972,308.524545384952,0.000933936661834114,TRUE
"run_077","fish_ret_sel_slope_post",0.297360877233,308.524545384952,0.000933936661834114,TRUE
"run_077","fish_tot_sel_offset",-9.26540418291,308.524545384952,0.000933936661834114,TRUE
"run_077","fish_tot_sel_slope",-1.62410713314,308.524545384952,0.000933936661834114,TRUE
"run_077","surv_omega",0.569238924722,308.524545384952,0.000933936661834114,TRUE
"run_077","surv_alpha1",0.106071952876,308.524545384952,0.000933936661834114,TRUE
"run_077","surv_beta1",111.589707317,308.524545384952,0.000933936661834114,TRUE
"run_077","surv_alpha2",0.17956017296,308.524545384952,0.000933936661834114,TRUE
"run_077","surv_beta2",41.6216085274,308.524545384952,0.000933936661834114,TRUE
"run_078","log_avg_rec",21.0866869735,308.524545358246,0.000481190585637927,TRUE
"run_078","log_m_mu[1]",-1.35304184333,308.524545358246,0.000481190585637927,TRUE
"run_078","log_m_mu[2]",-0.774265578831,308.524545358246,0.000481190585637927,TRUE
"run_078","log_m_mu[3]",-1.11145792778,308.524545358246,0.000481190585637927,TRUE
"run_078","prop_rec[1]",14.2475998748,308.524545358246,0.000481190585637927,TRUE
"run_078","prop_rec[2]",2.9252470813,308.524545358246,0.000481190585637927,TRUE
"run_078","sigma_m[1]",1,308.524545358246,0.000481190585637927,TRUE
"run_078","sigma_m[2]",1,308.524545358246,0.000481190585637927,TRUE
"run_078","sigma_m[3]",1,308.524545358246,0.000481190585637927,TRUE
"run_078","sigma_q[1]",0.1,308.524545358246,0.000481190585637927,TRUE
"run_078","sigma_q[2]",0.1,308.524545358246,0.000481190585637927,TRUE
"run_078","log_f",0.137366046136,308.524545358246,0.000481190585637927,TRUE
"run_078","fish_ret_sel_50",96.9093094126,308.524545358246,0.000481190585637927,TRUE
"run_078","fish_ret_sel_50_post",102.052586765,308.524545358246,0.000481190585637927,TRUE
"run_078","fish_ret_sel_slope",0.214615410953,308.524545358246,0.000481190585637927,TRUE
"run_078","fish_ret_sel_slope_post",0.297360878767,308.524545358246,0.000481190585637927,TRUE
"run_078","fish_tot_sel_offset",-9.26539724535,308.524545358246,0.000481190585637927,TRUE
"run_078","fish_tot_sel_slope",-1.62410699561,308.524545358246,0.000481190585637927,TRUE
"run_078","surv_omega",0.569239125843,308.524545358246,0.000481190585637927,TRUE
"run_078","surv_alpha1",0.106071816512,308.524545358246,0.000481190585637927,TRUE
"run_078","surv_beta1",111.589700625,308.524545358246,0.000481190585637927,TRUE
"run_078","surv_alpha2",0.179560229933,308.524545358246,0.000481190585637927,TRUE
"run_078","surv_beta2",41.6216077913,308.524545358246,0.000481190585637927,TRUE
"run_079","log_avg_rec",21.0154829023,308.961083358571,34.5511836945769,FALSE
"run_079","log_m_mu[1]",-1.3530628158,308.961083358571,34.5511836945769,FALSE
"run_079","log_m_mu[2]",-0.775191018172,308.961083358571,34.5511836945769,FALSE
"run_079","log_m_mu[3]",-1.35787453525,308.961083358571,34.5511836945769,FALSE
"run_079","prop_rec[1]",14.341025726,308.961083358571,34.5511836945769,FALSE
"run_079","prop_rec[2]",3.00529463882,308.961083358571,34.5511836945769,FALSE
"run_079","sigma_m[1]",1,308.961083358571,34.5511836945769,FALSE
"run_079","sigma_m[2]",1,308.961083358571,34.5511836945769,FALSE
"run_079","sigma_m[3]",1,308.961083358571,34.5511836945769,FALSE
"run_079","sigma_q[1]",0.1,308.961083358571,34.5511836945769,FALSE
"run_079","sigma_q[2]",0.1,308.961083358571,34.5511836945769,FALSE
"run_079","log_f",0.127013090081,308.961083358571,34.5511836945769,FALSE
"run_079","fish_ret_sel_50",96.9406423363,308.961083358571,34.5511836945769,FALSE
"run_079","fish_ret_sel_50_post",102.053366509,308.961083358571,34.5511836945769,FALSE
"run_079","fish_ret_sel_slope",0.21494843862,308.961083358571,34.5511836945769,FALSE
"run_079","fish_ret_sel_slope_post",0.297478188685,308.961083358571,34.5511836945769,FALSE
"run_079","fish_tot_sel_offset",-9.14919276075,308.961083358571,34.5511836945769,FALSE
"run_079","fish_tot_sel_slope",-1.62223274764,308.961083358571,34.5511836945769,FALSE
"run_079","surv_omega",0.569880103209,308.961083358571,34.5511836945769,FALSE
"run_079","surv_alpha1",0.105742926276,308.961083358571,34.5511836945769,FALSE
"run_079","surv_beta1",111.565281729,308.961083358571,34.5511836945769,FALSE
"run_079","surv_alpha2",0.178805944712,308.961083358571,34.5511836945769,FALSE
"run_079","surv_beta2",41.6602198491,308.961083358571,34.5511836945769,FALSE
"run_080","log_avg_rec",21.292735796,308.524660491378,0.000436092344505356,TRUE
"run_080","log_m_mu[1]",-1.35304211361,308.524660491378,0.000436092344505356,TRUE
"run_080","log_m_mu[2]",-0.77426540174,308.524660491378,0.000436092344505356,TRUE
"run_080","log_m_mu[3]",-0.821790746881,308.524660491378,0.000436092344505356,TRUE
"run_080","prop_rec[1]",14.2475961941,308.524660491378,0.000436092344505356,TRUE
"run_080","prop_rec[2]",2.92524009131,308.524660491378,0.000436092344505356,TRUE
"run_080","sigma_m[1]",1,308.524660491378,0.000436092344505356,TRUE
"run_080","sigma_m[2]",1,308.524660491378,0.000436092344505356,TRUE
"run_080","sigma_m[3]",1,308.524660491378,0.000436092344505356,TRUE
"run_080","sigma_q[1]",0.1,308.524660491378,0.000436092344505356,TRUE
"run_080","sigma_q[2]",0.1,308.524660491378,0.000436092344505356,TRUE
"run_080","log_f",0.137368989513,308.524660491378,0.000436092344505356,TRUE
"run_080","fish_ret_sel_50",96.9093058224,308.524660491378,0.000436092344505356,TRUE
"run_080","fish_ret_sel_50_post",102.052586408,308.524660491378,0.000436092344505356,TRUE
"run_080","fish_ret_sel_slope",0.214615403458,308.524660491378,0.000436092344505356,TRUE
"run_080","fish_ret_sel_slope_post",0.297360876475,308.524660491378,0.000436092344505356,TRUE
"run_080","fish_tot_sel_offset",-9.26542162175,308.524660491378,0.000436092344505356,TRUE
"run_080","fish_tot_sel_slope",-1.62410734141,308.524660491378,0.000436092344505356,TRUE
"run_080","surv_omega",0.569239028903,308.524660491378,0.000436092344505356,TRUE
"run_080","surv_alpha1",0.106071911338,308.524660491378,0.000436092344505356,TRUE
"run_080","surv_beta1",111.589698882,308.524660491378,0.000436092344505356,TRUE
"run_080","surv_alpha2",0.179560222416,308.524660491378,0.000436092344505356,TRUE
"run_080","surv_beta2",41.6216091755,308.524660491378,0.000436092344505356,TRUE
"run_081","log_avg_rec",21.0322845126,308.524545367162,0.000821179346886412,TRUE
"run_081","log_m_mu[1]",-1.35304211975,308.524545367162,0.000821179346886412,TRUE
"run_081","log_m_mu[2]",-0.774265395005,308.524545367162,0.000821179346886412,TRUE
"run_081","log_m_mu[3]",-1.58744036033,308.524545367162,0.000821179346886412,TRUE
"run_081","prop_rec[1]",14.247599093,308.524545367162,0.000821179346886412,TRUE
"run_081","prop_rec[2]",2.92524159506,308.524545367162,0.000821179346886412,TRUE
"run_081","sigma_m[1]",1,308.524545367162,0.000821179346886412,TRUE
"run_081","sigma_m[2]",1,308.524545367162,0.000821179346886412,TRUE
"run_081","sigma_m[3]",1,308.524545367162,0.000821179346886412,TRUE
"run_081","sigma_q[1]",0.1,308.524545367162,0.000821179346886412,TRUE
"run_081","sigma_q[2]",0.1,308.524545367162,0.000821179346886412,TRUE
"run_081","log_f",0.137367071786,308.524545367162,0.000821179346886412,TRUE
"run_081","fish_ret_sel_50",96.9093091922,308.524545367162,0.000821179346886412,TRUE
"run_081","fish_ret_sel_50_post",102.052586764,308.524545367162,0.000821179346886412,TRUE
"run_081","fish_ret_sel_slope",0.214615421986,308.524545367162,0.000821179346886412,TRUE
"run_081","fish_ret_sel_slope_post",0.297360858412,308.524545367162,0.000821179346886412,TRUE
"run_081","fish_tot_sel_offset",-9.2654049898,308.524545367162,0.000821179346886412,TRUE
"run_081","fish_tot_sel_slope",-1.62410715146,308.524545367162,0.000821179346886412,TRUE
"run_081","surv_omega",0.569238998879,308.524545367162,0.000821179346886412,TRUE
"run_081","surv_alpha1",0.106071941772,308.524545367162,0.000821179346886412,TRUE
"run_081","surv_beta1",111.589701776,308.524545367162,0.000821179346886412,TRUE
"run_081","surv_alpha2",0.179560201248,308.524545367162,0.000821179346886412,TRUE
"run_081","surv_beta2",41.6216103925,308.524545367162,0.000821179346886412,TRUE
"run_082","log_avg_rec",20.8225536841,308.524545374316,0.000581189114146808,TRUE
"run_082","log_m_mu[1]",-1.35304210945,308.524545374316,0.000581189114146808,TRUE
"run_082","log_m_mu[2]",-0.774265454062,308.524545374316,0.000581189114146808,TRUE
"run_082","log_m_mu[3]",-1.06592409114,308.524545374316,0.000581189114146808,TRUE
"run_082","prop_rec[1]",14.2475965284,308.524545374316,0.000581189114146808,TRUE
"run_082","prop_rec[2]",2.92524211333,308.524545374316,0.000581189114146808,TRUE
"run_082","sigma_m[1]",1,308.524545374316,0.000581189114146808,TRUE
"run_082","sigma_m[2]",1,308.524545374316,0.000581189114146808,TRUE
"run_082","sigma_m[3]",1,308.524545374316,0.000581189114146808,TRUE
"run_082","sigma_q[1]",0.1,308.524545374316,0.000581189114146808,TRUE
"run_082","sigma_q[2]",0.1,308.524545374316,0.000581189114146808,TRUE
"run_082","log_f",0.137366934342,308.524545374316,0.000581189114146808,TRUE
"run_082","fish_ret_sel_50",96.9093087303,308.524545374316,0.000581189114146808,TRUE
"run_082","fish_ret_sel_50_post",102.052586482,308.524545374316,0.000581189114146808,TRUE
"run_082","fish_ret_sel_slope",0.214615422486,308.524545374316,0.000581189114146808,TRUE
"run_082","fish_ret_sel_slope_post",0.297360856646,308.524545374316,0.000581189114146808,TRUE
"run_082","fish_tot_sel_offset",-9.26540466724,308.524545374316,0.000581189114146808,TRUE
"run_082","fish_tot_sel_slope",-1.62410713846,308.524545374316,0.000581189114146808,TRUE
"run_082","surv_omega",0.569238998616,308.524545374316,0.000581189114146808,TRUE
"run_082","surv_alpha1",0.106071935721,308.524545374316,0.000581189114146808,TRUE
"run_082","surv_beta1",111.589702801,308.524545374316,0.000581189114146808,TRUE
"run_082","surv_alpha2",0.179560199321,308.524545374316,0.000581189114146808,TRUE
"run_082","surv_beta2",41.621609849,308.524545374316,0.000581189114146808,TRUE
"run_083","log_avg_rec",20.879335437,308.524545367377,0.000766177122429991,TRUE
"run_083","log_m_mu[1]",-1.35304206446,308.524545367377,0.000766177122429991,TRUE
"run_083","log_m_mu[2]",-0.774265458586,308.524545367377,0.000766177122429991,TRUE
"run_083","log_m_mu[3]",-1.22947684349,308.524545367377,0.000766177122429991,TRUE
"run_083","prop_rec[1]",14.247593382,308.524545367377,0.000766177122429991,TRUE
"run_083","prop_rec[2]",2.92523913273,308.524545367377,0.000766177122429991,TRUE
"run_083","sigma_m[1]",1,308.524545367377,0.000766177122429991,TRUE
"run_083","sigma_m[2]",1,308.524545367377,0.000766177122429991,TRUE
"run_083","sigma_m[3]",1,308.524545367377,0.000766177122429991,TRUE
"run_083","sigma_q[1]",0.1,308.524545367377,0.000766177122429991,TRUE
"run_083","sigma_q[2]",0.1,308.524545367377,0.000766177122429991,TRUE
"run_083","log_f",0.137366832951,308.524545367377,0.000766177122429991,TRUE
"run_083","fish_ret_sel_50",96.9093089202,308.524545367377,0.000766177122429991,TRUE
"run_083","fish_ret_sel_50_post",102.052586087,308.524545367377,0.000766177122429991,TRUE
"run_083","fish_ret_sel_slope",0.214615423016,308.524545367377,0.000766177122429991,TRUE
"run_083","fish_ret_sel_slope_post",0.297360857358,308.524545367377,0.000766177122429991,TRUE
"run_083","fish_tot_sel_offset",-9.26540388471,308.524545367377,0.000766177122429991,TRUE
"run_083","fish_tot_sel_slope",-1.62410714387,308.524545367377,0.000766177122429991,TRUE
"run_083","surv_omega",0.569239003541,308.524545367377,0.000766177122429991,TRUE
"run_083","surv_alpha1",0.106071937309,308.524545367377,0.000766177122429991,TRUE
"run_083","surv_beta1",111.589701202,308.524545367377,0.000766177122429991,TRUE
"run_083","surv_alpha2",0.179560205476,308.524545367377,0.000766177122429991,TRUE
"run_083","surv_beta2",41.6216117043,308.524545367377,0.000766177122429991,TRUE
"run_084","log_avg_rec",21.3061067469,308.524545376871,0.000992242536892373,TRUE
"run_084","log_m_mu[1]",-1.35304212263,308.524545376871,0.000992242536892373,TRUE
"run_084","log_m_mu[2]",-0.774265332687,308.524545376871,0.000992242536892373,TRUE
"run_084","log_m_mu[3]",-1.430522027,308.524545376871,0.000992242536892373,TRUE
"run_084","prop_rec[1]",14.2475966457,308.524545376871,0.000992242536892373,TRUE
"run_084","prop_rec[2]",2.92523986539,308.524545376871,0.000992242536892373,TRUE
"run_084","sigma_m[1]",1,308.524545376871,0.000992242536892373,TRUE
"run_084","sigma_m[2]",1,308.524545376871,0.000992242536892373,TRUE
"run_084","sigma_m[3]",1,308.524545376871,0.000992242536892373,TRUE
"run_084","sigma_q[1]",0.1,308.524545376871,0.000992242536892373,TRUE
"run_084","sigma_q[2]",0.1,308.524545376871,0.000992242536892373,TRUE
"run_084","log_f",0.13736720752,308.524545376871,0.000992242536892373,TRUE
"run_084","fish_ret_sel_50",96.9093091985,308.524545376871,0.000992242536892373,TRUE
"run_084","fish_ret_sel_50_post",102.052586311,308.524545376871,0.000992242536892373,TRUE
"run_084","fish_ret_sel_slope",0.214615432293,308.524545376871,0.000992242536892373,TRUE
"run_084","fish_ret_sel_slope_post",0.297360868626,308.524545376871,0.000992242536892373,TRUE
"run_084","fish_tot_sel_offset",-9.26540670739,308.524545376871,0.000992242536892373,TRUE
"run_084","fish_tot_sel_slope",-1.62410721307,308.524545376871,0.000992242536892373,TRUE
"run_084","surv_omega",0.569239039462,308.524545376871,0.000992242536892373,TRUE
"run_084","surv_alpha1",0.106071901219,308.524545376871,0.000992242536892373,TRUE
"run_084","surv_beta1",111.589699823,308.524545376871,0.000992242536892373,TRUE
"run_084","surv_alpha2",0.179560223585,308.524545376871,0.000992242536892373,TRUE
"run_084","surv_beta2",41.6216101324,308.524545376871,0.000992242536892373,TRUE
"run_085","log_avg_rec",21.1880162236,308.524545373338,0.00065940511735346,TRUE
"run_085","log_m_mu[1]",-1.35304207556,308.524545373338,0.00065940511735346,TRUE
"run_085","log_m_mu[2]",-0.774265464565,308.524545373338,0.00065940511735346,TRUE
"run_085","log_m_mu[3]",-1.32164607847,308.524545373338,0.00065940511735346,TRUE
"run_085","prop_rec[1]",14.2475901702,308.524545373338,0.00065940511735346,TRUE
"run_085","prop_rec[2]",2.92523702051,308.524545373338,0.00065940511735346,TRUE
"run_085","sigma_m[1]",1,308.524545373338,0.00065940511735346,TRUE
"run_085","sigma_m[2]",1,308.524545373338,0.00065940511735346,TRUE
"run_085","sigma_m[3]",1,308.524545373338,0.00065940511735346,TRUE
"run_085","sigma_q[1]",0.1,308.524545373338,0.00065940511735346,TRUE
"run_085","sigma_q[2]",0.1,308.524545373338,0.00065940511735346,TRUE
"run_085","log_f",0.13736732641,308.524545373338,0.00065940511735346,TRUE
"run_085","fish_ret_sel_50",96.9093088275,308.524545373338,0.00065940511735346,TRUE
"run_085","fish_ret_sel_50_post",102.05258714,308.524545373338,0.00065940511735346,TRUE
"run_085","fish_ret_sel_slope",0.21461545352,308.524545373338,0.00065940511735346,TRUE
"run_085","fish_ret_sel_slope_post",0.297360848852,308.524545373338,0.00065940511735346,TRUE
"run_085","fish_tot_sel_offset",-9.26540601367,308.524545373338,0.00065940511735346,TRUE
"run_085","fish_tot_sel_slope",-1.62410711096,308.524545373338,0.00065940511735346,TRUE
"run_085","surv_omega",0.569238993782,308.524545373338,0.00065940511735346,TRUE
"run_085","surv_alpha1",0.106071921887,308.524545373338,0.00065940511735346,TRUE
"run_085","surv_beta1",111.589703523,308.524545373338,0.00065940511735346,TRUE
"run_085","surv_alpha2",0.179560237761,308.524545373338,0.00065940511735346,TRUE
"run_085","surv_beta2",41.6216104639,308.524545373338,0.00065940511735346,TRUE
"run_086","log_avg_rec",21.0973013985,308.52454537114,0.000581973301251511,TRUE
"run_086","log_m_mu[1]",-1.35304216146,308.52454537114,0.000581973301251511,TRUE
"run_086","log_m_mu[2]",-0.774265464294,308.52454537114,0.000581973301251511,TRUE
"run_086","log_m_mu[3]",-1.2582670425,308.52454537114,0.000581973301251511,TRUE
"run_086","prop_rec[1]",14.2475943949,308.52454537114,0.000581973301251511,TRUE
"run_086","prop_rec[2]",2.9252409123,308.52454537114,0.000581973301251511,TRUE
"run_086","sigma_m[1]",1,308.52454537114,0.000581973301251511,TRUE
"run_086","sigma_m[2]",1,308.52454537114,0.000581973301251511,TRUE
"run_086","sigma_m[3]",1,308.52454537114,0.000581973301251511,TRUE
"run_086","sigma_q[1]",0.1,308.52454537114,0.000581973301251511,TRUE
"run_086","sigma_q[2]",0.1,308.52454537114,0.000581973301251511,TRUE
"run_086","log_f",0.137367020401,308.52454537114,0.000581973301251511,TRUE
"run_086","fish_ret_sel_50",96.9093079874,308.52454537114,0.000581973301251511,TRUE
"run_086","fish_ret_sel_50_post",102.052586213,308.52454537114,0.000581973301251511,TRUE
"run_086","fish_ret_sel_slope",0.214615406686,308.52454537114,0.000581973301251511,TRUE
"run_086","fish_ret_sel_slope_post",0.297360854073,308.52454537114,0.000581973301251511,TRUE
"run_086","fish_tot_sel_offset",-9.26540652474,308.52454537114,0.000581973301251511,TRUE
"run_086","fish_tot_sel_slope",-1.62410718894,308.52454537114,0.000581973301251511,TRUE
"run_086","surv_omega",0.569238995827,308.52454537114,0.000581973301251511,TRUE
"run_086","surv_alpha1",0.106071950481,308.52454537114,0.000581973301251511,TRUE
"run_086","surv_beta1",111.589700627,308.52454537114,0.000581973301251511,TRUE
"run_086","surv_alpha2",0.179560213417,308.52454537114,0.000581973301251511,TRUE
"run_086","surv_beta2",41.6216096226,308.52454537114,0.000581973301251511,TRUE
"run_087","log_avg_rec",20.8190600884,308.524545363334,0.000604017534135334,TRUE
"run_087","log_m_mu[1]",-1.35304228737,308.524545363334,0.000604017534135334,TRUE
"run_087","log_m_mu[2]",-0.774265534118,308.524545363334,0.000604017534135334,TRUE
"run_087","log_m_mu[3]",-1.45392702284,308.524545363334,0.000604017534135334,TRUE
"run_087","prop_rec[1]",14.247590896,308.524545363334,0.000604017534135334,TRUE
"run_087","prop_rec[2]",2.925242279,308.524545363334,0.000604017534135334,TRUE
"run_087","sigma_m[1]",1,308.524545363334,0.000604017534135334,TRUE
"run_087","sigma_m[2]",1,308.524545363334,0.000604017534135334,TRUE
"run_087","sigma_m[3]",1,308.524545363334,0.000604017534135334,TRUE
"run_087","sigma_q[1]",0.1,308.524545363334,0.000604017534135334,TRUE
"run_087","sigma_q[2]",0.1,308.524545363334,0.000604017534135334,TRUE
"run_087","log_f",0.137366727094,308.524545363334,0.000604017534135334,TRUE
"run_087","fish_ret_sel_50",96.9093067714,308.524545363334,0.000604017534135334,TRUE
"run_087","fish_ret_sel_50_post",102.052586849,308.524545363334,0.000604017534135334,TRUE
"run_087","fish_ret_sel_slope",0.21461537763,308.524545363334,0.000604017534135334,TRUE
"run_087","fish_ret_sel_slope_post",0.297360864917,308.524545363334,0.000604017534135334,TRUE
"run_087","fish_tot_sel_offset",-9.26540457145,308.524545363334,0.000604017534135334,TRUE
"run_087","fish_tot_sel_slope",-1.62410710223,308.524545363334,0.000604017534135334,TRUE
"run_087","surv_omega",0.569239012628,308.524545363334,0.000604017534135334,TRUE
"run_087","surv_alpha1",0.106071910719,308.524545363334,0.000604017534135334,TRUE
"run_087","surv_beta1",111.589700352,308.524545363334,0.000604017534135334,TRUE
"run_087","surv_alpha2",0.179560255884,308.524545363334,0.000604017534135334,TRUE
"run_087","surv_beta2",41.6216099215,308.524545363334,0.000604017534135334,TRUE
"run_088","log_avg_rec",20.99534702,308.524666063638,0.00085822611054062,TRUE
"run_088","log_m_mu[1]",-1.35304183638,308.524666063638,0.00085822611054062,TRUE
"run_088","log_m_mu[2]",-0.774265512645,308.524666063638,0.00085822611054062,TRUE
"run_088","log_m_mu[3]",-1.08265455749,308.524666063638,0.00085822611054062,TRUE
"run_088","prop_rec[1]",14.2475868704,308.524666063638,0.00085822611054062,TRUE
"run_088","prop_rec[2]",2.92523206649,308.524666063638,0.00085822611054062,TRUE
"run_088","sigma_m[1]",1,308.524666063638,0.00085822611054062,TRUE
"run_088","sigma_m[2]",1,308.524666063638,0.00085822611054062,TRUE
"run_088","sigma_m[3]",1,308.524666063638,0.00085822611054062,TRUE
"run_088","sigma_q[1]",0.1,308.524666063638,0.00085822611054062,TRUE
"run_088","sigma_q[2]",0.1,308.524666063638,0.00085822611054062,TRUE
"run_088","log_f",0.13736770331,308.524666063638,0.00085822611054062,TRUE
"run_088","fish_ret_sel_50",96.9093070445,308.524666063638,0.00085822611054062,TRUE
"run_088","fish_ret_sel_50_post",102.052586509,308.524666063638,0.00085822611054062,TRUE
"run_088","fish_ret_sel_slope",0.214615385551,308.524666063638,0.00085822611054062,TRUE
"run_088","fish_ret_sel_slope_post",0.297360812378,308.524666063638,0.00085822611054062,TRUE
"run_088","fish_tot_sel_offset",-9.26541000581,308.524666063638,0.00085822611054062,TRUE
"run_088","fish_tot_sel_slope",-1.62410716312,308.524666063638,0.00085822611054062,TRUE
"run_088","surv_omega",0.569239099618,308.524666063638,0.00085822611054062,TRUE
"run_088","surv_alpha1",0.106071864955,308.524666063638,0.00085822611054062,TRUE
"run_088","surv_beta1",111.589692954,308.524666063638,0.00085822611054062,TRUE
"run_088","surv_alpha2",0.179560376978,308.524666063638,0.00085822611054062,TRUE
"run_088","surv_beta2",41.6216047489,308.524666063638,0.00085822611054062,TRUE
"run_089","log_avg_rec",20.6821049177,350.375251165584,0.000869600449502922,TRUE
"run_089","log_m_mu[1]",-1.37806558802,350.375251165584,0.000869600449502922,TRUE
"run_089","log_m_mu[2]",-0.780627400514,350.375251165584,0.000869600449502922,TRUE
"run_089","log_m_mu[3]",-1.05836627002,350.375251165584,0.000869600449502922,TRUE
"run_089","prop_rec[1]",35.1614786372,350.375251165584,0.000869600449502922,TRUE
"run_089","prop_rec[2]",21.2129283184,350.375251165584,0.000869600449502922,TRUE
"run_089","sigma_m[1]",1,350.375251165584,0.000869600449502922,TRUE
"run_089","sigma_m[2]",1,350.375251165584,0.000869600449502922,TRUE
"run_089","sigma_m[3]",1,350.375251165584,0.000869600449502922,TRUE
"run_089","sigma_q[1]",0.1,350.375251165584,0.000869600449502922,TRUE
"run_089","sigma_q[2]",0.1,350.375251165584,0.000869600449502922,TRUE
"run_089","log_f",0.14050239646,350.375251165584,0.000869600449502922,TRUE
"run_089","fish_ret_sel_50",96.9012429534,350.375251165584,0.000869600449502922,TRUE
"run_089","fish_ret_sel_50_post",102.02735092,350.375251165584,0.000869600449502922,TRUE
"run_089","fish_ret_sel_slope",0.213797870333,350.375251165584,0.000869600449502922,TRUE
"run_089","fish_ret_sel_slope_post",0.295641099395,350.375251165584,0.000869600449502922,TRUE
"run_089","fish_tot_sel_offset",-9.04531033938,350.375251165584,0.000869600449502922,TRUE
"run_089","fish_tot_sel_slope",-1.61868428416,350.375251165584,0.000869600449502922,TRUE
"run_089","surv_omega",0.999999957817,350.375251165584,0.000869600449502922,TRUE
"run_089","surv_alpha1",0.0293762719526,350.375251165584,0.000869600449502922,TRUE
"run_089","surv_beta1",79.7156343808,350.375251165584,0.000869600449502922,TRUE
"run_089","surv_alpha2",0.736852366815,350.375251165584,0.000869600449502922,TRUE
"run_089","surv_beta2",25.1634143114,350.375251165584,0.000869600449502922,TRUE
"run_090","log_avg_rec",21.1080682939,308.82779024605,0.000406358234759068,TRUE
"run_090","log_m_mu[1]",-1.352575123,308.82779024605,0.000406358234759068,TRUE
"run_090","log_m_mu[2]",-0.77430697849,308.82779024605,0.000406358234759068,TRUE
"run_090","log_m_mu[3]",-1.13781010923,308.82779024605,0.000406358234759068,TRUE
"run_090","prop_rec[1]",14.508844336,308.82779024605,0.000406358234759068,TRUE
"run_090","prop_rec[2]",3.13241040531,308.82779024605,0.000406358234759068,TRUE
"run_090","sigma_m[1]",1,308.82779024605,0.000406358234759068,TRUE
"run_090","sigma_m[2]",1,308.82779024605,0.000406358234759068,TRUE
"run_090","sigma_m[3]",1,308.82779024605,0.000406358234759068,TRUE
"run_090","sigma_q[1]",0.1,308.82779024605,0.000406358234759068,TRUE
"run_090","sigma_q[2]",0.1,308.82779024605,0.000406358234759068,TRUE
"run_090","log_f",0.137229824087,308.82779024605,0.000406358234759068,TRUE
"run_090","fish_ret_sel_50",96.909459129,308.82779024605,0.000406358234759068,TRUE
"run_090","fish_ret_sel_50_post",102.05270416,308.82779024605,0.000406358234759068,TRUE
"run_090","fish_ret_sel_slope",0.214608687343,308.82779024605,0.000406358234759068,TRUE
"run_090","fish_ret_sel_slope_post",0.297315877022,308.82779024605,0.000406358234759068,TRUE
"run_090","fish_tot_sel_offset",-9.26225489268,308.82779024605,0.000406358234759068,TRUE
"run_090","fish_tot_sel_slope",-1.6240363405,308.82779024605,0.000406358234759068,TRUE
"run_090","surv_omega",0.568672329632,308.82779024605,0.000406358234759068,TRUE
"run_090","surv_alpha1",0.106352703817,308.82779024605,0.000406358234759068,TRUE
"run_090","surv_beta1",111.609794195,308.82779024605,0.000406358234759068,TRUE
"run_090","surv_alpha2",0.177516598042,308.82779024605,0.000406358234759068,TRUE
"run_090","surv_beta2",41.647486796,308.82779024605,0.000406358234759068,TRUE
"run_091","log_avg_rec",20.9362767371,574.058142492813,4649.35744269592,FALSE
"run_091","log_m_mu[1]",-1.54422714928,574.058142492813,4649.35744269592,FALSE
"run_091","log_m_mu[2]",-0.486155122858,574.058142492813,4649.35744269592,FALSE
"run_091","log_m_mu[3]",-0.950811786428,574.058142492813,4649.35744269592,FALSE
"run_091","prop_rec[1]",17.8395518994,574.058142492813,4649.35744269592,FALSE
"run_091","prop_rec[2]",8.90482357804,574.058142492813,4649.35744269592,FALSE
"run_091","sigma_m[1]",1,574.058142492813,4649.35744269592,FALSE
"run_091","sigma_m[2]",1,574.058142492813,4649.35744269592,FALSE
"run_091","sigma_m[3]",1,574.058142492813,4649.35744269592,FALSE
"run_091","sigma_q[1]",0.1,574.058142492813,4649.35744269592,FALSE
"run_091","sigma_q[2]",0.1,574.058142492813,4649.35744269592,FALSE
"run_091","log_f",0.659656060446,574.058142492813,4649.35744269592,FALSE
"run_091","fish_ret_sel_50",98.0705067617,574.058142492813,4649.35744269592,FALSE
"run_091","fish_ret_sel_50_post",101.850959222,574.058142492813,4649.35744269592,FALSE
"run_091","fish_ret_sel_slope",0.295688099881,574.058142492813,4649.35744269592,FALSE
"run_091","fish_ret_sel_slope_post",1.4491022431,574.058142492813,4649.35744269592,FALSE
"run_091","fish_tot_sel_offset",-9.61141416145,574.058142492813,4649.35744269592,FALSE
"run_091","fish_tot_sel_slope",-1.48243763048,574.058142492813,4649.35744269592,FALSE
"run_091","surv_omega",0.662592549484,574.058142492813,4649.35744269592,FALSE
"run_091","surv_alpha1",0.0284401204866,574.058142492813,4649.35744269592,FALSE
"run_091","surv_beta1",119.567708269,574.058142492813,4649.35744269592,FALSE
"run_091","surv_alpha2",0.272327844133,574.058142492813,4649.35744269592,FALSE
"run_091","surv_beta2",42.5609312072,574.058142492813,4649.35744269592,FALSE
"run_092","log_avg_rec",21.2670648336,308.52454536978,0.000793793168914104,TRUE
"run_092","log_m_mu[1]",-1.35304245433,308.52454536978,0.000793793168914104,TRUE
"run_092","log_m_mu[2]",-0.774265532782,308.52454536978,0.000793793168914104,TRUE
"run_092","log_m_mu[3]",-1.2535356913,308.52454536978,0.000793793168914104,TRUE
"run_092","prop_rec[1]",14.2475946012,308.52454536978,0.000793793168914104,TRUE
"run_092","prop_rec[2]",2.92523965162,308.52454536978,0.000793793168914104,TRUE
"run_092","sigma_m[1]",1,308.52454536978,0.000793793168914104,TRUE
"run_092","sigma_m[2]",1,308.52454536978,0.000793793168914104,TRUE
"run_092","sigma_m[3]",1,308.52454536978,0.000793793168914104,TRUE
"run_092","sigma_q[1]",0.1,308.52454536978,0.000793793168914104,TRUE
"run_092","sigma_q[2]",0.1,308.52454536978,0.000793793168914104,TRUE
"run_092","log_f",0.137367177853,308.52454536978,0.000793793168914104,TRUE
"run_092","fish_ret_sel_50",96.9093084656,308.52454536978,0.000793793168914104,TRUE
"run_092","fish_ret_sel_50_post",102.052586092,308.52454536978,0.000793793168914104,TRUE
"run_092","fish_ret_sel_slope",0.214615397821,308.52454536978,0.000793793168914104,TRUE
"run_092","fish_ret_sel_slope_post",0.297360843459,308.52454536978,0.000793793168914104,TRUE
"run_092","fish_tot_sel_offset",-9.2654067701,308.52454536978,0.000793793168914104,TRUE
"run_092","fish_tot_sel_slope",-1.62410715086,308.52454536978,0.000793793168914104,TRUE
"run_092","surv_omega",0.569238949595,308.52454536978,0.000793793168914104,TRUE
"run_092","surv_alpha1",0.106071947097,308.52454536978,0.000793793168914104,TRUE
"run_092","surv_beta1",111.589701941,308.52454536978,0.000793793168914104,TRUE
"run_092","surv_alpha2",0.179560263566,308.52454536978,0.000793793168914104,TRUE
"run_092","surv_beta2",41.6216074357,308.52454536978,0.000793793168914104,TRUE
"run_093","log_avg_rec",20.9650844039,308.524545367323,0.000413460222613675,TRUE
"run_093","log_m_mu[1]",-1.35304224071,308.524545367323,0.000413460222613675,TRUE
"run_093","log_m_mu[2]",-0.7742656435,308.524545367323,0.000413460222613675,TRUE
"run_093","log_m_mu[3]",-1.52492133391,308.524545367323,0.000413460222613675,TRUE
"run_093","prop_rec[1]",14.2475925219,308.524545367323,0.000413460222613675,TRUE
"run_093","prop_rec[2]",2.9252389816,308.524545367323,0.000413460222613675,TRUE
"run_093","sigma_m[1]",1,308.524545367323,0.000413460222613675,TRUE
"run_093","sigma_m[2]",1,308.524545367323,0.000413460222613675,TRUE
"run_093","sigma_m[3]",1,308.524545367323,0.000413460222613675,TRUE
"run_093","sigma_q[1]",0.1,308.524545367323,0.000413460222613675,TRUE
"run_093","sigma_q[2]",0.1,308.524545367323,0.000413460222613675,TRUE
"run_093","log_f",0.137366212534,308.524545367323,0.000413460222613675,TRUE
"run_093","fish_ret_sel_50",96.9093089165,308.524545367323,0.000413460222613675,TRUE
"run_093","fish_ret_sel_50_post",102.052586615,308.524545367323,0.000413460222613675,TRUE
"run_093","fish_ret_sel_slope",0.214615407031,308.524545367323,0.000413460222613675,TRUE
"run_093","fish_ret_sel_slope_post",0.297360850509,308.524545367323,0.000413460222613675,TRUE
"run_093","fish_tot_sel_offset",-9.26539840646,308.524545367323,0.000413460222613675,TRUE
"run_093","fish_tot_sel_slope",-1.62410704306,308.524545367323,0.000413460222613675,TRUE
"run_093","surv_omega",0.569239006529,308.524545367323,0.000413460222613675,TRUE
"run_093","surv_alpha1",0.106071931045,308.524545367323,0.000413460222613675,TRUE
"run_093","surv_beta1",111.589696576,308.524545367323,0.000413460222613675,TRUE
"run_093","surv_alpha2",0.179560255694,308.524545367323,0.000413460222613675,TRUE
"run_093","surv_beta2",41.6216092562,308.524545367323,0.000413460222613675,TRUE
"run_094","log_avg_rec",21.2910566641,308.524545370903,0.00055140164759156,TRUE
"run_094","log_m_mu[1]",-1.35304198034,308.524545370903,0.00055140164759156,TRUE
"run_094","log_m_mu[2]",-0.774265393966,308.524545370903,0.00055140164759156,TRUE
"run_094","log_m_mu[3]",-1.05212301925,308.524545370903,0.00055140164759156,TRUE
"run_094","prop_rec[1]",14.2475893236,308.524545370903,0.00055140164759156,TRUE
"run_094","prop_rec[2]",2.92523600258,308.524545370903,0.00055140164759156,TRUE
"run_094","sigma_m[1]",1,308.524545370903,0.00055140164759156,TRUE
"run_094","sigma_m[2]",1,308.524545370903,0.00055140164759156,TRUE
"run_094","sigma_m[3]",1,308.524545370903,0.00055140164759156,TRUE
"run_094","sigma_q[1]",0.1,308.524545370903,0.00055140164759156,TRUE
"run_094","sigma_q[2]",0.1,308.524545370903,0.00055140164759156,TRUE
"run_094","log_f",0.137367112662,308.524545370903,0.00055140164759156,TRUE
"run_094","fish_ret_sel_50",96.9093081377,308.524545370903,0.00055140164759156,TRUE
"run_094","fish_ret_sel_50_post",102.052586573,308.524545370903,0.00055140164759156,TRUE
"run_094","fish_ret_sel_slope",0.214615416835,308.524545370903,0.00055140164759156,TRUE
"run_094","fish_ret_sel_slope_post",0.297360861556,308.524545370903,0.00055140164759156,TRUE
"run_094","fish_tot_sel_offset",-9.26540630439,308.524545370903,0.00055140164759156,TRUE
"run_094","fish_tot_sel_slope",-1.62410716804,308.524545370903,0.00055140164759156,TRUE
"run_094","surv_omega",0.569238998117,308.524545370903,0.00055140164759156,TRUE
"run_094","surv_alpha1",0.106071935572,308.524545370903,0.00055140164759156,TRUE
"run_094","surv_beta1",111.589700629,308.524545370903,0.00055140164759156,TRUE
"run_094","surv_alpha2",0.179560236517,308.524545370903,0.00055140164759156,TRUE
"run_094","surv_beta2",41.6216107398,308.524545370903,0.00055140164759156,TRUE
"run_095","log_avg_rec",20.4191489351,815.107778241342,10813.5905407873,FALSE
"run_095","log_m_mu[1]",-2.67180985872,815.107778241342,10813.5905407873,FALSE
"run_095","log_m_mu[2]",-0.632414088535,815.107778241342,10813.5905407873,FALSE
"run_095","log_m_mu[3]",-0.879786816196,815.107778241342,10813.5905407873,FALSE
"run_095","prop_rec[1]",22.7674874338,815.107778241342,10813.5905407873,FALSE
"run_095","prop_rec[2]",8.03151827431,815.107778241342,10813.5905407873,FALSE
"run_095","sigma_m[1]",1,815.107778241342,10813.5905407873,FALSE
"run_095","sigma_m[2]",1,815.107778241342,10813.5905407873,FALSE
"run_095","sigma_m[3]",1,815.107778241342,10813.5905407873,FALSE
"run_095","sigma_q[1]",0.1,815.107778241342,10813.5905407873,FALSE
"run_095","sigma_q[2]",0.1,815.107778241342,10813.5905407873,FALSE
"run_095","log_f",-0.244297117436,815.107778241342,10813.5905407873,FALSE
"run_095","fish_ret_sel_50",95.0336036125,815.107778241342,10813.5905407873,FALSE
"run_095","fish_ret_sel_50_post",102.333787112,815.107778241342,10813.5905407873,FALSE
"run_095","fish_ret_sel_slope",0.17915207939,815.107778241342,10813.5905407873,FALSE
"run_095","fish_ret_sel_slope_post",1.47981924185,815.107778241342,10813.5905407873,FALSE
"run_095","fish_tot_sel_offset",-9.65343660905,815.107778241342,10813.5905407873,FALSE
"run_095","fish_tot_sel_slope",-1.95580931756,815.107778241342,10813.5905407873,FALSE
"run_095","surv_omega",0.332666680112,815.107778241342,10813.5905407873,FALSE
"run_095","surv_alpha1",0.160551282797,815.107778241342,10813.5905407873,FALSE
"run_095","surv_beta1",126.252857932,815.107778241342,10813.5905407873,FALSE
"run_095","surv_alpha2",0.0623445528445,815.107778241342,10813.5905407873,FALSE
"run_095","surv_beta2",42.4971220909,815.107778241342,10813.5905407873,FALSE
"run_096","log_avg_rec",21.0050204474,944.458808164401,12958.6410363837,FALSE
"run_096","log_m_mu[1]",-1.36041477038,944.458808164401,12958.6410363837,FALSE
"run_096","log_m_mu[2]",-0.4788550632,944.458808164401,12958.6410363837,FALSE
"run_096","log_m_mu[3]",-1.31637910651,944.458808164401,12958.6410363837,FALSE
"run_096","prop_rec[1]",18.8210376813,944.458808164401,12958.6410363837,FALSE
"run_096","prop_rec[2]",8.17614752154,944.458808164401,12958.6410363837,FALSE
"run_096","sigma_m[1]",1,944.458808164401,12958.6410363837,FALSE
"run_096","sigma_m[2]",1,944.458808164401,12958.6410363837,FALSE
"run_096","sigma_m[3]",1,944.458808164401,12958.6410363837,FALSE
"run_096","sigma_q[1]",0.1,944.458808164401,12958.6410363837,FALSE
"run_096","sigma_q[2]",0.1,944.458808164401,12958.6410363837,FALSE
"run_096","log_f",4.65539161333,944.458808164401,12958.6410363837,FALSE
"run_096","fish_ret_sel_50",127.834764692,944.458808164401,12958.6410363837,FALSE
"run_096","fish_ret_sel_50_post",101.236963885,944.458808164401,12958.6410363837,FALSE
"run_096","fish_ret_sel_slope",0.0211984845041,944.458808164401,12958.6410363837,FALSE
"run_096","fish_ret_sel_slope_post",2.06013966058,944.458808164401,12958.6410363837,FALSE
"run_096","fish_tot_sel_offset",-9.97247784006,944.458808164401,12958.6410363837,FALSE
"run_096","fish_tot_sel_slope",-1.82785460908,944.458808164401,12958.6410363837,FALSE
"run_096","surv_omega",0.750325142425,944.458808164401,12958.6410363837,FALSE
"run_096","surv_alpha1",0.0309779633621,944.458808164401,12958.6410363837,FALSE
"run_096","surv_beta1",106.008028484,944.458808164401,12958.6410363837,FALSE
"run_096","surv_alpha2",0.555560801335,944.458808164401,12958.6410363837,FALSE
"run_096","surv_beta2",42.1908074709,944.458808164401,12958.6410363837,FALSE
"run_097","log_avg_rec",20.8242738708,308.524545379566,0.000992104483190563,TRUE
"run_097","log_m_mu[1]",-1.35304252454,308.524545379566,0.000992104483190563,TRUE
"run_097","log_m_mu[2]",-0.774265269341,308.524545379566,0.000992104483190563,TRUE
"run_097","log_m_mu[3]",-0.898714222152,308.524545379566,0.000992104483190563,TRUE
"run_097","prop_rec[1]",14.2475845422,308.524545379566,0.000992104483190563,TRUE
"run_097","prop_rec[2]",2.92523390919,308.524545379566,0.000992104483190563,TRUE
"run_097","sigma_m[1]",1,308.524545379566,0.000992104483190563,TRUE
"run_097","sigma_m[2]",1,308.524545379566,0.000992104483190563,TRUE
"run_097","sigma_m[3]",1,308.524545379566,0.000992104483190563,TRUE
"run_097","sigma_q[1]",0.1,308.524545379566,0.000992104483190563,TRUE
"run_097","sigma_q[2]",0.1,308.524545379566,0.000992104483190563,TRUE
"run_097","log_f",0.13736428854,308.524545379566,0.000992104483190563,TRUE
"run_097","fish_ret_sel_50",96.9093135878,308.524545379566,0.000992104483190563,TRUE
"run_097","fish_ret_sel_50_post",102.052587454,308.524545379566,0.000992104483190563,TRUE
"run_097","fish_ret_sel_slope",0.214615473913,308.524545379566,0.000992104483190563,TRUE
"run_097","fish_ret_sel_slope_post",0.297361035028,308.524545379566,0.000992104483190563,TRUE
"run_097","fish_tot_sel_offset",-9.2653785454,308.524545379566,0.000992104483190563,TRUE
"run_097","fish_tot_sel_slope",-1.6241067387,308.524545379566,0.000992104483190563,TRUE
"run_097","surv_omega",0.430761074792,308.524545379566,0.000992104483190563,TRUE
"run_097","surv_alpha1",0.179560322667,308.524545379566,0.000992104483190563,TRUE
"run_097","surv_beta1",41.6216035018,308.524545379566,0.000992104483190563,TRUE
"run_097","surv_alpha2",0.10607195857,308.524545379566,0.000992104483190563,TRUE
"run_097","surv_beta2",111.589707782,308.524545379566,0.000992104483190563,TRUE
"run_098","log_avg_rec",20.8296869339,308.524545405556,0.000963611800968364,TRUE
"run_098","log_m_mu[1]",-1.35304170367,308.524545405556,0.000963611800968364,TRUE
"run_098","log_m_mu[2]",-0.774265738572,308.524545405556,0.000963611800968364,TRUE
"run_098","log_m_mu[3]",-1.48235933955,308.524545405556,0.000963611800968364,TRUE
"run_098","prop_rec[1]",14.2476021849,308.524545405556,0.000963611800968364,TRUE
"run_098","prop_rec[2]",2.92524890608,308.524545405556,0.000963611800968364,TRUE
"run_098","sigma_m[1]",1,308.524545405556,0.000963611800968364,TRUE
"run_098","sigma_m[2]",1,308.524545405556,0.000963611800968364,TRUE
"run_098","sigma_m[3]",1,308.524545405556,0.000963611800968364,TRUE
"run_098","sigma_q[1]",0.1,308.524545405556,0.000963611800968364,TRUE
"run_098","sigma_q[2]",0.1,308.524545405556,0.000963611800968364,TRUE
"run_098","log_f",0.13736740019,308.524545405556,0.000963611800968364,TRUE
"run_098","fish_ret_sel_50",96.9093122597,308.524545405556,0.000963611800968364,TRUE
"run_098","fish_ret_sel_50_post",102.052586437,308.524545405556,0.000963611800968364,TRUE
"run_098","fish_ret_sel_slope",0.214615443555,308.524545405556,0.000963611800968364,TRUE
"run_098","fish_ret_sel_slope_post",0.297360838863,308.524545405556,0.000963611800968364,TRUE
"run_098","fish_tot_sel_offset",-9.2654033286,308.524545405556,0.000963611800968364,TRUE
"run_098","fish_tot_sel_slope",-1.62410721589,308.524545405556,0.000963611800968364,TRUE
"run_098","surv_omega",0.56923896249,308.524545405556,0.000963611800968364,TRUE
"run_098","surv_alpha1",0.10607195898,308.524545405556,0.000963611800968364,TRUE
"run_098","surv_beta1",111.589698413,308.524545405556,0.000963611800968364,TRUE
"run_098","surv_alpha2",0.179560127756,308.524545405556,0.000963611800968364,TRUE
"run_098","surv_beta2",41.6216137193,308.524545405556,0.000963611800968364,TRUE
"run_099","log_avg_rec",20.9420891524,308.524545399018,0.000353526024297924,TRUE
"run_099","log_m_mu[1]",-1.35304214624,308.524545399018,0.000353526024297924,TRUE
"run_099","log_m_mu[2]",-0.774265470407,308.524545399018,0.000353526024297924,TRUE
"run_099","log_m_mu[3]",-1.61582158622,308.524545399018,0.000353526024297924,TRUE
"run_099","prop_rec[1]",14.247599528,308.524545399018,0.000353526024297924,TRUE
"run_099","prop_rec[2]",2.92524424673,308.524545399018,0.000353526024297924,TRUE
"run_099","sigma_m[1]",1,308.524545399018,0.000353526024297924,TRUE
"run_099","sigma_m[2]",1,308.524545399018,0.000353526024297924,TRUE
"run_099","sigma_m[3]",1,308.524545399018,0.000353526024297924,TRUE
"run_099","sigma_q[1]",0.1,308.524545399018,0.000353526024297924,TRUE
"run_099","sigma_q[2]",0.1,308.524545399018,0.000353526024297924,TRUE
"run_099","log_f",0.137367053755,308.524545399018,0.000353526024297924,TRUE
"run_099","fish_ret_sel_50",96.9093080669,308.524545399018,0.000353526024297924,TRUE
"run_099","fish_ret_sel_50_post",102.052586247,308.524545399018,0.000353526024297924,TRUE
"run_099","fish_ret_sel_slope",0.21461541121,308.524545399018,0.000353526024297924,TRUE
"run_099","fish_ret_sel_slope_post",0.297360855995,308.524545399018,0.000353526024297924,TRUE
"run_099","fish_tot_sel_offset",-9.26540591024,308.524545399018,0.000353526024297924,TRUE
"run_099","fish_tot_sel_slope",-1.62410715606,308.524545399018,0.000353526024297924,TRUE
"run_099","surv_omega",0.569238985673,308.524545399018,0.000353526024297924,TRUE
"run_099","surv_alpha1",0.106071953611,308.524545399018,0.000353526024297924,TRUE
"run_099","surv_beta1",111.589702355,308.524545399018,0.000353526024297924,TRUE
"run_099","surv_alpha2",0.179560170047,308.524545399018,0.000353526024297924,TRUE
"run_099","surv_beta2",41.6216111479,308.524545399018,0.000353526024297924,TRUE
"run_100","log_avg_rec",21.2982811631,308.524545384798,0.000882247621453828,TRUE
"run_100","log_m_mu[1]",-1.35304226937,308.524545384798,0.000882247621453828,TRUE
"run_100","log_m_mu[2]",-0.774265443292,308.524545384798,0.000882247621453828,TRUE
"run_100","log_m_mu[3]",-0.72079055063,308.524545384798,0.000882247621453828,TRUE
"run_100","prop_rec[1]",14.2476033382,308.524545384798,0.000882247621453828,TRUE
"run_100","prop_rec[2]",2.92524472486,308.524545384798,0.000882247621453828,TRUE
"run_100","sigma_m[1]",1,308.524545384798,0.000882247621453828,TRUE
"run_100","sigma_m[2]",1,308.524545384798,0.000882247621453828,TRUE
"run_100","sigma_m[3]",1,308.524545384798,0.000882247621453828,TRUE
"run_100","sigma_q[1]",0.1,308.524545384798,0.000882247621453828,TRUE
"run_100","sigma_q[2]",0.1,308.524545384798,0.000882247621453828,TRUE
"run_100","log_f",0.137367729783,308.524545384798,0.000882247621453828,TRUE
"run_100","fish_ret_sel_50",96.9093101667,308.524545384798,0.000882247621453828,TRUE
"run_100","fish_ret_sel_50_post",102.0525859,308.524545384798,0.000882247621453828,TRUE
"run_100","fish_ret_sel_slope",0.21461544921,308.524545384798,0.000882247621453828,TRUE
"run_100","fish_ret_sel_slope_post",0.297360842126,308.524545384798,0.000882247621453828,TRUE
"run_100","fish_tot_sel_offset",-9.2654103849,308.524545384798,0.000882247621453828,TRUE
"run_100","fish_tot_sel_slope",-1.62410729724,308.524545384798,0.000882247621453828,TRUE
"run_100","surv_omega",0.56923897595,308.524545384798,0.000882247621453828,TRUE
"run_100","surv_alpha1",0.106071940504,308.524545384798,0.000882247621453828,TRUE
"run_100","surv_beta1",111.589700427,308.524545384798,0.000882247621453828,TRUE
"run_100","surv_alpha2",0.179560159812,308.524545384798,0.000882247621453828,TRUE
"run_100","surv_beta2",41.6216096374,308.524545384798,0.000882247621453828,TRUE
