imm_n_obs 1.06218e+09 8.02275e+08 7.82115e+08 3.24233e+08 8.87662e+08 3.13031e+09 2.86007e+09 2.37133e+09 1.91262e+09 2.65191e+09 2.22099e+09 4.00043e+09 3.23058e+09 2.63898e+09 1.50596e+09 8.04366e+08 5.4009e+08 2.49043e+08 7.30373e+08 1.12465e+09 4.12193e+08 8.66378e+08 1.21082e+09 1.41878e+09 8.04862e+08 8.98046e+08 6.00027e+08 7.66496e+08 1.91029e+09 1.3867e+09 9.46172e+08 7.64759e+08 1.07133e+09 1.1757e+09 2.01654e+09 2.90671e+09 4.28182e+09 1.32688e+09 0 6.2408e+07 4.54004e+08 7.09936e+08
mat_n_obs 8.60069e+08 6.57925e+08 5.559e+08 2.03921e+08 3.10644e+08 8.30291e+08 1.08412e+09 1.03005e+09 1.0513e+09 9.72324e+08 6.90866e+08 8.07569e+08 8.86215e+08 1.10775e+09 1.10373e+09 8.4616e+08 5.3158e+08 2.7958e+08 3.24903e+08 5.02475e+08 2.91251e+08 2.42719e+08 3.2086e+08 5.49636e+08 5.26538e+08 5.55811e+08 4.49691e+08 4.17428e+08 6.15704e+08 5.49313e+08 5.22582e+08 3.73711e+08 5.83147e+08 3.10621e+08 2.82013e+08 6.33466e+08 1.57292e+09 8.09824e+08 0 2.38936e+08 1.39945e+08 9.97933e+07
survey_sel 0.267972 0.367021 0.439104 0.477589 0.484361 0.469717 0.447895 0.430552 0.422662 0.423208 0.429725 0.442395 0.464484 0.499121 0.546515 0.604477 0.671466 0.749503 0.84147 0.947662 1
est_m_devs1
sigma_m_mu 0.01 0.008 0.01
smooth_m_weight 0.01 0.05
est_m_lg_devs-1
4399.54 5775.02 222.482 226.62 
4707.79 4707.79 824.809 167.413 
6.26243 5287.91 0 1.18649 21.3082 
0 2.80611 0 0 0.570152 83.3931 0 

Initial statistics: 308 variables; iteration 0; function evaluation 0; phase 1
Function value   2.4767245e+04; maximum gradient component mag   2.0262e+05
Var   Value    Gradient   |Var   Value    Gradient   |Var   Value    Gradient
  1  0.09301   4.7876e-01 |  2  0.22172  -2.9179e+01 |  3  0.27463  -2.9436e+02
  4  0.15860  -6.6050e+01 |  5  0.27633  -6.2858e+01 |  6  0.31957   6.9949e+02
  7  0.25215   4.3697e+01 |  8  0.13487  -1.0923e+02 |  9  0.18478  -1.6715e+02
 10  0.16376  -5.6829e+01 | 11  0.16260  -8.4996e+00 | 12  0.10429  -8.3850e+01
 13  0.02220  -3.7983e+01 | 14  0.08826  -6.1274e+01 | 15  0.02045  -1.4015e+01
 16 -0.10612  -2.1466e+01 | 17 -0.13797   5.0000e-01 | 18 -0.27822  -2.0361e+00
 19 -0.19871  -2.5793e+00 | 20 -0.36927  -7.8213e-02 | 21 -0.46293  -9.0105e-04
 22  0.30034   6.1041e+01 | 23 -0.10235   4.5300e-03 | 24  0.08487   1.2383e+00
 25  0.12773  -1.6482e+00 | 26  0.13256  -2.0275e+01 | 27  0.06290  -5.5597e+01
 28  0.19264  -2.5960e+01 | 29  0.27057   3.0372e+02 | 30  0.21256   4.4701e+01
 31  0.13049  -5.8675e+01 | 32  0.18330  -8.9543e+00 | 33  0.05775  -5.2188e+01
 34  0.21051   4.6388e+02 | 35  0.05037  -3.7673e+01 | 36  0.08410  -6.8549e+01
 37 -0.03213  -1.1471e+02 | 38  0.09796   8.4675e+01 | 39 -0.15671  -2.9262e+01
 40 -0.15058  -8.6150e+00 | 41 -0.19753  -3.2787e+00 | 42 -0.15794  -3.7582e-01
 43 -0.06654   7.8191e+02 | 44 -0.07314   3.9769e+02 | 45 -0.03968   1.7043e+02
 46 -0.17718   6.3050e+02 | 47 -0.16923   5.8547e+02 | 48 -0.11337   4.0420e+02
 49 -0.08285   2.9148e+02 | 50  0.02082  -3.3805e+02 | 51 -0.00834  -1.4859e+02
 52 -0.01772  -1.7340e+02 | 53  0.02680  -4.3211e+02 | 54  0.06871  -1.2763e+03
 55  0.04508  -1.3313e+03 | 56  0.04077  -1.0259e+03 | 57  0.07803  -1.4385e+03
 58  0.08979  -1.5247e+03 | 59  0.03919  -6.7096e+02 | 60 -0.12243   4.3650e+02
 61 -0.03949   1.6019e+02 | 62  0.04871  -3.2614e+02 | 63 -0.06255   3.4210e+02
 64 -0.01042  -1.5120e+02 | 65 -0.05312  -1.5293e+02 | 66 -0.11867   1.6735e+02
 67 -0.10387   1.6450e+02 | 68 -0.00093  -3.8161e+02 | 69 -0.06739   1.9112e+02
 70 -0.04106   1.9219e+02 | 71  0.01360  -6.5462e-02 | 72  0.01144  -8.5561e+01
 73  0.08752  -8.2248e+02 | 74 -0.00623   1.5826e+02 | 75  0.09313  -4.4450e+02
 76  0.03769  -9.1632e+01 | 77  0.01412  -1.0044e+02 | 78  0.00593   2.3574e+01
 79  0.12850  -7.2487e+02 | 80  0.33169  -2.8618e+03 | 81  0.04244   1.0295e+03
 82 -0.10453   9.6314e+02 | 83 -0.05507   9.8272e+02 | 84  0.00987   1.0324e+03
 85 -0.04914   1.0212e+03 | 86  0.13497   9.7403e+02 | 87  0.27117   6.1929e+02
 88 -0.09393   9.3888e+02 | 89 -0.23302   9.0497e+02 | 90 -0.23696   8.6920e+02
 91 -0.05640   6.7869e+02 | 92  0.06933   4.2309e+02 | 93  0.05592   5.7745e+02
 94  0.13194   9.6430e+01 | 95  0.01343   4.7092e+02 | 96  0.01333   4.1423e+02
 97  0.02340   4.5639e+02 | 98  0.05932   2.5948e+02 | 99  0.09997   4.2322e+01
100  0.04868   3.5798e+02 |101  0.16201  -6.5314e+02 |102 -0.06295   5.5193e+02
103 -0.07118   6.1577e+02 |104  0.02561   3.8019e+02 |105 -0.01275   5.6908e+02
106 -0.04043   6.6698e+02 |107 -0.01195   5.8684e+02 |108  0.08216   3.5394e+02
109  0.13337   1.4361e+02 |110  0.03099   4.1327e+02 |111  0.05141   9.1814e+01
112 -0.10936   5.4035e+02 |113 -0.13541   5.2729e+02 |114  0.00011   1.6776e+02
115  0.18392  -8.4023e+02 |116  0.02140   4.5330e+02 |117  0.12157  -1.3764e+02
118  0.05961   2.1037e+02 |119 -0.03059   5.9901e+02 |120  0.03152   4.0842e+02
121  0.09821   2.3769e+02 |122  0.27019  -1.0153e+03 |123 -0.01093   1.0651e+03
124  0.06199   6.3079e+02 |125  0.01199   9.4859e+02 |126 -0.15430   1.0270e+03
127  0.00624  -1.3353e+02 |128  0.00530  -1.3353e+02 |129 -0.02290  -1.3345e+02
130 -0.02931  -1.3339e+02 |131 -0.07207  -1.3268e+02 |132 -0.02877  -1.3340e+02
133  0.03873  -1.3328e+02 |134  0.01681  -1.3349e+02 |135  0.00303  -1.3353e+02
136 -0.04870  -1.3314e+02 |137  0.03151  -1.3337e+02 |138 -0.05346  -1.3306e+02
139 -0.05616  -1.3301e+02 |140  0.00646  -1.3352e+02 |141  0.00384  -1.3353e+02
142  0.00770  -1.3352e+02 |143 -0.04059  -1.3326e+02 |144  0.03376  -1.3334e+02
145 -0.01763  -1.3348e+02 |146 -0.02380  -1.3344e+02 |147 -0.02948  -1.3339e+02
148  0.03065  -1.3338e+02 |149  0.02426  -1.3343e+02 |150 -0.00315  -1.3353e+02
151  0.03473  -1.3333e+02 |152 -0.03915  -1.3328e+02 |153 -0.04487  -1.3320e+02
154  0.01446  -1.3350e+02 |155 -0.01139  -1.3351e+02 |156 -0.06187  -1.3290e+02
157 -0.01568  -1.3349e+02 |158  0.04323  -1.3322e+02 |159 -0.00170  -1.3353e+02
160  0.01573  -1.3349e+02 |161 -0.02312  -1.3344e+02 |162 -0.02440  -1.3343e+02
163  0.00933  -1.3352e+02 |164  0.01345  -1.3350e+02 |165  0.04081  -1.3326e+02
166  0.04979  -1.3312e+02 |167 -0.01341  -1.3350e+02 |168 -0.06703  -1.3279e+02
169  0.22513   2.0262e+05 |170  0.00806   6.1006e+03 |171 -0.02713  -2.1108e+02
172 -0.02316  -1.0888e+03 |173  0.02582   1.3706e+02 |174  0.05763   1.6705e+03
175  0.02120  -2.1633e+02 |176  0.02399  -1.9795e+02 |177 -0.01170  -1.7309e+03
178  0.09129   2.2558e+03 |179  0.04894  -8.2035e+02 |180  0.08144   9.0635e+02
181  0.09456   5.3505e+03 |182 -0.04265  -1.4792e+03 |183 -0.04666  -1.2633e+03
184 -0.00180   1.1344e+03 |185 -0.09415  -1.6110e+03 |186 -0.02377   2.2327e+03
187 -0.07070  -1.0898e+03 |188 -0.09511  -2.1213e+03 |189 -0.04086  -1.3383e+03
190  0.01662   4.0234e+02 |191  0.07112   4.5354e+03 |192  0.04339   2.3018e+03
193 -0.02498  -1.7816e+03 |194 -0.08786  -2.5443e+03 |195  0.01253  -5.5591e+02
196  0.01437  -4.1732e+02 |197  0.03206   5.9709e+02 |198 -0.02398  -1.3247e+03
199  0.02710   1.2923e+02 |200 -0.04451  -2.2985e+03 |201  0.00586  -1.8295e+03
202  0.07090  -4.8229e+02 |203  0.10321   1.4109e+03 |204  0.09282   1.6615e+02
205 -0.07602  -2.7382e+03 |206 -0.11278  -2.7638e+03 |207 -0.15483  -2.6784e+03
208 -0.08473  -2.2424e+03 |209 -0.03386  -2.4448e+03 |210  0.05197  -2.6545e+03
211  0.00834  -2.9626e+03 |212 -0.05642  -4.9377e+04 |213  0.06119  -2.7248e+04
214 -0.01411  -8.7041e-09 |215 -0.65396   1.2510e+03 |216 -0.84734   1.9331e+03
217  0.03500   1.2722e+04 |218 -0.18209  -2.8279e+02 |219 -0.23426  -2.5223e+02
220 -0.07459  -1.9766e+02 |221  0.03052  -1.6763e+02 |222  0.04823   1.0253e+02
223 -0.00291   1.3302e+02 |224 -0.04734   1.1622e+02 |225 -0.02138   1.6728e+02
226  0.07204   3.3490e+01 |227  0.09010  -1.0892e+00 |228  0.19008  -2.0041e+02
229  0.10999  -1.1404e+02 |230  0.08406   7.5617e+01 |231  0.06021   1.2385e+02
232  0.04656   5.5242e+01 |233  0.10623   2.1936e+01 |234  0.18943  -2.8872e+02
235 -0.13123   9.4194e+01 |236 -0.06801   6.3998e+01 |237 -0.04983   6.1626e+01
238  0.03268  -6.5927e+01 |239 -0.08594   1.2331e+02 |240 -0.15586   6.7422e+01
241 -0.05597  -1.1807e+01 |242 -0.01138  -7.2849e+01 |243  0.01216  -1.0244e+02
244 -0.07547   1.8618e+01 |245 -0.12148   8.4515e+01 |246 -0.26924   2.3044e+02
247 -0.09705   4.8311e+00 |248 -0.04180  -5.9628e+01 |249  0.02371  -1.6199e+02
250  0.12010  -2.7419e+02 |251  0.06688  -2.3684e+02 |252 -0.04285  -2.8417e+01
253  0.03635  -1.5470e+02 |254  0.09019  -2.0180e+02 |255  0.16662  -2.4039e+02
256  0.26570  -2.7716e+02 |257 -0.13234   1.4425e+02 |258  0.04245  -1.6448e+04
259  0.47782  -3.2260e+03 |260 -0.86337  -2.7402e+03 |261 -0.85006   1.1387e+04
262 -0.81940   1.4864e+03 |263 -0.01813  -1.6523e+04 |264 -0.01456  -1.6526e+04
265 -0.02739  -1.6515e+04 |266 -0.01346  -1.6526e+04 |267 -0.03558  -1.6504e+04
268 -0.01925  -1.6523e+04 |269 -0.03778  -1.6501e+04 |270  0.00856  -1.6529e+04
271 -0.04313  -1.6492e+04 |272  0.00982  -1.6528e+04 |273 -0.00363  -1.6530e+04
274 -0.01280  -1.6527e+04 |275 -0.01308  -1.6527e+04 |276 -0.01759  -1.6524e+04
277  0.01851  -1.6523e+04 |278 -0.02035  -1.6522e+04 |279 -0.01803  -1.6523e+04
280 -0.00891  -1.6529e+04 |281  0.00825  -1.6529e+04 |282 -0.01246  -1.6527e+04
283  0.01489  -1.6526e+04 |284  0.04875  -1.6482e+04 |285 -0.00252  -1.6530e+04
286 -0.00346  -1.6530e+04 |287 -0.03056  -1.6511e+04 |288  0.01279  -1.6527e+04
289  0.02857  -1.6513e+04 |290 -0.00992  -1.6528e+04 |291 -0.00905  -1.6528e+04
292 -0.05114  -1.6477e+04 |293 -0.01408  -1.6526e+04 |294  0.00001  -1.6530e+04
295 -0.04301  -1.6492e+04 |296 -0.00340  -1.6530e+04 |297 -0.01473  -1.6526e+04
298  0.01915  -1.6523e+04 |299 -0.01429  -1.6526e+04 |300  0.03639  -1.6503e+04
301  0.02275  -1.6520e+04 |302 -0.05129  -1.6477e+04 |303  0.51207  -1.2351e+04
304  0.27448  -7.5361e+03 |305 -0.83160  -2.6730e+01 |306  0.20918  -2.4888e+03
307 -0.88216  -2.5300e+03 |308 -0.45954  -8.0333e+03 |
4399.54 5775.01 222.482 226.62 
4707.79 4707.79 824.809 167.413 
6.26243 5287.91 0 1.18648 21.3082 
0 2.80611 0 0 0.570152 83.3931 0 
4399.51 5774.97 222.482 226.619 
4707.75 4707.75 824.808 167.413 
6.26243 5287.87 0 1.18647 21.3083 
0 2.80611 0 0 0.570152 83.3931 0 
4399.15 5774.51 222.475 226.61 
4707.35 4707.35 824.797 167.412 
6.26243 5287.5 0 1.1863 21.3087 
0 2.80611 0 0 0.570152 83.3932 0 
4395.64 5769.92 222.409 226.523 
4703.36 4703.36 824.685 167.398 
6.26246 5283.75 0 1.18461 21.3131 
0 2.80612 0 0 0.570152 83.3946 0 
4360.58 5724.1 221.749 225.649 
4663.54 4663.54 823.561 167.263 
6.26276 5246.41 0 1.16776 21.3574 
0 2.80621 0 0 0.570157 83.4081 0 
4017 5275.19 215.177 217.077 
4275 4275 812.44 165.991 
6.2658 4879.67 0 1.00591 21.8022 
0 2.80712 0 0 0.570201 83.5435 0 
1328.92 1760.99 157.638 152.077 
1398.66 1398.66 713.944 159.559 
6.29621 1923.17 0 0.0507249 26.4988 
0 2.81621 0 0 0.570649 84.9098 0 
7017.32 8937.52 446.749 282.795 
9822.96 9822.96 148.31 222.44 
6.37045 6503.11 0 18.9114 44.9059 
0 2.83684 0 0 0.570739 89.118 0 
729.842 972.363 145.121 138.812 
834.003 834.003 488.551 156.906 
6.30195 1202.76 0 0.0199005 27.799 
0 2.81785 0 0 0.570656 85.2427 0 
681.877 871.851 148.087 132.763 
1103.73 1103.73 205.097 145.223 
6.24193 808.803 0 1.20058 23.657 
0 2.80191 0 0 0.569096 83.6948 0 
745.905 747.36 371.652 336.278 
189.355 189.355 201.945 486.224 
6.08331 217.29 0 50.343 15.8571 
0 2.77545 0 0 0.562615 78.0626 0 
297.375 116.336 991.569 1221.31 
2556.93 2556.93 738.815 359.108 
5.31305 568.562 0 182.439 2.21283 
0 2.68916 0 0 0.549071 95.6533 0 
481.583 582.209 410.951 475.068 
319.571 319.571 181.298 336.405 
5.88046 234.388 0 75.7802 11.3826 
0 2.75363 0 0 0.559257 81.6969 0 
228.736 582.57 387.165 393.794 
326.645 326.645 233.747 336.012 
5.46209 165.65 0 76.6263 3.70135 
0 2.70826 0 0 0.55261 91.7929 0 
109.843 484.812 247.257 308.752 
315.89 315.89 298.498 240.389 
4.87856 95.1976 0 81.0838 0.00386312 
0 2.64974 0 0 0.541997 99.6486 0 
27.5474 116.437 291.072 229.531 
471.471 471.471 373.598 292.552 
4.09877 129.897 0 100.677 0.0683019 
0 2.65431 0 0 0.507246 114.638 0 
33.1437 55.0132 280.917 165.607 
604.57 604.57 359.665 264.213 
3.99185 109.496 0 102.434 0.351722 
0 2.67084 0 0 0.494939 145.163 0 
35.6293 59.0549 249.267 153.783 
567.752 567.752 377.174 266.049 
4.00768 101.313 0 99.5089 0.703147 
0 2.68047 0 0 0.491149 142.707 0 

Intermediate statistics: 308 variables; iteration 10; function evaluation 18; phase 1
Function value   2.8564345e+03; maximum gradient component mag   2.8070e+04
Var   Value    Gradient   |Var   Value    Gradient   |Var   Value    Gradient
  1  0.09205  -1.4445e+00 |  2  0.21593  -7.6227e+01 |  3  0.24805  -2.7900e+02
  4  0.16659  -1.0463e+02 |  5  0.24040  -3.1836e+02 |  6  0.16006  -1.3490e+02
  7  0.23810  -2.4231e+02 |  8  0.15694  -1.1835e+02 |  9  0.22091  -2.4462e+02
 10  0.18698  -1.9218e+02 | 11  0.18254  -1.8743e+02 | 12  0.12918  -1.6410e+02
 13  0.03146  -4.4993e+01 | 14  0.10886  -8.9102e+01 | 15  0.02422  -2.8646e+00
 16 -0.10233  -8.8238e+00 | 17 -0.13798   1.7217e-01 | 18 -0.27785  -1.1618e+00
 19 -0.19818  -1.8104e+00 | 20 -0.36926  -5.2629e-02 | 21 -0.46293  -1.2863e-03
 22  0.28813   2.2904e+01 | 23 -0.10235  -8.2838e-03 | 24  0.08474  -7.5626e-01
 25  0.12841  -1.0422e+01 | 26  0.13697  -3.5956e+01 | 27  0.07539  -6.7793e+01
 28  0.19170  -4.7928e+01 | 29  0.19592   1.4552e+01 | 30  0.19450   2.5496e+01
 31  0.14244  -4.7042e+01 | 32  0.18324   5.7900e+01 | 33  0.07039  -5.6517e+01
 34  0.16892   7.2963e+01 | 35  0.06422  -8.2080e+01 | 36  0.11306  -1.7261e+02
 37 -0.00476  -1.4324e+02 | 38  0.10629  -9.6960e+01 | 39 -0.15013  -3.1210e+01
 40 -0.14844  -1.0086e+01 | 41 -0.19672  -3.5052e+00 | 42 -0.15761  -9.0222e-01
 43 -0.05398  -1.1406e+02 | 44 -0.00561  -7.5716e+01 | 45  0.05059   6.6232e+01
 46 -0.14825  -3.5801e+02 | 47 -0.14113  -2.9096e+02 | 48 -0.07596  -1.2689e+02
 49 -0.05274  -2.9730e+01 | 50  0.05791   5.1576e+02 | 51  0.02689   1.6918e+02
 52  0.01898   9.0423e+01 | 53  0.04291   3.6279e+02 | 54  0.07228   9.3958e+02
 55  0.04941   9.6048e+02 | 56  0.03213   7.6620e+02 | 57  0.06186   9.1087e+02
 58  0.08840   8.0420e+02 | 59  0.05184   3.7446e+01 | 60 -0.11523  -4.4700e+02
 61 -0.03475  -3.6631e+02 | 62  0.04142  -2.1890e+02 | 63 -0.06829  -3.8548e+02
 64 -0.00710  -2.8780e+02 | 65 -0.03150  -2.8005e+02 | 66 -0.10015  -2.9413e+02
 67 -0.09209  -2.0943e+02 | 68  0.01113   8.7076e+01 | 69 -0.05445  -1.8929e+02
 70 -0.02953  -1.3369e+02 | 71  0.02954  -1.7454e+01 | 72  0.02143   2.5406e+01
 73  0.09450   3.9500e+02 | 74  0.00067  -2.2277e+02 | 75  0.11622   1.0783e+02
 76  0.07929   2.3337e+02 | 77  0.06118   5.3692e+02 | 78  0.01826   4.6494e+02
 79  0.07916   7.8513e+02 | 80  0.14957   9.8452e+02 | 81  0.04510  -6.0140e+02
 82 -0.10151  -5.4432e+02 | 83 -0.04886  -5.9426e+02 | 84  0.01242  -6.0244e+02
 85 -0.07873  -2.8481e+02 | 86  0.09766  -1.1457e+02 | 87  0.23716   2.1808e+02
 88 -0.12138  -2.8454e+02 | 89 -0.26164  -2.9604e+02 | 90 -0.26506  -3.0011e+02
 91 -0.08209  -3.0265e+02 | 92  0.04675  -2.3779e+02 | 93  0.02960  -2.1243e+02
 94  0.11224  -7.4782e+01 | 95 -0.01428  -2.0111e+02 | 96 -0.01543  -2.1878e+02
 97 -0.00719  -2.4512e+02 | 98  0.02915  -2.5037e+02 | 99  0.06849  -2.3833e+02
100  0.01381  -2.4456e+02 |101  0.11218  -8.2782e+01 |102 -0.10111  -2.6688e+02
103 -0.10865  -2.8533e+02 |104 -0.01222  -2.8529e+02 |105 -0.04624  -3.1640e+02
106 -0.07480  -3.1050e+02 |107 -0.04925  -3.0644e+02 |108  0.03948  -3.1043e+02
109  0.09614  -3.1078e+02 |110  0.00187  -2.9574e+02 |111  0.02239  -2.2255e+02
112 -0.14011  -2.6611e+02 |113 -0.16746  -2.5913e+02 |114 -0.03943  -1.9088e+02
115  0.12269   1.0355e+02 |116 -0.02190  -1.3128e+02 |117  0.06629   3.8118e+01
118  0.01037  -7.8604e+01 |119 -0.06944  -1.9944e+02 |120 -0.00357  -1.7108e+02
121  0.07899  -1.1988e+02 |122  0.26415   2.2462e+02 |123 -0.04535  -3.2647e+02
124  0.01826  -2.7088e+02 |125 -0.02370  -3.2657e+02 |126 -0.18614  -3.2038e+02
127  0.01675   6.3364e+01 |128  0.01580   6.3367e+01 |129 -0.01240   6.3374e+01
130 -0.01882   6.3358e+01 |131 -0.06163   6.3089e+01 |132 -0.01828   6.3360e+01
133  0.04921   6.3197e+01 |134  0.02731   6.3328e+01 |135  0.01353   6.3372e+01
136 -0.03823   6.3272e+01 |137  0.04200   6.3248e+01 |138 -0.04299   6.3242e+01
139 -0.04570   6.3223e+01 |140  0.01696   6.3364e+01 |141  0.01434   6.3370e+01
142  0.01820   6.3360e+01 |143 -0.03011   6.3315e+01 |144  0.04425   6.3233e+01
145 -0.00713   6.3382e+01 |146 -0.01330   6.3372e+01 |147 -0.01899   6.3358e+01
148  0.04114   6.3254e+01 |149  0.03476   6.3292e+01 |150  0.00735   6.3382e+01
151  0.04522   6.3226e+01 |152 -0.02867   6.3322e+01 |153 -0.03440   6.3294e+01
154  0.02496   6.3337e+01 |155 -0.00089   6.3386e+01 |156 -0.05142   6.3180e+01
157 -0.00518   6.3384e+01 |158  0.05371   6.3161e+01 |159  0.00881   6.3380e+01
160  0.02623   6.3332e+01 |161 -0.01263   6.3374e+01 |162 -0.01391   6.3371e+01
163  0.01984   6.3355e+01 |164  0.02395   6.3341e+01 |165  0.05130   6.3180e+01
166  0.06026   6.3102e+01 |167 -0.00291   6.3385e+01 |168 -0.05659   6.3136e+01
169  0.14028  -1.5251e+04 |170  0.01972  -1.9452e+02 |171 -0.02667  -1.0882e+02
172 -0.01912  -1.3877e+02 |173  0.02513  -2.8257e+02 |174  0.03360  -2.3048e+02
175  0.01464  -2.0616e+02 |176  0.03435  -1.5258e+02 |177 -0.01072  -3.9686e+01
178  0.11313  -2.2187e+02 |179  0.10795  -3.4307e+02 |180  0.16202  -5.2896e+02
181  0.15566  -3.3757e+02 |182 -0.04592  -1.8414e+01 |183 -0.04544  -6.4982e+01
184  0.01982  -1.9993e+02 |185 -0.07934  -6.1752e+01 |186  0.01594   2.0875e+02
187 -0.06178   3.5621e+01 |188 -0.07901   3.7952e+00 |189 -0.00100  -5.3161e+01
190  0.01287  -1.1730e+02 |191  0.01851  -5.8033e+01 |192 -0.04305  -3.0332e+02
193 -0.05504  -2.4778e+02 |194 -0.10459   3.1554e+01 |195 -0.00645  -1.2718e+01
196  0.03857  -2.9665e+02 |197  0.03183  -1.7809e+02 |198 -0.02116  -8.9100e+01
199  0.02340  -1.5394e+02 |200 -0.04672  -8.2858e+01 |201 -0.00525   1.5400e+01
202  0.08873  -4.2652e+02 |203  0.08836  -5.7852e+02 |204  0.13224  -6.7733e+02
205 -0.07553   1.7465e+01 |206 -0.11799   4.2526e+01 |207 -0.17240   4.9167e+01
208 -0.14618   1.0511e+02 |209 -0.06173   1.1063e+02 |210  0.04534   1.4249e+02
211 -0.00427   5.6423e+01 |212  0.19577   2.8070e+04 |213 -0.01495   5.2784e+03
214 -0.01411  -8.7041e-09 |215 -0.68596  -4.0452e+02 |216 -0.85984  -1.3655e+03
217  0.05013  -2.9493e+03 |218 -0.16100  -6.3269e+01 |219 -0.22354  -3.0439e+00
220 -0.06689  -1.7926e+01 |221  0.05051  -7.0660e+00 |222  0.07391   3.7374e-01
223  0.00305  -5.7155e+01 |224 -0.05266  -1.1822e+01 |225 -0.02569   1.8502e+01
226  0.07982  -1.3948e+01 |227  0.08691   5.0007e+01 |228  0.18645   1.0493e+02
229  0.10638   6.4637e+01 |230  0.08553   2.6713e+01 |231  0.06115  -4.0211e+01
232  0.06052  -1.1025e+02 |233  0.11223  -4.5350e+01 |234  0.17548   6.9456e+01
235 -0.11542  -8.0036e+01 |236 -0.06743  -2.6029e+01 |237 -0.03118  -8.5486e+01
238  0.03484  -7.7428e+00 |239 -0.08370   9.4136e-01 |240 -0.15396   1.1715e+01
241 -0.05783   4.9199e+01 |242 -0.01001   4.8600e+01 |243  0.00809   5.9626e+01
244 -0.07372   4.2399e+01 |245 -0.12612   5.3691e+01 |246 -0.26759  -1.7884e+01
247 -0.10635   4.7377e+01 |248 -0.04486   5.5492e+01 |249  0.01949   7.8927e+01
250  0.10768   1.5059e+02 |251  0.05972   7.9295e+01 |252 -0.04188  -4.3665e+01
253  0.02163   1.6631e+01 |254  0.07530  -4.5426e+01 |255  0.15405  -9.9767e+01
256  0.25384  -3.9778e+01 |257 -0.10886  -1.8538e+02 |258  0.29705   5.4648e+03
259 -0.10407   1.5893e+00 |260 -1.08391  -3.9443e+03 |261 -0.99043  -6.2546e+02
262 -0.83803  -2.4164e+02 |263 -0.01379  -8.4659e+03 |264 -0.01032  -8.4668e+03
265 -0.02280  -8.4625e+03 |266 -0.00925  -8.4670e+03 |267 -0.03077  -8.4580e+03
268 -0.01488  -8.4656e+03 |269 -0.03291  -8.4566e+03 |270  0.01219  -8.4663e+03
271 -0.03810  -8.4527e+03 |272  0.01342  -8.4660e+03 |273  0.00032  -8.4679e+03
274 -0.00861  -8.4671e+03 |275 -0.00888  -8.4671e+03 |276 -0.01327  -8.4661e+03
277  0.02189  -8.4629e+03 |278 -0.01595  -8.4652e+03 |279 -0.01370  -8.4659e+03
280 -0.00482  -8.4677e+03 |281  0.01189  -8.4664e+03 |282 -0.00827  -8.4672e+03
283  0.01836  -8.4644e+03 |284  0.05139  -8.4403e+03 |285  0.00140  -8.4679e+03
286  0.00048  -8.4679e+03 |287 -0.02588  -8.4609e+03 |288  0.01631  -8.4651e+03
289  0.03170  -8.4574e+03 |290 -0.00581  -8.4675e+03 |291 -0.00495  -8.4676e+03
292 -0.04589  -8.4459e+03 |293 -0.00985  -8.4669e+03 |294  0.00387  -8.4677e+03
295 -0.03800  -8.4528e+03 |296  0.00054  -8.4679e+03 |297 -0.01048  -8.4668e+03
298  0.02252  -8.4626e+03 |299 -0.01005  -8.4668e+03 |300  0.03933  -8.4517e+03
301  0.02602  -8.4608e+03 |302 -0.04604  -8.4458e+03 |303  0.39162   2.4027e+03
304  0.29935  -1.6333e+02 |305 -0.89490   2.9996e+02 |306  0.11371  -2.0102e+01
307 -0.90115  -8.8146e+03 |308 -0.21730  -9.0952e+02 |
32.0467 57.0572 241.792 140.499 
497.547 497.547 355.598 261.257 
3.99471 101.325 0 95.3512 1.23211 
0 2.69239 0 0 0.483512 143.677 0 
39.1717 50.6846 216.404 136.372 
436.327 436.327 309.638 227.548 
3.93862 107.829 0 90.9005 0.200714 
0 2.70786 0 0 0.466543 139.087 0 
52.941 64.5088 209.445 124.5 
336.314 336.314 291.571 213.892 
3.94451 293.008 0 84.1624 0.995322 
0 2.78307 0 0 0.440087 135.795 0 
44.5049 52.5142 209.301 128.934 
375.015 375.015 292.765 210.359 
3.91543 157.117 0 87.29 0.54779 
0 2.74574 0 0 0.452023 137.136 0 
30.8776 62.1155 191.929 97.1618 
291.367 291.367 331.662 269.401 
3.88576 196.516 0 76.5297 16.5447 
0 2.85346 0 0 0.432088 140.196 0 
34.1048 55.6671 197.561 106.843 
323.151 323.151 301.429 231.068 
3.88362 171.95 0 81.85 5.75353 
0 2.79833 0 0 0.441703 138.555 0 
25.9299 30.4391 191.566 109.601 
339.826 339.826 316.4 238.582 
3.62154 197.256 0 76.8676 8.93045 
0 2.82532 0 0 0.423108 135.344 0 
26.5818 33.9112 191.809 105.473 
330.432 330.432 300.671 232.893 
3.74536 178.539 0 79.4683 7.17436 
0 2.80962 0 0 0.43231 136.955 0 
28.2733 33.8841 185.734 103.937 
285.823 285.823 294.239 235.19 
3.74094 194.941 0 79.3566 5.96365 
0 2.84837 0 0 0.420678 137.97 0 
28.8771 39.7121 196.532 105.837 
259.752 259.752 286.039 237.045 
3.82401 153.705 0 77.7793 5.31386 
0 2.9303 0 0 0.403399 141.618 0 
32.6251 64.1317 195.493 103.079 
224.492 224.492 247.995 219.263 
3.71843 178.614 0 74.8647 6.63407 
0 3.03591 0 0 0.392007 139.454 0 
28.2096 63.6545 205.256 104.274 
201.767 201.767 226.156 213.216 
3.81748 176.65 0 73.4378 5.79771 
0 3.08387 0 0 0.396119 140.183 0 
34.4734 54.8609 218.47 103.682 
154.684 154.684 231.416 211.71 
3.94216 168.324 0 73.2554 6.92347 
0 3.24427 0 0 0.426893 150.36 0 
308 variables; iteration 20; function evaluation 31; phase 1
Function value   2.0286283e+03; maximum gradient component mag  -7.6276e+03
Var   Value    Gradient   |Var   Value    Gradient   |Var   Value    Gradient
  1  0.09156  -1.1868e+00 |  2  0.27573  -4.2153e+01 |  3  0.37543  -4.1376e+01
  4  0.29093  -5.6255e+01 |  5  0.31366  -9.2347e+01 |  6 -0.00721  -9.1004e+01
  7  0.23598  -1.0252e+02 |  8  0.26480   2.3489e+00 |  9  0.19081  -1.3262e+02
 10  0.18305  -7.2078e+01 | 11  0.05517  -4.0944e+01 | 12  0.16444  -3.0680e+01
 13  0.09914  -7.0769e+01 | 14  0.02270  -1.9520e+01 | 15 -0.01238   1.4634e+00
 16 -0.09425   1.3556e+00 | 17 -0.13876  -3.6914e+00 | 18 -0.27566  -2.4073e-01
 19 -0.19469  -7.5242e-01 | 20 -0.36915  -2.7432e-02 | 21 -0.46293   1.6453e-03
 22  0.22283   2.6262e-01 | 23 -0.10234  -9.8714e-03 | 24  0.08552  -9.0919e-01
 25  0.14560  -1.0554e+01 | 26  0.18294  -1.5186e+01 | 27  0.19005  -3.2985e+01
 28  0.20104  -2.1766e+01 | 29  0.08369  -5.4811e+01 | 30  0.18033  -3.9890e+01
 31  0.19094  -2.7550e+00 | 32  0.15746  -2.0068e+01 | 33  0.14270  -1.4071e+00
 34  0.12915  -6.8688e+01 | 35  0.18950   2.6345e+02 | 36  0.14943   2.1994e+01
 37  0.11203   7.5603e+01 | 38 -0.04611  -6.2369e+01 | 39 -0.08924  -2.6947e+01
 40 -0.13084  -7.9000e+00 | 41 -0.19063  -2.4575e+00 | 42 -0.15861   1.7120e+00
 43  0.01059   1.2073e+02 | 44  0.05820   2.1977e+02 | 45  0.09405   2.1171e+02
 46 -0.11766  -7.2158e+01 | 47 -0.11064  -8.1277e+01 | 48 -0.03866  -6.8462e+01
 49 -0.02650  -8.1958e+01 | 50  0.06837  -2.8556e+00 | 51  0.00822  -4.7558e+01
 52  0.01231  -1.3294e+02 | 53  0.03898  -2.1776e+02 | 54  0.07310  -1.6738e+02
 55  0.04700  -4.7399e+01 | 56  0.01709  -2.3655e+00 | 57  0.06810   1.1741e+02
 58  0.13525   2.5582e+02 | 59  0.10128   7.2820e+01 | 60 -0.10190  -1.0521e+02
 61 -0.01451  -6.4704e+01 | 62  0.06667  -3.3893e+01 | 63 -0.06844  -1.0753e+02
 64  0.00710  -7.9962e+01 | 65 -0.00260  -1.0434e+02 | 66 -0.06134  -1.5439e+02
 67 -0.07049  -1.7116e+02 | 68  0.01756  -1.5953e+02 | 69 -0.07533  -1.9411e+02
 70 -0.06474  -2.4487e+02 | 71 -0.00917  -2.9275e+02 | 72 -0.04873  -2.3446e+02
 73  0.00587  -1.7868e+02 | 74 -0.10565  -1.4996e+02 | 75  0.04631   1.1628e+00
 76  0.02661   2.0011e+02 | 77  0.05445   4.0827e+02 | 78  0.02491   3.2968e+02
 79  0.06133   4.0511e+02 | 80  0.11405   4.8101e+02 | 81  0.00213  -1.6031e+02
 82 -0.16018  -1.5073e+02 | 83 -0.10684  -1.5912e+02 | 84 -0.03136  -1.6129e+02
 85 -0.07286   1.2708e+01 | 86  0.07517   6.4676e+01 | 87  0.18499   1.4507e+02
 88 -0.12009   2.4419e+01 | 89 -0.25147   1.0161e+01 | 90 -0.24664   3.9391e+00
 91 -0.05709   3.3307e+00 | 92  0.08577   6.3103e+00 | 93  0.07951   1.4851e+01
 94  0.20179   2.2980e+01 | 95  0.03419   7.3262e+00 | 96  0.04742  -2.8215e+00
 97  0.08318  -3.0006e+00 | 98  0.15630  -1.2685e+01 | 99  0.17436  -8.5335e+00
100  0.03722   6.9885e+00 |101  0.05026   1.7444e+01 |102 -0.12177   8.8352e+00
103 -0.12894   9.8963e+00 |104 -0.03581   8.9660e+00 |105 -0.03910   5.9092e+00
106 -0.06773   9.4248e+00 |107 -0.04955   1.5379e+01 |108  0.01936   2.0854e+01
109  0.08694   2.1585e+01 |110  0.03111   4.9821e+00 |111  0.03333   5.6125e+00
112 -0.13455   3.2732e-01 |113 -0.16642   2.1361e+00 |114 -0.04149   7.2359e+00
115  0.15795   2.8600e+01 |116 -0.01515   1.4791e+01 |117 -0.00584   1.4430e+01
118 -0.09813   1.6220e+01 |119 -0.14178   2.6047e+01 |120 -0.05115   6.2640e+01
121  0.16179   1.8997e+02 |122  0.45057   5.9537e+02 |123 -0.04513   1.2777e+01
124  0.03902   3.5012e+01 |125 -0.01163   2.8541e+00 |126 -0.17134   5.4193e+00
127  0.01245  -1.7248e+01 |128  0.01150  -1.7249e+01 |129 -0.01670  -1.7246e+01
130 -0.02311  -1.7240e+01 |131 -0.06591  -1.7159e+01 |132 -0.02258  -1.7241e+01
133  0.04493  -1.7209e+01 |134  0.02301  -1.7240e+01 |135  0.00923  -1.7250e+01
136 -0.04253  -1.7213e+01 |137  0.03771  -1.7221e+01 |138 -0.04728  -1.7204e+01
139 -0.04999  -1.7198e+01 |140  0.01266  -1.7248e+01 |141  0.01004  -1.7249e+01
142  0.01391  -1.7247e+01 |143 -0.03440  -1.7226e+01 |144  0.03996  -1.7218e+01
145 -0.01144  -1.7249e+01 |146 -0.01760  -1.7245e+01 |147 -0.02329  -1.7240e+01
148  0.03685  -1.7223e+01 |149  0.03046  -1.7232e+01 |150  0.00305  -1.7251e+01
151  0.04093  -1.7216e+01 |152 -0.03297  -1.7228e+01 |153 -0.03869  -1.7220e+01
154  0.02066  -1.7242e+01 |155 -0.00519  -1.7251e+01 |156 -0.05570  -1.7186e+01
157 -0.00948  -1.7250e+01 |158  0.04943  -1.7200e+01 |159  0.00451  -1.7251e+01
160  0.02193  -1.7241e+01 |161 -0.01693  -1.7245e+01 |162 -0.01821  -1.7245e+01
163  0.01554  -1.7246e+01 |164  0.01965  -1.7243e+01 |165  0.04701  -1.7205e+01
166  0.05598  -1.7185e+01 |167 -0.00721  -1.7250e+01 |168 -0.06087  -1.7173e+01
169  0.12680  -4.7205e+02 |170 -0.02107  -1.7368e+02 |171  0.07543   1.3643e+02
172 -0.00026   2.3797e+01 |173  0.06559   5.8200e+01 |174  0.10451   2.1250e+02
175  0.08419   1.2232e+02 |176  0.13943   2.2099e+02 |177  0.04139   1.5316e+01
178  0.13425   2.7553e+01 |179  0.23026   4.8680e+02 |180  0.20892   2.1311e+02
181  0.15996   1.2436e+02 |182 -0.00583   2.0998e+01 |183  0.01549   2.2356e+00
184  0.05084   4.0760e+00 |185  0.02399   2.2195e+01 |186  0.01112   9.2656e+01
187 -0.05235   1.7863e+00 |188 -0.05050   2.4406e+01 |189  0.05017   9.7317e+01
190 -0.19003  -6.6380e+00 |191  0.05470   1.2124e+02 |192 -0.27817   2.8361e+01
193  0.01908   1.5878e+02 |194 -0.16798   3.5264e+01 |195 -0.05736  -2.2648e+01
196  0.05591   4.1318e+02 |197 -0.01848   7.6481e+01 |198  0.00483   4.2952e+00
199 -0.13688  -3.9085e+01 |200 -0.01215  -1.4005e+02 |201 -0.25467   4.4931e+00
202  0.08381  -4.9531e+02 |203  0.06443  -4.1607e+02 |204  0.16066  -1.3214e+02
205 -0.09065   1.2250e+01 |206 -0.11643  -2.7662e+01 |207 -0.22509   1.4089e+01
208 -0.09602   4.9861e+01 |209 -0.05701   4.6997e+01 |210  0.05167   5.5069e+01
211 -0.05802   4.3200e+01 |212  0.16257   6.4188e+03 |213  0.02114   1.4289e+03
214 -0.01411  -8.7041e-09 |215 -0.67613   7.9666e+00 |216 -0.81497  -2.9422e+02
217  0.15199  -4.0589e+02 |218 -0.04408   1.6300e+02 |219 -0.20203   9.5220e+01
220 -0.04693   8.8233e+01 |221  0.10629   1.1051e+02 |222  0.12065   1.3611e+02
223  0.07968   9.0244e+01 |224  0.00681   9.9759e+01 |225  0.00799   1.1612e+02
226  0.18226   1.1138e+02 |227  0.14611   1.0309e+02 |228  0.22364   1.1830e+02
229  0.10739   1.2782e+02 |230  0.10836   1.2612e+02 |231  0.11783   1.1206e+02
232  0.15721   1.1191e+02 |233  0.10055   9.7147e+01 |234  0.08212   8.9257e+01
235 -0.08935   1.2883e+02 |236 -0.08955   1.1278e+02 |237  0.04111   1.1936e+02
238  0.04600   9.8961e+01 |239 -0.07268   1.1147e+02 |240 -0.13948   1.0941e+02
241 -0.08537   9.4894e+01 |242 -0.03633   9.4139e+01 |243 -0.01691   6.7322e+01
244 -0.04427   7.7994e+01 |245 -0.11229   9.8581e+01 |246 -0.19769   1.2655e+02
247 -0.09975   1.2613e+02 |248 -0.02701   1.1221e+02 |249 -0.03901   9.0636e+01
250 -0.06812   6.9822e+01 |251 -0.11728   8.7853e+01 |252 -0.13677   1.4440e+02
253 -0.12140   1.2316e+02 |254 -0.00848   7.7572e+01 |255  0.23819   5.2404e+01
256  0.24750   4.2629e+01 |257 -0.17970   1.5816e+01 |258  0.27840   2.5364e+03
259 -0.47784  -6.6540e+01 |260 -1.09569  -2.6865e+03 |261 -0.96280   1.1864e+03
262 -1.06218   1.6476e+01 |263 -0.01233  -7.6262e+03 |264 -0.00985  -7.6267e+03
265 -0.01836  -7.6245e+03 |266 -0.00907  -7.6269e+03 |267 -0.02313  -7.6226e+03
268 -0.01309  -7.6260e+03 |269 -0.02431  -7.6221e+03 |270  0.00805  -7.6270e+03
271 -0.02701  -7.6208e+03 |272  0.00911  -7.6269e+03 |273 -0.00175  -7.6276e+03
274 -0.00860  -7.6269e+03 |275 -0.00880  -7.6269e+03 |276 -0.01197  -7.6263e+03
277  0.01656  -7.6251e+03 |278 -0.01383  -7.6258e+03 |279 -0.01226  -7.6262e+03
280 -0.00575  -7.6273e+03 |281  0.00779  -7.6271e+03 |282 -0.00835  -7.6270e+03
283  0.01342  -7.6259e+03 |284  0.04445  -7.6091e+03 |285 -0.00089  -7.6276e+03
286 -0.00162  -7.6276e+03 |287 -0.02027  -7.6238e+03 |288  0.01162  -7.6264e+03
289  0.02554  -7.6215e+03 |290 -0.00650  -7.6272e+03 |291 -0.00585  -7.6273e+03
292 -0.03054  -7.6189e+03 |293 -0.00951  -7.6268e+03 |294  0.00110  -7.6276e+03
295 -0.02696  -7.6208e+03 |296 -0.00157  -7.6276e+03 |297 -0.00997  -7.6267e+03
298  0.01713  -7.6249e+03 |299 -0.00966  -7.6268e+03 |300  0.03274  -7.6175e+03
301  0.02030  -7.6238e+03 |302 -0.03060  -7.6188e+03 |303  0.41468  -2.1348e+03
304  0.46941  -1.4744e+02 |305 -0.89415   5.9523e+02 |306  0.14225  -1.7597e+02
307 -0.89767  -4.4613e+03 |308 -0.27328  -6.3281e+02 |
30.979 51.9456 218.661 101.495 
140.843 140.843 217.158 201.923 
4.15657 176.818 0 70.4828 7.89402 
0 3.34746 0 0 0.453918 153.855 0 
31.0575 43.6768 218.082 91.5456 
129.33 129.33 213.302 188.457 
4.49893 172.445 0 66.91 11.0284 
0 3.537 0 0 0.509151 158.901 0 
35.8465 57.0501 240.671 88.6175 
68.1962 68.1962 213.812 158.909 
5.02189 192.64 0 60.3574 10.4819 
0 3.81445 0 0 0.591812 163.735 0 
39.4218 59.7667 250.614 97.0189 
51.8884 51.8884 204.008 138.353 
5.7222 188.776 0 56.8624 5.29519 
0 4.04196 0 0 0.659106 165.668 0 
56.114 64.7939 265.318 97.0263 
44.5994 44.5994 194.877 142.993 
6.68989 146.468 0 53.0927 2.76934 
0 4.29797 0 0 0.725225 167.154 0 
47.0258 61.9654 256.185 96.1027 
45.5765 45.5765 197.364 139.487 
6.19697 164.744 0 54.8714 3.87016 
0 4.16971 0 0 0.693085 166.416 0 
50.6899 64.5628 260.845 90.9874 
43.0909 43.0909 198.3 141.517 
6.87172 146.814 0 53.7193 2.71748 
0 4.34747 0 0 0.730168 168.047 0 
50.234 65.7663 260.3 89.966 
40.5144 40.5144 198.117 140.672 
7.05339 146.247 0 53.1926 2.45771 
0 4.40043 0 0 0.736652 168.046 0 
53.3563 64.9371 254.02 88.4599 
39.3414 39.3414 200.082 140.265 
7.35655 143.79 0 52.9879 2.07235 
0 4.50913 0 0 0.745894 168.157 0 
54.0151 66.7199 251.45 86.2658 
38.0298 38.0298 201.738 138.519 
7.8735 140.728 0 51.9945 1.94583 
0 4.68945 0 0 0.757861 167.923 0 
51.6408 73.0598 247.324 86.8518 
38.1336 38.1336 206.723 135.79 
8.70265 133.634 0 50.2785 1.58206 
0 4.95526 0 0 0.776017 167.473 0 
308 variables; iteration 30; function evaluation 42; phase 1
Function value   1.8264950e+03; maximum gradient component mag  -7.2328e+03
Var   Value    Gradient   |Var   Value    Gradient   |Var   Value    Gradient
  1  0.09273  -5.8622e-01 |  2  0.39406   2.5481e+01 |  3  0.34384   7.7602e+00
  4  0.37656   1.3294e+02 |  5  0.35456   5.4264e+01 |  6 -0.00081  -9.0589e+01
  7  0.29491  -1.5047e+01 |  8  0.27329   2.4366e+01 |  9  0.23443  -1.6870e+01
 10  0.22299  -8.0650e+00 | 11 -0.17333  -3.8419e+01 | 12  0.16741  -4.0022e+01
 13  0.15826   7.2492e+01 | 14 -0.14907  -1.0945e+01 | 15 -0.08167  -9.3270e+00
 16 -0.08102  -1.1593e+01 | 17 -0.09221  -5.3143e+01 | 18 -0.27180   1.3997e-02
 19 -0.18753   4.6891e-02 | 20 -0.36891  -1.6126e-02 | 21 -0.46293   7.1562e-04
 22  0.13382  -5.7297e+00 | 23 -0.10229  -1.3120e-02 | 24  0.09008  -1.0963e+00
 25  0.19490  -3.0230e+00 | 26  0.25467   1.6825e+01 | 27  0.28400   1.0167e+02
 28  0.20557  -2.0834e+01 | 29 -0.01246  -5.9564e+01 | 30  0.21951   4.8277e+00
 31  0.21448   4.4429e+01 | 32  0.18497   2.4197e+01 | 33  0.17261   7.1503e+01
 34  0.15433   8.9973e+01 | 35  0.11436  -1.7395e+01 | 36  0.10282  -3.1275e+01
 37 -0.01447  -1.0519e+02 | 38 -0.19076  -1.7621e+01 | 39  0.00565   5.0833e+01
 40 -0.08465  -2.5535e+00 | 41 -0.17370  -2.7683e+00 | 42 -0.16430   9.1102e-01
 43  0.07785  -1.1676e+00 | 44  0.06882  -1.6555e+01 | 45  0.11579  -6.8754e+01
 46 -0.07948  -2.6623e+01 | 47 -0.05977  -3.4737e+01 | 48  0.03273  -7.2842e+01
 49  0.01810  -7.2164e+01 | 50  0.05438  -9.8805e+01 | 51  0.00269  -6.9967e+01
 52  0.06732  -6.6011e+01 | 53  0.01856   1.3336e+01 | 54  0.06173   5.9113e+01
 55  0.10340   5.7760e+01 | 56  0.07708   3.1780e+01 | 57  0.09578   2.5332e+01
 58  0.12490   6.9022e+01 | 59  0.16371   1.4693e+02 | 60 -0.07908   2.0650e+01
 61  0.01866   4.7451e+01 | 62  0.15525  -5.7795e+01 | 63 -0.13583  -6.3075e+01
 64 -0.10050  -6.2760e+01 | 65  0.03539  -4.5625e+01 | 66  0.08067  -3.2037e+01
 67  0.01574  -3.3713e+01 | 68 -0.04759  -6.3254e+01 | 69 -0.15326  -4.6495e+01
 70 -0.18327  -3.5526e+01 | 71 -0.01912  -4.6955e+01 | 72 -0.07639  -1.8996e+01
 73  0.09227   4.3638e+01 | 74 -0.18214  -7.8766e+00 | 75  0.12343  -1.2241e+02
 76 -0.02862  -1.2256e+02 | 77  0.03639  -8.0681e+01 | 78 -0.03460  -8.4891e+00
 79  0.05259   2.6399e-01 | 80  0.12815   4.1394e+01 | 81 -0.10782  -7.1257e+00
 82 -0.24298  -1.7812e+01 | 83 -0.21172  -1.8898e+01 | 84 -0.13743  -1.2244e+01
 85 -0.04269   2.8999e+01 | 86  0.12649   2.3595e+01 | 87  0.31703   4.7570e+01
 88 -0.12895   3.1311e+01 | 89 -0.24903   3.1671e+01 | 90 -0.22067   2.8023e+01
 91 -0.01785   2.0398e+01 | 92  0.15223   1.7353e+01 | 93  0.15237   2.8024e+01
 94  0.30030   4.3106e+01 | 95  0.09680   3.3039e+01 | 96  0.13457   2.6870e+01
 97  0.18801   4.1833e+01 | 98  0.26780   6.1462e+01 | 99  0.21375   3.7278e+01
100  0.04503   5.9106e+00 |101 -0.02658  -4.6964e+00 |102 -0.16050   1.6495e+01
103 -0.16994   1.8595e+01 |104 -0.06328   6.6664e+00 |105 -0.02117   1.3788e+01
106 -0.06130   2.6847e+01 |107 -0.07578   2.6597e+01 |108 -0.08283   1.9745e+01
109 -0.00877   5.7466e+00 |110  0.07068  -1.2676e+01 |111 -0.00466   1.1433e+01
112 -0.16295   2.4865e+01 |113 -0.21102   2.4544e+01 |114 -0.14164   2.0662e+01
115  0.06276  -2.2940e+00 |116 -0.03200   3.3622e+01 |117 -0.13804   3.7514e+01
118 -0.27655   3.2387e+01 |119 -0.27055   3.6225e+01 |120 -0.11408   4.8949e+01
121  0.27607   9.8550e+01 |122  0.65579   1.3607e+02 |123 -0.08429   4.7143e+01
124  0.06225   4.8123e+01 |125  0.00562   3.0969e+01 |126 -0.16465   3.9266e+01
127  0.01263  -1.3607e+01 |128  0.01168  -1.3607e+01 |129 -0.01649  -1.3605e+01
130 -0.02290  -1.3600e+01 |131 -0.06566  -1.3537e+01 |132 -0.02237  -1.3601e+01
133  0.04508  -1.3575e+01 |134  0.02319  -1.3600e+01 |135  0.00942  -1.3608e+01
136 -0.04229  -1.3579e+01 |137  0.03787  -1.3585e+01 |138 -0.04705  -1.3572e+01
139 -0.04975  -1.3568e+01 |140  0.01284  -1.3606e+01 |141  0.01023  -1.3607e+01
142  0.01409  -1.3606e+01 |143 -0.03418  -1.3590e+01 |144  0.04011  -1.3582e+01
145 -0.01123  -1.3607e+01 |146 -0.01739  -1.3604e+01 |147 -0.02307  -1.3600e+01
148  0.03701  -1.3586e+01 |149  0.03063  -1.3593e+01 |150  0.00324  -1.3609e+01
151  0.04108  -1.3581e+01 |152 -0.03274  -1.3591e+01 |153 -0.03846  -1.3584e+01
154  0.02084  -1.3602e+01 |155 -0.00499  -1.3609e+01 |156 -0.05546  -1.3558e+01
157 -0.00928  -1.3608e+01 |158  0.04958  -1.3568e+01 |159  0.00470  -1.3609e+01
160  0.02211  -1.3601e+01 |161 -0.01672  -1.3605e+01 |162 -0.01800  -1.3604e+01
163  0.01572  -1.3605e+01 |164  0.01983  -1.3603e+01 |165  0.04716  -1.3572e+01
166  0.05612  -1.3556e+01 |167 -0.00701  -1.3608e+01 |168 -0.06063  -1.3548e+01
169  0.11653   2.8957e+03 |170  0.10328   6.8271e+02 |171  0.09356   6.8525e+02
172  0.05558   5.5919e+02 |173  0.12344   6.8934e+02 |174  0.13391   7.2550e+02
175  0.11138   6.3492e+02 |176  0.12167   6.5593e+02 |177  0.11010   5.8330e+02
178  0.17698   5.6541e+02 |179  0.21220   5.1660e+02 |180  0.19204   4.3782e+02
181  0.21168   7.5242e+02 |182  0.06570   5.7963e+02 |183  0.08617   5.9680e+02
184  0.07432   5.5597e+02 |185  0.09759   5.6993e+02 |186  0.04418   5.4841e+02
187 -0.00551   5.3365e+02 |188 -0.02668   5.5807e+02 |189  0.07845   1.0132e+03
190 -0.21025   4.8695e+02 |191  0.05935   3.4371e+02 |192 -0.42030   4.3282e+02
193 -0.00237   5.4297e+02 |194 -0.27117   4.9954e+02 |195 -0.03903   5.9970e+02
196  0.00835   4.6377e+02 |197 -0.06644   4.9243e+02 |198  0.06128   4.9415e+02
199 -0.46039   4.0924e+02 |200  0.09401   5.4851e+02 |201 -0.65774   2.8249e+02
202  0.23174   1.0760e+03 |203  0.02251   4.2456e+02 |204  0.11833   3.3762e+02
205 -0.11326   5.3008e+02 |206 -0.00263   5.1690e+02 |207 -0.31962   4.8343e+02
208 -0.03077   5.6501e+02 |209 -0.00084   5.5938e+02 |210  0.15917   6.2032e+02
211 -0.19175   5.2777e+02 |212  0.12864   4.5940e+01 |213 -0.00651  -3.9743e+02
214 -0.01411  -8.7041e-09 |215 -0.75204  -5.8350e+01 |216 -0.86997  -1.4636e+02
217  0.02137   8.3913e+02 |218 -0.00802   1.1288e+01 |219 -0.21012  -9.1264e+00
220 -0.01092  -3.9396e+01 |221  0.18079   6.6948e-01 |222  0.12455   4.6757e+00
223  0.12520   2.7634e+01 |224  0.03886   3.1547e+01 |225  0.02462  -9.2290e-02
226  0.29929   3.2680e+01 |227  0.25086   2.0777e+01 |228  0.29606  -8.9471e+00
229  0.09601  -2.5356e+01 |230  0.13035  -1.5526e+01 |231  0.20272   2.2411e+00
232  0.28634   9.7140e+00 |233  0.12340  -4.7125e+01 |234  0.02062  -8.0915e+01
235 -0.12024  -2.0231e-01 |236 -0.13014  -1.8297e+01 |237  0.05298   4.7305e+01
238  0.04180   3.1732e+00 |239 -0.10073  -2.7751e+01 |240 -0.16953  -2.9382e+01
241 -0.12481  -3.9385e+01 |242 -0.08597  -2.7431e+01 |243 -0.00710  -3.0868e+01
244  0.02849  -1.0165e+01 |245 -0.06984  -2.4073e+01 |246 -0.14302   1.8122e+01
247 -0.09339  -1.4410e+01 |248 -0.02463   2.5352e+01 |249 -0.08201  -2.3746e+01
250 -0.14803  -8.0013e+01 |251 -0.24366  -9.2624e+01 |252 -0.33545  -7.1097e+01
253 -0.34073  -8.1867e+01 |254 -0.14182  -8.0447e+01 |255  0.24222   7.9019e+01
256  0.27240  -3.3320e+01 |257 -0.26861  -9.7491e+01 |258  0.15862  -5.5203e+02
259 -0.56653  -3.4396e+01 |260 -1.15893  -1.0222e+03 |261 -0.96585   6.7962e+02
262 -1.38267  -2.7293e+02 |263 -0.01432  -7.2310e+03 |264 -0.01583  -7.2306e+03
265 -0.00624  -7.2325e+03 |266 -0.01612  -7.2305e+03 |267  0.00574  -7.2325e+03
268 -0.01366  -7.2311e+03 |269  0.00963  -7.2320e+03 |270 -0.00797  -7.2322e+03
271  0.02006  -7.2292e+03 |272 -0.00689  -7.2324e+03 |273 -0.01545  -7.2307e+03
274 -0.01626  -7.2304e+03 |275 -0.01621  -7.2305e+03 |276 -0.01460  -7.2309e+03
277  0.00166  -7.2328e+03 |278 -0.01293  -7.2313e+03 |279 -0.01437  -7.2310e+03
280 -0.01652  -7.2304e+03 |281 -0.00823  -7.2322e+03 |282 -0.01632  -7.2304e+03
283 -0.00210  -7.2328e+03 |284  0.03770  -7.2201e+03 |285 -0.01504  -7.2308e+03
286 -0.01539  -7.2307e+03 |287 -0.00212  -7.2328e+03 |288 -0.00416  -7.2327e+03
289  0.01311  -7.2313e+03 |290 -0.01654  -7.2304e+03 |291 -0.01653  -7.2304e+03
292  0.03744  -7.2203e+03 |293 -0.01597  -7.2305e+03 |294 -0.01387  -7.2311e+03
295  0.01983  -7.2293e+03 |296 -0.01537  -7.2307e+03 |297 -0.01578  -7.2306e+03
298  0.00236  -7.2328e+03 |299 -0.01591  -7.2305e+03 |300  0.02256  -7.2283e+03
301  0.00634  -7.2324e+03 |302  0.03779  -7.2201e+03 |303  0.44971  -4.6577e+03
304  0.58091   7.6901e+01 |305 -0.89265   7.1461e+02 |306  0.12959  -3.3300e+02
307 -0.89166  -1.3182e+03 |308 -0.30300   4.4951e+01 |
49.6804 77.4012 238.848 87.9803 
41.5623 41.5623 210.201 135.234 
9.56818 128.359 0 48.3305 1.24132 
0 5.21759 0 0 0.79534 166.872 0 
50.9863 73.9397 240.546 88.7013 
42.5771 42.5771 208.663 137.693 
10.9557 122.505 0 45.0674 0.93582 
0 5.60319 0 0 0.822793 167.385 0 
53.3547 70.1629 238.06 90.6968 
48.1188 48.1188 209.668 139.132 
12.7533 110.766 0 42.2737 0.31296 
0 6.10983 0 0 0.857586 167.731 0 
50.8184 74.739 228.258 97.1507 
42.7346 42.7346 212.336 141.107 
14.9193 114.329 0 38.2089 0.242334 
0 6.82383 0 0 0.898731 166.834 0 
44.3745 87.0242 231.516 98.182 
50.0085 50.0085 207.63 142.092 
16.4126 99.547 0 36.0415 0.0408366 
0 7.36152 0 0 0.924498 162.453 0 
52.1804 80.4067 233.625 96.1546 
45.7437 45.7437 205.012 143.657 
18.1279 111.414 0 33.4231 0.0079094 
0 8.01417 0 0 0.947848 160.461 0 
48.4912 82.5898 231.546 96.5094 
46.824 46.824 205.748 142.845 
17.4449 105.883 0 34.4238 0.000553856 
0 7.75572 0 0 0.938424 161.232 0 
47.5995 83.8718 233.106 100.043 
50.4264 50.4264 201.018 141.481 
18.6913 96.8664 0 32.9755 0.0672351 
0 8.22684 0 0 0.952755 160.95 0 
47.4359 86.27 230.727 100.045 
50.2993 50.2993 196.28 143.306 
20.329 91.8617 0 30.6605 0.15864 
0 8.81015 0 0 0.974009 159.108 0 
44.4569 90.029 238.367 99.9109 
44.6506 44.6506 197.343 141.565 
22.6176 94.8107 0 26.7773 0.554223 
0 9.45931 0 0 1.00656 153.951 0 
44.784 88.5363 239.885 99.5145 
43.6049 43.6049 198.059 139.747 
23.8613 96.4109 0 25.059 0.784382 
0 9.74564 0 0 1.01948 152.684 0 
308 variables; iteration 40; function evaluation 53; phase 1
Function value   1.7208546e+03; maximum gradient component mag  -6.5811e+03
Var   Value    Gradient   |Var   Value    Gradient   |Var   Value    Gradient
  1  0.09904  -5.4088e-01 |  2  0.41447   8.1717e+01 |  3  0.32612   6.7069e+00
  4  0.39106   1.9706e+02 |  5  0.35548   9.6029e+01 |  6  0.34024   8.0016e+01
  7  0.30053   1.9438e+01 |  8  0.29762   3.7426e+01 |  9  0.24977  -1.3305e+01
 10  0.25152   1.6231e+01 | 11 -0.58116  -2.4372e+01 | 12  0.19820  -1.9307e+01
 13  0.18988   1.0634e+02 | 14 -0.50774  -7.4768e+00 | 15 -0.21163  -4.1004e+00
 16  0.11499   3.8360e+01 | 17  0.09779   8.2727e+01 | 18 -0.26329  -1.9462e-02
 19 -0.17273   2.6299e-01 | 20 -0.36832  -5.9256e-03 | 21 -0.46294  -6.7787e-04
 22 -0.01948  -6.2706e+00 | 23 -0.10211  -1.1303e-02 | 24  0.10517  -6.1876e-01
 25  0.25611   3.1833e+01 | 26  0.24909   1.9906e+01 | 27  0.24496   1.3270e+01
 28  0.21797  -2.7851e+00 | 29 -0.01492  -5.9562e+01 | 30  0.21260   1.8429e+01
 31  0.20212   1.1194e+01 | 32  0.19145   2.5829e+01 | 33  0.14445   2.8157e+00
 34  0.14482   4.8529e+01 | 35  0.08432  -1.0215e+02 | 36  0.11023  -8.1208e+01
 37 -0.30198  -1.0257e+01 | 38 -0.49061  -5.0702e+00 | 39  0.01404   1.7790e+01
 40 -0.00454   1.4738e+01 | 41 -0.12077  -1.7787e+00 | 42 -0.17910  -3.0756e-01
 43  0.15402  -2.6777e+02 | 44  0.06743  -1.1072e+02 | 45  0.14171  -4.5286e+01
 46 -0.02948  -5.5200e+01 | 47 -0.02855  -8.1185e+01 | 48  0.03049  -1.3330e+02
 49  0.03904  -1.2014e+02 | 50  0.06762  -8.0016e+01 | 51  0.10014   1.0385e+01
 52  0.09578   1.4039e+02 | 53  0.07963   2.5807e+02 | 54  0.14316   3.5323e+02
 55  0.15165   1.8746e+02 | 56  0.12920   9.2467e+01 | 57  0.14819   7.3046e+01
 58  0.15894   4.6054e+01 | 59  0.12181  -7.3210e+00 | 60 -0.03894  -4.3932e+01
 61  0.05969   1.8278e+00 | 62  0.20147   1.0321e+02 | 63 -0.28446  -7.4071e+01
 64 -0.21189  -6.9787e+01 | 65  0.08787   4.4235e+01 | 66  0.09837  -1.1422e+01
 67  0.08747  -9.2481e+01 | 68  0.05425  -1.3986e+02 | 69 -0.18116  -9.8675e+01
 70 -0.29882  -8.2144e+01 | 71  0.09238  -3.1532e+01 | 72  0.06042  -1.3656e+01
 73  0.16577   8.2028e+01 | 74 -0.15348  -6.9653e+01 | 75  0.28240   9.6525e+00
 76 -0.23244  -9.1090e+01 | 77  0.12693  -4.7323e+01 | 78 -0.12436  -6.6846e+01
 79  0.13178  -3.4119e+01 | 80  0.03351  -1.1237e+02 | 81 -0.44175  -6.0944e+01
 82 -0.39360  -7.6929e+01 | 83 -0.45016  -7.3043e+01 | 84 -0.42480  -7.4411e+01
 85  0.05286  -3.9945e+01 | 86  0.23814  -5.4528e+01 | 87  0.43898   2.9820e+00
 88 -0.12935  -4.4171e+01 | 89 -0.22462  -3.7835e+01 | 90 -0.12858  -3.8212e+01
 91  0.08945  -3.4200e+01 | 92  0.25677  -1.5750e+01 | 93  0.28983  -1.9550e+01
 94  0.33117  -1.9962e+01 | 95  0.19233  -1.2075e+01 | 96  0.24100   3.1280e+01
 97  0.26616   3.9108e+01 | 98  0.30398   2.3219e+01 | 99  0.18692  -3.6200e+01
100  0.05470  -5.3363e+01 |101 -0.26244  -4.6912e+01 |102 -0.24060  -4.0965e+01
103 -0.23753  -4.3334e+01 |104 -0.06904  -4.5642e+01 |105  0.09000  -4.3067e+01
106 -0.01152  -3.3004e+01 |107 -0.09641  -3.1553e+01 |108 -0.28978  -3.9536e+01
109 -0.18796  -4.3334e+01 |110  0.29229  -2.1818e+01 |111 -0.00660  -4.5905e+01
112 -0.18676  -4.3858e+01 |113 -0.28447  -4.1965e+01 |114 -0.32360  -4.5292e+01
115  0.02580  -4.7659e+01 |116  0.00220  -2.8702e+01 |117 -0.28761  -3.7321e+01
118 -0.58575  -3.1141e+01 |119 -0.52337  -3.2361e+01 |120 -0.21636  -3.2761e+01
121  0.29201   3.3121e+01 |122  1.08227  -9.9027e+00 |123 -0.19290  -2.9819e+01
124  0.09084  -4.0879e+01 |125  0.09526  -4.8591e+01 |126 -0.13608  -3.6586e+01
127  0.01220  -2.0589e+01 |128  0.01126  -2.0590e+01 |129 -0.01680  -2.0586e+01
130 -0.02319  -2.0579e+01 |131 -0.06579  -2.0483e+01 |132 -0.02266  -2.0580e+01
133  0.04453  -2.0542e+01 |134  0.02272  -2.0580e+01 |135  0.00901  -2.0591e+01
136 -0.04251  -2.0547e+01 |137  0.03735  -2.0557e+01 |138 -0.04724  -2.0536e+01
139 -0.04994  -2.0530e+01 |140  0.01242  -2.0589e+01 |141  0.00981  -2.0590e+01
142  0.01366  -2.0588e+01 |143 -0.03442  -2.0563e+01 |144  0.03959  -2.0553e+01
145 -0.01156  -2.0589e+01 |146 -0.01770  -2.0585e+01 |147 -0.02336  -2.0579e+01
148  0.03649  -2.0559e+01 |149  0.03014  -2.0570e+01 |150  0.00286  -2.0593e+01
151  0.04055  -2.0551e+01 |152 -0.03299  -2.0565e+01 |153 -0.03869  -2.0555e+01
154  0.02038  -2.0582e+01 |155 -0.00535  -2.0592e+01 |156 -0.05562  -2.0514e+01
157 -0.00962  -2.0591e+01 |158  0.04901  -2.0532e+01 |159  0.00430  -2.0592e+01
160  0.02165  -2.0581e+01 |161 -0.01703  -2.0585e+01 |162 -0.01830  -2.0584e+01
163  0.01528  -2.0587e+01 |164  0.01938  -2.0583e+01 |165  0.04661  -2.0538e+01
166  0.05553  -2.0515e+01 |167 -0.00736  -2.0591e+01 |168 -0.06077  -2.0499e+01
169  0.09547   5.8291e+02 |170  0.12778   6.5853e+02 |171  0.06475   5.1745e+02
172  0.08418   5.4702e+02 |173  0.14263   8.0386e+02 |174  0.15763   8.7517e+02
175  0.12425   6.0647e+02 |176  0.14161   5.3288e+02 |177  0.13693   5.2757e+02
178  0.21397   4.5680e+02 |179  0.22184   3.0769e+02 |180  0.23941   3.8628e+02
181  0.26432   9.7306e+02 |182  0.08052   6.2772e+02 |183  0.09420   6.3329e+02
184  0.05268   5.7185e+02 |185  0.06950   6.1115e+02 |186  0.03788   5.8533e+02
187  0.02835   5.4959e+02 |188 -0.09065   5.5950e+02 |189  0.04954   5.2773e+02
190 -0.08699   5.0287e+02 |191  0.10414   4.5983e+02 |192 -0.45907   4.4334e+02
193  0.07966   8.4278e+02 |194 -0.35246   5.0163e+02 |195  0.01015   6.4924e+02
196  0.06001   4.3806e+02 |197 -0.19822   5.3762e+02 |198  0.13749   6.0894e+02
199 -0.56277   3.7455e+02 |200  0.13065   6.1318e+02 |201 -0.50810   4.1147e+02
202  0.23547   7.9818e+02 |203  0.08080   5.3296e+02 |204  0.05974   3.2084e+02
205 -0.26971   5.3542e+02 |206 -0.02720   6.1975e+02 |207 -0.36869   4.9503e+02
208 -0.04362   5.6471e+02 |209 -0.01860   5.7365e+02 |210  0.14878   6.5409e+02
211 -0.37145   4.9402e+02 |212  0.08106   2.7383e+03 |213 -0.04971  -1.0819e+01
214 -0.01411  -8.7041e-09 |215 -0.71775   1.4801e+01 |216 -0.85986  -3.8829e+02
217 -0.02658   9.0386e+01 |218 -0.07588  -3.1953e+01 |219 -0.21358  -3.3054e+01
220  0.11510  -2.0602e+01 |221  0.29185  -3.0628e+00 |222  0.11090  -2.1673e+01
223  0.03954  -4.1412e+01 |224 -0.02471  -5.1075e+01 |225  0.02817  -5.1187e+01
226  0.34822   1.4548e+01 |227  0.34364   1.4919e+01 |228  0.44494  -1.1868e+01
229  0.14778  -6.2770e+01 |230  0.21244  -5.8956e+01 |231  0.27422  -3.2331e+01
232  0.34576  -1.1712e+01 |233  0.18239  -5.6880e+01 |234  0.07404  -7.2984e+01
235 -0.18188  -6.2995e+01 |236 -0.18814  -5.3520e+01 |237 -0.10272  -5.6901e+01
238 -0.06918  -5.1257e+01 |239 -0.16206  -7.3948e+01 |240 -0.23332  -8.6877e+01
241 -0.19219  -8.7504e+01 |242 -0.17361  -9.0239e+01 |243  0.01650  -7.1291e+01
244  0.08477  -4.7182e+01 |245 -0.03890  -4.5751e+01 |246 -0.19756  -3.2963e+01
247 -0.13748  -3.5656e+01 |248 -0.12125  -3.3157e+01 |249 -0.12582  -6.2348e+01
250 -0.10809  -5.9514e+01 |251 -0.17665  -7.8995e+01 |252 -0.34387  -1.4015e+02
253 -0.31745  -1.3918e+02 |254 -0.10357  -1.2792e+02 |255  0.16978  -7.1637e+01
256  0.31565  -3.7058e+01 |257 -0.27206  -9.4621e+01 |258  0.14703   3.3195e+02
259 -0.67280  -1.6287e+01 |260 -1.15877  -8.5088e+02 |261 -0.97041   3.5826e+02
262 -1.43399  -1.0397e+02 |263  0.00739  -6.5806e+03 |264 -0.02000  -6.5778e+03
265  0.05575  -6.5559e+03 |266 -0.02860  -6.5744e+03 |267  0.07381  -6.5369e+03
268  0.01530  -6.5792e+03 |269  0.07687  -6.5331e+03 |270 -0.04510  -6.5646e+03
271  0.08278  -6.5255e+03 |272 -0.03872  -6.5689e+03 |273 -0.07997  -6.5292e+03
274 -0.03373  -6.5718e+03 |275 -0.03158  -6.5730e+03 |276  0.00351  -6.5810e+03
277  0.00092  -6.5811e+03 |278  0.02251  -6.5770e+03 |279  0.00670  -6.5807e+03
280 -0.06068  -6.5512e+03 |281 -0.04667  -6.5634e+03 |282 -0.03639  -6.5703e+03
283 -0.01418  -6.5794e+03 |284  0.06028  -6.5516e+03 |285 -0.08081  -6.5281e+03
286 -0.08017  -6.5290e+03 |287  0.06446  -6.5474e+03 |288 -0.02398  -6.5764e+03
289  0.03064  -6.5734e+03 |290 -0.05445  -6.5570e+03 |291 -0.05990  -6.5520e+03
292  0.08896  -6.5169e+03 |293 -0.02377  -6.5765e+03 |294 -0.07875  -6.5308e+03
295  0.08268  -6.5256e+03 |296 -0.08024  -6.5289e+03 |297 -0.01865  -6.5782e+03
298  0.00335  -6.5810e+03 |299 -0.02213  -6.5771e+03 |300  0.04491  -6.5647e+03
301  0.01547  -6.5791e+03 |302  0.08905  -6.5168e+03 |303  0.45843  -2.5518e+03
304  0.54074  -1.4784e+02 |305 -0.89787   6.6566e+02 |306  0.14466  -1.6484e+02
307 -0.89716  -3.8738e+03 |308 -0.31341  -6.0312e+02 |
46.2792 85.4908 236.767 98.0848 
43.6244 43.6244 197.51 138.069 
26.1796 97.2641 0 22.2175 1.32765 
0 10.2741 0 0 1.04014 151.06 0 
49.5968 83.1383 232.179 98.75 
43.9506 43.9506 196.031 136.233 
30.6827 100.097 0 17.4369 2.84159 
0 11.235 0 0 1.07708 147.727 0 
804.373 1847.49 696.408 342.252 
1059.95 1059.95 455.897 141.101 
72.9736 712.609 0 1.50094 48.2139 
0 30.0447 0 0 1.80349 116.814 0 
65.4857 90.6548 247.148 101.552 
46.6867 46.6867 185.249 135.402 
39.6258 114.345 0 10.2128 7.03779 
0 13.2085 0 0 1.16304 141.772 0 
223.279 281.749 380.367 134.141 
114.359 114.359 221.614 147.049 
61.6124 194.352 0 0.292935 25.5896 
0 21.2623 0 0 1.46413 123.974 0 
90.3068 108.142 271.453 98.3665 
49.1857 49.1857 181.55 138.102 
46.2882 123.133 0 6.02048 11.0829 
0 14.9616 0 0 1.23339 136.741 0 
140.882 118.963 280.301 97.2854 
65.4231 65.4231 185.522 147.207 
53.9766 153.41 0 2.71652 15.7914 
0 17.8552 0 0 1.33204 137.138 0 
100.851 109.182 270.975 96.1793 
51.4419 51.4419 181.391 140.078 
48.2437 128.522 0 5.06521 12.1933 
0 15.6473 0 0 1.25687 136.29 0 
97.7829 104.985 275.077 101.449 
59.3878 59.3878 186.218 142.256 
50.1102 126.47 0 4.01759 11.4383 
0 16.3145 0 0 1.2659 133.026 0 
99.027 102.66 277.51 101.998 
58.7861 58.7861 186.591 141.932 
50.6158 127.581 0 3.79514 11.3935 
0 16.506 0 0 1.26478 131.786 0 
96.5558 104.452 278.33 102.195 
60.0628 60.0628 186.344 141.463 
51.0421 125.309 0 3.5151 11.6626 
0 16.6356 0 0 1.25484 130.475 0 
94.6282 102.676 274.191 100.612 
60.0027 60.0027 186.389 140.471 
51.8584 122.829 0 3.11168 12.3621 
0 16.8571 0 0 1.24011 129.189 0 
92.599 95.1357 271.44 100.33 
60.9265 60.9265 188.643 138.903 
53.2005 117.686 0 2.50645 12.9974 
0 17.3168 0 0 1.2197 126.562 0 
93.2489 83.2707 264.171 101.912 
67.4743 67.4743 189.571 137.15 
55.87 104.846 0 1.58266 14.5266 
0 18.174 0 0 1.19275 123.366 0 
91.6915 86.8507 265.97 100.505 
63.7945 63.7945 188.658 137.879 
54.9847 108.472 0 1.8476 14.0416 
0 17.8943 0 0 1.19998 124.357 0 
308 variables; iteration 50; function evaluation 68; phase 1
Function value   1.5303393e+03; maximum gradient component mag  -4.2289e+03
Var   Value    Gradient   |Var   Value    Gradient   |Var   Value    Gradient
  1  0.11334  -5.5697e-01 |  2  0.37250   3.0808e+01 |  3  0.32078   3.3757e+01
  4  0.37537   3.3066e+02 |  5  0.31127   5.6545e+01 |  6  0.35862   4.9375e+02
  7  0.30550   1.3630e+02 |  8  0.26829  -3.2046e+01 |  9  0.27380   2.8026e-01
 10  0.25181  -3.4965e+01 | 11 -1.51752   2.8949e+01 | 12  0.22354  -1.4247e+01
 13  0.22112   1.1363e+02 | 14 -1.24817   4.0679e+00 | 15 -0.49214  -3.0714e+00
 16  0.04975  -1.1633e+02 | 17  0.16634   2.5234e+02 | 18 -0.24530  -3.1758e-02
 19 -0.14186   2.6257e-01 | 20 -0.36706  -3.4486e-03 | 21 -0.46296  -4.0226e-03
 22 -0.30128  -5.6026e+00 | 23 -0.10170  -7.3470e-03 | 24  0.13715   1.6869e+00
 25  0.19304   6.8275e+00 | 26  0.20436  -5.0233e+00 | 27  0.18310  -3.0978e+01
 28  0.18457  -2.6745e+01 | 29  0.11163  -5.1960e+01 | 30  0.22490   5.6954e+01
 31  0.19076  -3.4306e+00 | 32  0.18902   6.6607e+00 | 33  0.10753  -2.8706e+01
 34  0.14808   2.6041e+01 | 35  0.03583  -1.4788e+02 | 36  0.13045  -1.2440e+02
 37 -0.79760  -3.6039e+00 | 38 -0.99598  -4.4675e-02 | 39  0.06396   1.8825e+01
 40  0.06556   3.3570e+01 | 41 -0.01196   1.4469e+00 | 42 -0.20695  -9.3492e-01
 43  0.21731  -2.2062e+02 | 44 -0.05469   6.5659e+01 | 45  0.27110   3.7924e+01
 46 -0.02578   1.1667e+02 | 47 -0.04338   1.0612e+02 | 48 -0.02072   8.8123e+01
 49  0.04488   8.0609e+01 | 50  0.11439   8.6623e+01 | 51  0.22829   1.3951e+02
 52  0.11320   1.6396e+02 | 53  0.15652   2.5477e+02 | 54  0.23356   2.3552e+02
 55  0.17393   8.8667e+01 | 56  0.13671   7.1181e+01 | 57  0.19847   3.9948e+01
 58  0.23007   5.9085e+01 | 59  0.06088   1.1107e+02 | 60  0.01450   1.4332e+02
 61  0.10387   1.8561e+02 | 62  0.27462   3.0335e+02 | 63 -0.36033   7.3270e+01
 64 -0.22841   6.6774e+01 | 65  0.31969  -4.5385e+01 | 66  0.12792   1.8352e+02
 67  0.06309   2.5284e+02 | 68  0.23600   5.2195e+02 | 69 -0.19792   1.2341e+02
 70 -0.45415   7.1655e+01 | 71  0.20553   3.2328e+02 | 72  0.22085   3.7876e+02
 73  0.30160   5.2611e+02 | 74  0.04296   1.8869e+02 | 75  0.19971   2.9908e+02
 76 -0.48848   6.2462e+01 | 77  0.28084   2.1198e+02 | 78  0.06918   1.4214e+02
 79  0.29593   9.6053e+01 | 80 -0.29357   7.6342e+01 | 81 -1.13917  -2.2995e+01
 82 -0.66566   4.1808e+01 | 83 -0.92815   9.1320e+00 | 84 -1.00727  -9.2107e-01
 85  0.28990   8.7895e+01 | 86  0.54069   1.1391e+02 | 87  0.51763   1.0982e+01
 88 -0.05024   4.0016e+01 | 89 -0.12553   4.7541e+01 | 90  0.09895   7.3925e+01
 91  0.30068   9.7743e+01 | 92  0.35146   7.9575e+01 | 93  0.42208   6.0908e+01
 94  0.31480   4.3246e+01 | 95  0.34566   8.6723e+01 | 96  0.29463   8.4908e+01
 97  0.26348   6.7771e+01 | 98  0.31560   6.0613e+01 | 99  0.28576   4.0414e+01
100  0.14320   3.4202e+01 |101 -0.66514   9.9361e+00 |102 -0.39515   3.3883e+01
103 -0.35273   3.0678e+01 |104 -0.09723   4.3490e+01 |105  0.25835   5.4391e+01
106  0.08524   4.8638e+01 |107 -0.14159   4.4108e+01 |108 -0.69109   1.2665e+01
109 -0.53451   1.4964e+01 |110  0.42204  -1.5621e+02 |111 -0.00886   3.4317e+01
112 -0.20673   4.5855e+01 |113 -0.41342   3.3067e+01 |114 -0.67199   1.1306e+01
115  0.00729   6.1823e+01 |116  0.15877   7.6615e+01 |117 -0.36018   3.0080e+01
118 -1.06558  -2.7708e+00 |119 -0.92490   3.1096e+00 |120 -0.27677   3.9304e+01
121  0.33123   2.0367e+02 |122  1.63171  -1.5407e+02 |123 -0.39033   4.2427e+01
124  0.15826   4.9681e+01 |125  0.32550   6.0439e+01 |126 -0.02694   4.8701e+01
127  0.01930   1.1364e+02 |128  0.01836   1.1364e+02 |129 -0.00956   1.1368e+02
130 -0.01592   1.1365e+02 |131 -0.05834   1.1321e+02 |132 -0.01539   1.1365e+02
133  0.05144   1.1332e+02 |134  0.02976   1.1356e+02 |135  0.01612   1.1365e+02
136 -0.03515   1.1351e+02 |137  0.04430   1.1341e+02 |138 -0.03987   1.1347e+02
139 -0.04255   1.1343e+02 |140  0.01951   1.1363e+02 |141  0.01692   1.1365e+02
142  0.02074   1.1363e+02 |143 -0.02710   1.1358e+02 |144  0.04652   1.1338e+02
145 -0.00435   1.1369e+02 |146 -0.01045   1.1367e+02 |147 -0.01609   1.1365e+02
148  0.04345   1.1342e+02 |149  0.03713   1.1349e+02 |150  0.01000   1.1367e+02
151  0.04749   1.1337e+02 |152 -0.02568   1.1360e+02 |153 -0.03135   1.1355e+02
154  0.02743   1.1358e+02 |155  0.00184   1.1369e+02 |156 -0.04821   1.1336e+02
157 -0.00241   1.1369e+02 |158  0.05589   1.1325e+02 |159  0.01144   1.1367e+02
160  0.02869   1.1357e+02 |161 -0.00979   1.1367e+02 |162 -0.01106   1.1367e+02
163  0.02236   1.1362e+02 |164  0.02643   1.1359e+02 |165  0.05350   1.1329e+02
166  0.06237   1.1314e+02 |167 -0.00017   1.1369e+02 |168 -0.05334   1.1329e+02
169  0.05945   6.2085e+02 |170  0.14655   3.5802e+02 |171  0.04221   3.6381e+02
172  0.13414   5.1171e+02 |173  0.13982   6.9756e+02 |174  0.13925   5.6047e+02
175  0.11072   4.1868e+02 |176  0.16241   4.5392e+02 |177  0.15658   4.5921e+02
178  0.22608   4.7913e+02 |179  0.21266   2.8585e+02 |180  0.24030   4.1697e+02
181  0.22306   8.1929e+02 |182  0.04547   4.8970e+02 |183  0.08267   5.1642e+02
184  0.08222   4.8929e+02 |185  0.04055   4.0955e+02 |186  0.05481   4.0730e+02
187  0.10221   4.6098e+02 |188 -0.27603   4.1929e+02 |189  0.09100   4.3533e+02
190  0.22954   1.6830e+03 |191  0.20144   2.0358e+02 |192 -0.45812   3.4886e+02
193  0.07543  -1.0634e+02 |194 -0.33812   3.9870e+02 |195  0.04198   4.9386e+02
196  0.07062   1.7244e+02 |197 -0.46976   3.4145e+02 |198  0.19309   3.3063e+02
199 -0.46019   3.4698e+02 |200  0.11267   3.8278e+02 |201 -0.43394   3.5434e+02
202  0.16161   3.5772e+02 |203  0.22604   6.9518e+02 |204  0.02860   1.9575e+02
205 -0.39978   3.7333e+02 |206 -0.25897   3.7964e+02 |207 -0.35118   3.8344e+02
208 -0.07880   3.9668e+02 |209 -0.01764   4.5119e+02 |210  0.13817   5.2881e+02
211 -0.40575   3.7363e+02 |212 -0.00124   2.0398e+03 |213 -0.10778  -1.6738e+02
214 -0.01411  -8.7041e-09 |215 -0.69772   9.0902e+01 |216 -0.83522  -2.4698e+02
217 -0.01657  -1.4739e+02 |218 -0.24701  -1.0142e+02 |219 -0.20023  -8.9157e+01
220  0.19430   2.7995e+01 |221  0.36066  -2.3898e+00 |222  0.04241  -4.5328e+01
223 -0.07632  -1.2885e+02 |224 -0.08192  -1.2589e+02 |225 -0.00042  -8.2226e+01
226  0.29754  -1.3486e+01 |227  0.39284  -3.4669e+00 |228  0.65538  -1.0543e+01
229  0.27208  -4.7896e+01 |230  0.35751  -2.4595e+01 |231  0.25886  -3.3662e+01
232  0.23507  -5.3927e+01 |233  0.17847  -5.7075e+01 |234  0.08335  -6.6626e+01
235 -0.27966  -9.5490e+01 |236 -0.29535  -7.8192e+01 |237 -0.25388  -1.0857e+02
238 -0.17017  -8.5395e+01 |239 -0.23001  -9.8569e+01 |240 -0.30527  -9.6697e+01
241 -0.27032  -1.1204e+02 |242 -0.26827  -1.3674e+02 |243  0.06620  -1.6535e+01
244  0.18937   4.1092e+01 |245 -0.04586  -4.0748e+01 |246 -0.27512  -1.4669e+02
247 -0.18624  -1.3402e+02 |248 -0.15355  -1.2063e+02 |249 -0.04976  -7.2145e+01
250  0.05891  -5.2892e+00 |251 -0.02015  -5.6059e+01 |252 -0.20179  -1.4254e+02
253 -0.16190  -1.0422e+02 |254 -0.02497  -1.3275e+02 |255  0.15396  -1.1563e+02
256  0.26599  -3.4963e+01 |257 -0.23424  -6.9441e+01 |258  0.14641   8.0021e+02
259 -0.73413  -3.1618e+01 |260 -1.14077  -9.5649e+01 |261 -0.96728   2.3134e+03
262 -1.47786  -1.3545e+01 |263  0.14231  -2.9569e+03 |264  0.04448  -3.0250e+03
265  0.14422  -2.9549e+03 |266 -0.00024  -3.0324e+03 |267  0.09219  -3.0007e+03
268  0.15772  -2.9398e+03 |269  0.08804  -3.0034e+03 |270 -0.12426  -2.9748e+03
271  0.09266  -3.0003e+03 |272 -0.08713  -3.0040e+03 |273 -0.31560  -2.6673e+03
274 -0.02960  -3.0291e+03 |275 -0.01704  -3.0313e+03 |276  0.13266  -2.9668e+03
277  0.08704  -3.0041e+03 |278  0.16688  -2.9288e+03 |279  0.14069  -2.9586e+03
280 -0.19645  -2.8892e+03 |281 -0.13347  -2.9660e+03 |282 -0.04544  -3.0247e+03
283  0.03583  -3.0276e+03 |284  0.11756  -2.9808e+03 |285 -0.32366  -2.6489e+03
286 -0.31728  -2.6635e+03 |287  0.11900  -2.9796e+03 |288 -0.00814  -3.0321e+03
289  0.12940  -2.9700e+03 |290 -0.15849  -2.9389e+03 |291 -0.19178  -2.8958e+03
292  0.11395  -2.9840e+03 |293  0.02567  -3.0299e+03 |294 -0.31358  -2.6719e+03
295  0.09243  -3.0005e+03 |296 -0.31785  -2.6622e+03 |297  0.05094  -3.0227e+03
298  0.09335  -2.9999e+03 |299  0.03399  -3.0281e+03 |300  0.12627  -2.9729e+03
301  0.11710  -2.9812e+03 |302  0.11436  -2.9836e+03 |303  0.46994  -1.2862e+03
304  0.46934  -1.9511e+02 |305 -0.90598   3.7891e+02 |306  0.13672  -2.0688e+02
307 -0.90269  -4.2289e+03 |308 -0.34303  -7.1107e+02 |
95.5965 91.3405 258.462 97.1017 
64.6352 64.6352 187.747 139.218 
55.4944 104.921 0 1.24272 15.6322 
0 18.1945 0 0 1.17685 122.979 0 
93.1069 88.554 260.702 98.1882 
63.1726 63.1726 187.818 138.494 
55.2203 106.257 0 1.53026 14.8264 
0 18.0377 0 0 1.18721 123.635 0 
94.8481 84.1567 259.621 97.7574 
59.294 59.294 185.758 141.885 
55.3145 103.846 0 1.32695 14.5097 
0 18.2047 0 0 1.17017 122.044 0 
96.2439 78.6801 256.789 98.7111 
56.0283 56.0283 181.356 145.577 
55.515 101.265 0 1.07903 14.9921 
0 18.557 0 0 1.14853 119.513 0 
597.703 379.962 660.511 446.524 
588.244 588.244 311.992 311.243 
61.3683 618.056 0 0.00851365 20.2387 
0 23.3535 0 0 1.22367 95.8158 0 
97.1677 76.3262 255.887 99.5004 
55.1493 55.1493 179.507 147.46 
55.6301 99.9122 0 0.974883 15.2138 
0 18.7261 0 0 1.14037 118.373 0 
103.892 63.8636 253.495 107.831 
58.7452 58.7452 171.028 157.383 
56.7125 92.255 0 0.465693 16.851 
0 19.9073 0 0 1.11555 111.236 0 
162.49 106.718 340.705 201.33 
105.558 105.558 209.983 215.61 
55.3619 189.139 0 0.128937 22.6693 
0 21.1019 0 0 1.07265 103.501 0 
104.471 62.5469 250.967 108.359 
51.1935 51.1935 166.803 161.779 
56.4144 92.0531 0 0.37975 17.9734 
0 20.1283 0 0 1.10251 109.64 0 
103.498 60.5156 248.115 114.466 
50.735 50.735 165.695 163.609 
56.3217 97.6346 0 0.358396 19.2579 
0 20.5812 0 0 1.07881 107.661 0 
103.689 61.4966 248.582 109.6 
50.5887 50.5887 165.457 161.869 
56.3742 92.9923 0 0.37137 18.468 
0 20.302 0 0 1.09289 108.843 0 
102.074 60.6336 249.455 108.677 
51.6624 51.6624 164.521 162.968 
56.2286 90.6793 0 0.364163 18.244 
0 20.5173 0 0 1.08288 107.367 0 
100.305 59.3696 248.924 108.74 
52.2841 52.2841 162.086 164.307 
55.9541 88.4048 0 0.379624 17.8054 
0 20.7748 0 0 1.07098 105.689 0 
95.7564 59.7058 246.497 109.159 
51.2653 51.2653 160.985 163.639 
55.4017 84.8924 0 0.41844 18.635 
0 21.0554 0 0 1.05841 103.78 0 
92.2661 57.9511 243.859 108.418 
51.5933 51.5933 157.031 162.739 
54.6203 79.9835 0 0.433597 18.6261 
0 21.6157 0 0 1.04387 100.324 0 
308 variables; iteration 60; function evaluation 83; phase 1
Function value   1.4115471e+03; maximum gradient component mag   4.0402e+03
Var   Value    Gradient   |Var   Value    Gradient   |Var   Value    Gradient
  1  0.12789   5.2083e-01 |  2  0.27052  -4.6876e+01 |  3  0.31009  -4.9966e+01
  4  0.28445  -1.3355e+02 |  5  0.21516  -1.0613e+02 |  6  0.30736   1.6677e+02
  7  0.23619  -2.9221e+01 |  8  0.23511  -4.2747e+01 |  9  0.24981   7.2946e+01
 10  0.19721  -1.2983e+01 | 11 -2.17795   4.4292e+00 | 12  0.19797   1.0180e+02
 13  0.18233   9.9756e+01 | 14 -2.02495   7.7675e+01 | 15 -0.78455  -1.4245e+00
 16  0.02128  -1.0542e+02 | 17  0.10180   1.9343e+02 | 18 -0.22356   1.5383e-02
 19 -0.10733   2.1477e+00 | 20 -0.36551   4.8933e-03 | 21 -0.46293  -2.0888e-02
 22 -0.58383  -3.8280e+00 | 23 -0.10118  -3.0606e-03 | 24  0.15930   5.8646e+00
 25  0.14129  -2.9132e+00 | 26  0.20736   9.1399e+00 | 27  0.13558  -4.3794e+01
 28  0.20266  -6.6685e+00 | 29  0.18687  -1.3617e+01 | 30  0.19447   9.7465e+00
 31  0.18214  -8.1512e+00 | 32  0.17130  -8.9182e-01 | 33  0.10119  -2.8479e+01
 34  0.08747  -1.9032e+01 | 35  0.06380  -7.3708e+01 | 36  0.15564  -2.3416e+01
 37 -1.02444   4.4253e-01 | 38 -1.33010   3.5026e+00 | 39  0.05598   1.8255e+01
 40  0.04709   2.9935e+01 | 41  0.03867   3.0680e+01 | 42 -0.23410  -9.4445e-01
 43  0.05072   1.1929e+02 | 44 -0.19270   1.0366e+02 | 45  0.34048   2.6342e+02
 46 -0.04745   1.4409e+02 | 47 -0.01447   1.6190e+02 | 48  0.12176   1.9557e+02
 49  0.06254   1.4684e+02 | 50  0.00188   1.1756e+02 | 51  0.13982   1.0748e+02
 52  0.21058   1.6914e+02 | 53  0.17173   2.9503e+02 | 54  0.26532   4.2884e+02
 55  0.23108   3.0228e+02 | 56  0.13356   1.9102e+02 | 57  0.16551   1.5070e+02
 58  0.21124   1.2289e+02 | 59  0.06203   1.2984e+02 | 60  0.04786   1.7162e+02
 61  0.13323   2.2494e+02 | 62  0.26695   3.0276e+02 | 63 -0.33211   8.9449e+01
 64 -0.24566   8.9670e+01 | 65  0.32124   6.8295e+01 | 66  0.11427   1.7899e+02
 67  0.08645   2.4234e+02 | 68  0.22196   3.9681e+02 | 69 -0.13103   1.4609e+02
 70 -0.30621   1.0426e+02 | 71  0.21952   3.3130e+02 | 72  0.18109   3.0726e+02
 73  0.26104   4.0670e+02 | 74  0.07746   2.0396e+02 | 75  0.25256   2.7258e+02
 76 -0.42642   7.9552e+01 | 77  0.23092   4.1256e+02 | 78  0.17696   3.7693e+02
 79  0.28309   4.1082e+02 | 80 -0.44710   7.5447e+01 | 81 -1.24958  -4.5019e+01
 82 -0.73404   3.7925e+01 | 83 -1.04541  -6.6084e+00 | 84 -1.16801  -2.4307e+01
 85  0.43563   1.1074e+02 | 86  0.60614   1.2836e+02 | 87  0.55875   1.2315e+02
 88  0.07013   9.2739e+01 | 89 -0.02609   9.2715e+01 | 90  0.20528   1.1086e+02
 91  0.28400   1.1369e+02 | 92  0.30032   1.1639e+02 | 93  0.46753   1.0120e+02
 94  0.15789   6.6829e+01 | 95  0.40439   8.7949e+01 | 96  0.25852   9.0291e+01
 97  0.19281   9.4350e+01 | 98  0.26449   1.1644e+02 | 99  0.31718   1.3951e+02
100  0.20483   1.0955e+02 |101 -0.92632   6.3892e+00 |102 -0.48230   5.8310e+01
103 -0.39376   6.2285e+01 |104 -0.13651   8.2451e+01 |105  0.31311   1.2180e+02
106  0.16833   1.0468e+02 |107 -0.18456   8.1327e+01 |108 -0.84691   1.5785e+01
109 -0.68466   2.7972e+01 |110  0.39046  -6.4528e+01 |111 -0.04304   7.2409e+01
112 -0.20649   8.1434e+01 |113 -0.44807   6.0187e+01 |114 -0.83322   1.6100e+01
115 -0.12845   8.3864e+01 |116  0.34039   1.2080e+02 |117 -0.36047   6.0548e+01
118 -1.07780  -8.2749e+00 |119 -0.89449   1.0715e+01 |120 -0.17310   8.3253e+01
121  0.34712   1.4431e+02 |122  1.74663  -1.0567e+02 |123 -0.49135   6.6025e+01
124  0.17993   9.4340e+01 |125  0.40639   1.2969e+02 |126  0.10141   9.2818e+01
127  0.02470   2.0701e+02 |128  0.02373   2.0702e+02 |129 -0.00507   2.0715e+02
130 -0.01162   2.0713e+02 |131 -0.05538   2.0638e+02 |132 -0.01107   2.0713e+02
133  0.05783   2.0631e+02 |134  0.03548   2.0684e+02 |135  0.02142   2.0704e+02
136 -0.03146   2.0691e+02 |137  0.05047   2.0651e+02 |138 -0.03633   2.0682e+02
139 -0.03909   2.0677e+02 |140  0.02492   2.0700e+02 |141  0.02224   2.0703e+02
142  0.02619   2.0699e+02 |143 -0.02316   2.0702e+02 |144  0.05276   2.0645e+02
145  0.00031   2.0716e+02 |146 -0.00598   2.0715e+02 |147 -0.01180   2.0713e+02
148  0.04959   2.0653e+02 |149  0.04308   2.0669e+02 |150  0.01511   2.0710e+02
151  0.05375   2.0642e+02 |152 -0.02169   2.0704e+02 |153 -0.02754   2.0697e+02
154  0.03308   2.0688e+02 |155  0.00669   2.0715e+02 |156 -0.04493   2.0665e+02
157  0.00231   2.0716e+02 |158  0.06241   2.0617e+02 |159  0.01659   2.0709e+02
160  0.03438   2.0686e+02 |161 -0.00530   2.0715e+02 |162 -0.00661   2.0715e+02
163  0.02785   2.0696e+02 |164  0.03205   2.0690e+02 |165  0.05995   2.0624e+02
166  0.06909   2.0594e+02 |167  0.00462   2.0716e+02 |168 -0.05022   2.0652e+02
169  0.03489  -1.3449e+03 |170  0.19884   7.4167e+02 |171 -0.08040   4.3530e+02
172  0.18313   4.4304e+02 |173  0.13327   3.8581e+02 |174  0.16078   4.7170e+02
175  0.12707   4.7798e+02 |176  0.16281   5.5992e+02 |177  0.16517   5.2724e+02
178  0.29459   5.7544e+02 |179  0.22062   2.3876e+02 |180  0.27924   3.0136e+02
181  0.23531   7.0377e+02 |182  0.05763   4.7014e+02 |183  0.01239   4.4094e+02
184  0.07151   4.1401e+02 |185  0.03574   4.0511e+02 |186  0.07337   4.2349e+02
187  0.10004   3.9374e+02 |188 -0.35453   4.0422e+02 |189  0.09761   4.6110e+02
190  0.19682   1.2051e+03 |191  0.19841   3.4830e+02 |192 -0.33899   4.0868e+02
193  0.09129   3.8937e+01 |194 -0.32805   4.1355e+02 |195  0.02290   4.0804e+02
196  0.11893   2.1183e+02 |197 -0.55308   3.0800e+02 |198  0.18521   3.9495e+02
199 -0.48674   3.4371e+02 |200  0.14252   4.4398e+02 |201 -0.45747   3.5670e+02
202  0.19968   5.3320e+02 |203  0.18198   1.7488e+02 |204  0.00453   1.5168e+02
205 -0.30896   4.0344e+02 |206 -0.49424   3.3488e+02 |207 -0.30648   3.8895e+02
208 -0.06975   4.5701e+02 |209 -0.00387   4.6611e+02 |210  0.12959   4.9992e+02
211 -0.36407   4.0169e+02 |212 -0.01701   4.0402e+03 |213 -0.11941  -7.9915e+01
214 -0.01411  -8.7041e-09 |215 -0.68813   9.8888e+01 |216 -0.81174  -1.8512e+02
217  0.08614  -3.1222e+02 |218 -0.20239  -1.2686e+02 |219 -0.16438  -7.4260e+01
220  0.08482  -8.8239e+01 |221  0.31417  -6.3585e+01 |222  0.05244  -1.2885e+02
223  0.00112  -1.2910e+02 |224  0.01245  -1.0964e+02 |225  0.01115  -1.2087e+02
226  0.18983  -9.7944e+01 |227  0.27039  -6.1925e+01 |228  0.65791  -3.3953e+01
229  0.29671  -8.1559e+01 |230  0.35839  -5.5540e+01 |231  0.17209  -9.6878e+01
232  0.17771  -1.3080e+02 |233  0.15396  -1.1144e+02 |234  0.08742  -1.1542e+02
235 -0.29448  -1.2333e+02 |236 -0.32963  -1.2098e+02 |237 -0.26376  -1.4604e+02
238 -0.16147  -1.3444e+02 |239 -0.20273  -1.4688e+02 |240 -0.33167  -1.6237e+02
241 -0.26370  -1.5128e+02 |242 -0.20144  -1.4192e+02 |243  0.07475  -7.8367e+01
244  0.17408  -3.5888e+01 |245 -0.03693  -8.6840e+01 |246 -0.25278  -1.3643e+02
247 -0.17412  -1.3739e+02 |248 -0.15697  -1.5013e+02 |249 -0.03675  -1.4784e+02
250  0.12406  -9.6800e+01 |251  0.04195  -8.0540e+01 |252 -0.10260  -1.1620e+02
253 -0.13223  -1.2945e+02 |254  0.04314  -1.2260e+02 |255  0.07778  -1.8640e+02
256  0.10975  -1.4506e+02 |257 -0.24397  -1.0230e+02 |258  0.14773   2.0932e+03
259 -0.72742  -3.2334e+01 |260 -1.13304   2.3071e+02 |261 -0.96721   2.2898e+03
262 -1.30046   1.1187e+02 |263  0.18513  -1.6018e+02 |264  0.08137  -1.6584e+02
265  0.17623  -1.6084e+02 |266 -0.00457  -1.6720e+02 |267  0.14305  -1.6300e+02
268  0.19400  -1.5950e+02 |269  0.14489  -1.6289e+02 |270 -0.36219  -1.4086e+02
271  0.16591  -1.6156e+02 |272 -0.25805  -1.5365e+02 |273 -0.26207  -1.5323e+02
274 -0.07679  -1.6599e+02 |275 -0.04445  -1.6679e+02 |276  0.17863  -1.6066e+02
277  0.13477  -1.6347e+02 |278  0.19795  -1.5918e+02 |279  0.18408  -1.6026e+02
280 -0.36999  -1.3975e+02 |281 -0.38252  -1.3792e+02 |282 -0.12026  -1.6423e+02
283  0.06329  -1.6638e+02 |284  0.15735  -1.6212e+02 |285 -0.25810  -1.5365e+02
286 -0.26221  -1.5322e+02 |287  0.15915  -1.6200e+02 |288 -0.02875  -1.6703e+02
289  0.16946  -1.6131e+02 |290 -0.38624  -1.3736e+02 |291 -0.37612  -1.3886e+02
292  0.19829  -1.5916e+02 |293  0.04879  -1.6671e+02 |294 -0.22774  -1.5662e+02
295  0.16537  -1.6159e+02 |296 -0.26219  -1.5322e+02 |297  0.09142  -1.6548e+02
298  0.14133  -1.6310e+02 |299  0.06382  -1.6636e+02 |300  0.16504  -1.6161e+02
301  0.16214  -1.6181e+02 |302  0.19873  -1.5912e+02 |303  0.48474   6.6706e+02
304  0.38922  -1.1698e+02 |305 -0.91320  -1.0491e+02 |306  0.13457  -5.7562e+01
307 -0.90533  -3.4343e+03 |308 -0.35384  -5.3932e+02 |
98.8951 57.4991 261.867 133.512 
60.4312 60.4312 183.056 173.772 
53.5715 105.876 0 0.488586 19.0214 
0 22.831 0 0 1.0333 93.974 0 
91.414 56.1931 243.601 109.337 
50.3577 50.3577 150.73 159.792 
54.1313 78.7037 0 0.455567 18.7864 
0 22.0725 0 0 1.03709 97.6767 0 
84.1594 63.0077 250.235 124.177 
58.93 58.93 147.605 166.043 
53.6312 68.892 0 0.357901 17.0616 
0 22.5908 0 0 1.0303 96.268 0 
88.9347 57.4421 243.386 111.525 
51.4594 51.4594 148.937 160.498 
53.9952 74.7273 0 0.431 18.3642 
0 22.1904 0 0 1.03479 97.2761 0 
88.8812 56.7615 242.017 112.061 
50.1151 50.1151 148.084 160.076 
53.8056 73.9122 0 0.439963 18.2281 
0 22.2745 0 0 1.03533 97.0586 0 
87.4296 57.4894 241.431 112.294 
48.487 48.487 147.5 159.563 
53.4067 71.4395 0 0.435965 18.074 
0 22.4056 0 0 1.03548 96.3535 0 
86.0177 56.3968 236.852 113.192 
47.8337 47.8337 150.249 157.616 
52.6978 68.0452 0 0.467326 18.1466 
0 22.5654 0 0 1.03308 94.8026 0 
84.5094 53.341 235.057 116.456 
45.5899 45.5899 154.102 155.542 
51.4649 64.8681 0 0.542984 18.312 
0 22.8466 0 0 1.01695 92.6569 0 
80.946 49.7096 230.533 115.859 
40.6131 40.6131 155.338 154.761 
49.6208 63.847 0 0.710628 19.8072 
0 23.2287 0 0 0.97565 91.4776 0 
74.6243 46.9843 222.703 111.954 
38.2971 38.2971 151.028 162.81 
47.2573 57.2484 0 0.890512 18.9356 
0 23.7498 0 0 0.919751 91.6529 0 
69.5564 44.5965 212.694 112.445 
36.7315 36.7315 154.771 170.673 
44.9601 50.9851 0 1.20082 17.9588 
0 24.1293 0 0 0.892703 91.9695 0 
54.4633 66.3962 233.803 120.334 
40.9026 40.9026 156.594 173.217 
43.9487 40.1384 0 1.55152 18.1402 
0 23.5141 0 0 0.900539 92.7336 0 
62.3721 47.942 212.074 113.248 
37.7513 37.7513 154.266 171.664 
44.3874 44.5693 0 1.36497 18.0465 
0 23.7955 0 0 0.891833 92.2957 0 
308 variables; iteration 70; function evaluation 96; phase 1
Function value   1.2213302e+03; maximum gradient component mag  -3.0819e+03
Var   Value    Gradient   |Var   Value    Gradient   |Var   Value    Gradient
  1  0.17193  -2.7073e+00 |  2  0.06566  -5.3965e+00 |  3  0.29749  -2.1844e+02
  4  0.24444  -1.0024e+02 |  5  0.26691  -5.7247e+01 |  6  0.24841  -2.2245e+01
  7  0.21224  -8.2580e+01 |  8  0.18521  -9.8694e+01 |  9  0.19565  -2.9469e+01
 10  0.20700   1.7361e+02 | 11 -2.10743   2.7107e+01 | 12  0.18465   1.6967e+02
 13  0.10833  -2.2709e+01 | 14 -2.04639   1.2731e+02 | 15 -1.57753   3.3799e+00
 16  0.00755  -1.0394e+02 | 17  0.09933   2.5498e+02 | 18 -0.15921  -2.0506e-03
 19 -0.06045   8.1694e+00 | 20 -0.36097   7.4901e-03 | 21 -0.46199  -9.4998e-02
 22 -1.39908   3.6925e+00 | 23 -0.09962  -3.1560e-03 | 24  0.14824   3.9873e+00
 25  0.17188   2.3552e-01 | 26  0.21163   1.0383e+01 | 27  0.03223  -5.3467e+01
 28  0.20357  -1.0249e+01 | 29  0.16507  -2.9337e+01 | 30  0.20071   9.1381e+00
 31  0.20015   9.9758e+00 | 32  0.16537  -2.4125e+01 | 33  0.10672  -3.1689e+01
 34  0.14053  -5.7272e+00 | 35 -0.08800  -2.9467e+01 | 36  0.18955   1.4772e+02
 37 -1.01375   2.4897e-01 | 38 -1.80487   6.6313e+00 | 39  0.04254  -9.7156e-02
 40  0.05443   3.3092e+01 | 41  0.03052   2.1787e+01 | 42 -0.29845  -8.7527e-01
 43 -0.04969   1.2825e+02 | 44 -0.02752   1.1341e+02 | 45  0.27200   1.7627e+02
 46 -0.02269   1.4938e+02 | 47 -0.01745   1.5725e+02 | 48  0.02371   1.5961e+02
 49  0.03899   1.7295e+02 | 50  0.17899   2.6756e+02 | 51  0.13270   1.9653e+02
 52  0.06668   1.5688e+02 | 53  0.12532   2.0160e+02 | 54  0.23721   2.6897e+02
 55  0.18019   2.3505e+02 | 56  0.10461   1.9050e+02 | 57  0.15266   1.8175e+02
 58  0.24581   1.9481e+02 | 59  0.07320   1.4871e+02 | 60 -0.00684   1.5627e+02
 61  0.08685   1.9345e+02 | 62  0.21676   2.3580e+02 | 63 -0.12881   1.1343e+02
 64 -0.20767   9.4935e+01 | 65  0.29420   1.3440e+01 | 66  0.09849   1.5363e+02
 67  0.03445   1.9090e+02 | 68  0.15859   2.5124e+02 | 69 -0.14425   1.2998e+02
 70 -0.15230   1.3055e+02 | 71  0.21966   2.8453e+02 | 72  0.18295   2.8661e+02
 73  0.24952   3.8431e+02 | 74  0.08866   2.1645e+02 | 75  0.21741   2.6353e+02
 76 -0.25346   1.0561e+02 | 77  0.21615   2.7626e+02 | 78  0.13827   2.0535e+02
 79  0.29414   1.1966e+02 | 80 -0.45856   7.3384e+01 | 81 -1.16348  -3.0694e+01
 82 -0.65584   5.0435e+01 | 83 -0.98386   2.4228e+00 | 84 -1.11195  -1.6760e+01
 85  0.45047   4.8201e+01 | 86  0.43564   3.6006e+01 | 87  0.45291   4.7853e+01
 88  0.27317   8.1118e+01 | 89  0.11969   6.7901e+01 | 90  0.28265   8.4200e+01
 91  0.25232   5.9942e+01 | 92  0.23015   5.5452e+01 | 93  0.34900   4.9233e+01
 94 -0.06145   2.9729e+01 | 95  0.43673   1.0935e+02 | 96  0.13099   5.2353e+01
 97  0.15667   5.4595e+01 | 98  0.31604   6.8043e+01 | 99  0.31764   8.1568e+01
100  0.27252   6.6038e+01 |101 -0.92755   1.2724e+00 |102 -0.49945   2.5551e+01
103 -0.38148   2.8251e+01 |104 -0.14344   3.8944e+01 |105  0.37015   9.9425e+01
106  0.17207   5.5368e+01 |107 -0.25241   3.4520e+01 |108 -0.83624   6.1441e+00
109 -0.68415   7.1449e+00 |110  0.38185  -1.4830e+01 |111 -0.19559   2.7107e+01
112 -0.25778   3.7951e+01 |113 -0.45466   2.5667e+01 |114 -0.86887   4.3979e+00
115 -0.36263   2.3511e+01 |116  0.37007   6.7451e+01 |117 -0.21512   3.2901e+01
118 -0.88944   3.8971e+00 |119 -0.71351   1.0261e+01 |120 -0.04308   5.2073e+01
121  0.37006   1.0419e+02 |122  1.73787  -4.5031e+01 |123 -0.55593   3.1293e+01
124  0.14313   3.1509e+01 |125  0.37873   5.0674e+01 |126  0.39490   5.0791e+01
127  0.02439   1.6824e+02 |128  0.02324   1.6825e+02 |129 -0.01040   1.6834e+02
130 -0.01791   1.6830e+02 |131 -0.06678   1.6744e+02 |132 -0.01728   1.6830e+02
133  0.06446   1.6750e+02 |134  0.03727   1.6807e+02 |135  0.02050   1.6827e+02
136 -0.04033   1.6802e+02 |137  0.05543   1.6772e+02 |138 -0.04577   1.6793e+02
139 -0.04884   1.6787e+02 |140  0.02465   1.6824e+02 |141  0.02148   1.6827e+02
142  0.02616   1.6822e+02 |143 -0.03100   1.6816e+02 |144  0.05824   1.6766e+02
145 -0.00419   1.6836e+02 |146 -0.01145   1.6833e+02 |147 -0.01811   1.6829e+02
148  0.05436   1.6775e+02 |149  0.04644   1.6791e+02 |150  0.01306   1.6833e+02
151  0.05945   1.6763e+02 |152 -0.02934   1.6818e+02 |153 -0.03594   1.6809e+02
154  0.03439   1.6812e+02 |155  0.00321   1.6836e+02 |156 -0.05531   1.6773e+02
157 -0.00188   1.6836e+02 |158  0.07013   1.6734e+02 |159  0.01480   1.6832e+02
160  0.03595   1.6809e+02 |161 -0.01066   1.6834e+02 |162 -0.01216   1.6833e+02
163  0.02814   1.6820e+02 |164  0.03316   1.6813e+02 |165  0.06708   1.6743e+02
166  0.07843   1.6709e+02 |167  0.00081   1.6836e+02 |168 -0.06114   1.6759e+02
169  0.04220   1.8648e+02 |170  0.15761   6.9569e+02 |171  0.15211   4.6900e+02
172  0.12660   2.8885e+02 |173  0.12126   2.0143e+02 |174  0.13409   2.7131e+02
175  0.10329   2.2322e+02 |176  0.11688   2.0993e+02 |177  0.11262   2.9611e+02
178  0.24330   5.4560e+02 |179  0.04298   2.4061e+02 |180  0.26777   2.8692e+02
181  0.17055   3.5805e+02 |182  0.04754   2.4048e+02 |183 -0.12165   2.8988e+02
184  0.07611   2.6716e+02 |185  0.04429   2.8851e+02 |186  0.02397   2.7829e+02
187  0.05741   2.3193e+02 |188 -0.27947   2.7917e+02 |189  0.07999   2.9792e+02
190  0.14404   7.5233e+02 |191  0.18453   4.4494e+02 |192 -0.32563   2.6846e+02
193  0.02778  -1.1177e+02 |194 -0.28022   2.7825e+02 |195  0.01029   2.8638e+02
196  0.11951   1.8050e+02 |197 -0.54961   2.0260e+02 |198  0.17968   3.0749e+02
199 -0.44433   2.3737e+02 |200  0.11824   2.6085e+02 |201 -0.36843   2.5095e+02
202  0.17431   3.3929e+02 |203  0.18721   2.7092e+02 |204 -0.00844   2.2564e+02
205  0.06871   4.1371e+02 |206 -0.42240   2.4621e+02 |207 -0.21089   2.7423e+02
208 -0.07797   2.3868e+02 |209 -0.00835   3.0303e+02 |210  0.10488   3.1753e+02
211 -0.35766   2.6449e+02 |212 -0.00553   2.6574e+03 |213 -0.11803  -2.7662e+02
214 -0.01411  -8.7041e-09 |215 -0.68267   1.0158e+02 |216 -0.81693  -2.5276e+02
217  0.07176  -1.9328e+02 |218 -0.16747  -5.5850e+01 |219 -0.12733  -4.2724e+00
220  0.10119  -2.2437e+01 |221  0.15505  -4.4083e+01 |222  0.01193  -1.0762e+02
223  0.00433  -8.5450e+01 |224 -0.05507  -6.9618e+01 |225 -0.09185  -8.3918e+01
226  0.18764  -4.7755e+01 |227  0.15671  -3.4320e+01 |228  0.46468  -1.9497e+01
229  0.25987  -4.1829e+01 |230  0.16246  -5.3034e+01 |231  0.10606  -4.3815e+01
232  0.16458  -7.2321e+01 |233  0.17430  -3.8835e+01 |234  0.13152  -5.7764e+01
235 -0.19539  -5.8266e+01 |236 -0.19799  -4.1785e+01 |237 -0.16648  -8.9089e+01
238 -0.05620  -8.5532e+01 |239 -0.12712  -9.5250e+01 |240 -0.23922  -8.8041e+01
241 -0.18223  -7.0336e+01 |242 -0.13177  -6.5687e+01 |243  0.04857  -4.9728e+01
244  0.05986  -2.7575e+01 |245 -0.12613  -4.6157e+01 |246 -0.28662  -8.2158e+01
247 -0.18166  -7.8961e+01 |248 -0.15093  -6.9485e+01 |249 -0.00435  -6.7047e+01
250  0.23790  -8.1912e+00 |251  0.07607  -1.9645e+01 |252 -0.08941  -6.1500e+01
253 -0.10182  -6.2938e+01 |254  0.08160  -6.5767e+01 |255  0.11993  -1.2012e+02
256  0.15081  -7.3440e+01 |257 -0.22616  -2.8040e+01 |258  0.13182   1.8118e+03
259 -0.67939  -1.4134e+01 |260 -1.12424   6.9790e+02 |261 -0.97216   3.5792e+02
262 -1.23926   9.0245e+01 |263  0.27750  -1.8698e+02 |264  0.08548  -2.0441e+02
265  0.13617  -2.0157e+02 |266 -0.18613  -1.9752e+02 |267  0.24080  -1.9169e+02
268  0.25351  -1.9013e+02 |269  0.29417  -1.8464e+02 |270 -0.48496  -1.4926e+02
271  0.43442  -1.6008e+02 |272 -0.48225  -1.4986e+02 |273 -0.32041  -1.8069e+02
274 -0.35211  -1.7552e+02 |275 -0.28742  -1.8560e+02 |276  0.28434  -1.8604e+02
277  0.19582  -1.9659e+02 |278  0.22537  -1.9348e+02 |279  0.27903  -1.8677e+02
280 -0.37180  -1.7208e+02 |281 -0.48753  -1.4868e+02 |282 -0.41446  -1.6408e+02
283  0.00146  -2.0627e+02 |284  0.14647  -2.0083e+02 |285 -0.28025  -1.8660e+02
286 -0.31800  -1.8107e+02 |287  0.16208  -1.9962e+02 |288 -0.26579  -1.8855e+02
289  0.18273  -1.9783e+02 |290 -0.47096  -1.5235e+02 |291 -0.39322  -1.6816e+02
292  0.51851  -1.4155e+02 |293 -0.02139  -2.0615e+02 |294 -0.02779  -2.0607e+02
295  0.43194  -1.6059e+02 |296 -0.31676  -1.8126e+02 |297  0.11754  -2.0276e+02
298  0.20603  -1.9556e+02 |299  0.02806  -2.0607e+02 |300  0.15480  -2.0020e+02
301  0.21421  -1.9470e+02 |302  0.51845  -1.4157e+02 |303  0.48685   1.0545e+03
304  0.32675  -1.3833e+02 |305 -0.91329  -2.7915e+02 |306  0.15820  -3.2534e+01
307 -0.90591  -3.0819e+03 |308 -0.34214  -5.1359e+02 |
62.3167 44.5557 211.675 111.051 
37.0573 37.0573 156.373 171.289 
44.0682 43.6411 0 1.5883 16.7229 
0 23.1593 0 0 0.874496 94.4004 0 
67.5221 41.505 202.679 105.59 
34.1055 34.1055 167.148 168.096 
43.0159 52.4732 0 1.92489 14.5905 
0 21.8758 0 0 0.829403 97.2132 0 
66.3223 43.6239 199.778 103.977 
34.8206 34.8206 159.416 164.444 
42.29 51.5758 0 2.18891 13.2831 
0 20.9981 0 0 0.797258 100.235 0 
64.3257 44.8539 200.54 105.458 
39.0419 39.0419 153.924 161.211 
41.9175 46.7437 0 2.56741 11.8393 
0 20.4694 0 0 0.762761 103.091 0 
58.7652 43.0772 199.355 102.85 
36.9913 36.9913 155.373 160.824 
41.5136 44.7197 0 3.04059 11.3764 
0 20.528 0 0 0.735989 106.068 0 
56.1207 43.0937 195.572 97.9599 
33.366 33.366 150.344 159.457 
40.8421 51.5792 0 3.30763 9.94778 
0 20.8964 0 0 0.743182 107.052 0 
52.8217 41.1639 192.468 95.3064 
29.1214 29.1214 144.33 161.76 
40.1634 50.4827 0 3.53013 9.25476 
0 21.0636 0 0 0.761496 109.19 0 
50.017 42.9342 181.999 101.816 
30.1892 30.1892 137.358 161.945 
38.8591 53.1699 0 3.78398 8.78714 
0 20.8205 0 0 0.775127 108.034 0 
49.1309 42.6105 174.047 110.891 
27.518 27.518 134.307 161.446 
37.7456 49.6576 0 4.00397 7.69077 
0 20.594 0 0 0.763574 107.537 0 
48.2524 40.965 162.46 108.441 
25.9411 25.9411 130.561 160.173 
36.2612 51.0701 0 4.4775 6.62269 
0 20.4418 0 0 0.744527 106.892 0 
308 variables; iteration 80; function evaluation 106; phase 1
Function value   1.0259704e+03; maximum gradient component mag   2.4033e+03
Var   Value    Gradient   |Var   Value    Gradient   |Var   Value    Gradient
  1  0.21261   9.7361e+00 |  2  0.11035  -1.0960e+01 |  3  0.27384  -1.7495e+02
  4  0.21360  -8.4756e+01 |  5  0.25394  -3.7804e+01 |  6  0.23118  -5.0861e+00
  7  0.21637  -3.3184e+01 |  8  0.15521  -8.0660e+01 |  9  0.18860  -2.0114e+01
 10  0.15813  -7.3950e+00 | 11 -2.08676   4.3952e+01 | 12  0.12842   1.0177e+01
 13  0.06426  -2.9574e+01 | 14 -2.02030   1.0172e+02 | 15 -2.01667  -2.8060e+01
 16 -0.03747  -1.0674e+02 | 17  0.06074   2.2272e+02 | 18 -0.08250  -4.8073e+00
 19 -0.16624  -3.6847e+00 | 20 -0.35505  -4.2106e-02 | 21 -0.45795  -8.9595e-02
 22 -2.32617  -1.2108e+02 | 23 -0.09754   3.7947e-03 | 24  0.06585  -1.4826e-01
 25  0.10656  -8.3684e+00 | 26  0.18918   1.2595e+01 | 27 -0.01767  -5.4386e+01
 28  0.18468  -8.0840e+00 | 29  0.13958  -3.0564e+01 | 30  0.18003   2.7964e+01
 31  0.16150  -2.4701e+00 | 32  0.15001   4.2154e+00 | 33  0.06253  -3.4166e+01
 34  0.06000  -1.9672e+01 | 35 -0.07912  -3.6150e+01 | 36  0.08407   6.6311e+01
 37 -0.91558  -1.5242e+00 | 38 -1.09738   1.0768e+00 | 39 -0.08883  -6.7013e+00
 40 -0.16655  -5.1578e+00 | 41 -0.17687  -2.2797e+00 | 42 -0.35077  -8.2598e-01
 43 -0.02194   8.5404e+01 | 44 -0.05573   5.0054e+01 | 45  0.23003   2.9368e+01
 46 -0.16355   6.7486e+01 | 47 -0.04959   8.8213e+01 | 48  0.10032   1.0805e+02
 49  0.06496   9.6835e+01 | 50  0.09436   8.9582e+01 | 51  0.13748   7.1069e+01
 52  0.05713   8.1780e+01 | 53  0.10746   1.3970e+02 | 54  0.21778   2.4248e+02
 55  0.17172   1.8938e+02 | 56  0.13915   1.5467e+02 | 57  0.05773   9.3563e+01
 58  0.24124   1.0617e+02 | 59  0.05284   7.6554e+01 | 60  0.01708   1.0252e+02
 61  0.06924   1.2792e+02 | 62  0.19486   1.5297e+02 | 63  0.08029   7.4981e+01
 64 -0.11099   5.2440e+01 | 65  0.21198   4.1718e+01 | 66  0.08773   1.1011e+02
 67  0.06352   1.5602e+02 | 68  0.13175   1.6868e+02 | 69 -0.10266   8.7646e+01
 70 -0.24015   6.8327e+01 | 71  0.20103   2.2318e+02 | 72  0.15821   2.3318e+02
 73  0.22955   3.5337e+02 | 74  0.03641   1.6039e+02 | 75  0.16458   2.2945e+02
 76 -0.31559   5.7188e+01 | 77  0.20183   2.6539e+02 | 78  0.10110   1.8628e+02
 79  0.28251   2.5049e+02 | 80 -0.34109   4.8091e+01 | 81 -1.19992  -2.2698e+01
 82 -0.39101   4.8853e+01 | 83 -0.77816   1.6854e+01 | 84 -0.91990   6.0777e+00
 85  0.12166  -4.5034e+00 | 86  0.31127   1.6113e+01 | 87  0.35372  -7.7495e+00
 88  0.11645   4.5482e-01 | 89  0.03028   5.5097e+00 | 90 -0.02779  -6.2026e+00
 91  0.19824  -4.3277e+00 | 92  0.33006   2.4483e+01 | 93  0.13086  -7.7691e+00
 94  0.05157  -1.9163e+01 | 95  0.34254   2.1787e+01 | 96  0.10012  -1.0372e+01
 97  0.14150  -1.2517e+01 | 98  0.18269  -1.2369e+01 | 99  0.22096   9.8968e-01
100  0.29974   1.3821e+01 |101 -0.52760  -1.9732e+01 |102 -0.26160  -5.1063e+00
103 -0.13108  -7.5368e+00 |104  0.12391   5.5521e+00 |105  0.28269   3.4566e+01
106  0.06522   1.7357e+00 |107 -0.14406  -3.1949e+00 |108 -0.86194  -5.7310e+00
109 -0.55973  -1.7586e+01 |110  0.34406  -3.7813e+01 |111 -0.33539  -2.1139e+01
112 -0.26832  -6.3138e+00 |113 -0.34695  -7.2452e+00 |114 -0.94883  -2.3079e+00
115 -0.32660  -1.2526e+01 |116  0.26323   2.8341e+01 |117  0.15157   1.9859e+01
118 -0.87139  -6.2040e+00 |119 -0.66722  -9.9914e+00 |120 -0.11372   1.0012e+01
121  0.17508   6.5795e+01 |122  1.59903  -1.4010e+02 |123 -0.37529   1.2003e+00
124  0.18950   1.1491e+00 |125  0.29572   1.0156e+01 |126  0.73409   1.0219e+01
127  0.02090   9.3297e+01 |128  0.01938   9.3304e+01 |129 -0.02197   9.3291e+01
130 -0.03046   9.3240e+01 |131 -0.08060   9.2600e+01 |132 -0.02977   9.3245e+01
133  0.07910   9.2627e+01 |134  0.03847   9.3177e+01 |135  0.01579   9.3318e+01
136 -0.05447   9.3005e+01 |137  0.06504   9.2860e+01 |138 -0.06001   9.2933e+01
139 -0.06311   9.2889e+01 |140  0.02124   9.3295e+01 |141  0.01706   9.3313e+01
142  0.02325   9.3285e+01 |143 -0.04472   9.3117e+01 |144  0.06934   9.2794e+01
145 -0.01477   9.3322e+01 |146 -0.02318   9.3285e+01 |147 -0.03069   9.3239e+01
148  0.06340   9.2884e+01 |149  0.05161   9.3040e+01 |150  0.00625   9.3342e+01
151  0.07122   9.2763e+01 |152 -0.04295   9.3135e+01 |153 -0.04991   9.3060e+01
154  0.03446   9.3210e+01 |155 -0.00593   9.3343e+01 |156 -0.06952   9.2791e+01
157 -0.01203   9.3330e+01 |158  0.08823   9.2452e+01 |159  0.00845   9.3339e+01
160  0.03661   9.3193e+01 |161 -0.02228   9.3290e+01 |162 -0.02399   9.3281e+01
163  0.02591   9.3270e+01 |164  0.03275   9.3224e+01 |165  0.08329   9.2549e+01
166  0.10205   9.2150e+01 |167 -0.00883   9.3338e+01 |168 -0.07519   9.2697e+01
169  0.06550  -1.3796e+02 |170  0.09701   6.8946e+02 |171  0.05188   2.1296e+02
172  0.07891   1.7002e+02 |173  0.09395   1.3411e+02 |174  0.10473   2.0577e+02
175  0.10353   2.1557e+02 |176  0.07280   1.7564e+02 |177  0.10221   2.5140e+02
178  0.20073   3.2167e+02 |179  0.02229   1.1236e+02 |180  0.23551   8.2914e+01
181  0.15511   3.0593e+02 |182  0.06491   2.2468e+02 |183 -0.14833   1.8319e+02
184  0.07073   2.2812e+02 |185  0.00115   1.5411e+02 |186  0.03612   2.4956e+02
187  0.02019   1.2118e+02 |188 -0.11963   1.6569e+02 |189  0.07763   2.5467e+02
190  0.08429   4.1868e+02 |191  0.11980   2.4351e+02 |192 -0.30212   1.6527e+02
193  0.01840  -1.3186e+02 |194 -0.11423   1.8974e+02 |195 -0.00338   2.2356e+02
196  0.08439   4.6677e+01 |197 -0.65608   9.9678e+01 |198  0.14437   1.2582e+02
199 -0.30946   1.5825e+02 |200  0.06567   4.4492e+01 |201 -0.07527   1.4973e+02
202  0.13300   1.5858e+02 |203  0.16586   1.5822e+02 |204  0.03201   1.4005e+01
205  0.00474   1.3357e+02 |206 -0.24867   1.7460e+02 |207 -0.26870   1.6386e+02
208 -0.07381   1.8345e+02 |209 -0.01907   1.9766e+02 |210  0.12324   2.5615e+02
211 -0.29973   1.7318e+02 |212  0.01580   2.4033e+03 |213 -0.08388  -2.2166e+02
214 -0.01411  -8.7041e-09 |215 -0.69569   1.7833e+01 |216 -0.80860  -4.5043e+01
217  0.04810  -1.2753e+02 |218  0.06067  -6.7060e+01 |219 -0.13392  -8.7983e+01
220  0.03731  -8.2690e+01 |221  0.18984  -6.0462e+01 |222  0.09015  -9.5973e+01
223  0.00926  -8.6972e+01 |224 -0.02472  -7.2059e+01 |225  0.09602  -5.5185e+01
226  0.19324  -8.1814e+01 |227  0.16273  -5.5214e+01 |228  0.24757  -7.3293e+01
229  0.11450  -1.0953e+02 |230  0.16533  -6.8525e+01 |231  0.09753  -7.3344e+01
232  0.16031  -9.0080e+01 |233  0.15456  -8.3947e+01 |234  0.16138  -8.3252e+01
235 -0.17735  -9.0762e+01 |236 -0.18389  -7.4481e+01 |237 -0.09866  -9.9821e+01
238 -0.02203  -1.1261e+02 |239 -0.11536  -1.1941e+02 |240 -0.19855  -1.0696e+02
241 -0.16540  -1.0828e+02 |242 -0.13418  -1.0361e+02 |243  0.04018  -9.0955e+01
244  0.04622  -7.3311e+01 |245 -0.12598  -9.2278e+01 |246 -0.27603  -1.1029e+02
247 -0.18288  -1.1478e+02 |248 -0.15052  -9.8322e+01 |249 -0.04397  -9.3779e+01
250  0.11993  -7.3657e+01 |251  0.03968  -6.7348e+01 |252 -0.14257  -1.0685e+02
253 -0.16016  -1.1296e+02 |254 -0.09265  -1.5728e+02 |255  0.09427  -1.6714e+02
256  0.22858  -8.4096e+01 |257 -0.20715  -7.7560e+01 |258  0.12244   1.2108e+03
259 -0.63077  -2.1780e+01 |260 -1.13556   1.1106e+02 |261 -0.96957   5.8445e+02
262 -1.21647   5.1401e+01 |263  0.44615   4.0646e+02 |264  0.08582   5.2697e+02
265  0.07383   5.2822e+02 |266 -0.45918   3.9936e+02 |267  0.26513   4.8634e+02
268  0.40761   4.2646e+02 |269  0.36194   4.4814e+02 |270 -0.41485   4.2282e+02
271  0.48714   3.8356e+02 |272 -0.43682   4.1144e+02 |273 -0.43372   4.1308e+02
274 -0.42332   4.1850e+02 |275 -0.46706   3.9498e+02 |276  0.45711   4.0050e+02
277  0.31496   4.6803e+02 |278  0.35595   4.5081e+02 |279  0.44853   4.0518e+02
280 -0.46680   3.9513e+02 |281 -0.39971   4.3038e+02 |282 -0.37689   4.4130e+02
283 -0.14021   5.1895e+02 |284  0.11386   5.2331e+02 |285 -0.38256   4.3864e+02
286 -0.42909   4.1551e+02 |287  0.09603   5.2576e+02 |288 -0.46172   3.9796e+02
289  0.24971   4.9141e+02 |290 -0.41921   4.2061e+02 |291 -0.45919   3.9935e+02
292  0.46151   3.9807e+02 |293 -0.19002   5.0828e+02 |294  0.21991   5.0038e+02
295  0.48641   3.8398e+02 |296 -0.42720   4.1649e+02 |297  0.16641   5.1373e+02
298  0.33152   4.6130e+02 |299 -0.06473   5.2905e+02 |300  0.16031   5.1502e+02
301  0.33278   4.6078e+02 |302  0.46081   3.9846e+02 |303  0.48677   6.1526e+02
304  0.39227  -5.3445e+01 |305 -0.91044   2.0505e+01 |306  0.16109   7.2991e+01
307 -0.89895  -1.8809e+03 |308 -0.33902  -2.9901e+02 |
45.6874 46.0179 150.25 108.283 
24.1924 24.1924 128.799 156.307 
34.4086 51.9145 0 4.89166 6.19121 
0 19.9226 0 0 0.739595 105.324 0 
40.6599 57.0012 145.514 101.356 
24.2679 24.2679 128.423 152.683 
33.2448 43.539 0 5.27247 6.68244 
0 19.7897 0 0 0.739885 107.898 0 
40.9109 62.6392 145.325 94.5941 
21.3797 21.3797 132.275 146.463 
32.1635 46.6233 0 5.96277 5.38704 
0 19.9371 0 0 0.757698 107.116 0 
39.3156 60.9004 139.06 93.0656 
22.2295 22.2295 131.757 147.433 
31.8768 43.4358 0 6.63256 5.01702 
0 19.9619 0 0 0.775825 108.984 0 
39.0838 59.0675 138.323 91.2688 
20.1164 20.1164 133.799 147.118 
32.1226 43.9098 0 6.949 3.49718 
0 19.7442 0 0 0.802133 109.227 0 
37.904 58.1886 139.062 90.2648 
17.311 17.311 144.061 147.8 
32.7977 39.7818 0 6.90531 3.22451 
0 19.2492 0 0 0.815092 111.306 0 
38.1392 58.6233 137.981 89.4474 
18.0401 18.0401 136.444 147.438 
32.4725 41.0308 0 6.92368 3.33793 
0 19.4333 0 0 0.808066 110.431 0 
38.987 54.7263 137.607 90.2912 
18.8434 18.8434 140.984 148.44 
33.0339 41.6233 0 6.8202 3.40522 
0 19.0684 0 0 0.795764 109.132 0 
39.0848 54.5002 136.976 89.9803 
19.018 19.018 140.993 148.472 
33.0761 40.562 0 6.80464 3.3804 
0 18.9094 0 0 0.79375 108.915 0 
39.7089 51.5624 139.442 87.7573 
21.0847 21.0847 137.979 148.736 
33.1352 39.2253 0 6.96329 3.90197 
0 18.7444 0 0 0.782952 110.259 0 
40.7031 50.0317 137.71 87.4196 
22.3398 22.3398 137.96 148.5 
32.9616 40.3899 0 7.12153 3.5551 
0 18.5265 0 0 0.774228 109.771 0 
308 variables; iteration 90; function evaluation 117; phase 1
Function value   9.3004664e+02; maximum gradient component mag   2.3636e+03
Var   Value    Gradient   |Var   Value    Gradient   |Var   Value    Gradient
  1  0.09438  -3.8996e-01 |  2  0.23945  -3.2225e+01 |  3  0.31591  -4.0632e+01
  4  0.27425  -5.9403e+01 |  5  0.27354  -3.1338e+01 |  6  0.27702   1.0559e+02
  7  0.26344   1.1994e+02 |  8  0.22640   4.9615e+00 |  9  0.22223   1.8054e+01
 10  0.19089  -1.3480e+01 | 11 -2.15843   2.5877e+01 | 12  0.19607   1.3108e+02
 13  0.13429   2.1107e+01 | 14 -2.12662  -3.6195e+01 | 15 -2.10888  -3.9484e+01
 16  0.01799  -1.0568e+02 | 17  0.05093   5.4861e+01 | 18  0.01004   5.7980e+00
 19 -0.24149  -6.5323e-01 | 20 -0.34885  -2.4231e-01 | 21 -0.45177  -7.9298e-02
 22 -2.25240  -1.1371e+01 | 23 -0.09635  -3.8119e-03 | 24  0.00970  -1.2962e+00
 25  0.09275  -8.7729e+00 | 26  0.17724  -6.8465e+00 | 27  0.17272  -2.9363e+01
 28  0.18306  -1.4123e+01 | 29  0.17684   1.5138e+00 | 30  0.18055   1.6586e+01
 31  0.17166   2.3330e+00 | 32  0.14855  -1.4445e+01 | 33  0.08798  -3.1089e+01
 34  0.12638   9.0078e+00 | 35  0.09173  -2.1852e+01 | 36  0.08039  -2.9662e+01
 37 -0.65891  -5.8856e+00 | 38  0.06823   8.2525e+01 | 39 -0.34876  -2.3302e+00
 40 -0.13786  -9.9060e+00 | 41 -0.25051  -3.1300e+00 | 42 -0.35291  -8.5399e-01
 43  0.04368   1.1357e+01 | 44 -0.10131   2.8532e+01 | 45  0.24633   9.4459e+01
 46 -0.02658   6.8603e+01 | 47 -0.00228   8.8618e+01 | 48  0.08866   1.0053e+02
 49 -0.00633   5.4947e+01 | 50  0.09407   5.9100e+01 | 51  0.01367   4.6789e+01
 52  0.14070   6.5733e+01 | 53  0.06565   7.1132e+01 | 54  0.20171   1.0747e+02
 55  0.15541   6.6532e+01 | 56  0.04699   3.5592e+01 | 57  0.17165   2.4382e+01
 58  0.11095   3.1783e+01 | 59  0.17184   9.5623e+01 | 60 -0.05545   6.7720e+01
 61  0.04203   8.8621e+01 | 62  0.21825   1.3678e+02 | 63 -0.18046   3.7509e+01
 64  0.00862   4.1888e+01 | 65  0.19512   8.4353e+01 | 66  0.01885   8.4038e+01
 67  0.05252   1.5134e+02 | 68  0.14257   1.8710e+02 | 69 -0.00553   9.2843e+01
 70 -0.03033   9.3931e+01 | 71  0.17743   1.9274e+02 | 72  0.12721   1.8401e+02
 73  0.20153   2.6839e+02 | 74  0.04335   1.1915e+02 | 75  0.18426   2.1607e+02
 76 -0.46122   2.0641e+01 | 77  0.17801   2.1420e+02 | 78  0.03377   1.1926e+02
 79  0.30349   2.9430e+02 | 80 -0.23256   2.9327e+01 | 81 -1.03705  -2.5732e+00
 82 -0.35578   2.5816e+01 | 83 -0.70465   9.4670e+00 | 84 -0.84610   4.7366e+00
 85 -0.08508   1.7309e+01 | 86  0.35088  -1.2435e+01 | 87  0.40131   3.8685e+00
 88 -0.13915   1.5357e+01 | 89 -0.24814   1.8812e+01 | 90 -0.25458   1.2707e+01
 91  0.08601   2.5239e+01 | 92  0.19043   2.4025e+01 | 93  0.13042   1.5530e+01
 94  0.33917   2.1725e+01 | 95  0.30026   3.0663e+01 | 96  0.21161   1.4248e+01
 97  0.11765   2.0301e+01 | 98 -0.07034   1.1811e+01 | 99  0.26219   9.5415e+00
100  0.24649   1.0062e+00 |101 -0.22662   6.7550e+00 |102 -0.07699   2.0939e+01
103  0.09538   2.6079e+01 |104  0.22710   3.4484e+01 |105  0.17207   4.0934e+01
106  0.02415   2.8114e+01 |107 -0.04759   3.1369e+01 |108 -0.95684  -2.8776e-01
109 -0.44273   3.1086e+00 |110  0.39954   8.5008e+01 |111 -0.17911   9.9307e+00
112 -0.19571   2.0357e+01 |113 -0.25188   2.1646e+01 |114 -1.16859   1.2790e+00
115 -0.18133   1.7565e+01 |116  0.23403   4.1706e+01 |117  0.06482   3.2260e+01
118 -0.80681  -1.3476e+00 |119 -0.58750   7.0628e+00 |120 -0.36748   1.0287e+01
121  0.15439   8.0417e+01 |122  1.57621  -1.9339e+02 |123 -0.17900   2.6255e+01
124  0.10865   2.6604e+01 |125  0.27927   2.0963e+01 |126  0.94151   4.8712e+00
127  0.01420   4.5038e+01 |128  0.01231   4.5041e+01 |129 -0.03364   4.4987e+01
130 -0.04187   4.4952e+01 |131 -0.08437   4.4655e+01 |132 -0.04121   4.4955e+01
133  0.09942   4.4501e+01 |134  0.03726   4.4973e+01 |135  0.00789   4.5046e+01
136 -0.06333   4.4827e+01 |137  0.07645   4.4725e+01 |138 -0.06796   4.4793e+01
139 -0.07050   4.4774e+01 |140  0.01463   4.5038e+01 |141  0.00945   4.5045e+01
142  0.01716   4.5033e+01 |143 -0.05491   4.4882e+01 |144  0.08331   4.4664e+01
145 -0.02636   4.5011e+01 |146 -0.03484   4.4982e+01 |147 -0.04209   4.4951e+01
148  0.07388   4.4747e+01 |149  0.05597   4.4876e+01 |150 -0.00343   4.5049e+01
151  0.08636   4.4636e+01 |152 -0.05334   4.4892e+01 |153 -0.05944   4.4853e+01
154  0.03181   4.4993e+01 |155 -0.01704   4.5034e+01 |156 -0.07568   4.4732e+01
157 -0.02353   4.5019e+01 |158  0.11522   4.4314e+01 |159 -0.00086   4.5050e+01
160  0.03473   4.4983e+01 |161 -0.03394   4.4986e+01 |162 -0.03563   4.4979e+01
163  0.02056   4.5026e+01 |164  0.02951   4.5001e+01 |165  0.10658   4.4420e+01
166  0.14046   4.3958e+01 |167 -0.02015   4.5027e+01 |168 -0.08016   4.4693e+01
169  0.07694  -5.7826e+02 |170  0.09924   3.4401e+02 |171  0.03483   7.0976e+01
172  0.09974   1.9861e+02 |173  0.08583   5.0316e+01 |174  0.08949   9.5222e+01
175  0.07937   1.7788e+02 |176  0.07984   1.5581e+02 |177  0.06526   1.2967e+02
178  0.19497   1.7540e+02 |179  0.00460   2.9437e+01 |180  0.22172   1.9130e+02
181  0.12848   1.9757e+02 |182  0.04531   2.0039e+02 |183  0.01643   1.6555e+02
184  0.02322   9.5059e+01 |185  0.01194   3.0225e+01 |186  0.03013   8.1844e+01
187 -0.01096   1.0039e+02 |188  0.03361   1.4604e+02 |189  0.03714   1.1334e+02
190  0.06001   1.8368e+02 |191  0.11683   1.1708e+02 |192 -0.34513   9.0045e+01
193  0.02065  -2.1968e+02 |194 -0.16619   1.0238e+02 |195  0.01432   1.6883e+02
196  0.07175  -1.0550e+02 |197 -0.52437   7.4184e+01 |198  0.11843   5.0217e+01
199 -0.36405   8.3861e+01 |200  0.07066   6.8139e+01 |201 -0.06823   6.7232e+01
202  0.10724  -1.4810e+01 |203  0.15536   1.0238e+02 |204  0.09738  -5.9945e+01
205  0.00263   8.9815e+01 |206 -0.32483   9.7006e+01 |207 -0.18070   1.1193e+02
208 -0.06649   1.6517e+02 |209 -0.02389   1.1667e+02 |210  0.10206   1.1236e+02
211 -0.31604   9.8289e+01 |212  0.02824   2.3636e+03 |213 -0.06993  -1.8087e+02
214 -0.01411  -8.7041e-09 |215 -0.66887   1.2152e+02 |216 -0.82418  -1.4262e+02
217 -0.00040  -4.0837e+02 |218 -0.15272  -9.5754e+01 |219 -0.21388  -3.9652e+01
220  0.06548  -3.4271e+01 |221  0.13888  -5.1145e+01 |222  0.03838  -7.7349e+01
223 -0.00527  -8.7617e+01 |224 -0.04800  -8.3090e+01 |225 -0.04156  -1.0042e+02
226  0.12069  -6.7882e+01 |227  0.11070  -6.4212e+01 |228  0.33738  -4.0559e+01
229  0.23981  -4.4825e+01 |230  0.19325  -5.8963e+01 |231  0.04167  -7.7144e+01
232  0.09573  -9.0250e+01 |233  0.15264  -6.5046e+01 |234  0.09303  -7.5220e+01
235 -0.20058  -7.7864e+01 |236 -0.17757  -6.4396e+01 |237 -0.01670  -7.1818e+01
238  0.04867  -7.9565e+01 |239 -0.11794  -1.0538e+02 |240 -0.20371  -1.0293e+02
241 -0.16450  -8.9412e+01 |242 -0.14559  -8.1985e+01 |243  0.07854  -7.5825e+01
244  0.09142  -6.1365e+01 |245 -0.06547  -5.9993e+01 |246 -0.21397  -9.3323e+01
247 -0.12359  -9.6115e+01 |248 -0.08675  -7.6456e+01 |249  0.00486  -7.0371e+01
250  0.13403  -4.8326e+01 |251  0.05066  -5.3068e+01 |252 -0.11272  -8.8761e+01
253 -0.14099  -9.4674e+01 |254 -0.06074  -1.1150e+02 |255  0.17059  -1.1637e+02
256  0.22288  -8.6239e+01 |257 -0.23150  -8.1733e+01 |258  0.11851   1.5885e+03
259 -0.62214  -2.1223e+01 |260 -1.14507  -2.7893e+02 |261 -0.97023   5.4823e+02
262 -1.17591   7.8354e+01 |263  0.37675   9.6622e+01 |264  0.08881   1.1529e+02
265 -0.03707   1.1622e+02 |266 -0.35320   9.8958e+01 |267  0.22940   1.0894e+02
268  0.40785   9.3335e+01 |269  0.31278   1.0265e+02 |270 -0.26459   1.0651e+02
271  0.24233   1.0809e+02 |272 -0.22701   1.0910e+02 |273 -0.46186   8.7102e+01
274 -0.24345   1.0801e+02 |275 -0.28156   1.0522e+02 |276  0.36201   9.8100e+01
277  0.41557   9.2484e+01 |278  0.40850   9.3264e+01 |279  0.37378   9.6924e+01
280 -0.48188   8.4632e+01 |281 -0.27156   1.0599e+02 |282 -0.18683   1.1144e+02
283 -0.28980   1.0456e+02 |284  0.08021   1.1550e+02 |285 -0.48012   8.4852e+01
286 -0.46294   8.6972e+01 |287 -0.03336   1.1626e+02 |288 -0.28552   1.0491e+02
289  0.32618   1.0147e+02 |290 -0.33201   1.0094e+02 |291 -0.45800   8.7570e+01
292  0.29735   1.0395e+02 |293 -0.35560   9.8726e+01 |294  0.38925   9.5328e+01
295  0.24311   1.0803e+02 |296 -0.46358   8.6894e+01 |297  0.23293   1.0871e+02
298  0.42343   9.1604e+01 |299 -0.18231   1.1168e+02 |300  0.17551   1.1202e+02
301  0.41503   9.2544e+01 |302  0.29744   1.0394e+02 |303  0.48113   9.0182e+02
304  0.37210  -1.1201e+02 |305 -0.91162  -2.1031e+02 |306  0.20931   1.1471e+02
307 -0.89493   5.7518e+01 |308 -0.32111  -1.2260e+02 |
41.2936 49.3568 137.868 86.0555 
22.362 22.362 138.338 148.796 
32.737 38.9974 0 7.24652 3.75125 
0 18.1548 0 0 0.7754 109.387 0 
40.212 49.4364 138.88 86.5071 
22.1668 22.1668 138.302 149.367 
32.4613 36.2684 0 7.39395 3.53043 
0 17.6781 0 0 0.768069 109.591 0 
39.3527 49.6672 139.315 86.3091 
21.2355 21.2355 137.017 150.043 
32.3462 36.2893 0 7.49337 3.6395 
0 17.3841 0 0 0.746584 108.917 0 
37.114 50.8187 140.687 86.8266 
19.2831 19.2831 138.967 150.04 
32.2921 37.0634 0 7.19616 3.41557 
0 16.9349 0 0 0.730573 106.376 0 
36.491 50.0093 140.178 87.4548 
18.5376 18.5376 139.673 150.284 
32.2843 37.8975 0 7.11445 3.38471 
0 16.4994 0 0 0.728759 105.932 0 
36.7211 48.1525 139.209 88.4081 
18.3904 18.3904 138.806 149.92 
32.3665 38.8033 0 7.04175 3.27772 
0 16.0074 0 0 0.729183 106.43 0 
36.4561 47.911 138.917 90.6918 
18.0922 18.0922 137.015 148.527 
32.3065 38.6458 0 6.91165 3.18497 
0 15.2436 0 0 0.720437 106.663 0 
39.1923 42.1376 139.595 92.0339 
18.6765 18.6765 135.161 146.124 
32.2395 45.8305 0 6.63104 2.81604 
0 14.6887 0 0 0.690068 104.868 0 
40.7857 38.1513 137.154 92.104 
18.544 18.544 133.82 147.968 
32.0662 46.2055 0 6.69631 2.63814 
0 14.7527 0 0 0.678024 106.622 0 
41.8202 34.5609 133.903 93.2727 
18.8969 18.8969 135.199 147.526 
31.7972 45.61 0 6.8448 2.60652 
0 15.3563 0 0 0.693418 107.846 0 
308 variables; iteration 100; function evaluation 127; phase 1
Function value   8.8420618e+02; maximum gradient component mag   3.2810e+03
Var   Value    Gradient   |Var   Value    Gradient   |Var   Value    Gradient
  1 -0.15529  -6.3241e-01 |  2  0.17420  -2.0048e+01 |  3  0.29518  -7.5862e+01
  4  0.24688  -6.1341e+01 |  5  0.27521   3.4077e+01 |  6  0.26687   1.3191e+02
  7  0.24086   5.3911e+01 |  8  0.20730  -4.8933e+01 |  9  0.18393  -5.7679e+01
 10  0.19730   2.5434e+01 | 11 -2.13545   5.1431e+01 | 12  0.16330   2.3054e+00
 13  0.11779   1.5624e+01 | 14 -2.12812  -8.4679e+01 | 15 -2.09503  -1.7977e+00
 16  0.01558  -9.0664e+01 | 17 -0.00188   1.7908e+01 | 18 -0.02092  -2.8241e+00
 19 -0.40148  -1.3936e-02 | 20 -0.33600   1.8571e-02 | 21 -0.43903  -1.0790e-02
 22 -2.21736  -2.7529e+00 | 23 -0.09593  -4.0522e-03 | 24 -0.00459  -1.3710e+00
 25  0.18301   8.2527e+00 | 26  0.20191   1.5872e+01 | 27  0.14081  -4.9500e+01
 28  0.20106   1.7793e+01 | 29  0.18330   1.8267e+01 | 30  0.17821   1.4652e+01
 31  0.18298   2.7260e+01 | 32  0.16234   7.2191e+00 | 33  0.10678  -2.5429e+01
 34  0.11662   1.0867e+01 | 35 -0.01871  -2.7125e+01 | 36 -0.03875  -2.7359e+01
 37 -0.66888  -5.7296e+00 | 38  0.02405   2.8815e+01 | 39 -0.94972  -2.1549e-01
 40 -0.01043   3.8604e+01 | 41 -0.03903   2.3825e+01 | 42 -0.25468  -8.0215e-01
 43  0.06949  -1.1737e+01 | 44 -0.05946  -2.3372e+01 | 45  0.19622  -3.4983e+01
 46 -0.01462   1.4187e+01 | 47  0.01295   3.5224e+01 | 48  0.03183   3.1473e+01
 49 -0.00256   2.4907e+01 | 50  0.10945   5.1536e+01 | 51  0.06778   2.3586e+01
 52  0.10639   5.3451e+01 | 53  0.10151   1.0612e+02 | 54  0.20271   1.8558e+02
 55  0.16655   9.7646e+01 | 56  0.10610   4.3775e+01 | 57  0.06467   1.6723e+01
 58  0.21090   7.5331e+01 | 59  0.11714   5.6495e+01 | 60 -0.06227   2.3319e+01
 61  0.03040   4.5774e+01 | 62  0.24035   1.4828e+02 | 63 -0.21087  -1.1455e+00
 64  0.05817   1.6366e+01 | 65  0.16381   3.1569e+01 | 66  0.00679   4.1706e+01
 67  0.06602   1.3340e+02 | 68  0.12304   1.5321e+02 | 69 -0.02324   7.1216e+01
 70 -0.05740   7.2186e+01 | 71  0.17319   2.5052e+02 | 72  0.11530   1.9352e+02
 73  0.15823   2.2945e+02 | 74  0.00027   7.3119e+01 | 75  0.20656   2.3861e+02
 76 -0.46092  -1.0045e+01 | 77  0.17384   2.1300e+02 | 78  0.00811   8.3122e+01
 79  0.30701   3.6220e+02 | 80 -0.19190  -4.1182e+00 | 81 -1.00233  -8.7077e-03
 82 -0.35490  -9.3956e+00 | 83 -0.67096  -9.8708e+00 | 84 -0.83775  -5.5342e+00
 85 -0.29574  -6.0914e+00 | 86  0.34814   3.6415e+00 | 87  0.31568  -1.4578e+01
 88 -0.44139  -1.0622e+01 | 89 -0.48714  -7.9852e+00 | 90  0.00792   6.9538e+00
 91  0.14829  -2.6945e-01 | 92  0.09209   1.3906e+00 | 93  0.25244   1.2249e+01
 94  0.30718   8.8830e+00 | 95  0.16562   7.5822e+00 | 96  0.23182   1.0087e+01
 97  0.06022  -8.6718e-02 | 98  0.00918  -4.6550e+00 | 99  0.28296  -9.7183e-01
100  0.17479  -1.6324e+01 |101 -0.11886  -1.0084e+01 |102  0.02689   1.0816e+00
103  0.08474   8.4165e+00 |104  0.03181   5.2142e+00 |105  0.21626   3.0285e+01
106  0.12109   1.6733e+01 |107 -0.11030   7.3697e+00 |108 -1.06733   2.4271e+00
109 -0.32214  -6.0661e+00 |110  0.34178   6.3378e+01 |111  0.12727   2.0531e+01
112 -0.09540   1.1446e+01 |113 -0.31709  -5.7140e+00 |114 -1.99842  -2.0417e+01
115  0.00883   9.3629e+00 |116  0.25197   7.5755e+01 |117  0.00249   1.8841e+01
118 -0.52324  -8.7068e+00 |119 -0.56280  -5.0148e+00 |120 -0.38511  -4.4032e+00
121  0.09759   5.7865e+01 |122  1.54469  -2.6846e+02 |123 -0.17590   8.5177e+00
124 -0.14553  -4.5414e+00 |125  0.29083   1.1806e+01 |126  1.93082  -8.9786e+00
127 -0.00284   2.7609e+01 |128 -0.00524   2.7609e+01 |129 -0.05126   2.7520e+01
130 -0.05701   2.7499e+01 |131 -0.07751   2.7405e+01 |132 -0.05658   2.7501e+01
133  0.14697   2.6877e+01 |134  0.02972   2.7579e+01 |135 -0.01070   2.7606e+01
136 -0.06888   2.7448e+01 |137  0.09863   2.7279e+01 |138 -0.07095   2.7438e+01
139 -0.07203   2.7433e+01 |140 -0.00228   2.7609e+01 |141 -0.00880   2.7607e+01
142  0.00102   2.7609e+01 |143 -0.06471   2.7467e+01 |144  0.11245   2.7180e+01
145 -0.04555   2.7539e+01 |146 -0.05214   2.7517e+01 |147 -0.05715   2.7498e+01
148  0.09359   2.7312e+01 |149  0.06049   2.7485e+01 |150 -0.02369   2.7590e+01
151  0.11876   2.7130e+01 |152 -0.06387   2.7471e+01 |153 -0.06703   2.7457e+01
154  0.02148   2.7594e+01 |155 -0.03738   2.7562e+01 |156 -0.07413   2.7422e+01
157 -0.04317   2.7546e+01 |158  0.18367   2.6468e+01 |159 -0.02087   2.7595e+01
160  0.02586   2.7587e+01 |161 -0.05148   2.7519e+01 |162 -0.05272   2.7515e+01
163  0.00555   2.7608e+01 |164  0.01812   2.7598e+01 |165  0.16326   2.6707e+01
166  0.24826   2.5537e+01 |167 -0.04022   2.7554e+01 |168 -0.07589   2.7414e+01
169  0.07263  -2.7423e+03 |170  0.08286   4.2892e+02 |171  0.02131   1.0872e+02
172  0.08419   1.7704e+02 |173  0.09762   1.0676e+02 |174  0.07933   1.2573e+02
175  0.08550   1.2195e+02 |176  0.06095   1.0722e+02 |177  0.11081   2.2727e+02
178  0.18160   1.5250e+02 |179  0.09935  -3.6614e+01 |180  0.22002   9.2128e+01
181  0.15585   2.8929e+02 |182  0.02493   1.7997e+02 |183  0.00722   1.5042e+02
184  0.01718   7.9912e+01 |185  0.02008   5.6508e+01 |186  0.02252   1.3836e+02
187 -0.00587   1.1759e+02 |188  0.01355   1.1238e+02 |189  0.04813   1.0717e+02
190  0.04757   1.5513e+02 |191  0.11274   2.0247e+02 |192 -0.29849   1.1572e+02
193  0.01447  -2.7089e+02 |194 -0.23455   1.2425e+02 |195  0.01617   1.2405e+02
196  0.05507  -3.0892e+02 |197 -0.51800   9.3972e+01 |198  0.10754   6.5799e+00
199 -0.34995   1.0731e+02 |200  0.07285   8.1379e+01 |201 -0.09571   9.5428e+01
202  0.11384  -4.6976e+01 |203  0.15454   8.5636e+01 |204  0.10730  -8.8884e+01
205 -0.02949   9.2071e+01 |206 -0.23253   1.2620e+02 |207 -0.16784   1.4199e+02
208 -0.06010   1.8809e+02 |209 -0.00980   1.4836e+02 |210  0.13035   1.7509e+02
211 -0.43972   1.0807e+02 |212  0.02706   3.2810e+03 |213 -0.06444   1.2715e+02
214 -0.01411  -8.7041e-09 |215 -0.67282   5.9672e+01 |216 -0.81909  -1.2086e+02
217  0.02062  -2.9289e+02 |218 -0.07450  -7.7111e+01 |219 -0.18831  -6.0654e+01
220  0.04826  -4.5010e+01 |221  0.06949  -5.4095e+01 |222  0.00217  -7.9234e+01
223  0.01572  -6.3058e+01 |224 -0.01880  -6.8659e+01 |225 -0.03173  -7.2276e+01
226  0.11861  -6.7333e+01 |227  0.16116  -4.8441e+01 |228  0.22346  -6.3606e+01
229  0.13056  -7.7668e+01 |230  0.16534  -6.0161e+01 |231  0.05921  -7.0722e+01
232  0.16262  -7.2836e+01 |233  0.16114  -5.7519e+01 |234  0.08805  -7.0923e+01
235 -0.16478  -6.4031e+01 |236 -0.12685  -4.6392e+01 |237 -0.04252  -6.9783e+01
238  0.01055  -8.3634e+01 |239 -0.08702  -9.8916e+01 |240 -0.13583  -8.2866e+01
241 -0.10335  -7.6325e+01 |242 -0.09189  -7.1016e+01 |243  0.04331  -8.2155e+01
244  0.05810  -6.9969e+01 |245 -0.06916  -6.2778e+01 |246 -0.21744  -8.2886e+01
247 -0.11807  -9.4486e+01 |248 -0.06585  -8.8945e+01 |249  0.04670  -6.9757e+01
250  0.12945  -6.8025e+01 |251  0.01394  -7.2452e+01 |252 -0.15758  -1.0494e+02
253 -0.17296  -9.7122e+01 |254 -0.10737  -1.1863e+02 |255  0.16446  -1.2222e+02
256  0.26919  -6.2655e+01 |257 -0.26633  -8.0682e+01 |258  0.10949   1.0123e+03
259 -0.62991  -2.2766e+01 |260 -1.14799  -5.1611e+02 |261 -0.96993   6.9364e+02
262 -1.13492   4.8175e+01 |263  0.12610  -2.1119e+02 |264  0.22671  -2.0188e+02
265 -0.22994  -2.0150e+02 |266  0.12446  -2.1129e+02 |267  0.08172  -2.1363e+02
268  0.28103  -1.9475e+02 |269  0.11598  -2.1183e+02 |270 -0.02005  -2.1529e+02
271 -0.02135  -2.1528e+02 |272  0.05276  -2.1466e+02 |273 -0.45085  -1.6360e+02
274 -0.17957  -2.0688e+02 |275  0.10115  -2.1268e+02 |276  0.06502  -2.1427e+02
277  0.51084  -1.4969e+02 |278  0.38388  -1.7741e+02 |279  0.11367  -2.1197e+02
280 -0.51322  -1.4911e+02 |281 -0.16068  -2.0857e+02 |282 -0.39079  -1.7607e+02
283 -0.45066  -1.6364e+02 |284  0.10477  -2.1249e+02 |285 -0.59629  -1.2762e+02
286 -0.46435  -1.6059e+02 |287 -0.28289  -1.9448e+02 |288  0.11837  -2.1168e+02
289  0.42255  -1.6967e+02 |290 -0.37880  -1.7838e+02 |291 -0.54063  -1.4229e+02
292  0.37024  -1.7999e+02 |293 -0.62200  -1.2051e+02 |294  0.78806  -7.0392e+01
295 -0.02626  -2.1521e+02 |296 -0.46976  -1.5937e+02 |297  0.38849  -1.7652e+02
298  0.49506  -1.5349e+02 |299 -0.20401  -2.0443e+02 |300  0.24014  -2.0025e+02
301  0.47233  -1.5878e+02 |302  0.36938  -1.8015e+02 |303  0.48888   8.4841e+02
304  0.37038   3.0750e+01 |305 -0.90974   2.7512e+02 |306  0.19471   1.6109e+02
307 -0.89276   9.9512e+02 |308 -0.32841   2.2215e+02 |
39.6711 32.1287 131.448 94.0117 
21.7575 21.7575 135.502 146.976 
31.9112 49.2069 0 6.59453 2.34875 
0 15.9111 0 0 0.721848 106.304 0 
39.3037 31.4351 130.193 93.6377 
22.4413 22.4413 134.374 147.709 
31.9535 50.2928 0 6.51048 2.3998 
0 16.1019 0 0 0.737304 106.677 0 
39.1569 31.3152 129.349 92.9191 
21.2596 21.2596 132.803 148.503 
32.0634 51.2407 0 6.30535 2.5319 
0 16.1789 0 0 0.747971 107.402 0 
39.0631 30.5498 128.28 93.4057 
20.3222 20.3222 132.861 148.761 
32.2663 50.9686 0 6.16828 2.74872 
0 16.1833 0 0 0.745157 107.654 0 
39.8203 28.9018 126.811 94.22 
19.9155 19.9155 131.579 151.048 
32.4197 49.089 0 5.94313 3.08662 
0 16.1692 0 0 0.722122 107.839 0 
41.4597 27.2648 124.192 93.4624 
19.8053 19.8053 132.075 151.227 
32.4128 49.3398 0 5.87161 3.54119 
0 16.0977 0 0 0.698713 106.874 0 
41.4169 28.2808 124.619 92.6281 
19.8075 19.8075 131.385 153.557 
31.9606 48.4585 0 5.65544 3.34288 
0 15.7969 0 0 0.688957 105.674 0 
41.372 28.5255 124.398 92.0528 
19.466 19.466 129.729 154.824 
31.602 47.9954 0 5.68907 3.38796 
0 15.6245 0 0 0.691309 106.19 0 
43.0854 29.1326 124.059 92.5251 
18.0556 18.0556 128.184 155.827 
31.0838 48.1659 0 5.72002 3.53612 
0 15.2095 0 0 0.697853 106.562 0 
42.4677 29.3038 122.68 93.4806 
17.5417 17.5417 129.05 156.567 
30.6211 46.9994 0 5.73785 3.30637 
0 14.7557 0 0 0.701588 105.868 0 
308 variables; iteration 110; function evaluation 137; phase 1
Function value   8.6155900e+02; maximum gradient component mag   2.7100e+03
Var   Value    Gradient   |Var   Value    Gradient   |Var   Value    Gradient
  1 -0.26701  -5.9633e-01 |  2  0.11424  -1.3158e+01 |  3  0.27319  -1.1282e+02
  4  0.22307  -7.3834e+01 |  5  0.25583  -7.9886e+00 |  6  0.25259   1.0506e+02
  7  0.22614   2.8339e+01 |  8  0.20073  -2.7518e+01 |  9  0.19340  -1.0495e+01
 10  0.18239  -6.2093e+00 | 11 -2.12465   6.9789e+01 | 12  0.14099  -3.8188e+01
 13  0.13090   7.1921e+01 | 14 -2.11962  -9.8791e+01 | 15 -2.08447   3.0598e-01
 16  0.01045  -8.3231e+01 | 17 -0.01475   1.1086e+01 | 18 -0.03557  -5.0647e+00
 19 -0.51153  -1.5805e-02 | 20 -0.32588   2.9487e-02 | 21 -0.42850   1.1199e-03
 22 -2.17980   1.6959e+00 | 23 -0.09565  -4.0063e-03 | 24  0.02971  -1.1702e+00
 25  0.14298  -4.8392e+00 | 26  0.20259   2.3634e+01 | 27  0.13577  -5.4418e+01
 28  0.19931   1.6822e+01 | 29  0.16765  -8.1838e+00 | 30  0.19186   4.8065e+01
 31  0.17113  -4.1937e+00 | 32  0.18906   8.3577e+01 | 33  0.10755  -2.4885e+01
 34  0.11261   2.2918e+01 | 35 -0.10476  -2.7905e+01 | 36 -0.08145  -2.5011e+01
 37 -0.69125  -5.3747e+00 | 38 -0.00218   7.2321e+00 | 39 -1.26078   1.0877e+00
 40  0.00483   7.3461e+01 | 41 -0.06543   1.3986e+01 | 42 -0.18225   2.0581e-01
 43  0.04013   7.4677e+00 | 44 -0.01403  -1.5198e+01 | 45  0.17269  -2.3089e+01
 46 -0.04213   1.5117e+01 | 47 -0.04050   2.8260e+01 | 48  0.01039   2.7017e+01
 49  0.02476   2.3752e+01 | 50  0.14114   4.4812e+01 | 51  0.01051   5.1887e+00
 52  0.08607   2.2026e+01 | 53  0.09752   8.9581e+01 | 54  0.20642   1.7141e+02
 55  0.17543   9.1495e+01 | 56  0.12770   3.8078e+01 | 57  0.09056   5.3835e+00
 58  0.20148   3.1980e+01 | 59  0.10362   2.9468e+01 | 60 -0.02963   2.2166e+01
 61  0.05212   2.7737e+01 | 62  0.22542   6.1030e+01 | 63 -0.23634  -4.7494e-01
 64  0.07079   1.2491e+01 | 65  0.16783   3.2565e+01 | 66  0.03369   4.6305e+01
 67  0.05237   1.0297e+02 | 68  0.11861   1.2592e+02 | 69 -0.01122   7.5076e+01
 70 -0.03895   8.2962e+01 | 71  0.17692   2.3697e+02 | 72  0.10445   1.5745e+02
 73  0.14639   1.8646e+02 | 74 -0.02567   5.5658e+01 | 75  0.21236   2.2037e+02
 76 -0.48049  -5.9627e+00 | 77  0.14975   2.1137e+02 | 78 -0.00323   9.0904e+01
 79  0.31825   4.3731e+02 | 80 -0.17670   5.3250e+00 | 81 -1.01110  -1.4795e-01
 82 -0.32036  -2.2942e+00 | 83 -0.57852  -7.1804e+00 | 84 -0.89065  -2.7975e+00
 85 -0.33745   2.7299e+01 | 86  0.33080   3.7082e+01 | 87  0.29959   1.7067e+01
 88 -0.52875   1.5229e+01 | 89 -0.51545   1.9287e+01 | 90  0.02883   4.6728e+01
 91  0.15692   3.5686e+01 | 92  0.23505   5.2151e+01 | 93  0.22068   5.4369e+01
 94  0.31477   4.0315e+01 | 95  0.20513   4.1045e+01 | 96  0.23289   4.1363e+01
 97  0.15299   4.3927e+01 | 98  0.21468   4.3094e+01 | 99  0.21990   4.2493e+01
100  0.25312   2.8882e+01 |101 -0.09580   2.8376e+01 |102 -0.01558   3.9112e+01
103 -0.10820   3.8348e+01 |104 -0.05815   3.8731e+01 |105  0.26052   6.1019e+01
106  0.10197   4.7590e+01 |107 -0.15402   3.8683e+01 |108 -1.61263  -2.6795e+01
109 -0.28091   2.6772e+01 |110  0.33312   7.5091e+01 |111  0.01730   4.6575e+01
112 -0.16027   4.3221e+01 |113 -0.18143   4.1008e+01 |114 -2.04075  -6.1543e+01
115  0.06500   5.3978e+01 |116  0.25243   1.0775e+02 |117 -0.03059   5.1314e+01
118 -0.26680   3.7408e+01 |119 -0.49091   2.2658e+01 |120 -0.37197   2.8845e+01
121  0.13330   1.1026e+02 |122  1.54361  -2.9742e+02 |123 -0.42308   3.8306e+01
124 -0.05753   3.9207e+01 |125  0.29334   5.3008e+01 |126  2.37488  -2.5554e+01
127 -0.02281   1.2252e+01 |128 -0.02556   1.2250e+01 |129 -0.06871   1.2188e+01
130 -0.07209   1.2181e+01 |131 -0.07607   1.2172e+01 |132 -0.07186   1.2181e+01
133  0.20313   1.1641e+01 |134  0.01767   1.2255e+01 |135 -0.03165   1.2244e+01
136 -0.07607   1.2172e+01 |137  0.11976   1.2043e+01 |138 -0.07623   1.2172e+01
139 -0.07626   1.2172e+01 |140 -0.02216   1.2252e+01 |141 -0.02955   1.2246e+01
142 -0.01832   1.2254e+01 |143 -0.07524   1.2174e+01 |144  0.14263   1.1953e+01
145 -0.06470   1.2196e+01 |146 -0.06927   1.2187e+01 |147 -0.07217   1.2181e+01
148  0.11161   1.2072e+01 |149  0.06071   1.2204e+01 |150 -0.04531   1.2228e+01
151  0.15333   1.1906e+01 |152 -0.07499   1.2175e+01 |153 -0.07578   1.2173e+01
154  0.00690   1.2259e+01 |155 -0.05810   1.2208e+01 |156 -0.07621   1.2172e+01
157 -0.06287   1.2200e+01 |158  0.27266   1.1152e+01 |159 -0.04245   1.2232e+01
160  0.01257   1.2257e+01 |161 -0.06885   1.2188e+01 |162 -0.06963   1.2186e+01
163 -0.01294   1.2257e+01 |164  0.00260   1.2259e+01 |165  0.23333   1.1445e+01
166  0.40814   9.8252e+00 |167 -0.06049   1.2204e+01 |168 -0.07612   1.2172e+01
169  0.07089  -2.3991e+03 |170  0.06368   3.2431e+02 |171 -0.00624   3.0104e+01
172  0.07041   1.0554e+02 |173  0.09049   1.6177e+01 |174  0.06646   4.9655e+01
175  0.10971   1.5154e+02 |176  0.02636   3.8361e+01 |177  0.10941   1.3337e+02
178  0.16749   1.3332e+02 |179  0.17186  -9.9857e+01 |180  0.21829   3.6027e+01
181  0.16996   2.6344e+02 |182  0.01261   1.0353e+02 |183  0.02564   1.1222e+02
184 -0.01158   6.0966e+00 |185  0.00493  -2.8951e+01 |186  0.02036   1.0748e+02
187 -0.00271   1.0077e+02 |188  0.02462   8.0419e+01 |189  0.02581   4.6938e+00
190  0.04901   7.4494e+01 |191  0.10929   1.1879e+02 |192 -0.36688   5.2926e+01
193  0.02059  -2.4060e+02 |194 -0.27500   5.7803e+01 |195  0.00471   2.2637e+01
196  0.05700  -3.7504e+02 |197 -0.43949   4.7333e+01 |198  0.09590  -4.9365e+00
199 -0.18825   3.3125e+01 |200  0.06517   1.1257e+01 |201 -0.12449   2.6140e+01
202  0.09856  -1.6975e+02 |203  0.14320  -4.9230e+01 |204  0.09645  -1.6578e+02
205  0.00350   2.2438e+01 |206 -0.23532   6.2812e+01 |207 -0.16711   7.0094e+01
208 -0.08719   4.3848e+01 |209 -0.01098   6.9124e+01 |210  0.13767   1.3618e+02
211 -0.41629   5.4359e+01 |212  0.02209   2.7100e+03 |213 -0.06857   7.0199e+01
214 -0.01411  -8.7041e-09 |215 -0.68217   5.7486e+00 |216 -0.81341  -7.0856e+01
217  0.03085  -2.2355e+02 |218 -0.03670  -5.4681e+01 |219 -0.20938  -7.0933e+01
220  0.02735  -4.8674e+01 |221  0.07005  -5.4813e+01 |222  0.03209  -6.2400e+01
223  0.03634  -4.8993e+01 |224 -0.00741  -5.4260e+01 |225  0.02632  -4.6119e+01
226  0.13893  -6.0923e+01 |227  0.14357  -4.9881e+01 |228  0.19970  -5.8876e+01
229  0.10898  -7.3950e+01 |230  0.15677  -6.0721e+01 |231  0.10397  -7.1380e+01
232  0.16615  -6.3195e+01 |233  0.16612  -5.3184e+01 |234  0.15487  -6.0482e+01
235 -0.13075  -5.3291e+01 |236 -0.12790  -3.8436e+01 |237 -0.06082  -5.6692e+01
238  0.00903  -7.4624e+01 |239 -0.08319  -8.9896e+01 |240 -0.13534  -6.6300e+01
241 -0.11566  -6.6971e+01 |242 -0.08982  -6.0014e+01 |243  0.04571  -7.4688e+01
244  0.02415  -7.0198e+01 |245 -0.10864  -6.3198e+01 |246 -0.24064  -7.7031e+01
247 -0.13454  -9.0191e+01 |248 -0.07214  -8.9006e+01 |249  0.05234  -6.3608e+01
250  0.09907  -7.6237e+01 |251 -0.00527  -7.5196e+01 |252 -0.16586  -9.6067e+01
253 -0.17860  -8.3241e+01 |254 -0.11486  -1.1115e+02 |255  0.15678  -1.2224e+02
256  0.27584  -5.6510e+01 |257 -0.27134  -8.8315e+01 |258  0.10889   9.7097e+02
259 -0.61855  -2.3931e+01 |260 -1.15055  -6.0240e+02 |261 -0.96949   6.8139e+02
262 -1.13840   4.7523e+01 |263 -0.01103  -8.4655e+01 |264  0.33746  -7.3048e+01
265 -0.41889  -6.6991e+01 |266  0.31970  -7.4214e+01 |267  0.12424  -8.3060e+01
268  0.21778  -7.9761e+01 |269  0.19438  -8.0751e+01 |270  0.08915  -8.3839e+01
271 -0.06299  -8.4253e+01 |272  0.22848  -7.9273e+01 |273 -0.44925  -6.4446e+01
274 -0.19803  -8.0604e+01 |275  0.22914  -7.9242e+01 |276 -0.10537  -8.3510e+01
277  0.58502  -5.1364e+01 |278  0.35051  -7.2155e+01 |279 -0.03029  -8.4572e+01
280 -0.50037  -5.9834e+01 |281 -0.14393  -8.2513e+01 |282 -0.55964  -5.4006e+01
283 -0.54481  -5.5510e+01 |284  0.14865  -8.2370e+01 |285 -0.65583  -4.3576e+01
286 -0.46909  -6.2704e+01 |287 -0.47233  -6.2413e+01 |288  0.25537  -7.7946e+01
289  0.44908  -6.4461e+01 |290 -0.46188  -6.3344e+01 |291 -0.58676  -5.1180e+01
292  0.40009  -6.8491e+01 |293 -0.81637  -2.4085e+01 |294  0.99438  -7.4681e-01
295 -0.06998  -8.4156e+01 |296 -0.47672  -6.2017e+01 |297  0.48009  -6.1712e+01
298  0.56147  -5.3819e+01 |299 -0.15473  -8.2179e+01 |300  0.26585  -7.7392e+01
301  0.51382  -5.8555e+01 |302  0.39638  -6.8780e+01 |303  0.49374   9.5222e+02
304  0.37709   6.7754e+01 |305 -0.90819   4.1875e+02 |306  0.18703   1.5370e+02
307 -0.89039   1.2051e+03 |308 -0.34574   3.1738e+02 |
42.5802 30.5279 122.612 93.6809 
17.2319 17.2319 129.689 156.033 
30.3072 46.7746 0 5.71175 3.02717 
0 14.1933 0 0 0.704079 104.31 0 
41.1701 31.6232 120.812 94.611 
17.5996 17.5996 129.07 155.916 
29.9185 46.0434 0 5.61413 2.90621 
0 13.6321 0 0 0.703166 103.348 0 
39.3056 36.2651 119.48 96.8612 
18.6644 18.6644 129.034 156.155 
29.4089 41.8802 0 5.32929 2.87356 
0 13.0252 0 0 0.706162 101.279 0 
40.1329 33.7021 118.496 95.5307 
17.9784 17.9784 128.973 155.881 
29.5817 44.2478 0 5.42532 2.88464 
0 13.2011 0 0 0.704503 101.978 0 
39.1472 36.1696 121.032 96.3845 
19.9511 19.9511 129.334 157.638 
29.3859 42.0332 0 5.07702 2.64749 
0 12.8311 0 0 0.679406 100.945 0 
39.7298 34.3014 118.584 95.3183 
18.3732 18.3732 128.992 156.524 
29.5004 43.4679 0 5.27629 2.7829 
0 13.0148 0 0 0.692964 101.54 0 
39.2952 34.5732 118.479 95.3215 
17.8648 17.8648 129.505 155.67 
29.361 43.0083 0 5.2181 2.73036 
0 12.7738 0 0 0.679503 101.266 0 
39.7203 33.6088 117.89 94.9812 
17.2037 17.2037 129.434 154.395 
29.1094 43.6244 0 5.17666 2.77493 
0 12.5295 0 0 0.69023 101.071 0 
40.6077 32.5423 117.715 94.0817 
15.9748 15.9748 131.188 152.281 
28.8681 45.0704 0 5.14968 2.7799 
0 12.3134 0 0 0.744916 100.323 0 
40.2457 32.3637 116.851 94.1872 
16.6656 16.6656 132.234 151.171 
28.6538 43.605 0 5.12938 2.82046 
0 12.25 0 0 0.77829 99.8586 0 
39.1815 32.5131 115.981 93.7945 
18.0537 18.0537 131.574 150.563 
28.5325 40.7285 0 5.03242 2.85677 
0 12.2168 0 0 0.799243 99.8984 0 
38.4835 32.9145 115.477 92.0331 
17.3107 17.3107 131.066 150.663 
28.6137 41.3885 0 4.71693 2.70622 
0 12.0835 0 0 0.787756 99.509 0 
308 variables; iteration 120; function evaluation 149; phase 1
Function value   8.2984780e+02; maximum gradient component mag   2.1459e+03
Var   Value    Gradient   |Var   Value    Gradient   |Var   Value    Gradient
  1 -0.23952  -6.0724e-01 |  2  0.01353  -3.4597e+00 |  3  0.26053  -1.0688e+02
  4  0.22286  -6.1911e+01 |  5  0.24805   9.2823e+00 |  6  0.24051   7.9585e+01
  7  0.20177  -2.0479e+01 |  8  0.20352  -4.0045e+00 |  9  0.19376   2.4499e+01
 10  0.18044   1.8217e+01 | 11 -2.13693   5.4005e+01 | 12  0.12959  -3.7178e+01
 13  0.13239   9.3139e+01 | 14 -2.10798  -6.6948e+01 | 15 -2.09242  -6.3674e+01
 16  0.00825  -8.0183e+01 | 17 -0.02926   1.1923e+00 | 18 -0.05422  -1.2152e+01
 19 -0.64137  -1.2834e-02 | 20 -0.30946   3.9062e-02 | 21 -0.41221   4.6899e-03
 22 -2.17696   1.3106e+00 | 23 -0.09521  -4.4895e-03 | 24  0.12769   2.5955e+00
 25  0.12324  -8.8558e+00 | 26  0.19690   2.0630e+01 | 27  0.16469  -3.8766e+01
 28  0.20118   3.7960e+01 | 29  0.16396  -5.3654e+00 | 30  0.18432   4.2755e+01
 31  0.17428   1.0711e+01 | 32  0.16020   1.2577e+01 | 33  0.11314  -1.4258e+01
 34  0.11067   3.1508e+01 | 35 -0.07666  -2.8145e+01 | 36 -0.08872  -2.3193e+01
 37 -0.66808  -5.7423e+00 | 38 -0.02028  -8.9665e+00 | 39 -1.16275   6.9061e-01
 40 -0.02516   3.1995e+01 | 41 -0.09323   5.9727e+00 | 42 -0.15351   1.4302e+00
 43  0.02573   9.2254e+00 | 44 -0.04077  -2.0676e+00 | 45  0.14161  -2.0622e+01
 46 -0.04504   2.6083e+01 | 47 -0.04982   4.5586e+01 | 48 -0.00537   4.6590e+01
 49  0.03209   4.4366e+01 | 50  0.11810   6.4381e+01 | 51 -0.00044   3.2423e+01
 52  0.07246   5.4564e+01 | 53  0.09516   1.1689e+02 | 54  0.20806   1.9970e+02
 55  0.16837   9.1764e+01 | 56  0.11694   4.1141e+01 | 57  0.12355   1.7632e+01
 58  0.20319   2.4427e+01 | 59  0.11687   3.5281e+01 | 60 -0.03939   3.7048e+01
 61  0.03694   4.5883e+01 | 62  0.22577   9.1553e+01 | 63 -0.15882   1.9323e+01
 64  0.07611   3.4620e+01 | 65  0.16766   5.5270e+01 | 66  0.02769   5.5241e+01
 67  0.05809   1.0755e+02 | 68  0.10682   1.2241e+02 | 69 -0.00896   8.5797e+01
 70 -0.04602   8.5498e+01 | 71  0.18508   2.0933e+02 | 72  0.09312   1.0677e+02
 73  0.12949   1.0871e+02 | 74 -0.00987   4.7290e+01 | 75  0.21768   1.3782e+02
 76 -0.44098   4.4797e+00 | 77  0.14043   1.3239e+02 | 78  0.02205   9.3353e+01
 79  0.32608   3.6746e+02 | 80 -0.18711   1.5558e+01 | 81 -0.99560   1.5820e-01
 82 -0.37336   7.5964e+00 | 83 -0.45904   4.8673e+00 | 84 -1.07894   2.8619e-01
 85 -0.21757   5.8214e+01 | 86  0.29015   4.8101e+01 | 87  0.33289   3.8877e+01
 88 -0.29627   5.0583e+01 | 89 -0.32912   5.3262e+01 | 90 -0.05606   6.8887e+01
 91  0.08937   6.3383e+01 | 92  0.28792   8.7883e+01 | 93  0.17435   7.8027e+01
 94  0.31126   7.4545e+01 | 95  0.27010   8.2340e+01 | 96  0.13224   6.9698e+01
 97  0.20017   8.4343e+01 | 98  0.25620   8.4821e+01 | 99  0.20933   7.3806e+01
100  0.28245   6.1065e+01 |101 -0.19102   5.3222e+01 |102 -0.25690   5.7846e+01
103 -0.26750   5.5564e+01 |104 -0.05650   6.3123e+01 |105  0.31226   8.4861e+01
106  0.02745   6.9043e+01 |107 -0.09351   6.9950e+01 |108 -1.62943  -4.7430e+01
109 -0.17345   5.7420e+01 |110  0.31776   6.9975e+01 |111 -0.04830   6.6517e+01
112 -0.15144   6.9239e+01 |113 -0.16175   6.8120e+01 |114 -1.97761  -7.9206e+01
115  0.06078   7.8611e+01 |116  0.27428   1.2746e+02 |117  0.03562   7.9543e+01
118 -0.40366   4.6014e+01 |119 -0.49716   4.1782e+01 |120 -0.36002   5.0590e+01
121  0.13196   1.1637e+02 |122  1.54384  -2.7613e+02 |123 -0.55585   4.8099e+01
124  0.11116   7.8033e+01 |125  0.25699   7.5282e+01 |126  2.20929  -6.0797e+01
127 -0.05434  -2.4743e+01 |128 -0.05761  -2.4732e+01 |129 -0.09573  -2.4553e+01
130 -0.09546  -2.4555e+01 |131 -0.07558  -2.4659e+01 |132 -0.09555  -2.4554e+01
133  0.29819  -2.2159e+01 |134 -0.00143  -2.4834e+01 |135 -0.06465  -2.4706e+01
136 -0.08768  -2.4598e+01 |137  0.15547  -2.4097e+01 |138 -0.08509  -2.4612e+01
139 -0.08360  -2.4620e+01 |140 -0.05356  -2.4746e+01 |141 -0.06226  -2.4715e+01
142 -0.04890  -2.4760e+01 |143 -0.09173  -2.4576e+01 |144  0.19358  -2.3694e+01
145 -0.09441  -2.4561e+01 |146 -0.09581  -2.4553e+01 |147 -0.09543  -2.4555e+01
148  0.14210  -2.4218e+01 |149  0.06160  -2.4717e+01 |150 -0.07916  -2.4642e+01
151  0.21170  -2.3473e+01 |152 -0.09236  -2.4573e+01 |153 -0.08967  -2.4588e+01
154 -0.01624  -2.4826e+01 |155 -0.09034  -2.4584e+01 |156 -0.08052  -2.4635e+01
157 -0.09346  -2.4566e+01 |158  0.42391  -1.9529e+01 |159 -0.07631  -2.4655e+01
160 -0.00850  -2.4831e+01 |161 -0.09576  -2.4553e+01 |162 -0.09583  -2.4553e+01
163 -0.04221  -2.4779e+01 |164 -0.02202  -2.4819e+01 |165  0.35215  -2.1130e+01
166  0.68172  -1.1905e+01 |167 -0.09201  -2.4575e+01 |168 -0.07790  -2.4648e+01
169  0.06710  -2.0031e+03 |170  0.04811   3.1970e+02 |171 -0.02699   3.1562e+01
172  0.06304   9.9225e+01 |173  0.07615  -7.1646e+01 |174  0.05028   8.5292e+00
175  0.10644   1.7151e+02 |176 -0.00179   3.5951e+01 |177  0.09107   5.6083e+01
178  0.16025   9.7452e+01 |179  0.17236  -1.0657e+02 |180  0.21339   8.0769e+00
181  0.17760   3.3285e+02 |182 -0.00534   8.9970e+01 |183  0.03067   9.8909e+01
184 -0.01122   2.0025e+01 |185  0.01914   3.7605e+00 |186  0.00997   5.1053e+01
187  0.00066   9.1343e+01 |188  0.01504   7.3232e+01 |189  0.03608   2.4205e+01
190  0.04054   5.8890e+01 |191  0.10422   1.0280e+02 |192 -0.25642   4.9820e+01
193  0.02286  -1.8636e+02 |194 -0.26600   5.6922e+01 |195 -0.01590  -7.9124e+00
196  0.06784  -3.2570e+02 |197 -0.50600   4.4902e+01 |198  0.08673   1.1508e+02
199  0.02851   8.8429e+01 |200  0.06289   5.6967e+01 |201 -0.22473   3.3157e+01
202  0.11204  -8.9810e+01 |203  0.15341   3.6222e+01 |204  0.11085  -1.4646e+02
205 -0.01530   2.6101e+01 |206 -0.22149   6.0462e+01 |207 -0.17283   6.8032e+01
208 -0.08864   4.2128e+01 |209 -0.02931   3.8872e+01 |210  0.12349   1.1301e+02
211 -0.41772   5.3327e+01 |212  0.01705   2.1459e+03 |213 -0.06506   6.3276e+01
214 -0.01411  -8.7041e-09 |215 -0.68973  -8.4377e+01 |216 -0.79820   4.0055e+01
217  0.02377  -1.0475e+02 |218 -0.02824  -4.7926e+01 |219 -0.21485  -5.4079e+01
220  0.03837  -3.3905e+01 |221  0.07091  -5.5561e+01 |222  0.02559  -6.0793e+01
223  0.02546  -4.2005e+01 |224 -0.03391  -4.7162e+01 |225  0.03281  -3.6553e+01
226  0.14581  -5.3924e+01 |227  0.13094  -4.3800e+01 |228  0.20961  -4.8839e+01
229  0.08665  -7.0579e+01 |230  0.11633  -6.9409e+01 |231  0.10096  -7.7290e+01
232  0.16541  -5.4800e+01 |233  0.16166  -5.2007e+01 |234  0.17073  -5.3082e+01
235 -0.13198  -4.5862e+01 |236 -0.14053  -3.1665e+01 |237 -0.06845  -4.5333e+01
238  0.04440  -5.4083e+01 |239 -0.05422  -7.3824e+01 |240 -0.12347  -5.7536e+01
241 -0.10898  -6.6430e+01 |242 -0.08591  -6.1700e+01 |243  0.07103  -5.2982e+01
244  0.02853  -5.6181e+01 |245 -0.11528  -6.2492e+01 |246 -0.23635  -6.6858e+01
247 -0.14039  -8.1255e+01 |248 -0.09234  -8.7900e+01 |249  0.03403  -6.6605e+01
250  0.09073  -7.4792e+01 |251 -0.01014  -7.7677e+01 |252 -0.17603  -8.5718e+01
253 -0.18620  -5.8068e+01 |254 -0.12130  -9.3446e+01 |255  0.18668  -8.2103e+01
256  0.29754  -3.3169e+01 |257 -0.24516  -8.1294e+01 |258  0.10562   4.5605e+02
259 -0.60632  -2.4231e+01 |260 -1.15032  -6.5058e+02 |261 -0.96919   6.0091e+02
262 -1.15925   3.1472e+01 |263 -0.12518  -1.0864e+02 |264  0.47802  -8.0990e+01
265 -0.67601  -5.3976e+01 |266  0.43958  -8.5404e+01 |267  0.36240  -9.3309e+01
268  0.19325  -1.0571e+02 |269  0.62594  -6.1409e+01 |270  0.14667  -1.0785e+02
271  0.08075  -1.0989e+02 |272  0.32811  -9.6389e+01 |273 -0.47462  -8.1392e+01
274 -0.48466  -8.0198e+01 |275  0.16086  -1.0726e+02 |276 -0.24753  -1.0251e+02
277  0.51386  -7.6609e+01 |278  0.34329  -9.5060e+01 |279 -0.15120  -1.0767e+02
280 -0.53227  -7.4263e+01 |281 -0.22833  -1.0373e+02 |282 -0.57366  -6.8765e+01
283 -0.58947  -6.6587e+01 |284  0.21917  -1.0428e+02 |285 -0.48419  -8.0254e+01
286 -0.47441  -8.1417e+01 |287 -0.63461  -6.0148e+01 |288  0.23589  -1.0326e+02
289  0.38954  -9.0680e+01 |290 -0.49366  -7.9108e+01 |291 -0.52101  -7.5706e+01
292  0.33300  -9.5966e+01 |293 -0.74617  -4.3009e+01 |294  1.02945   5.1220e+00
295  0.08374  -1.0982e+02 |296 -0.47472  -8.1380e+01 |297  0.47471  -8.1381e+01
298  0.52094  -7.5715e+01 |299 -0.18009  -1.0638e+02 |300  0.28596  -9.9790e+01
301  0.47453  -8.1404e+01 |302  0.32811  -9.6389e+01 |303  0.49103   5.5273e+02
304  0.33406   7.2281e+01 |305 -0.90966   3.4956e+02 |306  0.20695   1.7121e+02
307 -0.89182   1.9159e+03 |308 -0.33749   4.5187e+02 |
36.7801 33.1876 115.844 92.5263 
15.7565 15.7565 130.77 150.293 
28.7551 41.5605 0 4.54297 2.37934 
0 11.9499 0 0 0.770655 99.2254 0 
34.8106 33.5357 115.9 93.6243 
14.9959 14.9959 131.101 148.233 
28.9232 41.4558 0 4.35613 2.24085 
0 11.6544 0 0 0.752316 98.3972 0 
35.5704 33.3786 115.768 93.1011 
15.2688 15.2688 130.928 149.053 
28.8512 41.4371 0 4.4315 2.29656 
0 11.7662 0 0 0.7594 98.7309 0 
34.3393 34.0585 115.287 93.6074 
15.4834 15.4834 130.875 148.575 
28.8713 40.3667 0 4.25329 2.18449 
0 11.542 0 0 0.743143 98.2436 0 
34.1738 34.6374 114.867 93.536 
15.0466 15.0466 130.149 150.022 
28.7269 39.4865 0 3.99964 1.91767 
0 11.2905 0 0 0.728571 97.876 0 
33.8541 34.8584 113.443 95.4093 
14.9845 14.9845 129.748 150.518 
28.3581 36.9963 0 3.9051 1.53517 
0 11.1543 0 0 0.736373 98.4342 0 
34.8727 34.498 112.582 94.4886 
16.2081 16.2081 128.43 151.436 
28.2301 36.0174 0 3.90084 1.3094 
0 11.2716 0 0 0.74167 99.1956 0 
35.371 33.7751 112.578 91.4861 
17.0764 17.0764 127.701 151.223 
28.2308 35.3639 0 3.93767 1.08458 
0 11.4178 0 0 0.733312 100.159 0 
34.277 33.4297 112.682 90.9022 
17.1059 17.1059 126.678 149.926 
28.3158 35.7558 0 3.93364 0.881622 
0 11.5176 0 0 0.710504 99.9562 0 
32.2945 35.2154 111.552 89.7263 
16.2287 16.2287 124.6 151.46 
28.3971 35.9227 0 3.84834 0.675919 
0 11.641 0 0 0.676175 99.3847 0 
32.2682 35.3271 110.535 89.3832 
16.7847 16.7847 123.499 150.874 
28.5446 36.576 0 3.88799 0.542637 
0 11.8846 0 0 0.654596 98.7906 0 
308 variables; iteration 130; function evaluation 160; phase 1
Function value   7.9630801e+02; maximum gradient component mag   2.0744e+03
Var   Value    Gradient   |Var   Value    Gradient   |Var   Value    Gradient
  1  0.07909  -6.0010e-01 |  2 -0.01489  -2.3644e+00 |  3  0.26580  -7.6615e+01
  4  0.21675  -6.3304e+01 |  5  0.24166  -3.3469e+01 |  6  0.23662   6.1015e+01
  7  0.20527  -1.9223e+01 |  8  0.19649  -1.6131e+01 |  9  0.20050   4.7129e+01
 10  0.15722  -3.9946e+01 | 11 -2.16113  -6.3590e+00 | 12  0.14315   4.3336e+00
 13  0.13134   7.4534e+01 | 14 -2.10622  -2.4058e+01 | 15 -2.07880  -1.0228e+01
 16  0.03013  -5.6533e+01 | 17  0.00678   1.3064e+01 | 18 -0.05300  -1.3577e+01
 19 -0.71221  -1.0575e-02 | 20 -0.28557  -4.6158e-01 | 21 -0.39169  -2.6857e-02
 22 -2.22676  -2.8248e+00 | 23 -0.09429  -8.1490e-03 | 24  0.11298   3.0517e-01
 25  0.14592  -7.7811e+00 | 26  0.20322   3.3176e+00 | 27  0.22612   2.4798e+01
 28  0.19324  -2.4200e+01 | 29  0.17401  -1.8826e+01 | 30  0.20743   4.8832e+01
 31  0.20505   4.0022e+01 | 32  0.15705  -2.2542e+01 | 33  0.13945  -8.7860e+00
 34  0.15159   6.4303e+01 | 35 -0.07197  -2.8614e+01 | 36  0.04119  -3.0173e+01
 37 -0.63667  -6.2282e+00 | 38 -0.00437  -2.3755e+00 | 39 -0.51047  -1.8998e+00
 40 -0.03478   6.1908e+00 | 41 -0.20566  -2.6492e+00 | 42 -0.22834  -7.6102e-01
 43  0.03290   1.0734e+01 | 44 -0.05354  -3.0151e+00 | 45  0.12470  -2.8632e+00
 46 -0.08069   2.7292e+01 | 47 -0.07611   4.0704e+01 | 48 -0.01054   4.2492e+01
 49  0.05295   4.7565e+01 | 50  0.12460   5.9586e+01 | 51 -0.00417   2.0094e+01
 52  0.08218   3.3405e+01 | 53  0.09115   8.5445e+01 | 54  0.18448   1.4329e+02
 55  0.15515   8.0131e+01 | 56  0.10815   4.7010e+01 | 57  0.16431   5.3516e+01
 58  0.17861   6.5513e+01 | 59  0.09268   6.0710e+01 | 60 -0.05862   4.0021e+01
 61  0.02023   5.2602e+01 | 62  0.22510   1.2335e+02 | 63 -0.06200   2.7188e+01
 64  0.07751   2.5321e+01 | 65  0.18693   2.4621e+01 | 66  0.02071   3.3309e+01
 67  0.05052   7.1837e+01 | 68  0.11497   8.8110e+01 | 69  0.00623   6.6507e+01
 70 -0.01858   7.5121e+01 | 71  0.17900   1.5395e+02 | 72  0.09146   7.9818e+01
 73  0.12373   7.2007e+01 | 74 -0.02575   2.3618e+01 | 75  0.20681   6.6356e+01
 76 -0.38905   9.9759e-01 | 77  0.15737   6.5984e+01 | 78  0.02941   5.4508e+01
 79  0.32224   1.8142e+02 | 80 -0.19892   3.4448e+00 | 81 -0.82697   4.8046e+00
 82 -0.44198   8.7897e-01 | 83 -0.53506  -4.7337e-01 | 84 -1.22023   2.0018e+00
 85  0.21291   7.2158e+01 | 86  0.26324   6.9535e+01 | 87  0.31725   6.4238e+01
 88 -0.29196   5.9360e+01 | 89 -0.36543   5.5470e+01 | 90  0.05951   8.6226e+01
 91  0.11934   7.7659e+01 | 92  0.23202   9.8413e+01 | 93  0.04755   7.7670e+01
 94  0.31283   8.3837e+01 | 95  0.22083   8.1277e+01 | 96  0.14831   7.5172e+01
 97  0.13571   8.5533e+01 | 98  0.26804   9.5921e+01 | 99  0.17408   7.7324e+01
100  0.22815   6.8594e+01 |101 -0.21131   6.0351e+01 |102 -0.21072   7.0006e+01
103 -0.25618   6.5231e+01 |104 -0.11536   7.1376e+01 |105  0.29673   1.1661e+02
106  0.16013   9.3357e+01 |107 -0.17818   7.0110e+01 |108 -1.59279  -5.2274e+01
109 -0.22670   6.0869e+01 |110  0.27199   4.9187e+01 |111 -0.00840   7.0717e+01
112 -0.12124   7.5677e+01 |113 -0.15881   7.4211e+01 |114 -1.93554  -7.9914e+01
115  0.06525   8.4561e+01 |116  0.26861   1.3613e+02 |117 -0.11636   7.2807e+01
118 -0.36647   5.7182e+01 |119 -0.44488   5.2246e+01 |120 -0.38031   5.5398e+01
121  0.07261   1.0206e+02 |122  1.55930  -2.3844e+02 |123 -0.48999   5.9650e+01
124  0.06276   7.7832e+01 |125  0.29521   8.7930e+01 |126  2.13608  -7.3307e+01
127 -0.06013  -1.3413e+00 |128 -0.06478  -1.3403e+00 |129 -0.10618  -1.3286e+00
130 -0.10068  -1.3305e+00 |131 -0.04189  -1.3444e+00 |132 -0.10124  -1.3303e+00
133  0.31939  -1.1813e+00 |134  0.01515  -1.3469e+00 |135 -0.07468  -1.3380e+00
136 -0.07408  -1.3382e+00 |137  0.20369  -1.2789e+00 |138 -0.06693  -1.3398e+00
139 -0.06293  -1.3407e+00 |140 -0.05903  -1.3415e+00 |141 -0.07133  -1.3388e+00
142 -0.05237  -1.3427e+00 |143 -0.08617  -1.3350e+00 |144  0.23968  -1.2529e+00
145 -0.10818  -1.3279e+00 |146 -0.10559  -1.3288e+00 |147 -0.10049  -1.3305e+00
148  0.19015  -1.2876e+00 |149  0.09849  -1.3312e+00 |150 -0.09411  -1.3326e+00
151  0.25546  -1.2403e+00 |152 -0.08822  -1.3344e+00 |153 -0.07985  -1.3367e+00
154 -0.00566  -1.3472e+00 |155 -0.10638  -1.3285e+00 |156 -0.05481  -1.3423e+00
157 -0.10817  -1.3279e+00 |158  0.38170  -1.1123e+00 |159 -0.09045  -1.3337e+00
160  0.00526  -1.3472e+00 |161 -0.10604  -1.3286e+00 |162 -0.10515  -1.3289e+00
163 -0.04277  -1.3442e+00 |164 -0.01387  -1.3470e+00 |165  0.35031  -1.1484e+00
166  0.41938  -1.0654e+00 |167 -0.10755  -1.3281e+00 |168 -0.04797  -1.3435e+00
169  0.06955  -1.5371e+03 |170  0.03469   2.6066e+02 |171 -0.04403  -7.3973e+00
172  0.04053  -2.0249e+01 |173  0.06642  -9.1865e+01 |174  0.06217   3.7760e+01
175  0.09387   1.0857e+02 |176 -0.00631   1.6092e+01 |177  0.08346   7.3628e+01
178  0.15581   1.1221e+02 |179  0.13239  -1.3263e+02 |180  0.19616  -2.6453e+00
181  0.14693   2.2268e+02 |182  0.00683   6.8697e+01 |183 -0.00323   3.0478e+01
184 -0.01901  -3.1780e+01 |185 -0.01373  -7.8754e+01 |186 -0.00171  -1.8714e+01
187  0.00128   7.4053e+01 |188  0.00357   4.9335e+01 |189  0.05026   4.2118e+01
190  0.03729   4.8664e+01 |191  0.10469   1.4221e+02 |192 -0.24957   3.1837e+01
193  0.02095  -1.2061e+02 |194 -0.08960   5.1665e+01 |195 -0.02007   3.0764e+00
196  0.07360  -2.3997e+02 |197 -0.52615   3.0840e+01 |198  0.07291   1.0579e+02
199  0.00999   5.9630e+01 |200  0.05458   8.1619e+01 |201 -0.11807   9.3397e+00
202  0.11342  -4.6424e+01 |203  0.15635   1.2292e+02 |204  0.10593  -1.0704e+02
205 -0.00804   1.9848e+01 |206 -0.20788   4.6813e+01 |207 -0.15858   6.7193e+01
208 -0.08425   4.3384e+01 |209 -0.03555   2.1254e+01 |210  0.10306   5.6153e+01
211 -0.41971   3.7953e+01 |212  0.01255   1.6074e+03 |213 -0.04670   5.9572e+01
214 -0.01411  -8.7040e-09 |215 -0.70420  -1.4175e+02 |216 -0.80543   4.6356e+01
217  0.01341  -2.0585e+02 |218 -0.05507  -6.2674e+01 |219 -0.16673  -4.0351e+01
220  0.04846  -3.2689e+01 |221  0.07438  -5.8512e+01 |222  0.03014  -4.8367e+01
223  0.02013  -4.8202e+01 |224 -0.01873  -4.6641e+01 |225  0.02138  -4.9272e+01
226  0.11146  -6.5561e+01 |227  0.11832  -4.1301e+01 |228  0.21332  -4.8847e+01
229  0.12569  -5.6303e+01 |230  0.13423  -5.0574e+01 |231  0.08012  -7.7673e+01
232  0.15892  -5.5257e+01 |233  0.14622  -5.3447e+01 |234  0.15263  -4.8017e+01
235 -0.14466  -4.4753e+01 |236 -0.17021  -4.6837e+01 |237 -0.08906  -4.9483e+01
238  0.01709  -5.7421e+01 |239 -0.04380  -8.3846e+01 |240 -0.10408  -6.7143e+01
241 -0.07482  -5.8292e+01 |242 -0.04455  -4.4457e+01 |243  0.06931  -4.8193e+01
244  0.02680  -5.2370e+01 |245 -0.09123  -4.7387e+01 |246 -0.20972  -5.2461e+01
247 -0.11927  -6.6460e+01 |248 -0.07407  -7.4002e+01 |249  0.02268  -7.8984e+01
250  0.06037  -8.2652e+01 |251 -0.02882  -7.3273e+01 |252 -0.16573  -5.8280e+01
253 -0.21639  -7.2334e+01 |254 -0.13656  -8.7354e+01 |255  0.19543  -6.4730e+01
256  0.29162  -3.0194e+01 |257 -0.23922  -5.6723e+01 |258  0.10388   5.3117e+02
259 -0.60070  -1.8801e+01 |260 -1.15071  -7.0124e+02 |261 -0.96997   2.2011e+02
262 -1.13412   3.5334e+01 |263 -0.06281   3.6459e+01 |264  0.57432   2.2712e+01
265 -0.64666   1.9307e+01 |266  0.35219   3.1172e+01 |267  0.46665   2.7227e+01
268  0.25132   3.3819e+01 |269  0.71455   1.5883e+01 |270  0.05153   3.6517e+01
271  0.41897   2.8985e+01 |272  0.37297   3.0528e+01 |273 -0.47465   2.6917e+01
274 -0.76334   1.3308e+01 |275 -0.22033   3.4465e+01 |276 -0.13621   3.5802e+01
277  0.49514   2.6103e+01 |278  0.32680   3.1915e+01 |279 -0.08351   3.6322e+01
280 -0.53462   2.4460e+01 |281 -0.53488   2.4449e+01 |282 -0.39080   2.9948e+01
283 -0.51061   2.5471e+01 |284  0.27698   3.3224e+01 |285 -0.41842   2.9005e+01
286 -0.45616   2.7628e+01 |287 -0.61966   2.0609e+01 |288 -0.05847   3.6483e+01
289  0.30511   3.2509e+01 |290 -0.44824   2.7925e+01 |291 -0.43873   2.8276e+01
292  0.24754   3.3902e+01 |293 -0.62718   2.0250e+01 |294  0.87594   7.0943e+00
295  0.42465   2.8784e+01 |296 -0.45034   2.7846e+01 |297  0.49327   2.6179e+01
298  0.51340   2.5355e+01 |299 -0.27262   3.3329e+01 |300  0.25389   3.3762e+01
301  0.45762   2.7572e+01 |302  0.23522   3.4165e+01 |303  0.48921   6.3347e+02
304  0.32419   6.5836e+01 |305 -0.90946   2.6053e+02 |306  0.21164   1.4042e+02
307 -0.89311   2.0744e+03 |308 -0.33392   4.9786e+02 |
32.3571 34.751 110.38 88.7228 
17.6813 17.6813 123.156 149.898 
28.5089 35.6701 0 3.89243 0.40589 
0 12.2228 0 0 0.64091 98.0433 0 
31.9375 34.6506 108.63 88.1683 
18.666 18.666 121.578 149.821 
28.059 36.78 0 3.80294 0.512104 
0 12.5977 0 0 0.634782 97.3235 0 
32.1429 34.4538 108.319 88.7005 
18.5049 18.5049 121.435 149.018 
27.8463 37.2935 0 3.83473 0.532098 
0 12.6374 0 0 0.635261 96.8144 0 
31.4746 34.9658 108.567 88.5305 
17.7951 17.7951 121.192 149.436 
27.5398 36.4725 0 3.85817 0.489911 
0 12.6206 0 0 0.64365 96.4285 0 
31.207 34.6061 107.954 88.4836 
17.1996 17.1996 122.36 148.144 
27.1623 36.6631 0 3.89841 0.455546 
0 12.6942 0 0 0.664052 95.8397 0 
30.5242 35.0525 107.9 91.157 
15.8344 15.8344 123.73 146.532 
26.6303 36.0094 0 3.9544 0.311416 
0 12.5834 0 0 0.67959 95.3388 0 
30.6841 34.1133 109.017 89.9612 
15.5668 15.5668 123.729 145.836 
26.4391 36.4184 0 4.06332 0.243867 
0 12.3895 0 0 0.684926 95.6675 0 
30.5706 33.8276 108.851 89.6229 
15.6065 15.6065 123.361 146.761 
26.3913 35.5808 0 4.08879 0.232673 
0 12.0486 0 0 0.67135 95.6851 0 
30.4074 33.5382 107.678 89.3741 
16.1626 16.1626 124.323 145.938 
26.2236 34.8062 0 4.15833 0.198381 
0 11.6878 0 0 0.668377 95.4071 0 
29.3407 34.7876 107.251 89.2039 
16.0156 16.0156 123.993 145.131 
25.8884 33.883 0 4.18469 0.138412 
0 11.0211 0 0 0.685184 95.8145 0 
308 variables; iteration 140; function evaluation 170; phase 1
Function value   7.6680384e+02; maximum gradient component mag   2.3744e+03
Var   Value    Gradient   |Var   Value    Gradient   |Var   Value    Gradient
  1  0.20766   4.9840e+00 |  2  0.00538  -2.6093e+00 |  3  0.26214  -7.1776e+01
  4  0.22126  -5.2579e+01 |  5  0.24479   9.8386e-01 |  6  0.24345   7.0317e+01
  7  0.19793  -3.2999e+01 |  8  0.21172   2.9870e+01 |  9  0.19328   6.2970e+00
 10  0.17078  -1.1779e+01 | 11 -2.16535  -2.8588e+01 | 12  0.13058  -1.8838e+01
 13  0.13145   5.7668e+01 | 14 -2.09130   2.0452e+01 | 15 -2.07679  -2.8950e+01
 16  0.04622  -1.7906e+01 | 17  0.02383   2.7309e+01 | 18 -0.03911  -7.1221e+00
 19 -0.57431  -1.5089e-02 | 20 -0.17634  -1.6401e+00 | 21 -0.36918  -2.4513e-01
 22 -2.24303  -4.4372e+00 | 23 -0.09267  -9.1291e-03 | 24  0.14697   2.1297e+00
 25  0.17367  -3.2197e+00 | 26  0.21480   1.0232e+01 | 27  0.25253   9.0714e+01
 28  0.22103   1.9629e+01 | 29  0.17568  -2.1218e+01 | 30  0.17432  -2.1780e+01
 31  0.19167  -6.9424e+00 | 32  0.19458   3.5541e+01 | 33  0.15518   4.8706e+00
 34  0.11638  -2.4733e+00 | 35 -0.08229  -2.8698e+01 | 36  0.06997  -2.1636e+01
 37 -0.61630  -6.5354e+00 | 38 -0.02964  -3.5798e+00 | 39 -0.28292  -2.4860e+00
 40 -0.05576  -3.0254e+00 | 41 -0.26466  -8.5459e-01 | 42 -0.30751  -6.8603e-01
 43  0.02299  -1.4935e+00 | 44 -0.07175  -8.9518e+00 | 45  0.13435  -3.2852e+01
 46 -0.07389   1.6954e+01 | 47 -0.08273   3.0322e+01 | 48 -0.00012   3.8756e+01
 49  0.01629   4.4046e+01 | 50  0.10495   6.6147e+01 | 51 -0.01245   1.9570e+01
 52  0.12380   3.0879e+01 | 53  0.10391   8.8072e+01 | 54  0.14571   1.2944e+02
 55  0.14522   1.0406e+02 | 56  0.08190   5.6215e+01 | 57  0.16537   7.0317e+01
 58  0.16718   6.3608e+01 | 59  0.11429   5.4092e+01 | 60 -0.06610   2.9021e+01
 61  0.01728   3.8253e+01 | 62  0.20228   7.9129e+01 | 63 -0.06737   2.1345e+01
 64  0.09513   2.8668e+01 | 65  0.19741   4.9937e+01 | 66  0.01707   3.8204e+01
 67  0.04485   7.3312e+01 | 68  0.11938   9.6900e+01 | 69 -0.00581   5.5339e+01
 70 -0.00465   6.3572e+01 | 71  0.16492   1.0118e+02 | 72  0.07966   5.7890e+01
 73  0.13432   5.2584e+01 | 74 -0.06904   5.8129e+00 | 75  0.20261   8.4470e+00
 76 -0.40011  -1.0730e+00 | 77  0.14731   6.1962e+01 | 78  0.03933   4.6278e+01
 79  0.30942   1.1116e+02 | 80 -0.20688   6.6449e-02 | 81 -0.88411   2.9464e+00
 82 -0.25146   6.2637e+00 | 83 -0.54184  -2.0749e+00 | 84 -1.26783   2.7174e+00
 85  0.25358   6.3063e+01 | 86  0.18413   5.7815e+01 | 87  0.35008   5.7550e+01
 88 -0.23858   5.0130e+01 | 89 -0.33703   4.7773e+01 | 90 -0.07790   6.2637e+01
 91  0.07596   5.6749e+01 | 92  0.21592   7.5286e+01 | 93  0.12543   6.7457e+01
 94  0.28539   6.5550e+01 | 95  0.20850   7.8987e+01 | 96  0.15344   7.3085e+01
 97  0.08165   6.8246e+01 | 98  0.24706   7.7756e+01 | 99  0.20932   7.4257e+01
100  0.21236   6.1432e+01 |101 -0.19747   4.8581e+01 |102 -0.18877   5.7824e+01
103 -0.21939   5.5596e+01 |104 -0.13844   5.6515e+01 |105  0.29964   1.1788e+02
106  0.12972   7.1911e+01 |107 -0.07312   6.3240e+01 |108 -1.55782  -3.7273e+01
109 -0.22073   4.9894e+01 |110  0.26267   4.7409e+01 |111  0.09003   6.4212e+01
112 -0.10048   6.3230e+01 |113 -0.17073   6.0776e+01 |114 -1.87147  -6.1120e+01
115  0.05403   6.7940e+01 |116  0.27009   1.1541e+02 |117 -0.12051   5.7434e+01
118 -0.32254   4.9505e+01 |119 -0.45657   4.0168e+01 |120 -0.38313   4.4550e+01
121  0.03547   8.0052e+01 |122  1.56269  -2.2607e+02 |123 -0.49983   4.9433e+01
124  0.01018   6.1271e+01 |125  0.28717   7.1149e+01 |126  2.06884  -6.4224e+01
127 -0.06722   1.1238e+00 |128 -0.07316   1.1226e+00 |129 -0.11603   1.1113e+00
130 -0.10502   1.1147e+00 |131 -0.01380   1.1298e+00 |132 -0.10607   1.1144e+00
133  0.32407   9.8677e-01 |134  0.02787   1.1290e+00 |135 -0.08577   1.1198e+00
136 -0.06068   1.1249e+00 |137  0.23295   1.0552e+00 |138 -0.04975   1.1266e+00
139 -0.04376   1.1274e+00 |140 -0.06581   1.1240e+00 |141 -0.08153   1.1208e+00
142 -0.05727   1.1255e+00 |143 -0.07995   1.1212e+00 |144  0.26484   1.0337e+00
145 -0.12173   1.1095e+00 |146 -0.11472   1.1118e+00 |147 -0.10468   1.1148e+00
148  0.22026   1.0631e+00 |149  0.12556   1.1081e+00 |150 -0.10982   1.1133e+00
151  0.27791   1.0241e+00 |152 -0.08334   1.1204e+00 |153 -0.06975   1.1233e+00
154  0.00206   1.1300e+00 |155 -0.12266   1.1091e+00 |156 -0.03188   1.1286e+00
157 -0.12280   1.1091e+00 |158  0.35265   9.6106e-01 |159 -0.10543   1.1146e+00
160  0.01567   1.1297e+00 |161 -0.11571   1.1114e+00 |162 -0.11378   1.1120e+00
163 -0.04497   1.1272e+00 |164 -0.00825   1.1300e+00 |165  0.34120   9.7159e-01
166  0.31553   9.9407e-01 |167 -0.12319   1.1090e+00 |168 -0.02217   1.1294e+00
169  0.06884  -1.1954e+03 |170  0.02920   2.4367e+02 |171 -0.02301  -1.8986e+00
172  0.04237  -2.2238e+00 |173  0.05412  -1.2810e+02 |174  0.06012   8.8117e+00
175  0.07557   1.4642e+01 |176  0.00230  -2.4027e+01 |177  0.08341   6.3173e+01
178  0.16510   1.6001e+02 |179  0.12473  -1.5692e+02 |180  0.17106  -1.1536e+02
181  0.11759   9.0623e+01 |182  0.02389   7.0436e+01 |183 -0.00624   2.0266e+01
184 -0.01375  -4.7087e+01 |185 -0.00067  -6.4693e+01 |186  0.00500   2.1795e+01
187 -0.00279   5.5316e+01 |188 -0.00280   1.9532e+01 |189  0.05082   1.4878e+00
190  0.04148  -1.9535e+00 |191  0.11140   9.3014e+01 |192 -0.19266   7.0799e-01
193  0.02831  -1.0931e+02 |194 -0.20620   1.5482e+01 |195 -0.01018  -2.1918e+01
196  0.07825  -1.5707e+02 |197 -0.53697   1.2475e+01 |198  0.06922   8.0337e+01
199 -0.01516   5.0861e+00 |200  0.05590   1.3466e+02 |201 -0.01726  -3.4469e-01
202  0.10405  -9.4075e+01 |203  0.14101   3.0211e+01 |204  0.11018  -7.2762e+01
205 -0.00507   1.0260e+01 |206 -0.22478   1.8981e+01 |207 -0.17620   2.1219e+01
208 -0.07811   2.2290e+01 |209 -0.02131   2.3015e+01 |210  0.08610  -9.6897e+00
211 -0.38429   1.7185e+01 |212  0.01421   1.2984e+03 |213 -0.03935   7.9763e+01
214 -0.01411  -8.7040e-09 |215 -0.71246  -1.6970e+02 |216 -0.80890   9.2203e+01
217  0.02235  -8.8957e+01 |218 -0.05351  -4.4555e+01 |219 -0.19707  -3.1664e+01
220  0.00991  -3.0482e+01 |221  0.09377  -3.8736e+01 |222  0.03774  -3.7107e+01
223  0.01789  -3.0530e+01 |224 -0.02146  -1.7938e+01 |225  0.00804  -2.6118e+01
226  0.11394  -4.8264e+01 |227  0.13731  -1.7619e+01 |228  0.25457  -2.5687e+01
229  0.13772  -4.9151e+01 |230  0.14083  -3.2332e+01 |231  0.06357  -5.4003e+01
232  0.15442  -3.6523e+01 |233  0.13758  -4.5234e+01 |234  0.15944  -3.0786e+01
235 -0.14260  -3.5567e+01 |236 -0.15593  -2.5945e+01 |237 -0.06102  -1.2420e+01
238 -0.00322  -6.6007e+01 |239 -0.06766  -6.8826e+01 |240 -0.12662  -5.3781e+01
241 -0.08667  -4.3601e+01 |242 -0.03842  -2.2852e+01 |243  0.09307  -1.9259e+01
244  0.05028  -3.6735e+01 |245 -0.07867  -4.5015e+01 |246 -0.19774  -3.3580e+01
247 -0.10941  -4.3223e+01 |248 -0.07534  -5.9205e+01 |249  0.01882  -6.4885e+01
250  0.05959  -6.6092e+01 |251 -0.03505  -6.0821e+01 |252 -0.15868  -3.7701e+01
253 -0.20856  -5.0974e+01 |254 -0.13617  -5.9720e+01 |255  0.20447  -3.9069e+01
256  0.26601  -2.7480e+01 |257 -0.25612  -4.2603e+01 |258  0.10381   3.2076e+02
259 -0.60417  -1.7584e+01 |260 -1.14650  -5.2511e+02 |261 -0.97019   1.5492e+02
262 -1.13954   2.1699e+01 |263  0.07405  -1.0391e+01 |264  0.40047  -8.4587e+00
265 -0.32904  -9.0947e+00 |266  0.40906  -8.3749e+00 |267  0.17698  -1.0060e+01
268  0.27116  -9.5265e+00 |269  0.29672  -9.3454e+00 |270 -0.11941  -1.0278e+01
271  0.52286  -7.1269e+00 |272  0.09637  -1.0342e+01 |273 -0.37691  -8.6807e+00
274 -0.53588  -6.9688e+00 |275 -0.54264  -6.8855e+00 |276  0.10453  -1.0321e+01
277  0.45147  -7.9391e+00 |278  0.21139  -9.8898e+00 |279  0.06516  -1.0406e+01
280 -0.43400  -8.1230e+00 |281 -0.48865  -7.5279e+00 |282 -0.45082  -7.9461e+00
283 -0.30397  -9.2912e+00 |284  0.29005  -9.3941e+00 |285 -0.51820  -7.1827e+00
286 -0.38204  -8.6334e+00 |287 -0.32062  -9.1623e+00 |288 -0.29593  -9.3512e+00
289  0.36524  -8.7862e+00 |290 -0.43737  -8.0879e+00 |291 -0.46797  -7.7599e+00
292  0.36590  -8.7804e+00 |293 -0.45025  -7.9521e+00 |294  0.64213  -5.5758e+00
295  0.53537  -6.9750e+00 |296 -0.38414  -8.6138e+00 |297  0.48967  -7.5162e+00
298  0.41522  -8.3139e+00 |299 -0.35991  -8.8335e+00 |300  0.24937  -9.6689e+00
301  0.37401  -8.7072e+00 |302  0.35512  -8.8754e+00 |303  0.48907   4.3981e+02
304  0.31683   5.5203e+01 |305 -0.90857   2.4535e+02 |306  0.20283   1.0079e+02
307 -0.89155   2.3744e+03 |308 -0.34075   5.5719e+02 |
30.2138 33.4857 107.3 90.4512 
15.6431 15.6431 126.102 143.242 
25.6594 31.5701 0 4.17447 0.116523 
0 10.3975 0 0 0.667797 93.9583 0 
29.8381 32.867 105.25 90.811 
15.8865 15.8865 129.337 138.817 
25.8258 33.2766 0 4.17666 0.105053 
0 10.1696 0 0 0.660456 93.4513 0 
29.9917 33.189 106.031 90.4827 
15.6459 15.6459 127.32 141.297 
25.7189 32.1477 0 4.17542 0.111467 
0 10.2854 0 0 0.662065 93.7338 0 
29.5481 32.8322 105.376 89.6701 
15.6761 15.6761 128.643 138.92 
25.9 33.4226 0 4.13042 0.123259 
0 10.2632 0 0 0.662534 93.8638 0 
28.7035 32.072 105.979 88.3702 
16.132 16.132 129.161 138.003 
26.0688 32.3733 0 3.9093 0.0901294 
0 10.208 0 0 0.649198 93.0047 0 
28.2996 32.0522 105.123 88.4115 
16.0903 16.0903 130.249 136.93 
25.9725 32.5104 0 3.67964 0.0352664 
0 10.1986 0 0 0.627412 91.5774 0 
27.1774 32.3578 104.317 87.568 
16.8315 16.8315 129.622 137.02 
25.7873 32.131 0 3.54624 0.0444215 
0 10.4148 0 0 0.603584 90.9442 0 
27.2078 33.78 103.626 86.9847 
15.2267 15.2267 130.72 136.834 
25.2472 33.8459 0 3.4388 0.0156271 
0 10.6491 0 0 0.625584 90.1466 0 
26.8293 33.5998 102.92 86.7143 
15.1421 15.1421 130.354 136.73 
25.2816 33.5905 0 3.44135 0.00349027 
0 10.7544 0 0 0.636322 90.3799 0 
25.8873 34.0048 102.121 85.9202 
14.0019 14.0019 130.476 135.969 
25.6078 34.0054 0 3.37927 0.00251112 
0 10.7967 0 0 0.659653 90.6947 0 
25.8578 33.7405 100.505 85.6002 
13.2388 13.2388 132.27 135.718 
26.1925 33.8033 0 3.31653 0.0900282 
0 11.0029 0 0 0.662828 90.3973 0 
308 variables; iteration 150; function evaluation 181; phase 1
Function value   7.3258363e+02; maximum gradient component mag   1.8376e+03
Var   Value    Gradient   |Var   Value    Gradient   |Var   Value    Gradient
  1  0.13383  -2.0694e+00 |  2  0.04274  -4.1273e+00 |  3  0.27516   1.1059e+01
  4  0.21988  -1.9299e+01 |  5  0.25537   9.0727e+01 |  6  0.24358   8.6308e+01
  7  0.19100  -5.2283e+01 |  8  0.20929   2.0650e+01 |  9  0.18653  -2.6379e+00
 10  0.15595  -5.0394e+01 | 11 -2.16315  -3.5172e+01 | 12  0.11503  -1.8732e+01
 13  0.13238   1.1600e+02 | 14 -2.08135   1.6282e+01 | 15 -2.04361   1.4832e+01
 16  0.05707   5.4143e+01 | 17  0.00244   6.7165e+00 | 18 -0.04573  -6.7509e+00
 19 -0.07424   5.3308e+00 | 20 -0.23165  -6.3969e-01 | 21 -0.28287  -7.0263e-01
 22 -2.22505  -5.3424e+00 | 23 -0.08915  -3.8448e-03 | 24  0.05682  -9.4150e-01
 25  0.16609  -8.6953e-01 | 26  0.17536  -7.1927e+00 | 27  0.20507   9.2415e+00
 28  0.21234   4.7389e+01 | 29  0.16659  -7.2595e+00 | 30  0.17268   1.5301e+00
 31  0.16840  -1.7002e+01 | 32  0.16961   2.1814e+01 | 33  0.14123   1.3046e+01
 34  0.13483   6.0722e+01 | 35 -0.08815  -2.8779e+01 | 36  0.04732  -4.1760e+01
 37 -0.63949  -6.1851e+00 | 38 -0.05247  -6.3520e+00 | 39 -0.45404  -2.0661e+00
 40 -0.08802   1.0174e+00 | 41 -0.18753  -1.9385e+00 | 42 -0.44132  -1.6500e-01
 43  0.02118  -7.8017e+00 | 44 -0.02484  -2.5476e+00 | 45  0.15475  -2.4529e+01
 46 -0.22385   1.5145e+01 | 47 -0.07172   4.2545e+01 | 48  0.02973   6.2880e+01
 49  0.03427   6.7984e+01 | 50  0.06603   7.8540e+01 | 51  0.00258   4.3837e+01
 52  0.14735   6.4513e+01 | 53  0.11213   9.3863e+01 | 54  0.10774   9.5696e+01
 55  0.14239   9.2550e+01 | 56  0.10612   5.3859e+01 | 57  0.13643   3.0276e+01
 58  0.15901   1.7655e+01 | 59  0.10153   2.2850e+01 | 60 -0.03307   3.0462e+01
 61 -0.00515   3.1512e+01 | 62  0.19454   5.4004e+01 | 63 -0.06867   2.6178e+01
 64  0.07226   2.2671e+01 | 65  0.18952   7.5009e+00 | 66  0.03225   2.4857e+01
 67  0.04906   4.2399e+01 | 68  0.13996   5.4368e+01 | 69 -0.01521   3.3746e+01
 70  0.04787   5.3685e+01 | 71  0.12746   4.7688e+01 | 72  0.10506   4.6865e+01
 73  0.13666   3.5044e+01 | 74 -0.11610   8.6225e+00 | 75  0.22327   4.5026e+00
 76 -0.48374   2.4136e+00 | 77  0.16720   2.7818e+01 | 78  0.05681   3.4826e+01
 79  0.31267   4.1361e+01 | 80 -0.23284   5.1913e+00 | 81 -1.05977  -2.2902e+00
 82 -0.27452   1.2947e+01 | 83 -0.38896   8.2217e+00 | 84 -1.27910  -6.4250e-01
 85  0.18943   2.0747e+01 | 86  0.08201   2.0331e+01 | 87  0.33616   2.6392e+01
 88 -0.27940   1.8964e+01 | 89 -0.33671   2.1168e+01 | 90 -0.01818   3.4044e+01
 91  0.10622   2.8037e+01 | 92  0.16265   4.3818e+01 | 93  0.15958   4.5968e+01
 94  0.26200   4.6670e+01 | 95  0.11711   4.3851e+01 | 96  0.13433   4.8003e+01
 97  0.10873   4.1147e+01 | 98  0.21980   4.0574e+01 | 99  0.17491   3.7737e+01
100  0.19161   2.1646e+01 |101 -0.10353   1.8752e+01 |102 -0.07834   2.9421e+01
103 -0.13465   2.8274e+01 |104 -0.13319   2.2923e+01 |105  0.21175   2.1657e+01
106  0.14425   3.1122e+01 |107 -0.14308   2.9476e+01 |108 -1.57516  -1.3415e+01
109 -0.03996   2.2434e+01 |110  0.27378   1.3987e+01 |111 -0.02151   2.4706e+01
112 -0.08481   2.9962e+01 |113 -0.12600   2.8483e+01 |114 -1.94898  -2.8411e+01
115  0.15696   3.4504e+01 |116  0.21770   5.1584e+01 |117 -0.09935   2.5922e+01
118 -0.37500   1.8643e+01 |119 -0.46096   1.7864e+01 |120 -0.47465   1.3870e+01
121 -0.02619   3.8211e+01 |122  1.59970  -1.6989e+02 |123 -0.36287   3.3020e+01
124  0.04914   2.8870e+01 |125  0.24610   3.8820e+01 |126  2.18438  -2.8318e+01
127 -0.08534  -8.1647e+00 |128 -0.09357  -8.1498e+00 |129 -0.13657  -8.0498e+00
130 -0.11431  -8.1061e+00 |131  0.02163  -8.2338e+00 |132 -0.11631  -8.1015e+00
133  0.31337  -7.2605e+00 |134  0.03725  -8.2245e+00 |135 -0.11114  -8.1134e+00
136 -0.03974  -8.2225e+00 |137  0.23393  -7.6886e+00 |138 -0.02379  -8.2328e+00
139 -0.01545  -8.2362e+00 |140 -0.08338  -8.1680e+00 |141 -0.10522  -8.1263e+00
142 -0.07165  -8.1865e+00 |143 -0.07003  -8.1888e+00 |144  0.25929  -7.5647e+00
145 -0.15026  -8.0102e+00 |146 -0.13374  -8.0575e+00 |147 -0.11365  -8.1077e+00
148  0.22377  -7.7349e+00 |149  0.14129  -8.0365e+00 |150 -0.14402  -8.0287e+00
151  0.26989  -7.5092e+00 |152 -0.07567  -8.1805e+00 |153 -0.05364  -8.2094e+00
154  0.00599  -8.2382e+00 |155 -0.15745  -7.9879e+00 |156  0.00026  -8.2386e+00
157 -0.15377  -7.9994e+00 |158  0.37180  -6.8730e+00 |159 -0.13822  -8.0452e+00
160  0.02268  -8.2334e+00 |161 -0.13586  -8.0517e+00 |162 -0.13176  -8.0628e+00
163 -0.05495  -8.2079e+00 |164 -0.00693  -8.2381e+00 |165  0.33813  -7.1036e+00
166  0.51603  -5.6770e+00 |167 -0.15646  -7.9910e+00 |168  0.01217  -8.2371e+00
169  0.06591  -7.0977e+01 |170  0.02989   1.7419e+02 |171  0.00710   4.3690e+01
172  0.03038  -5.5178e+00 |173  0.06102  -1.1498e+02 |174  0.05056  -1.8306e+01
175  0.06617  -1.3844e+01 |176  0.01074  -3.3129e+01 |177  0.06490   2.2559e+01
178  0.15972   1.6191e+02 |179  0.13961  -1.1169e+02 |180  0.15114  -7.8313e+01
181  0.09872   6.1266e+01 |182  0.01951   8.6260e+01 |183 -0.00857   6.8863e+01
184 -0.00320   2.3179e+01 |185 -0.00998  -1.8144e+01 |186 -0.00533   3.3232e+01
187 -0.01672   2.6900e+01 |188 -0.03485   5.8607e+00 |189  0.05680   2.8770e+01
190  0.03534   1.6981e+01 |191  0.12002   2.4532e+02 |192 -0.11940  -3.0765e-01
193  0.04372   2.6655e+01 |194 -0.21546   2.3896e+01 |195  0.00676   8.8177e+00
196  0.09021  -1.3146e+01 |197 -0.56398   1.7435e+01 |198  0.07147   9.1169e+01
199 -0.01895   7.9360e+00 |200  0.05965   1.7218e+02 |201  0.00988   2.1142e+01
202  0.10253  -9.8398e+01 |203  0.16027   1.5142e+02 |204  0.11576  -1.7529e+01
205 -0.01512   2.6538e+01 |206 -0.22149   2.7141e+01 |207 -0.18384   2.7006e+01
208 -0.08082   1.1186e+01 |209 -0.03516   9.8202e+00 |210  0.09809   3.0077e+01
211 -0.42033   2.2915e+01 |212  0.00916   5.4530e+02 |213 -0.02580  -1.5133e+02
214 -0.01411  -8.7040e-09 |215 -0.71963  -1.6172e+02 |216 -0.82513   5.9309e+01
217  0.02950   1.7562e+02 |218  0.00179   1.2981e+01 |219 -0.21327  -3.3814e+00
220 -0.02344  -1.8822e+01 |221  0.08788  -1.1282e+01 |222  0.01877  -1.2331e+01
223  0.02575  -5.6649e+00 |224 -0.00557   3.4879e+00 |225  0.01989   3.9998e+00
226  0.12832  -1.3805e+01 |227  0.12239  -9.6245e+00 |228  0.24775  -7.9099e+00
229  0.13138  -2.1529e+01 |230  0.14184  -1.7943e+01 |231  0.09430  -1.2898e+01
232  0.12477  -1.8953e+01 |233  0.11498  -2.6350e+01 |234  0.16130  -4.3401e+00
235 -0.14571  -1.6474e+01 |236 -0.17155  -2.2384e+01 |237 -0.09037  -2.2195e+01
238 -0.01535  -1.7870e+01 |239 -0.05691  -9.7146e+00 |240 -0.12745  -2.2280e+01
241 -0.09223  -1.7140e+01 |242 -0.05273  -9.8083e+00 |243  0.09571  -2.8327e+00
244  0.05244  -1.0089e+01 |245 -0.09138  -1.7634e+01 |246 -0.18979   1.4706e+00
247 -0.08822  -3.7180e+00 |248 -0.01098  -1.5093e+01 |249  0.03206  -4.1605e+01
250  0.07434  -2.4267e+01 |251 -0.02410  -2.5233e+01 |252 -0.16660  -2.7785e+01
253 -0.18600  -2.0806e+01 |254 -0.10425  -1.4040e+01 |255  0.19345  -1.1896e+01
256  0.22545  -1.5813e+01 |257 -0.25932  -1.8312e+01 |258  0.10326  -1.6496e+02
259 -0.62403  -1.8879e+01 |260 -1.14168  -3.2894e+02 |261 -0.96960   2.9984e+02
262 -1.17517  -9.1777e+00 |263  0.18703  -3.9109e+02 |264  0.35947  -3.4517e+02
265 -0.28574  -3.6812e+02 |266  0.14214  -3.9845e+02 |267 -0.24898  -3.7774e+02
268  0.05028  -4.0732e+02 |269  0.44095  -3.1444e+02 |270 -0.34957  -3.4853e+02
271  0.37778  -3.3874e+02 |272 -0.13325  -3.9967e+02 |273 -0.32098  -3.5775e+02
274 -0.51377  -2.8260e+02 |275 -0.44927  -3.1100e+02 |276  0.41111  -3.2631e+02
277  0.37672  -3.3912e+02 |278 -0.23940  -3.8004e+02 |279  0.19441  -3.8969e+02
280 -0.27863  -3.7008e+02 |281 -0.04039  -4.0777e+02 |282 -0.37032  -3.4139e+02
283  0.34986  -3.4843e+02 |284  0.22828  -3.8260e+02 |285 -0.36571  -3.4301e+02
286 -0.33419  -3.5358e+02 |287 -0.27616  -3.7075e+02 |288 -0.14324  -3.9829e+02
289  0.39071  -3.3403e+02 |290 -0.58638  -2.4718e+02 |291 -0.40037  -3.3042e+02
292  0.37770  -3.3877e+02 |293 -0.33458  -3.5345e+02 |294  0.43377  -3.1736e+02
295  0.46664  -3.0365e+02 |296 -0.33749  -3.5251e+02 |297  0.17673  -3.9295e+02
298  0.39137  -3.3378e+02 |299 -0.04315  -4.0765e+02 |300  0.18576  -3.9132e+02
301  0.05715  -4.0695e+02 |302  0.42473  -3.2098e+02 |303  0.48790   3.6324e+00
304  0.29286   1.8941e+01 |305 -0.90955   8.9978e+01 |306  0.20369   6.7454e+01
307 -0.89250   1.8376e+03 |308 -0.34269   4.5642e+02 |
25.5115 33.5259 99.9001 85.3663 
13.64 13.64 132.634 135.716 
26.4681 32.9179 0 3.30651 0.167105 
0 11.1533 0 0 0.646611 90.3685 0 
24.7878 33.0712 99.4618 85.1834 
13.8545 13.8545 133.543 133.99 
26.5405 31.633 0 3.3395 0.300651 
0 11.1771 0 0 0.634374 90.3086 0 
25.067 32.5904 99.1285 84.2068 
14.388 14.388 132.945 133.24 
26.4606 29.8829 0 3.35626 0.520607 
0 11.2963 0 0 0.625222 90.7077 0 
24.9373 32.724 99.1391 84.4308 
14.1574 14.1574 133.068 133.462 
26.4694 30.3347 0 3.35121 0.447968 
0 11.2399 0 0 0.627142 90.5858 0 
25.1527 31.7503 98.4786 83.1368 
14.3906 14.3906 131.575 133.063 
26.2122 29.709 0 3.4669 0.580646 
0 11.3647 0 0 0.626572 91.0541 0 
25.7922 29.7352 98.2222 81.7966 
14.2082 14.2082 131.349 132.748 
26.0174 29.8775 0 3.56125 0.702871 
0 11.4402 0 0 0.631723 91.9903 0 
25.3759 30.6775 98.1074 82.0352 
14.1618 14.1618 131.354 132.899 
26.0901 29.5128 0 3.5153 0.642096 
0 11.3836 0 0 0.626778 91.5334 0 
25.5546 30.2415 97.2104 81.2307 
14.7642 14.7642 129.767 133.738 
25.993 29.3084 0 3.49579 0.609845 
0 11.3994 0 0 0.597027 91.4521 0 
25.1368 29.956 96.2496 82.0371 
15.3599 15.3599 129.676 132.888 
26.1349 30.9059 0 3.55904 0.564846 
0 11.3415 0 0 0.562315 89.3043 0 
25.2946 30.0672 96.5855 81.5627 
14.985 14.985 129.632 133.303 
26.0569 29.9854 0 3.52793 0.586711 
0 11.3565 0 0 0.577604 90.3469 0 
25.5136 29.1991 95.9444 81.1084 
14.5639 14.5639 129.84 133.142 
26.205 30.4819 0 3.48406 0.575184 
0 11.4163 0 0 0.568597 90.099 0 
25.4574 28.5175 95.8283 80.5033 
14.3844 14.3844 130.757 131.841 
26.2767 30.2665 0 3.40824 0.507342 
0 11.4615 0 0 0.558759 89.8858 0 
27.0131 27.6226 94.5039 80.1132 
15.8841 15.8841 130.182 132.006 
26.3565 28.9438 0 3.31177 0.443642 
0 11.4447 0 0 0.577903 89.5456 0 
308 variables; iteration 160; function evaluation 194; phase 1
Function value   7.1009245e+02; maximum gradient component mag   1.3247e+03
Var   Value    Gradient   |Var   Value    Gradient   |Var   Value    Gradient
  1  0.24232   9.6096e+00 |  2  0.08628  -5.9767e+00 |  3  0.26895  -4.0906e+00
  4  0.22609  -2.0441e+01 |  5  0.25477   7.6156e+01 |  6  0.24065   4.8099e+01
  7  0.18568  -5.8597e+01 |  8  0.21414   3.0779e+01 |  9  0.17983  -3.2068e+01
 10  0.17135  -5.3811e+00 | 11 -2.17195  -8.3053e+01 | 12  0.10995  -2.5815e+01
 13  0.12654   5.9067e+01 | 14 -2.09287  -1.3949e+01 | 15 -2.04924   3.2964e+01
 16  0.04081  -9.8314e+00 | 17 -0.01423  -1.3465e+01 | 18 -0.03874  -3.1126e+00
 19 -0.15597  -6.5317e-01 | 20 -0.34626  -4.2799e-01 | 21 -0.16890   5.5288e-01
 22 -2.21790  -4.9063e+00 | 23 -0.08684  -4.6952e-04 | 24  0.06283  -6.8253e-01
 25  0.13888  -6.4874e+00 | 26  0.17203  -8.7816e+00 | 27  0.20905   1.7421e+01
 28  0.19813   1.0729e+01 | 29  0.17504   2.5948e+00 | 30  0.17703   6.4756e+00
 31  0.17335  -1.0372e+01 | 32  0.16147   5.3124e+00 | 33  0.15436   3.0576e+01
 34  0.10284  -1.6906e+00 | 35 -0.08268  -2.8362e+01 | 36  0.03068  -4.1611e+01
 37 -0.64570  -6.0900e+00 | 38 -0.05987  -1.0950e+01 | 39 -0.30980  -2.4194e+00
 40 -0.08693  -3.7437e+00 | 41 -0.24934  -2.8902e+00 | 42 -0.51613  -1.2899e-01
 43  0.04382  -1.0491e+01 | 44 -0.04784  -7.6428e+00 | 45  0.14731  -1.0988e+01
 46 -0.19781   4.9957e+00 | 47 -0.09305   2.4527e+01 | 48  0.00612   3.3971e+01
 49  0.06516   4.5057e+01 | 50  0.06697   4.3937e+01 | 51  0.00875   1.9358e+01
 52  0.14366   2.9537e+01 | 53  0.09255   5.8938e+01 | 54  0.10759   7.9452e+01
 55  0.14434   9.8639e+01 | 56  0.11473   7.0350e+01 | 57  0.10502   3.7547e+01
 58  0.18146   2.1959e+01 | 59  0.09630   9.5184e+00 | 60 -0.07793   1.5391e+01
 61 -0.03596   2.0599e+01 | 62  0.20737   7.0228e+01 | 63  0.00216   3.0194e+01
 64 -0.01501   2.1935e+01 | 65  0.16281   5.7898e+01 | 66  0.02519   3.4078e+01
 67  0.03272   4.1455e+01 | 68  0.14954   6.6607e+01 | 69  0.01793   2.8526e+01
 70  0.03786   3.5113e+01 | 71  0.14228   3.6662e+01 | 72  0.11616   4.0008e+01
 73  0.10958   2.6318e+01 | 74 -0.10864  -2.3821e+00 | 75  0.23380  -1.3314e+00
 76 -0.54125  -8.1905e+00 | 77  0.17270  -1.1444e+00 | 78  0.06873   5.3527e+00
 79  0.30182  -4.0481e+01 | 80 -0.24603  -1.0181e+01 | 81 -1.22343  -3.5795e+00
 82 -0.17275   6.3103e+00 | 83 -0.37344  -2.6183e+00 | 84 -1.21030   4.3683e+00
 85  0.21240   3.6036e+01 | 86  0.05997   2.1721e+01 | 87  0.34032   3.5925e+01
 88 -0.27109   2.0149e+01 | 89 -0.38471   1.9267e+01 | 90 -0.07320   3.3649e+01
 91  0.15672   3.4051e+01 | 92  0.12441   3.8905e+01 | 93  0.13554   4.1094e+01
 94  0.26897   4.7743e+01 | 95  0.15976   4.7031e+01 | 96  0.13870   4.4264e+01
 97  0.08055   3.7939e+01 | 98  0.23886   4.7166e+01 | 99  0.14203   3.9551e+01
100  0.18988   3.0093e+01 |101 -0.12353   2.0102e+01 |102 -0.03647   3.3723e+01
103 -0.08225   3.0141e+01 |104 -0.00713   2.6319e+01 |105  0.20597   3.0013e+01
106  0.11916   3.5591e+01 |107 -0.14586   3.2060e+01 |108 -1.58231  -1.2052e+01
109  0.16998   3.6542e+01 |110  0.26966   6.2314e+01 |111 -0.02411   3.2663e+01
112 -0.17826   2.8495e+01 |113 -0.12458   3.1206e+01 |114 -2.04325  -3.5471e+01
115  0.14828   4.0763e+01 |116  0.20449   5.3965e+01 |117 -0.00513   2.7198e+01
118 -0.33057   2.1349e+01 |119 -0.60881   1.0946e+01 |120 -0.58181   1.0555e+01
121 -0.08870   3.1315e+01 |122  1.63155  -1.1581e+02 |123 -0.40651   3.1825e+01
124  0.11133   2.4633e+01 |125  0.18005   3.5910e+01 |126  2.29427  -2.3507e+01
127 -0.08522   1.3095e+01 |128 -0.09537   1.3065e+01 |129 -0.14267   1.2883e+01
130 -0.11201   1.3009e+01 |131  0.05629   1.3162e+01 |132 -0.11473   1.2999e+01
133  0.27072   1.2036e+01 |134  0.05658   1.3161e+01 |135 -0.11718   1.2990e+01
136 -0.01490   1.3210e+01 |137  0.22002   1.2432e+01 |138  0.00462   1.3213e+01
139  0.01460   1.3210e+01 |140 -0.08282   1.3102e+01 |141 -0.10981   1.3017e+01
142 -0.06847   1.3137e+01 |143 -0.05329   1.3167e+01 |144  0.23465   1.2326e+01
145 -0.16218   1.2787e+01 |146 -0.13872   1.2901e+01 |147 -0.11112   1.3012e+01
148  0.21398   1.2474e+01 |149  0.15552   1.2821e+01 |150 -0.15819   1.2807e+01
151  0.24085   1.2279e+01 |152 -0.06061   1.3153e+01 |153 -0.03232   1.3196e+01
154  0.02248   1.3205e+01 |155 -0.17350   1.2726e+01 |156  0.03289   1.3196e+01
157 -0.16737   1.2759e+01 |158  0.33061   1.1471e+01 |159 -0.15100   1.2843e+01
160  0.04090   1.3186e+01 |161 -0.14169   1.2887e+01 |162 -0.13597   1.2913e+01
163 -0.04827   1.3175e+01 |164  0.00791   1.3212e+01 |165  0.29327   1.1836e+01
166  0.53019   8.8898e+00 |167 -0.17160   1.2736e+01 |168  0.04620   1.3178e+01
169  0.06509  -3.0477e+02 |170  0.02104   1.7280e+02 |171  0.00210   5.3792e+01
172  0.03342   4.6394e+01 |173  0.06684  -3.0365e+01 |174  0.06357   6.1219e+01
175  0.08196   8.2389e+01 |176  0.01152   2.4223e+01 |177  0.07638   8.8230e+01
178  0.15447   1.8538e+02 |179  0.13810  -6.9404e+01 |180  0.15052  -4.8097e+01
181  0.09934   5.4174e+01 |182  0.01135   8.1422e+01 |183 -0.02297   7.7325e+01
184  0.01123   1.0049e+02 |185  0.00987   8.5012e+01 |186 -0.02161   2.9530e+01
187 -0.01825   3.5778e+01 |188 -0.03843   3.6313e+01 |189  0.06193   5.1796e+01
190  0.00960   1.1059e+01 |191  0.10168   1.8999e+02 |192 -0.04023   9.2169e+00
193  0.04496   7.2771e+01 |194 -0.14293   5.9387e+01 |195  0.01021   3.4843e+01
196  0.10196   8.6261e+01 |197 -0.57928   3.9609e+01 |198  0.06921   9.6900e+01
199 -0.00873   4.3996e+01 |200  0.05190   1.7711e+02 |201  0.04017   9.4089e+01
202  0.09743  -5.3117e+01 |203  0.15440   2.0193e+02 |204  0.11505   6.6736e+01
205 -0.05342   6.2556e+01 |206 -0.20492   6.5403e+01 |207 -0.17555   6.5137e+01
208 -0.11667   8.6217e-01 |209 -0.05127   2.7778e+01 |210  0.05001   1.1910e+01
211 -0.45796   4.9350e+01 |212  0.00913   6.9443e+02 |213 -0.01842  -7.6069e+01
214 -0.01411  -8.7040e-09 |215 -0.71121  -1.5274e+02 |216 -0.81937   8.1497e+01
217  0.03407   1.2751e+02 |218 -0.03924  -1.3333e+01 |219 -0.20832   2.0784e+01
220 -0.00399   9.9130e+00 |221  0.09318   4.4893e+00 |222  0.03109   1.0863e+01
223  0.00488   8.9634e+00 |224 -0.01419   1.2699e+01 |225  0.01272   1.8754e+01
226  0.11166   4.9075e+00 |227  0.10711   1.1042e+01 |228  0.23496   7.9752e+00
229  0.15403   3.5695e+00 |230  0.13233   2.2761e+00 |231  0.11263   1.6606e+01
232  0.12598   1.8251e+00 |233  0.10759  -5.8023e+00 |234  0.13804   1.0698e+01
235 -0.14420   6.2233e+00 |236 -0.17146  -1.1626e+01 |237 -0.07144  -2.4466e+00
238  0.00393   2.9862e+00 |239 -0.05724   6.2871e+00 |240 -0.12391  -1.7547e+00
241 -0.09210   7.5966e+00 |242 -0.03478  -6.5134e-01 |243  0.11299   1.0439e+01
244  0.04426  -2.8979e-01 |245 -0.10143  -1.3185e+00 |246 -0.21392   1.3342e+01
247 -0.08476   1.7238e+01 |248  0.00270   3.0381e+00 |249  0.03054  -1.8596e+01
250  0.07097  -4.9150e+00 |251 -0.01320  -3.1570e+00 |252 -0.14614   3.9746e-01
253 -0.19653  -2.0864e+01 |254 -0.09705   7.2281e+00 |255  0.18328   1.4219e+01
256  0.22225   6.0094e+00 |257 -0.21971   1.5680e+01 |258  0.10360  -5.1300e+01
259 -0.63160  -2.0125e+01 |260 -1.13825  -1.6966e+02 |261 -0.96925   4.1504e+02
262 -1.18587  -6.8019e+00 |263  0.18827  -6.3759e+01 |264  0.67725  -3.2362e+01
265 -0.72183  -2.8206e+01 |266  0.18502  -6.3857e+01 |267 -0.40771  -5.3445e+01
268 -0.15772  -6.4618e+01 |269  0.58785  -4.0199e+01 |270 -0.23878  -6.2019e+01
271  0.37630  -5.5344e+01 |272 -0.18626  -6.3820e+01 |273 -0.25800  -6.1254e+01
274 -0.47210  -4.9150e+01 |275 -0.59930  -3.9236e+01 |276  0.42226  -5.2521e+01
277  0.35282  -5.6676e+01 |278 -0.52878  -4.4953e+01 |279  0.20843  -6.3112e+01
280 -0.26041  -6.1153e+01 |281 -0.06010  -6.6356e+01 |282 -0.39203  -5.4409e+01
283  0.65357  -3.4507e+01 |284  0.24323  -6.1847e+01 |285 -0.29952  -5.9411e+01
286 -0.25352  -6.1437e+01 |287 -0.22037  -6.2699e+01 |288  0.15592  -6.4663e+01
289  0.07858  -6.6145e+01 |290 -0.58423  -4.0501e+01 |291 -0.27040  -6.0730e+01
292  0.40534  -5.3593e+01 |293 -0.39959  -5.3949e+01 |294  0.38440  -5.4867e+01
295  0.26983  -6.0755e+01 |296 -0.24950  -6.1599e+01 |297  0.27032  -6.0734e+01
298  0.39532  -5.4210e+01 |299  0.16220  -6.4501e+01 |300  0.12219  -6.5428e+01
301 -0.04200  -6.6507e+01 |302  0.43753  -5.1521e+01 |303  0.48789   8.5886e+00
304  0.29522   5.0706e+01 |305 -0.91021   1.3936e+02 |306  0.20355   7.3789e+01
307 -0.89471   1.3247e+03 |308 -0.34505   3.8767e+02 |
26.4983 27.3274 94.6275 80.0549 
16.3458 16.3458 129.256 132.916 
26.523 27.9848 0 3.15696 0.412968 
0 11.4065 0 0 0.592795 89.4658 0 
26.714 27.4524 94.527 80.0333 
16.1038 16.1038 129.658 132.497 
26.4437 28.372 0 3.22718 0.426835 
0 11.4186 0 0 0.585562 89.5014 0 
26.3085 27.7012 94.6061 80.0577 
16.2856 16.2856 129.254 132.719 
26.5026 27.9595 0 3.17026 0.411447 
0 11.315 0 0 0.592345 89.2378 0 
26.7246 27.7752 94.0838 80.1589 
15.2078 15.2078 128.999 132.832 
26.527 28.6458 0 3.14778 0.394792 
0 11.1623 0 0 0.605311 89.2595 0 
26.4656 27.3792 93.3163 80.6151 
14.5342 14.5342 128.58 134.053 
26.3522 28.951 0 3.12791 0.449835 
0 10.9447 0 0 0.626246 88.7167 0 
25.5151 28.9833 93.5977 78.2598 
15.254 15.254 127.423 134.24 
25.893 28.4128 0 3.16648 0.564188 
0 10.7574 0 0 0.605107 89.1484 0 
25.6966 28.7097 91.6904 76.9067 
14.134 14.134 126.686 134.52 
25.6095 31.3038 0 3.1356 0.766783 
0 10.6092 0 0 0.632122 88.6739 0 
26.0619 28.3838 89.6004 76.8738 
14.1266 14.1266 127.334 134.587 
25.5115 32.5204 0 3.02724 0.96271 
0 10.5859 0 0 0.661638 87.2648 0 
25.6542 28.1958 89.2419 76.1568 
14.646 14.646 128.69 133.926 
25.8332 30.6517 0 2.88936 1.11045 
0 10.74 0 0 0.656804 86.899 0 
25.2312 26.8875 88.9918 77.4927 
12.9552 12.9552 131.083 132.651 
26.4803 31.7557 0 2.65567 1.28996 
0 10.8422 0 0 0.641126 84.9316 0 
24.1947 27.2323 87.485 79.0413 
13.1803 13.1803 131.624 131.248 
26.8114 32.4563 0 2.38337 1.5168 
0 11.0768 0 0 0.619373 83.6117 0 
308 variables; iteration 170; function evaluation 205; phase 1
Function value   6.8702877e+02; maximum gradient component mag   8.3854e+02
Var   Value    Gradient   |Var   Value    Gradient   |Var   Value    Gradient
  1  0.23223  -2.0944e+00 |  2  0.04254  -3.2023e+00 |  3  0.27382   7.8368e+01
  4  0.23021  -2.1529e+00 |  5  0.23717   1.1492e+01 |  6  0.23441   2.8871e+01
  7  0.19666  -3.8408e+01 |  8  0.19895  -1.8851e+01 |  9  0.18056  -3.9057e+01
 10  0.17865   2.9079e+01 | 11 -2.16768  -7.0953e+01 | 12  0.11970  -2.6848e+01
 13  0.10851   7.7340e+00 | 14 -2.08821  -6.6587e+00 | 15 -2.03965   5.0189e+01
 16  0.05770   5.8543e+01 | 17 -0.02680  -2.5032e+01 | 18 -0.03690  -1.0308e+00
 19 -0.12412  -3.2074e+00 | 20 -0.06700   1.1844e+01 | 21 -0.17400   4.1670e-01
 22 -2.20474  -4.6648e+00 | 23 -0.08422   4.7915e-03 | 24  0.11482   1.9446e+00
 25  0.14061  -5.0252e+00 | 26  0.15718  -1.2319e+01 | 27  0.20530   2.5649e+01
 28  0.16122  -3.3014e+01 | 29  0.20329   7.8254e+01 | 30  0.16395  -5.6465e+00
 31  0.16924  -3.5215e+00 | 32  0.15304  -9.9671e-01 | 33  0.15059   3.6269e+01
 34  0.08228  -1.3373e+01 | 35 -0.08259  -2.8317e+01 | 36  0.01389  -4.6390e+01
 37 -0.65403  -5.9614e+00 | 38 -0.08477  -1.2326e+01 | 39 -0.21848  -2.5925e+00
 40 -0.14321  -3.2788e+00 | 41 -0.32557  -6.5279e-01 | 42 -0.66270  -9.4853e-02
 43  0.05678  -3.3812e+00 | 44 -0.05664  -1.9640e-01 | 45  0.13071   6.4365e+00
 46 -0.18091   8.7213e+00 | 47 -0.13549   1.5119e+01 | 48  0.05889   2.5632e+01
 49  0.07678   3.1504e+01 | 50  0.06190   2.8067e+01 | 51  0.04717   1.4923e+01
 52  0.08582   1.8687e+01 | 53  0.08642   4.6646e+01 | 54  0.12477   6.3940e+01
 55  0.12915   6.5921e+01 | 56  0.11535   4.7402e+01 | 57  0.09856   2.0619e+01
 58  0.18640   1.3569e+01 | 59  0.07644   9.9252e+00 | 60 -0.05698   2.0069e+01
 61 -0.01505   2.3405e+01 | 62  0.21114   5.7409e+01 | 63 -0.07967   1.8252e+01
 64  0.02779   2.6480e+01 | 65  0.16940   2.6946e+01 | 66  0.01851   1.2306e+01
 67  0.00753   1.2512e+01 | 68  0.14414   5.3147e+00 | 69  0.00744   1.9128e+00
 70  0.03692   1.5709e+01 | 71  0.14557   2.7321e+01 | 72  0.13411   4.9263e+01
 73  0.11890   4.4552e+01 | 74 -0.15119   3.6112e+00 | 75  0.24042   2.4235e+01
 76 -0.56623  -6.6719e+00 | 77  0.16327   1.9067e+01 | 78  0.06049   7.3144e+00
 79  0.29933  -5.3271e+01 | 80 -0.24663  -8.1669e+00 | 81 -1.37652  -7.0405e+00
 82 -0.18224   6.7555e+00 | 83 -0.32400   6.3805e-01 | 84 -1.14650   2.7422e+00
 85  0.18187   3.1643e+01 | 86 -0.00382   2.0090e+01 | 87  0.32562   3.2649e+01
 88 -0.20004   1.8180e+01 | 89 -0.24338   2.4211e+01 | 90 -0.10553   2.6400e+01
 91  0.13575   2.2261e+01 | 92  0.09501   2.9424e+01 | 93  0.14197   4.0983e+01
 94  0.25096   3.4532e+01 | 95  0.10384   3.1054e+01 | 96  0.12421   3.5021e+01
 97  0.13285   4.2183e+01 | 98  0.23234   6.1299e+01 | 99  0.13285   3.9028e+01
100  0.20000   3.1201e+01 |101 -0.11697   1.6853e+01 |102 -0.12860   2.5476e+01
103 -0.07942   2.7349e+01 |104  0.06752   2.7060e+01 |105  0.18090   3.3583e+01
106 -0.01441   2.4521e+01 |107 -0.18281   2.6296e+01 |108 -1.61123  -9.4701e+00
109  0.21368   3.8562e+01 |110  0.23136   4.8750e+01 |111 -0.05743   2.1538e+01
112 -0.04921   2.2256e+01 |113 -0.02710   2.1912e+01 |114 -2.02912  -2.3096e+01
115  0.10184   2.6035e+01 |116  0.12309   3.7651e+01 |117  0.08635   2.7751e+01
118 -0.30960   1.7062e+01 |119 -0.52784   1.1514e+01 |120 -0.49945   1.1834e+01
121 -0.14145   2.5053e+01 |122  1.64751  -1.0765e+02 |123 -0.40840   2.8479e+01
124  0.08499   2.0433e+01 |125  0.15771   2.6292e+01 |126  2.25509  -2.1913e+01
127 -0.11587  -2.5786e-01 |128 -0.12163  -2.5742e-01 |129 -0.14107  -2.5578e-01
130 -0.13190  -2.5658e-01 |131  0.02552  -2.6198e-01 |132 -0.13297  -2.5649e-01
133  0.34639  -2.2433e-01 |134  0.03646  -2.6176e-01 |135 -0.13168  -2.5660e-01
136 -0.06157  -2.6097e-01 |137  0.33221  -2.2730e-01 |138 -0.04013  -2.6167e-01
139 -0.02831  -2.6193e-01 |140 -0.11441  -2.5797e-01 |141 -0.12864  -2.5686e-01
142 -0.10487  -2.5864e-01 |143 -0.09679  -2.5917e-01 |144  0.34541  -2.2454e-01
145 -0.14357  -2.5555e-01 |146 -0.14024  -2.5586e-01 |147 -0.13154  -2.5662e-01
148  0.32420  -2.2892e-01 |149  0.21526  -2.4735e-01 |150 -0.14214  -2.5568e-01
151  0.34805  -2.2397e-01 |152 -0.10241  -2.5881e-01 |153 -0.07872  -2.6019e-01
154 -0.01231  -2.6214e-01 |155 -0.14363  -2.5555e-01 |156 -0.00533  -2.6218e-01
157 -0.14377  -2.5553e-01 |158  0.35094  -2.2335e-01 |159 -0.14108  -2.5578e-01
160  0.01310  -2.6214e-01 |161 -0.14087  -2.5580e-01 |162 -0.13961  -2.5591e-01
163 -0.08910  -2.5963e-01 |164 -0.03084  -2.6188e-01 |165  0.34425  -2.2478e-01
166  0.54581  -1.7159e-01 |167 -0.14375  -2.5554e-01 |168  0.01219  -2.6214e-01
169  0.06256   4.9235e+02 |170  0.01266   7.2379e+01 |171  0.00083  -1.1552e+01
172  0.02453  -2.9084e+01 |173  0.08124   1.6225e+01 |174  0.08026   8.9185e+01
175  0.06862   8.8044e+00 |176  0.02015  -2.9897e+01 |177  0.06712   3.9491e+01
178  0.12740   4.4142e+01 |179  0.13705  -9.2543e+01 |180  0.15068  -2.9008e+01
181  0.08942  -4.7974e+00 |182 -0.01495   5.8986e-01 |183 -0.01569   1.8418e+01
184  0.00331   2.6299e+01 |185  0.00275   1.6107e+01 |186 -0.02346  -1.5356e+01
187 -0.02366  -8.5845e+00 |188 -0.03521  -1.6334e+01 |189  0.05247  -2.4402e+01
190  0.00284  -7.3941e+01 |191  0.10023   2.2915e+02 |192  0.01028   6.2208e+00
193  0.03312   6.0564e+01 |194 -0.17264   4.6403e-01 |195  0.03002   4.4776e+01
196  0.10157   5.3242e+01 |197 -0.55063   2.3526e+00 |198  0.06179   4.1312e-01
199  0.00737  -7.7900e+00 |200  0.03246   5.3509e+01 |201  0.04829   5.1705e+01
202  0.09522  -1.0887e+02 |203  0.13555   8.2253e+01 |204  0.11038   5.1448e+01
205 -0.05161   1.1849e+01 |206 -0.19295   1.0082e+01 |207 -0.18166   4.9947e+00
208 -0.10566  -4.6132e+01 |209 -0.04026  -6.5725e+00 |210  0.05571  -3.5829e+01
211 -0.42973   3.9160e+00 |212  0.00292   3.0965e+02 |213 -0.00704  -7.7701e+01
214 -0.01411  -8.7040e-09 |215 -0.70421  -1.2225e+02 |216 -0.83140   4.7697e+01
217  0.03246   1.7191e+02 |218 -0.01379   2.0474e+01 |219 -0.23122   2.3894e+01
220 -0.02200   2.0053e+01 |221  0.11021   3.3453e+01 |222  0.03137   3.7094e+01
223 -0.01192   1.4506e+01 |224 -0.01443   3.0989e+01 |225  0.04197   5.7207e+01
226  0.11120   2.2785e+01 |227  0.10161   2.9175e+01 |228  0.21239   2.2752e+01
229  0.11505   1.8481e+01 |230  0.15885   3.5575e+01 |231  0.11686   2.6596e+01
232  0.13637   2.9873e+01 |233  0.12748   2.6873e+01 |234  0.15471   2.6481e+01
235 -0.12607   3.8395e+01 |236 -0.15734   1.9210e+01 |237 -0.04725   2.1733e+01
238  0.01037   8.0047e+00 |239 -0.07908   1.9618e+01 |240 -0.13947   2.5409e+01
241 -0.09947   3.5777e+01 |242  0.00074   2.8366e+01 |243  0.10651   1.8288e+01
244  0.01865   9.7613e+00 |245 -0.10000   2.8041e+01 |246 -0.19582   5.3129e+01
247 -0.06507   4.9827e+01 |248 -0.01487   1.4610e+01 |249  0.01131   1.6456e+01
250  0.02703   3.6539e+00 |251 -0.00778   1.3282e+01 |252 -0.13025   1.9808e+01
253 -0.16717   9.5708e+00 |254 -0.09913   1.6373e+01 |255  0.16233   2.1937e+01
256  0.23273   3.1787e+01 |257 -0.23458   2.2511e+01 |258  0.10046  -1.6310e+02
259 -0.64500  -1.8471e+01 |260 -1.13634  -1.2927e+02 |261 -0.96950   3.5695e+02
262 -1.15657  -9.5118e+00 |263  0.05532  -3.1497e+02 |264  1.14987   7.3742e+01
265 -0.97408  -1.2867e+01 |266  0.37284  -2.6348e+02 |267 -0.50932  -2.2027e+02
268 -0.10894  -3.1155e+02 |269  0.57272  -1.9662e+02 |270 -0.54306  -2.0794e+02
271  0.27398  -2.8734e+02 |272 -0.04591  -3.1534e+02 |273 -0.22179  -2.9717e+02
274 -0.60954  -1.8198e+02 |275 -0.82988  -8.3485e+01 |276  0.08565  -3.1331e+02
277 -0.00679  -3.1615e+02 |278 -0.05163  -3.1513e+02 |279  0.07997  -3.1367e+02
280 -0.34067  -2.7197e+02 |281 -0.17757  -3.0395e+02 |282 -0.34428  -2.7105e+02
283  0.52185  -2.1576e+02 |284 -0.01352  -3.1609e+02 |285 -0.41019  -2.5277e+02
286 -0.18378  -3.0308e+02 |287 -0.00529  -3.1615e+02 |288  0.44223  -2.4290e+02
289  0.25109  -2.9189e+02 |290 -0.15803  -3.0647e+02 |291 -0.25463  -2.9121e+02
292  0.32297  -2.7634e+02 |293 -0.54020  -2.0901e+02 |294  0.31375  -2.7854e+02
295  0.51518  -2.1817e+02 |296 -0.16992  -3.0497e+02 |297  0.21377  -2.9851e+02
298  0.44826  -2.4098e+02 |299  0.17009  -3.0495e+02 |300  0.07904  -3.1373e+02
301  0.19134  -3.0199e+02 |302  0.41852  -2.5027e+02 |303  0.48688  -5.0391e+01
304  0.26416   8.1196e+00 |305 -0.91040  -8.0094e+00 |306  0.20455   2.8167e+01
307 -0.89632   8.3854e+02 |308 -0.34662   2.8297e+02 |
23.5549 27.5012 86.9585 79.2111 
13.4047 13.4047 131.846 130.051 
26.9589 32.8204 0 2.30077 1.61032 
0 11.2373 0 0 0.625059 83.5217 0 
22.9217 27.7129 86.2886 79.7333 
12.9323 12.9323 132.08 128.894 
26.9347 32.8082 0 2.28016 1.72522 
0 11.2908 0 0 0.652762 83.5196 0 
23.6942 27.982 85.0698 78.293 
12.7447 12.7447 133.831 127.973 
26.605 33.5667 0 2.20624 1.88014 
0 11.4883 0 0 0.636848 83.0599 0 
23.4258 27.4973 85.1065 77.0521 
14.8011 14.8011 134.579 128.665 
26.43 31.0923 0 2.30183 2.05661 
0 11.5056 0 0 0.624894 83.612 0 
23.736 27.6115 84.9539 77.1464 
14.5154 14.5154 134.973 128.138 
26.1797 31.1857 0 2.35031 1.9104 
0 11.1626 0 0 0.629572 83.4563 0 
23.9226 27.5166 84.8678 77.2458 
15.332 15.332 134.658 128.196 
25.8446 29.8117 0 2.39806 1.81897 
0 10.8051 0 0 0.63577 83.1831 0 
23.7971 27.6455 84.8747 77.234 
15.9296 15.9296 134.572 127.928 
25.39 29.4087 0 2.46453 1.74277 
0 10.5606 0 0 0.658343 82.35 0 
23.6923 27.5927 84.8992 77.0618 
15.1901 15.1901 132.943 127.767 
25.0814 30.1155 0 2.45889 1.72384 
0 10.5208 0 0 0.638033 82.519 0 
23.1571 28.0874 85.1813 76.7803 
14.307 14.307 132.429 126.904 
24.82 30.2092 0 2.48982 1.75174 
0 10.3906 0 0 0.632193 82.3995 0 
23.1662 27.8658 85.0316 75.8783 
14.2769 14.2769 131.687 126.517 
24.7018 29.1828 0 2.52201 1.96261 
0 10.3043 0 0 0.616042 82.9918 0 
308 variables; iteration 180; function evaluation 215; phase 1
Function value   6.6713031e+02; maximum gradient component mag   9.1484e+02
Var   Value    Gradient   |Var   Value    Gradient   |Var   Value    Gradient
  1  0.23601  -1.4073e+01 |  2  0.05122  -4.1301e+00 |  3  0.26287   2.2185e+01
  4  0.23272  -3.5429e+00 |  5  0.23086  -2.5154e-01 |  6  0.22620   9.8301e+00
  7  0.19838  -2.3856e+01 |  8  0.20043   8.2869e+00 |  9  0.18514  -8.0356e+00
 10  0.17206   2.1681e+01 | 11 -2.15092  -2.6737e+01 | 12  0.11950  -3.1734e+01
 13  0.08562  -1.6651e+01 | 14 -2.08074  -2.8605e+00 | 15 -2.05516   1.7167e+01
 16  0.05445   6.7129e+01 | 17 -0.04193  -2.8726e+01 | 18 -0.07565  -1.6775e+01
 19 -0.06263   7.2911e+00 | 20 -0.13243   6.7823e-01 | 21 -0.26005  -6.5179e-01
 22 -2.18446  -3.7635e+00 | 23 -0.08361   1.3508e-02 | 24  0.07443   1.9563e-01
 25  0.14485  -3.6182e-01 | 26  0.17051   5.5951e+00 | 27  0.18098   1.6740e+00
 28  0.15808  -2.3979e+01 | 29  0.18730   6.5191e+01 | 30  0.15720   1.3493e+00
 31  0.14885  -1.6865e+01 | 32  0.14536   8.1377e+00 | 33  0.10738  -6.3752e+00
 34  0.07647  -9.2808e+00 | 35 -0.08847  -2.8342e+01 | 36 -0.01720  -2.9582e+01
 37 -0.65652  -5.9227e+00 | 38 -0.09393  -1.5348e+01 | 39 -0.29444  -2.5645e+00
 40 -0.18815  -1.3709e+00 | 41 -0.30811  -6.7773e-01 | 42 -0.74089  -7.4455e-02
 43  0.04969   7.6290e+00 | 44 -0.05032   4.9328e+00 | 45  0.11714   2.7394e+01
 46 -0.21602   2.8602e+00 | 47 -0.12177   1.1550e+01 | 48  0.04901   1.9637e+01
 49  0.07389   2.4021e+01 | 50  0.05188   1.6447e+01 | 51  0.03118   4.5708e+00
 52  0.10756   2.4708e+00 | 53  0.07413   2.3960e+01 | 54  0.12304   5.7306e+01
 55  0.11491   6.9824e+01 | 56  0.10095   5.4068e+01 | 57  0.13904   3.6791e+01
 58  0.15822   4.0298e-01 | 59  0.05295  -1.0683e+01 | 60 -0.03469   8.9593e+00
 61 -0.00131   9.0551e+00 | 62  0.19282   1.2180e+01 | 63  0.00892   1.4310e+01
 64 -0.01040   1.2548e+01 | 65  0.17111   2.1614e+01 | 66  0.00294   4.5375e-01
 67 -0.00739  -1.4417e+00 | 68  0.12458  -1.0745e+01 | 69  0.03456  -4.7543e+00
 70  0.00294   1.0596e+01 | 71  0.16655   3.7149e+01 | 72  0.13271   4.8624e+01
 73  0.11778   3.6084e+01 | 74 -0.17074  -3.4564e+00 | 75  0.23479  -9.5590e+00
 76 -0.54874  -1.0375e+01 | 77  0.15065   6.5518e+00 | 78  0.04334  -4.4258e+00
 79  0.28410  -7.0112e+01 | 80 -0.24273  -1.3316e+01 | 81 -1.36214  -3.8163e+00
 82 -0.12165   2.8265e+00 | 83 -0.28295  -3.6364e+00 | 84 -1.21646   5.5920e+00
 85  0.10711   2.5635e+01 | 86  0.02171   1.6160e+01 | 87  0.29316   1.7627e+01
 88 -0.02138   2.3910e+01 | 89 -0.17669   2.2875e+01 | 90 -0.13240   2.1258e+01
 91  0.14931   2.8222e+01 | 92  0.10922   3.1496e+01 | 93  0.12660   3.4897e+01
 94  0.25896   3.4144e+01 | 95  0.04425   2.0745e+01 | 96  0.07247   2.1583e+01
 97  0.11790   2.9974e+01 | 98  0.21400   4.3655e+01 | 99  0.12906   2.8568e+01
100  0.18390   1.9866e+01 |101 -0.15754   1.1928e+01 |102 -0.19040   1.9161e+01
103 -0.14289   1.7733e+01 |104  0.12530   1.6905e+01 |105  0.17835   1.6055e+01
106  0.08328   1.2935e+01 |107 -0.05506   2.3851e+01 |108 -1.57266  -3.6965e+00
109  0.12824   2.2960e+01 |110  0.24526   3.6194e+01 |111 -0.02794   1.5513e+01
112 -0.00491   1.5665e+01 |113 -0.00814   1.5212e+01 |114 -1.98278  -1.4034e+01
115  0.11753   1.6507e+01 |116  0.08932   2.9870e+01 |117  0.07658   2.1867e+01
118 -0.28714   1.3252e+01 |119 -0.50384   9.1247e+00 |120 -0.54084   6.5823e+00
121 -0.15876   1.8286e+01 |122  1.65894  -7.8259e+01 |123 -0.47294   2.2669e+01
124  0.20245   3.1157e+01 |125 -0.00600   1.9636e+01 |126  2.18030  -2.2886e+01
127 -0.12462  -1.7411e+00 |128 -0.12764  -1.7395e+00 |129 -0.13326  -1.7363e+00
130 -0.13897  -1.7329e+00 |131  0.01584  -1.7745e+00 |132 -0.13891  -1.7329e+00
133  0.34950  -1.5142e+00 |134  0.03893  -1.7717e+00 |135 -0.13029  -1.7380e+00
136 -0.08568  -1.7590e+00 |137  0.41487  -1.4113e+00 |138 -0.06226  -1.7665e+00
139 -0.04877  -1.7698e+00 |140 -0.12374  -1.7416e+00 |141 -0.12998  -1.7382e+00
142 -0.11712  -1.7451e+00 |143 -0.11954  -1.7438e+00 |144  0.41415  -1.4125e+00
145 -0.12366  -1.7416e+00 |146 -0.13462  -1.7355e+00 |147 -0.13898  -1.7329e+00
148  0.40935  -1.4205e+00 |149  0.27699  -1.6096e+00 |150 -0.12143  -1.7428e+00
151  0.40749  -1.4237e+00 |152 -0.12411  -1.7414e+00 |153 -0.10308  -1.7518e+00
154 -0.02115  -1.7740e+00 |155 -0.11511  -1.7461e+00 |156 -0.02165  -1.7740e+00
157 -0.12020  -1.7435e+00 |158  0.27000  -1.6178e+00 |159 -0.12423  -1.7413e+00
160  0.00968  -1.7748e+00 |161 -0.13362  -1.7361e+00 |162 -0.13546  -1.7350e+00
163 -0.10390  -1.7514e+00 |164 -0.04284  -1.7710e+00 |165  0.30949  -1.5694e+00
166  0.40836  -1.4222e+00 |167 -0.11695  -1.7452e+00 |168 -0.00042  -1.7750e+00
169  0.06109   9.1484e+02 |170  0.00365   2.1599e+01 |171  0.00346  -1.3977e+01
172  0.02647  -1.3360e+01 |173  0.08362   4.9729e+01 |174  0.07719   7.1647e+01
175  0.06440  -4.1372e+00 |176  0.01478  -3.1110e+01 |177  0.06841   4.3670e+01
178  0.12530   5.0137e+01 |179  0.14715  -4.0137e+01 |180  0.14109  -5.5913e+01
181  0.08446  -4.8715e+01 |182 -0.04052  -1.1163e+01 |183 -0.00003   3.8523e+01
184 -0.00964   3.0819e+01 |185  0.00789   7.9104e+01 |186 -0.02466  -1.7436e+00
187 -0.01322   1.9248e+01 |188 -0.02422  -7.9945e+00 |189  0.05647  -1.2104e+00
190  0.00811  -7.0184e+01 |191  0.08870   1.7573e+02 |192  0.01860   2.8339e+01
193  0.02849   9.9033e+01 |194 -0.08295   6.8899e+00 |195  0.02505   3.2924e+01
196  0.10328   2.8237e+01 |197 -0.49675   9.8293e-01 |198  0.05837  -2.8195e+00
199  0.01191   1.5248e+01 |200  0.02468   4.9261e+01 |201  0.03448   4.3180e+01
202  0.10501  -5.2134e+01 |203  0.11344   8.7172e+00 |204  0.10860   9.1101e+01
205 -0.06917  -3.0710e-02 |206 -0.25045  -3.9772e-03 |207 -0.17915  -2.4236e+00
208 -0.08250  -1.2191e+01 |209 -0.02675   1.8139e+01 |210  0.07243  -1.3250e+01
211 -0.50199   2.5948e+00 |212  0.00391   2.1688e+02 |213 -0.00363  -1.8549e+02
214 -0.01411  -8.7040e-09 |215 -0.68861  -5.6505e+01 |216 -0.83485   3.4808e+01
217  0.03599   1.8908e+02 |218  0.00492   1.9897e+01 |219 -0.23297   1.3058e+01
220 -0.02777   2.6688e+01 |221  0.08302   2.2646e+01 |222  0.03536   2.9669e+01
223 -0.01071   8.0870e+00 |224 -0.00597   3.1186e+01 |225  0.02717   3.9755e+01
226  0.11568   2.8773e+01 |227  0.08770   1.8653e+01 |228  0.20995   1.7147e+01
229  0.09977   1.7717e+01 |230  0.13655   3.2722e+01 |231  0.09468   2.1220e+01
232  0.09705   1.5827e+01 |233  0.10705   1.5801e+01 |234  0.14518   2.4452e+01
235 -0.15423   1.8888e+01 |236 -0.17035   2.0749e+01 |237 -0.04817   1.7123e+01
238  0.03868   1.7456e+01 |239 -0.03630   3.5446e+01 |240 -0.08312   4.0693e+01
241 -0.06948   2.8680e+01 |242 -0.02097   2.5039e+01 |243  0.08317   1.5019e+01
244  0.02807   1.2523e+01 |245 -0.08933   2.6481e+01 |246 -0.19869   4.5266e+01
247 -0.07712   3.7200e+01 |248  0.01365   3.4260e+01 |249  0.01335   1.2036e+01
250  0.03290   7.0509e+00 |251 -0.01686  -1.2800e+00 |252 -0.11963   2.1918e+01
253 -0.15305   1.6971e+01 |254 -0.09769   1.2989e+01 |255  0.16416   3.1060e+01
256  0.22102   3.0147e+01 |257 -0.20016   1.5053e+01 |258  0.09845  -2.7178e+02
259 -0.65160  -1.6983e+01 |260 -1.13464  -8.8911e+01 |261 -0.96984   2.8728e+02
262 -1.14170  -1.3895e+01 |263  0.05604  -1.4081e+02 |264  1.01844   4.0938e+00
265 -0.85760  -3.1357e+01 |266  0.55926  -9.0231e+01 |267 -0.31034  -1.2489e+02
268 -0.00338  -1.4135e+02 |269  0.48853  -1.0174e+02 |270 -0.59935  -8.3204e+01
271  0.20583  -1.3403e+02 |272  0.15923  -1.3696e+02 |273 -0.34304  -1.2133e+02
274 -0.48281  -1.0262e+02 |275 -0.84428  -3.4233e+01 |276 -0.07117  -1.4047e+02
277  0.02120  -1.4128e+02 |278 -0.00886  -1.4134e+02 |279  0.06755  -1.4056e+02
280 -0.41595  -1.1224e+02 |281 -0.25393  -1.3026e+02 |282 -0.43020  -1.1029e+02
283  0.43741  -1.0928e+02 |284 -0.04442  -1.4101e+02 |285 -0.14274  -1.3782e+02
286 -0.27672  -1.2821e+02 |287 -0.03890  -1.4109e+02 |288  0.38820  -1.1588e+02
289  0.25938  -1.2979e+02 |290 -0.04985  -1.4092e+02 |291 -0.20074  -1.3439e+02
292  0.37036  -1.1810e+02 |293 -0.55040  -9.1737e+01 |294  0.34380  -1.2124e+02
295  0.46660  -1.0506e+02 |296 -0.25062  -1.3054e+02 |297 -0.06401  -1.4064e+02
298  0.51734  -9.7194e+01 |299  0.45049  -1.0742e+02 |300 -0.03160  -1.4118e+02
301  0.05498  -1.4083e+02 |302  0.38904  -1.1577e+02 |303  0.48765  -1.1721e+02
304  0.25997   1.2037e+00 |305 -0.90882   2.2895e+01 |306  0.19588   1.2231e+00
307 -0.89710   5.2517e+02 |308 -0.34901   2.2415e+02 |
23.444 27.215 84.7152 74.4569 
14.8893 14.8893 131.657 125.95 
24.4534 29.4093 0 2.61197 2.21713 
0 10.1887 0 0 0.688161 83.8122 0 
22.9108 28.4229 84.4898 73.9357 
14.6165 14.6165 131.761 126.209 
24.1636 28.4261 0 2.63675 2.27823 
0 9.98739 0 0 0.709417 83.8914 0 
22.8235 28.095 84.6764 74.0466 
14.5593 14.5593 131.534 126.588 
24.0613 27.4302 0 2.55956 2.35509 
0 10.0078 0 0 0.667445 83.9394 0 
22.9357 28.1939 84.5864 74.7168 
15.9758 15.9758 129.509 128.108 
24.0612 26.2233 0 2.44862 2.328 
0 9.91039 0 0 0.634392 83.7347 0 
22.6368 28.5943 84.7295 74.4082 
15.6432 15.6432 128.81 128.522 
24.1794 25.582 0 2.40649 2.57407 
0 9.83178 0 0 0.611164 84.063 0 
23.1746 27.7827 84.9434 73.5315 
15.0397 15.0397 129.698 127.708 
24.4525 26.1715 0 2.32759 2.51196 
0 9.83604 0 0 0.613759 84.0436 0 
23.553 27.9322 85.0107 72.7157 
15.5463 15.5463 129.798 127.739 
24.4502 25.5439 0 2.26576 2.30896 
0 9.83957 0 0 0.626493 83.9032 0 
23.6555 27.9402 84.8948 71.7417 
15.8102 15.8102 129.797 127.97 
24.4115 25.3123 0 2.16544 2.11232 
0 9.87686 0 0 0.597939 83.4585 0 
23.6101 26.8258 85.7167 71.0885 
14.7143 14.7143 130.278 127.545 
24.6373 26.4813 0 1.95158 2.21203 
0 10.0708 0 0 0.603037 83.0023 0 
23.5829 26.1947 85.9122 70.6901 
14.6546 14.6546 130.132 127.48 
24.7168 26.7652 0 1.89726 2.30111 
0 10.1153 0 0 0.600686 82.9606 0 
308 variables; iteration 190; function evaluation 225; phase 1
Function value   6.5337224e+02; maximum gradient component mag   5.9385e+02
Var   Value    Gradient   |Var   Value    Gradient   |Var   Value    Gradient
  1  0.24047  -1.3183e+01 |  2  0.06819  -5.3013e+00 |  3  0.25982   1.9067e+00
  4  0.23389  -3.2478e+00 |  5  0.23184   4.2394e-01 |  6  0.22254  -3.2606e+00
  7  0.20623  -1.5103e+01 |  8  0.19939   1.2488e+01 |  9  0.19648   2.7103e+01
 10  0.15555  -3.7670e+01 | 11 -2.15069  -6.5316e+00 | 12  0.12169  -3.4674e+01
 13  0.08668  -2.0959e+01 | 14 -2.08852  -8.3917e+00 | 15 -2.06499  -4.1800e+00
 16  0.05475   4.3767e+01 | 17 -0.04158  -3.2207e+01 | 18 -0.04530  -6.7203e+00
 19 -0.09881  -1.9705e+00 | 20 -0.07251   9.7417e+00 | 21 -0.20498  -2.4732e-01
 22 -2.18099  -3.4080e+00 | 23 -0.08605   1.3513e-02 | 24  0.10160   1.9801e+00
 25  0.13898  -2.1948e+00 | 26  0.14060  -1.6167e+01 | 27  0.18185  -1.4052e+00
 28  0.17244  -8.0752e+00 | 29  0.18449   4.5685e+01 | 30  0.15843  -3.9172e+00
 31  0.15068  -1.8987e+01 | 32  0.14359  -3.1079e+00 | 33  0.12468   6.2913e+00
 34  0.08397  -1.0898e+01 | 35 -0.07682  -2.8556e+01 | 36  0.01092  -2.8717e+01
 37 -0.62725  -6.3710e+00 | 38 -0.09212  -1.5758e+01 | 39 -0.25756  -2.5654e+00
 40 -0.16104  -2.1564e+00 | 41 -0.46013  -5.8473e-01 | 42 -0.65866  -9.5948e-02
 43  0.06058   4.2027e+00 | 44 -0.06948  -4.9941e+00 | 45  0.11207   2.7873e+01
 46 -0.14875  -1.7729e+00 | 47 -0.10020   4.6976e+00 | 48  0.00245   4.0383e+00
 49  0.07385   2.7441e+00 | 50  0.04534  -4.6545e+00 | 51  0.07219  -9.0976e+00
 52  0.10953  -1.8020e+01 | 53  0.08578  -3.7293e+00 | 54  0.11069   1.8830e+01
 55  0.11878   4.1650e+01 | 56  0.09702   3.4099e+01 | 57  0.12399   3.0981e+01
 58  0.18986   1.3212e+01 | 59  0.03769  -2.1554e+01 | 60 -0.09728  -9.4138e+00
 61  0.00944  -3.9177e+00 | 62  0.19888  -3.6751e+00 | 63  0.04774   3.9012e+00
 64 -0.00252   2.2411e+00 | 65  0.16373   1.8072e+01 | 66  0.01203  -2.6699e+00
 67 -0.06161  -4.8918e+00 | 68  0.13510   8.0156e+00 | 69  0.01991  -1.8054e+00
 70  0.00414   9.7577e+00 | 71  0.17723   5.2090e+01 | 72  0.12849   4.7518e+01
 73  0.11353   3.1026e+01 | 74 -0.19202  -1.4346e+01 | 75  0.23853  -1.8160e+00
 76 -0.53669  -1.9163e+01 | 77  0.14954  -1.3542e+01 | 78  0.01535  -2.3682e+01
 79  0.28907  -1.1225e+02 | 80 -0.23056  -2.7075e+01 | 81 -1.40854   3.6507e+00
 82 -0.20048  -1.3818e+01 | 83 -0.24048  -1.4113e+01 | 84 -1.21350   9.9028e+00
 85  0.14584   2.7294e+01 | 86  0.02620   1.1883e+01 | 87  0.28812   1.6393e+01
 88 -0.05108   1.6382e+01 | 89 -0.17742   1.8028e+01 | 90 -0.16407   1.3537e+01
 91  0.14657   3.1566e+01 | 92  0.04107   1.6953e+01 | 93  0.10420   1.7274e+01
 94  0.23879   8.5434e+00 | 95  0.02137   1.0989e+01 | 96  0.10095   1.4815e+01
 97  0.08264   1.8937e+01 | 98  0.21035   3.3260e+01 | 99  0.13936   1.6692e+01
100  0.15643   1.2260e+01 |101 -0.16959   7.9327e+00 |102 -0.24522   1.0460e+01
103 -0.08314   1.4004e+01 |104  0.15464   1.1533e+01 |105  0.17068   1.2876e+01
106 -0.01755   1.1001e+01 |107 -0.10834   1.8001e+01 |108 -1.66801  -2.3427e+00
109  0.12468   1.6386e+01 |110  0.24079   4.3694e+01 |111  0.03713   1.3881e+01
112  0.04980   1.7397e+01 |113 -0.11518   1.1173e+01 |114 -2.00110  -1.2493e+01
115  0.11723   1.4285e+01 |116  0.06481   2.2446e+01 |117  0.06997   1.9994e+01
118 -0.27039   6.6623e+00 |119 -0.29754   1.1555e+01 |120 -0.34527   9.0422e+00
121 -0.21614   7.4461e+00 |122  1.66352  -6.2029e+01 |123 -0.43028   1.8830e+01
124  0.16927   1.2812e+01 |125  0.03549   1.2379e+01 |126  2.26532  -1.2151e+01
127 -0.13088  -1.8652e+01 |128 -0.13254  -1.8642e+01 |129 -0.12543  -1.8684e+01
130 -0.14488  -1.8562e+01 |131  0.03689  -1.9021e+01 |132 -0.14391  -1.8568e+01
133  0.28701  -1.7149e+01 |134  0.05800  -1.8974e+01 |135 -0.12968  -1.8659e+01
136 -0.08669  -1.8877e+01 |137  0.29717  -1.7015e+01 |138 -0.05638  -1.8978e+01
139 -0.03927  -1.9017e+01 |140 -0.13021  -1.8656e+01 |141 -0.13163  -1.8647e+01
142 -0.12399  -1.8693e+01 |143 -0.13021  -1.8656e+01 |144  0.29652  -1.7024e+01
145 -0.10340  -1.8802e+01 |146 -0.12898  -1.8663e+01 |147 -0.14517  -1.8560e+01
148  0.29584  -1.7033e+01 |149  0.24211  -1.7692e+01 |150 -0.10145  -1.8812e+01
151  0.29487  -1.7046e+01 |152 -0.13566  -1.8622e+01 |153 -0.10938  -1.8773e+01
154 -0.00833  -1.9051e+01 |155 -0.08616  -1.8879e+01 |156 -0.00602  -1.9052e+01
157 -0.09617  -1.8836e+01 |158  0.32180  -1.6670e+01 |159 -0.10839  -1.8778e+01
160  0.02670  -1.9036e+01 |161 -0.12634  -1.8679e+01 |162 -0.13126  -1.8650e+01
163 -0.10906  -1.8774e+01 |164 -0.03410  -1.9026e+01 |165  0.29125  -1.7094e+01
166  0.72655  -7.9345e+00 |167 -0.08965  -1.8865e+01 |168  0.01877  -1.9045e+01
169  0.05856   5.9385e+02 |170  0.00179   3.9280e+00 |171 -0.00005  -2.8597e+01
172  0.02998   5.5443e+00 |173  0.08076   4.6742e+01 |174  0.06900   7.2692e+01
175  0.06980   5.0380e+01 |176  0.03249   5.9465e+00 |177  0.07098   5.0329e+01
178  0.13099   6.9368e+01 |179  0.15384   4.3805e+01 |180  0.14154  -1.8900e+01
181  0.08185  -5.3008e+01 |182 -0.02639  -4.2911e+00 |183 -0.01578   1.2130e+01
184  0.00168   3.5256e+01 |185  0.01525   1.3332e+02 |186 -0.01798   3.4861e+01
187 -0.00711   2.6535e+01 |188 -0.01776   7.6719e+00 |189  0.06314   2.8364e+01
190  0.00714  -6.5525e+01 |191  0.08038   1.4785e+02 |192  0.01844   2.6240e+01
193  0.01338   2.9410e+01 |194 -0.09343   1.1011e+01 |195  0.02200   2.4043e+01
196  0.10066  -2.9096e+00 |197 -0.44489   1.1215e+01 |198  0.05411  -9.2627e+00
199  0.01814   4.4873e+01 |200  0.01926   3.6594e+01 |201  0.02784   3.9042e+01
202  0.11548   1.2182e+01 |203  0.10736   1.6367e+01 |204  0.11213   1.4606e+02
205 -0.07507   1.5121e+01 |206 -0.27100   1.4618e+01 |207 -0.16026   2.0008e+01
208 -0.08549  -5.9578e-01 |209 -0.02941   2.5793e+01 |210  0.06672  -6.3363e+00
211 -0.56078   1.1880e+01 |212 -0.00083   2.9111e+02 |213 -0.00129  -1.6943e+02
214 -0.01411  -8.7040e-09 |215 -0.68794  -5.7597e+01 |216 -0.83637   1.9469e+01
217  0.02924   9.1540e+01 |218 -0.02586  -2.4297e+00 |219 -0.21825   8.4219e+00
220 -0.03214   1.5518e+01 |221  0.09049   2.3226e+01 |222  0.02588   1.7190e+01
223  0.00808   1.7940e+01 |224 -0.02881   2.5188e+00 |225 -0.00822   1.8523e+01
226  0.09450   1.5115e+01 |227  0.09630   1.9275e+01 |228  0.22662   2.0652e+01
229  0.11439   1.5817e+01 |230  0.15063   3.3148e+01 |231  0.08897   1.4903e+01
232  0.10792   2.0018e+01 |233  0.11103   1.8249e+01 |234  0.09551   8.2056e+00
235 -0.18919  -1.7467e+00 |236 -0.18421   1.2760e+01 |237 -0.03179   1.6673e+01
238  0.04634   1.0121e+01 |239 -0.03853   3.9513e+01 |240 -0.13352   1.1154e+01
241 -0.09887   1.6319e+01 |242 -0.01879   2.8239e+01 |243  0.07792   6.9495e+00
244  0.05521   1.4958e+01 |245 -0.04670   3.0301e+01 |246 -0.20101   2.6227e+01
247 -0.05552   4.1527e+01 |248  0.02976   2.5665e+01 |249  0.04605   2.3220e+01
250  0.04291   4.7193e+00 |251 -0.00615  -3.6472e+00 |252 -0.11448   1.1666e+01
253 -0.12937   2.1393e+01 |254 -0.09950  -3.6732e+00 |255  0.17011   3.0884e+01
256  0.20941   1.6639e+01 |257 -0.20979   1.5136e+01 |258  0.09740  -9.6129e+01
259 -0.65948  -1.6032e+01 |260 -1.13451  -8.8794e+01 |261 -0.97010   2.6243e+02
262 -1.11784  -2.2218e+00 |263  0.14669   1.5775e+02 |264  0.71033   7.1209e+01
265 -0.78791   5.2988e+01 |266  0.47551   1.1890e+02 |267 -0.19936   1.5415e+02
268  0.10447   1.5986e+02 |269  0.52469   1.1005e+02 |270 -0.24797   1.4990e+02
271  0.31953   1.4205e+02 |272  0.10635   1.5978e+02 |273 -0.47499   1.1899e+02
274 -0.37215   1.3513e+02 |275 -0.67066   8.0134e+01 |276 -0.05792   1.6136e+02
277  0.13784   1.5825e+02 |278 -0.18571   1.5519e+02 |279  0.15834   1.5705e+02
280 -0.27016   1.4766e+02 |281 -0.32754   1.4105e+02 |282 -0.38512   1.3328e+02
283  0.59804   9.5644e+01 |284 -0.08407   1.6062e+02 |285  0.13152   1.5859e+02
286 -0.37607   1.3457e+02 |287 -0.00589   1.6203e+02 |288  0.13187   1.5857e+02
289  0.20168   1.5397e+02 |290 -0.28743   1.4580e+02 |291 -0.31208   1.4295e+02
292  0.38606   1.3314e+02 |293 -0.54099   1.0696e+02 |294  0.38147   1.3380e+02
295  0.32473   1.4141e+02 |296 -0.32824   1.4097e+02 |297 -0.04413   1.6164e+02
298  0.46026   1.2150e+02 |299  0.56010   1.0326e+02 |300 -0.12010   1.5916e+02
301 -0.12409   1.5896e+02 |302  0.32803   1.4099e+02 |303  0.48735   4.5458e+01
304  0.26994   4.5387e+01 |305 -0.90854   1.2020e+02 |306  0.20076   1.9196e+01
307 -0.89856   1.0780e+02 |308 -0.35432   2.0530e+02 |
23.1561 26.3006 85.535 70.3594 
14.9997 14.9997 129.642 127.249 
24.585 26.7649 0 1.90711 2.48769 
0 10.0566 0 0 0.603939 83.1071 0 
23.0984 26.1166 85.2678 69.6475 
15.7909 15.7909 129.277 127.707 
24.4129 25.5834 0 1.94721 2.81899 
0 9.82569 0 0 0.603226 83.0894 0 
23.5589 25.5034 84.7291 69.2757 
16.2487 16.2487 129.431 127.885 
24.3797 25.9451 0 1.98337 3.16048 
0 9.45204 0 0 0.564324 82.6799 0 
23.72 25.3178 84.5265 69.379 
15.7596 15.7596 129.724 127.422 
24.4252 26.0562 0 1.94702 3.20851 
0 9.17889 0 0 0.555456 82.2639 0 
23.623 25.0489 84.4392 68.6911 
15.9619 15.9619 129.679 127.304 
24.355 25.9288 0 1.9802 3.39437 
0 8.96495 0 0 0.569369 82.1169 0 
24.0054 24.4126 85.0141 68.1322 
15.1076 15.1076 128.436 128.085 
24.265 26.115 0 1.97059 3.55916 
0 8.90107 0 0 0.554185 82.0186 0 
24.6017 24.6832 84.2347 67.8419 
15.8563 15.8563 127.119 129.2 
23.9813 25.7336 0 1.94429 3.45657 
0 8.97887 0 0 0.54835 80.7325 0 
24.9648 25.3154 84.3909 66.7894 
15.3769 15.3769 126.2 129.914 
23.5275 26.1619 0 1.89987 3.35468 
0 9.04659 0 0 0.590416 80.1612 0 
25.0398 25.3285 84.615 66.9984 
14.8352 14.8352 125.901 130.528 
23.3766 25.5385 0 1.81486 3.36419 
0 9.04121 0 0 0.605345 79.8026 0 
24.7042 25.2817 84.4374 67.3849 
14.7727 14.7727 126.058 130.968 
23.2905 24.7896 0 1.76456 3.52301 
0 8.99352 0 0 0.601581 79.6767 0 
308 variables; iteration 200; function evaluation 235; phase 1
Function value   6.3834650e+02; maximum gradient component mag   6.3963e+02
Var   Value    Gradient   |Var   Value    Gradient   |Var   Value    Gradient
  1  0.25943   1.4351e+01 |  2  0.09158  -5.2496e+00 |  3  0.26650   6.9260e+01
  4  0.24028   1.7800e+01 |  5  0.23113  -1.0752e+01 |  6  0.22745   1.0600e+01
  7  0.21294   5.2499e+00 |  8  0.19920   3.9700e+00 |  9  0.19622   1.3943e+01
 10  0.15631  -4.5697e+01 | 11 -2.15180   1.1900e+00 | 12  0.13605  -1.6814e+01
 13  0.10384  -1.8009e+00 | 14 -2.10177  -2.2179e+01 | 15 -2.07350  -2.0702e+01
 16  0.06110   2.6214e+01 | 17 -0.01337  -2.5263e+01 | 18 -0.03967  -5.5299e+00
 19 -0.05814   4.1276e+00 | 20 -0.08443   4.7377e+00 | 21 -0.19742  -2.2116e-01
 22 -2.17991  -3.7708e+00 | 23 -0.09271   1.2476e-02 | 24  0.07915   7.0579e-01
 25  0.10712  -7.5840e+00 | 26  0.16831   4.0511e+00 | 27  0.17507  -8.0098e+00
 28  0.15564  -2.7193e+01 | 29  0.17466   2.1338e+01 | 30  0.16515   7.7422e+00
 31  0.15971  -4.7368e+00 | 32  0.14806  -5.2855e-01 | 33  0.12019  -5.1654e+00
 34  0.09443  -7.2309e+00 | 35 -0.07390  -2.8520e+01 | 36  0.05093  -2.8369e+01
 37 -0.62229  -6.4456e+00 | 38 -0.08436  -1.1703e+01 | 39 -0.11696  -3.6379e+00
 40 -0.15316  -1.3937e+00 | 41 -0.41656  -6.1768e-01 | 42 -0.30764  -1.7924e-01
 43  0.07885  -1.1376e+01 | 44 -0.07400  -8.2408e+00 | 45  0.11299   2.0957e-01
 46 -0.14184   2.6520e+00 | 47 -0.12775   5.7093e+00 | 48  0.02387   5.1176e+00
 49  0.03723  -7.2983e+00 | 50  0.05578  -1.2190e+01 | 51  0.07399  -9.1588e+00
 52  0.08238  -6.4392e+00 | 53  0.08532   1.2552e+01 | 54  0.09763   2.5906e+01
 55  0.13210   4.9382e+01 | 56  0.10565   3.9409e+01 | 57  0.09501   2.4509e+01
 58  0.19814   3.1141e+01 | 59  0.03411  -6.1299e-02 | 60 -0.11600   1.6680e+00
 61  0.03611   1.2212e+01 | 62  0.17005   9.1149e+00 | 63  0.03208   1.2273e+01
 64 -0.03109   8.3836e+00 | 65  0.15667   3.9096e+01 | 66  0.03915   2.5223e+01
 67 -0.08091   1.2390e+01 | 68  0.12776   4.6879e+01 | 69  0.03322   2.1246e+01
 70  0.01527   2.6181e+01 | 71  0.15751   4.3912e+01 | 72  0.13757   3.8935e+01
 73  0.07242   1.5306e+01 | 74 -0.14065  -5.6711e+00 | 75  0.22427  -1.9641e+01
 76 -0.54275  -1.3381e+01 | 77  0.14782  -1.0358e+01 | 78  0.00687  -1.1092e+01
 79  0.27857  -8.3155e+01 | 80 -0.23987  -1.7209e+01 | 81 -1.48037  -1.9700e+00
 82 -0.15927  -2.4222e+00 | 83 -0.15357  -2.4234e+00 | 84 -1.18339   6.1368e+00
 85  0.14955   2.2296e+01 | 86  0.02936   4.2444e+00 | 87  0.26820  -9.8184e+00
 88  0.01069   1.1263e+01 | 89 -0.12739   1.5081e+01 | 90 -0.11390   1.2800e+01
 91  0.11424   1.8325e+01 | 92  0.02779   1.2049e+01 | 93  0.05403   7.6585e+00
 94  0.22981  -4.9870e+00 | 95  0.05353   7.4891e+00 | 96  0.12399   9.9187e+00
 97  0.06908   1.3247e+01 | 98  0.17446   2.7943e+01 | 99  0.12449   1.7635e+01
100  0.17807   1.8637e+01 |101 -0.13773   6.4633e+00 |102 -0.25277   8.7023e+00
103 -0.13136   1.1376e+01 |104  0.15025   1.7390e+01 |105  0.13354   1.4034e+01
106  0.00105   1.1188e+01 |107 -0.11145   1.6900e+01 |108 -1.66356  -8.7856e-01
109  0.10946   1.2596e+01 |110  0.21762   3.6082e+01 |111  0.07212   1.8616e+01
112 -0.00405   2.0508e+01 |113 -0.07299   1.9042e+01 |114 -1.98113  -1.6277e+01
115  0.12393   1.4350e+01 |116  0.05322   1.6106e+01 |117  0.05134   1.1223e+01
118 -0.20966   6.9042e+00 |119 -0.29547   8.2789e+00 |120 -0.32345   8.8670e+00
121 -0.25196   2.8292e+00 |122  1.68239  -2.6861e+01 |123 -0.47748   1.6167e+01
124  0.16243   1.7174e+01 |125  0.08539   1.2524e+01 |126  2.25694  -1.0275e+01
127 -0.13552   4.7090e+00 |128 -0.13662   4.7073e+00 |129 -0.09055   4.7691e+00
130 -0.14826   4.6877e+00 |131  0.14473   4.6938e+00 |132 -0.14501   4.6933e+00
133  0.17572   4.6354e+00 |134  0.12542   4.7246e+00 |135 -0.12174   4.7300e+00
136 -0.02369   4.8145e+00 |137 -0.03652   4.8099e+00 |138  0.03176   4.8118e+00
139  0.05887   4.7972e+00 |140 -0.13453   4.7106e+00 |141 -0.12937   4.7187e+00
142 -0.12296   4.7282e+00 |143 -0.11969   4.7329e+00 |144 -0.00713   4.8175e+00
145 -0.03446   4.8107e+00 |146 -0.10036   4.7580e+00 |147 -0.14923   4.6860e+00
148 -0.03897   4.8088e+00 |149  0.05649   4.7988e+00 |150 -0.03827   4.8091e+00
151  0.01609   4.8162e+00 |152 -0.13281   4.7133e+00 |153 -0.07145   4.7875e+00
154  0.07064   4.7882e+00 |155  0.00313   4.8177e+00 |156  0.10316   4.7547e+00
157 -0.01781   4.8159e+00 |158  0.45813   3.6232e+00 |159 -0.05698   4.7985e+00
160  0.10468   4.7528e+00 |161 -0.09305   4.7664e+00 |162 -0.10682   4.7501e+00
163 -0.09229   4.7673e+00 |164  0.03813   4.8091e+00 |165  0.29623   4.3055e+00
166  0.62332   2.6872e+00 |167 -0.00371   4.8177e+00 |168  0.12924   4.7188e+00
169  0.05573   6.3963e+02 |170  0.00484   4.8822e+01 |171  0.01720   2.6547e+01
172  0.02801   1.0557e+01 |173  0.08112   5.5930e+01 |174  0.06982   8.9566e+01
175  0.06489   8.2102e+01 |176  0.05438   6.1440e+01 |177  0.05571   3.3811e+01
178  0.12881   4.2173e+01 |179  0.14934   8.3868e+00 |180  0.14693   1.2069e+01
181  0.08860  -3.5378e+00 |182 -0.00747   1.2692e+01 |183 -0.02763   1.6076e+01
184  0.01093   3.6006e+01 |185 -0.00383   3.1971e+01 |186 -0.01328   5.4287e+01
187 -0.01676   2.9112e+01 |188 -0.01680   1.4384e+01 |189  0.05331   2.6933e+01
190  0.01042  -5.8033e+01 |191  0.08237   1.3498e+02 |192  0.01396  -3.3089e+01
193  0.01485  -1.6672e+00 |194 -0.09924   1.5560e+01 |195  0.03398   6.7569e+01
196  0.09384  -1.2026e+01 |197 -0.40560   1.2688e+01 |198  0.04807   1.4535e+01
199  0.01386   5.5487e+01 |200  0.00750   1.8508e+01 |201  0.03092   5.2561e+01
202  0.11654   6.3635e+01 |203  0.10425   1.5185e+01 |204  0.10096   9.1903e+01
205 -0.07407   1.8608e+01 |206 -0.27803   1.8366e+01 |207 -0.15617   2.5138e+01
208 -0.08058   3.7701e+00 |209 -0.03006   2.5481e+01 |210  0.07758   2.0139e+01
211 -0.59780   1.3290e+01 |212 -0.00193   2.0987e+02 |213  0.00596  -2.2022e+02
214 -0.01411  -8.7040e-09 |215 -0.68420  -3.0299e+01 |216 -0.84862  -2.0647e+01
217  0.01775   1.3050e+01 |218 -0.06803  -2.1656e+01 |219 -0.21887   6.4864e+00
220 -0.02223   1.9403e+01 |221  0.08863   1.3641e+01 |222  0.06900   3.1359e+01
223  0.02429   1.4733e+01 |224 -0.00919   1.4507e+01 |225 -0.02430   4.3743e+00
226  0.09094   9.9836e+00 |227  0.09363   1.7500e+01 |228  0.24732   2.2777e+01
229  0.12286   8.2871e+00 |230  0.17827   3.4191e+01 |231  0.07916   4.0289e+00
232  0.09528   9.1088e+00 |233  0.10443   5.2572e+00 |234  0.11815   3.7069e+00
235 -0.17265  -4.8970e+00 |236 -0.17027   1.2953e+01 |237 -0.02796   7.2857e+00
238  0.03189  -5.6274e+00 |239 -0.04260   3.3565e+01 |240 -0.13464   9.2423e+00
241 -0.12933  -6.1905e+00 |242 -0.03736   1.7234e+01 |243  0.07044   3.4213e+00
244  0.04907   6.9155e+00 |245 -0.05226   2.0506e+01 |246 -0.19246   1.8486e+01
247 -0.08695  -9.8273e-01 |248  0.03175   1.6027e+01 |249  0.04375   9.2870e+00
250  0.06805   1.1524e+01 |251 -0.00643  -1.4491e+01 |252 -0.09530   2.3299e+01
253 -0.14167   3.3509e+00 |254 -0.10422  -1.5334e+01 |255  0.15478   2.2559e+01
256  0.20112   1.0817e+01 |257 -0.21616   1.7779e+00 |258  0.09528  -3.0382e+01
259 -0.67229  -1.1374e+01 |260 -1.13446  -1.2462e+02 |261 -0.97162  -1.3863e+01
262 -1.11322   2.5562e+00 |263  0.14352  -4.8819e+01 |264  0.74916  -1.9228e+01
265 -0.70387  -2.2467e+01 |266  0.31198  -4.4192e+01 |267 -0.35349  -4.2562e+01
268 -0.07383  -4.9750e+01 |269  0.59772  -2.9585e+01 |270 -0.39178  -4.0897e+01
271  0.21418  -4.7279e+01 |272 -0.03123  -5.0026e+01 |273 -0.48724  -3.6119e+01
274 -0.50953  -3.4882e+01 |275 -0.77805  -1.7110e+01 |276  0.07171  -4.9769e+01
277  0.26062  -4.5948e+01 |278 -0.22254  -4.7058e+01 |279  0.19293  -4.7804e+01
280 -0.15030  -4.8697e+01 |281 -0.13464  -4.8971e+01 |282 -0.27617  -4.5447e+01
283  0.58901  -3.0135e+01 |284 -0.06824  -4.9799e+01 |285 -0.04544  -4.9959e+01
286 -0.29356  -4.4855e+01 |287 -0.14683  -4.8760e+01 |288  0.33719  -4.3224e+01
289  0.18372  -4.8015e+01 |290 -0.32721  -4.3615e+01 |291 -0.41162  -3.9977e+01
292  0.42257  -3.9452e+01 |293 -0.52859  -3.3791e+01 |294  0.35128  -4.2653e+01
295  0.53038  -3.3687e+01 |296 -0.19514  -4.7752e+01 |297  0.01414  -5.0074e+01
298  0.53672  -3.3316e+01 |299  0.41797  -3.9674e+01 |300  0.11642  -4.9251e+01
301 -0.19672  -4.7714e+01 |302  0.27220  -4.5578e+01 |303  0.48587   6.3680e+01
304  0.26185   3.5181e+01 |305 -0.90862   8.5192e+01 |306  0.20039  -4.5780e+00
307 -0.89896  -6.5526e+01 |308 -0.36132   1.8413e+02 |
24.0499 26.0641 84.1789 67.2216 
14.376 14.376 126.087 130.938 
23.2796 24.7652 0 1.69564 3.65128 
0 8.83409 0 0 0.591997 79.7344 0 
23.9579 26.3731 83.8314 66.9909 
13.9258 13.9258 126.176 130.778 
23.1634 25.2945 0 1.62834 3.68937 
0 8.72071 0 0 0.581045 79.5178 0 
23.9419 26.4925 83.6765 66.9899 
13.8517 13.8517 126.213 130.755 
23.0373 25.657 0 1.56151 3.88699 
0 8.66427 0 0 0.566747 78.4434 0 
24.3305 26.4631 83.7547 67.2098 
13.9841 13.9841 125.203 130.874 
22.9896 24.768 0 1.52554 4.08498 
0 8.54672 0 0 0.554937 78.2947 0 
24.3574 25.7062 83.4132 67.4751 
13.9312 13.9312 124.302 131.089 
22.8509 25.4604 0 1.43359 4.42616 
0 8.56571 0 0 0.554817 77.6456 0 
23.849 25.5994 83.2522 66.9548 
13.389 13.389 124.042 131.074 
22.4203 26.0478 0 1.31925 4.9625 
0 8.66372 0 0 0.525137 77.3291 0 
23.5449 24.5762 82.431 66.8944 
13.6794 13.6794 124.902 131.053 
21.9449 26.5795 0 1.21553 5.56187 
0 8.72071 0 0 0.534141 76.9281 0 
23.6235 24.6358 82.3378 66.6955 
13.8519 13.8519 125.016 130.944 
21.8506 26.6783 0 1.18907 5.58245 
0 8.66562 0 0 0.536645 76.5825 0 
23.5635 25.0302 82.2449 66.1118 
13.839 13.839 124.942 130.848 
21.5773 26.4996 0 1.16848 5.55616 
0 8.58372 0 0 0.535207 76.4889 0 
23.8428 24.0204 82.0016 65.3293 
14.4364 14.4364 124.792 131.053 
21.1966 27.0759 0 1.12985 5.71227 
0 8.52445 0 0 0.554391 76.062 0 
308 variables; iteration 210; function evaluation 245; phase 1
Function value   6.2701035e+02; maximum gradient component mag   5.1278e+02
Var   Value    Gradient   |Var   Value    Gradient   |Var   Value    Gradient
  1  0.24627   1.9038e+00 |  2  0.07039  -4.9530e+00 |  3  0.25741   2.1907e+01
  4  0.24058   1.8469e+01 |  5  0.23086  -1.1311e+00 |  6  0.22090   9.4393e-01
  7  0.21264   1.7923e+01 |  8  0.19731   1.5771e+01 |  9  0.19598   3.3831e+01
 10  0.15937  -2.8439e+01 | 11 -2.14795  -6.1780e+00 | 12  0.14296   2.1601e+01
 13  0.09934   2.1323e+00 | 14 -2.09006   6.3209e+00 | 15 -2.06822  -2.1664e+01
 16  0.04689  -6.2316e+00 | 17 -0.00729  -1.9083e+01 | 18 -0.02668   1.2215e+01
 19 -0.04445   1.0479e+01 | 20 -0.08731   4.8923e+00 | 21 -0.35132   1.8075e-02
 22 -2.17091  -2.2492e+00 | 23 -0.10042   8.7227e-03 | 24  0.10950   3.1603e+00
 25  0.11598  -6.3409e+00 | 26  0.16061  -3.5751e+00 | 27  0.18390   3.4334e+00
 28  0.15626  -2.6574e+01 | 29  0.17278   1.5439e+01 | 30  0.16715   8.0864e+00
 31  0.16384   1.8690e+00 | 32  0.14553  -4.5683e+00 | 33  0.12304   8.8002e-02
 34  0.09698  -3.4659e+00 | 35 -0.06736  -2.8760e+01 | 36  0.05533  -2.4401e+01
 37 -0.61807  -6.5090e+00 | 38 -0.09160  -9.3533e+00 | 39 -0.03161   4.2859e+00
 40 -0.16920  -1.3169e+00 | 41 -0.57590  -4.8345e-01 | 42 -0.10726   2.8205e+00
 43  0.07381  -6.5777e+00 | 44 -0.03980  -1.8050e+00 | 45  0.11120   1.0248e+01
 46 -0.18608   4.9454e+00 | 47 -0.14925   9.7650e+00 | 48  0.01209   1.6025e+01
 49  0.04033   5.8735e+00 | 50  0.06998   2.0062e-01 | 51  0.09506   6.5846e+00
 52  0.07100   1.2565e+01 | 53  0.07371   2.9300e+01 | 54  0.11349   4.5764e+01
 55  0.12916   5.8235e+01 | 56  0.09752   4.3242e+01 | 57  0.10923   3.0476e+01
 58  0.18556   2.5151e+01 | 59  0.03660   5.7071e+00 | 60 -0.06631   1.1749e+01
 61  0.02857   1.5220e+01 | 62  0.15721   1.4868e+01 | 63  0.01488   2.0265e+01
 64 -0.00221   2.1513e+01 | 65  0.17156   5.5140e+01 | 66 -0.00089   1.8311e+01
 67 -0.06395   1.3994e+01 | 68  0.13003   3.0419e+01 | 69  0.00913   8.0979e+00
 70  0.00195   1.3643e+01 | 71  0.15551   2.6561e+01 | 72  0.11476   3.0576e+01
 73  0.08818   2.3065e+01 | 74 -0.15789  -5.0039e-01 | 75  0.22976  -1.6531e+01
 76 -0.53527  -1.0106e+01 | 77  0.14212  -3.5653e+00 | 78 -0.02200  -2.4247e-01
 79  0.29089  -4.4688e+01 | 80 -0.23601  -1.0877e+01 | 81 -1.39138  -4.6305e+00
 82 -0.09110   7.4968e+00 | 83 -0.17698   1.5959e+00 | 84 -1.38615   7.3283e+00
 85  0.16101   2.1479e+01 | 86  0.04333   3.5008e+00 | 87  0.23628  -1.3567e+01
 88 -0.02151   1.4742e+01 | 89 -0.17559   1.3832e+01 | 90 -0.12953   1.3017e+01
 91  0.11351   2.7086e+01 | 92  0.06344   1.8015e+01 | 93  0.06902   1.3513e+01
 94  0.22096   1.1636e+01 | 95  0.00066   8.7774e+00 | 96  0.08166   1.1344e+01
 97  0.09277   2.2912e+01 | 98  0.13680   2.8681e+01 | 99  0.12002   2.6107e+01
100  0.19288   3.5753e+01 |101 -0.23483   4.4109e+00 |102 -0.20632   1.1919e+01
103 -0.02785   1.7606e+01 |104  0.11222   1.8062e+01 |105  0.11892   1.9557e+01
106  0.07529   1.6088e+01 |107 -0.03470   1.7929e+01 |108 -1.78475  -7.5676e+00
109  0.00872   1.3062e+01 |110  0.20410   3.1784e+01 |111  0.10145   2.0927e+01
112 -0.03485   1.6489e+01 |113 -0.04251   1.8882e+01 |114 -1.95454  -1.1724e+01
115  0.11510   2.2293e+00 |116  0.01473   1.3198e+01 |117  0.09162   1.1568e+01
118 -0.13149   1.0291e+01 |119 -0.32413   7.2875e+00 |120 -0.36192   7.9958e+00
121 -0.26162   2.9244e+00 |122  1.69277  -3.6807e+01 |123 -0.36485   1.9058e+01
124  0.14579   1.5027e+01 |125  0.09578   1.5389e+01 |126  2.33038  -7.6016e+00
127 -0.17292   6.4867e+00 |128 -0.17119   6.4916e+00 |129 -0.09891   6.6525e+00
130 -0.18232   6.4593e+00 |131  0.12410   6.6061e+00 |132 -0.17729   6.4742e+00
133  0.24878   6.2260e+00 |134  0.09964   6.6513e+00 |135 -0.14549   6.5585e+00
136 -0.05312   6.7102e+00 |137  0.08662   6.6714e+00 |138  0.00966   6.7328e+00
139  0.03938   6.7207e+00 |140 -0.17238   6.4882e+00 |141 -0.15748   6.5286e+00
142 -0.16204   6.5166e+00 |143 -0.16367   6.5123e+00 |144  0.11553   6.6230e+00
145 -0.02220   6.7295e+00 |146 -0.11263   6.6285e+00 |147 -0.18386   6.4547e+00
148  0.07868   6.6822e+00 |149  0.06809   6.6951e+00 |150 -0.02780   6.7272e+00
151  0.13271   6.5878e+00 |152 -0.17831   6.4712e+00 |153 -0.10828   6.6364e+00
154  0.04873   6.7139e+00 |155  0.02770   6.7272e+00 |156  0.08558   6.6728e+00
157  0.00007   6.7336e+00 |158  0.48086   4.9024e+00 |159 -0.05331   6.7100e+00
160  0.08170   6.6782e+00 |161 -0.10240   6.6467e+00 |162 -0.12172   6.6109e+00
163 -0.12923   6.5953e+00 |164  0.01497   6.7317e+00 |165  0.34648   5.7607e+00
166  0.64291   3.5820e+00 |167  0.01873   6.7307e+00 |168  0.11060   6.6322e+00
169  0.05340   5.1278e+02 |170  0.00288   3.3586e+01 |171  0.01947   3.2134e+01
172  0.02157  -9.3089e+00 |173  0.08079   4.5980e+01 |174  0.06877   7.2185e+01
175  0.06203   5.7525e+01 |176  0.05816   5.9332e+01 |177  0.05750   1.8991e+01
178  0.11863  -1.2807e+01 |179  0.14391  -2.5677e+01 |180  0.14592   1.8366e+01
181  0.08691  -2.1449e+00 |182 -0.01308   2.1737e-01 |183 -0.03330   4.3228e+00
184  0.00996   3.6070e+01 |185 -0.00508   1.5521e+01 |186 -0.01304   3.8994e+01
187 -0.01899   3.7389e+01 |188 -0.00749   2.0540e+01 |189  0.04297  -2.7138e+01
190  0.01833  -7.3571e+01 |191  0.07355   9.4083e+01 |192  0.01767   2.6129e+00
193  0.01019   2.4396e+01 |194 -0.08536   1.3371e+01 |195  0.03043   9.0043e+01
196  0.08759   1.2489e+01 |197 -0.37579   4.9729e+00 |198  0.03816  -3.0171e+01
199  0.01712   4.2084e+01 |200  0.01315   2.0538e+01 |201  0.03544   5.8114e+01
202  0.12000   9.4865e+01 |203  0.10141  -3.1784e-01 |204  0.09617   3.8719e+01
205 -0.06064   1.3032e+01 |206 -0.25017   1.2124e+01 |207 -0.16463   1.7571e+01
208 -0.07230   1.5355e+01 |209 -0.04254   2.1385e+00 |210  0.07561   1.4852e+01
211 -0.62287   8.5044e+00 |212 -0.00791   2.2621e+02 |213  0.01629  -1.0366e+02
214 -0.01411  -8.7040e-09 |215 -0.67801  -2.4929e+01 |216 -0.84557  -1.2693e+01
217  0.01799  -1.3060e+01 |218 -0.04030  -5.1480e+00 |219 -0.20421   8.1058e+00
220 -0.01231   2.8196e+01 |221  0.06913   1.1188e+01 |222  0.02868   9.7324e+00
223  0.04232   3.3187e+01 |224 -0.02515   5.2546e-01 |225 -0.01655   5.0057e+00
226  0.10865   1.2829e+01 |227  0.11618   1.9700e+01 |228  0.21348   9.1128e+00
229  0.12774   2.0810e+01 |230  0.13111   1.2345e+01 |231  0.07647   1.8345e+00
232  0.07944   5.2730e-01 |233  0.11595   8.3716e+00 |234  0.13464   6.0595e+00
235 -0.17467  -6.6964e+00 |236 -0.15982   8.3765e+00 |237 -0.01989   4.7404e+00
238  0.02525  -2.2595e+00 |239 -0.07182   9.1150e+00 |240 -0.10458   1.9469e+01
241 -0.10470  -6.9111e+00 |242 -0.05353   8.8149e+00 |243  0.03872  -6.7882e+00
244  0.07850   2.0301e+01 |245 -0.05904   4.8001e+00 |246 -0.16751   4.2262e+01
247 -0.11437  -2.7487e+01 |248  0.05463   3.4677e+01 |249  0.02901   9.7075e+00
250  0.06755   1.3779e+01 |251  0.02039  -2.9451e+00 |252 -0.08516   1.8918e+01
253 -0.15856  -1.6332e+01 |254 -0.09104  -3.2344e-01 |255  0.13338   1.1642e+01
256  0.18620  -8.5489e-03 |257 -0.20730   6.2065e+00 |258  0.09441   7.2104e+01
259 -0.68095  -1.1687e+01 |260 -1.13282  -5.5952e+01 |261 -0.97138   4.1129e+01
262 -1.08939   4.9021e+00 |263  0.06939  -1.0058e+02 |264  0.84406  -2.4537e+01
265 -0.73547  -4.0843e+01 |266  0.52840  -6.8282e+01 |267 -0.45555  -7.6360e+01
268 -0.29469  -9.0530e+01 |269  0.59765  -5.9772e+01 |270 -0.46197  -7.5687e+01
271  0.25338  -9.3269e+01 |272  0.21881  -9.5260e+01 |273 -0.44023  -7.7935e+01
274 -0.46796  -7.5052e+01 |275 -0.88406  -1.8324e+01 |276  0.06122  -1.0071e+02
277  0.02374  -1.0111e+02 |278 -0.04154  -1.0096e+02 |279  0.18461  -9.6953e+01
280 -0.22895  -9.4704e+01 |281 -0.25853  -9.2948e+01 |282 -0.35705  -8.5677e+01
283  0.58303  -6.1631e+01 |284 -0.08815  -1.0021e+02 |285  0.10851  -9.9711e+01
286 -0.36509  -8.4991e+01 |287 -0.17893  -9.7207e+01 |288  0.24498  -9.3778e+01
289  0.29225  -9.0702e+01 |290 -0.30814  -8.9555e+01 |291 -0.27864  -9.1640e+01
292  0.49508  -7.2094e+01 |293 -0.62929  -5.5642e+01 |294  0.32631  -8.8175e+01
295  0.55619  -6.4958e+01 |296 -0.30921  -8.9476e+01 |297  0.06827  -1.0060e+02
298  0.64491  -5.3554e+01 |299  0.42279  -7.9673e+01 |300  0.15365  -9.8245e+01
301 -0.08869  -1.0020e+02 |302  0.18303  -9.7024e+01 |303  0.48535   1.5510e+02
304  0.24500   2.8736e+01 |305 -0.90842   6.3982e+01 |306  0.19779  -3.0731e+01
307 -0.89942  -1.1224e+01 |308 -0.36516   1.9639e+02 |
23.6456 23.6892 82.1319 64.8044 
14.6301 14.6301 123.302 131.709 
21.1338 28.01 0 1.05303 5.64353 
0 8.48838 0 0 0.54298 75.5949 0 
23.6512 23.4149 82.5299 64.5434 
14.962 14.962 122.496 132.394 
21.169 27.8961 0 0.980842 5.59004 
0 8.58203 0 0 0.573192 74.4728 0 
23.9221 22.7312 82.6531 64.3171 
15.7284 15.7284 122.509 133.175 
21.0657 26.3336 0 0.994008 5.3839 
0 8.68569 0 0 0.59715 73.6268 0 
24.0479 22.4964 82.6901 64.0377 
15.9162 15.9162 122.361 133.532 
21.0727 26.0281 0 1.00468 5.247 
0 8.74763 0 0 0.604587 73.3776 0 
24.3583 22.5593 82.7866 63.3155 
15.5134 15.5134 122.032 133.114 
21.043 26.464 0 1.01096 5.11945 
0 8.77386 0 0 0.581713 73.4877 0 
24.4717 22.6439 82.4778 62.9372 
15.252 15.252 122.654 132.494 
21.0799 26.6353 0 0.981858 5.4224 
0 8.82178 0 0 0.585112 73.0706 0 
24.6006 22.3784 81.8539 62.4032 
15.503 15.503 123.318 132.06 
21.0961 26.5497 0 0.925808 5.79037 
0 8.87902 0 0 0.599188 72.7658 0 
24.4296 22.3375 81.4687 62.6758 
15.6512 15.6512 123.474 131.864 
21.1017 26.7081 0 0.844581 5.99164 
0 8.92722 0 0 0.630902 72.0994 0 
24.3753 22.4734 81.2139 62.9162 
15.4995 15.4995 123.913 131.487 
20.7772 27.0404 0 0.787632 5.89173 
0 8.92255 0 0 0.605887 71.5148 0 
24.434 22.8931 82.161 62.8243 
15.8397 15.8397 124.467 130.814 
20.2334 26.4706 0 0.732177 5.30384 
0 8.96157 0 0 0.599366 70.7931 0 
308 variables; iteration 220; function evaluation 255; phase 1
Function value   6.1681621e+02; maximum gradient component mag   2.8130e+02
Var   Value    Gradient   |Var   Value    Gradient   |Var   Value    Gradient
  1  0.24305   5.0690e+00 |  2  0.03579  -3.2603e+00 |  3  0.25233   1.4652e+01
  4  0.23583   2.1844e+01 |  5  0.22954   7.6734e+00 |  6  0.22064   1.4636e+01
  7  0.21056   2.0258e+01 |  8  0.19839   2.0214e+01 |  9  0.19777   4.6234e+01
 10  0.16523  -1.5953e+01 | 11 -2.14442   5.6455e+00 | 12  0.14866   3.5810e+01
 13  0.10707   1.7294e+01 | 14 -2.08591   2.3292e+01 | 15 -2.06617  -2.8478e+01
 16  0.04889  -2.4567e+00 | 17  0.00724  -4.7580e+00 | 18 -0.03330   3.5655e+00
 19 -0.06810   1.8990e+00 | 20 -0.10276   2.4756e+00 | 21 -0.06931   1.0896e+01
 22 -2.16544  -1.9152e+00 | 23 -0.10918   5.2836e-03 | 24  0.01835  -9.7949e-01
 25  0.13817  -4.7788e-01 | 26  0.15923  -4.2001e+00 | 27  0.18424   3.8880e+00
 28  0.16207  -2.1677e+01 | 29  0.16530   1.6724e+00 | 30  0.17107   1.4892e+01
 31  0.16693   6.7258e+00 | 32  0.14398  -7.5514e+00 | 33  0.12827   7.4051e+00
 34  0.10972   1.3892e+01 | 35 -0.05688  -2.9202e+01 | 36  0.06914  -1.6015e+01
 37 -0.62837  -6.3541e+00 | 38 -0.09740  -7.5691e+00 | 39 -0.06749  -1.8264e+00
 40 -0.17489  -1.6398e+00 | 41 -0.63456  -4.2493e-01 | 42 -0.39332  -1.4520e-01
 43  0.05915  -1.4608e+01 | 44 -0.04808  -3.3207e+00 | 45  0.10788   1.9771e+01
 46 -0.18105   5.0870e+00 | 47 -0.13879   1.3036e+01 | 48  0.00853   2.9172e+01
 49  0.03154   1.9441e+01 | 50  0.06562   1.1945e+01 | 51  0.09375   2.0747e+01
 52  0.05433   1.6483e+01 | 53  0.07875   2.5953e+01 | 54  0.13112   4.5559e+01
 55  0.10593   4.7106e+01 | 56  0.09704   3.9673e+01 | 57  0.11270   2.9365e+01
 58  0.18727   2.1892e+01 | 59  0.04161   8.8984e-01 | 60 -0.06428   7.3567e+00
 61  0.01305   7.1279e+00 | 62  0.15375   4.4059e+00 | 63 -0.01019   1.1077e+01
 64  0.01617   1.7955e+01 | 65  0.17588   4.5191e+01 | 66  0.00815   1.1412e+01
 67 -0.08882   5.9584e+00 | 68  0.11290   2.2975e+01 | 69  0.02164   9.5833e+00
 70  0.03298   1.7049e+01 | 71  0.13841   2.5331e+01 | 72  0.08198   2.4127e+01
 73  0.09349   2.1042e+01 | 74 -0.11779  -1.7632e+00 | 75  0.21729  -2.1980e+01
 76 -0.53599  -1.2371e+01 | 77  0.13570  -1.6963e+01 | 78 -0.03667  -4.7119e+00
 79  0.29944  -4.5647e+01 | 80 -0.23334  -1.3721e+01 | 81 -1.45409  -3.1529e+00
 82 -0.10431   2.7312e+00 | 83 -0.14307  -2.4588e-01 | 84 -1.40241   9.3017e+00
 85  0.14208   1.6117e+01 | 86  0.10183   3.3154e+00 | 87  0.25859  -9.3185e+00
 88 -0.07669   7.9969e+00 | 89 -0.19109   9.6906e+00 | 90 -0.11960   9.4316e+00
 91  0.11602   2.8333e+01 | 92  0.05620   1.8674e+01 | 93  0.06932   1.1805e+01
 94  0.22749   2.4879e+01 | 95  0.03647   1.0046e+01 | 96  0.06058   8.3329e+00
 97  0.08220   1.5635e+01 | 98  0.11669   1.9850e+01 | 99  0.14739   2.0830e+01
100  0.18616   1.9980e+01 |101 -0.28306  -3.1810e+00 |102 -0.14964   9.7951e+00
103 -0.01657   1.4282e+01 |104  0.08246   6.6277e+00 |105  0.10218   4.4375e+00
106  0.14052   1.0054e+01 |107 -0.06163   9.9000e+00 |108 -1.81952  -5.7234e+00
109  0.00177   5.8771e+00 |110  0.21878   2.1384e+01 |111  0.06486   1.3115e+01
112 -0.04159   1.3572e+01 |113 -0.08267   1.3173e+01 |114 -1.92747  -8.5971e+00
115  0.16898   1.7044e+01 |116 -0.00539   9.7223e+00 |117  0.07270   7.9807e+00
118 -0.08014   8.1493e+00 |119 -0.31959   1.0267e+00 |120 -0.25359   8.2275e+00
121 -0.26052  -4.4583e+00 |122  1.70342   1.3405e+01 |123 -0.43047   1.3813e+01
124  0.12015  -4.4397e+00 |125  0.07713   7.8633e+00 |126  2.35564  -2.4586e+00
127 -0.15179  -4.6643e+00 |128 -0.14911  -4.6691e+00 |129 -0.10181  -4.7389e+00
130 -0.16977  -4.6305e+00 |131  0.13024  -4.7000e+00 |132 -0.16609  -4.6377e+00
133  0.22431  -4.5052e+00 |134  0.11363  -4.7239e+00 |135 -0.12902  -4.7019e+00
136 -0.08777  -4.7546e+00 |137  0.06015  -4.7787e+00 |138 -0.02079  -4.7976e+00
139  0.01514  -4.7988e+00 |140 -0.15186  -4.6642e+00 |141 -0.13819  -4.6875e+00
142 -0.14771  -4.6715e+00 |143 -0.17269  -4.6246e+00 |144  0.08262  -4.7598e+00
145 -0.02191  -4.7973e+00 |146 -0.11426  -4.7230e+00 |147 -0.17089  -4.6282e+00
148  0.05418  -4.7828e+00 |149  0.05524  -4.7821e+00 |150 -0.02103  -4.7975e+00
151  0.09718  -4.7443e+00 |152 -0.18020  -4.6091e+00 |153 -0.13580  -4.6913e+00
154  0.04755  -4.7868e+00 |155  0.04050  -4.7904e+00 |156  0.07588  -4.7661e+00
157  0.00468  -4.8000e+00 |158  0.57209  -2.9889e+00 |159 -0.04760  -4.7867e+00
160  0.09000  -4.7522e+00 |161 -0.10503  -4.7350e+00 |162 -0.12220  -4.7120e+00
163 -0.12795  -4.7035e+00 |164  0.00676  -4.7999e+00 |165  0.36122  -4.0480e+00
166  0.62763  -2.6503e+00 |167  0.02833  -4.7954e+00 |168  0.11093  -4.7274e+00
169  0.04933   2.8130e+02 |170  0.00319  -8.3265e+00 |171  0.00730  -6.0595e+01
172  0.02727  -5.2443e+01 |173  0.07783  -2.2992e+01 |174  0.06404  -2.7281e+00
175  0.05682   6.3228e+00 |176  0.06080   3.6541e+01 |177  0.05244  -2.3867e+01
178  0.11283  -6.9003e+01 |179  0.14885  -2.3934e+01 |180  0.14303  -1.9876e+01
181  0.08062  -4.5785e+01 |182 -0.01827  -3.4008e+01 |183 -0.02545  -2.6275e+01
184  0.00332  -2.3579e-01 |185  0.00099   1.6180e+01 |186 -0.01860   1.2805e+00
187 -0.02197   4.4795e+00 |188 -0.00578  -9.8918e+00 |189  0.04026  -5.1123e+01
190  0.02891  -7.7157e+01 |191  0.07036   5.0405e+01 |192  0.02439  -1.0912e+01
193  0.00201  -1.3739e+01 |194 -0.07791  -2.0987e+01 |195  0.02337   2.1989e+01
196  0.08564  -2.2715e+01 |197 -0.30066  -3.1903e+01 |198  0.02689  -7.8231e+01
199  0.01160  -3.0596e+00 |200  0.01411  -1.1215e+01 |201  0.01744   5.8987e+00
202  0.11993   1.1367e+02 |203  0.09843  -2.6219e+01 |204  0.09243  -1.4553e+01
205 -0.04158  -1.2306e+01 |206 -0.28572  -1.6352e+01 |207 -0.15397  -1.6581e+00
208 -0.07012   3.7535e+00 |209 -0.04047  -2.6214e+01 |210  0.07131  -2.5559e+01
211 -0.62193  -1.0039e+01 |212 -0.01257   2.5701e+02 |213  0.01453  -1.5574e+02
214 -0.01411  -8.7040e-09 |215 -0.66984  -9.0291e+00 |216 -0.84304  -1.9005e+01
217  0.02220   2.8263e+01 |218 -0.04255   4.9592e+00 |219 -0.22246  -3.1714e+00
220 -0.01347   1.4422e+01 |221  0.08318   1.1125e+01 |222  0.01710  -2.1261e-01
223  0.02625   1.7237e+01 |224 -0.00556   8.7551e+00 |225 -0.03701  -2.4507e+01
226  0.12231   1.6514e+01 |227  0.10416   6.4951e+00 |228  0.22163   4.0704e+00
229  0.10265   4.7729e-01 |230  0.12611   7.4746e+00 |231  0.05592  -1.3303e+01
232  0.07604  -3.8613e+00 |233  0.11223  -4.2390e-01 |234  0.13720  -8.7504e-02
235 -0.13705   1.4525e+01 |236 -0.15793  -8.4192e+00 |237 -0.02780  -1.0295e+01
238  0.03160   6.6840e+00 |239 -0.06653   2.5866e+00 |240 -0.06899   3.0147e+01
241 -0.09738  -1.7890e+01 |242 -0.04991  -2.6048e+00 |243  0.07793   5.8007e+00
244  0.08655   1.9734e+01 |245 -0.07495  -7.1664e+00 |246 -0.18871   2.5356e+01
247 -0.11285  -1.7476e+01 |248  0.04238   1.5460e+01 |249  0.02547  -5.7334e+00
250  0.06837   1.1279e+01 |251  0.00549  -1.8449e+01 |252 -0.08461   1.4984e+01
253 -0.17485  -3.6279e+01 |254 -0.08223  -8.0014e-01 |255  0.12703   6.9659e+00
256  0.18608  -6.8316e+00 |257 -0.19197   1.3894e+01 |258  0.09201  -9.8149e+01
259 -0.69221  -1.1465e+01 |260 -1.13264  -1.0788e+02 |261 -0.97132   6.4890e+01
262 -1.07012   1.0290e+00 |263 -0.00821  -1.0963e+02 |264  0.76077  -4.0237e+01
265 -0.65694  -5.6263e+01 |266  0.59680  -6.4889e+01 |267 -0.32095  -9.5998e+01
268 -0.31229  -9.6709e+01 |269  0.56168  -6.9662e+01 |270 -0.37706  -9.0963e+01
271  0.34949  -9.3528e+01 |272  0.32072  -9.6017e+01 |273 -0.57715  -6.7585e+01
274 -0.43934  -8.4550e+01 |275 -0.71438  -4.7555e+01 |276  0.09154  -1.0851e+02
277  0.02597  -1.0955e+02 |278  0.10843  -1.0805e+02 |279  0.21562  -1.0341e+02
280 -0.42472  -8.6130e+01 |281 -0.35362  -9.3154e+01 |282 -0.42613  -8.5980e+01
283  0.40625  -8.8061e+01 |284 -0.23795  -1.0207e+02 |285  0.02483  -1.0955e+02
286 -0.30735  -9.7107e+01 |287 -0.22385  -1.0293e+02 |288 -0.08390  -1.0869e+02
289  0.28131  -9.9107e+01 |290 -0.39766  -8.8935e+01 |291 -0.07655  -1.0885e+02
292  0.38848  -8.9850e+01 |293 -0.59757  -6.4782e+01 |294  0.41054  -8.7620e+01
295  0.52499  -7.4423e+01 |296 -0.29272  -9.8251e+01 |297  0.01884  -1.0959e+02
298  0.51128  -7.6140e+01 |299  0.46563  -8.1597e+01 |300  0.32824  -9.5385e+01
301  0.14184  -1.0693e+02 |302  0.28407  -9.8903e+01 |303  0.48616   1.1347e+02
304  0.22270   2.4205e+01 |305 -0.90881   1.8720e+01 |306  0.19588  -4.9452e+01
307 -0.89986   1.8701e+01 |308 -0.37231   2.1146e+02 |
24.5086 23.0491 81.7973 62.8244 
15.4527 15.4527 124.876 130.254 
19.7715 26.9599 0 0.698498 5.30903 
0 9.07369 0 0 0.592562 70.1818 0 
24.587 22.946 81.3881 62.9093 
15.7197 15.7197 125.054 129.693 
19.1735 27.1804 0 0.639428 5.34173 
0 9.12781 0 0 0.579694 69.4919 0 
24.3374 23.6381 81.8878 62.7006 
15.9999 15.9999 124.908 129.332 
18.833 27.3296 0 0.530243 5.19473 
0 8.83919 0 0 0.579009 69.5573 0 
24.3912 23.5914 81.7312 62.741 
15.9492 15.9492 124.961 129.214 
18.7494 27.6633 0 0.523382 5.24835 
0 8.75441 0 0 0.571249 69.5363 0 
24.7036 22.8949 81.5413 62.6336 
16.1352 16.1352 124.946 129.297 
18.629 27.5706 0 0.531943 5.51381 
0 8.64676 0 0 0.583247 69.4201 0 
25.0278 22.8711 81.5094 62.2176 
16.6001 16.6001 125.044 129.144 
18.3005 26.6628 0 0.55887 5.6562 
0 8.54617 0 0 0.587909 69.4917 0 
25.3588 22.1568 81.3302 62.4997 
16.5304 16.5304 125.721 129.137 
18.1982 26.2157 0 0.548525 5.84909 
0 8.58156 0 0 0.586359 68.6705 0 
25.1528 22.212 81.0887 62.5191 
16.4325 16.4325 125.64 128.906 
18.0044 26.4416 0 0.532073 6.07175 
0 8.61604 0 0 0.556598 68.0446 0 
24.9692 22.0527 80.6016 62.5105 
16.2264 16.2264 125.403 128.976 
17.8078 26.6087 0 0.517739 6.19843 
0 8.60517 0 0 0.543575 67.3229 0 
25.0039 21.2867 79.3653 62.291 
15.9676 15.9676 125.144 129.636 
17.6322 27.0786 0 0.463629 6.34859 
0 8.77067 0 0 0.538087 66.2466 0 
308 variables; iteration 230; function evaluation 265; phase 1
Function value   6.0652578e+02; maximum gradient component mag   3.4379e+02
Var   Value    Gradient   |Var   Value    Gradient   |Var   Value    Gradient
  1  0.24582   1.2164e+01 |  2  0.03084  -3.0772e+00 |  3  0.24696   8.4345e+00
  4  0.23065   7.7269e+00 |  5  0.22674  -5.9830e+00 |  6  0.21574  -1.1702e+00
  7  0.20955   2.2513e+01 |  8  0.19629   1.5176e+01 |  9  0.19745   4.7706e+01
 10  0.16883   3.6760e+00 | 11 -2.14659   7.5694e-01 | 12  0.14097   2.5023e+00
 13  0.10912   1.9135e+01 | 14 -2.09510  -6.1573e+00 | 15 -2.06270  -2.8100e+01
 16  0.04283  -2.1162e+01 | 17  0.01737   8.4636e+00 | 18 -0.03127   6.7491e+00
 19 -0.07510   1.1947e-01 | 20 -0.12094   5.7450e-01 | 21 -0.16786   3.4716e-01
 22 -2.16706  -2.5400e+00 | 23 -0.11817   1.9067e-03 | 24  0.08550   1.3676e+00
 25  0.11729  -5.6236e+00 | 26  0.15567  -6.7481e+00 | 27  0.18259  -6.1550e-02
 28  0.16954  -1.4711e+01 | 29  0.17373   1.2882e+01 | 30  0.17553   1.9239e+01
 31  0.17002   8.6829e+00 | 32  0.14686  -6.8279e+00 | 33  0.13402   1.0906e+01
 34  0.11417   1.8097e+01 | 35 -0.05125  -2.8579e+01 | 36  0.07683  -1.1667e+01
 37 -0.61859  -6.5012e+00 | 38 -0.10395  -6.8567e+00 | 39 -0.04848   1.3824e-01
 40 -0.17333  -1.7579e+00 | 41 -0.65777  -4.0073e-01 | 42 -0.37864  -1.5199e-01
 43  0.04357   5.4343e+00 | 44 -0.04597   1.2690e+01 | 45  0.10170   3.2711e+01
 46 -0.16974   1.6912e+01 | 47 -0.10334   2.9452e+01 | 48 -0.02273   3.6032e+01
 49  0.06551   4.3073e+01 | 50  0.07376   3.2296e+01 | 51  0.04912   3.1429e+01
 52  0.05233   3.7135e+01 | 53  0.05921   4.6439e+01 | 54  0.13268   6.7392e+01
 55  0.10541   5.7969e+01 | 56  0.08476   4.3380e+01 | 57  0.12175   2.8630e+01
 58  0.18169   9.5201e+00 | 59  0.05690   1.0449e+01 | 60 -0.08604   1.9272e+01
 61 -0.01786   2.2722e+01 | 62  0.13668   3.5266e+01 | 63 -0.02466   2.9000e+01
 64  0.03345   4.1132e+01 | 65  0.18147   7.5131e+01 | 66  0.02858   2.8769e+01
 67 -0.11612   1.5463e+01 | 68  0.10385   3.4023e+01 | 69  0.03304   2.8715e+01
 70  0.03023   3.7847e+01 | 71  0.11490   4.7832e+01 | 72  0.09734   4.7588e+01
 73  0.09738   3.9218e+01 | 74 -0.06790   1.2234e+01 | 75  0.21271  -1.9348e+01
 76 -0.56035  -4.5152e+00 | 77  0.13267  -7.3462e+00 | 78 -0.05394   6.1396e+00
 79  0.29924  -4.2147e+01 | 80 -0.23386  -2.1122e+00 | 81 -1.35317  -8.9267e+00
 82 -0.06875   1.7859e+01 | 83 -0.12063   1.2554e+01 | 84 -1.57537  -9.2036e-01
 85  0.12880   1.8196e+01 | 86  0.12712   1.2608e+01 | 87  0.26020   1.4532e+01
 88 -0.06762   1.3231e+01 | 89 -0.15348   1.4940e+01 | 90 -0.11797   1.2760e+01
 91  0.08962   2.6770e+01 | 92  0.08435   2.8206e+01 | 93  0.04082   1.6699e+01
 94  0.20654   2.4123e+01 | 95  0.06979   1.9522e+01 | 96  0.05629   1.7312e+01
 97  0.07046   2.2497e+01 | 98  0.10326   2.6283e+01 | 99  0.14695   3.3930e+01
100  0.18585   2.4733e+01 |101 -0.27765   6.3496e-01 |102 -0.18674   1.1000e+01
103 -0.04613   1.3517e+01 |104  0.07644   3.7650e+00 |105  0.10515   9.8233e+00
106  0.12993   2.1654e+01 |107 -0.00827   2.1191e+01 |108 -1.89282  -1.5691e+01
109 -0.03855   1.2654e+01 |110  0.20773   2.5505e+01 |111  0.07932   1.7419e+01
112 -0.07869   1.5981e+01 |113 -0.15049   1.3599e+01 |114 -1.88490  -1.0614e+01
115  0.18011   3.2962e+01 |116 -0.03543   1.5658e+01 |117  0.09390   2.0114e+01
118 -0.10065   9.9178e+00 |119 -0.22518   8.0651e+00 |120 -0.23071   1.0603e+01
121 -0.28039  -1.6513e+00 |122  1.72171   3.1522e+01 |123 -0.34307   1.8850e+01
124  0.09910  -2.8085e+00 |125  0.10441   1.2823e+01 |126  2.36310  -5.5323e+00
127 -0.11735  -1.3840e+00 |128 -0.10996  -1.3869e+00 |129 -0.06328  -1.4009e+00
130 -0.15338  -1.3672e+00 |131  0.17816  -1.3531e+00 |132 -0.14829  -1.3699e+00
133  0.10532  -1.3887e+00 |134  0.17742  -1.3536e+00 |135 -0.08167  -1.3963e+00
136 -0.09871  -1.3910e+00 |137 -0.14943  -1.3693e+00 |138 -0.00900  -1.4078e+00
139  0.03764  -1.4054e+00 |140 -0.11862  -1.3835e+00 |141 -0.09349  -1.3927e+00
142 -0.12190  -1.3822e+00 |143 -0.19619  -1.3416e+00 |144 -0.12647  -1.3802e+00
145  0.03869  -1.4053e+00 |146 -0.07967  -1.3969e+00 |147 -0.15496  -1.3664e+00
148 -0.14746  -1.3703e+00 |149  0.01826  -1.4073e+00 |150  0.04777  -1.4039e+00
151 -0.10216  -1.3898e+00 |152 -0.19940  -1.3394e+00 |153 -0.16029  -1.3635e+00
154  0.09941  -1.3908e+00 |155  0.11199  -1.3862e+00 |156  0.11280  -1.3859e+00
157  0.07055  -1.3993e+00 |158  0.42442  -1.1064e+00 |159  0.01700  -1.4074e+00
160  0.14947  -1.3693e+00 |161 -0.06752  -1.4000e+00 |162 -0.09015  -1.3938e+00
163 -0.10942  -1.3872e+00 |164  0.05003  -1.4035e+00 |165  0.26153  -1.2908e+00
166  0.70532  -6.2866e-01 |167  0.09794  -1.3913e+00 |168  0.15466  -1.3666e+00
169  0.04530  -7.9814e+01 |170  0.00049   1.8351e+01 |171  0.01252  -1.1122e+01
172  0.03552   9.7114e+00 |173  0.08180   1.6380e+01 |174  0.06321   3.0673e+01
175  0.05978   3.8303e+01 |176  0.05124   4.7876e+01 |177  0.04890   1.0200e+01
178  0.10504  -5.2575e+01 |179  0.14709  -1.6924e+01 |180  0.13964   6.9489e+00
181  0.08402   2.9402e+01 |182 -0.01312   1.9074e+01 |183 -0.02816   2.2538e+01
184  0.00890   6.2087e+01 |185 -0.00538   2.8012e+01 |186 -0.02189   5.4367e+00
187 -0.03104   1.4612e+01 |188 -0.00381   1.9034e+01 |189  0.03988  -2.2364e+01
190  0.04349  -1.5380e+01 |191  0.06903   6.7257e+01 |192  0.02698   2.9006e+01
193 -0.00112   3.0190e+01 |194 -0.07426   1.7034e+01 |195  0.01487   2.3780e+01
196  0.08417  -2.5484e+01 |197 -0.23356  -4.8601e+00 |198  0.03445  -1.2367e+01
199  0.01371   4.0602e+01 |200  0.01562   3.3448e+01 |201  0.02219   5.5799e+01
202  0.11494   1.3253e+02 |203  0.09643   8.1296e+00 |204  0.09106   3.5664e+01
205 -0.03106   3.6346e+01 |206 -0.32425   1.8388e+01 |207 -0.16900   2.1086e+01
208 -0.06398   4.8047e+01 |209 -0.03534   2.0243e+01 |210  0.06754   5.4189e+00
211 -0.65407   1.1197e+01 |212 -0.01651   3.4379e+02 |213  0.01890  -9.7258e+01
214 -0.01411  -8.7040e-09 |215 -0.66976  -1.7362e+01 |216 -0.84486  -2.9841e+01
217  0.02020   5.2879e-01 |218 -0.04839   1.5948e+00 |219 -0.21927  -9.0859e+00
220 -0.00921   5.1497e+00 |221  0.05114  -2.0268e+01 |222  0.02990  -2.8727e+00
223  0.04064   1.4106e+01 |224 -0.00335   1.5045e+00 |225 -0.02050  -2.2824e+01
226  0.11163  -3.6289e+00 |227  0.09900  -8.6364e-01 |228  0.21176  -5.0763e+00
229  0.10625  -8.6334e+00 |230  0.10747  -1.2595e+01 |231  0.05766  -1.6676e+01
232  0.04588  -3.2759e+01 |233  0.10501  -1.4568e+01 |234  0.13314  -1.6935e+01
235 -0.13011   1.2786e+01 |236 -0.17277  -2.5157e+01 |237 -0.01040   6.1874e-01
238  0.02827  -8.7044e-01 |239 -0.07065  -3.5587e+00 |240 -0.08223   1.0699e+01
241 -0.08745  -2.7309e+01 |242 -0.06361  -2.7701e+01 |243  0.06180  -1.0060e+01
244  0.10237   1.6615e+01 |245 -0.06326  -1.5735e+01 |246 -0.18957   1.4137e+01
247 -0.10578  -1.3583e+01 |248  0.04168   6.1405e+00 |249  0.02754  -1.6767e+01
250  0.06522  -6.0031e+00 |251  0.01912  -2.5342e+01 |252 -0.07930   1.1447e-01
253 -0.13854  -2.6018e+01 |254 -0.06660  -6.0409e+00 |255  0.12583   4.7721e-01
256  0.17003  -2.1694e+01 |257 -0.19514   8.3030e+00 |258  0.08936  -9.3027e+01
259 -0.69730  -1.0535e+01 |260 -1.13205  -1.3348e+02 |261 -0.97174   1.5405e+01
262 -1.05037   1.7723e+00 |263 -0.12810   2.8808e+02 |264  0.68075   1.4134e+02
265 -0.60826   1.6972e+02 |266  0.45989   2.2058e+02 |267 -0.26924   2.6811e+02
268 -0.24141   2.7313e+02 |269  0.52838   1.9843e+02 |270 -0.30410   2.6111e+02
271  0.44308   2.2563e+02 |272  0.12731   2.8816e+02 |273 -0.51423   2.0320e+02
274 -0.43683   2.2747e+02 |275 -0.65473   1.5175e+02 |276  0.27350   2.6730e+02
277  0.04153   2.9339e+02 |278 -0.01636   2.9392e+02 |279  0.20270   2.7924e+02
280 -0.37387   2.4476e+02 |281 -0.29444   2.6313e+02 |282 -0.44421   2.2530e+02
283  0.39363   2.3958e+02 |284 -0.33851   2.5342e+02 |285  0.00017   2.9402e+02
286 -0.60407   1.7129e+02 |287 -0.15537   2.8530e+02 |288  0.01769   2.9390e+02
289  0.20204   2.7933e+02 |290 -0.37716   2.4391e+02 |291 -0.22094   2.7649e+02
292  0.47048   2.1731e+02 |293 -0.59554   1.7448e+02 |294  0.45675   2.2153e+02
295  0.42204   2.3174e+02 |296 -0.10563   2.8998e+02 |297 -0.12904   2.8800e+02
298  0.51585   2.0266e+02 |299  0.55145   1.9044e+02 |300  0.38186   2.4269e+02
301  0.36069   2.4807e+02 |302  0.27194   2.6760e+02 |303  0.48672   1.7309e+02
304  0.21104   3.4679e+01 |305 -0.90907   2.6263e+01 |306  0.19825  -4.6522e+01
307 -0.89951  -8.0922e+00 |308 -0.38279   2.2584e+02 |
24.8481 20.9866 78.6567 62.1557 
15.7916 15.7916 125.159 129.524 
17.5993 27.8869 0 0.388072 6.64463 
0 8.945 0 0 0.531291 65.4307 0 
25.3705 20.6869 77.6252 62.2454 
15.8411 15.8411 127.078 127.354 
17.662 28.7837 0 0.302983 6.35239 
0 9.07386 0 0 0.507305 63.5798 0 
25.5038 19.9719 77.1363 61.9006 
16.6017 16.6017 128.173 126.893 
17.1546 28.3302 0 0.285733 6.76172 
0 9.19925 0 0 0.496902 62.3999 0 
25.4845 19.718 77.072 62.461 
16.2419 16.2419 127.555 127.31 
16.8825 28.9851 0 0.265061 6.63533 
0 9.12781 0 0 0.494455 61.1453 0 
25.5289 19.5893 76.5726 62.6125 
15.8002 15.8002 128.532 127.043 
16.4805 28.9239 0 0.234015 6.28326 
0 9.08549 0 0 0.522033 60.139 0 
26.1586 18.4663 75.7256 62.512 
16.7353 16.7353 129.562 125.706 
16.4806 30.1991 0 0.188555 6.28191 
0 9.17048 0 0 0.557882 58.9573 0 
26.1241 18.7437 75.6321 62.4879 
16.5874 16.5874 129.26 125.966 
16.4957 29.9388 0 0.192478 6.17871 
0 9.14693 0 0 0.542143 58.7264 0 
26.1777 18.9729 75.6825 62.4878 
16.6955 16.6955 129.485 125.609 
16.4429 29.4938 0 0.177727 6.15967 
0 9.19486 0 0 0.560064 58.3929 0 
26.3728 18.3136 75.3173 62.5606 
15.7334 15.7334 129.555 125.47 
16.1799 30.2794 0 0.174008 6.16265 
0 9.34763 0 0 0.565914 58.2681 0 
26.0341 18.0894 75.1343 62.6391 
15.4947 15.4947 129.717 125.928 
15.9922 29.9605 0 0.167472 6.27279 
0 9.4882 0 0 0.589508 57.8204 0 
308 variables; iteration 240; function evaluation 275; phase 1
Function value   5.9451677e+02; maximum gradient component mag  -1.2055e+03
Var   Value    Gradient   |Var   Value    Gradient   |Var   Value    Gradient
  1  0.24704   1.4768e+01 |  2  0.02849  -2.9411e+00 |  3  0.24140   1.1215e+01
  4  0.23283   2.5416e+01 |  5  0.22201  -8.5369e+00 |  6  0.21312  -8.4753e+00
  7  0.20715   1.2381e+01 |  8  0.19207  -3.2101e+00 |  9  0.19127   1.3653e+01
 10  0.17056   8.2386e+00 | 11 -2.14753  -8.6131e+00 | 12  0.14445   8.9213e+00
 13  0.10585   8.9099e+00 | 14 -2.09826  -1.5547e+01 | 15 -2.05302  -2.4208e+01
 16  0.03694  -3.8354e+01 | 17  0.01390   2.9798e-01 | 18 -0.04004   4.8883e+00
 19 -0.12723  -5.9837e+00 | 20 -0.10586   1.8531e+00 | 21 -0.25774   8.3040e-02
 22 -2.14068   1.5211e-01 | 23 -0.12987   9.0730e-04 | 24  0.05707   2.3391e-01
 25  0.13883   2.9139e+00 | 26  0.14993  -6.0808e+00 | 27  0.17142  -7.1310e+00
 28  0.17437   3.0238e+00 | 29  0.16745   9.8580e+00 | 30  0.17107   1.9358e+01
 31  0.16022  -2.4954e+00 | 32  0.14714  -2.5159e+00 | 33  0.12590   1.6552e+00
 34  0.10556   4.9495e+00 | 35 -0.03005  -2.8413e+01 | 36  0.08992  -1.8334e+00
 37 -0.60347  -6.7254e+00 | 38 -0.11020  -7.2199e+00 | 39 -0.03449   4.6419e-01
 40 -0.19012  -2.8484e+00 | 41 -0.72155  -3.3148e-01 | 42 -0.14071   7.5910e-01
 43  0.06285   7.7538e+00 | 44 -0.05915   8.3659e+00 | 45  0.09494   2.7930e+01
 46 -0.15445   1.3239e+01 | 47 -0.08674   3.0426e+01 | 48 -0.04191   3.5882e+01
 49  0.03136   5.1135e+01 | 50  0.07981   6.0545e+01 | 51  0.03025   4.6307e+01
 52  0.04577   5.2294e+01 | 53  0.05704   5.4482e+01 | 54  0.13185   6.3767e+01
 55  0.10564   4.5402e+01 | 56  0.09734   3.4827e+01 | 57  0.09333   1.8536e+01
 58  0.17000   1.3905e+01 | 59  0.08625   1.6064e+01 | 60 -0.13126   1.1866e+01
 61 -0.02772   2.1833e+01 | 62  0.13300   4.6570e+01 | 63  0.01313   3.4547e+01
 64 -0.00787   3.1586e+01 | 65  0.16995   8.1380e+01 | 66  0.02585   3.1992e+01
 67 -0.13869   1.2213e+01 | 68  0.10647   5.1197e+01 | 69  0.04016   3.9917e+01
 70  0.04220   5.0756e+01 | 71  0.10656   6.1181e+01 | 72  0.08617   5.4582e+01
 73  0.10868   5.0126e+01 | 74 -0.01758   1.5196e+01 | 75  0.18945   1.2402e+01
 76 -0.53776  -8.2042e+00 | 77  0.13257   1.2281e+01 | 78 -0.06205   6.6042e+00
 79  0.29561  -4.5087e+00 | 80 -0.23526  -6.5700e+00 | 81 -1.37706  -5.7909e+00
 82 -0.05859   1.3540e+01 | 83 -0.10166   7.3399e+00 | 84 -1.65369   2.4316e+00
 85  0.13477   1.3614e+01 | 86  0.10033   7.5281e+00 | 87  0.25245   1.2563e+01
 88 -0.09269   5.9142e+00 | 89 -0.16108   8.9596e+00 | 90 -0.08025   1.0447e+01
 91  0.07766   1.8697e+01 | 92  0.08693   2.3994e+01 | 93  0.04181   1.6251e+01
 94  0.23613   4.9851e+01 | 95  0.07167   2.6616e+01 | 96  0.09044   3.3764e+01
 97  0.07002   2.2828e+01 | 98  0.09416   1.6599e+01 | 99  0.13037   1.8768e+01
100  0.18416   2.5021e+00 |101 -0.27396  -5.0027e+00 |102 -0.22554   5.2743e+00
103 -0.05874   1.2204e+01 |104  0.12071   1.0992e+01 |105  0.12052   1.6026e+01
106  0.15512   2.4161e+01 |107 -0.02828   1.3666e+01 |108 -1.90765  -9.5218e+00
109 -0.04664   6.4325e+00 |110  0.20765   3.4314e+01 |111  0.09838   2.4113e+01
112 -0.05259   1.5037e+01 |113 -0.13557   1.1804e+01 |114 -1.81731  -2.1569e+00
115  0.18059   4.0743e+01 |116 -0.07199   9.2829e+00 |117  0.06301   1.2476e+01
118 -0.02560   6.7381e+00 |119 -0.16009   5.1847e+00 |120 -0.19117   7.8356e+00
121 -0.30483  -6.7197e+00 |122  1.72044   3.2682e+00 |123 -0.50851   1.0976e+01
124  0.09901  -4.7348e+00 |125  0.10954   8.9945e+00 |126  2.34941  -6.9152e-01
127 -0.10375   6.1156e+00 |128 -0.08468   6.1430e+00 |129  0.01229   6.1966e+00
130 -0.16327   5.9950e+00 |131  0.21951   5.8330e+00 |132 -0.15141   6.0233e+00
133  0.01821   6.1952e+00 |134  0.23648   5.7751e+00 |135 -0.02350   6.1935e+00
136 -0.10919   6.1068e+00 |137 -0.45616   4.6737e+00 |138  0.02450   6.1932e+00
139  0.08237   6.1460e+00 |140 -0.10737   6.1098e+00 |141 -0.04746   6.1805e+00
142 -0.12051   6.0870e+00 |143 -0.28492   5.5873e+00 |144 -0.41600   4.9209e+00
145  0.15100   6.0242e+00 |146 -0.01524   6.1960e+00 |147 -0.16702   5.9857e+00
148 -0.44314   4.7559e+00 |149 -0.00998   6.1970e+00 |150  0.16399   5.9933e+00
151 -0.36351   5.2145e+00 |152 -0.28903   5.5699e+00 |153 -0.21803   5.8378e+00
154  0.16413   5.9929e+00 |155  0.22049   5.8297e+00 |156  0.16072   6.0013e+00
157  0.18401   5.9407e+00 |158  0.30111   5.5173e+00 |159  0.12872   6.0715e+00
160  0.21083   5.8610e+00 |161  0.00534   6.1975e+00 |162 -0.03371   6.1891e+00
163 -0.10611   6.1119e+00 |164  0.11241   6.1014e+00 |165  0.19574   5.9071e+00
166  0.88156   1.1464e+00 |167  0.20882   5.8673e+00 |168  0.19853   5.8988e+00
169  0.03941  -1.2055e+03 |170 -0.00149   7.1808e+01 |171  0.01990   7.5916e+01
172  0.03704   7.5615e+01 |173  0.08267   3.5554e+01 |174  0.05677   4.8894e+01
175  0.05635   5.9242e+01 |176  0.05096   7.6922e+01 |177  0.05558   6.9399e+01
178  0.10759  -8.4457e-01 |179  0.14438   1.9587e+01 |180  0.14080   9.1876e+01
181  0.08482   1.1412e+02 |182 -0.01166   8.2345e+01 |183 -0.03803   7.5621e+01
184  0.00773   1.0863e+02 |185  0.00125   9.4504e+01 |186 -0.02066   6.8939e+01
187 -0.03587   6.2461e+01 |188 -0.00432   6.3598e+01 |189  0.03424   1.3714e+01
190  0.04821   5.9755e+01 |191  0.05839   8.8248e+01 |192  0.03696   1.0023e+02
193 -0.00662   6.6507e+01 |194 -0.07462   7.3594e+01 |195  0.01875   6.8605e+01
196  0.07851  -2.0639e+01 |197 -0.11912   3.0729e+01 |198  0.02945   5.2791e+01
199  0.01773   1.0843e+02 |200  0.01631   8.6019e+01 |201  0.00081   8.1967e+01
202  0.11214   1.6338e+02 |203  0.09557   5.4113e+01 |204  0.08653   7.1899e+01
205 -0.03724   9.4979e+01 |206 -0.38291   7.1599e+01 |207 -0.15914   8.6967e+01
208 -0.06124   1.1221e+02 |209 -0.03912   7.7790e+01 |210  0.07788   9.2213e+01
211 -0.68282   4.1719e+01 |212 -0.02262   7.8747e+02 |213  0.01859   1.0618e+02
214 -0.01411  -8.7040e-09 |215 -0.67020  -2.1265e+01 |216 -0.85455  -5.9243e+01
217  0.01890  -9.0328e+01 |218 -0.05929  -8.0739e+00 |219 -0.22660  -1.1033e+01
220 -0.03761  -9.8751e+00 |221  0.03511  -2.3725e+01 |222  0.02554   1.8422e+00
223  0.02766   9.6145e-01 |224 -0.00079  -2.8815e-01 |225 -0.01221  -1.4603e+01
226  0.10521  -5.6275e+00 |227  0.08323  -1.3680e+01 |228  0.24043   2.6259e+00
229  0.08614  -2.6574e+01 |230  0.07243  -4.0411e+01 |231  0.05000  -2.1033e+01
232  0.04214  -3.4936e+01 |233  0.08457  -2.5955e+01 |234  0.15682  -1.0819e-01
235 -0.12625   2.1872e+01 |236 -0.19612  -3.9817e+01 |237 -0.00135   2.7087e+00
238  0.02085  -2.1257e+01 |239 -0.03278   8.8681e+00 |240 -0.07975  -7.7039e+00
241 -0.05372  -1.3249e+01 |242 -0.04743  -2.6108e+01 |243  0.07419  -4.9000e-01
244  0.06849  -4.8079e+00 |245 -0.05344  -1.4332e+01 |246 -0.19366   1.0949e+00
247 -0.09312  -8.5937e+00 |248  0.03939   1.2771e+00 |249  0.02152  -2.7564e+01
250  0.05172  -1.5054e+01 |251  0.05516   5.8950e-01 |252 -0.07710  -1.4574e+01
253 -0.11312  -1.8184e+01 |254 -0.05602  -1.1769e+01 |255  0.12203  -1.0142e+01
256  0.17237  -2.2525e+01 |257 -0.19353   3.7546e+00 |258  0.08712  -2.3766e+01
259 -0.70087  -1.1589e+01 |260 -1.13042  -1.3437e+02 |261 -0.97157   1.3773e+02
262 -1.02386   2.1267e+00 |263 -0.28624   7.0512e+01 |264  0.73095   3.2113e+01
265 -0.63492   4.2478e+01 |266  0.47854   5.7197e+01 |267 -0.35440   6.6472e+01
268 -0.09208   7.7476e+01 |269  0.51402   5.4130e+01 |270 -0.35608   6.6363e+01
271  0.35632   6.6347e+01 |272  0.08648   7.7572e+01 |273 -0.53484   5.2251e+01
274 -0.37388   6.5175e+01 |275 -0.71518   3.3871e+01 |276  0.19746   7.4558e+01
277  0.11809   7.6951e+01 |278 -0.03789   7.8155e+01 |279  0.36942   6.5477e+01
280 -0.35702   6.6301e+01 |281 -0.23336   7.3092e+01 |282 -0.39867   6.3437e+01
283  0.46173   5.8588e+01 |284 -0.30074   6.9719e+01 |285  0.04821   7.8069e+01
286 -0.48458   5.6687e+01 |287 -0.08806   7.7546e+01 |288  0.12340   7.6827e+01
289  0.21894   7.3709e+01 |290 -0.35360   6.6524e+01 |291 -0.22549   7.3434e+01
292  0.52909   5.2775e+01 |293 -0.62673   4.3321e+01 |294  0.41520   6.2224e+01
295  0.38328   6.4527e+01 |296 -0.23142   7.3178e+01 |297 -0.21503   7.3870e+01
298  0.52773   5.2898e+01 |299  0.54072   5.1710e+01 |300  0.34031   6.7371e+01
301  0.20126   7.4414e+01 |302  0.24981   7.2343e+01 |303  0.48520   2.3694e+02
304  0.17110   3.2675e+01 |305 -0.90991  -9.1308e+00 |306  0.20681  -3.8524e+01
307 -0.89979  -1.4869e+02 |308 -0.39304   2.1178e+02 |
26.0953 17.6689 74.8007 62.6513 
15.9014 15.9014 129.817 125.911 
15.6774 29.5698 0 0.174786 6.22494 
0 9.44653 0 0 0.582881 57.1632 0 
26.4603 17.2179 74.0093 62.2372 
15.7093 15.7093 130.203 125.837 
15.5962 29.6855 0 0.166715 6.39388 
0 9.24478 0 0 0.565992 56.6274 0 
26.7129 17.4499 73.4442 61.5621 
16.2769 16.2769 130.855 125.856 
15.5108 28.0289 0 0.142413 6.69719 
0 9.1587 0 0 0.563929 55.4625 0 
26.6085 17.0871 72.53 61.2686 
16.2602 16.2602 131.248 126.525 
15.414 27.5487 0 0.131859 7.35432 
0 9.38781 0 0 0.581134 54.6113 0 
26.6625 17.2222 72.8632 61.3625 
16.2111 16.2111 131.01 126.225 
15.4489 27.7087 0 0.136704 7.04565 
0 9.26589 0 0 0.572304 55.0059 0 
26.1346 16.6237 71.9339 61.4411 
16.604 16.604 130.149 127.269 
15.1058 27.6495 0 0.137577 7.31659 
0 9.40829 0 0 0.573943 54.7674 0 
25.1354 16.7653 71.416 61.5527 
16.7698 16.7698 130.556 128.172 
14.6448 27.0674 0 0.138282 7.45163 
0 9.42788 0 0 0.553148 53.8957 0 
24.2616 17.2596 71.5631 60.9872 
17.0737 17.0737 131.446 127.769 
14.4464 26.9895 0 0.1285 7.55258 
0 9.79874 0 0 0.560165 53.5337 0 
24.2106 17.2395 71.9332 60.9586 
17.2019 17.2019 131.195 127.362 
14.3631 26.9631 0 0.137587 7.42936 
0 9.91195 0 0 0.558295 53.6081 0 
24.0793 16.7621 71.8486 61.3362 
16.73 16.73 131.383 127.108 
14.1842 27.321 0 0.149538 7.46415 
0 9.98803 0 0 0.565957 53.2128 0 
23.6723 16.359 71.9292 61.3847 
16.5616 16.5616 130.958 127.54 
14.1973 27.6998 0 0.143853 7.36066 
0 9.95439 0 0 0.547857 53.1167 0 
308 variables; iteration 250; function evaluation 286; phase 1
Function value   5.8052482e+02; maximum gradient component mag  -1.2257e+03
Var   Value    Gradient   |Var   Value    Gradient   |Var   Value    Gradient
  1  0.24898   1.6347e+01 |  2  0.03476  -3.4007e+00 |  3  0.23318  -2.4301e+01
  4  0.22767  -9.5335e+00 |  5  0.21870  -2.8182e+01 |  6  0.20616  -3.9300e+01
  7  0.20360   3.4309e+00 |  8  0.19831   2.3861e+01 |  9  0.18981   8.4700e+00
 10  0.17079   2.6327e+00 | 11 -2.15423  -2.5207e+01 | 12  0.14627   9.7947e+00
 13  0.11060   9.1305e+00 | 14 -2.09836  -1.0084e+01 | 15 -2.04935  -2.4660e+01
 16  0.04193  -3.0857e+01 | 17  0.01096  -5.7339e+00 | 18 -0.04232   3.8703e-01
 19 -0.14256  -5.4536e+00 | 20 -0.13329  -4.4059e-01 | 21 -0.22591   4.2380e-02
 22 -2.12043   1.5286e+00 | 23 -0.14217   2.6883e-04 | 24 -0.06097  -1.3745e+00
 25  0.11454  -1.5637e+00 | 26  0.12051  -1.6822e+01 | 27  0.15026  -2.1666e+01
 28  0.15991  -7.5979e+00 | 29  0.15654   3.1853e+00 | 30  0.15027  -8.4760e+00
 31  0.15202  -7.2747e+00 | 32  0.14325   1.0349e+00 | 33  0.12830   1.0386e+01
 34  0.10411   5.0085e+00 | 35  0.00235  -2.8486e+01 | 36  0.09713   1.7856e+01
 37 -0.55760  -7.3821e+00 | 38 -0.11389  -7.4744e+00 | 39 -0.05792  -3.0510e+00
 40 -0.17326  -3.9692e+00 | 41 -0.70872  -3.4572e-01 | 42 -0.18104  -3.4792e-02
 43  0.03447   2.1326e+01 | 44 -0.04737   1.6925e+01 | 45  0.07586   3.3688e+01
 46 -0.10876   2.3384e+01 | 47 -0.08713   3.7175e+01 | 48 -0.02590   5.0057e+01
 49  0.00238   5.2448e+01 | 50  0.08045   6.7019e+01 | 51 -0.01900   3.4303e+01
 52  0.04764   4.9467e+01 | 53  0.05996   5.7007e+01 | 54  0.14317   8.3113e+01
 55  0.07244   5.2010e+01 | 56  0.10490   5.0971e+01 | 57  0.06809   2.4550e+01
 58  0.15170   2.4274e+01 | 59  0.10672   2.9888e+01 | 60 -0.15144   1.4324e+01
 61 -0.06377   2.2271e+01 | 62  0.13069   4.5315e+01 | 63 -0.02984   2.4298e+01
 64 -0.02043   2.8420e+01 | 65  0.16397   8.1647e+01 | 66  0.01694   3.4444e+01
 67 -0.14569   1.5096e+01 | 68  0.09757   5.8646e+01 | 69  0.02320   3.7758e+01
 70  0.03645   3.7280e+01 | 71  0.10002   2.9613e+01 | 72  0.11804   2.8164e+01
 73  0.09524   3.1690e+01 | 74  0.05432   2.1458e+01 | 75  0.15833   4.5717e+00
 76 -0.50214  -6.3836e+00 | 77  0.12334   1.4212e+01 | 78 -0.07951   9.7147e+00
 79  0.29419   1.5323e+01 | 80 -0.23675  -3.2712e+00 | 81 -1.42060  -7.8410e+00
 82 -0.02327   1.9666e+01 | 83  0.00003   1.5519e+01 | 84 -1.70506  -1.1070e+00
 85  0.09107   3.7990e+00 | 86  0.14309   7.3155e+00 | 87  0.23371   8.2140e+00
 88 -0.05776  -4.3020e+00 | 89 -0.17165  -7.8032e+00 | 90 -0.00725   1.6917e+00
 91  0.05939   4.0795e-01 | 92  0.09265   1.3101e+01 | 93 -0.01014  -2.1021e+00
 94  0.22358   3.2874e+01 | 95  0.11615   1.8896e+01 | 96  0.07558   5.8525e+00
 97  0.05347   5.7106e-01 | 98  0.08062   1.7318e+00 | 99  0.11510   5.1648e+00
100  0.19064   2.8131e+00 |101 -0.31422  -1.9844e+01 |102 -0.18011  -6.2071e+00
103 -0.06835  -5.4830e+00 |104  0.10370  -7.6053e+00 |105  0.08696  -7.2042e-01
106  0.10664   6.4043e+00 |107 -0.01456  -1.5501e+00 |108 -1.95393   8.5121e+00
109  0.00915  -1.1142e+01 |110  0.17057   2.2323e+01 |111  0.09174   1.6951e+01
112 -0.10808  -5.2396e+00 |113 -0.12567  -3.7625e+00 |114 -1.77582   1.7485e+01
115  0.19032   8.4516e+00 |116 -0.09436  -1.2365e+01 |117  0.04038  -1.4784e+01
118 -0.01825  -1.4718e+01 |119 -0.11636  -1.2055e+01 |120 -0.11394  -6.7376e+00
121 -0.30304  -2.1319e+01 |122  1.71358  -1.9656e+01 |123 -0.48389  -2.3741e-01
124  0.14327  -7.8235e+00 |125  0.04564  -7.2379e+00 |126  2.36095   1.2630e+01
127 -0.20015  -4.2778e+00 |128 -0.17681  -4.3259e+00 |129  0.02041  -4.4960e+00
130 -0.23640  -4.1917e+00 |131  0.33306  -3.8966e+00 |132 -0.22037  -4.2315e+00
133 -0.20403  -4.2692e+00 |134  0.36281  -3.7874e+00 |135 -0.07492  -4.4672e+00
136 -0.11129  -4.4297e+00 |137 -0.49623  -3.1996e+00 |138  0.04089  -4.4890e+00
139  0.11827  -4.4209e+00 |140 -0.20339  -4.2707e+00 |141 -0.11697  -4.4226e+00
142 -0.20514  -4.2668e+00 |143 -0.27861  -4.0744e+00 |144 -0.52205  -3.0687e+00
145  0.22989  -4.2082e+00 |146 -0.02115  -4.4958e+00 |147 -0.24136  -4.1789e+00
148 -0.49774  -3.1920e+00 |149 -0.18059  -4.3185e+00 |150  0.24350  -4.1732e+00
151 -0.53533  -2.9994e+00 |152 -0.29721  -4.0169e+00 |153 -0.20806  -4.2602e+00
154  0.24258  -4.1757e+00 |155  0.33223  -3.8995e+00 |156  0.23443  -4.1967e+00
157  0.27880  -4.0738e+00 |158  0.62391  -2.5055e+00 |159  0.18677  -4.3061e+00
160  0.31999  -3.9419e+00 |161  0.00990  -4.4978e+00 |162 -0.04890  -4.4850e+00
163 -0.16076  -4.3556e+00 |164  0.16147  -4.3544e+00 |165  0.19878  -4.2808e+00
166  0.86449  -9.5027e-01 |167  0.31522  -3.9581e+00 |168  0.29671  -4.0185e+00
169  0.03789  -1.2257e+03 |170 -0.00956   2.4544e+01 |171  0.02031   5.7233e+01
172  0.03935   5.0453e+01 |173  0.07712  -5.1051e+01 |174  0.04771  -1.8571e+01
175  0.04747   1.6031e+01 |176  0.04901   7.3992e+01 |177  0.04718   5.3995e+01
178  0.10907  -5.9402e+00 |179  0.13965  -3.2895e+01 |180  0.13070   1.0224e+01
181  0.07358   5.3696e+01 |182 -0.01890   5.1340e+01 |183 -0.03972   5.1915e+01
184 -0.00020   7.3680e+01 |185 -0.00767   3.0328e+01 |186 -0.02211   2.0086e+01
187 -0.05464   1.4589e+01 |188 -0.00408   5.9732e+01 |189  0.03016   3.1918e+01
190  0.04986   3.8842e+01 |191  0.04637   7.5396e+00 |192  0.03739   7.7067e+01
193 -0.01399   3.2315e+01 |194 -0.09223   3.6104e+01 |195  0.00770   3.4153e+00
196  0.07640   4.8432e+01 |197  0.01250   2.8989e+01 |198  0.04001   1.3280e+02
199  0.00322   2.8585e+01 |200  0.01011   2.0709e+01 |201 -0.00611   4.3906e+01
202  0.11382   1.7966e+02 |203  0.09539   1.2921e+01 |204  0.08910   4.0552e+01
205 -0.03287   5.9714e+01 |206 -0.38023   4.5442e+01 |207 -0.18280   3.8828e+01
208 -0.05566   7.8851e+01 |209 -0.02828   6.1293e+01 |210  0.08023   6.7604e+01
211 -0.62624   3.1014e+01 |212 -0.02330   7.7759e+02 |213  0.02279   1.9848e+02
214 -0.01411  -8.7040e-09 |215 -0.66856  -1.8170e+01 |216 -0.86098  -4.9714e+01
217  0.01851  -1.1228e+02 |218 -0.07364   8.1817e+00 |219 -0.25261  -1.1056e+01
220 -0.04435   5.6991e+00 |221  0.00732  -2.2627e+01 |222  0.01373   1.0737e+01
223  0.03282   1.2776e+01 |224  0.01969   1.9987e+01 |225  0.01808   1.9599e+01
226  0.07544  -1.4773e+01 |227  0.08893   9.4617e+00 |228  0.21560   5.8769e+00
229  0.12092   4.1723e-01 |230  0.12544   2.5079e+00 |231  0.06299   2.9757e+00
232  0.04007  -2.0432e+01 |233  0.12350   1.3374e+01 |234  0.16610   1.8198e+01
235 -0.13686   2.1447e+01 |236 -0.19091  -2.5362e+01 |237  0.00793   2.2600e+01
238  0.01990  -2.1011e+00 |239 -0.07260   1.0257e+01 |240 -0.11135   3.3708e-01
241 -0.07589  -1.0801e+01 |242 -0.00653   1.4297e+01 |243  0.05578   1.2497e+01
244  0.00408  -1.4519e+01 |245 -0.09364  -1.4470e+01 |246 -0.22845  -5.9303e-01
247 -0.10520   8.8513e+00 |248  0.05335   2.5001e+01 |249  0.05038  -5.7677e+00
250  0.06169  -2.5535e+00 |251  0.06405   3.0380e+01 |252 -0.07700   7.7399e-01
253 -0.06567   2.0897e+01 |254 -0.02997   1.0325e+01 |255  0.16362   2.7475e+01
256  0.16527  -1.1919e+01 |257 -0.19354   7.4890e+00 |258  0.08758   1.0865e+02
259 -0.70117  -1.0746e+01 |260 -1.12704   6.6763e+01 |261 -0.97168   2.9048e+01
262 -0.99664  -3.7544e-01 |263 -0.10917   4.7463e+01 |264  0.51490   3.3255e+01
265 -0.48140   3.5042e+01 |266  0.36726   4.0374e+01 |267 -0.08845   4.7706e+01
268  0.19383   4.5954e+01 |269  0.35323   4.0943e+01 |270 -0.24469   4.4655e+01
271  0.46647   3.5807e+01 |272 -0.08706   4.7720e+01 |273 -0.48447   3.4882e+01
274 -0.30122   4.2877e+01 |275 -0.58070   2.9481e+01 |276 -0.03560   4.8094e+01
277  0.40529   3.8734e+01 |278 -0.13745   4.7051e+01 |279  0.32992   4.1845e+01
280 -0.28077   4.3561e+01 |281 -0.24007   4.4785e+01 |282 -0.38613   3.9577e+01
283  0.38519   3.9618e+01 |284 -0.54729   3.1440e+01 |285  0.01888   4.8149e+01
286 -0.41943   3.8088e+01 |287  0.03955   4.8077e+01 |288  0.19190   4.5998e+01
289  0.15755   4.6702e+01 |290 -0.25796   4.4269e+01 |291 -0.39923   3.9004e+01
292  0.41029   3.8507e+01 |293 -0.62255   2.6916e+01 |294  0.45857   3.6204e+01
295  0.19741   4.5872e+01 |296 -0.42618   3.7773e+01 |297 -0.41547   3.8271e+01
298  0.57108   3.0054e+01 |299  0.61465   2.7409e+01 |300  0.44817   3.6718e+01
301  0.03062   4.8114e+01 |302  0.38314   3.9706e+01 |303  0.48506   2.7904e+02
304  0.17766   6.6086e+01 |305 -0.91047   6.9383e+01 |306  0.21752  -1.3047e+00
307 -0.89721  -3.3824e+02 |308 -0.41242   1.7646e+02 |
23.8225 16.3569 71.7999 61.6617 
16.2569 16.2569 131.376 126.924 
14.3331 27.9837 0 0.124954 7.44952 
0 9.69701 0 0 0.540146 52.8633 0 
23.8195 16.557 71.0877 61.8668 
15.9876 15.9876 131.139 127.685 
14.1882 27.3388 0 0.112176 7.74445 
0 9.58603 0 0 0.55872 52.3502 0 
23.9245 16.5058 71.3577 62.2068 
15.3863 15.3863 132.009 126.683 
13.6816 27.2827 0 0.147344 7.78135 
0 9.55848 0 0 0.546734 51.8746 0 
23.6882 16.8137 71.4623 62.0628 
15.3999 15.3999 132.096 126.677 
13.6225 26.7636 0 0.132217 7.66904 
0 9.617 0 0 0.555094 51.6186 0 
23.553 16.5865 70.88 62.187 
15.5869 15.5869 131.734 126.94 
13.7432 26.5421 0 0.1194 7.71101 
0 9.7459 0 0 0.558206 51.4388 0 
23.6725 15.8317 70.3387 62.4318 
15.0385 15.0385 131.861 127.328 
13.7028 26.6727 0 0.11932 7.65239 
0 9.7646 0 0 0.567675 51.4029 0 
22.9759 16.3924 71.098 61.6134 
17.8198 17.8198 130.762 128.324 
13.1819 24.9959 0 0.12056 7.03557 
0 9.71691 0 0 0.624235 51.2451 0 
23.3005 16.0524 70.6274 61.9728 
16.3712 16.3712 131.242 127.822 
13.4358 25.6964 0 0.119931 7.34501 
0 9.69502 0 0 0.594041 51.3243 0 
23.2496 16.1103 70.4191 61.8388 
15.8951 15.8951 130.986 128.273 
13.4272 25.5894 0 0.135191 7.30161 
0 9.59428 0 0 0.597245 51.4656 0 
22.7659 16.2154 69.9825 61.7641 
15.2165 15.2165 130.612 128.693 
13.4547 26.0477 0 0.127226 7.46864 
0 9.37043 0 0 0.601024 51.5726 0 
21.9311 16.9066 69.1648 61.6658 
15.7217 15.7217 130.178 128.642 
13.5106 25.477 0 0.0973961 7.6529 
0 9.27631 0 0 0.611699 51.4755 0 
308 variables; iteration 260; function evaluation 297; phase 1
Function value   5.6883487e+02; maximum gradient component mag   5.6743e+02
Var   Value    Gradient   |Var   Value    Gradient   |Var   Value    Gradient
  1  0.24713   8.5433e+00 |  2  0.05861  -4.8283e+00 |  3  0.23297  -1.4759e+01
  4  0.22695   9.6498e+00 |  5  0.22256   7.9656e+00 |  6  0.20762  -2.1416e+01
  7  0.20088   9.0867e+00 |  8  0.20096   4.2822e+01 |  9  0.18760   1.1693e+01
 10  0.17633   2.6890e+01 | 11 -2.15056  -2.3713e+01 | 12  0.14443   2.5159e+00
 13  0.11180   1.2483e+01 | 14 -2.10200  -2.1488e+01 | 15 -2.04067  -2.1298e+01
 16  0.04890  -2.0004e+01 | 17  0.01496  -4.3769e+00 | 18 -0.05558   3.4312e+00
 19 -0.16160  -5.5281e+00 | 20 -0.12059   1.7928e-01 | 21 -0.21672  -3.8715e-01
 22 -2.12104   1.4036e+00 | 23 -0.14460  -5.2873e-04 | 24  0.06386   1.1903e+00
 25  0.12152   5.7379e-01 | 26  0.13726  -7.8830e+00 | 27  0.15308  -1.9377e+01
 28  0.15833  -1.0635e+01 | 29  0.15592   2.0716e+00 | 30  0.15091  -9.0190e+00
 31  0.15665  -2.4108e+00 | 32  0.14876   7.0582e+00 | 33  0.12396   1.7466e+00
 34  0.10557   2.7890e+00 | 35  0.01158  -2.8161e+01 | 36  0.10762   3.1675e+01
 37 -0.52706  -7.7983e+00 | 38 -0.11433  -7.4517e+00 | 39 -0.01629   2.3890e+00
 40 -0.17925  -4.7776e+00 | 41 -0.72640  -3.2608e-01 | 42 -0.29081  -2.2730e-01
 43  0.05049  -8.6884e+00 | 44 -0.04986  -6.0669e+00 | 45  0.08539   7.6965e+00
 46 -0.11745   4.3567e+00 | 47 -0.07015   2.2565e+01 | 48 -0.05218   2.2969e+01
 49  0.01752   3.5546e+01 | 50  0.07120   3.9560e+01 | 51  0.00458   1.6776e+01
 52  0.05235   2.4638e+01 | 53  0.05940   3.1822e+01 | 54  0.13044   5.5533e+01
 55  0.07059   3.5531e+01 | 56  0.09605   3.5105e+01 | 57  0.07438   1.3363e+01
 58  0.13824   9.6312e+00 | 59  0.10169   8.1326e+00 | 60 -0.14160  -2.7863e+00
 61 -0.06044   1.3991e+00 | 62  0.13504   1.2601e+01 | 63 -0.02719   4.0674e+00
 64 -0.01845   1.0996e+01 | 65  0.14740   6.0431e+01 | 66  0.01322   1.7180e+01
 67 -0.12908  -1.8368e-01 | 68  0.10469   3.7500e+01 | 69  0.03906   1.9959e+01
 70 -0.00023   1.1300e+01 | 71  0.11279   1.5279e+01 | 72  0.09732   9.9950e+00
 73  0.08887   8.7328e+00 | 74  0.05272  -1.3409e-01 | 75  0.15135  -1.7004e+01
 76 -0.50554  -1.7608e+01 | 77  0.12893  -1.2705e+01 | 78 -0.07413  -9.0066e+00
 79  0.29485  -1.5238e+01 | 80 -0.24167  -1.8370e+01 | 81 -1.37227   1.7166e+00
 82 -0.05380   1.7559e+00 | 83 -0.01996  -1.5864e+00 | 84 -1.75135   1.1931e+01
 85  0.09724   6.1591e+00 | 86  0.08871  -5.0156e+00 | 87  0.24237  -1.6814e+01
 88 -0.09920  -1.2809e+00 | 89 -0.14395   3.2511e+00 | 90  0.00087   9.8593e+00
 91  0.03558   3.8096e+00 | 92  0.02996   9.0194e+00 | 93  0.05173   1.2360e+01
 94  0.18257   1.9673e+01 | 95  0.07945   1.4249e+01 | 96  0.03575   4.7057e+00
 97  0.03133   3.0524e+00 | 98  0.08162   5.3454e+00 | 99  0.10805   8.3188e+00
100  0.19246   1.2552e+01 |101 -0.24226  -9.5187e+00 |102 -0.14601   3.8009e+00
103 -0.02783   6.9364e+00 |104  0.08302  -2.1573e+00 |105  0.09869   3.1471e+00
106  0.03234   4.7371e+00 |107  0.02451   1.0505e+01 |108 -1.99091  -2.6675e+00
109  0.05285   2.4363e+00 |110  0.16568   2.5236e+01 |111  0.08505   2.0918e+01
112 -0.07981   6.8558e+00 |113 -0.19533   1.1775e+00 |114 -1.76888   7.8908e+00
115  0.18928   1.7958e+01 |116 -0.07956  -2.1195e+00 |117  0.09000  -2.9168e+00
118 -0.01455  -4.2017e+00 |119 -0.03818   8.4827e-01 |120 -0.13353   3.1010e-01
121 -0.30890  -1.2841e+01 |122  1.71640  -1.6331e+01 |123 -0.50557   6.5983e+00
124  0.15016   1.1038e+01 |125  0.06654   4.5930e+00 |126  2.39034   5.2680e+00
127 -0.24368  -2.3935e+00 |128 -0.21828  -2.4301e+00 |129  0.04049  -2.5750e+00
130 -0.24125  -2.3972e+00 |131  0.42474  -2.0270e+00 |132 -0.21945  -2.4284e+00
133 -0.40828  -2.0675e+00 |134  0.46466  -1.9229e+00 |135 -0.08532  -2.5571e+00
136 -0.02045  -2.5789e+00 |137 -0.53695  -1.7156e+00 |138  0.08823  -2.5555e+00
139  0.15909  -2.5001e+00 |140 -0.24555  -2.3907e+00 |141 -0.13910  -2.5189e+00
142 -0.22579  -2.4196e+00 |143 -0.14713  -2.5116e+00 |144 -0.66968  -1.2795e+00
145  0.20803  -2.4437e+00 |146  0.00436  -2.5802e+00 |147 -0.24805  -2.3868e+00
148 -0.56232  -1.6375e+00 |149 -0.25725  -2.3724e+00 |150  0.22437  -2.4216e+00
151 -0.78570  -8.5225e-01 |152 -0.19479  -2.4604e+00 |153 -0.06748  -2.5658e+00
154  0.30398  -2.2916e+00 |155  0.32735  -2.2466e+00 |156  0.29067  -2.3159e+00
157  0.25706  -2.3727e+00 |158  0.30909  -2.2820e+00 |159  0.17295  -2.4856e+00
160  0.40476  -2.0760e+00 |161  0.03160  -2.5771e+00 |162 -0.02144  -2.5788e+00
163 -0.13564  -2.5219e+00 |164  0.21149  -2.4392e+00 |165  0.13359  -2.5236e+00
166  1.12224   4.9241e-01 |167  0.30231  -2.2947e+00 |168  0.37420  -2.1472e+00
169  0.03774  -5.5982e+02 |170 -0.00824   9.8131e+00 |171  0.02404   6.9938e+01
172  0.03476   3.0792e+01 |173  0.07526  -5.7876e+01 |174  0.03928  -3.8554e+01
175  0.04219  -3.7814e+00 |176  0.04185   5.9160e+01 |177  0.04280   3.4536e+01
178  0.10181  -2.2299e+01 |179  0.13473  -3.1405e+01 |180  0.12299  -1.7007e+01
181  0.06471   1.4728e+01 |182 -0.01825   2.7354e+01 |183 -0.04698   2.3985e+01
184 -0.00349   5.1869e+01 |185 -0.01130   1.9129e+01 |186 -0.01642   3.7675e+01
187 -0.04922   1.0616e+01 |188 -0.00047   4.9399e+01 |189  0.03114   1.1782e+01
190  0.04571   8.7472e+00 |191  0.04436  -1.9148e+01 |192  0.03519   4.6202e+01
193 -0.00454   3.6570e+01 |194 -0.07923   2.1342e+01 |195  0.01466   6.9225e+00
196  0.07379   3.5051e+01 |197  0.01293  -2.7741e+00 |198  0.03194   8.1307e+01
199  0.01817   4.8429e+01 |200  0.01541   2.6417e+01 |201  0.00150   2.7945e+01
202  0.11150   1.3535e+02 |203  0.10261   1.9293e+01 |204  0.09079   3.3174e+01
205 -0.04280   3.0380e+01 |206 -0.37983   2.4955e+01 |207 -0.17339   1.7297e+01
208 -0.06653   2.9824e+01 |209 -0.02809   4.1128e+01 |210  0.08369   5.4589e+01
211 -0.60955   1.7956e+01 |212 -0.02481   5.6743e+02 |213  0.02387   2.4811e+01
214 -0.01411  -8.7040e-09 |215 -0.66895  -6.5951e+00 |216 -0.86666  -4.4167e+01
217  0.02035  -2.6353e+01 |218 -0.08684   1.3688e+00 |219 -0.26305  -9.6100e+00
220 -0.02933   1.7707e+01 |221  0.04778  -1.3648e+00 |222  0.03737   1.8163e+01
223  0.04930   1.1361e+01 |224  0.02231   1.7220e+01 |225  0.00608   2.0360e+01
226  0.08209  -1.3741e+01 |227  0.08023  -2.9740e-01 |228  0.21004   2.0036e+00
229  0.11381  -1.7512e+00 |230  0.12766   7.7341e+00 |231  0.06566   1.0439e+00
232  0.05888  -9.3385e+00 |233  0.12319   1.0551e+01 |234  0.18397   2.2292e+01
235 -0.13902   9.8309e+00 |236 -0.17151  -2.2008e+01 |237  0.00317   9.2244e+00
238  0.04016   4.1988e+00 |239 -0.07968   1.2100e+01 |240 -0.12861  -1.0109e+00
241 -0.07453  -6.7844e+00 |242 -0.02268  -3.0139e+00 |243  0.05760   8.3266e+00
244  0.00864  -1.2707e+01 |245 -0.09229  -1.7500e+01 |246 -0.24317  -1.2286e+01
247 -0.11463   6.4665e+00 |248  0.02593   1.3941e+01 |249  0.02834  -1.4288e+01
250  0.06666  -2.4552e+00 |251  0.06701   2.4657e+01 |252 -0.08273  -1.0595e+01
253 -0.08467   6.6993e+00 |254 -0.03363   1.2165e+01 |255  0.16643   2.7254e+01
256  0.17772  -3.0501e+00 |257 -0.20918  -6.2994e+00 |258  0.08829   9.8125e+00
259 -0.69906  -1.0075e+01 |260 -1.12622   1.4225e+02 |261 -0.97191  -3.7712e+01
262 -0.97590  -1.1887e+00 |263 -0.02593  -4.3310e+01 |264  0.63644  -2.3431e+01
265 -0.48891  -3.1179e+01 |266  0.37470  -3.6052e+01 |267 -0.21135  -4.0979e+01
268  0.31631  -3.8105e+01 |269  0.35264  -3.6865e+01 |270 -0.35582  -3.6750e+01
271  0.35116  -3.6917e+01 |272 -0.12087  -4.2567e+01 |273 -0.56528  -2.7352e+01
274 -0.32471  -3.7829e+01 |275 -0.68617  -2.0513e+01 |276 -0.13382  -4.2392e+01
277  0.48240  -3.1486e+01 |278 -0.14581  -4.2214e+01 |279  0.37107  -3.6189e+01
280 -0.32656  -3.7767e+01 |281 -0.16908  -4.1826e+01 |282 -0.36765  -3.6317e+01
283  0.38850  -3.5522e+01 |284 -0.44965  -3.2976e+01 |285 -0.05255  -4.3199e+01
286 -0.30713  -3.8399e+01 |287  0.04206  -4.3252e+01 |288  0.26413  -3.9668e+01
289  0.15509  -4.2066e+01 |290 -0.18141  -4.1598e+01 |291 -0.39096  -3.5426e+01
292  0.47339  -3.1904e+01 |293 -0.63028  -2.3782e+01 |294  0.45451  -3.2760e+01
295  0.28858  -3.8968e+01 |296 -0.40724  -3.4776e+01 |297 -0.46190  -3.2429e+01
298  0.58371  -2.6367e+01 |299  0.56671  -2.7276e+01 |300  0.38926  -3.5493e+01
301 -0.06433  -4.3125e+01 |302  0.37070  -3.6203e+01 |303  0.48446   1.7165e+02
304  0.17517   3.3990e+01 |305 -0.91079   2.0643e+01 |306  0.21741  -6.6744e+00
307 -0.89629  -3.6462e+02 |308 -0.41798   1.1856e+02 |
22.2234 16.9348 69.2679 61.5472 
13.8162 13.8162 132.22 127.544 
13.2941 26.3209 0 0.0900587 7.50685 
0 9.07066 0 0 0.576164 50.9517 0 
22.0585 16.8925 69.1659 61.5865 
14.6163 14.6163 131.167 128.06 
13.3778 25.7483 0 0.0935257 7.5764 
0 9.11687 0 0 0.591804 51.2007 0 
22.4182 16.7224 69.4731 61.2906 
14.4976 14.4976 131.391 128.154 
13.0937 25.4423 0 0.115754 7.49291 
0 9.30746 0 0 0.591294 51.1398 0 
22.3444 16.9371 69.1969 61.291 
14.7355 14.7355 131.298 128.671 
12.9775 24.7943 0 0.106708 7.55662 
0 9.17329 0 0 0.589767 50.7902 0 
22.1937 17.0557 68.8631 61.5385 
14.8914 14.8914 131.013 128.832 
12.8637 24.4092 0 0.0847656 7.47941 
0 9.02512 0 0 0.589605 50.2011 0 
21.7573 17.3777 68.4877 61.5666 
14.3252 14.3252 130.995 128.669 
12.7171 24.4209 0 0.0438459 7.49207 
0 8.9501 0 0 0.588583 49.4746 0 
21.4998 17.7945 67.597 61.7096 
14.5961 14.5961 130.518 128.186 
12.7597 24.9408 0 0.0161326 7.98558 
0 9.10322 0 0 0.585774 48.7648 0 
20.9482 17.7143 67.6658 61.5672 
15.0831 15.0831 130.018 127.789 
12.9286 24.1912 0 0.00527453 7.96865 
0 9.05434 0 0 0.592981 47.963 0 
20.8824 17.2984 67.77 61.4891 
15.4011 15.4011 129.837 127.789 
13.3267 24.3204 0 6.74677e-05 7.97867 
0 9.15072 0 0 0.590489 47.4433 0 
21.0613 16.6292 67.826 61.6144 
15.2515 15.2515 130.133 127.656 
13.1698 24.4273 0 0.000278051 7.61678 
0 9.09849 0 0 0.605075 47.0511 0 
21.3347 17.4996 67.5374 60.8097 
14.9723 14.9723 129.642 127.375 
13.1329 24.5084 0 0.0011855 7.28052 
0 9.43574 0 0 0.62205 47.2955 0 
21.1413 16.9326 67.6637 61.3267 
15.1487 15.1487 129.888 127.556 
13.1293 24.3432 0 0.000545553 7.48935 
0 9.1669 0 0 0.610927 47.1389 0 
308 variables; iteration 270; function evaluation 309; phase 1
Function value   5.5746197e+02; maximum gradient component mag   3.9580e+02
Var   Value    Gradient   |Var   Value    Gradient   |Var   Value    Gradient
  1  0.24385   1.5395e+01 |  2  0.08516  -7.3525e+00 |  3  0.23491  -9.0210e+00
  4  0.22204   5.2158e+00 |  5  0.22209   8.4916e+00 |  6  0.21037  -5.5085e+00
  7  0.19758  -1.1843e-01 |  8  0.19303   1.4417e+01 |  9  0.18730   1.6995e+01
 10  0.17073   1.8431e+01 | 11 -2.14134  -3.7713e+00 | 12  0.13783  -1.3346e+01
 13  0.11124   1.6862e+01 | 14 -2.09630  -2.4615e+01 | 15 -2.02833  -1.3527e+01
 16  0.05616   1.2609e+00 | 17  0.01514  -4.6794e+00 | 18 -0.06516   3.0248e+00
 19 -0.09720  -4.4731e+00 | 20 -0.15700  -1.5815e+00 | 21 -0.28799  -6.2867e-01
 22 -2.10663   2.3630e+00 | 23 -0.14897  -2.0410e-05 | 24  0.09708   5.5030e+00
 25  0.09827  -4.1497e+00 | 26  0.13098  -8.0061e+00 | 27  0.15865  -7.0590e+00
 28  0.15694  -8.6973e+00 | 29  0.14345  -1.1959e+01 | 30  0.14874  -8.4698e+00
 31  0.15809   2.6312e+00 | 32  0.14853   6.6365e+00 | 33  0.12228  -1.8300e-01
 34  0.10741   7.2931e+00 | 35  0.05290  -2.6496e+01 | 36  0.10753   1.8126e+01
 37 -0.50160  -8.1316e+00 | 38 -0.12032  -7.4481e+00 | 39 -0.00955   3.6897e+00
 40 -0.19429  -2.1683e+00 | 41 -0.69975  -3.5563e-01 | 42 -0.35836  -2.7606e-01
 43  0.05618   6.3173e-01 | 44 -0.04933   2.5662e+00 | 45  0.10196   2.7073e+01
 46 -0.12810   8.4174e+00 | 47 -0.08558   2.1652e+01 | 48 -0.07204   1.9185e+01
 49  0.06474   4.5427e+01 | 50  0.06722   3.4514e+01 | 51  0.01962   1.8054e+01
 52  0.05944   1.8243e+01 | 53  0.05426   2.0407e+01 | 54  0.12341   4.1053e+01
 55  0.07961   3.4136e+01 | 56  0.07945   2.8933e+01 | 57  0.08479   1.8027e+01
 58  0.12111   1.2867e+01 | 59  0.09775   8.0407e+00 | 60 -0.15069  -1.1815e+00
 61 -0.01853   4.5524e+00 | 62  0.13565   4.8275e-01 | 63 -0.04139   7.7662e-01
 64 -0.00172   1.1712e+01 | 65  0.12516   4.8459e+01 | 66  0.03165   2.1938e+01
 67 -0.12360   2.9473e+00 | 68  0.10924   3.1978e+01 | 69  0.04363   1.7710e+01
 70 -0.02002   9.2175e+00 | 71  0.12278   2.1528e+01 | 72  0.06780   1.6867e+01
 73  0.07488   1.7803e+01 | 74  0.04929   1.1344e+01 | 75  0.13426   5.9087e+00
 76 -0.52897  -1.3853e+01 | 77  0.13132  -8.1363e+00 | 78 -0.07209  -6.0752e+00
 79  0.30778  -3.1541e+01 | 80 -0.24808  -1.4792e+01 | 81 -1.29211  -7.3834e-01
 82 -0.11377   1.0267e+00 | 83 -0.04014   1.9716e+00 | 84 -1.89955   2.3824e+00
 85  0.09754   1.3789e+01 | 86  0.05635   1.3780e+00 | 87  0.24790  -6.2228e+00
 88 -0.01469   1.5092e+01 | 89 -0.20480   8.0765e+00 | 90 -0.03104   1.5947e+01
 91  0.02908   9.5177e+00 | 92 -0.01784   1.0715e+01 | 93  0.09642   2.1974e+01
 94  0.11973   1.0472e+01 | 95  0.05938   9.5057e+00 | 96 -0.01419   4.8089e+00
 97 -0.04519   5.5199e+00 | 98  0.12101   8.8790e+00 | 99  0.07055   6.7579e+00
100  0.19587   2.2209e+01 |101 -0.14723   3.1466e+00 |102 -0.14066   1.2318e+01
103  0.02269   2.3955e+01 |104  0.08623   1.3531e+01 |105  0.12602   1.3091e+01
106  0.04835   9.5802e+00 |107  0.01942   1.1469e+01 |108 -2.00548  -7.4698e+00
109  0.09186   1.3224e+01 |110  0.16430   3.1110e+01 |111  0.07910   2.2151e+01
112 -0.06103   1.6973e+01 |113 -0.20630   9.2973e+00 |114 -1.76936  -1.5048e+00
115  0.18351   2.6306e+01 |116 -0.06823   9.0440e+00 |117  0.13509   2.1946e+01
118  0.00079   1.2278e+01 |119 -0.00168   1.6696e+01 |120 -0.05658   1.3985e+01
121 -0.27955  -3.8592e+00 |122  1.72050  -3.0058e+01 |123 -0.68732   8.9001e+00
124  0.14821   9.3268e+00 |125  0.01906   1.1357e+01 |126  2.41883  -1.8748e+00
127 -0.25317  -6.6263e+00 |128 -0.22693  -6.7353e+00 |129  0.06083  -7.1543e+00
130 -0.23844  -6.6889e+00 |131  0.58665  -4.3455e+00 |132 -0.21164  -6.7936e+00
133 -0.47722  -5.2606e+00 |134  0.77120  -2.5277e+00 |135 -0.09022  -7.1151e+00
136  0.04059  -7.1725e+00 |137 -0.74115  -2.8424e+00 |138  0.07420  -7.1384e+00
139  0.11351  -7.0732e+00 |140 -0.25506  -6.6180e+00 |141 -0.14501  -7.0015e+00
142 -0.23252  -6.7130e+00 |143 -0.11829  -7.0634e+00 |144 -0.88049  -1.3413e+00
145  0.15747  -6.9684e+00 |146  0.03713  -7.1749e+00 |147 -0.24676  -6.6539e+00
148 -0.76310  -2.6132e+00 |149 -0.32109  -6.2922e+00 |150  0.17759  -6.9093e+00
151 -1.00320   3.6160e-02 |152 -0.19184  -6.8633e+00 |153  0.01704  -7.1845e+00
154  0.33973  -6.1878e+00 |155  0.44266  -5.5186e+00 |156  0.27557  -6.5242e+00
157  0.24234  -6.6727e+00 |158  0.06470  -7.1500e+00 |159  0.11562  -7.0689e+00
160  0.57988  -4.4061e+00 |161  0.05567  -7.1597e+00 |162  0.01587  -7.1849e+00
163 -0.12377  -7.0517e+00 |164  0.20448  -6.8195e+00 |165  0.18988  -6.8698e+00
166  1.35091   3.7641e+00 |167  0.36071  -6.0640e+00 |168  0.45356  -5.4389e+00
169  0.03516  -6.0115e+00 |170 -0.00000   6.1025e+00 |171  0.01744   1.6395e+01
172  0.03846   2.9854e+01 |173  0.07507  -4.1071e+01 |174  0.03865  -3.0657e+01
175  0.05109   2.1930e+01 |176  0.02640   2.7529e+01 |177  0.03847   7.1184e+00
178  0.09461  -2.7409e+01 |179  0.13522   2.5757e+01 |180  0.11651  -2.0758e+01
181  0.06214  -3.9754e+00 |182 -0.02381   9.2263e+00 |183 -0.04606   6.9450e+00
184 -0.00552   3.3389e+01 |185 -0.01157   1.4014e+01 |186 -0.01256   6.7405e+01
187 -0.03836   2.1639e+01 |188 -0.00842   2.3444e+01 |189  0.03405   9.4493e+00
190  0.04254  -4.9044e+00 |191  0.04060  -3.8465e+01 |192  0.03660   3.5476e+01
193  0.00185   4.4734e+01 |194 -0.06287   1.8390e+01 |195  0.02065   2.4048e+01
196  0.07116   3.2445e+01 |197  0.01707  -2.4408e+01 |198  0.01636   1.0379e+01
199  0.02407   4.1833e+01 |200  0.01718   1.5962e+01 |201  0.00569   7.0359e+00
202  0.10735   6.6040e+01 |203  0.11222   6.1845e+01 |204  0.08971   2.1085e+01
205 -0.03915   1.5152e+01 |206 -0.38318   1.1579e+01 |207 -0.16228   1.0929e+01
208 -0.07918   1.4456e+00 |209 -0.03217   2.6110e+01 |210  0.07355   2.3110e+01
211 -0.59996   8.6682e+00 |212 -0.03132   3.9580e+02 |213  0.02327  -4.8021e+01
214 -0.01411  -8.7039e-09 |215 -0.66715   6.4843e+00 |216 -0.87127  -4.1958e+01
217  0.02119   2.3772e+01 |218 -0.09389  -6.6029e+00 |219 -0.25395  -7.2423e+00
220 -0.02456   1.7655e+01 |221  0.07190   3.2933e+00 |222  0.03838   5.3880e+00
223  0.04400   6.5086e+00 |224  0.01607   1.2713e+01 |225 -0.00334   1.2911e+01
226  0.12121   4.7084e+00 |227  0.06472  -1.4808e+01 |228  0.19154  -4.3103e+00
229  0.12523   6.1147e+00 |230  0.11742   1.0223e+01 |231  0.07065  -9.8284e-01
232  0.07443   1.9311e+00 |233  0.11586   8.9933e+00 |234  0.17046   1.7630e+01
235 -0.16292  -8.8621e+00 |236 -0.15673  -1.2122e+01 |237 -0.01359  -1.1752e+01
238  0.05646   2.8543e+00 |239 -0.06331   1.0626e+01 |240 -0.11110   4.1113e+00
241 -0.04891   4.8741e+00 |242  0.01173   7.0553e+00 |243  0.04878  -6.9520e+00
244  0.03376  -1.9407e+00 |245 -0.08136  -1.5811e+01 |246 -0.23876  -1.2482e+01
247 -0.12289  -2.6978e+00 |248  0.00418   2.9821e+00 |249  0.01294  -1.4136e+01
250  0.05811  -6.4375e+00 |251  0.04007   2.9261e+00 |252 -0.10256  -2.3453e+01
253 -0.11533  -1.5506e+01 |254 -0.04400   4.2016e+00 |255  0.14217   7.2593e+00
256  0.18758  -7.0685e-01 |257 -0.18978   4.4368e+00 |258  0.08794  -1.2163e+02
259 -0.70417  -9.7606e+00 |260 -1.12620   1.2344e+02 |261 -0.97188  -4.9039e+01
262 -0.94965  -1.9359e-01 |263  0.21557  -8.1673e+01 |264  0.66335  -4.3685e+01
265 -0.52704  -5.8573e+01 |266  0.37086  -7.2308e+01 |267 -0.32421  -7.5601e+01
268  0.32536  -7.5525e+01 |269  0.45601  -6.5309e+01 |270 -0.37207  -7.2217e+01
271  0.32923  -7.5266e+01 |272 -0.13748  -8.4578e+01 |273 -0.51453  -5.9815e+01
274 -0.35901  -7.3182e+01 |275 -0.72499  -3.6253e+01 |276 -0.14875  -8.4237e+01
277  0.47109  -6.3945e+01 |278 -0.15068  -8.4175e+01 |279  0.13978  -8.4511e+01
280 -0.28512  -7.8050e+01 |281 -0.09342  -8.5659e+01 |282 -0.30679  -7.6728e+01
283  0.44580  -6.6213e+01 |284 -0.32672  -7.5434e+01 |285 -0.02841  -8.6503e+01
286 -0.23309  -8.0850e+01 |287  0.00520  -8.6587e+01 |288  0.30076  -7.7105e+01
289  0.21704  -8.1606e+01 |290 -0.25499  -7.9736e+01 |291 -0.35928  -7.3162e+01
292  0.48139  -6.2992e+01 |293 -0.62277  -4.8359e+01 |294  0.41135  -6.9134e+01
295  0.28340  -7.8151e+01 |296 -0.50861  -6.0394e+01 |297 -0.37859  -7.1724e+01
298  0.64647  -4.5652e+01 |299  0.43380  -6.7253e+01 |300  0.38868  -7.0946e+01
301 -0.26740  -7.9063e+01 |302  0.33522  -7.4860e+01 |303  0.48327   6.2545e+01
304  0.17438   8.8238e+00 |305 -0.91192  -3.3289e-02 |306  0.21551  -7.5208e+00
307 -0.89380  -3.6299e+02 |308 -0.43588   4.0903e+01 |
21.1264 17.4078 67.4726 61.0925 
15.3895 15.3895 129.34 127.787 
13.0641 24.055 0 0.000677292 7.42297 
0 9.1553 0 0 0.610661 47.2368 0 
21.1781 17.4891 67.3552 60.9292 
15.5671 15.5671 129.39 127.718 
12.9267 23.7695 0 0.000384815 7.28363 
0 9.07489 0 0 0.603702 46.934 0 
21.0346 16.9772 67.2439 60.5202 
16.1029 16.1029 130.027 127.222 
12.6761 23.735 0 4.96322e-06 7.04814 
0 9.08424 0 0 0.591082 46.5146 0 
20.6043 18.5084 66.9778 60.4985 
16.083 16.083 130.725 126.125 
12.4724 23.879 0 0.00375679 6.59693 
0 9.22028 0 0 0.586057 45.2509 0 
20.7442 18.7324 67.2058 59.7413 
16.3404 16.3404 131.514 125.453 
12.3352 23.5282 0 0.00644072 6.45577 
0 9.18636 0 0 0.568378 44.4719 0 
20.9525 17.7343 67.5314 59.8565 
15.8933 15.8933 133.2 124.413 
11.9885 23.2904 0 0.00688095 6.77426 
0 8.98899 0 0 0.59904 43.7587 0 
21.1973 17.8056 67.646 59.5311 
15.9963 15.9963 133.261 124.352 
12.0527 22.9378 0 0.00937315 6.8442 
0 8.98603 0 0 0.581793 43.4506 0 
21.0692 17.6697 67.5559 59.7308 
16.456 16.456 132.667 124.523 
12.0223 22.9808 0 0.0176141 6.59875 
0 8.95229 0 0 0.559737 43.3602 0 
21.8876 17.1055 67.4106 59.5865 
16.2086 16.2086 133.136 123.894 
11.845 23.1358 0 0.00895372 6.56485 
0 9.03382 0 0 0.564084 43.2205 0 
21.6657 16.8337 67.4633 59.3871 
16.3436 16.3436 132.991 124.098 
11.7759 23.0312 0 0.0144624 6.5129 
0 8.95459 0 0 0.557409 42.9114 0 
308 variables; iteration 280; function evaluation 319; phase 1
Function value   5.4769758e+02; maximum gradient component mag  -3.7361e+02
Var   Value    Gradient   |Var   Value    Gradient   |Var   Value    Gradient
  1  0.23734  -7.9473e+00 |  2  0.09625  -9.6318e+00 |  3  0.23259  -1.2947e+01
  4  0.22386   3.8839e+00 |  5  0.21869   1.3821e+00 |  6  0.21713   2.0738e+01
  7  0.20048   9.6297e+00 |  8  0.19631   1.7483e+01 |  9  0.18411  -2.6828e+00
 10  0.16645   4.2702e+00 | 11 -2.14533  -1.6982e+01 | 12  0.13888  -8.3569e+00
 13  0.10470   5.2313e+00 | 14 -2.09015  -2.6862e+01 | 15 -2.01681  -9.1044e+00
 16  0.05595  -2.5163e+00 | 17  0.00957  -1.3475e+01 | 18 -0.09376   2.9693e+00
 19 -0.06216   9.3412e-01 | 20 -0.17675  -2.0918e+00 | 21 -0.31429  -7.7123e-01
 22 -2.10019   2.3621e+00 | 23 -0.15276   8.6527e-04 | 24  0.00491  -6.6838e-01
 25  0.10653  -6.6200e-01 | 26  0.12781  -7.1905e+00 | 27  0.15527  -6.2154e+00
 28  0.15818  -1.3385e+00 | 29  0.14096  -1.2276e+01 | 30  0.14109  -1.4005e+01
 31  0.15262  -2.6186e+00 | 32  0.14464   4.5700e+00 | 33  0.12267   3.5097e+00
 34  0.10708   6.7410e+00 | 35  0.08270  -1.7559e+01 | 36  0.10762   2.1941e+01
 37 -0.48458  -8.3472e+00 | 38 -0.12002  -7.9656e+00 | 39  0.01951   2.5828e+01
 40 -0.20447  -1.7264e+00 | 41 -0.70203  -3.5319e-01 | 42 -0.52312  -1.4017e-01
 43  0.09334   2.5795e+00 | 44 -0.06563  -3.1233e+00 | 45  0.08666   2.2707e+01
 46 -0.08269   7.9930e+00 | 47 -0.14470   3.1626e+00 | 48 -0.03741   1.6379e+01
 49  0.03356   2.3875e+01 | 50  0.04217   1.5363e+01 | 51  0.05994   1.3587e+01
 52  0.05236   1.0451e+01 | 53  0.03798   1.2800e+01 | 54  0.11858   2.5761e+01
 55  0.08104   1.3612e+01 | 56  0.04210   9.1461e-01 | 57  0.09868  -5.0781e+00
 58  0.12867  -9.8007e+00 | 59  0.08205  -5.4828e+00 | 60 -0.02615   3.8306e+00
 61 -0.09057  -6.6348e+00 | 62  0.14698   1.5171e+00 | 63 -0.06614  -8.4235e+00
 64  0.01386   2.0403e+00 | 65  0.10224   2.1313e+01 | 66  0.01686   2.4302e+00
 67 -0.09486  -7.2210e+00 | 68  0.10855   1.3268e+01 | 69 -0.01100   3.6751e-01
 70 -0.01135   1.8153e-01 | 71  0.10520   2.8983e+00 | 72  0.08356   4.4964e-01
 73  0.05971  -2.6401e+00 | 74  0.02033  -7.1402e+00 | 75  0.11388  -1.2711e+01
 76 -0.49822  -2.0018e+01 | 77  0.11850  -1.0387e+01 | 78 -0.06664  -1.2739e+01
 79  0.31283  -2.5008e+01 | 80 -0.25137  -2.2207e+01 | 81 -1.25926   2.7659e+00
 82 -0.07447  -4.2860e+00 | 83 -0.07176  -8.3533e+00 | 84 -1.98031   7.7187e+00
 85  0.09381  -9.1441e+00 | 86  0.01798  -1.5607e+01 | 87  0.24007  -1.5677e+01
 88 -0.06579  -8.2225e+00 | 89 -0.08665   1.1658e+00 | 90 -0.09367  -6.0367e+00
 91  0.05832  -3.4196e-01 | 92 -0.00475  -5.4460e+00 | 93  0.10556   8.6303e-01
 94  0.09994  -1.2519e+01 | 95  0.07336  -3.8954e+00 | 96  0.01378  -6.7166e+00
 97 -0.06226  -1.0382e+01 | 98  0.15525   1.2400e+00 | 99  0.06107  -8.4453e+00
100  0.18295  -1.8681e+00 |101 -0.06611  -1.5202e+01 |102 -0.20529  -1.2604e+01
103  0.03690   1.3500e+00 |104  0.08885  -5.9176e+00 |105  0.10818  -3.5042e+00
106 -0.02156  -8.4415e+00 |107 -0.02040  -5.2674e+00 |108 -1.99627   8.8318e+00
109  0.10035  -7.0254e+00 |110  0.15285   3.8909e-01 |111  0.06452  -1.9051e+00
112 -0.09470  -4.1863e+00 |113 -0.20811  -7.0736e+00 |114 -1.76980   1.4554e+01
115  0.19237   8.3875e+00 |116 -0.02456  -9.9739e+00 |117  0.14603  -3.1154e-01
118  0.01444  -8.9356e+00 |119  0.03024  -3.2892e+00 |120 -0.05909  -3.8898e+00
121 -0.24913  -1.8764e+01 |122  1.71399  -2.1739e+01 |123 -0.68841   4.2289e-01
124  0.16322  -5.1525e+00 |125 -0.03676  -7.5145e+00 |126  2.42537   1.2001e+01
127 -0.21512  -9.3968e-01 |128 -0.20548  -9.4457e-01 |129  0.06070  -9.9148e-01
130 -0.24012  -9.2599e-01 |131  0.70675  -4.4274e-01 |132 -0.22400  -9.3498e-01
133 -0.64448  -5.2775e-01 |134  0.91168  -1.3773e-01 |135 -0.12928  -9.7553e-01
136  0.06143  -9.9137e-01 |137 -0.80049  -3.0705e-01 |138  0.08773  -9.8656e-01
139  0.12327  -9.7739e-01 |140 -0.21663  -9.3889e-01 |141 -0.16831  -9.6139e-01
142 -0.21707  -9.3866e-01 |143 -0.18559  -9.5398e-01 |144 -0.97077  -4.5722e-02
145  0.21529  -9.3959e-01 |146  0.03170  -9.9477e-01 |147 -0.24446  -9.2347e-01
148 -0.81070  -2.9182e-01 |149 -0.53770  -6.6136e-01 |150  0.23581  -9.2845e-01
151 -1.28408   4.2985e-01 |152 -0.25032  -9.1999e-01 |153  0.00287  -9.9599e-01
154  0.42218  -7.8489e-01 |155  0.58966  -5.9845e-01 |156  0.34091  -8.5658e-01
157  0.34610  -8.5240e-01 |158 -0.25912  -9.1463e-01 |159  0.12631  -9.7646e-01
160  0.70141  -4.5020e-01 |161  0.05437  -9.9237e-01 |162  0.00585  -9.9596e-01
163 -0.14784  -9.6926e-01 |164  0.24038  -9.2584e-01 |165  0.14935  -9.6872e-01
166  1.49861   7.0274e-01 |167  0.49751  -7.0702e-01 |168  0.55848  -6.3671e-01
169  0.03247   2.6837e+02 |170 -0.00164  -4.8176e+01 |171  0.01885  -9.1707e+00
172  0.04034   7.1123e+00 |173  0.07436  -4.8865e+01 |174  0.04293  -3.8703e+01
175  0.04745  -1.3082e+01 |176  0.03100   1.9741e+00 |177  0.04213  -1.9709e+01
178  0.10068  -4.1743e+01 |179  0.12804  -3.2408e+01 |180  0.11487  -3.4959e+01
181  0.06326   8.7379e+00 |182 -0.03072  -9.6782e+00 |183 -0.03675  -1.0751e+01
184 -0.00433   4.2590e+00 |185 -0.00974  -1.9960e+01 |186 -0.01363   9.4215e+00
187 -0.03950  -1.0652e+01 |188 -0.01119  -3.7236e+00 |189  0.03081  -1.0330e+01
190  0.03894  -1.1907e+01 |191  0.03793  -3.7702e+01 |192  0.03096   1.3679e+01
193  0.00201   2.9376e+01 |194 -0.07114  -1.3304e+01 |195  0.01059  -2.0322e+01
196  0.06375  -7.1209e-01 |197  0.02222  -2.9959e+01 |198  0.01141  -7.4372e+00
199  0.01953   1.8610e+01 |200  0.01454  -1.0959e+00 |201  0.00933  -1.2340e+01
202  0.10508   1.7733e+01 |203  0.11092   1.9849e+01 |204  0.09326  -1.6442e+00
205 -0.03952  -1.5938e+01 |206 -0.35069  -1.2901e+01 |207 -0.15940  -1.4592e+01
208 -0.07826  -2.4283e+01 |209 -0.03814  -9.6640e+00 |210  0.07261  -2.2839e+00
211 -0.59580  -8.3893e+00 |212 -0.03455   2.6335e+02 |213  0.01955  -7.2305e+01
214 -0.01411  -8.7039e-09 |215 -0.67115  -5.1741e+00 |216 -0.87441  -3.7331e+01
217  0.01772   6.1136e+01 |218 -0.08421   3.7254e+00 |219 -0.24026   5.2822e+00
220 -0.05921   3.1931e+00 |221  0.04864   4.2393e+00 |222  0.03788   1.1956e+01
223  0.05222   1.4168e+01 |224  0.01452   1.1168e+01 |225 -0.01282   3.0643e+00
226  0.11967   4.5055e+00 |227  0.07789  -1.5344e+00 |228  0.19880   4.3321e+00
229  0.11903   4.5164e+00 |230  0.09807   3.0889e+00 |231  0.07712   4.7617e+00
232  0.06955  -1.6485e+00 |233  0.09617   1.8548e+00 |234  0.14635   5.6402e+00
235 -0.16179  -1.8029e+00 |236 -0.13292   1.2467e+01 |237  0.00092  -1.6969e+00
238  0.05775   5.6375e+00 |239 -0.07770   7.4627e+00 |240 -0.12673   7.0376e+00
241 -0.07524   1.6769e+00 |242 -0.01431  -1.7434e+00 |243  0.05850   3.6521e+00
244  0.03261   4.0773e+00 |245 -0.08343  -6.1356e+00 |246 -0.24372  -7.6852e+00
247 -0.13400  -1.4570e+00 |248 -0.02275  -1.1858e+01 |249  0.05369   6.8212e+00
250  0.09836   9.5121e+00 |251  0.05705   8.6020e+00 |252 -0.07218  -4.1812e+00
253 -0.10731  -9.2794e+00 |254 -0.05268   3.3960e+00 |255  0.14194   8.6539e+00
256  0.20820   1.0019e+01 |257 -0.16589   1.1260e+01 |258  0.08779  -1.7094e+02
259 -0.71508  -1.1195e+01 |260 -1.12557   1.7229e+02 |261 -0.97105   9.9109e+01
262 -0.91714   2.0307e+00 |263  0.22236   2.3500e+01 |264  0.63540   1.3554e+01
265 -0.53681   1.6633e+01 |266  0.40419   2.0137e+01 |267 -0.27916   2.2644e+01
268  0.26676   2.2847e+01 |269  0.46555   1.8616e+01 |270 -0.36448   2.1022e+01
271  0.33850   2.1557e+01 |272 -0.07891   2.4819e+01 |273 -0.48091   1.8207e+01
274 -0.30725   2.2154e+01 |275 -0.65502   1.2899e+01 |276 -0.14425   2.4371e+01
277  0.36153   2.1085e+01 |278 -0.02841   2.4985e+01 |279  0.07848   2.4821e+01
280 -0.34764   2.1373e+01 |281 -0.09846   2.4712e+01 |282 -0.28206   2.2595e+01
283  0.36013   2.1114e+01 |284 -0.30646   2.2168e+01 |285 -0.04247   2.4955e+01
286 -0.22523   2.3461e+01 |287 -0.02785   2.4986e+01 |288  0.21592   2.3586e+01
289  0.30048   2.2276e+01 |290 -0.27827   2.2659e+01 |291 -0.23091   2.3383e+01
292  0.40639   2.0085e+01 |293 -0.53753   1.6612e+01 |294  0.36504   2.1010e+01
295  0.19722   2.3820e+01 |296 -0.52394   1.7007e+01 |297 -0.31216   2.2063e+01
298  0.60962   1.4393e+01 |299  0.40412   2.0138e+01 |300  0.35827   2.1153e+01
301 -0.24092   2.3241e+01 |302  0.33718   2.1584e+01 |303  0.48168  -2.1339e+00
304  0.16602   3.8940e+00 |305 -0.91232  -1.5935e+01 |306  0.22020  -5.9755e+00
307 -0.89222  -3.7361e+02 |308 -0.44886   1.3473e+01 |
21.9664 16.4201 67.6779 59.364 
16.945 16.945 133.514 123.246 
11.8963 22.3957 0 0.0304748 6.29884 
0 8.51088 0 0 0.560454 42.4517 0 
21.9248 15.9792 67.4689 59.4509 
16.9327 16.9327 133.968 122.517 
11.7483 22.7339 0 0.0494355 6.07171 
0 8.68493 0 0 0.543732 41.9486 0 
22.0377 15.7805 67.4445 59.3758 
17.0601 17.0601 133.865 122.54 
11.7444 22.7027 0 0.0531396 6.03291 
0 8.70307 0 0 0.538174 41.8462 0 
22.0241 15.7826 67.4874 58.9544 
17.2803 17.2803 133.442 122.926 
11.7008 22.5394 0 0.0579017 5.96293 
0 8.58457 0 0 0.529985 41.659 0 
21.9826 15.632 67.5195 58.6654 
17.5291 17.5291 133.468 122.806 
11.5078 22.4525 0 0.0620962 5.88357 
0 8.4704 0 0 0.515976 41.3145 0 
22.0004 15.7055 67.4967 58.8023 
17.4033 17.4033 133.449 122.867 
11.5989 22.485 0 0.0600269 5.92231 
0 8.5207 0 0 0.522708 41.4829 0 
22.0282 15.3445 67.4411 59.2187 
17.5806 17.5806 132.728 122.985 
11.9489 22.4678 0 0.0693192 6.05261 
0 8.27167 0 0 0.505336 41.4728 0 
22.0009 15.2267 67.3907 58.936 
17.2463 17.2463 132.557 123.12 
11.8369 22.6157 0 0.0714728 6.13658 
0 8.15094 0 0 0.501108 41.2452 0 
22.0255 15.0639 67.3408 58.4898 
17.3461 17.3461 132.33 123.176 
11.7005 22.3321 0 0.0854459 6.27569 
0 7.87098 0 0 0.494807 40.7645 0 
22.1369 14.7568 67.4152 57.7414 
17.297 17.297 132.385 123.071 
11.3903 22.1796 0 0.109513 6.52055 
0 7.39005 0 0 0.487867 39.8076 0 
22.0783 14.8853 67.3601 58.0307 
17.3135 17.3135 132.336 123.123 
11.5054 22.2081 0 0.0992545 6.41929 
0 7.57095 0 0 0.490459 40.2 0 
22.0837 14.5427 67.5793 57.5435 
16.5923 16.5923 132.625 122.833 
11.3516 22.5338 0 0.135393 6.46536 
0 7.28807 0 0 0.48055 39.3327 0 
308 variables; iteration 290; function evaluation 331; phase 1
Function value   5.3626345e+02; maximum gradient component mag   6.0125e+02
Var   Value    Gradient   |Var   Value    Gradient   |Var   Value    Gradient
  1  0.23378  -7.9806e+00 |  2  0.10060  -1.0362e+01 |  3  0.23239  -6.2752e+00
  4  0.22063   4.4758e+00 |  5  0.22054   1.3351e+01 |  6  0.21535   2.1568e+01
  7  0.20096   1.5468e+01 |  8  0.19358   1.3891e+01 |  9  0.18548   5.8734e+00
 10  0.16447   1.2945e+01 | 11 -2.14373  -2.0189e+01 | 12  0.14282   1.0143e+01
 13  0.10527   6.3225e+00 | 14 -2.07733  -1.7129e+01 | 15 -2.00847  -5.3465e+00
 16  0.05672  -3.4556e+00 | 17  0.01271  -1.0879e+01 | 18 -0.09500   2.3876e+00
 19 -0.08434  -3.3675e+00 | 20 -0.15273  -1.5452e+00 | 21 -0.30541  -7.8247e-01
 22 -2.09673   2.6980e+00 | 23 -0.15525  -6.3352e-06 | 24 -0.00783  -8.9274e-01
 25  0.11274   1.7309e+00 | 26  0.14112   2.9862e+00 | 27  0.16252   1.5763e+00
 28  0.16206  -2.2434e-02 | 29  0.14782  -7.1168e+00 | 30  0.14812  -9.6150e+00
 31  0.15844   1.6354e+00 | 32  0.14897   5.4800e+00 | 33  0.12153  -1.7408e+00
 34  0.10905   5.8610e+00 | 35  0.10899   4.6028e+00 | 36  0.11032   1.6130e+01
 37 -0.43694  -8.9187e+00 | 38 -0.11485  -7.9048e+00 | 39  0.01373   1.5654e+01
 40 -0.19669  -2.0110e+00 | 41 -0.69835  -3.5717e-01 | 42 -0.60800  -1.1097e-01
 43  0.09877  -1.6504e+00 | 44 -0.04057  -1.3851e+00 | 45  0.08249   2.1513e+01
 46 -0.14522  -6.6482e-01 | 47 -0.11466   5.6149e+00 | 48 -0.03137   1.2540e+01
 49 -0.00656   1.0452e+01 | 50  0.05086   1.2432e+01 | 51  0.04821   6.6124e+00
 52  0.06160   3.1161e+00 | 53  0.01449   8.4102e-01 | 54  0.11237   7.9464e+00
 55  0.08675   9.3935e-01 | 56  0.01985  -8.0959e+00 | 57  0.11134  -1.2518e+01
 58  0.13815  -2.0887e+01 | 59  0.06801  -1.6925e+01 | 60 -0.08948  -6.6358e+00
 61 -0.04349  -6.3945e+00 | 62  0.13926  -6.5169e+00 | 63 -0.06814  -8.1460e+00
 64  0.03587   6.0210e+00 | 65  0.08856   2.1565e+01 | 66  0.01487   7.4959e+00
 67 -0.07304  -1.9948e+00 | 68  0.10484   1.7664e+01 | 69 -0.03396  -1.5621e+00
 70  0.02384   1.0799e+00 | 71  0.09921  -4.1343e+00 | 72  0.07146  -3.7651e+00
 73  0.05171  -3.8970e+00 | 74  0.01445  -7.9014e+00 | 75  0.10886  -1.4793e+01
 76 -0.46935  -1.9427e+01 | 77  0.10417  -6.4924e+00 | 78 -0.07253  -9.8616e+00
 79  0.31528  -7.4260e+00 | 80 -0.25308  -2.0547e+01 | 81 -1.23082   2.0728e+00
 82 -0.11507  -6.4322e+00 | 83  0.00125  -2.3809e+00 | 84 -2.04913   3.9441e+00
 85  0.10486   1.1173e+00 | 86  0.03957  -3.8683e+00 | 87  0.22213  -9.7097e+00
 88 -0.03060   1.0484e+01 | 89 -0.10900   1.5517e+01 | 90 -0.09562   1.1215e+01
 91  0.05026   1.4175e+01 | 92  0.00366   9.4655e+00 | 93  0.10158   1.3071e+01
 94  0.12645   3.6689e+00 | 95  0.04816   1.1173e+01 | 96  0.02974   9.7816e+00
 97 -0.00450   7.2721e+00 | 98  0.14919   9.9875e+00 | 99  0.06314   4.7013e+00
100  0.16259   1.0208e+01 |101  0.04595  -1.0405e+00 |102 -0.20515   5.7459e-01
103 -0.01806   9.5928e+00 |104  0.08749   2.7058e+00 |105  0.09525   6.5931e+00
106 -0.04803   6.6530e+00 |107 -0.07265   8.6140e+00 |108 -2.00409  -7.8292e+00
109  0.09684   8.1959e+00 |110  0.13211   1.2964e+01 |111  0.07055   1.4253e+01
112 -0.09041   1.1455e+01 |113 -0.20538   7.2065e+00 |114 -1.81262  -1.8055e+00
115  0.15874   4.6657e+00 |116 -0.01850   4.4570e+00 |117  0.13124   1.1604e+01
118  0.04385   7.4946e+00 |119  0.02115   8.6763e+00 |120 -0.07642   8.8601e+00
121 -0.21406  -2.8154e+00 |122  1.71764  -2.7689e+01 |123 -0.79620   5.3198e+00
124  0.14364   8.2909e+00 |125  0.02738   1.0496e+01 |126  2.47931   1.2174e+00
127 -0.06052   1.5004e+01 |128 -0.08406   1.4941e+01 |129  0.07946   1.4955e+01
130 -0.24302   1.3988e+01 |131  0.99126   2.0690e-01 |132 -0.24500   1.3970e+01
133 -0.63699   8.1364e+00 |134  0.95722   1.0122e+00 |135 -0.12705   1.4773e+01
136  0.15638   1.4620e+01 |137 -0.88396   2.7322e+00 |138  0.10415   1.4871e+01
139  0.08494   1.4939e+01 |140 -0.06504   1.4994e+01 |141 -0.14150   1.4702e+01
142 -0.15575   1.4624e+01 |143 -0.34218   1.2947e+01 |144 -1.09545  -2.2515e+00
145  0.09926   1.4890e+01 |146  0.06160   1.5002e+01 |147 -0.23957   1.4018e+01
148 -0.89728   2.4215e+00 |149 -0.52816   1.0176e+01 |150  0.12743   1.4772e+01
151 -1.64772  -1.2823e+01 |152 -0.43084   1.1751e+01 |153  0.11002   1.4848e+01
154  0.48259   1.0945e+01 |155  0.62486   8.3767e+00 |156  0.31222   1.3296e+01
157  0.16894   1.4545e+01 |158 -0.45276   1.1419e+01 |159  0.08019   1.4953e+01
160  0.95311   1.1092e+00 |161  0.07664   1.4963e+01 |162  0.03747   1.5046e+01
163 -0.17580   1.4501e+01 |164  0.21830   1.4195e+01 |165  0.06320   1.4998e+01
166  1.69748  -1.3402e+01 |167  0.42462   1.1842e+01 |168  0.77166   5.2910e+00
169  0.02940   6.0125e+02 |170  0.00411  -3.9962e+01 |171  0.02015  -4.9536e+00
172  0.03630  -2.4932e+00 |173  0.07880  -3.3500e+00 |174  0.04375  -2.6999e+01
175  0.04522  -2.1135e+01 |176  0.02957  -5.8209e+00 |177  0.04548  -1.3058e+01
178  0.10458  -7.4034e+00 |179  0.12793  -4.9949e+00 |180  0.11491  -3.0261e+01
181  0.06362   1.5688e+01 |182 -0.02554  -1.6561e+00 |183 -0.03281  -4.1914e+00
184 -0.00290   1.5910e+01 |185 -0.00820   4.7853e+00 |186 -0.01726   1.5913e+01
187 -0.03375  -1.3095e+00 |188 -0.01738  -1.5674e+01 |189  0.03047  -1.7499e+01
190  0.03544  -3.0370e+01 |191  0.03766  -3.3514e+01 |192  0.02372  -1.9163e+01
193 -0.00235   1.2663e+01 |194 -0.07237  -1.4303e+01 |195  0.01033  -7.3562e+00
196  0.06263   1.8370e+01 |197  0.02055  -2.1904e+01 |198  0.00158  -2.1960e+01
199  0.01097   3.1130e+00 |200  0.00993  -1.0722e+00 |201  0.01183  -5.2858e+00
202  0.10170   1.0938e+01 |203  0.10695  -2.5683e+00 |204  0.08968  -1.5200e+01
205 -0.02897  -9.5098e+00 |206 -0.32704  -1.4945e+01 |207 -0.15462  -1.0872e+01
208 -0.07394  -1.7432e+01 |209 -0.04089  -2.0207e+01 |210  0.07107  -1.1391e+01
211 -0.60217  -9.6016e+00 |212 -0.04014   9.1686e+01 |213  0.01936  -1.8316e+02
214 -0.01411  -8.7039e-09 |215 -0.67218   3.3341e+00 |216 -0.88117  -3.0130e+01
217  0.01283   1.0434e+02 |218 -0.08762   2.4907e+00 |219 -0.21736   1.5109e+01
220 -0.05346   7.3585e+00 |221  0.04644   5.5535e+00 |222  0.03257   1.0269e+01
223  0.03387   1.6754e+00 |224  0.00167   2.5061e+00 |225 -0.01146   4.2258e+00
226  0.12269   7.0124e+00 |227  0.09440   4.6684e+00 |228  0.19040  -1.7739e-01
229  0.11146   1.3754e+00 |230  0.09751  -1.9896e+00 |231  0.08082   7.5162e+00
232  0.06825   7.8633e-02 |233  0.08607   6.1252e-01 |234  0.13196  -6.5469e+00
235 -0.14413  -3.5179e+00 |236 -0.13245   9.9764e+00 |237  0.00093   2.5802e+00
238  0.04645   4.3797e+00 |239 -0.08645   7.4658e+00 |240 -0.14054   4.3255e+00
241 -0.08838  -1.9356e-01 |242 -0.02312  -7.6275e+00 |243  0.05713   2.3498e+00
244  0.03111   9.5072e-01 |245 -0.07089  -4.5088e+00 |246 -0.22192  -6.3876e+00
247 -0.11688  -8.0599e+00 |248 -0.00611  -3.8346e+00 |249  0.05299   9.7764e+00
250  0.08839   7.2642e+00 |251  0.04987   1.2460e+00 |252 -0.05884  -4.3561e+00
253 -0.08606  -4.3189e-01 |254 -0.04149   6.7440e+00 |255  0.13806   4.9583e+00
256  0.20138   5.2594e+00 |257 -0.17916   3.4433e+00 |258  0.08771  -2.6065e+02
259 -0.72280  -9.8007e+00 |260 -1.12591   1.6262e+02 |261 -0.97152   2.3108e+00
262 -0.88657   7.0690e+00 |263  0.29187   1.2824e+02 |264  0.63850   7.6910e+01
265 -0.53122   9.6041e+01 |266  0.36207   1.2049e+02 |267 -0.37427   1.1899e+02
268  0.26193   1.3107e+02 |269  0.49184   1.0241e+02 |270 -0.38484   1.1766e+02
271  0.30474   1.2693e+02 |272 -0.10960   1.4089e+02 |273 -0.49295   1.0223e+02
274 -0.30876   1.2651e+02 |275 -0.65904   7.2981e+01 |276 -0.13723   1.3969e+02
277  0.35339   1.2153e+02 |278 -0.01187   1.4298e+02 |279  0.01615   1.4296e+02
280 -0.29131   1.2829e+02 |281 -0.06107   1.4235e+02 |282 -0.21493   1.3493e+02
283  0.39776   1.1599e+02 |284 -0.22835   1.3390e+02 |285 -0.06315   1.4230e+02
286 -0.19236   1.3653e+02 |287 -0.02004   1.4293e+02 |288  0.21293   1.3508e+02
289  0.32118   1.2519e+02 |290 -0.31435   1.2592e+02 |291 -0.22141   1.3444e+02
292  0.42106   1.1285e+02 |293 -0.47452   1.0508e+02 |294  0.29740   1.2768e+02
295  0.24843   1.3225e+02 |296 -0.47203   1.0546e+02 |297 -0.29615   1.2781e+02
298  0.56503   9.0281e+01 |299  0.32827   1.2441e+02 |300  0.36023   1.2071e+02
301 -0.28166   1.2924e+02 |302  0.26844   1.3048e+02 |303  0.47995  -9.4724e+01
304  0.16157  -5.8523e+00 |305 -0.91262  -3.9756e+01 |306  0.21990  -1.5083e+01
307 -0.88991  -2.9723e+02 |308 -0.46278   8.1714e+00 |
22.3617 13.6593 68.2992 56.6121 
15.5793 15.5793 132.91 122.334 
11.19 23.0607 0 0.212676 6.61129 
0 6.97204 0 0 0.47275 37.7139 0 
23.2964 12.1134 69.596 55.743 
15.1306 15.1306 133.474 121.824 
11.0395 23.3775 0 0.308825 6.83259 
0 6.71129 0 0 0.464993 35.5908 0 
22.6428 13.0904 68.6591 56.275 
15.4015 15.4015 133.034 122.17 
11.0956 23.1129 0 0.244677 6.68923 
0 6.8264 0 0 0.46938 36.9567 0 
22.7953 12.5589 68.848 56.0967 
15.3648 15.3648 133.526 121.575 
10.9628 23.0523 0 0.266243 6.90583 
0 6.57668 0 0 0.469767 36.1911 0 
23.0762 11.9695 69.1854 55.8798 
15.2665 15.2665 133.985 121.007 
10.9487 23.1927 0 0.304396 7.19046 
0 6.33158 0 0 0.469089 35.3021 0 
22.9821 12.147 69.0689 55.9439 
15.2939 15.2939 133.832 121.186 
10.9455 23.1324 0 0.292237 7.10117 
0 6.40052 0 0 0.469131 35.5783 0 
23.2441 11.9944 69.1583 55.8454 
14.9696 14.9696 134.155 120.757 
10.76 23.2926 0 0.331899 7.10712 
0 6.00805 0 0 0.449459 34.8151 0 
23.3992 12.0817 69.1866 55.8157 
14.7386 14.7386 134.385 120.511 
10.632 23.5398 0 0.359511 7.05725 
0 5.82259 0 0 0.438282 34.3518 0 
23.5878 11.706 69.7049 55.7357 
13.8618 13.8618 134.253 120.14 
10.8332 24.1934 0 0.471644 7.39734 
0 5.5742 0 0 0.427667 33.1822 0 
23.6684 11.7592 69.9211 55.776 
13.7357 13.7357 134.247 119.984 
10.8896 24.2166 0 0.51439 7.52149 
0 5.48868 0 0 0.427492 32.7326 0 
23.4958 11.8971 69.6723 55.7459 
13.9518 13.9518 134.478 119.79 
10.7225 23.7939 0 0.510333 7.48155 
0 5.40881 0 0 0.433266 32.4672 0 
23.5288 11.6194 69.367 55.5117 
14.8117 14.8117 134.265 119.97 
10.6372 23.0281 0 0.572601 7.48776 
0 5.26121 0 0 0.447034 31.9183 0 
308 variables; iteration 300; function evaluation 343; phase 1
Function value   5.2198464e+02; maximum gradient component mag   2.8859e+02
Var   Value    Gradient   |Var   Value    Gradient   |Var   Value    Gradient
  1  0.22027   1.1699e+01 |  2  0.18142  -1.3251e+01 |  3  0.23238   1.3800e+01
  4  0.21177  -2.5489e+01 |  5  0.21872  -1.4131e+01 |  6  0.21136  -6.6969e+00
  7  0.19876  -6.5526e+00 |  8  0.19273  -2.6873e+00 |  9  0.18826   1.3419e+00
 10  0.16217  -1.3427e+00 | 11 -2.14056   2.1070e+00 | 12  0.14682  -6.5687e-02
 13  0.11255   1.7340e+00 | 14 -2.05660   5.6602e+00 | 15 -1.99993  -4.6418e-01
 16  0.06396  -8.5779e-02 | 17  0.02526  -1.0738e+00 | 18 -0.10143   6.5867e-01
 19 -0.06864  -1.7325e+00 | 20 -0.10845   4.2739e-01 | 21 -0.28661  -7.8194e-01
 22 -2.10216   2.4989e+00 | 23 -0.15812  -1.0410e-03 | 24 -0.08161  -1.4000e+00
 25  0.10491   5.9511e-01 | 26  0.14704   6.6262e+00 | 27  0.16988   5.1472e+00
 28  0.16938   4.1466e-01 | 29  0.16564   9.0186e+00 | 30  0.16567   5.4363e+00
 31  0.16826   4.4270e+00 | 32  0.15598   2.3600e+00 | 33  0.13202   6.6269e-01
 34  0.11797   6.6524e+00 | 35  0.13086   2.0641e+01 | 36  0.11895   1.3167e+00
 37 -0.32898  -1.0027e+01 | 38 -0.09230  -7.7365e+00 | 39  0.00161  -1.6856e+00
 40 -0.18405  -1.9390e+00 | 41 -0.48888  -5.6292e-01 | 42 -0.69378  -8.7329e-02
 43  0.12437   1.9927e+01 | 44 -0.03997   1.2137e+00 | 45  0.07643   2.5600e+01
 46 -0.13038   1.9495e+00 | 47 -0.14071   2.0001e+00 | 48 -0.06532   7.3099e+00
 49 -0.04853   5.6848e+00 | 50  0.05928   1.9995e+01 | 51  0.02422   7.8335e+00
 52  0.05533   3.2918e+00 | 53 -0.02058  -4.8823e+00 | 54  0.09496   1.3593e+00
 55  0.09749   3.1421e+00 | 56  0.00057  -7.0991e+00 | 57  0.11949  -3.3068e+00
 58  0.13381  -2.1915e+00 | 59  0.04668  -2.9458e+00 | 60 -0.12126  -5.1531e+00
 61 -0.03497   5.4107e-02 | 62  0.11984   7.4619e+00 | 63 -0.02564  -1.6428e+00
 64  0.03127   8.9109e+00 | 65  0.04738   1.4868e+01 | 66  0.02541   1.1845e+01
 67 -0.02830   5.0485e+00 | 68  0.09237   1.8260e+01 | 69 -0.04284  -1.1157e+00
 70 -0.01668  -2.4887e-01 | 71  0.07917  -1.5540e+00 | 72  0.06992   4.1648e-01
 73  0.01725  -2.1482e+00 | 74  0.04245  -2.8258e+00 | 75  0.07552  -9.1550e+00
 76 -0.36828  -1.9558e+01 | 77  0.08534   6.6241e-01 | 78 -0.10156  -9.8639e+00
 79  0.31400   1.0897e+01 | 80 -0.26741  -2.0470e+01 | 81 -1.20418   2.1078e+00
 82 -0.04588  -1.7201e+00 | 83  0.04081  -3.6877e-01 | 84 -2.22422  -1.9268e+00
 85  0.13056  -5.7787e+00 | 86  0.09262  -7.3557e+00 | 87  0.19557  -7.2280e+00
 88 -0.04633   4.0457e-01 | 89 -0.19044  -3.1769e+00 | 90 -0.11885  -1.9740e+00
 91  0.00975  -1.3329e+00 | 92  0.03705   9.3490e-03 | 93  0.04210  -1.8358e+00
 94  0.17541   5.6520e+00 | 95  0.02739  -1.3491e+00 | 96  0.03528  -2.3765e+00
 97  0.04973  -1.8997e+00 | 98  0.10701  -3.0763e+00 | 99  0.11089  -2.8261e+00
100  0.10769  -4.7575e+00 |101  0.11046  -8.7221e+00 |102 -0.06479  -4.6511e+00
103 -0.09951  -5.5150e+00 |104  0.10136  -2.9804e+00 |105  0.05254  -3.5788e+00
106 -0.03028  -3.3406e+00 |107 -0.09121  -4.8591e+00 |108 -1.94709   7.7944e+00
109  0.12200  -1.6487e+00 |110  0.10886   3.2377e-01 |111  0.03796  -1.2097e+00
112 -0.11507  -5.1827e+00 |113 -0.09603  -1.4433e+00 |114 -1.89085   9.2909e+00
115  0.11104  -7.4920e+00 |116 -0.00143  -7.0963e+00 |117  0.09108  -6.0203e+00
118  0.03737  -8.1979e+00 |119  0.00344  -5.5902e+00 |120 -0.10580  -5.9152e+00
121 -0.13912  -1.2995e+01 |122  1.72980  -1.2882e+01 |123 -0.91171   3.1535e-01
124  0.11737  -6.1511e+00 |125  0.05853  -2.9638e+00 |126  2.49683   1.2196e+01
127  0.32632   8.2003e+00 |128  0.30046   8.3809e+00 |129  0.38834   7.7125e+00
130 -0.22363   8.8350e+00 |131  1.78682  -8.8870e+00 |132 -0.26360   8.6144e+00
133 -1.26974  -3.8687e+00 |134  0.62444   5.2346e+00 |135  0.01422   9.4073e+00
136  0.41393   7.4897e+00 |137 -1.10244  -1.5075e+00 |138  0.28700   8.4695e+00
139  0.01364   9.4075e+00 |140  0.32510   8.2091e+00 |141  0.01659   9.4064e+00
142  0.02344   9.4032e+00 |143 -0.51510   6.4939e+00 |144 -1.59530  -7.5715e+00
145 -0.35539   7.9811e+00 |146  0.39633   7.6443e+00 |147 -0.20190   8.9403e+00
148 -1.32090  -4.5448e+00 |149 -0.14958   9.1511e+00 |150 -0.33905   8.1064e+00
151 -1.53696  -7.0285e+00 |152 -0.43658   7.2824e+00 |153  0.48587   6.7997e+00
154  0.44296   7.2223e+00 |155  0.05252   9.3776e+00 |156  0.20861   8.9089e+00
157 -0.28724   8.4680e+00 |158 -1.30366  -4.3200e+00 |159 -0.01104   9.4082e+00
160  1.44001  -5.9980e+00 |161  0.39451   7.6599e+00 |162  0.37223   7.8465e+00
163 -0.25943   8.6391e+00 |164  0.21438   8.8811e+00 |165  0.23017   8.8013e+00
166  2.24866  -8.7009e+00 |167  0.02119   9.4044e+00 |168  0.42249   7.4124e+00
169  0.02236  -8.4529e+01 |170  0.01773   6.2591e+00 |171  0.02275   7.7976e+00
172  0.03376  -1.7924e+01 |173  0.08134   6.1401e+00 |174  0.04768   8.1712e+00
175  0.04660  -4.8912e+00 |176  0.02523  -7.6198e+00 |177  0.04534  -5.3358e+00
178  0.10895   2.4646e+01 |179  0.12717   2.2169e+01 |180  0.12011   1.0227e+01
181  0.06084  -2.9742e-01 |182 -0.02457   6.4670e+00 |183 -0.02185   1.6195e+01
184 -0.01057   4.8318e-01 |185 -0.00755  -2.1317e+00 |186 -0.02231  -1.6344e+00
187 -0.03234   6.9474e+00 |188 -0.02251  -7.8972e+00 |189  0.03537   8.0087e+00
190  0.03296  -2.3450e+01 |191  0.03679  -4.8238e+00 |192  0.02397  -1.4037e+01
193 -0.00756   5.8077e+00 |194 -0.06906   3.8972e+00 |195  0.01016   1.4923e+01
196  0.05195   4.2706e+00 |197  0.01537   2.2680e+00 |198 -0.00797  -1.9338e+01
199  0.00410  -7.3077e-01 |200  0.00458   8.2618e-01 |201  0.01283   1.1338e+01
202  0.10031   2.7106e+01 |203  0.10466  -5.9363e-01 |204  0.08872  -1.4477e+00
205 -0.03473   6.4032e+00 |206 -0.31205   2.7620e+00 |207 -0.14603   1.2017e+01
208 -0.06122   2.0304e+01 |209 -0.03311   4.4869e+00 |210  0.06982  -6.6900e-01
211 -0.61633   2.3867e+00 |212 -0.04891   2.5271e+02 |213  0.02326  -4.0866e+01
214 -0.01411  -8.7038e-09 |215 -0.67806   3.3125e+00 |216 -0.89413  -2.8893e+01
217  0.00679   3.0837e+01 |218 -0.10188   6.8432e-01 |219 -0.20780   2.8353e+00
220 -0.05333  -2.3212e+00 |221  0.03224  -1.2395e+00 |222  0.00011  -6.5657e+00
223  0.00739  -8.8623e+00 |224 -0.02084  -4.7339e+00 |225 -0.01957  -2.8979e+00
226  0.11054   2.5829e+00 |227  0.08489  -4.3341e-01 |228  0.19149  -3.8434e+00
229  0.10751  -3.1270e+00 |230  0.11646  -9.6176e-02 |231  0.06683   7.8219e-01
232  0.07067   2.9011e-01 |233  0.07591  -2.4772e+00 |234  0.13393  -2.1247e+00
235 -0.10625   1.8295e+00 |236 -0.12212  -1.7259e+00 |237  0.01559   3.6959e-01
238  0.04964   2.5950e+00 |239 -0.09395  -3.2656e+00 |240 -0.13577  -2.5556e+00
241 -0.08899  -2.3580e+00 |242 -0.01045  -4.8185e+00 |243  0.06238  -2.7916e+00
244  0.03430  -2.0538e-01 |245 -0.06054   6.5383e-01 |246 -0.19091   2.5579e+00
247 -0.07716  -3.0244e+00 |248  0.01327  -1.3848e+00 |249  0.04372   1.8847e+00
250  0.07637   1.0414e+00 |251  0.03872  -3.3682e+00 |252 -0.04886   1.6834e-01
253 -0.07676   1.5276e+00 |254 -0.04077  -2.1871e+00 |255  0.13256   4.8160e-01
256  0.18468  -2.4265e+00 |257 -0.19848  -6.5491e+00 |258  0.08993  -2.2177e+02
259 -0.73725  -7.9501e+00 |260 -1.12732   8.8500e+01 |261 -0.97232  -1.1113e+02
262 -0.82832   6.5628e+00 |263  0.42408   2.2690e+02 |264  0.59013   1.7323e+02
265 -0.48769   2.0798e+02 |266  0.23993   2.6834e+02 |267 -0.47198   2.1285e+02
268  0.33084   2.5050e+02 |269  0.52950   1.9440e+02 |270 -0.36855   2.4157e+02
271  0.27280   2.6250e+02 |272 -0.20025   2.7444e+02 |273 -0.60278   1.6861e+02
274 -0.33888   2.4867e+02 |275 -0.61909   1.6256e+02 |276 -0.18750   2.7617e+02
277  0.41141   2.3040e+02 |278 -0.00599   2.8859e+02 |279 -0.00919   2.8857e+02
280 -0.18602   2.7637e+02 |281 -0.02465   2.8838e+02 |282 -0.09739   2.8523e+02
283  0.44746   2.2020e+02 |284 -0.19966   2.7452e+02 |285 -0.12211   2.8331e+02
286 -0.13111   2.8250e+02 |287 -0.00575   2.8859e+02 |288  0.15421   2.8017e+02
289  0.29400   2.5837e+02 |290 -0.36465   2.4254e+02 |291 -0.26859   2.6329e+02
292  0.38528   2.3734e+02 |293 -0.37770   2.3928e+02 |294  0.25132   2.6640e+02
295  0.38590   2.3718e+02 |296 -0.34792   2.4656e+02 |297 -0.33867   2.4872e+02
298  0.45663   2.1749e+02 |299  0.26401   2.6413e+02 |300  0.44736   2.2023e+02
301 -0.33477   2.4961e+02 |302  0.21024   2.7300e+02 |303  0.47566  -1.6831e+02
304  0.14897   8.2717e+00 |305 -0.91360  -2.1966e+01 |306  0.22366  -9.3218e+00
307 -0.88397  -1.9606e+02 |308 -0.49076  -2.6451e+00 |
23.6887 11.3871 69.509 55.4118 
15.4719 15.4719 134.184 119.94 
10.535 22.5796 0 0.595746 7.45355 
0 5.19657 0 0 0.448013 31.5078 0 
23.7997 11.2214 69.6917 55.4189 
16.1556 16.1556 134.04 119.876 
10.422 22.0961 0 0.638995 7.40819 
0 5.07102 0 0 0.448574 30.8347 0 
23.7279 11.3135 69.561 55.4078 
15.7508 15.7508 134.117 119.917 
10.4864 22.3727 0 0.6131 7.43514 
0 5.14246 0 0 0.448187 31.2335 0 
23.7024 11.2558 69.5767 55.4599 
15.8106 15.8106 134.284 119.701 
10.4131 22.1629 0 0.619725 7.42033 
0 5.07697 0 0 0.447253 30.8839 0 
23.6244 11.0599 69.3842 55.5052 
15.9779 15.9779 134.159 119.708 
10.2919 22.2128 0 0.645447 7.48935 
0 4.91614 0 0 0.446589 30.2543 0 
23.5972 10.7412 69.2488 55.5589 
16.378 16.378 133.496 119.728 
10.2073 22.4598 0 0.705956 7.67933 
0 4.66053 0 0 0.450838 29.0028 0 
23.6244 10.8045 69.8227 55.6192 
16.0889 16.0889 133.539 119.326 
10.2877 22.5188 0 0.754882 7.7455 
0 4.59663 0 0 0.448119 28.0378 0 
23.5623 10.8217 69.8718 55.662 
16.1058 16.1058 133.561 119.272 
10.3042 22.5463 0 0.764164 7.75555 
0 4.5835 0 0 0.447214 27.8371 0 
23.2339 10.6438 69.4131 55.782 
16.8509 16.8509 133.704 119.41 
10.2216 22.2 0 0.78638 7.81903 
0 4.51393 0 0 0.447905 27.5493 0 
23.3838 10.7242 69.6006 55.7171 
16.4977 16.4977 133.629 119.344 
10.2595 22.356 0 0.775784 7.78884 
0 4.54571 0 0 0.447558 27.6845 0 
23.1128 10.7765 69.2835 55.6477 
16.9584 16.9584 133.471 119.635 
10.12 21.9491 0 0.789574 7.8627 
0 4.48003 0 0 0.447265 27.7007 0 
23.1878 11.1086 69.8178 55.1088 
16.7734 16.7734 132.961 119.704 
9.99722 21.5652 0 0.866179 7.99962 
0 4.33927 0 0 0.44786 27.5588 0 
308 variables; iteration 310; function evaluation 355; phase 1
Function value   5.1271852e+02; maximum gradient component mag  -2.0101e+02
Var   Value    Gradient   |Var   Value    Gradient   |Var   Value    Gradient
  1  0.19141   5.1057e+00 |  2  0.21361   1.3681e+01 |  3  0.21329  -8.8709e-01
  4  0.21202  -2.0036e+01 |  5  0.21635  -5.9850e+00 |  6  0.20424  -1.8021e+01
  7  0.20052   1.1893e+01 |  8  0.19068   2.3001e+00 |  9  0.18953   7.3976e+00
 10  0.16317  -1.1613e+00 | 11 -2.14021   1.7402e+00 | 12  0.14694  -2.3463e+00
 13  0.11219  -8.7570e-01 | 14 -2.05134   1.4272e+01 | 15 -1.98861   7.9953e-01
 16  0.06548   4.9326e+00 | 17  0.02729   5.7142e+00 | 18 -0.11809   4.3589e-01
 19 -0.05415   2.0071e+00 | 20 -0.11320   1.8215e-01 | 21 -0.16030   1.7577e-01
 22 -2.11130   8.1605e-01 | 23 -0.16015   1.5195e-03 | 24 -0.01213  -8.0827e-01
 25  0.09263   1.2981e+00 | 26  0.12696  -4.1893e+00 | 27  0.15941   2.4510e+00
 28  0.15895  -8.2760e-01 | 29  0.15061  -3.5868e+00 | 30  0.15583   3.9778e-01
 31  0.15865   2.7378e+00 | 32  0.14885   3.3349e+00 | 33  0.12678   2.2831e+00
 34  0.10938   3.7377e+00 | 35  0.11520  -1.0091e+01 | 36  0.11724   9.8345e+00
 37 -0.23345  -1.0793e+01 | 38 -0.06437  -7.9152e+00 | 39 -0.00174  -2.0144e+00
 40 -0.15412  -1.7853e+00 | 41 -0.28851  -7.0479e-01 | 42 -0.83602  -4.7828e-02
 43  0.09969   7.9514e+00 | 44 -0.01742  -3.3809e-01 | 45  0.05858   1.5822e+01
 46 -0.12046  -6.0557e-01 | 47 -0.14960  -2.2838e+00 | 48 -0.08743   7.5166e-01
 49 -0.03583   3.9372e+00 | 50  0.02769   9.6421e+00 | 51  0.01465   2.6740e+00
 52  0.04238  -1.1518e-01 | 53 -0.04155  -8.3731e+00 | 54  0.08884  -7.2262e-01
 55  0.08347  -7.3061e-01 | 56  0.03371  -7.2766e+00 | 57  0.09554  -8.6137e+00
 58  0.10565  -1.1002e+01 | 59  0.07194  -6.8261e+00 | 60 -0.06986  -3.9572e+00
 61 -0.07341  -6.9235e+00 | 62  0.10914   3.9589e+00 | 63  0.01345  -2.1324e-01
 64  0.00982   2.2274e+00 | 65  0.02456   4.6193e+00 | 66  0.03104   4.1844e+00
 67 -0.00759   1.9854e+00 | 68  0.07785   9.7073e+00 | 69 -0.04918  -5.1206e+00
 70 -0.05259  -7.2564e+00 | 71  0.07175  -8.2664e+00 | 72  0.09438  -4.7161e+00
 73 -0.02311  -1.1262e+01 | 74  0.07110  -8.6434e+00 | 75  0.05898  -1.7177e+01
 76 -0.27630  -2.1800e+01 | 77  0.06729  -6.7598e+00 | 78 -0.13790  -1.5799e+01
 79  0.31836   2.1898e+00 | 80 -0.27046  -2.3625e+01 | 81 -1.24348   3.7791e+00
 82 -0.03321  -2.9546e+00 | 83  0.07206  -5.5214e-01 | 84 -2.29403  -1.0423e+00
 85  0.07844   1.4525e+01 | 86  0.10159   1.1602e+01 | 87  0.22256   1.0931e+01
 88 -0.08800   1.1614e+01 | 89 -0.17785   1.3303e+01 | 90 -0.10598   1.4085e+01
 91  0.02009   1.7127e+01 | 92  0.00155   1.4768e+01 | 93  0.03592   1.3901e+01
 94  0.16867   1.6074e+01 | 95  0.03404   1.4208e+01 | 96  0.03426   1.5061e+01
 97  0.02985   1.2973e+01 | 98  0.10084   1.0274e+01 | 99  0.10273   1.0521e+01
100  0.09085   9.5947e+00 |101  0.12449   9.1346e+00 |102 -0.03358   1.2648e+01
103 -0.12078   8.3409e+00 |104  0.06073   8.6081e+00 |105  0.04276   9.3644e+00
106  0.00343   1.3456e+01 |107 -0.02299   1.4831e+01 |108 -1.95747  -7.4917e+00
109  0.11923   1.0949e+01 |110  0.10112   1.4567e+01 |111  0.00021   1.1675e+01
112 -0.08554   1.3250e+01 |113 -0.13454   1.0877e+01 |114 -1.89744  -6.6168e+00
115  0.10862   6.6322e+00 |116  0.04296   1.2472e+01 |117  0.08203   8.6436e+00
118  0.02836   6.6886e+00 |119 -0.04464   8.5493e+00 |120 -0.07321   1.0436e+01
121 -0.04561   5.7982e+00 |122  1.73898  -3.1073e+01 |123 -1.00206  -6.0425e-02
124  0.13805   1.2977e+01 |125  0.03668   1.4256e+01 |126  2.45326  -6.6651e-01
127  0.16652  -5.0471e+00 |128  0.49273  -3.7365e+00 |129  0.67623  -2.5441e+00
130 -0.27995  -4.7277e+00 |131  2.32018   4.5779e+00 |132 -0.33408  -4.5218e+00
133 -1.83374   5.0477e+00 |134  0.51232  -3.6224e+00 |135 -0.07169  -5.1918e+00
136  0.66754  -2.6062e+00 |137 -1.30353   2.3978e+00 |138  0.47343  -3.8455e+00
139 -0.17312  -5.0328e+00 |140  0.22223  -4.9097e+00 |141 -0.01035  -5.2242e+00
142  0.12877  -5.1183e+00 |143 -0.57597  -3.2284e+00 |144 -1.81111   4.9966e+00
145 -0.40764  -4.1898e+00 |146  0.68874  -2.4540e+00 |147 -0.25048  -4.8256e+00
148 -1.50184   3.7052e+00 |149 -0.05032  -5.2085e+00 |150 -0.37075  -4.3636e+00
151 -1.21969   1.7675e+00 |152 -0.37696  -4.3353e+00 |153  0.86997  -1.0598e+00
154  0.37200  -4.3579e+00 |155 -0.46317  -3.9020e+00 |156  0.20897  -4.9459e+00
157 -0.12442  -5.1254e+00 |158 -1.78430   4.9278e+00 |159 -0.20427  -4.9582e+00
160  1.47320   3.5358e+00 |161  0.68025  -2.5153e+00 |162  0.68750  -2.4630e+00
163 -0.37729  -4.3338e+00 |164  0.28636  -4.7051e+00 |165  0.74868  -2.0094e+00
166  2.55527   3.3603e+00 |167 -0.27727  -4.7371e+00 |168 -0.09378  -5.1683e+00
169  0.01908   1.4565e+01 |170  0.01942  -1.7112e+01 |171  0.02072  -9.2831e+00
172  0.03821  -1.4417e+01 |173  0.07816  -2.6671e+01 |174  0.04682   3.9201e+00
175  0.04182  -1.9832e+01 |176  0.01435  -3.0339e+01 |177  0.04125  -1.9153e+01
178  0.10274  -5.0519e+00 |179  0.12277   1.0983e+00 |180  0.11608  -2.9552e+00
181  0.05933  -1.0571e+01 |182 -0.02749  -9.8037e+00 |183 -0.03215  -4.1186e+00
184 -0.00830   7.5955e+00 |185 -0.00367  -7.5842e+00 |186 -0.01651  -1.3625e+01
187 -0.03615  -1.0804e+01 |188 -0.01330  -5.4730e+00 |189  0.03487  -1.0227e+01
190  0.03799  -1.9564e+01 |191  0.03244  -1.6914e+01 |192  0.03293   1.2259e+01
193 -0.01326  -1.6866e+01 |194 -0.06752  -7.2575e+00 |195  0.00707  -6.9519e+00
196  0.05278  -1.2575e+01 |197  0.02440   1.8164e+01 |198 -0.00224  -1.5508e+01
199  0.00885   3.0317e+00 |200  0.00927   3.4487e-01 |201  0.01004  -5.0488e+00
202  0.10285   2.5757e+01 |203  0.10374  -1.2923e+01 |204  0.09090  -3.9767e+00
205 -0.03543  -7.8556e+00 |206 -0.32150  -7.9426e+00 |207 -0.15588  -9.3662e+00
208 -0.06287  -5.7822e+00 |209 -0.03203  -9.5556e+00 |210  0.07755  -2.0208e+00
211 -0.59700  -4.5369e+00 |212 -0.05284   1.7403e+02 |213  0.02512  -4.9965e+01
214 -0.01411  -8.7038e-09 |215 -0.67770   3.3058e+00 |216 -0.88861  -1.7859e+01
217  0.00904   4.0782e+01 |218 -0.11472  -2.3150e+00 |219 -0.23536  -1.5235e+00
220 -0.05159  -7.8906e-01 |221  0.04757   5.0642e+00 |222  0.01122   2.9311e+00
223  0.02219   4.0911e+00 |224 -0.01010   2.1551e+00 |225 -0.02501  -3.6536e+00
226  0.09805  -2.3951e-01 |227  0.07405  -6.1186e-02 |228  0.20855   5.3901e+00
229  0.11749   3.2706e+00 |230  0.11469   9.8490e-01 |231  0.06479   3.2075e+00
232  0.07410   4.8540e+00 |233  0.07578   4.7455e+00 |234  0.12104  -1.1500e+00
235 -0.11367  -1.1929e+00 |236 -0.11703   2.2335e+00 |237  0.00770   4.1509e+00
238  0.02662   3.9642e+00 |239 -0.09478   4.4774e+00 |240 -0.12359   2.2204e+00
241 -0.07349  -1.0090e+00 |242  0.00871   5.7509e+00 |243  0.06750   3.2281e+00
244  0.02173   1.8395e+00 |245 -0.07190   2.2328e+00 |246 -0.20916  -3.4503e-01
247 -0.08827   4.3432e-01 |248  0.00602   4.1025e+00 |249  0.05031   5.3419e+00
250  0.08384   3.9204e+00 |251  0.04167   2.2606e+00 |252 -0.05616   6.3073e+00
253 -0.08673   4.5291e+00 |254 -0.02574   7.6052e+00 |255  0.14116   7.6940e+00
256  0.18707   2.1758e+00 |257 -0.17531   5.6445e+00 |258  0.09487  -1.6265e+02
259 -0.72732  -9.8172e+00 |260 -1.13036   2.3702e+01 |261 -0.97142   1.2093e+01
262 -0.78480   8.8363e+00 |263  0.40981  -3.0410e+00 |264  0.52412  -2.5846e+00
265 -0.47958  -2.7731e+00 |266  0.22810  -3.5604e+00 |267 -0.40437  -3.0603e+00
268  0.33918  -3.2749e+00 |269  0.53281  -2.5462e+00 |270 -0.30683  -3.3688e+00
271  0.31732  -3.3393e+00 |272 -0.19170  -3.6308e+00 |273 -0.62094  -2.1323e+00
274 -0.29963  -3.3885e+00 |275 -0.58537  -2.3048e+00 |276 -0.16676  -3.6722e+00
277  0.41199  -3.0332e+00 |278  0.01402  -3.8009e+00 |279 -0.02134  -3.7997e+00
280 -0.16832  -3.6697e+00 |281 -0.04938  -3.7904e+00 |282 -0.04055  -3.7941e+00
283  0.45160  -2.8847e+00 |284 -0.25821  -3.4934e+00 |285 -0.11160  -3.7436e+00
286 -0.15510  -3.6896e+00 |287 -0.05102  -3.7897e+00 |288  0.08937  -3.7645e+00
289  0.30301  -3.3793e+00 |290 -0.41148  -3.0350e+00 |291 -0.23909  -3.5369e+00
292  0.31820  -3.3368e+00 |293 -0.33215  -3.2960e+00 |294  0.24117  -3.5323e+00
295  0.35403  -3.2290e+00 |296 -0.37715  -3.1540e+00 |297 -0.35121  -3.2378e+00
298  0.43579  -2.9454e+00 |299  0.29298  -3.4063e+00 |300  0.50062  -2.6857e+00
301 -0.33221  -3.2958e+00 |302  0.19346  -3.6277e+00 |303  0.47385  -2.0101e+02
304  0.13491   2.3283e+00 |305 -0.91494  -5.7031e+01 |306  0.23906   1.4539e+01
307 -0.87926  -2.7625e+01 |308 -0.50318   3.6338e+00 |
23.0323 11.3095 69.621 54.699 
17.3068 17.3068 132.508 119.937 
9.82174 21.1258 0 0.979998 8.27887 
0 4.12028 0 0 0.45249 27.2999 0 
23.1032 11.2071 69.7032 54.903 
17.0335 17.0335 132.73 119.822 
9.90288 21.3339 0 0.920131 8.13354 
0 4.22625 0 0 0.449943 27.4339 0 
22.9977 11.2477 69.4318 54.6638 
17.3855 17.3855 132.34 120.074 
9.80411 21.2779 0 0.991475 8.27308 
0 4.08052 0 0 0.452232 27.271 0 
23.0806 10.9747 69.497 54.1045 
17.0253 17.0253 131.695 120.676 
9.67324 21.6803 0 1.10343 8.51864 
0 3.87014 0 0 0.446041 26.8285 0 
23.0473 11.0674 69.4586 54.2916 
17.1517 17.1517 131.904 120.474 
9.71171 21.526 0 1.06436 8.43402 
0 3.9369 0 0 0.448079 26.9797 0 
23.1254 10.9192 69.5512 53.7796 
16.6234 16.6234 131.166 121.234 
9.5906 22.0564 0 1.14141 8.59199 
0 3.79004 0 0 0.441476 26.7477 0 
23.0624 10.8492 69.838 52.7407 
15.9904 15.9904 129.881 122.293 
9.31854 23.0624 0 1.31148 8.91423 
0 3.56176 0 0 0.434859 26.2279 0 
23.0885 10.8901 69.6625 53.2474 
16.3198 16.3198 130.5 121.769 
9.44091 22.5263 0 1.22462 8.7517 
0 3.66684 0 0 0.438044 26.4881 0 
23.0548 10.8796 69.8701 52.6392 
15.9459 15.9459 129.74 122.385 
9.28362 23.115 0 1.32869 8.9384 
0 3.54997 0 0 0.434104 26.193 0 
22.9056 10.6836 70.183 51.6398 
15.7426 15.7426 129.434 122.801 
8.92045 23.2776 0 1.60328 9.59008 
0 3.41964 0 0 0.432338 25.4331 0 
22.9746 10.7987 69.9793 52.1471 
15.8859 15.8859 129.545 122.599 
9.09541 23.1395 0 1.45352 9.23939 
0 3.47772 0 0 0.433107 25.8375 0 
22.9543 10.7532 70.1442 51.6784 
15.7598 15.7598 129.351 122.833 
8.91807 23.2067 0 1.59345 9.55214 
0 3.42196 0 0 0.434038 25.4752 0 
22.9169 10.5461 70.5933 50.8396 
15.2447 15.2447 129.042 123.505 
8.5536 23.7662 0 1.86052 10.1228 
0 3.34211 0 0 0.437385 24.762 0 
22.9401 10.7149 70.2263 51.4678 
15.6773 15.6773 129.222 122.999 
8.82172 23.2957 0 1.65158 9.67872 
0 3.39741 0 0 0.434664 25.3139 0 
22.9375 10.7084 70.2521 51.2901 
15.5941 15.5941 129.086 123.147 
8.73671 23.3789 0 1.69355 9.773 
0 3.3724 0 0 0.435379 25.2207 0 
308 variables; iteration 320; function evaluation 370; phase 1
Function value   5.0521445e+02; maximum gradient component mag  -4.1868e+02
Var   Value    Gradient   |Var   Value    Gradient   |Var   Value    Gradient
  1  0.16287  -5.9667e+00 |  2  0.20737  -1.2153e+01 |  3  0.19761  -1.5351e+01
  4  0.22068   1.4649e+01 |  5  0.21237   6.9502e+00 |  6  0.20495  -4.7256e+00
  7  0.19336   6.7210e-01 |  8  0.18905   1.1022e+00 |  9  0.18437  -2.9628e-02
 10  0.15788  -8.4464e+00 | 11 -2.14189  -5.2594e+00 | 12  0.14625   7.0709e+00
 13  0.10892   2.9179e+00 | 14 -2.06755   3.6548e+00 | 15 -1.98323   1.4809e+00
 16  0.06108   2.1121e+00 | 17  0.01346   7.7892e+00 | 18 -0.15424   3.2062e-01
 19 -0.07332  -3.1179e-01 | 20 -0.10269   2.4846e+00 | 21 -0.13683   1.0249e+00
 22 -2.11902  -2.8662e-01 | 23 -0.16623  -1.6282e-04 | 24  0.04842   2.0106e+00
 25  0.07844  -1.5147e+00 | 26  0.13218   1.8714e+00 | 27  0.15276  -3.4186e+00
 28  0.15547  -7.0368e-01 | 29  0.15011  -2.1392e+00 | 30  0.15622   5.9344e+00
 31  0.15507  -1.7093e+00 | 32  0.14547  -5.5411e-02 | 33  0.12154  -2.6540e+00
 34  0.11105   7.5496e+00 | 35  0.10783  -1.1446e+01 | 36  0.11001  -8.2904e+00
 37 -0.07426  -1.2670e+01 | 38 -0.00722  -8.2557e+00 | 39  0.00350   3.1165e+00
 40 -0.12490  -2.1420e+00 | 41 -0.11014   9.3427e-01 | 42 -0.83522  -4.8052e-02
 43  0.07010   1.1788e-02 | 44  0.02335   2.9956e+00 | 45  0.04244   9.0926e+00
 46 -0.14196  -8.4338e+00 | 47 -0.15030  -8.0460e+00 | 48 -0.07614  -3.7224e+00
 49 -0.04404  -3.9974e+00 | 50 -0.01982  -6.0154e+00 | 51  0.01714  -5.0092e+00
 52  0.04820  -5.1528e+00 | 53 -0.02784  -1.0971e+01 | 54  0.06442  -2.1650e+00
 55  0.07105   1.3315e+00 | 56  0.09526   2.2869e+00 | 57  0.06681  -7.2388e+00
 58  0.10980  -6.2325e+00 | 59  0.09585  -3.3915e+00 | 60 -0.16634  -1.5348e+01
 61 -0.02546  -5.1620e+00 | 62  0.09375  -6.9854e-01 | 63  0.01983  -4.1959e+00
 64  0.01912  -2.2963e+00 | 65  0.00206  -2.3467e+00 | 66  0.03501   4.0321e+00
 67  0.01226   4.6723e+00 | 68  0.06487   7.9155e+00 | 69 -0.06425  -9.8824e+00
 70 -0.03050  -9.6527e+00 | 71  0.08835  -9.6353e+00 | 72  0.06154  -1.0172e+01
 73 -0.02817  -1.4961e+01 | 74  0.04667  -1.2215e+01 | 75  0.07042  -1.6634e+01
 76 -0.12762  -2.0855e+01 | 77  0.05413  -4.2643e+00 | 78 -0.19902  -2.0922e+01
 79  0.33375   1.7563e+01 | 80 -0.25762  -2.6630e+01 | 81 -1.42094   8.5389e+00
 82 -0.03668  -7.6914e+00 | 83  0.07737  -4.3267e+00 | 84 -2.20784   5.5151e+00
 85  0.03260  -2.2399e+00 | 86  0.14100   1.6996e+00 | 87  0.20797   3.0004e+00
 88 -0.08580  -2.4398e+00 | 89 -0.18247  -1.8463e+00 | 90 -0.13721  -3.4134e+00
 91  0.00506  -3.5295e-01 | 92 -0.00657  -3.2348e+00 | 93  0.06792   1.7703e-01
 94  0.16056   2.3533e+00 | 95  0.03121  -7.8045e-01 | 96  0.02355  -2.6562e+00
 97  0.01750  -4.4070e+00 | 98  0.10873  -2.6987e+00 | 99  0.08311  -3.8644e+00
100  0.07516  -5.9431e+00 |101  0.13799   2.2273e+00 |102 -0.07737  -4.8941e+00
103 -0.06560  -2.1381e+00 |104  0.04796  -5.4989e+00 |105  0.05656  -2.8433e+00
106  0.01409  -6.3228e-02 |107 -0.07155  -4.2831e+00 |108 -1.95340   7.9879e+00
109  0.10202  -3.9230e+00 |110  0.09521  -3.0826e-01 |111 -0.00003  -2.3206e+00
112 -0.12000  -3.5738e+00 |113 -0.14808  -4.8011e+00 |114 -1.91758   6.9254e+00
115  0.07430  -7.3431e+00 |116  0.08840   4.3542e-01 |117  0.05456  -1.0520e+01
118  0.01458  -8.8162e+00 |119 -0.02481  -4.8069e+00 |120 -0.05271  -4.5950e+00
121  0.03875  -2.3628e+00 |122  1.76523  -2.2654e+01 |123 -0.92778   2.3991e-01
124  0.11442  -3.8595e+00 |125  0.04019  -3.4049e+00 |126  2.34757   1.0340e+01
127  0.03993   9.2984e+00 |128  0.77188   3.2676e+00 |129  0.95066   7.2142e-01
130 -0.27684   8.4496e+00 |131  2.44814  -7.1022e+00 |132 -0.10195   9.1976e+00
133 -1.68265  -8.1829e+00 |134  0.25724   8.5665e+00 |135 -0.66937   4.6241e+00
136  0.58541   5.6475e+00 |137 -1.29182  -4.1227e+00 |138  0.69644   4.2760e+00
139 -0.45948   6.9936e+00 |140  0.10187   9.1977e+00 |141 -0.43195   7.2532e+00
142  0.27846   8.4396e+00 |143 -1.07009  -1.0236e+00 |144 -2.20943  -8.8171e+00
145 -0.11917   9.1540e+00 |146  0.93205   9.9252e-01 |147 -0.35773   7.8842e+00
148 -1.97051  -9.3068e+00 |149  0.03231   9.3048e+00 |150 -0.15716   9.0343e+00
151 -0.96667   4.8752e-01 |152 -0.44161   7.1637e+00 |153  0.29108   8.3597e+00
154  0.77239   3.2605e+00 |155 -0.53799   6.1834e+00 |156  0.25721   8.5666e+00
157 -0.11813   9.1568e+00 |158 -1.83674  -9.0121e+00 |159 -0.46926   6.8983e+00
160  1.56777  -7.2507e+00 |161  0.94526   8.0016e-01 |162  0.92358   1.1158e+00
163  0.07770   9.2475e+00 |164  0.55932   5.9464e+00 |165  1.19929  -2.8691e+00
166  2.81147  -2.7189e+00 |167 -0.90251   1.4212e+00 |168 -0.01207   9.3151e+00
169  0.01675  -4.1868e+02 |170  0.02064  -2.0794e+01 |171  0.01488  -6.7366e+00
172  0.03834   1.4644e+01 |173  0.08014   1.7930e+01 |174  0.03997  -2.6088e+00
175  0.03792  -1.0683e+01 |176  0.01868   5.1460e+00 |177  0.04049   4.7021e+00
178  0.10110  -8.5585e+00 |179  0.12354   7.9946e+00 |180  0.11140  -2.2063e+01
181  0.05852  -1.2865e+01 |182 -0.01908   6.0557e+00 |183 -0.03425   4.1737e+00
184 -0.01193   8.3670e+00 |185  0.00049   1.2299e+01 |186 -0.01958  -1.0379e+01
187 -0.03511   2.1901e+00 |188 -0.01469   4.2225e+00 |189  0.03408   2.6786e+00
190  0.04088   7.4572e+00 |191  0.02821  -1.1856e+01 |192  0.03270   2.6571e+00
193 -0.02600  -3.3158e+01 |194 -0.06353   6.7960e+00 |195  0.00400   1.0562e+01
196  0.05757   2.6425e+01 |197  0.01136   1.8422e+00 |198 -0.00259  -3.5724e+00
199  0.00658   1.4552e+01 |200  0.00887   7.9918e+00 |201  0.01409   7.8266e+00
202  0.10842   2.0805e+01 |203  0.10451  -1.9246e+01 |204  0.09676   1.9682e+01
205 -0.04920   1.7470e+00 |206 -0.28821   4.7009e+00 |207 -0.15527   8.1574e+00
208 -0.06355   8.3909e+00 |209 -0.03160   3.1941e+00 |210  0.08188   1.3268e+01
211 -0.58857   4.5513e+00 |212 -0.06122   1.9992e+02 |213  0.03112   6.6338e+01
214 -0.01411  -8.7037e-09 |215 -0.68092  -8.9958e+00 |216 -0.87670   6.2327e+00
217  0.01060  -1.3100e+00 |218 -0.11707  -1.6935e+00 |219 -0.22518   2.4830e+00
220 -0.03764   2.7382e+00 |221  0.03446  -5.8565e-01 |222  0.00749   3.0071e+00
223  0.01596  -2.4675e+00 |224 -0.01199  -8.4168e-02 |225 -0.01518   4.1688e+00
226  0.11252   7.2791e+00 |227  0.08816   4.7309e+00 |228  0.19580  -2.0742e+00
229  0.11776   2.6327e+00 |230  0.10231  -3.0342e+00 |231  0.06333   2.2280e+00
232  0.06400  -3.6786e+00 |233  0.07128   4.8011e+00 |234  0.12904   2.2355e+00
235 -0.10649   5.1475e-01 |236 -0.11316   8.8330e-02 |237  0.01620   3.4936e+00
238  0.03898   5.9304e+00 |239 -0.09297  -5.5397e-01 |240 -0.12641  -6.9290e-01
241 -0.07692   2.0144e-01 |242 -0.01172  -3.7582e+00 |243  0.06297   3.9158e+00
244  0.01557  -9.2168e-01 |245 -0.07890  -1.3643e+00 |246 -0.21229  -1.5636e+00
247 -0.08461   1.8565e-01 |248 -0.00704  -3.0617e+00 |249  0.04585   6.3511e-01
250  0.08831   4.0174e+00 |251  0.04442   7.9698e+00 |252 -0.06764  -2.5920e+00
253 -0.07781   6.4208e+00 |254 -0.00171   7.3408e+00 |255  0.14931   6.3284e+00
256  0.18474   5.9068e-01 |257 -0.18629   2.9782e-02 |258  0.10081   5.4888e+01
259 -0.70949  -1.1428e+01 |260 -1.13401  -4.7924e+01 |261 -0.97097   7.4998e+01
262 -0.73086  -6.1559e-01 |263  0.31944   1.8761e+01 |264  0.39277   1.7453e+01
265 -0.37431   1.7805e+01 |266  0.21344   2.0207e+01 |267 -0.23731   1.9929e+01
268  0.20986   2.0246e+01 |269  0.57271   1.3308e+01 |270 -0.31140   1.8889e+01
271  0.28718   1.9258e+01 |272 -0.11989   2.1020e+01 |273 -0.63455   1.1620e+01
274 -0.29318   1.9169e+01 |275 -0.51461   1.4780e+01 |276 -0.01991   2.1388e+01
277  0.54640   1.3989e+01 |278  0.07621   2.1245e+01 |279 -0.04539   2.1344e+01
280 -0.18706   2.0481e+01 |281  0.02959   2.1375e+01 |282  0.02488   2.1382e+01
283  0.31332   1.8859e+01 |284 -0.24602   1.9820e+01 |285 -0.11602   2.1044e+01
286 -0.20843   2.0262e+01 |287 -0.24491   1.9834e+01 |288  0.02642   2.1380e+01
289  0.42421   1.6821e+01 |290 -0.50010   1.5129e+01 |291 -0.20258   2.0324e+01
292  0.30054   1.9058e+01 |293 -0.21933   2.0141e+01 |294  0.22455   2.0081e+01
295  0.33623   1.8483e+01 |296 -0.40386   1.7235e+01 |297 -0.39855   1.7340e+01
298  0.35924   1.8081e+01 |299  0.31244   1.8873e+01 |300  0.48277   1.5535e+01
301 -0.27844   1.9384e+01 |302  0.10741   2.1094e+01 |303  0.47372  -9.5660e+01
304  0.12332   1.5803e+01 |305 -0.91285  -2.3432e+00 |306  0.24156   1.2416e+01
307 -0.87535   1.7605e+02 |308 -0.50968   7.2144e+01 |
22.9644 10.6717 70.2999 50.939 
15.4106 15.4106 128.875 123.373 
8.58764 23.5919 0 1.78076 9.96035 
0 3.32022 0 0 0.436932 25.0283 0 
23.1409 10.5801 70.357 50.3268 
15.0914 15.0914 128.625 123.568 
8.36051 24.0471 0 1.94774 10.2781 
0 3.22375 0 0 0.442091 24.635 0 
23.0919 10.5434 70.4898 49.9421 
14.9556 14.9556 128.753 123.388 
8.13185 23.966 0 2.02748 10.4915 
0 3.21677 0 0 0.44015 24.4263 0 
23.1111 10.4762 70.3947 49.3742 
14.9544 14.9544 128.544 123.533 
7.80224 23.7461 0 2.20846 10.8703 
0 3.15717 0 0 0.441352 24.0462 0 
23.2809 10.2697 70.3458 49.5076 
14.4759 14.4759 129.84 122.718 
7.34978 23.7982 0 2.55065 11.2674 
0 3.12546 0 0 0.439824 23.0368 0 
23.1395 10.4152 70.3587 49.2588 
14.8854 14.8854 128.691 123.279 
7.65531 23.6778 0 2.29604 10.974 
0 3.14104 0 0 0.440829 23.778 0 
23.1478 10.4339 70.2498 49.2171 
14.8159 14.8159 128.792 123.09 
7.52324 23.6275 0 2.37409 11.0497 
0 3.12025 0 0 0.440056 23.5802 0 
23.1959 10.5789 69.9132 49.263 
14.9647 14.9647 129.063 122.71 
7.30427 23.2805 0 2.50743 11.1036 
0 3.09075 0 0 0.439078 23.2768 0 
23.174 10.5212 70.0288 49.2307 
14.9182 14.9182 128.942 122.847 
7.37793 23.3955 0 2.4583 11.0839 
0 3.09915 0 0 0.439398 23.3872 0 
23.2555 10.8856 69.5029 49.203 
15.5521 15.5521 128.775 122.678 
7.19432 22.627 0 2.53181 11.0092 
0 3.06998 0 0 0.440721 23.3223 0 
23.4421 10.7309 69.2068 49.5005 
15.8032 15.8032 129.807 121.238 
7.00495 22.3433 0 2.75799 10.8636 
0 3.07123 0 0 0.440902 22.6374 0 
23.5788 10.6192 69.1502 49.6587 
15.8188 15.8188 130.455 120.293 
6.93892 22.4758 0 2.88596 10.7211 
0 3.07547 0 0 0.439419 22.2718 0 
308 variables; iteration 330; function evaluation 382; phase 1
Function value   4.9631876e+02; maximum gradient component mag   1.7407e+02
Var   Value    Gradient   |Var   Value    Gradient   |Var   Value    Gradient
  1  0.13597  -3.4094e+00 |  2  0.20179  -9.7673e+00 |  3  0.19012  -1.8291e+01
  4  0.21253   4.0342e-01 |  5  0.20267  -9.0405e+00 |  6  0.20151  -1.2634e+00
  7  0.18759   3.8161e-01 |  8  0.17919  -9.2141e+00 |  9  0.17988  -2.7523e+00
 10  0.15435  -3.2037e-01 | 11 -2.13341  -3.7652e+00 | 12  0.14014   1.2124e+01
 13  0.10369  -6.5402e+00 | 14 -2.07564  -1.0103e+01 | 15 -1.98551   3.3289e-01
 16  0.02118   1.9165e+01 | 17 -0.02188   7.2030e+00 | 18 -0.17653   1.4544e-01
 19 -0.12267  -8.8817e-01 | 20 -0.21682   1.5411e-01 | 21 -0.17183  -1.5789e-01
 22 -2.10519   1.2076e+00 | 23 -0.16762  -1.5387e-04 | 24 -0.00463  -6.4913e-01
 25  0.08559  -7.7483e-02 | 26  0.13086  -1.8222e+00 | 27  0.16108   5.2552e+00
 28  0.16067   5.8835e-01 | 29  0.15538  -1.7367e+00 | 30  0.15592  -2.7448e+00
 31  0.16174   6.3301e-01 | 32  0.15499   2.3541e+00 | 33  0.13547   3.0655e+00
 34  0.11182  -4.7090e+00 | 35  0.12550   8.7695e+00 | 36  0.12260  -4.4922e+00
 37  0.08900   1.2308e+01 | 38  0.05106   1.5719e+00 | 39  0.01454   1.1263e-01
 40 -0.07555  -4.7119e+00 | 41 -0.06557   2.6237e+00 | 42 -0.90241  -2.8670e-02
 43  0.05142   1.1633e+01 | 44  0.02576   1.5156e+01 | 45  0.03133   1.9407e+01
 46 -0.12152   8.8526e+00 | 47 -0.12244   1.0513e+01 | 48 -0.07842   1.0978e+01
 49 -0.05346   8.3703e+00 | 50 -0.06455   2.3673e+00 | 51  0.00919   3.2614e+00
 52  0.04925   1.9504e+00 | 53  0.00947   2.1804e+00 | 54  0.04045   2.0481e+00
 55  0.06539   5.7241e+00 | 56  0.09061   6.3864e+00 | 57  0.07143   1.2578e+00
 58  0.11753   3.8955e+00 | 59  0.07916   8.1384e+00 | 60 -0.03187   1.1998e+01
 61 -0.06445   5.3678e+00 | 62  0.09300   1.1655e+01 | 63 -0.02314   4.9947e+00
 64  0.01315   1.0705e+01 | 65 -0.00970   1.0277e+01 | 66  0.02179   1.4977e+01
 67  0.02894   2.0116e+01 | 68  0.06456   1.9745e+01 | 69 -0.04520   6.8910e+00
 70 -0.06028   3.7870e+00 | 71  0.07238   3.6521e+00 | 72  0.04821   2.0067e+00
 73 -0.00178   1.5144e+00 | 74  0.00512   2.7505e+00 | 75  0.09262   3.5740e+00
 76 -0.01114   5.4301e-01 | 77  0.04988   9.4346e+00 | 78 -0.22369  -7.8096e+00
 79  0.33346   4.1382e-01 | 80 -0.26147  -1.2662e+01 | 81 -1.74013  -1.8135e+00
 82 -0.06313   4.8172e+00 | 83  0.01638   5.9175e+00 | 84 -2.02596  -2.9299e+00
 85  0.04933   2.1876e-01 | 86  0.09595  -1.1128e+00 | 87  0.19532   1.0907e+00
 88 -0.10336   1.2395e+00 | 89 -0.20337   1.5090e+00 | 90 -0.14039   1.6360e+00
 91 -0.04037   1.5994e+00 | 92 -0.00702   2.5715e+00 | 93  0.02960   3.9189e-01
 94  0.15460  -4.1128e+00 | 95  0.01801  -2.5554e+00 | 96 -0.00011  -2.9777e+00
 97  0.02574  -1.1939e+00 | 98  0.09916   6.1006e-02 | 99  0.07763   1.0297e+00
100  0.10438   4.1050e+00 |101  0.11936   1.7654e+00 |102 -0.08161   6.3321e-01
103 -0.09422   1.9333e+00 |104  0.07563   5.2741e+00 |105  0.06149   4.5785e+00
106 -0.03486   3.5443e-01 |107 -0.05131   1.2698e+00 |108 -1.96272   3.8490e+00
109  0.11041   3.4179e+00 |110  0.09431   7.4319e+00 |111 -0.00053   2.8352e+00
112 -0.10268   1.6821e+00 |113 -0.11053   1.3471e+00 |114 -1.91193   4.2701e+00
115  0.05421  -7.4264e+00 |116  0.04479   1.4213e+00 |117  0.06233  -3.5282e+00
118  0.09123   3.5895e-01 |119 -0.00836   4.8766e-01 |120 -0.04971   1.3360e+00
121  0.06314   2.2336e+00 |122  1.79895   7.6934e-01 |123 -0.86749   1.4586e+00
124  0.11293   2.6064e-01 |125  0.06207   2.0707e+00 |126  2.22352   2.3449e+00
127 -0.13136  -2.7069e+00 |128  0.88354  -5.0309e-01 |129  1.00155   6.5906e-03
130 -0.68017  -1.3317e+00 |131  3.09878  -4.2740e-01 |132 -0.38371  -2.2783e+00
133 -1.91352   2.7401e+00 |134  0.05820  -2.7540e+00 |135 -0.10341  -2.7292e+00
136  0.97981  -8.7694e-02 |137 -1.20275   8.6598e-01 |138  0.82692  -7.4266e-01
139 -0.74893  -1.0627e+00 |140  0.10756  -2.7262e+00 |141 -0.49938  -1.9575e+00
142  0.84533  -6.6534e-01 |143 -1.18312   7.8458e-01 |144 -2.67731   1.3425e+00
145  0.10767  -2.7261e+00 |146  1.14561   6.2707e-01 |147 -0.76956  -9.7934e-01
148 -2.24352   2.5657e+00 |149 -0.07583  -2.7460e+00 |150 -0.10192  -2.7302e+00
151 -0.62432  -1.5389e+00 |152 -0.72392  -1.1621e+00 |153  0.22929  -2.5881e+00
154  0.31137  -2.4413e+00 |155 -0.57291  -1.7193e+00 |156  0.29354  -2.4768e+00
157 -0.30153  -2.4611e+00 |158 -1.71510   2.4932e+00 |159 -0.73238  -1.1287e+00
160  1.16979   7.2887e-01 |161  1.15227   6.5519e-01 |162  0.55366  -1.7840e+00
163  0.41885  -2.1883e+00 |164  1.00537   2.3302e-02 |165  1.38997   1.5901e+00
166  3.03338  -1.4495e-01 |167 -0.65207  -1.4373e+00 |168 -0.07103  -2.7484e+00
169  0.01490   1.0183e+00 |170  0.02183   3.6340e+00 |171  0.01678   4.8426e+00
172  0.03191  -1.2206e+01 |173  0.07859  -3.6882e+00 |174  0.03333  -8.6294e+00
175  0.03675   8.9378e+00 |176  0.01289   9.8118e+00 |177  0.03695   5.8259e+00
178  0.10334   1.1273e+01 |179  0.11866  -8.6857e+00 |180  0.11288   1.7257e+01
181  0.05336  -6.7810e+00 |182 -0.01874   1.7108e+00 |183 -0.03151   1.3034e+00
184 -0.00977  -1.8641e+00 |185 -0.00589  -9.3210e+00 |186 -0.01424   6.8164e+00
187 -0.04188  -9.0714e+00 |188 -0.02257  -9.4962e+00 |189  0.02960  -3.1169e+00
190  0.03663  -4.9433e+00 |191  0.02720  -1.5087e+01 |192  0.03241   8.0165e+00
193 -0.02670  -4.0314e+01 |194 -0.06261  -1.1357e+00 |195  0.00216   1.5710e+00
196  0.04901  -9.8319e+00 |197  0.01486   1.1051e+01 |198 -0.00041   5.5857e+00
199  0.01109   1.6198e+01 |200  0.01149  -2.1047e+00 |201  0.01992  -3.2827e+00
202  0.10954  -4.0117e+00 |203  0.10263  -1.0191e+01 |204  0.08978   2.5339e+01
205 -0.06378  -1.4094e+00 |206 -0.19982  -2.3885e+00 |207 -0.16634   1.2865e+00
208 -0.06788   6.6683e-02 |209 -0.03264   4.8951e+00 |210  0.07393  -2.7465e+00
211 -0.58304  -3.7622e-01 |212 -0.07021   9.4113e+00 |213  0.03410   1.5995e-01
214 -0.01411  -8.7035e-09 |215 -0.67635   1.4899e+00 |216 -0.87708   1.4708e-01
217 -0.00198   3.2882e+01 |218 -0.14223   8.8153e+00 |219 -0.23338   3.6009e+00
220 -0.05412   6.5424e-01 |221  0.03170   4.8114e+00 |222  0.00057  -5.6989e-01
223  0.01621  -2.4681e+00 |224 -0.01744  -3.1544e-02 |225 -0.02462  -2.4072e+00
226  0.09440  -3.8373e+00 |227  0.06818  -2.6482e+00 |228  0.20323   1.2772e+00
229  0.11620   3.7219e+00 |230  0.11411   5.3784e+00 |231  0.05805   3.4266e-01
232  0.07025   4.2913e+00 |233  0.06972  -8.6870e-01 |234  0.13441   2.3519e-01
235 -0.10705   3.0724e+00 |236 -0.11976  -3.0718e-01 |237  0.01241  -5.5916e-01
238  0.04020  -2.0684e+00 |239 -0.08873   2.7300e+00 |240 -0.12838   1.2135e+00
241 -0.07481   8.2999e-01 |242 -0.00170   6.6861e-01 |243  0.06100  -4.6814e-01
244  0.02060  -3.3377e-01 |245 -0.06777   2.3009e+00 |246 -0.19805  -1.0439e+00
247 -0.07259  -2.8559e+00 |248  0.00713   3.1859e+00 |249  0.03450   2.3358e+00
250  0.05631  -3.1656e+00 |251  0.03651  -1.8204e+00 |252 -0.03414   6.3321e+00
253 -0.05914   4.8238e+00 |254  0.01752   2.7230e+00 |255  0.14754   3.8312e+00
256  0.19054   7.5947e+00 |257 -0.17962   3.0909e+00 |258  0.09996  -4.8314e+01
259 -0.67320  -1.3291e+01 |260 -1.13472  -7.7229e+01 |261 -0.97044   5.8238e+01
262 -0.67537   1.0749e+01 |263  0.28469  -8.8720e+01 |264  0.40570  -7.9083e+01
265 -0.41448  -7.8268e+01 |266  0.20788  -9.3197e+01 |267 -0.17584  -9.4666e+01
268  0.11004  -9.6929e+01 |269  0.65453  -5.0814e+01 |270 -0.34998  -8.3897e+01
271  0.21322  -9.2928e+01 |272 -0.05511  -9.8027e+01 |273 -0.63539  -5.3323e+01
274 -0.26378  -9.0069e+01 |275 -0.49594  -7.0018e+01 |276  0.05574  -9.8019e+01
277  0.57418  -6.1016e+01 |278  0.12577  -9.6482e+01 |279 -0.05765  -9.7992e+01
280 -0.24162  -9.1393e+01 |281  0.10803  -9.6982e+01 |282  0.19957  -9.3600e+01
283  0.26695  -8.9871e+01 |284 -0.20118  -9.3523e+01 |285 -0.09616  -9.7275e+01
286 -0.23515  -9.1759e+01 |287 -0.39972  -7.9629e+01 |288 -0.01117  -9.8380e+01
289  0.49885  -6.9702e+01 |290 -0.56070  -6.2637e+01 |291 -0.13037  -9.6340e+01
292  0.25413  -9.0660e+01 |293 -0.19270  -9.3922e+01 |294  0.18490  -9.4275e+01
295  0.28410  -8.8760e+01 |296 -0.38607  -8.0850e+01 |297 -0.41677  -7.8052e+01
298  0.33997  -8.4696e+01 |299  0.30789  -8.7111e+01 |300  0.48185  -7.1531e+01
301 -0.24294  -9.1318e+01 |302  0.00718  -9.8389e+01 |303  0.47515  -1.1207e+02
304  0.11480   1.2198e+01 |305 -0.90858   5.7658e+01 |306  0.24172  -3.5727e+00
307 -0.87346   1.7407e+02 |308 -0.52047   4.1970e+01 |
23.8593 10.815 69.291 49.4371 
15.9997 15.9997 130.417 119.659 
6.77491 22.4648 0 2.90038 10.373 
0 3.02272 0 0 0.435037 22.0162 0 
23.7531 11.2854 68.9776 49.2642 
16.3208 16.3208 129.091 120.671 
6.73805 21.8481 0 2.94757 10.2931 
0 3.01378 0 0 0.435135 22.0282 0 
23.6603 11.5799 68.71 49.2448 
16.4605 16.4605 128.361 121.312 
6.73548 21.4837 0 2.98816 10.2813 
0 3.02384 0 0 0.435277 22.0193 0 
23.6799 11.3943 68.4209 49.5479 
16.1269 16.1269 128.669 120.766 
6.71568 21.6816 0 3.10201 10.1969 
0 3.00268 0 0 0.428997 21.6585 0 
23.6629 11.5349 68.6326 49.3142 
16.3828 16.3828 128.428 121.182 
6.72788 21.5248 0 3.01556 10.2608 
0 3.01736 0 0 0.433694 21.9308 0 
23.6857 11.3948 68.5558 49.426 
16.2646 16.2646 128.672 120.881 
6.71973 21.6381 0 3.05092 10.242 
0 3.00771 0 0 0.43188 21.7987 0 
23.7101 11.1527 68.4767 49.6362 
16.0579 16.0579 128.989 120.431 
6.70278 21.8556 0 3.12167 10.1767 
0 2.98566 0 0 0.428771 21.5364 0 
23.68 10.7999 68.4058 50.0295 
15.6528 15.6528 129.623 119.535 
6.66174 22.2784 0 3.26559 9.99447 
0 2.97106 0 0 0.422368 20.9888 0 
23.6274 10.4952 68.4764 50.5086 
15.2215 15.2215 130.059 118.925 
6.64945 22.7968 0 3.42107 9.73428 
0 2.97903 0 0 0.417029 20.4454 0 
23.8466 10.0599 68.4931 50.5662 
15.126 15.126 130.781 117.983 
6.63462 23.1814 0 3.59781 9.4609 
0 2.99461 0 0 0.416838 19.8814 0 
23.7109 10.3203 68.4757 50.5234 
15.1859 15.1859 130.314 118.549 
6.64052 22.9378 0 3.49145 9.62412 
0 2.98039 0 0 0.41688 20.2151 0 
23.7311 10.2077 68.5041 50.498 
15.2386 15.2386 130.579 118.185 
6.59797 22.9318 0 3.52338 9.51429 
0 2.98896 0 0 0.415904 20.0425 0 
308 variables; iteration 340; function evaluation 394; phase 1
Function value   4.9144204e+02; maximum gradient component mag   9.2058e+01
Var   Value    Gradient   |Var   Value    Gradient   |Var   Value    Gradient
  1  0.14232  -2.7235e+00 |  2  0.19657  -5.3856e+00 |  3  0.19463  -9.5680e+00
  4  0.20723  -4.3298e+00 |  5  0.20302  -4.9399e+00 |  6  0.19844  -5.7294e+00
  7  0.18552  -4.8074e-01 |  8  0.18195   2.3904e+00 |  9  0.17991   4.2287e+00
 10  0.15486   1.5824e+00 | 11 -2.12854   1.6179e+00 | 12  0.13024  -5.6592e+00
 13  0.10936   1.1313e-02 | 14 -2.06321   1.6996e+00 | 15 -1.98956   2.4764e-01
 16 -0.03022   4.5564e+00 | 17 -0.04876   3.4750e+00 | 18 -0.18981   9.7767e-02
 19 -0.13974   4.9548e-01 | 20 -0.28812   4.2823e-03 | 21 -0.17866  -3.1366e-01
 22 -2.10097   8.3173e-01 | 23 -0.17217   1.2230e-04 | 24  0.01393   4.3056e-02
 25  0.07772  -1.5128e+00 | 26  0.12962   9.0077e-01 | 27  0.15423  -1.6136e+00
 28  0.15784   9.2467e-01 | 29  0.15280   4.9971e-01 | 30  0.15514   1.2711e+00
 31  0.15850  -4.2283e-01 | 32  0.14998  -1.3970e+00 | 33  0.13129  -1.8900e-01
 34  0.11440   2.1202e+00 | 35  0.12156  -4.1731e+00 | 36  0.12364   7.9551e+00
 37  0.09395   7.5711e+00 | 38  0.05538   4.4111e-01 | 39  0.01626   1.6058e+00
 40 -0.02944   1.3021e+00 | 41 -0.09404  -5.3756e-01 | 42 -0.88186  -3.4643e-02
 43  0.06184   9.8728e+00 | 44 -0.00472   8.0363e+00 | 45  0.02488   1.4468e+01
 46 -0.12093   4.7023e+00 | 47 -0.14307   3.5367e+00 | 48 -0.09361   4.2129e+00
 49 -0.05953   3.1485e+00 | 50 -0.05330  -3.4537e-01 | 51 -0.02049  -8.5875e-01
 52  0.04414   3.0879e-01 | 53  0.00937   5.9586e-01 | 54  0.04162   1.0044e+00
 55  0.06014   2.4657e+00 | 56  0.05662   1.1046e+00 | 57  0.09167  -2.8110e-01
 58  0.12299   8.5152e-01 | 59  0.07196   3.6856e+00 | 60 -0.09499   1.8293e+00
 61 -0.02834   5.7425e+00 | 62  0.08619   9.5781e+00 | 63  0.01273   6.7846e+00
 64 -0.01573   5.2193e+00 | 65 -0.00190   7.3055e+00 | 66  0.03075   1.1146e+01
 67  0.01275   1.1766e+01 | 68  0.06061   1.4903e+01 | 69 -0.02911   5.2938e+00
 70 -0.04835   1.7816e+00 | 71  0.05997   1.8025e+00 | 72  0.05140   1.8425e+00
 73 -0.01121   1.4735e-01 | 74  0.02084   3.3608e+00 | 75  0.09073   4.4369e+00
 76  0.03821   1.5838e+00 | 77  0.03427   5.1358e+00 | 78 -0.17247  -9.1015e+00
 79  0.31982  -1.4929e+01 | 80 -0.27550  -1.6145e+01 | 81 -1.84494   1.4671e+00
 82 -0.04988   2.5223e+00 | 83  0.01013   2.6014e+00 | 84 -1.97128   2.7259e+00
 85  0.01535   3.0709e+00 | 86  0.10640   3.9612e+00 | 87  0.20372   7.2340e+00
 88 -0.09056   4.9889e+00 | 89 -0.19766   4.2363e+00 | 90 -0.13707   3.8972e+00
 91 -0.02380   4.3237e+00 | 92 -0.01782   2.9611e+00 | 93  0.02702   1.7870e+00
 94  0.16574   2.1313e+00 | 95  0.02659   3.3904e+00 | 96  0.01291   3.3116e+00
 97  0.02523   3.2939e+00 | 98  0.09766   3.7840e+00 | 99  0.08644   5.3268e+00
100  0.11311   8.6471e+00 |101  0.11824   5.6034e+00 |102 -0.05136   4.0550e+00
103 -0.09644   2.3055e+00 |104  0.05087   1.8025e+00 |105  0.05122   4.2398e+00
106 -0.02218   4.5621e+00 |107 -0.04238   4.8187e+00 |108 -2.01222  -1.4897e+00
109  0.10731   4.2616e+00 |110  0.09692   6.3854e+00 |111 -0.02910   2.5254e+00
112 -0.11733   3.9960e+00 |113 -0.12342   3.8076e+00 |114 -1.93225  -4.8882e-01
115  0.09669   1.3470e+00 |116  0.01792   3.3228e+00 |117  0.09947   2.6572e+00
118  0.06858   5.5524e+00 |119 -0.05330   4.7999e+00 |120 -0.08531   4.4080e+00
121  0.06875   8.2163e+00 |122  1.79114  -5.9487e+00 |123 -0.87255   1.9794e+00
124  0.13072   3.6791e+00 |125  0.04025   3.8012e+00 |126  2.25921   7.4240e-01
127 -0.32388   3.5512e-01 |128  0.88292   7.4359e-02 |129  0.97135   1.8299e-02
130 -0.66141   2.0621e-01 |131  2.81425  -1.1696e-01 |132 -0.12046   3.9935e-01
133 -1.89657  -4.0126e-01 |134 -0.07388   4.0388e-01 |135  0.14730   3.9578e-01
136  0.94044   3.7987e-02 |137 -1.39420  -2.3599e-01 |138  0.96285   2.3721e-02
139 -0.84491   9.8080e-02 |140  0.05289   4.0521e-01 |141 -0.24722   3.7634e-01
142  0.32053   3.5615e-01 |143 -1.36664  -2.2144e-01 |144 -2.77940  -1.3809e-01
145  0.16300   3.9336e-01 |146  1.24348  -1.5175e-01 |147 -0.47202   2.9987e-01
148 -2.04930  -4.0539e-01 |149 -0.15668   3.9436e-01 |150 -0.23430   3.7938e-01
151 -0.47641   2.9797e-01 |152 -0.94003   3.8243e-02 |153  0.13645   3.9731e-01
154  0.10032   4.0157e-01 |155 -0.48732   2.9319e-01 |156  0.27085   3.7036e-01
157  0.00879   4.0657e-01 |158 -1.62292  -3.3734e-01 |159 -0.49569   2.8946e-01
160  1.45713  -2.6752e-01 |161  1.19838  -1.2467e-01 |162  0.39406   3.3117e-01
163  0.52179   2.7751e-01 |164  0.92178   4.9837e-02 |165  1.31846  -1.9503e-01
166  3.04958   3.1631e-02 |167 -0.61942   2.2885e-01 |168 -0.09211   4.0236e-01
169  0.01261  -7.5945e+01 |170  0.01929  -1.1424e+00 |171  0.01391  -2.1624e+00
172  0.03497  -7.6928e-01 |173  0.07747  -1.3310e-01 |174  0.03856   6.9409e+00
175  0.03658   3.9265e+00 |176  0.01175   6.7965e-01 |177  0.03610   1.6328e-01
178  0.10128   3.9607e+00 |179  0.12071  -4.0455e+00 |180  0.10751  -1.2197e+01
181  0.05687   4.8452e+00 |182 -0.02660  -1.1776e+00 |183 -0.03034  -8.8554e-01
184 -0.01081  -3.0488e+00 |185 -0.00325  -4.7925e+00 |186 -0.01718  -7.9083e+00
187 -0.03643  -2.8101e+00 |188 -0.01719  -2.4657e+00 |189  0.03120  -7.6937e+00
190  0.03689  -2.5946e+00 |191  0.03370   1.7024e+00 |192  0.03019  -4.6299e-01
193 -0.01158  -1.5010e+01 |194 -0.07229  -4.2722e+00 |195  0.00342  -8.0475e+00
196  0.05399   3.2182e+00 |197  0.01179  -2.0443e+00 |198  0.00226  -2.6072e+00
199  0.01089  -7.0538e-02 |200  0.01397  -3.9980e+00 |201  0.01961  -5.0591e+00
202  0.11053  -4.5259e+00 |203  0.10111  -5.7119e+00 |204  0.08262   1.5896e+01
205 -0.06818   1.7986e+00 |206 -0.16624   1.4140e+00 |207 -0.18079  -3.3098e+00
208 -0.06633  -3.4284e+00 |209 -0.03869  -3.7498e+00 |210  0.06900  -7.1251e+00
211 -0.61244  -5.5948e-01 |212 -0.07425  -4.5908e+00 |213  0.03028   1.8618e+00
214 -0.01411  -8.7034e-09 |215 -0.67315  -3.9507e+00 |216 -0.87413  -8.5758e+00
217 -0.00795   3.1297e+01 |218 -0.15230   2.2718e+00 |219 -0.23264   1.9640e-01
220 -0.05115  -1.2326e+00 |221  0.02948  -2.3751e+00 |222  0.00184  -3.5120e+00
223  0.02047  -2.4612e+00 |224 -0.01020  -9.6127e-01 |225 -0.01835  -2.3318e+00
226  0.10574   1.4287e+00 |227  0.08082   1.6028e+00 |228  0.19891  -2.2628e+00
229  0.11455  -1.0096e+00 |230  0.10785  -2.8532e+00 |231  0.06044   7.0600e-01
232  0.05808  -3.8947e+00 |233  0.07642   1.4315e-01 |234  0.13334  -3.9090e+00
235 -0.10858  -3.9967e+00 |236 -0.11309  -2.4198e+00 |237  0.01456   9.3079e-01
238  0.03286  -3.8450e-01 |239 -0.09643  -2.1939e+00 |240 -0.12781  -1.0456e+00
241 -0.06635  -2.8865e+00 |242  0.00529  -3.3360e+00 |243  0.06703  -9.0490e-01
244  0.01755   3.6788e-01 |245 -0.08145  -2.9163e+00 |246 -0.20459  -5.2457e+00
247 -0.07478  -1.3467e+00 |248  0.01093  -2.8934e+00 |249  0.03536  -1.8208e+00
250  0.07219   2.3980e-01 |251  0.05043   1.3506e-01 |252 -0.04351  -8.3562e-01
253 -0.07137  -2.1972e+00 |254  0.01292  -2.6536e+00 |255  0.14564  -5.5068e-01
256  0.17385  -2.7026e+00 |257 -0.18136   1.9223e-01 |258  0.09859  -7.2400e+01
259 -0.63134  -1.4955e+01 |260 -1.13244   5.1512e+00 |261 -0.97020   1.7389e+01
262 -0.65117   1.5013e+01 |263  0.30562  -5.4260e+01 |264  0.50136  -4.3165e+01
265 -0.52230  -4.1716e+01 |266  0.19067  -5.8451e+01 |267 -0.23748  -5.6968e+01
268  0.10661  -6.0319e+01 |269  0.69674  -2.8051e+01 |270 -0.37121  -5.1067e+01
271  0.19816  -5.8235e+01 |272 -0.05944  -6.0908e+01 |273 -0.59921  -3.6019e+01
274 -0.24851  -5.6573e+01 |275 -0.53427  -4.0867e+01 |276  0.08296  -6.0656e+01
277  0.54038  -4.0428e+01 |278  0.09453  -6.0502e+01 |279 -0.07704  -6.0727e+01
280 -0.23765  -5.6962e+01 |281  0.15004  -5.9484e+01 |282  0.28901  -5.4978e+01
283  0.35288  -5.2015e+01 |284 -0.15249  -5.9428e+01 |285 -0.05648  -6.0934e+01
286 -0.26387  -5.5995e+01 |287 -0.40143  -4.9410e+01 |288  0.02993  -6.1107e+01
289  0.50189  -4.3129e+01 |290 -0.58708  -3.6954e+01 |291 -0.12416  -6.0015e+01
292  0.27902  -5.5393e+01 |293 -0.25157  -5.6460e+01 |294  0.18507  -5.8608e+01
295  0.23708  -5.6981e+01 |296 -0.38352  -5.0406e+01 |297 -0.45169  -4.6412e+01
298  0.36867  -5.1201e+01 |299  0.29869  -5.4564e+01 |300  0.47848  -4.4695e+01
301 -0.27333  -5.5622e+01 |302 -0.05281  -6.0964e+01 |303  0.47666  -9.0591e+01
304  0.09823   7.4413e+00 |305 -0.90772   3.6151e+01 |306  0.25494   9.3913e+00
307 -0.87539   9.2058e+01 |308 -0.52321   2.3461e+01 |
23.5686 10.4055 68.6075 50.4306 
15.5624 15.5624 130.072 118.415 
6.50395 22.5884 0 3.5442 9.37555 
0 3.01774 0 0 0.416901 19.899 0 
23.3341 10.9176 68.7026 50.2199 
16.0854 16.0854 129.171 118.993 
6.45434 22.0067 0 3.59644 9.20227 
0 3.06712 0 0 0.41864 19.7809 0 
23.2871 11.0626 68.7302 50.1477 
16.2426 16.2426 128.911 119.171 
6.44101 21.8513 0 3.62574 9.14626 
0 3.08017 0 0 0.419551 19.7127 0 
23.2826 11.2023 68.7563 50.038 
16.3414 16.3414 128.542 119.415 
6.42265 21.7316 0 3.70434 9.02611 
0 3.10433 0 0 0.421613 19.5383 0 
23.2827 11.1524 68.7447 50.0775 
16.3067 16.3067 128.675 119.325 
6.42817 21.7716 0 3.67526 9.07031 
0 3.09461 0 0 0.42083 19.6024 0 
23.5872 10.8287 68.6354 50.064 
15.789 15.789 128.953 119.082 
6.41728 22.1606 0 3.80167 8.96185 
0 3.09833 0 0 0.424 19.3193 0 
23.9464 10.3389 68.4068 50.0414 
15.196 15.196 129.138 118.793 
6.36347 22.8112 0 3.93943 8.77312 
0 3.18567 0 0 0.433823 18.9315 0 
24.3865 9.73104 68.2492 50.0649 
14.4786 14.4786 129.58 118.307 
6.35526 23.6627 0 4.0834 8.59202 
0 3.32366 0 0 0.444096 18.5418 0 
24.1026 10.1189 68.3324 50.0442 
14.935 14.935 129.292 118.611 
6.35212 23.1066 0 3.99435 8.70344 
0 3.23271 0 0 0.43769 18.78 0 
24.1261 10.3224 68.1937 49.9555 
14.8805 14.8805 128.998 118.66 
6.34972 22.9887 0 4.0627 8.68093 
0 3.24891 0 0 0.440048 18.7181 0 
24.2031 10.3335 68.0646 49.8628 
14.8354 14.8354 128.154 118.875 
6.35363 23.046 0 4.16226 8.6451 
0 3.29426 0 0 0.442793 18.5979 0 
24.3226 10.3644 68.0017 49.774 
14.7721 14.7721 126.85 119.232 
6.41298 23.1228 0 4.30661 8.62648 
0 3.38457 0 0 0.446506 18.4125 0 
308 variables; iteration 350; function evaluation 406; phase 1
Function value   4.8681045e+02; maximum gradient component mag  -1.5485e+02
Var   Value    Gradient   |Var   Value    Gradient   |Var   Value    Gradient
  1  0.14495   7.5714e-01 |  2  0.18531  -3.1528e+00 |  3  0.19646   3.2338e+00
  4  0.20338   4.8467e+00 |  5  0.19987  -1.5627e-01 |  6  0.19553  -3.6185e+00
  7  0.18125  -4.8695e+00 |  8  0.17650  -3.7226e+00 |  9  0.17676  -1.1625e+00
 10  0.15177  -2.1133e+00 | 11 -2.12775  -1.0267e+00 | 12  0.13072   1.7189e+00
 13  0.10725  -2.3860e+00 | 14 -2.05735   5.5177e+00 | 15 -1.99345   4.1666e-01
 16 -0.13035  -4.8621e-01 | 17 -0.11077   5.3868e-01 | 18 -0.23183   4.6440e-03
 19 -0.19206   1.0147e-01 | 20 -0.39144  -5.0828e-03 | 21 -0.13021   7.2407e-01
 22 -2.09062   9.7089e-01 | 23 -0.18062  -6.8280e-04 | 24  0.02069   5.0007e-01
 25  0.08419   3.9620e-02 | 26  0.12604  -7.4654e-01 | 27  0.15430   1.7561e+00
 28  0.15656   1.5325e+00 | 29  0.15032  -4.5425e-02 | 30  0.15186  -1.2893e+00
 31  0.15655  -1.9007e+00 | 32  0.15008   2.3885e-01 | 33  0.13064  -4.4673e-01
 34  0.10967  -3.5628e+00 | 35  0.12011  -7.9105e+00 | 36  0.12142   4.6115e+00
 37  0.09508   8.6569e+00 | 38  0.06062   5.6187e+00 | 39  0.01761   2.0730e+00
 40 -0.02817   7.1364e-01 | 41 -0.09878  -9.1585e-01 | 42 -0.88377  -3.4087e-02
 43  0.04308   4.7527e+00 | 44 -0.02054   3.4307e+00 | 45  0.00433   8.4890e+00
 46 -0.12209   2.4217e+00 | 47 -0.14395   1.6905e+00 | 48 -0.13452  -1.0362e+00
 49 -0.09023  -6.0016e-01 | 50 -0.05714  -1.8417e+00 | 51 -0.02499  -2.5106e+00
 52  0.04369  -1.3112e+00 | 53  0.00940  -1.9646e+00 | 54  0.03868  -2.9093e+00
 55  0.03663  -2.8024e+00 | 56  0.04656  -3.3770e+00 | 57  0.12261  -2.7947e+00
 58  0.11511  -2.6980e+00 | 59  0.05057  -3.6801e-01 | 60 -0.05423   3.4084e+00
 61 -0.03861   1.4717e+00 | 62  0.06900   1.5325e+00 | 63 -0.02921  -1.7447e+00
 64 -0.02602   6.7501e-01 | 65  0.01855   6.7392e+00 | 66  0.03627   8.1677e+00
 67 -0.03898   2.2284e+00 | 68  0.02422   6.2461e+00 | 69 -0.04470   8.7095e-01
 70 -0.01872   2.3939e+00 | 71  0.06502   3.2175e-01 | 72  0.04070  -2.0176e+00
 73 -0.00921  -3.1120e+00 | 74  0.02191  -4.5425e-02 | 75  0.08860   1.8892e+00
 76  0.11190   9.2955e+00 | 77 -0.01870   1.8715e+00 | 78 -0.04682  -1.2734e+00
 79  0.31429   6.6591e+00 | 80 -0.29432  -1.6899e+01 | 81 -1.94899   2.8950e+00
 82 -0.04745   1.3747e+00 | 83  0.01821   1.6533e+00 | 84 -1.99458   3.1895e+00
 85  0.00052  -2.8067e+00 | 86  0.10738  -1.8294e+00 | 87  0.20437  -2.5544e+00
 88 -0.09032  -2.0230e+00 | 89 -0.21044  -3.2270e+00 | 90 -0.11915  -6.9434e-01
 91 -0.02286  -1.2712e+00 | 92 -0.01938  -2.4357e+00 | 93  0.04239  -1.8272e+00
 94  0.16876  -3.4203e+00 | 95  0.02868  -3.1311e+00 | 96 -0.00035  -3.6182e+00
 97  0.02663  -3.1363e+00 | 98  0.10844  -4.0865e+00 | 99  0.09194  -5.3271e+00
100  0.09006  -6.1550e+00 |101  0.12578  -5.0219e+00 |102 -0.08046  -4.1371e+00
103 -0.06251  -3.4807e-01 |104  0.07540  -1.0226e+00 |105  0.04845  -2.2260e+00
106 -0.01718  -2.5106e+00 |107 -0.03837  -3.5004e+00 |108 -2.05093   5.6690e+00
109  0.08244  -4.6749e+00 |110  0.08739  -1.9741e+00 |111  0.03253  -1.2768e+00
112 -0.09912  -2.1132e+00 |113 -0.11722  -1.6706e+00 |114 -1.94900   3.8634e+00
115  0.12580  -2.9121e-01 |116 -0.03352  -6.7861e+00 |117  0.12492  -3.3859e+00
118  0.01419  -4.5951e+00 |119 -0.12593  -4.5358e+00 |120 -0.12330  -2.6857e+00
121  0.01170  -9.7270e-01 |122  1.76537  -1.5071e+01 |123 -0.81839   9.8058e-01
124  0.12841  -9.9374e-02 |125  0.04285  -2.3703e+00 |126  2.23456   5.8795e+00
127 -0.35863  -1.2337e+00 |128  0.75949  -5.3825e-01 |129  1.08761   2.0017e-01
130 -0.78515  -4.8316e-01 |131  2.46907   1.0807e+00 |132  0.05862  -1.4530e+00
133 -1.82814   1.4063e+00 |134 -0.23856  -1.3579e+00 |135  0.67627  -7.1044e-01
136  1.20620   4.6439e-01 |137 -1.47721   9.9418e-01 |138  0.76473  -5.2705e-01
139 -0.38117  -1.2053e+00 |140  0.04627  -1.4553e+00 |141 -0.36602  -1.2246e+00
142  0.03677  -1.4567e+00 |143 -1.61251   1.1971e+00 |144 -2.72080   6.1963e-01
145  0.21343  -1.3779e+00 |146  1.16300   3.6953e-01 |147 -0.62778  -8.0536e-01
148 -2.15759   1.4147e+00 |149 -0.26725  -1.3325e+00 |150 -0.00611  -1.4591e+00
151 -0.25021  -1.3479e+00 |152 -0.93324  -1.5273e-01 |153  0.04113  -1.4561e+00
154  0.16287  -1.4117e+00 |155 -0.32989  -1.2676e+00 |156  0.39847  -1.1825e+00
157  0.15652  -1.4153e+00 |158 -1.39035   8.3968e-01 |159 -0.59911  -8.5932e-01
160  1.61708   1.2031e+00 |161  1.26537   5.9078e-01 |162 -0.14663  -1.4206e+00
163  0.29221  -1.3081e+00 |164  0.88726  -2.5706e-01 |165  1.41618   8.8740e-01
166  3.04370  -1.0010e-01 |167 -0.50070  -1.0307e+00 |168 -0.20697  -1.3827e+00
169  0.01001   9.7780e+00 |170  0.01520   4.8144e+00 |171  0.01496   1.2903e+01
172  0.03365   1.2070e+01 |173  0.08015   1.5813e+01 |174  0.03892   1.0300e+01
175  0.03394   5.0925e+00 |176  0.01641   1.6752e+01 |177  0.03332   1.1001e+01
178  0.10004   1.4248e+01 |179  0.11967   9.3788e+00 |180  0.11028   1.2751e+01
181  0.05772   1.3600e+01 |182 -0.02164   1.3611e+01 |183 -0.02708   1.5455e+01
184 -0.00750   1.5412e+01 |185 -0.00717   8.6626e+00 |186 -0.01322   1.6142e+01
187 -0.03887   1.0509e+01 |188 -0.02217   1.2494e+01 |189  0.03025   1.7789e+01
190  0.03618   7.5042e+00 |191  0.03440  -1.9862e+00 |192  0.02740   1.0545e+01
193 -0.00459   9.4251e+00 |194 -0.07409   1.1630e+01 |195  0.00630   1.4177e+01
196  0.05826   1.5222e+01 |197  0.01595   7.4291e+00 |198  0.00463   1.6728e+01
199  0.01545   2.1964e+01 |200  0.01634   1.1193e+01 |201  0.01860   1.1658e+01
202  0.11341  -2.0656e+01 |203  0.10406   3.0858e+00 |204  0.08646   1.6803e+01
205 -0.06952   8.0872e+00 |206 -0.18719   9.1862e+00 |207 -0.16902   1.1012e+01
208 -0.06996   9.2059e+00 |209 -0.03597   1.0569e+01 |210  0.06781   1.0767e+01
211 -0.64363   5.6887e+00 |212 -0.07874  -4.9931e+01 |213  0.02731  -8.2559e+00
214 -0.01411  -8.7032e-09 |215 -0.64795   9.0845e+00 |216 -0.83908  -3.3241e+00
217 -0.01436  -1.8787e+01 |218 -0.15241   1.8645e+00 |219 -0.23477  -7.1082e-01
220 -0.05212  -1.6687e+00 |221  0.03003  -2.0210e-01 |222  0.00207   5.6921e-01
223  0.01892  -1.0958e+00 |224 -0.01178  -1.9113e+00 |225 -0.01904   1.1408e-01
226  0.09645  -2.5726e+00 |227  0.07175  -2.6902e+00 |228  0.20867   5.3692e-01
229  0.11655  -4.0159e-01 |230  0.11082   4.6342e-01 |231  0.05842  -1.6215e+00
232  0.06941   2.5006e+00 |233  0.07266  -6.1947e-01 |234  0.13854   1.7588e+00
235 -0.10503   2.6097e+00 |236 -0.11178   1.3998e+00 |237  0.01576  -2.2573e+00
238  0.03805   3.2110e-01 |239 -0.09664  -6.9638e-02 |240 -0.12996   5.2284e-01
241 -0.05516   1.3172e+00 |242  0.01063   8.2117e-01 |243  0.05603   6.7085e-01
244  0.01542   1.4621e+00 |245 -0.07404   1.5664e+00 |246 -0.19798   1.1216e+00
247 -0.07486  -8.4922e-01 |248  0.02107  -2.6197e+00 |249  0.03769   1.2291e+00
250  0.07740   2.2730e+00 |251  0.04410  -7.5224e-01 |252 -0.06041   2.3446e-02
253 -0.08113   1.5767e+00 |254 -0.00475  -7.8532e-01 |255  0.14146  -4.3900e+00
256  0.18590   5.0266e-01 |257 -0.18026   2.8340e-01 |258  0.09726   3.8596e+01
259 -0.48159  -2.2920e+01 |260 -1.13274  -1.2384e+01 |261 -0.96787  -1.5485e+02
262 -0.63006  -1.4815e+00 |263  0.29608   2.4533e+01 |264  0.55929   1.7520e+01
265 -0.61709   1.5532e+01 |266  0.20683   2.6012e+01 |267 -0.24293   2.5474e+01
268  0.06516   2.7305e+01 |269  0.77261   9.5969e+00 |270 -0.38428   2.2598e+01
271  0.20543   2.6032e+01 |272 -0.05508   2.7346e+01 |273 -0.53041   1.8460e+01
274 -0.22020   2.5823e+01 |275 -0.50986   1.9106e+01 |276  0.12228   2.6944e+01
277  0.51515   1.8941e+01 |278  0.12394   2.6930e+01 |279 -0.09835   2.7121e+01
280 -0.30479   2.4362e+01 |281  0.22228   2.5792e+01 |282  0.38417   2.2600e+01
283  0.35605   2.3266e+01 |284 -0.09259   2.7159e+01 |285  0.02100   2.7433e+01
286 -0.31489   2.4158e+01 |287 -0.40073   2.2188e+01 |288 -0.00240   2.7448e+01
289  0.55469   1.7672e+01 |290 -0.66993   1.3602e+01 |291 -0.06162   2.7320e+01
292  0.29007   2.4648e+01 |293 -0.28756   2.4696e+01 |294  0.17884   2.6372e+01
295  0.10879   2.7049e+01 |296 -0.42821   2.1470e+01 |297 -0.52446   1.8649e+01
298  0.37974   2.2708e+01 |299  0.27005   2.5016e+01 |300  0.46441   2.0463e+01
301 -0.27284   2.4966e+01 |302 -0.07503   2.7258e+01 |303  0.48100   1.2306e+02
304  0.08339  -5.7465e+00 |305 -0.90638   1.3234e+01 |306  0.25911  -3.1097e+00
307 -0.88049  -6.0013e+00 |308 -0.52629  -1.2605e+01 |
24.3187 10.588 68.0357 49.6211 
14.4028 14.4028 125.304 118.776 
6.71053 23.3424 0 4.59018 8.78286 
0 3.62061 0 0 0.458774 18.1697 0 
24.3873 10.5417 68.0828 49.677 
14.2077 14.2077 124.982 118.457 
6.88526 23.426 0 4.68921 8.81388 
0 3.73258 0 0 0.462964 18.1095 0 
24.345 10.5726 68.0499 49.6434 
14.3186 14.3186 125.144 118.624 
6.78902 23.3786 0 4.63672 8.79747 
0 3.67154 0 0 0.460727 18.141 0 
24.3376 10.624 68.0192 49.7154 
14.2899 14.2899 125.067 118.303 
6.8669 23.3467 0 4.68452 8.78817 
0 3.72118 0 0 0.462505 18.1093 0 
24.3903 10.8982 67.9837 49.7752 
14.4103 14.4103 124.138 118.127 
6.96277 23.2443 0 4.79402 8.66649 
0 3.72252 0 0 0.458963 17.9903 0 
24.3339 11.4614 68.0309 49.7767 
14.7757 14.7757 123.701 116.863 
7.11607 22.6914 0 4.93871 8.54497 
0 3.70538 0 0 0.455275 17.8818 0 
24.2812 11.7497 68.1284 49.7737 
15.0652 15.0652 123.585 115.918 
7.18326 22.3384 0 5.0028 8.48598 
0 3.67665 0 0 0.452682 17.8149 0 
24.2422 15.0577 70.3033 50.1484 
17.0461 17.0461 121.247 107.567 
8.17869 18.0495 0 5.66619 7.90723 
0 3.71177 0 0 0.431174 17.1889 0 
24.2213 12.1762 68.3052 49.7846 
15.4639 15.4639 123.405 114.598 
7.28885 21.7998 0 5.09451 8.40256 
0 3.64593 0 0 0.449139 17.7213 0 
24.1176 12.7101 68.6855 49.7668 
15.9968 15.9968 122.892 112.748 
7.47851 20.9062 0 5.19628 8.34677 
0 3.6288 0 0 0.447359 17.6446 0 
24.4085 12.6365 69.2044 49.7587 
15.9217 15.9217 121.822 111.395 
7.73611 20.2535 0 5.35338 8.32658 
0 3.69471 0 0 0.448376 17.4401 0 
26.2344 11.0817 70.8378 49.821 
13.7765 13.7765 116.953 109.335 
8.79925 19.4797 0 5.86935 8.10048 
0 4.07253 0 0 0.452605 16.8193 0 
27.9964 10.0419 72.1729 49.9128 
12.9314 12.9314 112.098 109.297 
9.61369 19.5121 0 6.20537 7.95002 
0 4.35627 0 0 0.454942 16.4702 0 
308 variables; iteration 360; function evaluation 419; phase 1
Function value   4.7314792e+02; maximum gradient component mag  -1.8304e+03
Var   Value    Gradient   |Var   Value    Gradient   |Var   Value    Gradient
  1  0.12506   9.7377e+00 |  2  0.17636  -1.9461e+00 |  3  0.18321  -2.2099e+01
  4  0.19474  -2.1899e+01 |  5  0.19383  -1.6642e+01 |  6  0.18515  -2.9694e+01
  7  0.17563  -6.3564e+00 |  8  0.17475   5.6863e+00 |  9  0.17499   7.1410e+00
 10  0.14847   9.0346e-01 | 11 -2.12435   1.1636e+00 | 12  0.12776   1.6096e+00
 13  0.10737   3.3604e+00 | 14 -2.06656  -2.9574e+00 | 15 -1.98403   2.4277e+00
 16 -0.33553  -8.1803e-01 | 17 -0.24256  -2.3796e-01 | 18 -0.33471  -3.8475e-02
 19 -0.39130  -2.4013e-02 | 20 -0.62374  -3.9208e-03 | 21 -0.16366  -1.8453e-01
 22 -2.09560  -1.9286e+00 | 23 -0.18558   7.7811e-04 | 24 -0.02205  -7.1486e-01
 25  0.08299  -4.6812e-01 | 26  0.12805   1.3559e+00 | 27  0.15439   2.8695e+00
 28  0.14796  -1.2982e+01 | 29  0.14572  -5.1955e+00 | 30  0.14466  -1.2212e+01
 31  0.15973   9.7392e+00 | 32  0.14759  -1.6268e-01 | 33  0.12585  -4.1325e+00
 34  0.10427  -6.2023e+00 | 35  0.11816   8.1634e-01 | 36  0.11657  -7.1032e+00
 37  0.09194   4.7991e+00 | 38  0.06118   9.6182e+00 | 39  0.01182  -7.3932e-01
 40 -0.06283  -6.2568e+00 | 41 -0.16515  -3.0640e+00 | 42 -0.94050  -1.7524e-02
 43 -0.02650  -1.5619e+00 | 44 -0.00790   1.0600e+00 | 45 -0.05152  -3.4658e-01
 46 -0.11018   1.5410e+00 | 47 -0.14842  -9.7896e-01 | 48 -0.16178  -5.6587e+00
 49 -0.15281  -7.2044e+00 | 50 -0.12256  -7.6039e+00 | 51  0.03833   8.7761e-01
 52  0.03800  -2.2834e+00 | 53  0.02855  -2.2373e+00 | 54  0.01470  -3.2057e+00
 55 -0.04112  -4.0101e+00 | 56  0.11567   9.5384e+00 | 57  0.15335   9.0529e+00
 58  0.09561   3.6111e-01 | 59  0.02970  -2.7703e+00 | 60 -0.12320  -5.5559e+00
 61 -0.08932  -6.5118e+00 | 62  0.04487  -7.5205e+00 | 63 -0.06095  -8.6470e+00
 64 -0.06061  -7.9750e+00 | 65  0.04938  -3.1545e+00 | 66  0.02366  -7.3484e+00
 67 -0.09184  -9.2542e+00 | 68 -0.07670  -8.3659e+00 | 69 -0.04976  -6.1410e+00
 70 -0.00070  -4.5748e+00 | 71  0.10105  -1.0275e+01 | 72  0.04085  -1.0844e+01
 73 -0.03826  -8.9029e+00 | 74  0.02562  -2.5872e+00 | 75  0.11111  -2.6309e-01
 76  0.19768   2.6082e+01 | 77 -0.11326  -1.3654e+00 | 78  0.16924   7.5914e+01
 79  0.31031   1.1243e+02 | 80 -0.29748  -1.5797e+01 | 81 -2.21808   4.0534e+00
 82 -0.05318   6.2398e-01 | 83  0.02318   9.9344e-01 | 84 -2.05981   1.9725e+00
 85 -0.01037   2.1363e+01 | 86  0.11647   2.4122e+01 | 87  0.22194   2.4749e+01
 88 -0.10043   1.7921e+01 | 89 -0.19377   1.8364e+01 | 90 -0.13700   1.8811e+01
 91 -0.04960   1.7701e+01 | 92  0.02714   2.0689e+01 | 93  0.01831   1.7066e+01
 94  0.17665   2.1380e+01 | 95  0.03790   1.9107e+01 | 96 -0.03474   1.6344e+01
 97  0.02171   1.9237e+01 | 98  0.14974   2.9059e+01 | 99  0.08508   2.1887e+01
100  0.07022   1.6894e+01 |101  0.13015   1.9683e+01 |102 -0.03560   2.0532e+01
103 -0.10960   1.6071e+01 |104  0.07745   1.7400e+01 |105  0.03392   1.7041e+01
106 -0.03863   1.7109e+01 |107  0.00194   1.9294e+01 |108 -2.14712  -1.9282e+01
109  0.03253   1.3092e+01 |110  0.07352   1.3338e+01 |111  0.05600   1.5699e+01
112 -0.10360   1.5308e+01 |113 -0.10118   1.6183e+01 |114 -2.01328  -1.7235e+01
115  0.09812   1.2001e+01 |116 -0.00197   1.3561e+01 |117  0.16680   1.2237e+01
118 -0.03863   1.1808e+01 |119 -0.15101   1.4980e+01 |120 -0.17088   1.7088e+01
121 -0.13619   1.2785e+01 |122  1.74139  -7.5620e+01 |123 -0.71505   1.0712e+01
124  0.09966   2.4347e+01 |125  0.06123   2.1668e+01 |126  2.13357  -1.8446e+01
127 -0.13490   2.2039e+00 |128  1.11002  -3.8764e-01 |129  1.52700  -1.6602e+00
130 -0.98529   5.2060e-02 |131  1.98954  -2.2540e+00 |132 -0.31287   1.9875e+00
133 -1.93085  -2.2410e+00 |134 -0.63135   1.2337e+00 |135  1.55108  -1.7167e+00
136  1.76139  -2.0978e+00 |137 -1.91466  -2.2341e+00 |138 -0.00187   2.2543e+00
139  0.22231   2.1182e+00 |140 -0.35519   1.9124e+00 |141 -0.68658   1.0655e+00
142 -0.95674   1.5308e-01 |143 -2.46808  -1.6719e+00 |144 -2.97252  -9.7271e-02
145 -0.01408   2.2537e+00 |146  1.14059  -4.9381e-01 |147 -0.89556   3.6818e-01
148 -2.22195  -2.1187e+00 |149 -0.58104   1.3788e+00 |150  0.33262   1.9535e+00
151  0.27045   2.0539e+00 |152 -0.89934   3.5494e-01 |153 -0.16343   2.1804e+00
154  0.37003   1.8841e+00 |155  0.41060   1.8015e+00 |156  0.56476   1.4239e+00
157  0.68651   1.0658e+00 |158 -0.99374   2.2121e-02 |159  0.32557   1.9659e+00
160  2.04153  -2.2495e+00 |161  1.65329  -1.9282e+00 |162 -0.77134   7.9238e-01
163  0.27765   2.0433e+00 |164  1.14406  -5.0578e-01 |165  1.43361  -1.4194e+00
166  3.33421   1.1298e+00 |167 -0.72961   9.2894e-01 |168 -0.74601   8.7572e-01
169  0.00606   1.4810e+01 |170  0.02036   4.7482e+01 |171  0.00517  -1.0613e+01
172  0.03159  -4.7812e+00 |173  0.07761  -1.6029e+01 |174  0.05103   1.6800e+01
175  0.03787   9.4593e+00 |176  0.01238  -5.9206e+00 |177  0.03642  -1.7440e+00
178  0.09563  -7.6990e+00 |179  0.12494   1.3095e+01 |180  0.11612   1.6489e+00
181  0.06144  -3.2232e+01 |182 -0.01482  -1.0994e+01 |183 -0.03913  -1.1298e+01
184 -0.01434  -5.3337e+00 |185 -0.01449   7.3185e+00 |186 -0.01416   1.4192e+01
187 -0.03586   2.2938e+01 |188 -0.02950   9.8121e+00 |189  0.02776   1.9809e+01
190  0.03680   2.6705e+01 |191  0.04257   1.1776e+01 |192  0.01758   1.6955e+01
193  0.00820   1.1483e+01 |194 -0.10648  -1.4987e+00 |195  0.00538   1.0304e+01
196  0.06861   5.1650e+01 |197  0.03620   2.9325e+01 |198  0.00909   2.1299e+01
199  0.02250   7.6537e+00 |200  0.02840   2.7864e+00 |201  0.01890   3.4404e+00
202  0.13385   6.5665e+00 |203  0.11947  -5.3322e+01 |204  0.10268  -1.0507e+02
205 -0.07280  -1.6424e+01 |206 -0.23514  -7.0862e-01 |207 -0.15817   8.7206e+00
208 -0.09105  -2.5854e+00 |209 -0.03707  -6.3526e+00 |210  0.06083   1.1392e+01
211 -0.66182   9.9875e-01 |212 -0.08818   5.4416e+01 |213  0.02494   4.3151e+01
214 -0.01411  -8.7024e-09 |215 -0.59455  -1.1168e+01 |216 -0.74182   5.3508e+01
217 -0.01933  -5.4475e+01 |218 -0.14990  -1.0894e+00 |219 -0.23885  -3.1909e+00
220 -0.04494  -1.0194e+00 |221  0.03794  -1.9971e+00 |222  0.00276  -6.0818e+00
223  0.01152  -3.5722e+00 |224 -0.01607   2.3097e+00 |225 -0.01611   6.8773e-02
226  0.11099   6.2432e+00 |227  0.06854  -4.5245e+00 |228  0.20620  -2.0430e+00
229  0.11749  -9.5170e-01 |230  0.11161   3.6848e+00 |231  0.06426  -2.0365e+00
232  0.06022  -8.7059e+00 |233  0.07011  -9.6929e-01 |234  0.12538  -3.8748e+00
235 -0.09885   8.0882e-01 |236 -0.10640  -1.3882e+00 |237  0.02893   5.5930e+00
238  0.02793  -1.3470e-01 |239 -0.12155  -2.2631e+00 |240 -0.14783   1.0692e+00
241 -0.03758  -2.6774e+00 |242  0.03414   5.0006e+00 |243  0.04830   4.5577e+00
244 -0.00468   1.9713e+00 |245 -0.09694   1.3688e-01 |246 -0.20385   9.2961e+00
247 -0.07538  -7.1727e-01 |248  0.01935   6.0206e-01 |249  0.02642   3.2715e+00
250  0.08672   3.8477e-01 |251  0.06287   8.4042e+00 |252 -0.05223   7.2119e+00
253 -0.07443   3.9120e+00 |254 -0.00328   5.4404e+00 |255  0.15375  -4.5525e+00
256  0.18525  -1.2472e+01 |257 -0.17699  -3.5146e+00 |258  0.10069   2.6612e+02
259  0.03498   3.0612e+00 |260 -1.13410  -9.4374e+00 |261 -0.95049  -1.8304e+03
262 -0.57850  -2.2976e+01 |263  0.23153  -5.9102e+02 |264  0.54223  -4.1654e+02
265 -0.73365  -2.5692e+02 |266  0.22028  -5.9491e+02 |267 -0.14562  -6.1591e+02
268 -0.02613  -6.3185e+02 |269  0.98958  -1.0352e+01 |270 -0.29609  -5.6521e+02
271  0.24604  -5.8574e+02 |272 -0.03833  -6.3124e+02 |273 -0.51457  -4.3681e+02
274 -0.24179  -5.8732e+02 |275 -0.46850  -4.6873e+02 |276  0.22721  -5.9254e+02
277  0.52806  -4.2702e+02 |278  0.14629  -6.1576e+02 |279 -0.12294  -6.2063e+02
280 -0.40849  -5.0661e+02 |281  0.28298  -5.7093e+02 |282  0.48540  -4.5730e+02
283  0.28538  -5.6990e+02 |284 -0.14576  -6.1588e+02 |285  0.28465  -5.7022e+02
286 -0.45462  -4.7788e+02 |287 -0.43736  -4.8893e+02 |288 -0.07593  -6.2789e+02
289  0.47264  -4.6596e+02 |290 -0.77770  -2.1636e+02 |291 -0.04267  -6.3097e+02
292  0.24737  -5.8525e+02 |293 -0.25658  -5.8171e+02 |294  0.17302  -6.0917e+02
295 -0.02686  -6.3182e+02 |296 -0.49231  -4.5253e+02 |297 -0.62114  -3.5451e+02
298  0.38796  -5.1855e+02 |299  0.39973  -5.1177e+02 |300  0.49048  -4.5380e+02
301 -0.23627  -5.8933e+02 |302 -0.07266  -6.2827e+02 |303  0.48483   3.4140e+02
304  0.06625   1.5478e+00 |305 -0.90620  -6.3952e+00 |306  0.26621  -7.0829e+00
307 -0.89171  -1.3004e+02 |308 -0.53269  -3.4318e+01 |
28.5802 9.78696 72.5267 49.9189 
12.9332 12.9332 110.394 109.291 
9.8685 19.6946 0 6.30812 7.91797 
0 4.42826 0 0 0.454886 16.3941 0 
28.1346 10.4083 72.3143 49.7304 
13.2787 13.2787 109.051 108.139 
9.83391 18.8005 0 6.38041 8.06712 
0 4.37694 0 0 0.454145 16.4313 0 
27.384 11.6739 71.9117 49.4549 
14.0769 14.0769 106.948 105.938 
9.71022 17.7301 0 6.5375 8.26477 
0 4.3031 0 0 0.451213 16.467 0 
26.7387 11.6871 71.5656 49.3421 
14.3629 14.3629 105.611 100.846 
9.40982 17.7303 0 6.54505 8.26277 
0 4.14579 0 0 0.449561 16.4177 0 
25.787 13.3112 71.5908 49.4349 
14.8581 14.8581 103.315 90.3626 
8.62223 16.566 0 6.30683 8.42706 
0 4.05273 0 0 0.452185 16.3433 0 
25.6975 15.4637 72.6777 49.8892 
16.7969 16.7969 100.841 81.5143 
8.16758 16.1208 0 6.11459 8.5576 
0 4.40032 0 0 0.462152 16.3191 0 
25.6429 14.805 72.27 49.737 
16.0945 16.0945 101.519 83.8355 
8.26424 16.1548 0 6.16667 8.52194 
0 4.26573 0 0 0.45897 16.3235 0 
24.7396 15.2529 72.5932 50.1861 
15.6013 15.6013 98.382 77.684 
7.96791 16.5752 0 5.7867 7.99235 
0 4.27346 0 0 0.474107 16.9732 0 
24.0066 15.9006 73.4896 51.1707 
16.1368 16.1368 94.7255 70.0021 
7.82194 17.9294 0 5.43285 7.31723 
0 4.30942 0 0 0.497756 17.7316 0 
24.3671 15.5363 72.8704 50.55 
15.6943 15.6943 96.8137 74.2701 
7.86945 17.0257 0 5.63336 7.69873 
0 4.26715 0 0 0.483807 17.2943 0 
24.0638 15.3871 72.7957 51.0068 
15.5799 15.5799 96.6081 69.0826 
7.70887 16.0223 0 5.45607 7.46806 
0 4.21745 0 0 0.494156 17.6555 0 
23.9142 15.2027 73.1224 51.9798 
15.5643 15.5643 89.9848 63.1334 
7.89689 16.0314 0 5.3787 7.14017 
0 4.25031 0 0 0.514346 18.0523 0 
308 variables; iteration 370; function evaluation 431; phase 1
Function value   4.0302153e+02; maximum gradient component mag  -1.7155e+03
Var   Value    Gradient   |Var   Value    Gradient   |Var   Value    Gradient
  1  0.07682   6.0643e-01 |  2  0.19843   6.8025e-01 |  3  0.17118  -3.5065e+01
  4  0.20024  -2.8571e+01 |  5  0.20009   1.9475e+00 |  6  0.19877   1.5088e+01
  7  0.18483   1.7105e+01 |  8  0.18007   1.4513e+01 |  9  0.17597  -1.9960e-01
 10  0.14762  -3.6129e+00 | 11 -2.11833   8.1740e+00 | 12  0.13745   9.8515e+00
 13  0.08659  -2.4213e+01 | 14 -2.07554  -9.8377e+00 | 15 -1.97919   1.9466e+00
 16 -0.24169  -8.8382e-01 | 17 -0.14860  -7.2511e-02 | 18 -0.32833  -3.9742e-02
 19 -0.40944  -2.8350e-02 | 20 -0.58592  -7.9735e-03 | 21 -0.33590  -7.9774e-01
 22 -2.13450  -1.1374e+01 | 23 -0.18000   1.8428e-03 | 24 -0.06297  -1.2577e+00
 25  0.08675   1.0456e+00 | 26  0.12892   3.6204e-01 | 27  0.15659   6.4249e+00
 28  0.15482   5.4418e-01 | 29  0.14987   2.2360e+00 | 30  0.14691  -4.7990e+00
 31  0.14375  -1.8621e+01 | 32  0.14524  -3.8431e-01 | 33  0.12798   4.5658e+00
 34  0.10784  -7.2403e+00 | 35  0.12964   3.4025e+01 | 36  0.12482   1.1735e+01
 37  0.08486  -2.7528e+01 | 38  0.06226   5.0185e+00 | 39  0.01043  -6.7741e+00
 40 -0.09186  -9.2952e+00 | 41 -0.24265  -3.4460e+00 | 42 -1.26061   7.5573e-02
 43  0.00694  -5.3523e+00 | 44  0.06576   5.1735e+00 | 45 -0.07249  -8.5684e+00
 46 -0.15551  -9.8130e+00 | 47 -0.12346  -6.2963e+00 | 48 -0.07747  -6.7383e+00
 49 -0.10574  -1.1776e+01 | 50 -0.15069  -1.5834e+01 | 51  0.06469  -3.1624e+00
 52  0.05831  -4.0074e+00 | 53  0.02603  -1.1539e+00 | 54 -0.02052  -8.5638e+00
 55 -0.02374  -1.1093e+01 | 56  0.17764   7.7442e+00 | 57  0.08000  -9.2905e+00
 58  0.16961  -1.4350e+01 | 59  0.02542  -1.9138e+01 | 60 -0.08985  -1.3754e+01
 61 -0.02281  -1.3353e+01 | 62  0.00991  -1.4715e+01 | 63  0.06250  -1.5255e-01
 64 -0.09337  -1.2904e+01 | 65 -0.00086  -9.4649e+00 | 66 -0.04624  -1.1884e+01
 67  0.05484   1.7748e+00 | 68 -0.16403  -1.6188e+01 | 69 -0.01780  -4.8997e+00
 70 -0.10968  -1.3832e+01 | 71  0.10641  -1.8898e+01 | 72  0.11741  -2.8925e+01
 73 -0.03222  -2.3321e+01 | 74 -0.01572  -2.4910e+01 | 75  0.04549  -3.4159e+01
 76  0.11596  -3.9447e+01 | 77 -0.08762  -2.2341e+01 | 78 -0.04922  -2.2612e+01
 79  0.29344  -8.9373e+01 | 80 -0.19234  -2.6725e+01 | 81 -2.13608   1.0719e+01
 82 -0.03771  -7.1479e+00 | 83 -0.01195  -9.6108e+00 | 84 -2.05929   8.5273e+00
 85 -0.02613   8.1392e+00 | 86  0.06986   4.3231e+00 | 87  0.26054   2.5447e+01
 88 -0.14612   5.2356e+00 | 89 -0.23971   6.1109e+00 | 90 -0.13046   8.7711e+00
 91 -0.05069   8.2364e+00 | 92 -0.06277   5.2594e+00 | 93  0.07067   4.1894e+00
 94  0.14510  -3.0766e+00 | 95  0.07622   1.4926e+01 | 96  0.05083   1.5730e+01
 97  0.04511   9.0954e+00 | 98  0.11037   5.5934e+00 | 99  0.07444   8.9861e+00
100  0.14247   2.2199e+01 |101  0.09558   7.3240e+00 |102 -0.00202   1.0697e+01
103 -0.15787   3.1561e+00 |104 -0.02815   2.6795e+00 |105  0.00556   3.9920e-01
106 -0.10664   4.1591e+00 |107 -0.07465   5.5291e+00 |108 -2.14423  -2.6113e+00
109  0.05062   5.0395e+00 |110  0.09988   9.6323e+00 |111 -0.08924   2.8695e+00
112 -0.09250   9.7797e+00 |113 -0.08065   8.0180e+00 |114 -2.02465  -7.1521e+00
115  0.03318   2.8088e+00 |116  0.15723   2.9199e+01 |117  0.08969   1.1556e+00
118  0.10257  -6.2597e+00 |119  0.04118   4.2298e+00 |120 -0.15622   2.0033e+00
121 -0.05507  -3.5345e+00 |122  1.75029   4.3247e+01 |123 -0.82517   4.2470e+00
124  0.05409  -2.4833e+00 |125  0.11190   5.2647e+00 |126  2.17365  -7.2566e+00
127 -0.41691   3.3099e+00 |128  2.33456  -3.6101e+00 |129  1.24260  -1.5521e+00
130 -0.41429   3.3203e+00 |131  3.36093   2.2413e+00 |132 -0.08205   4.1386e+00
133 -2.34798  -3.5652e+00 |134 -0.33430   3.6110e+00 |135  0.06412   4.1521e+00
136  2.15881  -4.0440e+00 |137 -2.08546  -4.1357e+00 |138  0.20896   3.9504e+00
139  0.03016   4.1685e+00 |140 -0.56899   2.6144e+00 |141 -1.72448  -3.7885e+00
142 -0.66126   2.1172e+00 |143 -1.45740  -2.7470e+00 |144 -3.60630   3.4003e+00
145 -0.43528   3.2352e+00 |146  1.96184  -4.1657e+00 |147 -0.71868   1.7847e+00
148 -2.34899  -3.5617e+00 |149 -0.83444   1.0731e+00 |150  0.87130   8.3793e-01
151 -0.20086   3.9672e+00 |152 -2.50005  -2.9507e+00 |153 -0.24231   3.8746e+00
154  0.64685   2.1981e+00 |155  0.41927   3.3004e+00 |156  0.22517   3.9149e+00
157  1.40822  -2.4964e+00 |158 -1.38927  -2.3957e+00 |159  0.37382   3.4742e+00
160  1.64448  -3.5392e+00 |161  1.01201  -7.8772e-02 |162  0.12001   4.0993e+00
163  0.30306   3.7092e+00 |164  0.94303   3.7294e-01 |165  1.45541  -2.7371e+00
166  3.83810   4.0390e+00 |167 -1.08929  -5.8338e-01 |168 -0.31914   3.6597e+00
169  0.00955   1.1937e+03 |170  0.01776  -2.4890e+00 |171  0.01501   9.0969e+00
172  0.02330  -8.3456e+00 |173  0.08268   2.7136e+01 |174  0.04437   7.4608e+00
175  0.04419   3.0082e+00 |176  0.01287  -2.2748e+01 |177  0.03582  -1.6435e+01
178  0.10063  -3.5607e+00 |179  0.12184  -4.2100e+01 |180  0.10697  -5.4965e+01
181  0.08385   4.8962e+01 |182 -0.01676   5.2466e-01 |183 -0.00976   1.4066e+01
184 -0.01833  -1.1396e+01 |185 -0.00662   2.1971e+01 |186 -0.01712   2.3982e+01
187 -0.04704   2.1270e+00 |188 -0.03513  -2.1359e+01 |189  0.00502  -9.2673e+01
190  0.02794  -2.2734e+01 |191  0.03918   6.6138e+01 |192  0.01759  -8.1313e+00
193 -0.02200  -5.2453e+01 |194 -0.07797  -1.5094e+01 |195 -0.00880  -2.3421e+01
196  0.06388   6.2672e+00 |197  0.03821   5.3406e+01 |198  0.02270   7.9686e+01
199  0.00853   3.3608e+01 |200  0.01794   3.0340e+01 |201 -0.00321  -6.3349e+00
202  0.10892   3.7270e+01 |203  0.08802  -4.8601e+00 |204  0.08088   1.0684e+01
205 -0.03762   9.5393e+00 |206 -0.13906  -1.7700e+00 |207 -0.21250  -1.4633e+01
208 -0.05786   2.0484e+01 |209 -0.02954  -3.6868e+00 |210  0.06442  -1.0616e+01
211 -0.63463  -7.2481e+00 |212 -0.08428  -3.6437e+02 |213  0.02197  -2.1647e+02
214 -0.01411  -8.7023e-09 |215 -0.62133  -1.7236e+01 |216 -0.78285   2.8910e+01
217 -0.01827   1.5714e+02 |218 -0.16693  -1.6632e+00 |219 -0.24861   8.3161e+00
220 -0.03365   1.1311e+01 |221  0.05915   7.7830e+00 |222  0.02091   8.2534e+00
223  0.03275   1.5718e+01 |224 -0.01538   7.3999e+00 |225 -0.04298  -3.2460e+00
226  0.08689   2.0118e-01 |227  0.07757   1.3883e+01 |228  0.20589   1.2414e+01
229  0.12364   4.8057e+00 |230  0.11735   5.0626e+00 |231  0.05650   8.9328e+00
232  0.05629   5.6191e+00 |233  0.07772   1.2210e+00 |234  0.13020   4.8361e-01
235 -0.11366  -2.2347e+00 |236 -0.11451   4.1946e+00 |237 -0.02661  -3.9534e+00
238 -0.02865  -2.3348e+00 |239 -0.13230   1.5346e+01 |240 -0.18123  -3.9867e+00
241 -0.03114   2.2046e+01 |242  0.04829   1.5345e+01 |243  0.06333   3.5105e+00
244 -0.01466   6.9251e+00 |245 -0.11868   6.9353e+00 |246 -0.22466  -3.8480e+00
247 -0.06553   9.0960e+00 |248  0.02442   2.0776e+01 |249  0.07061   5.3120e+00
250  0.09701  -2.8855e+00 |251  0.08342   1.9641e+01 |252  0.00469   2.1668e+01
253 -0.04920   3.8592e+00 |254 -0.00479   1.1601e+00 |255  0.17742   2.2118e+01
256  0.22783   2.0681e+01 |257 -0.22767  -2.0670e+00 |258  0.10533  -2.3410e+02
259  0.14284   6.2091e+01 |260 -1.13182   8.3994e+01 |261 -0.91077  -1.7155e+03
262 -0.58826   6.1091e+01 |263  0.24751   1.1132e+02 |264  0.17889   1.1558e+02
265 -0.29490   1.0762e+02 |266  0.26680   1.0989e+02 |267  0.13699   1.1752e+02
268  0.05798   1.1980e+02 |269  0.69231   5.5905e+01 |270 -0.25983   1.1042e+02
271  0.32481   1.0498e+02 |272 -0.00990   1.2028e+02 |273 -0.70719   5.3399e+01
274 -0.22079   1.1313e+02 |275 -0.33273   1.0424e+02 |276 -0.00612   1.2029e+02
277  0.65154   6.2607e+01 |278  0.38058   9.9434e+01 |279 -0.04962   1.1993e+02
280 -0.42904   9.3996e+01 |281  0.06887   1.1959e+02 |282  0.13481   1.1761e+02
283 -0.08678   1.1918e+02 |284 -0.50030   8.5023e+01 |285 -0.00275   1.2030e+02
286 -0.27821   1.0899e+02 |287 -0.40089   9.7223e+01 |288 -0.20589   1.1406e+02
289  0.50413   8.4509e+01 |290 -0.60461   7.0003e+01 |291 -0.06101   1.1974e+02
292  0.08523   1.1922e+02 |293  0.03505   1.2011e+02 |294  0.16717   1.1617e+02
295  0.16019   1.1651e+02 |296 -0.50612   8.4242e+01 |297 -0.51019   8.3691e+01
298  0.30003   1.0718e+02 |299  0.46425   8.9703e+01 |300  0.60752   6.9553e+01
301 -0.19403   1.1475e+02 |302  0.19878   1.1448e+02 |303  0.46720  -4.8967e+02
304  0.08734  -8.3281e+00 |305 -0.91021  -7.6261e+01 |306  0.26588  -1.9568e+00
307 -0.88820  -1.5819e+02 |308 -0.53095  -3.8616e+01 |
25.2656 13.8317 74.9079 53.041 
15.8936 15.8936 84.2583 52.3828 
8.69781 14.9094 0 5.40575 6.45552 
0 4.63682 0 0 0.526059 18.5068 0 
24.4442 14.4984 73.6968 52.4103 
15.5894 15.5894 86.7249 57.1319 
8.19047 14.8909 0 5.39215 6.79521 
0 4.37289 0 0 0.519104 18.2717 0 
25.4398 13.8637 75.202 53.0709 
16.0089 16.0089 82.3708 52.0113 
8.84243 14.879 0 5.37822 6.35614 
0 4.74765 0 0 0.524552 18.5738 0 
25.8189 13.7701 75.4399 53.1415 
16.1165 16.1165 75.4489 51.4293 
9.13281 14.9417 0 5.52971 6.07005 
0 4.77763 0 0 0.525052 18.745 0 
26.3122 13.2382 74.8489 52.9286 
15.4721 15.4721 71.0629 50.6144 
9.19806 15.3955 0 5.51088 5.86134 
0 4.74066 0 0 0.523588 19.1178 0 
26.0166 13.3758 74.0841 52.7545 
14.8437 14.8437 69.7891 50.7024 
9.01989 15.8684 0 5.55337 5.9641 
0 4.51688 0 0 0.519561 19.2844 0 
25.6969 13.2338 72.4976 52.4818 
13.6321 13.6321 71.5969 48.1091 
8.60176 14.5403 0 5.5459 6.33881 
0 4.13187 0 0 0.511821 19.6048 0 
25.006 13.5054 70.1848 52.2528 
14.1859 14.1859 68.9085 47.2763 
8.52278 12.7967 0 5.63329 7.01814 
0 3.9716 0 0 0.497157 19.8692 0 
25.5434 13.2492 72.0355 52.4192 
13.6956 13.6956 71.0957 47.9433 
8.57782 14.2004 0 5.56084 6.45288 
0 4.08865 0 0 0.509041 19.6492 0 
25.3314 13.1786 71.4507 52.3282 
13.7643 13.7643 70.1316 47.7409 
8.59418 13.76 0 5.59527 6.66463 
0 4.06564 0 0 0.504169 19.6948 0 
25.1844 12.9752 70.6195 52.0002 
13.4631 13.4631 68.218 47.2105 
8.57586 13.166 0 5.71986 7.03838 
0 4.00674 0 0 0.489535 19.7255 0 
24.8091 12.6251 69.3058 51.5247 
13.1112 13.1112 65.2169 46.2555 
8.47235 12.1368 0 5.93125 7.77843 
0 3.87557 0 0 0.459798 19.637 0 
308 variables; iteration 380; function evaluation 443; phase 1
Function value   3.5090132e+02; maximum gradient component mag   1.1318e+03
Var   Value    Gradient   |Var   Value    Gradient   |Var   Value    Gradient
  1  0.04210  -9.9843e-01 |  2  0.19651  -7.1799e+00 |  3  0.18482  -2.0255e+01
  4  0.20429  -4.4360e+00 |  5  0.20022   5.6143e-01 |  6  0.19683   6.3620e+00
  7  0.18080  -1.9994e+00 |  8  0.17349  -1.3182e+01 |  9  0.17059  -1.8669e+01
 10  0.15574   8.3347e+00 | 11 -2.12590   1.6864e+00 | 12  0.13813   9.4731e+00
 13  0.08872  -2.3697e+01 | 14 -2.07006  -1.2494e+00 | 15 -2.00268  -1.0397e+00
 16 -0.19995  -8.1985e-01 | 17 -0.10229   6.6215e-01 | 18 -0.30563  -2.9759e-02
 19 -0.38385  -2.0036e-02 | 20 -0.56394  -4.4061e-03 | 21 -0.48012  -6.5726e-01
 22 -2.10703  -2.1522e+00 | 23 -0.18689  -2.6611e-03 | 24 -0.03225  -1.0889e+00
 25  0.08937   7.2834e-01 | 26  0.12974  -1.0731e+00 | 27  0.16114   1.1889e+01
 28  0.15704   5.0991e-01 | 29  0.15243   2.1675e+00 | 30  0.15885   1.4187e+01
 31  0.15477  -2.2560e+00 | 32  0.14106  -1.2164e+01 | 33  0.13276   7.3996e+00
 34  0.11211  -5.4743e+00 | 35  0.12270   4.9742e+00 | 36  0.12248  -3.9356e+00
 37  0.09686   5.7443e+00 | 38  0.06263   3.7256e+00 | 39  0.02282   1.5965e+00
 40 -0.04295  -2.9964e+00 | 41 -0.13968  -2.5780e+00 | 42 -1.29577   1.0250e-01
 43  0.03299   1.6374e+01 | 44  0.04175   2.2609e+01 | 45 -0.05342   1.1097e+01
 46 -0.12893   8.9179e+00 | 47 -0.08461   1.5130e+01 | 48 -0.09127   9.4812e+00
 49 -0.06399   8.0749e+00 | 50 -0.08908   2.9777e+00 | 51  0.02974   7.3374e+00
 52  0.11316   9.1302e+00 | 53 -0.01799   4.1068e+00 | 54 -0.00735   1.6535e+00
 55  0.01288   2.7667e+00 | 56  0.14492   1.1854e+01 | 57  0.07235   6.6638e+00
 58  0.22585   1.7191e+01 | 59  0.01787   4.3259e+00 | 60 -0.01946   1.1940e+01
 61 -0.02005   8.4003e+00 | 62  0.00774   4.0110e+00 | 63  0.04428   9.8911e+00
 64 -0.11869   3.3648e-01 | 65 -0.00980   3.8657e+00 | 66 -0.03999   1.7163e+00
 67  0.11108   1.7780e+01 | 68 -0.22500  -3.7030e+00 | 69 -0.03132   7.2345e+00
 70 -0.10152   1.2260e+00 | 71  0.07484  -2.6577e+00 | 72  0.17760  -1.3436e+01
 73 -0.00830  -5.2534e+00 | 74 -0.07759  -4.9894e+00 | 75 -0.00281  -8.0351e+00
 76  0.05239  -9.7351e+00 | 77 -0.06809  -3.9976e+00 | 78 -0.16571  -5.4600e+00
 79  0.32816  -7.3555e+01 | 80 -0.14081  -1.1280e+01 | 81 -2.16558  -5.7084e+00
 82 -0.06323   8.6657e+00 | 83 -0.03048   7.1954e+00 | 84 -2.02673  -6.9701e+00
 85 -0.02923   2.0740e+00 | 86  0.11837   6.5254e+00 | 87  0.22990   1.6323e+01
 88 -0.10503   3.6966e+00 | 89 -0.21931   2.4295e+00 | 90 -0.17382   1.6675e+00
 91 -0.11085  -1.0015e+00 | 92 -0.03742  -8.0652e-01 | 93  0.10951   3.3002e+00
 94  0.12061  -8.7375e+00 | 95  0.03384   4.5311e-01 | 96  0.01976   1.1540e+00
 97  0.02880  -8.1209e-01 | 98  0.10475  -5.8716e+00 | 99  0.11803  -3.7915e+00
100  0.12129  -3.3502e+00 |101  0.05911  -8.0500e+00 |102 -0.08128   3.9307e-01
103 -0.08459   1.4650e+00 |104  0.00641  -4.5479e+00 |105  0.02787  -3.6075e+00
106 -0.04665   1.1814e+00 |107 -0.04439   1.5943e+00 |108 -2.14236  -1.0539e+00
109  0.05334  -3.5772e+00 |110  0.14023   2.1778e+00 |111 -0.08771  -3.4926e+00
112 -0.15702   1.5282e-01 |113 -0.10198   1.6858e+00 |114 -2.01075  -8.0951e-01
115  0.06791  -7.9889e+00 |116  0.08537  -9.6439e-01 |117 -0.01243  -9.5927e+00
118  0.10968  -8.3026e+00 |119  0.06450  -1.2767e+00 |120 -0.05656  -4.9280e-01
121  0.01861  -6.7625e-01 |122  1.74968  -5.3639e+00 |123 -0.92035   1.1867e+00
124  0.16835   2.6605e+00 |125 -0.06723  -1.9251e+00 |126  2.15435  -3.9406e+00
127 -0.36364   8.5126e+00 |128  2.53017  -6.8082e+00 |129  1.28866  -4.4326e+00
130 -0.58745   6.1080e+00 |131  3.70889   9.0794e+00 |132  0.39280   8.2532e+00
133 -2.27246  -9.2063e+00 |134  0.20044   9.6216e+00 |135 -0.37503   8.4133e+00
136  2.68750  -4.7700e+00 |137 -2.02638  -1.0110e+01 |138  0.24530   9.3771e+00
139  0.03467   1.0104e+01 |140  0.27425   9.1945e+00 |141 -2.90081  -1.5702e+00
142 -0.46293   7.5595e+00 |143 -0.85749   2.2464e+00 |144 -3.66231   8.7285e+00
145 -1.16036  -2.5221e+00 |146  2.20612  -9.5932e+00 |147 -0.78097   3.4132e+00
148 -2.66191  -5.1248e+00 |149 -0.85680   2.2571e+00 |150  1.66645  -8.7616e+00
151 -0.39374   8.2446e+00 |152 -2.79316  -3.2302e+00 |153 -0.34259   8.6889e+00
154  1.16514  -2.5955e+00 |155  0.05305   1.0084e+01 |156 -0.51621   6.9708e+00
157  1.41420  -6.1289e+00 |158 -1.18577  -2.9110e+00 |159 -0.02644   1.0110e+01
160  0.95590   7.0042e-01 |161  0.75966   3.7300e+00 |162  0.22463   9.4956e+00
163 -0.10581   9.9796e+00 |164  0.78153   3.4047e+00 |165  1.53269  -7.5130e+00
166  3.92901   1.0056e+01 |167 -1.02025  -3.2179e-01 |168  0.19539   9.6461e+00
169  0.01052   1.1318e+03 |170  0.01546  -2.1684e+01 |171  0.00970   7.8551e+00
172  0.03320   2.5419e+01 |173  0.08086   1.2493e+01 |174  0.04220   6.1931e+00
175  0.03994   1.5720e+01 |176  0.02525   2.5760e+01 |177  0.03590   4.0421e+00
178  0.10215  -4.8660e+00 |179  0.12074   1.1572e+01 |180  0.11163   2.0522e+01
181  0.07154   2.3933e+01 |182 -0.00709   8.1875e+00 |183 -0.01941   6.4082e+00
184  0.00254   9.7373e+00 |185 -0.00447   1.2447e+01 |186 -0.01163   3.2514e+01
187 -0.05187  -7.5777e+00 |188 -0.02771   5.7685e+00 |189  0.02432  -1.2700e+00
190  0.03300   2.2237e+01 |191  0.03755   5.1320e+01 |192  0.03038   2.6804e+01
193 -0.02463  -2.6460e+01 |194 -0.07487  -4.6201e+00 |195 -0.00450   4.9771e+00
196  0.06086   3.6527e+01 |197  0.02462   3.0639e+01 |198  0.01859   5.2388e+01
199 -0.00174   2.4610e+01 |200 -0.00147   1.8371e+01 |201 -0.00051   2.5931e-01
202  0.10274   7.9318e+00 |203  0.09971   3.6435e+01 |204  0.08487   1.7146e+01
205 -0.03473   1.2004e+01 |206 -0.13895  -5.1508e-01 |207 -0.23326  -1.0100e+01
208 -0.06710  -1.5725e+01 |209 -0.04540  -1.2234e+01 |210  0.06482   1.6797e+00
211 -0.61275  -1.5700e+00 |212 -0.08692  -3.6405e+02 |213  0.02432  -1.8785e+02
214 -0.01411  -8.7023e-09 |215 -0.64815  -1.8574e+01 |216 -0.82488   1.7816e+00
217 -0.01184   1.5846e+02 |218 -0.16422   2.3057e+00 |219 -0.24306  -1.8377e+00
220 -0.03350   4.5283e+00 |221  0.04058   9.7600e-01 |222  0.00052  -2.2236e+00
223  0.01202  -2.3111e+00 |224 -0.02777  -1.8346e+00 |225 -0.03038   8.2058e+00
226  0.10073  -2.0612e+00 |227  0.07331  -1.2893e+00 |228  0.19050   3.3212e+00
229  0.11491   5.0114e+00 |230  0.09505  -2.2379e-01 |231  0.04608   1.7630e+00
232  0.06875   6.2751e+00 |233  0.08269   1.2783e-01 |234  0.12607   9.8194e-01
235 -0.12068   1.1671e+00 |236 -0.12927  -5.2114e+00 |237 -0.01092  -1.6470e+00
238 -0.00052   1.7940e+00 |239 -0.12395   3.0615e+00 |240 -0.16310  -3.6370e+00
241 -0.04122   4.1629e+00 |242  0.02779   7.8926e+00 |243  0.07061   5.7787e+00
244 -0.00019   4.5531e+00 |245 -0.11192   7.2186e+00 |246 -0.21789   3.7214e+00
247 -0.08528  -2.4833e+00 |248  0.00947   4.3435e+00 |249  0.07567   4.0651e+00
250  0.08447   3.1995e+00 |251  0.04946   6.9590e+00 |252 -0.01077   7.4276e+00
253 -0.02458   6.8953e+00 |254  0.01546  -3.8167e+00 |255  0.19035   4.8601e+00
256  0.23224   7.0619e+00 |257 -0.16921   2.5670e+00 |258  0.10073  -3.5349e+02
259  0.14326  -6.1237e+01 |260 -1.13191   9.2294e+00 |261 -0.87375  -6.8343e+02
262 -0.66310   4.9961e+01 |263  0.24411   3.4727e+01 |264  0.14056   3.6538e+01
265 -0.22069   3.5219e+01 |266  0.32664   3.2625e+01 |267  0.13594   3.6596e+01
268  0.14297   3.6506e+01 |269  0.62911   2.0603e+01 |270 -0.22174   3.5198e+01
271  0.43700   2.8965e+01 |272 -0.08558   3.7109e+01 |273 -0.74994   1.4333e+01
274 -0.27697   3.3958e+01 |275 -0.39662   3.0412e+01 |276 -0.05783   3.7292e+01
277  0.68050   1.8014e+01 |278  0.42837   2.9284e+01 |279 -0.06179   3.7270e+01
280 -0.40981   2.9952e+01 |281 -0.02180   3.7425e+01 |282 -0.04543   3.7351e+01
283 -0.06257   3.7266e+01 |284 -0.60794   2.1631e+01 |285 -0.18681   3.5846e+01
286 -0.17685   3.6011e+01 |287 -0.35237   3.1855e+01 |288 -0.22586   3.5115e+01
289  0.56983   2.3421e+01 |290 -0.63239   2.0441e+01 |291 -0.08334   3.7126e+01
292  0.11451   3.6843e+01 |293  0.12099   3.6772e+01 |294  0.17653   3.6016e+01
295  0.30056   3.3350e+01 |296 -0.51416   2.5883e+01 |297 -0.40128   3.0251e+01
298  0.23029   3.5023e+01 |299  0.39934   3.0318e+01 |300  0.61411   2.1334e+01
301 -0.24470   3.4714e+01 |302  0.34676   3.2028e+01 |303  0.46382  -5.5275e+02
304  0.08833  -7.5674e+00 |305 -0.91217  -1.1914e+02 |306  0.26571  -3.9657e+00
307 -0.88702  -2.1732e+02 |308 -0.52325  -1.8372e+01 |
24.7617 12.458 69.0011 50.7856 
12.3565 12.3565 60.2118 45.758 
8.61161 11.1849 0 6.35418 9.39626 
0 3.95239 0 0 0.421174 19.6016 0 
24.7346 12.5144 69.0401 51.3002 
12.8834 12.8834 63.9568 46.0028 
8.46858 11.8449 0 6.02256 8.11941 
0 3.85026 0 0 0.450563 19.6277 0 
24.8387 12.2458 69.0054 50.9331 
12.5163 12.5163 62.3762 45.8581 
8.47866 11.6607 0 6.10586 8.47819 
0 3.81141 0 0 0.446438 19.6219 0 
25.1305 11.76 69.0878 50.3327 
12.0118 12.0118 59.6391 45.8349 
8.56579 11.4417 0 6.23535 9.09265 
0 3.77953 0 0 0.441875 19.6623 0 
24.9957 11.9606 69.0257 50.575 
12.2032 12.2032 60.7234 45.799 
8.52071 11.5206 0 6.18136 8.83463 
0 3.78369 0 0 0.443678 19.6452 0 
24.9183 11.712 68.9344 49.9795 
12.204 12.204 58.1446 46.0516 
8.57102 11.0796 0 6.237 9.31341 
0 3.67146 0 0 0.441283 19.7088 0 
24.5829 11.607 68.6478 49.2924 
12.8183 12.8183 54.8567 47.1764 
8.74459 9.93368 0 6.30264 10.0846 
0 3.61042 0 0 0.431648 19.7074 0 
24.4942 11.4622 68.7935 49.2004 
12.6993 12.6993 54.5063 47.2061 
8.67722 9.97672 0 6.26209 10.0077 
0 3.60034 0 0 0.435582 19.6731 0 
24.5005 10.9191 69.22 48.8358 
12.2939 12.2939 53.6738 47.4695 
8.61818 10.1404 0 6.16247 9.97716 
0 3.61894 0 0 0.443417 19.6934 0 
24.4921 11.2907 68.9078 49.0881 
12.5657 12.5657 54.2467 47.2758 
8.65569 10.0151 0 6.23217 9.99857 
0 3.60257 0 0 0.437839 19.6786 0 
24.5403 11.1552 68.8824 48.9412 
12.2006 12.2006 54.0208 47.2823 
8.56497 10.1713 0 6.22512 9.95324 
0 3.57049 0 0 0.441494 19.6384 0 
24.3468 10.9172 68.7443 48.9149 
12.0917 12.0917 53.4335 47.42 
8.32906 10.3405 0 6.12156 9.88445 
0 3.46139 0 0 0.452853 19.5186 0 
24.2743 10.3187 68.5825 48.8095 
11.9345 11.9345 52.9926 47.6904 
7.98057 10.4934 0 6.13946 9.95243 
0 3.38581 0 0 0.474713 18.9872 0 
308 variables; iteration 390; function evaluation 456; phase 1
Function value   3.3100066e+02; maximum gradient component mag   3.8555e+02
Var   Value    Gradient   |Var   Value    Gradient   |Var   Value    Gradient
  1  0.02882  -5.5290e-01 |  2  0.19289   9.3527e+00 |  3  0.19809   1.4324e+01
  4  0.19913  -6.4481e-02 |  5  0.20024   6.0481e+00 |  6  0.19644   8.1030e+00
  7  0.18085   2.6510e-01 |  8  0.17818   4.7345e+00 |  9  0.17503   5.2788e-02
 10  0.15142  -3.1263e+00 | 11 -2.12960  -1.2325e+00 | 12  0.12848  -5.1281e+00
 13  0.10712   1.1911e+00 | 14 -2.06117   1.3221e+00 | 15 -2.00247  -1.6314e+00
 16 -0.22080  -8.5210e-01 | 17 -0.10390   6.0511e-01 | 18 -0.29081  -3.2732e-02
 19 -0.37306  -1.8763e-02 | 20 -0.63040  -3.5508e-03 | 21 -0.37318  -7.7056e-01
 22 -2.09869  -7.6699e-01 | 23 -0.17751   1.3965e-03 | 24  0.00174  -3.2707e-01
 25  0.08513   7.0455e-01 | 26  0.12426  -1.5208e+00 | 27  0.15149  -1.2320e+00
 28  0.15591   3.9615e+00 | 29  0.14871   1.7450e+00 | 30  0.14839  -2.2060e+00
 31  0.15352  -1.0472e+00 | 32  0.14816   5.7540e+00 | 33  0.12721   1.4504e+00
 34  0.11020   1.6095e+00 | 35  0.11664  -9.3562e+00 | 36  0.11817   2.2001e+00
 37  0.08569  -1.4160e+01 | 38  0.05360   1.7825e+00 | 39  0.00681  -1.6743e+00
 40 -0.04056  -1.0961e+00 | 41 -0.12482  -1.8993e+00 | 42 -1.31696   9.3325e-02
 43  0.03266  -2.9211e-01 | 44  0.02953   3.7380e+00 | 45 -0.04837   1.8547e-01
 46 -0.09771   4.0255e+00 | 47 -0.11698   4.0601e+00 | 48 -0.08297   4.2581e+00
 49 -0.08292   1.1193e+00 | 50 -0.04193   1.4467e+00 | 51  0.02466   3.6733e+00
 52  0.07268   2.1222e+00 | 53  0.03174  -1.0476e+00 | 54 -0.02606  -5.9349e+00
 55  0.04741  -1.6289e+00 | 56  0.08626   2.3954e+00 | 57  0.12822   5.9462e+00
 58  0.17402   1.1375e+01 | 59  0.06610   3.2444e+00 | 60 -0.05952   2.2184e+00
 61 -0.03979   3.1445e-01 | 62  0.01153  -3.6948e+00 | 63 -0.02716  -3.5720e+00
 64 -0.09709  -6.5354e+00 | 65 -0.03936  -4.2058e+00 | 66  0.01793  -3.8752e+00
 67  0.05818   1.7370e+00 | 68 -0.24182  -1.2022e+01 | 69 -0.05269  -2.3260e+00
 70 -0.04758  -2.7098e+00 | 71  0.02176  -5.2417e+00 | 72  0.15756  -2.9105e+00
 73 -0.00226  -6.7937e+00 | 74 -0.04260  -8.1695e+00 | 75 -0.02296  -1.0538e+01
 76  0.06638  -8.5499e+00 | 77 -0.09336  -7.3049e+00 | 78 -0.18703  -1.0567e+01
 79  0.36180  -8.1889e+00 | 80 -0.12132  -1.5645e+01 | 81 -2.11431   2.1724e+00
 82 -0.02571   4.2730e+00 | 83  0.07226   6.2984e+00 | 84 -2.03183   1.0557e+00
 85 -0.02349   8.3127e-01 | 86  0.10019  -9.6687e-01 | 87  0.21051  -5.5024e+00
 88 -0.09777  -8.8807e-01 | 89 -0.22892  -1.6422e+00 | 90 -0.16853  -1.3586e+00
 91 -0.07218  -2.5415e+00 | 92 -0.01430  -1.2143e+00 | 93  0.04089  -1.0628e+00
 94  0.16259   1.7753e+00 | 95 -0.00335  -5.0992e-04 | 96 -0.00622  -2.2600e-02
 97  0.02519  -1.6104e+00 | 98  0.11343  -3.9500e+00 | 99  0.08294  -4.7359e+00
100  0.10859  -2.0246e+00 |101  0.08934  -4.1320e+00 |102 -0.09525  -7.8308e-01
103 -0.12611  -9.3849e-01 |104  0.02818  -1.0210e+00 |105  0.07290   8.5467e-01
106 -0.06691  -1.5843e+00 |107 -0.07145  -1.5474e+00 |108 -2.15705  -7.0796e+00
109  0.04329  -3.7673e+00 |110  0.11416  -1.2126e+00 |111 -0.02780  -4.1744e+00
112 -0.15161  -2.1167e+00 |113 -0.13405  -1.9401e+00 |114 -2.01529  -2.5672e-01
115  0.09912  -4.3994e+00 |116  0.00739  -1.6788e+00 |117  0.03086  -7.2120e+00
118  0.09299  -4.7857e+00 |119  0.06904  -7.3754e-01 |120 -0.01717  -2.8808e+00
121  0.05365  -2.5410e+00 |122  1.77368  -9.3973e+00 |123 -0.98193   1.9469e-01
124  0.12797  -1.8439e+00 |125  0.03127   3.0331e-02 |126  2.16067  -2.0795e-01
127 -0.41091   3.4410e-01 |128  2.58035  -2.6383e-01 |129  1.61346  -3.5377e-01
130 -0.68061   2.0716e-01 |131  3.68392   3.7875e-01 |132  0.72146   1.8251e-01
133 -2.32860  -3.7464e-01 |134  0.48906   3.0979e-01 |135 -0.32428   3.7608e-01
136  3.01506   1.0171e-02 |137 -2.00878  -4.3072e-01 |138  0.27438   3.9137e-01
139  0.23732   4.0118e-01 |140  0.71979   1.8354e-01 |141 -3.48660   2.9812e-01
142 -0.44105   3.3146e-01 |143 -0.75598   1.6110e-01 |144 -3.67852   3.7700e-01
145 -2.26262  -3.9463e-01 |146  2.18155  -4.1337e-01 |147 -0.72304   1.8155e-01
148 -2.65278  -2.2347e-01 |149 -1.03249  -2.1970e-02 |150  2.14812  -4.1916e-01
151 -0.44803   3.2842e-01 |152 -2.84548  -1.0354e-01 |153 -0.22182   4.0488e-01
154  1.60296  -3.4967e-01 |155  0.00628   4.3074e-01 |156 -0.53704   2.8637e-01
157  1.32260  -2.0906e-01 |158 -1.10445  -7.0353e-02 |159 -0.01574   4.3063e-01
160  0.98727   8.6360e-03 |161  0.33927   3.7103e-01 |162 -0.08402   4.2702e-01
163 -0.12533   4.2244e-01 |164  0.68430   2.0497e-01 |165  1.43082  -2.6976e-01
166  3.82361   4.1433e-01 |167 -0.92880   4.8075e-02 |168  0.08067   4.2731e-01
169  0.01002   3.8555e+02 |170  0.02035   1.8287e+01 |171  0.01114   7.8181e+00
172  0.03011  -2.3269e+00 |173  0.08140   3.5915e-01 |174  0.04188  -1.0462e+00
175  0.03909   5.0289e-01 |176  0.01551   1.6557e+00 |177  0.03645   3.4289e+00
178  0.09909   6.9034e+00 |179  0.11993   1.2522e+01 |180  0.10937   9.8026e+00
181  0.06249   1.2353e+00 |182 -0.01878  -1.2773e+00 |183 -0.02547  -1.5193e+00
184 -0.00649  -6.2634e+00 |185 -0.00975  -2.5888e+00 |186 -0.01821   1.2462e+01
187 -0.04900  -1.0590e+00 |188 -0.03258   5.6359e+00 |189  0.02385   1.3285e+01
190  0.03012   1.9357e+01 |191  0.03518   2.7632e+01 |192  0.02557   1.6047e+01
193 -0.01753   2.6716e+00 |194 -0.07572   2.8559e+00 |195 -0.00463   2.4469e+00
196  0.05372   3.4108e-01 |197  0.01937   1.0322e+01 |198  0.00179   1.2713e+00
199  0.00162   1.2022e+01 |200 -0.00372   1.8646e+00 |201  0.00864   4.7369e+00
202  0.10983   3.9098e+00 |203  0.10579   1.6123e+00 |204  0.10541   1.7976e+01
205 -0.04504   1.6142e-01 |206 -0.16447   1.3522e+00 |207 -0.15613   5.7182e+00
208 -0.07047  -2.5151e+00 |209 -0.03230   5.5547e-01 |210  0.06707   2.6865e+00
211 -0.61329   1.9842e-01 |212 -0.08788  -2.0376e+02 |213  0.03169  -7.9674e+01
214 -0.01410  -8.7021e-09 |215 -0.64091   6.7171e+00 |216 -0.82818  -4.4613e+00
217  0.00133   4.9334e+01 |218 -0.15343  -2.5329e+00 |219 -0.24766  -5.3488e+00
220 -0.05073   2.4280e-01 |221  0.03288  -9.0629e-01 |222 -0.00223  -4.5256e-02
223  0.01448   2.9099e+00 |224 -0.02400   2.0780e+00 |225 -0.03021  -4.8370e-02
226  0.10280   3.7037e+00 |227  0.07896  -1.7039e-01 |228  0.19973  -2.3613e-01
229  0.10610  -2.3040e+00 |230  0.10208   1.3149e-01 |231  0.05665   1.7927e+00
232  0.06117   1.1110e+00 |233  0.07301  -1.9247e-01 |234  0.13374   7.9958e-01
235 -0.11163  -1.9368e-01 |236 -0.11797   7.0993e-01 |237 -0.00236  -1.8355e+00
238  0.02263  -1.9007e+00 |239 -0.11303  -3.5994e-01 |240 -0.15970   1.3207e+00
241 -0.04795  -3.5641e+00 |242  0.02207  -3.5922e-01 |243  0.04919   1.5405e-01
244 -0.01312   2.5851e+00 |245 -0.12312   1.1086e+00 |246 -0.22943   1.3013e+00
247 -0.09160   2.2949e-01 |248  0.01553   2.5929e+00 |249  0.06092  -6.7002e-02
250  0.06132  -5.3158e+00 |251  0.03673  -1.6597e+00 |252 -0.01530   9.1107e-01
253 -0.02468  -3.7182e+00 |254  0.04265  -2.7394e-01 |255  0.21154   4.0256e-01
256  0.24509   3.4636e-02 |257 -0.17450   1.5001e+00 |258  0.09672  -1.1243e+02
259  0.14659  -4.6384e+01 |260 -1.13202  -1.6661e+01 |261 -0.85074  -1.2184e+02
262 -0.72104   1.0469e+01 |263  0.16485  -5.8136e+01 |264  0.15395  -5.8391e+01
265 -0.22966  -5.6270e+01 |266  0.38065  -4.9707e+01 |267  0.11676  -5.9132e+01
268  0.07810  -5.9689e+01 |269  0.71002  -2.6457e+01 |270 -0.16282  -5.8185e+01
271  0.54859  -3.9160e+01 |272 -0.10874  -5.9266e+01 |273 -0.72732  -2.4979e+01
274 -0.39010  -4.9199e+01 |275 -0.42596  -4.7173e+01 |276  0.05234  -5.9938e+01
277  0.64317  -3.1972e+01 |278  0.49730  -4.2706e+01 |279 -0.09050  -5.9534e+01
280 -0.46952  -4.4513e+01 |281 -0.02041  -6.0110e+01 |282 -0.12938  -5.8903e+01
283 -0.05743  -5.9896e+01 |284 -0.61881  -3.3897e+01 |285 -0.24013  -5.5913e+01
286 -0.16986  -5.8013e+01 |287 -0.35436  -5.1062e+01 |288 -0.34373  -5.1586e+01
289  0.64800  -3.1584e+01 |290 -0.78424  -1.9995e+01 |291 -0.01518  -6.0124e+01
292  0.14484  -5.8591e+01 |293  0.15184  -5.8438e+01 |294  0.19930  -5.7218e+01
295  0.38392  -4.9532e+01 |296 -0.51826  -4.1289e+01 |297 -0.30271  -5.3469e+01
298  0.17579  -5.7863e+01 |299  0.31992  -5.2706e+01 |300  0.60044  -3.5316e+01
301 -0.22989  -5.6262e+01 |302  0.42384  -4.7297e+01 |303  0.47159  -9.9273e+01
304  0.07741  -9.9025e+00 |305 -0.90825  -7.0593e+01 |306  0.25979  -1.4993e+01
307 -0.88496  -9.5972e+01 |308 -0.52248   1.5646e+01 |
23.6059 10.0342 69.6791 49.1213 
12.0943 12.0943 51.1575 48.7432 
7.77706 11.2524 0 5.81389 10.1521 
0 3.33391 0 0 0.491737 18.2648 0 
23.8373 10.1771 69.0947 48.9379 
11.995 11.995 51.8782 48.2536 
7.80476 10.8199 0 5.9522 10.0664 
0 3.3164 0 0 0.483951 18.5699 0 
23.5962 9.58894 69.2641 49.2454 
12.3479 12.3479 51.1832 48.7892 
7.77588 10.776 0 6.03843 10.017 
0 3.3603 0 0 0.484103 17.9141 0 
23.5894 9.46272 69.2701 49.2282 
12.3803 12.3803 51.0431 48.9211 
7.75299 10.6642 0 6.04381 9.99296 
0 3.35623 0 0 0.482607 17.8734 0 
23.5741 9.3469 69.201 49.1176 
12.353 12.353 51.0308 48.9803 
7.69124 10.5001 0 6.03778 10.0548 
0 3.29256 0 0 0.478078 17.9068 0 
23.5079 9.94197 68.4814 48.8497 
12.0921 12.0921 51.2165 48.922 
7.5233 10.5418 0 6.09462 10.4931 
0 3.12133 0 0 0.469657 17.8713 0 
23.7284 9.39252 68.293 49.0507 
12.3503 12.3503 51.1707 49.1056 
7.4434 10.3071 0 6.17257 10.7792 
0 3.03576 0 0 0.46204 17.1943 0 
23.6317 9.39751 68.6877 49.1742 
12.2789 12.2789 50.969 49.2275 
7.31436 10.1013 0 6.07401 10.7708 
0 2.95152 0 0 0.453883 17.2163 0 
23.5973 9.52023 68.7041 49.1923 
12.25 12.25 51.0069 49.1583 
7.25511 10.0908 0 6.07169 10.7472 
0 2.9196 0 0 0.452284 17.2071 0 
23.6906 9.53162 68.4173 49.2836 
12.2653 12.2653 51.042 49.1046 
7.20543 10.0965 0 6.06807 10.647 
0 2.92557 0 0 0.451059 17.1622 0 
23.6846 9.88447 68.337 49.4467 
12.3238 12.3238 51.1073 48.9958 
6.93134 9.96133 0 5.87292 10.5112 
0 2.90065 0 0 0.456099 17.2157 0 
308 variables; iteration 400; function evaluation 467; phase 1
Function value   3.2549618e+02; maximum gradient component mag   2.3903e+02
Var   Value    Gradient   |Var   Value    Gradient   |Var   Value    Gradient
  1  0.03159  -7.5897e-01 |  2  0.19109  -8.4328e-01 |  3  0.18996  -4.3163e+00
  4  0.19917  -4.0459e+00 |  5  0.19747  -1.8446e+00 |  6  0.19291  -2.9615e+00
  7  0.17996   1.3443e-01 |  8  0.17561  -2.8893e-01 |  9  0.17513   5.6783e-01
 10  0.15104   2.8307e-01 | 11 -2.12554   1.6656e+00 | 12  0.13166   3.8748e+00
 13  0.10474  -2.2322e+00 | 14 -2.05773   1.7688e+00 | 15 -1.99780  -9.0773e-01
 16 -0.22930  -8.4672e-01 | 17 -0.11687   3.6777e-01 | 18 -0.30175  -3.2306e-02
 19 -0.36945  -1.8058e-02 | 20 -0.67209  -3.1249e-03 | 21 -0.14592   2.7879e-01
 22 -2.09284   2.8946e-02 | 23 -0.18339  -3.6229e-04 | 24  0.00845   2.1501e-02
 25  0.08268   7.3258e-01 | 26  0.12407  -5.4471e-02 | 27  0.15053   1.2087e-01
 28  0.15192  -1.6936e+00 | 29  0.14724  -4.5082e-01 | 30  0.14931  -4.8488e-01
 31  0.15340  -1.3412e+00 | 32  0.14613  -1.1066e+00 | 33  0.12832   6.8507e-05
 34  0.11220  -4.6583e-01 | 35  0.12364   1.5293e+00 | 36  0.12074   2.3024e+00
 37  0.09027  -3.0093e+00 | 38  0.05532   2.1022e+00 | 39  0.01059  -1.6098e-01
 40 -0.03591  -2.4235e-01 | 41 -0.09568  -2.5589e-01 | 42 -1.27497   7.8588e-02
 43  0.04492   6.4833e+00 | 44 -0.02696   4.5885e+00 | 45 -0.04579   4.9460e+00
 46 -0.11917   4.8569e+00 | 47 -0.13741   4.6203e+00 | 48 -0.10054   4.9955e+00
 49 -0.06938   4.7434e+00 | 50 -0.03580   4.1289e+00 | 51  0.01486   5.0638e+00
 52  0.04831   3.8911e+00 | 53  0.03317   3.6040e+00 | 54  0.01420   2.5048e-01
 55  0.04408   2.9547e+00 | 56  0.06377   4.0686e+00 | 57  0.12779   6.4256e+00
 58  0.13655   5.8422e+00 | 59  0.08210   5.4070e+00 | 60 -0.05920   4.3648e+00
 61 -0.03386   3.1901e+00 | 62  0.00270  -1.0145e+00 | 63  0.02603   3.3947e+00
 64 -0.03599   1.8177e-02 | 65 -0.06192  -2.0765e+00 | 66  0.01219   4.8108e-02
 67 -0.05090  -1.5793e+00 | 68 -0.18016  -7.9889e+00 | 69 -0.05460  -1.1409e+00
 70 -0.01956   2.4857e-01 | 71  0.06051  -2.7569e+00 | 72  0.07786  -2.4406e+00
 73  0.00997  -2.3666e+00 | 74  0.07858   2.1759e+00 | 75 -0.02045  -6.1907e+00
 76  0.16101  -3.2895e+00 | 77 -0.08079  -4.9930e+00 | 78 -0.15816  -7.7595e+00
 79  0.34307  -1.4177e+01 | 80 -0.12918  -1.4529e+01 | 81 -2.07283   5.9366e-01
 82 -0.03820   4.7881e+00 | 83  0.03017   4.5948e+00 | 84 -1.98782   1.1667e+00
 85 -0.06118  -1.1649e+00 | 86  0.09930  -2.0010e-01 | 87  0.21036   1.6071e+00
 88 -0.10147  -4.1993e-01 | 89 -0.21152  -2.9032e-01 | 90 -0.15114  -3.2491e-01
 91 -0.04401  -2.4198e-01 | 92 -0.01537   1.0841e-01 | 93  0.03542   5.8158e-02
 94  0.15589  -9.8868e-02 | 95  0.00380  -5.2040e-01 | 96 -0.01752  -9.9466e-01
 97  0.01958  -4.3328e-01 | 98  0.10588  -1.4264e-01 | 99  0.09079   5.0465e-01
100  0.09117   8.7493e-01 |101  0.11308   1.7680e+00 |102 -0.07876   1.2468e-01
103 -0.11068  -3.4817e-01 |104  0.04409  -3.1894e-02 |105  0.05062   7.8598e-01
106 -0.05838  -7.6451e-01 |107 -0.06884  -1.1448e+00 |108 -2.09386  -8.2154e-01
109  0.07941  -1.7649e+00 |110  0.09854  -1.0322e+00 |111 -0.00921  -2.9822e+00
112 -0.14157  -2.3821e+00 |113 -0.12870  -2.1917e+00 |114 -2.01897   2.4536e-01
115  0.08903  -6.4392e+00 |116 -0.00166  -3.1866e+00 |117  0.10319  -2.6362e+00
118  0.06674  -1.5784e+00 |119  0.00605  -1.6746e+00 |120 -0.01684  -2.5210e+00
121  0.04210  -3.3355e+00 |122  1.78659  -3.5741e+00 |123 -1.04204  -4.1824e-01
124  0.12860  -2.3551e+00 |125  0.03028  -6.4329e-01 |126  2.13499  -7.6871e-01
127 -0.40634  -5.1539e+00 |128  2.58496   3.8936e+00 |129  1.73480   5.8685e+00
130 -0.66395  -3.2324e+00 |131  3.69282  -5.6846e+00 |132  0.64828  -3.3678e+00
133 -2.50840   4.4774e+00 |134  0.55913  -4.0973e+00 |135 -0.35488  -5.4458e+00
136  2.96557   3.4686e-01 |137 -1.98001   6.4142e+00 |138  0.26499  -5.8694e+00
139  0.24246  -5.9575e+00 |140  0.69957  -2.9173e+00 |141 -3.51757  -4.6612e+00
142 -0.48519  -4.6420e+00 |143 -0.71492  -2.7786e+00 |144 -3.57293  -5.0267e+00
145 -2.29998   5.7180e+00 |146  2.04875   6.3985e+00 |147 -0.66856  -3.1921e+00
148 -2.62623   3.5550e+00 |149 -1.09120   9.1620e-01 |150  2.33009   5.5738e+00
151 -0.37852  -5.3160e+00 |152 -2.89871   1.0167e+00 |153 -0.23808  -5.9738e+00
154  1.57098   5.0144e+00 |155  0.13660  -6.2702e+00 |156 -0.63811  -3.4546e+00
157  1.42280   3.9555e+00 |158 -1.08156   8.1991e-01 |159  0.02041  -6.4140e+00
160  1.02902   2.9239e-01 |161  0.40958  -5.1344e+00 |162 -0.11912  -6.3053e+00
163 -0.09981  -6.3386e+00 |164  0.74755  -2.4786e+00 |165  1.43039   4.0154e+00
166  3.66118  -5.5297e+00 |167 -1.02686   2.7068e-01 |168 -0.04092  -6.4041e+00
169  0.00866   2.3903e+02 |170  0.01737  -2.5319e+00 |171  0.00934  -4.4132e+00
172  0.03308  -4.3568e+00 |173  0.08253  -4.8258e+00 |174  0.04294  -3.4113e+00
175  0.04023  -3.9576e+00 |176  0.01559  -4.3860e+00 |177  0.03621  -2.6419e+00
178  0.09968  -8.9913e-01 |179  0.12143  -1.5858e+00 |180  0.11109  -1.6387e+00
181  0.06140  -2.8599e+00 |182 -0.01966  -4.5689e+00 |183 -0.02890  -5.2666e+00
184 -0.00594  -1.2472e+00 |185 -0.00661  -2.2295e+00 |186 -0.01561   4.7619e-01
187 -0.04309  -4.3208e-01 |188 -0.03255  -1.3774e+00 |189  0.02617  -2.5203e+00
190  0.02915  -2.8327e+00 |191  0.03189   1.5715e+01 |192  0.01941   1.0383e+01
193 -0.01854   6.5955e+00 |194 -0.08029  -1.1268e+00 |195 -0.00069   2.8903e+00
196  0.06019   9.4843e+00 |197  0.02149   4.1221e+00 |198  0.00803   5.3069e+00
199  0.00916   1.9838e+00 |200  0.01510   3.6305e+00 |201  0.01947   1.6332e+00
202  0.12204   1.6537e+01 |203  0.10864   1.3273e+01 |204  0.09961   1.6000e+01
205 -0.07952  -4.6122e+00 |206 -0.14905  -1.4403e+00 |207 -0.18101  -3.5378e+00
208 -0.07001  -6.0751e+00 |209 -0.03467  -2.0441e+00 |210  0.06736  -1.8991e+00
211 -0.64964  -1.1856e+00 |212 -0.08664  -1.7049e+02 |213  0.03345  -2.7830e+01
214 -0.01410  -8.7019e-09 |215 -0.64265   2.7156e+00 |216 -0.82516   4.3133e+00
217  0.00366   1.0942e+01 |218 -0.16644  -1.1376e+00 |219 -0.24947   6.3055e-02
220 -0.05490  -3.1637e-01 |221  0.03116   5.7838e-02 |222 -0.00344  -5.2113e-01
223  0.01129  -2.5989e-01 |224 -0.02306  -1.6590e-01 |225 -0.02802  -6.7669e-01
226  0.09558  -1.2135e+00 |227  0.07352  -1.1516e+00 |228  0.19628  -2.8725e-01
229  0.10568  -3.8559e-02 |230  0.09908  -7.6984e-02 |231  0.05345   4.0431e-01
232  0.06205   6.8805e-01 |233  0.06982   6.5019e-01 |234  0.13091   5.0672e-01
235 -0.10991   5.9148e-02 |236 -0.11676  -2.5261e-01 |237  0.00730  -2.9484e-01
238  0.02463  -1.0656e+00 |239 -0.11127  -6.5440e-01 |240 -0.15216  -7.7355e-01
241 -0.05757   6.7286e-01 |242  0.01371  -3.4970e-01 |243  0.04704   4.5610e-01
244 -0.02541  -1.4680e+00 |245 -0.12745   8.5938e-01 |246 -0.23055   2.3483e+00
247 -0.08939   2.3574e+00 |248  0.01163   2.3457e+00 |249  0.04167   1.3991e+00
250  0.07971   1.1799e+00 |251  0.05824   1.5058e-01 |252 -0.01069   6.4730e-01
253 -0.00479   1.2330e+00 |254  0.06813   1.9682e+00 |255  0.21440   7.1751e-01
256  0.24097   6.6419e-01 |257 -0.17869   3.1460e+00 |258  0.09700  -6.2177e+00
259  0.14836  -1.2024e+01 |260 -1.13203   2.1867e+00 |261 -0.84650  -3.7860e+01
262 -0.73011   1.2063e+00 |263  0.10679  -7.0393e-01 |264  0.14857  -6.9460e-01
265 -0.23226  -6.6696e-01 |266  0.40030  -5.7740e-01 |267  0.14746  -6.9489e-01
268  0.02497  -7.1341e-01 |269  0.74308  -2.8037e-01 |270 -0.16533  -6.9001e-01
271  0.54118  -4.7116e-01 |272 -0.06380  -7.1037e-01 |273 -0.74223  -2.8125e-01
274 -0.41746  -5.6587e-01 |275 -0.40456  -5.7458e-01 |276  0.09162  -7.0657e-01
277  0.64045  -3.8213e-01 |278  0.52386  -4.8557e-01 |279 -0.06689  -7.1002e-01
280 -0.52603  -4.8378e-01 |281 -0.01019  -7.1386e-01 |282 -0.16054  -6.9138e-01
283 -0.09546  -7.0594e-01 |284 -0.61675  -4.0431e-01 |285 -0.23740  -6.6489e-01
286 -0.18211  -6.8494e-01 |287 -0.38858  -5.8504e-01 |288 -0.38647  -5.8639e-01
289  0.68252  -3.4147e-01 |290 -0.81935  -1.9989e-01 |291 -0.00645  -7.1392e-01
292  0.14574  -6.9533e-01 |293  0.15111  -6.9394e-01 |294  0.22313  -6.7055e-01
295  0.39368  -5.8174e-01 |296 -0.51579  -4.9217e-01 |297 -0.28269  -6.4472e-01
298  0.15488  -6.9293e-01 |299  0.33004  -6.2014e-01 |300  0.59532  -4.2389e-01
301 -0.17701  -6.8653e-01 |302  0.45249  -5.4108e-01 |303  0.47208   4.8352e+00
304  0.07448  -4.2963e+00 |305 -0.90343   2.4886e+01 |306  0.26249  -4.5916e+00
307 -0.88096   2.4331e+00 |308 -0.52877  -6.0661e+00 |
23.9636 9.81179 68.4058 49.5367 
12.2455 12.2455 51.1579 48.846 
6.67329 10.0697 0 5.66463 10.4504 
0 2.88734 0 0 0.453977 17.2666 0 
23.9942 9.84017 68.2502 49.6227 
12.2675 12.2675 50.9812 48.9999 
6.55085 10.0582 0 5.55965 10.3608 
0 2.88683 0 0 0.454965 17.3659 0 
23.8959 10.0165 68.2056 49.6191 
12.3851 12.3851 51.0169 49.0054 
6.29563 9.9346 0 5.34909 10.2731 
0 2.88783 0 0 0.455994 17.5296 0 
23.8472 9.93762 68.411 49.4639 
12.3504 12.3504 50.8906 49.1833 
6.09729 9.93013 0 5.1149 10.3466 
0 2.90328 0 0 0.455731 17.6875 0 
23.7227 9.7973 68.1114 49.6023 
12.4872 12.4872 50.6529 49.3765 
6.04624 10.1252 0 4.89508 10.2743 
0 2.93446 0 0 0.458057 17.864 0 
23.7399 9.80197 68.0667 49.5009 
12.4784 12.4784 50.5832 49.4115 
6.03292 10.0772 0 4.92794 10.3543 
0 2.90016 0 0 0.45542 17.8924 0 
23.6336 9.70092 68.1995 49.3357 
12.4228 12.4228 50.696 49.2544 
5.99411 9.99687 0 4.90233 10.6022 
0 2.88164 0 0 0.455611 17.9415 0 
23.6683 9.64172 68.1731 49.3279 
12.4034 12.4034 50.786 49.197 
5.96125 9.93432 0 4.84561 10.6433 
0 2.85943 0 0 0.455389 17.9823 0 
23.6313 9.54853 68.0303 49.3825 
12.4826 12.4826 50.8306 49.1362 
5.88543 9.9276 0 4.71978 10.6428 
0 2.82063 0 0 0.454831 18.1271 0 
23.5892 9.40313 68.0692 49.4437 
12.4306 12.4306 50.8645 49.0069 
5.74381 9.94573 0 4.45106 10.819 
0 2.77185 0 0 0.454284 18.3453 0 
308 variables; iteration 410; function evaluation 477; phase 1
Function value   3.2322729e+02; maximum gradient component mag  -8.1731e+01
Var   Value    Gradient   |Var   Value    Gradient   |Var   Value    Gradient
  1  0.05393  -8.6440e-01 |  2  0.19226   1.7337e+00 |  3  0.19229   2.5815e+00
  4  0.19955  -2.5094e-01 |  5  0.19724  -1.2125e+00 |  6  0.19442   3.2281e+00
  7  0.18004   1.7405e-01 |  8  0.17568  -1.5853e+00 |  9  0.17332  -4.0171e+00
 10  0.15094   4.9757e-01 | 11 -2.12740  -9.9632e-01 | 12  0.12971   6.7947e-01
 13  0.10219  -4.3759e+00 | 14 -2.06295  -2.1392e+00 | 15 -1.98978   2.2945e-01
 16 -0.20444  -8.2562e-01 | 17 -0.10992   4.6569e-01 | 18 -0.30056  -3.2598e-02
 19 -0.36716  -1.8314e-02 | 20 -0.71716  -2.7285e-03 | 21 -0.14963   2.4683e-01
 22 -2.09947   1.5210e-01 | 23 -0.17693  -1.3243e-04 | 24  0.00787  -1.5735e-01
 25  0.08313  -1.2638e-01 | 26  0.12767  -1.2262e-01 | 27  0.15497   1.3940e+00
 28  0.15610  -1.0050e+00 | 29  0.15186   9.2596e-01 | 30  0.15326   3.1525e-01
 31  0.15770   4.5319e-01 | 32  0.14946  -4.5876e-01 | 33  0.13147  -6.7644e-02
 34  0.11567  -7.7807e-01 | 35  0.12510  -9.5660e-01 | 36  0.12331  -1.0019e+00
 37  0.09418   1.8882e+00 | 38  0.05691   1.7213e+00 | 39  0.01183  -3.2682e-01
 40 -0.03585  -2.9345e-01 | 41 -0.09162  -7.6545e-02 | 42 -1.18838   5.4747e-02
 43  0.01742   6.8609e-01 | 44 -0.01750   1.9763e+00 | 45 -0.03206   3.1027e+00
 46 -0.12407   1.9227e+00 | 47 -0.14270   1.9766e+00 | 48 -0.09624   3.5551e+00
 49 -0.05536   4.3463e+00 | 50 -0.03047   2.6834e+00 | 51  0.00570   2.9356e+00
 52  0.03520   2.3312e+00 | 53  0.02805   3.0259e+00 | 54  0.06139   3.7939e+00
 55  0.05689   3.3744e+00 | 56  0.05613   1.1190e+00 | 57  0.10731   5.6441e-02
 58  0.11005  -1.7005e+00 | 59  0.08328   1.1966e+00 | 60 -0.06816   8.1092e-01
 61 -0.04700  -6.8944e-01 | 62  0.04685  -1.4596e+00 | 63  0.02304   8.7004e-01
 64 -0.00393   2.3854e-01 | 65 -0.04231  -1.9756e+00 | 66 -0.06902  -4.4146e+00
 67 -0.09095  -4.5328e+00 | 68 -0.08178  -4.4905e+00 | 69 -0.01724   2.3505e+00
 70 -0.00632   2.4800e+00 | 71  0.06827  -3.3299e-01 | 72  0.08979   1.5079e+00
 73 -0.00207  -2.3656e+00 | 74  0.05686   1.5962e+00 | 75  0.01698  -5.6607e+00
 76  0.14386   3.3446e-01 | 77 -0.08428  -6.1887e+00 | 78 -0.10625  -6.9796e+00
 79  0.33052  -8.6325e+00 | 80 -0.09831  -1.7346e+01 | 81 -1.90503   3.2939e+00
 82 -0.04901   1.4695e+00 | 83  0.02203   1.3507e+00 | 84 -2.01229   2.9076e+00
 85  0.00025  -1.7392e-02 | 86  0.09803  -5.0720e-01 | 87  0.20969  -1.1831e+00
 88 -0.09799  -1.4830e+00 | 89 -0.21439  -1.4235e+00 | 90 -0.15397  -1.5018e+00
 91 -0.03376  -6.6079e-01 | 92 -0.02135  -1.2354e+00 | 93  0.03964  -9.3691e-02
 94  0.15975   1.1501e+00 | 95  0.01466  -1.5632e-01 | 96 -0.00748  -1.1943e+00
 97  0.02030  -5.7739e-01 | 98  0.09557  -4.0318e-01 | 99  0.08227  -3.8501e-01
100  0.09180   2.9674e-01 |101  0.11353  -1.9246e-01 |102 -0.06793  -4.4954e-01
103 -0.10560  -1.7865e+00 |104  0.07009  -1.0305e+00 |105  0.00839  -2.5594e+00
106 -0.08987  -2.6393e+00 |107 -0.07093  -1.2046e+00 |108 -2.07782   2.0389e-01
109  0.10749  -5.2554e-01 |110  0.06138  -4.1279e+00 |111  0.02352  -1.0500e+00
112 -0.11315  -6.3411e-01 |113 -0.12609  -6.8666e-02 |114 -1.96213   8.4868e-01
115  0.11447   1.7778e-01 |116  0.00341  -1.5361e+00 |117  0.08953  -1.1979e+00
118  0.05739  -1.0697e+00 |119  0.02296  -2.4163e-01 |120  0.00286  -1.0956e+00
121  0.02304  -3.3983e+00 |122  1.78701  -6.0853e+00 |123 -1.01895  -1.6660e-01
124  0.13380  -1.5229e+00 |125  0.02038  -1.2682e+00 |126  2.17620   1.5313e+00
127 -0.32457   5.4403e+00 |128  2.42446  -4.8981e+00 |129  1.72900  -5.6767e+00
130 -0.64923   3.2631e+00 |131  3.47302   4.2167e+00 |132  0.71914   2.6614e+00
133 -2.35334  -5.2972e+00 |134  0.57204   3.8815e+00 |135 -0.19463   5.9439e+00
136  2.80404  -1.8884e+00 |137 -1.82373  -5.9955e+00 |138  0.22379   5.8517e+00
139  0.35787   5.2737e+00 |140  0.71035   2.7390e+00 |141 -3.54607   4.7145e+00
142 -0.56100   3.9655e+00 |143 -0.76104   2.2850e+00 |144 -3.29821   2.8140e+00
145 -2.48103  -4.5367e+00 |146  1.88877  -6.1380e+00 |147 -0.64220   3.3216e+00
148 -2.58093  -3.8130e+00 |149 -0.95149   4.7444e-01 |150  2.34700  -5.3297e+00
151 -0.53527   4.1565e+00 |152 -2.76615  -2.2384e+00 |153 -0.12377   6.1155e+00
154  1.59448  -5.0106e+00 |155  0.17354   6.0028e+00 |156 -0.68515   2.9585e+00
157  1.48355  -4.2920e+00 |158 -1.06085  -5.9487e-01 |159  0.12084   6.1210e+00
160  1.07059  -6.8972e-01 |161  0.41939   4.9286e+00 |162 -0.34778   5.3258e+00
163 -0.36312   5.2462e+00 |164  0.77813   2.1286e+00 |165  1.21028  -2.0216e+00
166  3.44977   4.0462e+00 |167 -0.87255   1.2395e+00 |168  0.07639   6.1881e+00
169  0.00971  -6.0828e+01 |170  0.01811   4.6613e+00 |171  0.01146   4.8425e+00
172  0.03467   3.7776e+00 |173  0.08284  -1.6184e+00 |174  0.04466   1.6904e+00
175  0.04059   1.3067e+00 |176  0.02077   7.1640e+00 |177  0.03754   3.5289e+00
178  0.10073  -3.2927e+00 |179  0.12529   1.4334e+00 |180  0.11343  -3.9132e+00
181  0.06137   6.8914e+00 |182 -0.02283   4.6191e+00 |183 -0.03198   4.4431e+00
184 -0.01034   5.8009e+00 |185 -0.00762   1.7662e+00 |186 -0.01470   6.3760e+00
187 -0.04010   9.4127e+00 |188 -0.03134   2.1588e+00 |189  0.02553   9.7213e-01
190  0.03066   7.2985e+00 |191  0.02780   3.3021e+00 |192  0.01528  -2.7919e+00
193 -0.01742   1.0876e+01 |194 -0.07972   3.2633e+00 |195  0.00459   3.0018e+00
196  0.06237   6.9073e-01 |197  0.02363   5.7686e+00 |198  0.00663   1.6442e+00
199  0.00732   1.4063e+00 |200  0.01028  -6.1946e-01 |201  0.02003   2.8531e+00
202  0.11971   9.1680e+00 |203  0.10651   3.9717e+00 |204  0.09639   1.2306e+01
205 -0.04645   7.3729e+00 |206 -0.17303   4.3010e+00 |207 -0.17220   3.0212e+00
208 -0.07029  -1.0875e+00 |209 -0.03514   2.9091e+00 |210  0.06906   4.1610e+00
211 -0.69172   2.0071e+00 |212 -0.07952  -8.1731e+01 |213  0.03440   5.8302e+00
214 -0.01410  -8.7016e-09 |215 -0.64646   9.8291e-01 |216 -0.83137   3.3031e+00
217  0.01284  -1.9575e+00 |218 -0.16480  -7.3571e-01 |219 -0.24663  -1.4344e+00
220 -0.05434  -4.2654e-01 |221  0.03144  -6.0894e-01 |222 -0.00270   9.4635e-01
223  0.01028   3.9631e-01 |224 -0.02513  -7.8431e-01 |225 -0.03040  -7.9108e-01
226  0.09516  -2.8271e-01 |227  0.07466  -5.4508e-01 |228  0.19719  -1.2207e-01
229  0.10516  -4.3316e-01 |230  0.10122  -1.6746e-01 |231  0.05498  -1.0076e+00
232  0.06196  -1.7300e-02 |233  0.06719  -2.6843e-01 |234  0.12787  -1.0369e+00
235 -0.11323   2.7296e-02 |236 -0.12042  -6.2984e-01 |237  0.01580   4.6228e-01
238  0.02987  -6.4220e-01 |239 -0.11334   7.3219e-01 |240 -0.15220   6.7390e-01
241 -0.06106   1.3938e+00 |242  0.02100  -4.6969e-01 |243  0.03917  -1.2138e-01
244 -0.03309  -3.9904e-01 |245 -0.12580  -1.1840e+00 |246 -0.22984  -8.9771e-01
247 -0.09929  -1.9286e-01 |248  0.00545  -8.9246e-01 |249  0.05227  -7.8723e-01
250  0.08025  -1.2876e+00 |251  0.05340  -5.0640e-01 |252 -0.01002  -1.1536e-01
253  0.00307  -1.1893e+00 |254  0.07125  -1.1252e-01 |255  0.21511   8.7147e-01
256  0.24186   2.8057e-01 |257 -0.17759   7.9965e-01 |258  0.09574   1.7213e+00
259  0.14917   6.9008e+00 |260 -1.13173  -1.1146e+00 |261 -0.84558  -1.9617e+01
262 -0.80565  -1.8754e+00 |263  0.05652   7.1192e+00 |264  0.16428   6.9107e+00
265 -0.25815   6.5677e+00 |266  0.46498   5.3242e+00 |267  0.10639   7.0477e+00
268 -0.01838   7.1443e+00 |269  0.77696   2.4531e+00 |270 -0.17269   6.8860e+00
271  0.52922   4.8167e+00 |272 -0.03686   7.1353e+00 |273 -0.74063   2.8321e+00
274 -0.43942   5.5113e+00 |275 -0.42213   5.6328e+00 |276  0.14044   6.9741e+00
277  0.60567   4.1495e+00 |278  0.50675   5.0001e+00 |279 -0.07560   7.0970e+00
280 -0.53933   4.7322e+00 |281 -0.02571   7.1415e+00 |282 -0.24471   6.6258e+00
283 -0.06719   7.1075e+00 |284 -0.58618   4.3256e+00 |285 -0.23257   6.6757e+00
286 -0.19018   6.8308e+00 |287 -0.38621   5.8719e+00 |288 -0.39931   5.7868e+00
289  0.70323   3.2124e+00 |290 -0.85383   1.6267e+00 |291  0.00439   7.1471e+00
292  0.19481   6.8153e+00 |293  0.13983   6.9756e+00 |294  0.21666   6.7374e+00
295  0.41264   5.6978e+00 |296 -0.54456   4.6881e+00 |297 -0.19164   6.8259e+00
298  0.15197   6.9446e+00 |299  0.30462   6.3446e+00 |300  0.57214   4.4500e+00
301 -0.13613   6.9845e+00 |302  0.50354   5.0257e+00 |303  0.47033  -8.0372e+00
304  0.08094   1.6472e+00 |305 -0.90510   1.7473e+01 |306  0.25821  -3.5927e+00
307 -0.87936   5.5911e+01 |308 -0.52578   1.6688e+01 |
23.522 9.3493 68.0226 49.5041 
12.4351 12.4351 50.9447 48.9178 
5.70841 9.99771 0 4.34526 10.795 
0 2.70978 0 0 0.453556 18.4652 0 
23.3897 9.37447 67.9275 49.498 
12.5691 12.5691 51.0553 48.7932 
5.5994 10.0018 0 4.18557 10.7449 
0 2.61098 0 0 0.453132 18.739 0 
23.1457 9.43285 68.0227 49.3002 
12.4466 12.4466 50.957 48.7585 
5.51717 10.1065 0 3.97568 10.888 
0 2.50917 0 0 0.452317 19.0383 0 
22.8403 9.70382 68.201 48.9337 
12.3189 12.3189 50.8529 48.7654 
5.44682 10.2243 0 3.81533 10.9051 
0 2.38461 0 0 0.448783 19.4244 0 
22.7765 9.6287 68.1153 48.7232 
12.3921 12.3921 50.797 48.7816 
5.46153 10.1704 0 3.78849 11.0153 
0 2.37886 0 0 0.448118 19.5454 0 
22.6578 9.41055 68.0723 48.391 
12.3894 12.3894 50.6643 48.7945 
5.49246 10.2074 0 3.73337 11.2273 
0 2.34212 0 0 0.446085 19.7445 0 
22.5261 9.10169 68.1572 47.91 
12.3248 12.3248 50.3297 48.9805 
5.56727 10.1382 0 3.62842 11.4616 
0 2.28927 0 0 0.444448 20.0858 0 
22.3778 8.87258 68.1272 47.409 
12.3068 12.3068 50.3533 49.0091 
5.7348 9.9956 0 3.52419 11.5615 
0 2.26197 0 0 0.44105 20.513 0 
22.2165 8.85941 68.0737 47.3118 
12.289 12.289 50.3571 49.0171 
5.77224 9.98449 0 3.4953 11.566 
0 2.24012 0 0 0.44154 20.6567 0 
21.9318 8.77168 68.1479 47.1321 
12.283 12.283 50.3884 49.0047 
5.85567 9.89304 0 3.37221 11.4835 
0 2.20912 0 0 0.4439 20.9337 0 
308 variables; iteration 420; function evaluation 487; phase 1
Function value   3.2010791e+02; maximum gradient component mag  -7.0775e+01
Var   Value    Gradient   |Var   Value    Gradient   |Var   Value    Gradient
  1  0.10330  -1.9175e+00 |  2  0.19131   1.7689e+00 |  3  0.19150   3.5358e+00
  4  0.19801   2.2369e+00 |  5  0.19709   5.0967e+00 |  6  0.19191   1.2835e+00
  7  0.17822   6.5028e-01 |  8  0.17444   2.0691e+00 |  9  0.17206  -6.4945e-01
 10  0.14713  -3.2275e+00 | 11 -2.12227   3.4277e+00 | 12  0.12329  -4.2378e+00
 13  0.10499   4.2183e+00 | 14 -2.05373   1.9867e+00 | 15 -1.96999   2.5612e+00
 16 -0.18087  -8.2131e-01 | 17 -0.14678  -4.7036e-02 | 18 -0.31237  -3.5687e-02
 19 -0.36944  -1.9417e-02 | 20 -0.82170  -1.7569e-03 | 21 -0.19460  -4.9197e-01
 22 -2.09779   1.1346e-01 | 23 -0.17634  -2.9379e-04 | 24 -0.00936  -7.1627e-01
 25  0.08332  -2.7215e-01 | 26  0.12717   5.0954e-01 | 27  0.15483   4.5442e+00
 28  0.15501   7.3518e-01 | 29  0.14921   3.2241e-01 | 30  0.15145   1.2851e+00
 31  0.15492   3.8879e-01 | 32  0.14709   1.0341e+00 | 33  0.12957   1.9348e+00
 34  0.11190   1.4186e-01 | 35  0.12318   6.3586e-01 | 36  0.12016   1.5084e+00
 37  0.09036   3.6299e+00 | 38  0.05205   1.4811e+00 | 39  0.00755   1.3441e+00
 40 -0.04337  -1.1489e+00 | 41 -0.09034   3.4438e-01 | 42 -1.37441   1.0429e-01
 43 -0.00331  -1.3252e+00 | 44 -0.02064   1.7362e+00 | 45 -0.03921   1.7488e+00
 46 -0.13003   4.6214e-01 | 47 -0.15309  -1.2337e-01 | 48 -0.12334  -8.9085e-01
 49 -0.08309  -7.0235e-01 | 50 -0.05733  -2.1576e+00 | 51 -0.00244  -3.8477e-01
 52  0.05451   1.4821e+00 | 53  0.02537   9.8304e-01 | 54  0.09000   3.5028e+00
 55  0.02074  -2.3937e+00 | 56  0.04873  -2.1618e+00 | 57  0.10234  -2.6555e+00
 58  0.13587  -2.7931e+00 | 59  0.02288  -4.3682e+00 | 60 -0.06931   5.5317e-01
 61 -0.03226   8.0059e-01 | 62  0.09573   2.9068e+00 | 63 -0.00476  -1.4161e+00
 64 -0.01342  -1.4122e+00 | 65 -0.08862  -5.8686e+00 | 66 -0.03516  -2.6527e+00
 67 -0.04597  -1.3849e+00 | 68 -0.01095   5.6060e-01 | 69 -0.04170   1.6089e-01
 70 -0.03199   9.6011e-02 | 71  0.11206   2.4623e+00 | 72  0.04372  -2.2038e+00
 73  0.00160  -2.8345e+00 | 74  0.03260  -4.6916e-01 | 75  0.10301  -2.6588e+00
 76  0.11067  -6.6158e-01 | 77 -0.11624  -7.5795e+00 | 78 -0.07467  -4.0643e+00
 79  0.32003   6.8275e+00 | 80  0.03967  -2.1034e+01 | 81 -1.84225   3.9834e+00
 82 -0.05849   7.4170e-01 | 83  0.03188   1.6874e+00 | 84 -2.01014   3.7938e+00
 85 -0.08870  -2.6899e+00 | 86  0.11045  -1.1311e+00 | 87  0.20705  -3.0134e+00
 88 -0.10579  -1.0167e+00 | 89 -0.22057  -7.9808e-01 | 90 -0.15302  -2.7442e-01
 91 -0.03384   5.8575e-01 | 92 -0.01148   4.6644e-01 | 93  0.04585   7.6591e-01
 94  0.16329   3.4938e-01 | 95  0.00960  -3.6568e-01 | 96 -0.01252  -7.7052e-01
 97  0.01447  -1.1497e-01 | 98  0.09150  -7.4347e-01 | 99  0.08662  -2.9042e-01
100  0.09134   9.6254e-01 |101  0.11329  -5.0741e-01 |102 -0.05992  -1.5162e-01
103 -0.11269  -1.4208e+00 |104  0.04554  -4.2507e-01 |105  0.05841   1.8498e+00
106 -0.06555  -1.3709e+00 |107 -0.06978  -2.2806e-01 |108 -2.03358   1.9450e+00
109  0.11441   5.0685e-01 |110  0.09766   1.0729e+00 |111  0.01462   2.4481e-01
112 -0.12090   2.8920e-01 |113 -0.13790   4.9453e-01 |114 -1.94765   2.6978e-01
115  0.11098   8.7980e-01 |116  0.03010   8.9136e-01 |117  0.09608   1.9497e-01
118  0.04915  -2.4011e-01 |119  0.01744   1.4902e-01 |120  0.03224   3.3667e-01
121  0.08702   1.9803e+00 |122  1.81253  -4.8343e+00 |123 -0.94607   5.4622e-01
124  0.13328   1.3363e+00 |125  0.02399   8.4415e-01 |126  2.18413   1.0509e+00
127 -0.26802  -2.2632e+00 |128  2.30748   2.1961e+00 |129  1.89387   2.4454e+00
130 -0.74507  -9.6669e-01 |131  3.51858  -1.8039e+00 |132  0.70160  -1.1202e+00
133 -2.43280   1.9284e+00 |134  0.58301  -1.5106e+00 |135 -0.30122  -2.2073e+00
136  2.87439   4.8612e-01 |137 -1.75844   2.3034e+00 |138  0.10769  -2.4444e+00
139  0.43535  -1.9222e+00 |140  0.76346  -9.0031e-01 |141 -3.48393  -1.7086e+00
142 -0.64335  -1.3177e+00 |143 -0.80385  -7.5200e-01 |144 -3.22659  -8.6408e-01
145 -2.41850   1.9630e+00 |146  1.78916   2.3450e+00 |147 -0.70612  -1.1045e+00
148 -2.65187   1.2894e+00 |149 -0.92819  -2.7912e-01 |150  2.39506   2.0174e+00
151 -0.45943  -1.8616e+00 |152 -2.78892   8.0723e-01 |153 -0.19977  -2.3587e+00
154  1.67037   2.1547e+00 |155  0.17234  -2.3894e+00 |156 -0.94776  -2.0328e-01
157  1.46892   1.6658e+00 |158 -1.10627   4.1201e-01 |159  0.21653  -2.3377e+00
160  0.99927  -2.5191e-03 |161  0.61868  -1.3981e+00 |162 -0.30342  -2.2034e+00
163 -0.24680  -2.2957e+00 |164  0.88940  -4.2863e-01 |165  1.26043   9.8637e-01
166  3.38664  -1.4152e+00 |167 -0.97524  -9.6438e-02 |168 -0.01070  -2.4794e+00
169  0.01183  -7.0775e+01 |170  0.01062  -1.5422e+01 |171  0.00941   1.1827e+00
172  0.03341   6.3908e+00 |173  0.07831  -4.6366e+00 |174  0.04047  -9.2474e-02
175  0.03798   8.0171e-01 |176  0.01779   2.2195e+00 |177  0.04031   2.5277e+00
178  0.10351  -4.1711e+00 |179  0.12589  -2.8956e+00 |180  0.11367  -4.1535e+00
181  0.05825   9.2206e+00 |182 -0.02818  -1.1611e+00 |183 -0.02999   2.5023e-01
184 -0.01047  -1.3193e-02 |185 -0.00764   3.3959e+00 |186 -0.01666   2.1660e-01
187 -0.03794  -1.4202e+00 |188 -0.02523  -1.6143e+00 |189  0.02658  -8.0446e-01
190  0.03068   1.0907e+01 |191  0.02795   2.0365e+00 |192  0.02177  -2.3083e+00
193 -0.01943  -5.0907e+00 |194 -0.07047  -1.3369e+00 |195  0.00384  -3.7968e+00
196  0.06211  -2.9201e+00 |197  0.02506   4.5468e-01 |198  0.00763   1.2190e+00
199  0.00825   3.1857e+00 |200  0.01437  -1.5508e+00 |201  0.02770  -1.7637e+00
202  0.12082   4.0033e+00 |203  0.10534  -1.0488e+01 |204  0.10061  -9.5739e-01
205 -0.08172  -3.2876e+00 |206 -0.14570   9.3262e-01 |207 -0.16928   1.2168e+00
208 -0.06948   6.0871e-01 |209 -0.03556  -9.0896e-02 |210  0.07044   2.8569e+00
211 -0.71718   2.0704e-01 |212 -0.07333  -5.6849e+01 |213  0.03641   1.4666e+01
214 -0.01410  -8.7006e-09 |215 -0.65356   6.8396e-01 |216 -0.84362  -5.6166e+00
217  0.02202   1.4218e+01 |218 -0.16833   1.2427e+00 |219 -0.24707   7.2419e-01
220 -0.05079   1.2597e+00 |221  0.03423   1.2278e+00 |222 -0.00441   4.4638e-01
223  0.00982   5.0022e-01 |224 -0.02597  -3.0345e-01 |225 -0.03380  -2.0437e-01
226  0.08916  -7.5401e-01 |227  0.07057  -7.8822e-01 |228  0.19409  -5.2894e-01
229  0.09899  -1.1230e+00 |230  0.09839   5.4679e-01 |231  0.05143  -3.0349e-01
232  0.05940   7.9819e-01 |233  0.06417  -7.1460e-02 |234  0.12936  -2.1933e-01
235 -0.11206   1.1207e+00 |236 -0.12093   8.2325e-01 |237  0.00444   1.4184e+00
238  0.03055  -1.0611e+00 |239 -0.10040   1.5228e+00 |240 -0.14344   4.7570e-01
241 -0.07136   9.6092e-02 |242  0.00596   2.1252e-01 |243  0.04263  -6.7354e-01
244 -0.02199  -4.3723e-01 |245 -0.12063   6.0492e-01 |246 -0.23294   8.0647e-02
247 -0.10496  -5.5952e-01 |248 -0.00167  -1.4001e+00 |249  0.05171  -8.6331e-01
250  0.08262  -1.3618e+00 |251  0.05636   6.4432e-01 |252 -0.01249   8.0705e-02
253  0.00543  -3.8800e-01 |254  0.10150  -1.7051e-01 |255  0.22119   2.3309e+00
256  0.24137   1.3261e+00 |257 -0.17331   5.2750e-01 |258  0.09466  -2.9164e+01
259  0.14910  -3.8423e+00 |260 -1.13144   6.9642e-01 |261 -0.84480  -8.9395e+00
262 -0.88642  -3.1917e-01 |263  0.01185   1.9544e+00 |264  0.28595   1.7608e+00
265 -0.38307   1.6114e+00 |266  0.55210   1.2646e+00 |267  0.06625   1.9441e+00
268 -0.11457   1.9231e+00 |269  0.85634   4.3737e-01 |270 -0.18318   1.8743e+00
271  0.59814   1.1536e+00 |272  0.06204   1.9454e+00 |273 -0.74907   7.5068e-01
274 -0.50192   1.3780e+00 |275 -0.49540   1.3921e+00 |276  0.16331   1.8907e+00
277  0.60852   1.1277e+00 |278  0.45513   1.4761e+00 |279 -0.09970   1.9308e+00
280 -0.54189   1.2883e+00 |281 -0.08199   1.9385e+00 |282 -0.26335   1.7898e+00
283  0.03249   1.9522e+00 |284 -0.53768   1.2980e+00 |285 -0.19882   1.8602e+00
286 -0.20080   1.8583e+00 |287 -0.39209   1.5955e+00 |288 -0.41581   1.5524e+00
289  0.70605   8.7083e-01 |290 -0.89467   3.2195e-01 |291  0.08528   1.9372e+00
292  0.22947   1.8291e+00 |293  0.07489   1.9412e+00 |294  0.19461   1.8641e+00
295  0.41511   1.5537e+00 |296 -0.56996   1.2223e+00 |297 -0.15284   1.8986e+00
298  0.17052   1.8850e+00 |299  0.30021   1.7414e+00 |300  0.52528   1.3262e+00
301 -0.10093   1.9302e+00 |302  0.47517   1.4350e+00 |303  0.47024  -2.6202e+01
304  0.09429   6.8850e+00 |305 -0.91087  -6.0700e+01 |306  0.25439  -1.0380e+00
307 -0.88134  -4.6167e+01 |308 -0.51883   1.3266e+01 |
21.371 8.41326 68.4158 46.8003 
12.1754 12.1754 50.2949 49.0816 
6.15611 9.80655 0 3.08303 11.4236 
0 2.17418 0 0 0.447321 21.5333 0 
20.2795 8.37301 68.7452 46.42 
11.9343 11.9343 50.1551 49.1797 
6.67237 9.80184 0 2.75989 11.2929 
0 2.18745 0 0 0.454835 22.2598 0 
19.9486 8.41955 68.7906 46.381 
12.1066 12.1066 50.1745 49.207 
6.82428 9.53812 0 2.69841 11.1392 
0 2.20091 0 0 0.45484 22.2995 0 
19.7693 8.39619 68.5637 46.6493 
12.0802 12.0802 50.0507 49.271 
6.75851 9.51513 0 2.56354 10.9771 
0 2.18578 0 0 0.45304 22.2863 0 
19.3345 7.75878 69.0389 46.6194 
11.6984 11.6984 49.6386 49.4636 
6.94367 9.72885 0 2.34647 10.9519 
0 2.23192 0 0 0.452239 22.4301 0 
18.8753 7.99827 69.0025 46.6658 
11.8741 11.8741 48.9929 49.7025 
6.86169 9.41751 0 2.31113 10.9432 
0 2.41191 0 0 0.451072 21.9562 0 
18.6315 7.74923 69.5429 46.4637 
11.6669 11.6669 48.4692 50.0507 
7.02369 9.46003 0 2.27605 11.0061 
0 2.55861 0 0 0.448678 21.8617 0 
18.6469 7.76431 69.4875 46.4466 
11.5522 11.5522 48.5299 49.9647 
6.97854 9.52897 0 2.28512 11.0239 
0 2.51024 0 0 0.447223 21.847 0 
18.7007 8.04661 69.1571 46.5283 
11.5943 11.5943 48.576 49.8555 
6.79033 9.47452 0 2.38584 11.1228 
0 2.41146 0 0 0.446557 21.5096 0 
18.6471 7.49062 69.781 46.3821 
11.0989 11.0989 48.5674 49.7087 
6.81392 9.82162 0 2.41195 11.2445 
0 2.31315 0 0 0.447158 21.1988 0 
308 variables; iteration 430; function evaluation 497; phase 1
Function value   3.1433442e+02; maximum gradient component mag  -1.0453e+02
Var   Value    Gradient   |Var   Value    Gradient   |Var   Value    Gradient
  1  0.15172   5.9394e+00 |  2  0.18516  -8.2299e-01 |  3  0.18715  -8.0499e+00
  4  0.19869   1.3979e+00 |  5  0.19546  -4.5306e-01 |  6  0.19105  -2.5045e+00
  7  0.17946   2.3676e+00 |  8  0.17190  -5.3190e+00 |  9  0.17302   7.7870e-01
 10  0.14873   1.1594e+00 | 11 -2.12573  -2.1540e+00 | 12  0.12798   3.2952e+00
 13  0.09788  -4.2396e+00 | 14 -2.06130  -4.1383e+00 | 15 -1.99195  -8.1981e-01
 16 -0.14665  -6.2594e-01 | 17 -0.16278  -2.8697e-02 | 18 -0.32575  -3.4217e-02
 19 -0.35315  -1.7084e-02 | 20 -0.91914  -8.0670e-04 | 21 -0.13143   1.0004e+00
 22 -2.10690  -8.7868e-01 | 23 -0.17374  -1.9613e-04 | 24  0.01540   7.8787e-02
 25  0.08828   3.7006e-01 | 26  0.13133   2.4647e+00 | 27  0.15430  -8.5264e-01
 28  0.15663  -3.3335e-01 | 29  0.15094  -7.9799e-01 | 30  0.15306   1.3268e-02
 31  0.15709   5.7617e-01 | 32  0.14869  -6.5753e-01 | 33  0.13069   2.2159e-01
 34  0.11499   4.0618e-01 | 35  0.12270  -2.5331e-01 | 36  0.12014   1.1278e+00
 37  0.08965   1.9031e+00 | 38  0.05303   2.8485e+00 | 39  0.00798   6.3232e-01
 40 -0.03894   3.7940e-01 | 41 -0.10635  -7.7407e-01 | 42 -1.60255   1.4901e-01
 43  0.00125  -1.8292e+00 | 44 -0.06892  -3.5946e+00 | 45 -0.05504  -6.3772e-01
 46 -0.14997  -1.8962e+00 | 47 -0.16998  -2.4170e+00 | 48 -0.15096  -4.5288e+00
 49 -0.10494  -4.1679e+00 | 50 -0.08080  -5.1833e+00 | 51 -0.01172  -1.9631e+00
 52  0.06433   1.6743e+00 | 53  0.01687  -4.6205e-01 | 54  0.07044  -1.7652e-01
 55  0.03252  -3.4319e+00 | 56  0.04086  -4.5445e+00 | 57  0.08199  -5.2708e+00
 58  0.13179  -9.7409e-01 | 59  0.06801   2.2268e+00 | 60 -0.08316   1.4721e+00
 61 -0.04973   1.9032e+00 | 62  0.09937   9.1824e+00 | 63  0.00168   3.5453e+00
 64 -0.02433   2.1101e+00 | 65 -0.07289  -2.2409e+00 | 66  0.03161   7.1752e+00
 67 -0.01389   4.9655e+00 | 68 -0.01927   2.7306e+00 | 69 -0.05495   8.0113e-01
 70 -0.02763   2.0886e+00 | 71  0.07446   1.9878e+00 | 72  0.07708   3.0543e+00
 73  0.00233  -2.1485e-01 | 74 -0.00955  -7.6208e-01 | 75  0.15688   6.8769e+00
 76  0.08053   3.5758e+00 | 77 -0.07234  -1.6686e+00 | 78 -0.06437   1.8846e+00
 79  0.24224   3.6299e+01 | 80  0.25528   1.4832e+00 | 81 -1.82320   3.6996e+00
 82 -0.08349   2.9743e-01 | 83  0.00701   5.8823e-01 | 84 -2.01840   3.1841e+00
 85 -0.02292  -6.1205e-01 | 86  0.09110  -1.4246e+00 | 87  0.21749  -9.3193e-01
 88 -0.07118   1.7086e-01 | 89 -0.20043  -4.5859e-01 | 90 -0.14280  -1.5954e-01
 91 -0.04099  -9.7420e-01 | 92 -0.01908  -1.6264e+00 | 93  0.03599  -2.4821e+00
 94  0.17013  -2.6930e+00 | 95  0.00582  -9.2421e-01 | 96  0.00655   8.0993e-01
 97  0.00991  -1.1372e-01 | 98  0.09757  -2.9466e-01 | 99  0.08218  -2.2218e+00
100  0.09596  -1.9072e+00 |101  0.10502  -3.0663e+00 |102 -0.07613  -6.8493e-01
103 -0.09007   2.2520e-01 |104  0.06044   2.5469e-01 |105  0.02323  -1.6689e-01
106 -0.03680   1.3234e+00 |107 -0.06008   3.4776e-01 |108 -2.04127   1.4463e+00
109  0.11144   1.1921e-01 |110  0.08690   1.8630e-01 |111  0.00761  -2.4910e-02
112 -0.13218  -2.8222e-01 |113 -0.15628   2.1980e-02 |114 -1.90660   2.8640e+00
115  0.13384   3.6624e+00 |116  0.01931   6.1396e-02 |117  0.10183   2.0546e+00
118  0.02462  -1.7311e-01 |119  0.00754  -1.1832e-01 |120  0.05336   2.0628e-01
121  0.08584  -1.1154e+00 |122  1.79783  -1.1229e+01 |123 -0.89669   1.0459e+00
124  0.11790   4.0881e+00 |125 -0.00888   3.9090e-01 |126  2.21262   1.9424e+00
127 -0.34468  -1.0577e+01 |128  2.32113   1.0805e+01 |129  1.89854   1.2186e+01
130 -0.75416  -4.6486e+00 |131  3.68316  -1.0845e+01 |132  0.87165  -2.4715e+00
133 -2.78139   4.1554e+00 |134  0.58894  -7.4270e+00 |135 -0.29553  -1.1036e+01
136  2.93718   1.2159e+00 |137 -1.61861   1.0193e+01 |138 -0.09767  -1.2197e+01
139  0.49784  -8.7569e+00 |140  0.76697  -4.4176e+00 |141 -3.46255  -8.1992e+00
142 -0.67076  -6.1023e+00 |143 -0.67628  -6.0091e+00 |144 -3.06494  -1.2569e+00
145 -2.12307   1.2112e+01 |146  1.74813   1.1389e+01 |147 -0.77342  -4.3006e+00
148 -2.66976   6.1192e+00 |149 -1.07626   1.4750e+00 |150  2.46711   9.1664e+00
151 -0.19366  -1.1776e+01 |152 -2.74434   4.8245e+00 |153 -0.27766  -1.1187e+01
154  1.47891   8.4334e+00 |155  0.32871  -1.0733e+01 |156 -1.24222   4.5834e+00
157  1.45608   8.1050e+00 |158 -1.09461   1.8274e+00 |159  0.21296  -1.1658e+01
160  0.78933  -4.0102e+00 |161  0.68915  -5.7899e+00 |162 -0.31996  -1.0816e+01
163 -0.08458  -1.2234e+01 |164  0.96889  -6.0291e-01 |165  1.36864   6.7542e+00
166  3.17209  -3.2959e+00 |167 -0.94970  -9.7411e-01 |168 -0.34922  -1.0531e+01
169  0.01296  -1.0453e+02 |170  0.00618   1.9257e+01 |171  0.00431   5.8657e+00
172  0.02756   7.3233e+00 |173  0.07577   1.8101e+01 |174  0.03801   1.2740e+01
175  0.03554   1.2349e+01 |176  0.01743   9.5732e+00 |177  0.03636   4.4420e+00
178  0.10230   1.8535e+00 |179  0.12408   9.9231e+00 |180  0.11149   9.9023e+00
181  0.05828   1.3687e+01 |182 -0.02740   6.1505e+00 |183 -0.03137   7.3321e+00
184 -0.00922   5.1295e+00 |185 -0.00570  -9.1574e-01 |186 -0.01475  -3.0763e-01
187 -0.03818   3.5671e+00 |188 -0.02553   3.7680e+00 |189  0.02882  -4.6258e-01
190  0.03074   2.3311e+00 |191  0.03390   1.1745e+01 |192  0.02736   9.1164e+00
193 -0.01741  -4.2399e-01 |194 -0.07456   5.7790e+00 |195 -0.00174   3.1270e-01
196  0.05976   1.3598e+00 |197  0.02514   6.6211e+00 |198  0.01093   8.4280e+00
199  0.00935   4.8947e+00 |200  0.01562   5.1108e+00 |201  0.02593   1.5041e+00
202  0.12189  -3.1921e+00 |203  0.10991  -1.8925e+01 |204  0.10490  -1.2134e+01
205 -0.07674   2.3520e+00 |206 -0.11128   8.5866e+00 |207 -0.16139   7.2049e+00
208 -0.07987   1.1665e+01 |209 -0.04045   6.7031e+00 |210  0.06469   6.4034e+00
211 -0.74847   2.5261e+00 |212 -0.06691   6.4301e+01 |213  0.03569   1.6400e+01
214 -0.01410  -8.6993e-09 |215 -0.64555   4.8223e+00 |216 -0.83137   9.4780e-01
217  0.02811  -5.4953e+00 |218 -0.16323   2.2788e+00 |219 -0.25100   1.7607e+00
220 -0.05584   5.1146e-01 |221  0.03907   7.9962e-01 |222  0.00205  -2.0219e-01
223  0.01009   2.0011e+00 |224 -0.03136   3.8927e-02 |225 -0.03774   2.9736e+00
226  0.08272   1.1651e+00 |227  0.06999   2.9154e+00 |228  0.19481   1.4211e+00
229  0.10176   8.4474e-01 |230  0.09775   2.9978e-01 |231  0.05117   7.5827e-01
232  0.05634   1.0437e+00 |233  0.06076   8.9693e-01 |234  0.12418   1.0618e+00
235 -0.12151   2.1354e+00 |236 -0.12851   3.8830e-01 |237  0.00508   6.2514e-01
238  0.02849   9.9214e-01 |239 -0.10672   4.5221e-01 |240 -0.14651  -1.2621e+00
241 -0.06999   6.2691e-02 |242  0.01240   1.0158e+00 |243  0.05140   1.0137e+00
244 -0.01484   1.4895e+00 |245 -0.11839   9.9529e-01 |246 -0.23449   6.4974e-01
247 -0.11342   1.4842e-01 |248 -0.00175   7.2285e-01 |249  0.05708   1.5101e-01
250  0.08536   6.1819e-01 |251  0.05163   1.6969e-01 |252 -0.01834  -6.0992e-01
253  0.01605   1.4738e+00 |254  0.12247   1.0588e+00 |255  0.20551   7.1645e-01
256  0.24277   6.6776e-01 |257 -0.15853  -4.7639e+00 |258  0.09480  -5.0826e+00
259  0.14948  -1.4145e+01 |260 -1.13160   3.2895e+00 |261 -0.84285   3.2040e+01
262 -0.93267  -5.6333e-01 |263 -0.02490  -2.7833e+01 |264  0.38837  -2.2830e+01
265 -0.45928  -2.0915e+01 |266  0.58965  -1.6737e+01 |267  0.06651  -2.7703e+01
268 -0.22403  -2.6148e+01 |269  0.90073  -4.3258e+00 |270 -0.22954  -2.6063e+01
271  0.63595  -1.5075e+01 |272  0.16808  -2.6889e+01 |273 -0.76309  -1.0128e+01
274 -0.56935  -1.7438e+01 |275 -0.54774  -1.8165e+01 |276  0.17533  -2.6805e+01
277  0.66160  -1.4119e+01 |278  0.41577  -2.2122e+01 |279 -0.07805  -2.7646e+01
280 -0.54308  -1.8319e+01 |281 -0.12035  -2.7358e+01 |282 -0.24956  -2.5742e+01
283  0.08159  -2.7626e+01 |284 -0.51073  -1.9361e+01 |285 -0.19870  -2.6509e+01
286 -0.20386  -2.6439e+01 |287 -0.43151  -2.1697e+01 |288 -0.43152  -2.1697e+01
289  0.70985  -1.2260e+01 |290 -0.91792  -3.5815e+00 |291  0.12260  -2.7340e+01
292  0.24575  -2.5805e+01 |293 -0.00108  -2.7855e+01 |294  0.19996  -2.6492e+01
295  0.45821  -2.0946e+01 |296 -0.57028  -1.7406e+01 |297 -0.14904  -2.7095e+01
298  0.20357  -2.6443e+01 |299  0.30812  -2.4655e+01 |300  0.48185  -2.0250e+01
301 -0.05010  -2.7768e+01 |302  0.45453  -2.1052e+01 |303  0.47099  -6.0099e+00
304  0.09341  -3.8963e+00 |305 -0.90761   2.9111e+00 |306  0.24616  -3.4115e+00
307 -0.88192  -3.3560e+01 |308 -0.51771  -1.9100e+01 |
18.806 8.03651 69.3826 46.3904 
11.2052 11.2052 48.6395 49.6331 
6.54458 9.58299 0 2.5615 11.2888 
0 2.25938 0 0 0.448256 20.7428 0 
18.9403 7.96566 69.5911 46.1656 
11.2327 11.2327 48.7169 49.5852 
6.48893 9.43101 0 2.75349 11.1111 
0 2.17056 0 0 0.452322 20.2579 0 
19.3157 7.59461 70.4132 46.155 
10.9424 10.9424 48.6051 49.7108 
6.3925 9.56852 0 2.99932 10.8103 
0 2.1278 0 0 0.450913 19.1965 0 
19.411 7.77579 70.1842 46.2024 
11.1418 11.1418 48.6813 49.7222 
6.30617 9.39393 0 3.09699 10.6714 
0 2.09271 0 0 0.452332 18.8451 0 
19.3842 7.91304 70.0182 46.2389 
11.2806 11.2806 48.7157 49.7468 
6.2644 9.28255 0 3.12645 10.5979 
0 2.05811 0 0 0.452565 18.7262 0 
19.3758 7.93444 69.9067 46.205 
11.2981 11.2981 48.7587 49.7937 
6.22122 9.27815 0 3.14581 10.5434 
0 2.03641 0 0 0.448995 18.641 0 
19.39 7.50051 70.2287 46.0124 
11.1193 11.1193 48.8524 49.8563 
6.21667 9.46199 0 3.11519 10.6305 
0 1.99381 0 0 0.444794 18.5035 0 
19.5146 7.56302 69.7409 45.795 
11.4489 11.4489 49.0678 49.7986 
6.10719 9.2023 0 3.08978 10.7399 
0 1.97316 0 0 0.441949 18.6133 0 
19.6209 7.38524 69.771 45.5915 
11.4482 11.4482 49.1387 49.754 
6.09505 9.09284 0 3.11575 10.8162 
0 1.95578 0 0 0.443622 18.6897 0 
19.6619 7.32907 69.764 45.2601 
11.3119 11.3119 49.2107 49.6816 
6.03445 9.15852 0 3.1224 10.9407 
0 1.96797 0 0 0.446448 18.8735 0 
308 variables; iteration 440; function evaluation 507; phase 1
Function value   3.1100389e+02; maximum gradient component mag  -5.7897e+01
Var   Value    Gradient   |Var   Value    Gradient   |Var   Value    Gradient
  1  0.11422  -4.3991e-01 |  2  0.18583  -9.4680e-01 |  3  0.19145   3.2144e+00
  4  0.19588  -9.6490e-01 |  5  0.19495  -8.2165e-01 |  6  0.19158   9.2837e-01
  7  0.17790   5.5481e-01 |  8  0.17405   8.0336e-01 |  9  0.17231  -8.3390e-01
 10  0.14825  -1.1536e+00 | 11 -2.12538  -6.8225e-01 | 12  0.12637  -8.2343e-02
 13  0.10294   5.1549e-01 | 14 -2.05565   2.6343e-01 | 15 -1.99184  -5.2119e-01
 16 -0.13124  -4.8030e-01 | 17 -0.14824   5.0061e-02 | 18 -0.33377  -3.5226e-02
 19 -0.35628  -1.7312e-02 | 20 -0.90138  -9.8151e-04 | 21 -0.18835   1.9163e-01
 22 -2.09483   2.5761e-01 | 23 -0.17747   1.3244e-04 | 24  0.00920  -6.3688e-02
 25  0.08263  -3.4565e-01 | 26  0.12614   2.0446e-02 | 27  0.15261  -2.6490e-02
 28  0.15491  -3.7893e-01 | 29  0.15029   1.4918e+00 | 30  0.15051  -1.5666e+00
 31  0.15559   1.1343e-02 | 32  0.14786   6.7360e-01 | 33  0.12933  -1.3163e-02
 34  0.11357   2.4824e-01 | 35  0.12389   4.4639e-01 | 36  0.12025   1.1838e+00
 37  0.09095   4.3658e+00 | 38  0.05234   6.2279e-01 | 39  0.00740   1.8539e-01
 40 -0.03883  -2.6351e-02 | 41 -0.09483   6.5934e-02 | 42 -1.84029  -1.9948e-01
 43  0.00693   5.7047e-01 | 44 -0.05039  -2.8492e-02 | 45 -0.08036  -5.4323e-01
 46 -0.14323   7.1493e-01 | 47 -0.16829  -3.6179e-01 | 48 -0.14024  -1.5599e+00
 49 -0.09980  -1.6093e+00 | 50 -0.09292  -4.1369e+00 | 51 -0.02815  -2.3301e+00
 52  0.02409  -1.8339e+00 | 53  0.03133   2.7854e-01 | 54  0.04597  -1.1046e+00
 55  0.01781  -2.4808e+00 | 56  0.05502  -1.6766e+00 | 57  0.10253  -2.5847e+00
 58  0.10971  -2.9752e+00 | 59  0.06965   4.4697e-01 | 60 -0.08041   1.1568e+00
 61 -0.04869   6.3742e-01 | 62  0.04450  -5.4431e-01 | 63 -0.00425   6.6603e-02
 64 -0.02693   1.6198e-01 | 65 -0.03005   8.8130e-01 | 66 -0.01738   1.2111e+00
 67 -0.03559   1.7166e+00 | 68 -0.03613   3.1207e-01 | 69 -0.05713   1.6229e-01
 70 -0.05834  -1.1228e+00 | 71  0.07484  -3.7523e-01 | 72  0.05140  -1.1698e+00
 73  0.00755  -7.3786e-01 | 74  0.02020   1.0117e+00 | 75  0.12605   1.5060e+00
 76  0.05334  -1.1608e+00 | 77  0.00503   2.3744e+00 | 78 -0.04891   1.1403e+00
 79  0.15214   8.2048e+00 | 80  0.32001   4.8029e+00 | 81 -2.04173   2.2677e+00
 82 -0.08775   1.8617e+00 | 83 -0.00371   1.6778e+00 | 84 -1.98983   2.7447e+00
 85 -0.04490  -1.0491e+00 | 86  0.09782  -6.6570e-01 | 87  0.21570  -7.7520e-01
 88 -0.08567  -3.2873e-01 | 89 -0.20600  -3.0469e-01 | 90 -0.14923  -2.8347e-01
 91 -0.04025  -1.7672e-02 | 92 -0.02805  -1.0770e+00 | 93  0.03475  -1.3394e+00
 94  0.16913  -2.1150e+00 | 95  0.01943  -7.6681e-01 | 96 -0.00674  -7.8122e-01
 97  0.01223  -3.1742e-01 | 98  0.10500   5.5117e-01 | 99  0.08446  -3.3282e-01
100  0.09087  -4.9475e-01 |101  0.11339  -9.6365e-01 |102 -0.06967  -3.5255e-01
103 -0.09634  -2.0659e-01 |104  0.05351  -5.9966e-01 |105  0.03756  -8.1811e-01
106 -0.03790  -5.4169e-01 |107 -0.05489  -4.2006e-01 |108 -2.04266   2.1440e+00
109  0.11218  -7.1451e-01 |110  0.07851  -1.9696e+00 |111 -0.00027  -1.2684e+00
112 -0.12792  -7.0095e-01 |113 -0.13598  -2.5108e-01 |114 -1.95258   1.5235e+00
115  0.11221  -2.5539e+00 |116  0.02552  -1.3072e+00 |117  0.08807  -1.4011e+00
118  0.04690  -5.3388e-01 |119  0.00760  -3.8370e-01 |120  0.02377  -7.8989e-02
121  0.12864   4.9670e-01 |122  1.80211  -2.1535e+00 |123 -0.95952   4.0871e-01
124  0.11416   1.1878e+00 |125 -0.01841   2.1941e-01 |126  2.22602   2.4220e+00
127 -0.66566   1.0287e-01 |128  2.44150  -1.5778e-01 |129  1.89324  -2.0230e-01
130 -0.68002   9.8837e-02 |131  3.77456   1.9244e-01 |132  0.86630   4.2774e-02
133 -2.75639  -7.6610e-02 |134  0.31138   1.8112e-01 |135 -0.27123   1.8683e-01
136  2.95373  -1.4893e-02 |137 -1.51495  -1.4845e-01 |138  0.00941   2.0515e-01
139  0.48353   1.4878e-01 |140  0.63246   1.1198e-01 |141 -3.40098   1.2086e-01
142 -0.56151   1.3041e-01 |143 -0.54823   1.3368e-01 |144 -3.13542   4.3318e-02
145 -1.86202  -2.0037e-01 |146  1.63273  -1.7197e-01 |147 -0.74456   8.0132e-02
148 -2.87415  -4.0298e-02 |149 -1.00028   8.0557e-04 |150  2.41915  -1.6229e-01
151 -0.16501   1.9832e-01 |152 -2.84873  -4.8295e-02 |153 -0.38893   1.6806e-01
154  1.40070  -1.2078e-01 |155  0.50862   1.4310e-01 |156 -1.28846  -8.9818e-02
157  1.48950  -1.4267e-01 |158 -1.09407  -3.0205e-02 |159  0.21032   1.9408e-01
160  0.83260   5.3334e-02 |161  0.63513   1.1126e-01 |162 -0.41880   1.6236e-01
163  0.21237   1.9386e-01 |164  0.82472   5.5781e-02 |165  1.31480  -9.7372e-02
166  3.30272   9.3927e-02 |167 -0.86863   4.2037e-02 |168 -0.41473   1.6316e-01
169  0.01034   4.4234e+01 |170  0.01027   1.8505e+00 |171  0.00642   1.9745e+00
172  0.02874  -1.5271e+00 |173  0.07729   3.7777e+00 |174  0.03890   6.1432e+00
175  0.03374   3.3006e+00 |176  0.01403   2.3588e+00 |177  0.03291   3.3482e-01
178  0.09988   3.4485e+00 |179  0.12282   1.8749e+00 |180  0.11164   1.4449e+00
181  0.05719   3.2268e+00 |182 -0.02140   2.1929e+00 |183 -0.03241   2.6344e-01
184 -0.00986   3.4240e+00 |185 -0.00753   2.5898e+00 |186 -0.01678  -1.3471e+00
187 -0.04045   2.2143e+00 |188 -0.02973   8.4988e-01 |189  0.02731   2.3019e+00
190  0.03260   4.1941e+00 |191  0.03165  -2.6252e+00 |192  0.02273   5.5790e-01
193 -0.01743   6.9400e-01 |194 -0.07606   9.1235e-01 |195 -0.00059   2.7541e+00
196  0.05777   4.1086e+00 |197  0.02195   9.6342e-01 |198  0.00633   6.6761e-01
199  0.00859  -8.5279e-01 |200  0.01435  -4.0100e+00 |201  0.02336   8.5386e-01
202  0.11872   5.2432e-01 |203  0.11663  -4.6076e+00 |204  0.10193  -7.3019e+00
205 -0.04097   4.6144e-01 |206 -0.13432  -2.2103e-01 |207 -0.13929   6.9863e-01
208 -0.08499   7.6109e-01 |209 -0.04026   3.7653e-01 |210  0.06388   4.4771e-01
211 -0.74897   1.6322e-01 |212 -0.07176  -5.7897e+01 |213  0.03478  -1.2693e+01
214 -0.01410  -8.6988e-09 |215 -0.64399   3.5757e+00 |216 -0.82843   5.0487e+00
217  0.02324   1.6875e+01 |218 -0.16629   3.5368e-01 |219 -0.25158  -7.0135e-01
220 -0.05409  -5.5044e-01 |221  0.03710  -6.3923e-01 |222 -0.00150  -6.3090e-01
223  0.00904  -9.7343e-01 |224 -0.02843  -8.5306e-01 |225 -0.03775  -1.1726e+00
226  0.08598  -5.6648e-01 |227  0.06746  -5.6917e-01 |228  0.19841  -1.8725e-01
229  0.10481  -2.4247e-01 |230  0.09667  -4.3171e-01 |231  0.04970  -1.7731e-01
232  0.05661  -1.0327e+00 |233  0.06217  -7.4706e-01 |234  0.12714  -8.2594e-01
235 -0.11680  -5.5441e-01 |236 -0.12255  -1.8709e-01 |237  0.00699  -7.8218e-01
238  0.02748  -3.3931e-01 |239 -0.10932  -1.4471e-02 |240 -0.14697  -1.0453e-01
241 -0.07096  -8.8902e-01 |242  0.00913  -1.4013e+00 |243  0.04666  -1.4588e-01
244 -0.02439  -1.0387e+00 |245 -0.12271  -6.5944e-01 |246 -0.23359  -7.2155e-01
247 -0.10493  -8.0354e-01 |248 -0.00087  -9.4523e-01 |249  0.05180   8.6994e-02
250  0.08083  -4.6491e-01 |251  0.05307  -9.1385e-01 |252 -0.01471  -8.6927e-02
253  0.00380  -4.0785e-01 |254  0.13482  -6.7333e-01 |255  0.20021  -7.6215e-01
256  0.23734  -1.4657e-01 |257 -0.14446  -1.5055e+00 |258  0.09589  -2.7201e+01
259  0.14967   2.3487e+00 |260 -1.13219  -5.8782e+00 |261 -0.84455  -4.3991e+00
262 -0.86489   1.1133e+00 |263 -0.01389  -1.3345e+01 |264  0.40011  -1.0798e+01
265 -0.41600  -1.0599e+01 |266  0.56909  -8.3609e+00 |267  0.14435  -1.3007e+01
268 -0.23594  -1.2442e+01 |269  0.85795  -2.9537e+00 |270 -0.28824  -1.2003e+01
271  0.60166  -7.8179e+00 |272  0.17874  -1.2826e+01 |273 -0.79023  -4.3192e+00
274 -0.56080  -8.4957e+00 |275 -0.56584  -8.4138e+00 |276  0.13214  -1.3062e+01
277  0.73745  -5.3504e+00 |278  0.44725  -1.0188e+01 |279 -0.03576  -1.3327e+01
280 -0.58551  -8.0897e+00 |281 -0.10469  -1.3168e+01 |282 -0.18607  -1.2782e+01
283 -0.00115  -1.3348e+01 |284 -0.55923  -8.5210e+00 |285 -0.22804  -1.2501e+01
286 -0.19807  -1.2708e+01 |287 -0.47142  -9.8529e+00 |288 -0.41793  -1.0574e+01
289  0.69187  -6.2115e+00 |290 -0.86611  -2.7867e+00 |291  0.12534  -1.3091e+01
292  0.22363  -1.2533e+01 |293 -0.02220  -1.3340e+01 |294  0.21383  -1.2602e+01
295  0.48043  -9.7243e+00 |296 -0.53386  -8.9235e+00 |297 -0.23906  -1.2418e+01
298  0.24184  -1.2397e+01 |299  0.35463  -1.1330e+01 |300  0.52005  -9.1369e+00
301 -0.03876  -1.3324e+01 |302  0.43564  -1.0343e+01 |303  0.47002  -5.2193e+01
304  0.08386   4.7768e-01 |305 -0.90578   1.5543e+01 |306  0.25281   3.8624e-01
307 -0.88089  -9.4449e-01 |308 -0.52534  -4.6990e+00 |
19.7748 7.37702 69.6036 45.1673 
11.2284 11.2284 49.1875 49.6566 
6.00233 9.22287 0 3.14294 10.9795 
0 1.97328 0 0 0.445031 18.9516 0 
19.7792 7.41661 69.5255 45.0608 
11.2487 11.2487 49.0696 49.659 
5.93415 9.26716 0 3.13607 11.0067 
0 2.00693 0 0 0.444543 19.0453 0 
19.8776 7.39135 69.4197 45.0309 
11.2884 11.2884 49.0072 49.7137 
5.91121 9.3052 0 3.15586 10.9948 
0 2.00744 0 0 0.443786 18.9635 0 
19.9676 7.39436 69.3224 45.155 
11.2931 11.2931 48.9519 49.7898 
5.87907 9.30774 0 3.12666 10.9696 
0 1.99648 0 0 0.443328 18.9035 0 
19.9482 7.42908 69.2693 45.2178 
11.3724 11.3724 48.9443 49.8111 
5.85394 9.23168 0 3.10793 11.0019 
0 1.98989 0 0 0.443446 18.8881 0 
19.9672 7.33174 69.3005 45.254 
11.4412 11.4412 48.9839 49.8098 
5.83637 9.1625 0 3.09412 11.0502 
0 1.98129 0 0 0.444404 18.8305 0 
19.9717 7.34541 69.199 45.3177 
11.4672 11.4672 49.0102 49.8118 
5.81923 9.13349 0 3.05258 11.1226 
0 1.96928 0 0 0.445524 18.8518 0 
20.0138 7.28783 69.2379 45.322 
11.4104 11.4104 49.0488 49.779 
5.81538 9.15917 0 3.00133 11.1696 
0 1.96235 0 0 0.445392 18.8833 0 
20.0122 7.24015 69.2182 45.2681 
11.4103 11.4103 49.0779 49.746 
5.82373 9.19554 0 2.94721 11.2303 
0 1.96187 0 0 0.446471 18.9464 0 
20.0279 7.23673 69.1947 45.2192 
11.3205 11.3205 49.0702 49.7112 
5.82223 9.30207 0 2.8616 11.2355 
0 1.96665 0 0 0.445633 19.0697 0 
308 variables; iteration 450; function evaluation 517; phase 1
Function value   3.1043485e+02; maximum gradient component mag   7.2861e+01
Var   Value    Gradient   |Var   Value    Gradient   |Var   Value    Gradient
  1  0.11936  -5.6476e-01 |  2  0.18807  -1.0670e-02 |  3  0.18913  -7.6141e-01
  4  0.19767   2.2357e+00 |  5  0.19591   1.9899e+00 |  6  0.19136  -1.2830e+00
  7  0.17867   1.1453e+00 |  8  0.17432   2.0085e-01 |  9  0.17290   1.3754e-01
 10  0.14893   5.7414e-01 | 11 -2.12481   3.7179e-01 | 12  0.12680  -9.6729e-02
 13  0.10211  -3.7828e-01 | 14 -2.05581   4.5450e-01 | 15 -1.98602   5.0667e-01
 16 -0.12328  -4.6760e-01 | 17 -0.15199  -8.7849e-04 | 18 -0.32772  -3.5113e-02
 19 -0.35165  -1.7802e-02 | 20 -0.90635  -9.3246e-04 | 21 -0.29120  -6.2477e-04
 22 -2.09710   3.6409e-01 | 23 -0.17585   1.0328e-04 | 24  0.01170   1.6430e-02
 25  0.08433   2.3485e-01 | 26  0.12701   6.2010e-02 | 27  0.15344   1.5510e-01
 28  0.15596   4.3171e-01 | 29  0.15046   1.4550e-02 | 30  0.15251   3.4742e-01
 31  0.15659   5.3037e-01 | 32  0.14790  -7.8785e-01 | 33  0.12975  -1.1488e-01
 34  0.11340  -1.9652e-01 | 35  0.12405   1.7194e+00 | 36  0.12045   8.4655e-01
 37  0.08945  -6.9800e-01 | 38  0.05213   5.1066e-03 | 39  0.00794   2.3057e-01
 40 -0.04013  -5.4043e-01 | 41 -0.09314   1.0928e-01 | 42 -1.83790   1.4592e-01
 43  0.01044   1.1743e+00 | 44 -0.04203   8.1022e-01 | 45 -0.09284  -1.1903e+00
 46 -0.14258   1.2572e+00 | 47 -0.16061   9.0069e-01 | 48 -0.13114  -1.5657e-01
 49 -0.10459  -1.2889e+00 | 50 -0.08447  -3.0195e+00 | 51 -0.01783  -1.3928e+00
 52  0.03188  -1.5476e+00 | 53  0.00207  -1.9047e+00 | 54  0.02576  -2.8905e+00
 55  0.02465  -2.5789e+00 | 56  0.04873  -1.9007e+00 | 57  0.10244  -1.9031e+00
 58  0.12378  -1.8917e+00 | 59  0.03930  -1.6371e+00 | 60 -0.08777   5.3663e-01
 61 -0.05114   3.4288e-01 | 62  0.03799  -1.5379e+00 | 63 -0.00560  -2.7120e-01
 64 -0.03519  -3.3422e-01 | 65 -0.03678   4.4710e-01 | 66 -0.02626   2.6545e-01
 67 -0.05075   2.6032e-01 | 68 -0.04591  -4.1762e-01 | 69 -0.05459   5.9383e-01
 70 -0.03948   9.8159e-01 | 71  0.06448   4.6068e-01 | 72  0.06739   1.0942e+00
 73  0.00053  -4.2406e-01 | 74  0.01974   1.5010e+00 | 75  0.11104   1.7482e+00
 76  0.08117   2.0389e+00 | 77  0.02557   5.1104e+00 | 78 -0.03541   2.8669e+00
 79  0.11104   4.4979e+00 | 80  0.32535   4.4413e+00 | 81 -2.08487   1.6734e+00
 82 -0.09489   1.9281e+00 | 83 -0.00351   2.3295e+00 | 84 -2.01689   1.0775e+00
 85 -0.01919   9.0874e-01 | 86  0.09222  -3.8732e-02 | 87  0.21283  -7.4602e-01
 88 -0.08689   4.7767e-01 | 89 -0.20910   3.7137e-01 | 90 -0.15248   4.4147e-01
 91 -0.04491   4.5714e-01 | 92 -0.02407   2.1476e-03 | 93  0.03603  -2.1162e-01
 94  0.16202  -1.2786e+00 | 95  0.01105  -6.3669e-02 | 96 -0.00984  -2.7867e-01
 97  0.01132   1.4151e-02 | 98  0.10113  -4.2143e-01 | 99  0.08508  -9.2599e-01
100  0.08887  -3.1203e-01 |101  0.11073  -4.4524e-01 |102 -0.07400   3.9926e-01
103 -0.09953   4.9399e-01 |104  0.05804   5.8742e-02 |105  0.03223  -4.2745e-01
106 -0.04762   3.4888e-02 |107 -0.05394   4.2831e-01 |108 -2.06299   2.5386e-01
109  0.09646   2.4876e-01 |110  0.09935   1.6803e+00 |111 -0.00105  -1.2535e-01
112 -0.13008   3.9158e-01 |113 -0.13935   4.1336e-01 |114 -1.95983   1.1807e-02
115  0.11019  -5.9765e-01 |116  0.02738   6.7891e-01 |117  0.09093   1.3078e-01
118  0.04666   6.2701e-01 |119 -0.00214   8.5017e-01 |120  0.00637   8.3327e-01
121  0.12370   1.8332e+00 |122  1.79990  -3.9759e+00 |123 -0.91259   1.0258e+00
124  0.11105   1.8981e+00 |125 -0.01548   1.0609e+00 |126  2.19229   1.6354e-01
127 -0.68460   3.1289e-01 |128  2.48715  -4.7469e-01 |129  1.89331  -6.4894e-01
130 -0.66627   3.2943e-01 |131  3.78017   6.1930e-01 |132  0.85157   1.5206e-01
133 -2.78791  -2.1523e-01 |134  0.31694   5.7827e-01 |135 -0.24760   6.0900e-01
136  2.97497  -2.5856e-02 |137 -1.50119  -4.6626e-01 |138  0.03129   6.5736e-01
139  0.47120   4.8596e-01 |140  0.63493   3.5707e-01 |141 -3.41960   4.0306e-01
142 -0.54480   4.3151e-01 |143 -0.49906   4.6607e-01 |144 -3.15023   1.5387e-01
145 -1.79369  -6.2390e-01 |146  1.62129  -5.4510e-01 |147 -0.72834   2.7240e-01
148 -2.92591  -7.6430e-02 |149 -1.04248  -4.3880e-02 |150  2.42855  -5.1458e-01
151 -0.14744   6.4058e-01 |152 -2.86598  -1.3754e-01 |153 -0.41074   5.2585e-01
154  1.35524  -3.4849e-01 |155  0.56349   4.1674e-01 |156 -1.33560  -3.3110e-01
157  1.51211  -4.7415e-01 |158 -1.04479  -4.6260e-02 |159  0.17419   6.3367e-01
160  0.80503   1.9843e-01 |161  0.64315   3.4990e-01 |162 -0.42450   5.1718e-01
163  0.20801   6.2334e-01 |164  0.78040   2.2255e-01 |165  1.31636  -3.1377e-01
166  3.34959   3.4352e-01 |167 -0.86106   1.4250e-01 |168 -0.43648   5.0943e-01
169  0.01033   7.2861e+01 |170  0.01197   6.6834e+00 |171  0.00648   1.5720e+00
172  0.03074   3.4834e-01 |173  0.07801   2.4766e+00 |174  0.03870   4.7153e+00
175  0.03420   3.0460e+00 |176  0.01295   1.9934e+00 |177  0.03321  -5.0184e-01
178  0.09886   2.4692e+00 |179  0.11941   2.3523e+00 |180  0.10900   1.5854e+00
181  0.05624   3.1020e+00 |182 -0.02306   1.0773e-01 |183 -0.03070  -9.0447e-02
184 -0.01003   2.3729e+00 |185 -0.00974   2.9763e+00 |186 -0.01778   4.0990e+00
187 -0.04204  -7.2958e-01 |188 -0.02861   2.7130e-01 |189  0.02756   3.4440e+00
190  0.03241   3.7998e+00 |191  0.03049  -3.8420e+00 |192  0.02290   2.5108e+00
193 -0.01810   3.5756e+00 |194 -0.07406  -3.6504e-01 |195  0.00192  -7.7525e-01
196  0.06027   1.3343e+00 |197  0.02182  -9.6893e-01 |198  0.00897   9.9279e-02
199  0.00983  -2.9278e-01 |200  0.01566  -1.2468e+00 |201  0.02577  -1.6577e+00
202  0.12141  -6.2142e+00 |203  0.11841  -5.7102e+00 |204  0.09997  -4.0589e+00
205 -0.05808  -1.6308e+00 |206 -0.11584  -3.7373e-01 |207 -0.14232  -9.1762e-01
208 -0.08234  -6.6676e-01 |209 -0.04038  -5.3444e-01 |210  0.06658   1.9457e-01
211 -0.77941  -1.0747e-01 |212 -0.07005  -6.5064e+01 |213  0.03567  -1.1818e+01
214 -0.01410  -8.6983e-09 |215 -0.65379   1.3985e+00 |216 -0.84207   1.7147e+00
217  0.02203   1.1504e+01 |218 -0.16192  -3.6444e-01 |219 -0.24690   4.4481e-02
220 -0.05393  -1.7309e-01 |221  0.03606  -3.4727e-01 |222 -0.00106  -1.5466e-01
223  0.01019   1.0867e-01 |224 -0.02811  -1.1916e-01 |225 -0.03602   5.7572e-02
226  0.08867  -2.5897e-02 |227  0.06936  -2.2491e-01 |228  0.19606  -6.3334e-01
229  0.10417  -1.4183e-01 |230  0.09504  -3.3869e-01 |231  0.04671  -2.7248e-01
232  0.05613   1.0143e-01 |233  0.06245  -3.1307e-01 |234  0.12785  -5.4293e-01
235 -0.11586   3.1098e-01 |236 -0.12375  -3.1107e-01 |237  0.00758  -5.6634e-01
238  0.02817   5.4030e-01 |239 -0.11253   4.3766e-01 |240 -0.15115  -2.3084e-01
241 -0.06681   6.5890e-02 |242  0.00836  -6.2382e-01 |243  0.04502  -3.4844e-01
244 -0.02145  -7.0770e-01 |245 -0.12312  -4.0192e-01 |246 -0.23496  -3.2848e-01
247 -0.10483  -2.0494e-02 |248 -0.00058  -4.6863e-01 |249  0.05200  -4.7086e-01
250  0.08314  -2.6155e-01 |251  0.05554  -1.8269e-01 |252 -0.01551  -3.5616e-01
253  0.00098  -3.9294e-01 |254  0.13315  -7.7272e-01 |255  0.19889  -1.1673e+00
256  0.23499  -4.4207e-01 |257 -0.14647  -1.4128e+00 |258  0.09503  -1.7370e+01
259  0.14949  -4.5848e-01 |260 -1.13160   1.0253e+01 |261 -0.84418   3.3992e+00
262 -0.85833   2.7669e-01 |263 -0.01088   5.0134e+00 |264  0.40379   4.0389e+00
265 -0.40904   4.0143e+00 |266  0.56407   3.1713e+00 |267  0.15844   4.8596e+00
268 -0.24662   4.6426e+00 |269  0.84210   1.2309e+00 |270 -0.30591   4.4463e+00
271  0.58530   3.0401e+00 |272  0.19247   4.7867e+00 |273 -0.78365   1.6714e+00
274 -0.54537   3.2840e+00 |275 -0.55471   3.2281e+00 |276  0.13299   4.9051e+00
277  0.73965   1.9939e+00 |278  0.45276   3.7986e+00 |279 -0.03297   5.0074e+00
280 -0.59129   3.0025e+00 |281 -0.09760   4.9553e+00 |282 -0.17097   4.8344e+00
283 -0.02276   5.0109e+00 |284 -0.56409   3.1712e+00 |285 -0.22894   4.6934e+00
286 -0.19860   4.7721e+00 |287 -0.48073   3.6512e+00 |288 -0.41559   3.9831e+00
289  0.69117   2.3381e+00 |290 -0.84937   1.1754e+00 |291  0.14401   4.8864e+00
292  0.21563   4.7293e+00 |293 -0.02893   5.0090e+00 |294  0.21433   4.7326e+00
295  0.46496   3.7352e+00 |296 -0.52638   3.3956e+00 |297 -0.25431   4.6194e+00
298  0.24629   4.6435e+00 |299  0.36086   4.2299e+00 |300  0.53078   3.3700e+00
301 -0.04145   5.0035e+00 |302  0.42030   3.9605e+00 |303  0.47113  -1.0448e+01
304  0.08718  -1.6103e+00 |305 -0.90733  -6.9789e+00 |306  0.25176  -1.7690e+00
307 -0.87864   2.6720e+01 |308 -0.52625   5.1509e+00 |
19.985 7.1908 69.2681 45.1214 
11.3495 11.3495 49.1113 49.6648 
5.84024 9.27444 0 2.77662 11.2521 
0 1.96943 0 0 0.445598 19.1739 0 
19.9493 7.21514 69.2373 45.0962 
11.3336 11.3336 49.0715 49.652 
5.84341 9.31519 0 2.68055 11.2163 
0 1.98794 0 0 0.445568 19.3129 0 
19.87 7.22317 69.2614 45.1097 
11.4094 11.4094 49.0573 49.6465 
5.85584 9.21923 0 2.61177 11.219 
0 1.99338 0 0 0.445039 19.4096 0 
19.8552 7.25142 69.2436 45.1471 
11.3665 11.3665 48.99 49.6542 
5.86627 9.22085 0 2.53017 11.1935 
0 2.00737 0 0 0.446184 19.5438 0 
19.7794 7.3128 69.1904 45.2139 
11.3726 11.3726 48.9185 49.6647 
5.86828 9.20078 0 2.48158 11.2042 
0 2.01003 0 0 0.445438 19.6372 0 
19.8189 7.31122 69.2292 45.2389 
11.2614 11.2614 48.8418 49.6909 
5.86648 9.25241 0 2.424 11.1948 
0 2.011 0 0 0.44595 19.6947 0 
19.8508 7.3846 69.164 45.2281 
11.1959 11.1959 48.8121 49.6979 
5.84318 9.29925 0 2.40039 11.192 
0 2.00771 0 0 0.446016 19.6919 0 
19.9211 7.35136 69.2032 45.1958 
11.1818 11.1818 48.8098 49.7113 
5.80174 9.33586 0 2.35636 11.1828 
0 1.99981 0 0 0.445001 19.6174 0 
20.016 7.41896 69.1327 45.1448 
11.1572 11.1572 48.8621 49.6995 
5.74856 9.32666 0 2.29479 11.1947 
0 1.99026 0 0 0.445232 19.5489 0 
20.1144 7.31128 69.1917 45.0739 
11.2481 11.2481 48.9507 49.6919 
5.70261 9.27088 0 2.2284 11.2224 
0 1.98986 0 0 0.445047 19.4118 0 
308 variables; iteration 460; function evaluation 527; phase 1
Function value   3.0984650e+02; maximum gradient component mag   5.1642e+01
Var   Value    Gradient   |Var   Value    Gradient   |Var   Value    Gradient
  1  0.15141   3.0057e+00 |  2  0.18494   6.4195e-01 |  3  0.19065  -5.2527e-02
  4  0.19650  -4.4572e-01 |  5  0.19563  -1.5409e-01 |  6  0.19125  -2.2545e+00
  7  0.17807  -1.3206e+00 |  8  0.17405  -6.0862e-01 |  9  0.17298   1.8431e-01
 10  0.14990   2.1679e+00 | 11 -2.12458   6.7391e-01 | 12  0.12796   2.7616e+00
 13  0.10178  -6.9709e-01 | 14 -2.05342   1.9609e+00 | 15 -1.98846   2.3296e-02
 16 -0.09435   9.9503e-02 | 17 -0.15029   5.5335e-02 | 18 -0.30335  -3.1571e-02
 19 -0.35042  -1.7076e-02 | 20 -0.92703  -7.2786e-04 | 21 -0.51491  -4.2626e-04
 22 -2.10407  -7.1054e-01 | 23 -0.17742  -2.5780e-04 | 24  0.01343   1.6784e-01
 25  0.08384   2.3100e-01 | 26  0.12598   4.1351e-01 | 27  0.15270   8.5369e-01
 28  0.15510   4.0105e-01 | 29  0.14929  -2.4533e-01 | 30  0.15131  -9.8959e-02
 31  0.15498  -1.0758e+00 | 32  0.14719  -1.5605e-01 | 33  0.12898   6.0859e-01
 34  0.11183  -8.5817e-01 | 35  0.12262   9.2481e-01 | 36  0.11860  -2.2808e-01
 37  0.08750   3.7509e-01 | 38  0.05063   1.2647e+00 | 39  0.00539  -1.6135e-01
 40 -0.04154  -4.3178e-01 | 41 -0.09377   2.6310e-01 | 42 -1.83722   1.5193e-01
 43  0.00357   1.5339e+00 | 44 -0.05990   4.0651e-01 | 45 -0.09039  -3.3080e-02
 46 -0.15080   1.6095e+00 | 47 -0.16237   2.1039e+00 | 48 -0.12822   1.8061e+00
 49 -0.09057   1.9389e+00 | 50 -0.04474   2.2531e+00 | 51 -0.01213   1.5078e+00
 52  0.03675   8.3178e-01 | 53  0.00520  -7.5543e-01 | 54  0.00365  -3.3301e+00
 55  0.01354  -2.5664e+00 | 56  0.05189  -1.0487e+00 | 57  0.10015  -7.3209e-01
 58  0.12343  -1.3251e-01 | 59  0.03155  -9.6330e-01 | 60 -0.09308   8.5353e-01
 61 -0.05660   6.2363e-01 | 62  0.03264  -1.0745e+00 | 63 -0.01075   1.1946e-01
 64 -0.03959  -8.8248e-02 | 65 -0.04649   1.1090e-01 | 66 -0.01693   1.1714e+00
 67 -0.05315   4.6440e-01 | 68 -0.05276  -2.4661e-01 | 69 -0.06103   1.0600e+00
 70 -0.03897   2.0354e+00 | 71  0.05916   9.8779e-01 | 72  0.05592   1.0637e+00
 73  0.01296   6.8652e-01 | 74  0.01595   1.1992e+00 | 75  0.09823   1.2908e-01
 76  0.08783   1.0499e+00 | 77  0.01142   3.0782e+00 | 78 -0.04155   1.8380e+00
 79  0.08203   7.1216e-01 | 80  0.33013   2.9757e+00 | 81 -2.24002   1.1201e+00
 82 -0.10708   1.6756e+00 | 83 -0.02685   1.3700e+00 | 84 -2.00583   1.0131e+00
 85 -0.05457  -2.2300e-01 | 86  0.09902   3.6019e-01 | 87  0.21734  -2.2357e-02
 88 -0.08002   4.5776e-01 | 89 -0.20277   4.2224e-01 | 90 -0.14830   4.3862e-01
 91 -0.03973   6.7788e-01 | 92 -0.01581   8.5803e-01 | 93  0.04148   1.0939e+00
 94  0.15639   4.2612e-01 | 95  0.00421   5.4567e-01 | 96 -0.01347   2.0235e-01
 97  0.00816  -3.8692e-02 | 98  0.10487  -3.0077e-01 | 99  0.08766  -1.1433e+00
100  0.08313  -1.1604e+00 |101  0.11292   3.9502e-02 |102 -0.07152   5.4578e-01
103 -0.10587   1.5714e-01 |104  0.04630  -1.7163e-01 |105  0.04705   6.0421e-01
106 -0.04070   3.5274e-01 |107 -0.05660   1.3489e-01 |108 -2.07552   6.9778e-02
109  0.10285   1.0530e-02 |110  0.07743  -1.3137e+00 |111  0.00440  -6.4892e-01
112 -0.12613   3.7711e-01 |113 -0.14131   3.5568e-01 |114 -1.96280  -4.8234e-01
115  0.11580   8.8108e-01 |116  0.02088   5.6653e-01 |117  0.09685   4.3827e-01
118  0.04168  -1.7605e-01 |119 -0.00783   4.4350e-01 |120  0.00792   5.7101e-01
121  0.13839   1.2750e+00 |122  1.80639   1.2852e+00 |123 -0.98134   2.1506e-01
124  0.11129   6.1620e-01 |125 -0.01919   6.4996e-01 |126  2.19344   3.2861e-01
127 -0.65994   2.8928e-01 |128  2.48725  -4.0974e-01 |129  1.87435  -5.5716e-01
130 -0.62694   3.1423e-01 |131  3.72302   5.1525e-01 |132  0.87418   1.1157e-01
133 -2.77632  -1.9556e-01 |134  0.36595   4.7687e-01 |135 -0.21627   5.3572e-01
136  2.98493  -1.3432e-02 |137 -1.45382  -3.7159e-01 |138  0.00815   5.6814e-01
139  0.51403   3.9282e-01 |140  0.62391   3.1648e-01 |141 -3.43174   3.5646e-01
142 -0.51247   3.9383e-01 |143 -0.44672   4.3395e-01 |144 -3.10403   9.2435e-02
145 -1.80045  -5.4051e-01 |146  1.61104  -4.6540e-01 |147 -0.76692   2.0341e-01
148 -2.96846  -2.8148e-02 |149 -1.02794  -2.4919e-02 |150  2.45949  -4.2651e-01
151 -0.19128   5.4273e-01 |152 -2.87628  -1.0973e-01 |153 -0.43424   4.4105e-01
154  1.34910  -2.9619e-01 |155  0.56637   3.5778e-01 |156 -1.38057  -3.1979e-01
157  1.52415  -4.1672e-01 |158 -0.98956   9.2902e-03 |159  0.15864   5.5064e-01
160  0.79388   1.8076e-01 |161  0.66995   2.8156e-01 |162 -0.44526   4.3479e-01
163  0.17875   5.4594e-01 |164  0.67815   2.7518e-01 |165  1.28256  -2.4399e-01
166  3.38012   3.1946e-01 |167 -0.84886   1.3363e-01 |168 -0.41699   4.5060e-01
169  0.01052   5.1642e+01 |170  0.00913   6.1773e+00 |171  0.00899   3.6107e+00
172  0.03195  -1.4444e+00 |173  0.08022  -6.5117e-01 |174  0.04098   2.2941e+00
175  0.03773   3.0194e-01 |176  0.01554   2.2014e-01 |177  0.03480  -4.2941e-01
178  0.10014   7.3951e+00 |179  0.11875   4.8221e+00 |180  0.10806   4.6829e+00
181  0.05487   1.6079e+00 |182 -0.02138   1.5279e+00 |183 -0.02985   7.5580e-01
184 -0.00988   1.8016e+00 |185 -0.00936   3.8873e+00 |186 -0.01816   5.7087e+00
187 -0.04156   1.4832e+00 |188 -0.02744   2.2456e+00 |189  0.02729   3.3715e+00
190  0.03216   4.3950e+00 |191  0.03060  -6.7584e-01 |192  0.02359   3.0003e+00
193 -0.01844   4.2569e+00 |194 -0.07408   9.1367e-01 |195  0.00312   1.9473e+00
196  0.06017  -1.7175e-02 |197  0.02211   1.9548e+00 |198  0.00909   2.0208e+00
199  0.01075   2.2169e+00 |200  0.01706   3.5900e+00 |201  0.02535   4.3090e-01
202  0.12163   6.3527e-01 |203  0.11875  -1.0282e+00 |204  0.09738  -7.5976e-01
205 -0.04440   2.7211e+00 |206 -0.13119   4.7555e-01 |207 -0.13440   1.0536e+00
208 -0.08335   1.9488e-01 |209 -0.04110   1.0590e+00 |210  0.06667   1.4448e+00
211 -0.85426   2.9353e-01 |212 -0.06555  -4.4171e+01 |213  0.03563  -1.3111e+01
214 -0.01410  -8.6969e-09 |215 -0.65693   1.6547e+00 |216 -0.84767   1.0901e+00
217  0.02472   1.0298e+01 |218 -0.16348   1.3949e-01 |219 -0.25075   3.0815e-01
220 -0.05295  -2.6239e-01 |221  0.03949  -2.7146e-01 |222  0.00045  -3.8811e-01
223  0.00905   3.4763e-01 |224 -0.02885   1.2434e-01 |225 -0.03613  -1.1280e-01
226  0.09076  -6.6647e-01 |227  0.07226  -2.9310e-01 |228  0.19612  -6.2225e-01
229  0.10415  -3.0190e-01 |230  0.09512  -6.6160e-02 |231  0.04578  -1.4738e-01
232  0.05692   3.5978e-01 |233  0.06206   2.9909e-01 |234  0.12773   3.1360e-01
235 -0.11558  -1.4298e-01 |236 -0.12400  -5.9411e-01 |237  0.00432   3.0391e-01
238  0.02527  -6.9560e-02 |239 -0.11241  -5.5167e-02 |240 -0.15288  -8.8452e-01
241 -0.06398   7.5778e-01 |242  0.01659   3.0267e-03 |243  0.04394   3.2405e-02
244 -0.02499   4.1865e-01 |245 -0.12434   1.9249e-01 |246 -0.23700  -2.9502e-01
247 -0.10648   7.6444e-02 |248  0.00060  -3.9210e-01 |249  0.05170  -7.6552e-01
250  0.08432  -4.6031e-01 |251  0.05638   3.5806e-01 |252 -0.01813  -2.0299e-01
253 -0.00193   9.1455e-02 |254  0.14245   6.5192e-01 |255  0.19894  -6.1477e-02
256  0.22920  -6.5131e-01 |257 -0.14448  -3.7598e-01 |258  0.09525  -1.3936e+01
259  0.14958   1.7044e+00 |260 -1.13180   2.2031e+00 |261 -0.84473  -9.0836e+00
262 -0.88231  -8.3825e-02 |263 -0.00834   4.5231e+00 |264  0.39661   3.6737e+00
265 -0.37847   3.7474e+00 |266  0.56723   2.8436e+00 |267  0.16664   4.3694e+00
268 -0.27330   4.1130e+00 |269  0.78291   1.5128e+00 |270 -0.32900   3.9328e+00
271  0.55448   2.9135e+00 |272  0.21806   4.2607e+00 |273 -0.75670   1.6870e+00
274 -0.49642   3.2165e+00 |275 -0.54702   2.9538e+00 |276  0.11779   4.4463e+00
277  0.72480   1.8951e+00 |278  0.45806   3.4022e+00 |279 -0.03267   4.5175e+00
280 -0.58119   2.7658e+00 |281 -0.10987   4.4563e+00 |282 -0.14591   4.4052e+00
283 -0.04346   4.5130e+00 |284 -0.55920   2.8878e+00 |285 -0.23103   4.2289e+00
286 -0.19599   4.3108e+00 |287 -0.48208   3.2873e+00 |288 -0.41424   3.5992e+00
289  0.67697   2.1981e+00 |290 -0.80196   1.3846e+00 |291  0.17608   4.3516e+00
292  0.20512   4.2907e+00 |293 -0.03663   4.5160e+00 |294  0.18182   4.3403e+00
295  0.44272   3.4731e+00 |296 -0.51750   3.1095e+00 |297 -0.25024   4.1785e+00
298  0.27324   4.1132e+00 |299  0.35512   3.8378e+00 |300  0.54179   2.9819e+00
301 -0.02780   4.5192e+00 |302  0.38361   3.7268e+00 |303  0.47097  -9.2452e+00
304  0.09081  -1.3410e+00 |305 -0.90784  -1.0180e+01 |306  0.24997  -8.3445e-01
307 -0.87828   1.6352e+01 |308 -0.52601  -6.2301e-01 |
20.0945 7.36007 69.0689 45.0815 
11.2781 11.2781 49.004 49.6698 
5.68144 9.22628 0 2.14382 11.3147 
0 1.98733 0 0 0.445279 19.4274 0 
20.1499 7.22362 69.0431 45.1045 
11.2692 11.2692 49.0605 49.6603 
5.69305 9.20605 0 2.08261 11.4098 
0 1.99996 0 0 0.445644 19.4082 0 
20.0465 7.16675 68.9938 45.1305 
11.3058 11.3058 49.0393 49.668 
5.72012 9.18789 0 2.0298 11.5072 
0 2.02318 0 0 0.445409 19.4544 0 
20.0329 7.11378 68.8868 45.221 
11.2361 11.2361 49.0033 49.6711 
5.75807 9.25043 0 1.98441 11.5584 
0 2.03848 0 0 0.445617 19.5249 0 
20.0351 7.02964 68.9137 45.2712 
11.217 11.217 48.966 49.694 
5.77818 9.2953 0 1.98351 11.5484 
0 2.0549 0 0 0.445629 19.4375 0 
20.0914 7.00175 68.9236 45.2758 
11.2127 11.2127 48.9537 49.7004 
5.78172 9.3284 0 1.94638 11.4964 
0 2.07527 0 0 0.445756 19.3856 0 
20.0686 7.03461 68.9538 45.2838 
11.2666 11.2666 48.9733 49.6931 
5.77162 9.29371 0 1.96041 11.4547 
0 2.06795 0 0 0.446263 19.321 0 
20.1066 7.02279 69.0515 45.3008 
11.2932 11.2932 49.013 49.6776 
5.75969 9.27039 0 1.96016 11.4075 
0 2.05924 0 0 0.447187 19.18 0 
20.0847 7.09844 69.176 45.3105 
11.3908 11.3908 49.0915 49.6506 
5.75619 9.20249 0 1.96003 11.2716 
0 2.05439 0 0 0.447724 19.0062 0 
20.1418 7.07666 69.2656 45.3458 
11.3816 11.3816 49.1323 49.6318 
5.77965 9.21815 0 1.9233 11.1911 
0 2.05128 0 0 0.448867 18.8937 0 
308 variables; iteration 470; function evaluation 537; phase 1
Function value   3.0939254e+02; maximum gradient component mag  -4.2427e+01
Var   Value    Gradient   |Var   Value    Gradient   |Var   Value    Gradient
  1  0.13024  -2.1658e-02 |  2  0.18643   5.3999e-02 |  3  0.18797  -1.5911e+00
  4  0.19602  -1.7890e-01 |  5  0.19348  -2.2355e+00 |  6  0.19111   2.0337e+00
  7  0.17737   1.5083e+00 |  8  0.17340   5.6887e-01 |  9  0.17105  -2.6477e+00
 10  0.14762  -1.4773e+00 | 11 -2.12413   3.9848e-01 | 12  0.12685   1.5646e+00
 13  0.10171   2.0478e-01 | 14 -2.05485   7.0562e-01 | 15 -1.98792  -1.3956e-01
 16 -0.08232   5.1713e-01 | 17 -0.16160  -8.5598e-03 | 18 -0.28383  -2.6708e-02
 19 -0.34184  -1.5841e-02 | 20 -0.96773  -3.2423e-04 | 21 -0.70421  -2.6403e-04
 22 -2.09458   5.7241e-01 | 23 -0.17789  -3.7036e-04 | 24  0.01231   7.1664e-02
 25  0.08348  -2.9593e-02 | 26  0.12693   1.3824e-01 | 27  0.15343   4.5330e-01
 28  0.15558  -2.5795e-01 | 29  0.15066   3.2969e-01 | 30  0.15162  -8.4352e-01
 31  0.15623  -8.1217e-03 | 32  0.14881   1.1930e+00 | 33  0.12983  -1.7281e-01
 34  0.11375  -4.1836e-01 | 35  0.12367  -8.0930e-01 | 36  0.12049   7.1500e-01
 37  0.08908   5.0247e-01 | 38  0.05207   7.0592e-01 | 39  0.00668  -2.5127e-01
 40 -0.03867   5.3758e-02 | 41 -0.09586  -4.8321e-02 | 42 -1.85096  -1.5129e-01
 43 -0.02384  -1.7979e+00 | 44 -0.06752  -1.6630e+00 | 45 -0.08565  -1.0860e+00
 46 -0.15418  -1.1631e-01 | 47 -0.16983   3.1679e-02 | 48 -0.12655   7.6879e-01
 49 -0.08864   9.4139e-01 | 50 -0.03670   1.8421e+00 | 51 -0.01283   3.6338e-01
 52  0.03370  -1.7903e-01 | 53  0.00248  -2.3213e+00 | 54  0.00880  -5.2068e+00
 55 -0.01129  -6.2552e+00 | 56  0.03909  -4.9307e+00 | 57  0.09682  -4.9387e+00
 58  0.11151  -4.1197e+00 | 59  0.04633  -1.9155e+00 | 60 -0.09659  -9.6671e-01
 61 -0.06765  -1.7540e+00 | 62  0.02914  -2.7148e+00 | 63 -0.00990  -1.2820e+00
 64 -0.04022  -1.9099e+00 | 65 -0.06373  -3.1250e+00 | 66 -0.04088  -2.2835e+00
 67 -0.05723  -1.4358e+00 | 68 -0.03659  -8.3536e-01 | 69 -0.06401  -1.0918e+00
 70 -0.05307  -1.2266e+00 | 71  0.05097  -2.3060e+00 | 72  0.04730  -2.2154e+00
 73  0.00509  -1.9743e+00 | 74  0.00758  -1.0940e+00 | 75  0.10308  -1.4571e+00
 76  0.09412  -1.0108e+00 | 77 -0.03487  -2.6556e+00 | 78 -0.03906  -1.6062e-01
 79  0.07164  -2.1783e+00 | 80  0.32793   5.2222e-01 | 81 -2.49722   2.2108e+00
 82 -0.11069  -4.9164e-01 | 83 -0.03248  -8.8061e-01 | 84 -2.00624   2.8937e+00
 85 -0.03174   4.5484e-01 | 86  0.09592   4.9321e-01 | 87  0.21853   4.3223e-01
 88 -0.08207   2.5750e-01 | 89 -0.20517   2.0236e-01 | 90 -0.14809   3.2107e-01
 91 -0.03647   8.1942e-01 | 92 -0.02029   4.3717e-01 | 93  0.04190   9.8728e-01
 94  0.15461   5.8508e-01 | 95 -0.00374   2.0980e-01 | 96 -0.01838   3.5127e-01
 97  0.00647   6.0556e-02 | 98  0.09991  -3.5054e-01 | 99  0.09045  -4.7162e-01
100  0.08894  -7.3363e-01 |101  0.11184  -5.5426e-01 |102 -0.07547   5.2440e-02
103 -0.10236  -1.9184e-04 |104  0.05711  -3.1858e-02 |105  0.03105  -4.1913e-01
106 -0.04400   2.0608e-01 |107 -0.05464   2.3234e-01 |108 -2.07127  -4.6630e-02
109  0.10283  -1.0219e-01 |110  0.08882  -1.7611e-01 |111  0.00150  -4.8734e-01
112 -0.13110   6.4415e-02 |113 -0.14082   2.5458e-01 |114 -1.96407  -2.8617e-01
115  0.11541   6.8812e-02 |116  0.02093   6.6512e-03 |117  0.09769   2.4091e-01
118  0.03968  -2.0695e-01 |119 -0.01095   2.1353e-01 |120  0.00361   1.5066e-01
121  0.12851   1.1572e-02 |122  1.79724  -2.6683e-01 |123 -1.02571  -2.8605e-01
124  0.10873   2.0986e-02 |125 -0.01981   1.0830e-01 |126  2.17633  -1.0450e-01
127 -0.64506  -5.2131e-01 |128  2.51627   6.7868e-01 |129  1.90598   9.7457e-01
130 -0.60322  -5.7511e-01 |131  3.70967  -8.8460e-01 |132  0.86302  -2.1038e-01
133 -2.75689   3.6718e-01 |134  0.42029  -7.7826e-01 |135 -0.18125  -9.4563e-01
136  3.01505  -2.3301e-02 |137 -1.45442   6.4509e-01 |138 -0.02989  -9.8421e-01
139  0.57340  -6.1193e-01 |140  0.61733  -5.5723e-01 |141 -3.42669  -6.1204e-01
142 -0.51385  -6.8139e-01 |143 -0.44025  -7.5893e-01 |144 -3.16734  -2.5602e-01
145 -1.79683   9.3554e-01 |146  1.65585   8.4480e-01 |147 -0.80696  -2.9421e-01
148 -3.06683  -1.0324e-01 |149 -1.01872   2.8984e-02 |150  2.46456   7.3440e-01
151 -0.21164  -9.3135e-01 |152 -2.90752   1.4262e-01 |153 -0.49141  -7.0605e-01
154  1.33866   4.9977e-01 |155  0.56184  -6.2586e-01 |156 -1.42587   6.1105e-01
157  1.52167   7.2002e-01 |158 -0.90333  -1.4904e-01 |159  0.17734  -9.4731e-01
160  0.78190  -3.3099e-01 |161  0.69331  -4.5651e-01 |162 -0.42168  -7.7694e-01
163  0.17292  -9.4917e-01 |164  0.58426  -5.9867e-01 |165  1.30413   4.5301e-01
166  3.51225  -7.0998e-01 |167 -0.88787  -1.7265e-01 |168 -0.41142  -7.8661e-01
169  0.00987   4.1983e+01 |170  0.01097   1.5634e+00 |171  0.00910  -7.1437e-01
172  0.03325  -2.2235e+00 |173  0.08138  -3.7446e+00 |174  0.04254  -1.7264e-01
175  0.03916  -1.3576e+00 |176  0.01682  -7.5884e-01 |177  0.03529  -1.1747e+00
178  0.09870   7.1726e-01 |179  0.11826   2.1944e+00 |180  0.10682   5.4492e+00
181  0.05355   2.7563e+00 |182 -0.02336   1.9094e-01 |183 -0.02917   6.9383e-01
184 -0.00930   1.4572e+00 |185 -0.00851  -8.3466e-01 |186 -0.01766   1.6461e-01
187 -0.04093   1.5277e+00 |188 -0.02855   1.8591e-01 |189  0.02731   6.3057e-02
190  0.03176   3.2548e+00 |191  0.03140   4.8209e+00 |192  0.02303   5.6672e-01
193 -0.01888  -2.9329e+00 |194 -0.07058   1.3349e-01 |195  0.00263   1.2407e+00
196  0.05908   9.4866e-01 |197  0.02190   2.5183e+00 |198  0.00799  -9.4715e-02
199  0.01055  -1.8707e-01 |200  0.01604  -1.4273e+00 |201  0.02553  -8.2690e-01
202  0.12156  -2.1877e-01 |203  0.11693   2.0239e+00 |204  0.09834  -9.6524e-01
205 -0.05070  -1.3390e-01 |206 -0.11642  -4.0490e-02 |207 -0.13525   1.9307e-01
208 -0.08250   7.9859e-01 |209 -0.04049   3.0688e-01 |210  0.06579  -5.0401e-01
211 -0.91876  -1.8418e-02 |212 -0.06315  -4.2427e+01 |213  0.03553  -4.9523e+00
214 -0.01409  -8.6952e-09 |215 -0.65350   1.8419e-01 |216 -0.84182   1.1671e+00
217  0.02425  -1.0602e+00 |218 -0.16417  -5.0380e-01 |219 -0.25091  -1.1467e+00
220 -0.05324  -6.2045e-01 |221  0.03951  -2.8801e-01 |222 -0.00059  -7.6180e-01
223  0.00823  -8.2336e-01 |224 -0.02898  -8.7561e-01 |225 -0.03669  -1.6515e+00
226  0.09214  -9.4293e-01 |227  0.07410  -8.5121e-01 |228  0.19772  -4.8484e-01
229  0.10270  -1.0735e+00 |230  0.09473  -7.6485e-01 |231  0.04559  -4.2566e-01
232  0.05530  -3.8411e-01 |233  0.06251  -2.5076e-01 |234  0.12883  -4.1343e-01
235 -0.11630  -3.6788e-01 |236 -0.12367  -3.3624e-01 |237  0.00825  -1.0462e-01
238  0.02718  -2.2798e-01 |239 -0.11283  -4.4302e-01 |240 -0.15055  -1.7052e-01
241 -0.06552  -6.4777e-01 |242  0.01406  -3.1826e-01 |243  0.04555  -6.1136e-02
244 -0.02339  -6.2019e-01 |245 -0.12399  -1.6904e-01 |246 -0.23597  -6.6731e-01
247 -0.10559  -8.2889e-01 |248  0.00152  -7.2707e-01 |249  0.05205  -3.8050e-01
250  0.08322  -1.0130e+00 |251  0.05530  -3.9956e-01 |252 -0.01632  -2.4091e-01
253 -0.00137  -5.3773e-01 |254  0.13197  -1.0282e+00 |255  0.19810  -3.2166e-02
256  0.23204  -7.6759e-01 |257 -0.14587  -5.9376e-01 |258  0.09498   5.7867e+00
259  0.14938  -3.0437e-01 |260 -1.13177   4.6550e-01 |261 -0.84476  -8.5484e+00
262 -0.89818  -1.0791e+00 |263 -0.00962  -3.0958e+01 |264  0.38514  -2.5467e+01
265 -0.37258  -2.5809e+01 |266  0.56944  -1.9380e+01 |267  0.16857  -2.9883e+01
268 -0.29598  -2.7676e+01 |269  0.74663  -1.2000e+01 |270 -0.32935  -2.6910e+01
271  0.53071  -2.0812e+01 |272  0.25657  -2.8481e+01 |273 -0.73028  -1.2729e+01
274 -0.44697  -2.3639e+01 |275 -0.52928  -2.0864e+01 |276  0.12148  -3.0400e+01
277  0.71307  -1.3487e+01 |278  0.44961  -2.3556e+01 |279 -0.05976  -3.0826e+01
280 -0.56954  -1.9376e+01 |281 -0.10844  -3.0514e+01 |282 -0.12824  -3.0336e+01
283 -0.03534  -3.0914e+01 |284 -0.54978  -2.0116e+01 |285 -0.22316  -2.9079e+01
286 -0.17981  -2.9735e+01 |287 -0.50876  -2.1590e+01 |288 -0.40406  -2.4932e+01
289  0.67619  -1.5078e+01 |290 -0.77090  -1.0903e+01 |291  0.19495  -2.9522e+01
292  0.18960  -2.9599e+01 |293 -0.02771  -3.0933e+01 |294  0.15766  -3.0017e+01
295  0.40550  -2.4891e+01 |296 -0.51769  -2.1277e+01 |297 -0.23751  -2.8832e+01
298  0.27558  -2.8106e+01 |299  0.34522  -2.6520e+01 |300  0.54913  -2.0140e+01
301 -0.03628  -3.0912e+01 |302  0.34595  -2.6502e+01 |303  0.47069   7.9154e+00
304  0.08589  -2.2006e+00 |305 -0.90680  -2.9137e+00 |306  0.25213  -1.1627e+00
307 -0.87937  -9.6287e-01 |308 -0.52651  -2.6940e+00 |
20.1306 7.08798 69.2726 45.3472 
11.3483 11.3483 49.1299 49.6401 
5.79544 9.22818 0 1.92754 11.1862 
0 2.04791 0 0 0.44831 18.8897 0 
20.1149 7.10391 69.2351 45.3527 
11.2986 11.2986 49.1332 49.6504 
5.83138 9.2576 0 1.91532 11.1625 
0 2.04983 0 0 0.447002 18.9098 0 
20.1366 7.08793 69.2919 45.3621 
11.2029 11.2029 49.1544 49.6699 
5.90524 9.30655 0 1.87869 11.099 
0 2.0475 0 0 0.446181 18.8524 0 
20.1407 7.11643 69.2396 45.361 
11.2119 11.2119 49.1575 49.671 
5.94009 9.29565 0 1.86809 11.0768 
0 2.0449 0 0 0.446572 18.851 0 
20.1978 7.03145 69.2931 45.3719 
11.1909 11.1909 49.1896 49.6579 
6.00216 9.32071 0 1.82327 11.0545 
0 2.04808 0 0 0.447576 18.7567 0 
20.187 7.06089 69.2727 45.3473 
11.217 11.217 49.1824 49.6581 
6.01551 9.29659 0 1.82321 11.0557 
0 2.0426 0 0 0.448395 18.7602 0 
20.1969 7.08563 69.2511 45.2955 
11.2719 11.2719 49.1866 49.6329 
6.03619 9.2565 0 1.81347 11.0756 
0 2.03475 0 0 0.44985 18.7468 0 
20.1826 7.08523 69.2632 45.2309 
11.2835 11.2835 49.1721 49.5949 
6.08338 9.26378 0 1.78194 11.1338 
0 2.03573 0 0 0.451071 18.744 0 
20.1731 7.07807 69.24 45.1506 
11.3042 11.3042 49.161 49.5539 
6.13612 9.26187 0 1.73586 11.1844 
0 2.04772 0 0 0.450994 18.7885 0 
20.0807 7.10874 69.1854 45.0874 
11.3005 11.3005 49.1037 49.5405 
6.2023 9.27745 0 1.69162 11.2226 
0 2.07152 0 0 0.449739 18.8982 0 
308 variables; iteration 480; function evaluation 547; phase 1
Function value   3.0907210e+02; maximum gradient component mag  -3.6751e+01
Var   Value    Gradient   |Var   Value    Gradient   |Var   Value    Gradient
  1  0.12169  -9.7490e-01 |  2  0.18668   5.3053e-01 |  3  0.18838   8.0179e-01
  4  0.19507   6.3095e-02 |  5  0.19354  -4.6249e-01 |  6  0.19058   2.2055e+00
  7  0.17705   1.7607e+00 |  8  0.17313   1.0445e+00 |  9  0.17127  -5.9994e-01
 10  0.14705  -1.5990e+00 | 11 -2.12438  -3.5844e-01 | 12  0.12638   1.4151e+00
 13  0.10140   7.6683e-01 | 14 -2.05521  -1.0418e-01 | 15 -1.98764  -1.4765e-01
 16 -0.08469   4.3355e-01 | 17 -0.16159  -1.0932e-02 | 18 -0.26343  -1.8459e-02
 19 -0.33699  -1.4955e-02 | 20 -0.99634  -5.5404e-05 | 21 -0.80896  -1.7818e-04
 22 -2.10495  -1.0147e+00 | 23 -0.17770  -1.7237e-04 | 24  0.00910  -4.8534e-02
 25  0.08295   1.0263e-01 | 26  0.12588   1.9255e-01 | 27  0.15188  -5.8823e-01
 28  0.15475   7.3575e-02 | 29  0.14984   7.5975e-01 | 30  0.15080  -5.9407e-01
 31  0.15520  -8.4614e-02 | 32  0.14734   4.6474e-01 | 33  0.12860  -2.3481e-01
 34  0.11344   1.0037e+00 | 35  0.12269   1.5118e-01 | 36  0.11897  -3.5784e-01
 37  0.08768  -2.8582e-01 | 38  0.05059   1.4628e-01 | 39  0.00570  -2.9436e-02
 40 -0.03875   4.2912e-01 | 41 -0.09542   1.0439e-01 | 42 -1.84982  -1.5387e-01
 43 -0.02881  -3.9077e-01 | 44 -0.07287  -1.0255e-01 | 45 -0.08815   5.3473e-01
 46 -0.16053   9.9128e-01 | 47 -0.17589   1.0505e+00 | 48 -0.13789   1.0626e+00
 49 -0.10381   7.3527e-01 | 50 -0.06193   5.5529e-01 | 51 -0.01401   1.1226e+00
 52  0.02464   4.3171e-01 | 53  0.00880   9.2801e-03 | 54  0.00636  -3.0224e+00
 55 -0.01227  -4.0744e+00 | 56  0.03522  -2.8272e+00 | 57  0.09231  -2.6628e+00
 58  0.11616  -1.3621e+00 | 59  0.04003   1.4759e-01 | 60 -0.09872   1.2158e+00
 61 -0.05937   1.3864e+00 | 62  0.02902  -1.3332e-01 | 63 -0.01895   4.0942e-01
 64 -0.03933   4.9034e-01 | 65 -0.05701  -2.1743e-01 | 66 -0.04396  -1.0786e-01
 67 -0.05869   6.8697e-01 | 68 -0.05008   5.2351e-01 | 69 -0.06123   1.6257e+00
 70 -0.05732   1.1579e+00 | 71  0.06240   2.0657e+00 | 72  0.05918   2.3399e+00
 73 -0.00413   4.2670e-01 | 74 -0.00052   8.4635e-01 | 75  0.10263   8.0020e-01
 76  0.10276   1.2741e+00 | 77 -0.05312  -1.9634e+00 | 78 -0.05657   3.0631e-01
 79  0.06616  -9.2708e-01 | 80  0.32742   1.6393e+00 | 81 -2.73195   4.3786e-01
 82 -0.11621   1.1413e+00 | 83 -0.03680   8.9812e-01 | 84 -2.02318   1.7150e-01
 85 -0.05327  -3.2061e-01 | 86  0.09729   5.2706e-02 | 87  0.22006   9.4710e-01
 88 -0.08482   2.7938e-01 | 89 -0.20810   1.8195e-01 | 90 -0.15226   2.6376e-01
 91 -0.04664   1.4473e-01 | 92 -0.01841   2.9298e-01 | 93  0.04185   4.8286e-01
 94  0.15884   7.5571e-02 | 95 -0.00516  -2.9481e-01 | 96 -0.01322   5.0776e-01
 97  0.00871   2.4004e-01 | 98  0.09858   4.3550e-02 | 99  0.09113   5.2589e-01
100  0.09349   7.6726e-01 |101  0.10901  -2.2002e-01 |102 -0.07444   1.6579e-01
103 -0.10495  -1.1155e-02 |104  0.04892   1.1851e-02 |105  0.03867   3.1350e-01
106 -0.04591   3.2341e-01 |107 -0.05940   1.9306e-01 |108 -2.07947  -6.8007e-01
109  0.10175  -2.1264e-01 |110  0.07669  -1.2709e+00 |111  0.01422   1.0552e-01
112 -0.12619   2.9900e-01 |113 -0.14048   5.1970e-01 |114 -1.96463  -8.3722e-01
115  0.11554   1.1620e+00 |116  0.02045   4.4358e-01 |117  0.09684   8.9975e-01
118  0.03695   3.4866e-01 |119 -0.01530   2.5718e-01 |120  0.00846   3.1847e-01
121  0.12563  -6.6965e-01 |122  1.79581  -2.7486e-01 |123 -0.99539   5.1781e-02
124  0.10731   5.1855e-02 |125 -0.01558   1.8656e-01 |126  2.15198  -1.1279e+00
127 -0.63478   4.4890e-01 |128  2.54315  -5.4391e-01 |129  1.93777  -8.2318e-01
130 -0.59080   4.9579e-01 |131  3.72184   7.4942e-01 |132  0.81801   2.3325e-01
133 -2.79041  -2.6742e-01 |134  0.48198   6.0119e-01 |135 -0.15321   8.0329e-01
136  3.05589   7.2514e-02 |137 -1.42614  -5.1323e-01 |138 -0.09533   8.1787e-01
139  0.60720   4.7857e-01 |140  0.63326   4.5057e-01 |141 -3.41001   4.9664e-01
142 -0.53359   5.5321e-01 |143 -0.44568   6.3258e-01 |144 -3.22064   2.8096e-01
145 -1.72067  -7.4878e-01 |146  1.68932  -7.3057e-01 |147 -0.81618   2.3552e-01
148 -3.18865   2.4154e-01 |149 -1.05822  -7.5530e-02 |150  2.45810  -6.2207e-01
151 -0.18408   7.9279e-01 |152 -2.89997  -1.2943e-01 |153 -0.57573   5.1132e-01
154  1.29432  -3.6892e-01 |155  0.58902   4.9764e-01 |156 -1.48582  -5.7170e-01
157  1.48730  -5.7308e-01 |158 -0.81645   2.3518e-01 |159  0.18525   7.9236e-01
160  0.74992   3.1663e-01 |161  0.70653   3.6793e-01 |162 -0.36355   6.9588e-01
163  0.22604   7.7554e-01 |164  0.53915   5.4782e-01 |165  1.37134  -4.5557e-01
166  3.61397   6.7966e-01 |167 -0.93582   8.3245e-02 |168 -0.47486   6.0750e-01
169  0.00977   3.6147e+01 |170  0.01046  -5.7855e-01 |171  0.00822   2.1805e-01
172  0.03259   2.8954e-01 |173  0.08017   7.5785e-02 |174  0.04045   9.5097e-01
175  0.03798   1.7690e+00 |176  0.01518   6.0692e-01 |177  0.03609   1.0248e+00
178  0.09856  -1.3278e+00 |179  0.11897   6.8909e-02 |180  0.10704   2.3343e+00
181  0.05361   2.9605e+00 |182 -0.02236   1.2747e+00 |183 -0.02919   1.6171e-01
184 -0.00863  -1.6695e-01 |185 -0.00794  -1.4112e+00 |186 -0.01735  -1.0954e+00
187 -0.04101  -6.8352e-01 |188 -0.02771   8.5730e-01 |189  0.02753   3.2540e+00
190  0.03184   1.4437e+00 |191  0.03150   7.8890e-01 |192  0.02256  -2.1373e+00
193 -0.01685   1.6709e+00 |194 -0.07259   2.9523e-03 |195  0.00458   1.8768e+00
196  0.06095  -1.8044e+00 |197  0.02420   1.9499e-01 |198  0.00971  -2.1088e+00
199  0.01037  -2.8035e-01 |200  0.01612   1.6247e+00 |201  0.02588  -1.2481e-01
202  0.12206  -9.2003e-01 |203  0.11630   3.2756e+00 |204  0.09698  -3.9007e-01
205 -0.04986  -1.1866e-01 |206 -0.11840  -3.2264e-01 |207 -0.13384   3.7051e-01
208 -0.08219   9.7788e-01 |209 -0.04071  -2.6039e-01 |210  0.06652  -2.4684e-01
211 -0.96918  -5.1577e-03 |212 -0.06120  -3.6751e+01 |213  0.03563  -1.4352e+00
214 -0.01409  -8.6934e-09 |215 -0.65409   1.0949e+00 |216 -0.84330   6.7245e-01
217  0.02398   4.6645e+00 |218 -0.16366   1.8726e-01 |219 -0.25113   2.3365e-01
220 -0.05247  -1.0990e-01 |221  0.04040   1.0251e-01 |222 -0.00097  -4.7350e-01
223  0.00797  -1.0094e+00 |224 -0.03000  -4.5414e-01 |225 -0.03733  -4.4628e-01
226  0.09084  -1.5854e-01 |227  0.07331  -3.4848e-01 |228  0.19704  -2.2214e-01
229  0.10238  -4.9433e-01 |230  0.09512  -2.9013e-01 |231  0.04631   5.1651e-01
232  0.05500   8.4144e-02 |233  0.06300  -1.8792e-01 |234  0.12923  -4.7264e-01
235 -0.11612  -2.5751e-01 |236 -0.12324   2.2514e-01 |237  0.00523  -9.9343e-02
238  0.02522  -5.0767e-01 |239 -0.11254  -4.1015e-01 |240 -0.15134  -1.6325e-01
241 -0.06347  -5.1465e-01 |242  0.01749   8.6887e-02 |243  0.04281   1.8306e-01
244 -0.02504  -3.2292e-01 |245 -0.12266   2.4744e-01 |246 -0.23545  -2.2838e-01
247 -0.10542  -4.5640e-01 |248  0.00224  -6.4556e-01 |249  0.05496   9.6043e-03
250  0.08584  -1.2555e-01 |251  0.05414  -9.8291e-01 |252 -0.01726  -7.0835e-01
253  0.00067  -7.3730e-02 |254  0.13363   2.6327e-01 |255  0.19478  -5.5227e-01
256  0.23200  -2.9198e-01 |257 -0.14652  -3.2554e-01 |258  0.09505  -1.3076e+01
259  0.14952  -8.7676e-01 |260 -1.13188  -5.0206e+00 |261 -0.84476  -7.7805e+00
262 -0.89633  -3.3148e-01 |263 -0.00677   9.6878e+00 |264  0.40664   7.7783e+00
265 -0.38928   7.9329e+00 |266  0.56920   6.0670e+00 |267  0.17127   9.3399e+00
268 -0.32066   8.4852e+00 |269  0.70920   4.2733e+00 |270 -0.34499   8.3003e+00
271  0.50777   6.7666e+00 |272  0.30156   8.6216e+00 |273 -0.70132   4.3805e+00
274 -0.41350   7.7156e+00 |275 -0.52751   6.5483e+00 |276  0.11303   9.5361e+00
277  0.70285   4.3598e+00 |278  0.43743   7.4899e+00 |279 -0.07418   9.6227e+00
280 -0.56895   6.0700e+00 |281 -0.11869   9.5205e+00 |282 -0.09817   9.5734e+00
283 -0.01628   9.6852e+00 |284 -0.53332   6.4830e+00 |285 -0.22506   9.0893e+00
286 -0.15311   9.4095e+00 |287 -0.52867   6.5354e+00 |288 -0.37657   8.0423e+00
289  0.66640   4.8478e+00 |290 -0.73177   3.9623e+00 |291  0.20190   9.2052e+00
292  0.16873   9.3501e+00 |293 -0.04235   9.6670e+00 |294  0.14217   9.4478e+00
295  0.38235   7.9929e+00 |296 -0.49927   6.8586e+00 |297 -0.22394   9.0951e+00
298  0.28502   8.7335e+00 |299  0.34000   8.3392e+00 |300  0.53355   6.4804e+00
301 -0.03812   9.6710e+00 |302  0.30718   8.5823e+00 |303  0.47026  -2.0796e+01
304  0.08562  -1.7769e+00 |305 -0.90636   4.2455e+00 |306  0.25095  -3.9312e+00
307 -0.87881   1.4505e+01 |308 -0.52663   2.1375e+00 |
20.0288 7.01172 69.1941 45.0738 
11.2248 11.2248 49.0135 49.5816 
6.34453 9.33527 0 1.60613 11.1816 
0 2.10693 0 0 0.447585 19.0018 0 
20.0466 7.05858 69.1845 45.0762 
11.26 11.26 49.0508 49.5644 
6.2849 9.30651 0 1.64109 11.1985 
0 2.09185 0 0 0.448467 18.9591 0 
19.9956 7.08833 69.0984 45.0445 
11.2688 11.2688 49.0142 49.5956 
6.317 9.28832 0 1.62482 11.1674 
0 2.11025 0 0 0.446893 19.0557 0 
19.9457 7.08473 69.0537 45.0761 
11.24 11.24 48.9796 49.6595 
6.39947 9.28694 0 1.60255 11.0345 
0 2.12509 0 0 0.446381 19.0982 0 
19.9277 7.06645 69.0155 45.1033 
11.2556 11.2556 48.9678 49.718 
6.42966 9.23995 0 1.59489 10.9575 
0 2.12766 0 0 0.44674 19.1206 0 
19.9721 7.00987 69.0128 45.089 
11.236 11.236 48.9945 49.722 
6.47063 9.2283 0 1.57348 10.9069 
0 2.12686 0 0 0.448002 19.118 0 
19.9801 6.99081 69.0604 45.1001 
11.2097 11.2097 49.0219 49.6949 
6.49158 9.22246 0 1.55707 10.9106 
0 2.10956 0 0 0.449992 19.0826 0 
19.9558 6.99225 69.105 45.0653 
11.1808 11.1808 49.0501 49.6419 
6.48826 9.22804 0 1.5269 10.9815 
0 2.09701 0 0 0.450827 19.0939 0 
19.9277 7.02318 69.1572 45.0549 
11.1606 11.1606 49.0503 49.5895 
6.47431 9.24691 0 1.50104 11.0588 
0 2.07973 0 0 0.450144 19.0848 0 
19.8403 7.06014 69.2157 45.0492 
11.1358 11.1358 49.0294 49.5731 
6.45705 9.26881 0 1.46833 11.1222 
0 2.07039 0 0 0.44828 19.1068 0 
19.8137 7.07913 69.2139 45.0532 
11.1456 11.1456 48.9972 49.5919 
6.43131 9.27875 0 1.45717 11.1584 
0 2.06 0 0 0.446641 19.1071 0 
308 variables; iteration 490; function evaluation 558; phase 1
Function value   3.0877485e+02; maximum gradient component mag   2.8539e+01
Var   Value    Gradient   |Var   Value    Gradient   |Var   Value    Gradient
  1  0.14085   6.1427e-01 |  2  0.18506   1.3237e-02 |  3  0.18895  -2.0672e-01
  4  0.19556  -1.6266e-01 |  5  0.19459   6.3317e-01 |  6  0.19076   5.3805e-01
  7  0.17768   7.6255e-01 |  8  0.17325  -4.0319e-01 |  9  0.17196  -1.7125e-01
 10  0.14777  -1.1693e+00 | 11 -2.12447   3.9718e-01 | 12  0.12654   7.8112e-01
 13  0.10152   6.0051e-01 | 14 -2.05698  -1.0156e+00 | 15 -1.98559   2.3795e-01
 16 -0.08787   2.9536e-01 | 17 -0.16127  -1.9318e-02 | 18 -0.24037  -4.5260e-03
 19 -0.32782  -1.4248e-02 | 20 -1.00009   7.2926e-04 | 21 -0.88862  -1.0647e-04
 22 -2.09752   2.6744e-01 | 23 -0.17643  -1.1771e-04 | 24  0.00860  -7.8935e-02
 25  0.08338  -5.1649e-02 | 26  0.12648   9.8504e-02 | 27  0.15315   3.2861e-01
 28  0.15574   4.0970e-01 | 29  0.15033   4.3484e-01 | 30  0.15203   2.4319e-01
 31  0.15620   4.6193e-01 | 32  0.14765  -4.1092e-01 | 33  0.12939  -7.6497e-03
 34  0.11351   3.5337e-01 | 35  0.12275  -5.3897e-01 | 36  0.11943  -1.2264e+00
 37  0.08825  -1.2986e-01 | 38  0.05090  -8.9541e-02 | 39  0.00628   1.2969e-01
 40 -0.03860   3.9807e-01 | 41 -0.09638  -4.0728e-02 | 42 -1.84324   3.6117e-02
 43 -0.01762  -5.2739e-02 | 44 -0.06771  -2.4573e-01 | 45 -0.09241  -3.2159e-01
 46 -0.16592   2.1434e-02 | 47 -0.18456  -2.6182e-01 | 48 -0.15360  -9.2521e-01
 49 -0.11483  -8.4312e-01 | 50 -0.07145  -8.3478e-01 | 51 -0.02518  -2.0103e-01
 52  0.01870  -2.6325e-01 | 53 -0.00102  -4.7120e-01 | 54  0.01478  -1.8865e+00
 55  0.01061  -1.8212e+00 | 56  0.04332  -6.2283e-01 | 57  0.09271  -5.7462e-01
 58  0.11043  -5.0803e-01 | 59  0.03750  -3.2841e-02 | 60 -0.10634   2.9263e-01
 61 -0.07119   1.5067e-01 | 62  0.04340   6.8794e-01 | 63 -0.01771   7.4850e-01
 64 -0.03867   8.1266e-01 | 65 -0.04636   7.6535e-01 | 66 -0.04145   2.9734e-01
 67 -0.06398   3.7681e-01 | 68 -0.05556  -7.2967e-02 | 69 -0.06561   8.5388e-01
 70 -0.05207   1.0562e+00 | 71  0.05714   1.0001e+00 | 72  0.04099   3.8066e-01
 73  0.01662   1.3937e+00 | 74  0.00808   1.1612e+00 | 75  0.09759   2.3955e-01
 76  0.08819  -1.1002e-01 | 77 -0.04469  -1.9420e+00 | 78 -0.06679  -9.9491e-01
 79  0.06027  -2.2033e+00 | 80  0.32696  -2.7583e-01 | 81 -2.87997   2.7692e-01
 82 -0.12195   3.5288e-01 | 83 -0.03834   4.4302e-01 | 84 -2.03891  -5.3529e-02
 85 -0.03440   4.1642e-02 | 86  0.09524  -2.0898e-01 | 87  0.21724  -2.2313e-01
 88 -0.08322  -8.1807e-02 | 89 -0.20450  -1.2679e-02 | 90 -0.15263  -2.2354e-01
 91 -0.04825  -4.4186e-01 | 92 -0.02123  -4.6301e-01 | 93  0.03932  -3.6148e-01
 94  0.16225  -4.8528e-01 | 95  0.00785  -1.9566e-01 | 96 -0.00613  -1.0482e-01
 97  0.01403  -7.1811e-02 | 98  0.10025  -5.1063e-01 | 99  0.08767  -4.6793e-01
100  0.08780  -2.6116e-01 |101  0.11078  -1.2749e-01 |102 -0.07413  -2.0671e-02
103 -0.10161  -1.4391e-01 |104  0.05494  -2.0074e-01 |105  0.03325  -3.6181e-01
106 -0.05018  -1.9650e-01 |107 -0.05954  -8.7213e-03 |108 -2.06689   1.1559e-01
109  0.10118   2.2526e-01 |110  0.08489  -3.5971e-02 |111  0.01193  -1.0617e-02
112 -0.12652   3.9749e-03 |113 -0.14240   1.3320e-02 |114 -1.95651   3.6471e-01
115  0.11779   2.2144e-01 |116  0.02183   7.1581e-02 |117  0.09178   3.7357e-01
118  0.03894   1.8396e-01 |119 -0.01221   1.2412e-01 |120  0.00400   8.1681e-02
121  0.13176   4.8233e-01 |122  1.79509  -8.0854e-01 |123 -0.99949   4.9478e-03
124  0.10978  -1.3528e-01 |125 -0.02194  -2.9705e-01 |126  2.17254  -3.7014e-02
127 -0.59063   9.4503e-02 |128  2.53146  -1.0580e-01 |129  1.94054  -1.5692e-01
130 -0.58605   9.5408e-02 |131  3.70715   1.4122e-01 |132  0.77600   5.4317e-02
133 -2.81634  -4.4840e-02 |134  0.55586   1.0125e-01 |135 -0.16976   1.5203e-01
136  3.07062   1.7445e-02 |137 -1.42196  -9.6979e-02 |138 -0.15133   1.5317e-01
139  0.62594   8.7368e-02 |140  0.66323   7.9539e-02 |141 -3.40839   9.4310e-02
142 -0.54811   1.0271e-01 |143 -0.43444   1.2231e-01 |144 -3.19752   4.8118e-02
145 -1.67792  -1.3786e-01 |146  1.69505  -1.3987e-01 |147 -0.81685   4.4718e-02
148 -3.24034   5.8098e-02 |149 -1.07465  -1.8434e-02 |150  2.47230  -1.1618e-01
151 -0.18794   1.5079e-01 |152 -2.88599  -2.8077e-02 |153 -0.61065   9.0491e-02
154  1.28171  -6.7488e-02 |155  0.58051   9.6497e-02 |156 -1.54987  -1.1982e-01
157  1.48273  -1.0838e-01 |158 -0.78249   5.2806e-02 |159  0.16146   1.5256e-01
160  0.73033   6.4782e-02 |161  0.75338   5.9539e-02 |162 -0.29942   1.4049e-01
163  0.22852   1.4756e-01 |164  0.51893   1.0808e-01 |165  1.42078  -9.6750e-02
166  3.63795   1.3280e-01 |167 -0.98357   4.0524e-03 |168 -0.49408   1.1247e-01
169  0.01011   2.8539e+01 |170  0.00933   2.4155e+00 |171  0.00735  -5.9669e-01
172  0.03169   1.0989e+00 |173  0.07864   1.9087e+00 |174  0.03852   6.5409e-01
175  0.03631   5.7992e-01 |176  0.01442  -1.8693e-01 |177  0.03598  -6.4881e-02
178  0.09992  -2.7661e-01 |179  0.12069   8.8043e-03 |180  0.11007   7.3853e-01
181  0.05632   8.9936e-01 |182 -0.02094   3.1922e-01 |183 -0.02948  -7.2464e-01
184 -0.00930   4.0868e-01 |185 -0.00816  -4.7877e-01 |186 -0.01751   1.8283e-01
187 -0.04002   3.7152e-01 |188 -0.02625  -3.1844e-01 |189  0.02786  -1.9945e+00
190  0.03252   7.6308e-01 |191  0.03111  -5.7820e-01 |192  0.02279  -7.2408e-01
193 -0.01940   2.5031e-01 |194 -0.07196  -4.9036e-01 |195  0.00350  -2.0032e-01
196  0.06058  -1.0874e+00 |197  0.02225  -7.6729e-01 |198  0.00974   3.4209e-01
199  0.01092  -1.6507e-01 |200  0.01563  -1.9187e+00 |201  0.02605  -5.6643e-01
202  0.12046   5.2510e-02 |203  0.11559   1.3081e+00 |204  0.09689   1.7650e+00
205 -0.05042   2.1834e-01 |206 -0.11353  -1.3658e-01 |207 -0.13379  -1.1042e-01
208 -0.08158   2.9398e-01 |209 -0.04094  -9.8708e-02 |210  0.06658  -8.5275e-01
211 -1.01238   5.8626e-03 |212 -0.05909  -2.2941e+01 |213  0.03544  -3.0361e+00
214 -0.01409  -8.6915e-09 |215 -0.65827  -4.0854e-01 |216 -0.84935  -5.1453e-01
217  0.02472   2.5269e+00 |218 -0.16243   2.3821e-01 |219 -0.24955   2.1168e-01
220 -0.05306   1.1745e-01 |221  0.03927   6.5377e-02 |222  0.00054  -2.1996e-02
223  0.00984   3.2237e-01 |224 -0.02943   2.3744e-01 |225 -0.03784   5.0101e-01
226  0.08860   3.0625e-01 |227  0.07079   2.5076e-01 |228  0.19651   8.4934e-02
229  0.10413   2.9982e-01 |230  0.09621  -9.1047e-02 |231  0.04761   4.6998e-01
232  0.05700   4.2476e-01 |233  0.06292   2.2970e-01 |234  0.12769   1.3605e-01
235 -0.11667  -1.5689e-02 |236 -0.12402   1.5769e-01 |237  0.00647   7.6970e-02
238  0.02681   1.6675e-01 |239 -0.11204   2.8777e-01 |240 -0.15075   2.7092e-01
241 -0.06598   2.4908e-01 |242  0.01445   2.0782e-01 |243  0.04417  -7.2304e-02
244 -0.02225  -1.1695e-03 |245 -0.12195   2.5609e-01 |246 -0.23528   1.8362e-01
247 -0.10636   7.2118e-02 |248  0.00137   2.2842e-01 |249  0.05521   5.0571e-01
250  0.08508   2.9000e-01 |251  0.05396  -4.8980e-01 |252 -0.01743  -1.5647e-01
253 -0.00149   2.4602e-01 |254  0.13175  -2.5309e-01 |255  0.19546  -1.9832e-02
256  0.23222   9.8022e-02 |257 -0.14589   8.7897e-02 |258  0.09470  -7.7873e+00
259  0.14950   1.5213e-02 |260 -1.13160   3.6863e+00 |261 -0.84454  -3.3905e+00
262 -0.90755  -6.1810e-01 |263 -0.01543   1.4866e+00 |264  0.45867   1.1175e+00
265 -0.43649   1.1510e+00 |266  0.57775   9.1559e-01 |267  0.14383   1.4493e+00
268 -0.35115   1.2665e+00 |269  0.68341   7.0941e-01 |270 -0.36303   1.2518e+00
271  0.49348   1.0622e+00 |272  0.35289   1.2644e+00 |273 -0.66950   7.3780e-01
274 -0.39831   1.2054e+00 |275 -0.53804   9.8685e-01 |276  0.10604   1.4665e+00
277  0.66862   7.3959e-01 |278  0.40606   1.1947e+00 |279 -0.07848   1.4758e+00
280 -0.56002   9.4786e-01 |281 -0.14740   1.4474e+00 |282 -0.08017   1.4753e+00
283  0.04287   1.4837e+00 |284 -0.49385   1.0616e+00 |285 -0.22534   1.3949e+00
286 -0.12344   1.4592e+00 |287 -0.52889   1.0027e+00 |288 -0.34640   1.2723e+00
289  0.65349   7.7004e-01 |290 -0.70281   6.6926e-01 |291  0.20537   1.4104e+00
292  0.15856   1.4412e+00 |293 -0.08789   1.4729e+00 |294  0.13048   1.4560e+00
295  0.37246   1.2397e+00 |296 -0.46998   1.0999e+00 |297 -0.18849   1.4224e+00
298  0.29558   1.3296e+00 |299  0.32504   1.2974e+00 |300  0.50211   1.0480e+00
301 -0.02815   1.4856e+00 |302  0.27136   1.3540e+00 |303  0.47067  -2.5730e+00
304  0.08825  -1.0930e+00 |305 -0.90727  -5.0031e+00 |306  0.25094  -1.2953e+00
307 -0.87842   5.0448e+00 |308 -0.52652  -6.9971e-01 |
19.7921 7.05225 69.2303 45.0577 
11.1571 11.1571 48.9571 49.6313 
6.42036 9.27855 0 1.43517 11.1686 
0 2.05476 0 0 0.445837 19.1328 0 
19.8033 7.06845 69.1959 45.0486 
11.197 11.197 48.9318 49.6707 
6.36607 9.25666 0 1.43593 11.1892 
0 2.04035 0 0 0.445982 19.1523 0 
19.8188 7.04716 69.1925 45.0412 
11.191 11.191 48.9215 49.6761 
6.37087 9.26132 0 1.42253 11.1884 
0 2.03978 0 0 0.446362 19.1749 0 
19.839 7.01535 69.1953 45.0275 
11.1951 11.1951 48.9103 49.6736 
6.37256 9.25742 0 1.39585 11.1883 
0 2.03989 0 0 0.447251 19.2258 0 
19.8467 7.0242 69.1801 45.0193 
11.1968 11.1968 48.9095 49.6675 
6.36456 9.25563 0 1.37879 11.18 
0 2.03979 0 0 0.447703 19.2638 0 
19.8409 7.03103 69.1693 45.026 
11.2113 11.2113 48.9089 49.6615 
6.35851 9.2493 0 1.35609 11.1678 
0 2.04139 0 0 0.447705 19.3015 0 
19.8135 7.07029 69.1582 45.0433 
11.2071 11.2071 48.9138 49.6562 
6.3562 9.2457 0 1.33596 11.141 
0 2.0441 0 0 0.446916 19.3231 0 
19.7805 7.08484 69.1393 45.0767 
11.2045 11.2045 48.9199 49.6552 
6.36503 9.2475 0 1.3171 11.1317 
0 2.04692 0 0 0.446061 19.331 0 
19.7625 7.11067 69.1252 45.0961 
11.1864 11.1864 48.9273 49.6555 
6.37552 9.24159 0 1.31282 11.1296 
0 2.05014 0 0 0.445389 19.3162 0 
19.7543 7.10638 69.1108 45.1134 
11.1568 11.1568 48.9302 49.6568 
6.38927 9.25146 0 1.30931 11.1509 
0 2.0506 0 0 0.445236 19.3023 0 
308 variables; iteration 500; function evaluation 568; phase 1
Function value   3.0868444e+02; maximum gradient component mag   2.2224e+01
Var   Value    Gradient   |Var   Value    Gradient   |Var   Value    Gradient
  1  0.13652   1.2921e-01 |  2  0.18563  -3.4611e-01 |  3  0.18877  -5.4944e-01
  4  0.19590   5.6707e-01 |  5  0.19465   9.7935e-01 |  6  0.19069   2.5911e-01
  7  0.17749   2.8724e-01 |  8  0.17318  -2.6746e-01 |  9  0.17218   9.5849e-01
 10  0.14802  -9.2246e-02 | 11 -2.12432   3.8882e-01 | 12  0.12614   3.2085e-01
 13  0.10163   7.6422e-01 | 14 -2.05540  -1.5466e-01 | 15 -1.98824  -1.8406e-01
 16 -0.09281   1.6715e-01 | 17 -0.16349  -3.0168e-02 | 18 -0.23226   2.3513e-03
 19 -0.31879  -1.3203e-02 | 20 -1.00449   6.0212e-05 | 21 -0.93438  -6.3582e-05
 22 -2.10081  -2.4636e-01 | 23 -0.17668  -1.5238e-04 | 24  0.00860  -8.7169e-02
 25  0.08335  -6.4719e-02 | 26  0.12633  -1.4764e-02 | 27  0.15321   8.4115e-01
 28  0.15531   1.1665e-01 | 29  0.14980  -6.4346e-02 | 30  0.15161  -7.7110e-02
 31  0.15562  -2.7550e-01 | 32  0.14771   1.3837e-01 | 33  0.12928   1.3699e-01
 34  0.11304   1.4185e-01 | 35  0.12277  -3.5103e-01 | 36  0.11929  -2.1635e-01
 37  0.08806  -3.2391e-01 | 38  0.05070   6.4757e-02 | 39  0.00577   5.5722e-02
 40 -0.03939   2.1978e-01 | 41 -0.09726  -6.7129e-02 | 42 -1.84466  -6.3625e-03
 43 -0.02140  -4.2327e-01 | 44 -0.06432  -4.4769e-02 | 45 -0.09418  -4.5929e-01
 46 -0.16598   8.0190e-02 | 47 -0.18299  -4.6726e-02 | 48 -0.14675  -2.7171e-01
 49 -0.10828  -3.1114e-01 | 50 -0.06845  -7.0742e-01 | 51 -0.03608  -1.1370e+00
 52  0.01388  -8.1125e-01 | 53 -0.00576  -8.1460e-01 | 54  0.02311  -1.1134e+00
 55  0.02506  -3.3770e-01 | 56  0.03976  -1.3438e-01 | 57  0.09169   4.4217e-02
 58  0.10893   9.1451e-02 | 59  0.04273   6.5923e-01 | 60 -0.10666   3.3472e-01
 61 -0.06922   4.0622e-01 | 62  0.04284   7.3037e-01 | 63 -0.02240   2.5044e-01
 64 -0.04386   2.6813e-01 | 65 -0.04602   6.7086e-01 | 66 -0.03669   5.1468e-01
 67 -0.06603   9.1996e-02 | 68 -0.04849   2.6286e-01 | 69 -0.07482  -1.4817e-01
 70 -0.06382  -2.2870e-01 | 71  0.05033   9.8221e-03 | 72  0.05092   6.5796e-01
 73  0.01003   6.8198e-01 | 74 -0.00130   3.3201e-01 | 75  0.10247   3.7988e-01
 76  0.09242   2.3450e-01 | 77 -0.03648  -1.4975e+00 | 78 -0.06142  -6.9760e-01
 79  0.05523  -2.5310e+00 | 80  0.32431  -1.0754e+00 | 81 -2.93435   1.6839e-01
 82 -0.12478   2.4892e-02 | 83 -0.04150   1.0127e-01 | 84 -2.03715   1.7223e-01
 85 -0.04017  -1.2209e-01 | 86  0.09670  -2.2334e-01 | 87  0.21646  -6.2679e-01
 88 -0.08266   4.1542e-02 | 89 -0.20444   6.6999e-02 | 90 -0.15102  -1.1785e-02
 91 -0.04422  -6.1735e-03 | 92 -0.01903  -7.0314e-03 | 93  0.03706  -1.4239e-01
 94  0.16380  -1.4901e-01 | 95  0.01254  -1.7031e-01 | 96 -0.00169  -3.4050e-01
 97  0.01447  -2.5039e-01 | 98  0.10063  -2.4482e-01 | 99  0.08759  -2.3060e-01
100  0.08640  -3.1282e-01 |101  0.11118   8.4315e-02 |102 -0.07470   7.8722e-02
103 -0.10260   2.8902e-03 |104  0.05256   1.3115e-01 |105  0.03877   3.3037e-01
106 -0.04514   9.7895e-02 |107 -0.05740   1.2500e-01 |108 -2.06291   3.0733e-01
109  0.09973   9.9524e-02 |110  0.08912   3.4451e-01 |111  0.00825  -5.5136e-02
112 -0.12842   5.2829e-03 |113 -0.14103  -1.5328e-02 |114 -1.96272   1.6804e-01
115  0.11462  -4.2428e-01 |116  0.02191  -1.2897e-01 |117  0.09551   1.0339e-01
118  0.03716  -2.4727e-02 |119 -0.01952   7.6667e-03 |120 -0.00035   4.1968e-02
121  0.12976  -1.2017e-03 |122  1.79565  -6.9778e-02 |123 -0.99331   7.2446e-02
124  0.11002  -1.8277e-01 |125 -0.02018  -7.1241e-02 |126  2.18057   2.3612e-01
127 -0.57451   2.5440e-01 |128  2.52561  -2.7837e-01 |129  1.92494  -4.0767e-01
130 -0.57378   2.5477e-01 |131  3.68753   3.6205e-01 |132  0.75442   1.5446e-01
133 -2.82753  -1.0986e-01 |134  0.60304   2.3971e-01 |135 -0.16740   3.9641e-01
136  3.06706   4.3159e-02 |137 -1.40739  -2.4514e-01 |138 -0.17911   3.9438e-01
139  0.63094   2.2488e-01 |140  0.66413   2.0668e-01 |141 -3.40519   2.4400e-01
142 -0.54973   2.6675e-01 |143 -0.42182   3.2365e-01 |144 -3.16861   1.0746e-01
145 -1.64599  -3.4867e-01 |146  1.69585  -3.6455e-01 |147 -0.81581   1.1712e-01
148 -3.25381   1.5937e-01 |149 -1.09090  -5.8413e-02 |150  2.47904  -2.9968e-01
151 -0.20060   3.9031e-01 |152 -2.87572  -7.9632e-02 |153 -0.63296   2.2379e-01
154  1.26508  -1.6604e-01 |155  0.57832   2.5246e-01 |156 -1.57017  -3.2045e-01
157  1.48089  -2.8144e-01 |158 -0.76364   1.4894e-01 |159  0.15590   3.9827e-01
160  0.72585   1.7137e-01 |161  0.76002   1.5111e-01 |162 -0.26915   3.7438e-01
163  0.23550   3.8275e-01 |164  0.50270   2.8905e-01 |165  1.42785  -2.5559e-01
166  3.62744   3.4221e-01 |167 -0.99924   1.6542e-04 |168 -0.49763   2.9136e-01
169  0.01034   2.2224e+01 |170  0.00954   1.2367e+00 |171  0.00741  -7.8739e-01
172  0.03146  -3.6057e-01 |173  0.07881   2.7638e-01 |174  0.03898   1.8376e-01
175  0.03619   4.3945e-01 |176  0.01479   7.0950e-01 |177  0.03557   7.5542e-01
178  0.10006   1.2790e-01 |179  0.12195   5.0072e-01 |180  0.11218   8.5020e-01
181  0.05856   7.1188e-01 |182 -0.02081   1.7408e-01 |183 -0.02908  -2.9555e-01
184 -0.00936  -5.7401e-01 |185 -0.00757  -7.5671e-01 |186 -0.01742  -5.8266e-01
187 -0.04025  -2.2584e-01 |188 -0.02697  -4.3870e-01 |189  0.02783  -2.7028e-01
190  0.03201   3.7371e-01 |191  0.03100  -2.2248e+00 |192  0.02307   1.9371e-01
193 -0.01946  -2.4819e-01 |194 -0.07222  -3.1859e-01 |195  0.00235   2.8505e-01
196  0.05955   7.8394e-01 |197  0.02230  -5.2487e-02 |198  0.00933  -2.0681e+00
199  0.01119  -1.2964e-01 |200  0.01599  -7.9385e-02 |201  0.02605  -4.3843e-01
202  0.12139  -1.2615e-01 |203  0.11559   1.2160e+00 |204  0.09670   1.8175e+00
205 -0.05269  -1.0475e-01 |206 -0.11384  -1.1368e-01 |207 -0.13515  -3.0525e-01
208 -0.08227  -2.1231e-01 |209 -0.04112  -2.0749e-01 |210  0.06639  -4.4523e-01
211 -1.02635   1.2190e-02 |212 -0.05766  -1.2418e+01 |213  0.03541  -5.5349e+00
214 -0.01409  -8.6904e-09 |215 -0.65621   7.0805e-02 |216 -0.84630  -4.0274e-01
217  0.02521   3.4668e+00 |218 -0.16280   2.2117e-01 |219 -0.24973   2.6283e-01
220 -0.05330   1.4212e-01 |221  0.03877   1.1627e-01 |222  0.00019   8.3384e-02
223  0.00937   5.0735e-02 |224 -0.02923   4.9239e-02 |225 -0.03705   9.8056e-02
226  0.08876   1.1961e-01 |227  0.07035   1.0012e-01 |228  0.19625  -4.4640e-02
229  0.10442   1.6145e-01 |230  0.09687   1.3693e-01 |231  0.04830   2.0211e-01
232  0.05761  -5.4475e-02 |233  0.06298   1.1258e-01 |234  0.12691   1.5743e-02
235 -0.11669  -5.8703e-02 |236 -0.12394   8.7485e-02 |237  0.00594   2.4308e-01
238  0.02726  -5.9138e-02 |239 -0.11075  -4.1327e-02 |240 -0.14977  -1.2459e-01
241 -0.06639   2.4356e-02 |242  0.01192  -1.6185e-01 |243  0.04475  -6.4850e-02
244 -0.02074   1.0071e-01 |245 -0.12214  -5.0619e-02 |246 -0.23607  -2.3138e-02
247 -0.10605  -1.3230e-02 |248  0.00093   1.4602e-01 |249  0.05333   2.8496e-01
250  0.08520   2.6863e-01 |251  0.05527  -3.0314e-02 |252 -0.01716  -1.5361e-03
253 -0.00250   8.6881e-02 |254  0.13184  -2.2058e-01 |255  0.19633   1.6816e-01
256  0.23196  -9.7086e-02 |257 -0.14569   2.8440e-01 |258  0.09501  -7.3196e+00
259  0.14951   1.2147e-01 |260 -1.13176   8.5879e-02 |261 -0.84441  -8.9843e-01
262 -0.90825  -5.2794e-01 |263 -0.02247  -1.7416e+00 |264  0.49498  -1.2420e+00
265 -0.47558  -1.2786e+00 |266  0.58665  -1.0537e+00 |267  0.11867  -1.7125e+00
268 -0.36814  -1.4594e+00 |269  0.68030  -8.3885e-01 |270 -0.36812  -1.4594e+00
271  0.48780  -1.2557e+00 |272  0.38496  -1.4337e+00 |273 -0.65369  -9.0195e-01
274 -0.39401  -1.4195e+00 |275 -0.55137  -1.1290e+00 |276  0.11177  -1.7159e+00
277  0.64631  -9.1917e-01 |278  0.38445  -1.4345e+00 |279 -0.08952  -1.7255e+00
280 -0.55869  -1.1136e+00 |281 -0.15983  -1.6881e+00 |282 -0.07935  -1.7292e+00
283  0.08639  -1.7267e+00 |284 -0.46792  -1.2928e+00 |285 -0.22087  -1.6389e+00
286 -0.11174  -1.7159e+00 |287 -0.53185  -1.1691e+00 |288 -0.32378  -1.5222e+00
289  0.64906  -9.1275e-01 |290 -0.69107  -8.1288e-01 |291  0.20322  -1.6547e+00
292  0.15924  -1.6885e+00 |293 -0.10922  -1.7171e+00 |294  0.12557  -1.7089e+00
295  0.36674  -1.4615e+00 |296 -0.45770  -1.3114e+00 |297 -0.16270  -1.6861e+00
298  0.29651  -1.5571e+00 |299  0.31972  -1.5275e+00 |300  0.47970  -1.2710e+00
301 -0.02212  -1.7417e+00 |302  0.25150  -1.6085e+00 |303  0.47053  -7.3707e+00
304  0.08830  -7.2916e-01 |305 -0.90703   1.7197e-01 |306  0.25078  -5.6134e-01
307 -0.87906  -6.1953e-01 |308 -0.52532  -1.7358e+00 |
19.7702 7.10244 69.0803 45.1132 
11.1391 11.1391 48.9317 49.6589 
6.3941 9.25323 0 1.31045 11.1832 
0 2.05037 0 0 0.445868 19.2964 0 
19.8056 7.09134 69.062 45.0952 
11.1223 11.1223 48.9147 49.667 
6.39135 9.25385 0 1.30692 11.2202 
0 2.05007 0 0 0.446836 19.3072 0 
19.8243 7.09495 69.0474 45.0773 
11.1219 11.1219 48.9018 49.677 
6.38086 9.25524 0 1.29895 11.2349 
0 2.04885 0 0 0.447604 19.328 0 
19.839 7.09256 69.0359 45.0638 
11.1472 11.1472 48.8739 49.6998 
6.36805 9.2463 0 1.28018 11.2395 
0 2.04948 0 0 0.447961 19.36 0 
19.8324 7.09292 69.0591 45.0534 
11.1608 11.1608 48.8616 49.7155 
6.36102 9.24257 0 1.27027 11.2281 
0 2.04856 0 0 0.447818 19.3675 0 
19.811 7.09047 69.0645 45.0533 
11.1753 11.1753 48.8594 49.7278 
6.36304 9.23984 0 1.25707 11.2168 
0 2.04903 0 0 0.44724 19.3747 0 
19.7874 7.07102 69.0803 45.0575 
11.1801 11.1801 48.8648 49.7338 
6.37445 9.23585 0 1.2506 11.2241 
0 2.04883 0 0 0.4465 19.3629 0 
19.7667 7.04849 69.0958 45.0561 
11.1554 11.1554 48.8755 49.7324 
6.38892 9.24463 0 1.24657 11.2492 
0 2.04793 0 0 0.44602 19.3537 0 
19.7622 7.02191 69.0945 45.0559 
11.1293 11.1293 48.8862 49.7288 
6.39853 9.25051 0 1.24698 11.2957 
0 2.04615 0 0 0.445902 19.3461 0 
19.765 6.99842 69.0917 45.0509 
11.0936 11.0936 48.8906 49.7285 
6.40242 9.26277 0 1.24445 11.3409 
0 2.04415 0 0 0.445834 19.3507 0 
308 variables; iteration 510; function evaluation 578; phase 1
Function value   3.0862929e+02; maximum gradient component mag   1.0874e+01
Var   Value    Gradient   |Var   Value    Gradient   |Var   Value    Gradient
  1  0.13313   1.0669e-01 |  2  0.18648   3.6776e-01 |  3  0.18931  -4.8041e-01
  4  0.19601  -7.5905e-01 |  5  0.19498   8.1040e-02 |  6  0.19086  -9.1379e-01
  7  0.17779   2.7721e-01 |  8  0.17361  -7.4537e-02 |  9  0.17236   7.5278e-02
 10  0.14864   5.4974e-01 | 11 -2.12482  -1.3727e-01 | 12  0.12664   4.6497e-01
 13  0.10182  -1.6690e-01 | 14 -2.05484   7.7517e-01 | 15 -1.98749   1.2294e-01
 16 -0.10196  -8.4773e-02 | 17 -0.16538  -5.0076e-02 | 18 -0.22711   5.4813e-03
 19 -0.30671  -1.1699e-02 | 20 -0.99141  -9.3833e-05 | 21 -0.96725  -3.3312e-05
 22 -2.09638   3.4369e-01 | 23 -0.17645  -9.2773e-05 | 24  0.01076  -1.4962e-02
 25  0.08402   3.9418e-02 | 26  0.12662   3.0715e-02 | 27  0.15316   3.2628e-01
 28  0.15543  -3.3502e-02 | 29  0.14995  -7.5048e-02 | 30  0.15186   4.2065e-02
 31  0.15594   3.5841e-02 | 32  0.14791   1.5607e-01 | 33  0.12948   5.8514e-02
 34  0.11330   1.0199e-02 | 35  0.12324   9.3051e-02 | 36  0.11967   1.7700e-01
 37  0.08863  -1.7641e-01 | 38  0.05133   1.1581e-01 | 39  0.00641   2.6020e-02
 40 -0.03900   1.0327e-01 | 41 -0.09651  -6.9874e-02 | 42 -1.84879  -8.7590e-02
 43 -0.01354   2.6251e-01 | 44 -0.06784  -2.5562e-01 | 45 -0.09500  -5.3707e-01
 46 -0.16774  -1.2156e-01 | 47 -0.18483  -2.3070e-01 | 48 -0.14773  -3.0327e-01
 49 -0.10798  -9.7087e-02 | 50 -0.06565  -1.5422e-01 | 51 -0.02371   2.2785e-01
 52  0.00968  -3.3592e-01 | 53 -0.00612  -1.5150e-01 | 54  0.03545   4.8457e-01
 55  0.02197   2.6079e-01 | 56  0.03675   3.9346e-01 | 57  0.09009   7.8972e-01
 58  0.11409   1.1532e+00 | 59  0.03807   5.3748e-01 | 60 -0.10774   2.1757e-01
 61 -0.07007   2.6288e-01 | 62  0.03862   2.9716e-01 | 63 -0.02163   1.8399e-01
 64 -0.04488   7.7492e-02 | 65 -0.04901   3.1363e-01 | 66 -0.03968   1.9015e-01
 67 -0.06346   2.7336e-01 | 68 -0.05017   1.7390e-01 | 69 -0.07084   1.5934e-01
 70 -0.05981  -1.0953e-02 | 71  0.05102  -3.9224e-01 | 72  0.04590  -3.2552e-01
 73 -0.00241  -6.2234e-01 | 74 -0.00177   6.9398e-03 | 75  0.10498   1.7445e-01
 76  0.09063   5.7464e-02 | 77 -0.03138  -1.1830e+00 | 78 -0.06534  -9.9693e-01
 79  0.05857  -2.3585e+00 | 80  0.32324  -7.0327e-01 | 81 -2.97332   7.0991e-02
 82 -0.12518  -3.8976e-02 | 83 -0.04343  -8.2092e-02 | 84 -2.03818   1.8717e-01
 85 -0.03829   2.3089e-01 | 86  0.09510   2.3329e-01 | 87  0.21631   2.3789e-01
 88 -0.08465   2.2777e-01 | 89 -0.20590   2.1866e-01 | 90 -0.15044   2.2228e-01
 91 -0.04401   1.1103e-01 | 92 -0.01759   2.4348e-01 | 93  0.03808   2.3581e-01
 94  0.16132   1.8290e-01 | 95  0.01400   3.4158e-01 | 96 -0.00033   2.0648e-01
 97  0.01356   1.8689e-01 | 98  0.09881   2.0830e-01 | 99  0.08722   1.9982e-01
100  0.08817   4.0701e-01 |101  0.10822   4.1733e-01 |102 -0.07829   2.5742e-01
103 -0.10314   3.0268e-01 |104  0.05271   3.8985e-01 |105  0.03823   4.6477e-01
106 -0.04550   3.4446e-01 |107 -0.05876   2.5771e-01 |108 -2.06815  -1.9492e-01
109  0.09876   1.6274e-01 |110  0.08627   3.6149e-01 |111  0.01037   4.4002e-01
112 -0.12826   2.9906e-01 |113 -0.14223   3.0226e-01 |114 -1.95998  -1.6931e-01
115  0.11519   2.4122e-01 |116  0.02151   6.3777e-02 |117  0.09682   2.0895e-01
118  0.04119   2.9224e-01 |119 -0.01861   2.2703e-01 |120 -0.00122   2.3062e-01
121  0.13063   1.4261e-01 |122  1.79709   9.2237e-02 |123 -0.98080   2.1532e-01
124  0.10894   1.2237e-01 |125 -0.01906   1.8371e-01 |126  2.17476  -2.1453e-01
127 -0.57658  -2.5546e-02 |128  2.54015   2.7367e-02 |129  1.89837   4.0867e-02
130 -0.57556  -2.5598e-02 |131  3.68443  -3.6412e-02 |132  0.73110  -1.6968e-02
133 -2.82429   1.1279e-02 |134  0.61516  -2.3525e-02 |135 -0.16615  -3.9992e-02
136  3.06946  -4.5107e-03 |137 -1.40545   2.4617e-02 |138 -0.19542  -3.9459e-02
139  0.62679  -2.2900e-02 |140  0.66689  -2.0683e-02 |141 -3.40702  -2.4698e-02
142 -0.55274  -2.6748e-02 |143 -0.41445  -3.2927e-02 |144 -3.16731  -1.0752e-02
145 -1.61215   3.3947e-02 |146  1.70863   3.7133e-02 |147 -0.81763  -1.1698e-02
148 -3.27934  -1.7585e-02 |149 -1.08723   5.6570e-03 |150  2.47624   3.0342e-02
151 -0.20571  -3.9251e-02 |152 -2.87481   8.0855e-03 |153 -0.65183  -2.1527e-02
154  1.25192   1.5955e-02 |155  0.57344  -2.5705e-02 |156 -1.57623   3.2557e-02
157  1.47145   2.7928e-02 |158 -0.75651  -1.5450e-02 |159  0.16167  -4.0066e-02
160  0.72782  -1.7162e-02 |161  0.76213  -1.5108e-02 |162 -0.23783  -3.8539e-02
163  0.25267  -3.8176e-02 |164  0.49809  -2.9357e-02 |165  1.44178   2.6474e-02
166  3.64030  -3.4960e-02 |167 -1.01440   9.5328e-04 |168 -0.49633  -2.9438e-02
169  0.01042   1.0874e+01 |170  0.00963   1.6499e+00 |171  0.00726   3.9351e-01
172  0.03120   1.5287e-01 |173  0.07909   5.8794e-01 |174  0.03957   1.4427e-01
175  0.03697  -2.9138e-03 |176  0.01569   6.1780e-02 |177  0.03623   2.5453e-01
178  0.10037   1.2188e-01 |179  0.12265   6.7615e-01 |180  0.11316  -7.1234e-01
181  0.05898  -3.2545e-01 |182 -0.02165  -1.2092e-01 |183 -0.02909  -6.4069e-02
184 -0.00931  -6.6638e-01 |185 -0.00798  -3.3576e-01 |186 -0.01781  -2.1074e-01
187 -0.04080   2.0013e-02 |188 -0.02765  -8.3379e-03 |189  0.02760   3.2215e-01
190  0.03170   1.8263e-01 |191  0.03127  -7.6447e-01 |192  0.02278  -2.0317e-01
193 -0.01907  -6.4273e-01 |194 -0.07241  -2.5994e-03 |195  0.00211   6.4943e-01
196  0.05935   1.1698e+00 |197  0.02173   3.1608e-01 |198  0.00879   9.8682e-02
199  0.01020  -1.0512e-01 |200  0.01642   5.0435e-01 |201  0.02582  -1.2069e-01
202  0.12166   5.0009e-01 |203  0.11578   8.6991e-01 |204  0.09712   2.3331e+00
205 -0.05051   5.3810e-01 |206 -0.11614   1.7232e-01 |207 -0.13477   1.8693e-01
208 -0.08299  -8.6782e-02 |209 -0.04118  -3.5206e-03 |210  0.06598   4.9317e-02
211 -1.03376  -2.6781e-03 |212 -0.05702  -3.7009e+00 |213  0.03598   2.7638e-01
214 -0.01408  -8.6892e-09 |215 -0.65414  -3.4201e-01 |216 -0.84249   1.0620e+00
217  0.02388   1.9965e+00 |218 -0.16364   4.7161e-02 |219 -0.25012   1.2475e-01
220 -0.05334   1.0513e-01 |221  0.03873   1.2979e-01 |222 -0.00031  -1.9500e-02
223  0.00899   6.7136e-02 |224 -0.02921   3.5599e-01 |225 -0.03699   1.9288e-01
226  0.08924   1.8646e-01 |227  0.07025   9.2651e-02 |228  0.19546   3.7045e-02
229  0.10440   1.6568e-01 |230  0.09812   2.1145e-01 |231  0.04910   1.3179e-01
232  0.05777   1.2113e-01 |233  0.06356   1.1911e-01 |234  0.12734   2.0572e-01
235 -0.11685   7.5391e-02 |236 -0.12435   1.1329e-02 |237  0.00542   4.5670e-02
238  0.02682   5.4737e-02 |239 -0.11143  -5.1219e-03 |240 -0.15030   1.1261e-01
241 -0.06543   2.2623e-03 |242  0.01322   1.5096e-01 |243  0.04420   3.0615e-01
244 -0.02210  -1.1272e-01 |245 -0.12222  -1.3361e-02 |246 -0.23523   6.4199e-02
247 -0.10573  -3.0432e-02 |248  0.00093  -6.9928e-02 |249  0.05173   1.0913e-02
250  0.08354   9.8096e-02 |251  0.05600   2.6868e-01 |252 -0.01614   3.0798e-01
253 -0.00252   4.0536e-02 |254  0.13322   1.6414e-01 |255  0.19668   3.2251e-01
256  0.23234   1.2489e-01 |257 -0.14555   2.8004e-01 |258  0.09529  -6.3674e+00
259  0.14951  -5.6746e-01 |260 -1.13184  -7.9304e-01 |261 -0.84447  -2.0671e+00
262 -0.87928  -5.8111e-01 |263 -0.01352   4.0369e-01 |264  0.51948   2.7665e-01
265 -0.49715   2.8679e-01 |266  0.58726   2.4383e-01 |267  0.09436   3.9935e-01
268 -0.36360   3.3969e-01 |269  0.67340   1.9818e-01 |270 -0.37461   3.3587e-01
271  0.47557   2.9626e-01 |272  0.39986   3.2672e-01 |273 -0.64629   2.1298e-01
274 -0.38834   3.3096e-01 |275 -0.56160   2.5660e-01 |276  0.11023   3.9774e-01
277  0.63178   2.2074e-01 |278  0.37386   3.3613e-01 |279 -0.10090   3.9872e-01
280 -0.56048   2.5714e-01 |281 -0.16375   3.9050e-01 |282 -0.07952   4.0063e-01
283  0.11162   3.9759e-01 |284 -0.44847   3.0767e-01 |285 -0.22361   3.7913e-01
286 -0.09976   3.9883e-01 |287 -0.53164   2.7098e-01 |288 -0.29930   3.5997e-01
289  0.64355   2.1445e-01 |290 -0.67718   1.9609e-01 |291  0.19540   3.8491e-01
292  0.16227   3.9073e-01 |293 -0.12052   3.9657e-01 |294  0.12664   3.9582e-01
295  0.36649   3.3870e-01 |296 -0.44622   3.0859e-01 |297 -0.14929   3.9273e-01
298  0.29501   3.6120e-01 |299  0.31605   3.5504e-01 |300  0.46618   3.0028e-01
301 -0.02742   4.0341e-01 |302  0.23643   3.7625e-01 |303  0.47080  -6.4937e+00
304  0.08799  -6.6278e-01 |305 -0.90701   6.9245e-02 |306  0.25135   4.0669e-01
307 -0.87960  -4.1510e+00 |308 -0.52474  -2.3226e+00 |
19.7815 6.98791 69.065 45.046 
11.0839 11.0839 48.8958 49.7318 
6.39355 9.26261 0 1.24863 11.3781 
0 2.04174 0 0 0.445859 19.3545 0 
19.7958 6.97747 69.0501 45.0339 
11.0772 11.0772 48.8951 49.7433 
6.38371 9.26583 0 1.24611 11.3961 
0 2.03878 0 0 0.445536 19.3673 0 
19.8133 6.98852 69.0167 45.0148 
11.105 11.105 48.9057 49.7563 
6.36491 9.25454 0 1.25614 11.3902 
0 2.03561 0 0 0.445049 19.3641 0 
19.8171 6.99544 69.0026 44.9933 
11.1327 11.1327 48.9196 49.7686 
6.35789 9.24618 0 1.25877 11.3704 
0 2.03185 0 0 0.444317 19.3616 0 
19.8092 7.01828 68.9907 44.9642 
11.1585 11.1585 48.9424 49.7745 
6.35322 9.2422 0 1.26948 11.3436 
0 2.02904 0 0 0.443623 19.3441 0 
19.7921 7.04365 68.9793 44.9445 
11.1713 11.1713 48.9682 49.7719 
6.35603 9.24283 0 1.27631 11.3281 
0 2.02702 0 0 0.443293 19.329 0 
19.7665 7.07833 68.9687 44.9297 
11.1604 11.1604 48.9863 49.768 
6.35752 9.25803 0 1.28107 11.3204 
0 2.02743 0 0 0.443326 19.3182 0 
19.7444 7.11255 68.9499 44.9363 
11.1401 11.1401 48.9974 49.7647 
6.35559 9.27075 0 1.27957 11.3211 
0 2.03008 0 0 0.443789 19.3174 0 
19.7275 7.13758 68.9363 44.9558 
11.1182 11.1182 48.9887 49.7737 
6.34698 9.28493 0 1.2725 11.315 
0 2.03402 0 0 0.444393 19.3249 0 
19.7251 7.14738 68.9226 44.9819 
11.1089 11.1089 48.981 49.7892 
6.33531 9.2855 0 1.26395 11.305 
0 2.03671 0 0 0.444733 19.3302 0 
308 variables; iteration 520; function evaluation 588; phase 1
Function value   3.0857144e+02; maximum gradient component mag   1.9085e+01
Var   Value    Gradient   |Var   Value    Gradient   |Var   Value    Gradient
  1  0.13476   1.3571e-01 |  2  0.18586   1.8993e-01 |  3  0.18906  -3.7313e-01
  4  0.19619   2.1830e-01 |  5  0.19468   8.2034e-02 |  6  0.19092  -2.1246e-01
  7  0.17737  -1.6771e-01 |  8  0.17357   2.8290e-01 |  9  0.17221   1.3626e-01
 10  0.14831   2.0505e-01 | 11 -2.12486  -5.3516e-01 | 12  0.12646   3.4647e-01
 13  0.10232   2.1065e-01 | 14 -2.05581   4.0460e-01 | 15 -1.98862   3.8589e-02
 16 -0.10976  -2.4456e-01 | 17 -0.17200  -8.6496e-02 | 18 -0.22799   2.7911e-03
 19 -0.29529  -1.0337e-02 | 20 -0.98244  -1.7927e-04 | 21 -0.99009  -1.6420e-05
 22 -2.10186  -4.2685e-01 | 23 -0.17673  -1.4435e-04 | 24  0.01123   1.5705e-02
 25  0.08366   1.4910e-02 | 26  0.12629  -3.7021e-02 | 27  0.15280   9.1208e-02
 28  0.15522  -6.7217e-03 | 29  0.14982   3.0517e-03 | 30  0.15158  -4.4187e-02
 31  0.15591   3.0957e-01 | 32  0.14753  -2.3851e-01 | 33  0.12914   3.3632e-02
 34  0.11265   2.1199e-02 | 35  0.12256   4.6547e-02 | 36  0.11927   2.9260e-01
 37  0.08884   1.6728e-01 | 38  0.05182   1.5695e-01 | 39  0.00696   2.0521e-02
 40 -0.03917  -1.0439e-01 | 41 -0.09486   2.4456e-02 | 42 -1.84768  -3.6508e-02
 43 -0.01764  -2.1668e-03 | 44 -0.06481   2.6377e-02 | 45 -0.09525  -4.9174e-01
 46 -0.16656   7.2863e-02 | 47 -0.18222   1.0277e-01 | 48 -0.14661  -1.0257e-01
 49 -0.10732   6.8467e-02 | 50 -0.06596   1.4560e-03 | 51 -0.02966   1.2720e-01
 52  0.01928   8.4735e-01 | 53 -0.00060   8.4638e-01 | 54  0.03663   1.1787e+00
 55  0.02487   7.6669e-01 | 56  0.03589   2.2634e-01 | 57  0.08659  -1.8030e-01
 58  0.11168  -1.0061e-01 | 59  0.03465  -2.6178e-01 | 60 -0.10906  -6.5182e-02
 61 -0.07308  -2.1796e-01 | 62  0.03598  -3.7381e-01 | 63 -0.02041   1.7782e-02
 64 -0.04512  -1.0349e-01 | 65 -0.05686  -4.5337e-01 | 66 -0.03846   1.9658e-02
 67 -0.06545  -1.4014e-01 | 68 -0.05213  -1.8421e-01 | 69 -0.07193  -6.3325e-02
 70 -0.05998  -1.1808e-01 | 71  0.05108  -5.1194e-01 | 72  0.04772  -3.9290e-01
 73 -0.00368  -8.4965e-01 | 74  0.00065  -3.6467e-02 | 75  0.09581  -6.7698e-01
 76  0.08985  -1.9355e-01 | 77 -0.02744  -8.3080e-01 | 78 -0.06035  -4.2574e-01
 79  0.06885  -1.4442e+00 | 80  0.32097  -1.9455e-01 | 81 -3.00519  -1.2961e-02
 82 -0.12474   7.8670e-02 | 83 -0.04371  -5.1376e-03 | 84 -2.03794   9.7768e-02
 85 -0.04108  -2.1601e-01 | 86  0.09475  -2.5843e-01 | 87  0.21538  -2.5283e-01
 88 -0.08527  -2.1834e-02 | 89 -0.20589   1.0950e-03 | 90 -0.15063  -4.5074e-02
 91 -0.04281  -1.9083e-02 | 92 -0.01846  -4.2528e-02 | 93  0.03773  -3.8936e-02
 94  0.16226  -3.3332e-02 | 95  0.01246   2.0195e-02 | 96 -0.00202   5.5548e-02
 97  0.01339   8.0167e-02 | 98  0.09725   1.9055e-01 | 99  0.08609   1.0694e-01
100  0.08798   5.0829e-02 |101  0.10976  -1.1701e-02 |102 -0.07749  -6.6129e-02
103 -0.10113   7.1150e-03 |104  0.05686  -4.9531e-02 |105  0.03348  -3.3618e-01
106 -0.04764  -7.8898e-02 |107 -0.05886  -7.1353e-02 |108 -2.06849   1.5678e-01
109  0.10074  -1.0610e-01 |110  0.08302  -3.9291e-01 |111  0.01080   4.6855e-02
112 -0.12642  -2.3214e-02 |113 -0.14055  -2.5776e-02 |114 -1.95852   3.9187e-01
115  0.11517  -2.2581e-01 |116  0.02106  -2.3708e-01 |117  0.09573  -2.9696e-01
118  0.04476  -1.0737e-01 |119 -0.01276  -5.8756e-02 |120  0.00305  -6.0053e-02
121  0.12974  -3.8920e-01 |122  1.79770   6.2043e-01 |123 -1.00007   2.6590e-03
124  0.10853  -7.7127e-02 |125 -0.01803  -2.1986e-02 |126  2.17954   2.4338e-01
127 -0.57734   1.3439e-01 |128  2.56742  -1.3705e-01 |129  1.86590  -2.1328e-01
130 -0.58519   1.3226e-01 |131  3.70067   1.9443e-01 |132  0.70153   9.8550e-02
133 -2.82291  -5.9893e-02 |134  0.63024   1.1967e-01 |135 -0.18362   2.0909e-01
136  3.07648   2.6136e-02 |137 -1.41148  -1.3136e-01 |138 -0.20031   2.0739e-01
139  0.60971   1.2549e-01 |140  0.65881   1.1137e-01 |141 -3.40671   1.3005e-01
142 -0.54786   1.4220e-01 |143 -0.41607   1.7315e-01 |144 -3.19555   6.5945e-02
145 -1.58876  -1.7416e-01 |146  1.73569  -1.9957e-01 |147 -0.81688   6.1871e-02
148 -3.29700   9.8098e-02 |149 -1.07450  -2.5462e-02 |150  2.47293  -1.6064e-01
151 -0.21420   2.0587e-01 |152 -2.89263  -3.6613e-02 |153 -0.67493   1.0659e-01
154  1.24930  -8.3244e-02 |155  0.55344   1.4075e-01 |156 -1.55489  -1.6693e-01
157  1.44587  -1.4057e-01 |158 -0.75229   8.2737e-02 |159  0.17364   2.1004e-01
160  0.73984   8.6671e-02 |161  0.74800   8.4096e-02 |162 -0.19118   2.0834e-01
163  0.28015   1.9732e-01 |164  0.50538   1.5291e-01 |165  1.46420  -1.4531e-01
166  3.65910   1.8757e-01 |167 -1.04456  -1.5248e-02 |168 -0.48550   1.5769e-01
169  0.01036   1.9085e+01 |170  0.00960   1.1606e+00 |171  0.00764   2.9719e-01
172  0.03142  -9.6251e-02 |173  0.07924  -2.5391e-01 |174  0.03977   3.2113e-01
175  0.03749  -2.0744e-01 |176  0.01605  -4.5196e-02 |177  0.03710  -2.5622e-01
178  0.10163  -1.0556e+00 |179  0.12337  -9.4617e-01 |180  0.11314  -6.1981e-01
181  0.05817  -3.8659e-01 |182 -0.02246   4.1032e-02 |183 -0.03009   1.8193e-01
184 -0.01005  -1.0027e-02 |185 -0.00844   1.1870e-01 |186 -0.01817   3.7122e-01
187 -0.04115   3.4227e-01 |188 -0.02764   5.2735e-03 |189  0.02736  -1.5436e-01
190  0.03156   2.2513e-01 |191  0.03086   3.3929e-01 |192  0.02234  -1.8520e-01
193 -0.01930   4.2460e-01 |194 -0.07248  -1.4809e-01 |195  0.00212   1.8998e-01
196  0.05953   1.3811e+00 |197  0.02133  -4.8049e-02 |198  0.00897   4.8687e-01
199  0.01001   3.2985e-02 |200  0.01600   6.0524e-01 |201  0.02582  -2.8604e-02
202  0.12180   1.1512e+00 |203  0.11688   1.0177e+00 |204  0.09754   4.1900e-01
205 -0.05224  -9.9820e-02 |206 -0.11411   1.5351e-01 |207 -0.13604  -2.4835e-02
208 -0.08244  -2.5877e-02 |209 -0.04120  -2.2253e-01 |210  0.06637  -1.1194e-01
211 -1.04228   8.8135e-03 |212 -0.05721  -9.9318e+00 |213  0.03588  -3.8063e+00
214 -0.01408  -8.6873e-09 |215 -0.65545   2.7334e-02 |216 -0.84463   7.3601e-01
217  0.01978   3.0890e+00 |218 -0.16315   3.8917e-02 |219 -0.25002   3.7877e-02
220 -0.05386  -4.7778e-02 |221  0.03726  -5.0998e-02 |222 -0.00100  -1.3439e-01
223  0.00893   4.1624e-02 |224 -0.02880   7.4741e-03 |225 -0.03636  -4.3783e-02
226  0.08937  -8.4741e-03 |227  0.07006  -5.8740e-02 |228  0.19538  -1.3552e-01
229  0.10403  -7.0818e-02 |230  0.09843  -1.1189e-01 |231  0.05003  -1.7560e-01
232  0.05827  -6.9667e-02 |233  0.06398  -8.0694e-02 |234  0.12760  -1.0000e-01
235 -0.11630   5.2886e-03 |236 -0.12408  -2.0256e-01 |237  0.00658  -1.8996e-01
238  0.02634   8.0510e-02 |239 -0.11281  -2.5702e-03 |240 -0.15109   6.1323e-02
241 -0.06607  -6.0819e-02 |242  0.01278  -1.5457e-02 |243  0.04305   4.2622e-02
244 -0.02352  -1.2517e-01 |245 -0.12229  -1.0693e-01 |246 -0.23382  -2.5676e-02
247 -0.10459  -9.9097e-02 |248  0.00136  -1.0368e-01 |249  0.05185  -1.4999e-01
250  0.08293  -8.8821e-02 |251  0.05601   8.2563e-02 |252 -0.01615   4.3831e-02
253 -0.00191  -5.0597e-02 |254  0.13272  -2.3001e-02 |255  0.19717   1.1776e-01
256  0.23260   4.5669e-02 |257 -0.14537   5.8907e-02 |258  0.09577  -7.7604e+00
259  0.14954  -3.9338e-01 |260 -1.13193   2.2089e+00 |261 -0.84452  -3.1323e+00
262 -0.82464  -1.9600e-02 |263 -0.00639   2.3792e-01 |264  0.53271   1.5938e-01
265 -0.51489   1.6426e-01 |266  0.58631   1.4396e-01 |267  0.07679   2.3620e-01
268 -0.35560   2.0177e-01 |269  0.66521   1.1944e-01 |270 -0.37688   1.9744e-01
271  0.46116   1.7819e-01 |272  0.41490   1.8916e-01 |273 -0.64177   1.2693e-01
274 -0.37206   1.9844e-01 |275 -0.56740   1.4952e-01 |276  0.10794   2.3452e-01
277  0.62131   1.3333e-01 |278  0.36516   1.9985e-01 |279 -0.11183   2.3427e-01
280 -0.56204   1.5107e-01 |281 -0.16680   2.2981e-01 |282 -0.07540   2.3626e-01
283  0.13301   2.3276e-01 |284 -0.43363   1.8484e-01 |285 -0.22192   2.2362e-01
286 -0.09304   2.3539e-01 |287 -0.53471   1.5882e-01 |288 -0.27553   2.1599e-01
289  0.64184   1.2691e-01 |290 -0.66309   1.2012e-01 |291  0.18249   2.2822e-01
292  0.16101   2.3036e-01 |293 -0.12095   2.3365e-01 |294  0.12157   2.3361e-01
295  0.35676   2.0154e-01 |296 -0.44093   1.8311e-01 |297 -0.14027   2.3218e-01
298  0.29112   2.1348e-01 |299  0.31920   2.0864e-01 |300  0.45373   1.8002e-01
301 -0.02775   2.3770e-01 |302  0.21994   2.2387e-01 |303  0.47152  -4.6595e+00
304  0.08845  -7.2809e-01 |305 -0.90747  -5.5456e+00 |306  0.25154  -7.0173e-01
307 -0.87919   1.6455e-01 |308 -0.52517  -3.6444e-01 |
19.7213 7.14839 68.9167 45.0048 
11.1218 11.1218 48.965 49.8123 
6.32525 9.27856 0 1.256 11.2838 
0 2.03666 0 0 0.444943 19.3352 0 
19.7212 7.14059 68.9148 45.0139 
11.1322 11.1322 48.9595 49.8346 
6.3183 9.27297 0 1.25087 11.2727 
0 2.03407 0 0 0.444691 19.3305 0 
19.7142 7.13636 68.9151 45.0159 
11.1578 11.1578 48.9523 49.8537 
6.31807 9.2591 0 1.24694 11.267 
0 2.02903 0 0 0.444435 19.3259 0 
19.7005 7.12846 68.9158 45.0183 
11.1639 11.1639 48.9523 49.8701 
6.31895 9.25753 0 1.24313 11.2874 
0 2.02233 0 0 0.444095 19.3141 0 
19.6873 7.13499 68.9125 45.0105 
11.1715 11.1715 48.9341 49.8801 
6.32149 9.26144 0 1.23694 11.3122 
0 2.01847 0 0 0.443834 19.3177 0 
19.68 7.139 68.9045 45.0214 
11.1634 11.1634 48.9347 49.8775 
6.32022 9.26407 0 1.23437 11.3393 
0 2.01708 0 0 0.443793 19.3171 0 
19.6746 7.14192 68.8879 45.0403 
11.1402 11.1402 48.9301 49.8732 
6.31259 9.28288 0 1.22724 11.3735 
0 2.01893 0 0 0.443561 19.3251 0 
19.6762 7.14302 68.8787 45.0557 
11.1376 11.1376 48.9372 49.8669 
6.3074 9.28296 0 1.22712 11.3753 
0 2.02115 0 0 0.443329 19.3256 0 
19.6779 7.1362 68.8669 45.0712 
11.1343 11.1343 48.9503 49.8595 
6.30208 9.28735 0 1.22401 11.3612 
0 2.02517 0 0 0.442824 19.3353 0 
19.684 7.13398 68.8645 45.0757 
11.1428 11.1428 48.9695 49.8505 
6.30103 9.28418 0 1.22995 11.3287 
0 2.0266 0 0 0.442549 19.3294 0 
308 variables; iteration 530; function evaluation 598; phase 1
Function value   3.0854539e+02; maximum gradient component mag  -4.9098e+00
Var   Value    Gradient   |Var   Value    Gradient   |Var   Value    Gradient
  1  0.13788   1.4182e-01 |  2  0.18531  -3.1484e-02 |  3  0.18928  -1.5820e-03
  4  0.19609   2.0459e-01 |  5  0.19462   2.2044e-02 |  6  0.19089  -4.0086e-02
  7  0.17730  -1.9434e-01 |  8  0.17346   2.5113e-02 |  9  0.17204  -2.9199e-01
 10  0.14827   1.8848e-01 | 11 -2.12469  -2.2590e-01 | 12  0.12653   1.7212e-01
 13  0.10249   2.8332e-01 | 14 -2.05663  -4.7539e-02 | 15 -1.98943  -1.0083e-01
 16 -0.10256  -1.0699e-01 | 17 -0.17480  -9.4899e-02 | 18 -0.22504   6.6115e-03
 19 -0.28703  -7.9193e-03 | 20 -0.98185  -1.8503e-04 | 21 -1.01565   1.9362e-05
 22 -2.09808   1.8445e-01 | 23 -0.17647  -2.1204e-04 | 24  0.01101  -3.4659e-03
 25  0.08378  -1.8486e-02 | 26  0.12646   1.0240e-02 | 27  0.15287  -6.1999e-02
 28  0.15539   3.0359e-03 | 29  0.15000   6.1794e-02 | 30  0.15178  -1.8436e-02
 31  0.15602   3.1599e-02 | 32  0.14786  -9.7326e-02 | 33  0.12937  -1.3946e-02
 34  0.11285   4.1905e-02 | 35  0.12259   5.3904e-03 | 36  0.11942  -9.5988e-02
 37  0.08909  -6.3051e-02 | 38  0.05229   3.3286e-02 | 39  0.00746  -3.2277e-02
 40 -0.03848  -4.3336e-02 | 41 -0.09448   1.2809e-02 | 42 -1.84623   8.1600e-03
 43 -0.02014   7.1551e-02 | 44 -0.06474   2.7612e-01 | 45 -0.09333  -1.2469e-01
 46 -0.16719   2.0837e-01 | 47 -0.18183   3.4112e-01 | 48 -0.14578   1.8254e-01
 49 -0.10742   2.6149e-01 | 50 -0.06458   2.7165e-01 | 51 -0.02776   3.2609e-01
 52  0.01365   3.8755e-01 | 53 -0.00316   5.7718e-01 | 54  0.03418   9.0273e-01
 55  0.02524   8.2944e-01 | 56  0.03603   4.3082e-01 | 57  0.08853   2.9153e-01
 58  0.10990   2.2885e-01 | 59  0.03648   2.3375e-01 | 60 -0.10909   2.0632e-01
 61 -0.07148   2.3760e-01 | 62  0.03638   1.0603e-01 | 63 -0.02300   1.3573e-01
 64 -0.04527   1.0889e-01 | 65 -0.05804  -3.2987e-01 | 66 -0.04092   7.6279e-02
 67 -0.06243   3.3442e-01 | 68 -0.05308  -2.8739e-02 | 69 -0.07268   1.5702e-01
 70 -0.06161   1.0564e-01 | 71  0.05342   1.8122e-01 | 72  0.04636   7.9125e-02
 73  0.00307   1.0350e-02 | 74 -0.00141   1.8074e-01 | 75  0.09583  -3.0852e-01
 76  0.08707   5.6135e-03 | 77 -0.02980  -6.3734e-01 | 78 -0.05631   2.2304e-01
 79  0.07509  -6.8703e-01 | 80  0.31866   3.1989e-02 | 81 -3.02102  -4.7021e-02
 82 -0.12471   2.5963e-01 | 83 -0.04276   2.4128e-01 | 84 -2.03870  -1.0184e-01
 85 -0.03592   1.6567e-01 | 86  0.09415   3.3921e-02 | 87  0.21501   1.7750e-01
 88 -0.08762   2.8003e-02 | 89 -0.20786   3.6079e-02 | 90 -0.15108   7.1913e-02
 91 -0.04264   1.2889e-01 | 92 -0.01929   4.1344e-02 | 93  0.03683   8.4605e-02
 94  0.16147   7.4778e-02 | 95  0.01336   1.3079e-01 | 96 -0.00126   8.5423e-02
 97  0.01414   9.0906e-02 | 98  0.09744   9.8334e-02 | 99  0.08614   8.5027e-02
100  0.08671  -7.0607e-02 |101  0.11063   1.4228e-01 |102 -0.07676   7.2440e-02
103 -0.10261   4.6318e-02 |104  0.05402   5.4630e-02 |105  0.03675   1.1234e-01
106 -0.04788   7.8351e-02 |107 -0.05996   4.5492e-02 |108 -2.06833  -2.3092e-02
109  0.10060   9.1641e-02 |110  0.08510  -1.1763e-02 |111  0.00726   2.8839e-02
112 -0.12824   5.3832e-02 |113 -0.14062   4.7902e-02 |114 -1.96340  -2.5639e-02
115  0.11470  -1.6032e-02 |116  0.01992  -4.1010e-02 |117  0.09485   1.5188e-02
118  0.04359   3.1330e-02 |119 -0.01258   5.0008e-02 |120  0.00324   1.8873e-02
121  0.13015  -7.0546e-02 |122  1.79840   2.7153e-01 |123 -0.99312   7.5435e-02
124  0.10815   1.2984e-02 |125 -0.01841  -9.4338e-03 |126  2.17376  -9.4237e-02
127 -0.57695   2.0325e-02 |128  2.57091  -2.0571e-02 |129  1.85869  -3.2152e-02
130 -0.58929   1.9819e-02 |131  3.70633   2.9515e-02 |132  0.69204   1.5330e-02
133 -2.81785  -9.3040e-03 |134  0.63294   1.7969e-02 |135 -0.19499   3.1426e-02
136  3.08208   4.2346e-03 |137 -1.40781  -1.9698e-02 |138 -0.20504   3.1265e-02
139  0.60526   1.9153e-02 |140  0.65163   1.7150e-02 |141 -3.40437   1.9557e-02
142 -0.54102   2.1757e-02 |143 -0.41605   2.6168e-02 |144 -3.21187   1.0769e-02
145 -1.58195  -2.6105e-02 |146  1.74650  -3.0382e-02 |147 -0.82224   9.0827e-03
148 -3.30934   1.5394e-02 |149 -1.06322  -3.2640e-03 |150  2.47206  -2.4306e-02
151 -0.21976   3.1016e-02 |152 -2.89804  -5.2586e-03 |153 -0.68696   1.5561e-02
154  1.24963  -1.2596e-02 |155  0.54064   2.1773e-02 |156 -1.54534  -2.4906e-02
157  1.43043  -2.0626e-02 |158 -0.75366   1.2437e-02 |159  0.18010   3.1650e-02
160  0.74559   1.2825e-02 |161  0.74171   1.3010e-02 |162 -0.16651   3.1839e-02
163  0.29820   2.9410e-02 |164  0.50569   2.3098e-02 |165  1.47258  -2.2282e-02
166  3.67585   2.8779e-02 |167 -1.05441  -2.8091e-03 |168 -0.48211   2.3951e-02
169  0.01041   4.4418e+00 |170  0.00914  -1.9151e-01 |171  0.00783   2.0801e-02
172  0.03153   5.6259e-02 |173  0.07922  -5.0218e-01 |174  0.03929  -1.5368e-01
175  0.03744  -9.2277e-02 |176  0.01537  -3.2214e-01 |177  0.03696  -2.0453e-01
178  0.10117  -5.0962e-01 |179  0.12290  -4.3527e-01 |180  0.11289  -7.4005e-01
181  0.05824  -3.3165e-01 |182 -0.02234  -1.3064e-01 |183 -0.02982  -8.9117e-02
184 -0.00982  -3.8275e-02 |185 -0.00805  -2.1298e-01 |186 -0.01814  -8.1203e-02
187 -0.04113  -5.1935e-02 |188 -0.02742  -1.6724e-01 |189  0.02740   1.7572e-01
190  0.03155   9.3163e-03 |191  0.03061   2.0241e-01 |192  0.02255   7.2408e-02
193 -0.02012  -4.7967e-01 |194 -0.07165  -1.4125e-01 |195  0.00227  -3.4720e-01
196  0.05973   5.5775e-02 |197  0.02157  -3.3084e-01 |198  0.00943   5.2326e-01
199  0.01035   1.0127e-01 |200  0.01571  -3.4722e-03 |201  0.02647   6.4052e-02
202  0.12162   8.3208e-01 |203  0.11697   5.2046e-01 |204  0.09729  -7.0324e-01
205 -0.05030   1.5389e-01 |206 -0.11806  -1.4634e-01 |207 -0.13543  -8.8297e-02
208 -0.08217  -3.1254e-01 |209 -0.04116  -2.8026e-01 |210  0.06673  -1.2230e-01
211 -1.04959   1.2767e-02 |212 -0.05687  -4.9098e+00 |213  0.03595  -1.4817e+00
214 -0.01408  -8.6860e-09 |215 -0.65727  -3.4476e-01 |216 -0.84757  -2.2624e-01
217  0.01790   7.3482e-01 |218 -0.16293  -3.7062e-02 |219 -0.24949  -5.2039e-03
220 -0.05377  -3.3610e-02 |221  0.03665  -8.1579e-02 |222 -0.00148  -2.3074e-02
223  0.00863   3.0523e-02 |224 -0.02862  -1.0953e-01 |225 -0.03604  -2.2929e-02
226  0.08959  -9.5302e-02 |227  0.06990  -4.9473e-02 |228  0.19516  -8.2612e-02
229  0.10406  -7.8393e-02 |230  0.09843  -1.1900e-01 |231  0.04994  -6.9482e-02
232  0.05807  -8.5053e-02 |233  0.06390  -7.4698e-02 |234  0.12728  -6.4873e-02
235 -0.11594  -2.8919e-02 |236 -0.12344  -2.6262e-02 |237  0.00600   1.4595e-02
238  0.02561  -7.3368e-02 |239 -0.11255  -1.2456e-01 |240 -0.15107  -6.8402e-02
241 -0.06602   2.5002e-02 |242  0.01211  -3.4058e-02 |243  0.04301  -7.9340e-02
244 -0.02362  -7.2528e-02 |245 -0.12269  -2.3041e-02 |246 -0.23381  -2.1386e-02
247 -0.10368  -3.1010e-03 |248  0.00255   1.9396e-02 |249  0.05291   3.6371e-02
250  0.08333   2.2872e-02 |251  0.05584  -6.3107e-02 |252 -0.01658  -6.6736e-02
253 -0.00218   1.1791e-01 |254  0.13201  -1.4278e-01 |255  0.19775   9.4506e-02
256  0.23217  -6.5770e-02 |257 -0.14541   4.1355e-02 |258  0.09616  -4.5085e-01
259  0.14958   6.2185e-02 |260 -1.13206   1.3805e+00 |261 -0.84445  -1.3965e+00
262 -0.80393  -1.9930e-02 |263 -0.00604   2.5331e+00 |264  0.53469   1.6910e+00
265 -0.51814   1.7395e+00 |266  0.58910   1.5239e+00 |267  0.07207   2.5170e+00
268 -0.35234   2.1550e+00 |269  0.65935   1.2917e+00 |270 -0.37615   2.1037e+00
271  0.45404   1.9158e+00 |272  0.42190   1.9970e+00 |273 -0.64075   1.3549e+00
274 -0.36301   2.1324e+00 |275 -0.57049   1.5824e+00 |276  0.10679   2.4977e+00
277  0.61792   1.4307e+00 |278  0.36260   2.1333e+00 |279 -0.11647   2.4909e+00
280 -0.56403   1.6023e+00 |281 -0.17239   2.4409e+00 |282 -0.07694   2.5147e+00
283  0.13961   2.4725e+00 |284 -0.42866   1.9803e+00 |285 -0.22293   2.3795e+00
286 -0.08841   2.5088e+00 |287 -0.53795   1.6813e+00 |288 -0.26808   2.3119e+00
289  0.64258   1.3487e+00 |290 -0.65673   1.3007e+00 |291  0.17805   2.4348e+00
292  0.16182   2.4518e+00 |293 -0.11793   2.4899e+00 |294  0.11758   2.4901e+00
295  0.35435   2.1508e+00 |296 -0.43813   1.9566e+00 |297 -0.13193   2.4790e+00
298  0.28620   2.2815e+00 |299  0.32114   2.2177e+00 |300  0.44764   1.9324e+00
301 -0.02592   2.5311e+00 |302  0.21382   2.3917e+00 |303  0.47181  -6.0180e-02
304  0.08803   1.1054e-01 |305 -0.90700   3.3066e+00 |306  0.25191   5.1183e-02
307 -0.87906   5.4343e-01 |308 -0.52472   1.0199e+00 |
19.6781 7.12862 68.8715 45.0725 
11.1467 11.1467 48.9827 49.8457 
6.30533 9.27967 0 1.22937 11.3081 
0 2.0253 0 0 0.442434 19.336 0 
19.6771 7.1305 68.8799 45.0664 
11.1489 11.1489 48.9857 49.8443 
6.31007 9.28085 0 1.23086 11.2945 
0 2.02081 0 0 0.442612 19.3326 0 
19.665 7.13659 68.8991 45.0623 
11.1473 11.1473 48.9807 49.8472 
6.31487 9.27932 0 1.2287 11.2962 
0 2.01331 0 0 0.442896 19.3312 0 
19.6583 7.14563 68.9147 45.0667 
11.1419 11.1419 48.9639 49.8561 
6.31572 9.28345 0 1.22293 11.3066 
0 2.00554 0 0 0.443161 19.3281 0 
19.6456 7.15692 68.933 45.072 
11.1389 11.1389 48.9486 49.8676 
6.3124 9.28242 0 1.21788 11.3183 
0 2.00072 0 0 0.443257 19.324 0 
19.6435 7.16418 68.9419 45.0782 
11.1371 11.1371 48.9367 49.8791 
6.30703 9.28263 0 1.21292 11.3214 
0 1.99972 0 0 0.4432 19.32 0 
19.6388 7.17049 68.9477 45.0745 
11.1397 11.1397 48.9376 49.8865 
6.30198 9.27808 0 1.21252 11.3151 
0 2.00307 0 0 0.44309 19.3168 0 
19.6405 7.17078 68.9462 45.0661 
11.1419 11.1419 48.9474 49.889 
6.29966 9.27493 0 1.21314 11.3023 
0 2.00792 0 0 0.442984 19.3164 0 
19.6397 7.17007 68.9401 45.052 
11.144 11.144 48.9635 49.8861 
6.30082 9.27208 0 1.21537 11.2908 
0 2.01301 0 0 0.442983 19.3201 0 
19.6389 7.16591 68.9318 45.0409 
11.1443 11.1443 48.9784 49.8807 
6.30407 9.27248 0 1.21544 11.2855 
0 2.01579 0 0 0.442993 19.3275 0 
308 variables; iteration 540; function evaluation 608; phase 1
Function value   3.0853379e+02; maximum gradient component mag   2.6299e+00
Var   Value    Gradient   |Var   Value    Gradient   |Var   Value    Gradient
  1  0.13567   7.7514e-03 |  2  0.18540  -3.6116e-02 |  3  0.18950   3.3594e-01
  4  0.19609   8.2953e-02 |  5  0.19477   1.8442e-01 |  6  0.19089  -2.0146e-01
  7  0.17742  -6.9024e-02 |  8  0.17342  -7.2625e-02 |  9  0.17224   8.5412e-02
 10  0.14820  -7.5293e-02 | 11 -2.12455   1.5673e-02 | 12  0.12666   1.3079e-01
 13  0.10248   3.7025e-02 | 14 -2.05707  -1.7231e-01 | 15 -1.98843   4.3406e-02
 16 -0.09649   2.8514e-02 | 17 -0.17429  -9.1073e-02 | 18 -0.22552   7.2109e-03
 19 -0.27932  -5.0705e-03 | 20 -0.98091  -1.9425e-04 | 21 -1.01956   2.2218e-05
 22 -2.09852   9.2208e-02 | 23 -0.17662  -1.8185e-04 | 24  0.01086  -4.6631e-03
 25  0.08369  -1.1339e-02 | 26  0.12638   1.8807e-02 | 27  0.15288   7.3335e-02
 28  0.15534  -1.6671e-02 | 29  0.14990  -1.2719e-03 | 30  0.15175   1.6682e-02
 31  0.15589  -9.7908e-02 | 32  0.14787   7.3054e-02 | 33  0.12926   9.6139e-03
 34  0.11263  -3.3437e-02 | 35  0.12242  -1.9485e-02 | 36  0.11943  -3.2591e-02
 37  0.08903  -3.8282e-03 | 38  0.05230  -8.4624e-02 | 39  0.00765   2.0359e-02
 40 -0.03819   3.1548e-02 | 41 -0.09480  -3.0326e-02 | 42 -1.84571   1.8397e-02
 43 -0.01841   6.4469e-02 | 44 -0.06763  -5.3475e-02 | 45 -0.09048   1.2361e-02
 46 -0.16713   1.1056e-01 | 47 -0.18251   1.7282e-01 | 48 -0.14489   1.6235e-01
 49 -0.10706   1.7532e-01 | 50 -0.06407   1.6252e-01 | 51 -0.02799   1.0484e-01
 52  0.01310   5.9584e-02 | 53 -0.00537   9.0747e-02 | 54  0.03167   3.3287e-01
 55  0.02265   3.5324e-01 | 56  0.03691   3.5594e-01 | 57  0.09037   5.1495e-01
 58  0.11055   4.9039e-01 | 59  0.03674   3.0686e-01 | 60 -0.10893   1.5044e-01
 61 -0.07182   1.3608e-01 | 62  0.03655   6.1694e-02 | 63 -0.02356   1.0835e-02
 64 -0.04565  -2.4030e-02 | 65 -0.05454  -1.8049e-01 | 66 -0.04264  -1.5055e-01
 67 -0.06685  -1.2601e-01 | 68 -0.05098  -1.3580e-02 | 69 -0.07271   4.3088e-04
 70 -0.06102   3.1224e-02 | 71  0.05212   5.3894e-02 | 72  0.04680   1.3608e-01
 73  0.00422   1.1493e-01 | 74 -0.00257   1.1469e-01 | 75  0.09946  -2.4104e-02
 76  0.08231  -1.3453e-01 | 77 -0.02724  -4.9855e-01 | 78 -0.05882  -3.0432e-02
 79  0.07927  -4.1485e-01 | 80  0.31775   1.8212e-01 | 81 -3.01991  -4.8718e-02
 82 -0.12474   1.2357e-01 | 83 -0.04242   1.2761e-01 | 84 -2.03937   4.8601e-03
 85 -0.03841  -2.1461e-02 | 86  0.09473  -5.2388e-02 | 87  0.21460  -8.5134e-03
 88 -0.08751  -2.7040e-02 | 89 -0.20762  -2.8170e-02 | 90 -0.15095   1.0380e-02
 91 -0.04301   5.6440e-02 | 92 -0.01851   4.3161e-02 | 93  0.03625  -2.0983e-02
 94  0.16136   1.6332e-02 | 95  0.01323   1.7010e-02 | 96 -0.00100  -8.8773e-03
 97  0.01507   1.2332e-02 | 98  0.09805   4.9773e-03 | 99  0.08649   4.4859e-02
100  0.08852   1.0483e-01 |101  0.10904   6.4090e-03 |102 -0.07741   9.9620e-03
103 -0.10186   1.9114e-02 |104  0.05489   4.6623e-02 |105  0.03628   1.9847e-02
106 -0.04880  -5.5604e-02 |107 -0.05981  -1.7110e-02 |108 -2.06777   7.5196e-02
109  0.10032  -3.7624e-02 |110  0.08583  -7.4460e-02 |111  0.00740  -5.9521e-02
112 -0.12796  -3.6413e-02 |113 -0.14034  -3.6605e-02 |114 -1.96283   1.1431e-01
115  0.11521  -4.1336e-03 |116  0.02034  -5.9092e-02 |117  0.09447  -2.0751e-03
118  0.04275  -3.9530e-02 |119 -0.01359  -2.6268e-02 |120  0.00350  -3.4130e-02
121  0.13107  -5.8101e-02 |122  1.79852   1.1800e-01 |123 -0.99801   2.1326e-02
124  0.10776  -5.2380e-02 |125 -0.01709  -5.2661e-02 |126  2.17448   4.6052e-02
127 -0.57792   1.3706e-02 |128  2.57003  -1.3922e-02 |129  1.85263  -2.1675e-02
130 -0.58947   1.3385e-02 |131  3.71072   2.0009e-02 |132  0.69032   1.0411e-02
133 -2.80636  -6.6707e-03 |134  0.63265   1.2149e-02 |135 -0.20349   2.1141e-02
136  3.08042   2.8027e-03 |137 -1.41538  -1.3520e-02 |138 -0.20365   2.1139e-02
139  0.60280   1.3011e-02 |140  0.64525   1.1777e-02 |141 -3.40451   1.3217e-02
142 -0.53879   1.4758e-02 |143 -0.41624   1.7676e-02 |144 -3.22156   7.5959e-03
145 -1.59046  -1.7818e-02 |146  1.75421  -2.0630e-02 |147 -0.82357   6.0913e-03
148 -3.30365   1.0224e-02 |149 -1.05302  -1.8479e-03 |150  2.47209  -1.6421e-02
151 -0.23008   2.0830e-02 |152 -2.90300  -3.3824e-03 |153 -0.68654   1.0526e-02
154  1.25445  -8.6665e-03 |155  0.53219   1.4931e-02 |156 -1.53218  -1.6522e-02
157  1.42787  -1.3866e-02 |158 -0.75938   8.2169e-03 |159  0.18510   2.1335e-02
160  0.75093   8.4928e-03 |161  0.73094   9.1349e-03 |162 -0.15569   2.1606e-02
163  0.29824   1.9870e-02 |164  0.50869   1.5531e-02 |165  1.47095  -1.5012e-02
166  3.68020   1.9518e-02 |167 -1.05782  -2.0156e-03 |168 -0.46978   1.6476e-02
169  0.01039   8.3667e-01 |170  0.00934  -1.4020e-02 |171  0.00779  -1.1497e-01
172  0.03141  -2.7039e-01 |173  0.07929  -1.3045e-01 |174  0.03928  -2.2168e-01
175  0.03735  -3.6575e-02 |176  0.01528   1.1559e-02 |177  0.03659   6.6605e-02
178  0.10075  -1.2077e-01 |179  0.12260   1.2323e-01 |180  0.11274  -2.7396e-01
181  0.05852  -2.7595e-01 |182 -0.02195  -6.0077e-02 |183 -0.02939  -1.0418e-01
184 -0.00956  -1.8816e-01 |185 -0.00798  -7.9289e-02 |186 -0.01803   3.0726e-02
187 -0.04117   9.9277e-02 |188 -0.02753  -1.9411e-02 |189  0.02735   2.4089e-01
190  0.03164   3.1676e-01 |191  0.03074   1.6074e-01 |192  0.02239   2.4275e-01
193 -0.01984   2.2971e-01 |194 -0.07204   2.8123e-02 |195  0.00241   1.2624e-01
196  0.05977   7.3359e-02 |197  0.02185  -1.1577e-01 |198  0.00939   1.7336e-01
199  0.01054  -1.1631e-01 |200  0.01588   2.5435e-01 |201  0.02620   3.6116e-02
202  0.12141   5.1560e-01 |203  0.11691   4.7518e-01 |204  0.09791   1.4860e-01
205 -0.05148  -7.4772e-03 |206 -0.11682   3.6988e-02 |207 -0.13623   2.6617e-02
208 -0.08227  -4.9239e-02 |209 -0.04106   2.5536e-02 |210  0.06657  -1.0993e-02
211 -1.05110  -1.5995e-03 |212 -0.05672  -2.2577e+00 |213  0.03582  -4.2999e-01
214 -0.01408  -8.6851e-09 |215 -0.65630   1.7350e-02 |216 -0.84602   1.4797e-01
217  0.01705  -4.0030e-01 |218 -0.16309  -3.0500e-02 |219 -0.24943   6.6993e-03
220 -0.05397  -2.4483e-02 |221  0.03619  -1.1296e-02 |222 -0.00172   2.4444e-02
223  0.00853  -1.1280e-02 |224 -0.02854  -2.8368e-02 |225 -0.03578  -5.6529e-02
226  0.08989  -2.1766e-02 |227  0.06995  -1.9557e-02 |228  0.19541   2.2929e-02
229  0.10427  -5.1697e-04 |230  0.09860   1.4356e-02 |231  0.04969  -2.4631e-03
232  0.05772   2.9496e-03 |233  0.06435  -8.2760e-04 |234  0.12731  -1.8989e-02
235 -0.11641  -8.8503e-02 |236 -0.12365  -4.5926e-02 |237  0.00602  -3.9585e-02
238  0.02567  -6.5014e-02 |239 -0.11253  -3.7303e-02 |240 -0.15099  -4.4128e-03
241 -0.06600   5.5339e-02 |242  0.01190   3.7884e-02 |243  0.04294  -1.2441e-02
244 -0.02361   4.3529e-03 |245 -0.12254   2.5164e-02 |246 -0.23343   1.7292e-02
247 -0.10348   6.0589e-02 |248  0.00260   5.9157e-02 |249  0.05287   2.0834e-03
250  0.08314  -1.8885e-02 |251  0.05588  -1.5743e-03 |252 -0.01678  -3.4542e-02
253 -0.00292  -1.7762e-02 |254  0.13247   7.0414e-02 |255  0.19824   1.4339e-01
256  0.23244  -1.6921e-02 |257 -0.14551   6.1844e-03 |258  0.09633   1.6434e+00
259  0.14960   7.9125e-03 |260 -1.13214  -9.3768e-02 |261 -0.84446  -1.4957e+00
262 -0.79596   2.7263e-02 |263 -0.00162  -5.4695e-01 |264  0.53443  -3.6528e-01
265 -0.51688  -3.7636e-01 |266  0.59021  -3.2826e-01 |267  0.06330  -5.4425e-01
268 -0.34543  -4.6839e-01 |269  0.65567  -2.8162e-01 |270 -0.37506  -4.5474e-01
271  0.44909  -4.1641e-01 |272  0.42127  -4.3151e-01 |273 -0.64071  -2.9256e-01
274 -0.35780  -4.6281e-01 |275 -0.57239  -3.4037e-01 |276  0.10325  -5.3977e-01
277  0.61408  -3.1163e-01 |278  0.36179  -4.6098e-01 |279 -0.12047  -5.3718e-01
280 -0.56383  -3.4609e-01 |281 -0.17601  -5.2618e-01 |282 -0.07997  -5.4264e-01
283  0.14403  -5.3301e-01 |284 -0.42329  -4.3044e-01 |285 -0.22441  -5.1332e-01
286 -0.08391  -5.4220e-01 |287 -0.53568  -3.6448e-01 |288 -0.26511  -5.0020e-01
289  0.64140  -2.9205e-01 |290 -0.65452  -2.8246e-01 |291  0.17437  -5.2656e-01
292  0.16689  -5.2826e-01 |293 -0.11587  -5.3791e-01 |294  0.11542  -5.3798e-01
295  0.35634  -4.6348e-01 |296 -0.43475  -4.2429e-01 |297 -0.12610  -5.3625e-01
298  0.28142  -4.9437e-01 |299  0.31822  -4.8003e-01 |300  0.44535  -4.1849e-01
301 -0.02752  -5.4644e-01 |302  0.21197  -5.1691e-01 |303  0.47187  -6.7217e-01
304  0.08872  -4.5326e-02 |305 -0.90734  -1.2598e+00 |306  0.25176  -3.5983e-01
307 -0.87903   2.6299e+00 |308 -0.52511  -8.4447e-04 |
19.6358 7.16275 68.9208 45.034 
11.1439 11.1439 48.9887 49.8747 
6.30851 9.2746 0 1.21302 11.2879 
0 2.01695 0 0 0.443011 19.3391 0 
19.6303 7.15887 68.9109 45.0351 
11.1443 11.1443 48.9914 49.8702 
6.31207 9.27873 0 1.20705 11.2962 
0 2.01598 0 0 0.442908 19.3525 0 
19.6246 7.15853 68.9028 45.0433 
11.1463 11.1463 48.9847 49.8691 
6.31391 9.28142 0 1.19923 11.3061 
0 2.01432 0 0 0.44273 19.3651 0 
19.619 7.15927 68.9001 45.0541 
11.1507 11.1507 48.9739 49.8712 
6.31308 9.28285 0 1.19225 11.3114 
0 2.01262 0 0 0.442499 19.3727 0 
19.6163 7.16283 68.8986 45.0634 
11.1558 11.1558 48.9627 49.8748 
6.3112 9.28106 0 1.18719 11.3116 
0 2.01179 0 0 0.442354 19.377 0 
19.6135 7.1662 68.8985 45.0694 
11.1613 11.1613 48.9538 49.8787 
6.3083 9.27942 0 1.18399 11.3079 
0 2.01134 0 0 0.442318 19.3787 0 
19.6132 7.17032 68.8953 45.0721 
11.1657 11.1657 48.9485 49.8819 
6.30528 9.27672 0 1.18231 11.3045 
0 2.01096 0 0 0.442472 19.3794 0 
19.6118 7.17231 68.8915 45.0715 
11.1678 11.1678 48.9472 49.8838 
6.30224 9.27724 0 1.18187 11.3046 
0 2.0102 0 0 0.442772 19.379 0 
19.6125 7.17277 68.8854 45.0717 
11.1682 11.1682 48.9488 49.8848 
6.29936 9.27847 0 1.18166 11.3101 
0 2.00881 0 0 0.4431 19.3772 0 
19.6118 7.17173 68.8823 45.0734 
11.1678 11.1678 48.9491 49.8862 
6.29649 9.28188 0 1.18101 11.3179 
0 2.00742 0 0 0.443341 19.374 0 
308 variables; iteration 550; function evaluation 618; phase 1
Function value   3.0852884e+02; maximum gradient component mag  -1.8456e+00
Var   Value    Gradient   |Var   Value    Gradient   |Var   Value    Gradient
  1  0.13415  -1.0105e-01 |  2  0.18578   9.1462e-02 |  3  0.18946   1.6078e-01
  4  0.19620  -3.2385e-02 |  5  0.19478  -8.0680e-03 |  6  0.19099  -5.6350e-02
  7  0.17747  -1.2035e-02 |  8  0.17347  -6.0861e-02 |  9  0.17226   9.3185e-02
 10  0.14823  -1.5865e-02 | 11 -2.12452   7.2586e-02 | 12  0.12668   1.7837e-01
 13  0.10245  -4.4551e-02 | 14 -2.05664   1.4202e-01 | 15 -1.98859   2.2741e-02
 16 -0.09503   6.8003e-02 | 17 -0.17278  -8.3114e-02 | 18 -0.22813   4.8801e-03
 19 -0.27115  -1.7490e-03 | 20 -0.98257  -1.7800e-04 | 21 -1.01764   2.0755e-05
 22 -2.09948  -4.4491e-02 | 23 -0.17622  -5.8729e-05 | 24  0.01111  -2.2915e-03
 25  0.08384   2.6614e-03 | 26  0.12649   3.9643e-03 | 27  0.15290  -2.9892e-02
 28  0.15538  -1.6428e-02 | 29  0.14992  -4.5669e-02 | 30  0.15174  -3.1495e-02
 31  0.15595  -1.8175e-02 | 32  0.14788   1.6331e-02 | 33  0.12928  -3.0386e-02
 34  0.11267  -3.4189e-02 | 35  0.12251   1.2096e-02 | 36  0.11945  -1.2605e-02
 37  0.08901  -4.9038e-02 | 38  0.05236  -4.5825e-03 | 39  0.00771   2.2138e-02
 40 -0.03814   2.4424e-02 | 41 -0.09462  -1.9349e-02 | 42 -1.84671  -6.2499e-03
 43 -0.01941  -1.2103e-04 | 44 -0.06603   5.4141e-02 | 45 -0.08930   7.5081e-02
 46 -0.16733   5.4546e-02 | 47 -0.18368   1.4747e-02 | 48 -0.14579   1.7117e-02
 49 -0.10799   3.2392e-02 | 50 -0.06449   7.4786e-02 | 51 -0.02829   3.2934e-02
 52  0.01464   9.5968e-02 | 53 -0.00465   5.8043e-02 | 54  0.02940   3.4163e-02
 55  0.02203   1.0791e-01 | 56  0.03688   9.5867e-02 | 57  0.08954   9.0281e-02
 58  0.10901  -3.1869e-03 | 59  0.03596   5.4697e-02 | 60 -0.10933   6.4506e-02
 61 -0.07250   4.4683e-02 | 62  0.03691   7.0993e-02 | 63 -0.02380   1.2950e-02
 64 -0.04506   4.9301e-02 | 65 -0.05289  -1.7531e-02 | 66 -0.04198  -3.8369e-02
 67 -0.06574   2.4297e-02 | 68 -0.05172  -6.2244e-03 | 69 -0.07230   7.0840e-02
 70 -0.06028   1.0290e-01 | 71  0.05277   8.1306e-02 | 72  0.04545   4.0327e-02
 73  0.00337   5.9278e-02 | 74 -0.00364   7.5821e-02 | 75  0.10080   1.9998e-01
 76  0.08212   1.2174e-01 | 77 -0.02305  -9.5197e-02 | 78 -0.05983  -4.6033e-02
 79  0.08112  -2.1806e-01 | 80  0.31640  -2.2588e-03 | 81 -3.00984  -2.4803e-02
 82 -0.12534   3.0522e-02 | 83 -0.04325   2.3219e-02 | 84 -2.04055   4.4197e-03
 85 -0.03751   4.3517e-02 | 86  0.09498   4.0854e-02 | 87  0.21446   1.0025e-01
 88 -0.08740   3.6629e-02 | 89 -0.20730   3.8654e-02 | 90 -0.15124   2.9693e-02
 91 -0.04380   3.0586e-02 | 92 -0.01861   4.5886e-02 | 93  0.03696   3.3489e-02
 94  0.16127   3.6032e-02 | 95  0.01245   4.1781e-02 | 96 -0.00181   3.3284e-02
 97  0.01435   2.4988e-02 | 98  0.09812   4.3910e-02 | 99  0.08613   5.4215e-02
100  0.08853   1.3602e-01 |101  0.10965   2.7178e-02 |102 -0.07685   3.2399e-02
103 -0.10151   5.7796e-02 |104  0.05494   6.1896e-02 |105  0.03691   6.7618e-02
106 -0.04772   2.9012e-02 |107 -0.05981   2.1053e-02 |108 -2.06778   1.1882e-02
109  0.10025   3.9277e-03 |110  0.08569  -2.2446e-02 |111  0.00743   1.7073e-02
112 -0.12828   1.9343e-02 |113 -0.14063   2.8219e-02 |114 -1.96305  -1.3259e-03
115  0.11459   1.7108e-02 |116  0.02190   9.0529e-02 |117  0.09452   2.6283e-02
118  0.04285   1.3646e-02 |119 -0.01390   2.2570e-02 |120  0.00344   5.1578e-02
121  0.12982  -1.0431e-02 |122  1.79859  -1.4530e-02 |123 -0.99900   1.0663e-02
124  0.10796   1.2184e-02 |125 -0.01703  -4.1243e-03 |126  2.17512   3.1540e-02
127 -0.57750  -3.6854e-03 |128  2.56704   3.7622e-03 |129  1.85066   5.8179e-03
130 -0.58948  -3.5960e-03 |131  3.71000  -5.3720e-03 |132  0.68860  -2.8099e-03
133 -2.79744   1.8702e-03 |134  0.63392  -3.2527e-03 |135 -0.20587  -5.6719e-03
136  3.07663  -7.2158e-04 |137 -1.41863   3.6566e-03 |138 -0.20279  -5.6810e-03
139  0.60347  -3.4890e-03 |140  0.64133  -3.1940e-03 |141 -3.40546  -3.5568e-03
142 -0.53998  -3.9564e-03 |143 -0.41747  -4.7414e-03 |144 -3.22106  -2.0345e-03
145 -1.59996   4.8395e-03 |146  1.75791   5.5543e-03 |147 -0.82438  -1.6307e-03
148 -3.29828  -2.7005e-03 |149 -1.04554   4.3306e-04 |150  2.47317   4.4046e-03
151 -0.23932  -5.5643e-03 |152 -2.90615   8.7600e-04 |153 -0.68436  -2.8465e-03
154  1.25811   2.3584e-03 |155  0.52816  -4.0382e-03 |156 -1.52633   4.4014e-03
157  1.43073   3.7449e-03 |158 -0.76272  -2.1793e-03 |159  0.19285  -5.7093e-03
160  0.75410  -2.2525e-03 |161  0.72508  -2.5028e-03 |162 -0.15293  -5.8102e-03
163  0.29206  -5.3631e-03 |164  0.51238  -4.1463e-03 |165  1.46361   3.9808e-03
166  3.67786  -5.2324e-03 |167 -1.05840   5.5221e-04 |168 -0.45925  -4.4920e-03
169  0.01044   1.1695e-01 |170  0.00951  -1.3022e-01 |171  0.00778  -7.3233e-02
172  0.03136  -8.9004e-02 |173  0.07918   1.0511e-01 |174  0.03935   4.3693e-02
175  0.03727  -1.7029e-01 |176  0.01532  -5.7159e-02 |177  0.03646  -8.6879e-02
178  0.10076   1.2335e-02 |179  0.12240  -1.1140e-01 |180  0.11246  -1.5794e-02
181  0.05819  -1.9379e-01 |182 -0.02201   4.9698e-02 |183 -0.02967  -2.5619e-02
184 -0.00978  -6.0313e-02 |185 -0.00807   2.1098e-02 |186 -0.01794  -1.8705e-02
187 -0.04108   9.6111e-04 |188 -0.02737  -2.6108e-02 |189  0.02750   1.9823e-02
190  0.03181   1.3630e-01 |191  0.03100   2.7239e-02 |192  0.02254   1.9498e-02
193 -0.01974  -2.3908e-02 |194 -0.07208  -7.1076e-03 |195  0.00237   4.3619e-02
196  0.05979  -1.4082e-01 |197  0.02203   6.5019e-02 |198  0.00930   1.6436e-01
199  0.01062  -9.6596e-02 |200  0.01603   1.3042e-01 |201  0.02639  -3.8146e-02
202  0.12164  -1.2770e-01 |203  0.11704   1.2340e-01 |204  0.09798   1.7231e-01
205 -0.05096   9.8843e-02 |206 -0.11772   2.1530e-02 |207 -0.13628   3.6255e-02
208 -0.08230   1.8254e-02 |209 -0.04107   7.5435e-03 |210  0.06646  -1.6736e-02
211 -1.05140   4.9744e-04 |212 -0.05636  -5.0098e-01 |213  0.03592   3.7784e-01
214 -0.01408  -8.6840e-09 |215 -0.65577   1.9146e-02 |216 -0.84533  -1.5172e-01
217  0.01720  -4.3068e-01 |218 -0.16314  -4.2679e-02 |219 -0.24930   1.0596e-02
220 -0.05391  -1.5664e-02 |221  0.03625   1.5681e-03 |222 -0.00169  -2.2614e-02
223  0.00857  -5.1828e-02 |224 -0.02865  -5.9916e-03 |225 -0.03599  -1.3349e-02
226  0.08979   5.5029e-03 |227  0.07002  -6.7837e-03 |228  0.19540  -1.4030e-02
229  0.10426   4.7338e-03 |230  0.09834  -1.6052e-02 |231  0.04946  -1.6129e-02
232  0.05757   4.1272e-03 |233  0.06413   3.8538e-03 |234  0.12746  -1.8314e-02
235 -0.11624  -1.9721e-02 |236 -0.12360  -3.8253e-04 |237  0.00595  -3.6208e-02
238  0.02567  -2.5796e-02 |239 -0.11246  -2.8015e-02 |240 -0.15093  -1.3761e-02
241 -0.06598   1.2496e-02 |242  0.01201   2.7585e-02 |243  0.04311   2.3266e-02
244 -0.02355   1.5954e-03 |245 -0.12255   1.6957e-02 |246 -0.23350  -8.6448e-03
247 -0.10352   2.6634e-03 |248  0.00238   3.7004e-03 |249  0.05281  -4.1269e-02
250  0.08326  -2.4860e-02 |251  0.05600   4.8530e-02 |252 -0.01662   7.5495e-03
253 -0.00263  -6.2337e-02 |254  0.13240   4.1327e-02 |255  0.19797  -6.4728e-02
256  0.23277   1.4306e-02 |257 -0.14560   1.3111e-03 |258  0.09624   7.8118e-01
259  0.14961  -6.4264e-02 |260 -1.13210   4.5414e-01 |261 -0.84438   1.4091e-01
262 -0.79673  -1.4819e-03 |263  0.00016  -1.4062e-01 |264  0.53467  -9.3872e-02
265 -0.51852  -9.6497e-02 |266  0.59147  -8.4170e-02 |267  0.05730  -1.4005e-01
268 -0.34284  -1.2071e-01 |269  0.65702  -7.2146e-02 |270 -0.37296  -1.1717e-01
271  0.44797  -1.0722e-01 |272  0.42116  -1.1095e-01 |273 -0.64121  -7.5121e-02
274 -0.35588  -1.1921e-01 |275 -0.57401  -8.7227e-02 |276  0.10384  -1.3875e-01
277  0.61179  -8.0531e-02 |278  0.36077  -1.1864e-01 |279 -0.12392  -1.3796e-01
280 -0.56321  -8.9086e-02 |281 -0.17662  -1.3524e-01 |282 -0.08229  -1.3944e-01
283  0.14847  -1.3681e-01 |284 -0.41998  -1.1111e-01 |285 -0.22336  -1.3205e-01
286 -0.08357  -1.3941e-01 |287 -0.53603  -9.3647e-02 |288 -0.26372  -1.2872e-01
289  0.64203  -7.4967e-02 |290 -0.65568  -7.2400e-02 |291  0.17260  -1.3548e-01
292  0.17019  -1.3562e-01 |293 -0.11410  -1.3836e-01 |294  0.11463  -1.3834e-01
295  0.35647  -1.1914e-01 |296 -0.43514  -1.0903e-01 |297 -0.12284  -1.3801e-01
298  0.27894  -1.2733e-01 |299  0.31686  -1.2356e-01 |300  0.44458  -1.0770e-01
301 -0.02887  -1.4047e-01 |302  0.21058  -1.3299e-01 |303  0.47196   1.7347e+00
304  0.08841  -1.4055e-01 |305 -0.90730  -1.1647e+00 |306  0.25193  -1.1031e-01
307 -0.87929  -1.8456e+00 |308 -0.52469  -2.5633e-01 |
19.6131 7.17038 68.8808 45.0789 
11.1685 11.1685 48.9484 49.8885 
6.29317 9.28382 0 1.1797 11.3246 
0 2.00619 0 0 0.443408 19.3687 0 
19.6137 7.17017 68.8845 45.0848 
11.1701 11.1701 48.9447 49.8915 
6.29037 9.28442 0 1.17806 11.3257 
0 2.00619 0 0 0.44332 19.3631 0 
19.6161 7.17086 68.8888 45.0902 
11.1729 11.1729 48.9425 49.8936 
6.28804 9.28259 0 1.17677 11.3208 
0 2.00691 0 0 0.443136 19.3579 0 
19.6178 7.17282 68.8943 45.0924 
11.1753 11.1753 48.9405 49.8943 
6.28689 9.2798 0 1.17587 11.3128 
0 2.0083 0 0 0.442992 19.3551 0 
19.62 7.17467 68.8977 45.0933 
11.1772 11.1772 48.9415 49.8931 
6.28585 9.27718 0 1.17522 11.3045 
0 2.00954 0 0 0.442907 19.3536 0 
19.6217 7.17653 68.9 45.093 
11.1783 11.1783 48.9434 49.8904 
6.28511 9.27502 0 1.17447 11.2987 
0 2.01049 0 0 0.442925 19.3538 0 
19.6225 7.17714 68.9 45.093 
11.1786 11.1786 48.947 49.8866 
6.28402 9.27459 0 1.1736 11.2975 
0 2.01069 0 0 0.443019 19.3546 0 
19.6225 7.17654 68.8991 45.0935 
11.1788 11.1788 48.9498 49.8828 
6.28288 9.275 0 1.17263 11.3011 
0 2.01027 0 0 0.443158 19.3556 0 
19.6214 7.17458 68.8979 45.0949 
11.1791 11.1791 48.9523 49.8799 
6.28156 9.27645 0 1.17179 11.3077 
0 2.00946 0 0 0.443285 19.3556 0 
19.6201 7.17183 68.8974 45.0966 
11.1802 11.1802 48.9534 49.8783 
6.28058 9.27747 0 1.17136 11.3149 
0 2.00865 0 0 0.443361 19.3544 0 
308 variables; iteration 560; function evaluation 628; phase 1
Function value   3.0852753e+02; maximum gradient component mag   1.8540e+00
Var   Value    Gradient   |Var   Value    Gradient   |Var   Value    Gradient
  1  0.13531   1.3740e-02 |  2  0.18566   9.6152e-03 |  3  0.18950   7.1953e-02
  4  0.19625  -2.8554e-02 |  5  0.19481  -3.1320e-02 |  6  0.19107   1.0840e-01
  7  0.17753   7.5907e-02 |  8  0.17354  -1.9303e-02 |  9  0.17227   2.8569e-02
 10  0.14831   4.5546e-02 | 11 -2.12463   1.6754e-03 | 12  0.12661  -4.5517e-02
 13  0.10251   1.4018e-02 | 14 -2.05679   3.4984e-02 | 15 -1.98863   1.3410e-02
 16 -0.09584   4.9188e-02 | 17 -0.17080  -7.4732e-02 | 18 -0.22996   2.8309e-03
 19 -0.26741  -3.0053e-04 | 20 -0.98220  -1.8158e-04 | 21 -1.01357   1.8047e-05
 22 -2.09893   3.7312e-02 | 23 -0.17583   7.6682e-05 | 24  0.01105  -1.8377e-03
 25  0.08383   6.8528e-05 | 26  0.12645  -1.0621e-02 | 27  0.15290  -1.7418e-02
 28  0.15539   1.3663e-02 | 29  0.14994   4.7405e-03 | 30  0.15175  -1.2807e-02
 31  0.15597   3.1379e-02 | 32  0.14788   7.9965e-03 | 33  0.12931  -2.0000e-02
 34  0.11273   3.4590e-03 | 35  0.12251  -4.0893e-02 | 36  0.11948  -1.3307e-03
 37  0.08907   1.3750e-02 | 38  0.05236   2.8750e-03 | 39  0.00767   1.3313e-02
 40 -0.03828   4.4847e-03 | 41 -0.09448  -4.3325e-03 | 42 -1.84650  -1.2135e-03
 43 -0.01872   1.3992e-02 | 44 -0.06588   4.1592e-02 | 45 -0.08935   5.1229e-02
 46 -0.16755   2.2244e-02 | 47 -0.18367   7.7151e-03 | 48 -0.14538   4.6456e-02
 49 -0.10774   3.8839e-02 | 50 -0.06500   7.3383e-03 | 51 -0.02844  -2.1648e-02
 52  0.01418   8.4232e-03 | 53 -0.00445   7.0148e-03 | 54  0.02987  -3.8671e-02
 55  0.02090  -1.0131e-01 | 56  0.03659  -7.9331e-02 | 57  0.08859  -1.4670e-01
 58  0.10977  -7.8251e-02 | 59  0.03509  -5.7560e-02 | 60 -0.10950   2.2607e-02
 61 -0.07250   1.4684e-02 | 62  0.03688   4.3995e-02 | 63 -0.02369   1.5939e-02
 64 -0.04538   3.2232e-02 | 65 -0.05261   1.5446e-02 | 66 -0.04099   4.8256e-02
 67 -0.06584   2.0957e-02 | 68 -0.05120   2.9295e-02 | 69 -0.07291   6.3181e-03
 70 -0.06093   2.1535e-02 | 71  0.05218   2.8635e-03 | 72  0.04566   1.2540e-02
 73  0.00393   4.1266e-02 | 74 -0.00379  -2.0616e-03 | 75  0.09936   1.0946e-02
 76  0.08114  -4.1965e-02 | 77 -0.02122  -2.1688e-02 | 78 -0.05962  -5.9824e-02
 79  0.08185  -1.9965e-01 | 80  0.31593  -1.3828e-01 | 81 -3.00348  -8.8598e-03
 82 -0.12527   1.5550e-02 | 83 -0.04288   2.2490e-02 | 84 -2.04161  -1.0655e-02
 85 -0.03747   5.3050e-02 | 86  0.09506   4.9420e-02 | 87  0.21437   4.6528e-02
 88 -0.08748   3.9532e-02 | 89 -0.20739   4.3406e-02 | 90 -0.15130   3.9597e-02
 91 -0.04381   5.1971e-02 | 92 -0.01872   6.3536e-02 | 93  0.03710   6.5682e-02
 94  0.16125   3.3374e-02 | 95  0.01226   3.5709e-02 | 96 -0.00212   3.2593e-02
 97  0.01429   4.4285e-02 | 98  0.09812   4.7300e-02 | 99  0.08626   1.0019e-02
100  0.08797  -5.7130e-04 |101  0.11010   1.5894e-02 |102 -0.07672   3.3446e-02
103 -0.10171   4.8695e-02 |104  0.05483   3.8322e-02 |105  0.03671   4.4959e-02
106 -0.04767   3.7145e-02 |107 -0.05970   3.9164e-02 |108 -2.06759   7.8056e-03
109  0.10030   3.6811e-02 |110  0.08563   1.7952e-02 |111  0.00727   4.1071e-02
112 -0.12841   3.5064e-02 |113 -0.14076   3.9306e-02 |114 -1.96301  -6.1673e-03
115  0.11477   2.4005e-02 |116  0.02096   3.2475e-02 |117  0.09436   2.8314e-02
118  0.04326   1.6396e-02 |119 -0.01306   2.3964e-02 |120  0.00360   3.0014e-02
121  0.12980   9.3491e-03 |122  1.79868  -3.2440e-02 |123 -0.99802   2.1395e-02
124  0.10784   1.9082e-02 |125 -0.01645   3.9729e-02 |126  2.17433  -1.1525e-02
127 -0.57836  -6.4152e-03 |128  2.56640   6.5686e-03 |129  1.85175   1.0150e-02
130 -0.58872  -6.2805e-03 |131  3.70860  -9.3578e-03 |132  0.68928  -4.8909e-03
133 -2.79319   3.3283e-03 |134  0.63182  -5.7016e-03 |135 -0.20489  -9.8960e-03
136  3.07480  -1.2262e-03 |137 -1.42083   6.4048e-03 |138 -0.20169  -9.9124e-03
139  0.60413  -6.0760e-03 |140  0.64031  -5.5846e-03 |141 -3.40730  -6.2272e-03
142 -0.54213  -6.8727e-03 |143 -0.41859  -8.2568e-03 |144 -3.22085  -3.5456e-03
145 -1.60815   8.5173e-03 |146  1.75851   9.6897e-03 |147 -0.82334  -2.8590e-03
148 -3.29454  -4.6550e-03 |149 -1.04048   6.6909e-04 |150  2.47361   7.6759e-03
151 -0.24234  -9.6849e-03 |152 -2.90670   1.5206e-03 |153 -0.68201  -4.9972e-03
154  1.25935   4.1321e-03 |155  0.52650  -7.0623e-03 |156 -1.52307   7.6389e-03
157  1.43306   6.5608e-03 |158 -0.76402  -3.7798e-03 |159  0.19718  -9.9349e-03
160  0.75534  -3.9100e-03 |161  0.72145  -4.4191e-03 |162 -0.15392  -1.0128e-02
163  0.28926  -9.3728e-03 |164  0.51284  -7.2255e-03 |165  1.45940   6.8906e-03
166  3.67704  -9.1179e-03 |167 -1.05711   9.3884e-04 |168 -0.45549  -7.8738e-03
169  0.01042   1.8540e+00 |170  0.00950  -1.0023e-01 |171  0.00785  -4.8604e-02
172  0.03142  -3.8375e-02 |173  0.07921  -5.9292e-02 |174  0.03936  -3.3431e-02
175  0.03729  -6.2620e-02 |176  0.01533   6.0243e-02 |177  0.03647  -1.3322e-02
178  0.10074  -3.5881e-02 |179  0.12239  -3.2506e-02 |180  0.11240   7.9866e-02
181  0.05815   1.2564e-01 |182 -0.02225  -2.8999e-02 |183 -0.02962   2.1004e-02
184 -0.00973  -2.0851e-02 |185 -0.00803   4.0543e-02 |186 -0.01794  -3.5514e-02
187 -0.04101   1.1949e-02 |188 -0.02725   4.6199e-02 |189  0.02756  -1.1241e-01
190  0.03192   1.1319e-01 |191  0.03110  -1.0889e-02 |192  0.02265   4.0232e-02
193 -0.01966   5.0421e-02 |194 -0.07210  -2.3843e-02 |195  0.00232  -1.1619e-02
196  0.05974  -1.4631e-02 |197  0.02199   4.6556e-02 |198  0.00920  -5.7843e-02
199  0.01065   1.7964e-03 |200  0.01590   6.6311e-02 |201  0.02627  -1.8270e-02
202  0.12162   1.0104e-01 |203  0.11715   1.0978e-01 |204  0.09815   1.9710e-01
205 -0.05150  -2.9114e-02 |206 -0.11749  -7.2071e-03 |207 -0.13649  -1.4605e-02
208 -0.08225  -5.1313e-02 |209 -0.04103  -2.1751e-02 |210  0.06654  -1.4095e-02
211 -1.05137   1.4396e-03 |212 -0.05626  -9.2873e-01 |213  0.03591  -3.0824e-01
214 -0.01407  -8.6834e-09 |215 -0.65588  -5.6110e-02 |216 -0.84539   1.1637e-01
217  0.01737   1.9500e-01 |218 -0.16317  -1.0374e-02 |219 -0.24935  -1.1425e-02
220 -0.05394  -3.7115e-03 |221  0.03621  -6.1878e-03 |222 -0.00164  -8.5443e-03
223  0.00860  -1.3695e-02 |224 -0.02863  -8.1673e-03 |225 -0.03598  -1.6377e-02
226  0.08982  -4.1727e-03 |227  0.07010  -9.0572e-03 |228  0.19544  -8.9731e-03
229  0.10416   6.6681e-03 |230  0.09828  -1.6286e-04 |231  0.04947  -1.2562e-02
232  0.05758   4.1844e-03 |233  0.06392  -1.4373e-02 |234  0.12739  -5.5511e-03
235 -0.11613   2.4753e-02 |236 -0.12357  -3.1312e-03 |237  0.00596  -1.8163e-02
238  0.02565  -4.9421e-03 |239 -0.11247  -5.2748e-03 |240 -0.15093  -7.3493e-03
241 -0.06605   4.3610e-03 |242  0.01204   1.2250e-02 |243  0.04322   4.8191e-04
244 -0.02343   1.1648e-04 |245 -0.12251  -1.2716e-02 |246 -0.23352  -9.0545e-03
247 -0.10357  -2.4681e-03 |248  0.00246   7.7860e-03 |249  0.05286   1.7512e-03
250  0.08313  -9.6819e-03 |251  0.05583  -1.5763e-02 |252 -0.01667  -1.0757e-02
253 -0.00256  -1.0883e-02 |254  0.13240   3.6025e-02 |255  0.19812  -2.6782e-02
256  0.23291   4.1456e-02 |257 -0.14569   2.7246e-02 |258  0.09622  -4.8784e-01
259  0.14961   1.1397e-02 |260 -1.13210   8.8538e-02 |261 -0.84439   1.9227e-02
262 -0.79871   6.1300e-02 |263  0.00126   9.7317e-02 |264  0.53415   6.5025e-02
265 -0.51839   6.6797e-02 |266  0.59327   5.8031e-02 |267  0.05436   9.6963e-02
268 -0.34162   8.3639e-02 |269  0.65936   4.9623e-02 |270 -0.37123   8.1235e-02
271  0.44947   7.4053e-02 |272  0.41937   7.6955e-02 |273 -0.64179   5.1914e-02
274 -0.35694   8.2418e-02 |275 -0.57527   6.0217e-02 |276  0.10431   9.6014e-02
277  0.61091   5.5844e-02 |278  0.36173   8.2026e-02 |279 -0.12528   9.5439e-02
280 -0.56411   6.1547e-02 |281 -0.17669   9.3593e-02 |282 -0.08534   9.6444e-02
283  0.14893   9.4667e-02 |284 -0.41956   7.6937e-02 |285 -0.22264   9.1427e-02
286 -0.08382   9.6475e-02 |287 -0.53511   6.4916e-02 |288 -0.26517   8.8997e-02
289  0.64251   5.1820e-02 |290 -0.65800   4.9801e-02 |291  0.17252   9.3766e-02
292  0.17208   9.3784e-02 |293 -0.11255   9.5801e-02 |294  0.11459   9.5745e-02
295  0.35763   8.2362e-02 |296 -0.43682   7.5293e-02 |297 -0.12083   9.5570e-02
298  0.27860   8.8147e-02 |299  0.31541   8.5616e-02 |300  0.44456   7.4538e-02
301 -0.02982   9.7211e-02 |302  0.21261   9.1941e-02 |303  0.47189  -2.3154e-01
304  0.08834  -3.0600e-02 |305 -0.90721   3.0091e-01 |306  0.25194  -1.2967e-02
307 -0.87924   1.1002e-01 |308 -0.52473   1.1202e-01 |
19.6182 7.16928 68.8982 45.0978 
11.1815 11.1815 48.9539 49.8784 
6.28028 9.27805 0 1.1715 11.3197 
0 2.00825 0 0 0.443356 19.352 0 
19.6171 7.16799 68.8996 45.0979 
11.1831 11.1831 48.9537 49.8796 
6.281 9.27752 0 1.17213 11.3203 
0 2.00835 0 0 0.443282 19.3495 0 
19.6158 7.16858 68.9009 45.097 
11.1836 11.1836 48.9535 49.8811 
6.2825 9.27678 0 1.17274 11.3175 
0 2.00883 0 0 0.44319 19.348 0 
19.615 7.17046 68.9009 45.0959 
11.1836 11.1836 48.9536 49.8819 
6.28433 9.27623 0 1.17298 11.3135 
0 2.00928 0 0 0.443121 19.3481 0 
19.6133 7.1732 68.8999 45.095 
11.1824 11.1824 48.9537 49.8819 
6.28608 9.27639 0 1.17256 11.3105 
0 2.00952 0 0 0.443106 19.3501 0 
19.612 7.17544 68.8975 45.0949 
11.1811 11.1811 48.9539 49.8809 
6.28718 9.2773 0 1.17169 11.3102 
0 2.00936 0 0 0.443138 19.353 0 
19.6103 7.17669 68.8956 45.0951 
11.1797 11.1797 48.9537 49.8794 
6.28754 9.27832 0 1.17066 11.3125 
0 2.00899 0 0 0.443199 19.3562 0 
19.6094 7.17652 68.8939 45.0953 
11.179 11.179 48.9534 49.8779 
6.28725 9.27924 0 1.16997 11.3162 
0 2.00852 0 0 0.443246 19.3586 0 
19.6087 7.17547 68.8934 45.0948 
11.1785 11.1785 48.953 49.8766 
6.28669 9.27939 0 1.1697 11.3207 
0 2.00812 0 0 0.443269 19.3606 0 
19.6089 7.17364 68.8936 45.0932 
11.1783 11.1783 48.9527 49.8757 
6.28615 9.27906 0 1.16998 11.3246 
0 2.00779 0 0 0.443238 19.3618 0 
308 variables; iteration 570; function evaluation 638; phase 1
Function value   3.0852700e+02; maximum gradient component mag   6.1426e-01
Var   Value    Gradient   |Var   Value    Gradient   |Var   Value    Gradient
  1  0.13556   4.5313e-03 |  2  0.18567  -3.0104e-02 |  3  0.18948   1.0244e-02
  4  0.19628  -9.2460e-03 |  5  0.19481  -7.2733e-02 |  6  0.19106  -4.6393e-03
  7  0.17752  -3.3974e-02 |  8  0.17356  -5.3279e-03 |  9  0.17227  -3.0278e-02
 10  0.14830  -6.2496e-03 | 11 -2.12466  -3.2355e-02 | 12  0.12662  -2.1243e-02
 13  0.10252   1.4574e-02 | 14 -2.05679   2.1504e-02 | 15 -1.98880  -5.2973e-03
 16 -0.09777   2.4077e-03 | 17 -0.16845  -6.4831e-02 | 18 -0.23138   1.1668e-03
 19 -0.26529   5.9442e-04 | 20 -0.98127  -1.9075e-04 | 21 -1.01079   1.6702e-05
 22 -2.09940  -2.2390e-02 | 23 -0.17570   1.1410e-04 | 24  0.01105  -1.5866e-03
 25  0.08380  -3.1561e-03 | 26  0.12645  -4.1892e-03 | 27  0.15291   3.6540e-02
 28  0.15537  -3.6716e-03 | 29  0.14995   1.4341e-02 | 30  0.15175  -1.2960e-02
 31  0.15595  -1.3114e-02 | 32  0.14788   1.1396e-02 | 33  0.12932   8.6897e-03
 34  0.11273  -4.9123e-03 | 35  0.12253  -1.1025e-02 | 36  0.11946  -5.5019e-04
 37  0.08907  -7.2276e-03 | 38  0.05232   6.3815e-03 | 39  0.00762  -4.2498e-03
 40 -0.03833   4.5937e-03 | 41 -0.09455  -5.9908e-03 | 42 -1.84640   1.2796e-03
 43 -0.01841   3.4793e-02 | 44 -0.06593   2.6051e-02 | 45 -0.08918   4.3287e-02
 46 -0.16771  -1.8908e-02 | 47 -0.18375  -2.4403e-02 | 48 -0.14578  -1.4929e-02
 49 -0.10798  -9.8326e-04 | 50 -0.06481   1.3449e-02 | 51 -0.02796   1.2178e-02
 52  0.01407   3.7219e-03 | 53 -0.00464  -7.5788e-03 | 54  0.02985  -3.0569e-02
 55  0.02131  -5.6847e-02 | 56  0.03622  -7.4576e-02 | 57  0.08935  -5.5164e-02
 58  0.10924  -8.0928e-02 | 59  0.03583  -2.0655e-02 | 60 -0.10953  -1.0508e-02
 61 -0.07244  -1.3927e-02 | 62  0.03628  -4.1185e-02 | 63 -0.02370  -1.9916e-02
 64 -0.04591  -2.7226e-02 | 65 -0.05236   1.6671e-02 | 66 -0.04111   2.3347e-02
 67 -0.06585   4.0087e-03 | 68 -0.05094   3.0163e-02 | 69 -0.07312  -3.0248e-02
 70 -0.06116  -1.7317e-02 | 71  0.05237  -9.1163e-03 | 72  0.04566  -2.1400e-02
 73  0.00341  -2.8200e-02 | 74 -0.00362  -1.9522e-02 | 75  0.09886  -3.4029e-02
 76  0.08119  -3.4663e-02 | 77 -0.02143  -1.8939e-02 | 78 -0.05971  -5.0839e-02
 79  0.08345  -5.8366e-02 | 80  0.31560  -3.6759e-02 | 81 -2.99978  -5.5753e-04
 82 -0.12529  -5.8138e-03 | 83 -0.04298  -4.9404e-03 | 84 -2.04154   1.3817e-02
 85 -0.03787   2.6802e-02 | 86  0.09508   4.0572e-02 | 87  0.21432   5.1744e-02
 88 -0.08754   2.8458e-02 | 89 -0.20747   2.5350e-02 | 90 -0.15128   2.4437e-02
 91 -0.04389   1.7563e-02 | 92 -0.01894   1.8097e-02 | 93  0.03697   3.0068e-02
 94  0.16121   2.4680e-02 | 95  0.01230   3.7982e-02 | 96 -0.00192   3.8400e-02
 97  0.01425   3.1845e-02 | 98  0.09806   2.3770e-02 | 99  0.08635   9.1824e-03
100  0.08776  -2.2379e-02 |101  0.11010   2.9585e-02 |102 -0.07688   2.4159e-02
103 -0.10195   2.5781e-02 |104  0.05489   2.4141e-02 |105  0.03635   2.7702e-03
106 -0.04765   2.5003e-02 |107 -0.05953   2.9675e-02 |108 -2.06799  -8.6376e-03
109  0.09989   2.4756e-02 |110  0.08603   6.8187e-02 |111  0.00706   3.0869e-02
112 -0.12855   2.6581e-02 |113 -0.14090   2.3883e-02 |114 -1.96314  -1.5439e-02
115  0.11473   3.5391e-02 |116  0.02090   2.7082e-02 |117  0.09441   3.2758e-02
118  0.04353   1.3200e-02 |119 -0.01238   1.7052e-02 |120  0.00406   1.8815e-02
121  0.12976   7.1708e-03 |122  1.79889  -1.3688e-02 |123 -0.99817   1.9717e-02
124  0.10788   2.5572e-02 |125 -0.01645   2.8985e-02 |126  2.17405  -1.2357e-02
127 -0.57911  -2.9517e-03 |128  2.56612   3.0285e-03 |129  1.85223   4.6774e-03
130 -0.58813  -2.8977e-03 |131  3.70727  -4.3074e-03 |132  0.68882  -2.2562e-03
133 -2.78823   1.5684e-03 |134  0.63005  -2.6379e-03 |135 -0.20292  -4.5644e-03
136  3.07412  -5.6171e-04 |137 -1.42414   2.9710e-03 |138 -0.20266  -4.5651e-03
139  0.60667  -2.7837e-03 |140  0.63947  -2.5782e-03 |141 -3.40862  -2.8770e-03
142 -0.54494  -3.1509e-03 |143 -0.42074  -3.7947e-03 |144 -3.22219  -1.6426e-03
145 -1.61425   3.9510e-03 |146  1.76075   4.4708e-03 |147 -0.82330  -1.3184e-03
148 -3.29225  -2.1290e-03 |149 -1.03611   2.7943e-04 |150  2.47287   3.5407e-03
151 -0.24487  -4.4554e-03 |152 -2.90671   6.9913e-04 |153 -0.68056  -2.3125e-03
154  1.26085   1.9139e-03 |155  0.52429  -3.2661e-03 |156 -1.52019   3.5051e-03
157  1.43406   3.0286e-03 |158 -0.76444  -1.7392e-03 |159  0.20269  -4.5647e-03
160  0.75675  -1.7912e-03 |161  0.71837  -2.0568e-03 |162 -0.15404  -4.6665e-03
163  0.28631  -4.3283e-03 |164  0.51285  -3.3290e-03 |165  1.45599   3.1553e-03
166  3.67789  -4.2044e-03 |167 -1.05660   4.3119e-04 |168 -0.45148  -3.6479e-03
169  0.01043   6.1426e-01 |170  0.00949  -3.9740e-02 |171  0.00784  -1.9585e-03
172  0.03143   6.9210e-02 |173  0.07919   5.7273e-03 |174  0.03932  -2.1254e-02
175  0.03732  -5.0812e-02 |176  0.01529  -5.0572e-02 |177  0.03654  -2.8006e-02
178  0.10077   2.3155e-02 |179  0.12240  -1.1847e-02 |180  0.11242   2.3724e-02
181  0.05815   4.7221e-02 |182 -0.02214   3.1568e-02 |183 -0.02959   1.5899e-02
184 -0.00972   1.6020e-02 |185 -0.00806  -3.2045e-03 |186 -0.01796   2.7184e-02
187 -0.04109  -5.6020e-03 |188 -0.02733   1.8480e-02 |189  0.02754  -2.4873e-02
190  0.03186  -4.1394e-02 |191  0.03107  -3.6041e-02 |192  0.02266   6.2966e-03
193 -0.01975  -2.3299e-02 |194 -0.07200  -7.5635e-03 |195  0.00233  -2.7181e-02
196  0.05972  -3.2646e-03 |197  0.02193  -1.7501e-03 |198  0.00920  -1.0752e-02
199  0.01060   4.2389e-02 |200  0.01585  -1.7445e-02 |201  0.02638  -4.7909e-03
202  0.12163   4.7811e-02 |203  0.11722   5.3326e-03 |204  0.09815   4.4636e-02
205 -0.05119   2.8315e-02 |206 -0.11779  -1.1492e-02 |207 -0.13654  -1.7317e-02
208 -0.08219  -2.1078e-02 |209 -0.04105  -1.3400e-02 |210  0.06657  -1.5211e-02
211 -1.05147   6.9289e-04 |212 -0.05625  -2.7919e-01 |213  0.03594  -5.6214e-02
214 -0.01407  -8.6825e-09 |215 -0.65612  -3.5073e-02 |216 -0.84580   8.9670e-03
217  0.01747   1.4988e-02 |218 -0.16321  -3.4494e-03 |219 -0.24938  -4.9930e-03
220 -0.05393  -3.1382e-03 |221  0.03622  -8.8805e-03 |222 -0.00159   2.9255e-03
223  0.00866   7.4678e-03 |224 -0.02862   2.5300e-03 |225 -0.03602   1.6590e-02
226  0.08975  -2.0805e-03 |227  0.07005  -5.6811e-03 |228  0.19540   1.4603e-04
229  0.10416   3.5215e-04 |230  0.09830  -6.8339e-03 |231  0.04945  -2.6819e-03
232  0.05758  -4.1151e-03 |233  0.06394  -4.9056e-03 |234  0.12737   5.4283e-03
235 -0.11616   4.6912e-03 |236 -0.12359  -1.7383e-04 |237  0.00603  -5.4680e-04
238  0.02566   1.4376e-02 |239 -0.11255   1.6919e-02 |240 -0.15102  -3.3924e-03
241 -0.06598   1.0361e-02 |242  0.01198   6.6944e-03 |243  0.04320  -7.2958e-03
244 -0.02334  -5.2387e-04 |245 -0.12250  -5.9105e-03 |246 -0.23357  -1.9950e-03
247 -0.10360   2.3958e-04 |248  0.00245   4.1707e-03 |249  0.05284   6.6828e-03
250  0.08310  -7.5228e-03 |251  0.05581  -2.2668e-02 |252 -0.01659   2.8643e-03
253 -0.00233   2.5780e-02 |254  0.13238   5.7835e-03 |255  0.19823   1.0105e-02
256  0.23284   2.8194e-02 |257 -0.14569   2.8799e-03 |258  0.09622   6.8693e-02
259  0.14961   2.5034e-02 |260 -1.13211  -3.2200e-02 |261 -0.84439  -9.6507e-02
262 -0.79964   1.1225e-02 |263  0.00262   3.3450e-02 |264  0.53417   2.2350e-02
265 -0.51805   2.2973e-02 |266  0.59387   1.9921e-02 |267  0.05148   3.3341e-02
268 -0.33987   2.8795e-02 |269  0.66080   1.6991e-02 |270 -0.36972   2.7966e-02
271  0.45105   2.5400e-02 |272  0.41667   2.6537e-02 |273 -0.64230   1.7821e-02
274 -0.35883   2.8276e-02 |275 -0.57643   2.0650e-02 |276  0.10441   3.3001e-02
277  0.61004   1.9232e-02 |278  0.36247   2.8173e-02 |279 -0.12616   3.2795e-02
280 -0.56402   2.1159e-02 |281 -0.17666   3.2170e-02 |282 -0.08780   3.3132e-02
283  0.14970   3.2529e-02 |284 -0.41902   2.6462e-02 |285 -0.22293   3.1420e-02
286 -0.08387   3.3160e-02 |287 -0.53335   2.2382e-02 |288 -0.26625   3.0567e-02
289  0.64212   1.7829e-02 |290 -0.65954   1.7048e-02 |291  0.17237   3.2231e-02
292  0.17372   3.2212e-02 |293 -0.11164   3.2937e-02 |294  0.11499   3.2906e-02
295  0.35980   2.8248e-02 |296 -0.43715   2.5869e-02 |297 -0.11958   3.2862e-02
298  0.27795   3.0312e-02 |299  0.31393   2.9465e-02 |300  0.44452   2.5622e-02
301 -0.03084   3.3411e-02 |302  0.21398   3.1578e-02 |303  0.47186  -1.9190e-01
304  0.08849   4.2372e-03 |305 -0.90725  -3.0961e-02 |306  0.25188  -4.3175e-03
307 -0.87918   5.3185e-01 |308 -0.52477   8.0560e-02 |
19.6097 7.17228 68.8945 45.0905 
11.179 11.179 48.9522 49.8751 
6.28529 9.27752 0 1.17063 11.3282 
0 2.00753 0 0 0.443179 19.3626 0 
19.6104 7.1718 68.8952 45.089 
11.1789 11.1789 48.9525 49.8754 
6.28521 9.27687 0 1.17088 11.3285 
0 2.00735 0 0 0.443118 19.3626 0 
19.6117 7.17215 68.8957 45.0876 
11.1791 11.1791 48.9526 49.8761 
6.28529 9.27605 0 1.17079 11.328 
0 2.00693 0 0 0.443049 19.3629 0 
19.612 7.17286 68.8955 45.0876 
11.1788 11.1788 48.9527 49.8765 
6.28532 9.27626 0 1.17017 11.3278 
0 2.00652 0 0 0.443032 19.3633 0 
19.6122 7.17381 68.8947 45.0888 
11.1789 11.1789 48.9522 49.8768 
6.28522 9.27684 0 1.16891 11.328 
0 2.00585 0 0 0.443051 19.3642 0 
19.612 7.17419 68.8939 45.0902 
11.1786 11.1786 48.9518 49.8769 
6.28506 9.27771 0 1.16798 11.3285 
0 2.00544 0 0 0.44309 19.3648 0 
19.6118 7.174 68.8933 45.0915 
11.1785 11.1785 48.9511 49.8769 
6.28494 9.27827 0 1.16756 11.3289 
0 2.00526 0 0 0.443131 19.365 0 
19.6117 7.17352 68.8932 45.0922 
11.178 11.178 48.9507 49.8771 
6.28494 9.27866 0 1.16773 11.329 
0 2.00532 0 0 0.443158 19.3645 0 
19.6119 7.17285 68.8932 45.0927 
11.1776 11.1776 48.9501 49.8774 
6.28503 9.27872 0 1.16832 11.329 
0 2.00549 0 0 0.443173 19.3635 0 
19.6121 7.17226 68.8934 45.0931 
11.1769 11.1769 48.9496 49.8778 
6.28521 9.27866 0 1.16914 11.3288 
0 2.0057 0 0 0.443171 19.3621 0 
308 variables; iteration 580; function evaluation 648; phase 1
Function value   3.0852679e+02; maximum gradient component mag  -3.8806e-01
Var   Value    Gradient   |Var   Value    Gradient   |Var   Value    Gradient
  1  0.13540   6.3122e-04 |  2  0.18571  -5.5195e-03 |  3  0.18947  -8.1167e-03
  4  0.19627  -2.8365e-02 |  5  0.19482  -5.5691e-02 |  6  0.19105  -3.3992e-02
  7  0.17752  -3.3103e-02 |  8  0.17356  -1.3448e-02 |  9  0.17228  -1.1114e-02
 10  0.14831   1.0246e-02 | 11 -2.12465  -1.7985e-02 | 12  0.12663   3.1479e-04
 13  0.10251   1.1963e-02 | 14 -2.05682   2.6893e-03 | 15 -1.98877  -9.2644e-04
 16 -0.09862  -1.7048e-02 | 17 -0.16617  -5.4153e-02 | 18 -0.23224   3.1800e-04
 19 -0.26468   7.4607e-04 | 20 -0.98100  -1.9330e-04 | 21 -1.00958   1.6354e-05
 22 -2.09917   6.8706e-03 | 23 -0.17573   1.0813e-04 | 24  0.01107  -1.0668e-03
 25  0.08380  -1.7562e-03 | 26  0.12646   1.3287e-03 | 27  0.15291   2.0740e-02
 28  0.15537  -5.7544e-03 | 29  0.14994   2.7615e-03 | 30  0.15175  -1.0810e-03
 31  0.15595  -1.8383e-02 | 32  0.14787   4.3068e-03 | 33  0.12932   5.5584e-03
 34  0.11273  -1.0583e-02 | 35  0.12253  -2.3423e-03 | 36  0.11946  -4.2794e-03
 37  0.08908  -9.3971e-03 | 38  0.05230   1.3585e-02 | 39  0.00763   7.9296e-04
 40 -0.03840  -1.3074e-02 | 41 -0.09453  -3.6963e-03 | 42 -1.84648  -2.9820e-04
 43 -0.01839   3.3055e-02 | 44 -0.06605   1.5443e-02 | 45 -0.08938   2.8431e-02
 46 -0.16760  -6.6292e-03 | 47 -0.18350   9.4394e-04 | 48 -0.14556   4.3819e-03
 49 -0.10795  -3.8512e-03 | 50 -0.06522  -3.1250e-02 | 51 -0.02820  -2.2506e-02
 52  0.01409  -1.4325e-02 | 53 -0.00485  -2.8028e-02 | 54  0.02977  -2.2001e-02
 55  0.02148  -1.3001e-02 | 56  0.03648  -6.5778e-03 | 57  0.08905   3.8047e-03
 58  0.10984   3.2794e-02 | 59  0.03566   1.2938e-03 | 60 -0.10963  -1.1868e-02
 61 -0.07258  -1.7528e-02 | 62  0.03597  -4.7813e-02 | 63 -0.02357  -9.6619e-03
 64 -0.04547   2.8371e-03 | 65 -0.05226   2.6044e-02 | 66 -0.04139   4.0254e-03
 67 -0.06577   1.0522e-02 | 68 -0.05132   2.9098e-03 | 69 -0.07280  -3.0415e-03
 70 -0.06112  -1.3126e-02 | 71  0.05226  -1.9098e-02 | 72  0.04562  -2.8193e-02
 73  0.00338  -2.9567e-02 | 74 -0.00364  -1.7448e-02 | 75  0.09863  -3.2573e-02
 76  0.08134  -2.5051e-04 | 77 -0.02181  -2.4512e-02 | 78 -0.05925   3.1284e-03
 79  0.08405   1.3756e-02 | 80  0.31543   1.0465e-02 | 81 -2.99807   4.8796e-03
 82 -0.12536  -1.1324e-02 | 83 -0.04307  -1.1435e-02 | 84 -2.04167   8.3063e-03
 85 -0.03793   1.4196e-03 | 86  0.09506   1.5781e-02 | 87  0.21436   3.8923e-02
 88 -0.08749   3.4557e-03 | 89 -0.20748   1.0308e-04 | 90 -0.15134  -2.4709e-03
 91 -0.04397  -8.2967e-03 | 92 -0.01896  -4.5771e-03 | 93  0.03688  -3.3298e-03
 94  0.16129  -1.1991e-03 | 95  0.01227  -3.3429e-03 | 96 -0.00186  -3.7429e-03
 97  0.01434  -2.5778e-03 | 98  0.09804  -2.5776e-03 | 99  0.08634  -1.5417e-03
100  0.08807   1.1340e-02 |101  0.10974   1.0575e-03 |102 -0.07703   2.0205e-03
103 -0.10209  -2.1631e-03 |104  0.05472   2.6898e-03 |105  0.03664  -1.2922e-03
106 -0.04764   1.2656e-03 |107 -0.05968  -1.8694e-04 |108 -2.06810   6.6584e-03
109  0.09997   1.7499e-03 |110  0.08569   3.7286e-03 |111  0.00716   3.1662e-03
112 -0.12844   4.2103e-03 |113 -0.14083   2.4264e-03 |114 -1.96318   5.2714e-03
115  0.11462   2.1272e-03 |116  0.02097   5.8092e-03 |117  0.09446   7.0918e-03
118  0.04366  -5.3680e-03 |119 -0.01222  -2.6393e-03 |120  0.00421   6.1954e-05
121  0.12984   3.7731e-03 |122  1.79904  -2.5200e-03 |123 -0.99981   8.1418e-04
124  0.10789   5.1492e-03 |125 -0.01649   1.1115e-03 |126  2.17415   1.7752e-02
127 -0.57965   1.8598e-03 |128  2.56656  -1.9087e-03 |129  1.85309  -2.9528e-03
130 -0.58801   1.8282e-03 |131  3.70794   2.7193e-03 |132  0.68882   1.4250e-03
133 -2.78679  -9.9807e-04 |134  0.62912   1.6693e-03 |135 -0.20223   2.8812e-03
136  3.07449   3.5073e-04 |137 -1.42623  -1.8819e-03 |138 -0.20334   2.8796e-03
139  0.60823   1.7515e-03 |140  0.63964   1.6273e-03 |141 -3.40930   1.8190e-03
142 -0.54663   1.9816e-03 |143 -0.42208   2.3903e-03 |144 -3.22418   1.0472e-03
145 -1.61695  -2.5002e-03 |146  1.76181  -2.8234e-03 |147 -0.82333   8.2960e-04
148 -3.29151   1.3417e-03 |149 -1.03493  -1.5917e-04 |150  2.47255  -2.2348e-03
151 -0.24510   2.8109e-03 |152 -2.90717  -4.4341e-04 |153 -0.68012   1.4600e-03
154  1.26136  -1.2115e-03 |155  0.52376   2.0636e-03 |156 -1.51902  -2.2075e-03
157  1.43455  -1.9138e-03 |158 -0.76407   1.0975e-03 |159  0.20496   2.8774e-03
160  0.75684   1.1315e-03 |161  0.71700   1.3052e-03 |162 -0.15434   2.9443e-03
163  0.28518   2.7340e-03 |164  0.51311   2.1005e-03 |165  1.45566  -1.9907e-03
166  3.67893   2.6553e-03 |167 -1.05658  -2.6481e-04 |168 -0.45036   2.3049e-03
169  0.01043  -3.8806e-01 |170  0.00951   1.9725e-02 |171  0.00783   2.0993e-03
172  0.03142   1.8650e-02 |173  0.07920  -3.9307e-02 |174  0.03931  -2.7955e-02
175  0.03730   3.7770e-02 |176  0.01528   3.3090e-02 |177  0.03652   3.2246e-02
178  0.10076  -1.0429e-02 |179  0.12241  -1.6344e-02 |180  0.11246   3.3964e-03
181  0.05822  -3.3509e-03 |182 -0.02212  -1.1138e-02 |183 -0.02958  -1.3205e-02
184 -0.00967  -1.8829e-02 |185 -0.00805  -1.5316e-02 |186 -0.01798   3.3063e-02
187 -0.04110   9.6587e-03 |188 -0.02735   1.5611e-02 |189  0.02755   2.0326e-03
190  0.03189   4.8472e-03 |191  0.03106  -8.7220e-02 |192  0.02263  -2.4064e-02
193 -0.01975  -1.5015e-02 |194 -0.07202   6.5298e-03 |195  0.00233   7.9395e-03
196  0.05973   2.0029e-02 |197  0.02191  -3.5683e-04 |198  0.00920   1.2168e-02
199  0.01060   2.1814e-02 |200  0.01586  -1.3796e-02 |201  0.02637   8.3236e-03
202  0.12164   8.1135e-03 |203  0.11725  -9.3216e-03 |204  0.09819  -2.7022e-02
205 -0.05118   2.1759e-02 |206 -0.11787  -5.6899e-03 |207 -0.13658  -9.2428e-03
208 -0.08221  -3.8668e-03 |209 -0.04105   4.4052e-03 |210  0.06656   1.2155e-02
211 -1.05143  -3.5604e-04 |212 -0.05624   2.0660e-01 |213  0.03595   1.5904e-01
214 -0.01407  -8.6817e-09 |215 -0.65605  -1.9574e-02 |216 -0.84572   3.6232e-03
217  0.01749  -1.6168e-01 |218 -0.16321  -4.5449e-03 |219 -0.24938   8.8992e-03
220 -0.05391   1.5512e-03 |221  0.03627   2.4380e-03 |222 -0.00158   7.5499e-03
223  0.00866   7.4519e-03 |224 -0.02863   1.0051e-02 |225 -0.03602   1.1558e-02
226  0.08972  -2.0774e-03 |227  0.07005   4.6085e-03 |228  0.19543   1.2440e-02
229  0.10416   1.0492e-02 |230  0.09830   7.1561e-03 |231  0.04945   8.1919e-03
232  0.05757   2.5697e-03 |233  0.06403   1.1278e-02 |234  0.12739   1.0214e-02
235 -0.11621  -2.5167e-03 |236 -0.12361   9.2008e-05 |237  0.00595   3.8957e-03
238  0.02562   3.6688e-03 |239 -0.11255   8.6184e-03 |240 -0.15104  -3.3564e-03
241 -0.06596   1.4669e-02 |242  0.01209   1.3763e-02 |243  0.04317   4.2048e-03
244 -0.02344  -1.3673e-03 |245 -0.12252   3.5270e-03 |246 -0.23357   2.0658e-03
247 -0.10358   4.2921e-03 |248  0.00243   5.6465e-03 |249  0.05279   6.6088e-03
250  0.08312   4.5973e-03 |251  0.05586   2.4571e-03 |252 -0.01656   7.6442e-03
253 -0.00232   1.6111e-02 |254  0.13245   8.3012e-03 |255  0.19829   1.5392e-02
256  0.23275   1.0714e-02 |257 -0.14571  -1.6065e-03 |258  0.09621   2.8141e-01
259  0.14960  -1.1219e-02 |260 -1.13210   1.6625e-02 |261 -0.84438   1.1156e-01
262 -0.79994  -2.2100e-02 |263  0.00328  -4.6906e-02 |264  0.53332  -3.1387e-02
265 -0.51682  -3.2280e-02 |266  0.59421  -2.7915e-02 |267  0.05051  -4.6759e-02
268 -0.33871  -4.0423e-02 |269  0.66140  -2.3789e-02 |270 -0.36907  -3.9242e-02
271  0.45164  -3.5589e-02 |272  0.41490  -3.7293e-02 |273 -0.64291  -2.4952e-02
274 -0.35981  -3.9612e-02 |275 -0.57679  -2.8936e-02 |276  0.10482  -4.6272e-02
277  0.61008  -2.6967e-02 |278  0.36327  -3.9475e-02 |279 -0.12642  -4.5985e-02
280 -0.56409  -2.9667e-02 |281 -0.17634  -4.5118e-02 |282 -0.08949  -4.6444e-02
283  0.14905  -4.5627e-02 |284 -0.41928  -3.7096e-02 |285 -0.22336  -4.4049e-02
286 -0.08420  -4.6497e-02 |287 -0.53279  -3.1416e-02 |288 -0.26683  -4.2846e-02
289  0.64223  -2.4995e-02 |290 -0.66039  -2.3852e-02 |291  0.17225  -4.5200e-02
292  0.17474  -4.5151e-02 |293 -0.11081  -4.6198e-02 |294  0.11551  -4.6136e-02
295  0.36111  -3.9561e-02 |296 -0.43773  -3.6248e-02 |297 -0.11913  -4.6088e-02
298  0.27760  -4.2517e-02 |299  0.31336  -4.1338e-02 |300  0.44492  -3.5910e-02
301 -0.03146  -4.6849e-02 |302  0.21485  -4.4261e-02 |303  0.47187   2.4699e-01
304  0.08846   1.3472e-02 |305 -0.90724   4.3797e-02 |306  0.25189   8.2450e-03
307 -0.87920   1.7548e-01 |308 -0.52475   3.9373e-02 |
19.6123 7.17189 68.8938 45.0935 
11.1765 11.1765 48.949 49.8782 
6.28539 9.27832 0 1.16986 11.329 
0 2.00586 0 0 0.443159 19.3606 0 
19.6123 7.17176 68.8943 45.0943 
11.1763 11.1763 48.9485 49.8784 
6.28554 9.27799 0 1.17021 11.3296 
0 2.00595 0 0 0.443143 19.3592 0 
19.612 7.17169 68.8949 45.0954 
11.1766 11.1766 48.9483 49.878 
6.28571 9.27753 0 1.17009 11.3306 
0 2.006 0 0 0.443136 19.3583 0 
19.6113 7.17155 68.8957 45.0969 
11.1771 11.1771 48.9486 49.877 
6.28593 9.27715 0 1.16962 11.3317 
0 2.00608 0 0 0.443139 19.3577 0 
19.61 7.17086 68.8965 45.0985 
11.1779 11.1779 48.9496 49.875 
6.2866 9.27692 0 1.16893 11.3329 
0 2.00642 0 0 0.443168 19.3578 0 
19.6092 7.17059 68.897 45.0988 
11.1784 11.1784 48.9512 49.8737 
6.28689 9.27664 0 1.1688 11.3329 
0 2.00654 0 0 0.443177 19.3579 0 
19.6085 7.17022 68.8965 45.0982 
11.1781 11.1781 48.9529 49.8728 
6.28732 9.27705 0 1.16933 11.3323 
0 2.00677 0 0 0.443192 19.3582 0 
19.6082 7.17032 68.8954 45.0966 
11.177 11.177 48.9554 49.8725 
6.28768 9.27773 0 1.17071 11.331 
0 2.00692 0 0 0.44318 19.3579 0 
19.6085 7.17057 68.8948 45.0963 
11.1765 11.1765 48.9556 49.8727 
6.28773 9.27808 0 1.17119 11.3309 
0 2.00689 0 0 0.443172 19.3576 0 
19.6089 7.17115 68.8938 45.0957 
11.1759 11.1759 48.9559 49.873 
6.2878 9.27872 0 1.17191 11.3309 
0 2.00679 0 0 0.443159 19.3569 0 
308 variables; iteration 590; function evaluation 658; phase 1
Function value   3.0852660e+02; maximum gradient component mag  -4.2447e-01
Var   Value    Gradient   |Var   Value    Gradient   |Var   Value    Gradient
  1  0.13515  -3.5444e-03 |  2  0.18569  -3.0594e-03 |  3  0.18942  -3.1805e-02
  4  0.19625   1.1434e-02 |  5  0.19480  -3.5316e-03 |  6  0.19102  -2.0059e-02
  7  0.17749  -1.0924e-02 |  8  0.17353   6.6850e-03 |  9  0.17225   1.1570e-02
 10  0.14828   4.2239e-04 | 11 -2.12462  -4.6427e-03 | 12  0.12661  -1.9470e-02
 13  0.10249   6.8516e-03 | 14 -2.05684  -2.2031e-02 | 15 -1.98860   1.4328e-02
 16 -0.09826  -5.2487e-03 | 17 -0.16206  -3.1994e-02 | 18 -0.23277   2.4527e-05
 19 -0.26447   9.9895e-04 | 20 -0.98007  -2.0243e-04 | 21 -1.00885   1.6250e-05
 22 -2.09924  -9.1039e-03 | 23 -0.17588   6.1938e-05 | 24  0.01108  -3.9791e-04
 25  0.08380  -8.0291e-04 | 26  0.12645   4.4356e-04 | 27  0.15289  -1.9751e-03
 28  0.15536   4.4363e-03 | 29  0.14992  -4.4401e-03 | 30  0.15174   3.3804e-03
 31  0.15594   2.4591e-03 | 32  0.14786   1.8593e-03 | 33  0.12931   6.4719e-04
 34  0.11273  -2.7538e-03 | 35  0.12252  -9.4244e-03 | 36  0.11947   7.4626e-03
 37  0.08907  -3.8806e-03 | 38  0.05226  -2.7701e-03 | 39  0.00762   1.2143e-03
 40 -0.03838  -1.8323e-03 | 41 -0.09450  -9.8615e-04 | 42 -1.84647  -1.1771e-03
 43 -0.01873  -3.4178e-03 | 44 -0.06611   2.6144e-04 | 45 -0.08957   4.4242e-03
 46 -0.16752  -5.6445e-03 | 47 -0.18353  -8.1886e-03 | 48 -0.14568  -9.6835e-03
 49 -0.10794  -4.0309e-03 | 50 -0.06487  -3.1319e-03 | 51 -0.02817  -2.0399e-02
 52  0.01378  -3.6052e-02 | 53 -0.00486  -2.6694e-02 | 54  0.02976  -6.5907e-03
 55  0.02184   3.8049e-02 | 56  0.03669   3.4047e-02 | 57  0.08921   2.7057e-02
 58  0.10959  -5.1170e-03 | 59  0.03538  -3.7142e-02 | 60 -0.10968  -1.9448e-02
 61 -0.07260  -1.8415e-02 | 62  0.03665   3.0732e-03 | 63 -0.02367  -1.1999e-02
 64 -0.04560  -1.1358e-02 | 65 -0.05275  -2.3583e-02 | 66 -0.04145  -1.7471e-02
 67 -0.06591  -1.6461e-02 | 68 -0.05137  -1.0594e-02 | 69 -0.07270   1.5677e-03
 70 -0.06091   5.9821e-03 | 71  0.05228  -2.4451e-04 | 72  0.04580   8.4881e-04
 73  0.00352  -1.1285e-02 | 74 -0.00354  -8.5979e-03 | 75  0.09848  -3.7202e-02
 76  0.08124  -7.7907e-03 | 77 -0.02162  -1.5243e-02 | 78 -0.05945  -1.3352e-02
 79  0.08417   2.8990e-02 | 80  0.31546   4.0536e-02 | 81 -2.99744   6.5748e-03
 82 -0.12530  -1.1360e-02 | 83 -0.04306  -1.4701e-02 | 84 -2.04169   1.0988e-02
 85 -0.03807  -1.0723e-02 | 86  0.09503  -4.9655e-03 | 87  0.21434   2.7215e-04
 88 -0.08756  -7.8108e-03 | 89 -0.20755  -8.8325e-03 | 90 -0.15136  -8.6352e-03
 91 -0.04395  -1.5339e-02 | 92 -0.01894  -1.1151e-02 | 93  0.03686  -9.2444e-03
 94  0.16127  -3.8989e-03 | 95  0.01230  -9.6920e-03 | 96 -0.00179  -1.3221e-02
 97  0.01440  -1.1672e-02 | 98  0.09808  -7.1502e-03 | 99  0.08628  -2.8524e-03
100  0.08794   4.4962e-03 |101  0.10982  -1.4581e-03 |102 -0.07694  -7.0103e-03
103 -0.10205  -1.1491e-02 |104  0.05474  -1.0587e-02 |105  0.03655  -5.3070e-03
106 -0.04784  -2.0995e-03 |107 -0.05986  -7.1738e-03 |108 -2.06818  -2.6553e-03
109  0.09995  -5.5261e-03 |110  0.08573  -1.1572e-02 |111  0.00721  -6.4442e-03
112 -0.12852  -5.3134e-03 |113 -0.14088  -4.1072e-03 |114 -1.96335  -3.6077e-03
115  0.11462   8.3120e-03 |116  0.02072  -7.8384e-03 |117  0.09439   5.3802e-03
118  0.04377  -5.8641e-04 |119 -0.01217  -4.5267e-03 |120  0.00418  -7.4397e-03
121  0.12982  -7.7860e-03 |122  1.79902  -1.2575e-02 |123 -1.00054  -5.4044e-03
124  0.10785  -1.0143e-03 |125 -0.01647  -7.1900e-03 |126  2.17353  -2.6178e-03
127 -0.57992   7.0998e-04 |128  2.56745  -7.2780e-04 |129  1.85352  -1.1286e-03
130 -0.58830   6.9784e-04 |131  3.71023   1.0408e-03 |132  0.68982   5.4337e-04
133 -2.78662  -3.8238e-04 |134  0.62666   6.4199e-04 |135 -0.20363   1.1001e-03
136  3.07498   1.3287e-04 |137 -1.42755  -7.2068e-04 |138 -0.20284   1.1006e-03
139  0.60827   6.6957e-04 |140  0.63965   6.2220e-04 |141 -3.40972   6.9601e-04
142 -0.54689   7.5657e-04 |143 -0.42274   9.1243e-04 |144 -3.22719   4.0595e-04
145 -1.61870  -9.5700e-04 |146  1.76212  -1.0792e-03 |147 -0.82311   3.1654e-04
148 -3.29019   5.1100e-04 |149 -1.03415  -5.4826e-05 |150  2.47204  -8.5439e-04
151 -0.24400   1.0748e-03 |152 -2.90793  -1.6973e-04 |153 -0.67881   5.5955e-04
154  1.26214  -4.6478e-04 |155  0.52360   7.8903e-04 |156 -1.51732  -8.4117e-04
157  1.43408  -7.3093e-04 |158 -0.76547   4.1636e-04 |159  0.20529   1.0994e-03
160  0.75692   4.3285e-04 |161  0.71584   5.0114e-04 |162 -0.15451   1.1249e-03
163  0.28470   1.0452e-03 |164  0.51450   8.0108e-04 |165  1.45657  -7.6223e-04
166  3.67974   1.0152e-03 |167 -1.05618  -9.7714e-05 |168 -0.45058   8.8031e-04
169  0.01042  -4.2447e-01 |170  0.00949  -6.7217e-03 |171  0.00782   8.1703e-04
172  0.03141   2.4705e-02 |173  0.07921   8.5677e-03 |174  0.03933  -1.6132e-02
175  0.03730  -3.0531e-03 |176  0.01529   3.9759e-03 |177  0.03649   2.1105e-02
178  0.10075   5.3001e-02 |179  0.12243  -6.4399e-03 |180  0.11251  -1.2911e-02
181  0.05827  -5.7353e-02 |182 -0.02210  -1.3390e-02 |183 -0.02960   1.1435e-02
184 -0.00972   1.5271e-02 |185 -0.00808   2.6975e-02 |186 -0.01796   2.5035e-02
187 -0.04107  -2.3086e-02 |188 -0.02734  -1.1162e-02 |189  0.02754  -1.3283e-02
190  0.03184   5.5000e-02 |191  0.03105  -1.9130e-02 |192  0.02261  -1.9864e-02
193 -0.01969   1.7865e-02 |194 -0.07205   2.9640e-03 |195  0.00234  -1.2240e-02
196  0.05975  -1.6818e-02 |197  0.02195  -1.7424e-02 |198  0.00921   3.1589e-04
199  0.01059  -1.8969e-02 |200  0.01586   1.7062e-02 |201  0.02629   3.5249e-05
202  0.12162   7.6911e-03 |203  0.11725  -1.0405e-02 |204  0.09823  -2.4885e-02
205 -0.05125   5.1148e-03 |206 -0.11770   1.1779e-02 |207 -0.13662   1.5198e-04
208 -0.08223   7.0346e-03 |209 -0.04105   1.0145e-02 |210  0.06653   1.0913e-02
211 -1.05129  -4.9179e-04 |212 -0.05627   2.2650e-01 |213  0.03595   1.3444e-01
214 -0.01407  -8.6800e-09 |215 -0.65591  -1.6328e-03 |216 -0.84550   3.6180e-02
217  0.01750  -6.5450e-02 |218 -0.16322  -6.5348e-03 |219 -0.24940   4.4007e-03
220 -0.05393   2.3031e-03 |221  0.03624   4.2138e-03 |222 -0.00161   5.5308e-03
223  0.00862  -2.7862e-03 |224 -0.02864   4.4023e-03 |225 -0.03603   9.7524e-03
226  0.08975   3.7466e-03 |227  0.07007   7.0799e-03 |228  0.19540   5.5838e-03
229  0.10415   5.6256e-03 |230  0.09830   5.8103e-03 |231  0.04948   9.4960e-03
232  0.05762   1.3224e-03 |233  0.06402   3.9571e-03 |234  0.12740   2.3298e-03
235 -0.11618  -3.9242e-03 |236 -0.12360   1.6742e-03 |237  0.00597   5.7866e-03
238  0.02565   1.1127e-02 |239 -0.11252   3.2556e-03 |240 -0.15102  -4.9957e-04
241 -0.06594   7.0635e-04 |242  0.01209   5.1992e-03 |243  0.04316   6.0783e-03
244 -0.02344   2.5773e-03 |245 -0.12254   6.1786e-03 |246 -0.23359   1.6852e-03
247 -0.10358   3.0574e-03 |248  0.00246   2.0463e-03 |249  0.05277  -3.1243e-03
250  0.08307  -2.3611e-03 |251  0.05586   1.4883e-03 |252 -0.01654  -1.0350e-03
253 -0.00234   3.3522e-03 |254  0.13243   9.9852e-03 |255  0.19828   1.5074e-02
256  0.23277   7.4929e-03 |257 -0.14572  -5.0587e-03 |258  0.09620  -8.2862e-03
259  0.14960  -1.5241e-02 |260 -1.13210  -1.5553e-02 |261 -0.84439  -6.4428e-02
262 -0.80019  -8.4011e-03 |263  0.00375  -2.4455e-02 |264  0.53206  -1.6400e-02
265 -0.51490  -1.6883e-02 |266  0.59425  -1.4553e-02 |267  0.04963  -2.4381e-02
268 -0.33761  -2.1097e-02 |269  0.66237  -1.2371e-02 |270 -0.36866  -2.0468e-02
271  0.45220  -1.8541e-02 |272  0.41272  -1.9494e-02 |273 -0.64426  -1.2966e-02
274 -0.36113  -2.0625e-02 |275 -0.57728  -1.5072e-02 |276  0.10633  -2.4115e-02
277  0.61105  -1.4029e-02 |278  0.36403  -2.0565e-02 |279 -0.12641  -2.3975e-02
280 -0.56382  -1.5475e-02 |281 -0.17528  -2.3535e-02 |282 -0.09154  -2.4203e-02
283  0.14778  -2.3800e-02 |284 -0.42003  -1.9323e-02 |285 -0.22410  -2.2956e-02
286 -0.08551  -2.4235e-02 |287 -0.53294  -1.6375e-02 |288 -0.26740  -2.2330e-02
289  0.64279  -1.3013e-02 |290 -0.66160  -1.2396e-02 |291  0.17218  -2.3567e-02
292  0.17619  -2.3525e-02 |293 -0.10947  -2.4095e-02 |294  0.11643  -2.4048e-02
295  0.36295  -2.0588e-02 |296 -0.43867  -1.8876e-02 |297 -0.11944  -2.4027e-02
298  0.27710  -2.2175e-02 |299  0.31324  -2.1555e-02 |300  0.44605  -1.8694e-02
301 -0.03199  -2.4425e-02 |302  0.21549  -2.3068e-02 |303  0.47185  -2.5807e-01
304  0.08839  -7.6478e-03 |305 -0.90722   2.1761e-01 |306  0.25192   2.1319e-02
307 -0.87923  -3.0357e-01 |308 -0.52474  -9.2220e-02 |
19.6094 7.17209 68.8923 45.095 
11.1752 11.1752 48.9563 49.8733 
6.28794 9.27968 0 1.17281 11.331 
0 2.00663 0 0 0.443154 19.3563 0 
19.6096 7.17265 68.8918 45.0944 
11.1749 11.1749 48.9562 49.8734 
6.28804 9.28011 0 1.17307 11.331 
0 2.00657 0 0 0.443159 19.3564 0 
19.6096 7.17324 68.8914 45.0935 
11.1747 11.1747 48.9557 49.8735 
6.2883 9.2804 0 1.1731 11.3308 
0 2.00655 0 0 0.443181 19.3573 0 
19.6095 7.17378 68.8914 45.0918 
11.1743 11.1743 48.9545 49.8737 
6.28891 9.28037 0 1.17261 11.3302 
0 2.00668 0 0 0.44322 19.3596 0 
19.6093 7.17351 68.8918 45.091 
11.1741 11.1741 48.954 49.8739 
6.28935 9.27994 0 1.17205 11.33 
0 2.00683 0 0 0.443236 19.3614 0 
19.6091 7.17276 68.8924 45.0902 
11.1736 11.1736 48.9537 49.8742 
6.28991 9.27932 0 1.17132 11.33 
0 2.007 0 0 0.443236 19.3635 0 
19.609 7.17212 68.8926 45.0899 
11.1731 11.1731 48.9539 49.8743 
6.29028 9.27902 0 1.17098 11.3302 
0 2.00704 0 0 0.443225 19.3645 0 
19.6092 7.17157 68.8925 45.0898 
11.1724 11.1724 48.9546 49.8745 
6.29053 9.27906 0 1.17085 11.3306 
0 2.00697 0 0 0.443204 19.365 0 
19.6096 7.17132 68.8922 45.0898 
11.1721 11.1721 48.9553 49.8746 
6.29058 9.27931 0 1.17094 11.3309 
0 2.00683 0 0 0.443192 19.3649 0 
19.6099 7.17124 68.892 45.09 
11.1719 11.1719 48.9559 49.8746 
6.29046 9.27971 0 1.17111 11.331 
0 2.00669 0 0 0.443185 19.3642 0 
308 variables; iteration 600; function evaluation 668; phase 1
Function value   3.0852650e+02; maximum gradient component mag  -3.6818e-01
Var   Value    Gradient   |Var   Value    Gradient   |Var   Value    Gradient
  1  0.13527  -3.1589e-03 |  2  0.18566   1.2128e-03 |  3  0.18942  -2.3590e-03
  4  0.19622  -7.4921e-03 |  5  0.19478   8.1065e-03 |  6  0.19101   7.0345e-03
  7  0.17748  -2.2015e-03 |  8  0.17352   4.3623e-04 |  9  0.17224   1.0043e-02
 10  0.14826   1.1715e-03 | 11 -2.12460   1.1325e-02 | 12  0.12660  -6.3605e-03
 13  0.10247   9.3495e-03 | 14 -2.05678   2.0514e-03 | 15 -1.98871  -1.0874e-02
 16 -0.09772   1.1764e-02 | 17 -0.15888  -1.2682e-02 | 18 -0.23296   9.3389e-05
 19 -0.26455   1.1029e-03 | 20 -0.97918  -2.1118e-04 | 21 -1.00863   1.6238e-05
 22 -2.09923  -3.7551e-03 | 23 -0.17594   3.4032e-05 | 24  0.01110  -3.4348e-05
 25  0.08381   3.5097e-04 | 26  0.12645  -1.1575e-03 | 27  0.15289  -8.7143e-03
 28  0.15537   1.0456e-03 | 29  0.14993  -3.5102e-03 | 30  0.15175   5.2848e-03
 31  0.15595   6.0902e-03 | 32  0.14786  -5.6621e-03 | 33  0.12930  -1.4701e-03
 34  0.11273   4.7939e-03 | 35  0.12252  -4.3617e-03 | 36  0.11945   2.9045e-03
 37  0.08905   4.6680e-03 | 38  0.05222  -2.9849e-03 | 39  0.00762   1.8903e-03
 40 -0.03837   3.4488e-05 | 41 -0.09451  -3.4639e-04 | 42 -1.84640  -8.6845e-04
 43 -0.01889  -1.6455e-02 | 44 -0.06634  -1.9291e-02 | 45 -0.08972  -7.7502e-03
 46 -0.16759  -9.3314e-03 | 47 -0.18357  -9.3925e-03 | 48 -0.14569  -9.5820e-03
 49 -0.10803  -1.1504e-02 | 50 -0.06505  -1.6398e-02 | 51 -0.02811  -9.7263e-03
 52  0.01392  -1.2288e-02 | 53 -0.00465   1.4545e-03 | 54  0.03006   2.1100e-02
 55  0.02161   1.9218e-02 | 56  0.03647   9.2134e-03 | 57  0.08914   1.7807e-02
 58  0.10966   2.0372e-02 | 59  0.03576   1.2584e-02 | 60 -0.10960   1.1878e-04
 61 -0.07245   5.9006e-03 | 62  0.03673   2.1105e-02 | 63 -0.02368  -4.3161e-03
 64 -0.04562  -7.8603e-03 | 65 -0.05285  -3.1992e-02 | 66 -0.04147  -2.2833e-02
 67 -0.06581  -1.1400e-02 | 68 -0.05148  -2.3295e-02 | 69 -0.07282  -1.1344e-02
 70 -0.06104  -8.6857e-03 | 71  0.05224  -1.6871e-02 | 72  0.04575  -1.6206e-02
 73  0.00350  -1.6915e-02 | 74 -0.00360  -9.5045e-03 | 75  0.09878  -1.3701e-02
 76  0.08111  -4.8944e-03 | 77 -0.02127   1.3272e-02 | 78 -0.05930  -1.6118e-03
 79  0.08387   3.8767e-03 | 80  0.31549   2.0410e-03 | 81 -2.99812   4.7438e-03
 82 -0.12530  -5.5664e-03 | 83 -0.04298  -4.6589e-03 | 84 -2.04177   2.3213e-03
 85 -0.03793  -1.1215e-02 | 86  0.09497  -1.5890e-02 | 87  0.21436  -1.5236e-02
 88 -0.08748  -1.2163e-02 | 89 -0.20749  -1.0565e-02 | 90 -0.15135  -1.2662e-02
 91 -0.04391  -1.5591e-02 | 92 -0.01893  -1.4203e-02 | 93  0.03692  -1.0742e-02
 94  0.16129  -1.0929e-02 | 95  0.01232  -1.1068e-02 | 96 -0.00185  -1.3395e-02
 97  0.01433  -1.0760e-02 | 98  0.09802  -8.2047e-03 | 99  0.08632  -6.2927e-03
100  0.08801  -2.1782e-04 |101  0.10981  -8.0502e-03 |102 -0.07699  -1.1149e-02
103 -0.10206  -1.2438e-02 |104  0.05472  -1.0208e-02 |105  0.03644  -1.1302e-02
106 -0.04793  -7.7305e-03 |107 -0.05988  -9.7980e-03 |108 -2.06813   1.6762e-03
109  0.09995  -1.1693e-02 |110  0.08574  -1.8735e-02 |111  0.00717  -1.5979e-02
112 -0.12854  -1.3809e-02 |113 -0.14084  -1.1704e-02 |114 -1.96344   2.2305e-03
115  0.11461  -1.3368e-02 |116  0.02079  -1.8786e-02 |117  0.09439  -1.1304e-02
118  0.04376  -7.8133e-03 |119 -0.01222  -8.8037e-03 |120  0.00411  -1.0118e-02
121  0.12980  -9.8494e-03 |122  1.79903   6.3276e-03 |123 -1.00070  -7.2284e-03
124  0.10786  -1.0549e-02 |125 -0.01649  -1.2911e-02 |126  2.17351   3.1969e-05
127 -0.57967  -2.5030e-04 |128  2.56792   2.5618e-04 |129  1.85354   3.9647e-04
130 -0.58862  -2.4577e-04 |131  3.71203  -3.6652e-04 |132  0.69024  -1.8971e-04
133 -2.78789   1.3207e-04 |134  0.62544  -2.2546e-04 |135 -0.20582  -3.8632e-04
136  3.07550  -5.1487e-05 |137 -1.42751   2.5390e-04 |138 -0.20259  -3.8697e-04
139  0.60771  -2.3484e-04 |140  0.63966  -2.1780e-04 |141 -3.40978  -2.4391e-04
142 -0.54628  -2.6677e-04 |143 -0.42243  -3.2117e-04 |144 -3.22889  -1.4226e-04
145 -1.61815   3.3646e-04 |146  1.76171   3.7894e-04 |147 -0.82270  -1.1334e-04
148 -3.28960  -1.7815e-04 |149 -1.03424   2.9191e-05 |150  2.47179   3.0083e-04
151 -0.24259  -3.7823e-04 |152 -2.90843   5.5673e-05 |153 -0.67822  -1.9792e-04
154  1.26233   1.6222e-04 |155  0.52327  -2.7686e-04 |156 -1.51675   2.9585e-04
157  1.43328   2.5580e-04 |158 -0.76678  -1.4692e-04 |159  0.20429  -3.8637e-04
160  0.75689  -1.5081e-04 |161  0.71588  -1.7498e-04 |162 -0.15355  -3.9560e-04
163  0.28527  -3.6689e-04 |164  0.51556  -2.8046e-04 |165  1.45815   2.6801e-04
166  3.67986  -3.5708e-04 |167 -1.05623   4.0361e-05 |168 -0.45170  -3.0933e-04
169  0.01043  -3.6818e-01 |170  0.00945  -1.6704e-02 |171  0.00781  -1.2754e-03
172  0.03140   7.0195e-03 |173  0.07920  -1.0041e-03 |174  0.03932  -2.4012e-02
175  0.03730   1.6919e-03 |176  0.01531   1.1529e-02 |177  0.03652   2.0511e-03
178  0.10078  -1.3053e-02 |179  0.12245  -1.9587e-02 |180  0.11250  -3.0891e-02
181  0.05824  -2.8246e-02 |182 -0.02212  -6.8129e-03 |183 -0.02958  -3.1394e-03
184 -0.00969  -2.3379e-02 |185 -0.00803  -6.2179e-03 |186 -0.01795  -3.2038e-02
187 -0.04106  -1.2224e-02 |188 -0.02734  -1.1209e-02 |189  0.02753   3.3655e-03
190  0.03181   1.5783e-02 |191  0.03103   2.3097e-02 |192  0.02259  -4.2695e-03
193 -0.01973  -4.7696e-05 |194 -0.07204  -2.1753e-03 |195  0.00233   3.7298e-03
196  0.05973   5.2874e-03 |197  0.02194  -3.8196e-03 |198  0.00922   2.3004e-02
199  0.01060  -1.8478e-02 |200  0.01589   1.9324e-02 |201  0.02635  -2.7459e-03
202  0.12163  -1.2141e-02 |203  0.11725  -1.7945e-02 |204  0.09820  -1.4162e-02
205 -0.05127   1.7665e-03 |206 -0.11781  -4.9758e-03 |207 -0.13656   3.2518e-03
208 -0.08222  -6.0702e-03 |209 -0.04105  -3.0291e-03 |210  0.06656   1.8502e-03
211 -1.05128   2.1573e-05 |212 -0.05626   8.8528e-02 |213  0.03595   4.7829e-02
214 -0.01407  -8.6786e-09 |215 -0.65600  -1.0617e-02 |216 -0.84563   2.4009e-02
217  0.01751  -8.7846e-03 |218 -0.16317   9.2806e-04 |219 -0.24938   1.1306e-03
220 -0.05393  -1.7927e-03 |221  0.03626   2.5356e-04 |222 -0.00160  -1.8141e-03
223  0.00862  -4.5341e-03 |224 -0.02865   2.0465e-03 |225 -0.03604   3.3689e-03
226  0.08974   1.9912e-03 |227  0.07006   8.3280e-04 |228  0.19541  -3.5752e-04
229  0.10415   4.8093e-04 |230  0.09831   9.8916e-05 |231  0.04948  -9.5475e-04
232  0.05760  -1.8888e-03 |233  0.06402  -8.7031e-04 |234  0.12740  -1.1083e-05
235 -0.11618  -1.6259e-03 |236 -0.12359  -2.6246e-03 |237  0.00598  -3.3650e-03
238  0.02566   1.4454e-03 |239 -0.11252  -4.0379e-03 |240 -0.15101  -4.3892e-03
241 -0.06596  -8.9638e-03 |242  0.01207  -4.3798e-03 |243  0.04317   3.1860e-03
244 -0.02344  -1.5951e-03 |245 -0.12256   1.7368e-03 |246 -0.23361   2.4333e-03
247 -0.10359   1.3905e-03 |248  0.00247   2.1761e-04 |249  0.05278  -1.1654e-03
250  0.08307  -2.1747e-03 |251  0.05587   3.5640e-03 |252 -0.01653  -4.0940e-05
253 -0.00233  -7.1964e-04 |254  0.13244   3.0495e-03 |255  0.19825  -2.8166e-03
256  0.23273  -5.6816e-03 |257 -0.14572  -4.3062e-03 |258  0.09620  -4.5729e-02
259  0.14960   1.2024e-02 |260 -1.13210   3.3057e-02 |261 -0.84439  -8.6657e-02
262 -0.80018  -6.4632e-03 |263  0.00395   1.4977e-03 |264  0.53209   1.0044e-03
265 -0.51412   1.0353e-03 |266  0.59428   8.9127e-04 |267  0.04879   1.4934e-03
268 -0.33714   1.2926e-03 |269  0.66292   7.5657e-04 |270 -0.36864   1.2536e-03
271  0.45260   1.1350e-03 |272  0.41160   1.1955e-03 |273 -0.64504   7.9245e-04
274 -0.36242   1.2615e-03 |275 -0.57809   9.2148e-04 |276  0.10745   1.4765e-03
277  0.61159   8.5821e-04 |278  0.36420   1.2593e-03 |279 -0.12636   1.4683e-03
280 -0.56378   9.4779e-04 |281 -0.17462   1.4418e-03 |282 -0.09295   1.4818e-03
283  0.14742   1.4578e-03 |284 -0.42024   1.1831e-03 |285 -0.22477   1.4054e-03
286 -0.08628   1.4840e-03 |287 -0.53309   1.0026e-03 |288 -0.26722   1.3677e-03
289  0.64296   7.9671e-04 |290 -0.66207   7.5816e-04 |291  0.17211   1.4434e-03
292  0.17730   1.4401e-03 |293 -0.10917   1.4758e-03 |294  0.11731   1.4724e-03
295  0.36453   1.2589e-03 |296 -0.43887   1.1557e-03 |297 -0.11956   1.4714e-03
298  0.27683   1.3584e-03 |299  0.31326   1.3201e-03 |300  0.44650   1.1443e-03
301 -0.03224   1.4958e-03 |302  0.21551   1.4128e-03 |303  0.47187   6.6230e-02
304  0.08847   2.1038e-02 |305 -0.90724  -5.8707e-02 |306  0.25188  -1.5871e-02
307 -0.87921   1.2640e-01 |308 -0.52475   5.8160e-02 |
19.6102 7.17121 68.892 45.0903 
11.1721 11.1721 48.9563 49.8746 
6.29025 9.28002 0 1.17128 11.3308 
0 2.00659 0 0 0.443191 19.3634 0 
19.6104 7.17115 68.8922 45.0907 
11.1724 11.1724 48.9563 49.8746 
6.29001 9.28024 0 1.17136 11.3304 
0 2.0066 0 0 0.443201 19.3626 0 
19.6103 7.17107 68.8926 45.0911 
11.1728 11.1728 48.9561 49.8746 
6.2899 9.28021 0 1.17134 11.3298 
0 2.0067 0 0 0.443214 19.3622 0 
19.6099 7.17103 68.8929 45.0915 
11.1729 11.1729 48.9556 49.8747 
6.28995 9.28013 0 1.17124 11.3292 
0 2.00685 0 0 0.44322 19.3621 0 
19.6093 7.17111 68.8928 45.0917 
11.1729 11.1729 48.955 49.8749 
6.29021 9.27999 0 1.17115 11.3288 
0 2.00697 0 0 0.443219 19.3625 0 
19.6087 7.17139 68.8923 45.092 
11.1726 11.1726 48.9544 49.8751 
6.29061 9.28005 0 1.17111 11.3288 
0 2.00699 0 0 0.443206 19.3631 0 
19.6082 7.17176 68.8915 45.0921 
11.1723 11.1723 48.9541 49.8753 
6.291 9.28017 0 1.17116 11.3291 
0 2.00689 0 0 0.443193 19.3635 0 
19.608 7.17213 68.8907 45.0923 
11.1721 11.1721 48.9541 49.8754 
6.29126 9.2804 0 1.17127 11.3294 
0 2.00671 0 0 0.443181 19.3636 0 
19.608 7.17241 68.89 45.0925 
11.1721 11.1721 48.9543 49.8754 
6.29143 9.28055 0 1.17141 11.3298 
0 2.00651 0 0 0.443176 19.3634 0 
19.6082 7.17259 68.8895 45.0928 
11.1723 11.1723 48.9547 49.8754 
6.29151 9.28066 0 1.17155 11.3301 
0 2.0063 0 0 0.443176 19.363 0 
308 variables; iteration 610; function evaluation 678; phase 1
Function value   3.0852647e+02; maximum gradient component mag   7.3697e-02
Var   Value    Gradient   |Var   Value    Gradient   |Var   Value    Gradient
  1  0.13536   6.0363e-03 |  2  0.18565   2.6424e-03 |  3  0.18942  -1.8477e-03
  4  0.19623   4.3863e-03 |  5  0.19478   6.4189e-03 |  6  0.19102   2.2268e-02
  7  0.17748  -7.4634e-03 |  8  0.17352  -5.1966e-03 |  9  0.17223  -1.3983e-02
 10  0.14827   3.2482e-03 | 11 -2.12460   1.5110e-03 | 12  0.12660  -8.8195e-03
 13  0.10248   1.2543e-02 | 14 -2.05680  -3.0311e-03 | 15 -1.98858   9.1348e-03
 16 -0.09790   7.2319e-03 | 17 -0.15783  -6.5435e-03 | 18 -0.23297   6.2266e-05
 19 -0.26529   7.1804e-04 | 20 -0.97862  -2.1665e-04 | 21 -1.00865   1.6239e-05
 22 -2.09916   5.9945e-03 | 23 -0.17604  -1.8099e-07 | 24  0.01108  -8.2015e-04
 25  0.08381   4.6733e-04 | 26  0.12645   9.6377e-04 | 27  0.15289  -3.4051e-03
 28  0.15537   7.6215e-04 | 29  0.14993   2.7945e-04 | 30  0.15174   3.8520e-03
 31  0.15595  -5.1299e-04 | 32  0.14786  -1.8365e-03 | 33  0.12930  -9.1298e-04
 34  0.11273   4.2907e-03 | 35  0.12251  -1.1772e-03 | 36  0.11946   2.1258e-03
 37  0.08906   4.1664e-03 | 38  0.05221  -4.8428e-03 | 39  0.00761   1.4830e-03
 40 -0.03838  -1.8805e-03 | 41 -0.09449   5.6758e-04 | 42 -1.84643  -1.6224e-03
 43 -0.01890  -1.4738e-02 | 44 -0.06622  -8.0836e-03 | 45 -0.08982  -1.4388e-02
 46 -0.16760  -7.9528e-03 | 47 -0.18358  -8.1567e-03 | 48 -0.14573  -1.0498e-02
 49 -0.10807  -1.0060e-02 | 50 -0.06494  -1.0237e-03 | 51 -0.02804   5.9899e-03
 52  0.01407   1.0683e-02 | 53 -0.00459   1.3346e-02 | 54  0.03002   1.9829e-02
 55  0.02154   1.0576e-02 | 56  0.03647   3.7965e-03 | 57  0.08913   9.3127e-03
 58  0.10968   1.6502e-02 | 59  0.03578   1.0658e-02 | 60 -0.10962  -2.8331e-03
 61 -0.07252  -3.5751e-03 | 62  0.03657   2.9897e-03 | 63 -0.02367  -6.8303e-03
 64 -0.04565  -1.1002e-02 | 65 -0.05264  -1.4751e-02 | 66 -0.04144  -2.0074e-02
 67 -0.06601  -2.7407e-02 | 68 -0.05149  -2.5267e-02 | 69 -0.07282  -1.1431e-02
 70 -0.06108  -1.0341e-02 | 71  0.05224  -1.1650e-02 | 72  0.04580  -4.7022e-03
 73  0.00357  -2.3313e-03 | 74 -0.00363  -1.9149e-03 | 75  0.09897   9.2739e-03
 76  0.08107   2.7583e-03 | 77 -0.02137   1.0738e-02 | 78 -0.05930   2.1421e-03
 79  0.08386   6.0780e-03 | 80  0.31549  -2.2376e-03 | 81 -2.99888   2.6691e-03
 82 -0.12529  -2.4161e-03 | 83 -0.04299  -1.9923e-03 | 84 -2.04171   1.6154e-03
 85 -0.03804  -8.8851e-03 | 86  0.09502  -3.9065e-03 | 87  0.21437  -7.8293e-03
 88 -0.08745  -6.7293e-03 | 89 -0.20746  -5.9769e-03 | 90 -0.15133  -8.3743e-03
 91 -0.04388  -1.1840e-02 | 92 -0.01889  -9.0082e-03 | 93  0.03694  -5.9348e-03
 94  0.16127  -6.8471e-03 | 95  0.01228  -3.3673e-03 | 96 -0.00187  -3.5016e-03
 97  0.01431  -4.1590e-03 | 98  0.09802  -4.4225e-03 | 99  0.08633  -5.5294e-03
100  0.08797  -6.7477e-03 |101  0.10984  -5.0032e-03 |102 -0.07699  -6.9518e-03
103 -0.10208  -8.9490e-03 |104  0.05469  -7.6970e-03 |105  0.03652  -5.6098e-03
106 -0.04787  -5.3582e-03 |107 -0.05982  -6.2512e-03 |108 -2.06814   1.4858e-04
109  0.09994  -5.5998e-03 |110  0.08575  -1.1383e-02 |111  0.00724  -8.3617e-03
112 -0.12850  -9.3054e-03 |113 -0.14082  -8.6879e-03 |114 -1.96343   2.0011e-03
115  0.11460  -1.5291e-02 |116  0.02092  -5.6216e-03 |117  0.09434  -7.8779e-03
118  0.04364  -5.3573e-03 |119 -0.01230  -3.8542e-03 |120  0.00406  -5.4014e-03
121  0.12977  -3.3298e-03 |122  1.79900  -6.4252e-03 |123 -1.00036  -3.1951e-03
124  0.10787  -7.1297e-03 |125 -0.01649  -7.9630e-03 |126  2.17364   1.2538e-03
127 -0.57943  -4.8243e-05 |128  2.56781   4.9338e-05 |129  1.85328   7.5649e-05
130 -0.58865  -4.7364e-05 |131  3.71178  -7.0151e-05 |132  0.69013  -3.5648e-05
133 -2.78767   2.4336e-05 |134  0.62564  -4.2568e-05 |135 -0.20591  -7.3896e-05
136  3.07550  -1.2500e-05 |137 -1.42773   4.8919e-05 |138 -0.20302  -7.4005e-05
139  0.60793  -4.4386e-05 |140  0.63975  -4.1094e-05 |141 -3.40974  -4.6163e-05
142 -0.54648  -5.1307e-05 |143 -0.42248  -6.1593e-05 |144 -3.22884  -2.6323e-05
145 -1.61770   6.4456e-05 |146  1.76151   7.2248e-05 |147 -0.82258  -2.2775e-05
148 -3.28938  -3.3355e-05 |149 -1.03457   1.1447e-05 |150  2.47168   5.7763e-05
151 -0.24266  -7.2372e-05 |152 -2.90811   8.4895e-06 |153 -0.67811  -3.8391e-05
154  1.26241   3.0269e-05 |155  0.52319  -5.2550e-05 |156 -1.51683   5.6819e-05
157  1.43305   4.8448e-05 |158 -0.76697  -2.8870e-05 |159  0.20422  -7.3699e-05
160  0.75708  -2.7992e-05 |161  0.71608  -3.2737e-05 |162 -0.15339  -7.5648e-05
163  0.28506  -6.9940e-05 |164  0.51563  -5.3232e-05 |165  1.45825   5.0841e-05
166  3.67977  -6.8377e-05 |167 -1.05615   1.1294e-05 |168 -0.45154  -5.9373e-05
169  0.01043   3.7387e-02 |170  0.00945   7.7053e-03 |171  0.00781   1.0948e-02
172  0.03140   1.9586e-02 |173  0.07920   1.8578e-02 |174  0.03933  -2.5221e-03
175  0.03731  -7.9998e-03 |176  0.01532   8.8074e-04 |177  0.03654  -9.9412e-03
178  0.10079  -1.8178e-02 |179  0.12245  -7.1862e-03 |180  0.11248  -1.2848e-02
181  0.05823   5.7833e-03 |182 -0.02213  -7.3062e-03 |183 -0.02958  -1.7072e-03
184 -0.00969  -1.1261e-02 |185 -0.00804  -7.8804e-03 |186 -0.01796   1.8884e-03
187 -0.04108   6.9556e-03 |188 -0.02734   2.5643e-03 |189  0.02752  -1.0869e-02
190  0.03182   1.5691e-02 |191  0.03103   1.9296e-02 |192  0.02258   4.7779e-03
193 -0.01973   5.0997e-02 |194 -0.07205  -3.5070e-04 |195  0.00234   4.6095e-03
196  0.05974   7.7470e-03 |197  0.02194   2.2875e-03 |198  0.00923   7.6251e-03
199  0.01061  -1.0038e-02 |200  0.01588  -1.8116e-03 |201  0.02637  -1.7314e-03
202  0.12163  -1.8150e-02 |203  0.11723  -9.9847e-03 |204  0.09820  -9.6965e-04
205 -0.05131   2.7921e-04 |206 -0.11775   1.9068e-03 |207 -0.13658   2.8231e-03
208 -0.08221  -9.6343e-04 |209 -0.04105  -1.8940e-03 |210  0.06655   5.4473e-03
211 -1.05126  -6.6522e-05 |212 -0.05627   2.1277e-02 |213  0.03595   3.7621e-02
214 -0.01407  -8.6776e-09 |215 -0.65601   7.7587e-04 |216 -0.84566  -1.8835e-02
217  0.01751   4.7207e-03 |218 -0.16318  -2.6196e-03 |219 -0.24939  -2.8087e-03
220 -0.05391  -2.2320e-03 |221  0.03627  -3.5251e-03 |222 -0.00159  -2.7677e-03
223  0.00863  -4.0049e-03 |224 -0.02865   7.4437e-04 |225 -0.03604   4.0353e-03
226  0.08974  -6.3903e-04 |227  0.07006  -6.4262e-04 |228  0.19540  -5.6332e-03
229  0.10415  -2.4447e-03 |230  0.09831  -6.7167e-03 |231  0.04948  -6.1030e-03
232  0.05761  -4.3286e-03 |233  0.06401  -3.6678e-03 |234  0.12739  -1.0748e-03
235 -0.11617  -1.6513e-03 |236 -0.12359  -4.6474e-03 |237  0.00597  -3.2524e-03
238  0.02565  -2.5298e-03 |239 -0.11253  -6.7707e-03 |240 -0.15102  -2.7980e-03
241 -0.06595  -3.6709e-03 |242  0.01208  -3.3158e-03 |243  0.04318   1.8935e-03
244 -0.02343  -3.6690e-03 |245 -0.12255  -2.4957e-03 |246 -0.23361   4.5606e-04
247 -0.10359   2.7377e-03 |248  0.00245   2.4185e-03 |249  0.05281  -9.6745e-04
250  0.08310  -3.2859e-03 |251  0.05586  -5.7356e-04 |252 -0.01655  -4.6871e-03
253 -0.00234  -1.2717e-03 |254  0.13240  -6.7469e-03 |255  0.19824  -7.0452e-03
256  0.23274  -6.8279e-03 |257 -0.14572  -4.7315e-03 |258  0.09621  -8.9091e-03
259  0.14960   5.0786e-03 |260 -1.13210  -7.2318e-02 |261 -0.84439  -2.7710e-02
262 -0.80014  -3.3450e-03 |263  0.00394  -3.6079e-03 |264  0.53241  -2.4181e-03
265 -0.51428  -2.4934e-03 |266  0.59431  -2.1467e-03 |267  0.04840  -3.5976e-03
268 -0.33715  -3.1138e-03 |269  0.66321  -1.8209e-03 |270 -0.36853  -3.0202e-03
271  0.45290  -2.7328e-03 |272  0.41135  -2.8806e-03 |273 -0.64514  -1.9087e-03
274 -0.36299  -3.0372e-03 |275 -0.57847  -2.2183e-03 |276  0.10779  -3.5564e-03
277  0.61156  -2.0673e-03 |278  0.36405  -3.0340e-03 |279 -0.12641  -3.5371e-03
280 -0.56365  -2.2839e-03 |281 -0.17452  -3.4733e-03 |282 -0.09335  -3.5693e-03
283  0.14774  -3.5113e-03 |284 -0.42011  -2.8505e-03 |285 -0.22494  -3.3852e-03
286 -0.08649  -3.5748e-03 |287 -0.53306  -2.4154e-03 |288 -0.26711  -3.2951e-03
289  0.64292  -1.9192e-03 |290 -0.66221  -1.8259e-03 |291  0.17213  -3.4769e-03
292  0.17759  -3.4685e-03 |293 -0.10929  -3.5550e-03 |294  0.11758  -3.5466e-03
295  0.36501  -3.0310e-03 |296 -0.43888  -2.7841e-03 |297 -0.11943  -3.5447e-03
298  0.27680  -3.2723e-03 |299  0.31320  -3.1801e-03 |300  0.44640  -2.7567e-03
301 -0.03227  -3.6034e-03 |302  0.21548  -3.4033e-03 |303  0.47186  -1.6943e-02
304  0.08844  -3.7665e-04 |305 -0.90723   7.3697e-02 |306  0.25189  -9.1805e-03
307 -0.87921  -1.8378e-02 |308 -0.52474   1.4929e-02 |
19.6084 7.17254 68.8894 45.0931 
11.1727 11.1727 48.9552 49.8753 
6.29148 9.28056 0 1.17166 11.3301 
0 2.00617 0 0 0.443187 19.3623 0 
19.6087 7.17227 68.8898 45.0933 
11.173 11.173 48.9556 49.8753 
6.2913 9.28036 0 1.17167 11.3298 
0 2.00618 0 0 0.443201 19.3617 0 
19.6089 7.17194 68.8903 45.0933 
11.1733 11.1733 48.9558 49.8752 
6.29105 9.28011 0 1.1716 11.3293 
0 2.0063 0 0 0.443215 19.3615 0 
19.609 7.17175 68.8909 45.0933 
11.1732 11.1732 48.9558 49.8752 
6.29077 9.28003 0 1.17149 11.3289 
0 2.00643 0 0 0.443221 19.3615 0 
19.609 7.17178 68.8911 45.0933 
11.1731 11.1731 48.9558 49.8751 
6.29047 9.28004 0 1.17138 11.3285 
0 2.00652 0 0 0.443222 19.3617 0 
19.6091 7.17201 68.8911 45.0933 
11.173 11.173 48.9558 49.8751 
6.29018 9.28018 0 1.1713 11.3283 
0 2.00654 0 0 0.443217 19.3618 0 
19.6091 7.17235 68.891 45.0934 
11.1731 11.1731 48.9557 49.8751 
6.28992 9.28027 0 1.17124 11.3282 
0 2.00652 0 0 0.44321 19.3618 0 
19.6092 7.17265 68.8908 45.0934 
11.1733 11.1733 48.9557 49.8751 
6.2897 9.28029 0 1.17122 11.3283 
0 2.00649 0 0 0.443202 19.3618 0 
19.6093 7.1728 68.8907 45.0934 
11.1736 11.1736 48.9557 49.8751 
6.28951 9.28016 0 1.1712 11.3284 
0 2.0065 0 0 0.443196 19.3616 0 
19.6094 7.17277 68.8907 45.0934 
11.1739 11.1739 48.9556 49.8751 
6.28934 9.27993 0 1.1712 11.3284 
0 2.00657 0 0 0.443191 19.3615 0 
308 variables; iteration 620; function evaluation 688; phase 1
Function value   3.0852646e+02; maximum gradient component mag   1.0170e-01
Var   Value    Gradient   |Var   Value    Gradient   |Var   Value    Gradient
  1  0.13526  -3.6579e-03 |  2  0.18567   1.5893e-03 |  3  0.18942   5.1058e-03
  4  0.19623   2.5865e-03 |  5  0.19479   4.2268e-03 |  6  0.19102   6.2155e-03
  7  0.17748  -3.1574e-03 |  8  0.17352  -2.3041e-03 |  9  0.17224  -2.3173e-03
 10  0.14827   2.0351e-03 | 11 -2.12461  -1.5613e-03 | 12  0.12661   8.3186e-04
 13  0.10248   4.4139e-03 | 14 -2.05679   3.7701e-03 | 15 -1.98867  -3.4901e-03
 16 -0.09813   2.3896e-03 | 17 -0.15716  -2.3914e-03 | 18 -0.23294   8.3859e-05
 19 -0.26600   3.9230e-04 | 20 -0.97796  -2.2317e-04 | 21 -1.00878   1.6245e-05
 22 -2.09921  -5.3227e-04 | 23 -0.17611  -2.3841e-05 | 24  0.01109  -1.6789e-04
 25  0.08381   4.0180e-04 | 26  0.12645   1.5910e-03 | 27  0.15289   1.2216e-03
 28  0.15537   4.9218e-04 | 29  0.14993   2.1192e-03 | 30  0.15175   6.1379e-04
 31  0.15595  -4.3917e-03 | 32  0.14786   2.2619e-03 | 33  0.12930  -9.2589e-04
 34  0.11272   3.0934e-04 | 35  0.12252  -6.2597e-04 | 36  0.11945  -1.1414e-03
 37  0.08906   3.2905e-03 | 38  0.05221  -3.7745e-03 | 39  0.00762  -1.3446e-04
 40 -0.03836  -6.4541e-04 | 41 -0.09450  -4.2611e-04 | 42 -1.84639  -6.0201e-04
 43 -0.01880  -6.8317e-03 | 44 -0.06627  -1.0036e-02 | 45 -0.08986  -1.4930e-02
 46 -0.16760  -4.8875e-03 | 47 -0.18355  -1.8177e-03 | 48 -0.14562   3.8309e-03
 49 -0.10798   1.0219e-03 | 50 -0.06492   3.6912e-03 | 51 -0.02809   2.4738e-03
 52  0.01406   5.4829e-03 | 53 -0.00465   5.0259e-03 | 54  0.02995   1.0446e-02
 55  0.02152   3.8618e-03 | 56  0.03651  -1.4595e-03 | 57  0.08912  -5.3194e-03
 58  0.10961  -8.5970e-03 | 59  0.03565  -8.0044e-03 | 60 -0.10962  -5.1841e-03
 61 -0.07254  -6.0536e-03 | 62  0.03647  -6.5143e-03 | 63 -0.02363  -4.4496e-03
 64 -0.04562  -4.3035e-03 | 65 -0.05258  -3.5345e-03 | 66 -0.04141  -7.8486e-03
 67 -0.06584  -4.3557e-03 | 68 -0.05149  -1.5518e-02 | 69 -0.07279  -2.1567e-03
 70 -0.06104  -1.4822e-03 | 71  0.05230   1.8634e-03 | 72  0.04575   3.3546e-03
 73  0.00361   7.1776e-03 | 74 -0.00360   4.7819e-03 | 75  0.09898   1.1995e-02
 76  0.08103  -2.5799e-03 | 77 -0.02150   1.2816e-03 | 78 -0.05932   1.1303e-03
 79  0.08389   6.7833e-03 | 80  0.31548  -1.8740e-03 | 81 -2.99947   9.1047e-04
 82 -0.12531  -1.8400e-03 | 83 -0.04301  -1.6796e-03 | 84 -2.04167   1.5306e-03
 85 -0.03795  -1.4749e-03 | 86  0.09499  -2.7892e-03 | 87  0.21437  -5.5085e-03
 88 -0.08745  -1.2336e-03 | 89 -0.20746  -5.9030e-04 | 90 -0.15130  -1.2496e-03
 91 -0.04383  -1.1112e-03 | 92 -0.01889  -3.7459e-04 | 93  0.03691   4.5979e-04
 94  0.16127   1.1134e-03 | 95  0.01226  -1.4739e-04 | 96 -0.00187   7.7564e-04
 97  0.01431  -1.8558e-04 | 98  0.09802  -1.0843e-03 | 99  0.08634  -5.8491e-04
100  0.08794  -5.4999e-03 |101  0.10987  -1.9155e-03 |102 -0.07694  -1.2333e-03
103 -0.10204  -2.6413e-03 |104  0.05473  -1.6480e-03 |105  0.03657   1.1192e-04
106 -0.04783  -1.6068e-03 |107 -0.05978  -1.0727e-03 |108 -2.06812  -2.3388e-04
109  0.09993  -7.9707e-04 |110  0.08579   2.4622e-03 |111  0.00722  -8.8403e-04
112 -0.12850  -1.8736e-03 |113 -0.14085  -1.5970e-03 |114 -1.96331   2.0832e-03
115  0.11464  -2.5864e-03 |116  0.02092   1.7442e-03 |117  0.09433   3.8081e-04
118  0.04358  -7.3261e-04 |119 -0.01238   5.0980e-05 |120  0.00404  -6.4124e-04
121  0.12983   1.3278e-03 |122  1.79901   3.3622e-04 |123 -1.00017  -2.9210e-04
124  0.10788  -1.5880e-03 |125 -0.01649  -1.1819e-03 |126  2.17377   9.9657e-04
127 -0.57920  -7.1921e-05 |128  2.56751   7.3576e-05 |129  1.85302   1.1315e-04
130 -0.58871  -7.0557e-05 |131  3.71146  -1.0478e-04 |132  0.69002  -5.3690e-05
133 -2.78762   3.6960e-05 |134  0.62594  -6.3898e-05 |135 -0.20616  -1.1042e-04
136  3.07541  -1.7047e-05 |137 -1.42790   7.2930e-05 |138 -0.20343  -1.1057e-04
139  0.60801  -6.6633e-05 |140  0.63971  -6.1760e-05 |141 -3.40965  -6.9273e-05
142 -0.54653  -7.6486e-05 |143 -0.42246  -9.1950e-05 |144 -3.22865  -3.9843e-05
145 -1.61722   9.6198e-05 |146  1.76135   1.0810e-04 |147 -0.82257  -3.3377e-05
148 -3.28908  -5.0223e-05 |149 -1.03479   1.3533e-05 |150  2.47163   8.6201e-05
151 -0.24270  -1.0814e-04 |152 -2.90778   1.4100e-05 |153 -0.67801  -5.7070e-05
154  1.26252   4.5725e-05 |155  0.52282  -7.8837e-05 |156 -1.51683   8.4777e-05
157  1.43281   7.2650e-05 |158 -0.76725  -4.2616e-05 |159  0.20419  -1.1027e-04
160  0.75740  -4.2285e-05 |161  0.71639  -4.9305e-05 |162 -0.15301  -1.1308e-04
163  0.28499  -1.0468e-04 |164  0.51577  -7.9783e-05 |165  1.45837   7.6260e-05
166  3.67946  -1.0211e-04 |167 -1.05620   1.4694e-05 |168 -0.45142  -8.8627e-05
169  0.01043  -3.5766e-02 |170  0.00946   6.6025e-03 |171  0.00781   5.4118e-03
172  0.03141   4.9657e-03 |173  0.07921  -9.1223e-03 |174  0.03933  -1.3730e-02
175  0.03731  -5.6477e-03 |176  0.01532   4.8099e-03 |177  0.03653  -3.8676e-03
178  0.10078  -2.7356e-03 |179  0.12244  -4.5128e-03 |180  0.11247  -1.5200e-02
181  0.05822   8.2989e-03 |182 -0.02213   4.5805e-03 |183 -0.02960   4.4027e-03
184 -0.00970   2.7785e-03 |185 -0.00806   3.3310e-03 |186 -0.01797   4.7551e-03
187 -0.04107   7.1398e-04 |188 -0.02734   7.4321e-04 |189  0.02754  -8.4641e-03
190  0.03184   1.9347e-03 |191  0.03105   2.0643e-03 |192  0.02261   4.5938e-03
193 -0.01973   1.4708e-02 |194 -0.07204  -3.9678e-04 |195  0.00234  -1.6141e-03
196  0.05974  -6.6521e-03 |197  0.02195  -3.7539e-03 |198  0.00922  -5.2999e-03
199  0.01062  -6.1067e-03 |200  0.01588  -1.7465e-02 |201  0.02636  -1.8662e-03
202  0.12162  -1.8759e-03 |203  0.11722  -9.7099e-04 |204  0.09820  -1.6450e-03
205 -0.05130  -9.3203e-04 |206 -0.11774   4.3506e-04 |207 -0.13659  -6.5286e-04
208 -0.08221  -2.4213e-03 |209 -0.04105  -3.1617e-03 |210  0.06655  -1.7489e-03
211 -1.05126   5.4800e-05 |212 -0.05626   2.1331e-02 |213  0.03595  -2.9369e-03
214 -0.01406  -8.6765e-09 |215 -0.65600   9.0772e-04 |216 -0.84564   2.5723e-03
217  0.01751   7.5371e-03 |218 -0.16317  -1.1456e-04 |219 -0.24938  -2.3261e-04
220 -0.05392   5.5091e-04 |221  0.03626  -4.8881e-04 |222 -0.00160   1.0405e-03
223  0.00863   1.4548e-03 |224 -0.02864   6.2385e-04 |225 -0.03603   3.6606e-04
226  0.08975  -1.4230e-03 |227  0.07006  -1.5954e-03 |228  0.19540  -1.5014e-03
229  0.10415  -5.7890e-04 |230  0.09831  -2.1268e-03 |231  0.04947  -1.5204e-03
232  0.05761  -1.5471e-03 |233  0.06400  -2.3388e-03 |234  0.12740   5.2840e-04
235 -0.11617   7.6534e-06 |236 -0.12359   1.4761e-04 |237  0.00598   1.3771e-03
238  0.02565  -8.5790e-04 |239 -0.11253  -7.7723e-04 |240 -0.15101   8.1320e-04
241 -0.06596   6.4605e-04 |242  0.01206   6.7194e-04 |243  0.04318  -7.7625e-04
244 -0.02341  -2.1922e-03 |245 -0.12254  -1.2789e-03 |246 -0.23360   3.2832e-04
247 -0.10360   2.1362e-03 |248  0.00245   2.1458e-03 |249  0.05282  -2.8362e-04
250  0.08311  -4.6312e-04 |251  0.05585  -4.8922e-04 |252 -0.01657  -3.1342e-03
253 -0.00238  -3.0060e-03 |254  0.13240  -4.0002e-03 |255  0.19825  -2.9263e-03
256  0.23274  -2.6842e-03 |257 -0.14572  -2.0663e-03 |258  0.09621  -1.4402e-02
259  0.14960  -2.2290e-03 |260 -1.13210  -1.0662e-02 |261 -0.84439  -1.8216e-02
262 -0.80008  -2.1393e-03 |263  0.00395  -5.8257e-03 |264  0.53285  -3.9015e-03
265 -0.51479  -4.0227e-03 |266  0.59438  -3.4658e-03 |267  0.04804  -5.8092e-03
268 -0.33721  -5.0275e-03 |269  0.66347  -2.9381e-03 |270 -0.36840  -4.8773e-03
271  0.45317  -4.4110e-03 |272  0.41140  -4.6511e-03 |273 -0.64517  -3.0817e-03
274 -0.36338  -4.9023e-03 |275 -0.57878  -3.5796e-03 |276  0.10797  -5.7422e-03
277  0.61142  -3.3392e-03 |278  0.36382  -4.9001e-03 |279 -0.12659  -5.7110e-03
280 -0.56357  -3.6884e-03 |281 -0.17461  -5.6081e-03 |282 -0.09357  -5.7630e-03
283  0.14831  -5.6684e-03 |284 -0.41989  -4.6040e-03 |285 -0.22498  -5.4658e-03
286 -0.08649  -5.7721e-03 |287 -0.53298  -3.9007e-03 |288 -0.26696  -5.3211e-03
289  0.64283  -3.0997e-03 |290 -0.66228  -2.9477e-03 |291  0.17209  -5.6143e-03
292  0.17765  -5.6005e-03 |293 -0.10933  -5.7401e-03 |294  0.11763  -5.7267e-03
295  0.36529  -4.8928e-03 |296 -0.43878  -4.4960e-03 |297 -0.11917  -5.7241e-03
298  0.27665  -5.2843e-03 |299  0.31318  -5.1349e-03 |300  0.44611  -4.4530e-03
301 -0.03222  -5.8184e-03 |302  0.21540  -5.4955e-03 |303  0.47186  -2.6655e-02
304  0.08845  -8.2704e-04 |305 -0.90724   2.1764e-02 |306  0.25189  -7.4384e-04
307 -0.87921   1.0170e-01 |308 -0.52475   3.0052e-03 |
19.6095 7.17257 68.8907 45.0933 
11.1742 11.1742 48.9556 49.8751 
6.2892 9.27965 0 1.17121 11.3285 
0 2.00668 0 0 0.443188 19.3615 0 
19.6097 7.17231 68.8908 45.0932 
11.1742 11.1742 48.9557 49.8751 
6.2891 9.27948 0 1.17124 11.3285 
0 2.00678 0 0 0.443187 19.3615 0 
19.6099 7.17213 68.8907 45.0931 
11.1742 11.1742 48.9557 49.8751 
6.28903 9.27943 0 1.17128 11.3285 
0 2.00682 0 0 0.443188 19.3617 0 
19.61 7.1721 68.8906 45.0931 
11.1741 11.1741 48.9557 49.8751 
6.28899 9.27952 0 1.17132 11.3284 
0 2.00679 0 0 0.44319 19.3618 0 
19.6102 7.17222 68.8905 45.0931 
11.174 11.174 48.9556 49.8751 
6.28897 9.27965 0 1.17134 11.3282 
0 2.00671 0 0 0.443193 19.3619 0 
19.6102 7.17246 68.8904 45.0931 
11.1739 11.1739 48.9554 49.8752 
6.28896 9.27979 0 1.17135 11.3281 
0 2.00661 0 0 0.443196 19.3618 0 
19.6103 7.17273 68.8906 45.0931 
11.1739 11.1739 48.955 49.8753 
6.28898 9.27984 0 1.17134 11.3279 
0 2.00654 0 0 0.443198 19.3618 0 
19.6102 7.17295 68.8909 45.093 
11.1739 11.1739 48.9546 49.8756 
6.28902 9.27977 0 1.17133 11.3277 
0 2.00653 0 0 0.443198 19.3616 0 
19.6102 7.173 68.8914 45.0928 
11.174 11.174 48.9543 49.8758 
6.28907 9.2796 0 1.17133 11.3277 
0 2.00659 0 0 0.443197 19.3615 0 
19.6101 7.17293 68.8917 45.0926 
11.174 11.174 48.9542 49.8759 
6.2891 9.27946 0 1.17135 11.3277 
0 2.00665 0 0 0.443193 19.3614 0 
308 variables; iteration 630; function evaluation 698; phase 1
Function value   3.0852645e+02; maximum gradient component mag   8.5094e-02
Var   Value    Gradient   |Var   Value    Gradient   |Var   Value    Gradient
  1  0.13529   5.9343e-04 |  2  0.18566   1.2653e-03 |  3  0.18943   5.7924e-03
  4  0.19623   3.0019e-03 |  5  0.19479   9.8622e-06 |  6  0.19102   2.8046e-03
  7  0.17749   6.7101e-04 |  8  0.17352  -1.4121e-03 |  9  0.17224  -1.4296e-03
 10  0.14827   8.1055e-04 | 11 -2.12461  -2.0618e-04 | 12  0.12661   1.9279e-03
 13  0.10248   3.4790e-03 | 14 -2.05680   6.8385e-05 | 15 -1.98865   9.9963e-05
 16 -0.09823   2.7851e-05 | 17 -0.15689  -7.9888e-04 | 18 -0.23296   5.2828e-05
 19 -0.26636   2.1930e-04 | 20 -0.97751  -2.2760e-04 | 21 -1.00891   1.6254e-05
 22 -2.09919   5.5653e-04 | 23 -0.17609  -1.6111e-05 | 24  0.01110   6.0273e-05
 25  0.08381   1.1618e-04 | 26  0.12645  -1.3771e-04 | 27  0.15289   1.2121e-03
 28  0.15537   3.6391e-04 | 29  0.14993   1.1229e-04 | 30  0.15174  -5.0160e-04
 31  0.15595  -1.2058e-03 | 32  0.14786   1.1756e-03 | 33  0.12930  -8.3524e-04
 34  0.11272   3.8917e-04 | 35  0.12252   5.8742e-04 | 36  0.11946  -5.9072e-04
 37  0.08906  -1.0125e-03 | 38  0.05221  -6.9889e-05 | 39  0.00762  -1.1151e-04
 40 -0.03836  -5.0004e-04 | 41 -0.09449   3.2276e-05 | 42 -1.84637  -2.9930e-05
 43 -0.01882  -5.9989e-03 | 44 -0.06621  -3.7191e-03 | 45 -0.08985  -1.1837e-02
 46 -0.16759  -2.3031e-03 | 47 -0.18356  -1.7387e-03 | 48 -0.14568  -1.3810e-03
 49 -0.10800  -1.3260e-03 | 50 -0.06493   1.3034e-03 | 51 -0.02809  -4.5883e-04
 52  0.01402  -1.6574e-03 | 53 -0.00467  -1.3970e-03 | 54  0.02987  -1.4152e-03
 55  0.02149  -1.6216e-03 | 56  0.03654   7.0144e-04 | 57  0.08913   9.3811e-05
 58  0.10963   1.2258e-03 | 59  0.03568  -4.7304e-04 | 60 -0.10961  -1.2969e-03
 61 -0.07251  -1.5882e-03 | 62  0.03644  -5.6404e-03 | 63 -0.02361  -9.5457e-04
 64 -0.04560  -7.8936e-04 | 65 -0.05262  -3.5145e-03 | 66 -0.04139  -1.8527e-03
 67 -0.06584   1.1995e-03 | 68 -0.05133   1.2826e-03 | 69 -0.07280   6.6656e-04
 70 -0.06105   3.2859e-04 | 71  0.05229   1.2520e-03 | 72  0.04576   2.7875e-03
 73  0.00359   3.7500e-03 | 74 -0.00363   5.5059e-04 | 75  0.09888   1.9093e-03
 76  0.08113   6.1727e-04 | 77 -0.02147   2.7360e-03 | 78 -0.05935  -1.5692e-03
 79  0.08385   3.0617e-03 | 80  0.31550  -1.5282e-03 | 81 -2.99969  -1.9435e-05
 82 -0.12531  -4.1911e-04 | 83 -0.04302  -4.8938e-04 | 84 -2.04168  -2.9742e-04
 85 -0.03795  -1.2848e-04 | 86  0.09500  -4.6462e-04 | 87  0.21437  -8.9366e-04
 88 -0.08745   5.6968e-04 | 89 -0.20747   5.2164e-04 | 90 -0.15130   1.4034e-04
 91 -0.04384  -1.1049e-04 | 92 -0.01889   5.6914e-04 | 93  0.03690   3.3801e-04
 94  0.16127   2.1612e-04 | 95  0.01228   1.3175e-03 | 96 -0.00187   9.5799e-04
 97  0.01432   1.2694e-04 | 98  0.09804  -1.1995e-03 | 99  0.08634   3.6471e-04
100  0.08797  -1.9701e-04 |101  0.10986   9.6134e-04 |102 -0.07695   8.3821e-04
103 -0.10201   7.3719e-04 |104  0.05475   8.5794e-04 |105  0.03653  -1.3070e-03
106 -0.04783  -4.9642e-04 |107 -0.05978   3.6815e-04 |108 -2.06808   1.0079e-03
109  0.09998   6.8280e-04 |110  0.08576  -4.3585e-04 |111  0.00721   9.1982e-04
112 -0.12850   7.5885e-04 |113 -0.14086   8.1760e-04 |114 -1.96328   6.5257e-04
115  0.11465   7.9136e-04 |116  0.02090   1.0802e-03 |117  0.09435   1.0047e-03
118  0.04363   6.6102e-04 |119 -0.01236   6.0645e-04 |120  0.00405   3.0271e-04
121  0.12983   2.7939e-04 |122  1.79900   2.5447e-03 |123 -1.00013   5.4905e-04
124  0.10788   5.0718e-04 |125 -0.01649   2.8651e-04 |126  2.17379   5.2062e-04
127 -0.57910   4.7865e-05 |128  2.56751  -4.9008e-05 |129  1.85283  -7.6772e-05
130 -0.58873   4.6903e-05 |131  3.71149   7.0632e-05 |132  0.68998   3.7605e-05
133 -2.78781  -2.6907e-05 |134  0.62620   4.4232e-05 |135 -0.20640   7.4539e-05
136  3.07540   6.0082e-06 |137 -1.42793  -4.8560e-05 |138 -0.20342   7.4658e-05
139  0.60784   4.6070e-05 |140  0.63966   4.2863e-05 |141 -3.40961   4.7783e-05
142 -0.54643   5.1041e-05 |143 -0.42241   6.1754e-05 |144 -3.22865   2.8735e-05
145 -1.61697  -6.4672e-05 |146  1.76130  -7.3457e-05 |147 -0.82252   2.0306e-05
148 -3.28898   3.5347e-05 |149 -1.03502   2.8019e-06 |150  2.47166  -5.7767e-05
151 -0.24270   7.2962e-05 |152 -2.90782  -1.4060e-05 |153 -0.67805   3.7452e-05
154  1.26256  -3.2473e-05 |155  0.52268   5.4104e-05 |156 -1.51676  -5.6777e-05
157  1.43269  -4.9999e-05 |158 -0.76727   2.7134e-05 |159  0.20399   7.4896e-05
160  0.75753   3.0264e-05 |161  0.71648   3.4757e-05 |162 -0.15282   7.6420e-05
163  0.28507   7.1197e-05 |164  0.51586   5.4710e-05 |165  1.45854  -5.2406e-05
166  3.67927   6.8771e-05 |167 -1.05631  -2.5313e-06 |168 -0.45139   5.9452e-05
169  0.01043   8.5094e-02 |170  0.00946   1.3307e-02 |171  0.00781   2.6200e-03
172  0.03141   3.2766e-03 |173  0.07920   1.3765e-03 |174  0.03933  -1.0593e-03
175  0.03731  -1.7608e-03 |176  0.01530   1.0189e-04 |177  0.03652  -9.1457e-04
178  0.10077   5.7828e-03 |179  0.12243   2.5502e-03 |180  0.11247  -9.7817e-04
181  0.05822   5.4573e-04 |182 -0.02212   1.4972e-03 |183 -0.02959   8.9275e-04
184 -0.00970   7.8567e-05 |185 -0.00805   1.5157e-03 |186 -0.01796   6.4583e-03
187 -0.04107   2.4181e-03 |188 -0.02735   1.2652e-03 |189  0.02754   3.0383e-03
190  0.03184   1.1702e-03 |191  0.03105   4.6254e-03 |192  0.02261   6.7111e-04
193 -0.01973  -2.6806e-03 |194 -0.07203   9.6119e-05 |195  0.00234  -7.8224e-04
196  0.05974   3.7067e-04 |197  0.02195  -2.1925e-04 |198  0.00922  -2.7347e-03
199  0.01061   1.4278e-03 |200  0.01588  -3.6188e-04 |201  0.02635   1.4961e-03
202  0.12163   1.4417e-03 |203  0.11723  -3.4358e-03 |204  0.09820   8.7567e-04
205 -0.05129   1.8372e-03 |206 -0.11776  -3.7988e-04 |207 -0.13658  -8.4492e-06
208 -0.08221   1.0565e-03 |209 -0.04105   3.5008e-04 |210  0.06655  -3.8953e-05
211 -1.05125  -4.4721e-06 |212 -0.05626  -1.9913e-02 |213  0.03594  -2.3802e-02
214 -0.01406  -8.6756e-09 |215 -0.65599   2.4293e-03 |216 -0.84563   2.7183e-03
217  0.01750   4.0163e-03 |218 -0.16317  -3.8746e-04 |219 -0.24938   4.5829e-04
220 -0.05392   7.6723e-04 |221  0.03626  -2.3692e-04 |222 -0.00160   6.4279e-04
223  0.00863   8.2846e-04 |224 -0.02864   1.1738e-03 |225 -0.03603   5.8559e-05
226  0.08974  -7.9972e-04 |227  0.07006  -5.6767e-04 |228  0.19541  -5.2904e-04
229  0.10415  -2.4712e-04 |230  0.09830  -4.7538e-04 |231  0.04946   3.9925e-04
232  0.05760  -2.5302e-04 |233  0.06401  -2.5630e-04 |234  0.12739   9.6450e-05
235 -0.11618  -8.3673e-04 |236 -0.12359  -6.1982e-04 |237  0.00598  -1.1909e-03
238  0.02565   1.7742e-04 |239 -0.11253   2.3361e-04 |240 -0.15102   4.7007e-04
241 -0.06597   2.5052e-04 |242  0.01206   6.2270e-04 |243  0.04318   9.8460e-05
244 -0.02342  -2.6649e-04 |245 -0.12253  -2.9014e-04 |246 -0.23359  -4.7174e-04
247 -0.10359  -4.8064e-04 |248  0.00245  -1.7581e-04 |249  0.05282  -4.9953e-04
250  0.08311  -2.5853e-04 |251  0.05586  -5.7542e-04 |252 -0.01656  -1.1922e-03
253 -0.00237  -6.7245e-04 |254  0.13242  -8.7178e-05 |255  0.19826   5.1605e-05
256  0.23275  -5.0240e-04 |257 -0.14571  -1.0995e-03 |258  0.09621  -2.4992e-03
259  0.14960  -3.2715e-03 |260 -1.13210   9.9386e-04 |261 -0.84439   1.6441e-02
262 -0.79998  -3.0389e-04 |263  0.00390  -4.3906e-03 |264  0.53303  -2.9394e-03
265 -0.51504  -3.0305e-03 |266  0.59444  -2.6116e-03 |267  0.04800  -4.3782e-03
268 -0.33735  -3.7885e-03 |269  0.66359  -2.2136e-03 |270 -0.36836  -3.6759e-03
271  0.45330  -3.3238e-03 |272  0.41153  -3.5048e-03 |273 -0.64518  -2.3224e-03
274 -0.36347  -3.6943e-03 |275 -0.57891  -2.6970e-03 |276  0.10802  -4.3276e-03
277  0.61141  -2.5166e-03 |278  0.36373  -3.6933e-03 |279 -0.12663  -4.3041e-03
280 -0.56353  -2.7799e-03 |281 -0.17470  -4.2264e-03 |282 -0.09356  -4.3433e-03
283  0.14854  -4.2716e-03 |284 -0.41985  -3.4700e-03 |285 -0.22496  -4.1194e-03
286 -0.08651  -4.3502e-03 |287 -0.53304  -2.9394e-03 |288 -0.26690  -4.0104e-03
289  0.64282  -2.3361e-03 |290 -0.66230  -2.2214e-03 |291  0.17208  -4.2312e-03
292  0.17759  -4.2209e-03 |293 -0.10936  -4.3260e-03 |294  0.11759  -4.3159e-03
295  0.36532  -3.6873e-03 |296 -0.43880  -3.3884e-03 |297 -0.11908  -4.3141e-03
298  0.27667  -3.9825e-03 |299  0.31322  -3.8698e-03 |300  0.44599  -3.3565e-03
301 -0.03216  -4.3850e-03 |302  0.21534  -4.1418e-03 |303  0.47187  -1.9719e-03
304  0.08844  -3.9684e-03 |305 -0.90724  -1.2596e-02 |306  0.25190  -1.3289e-03
307 -0.87921   8.6652e-03 |308 -0.52475  -5.8774e-03 |
19.6101 7.17283 68.8918 45.0924 
11.174 11.174 48.9542 49.8759 
6.2891 9.2794 0 1.17136 11.3278 
0 2.00669 0 0 0.443191 19.3614 0 
19.6101 7.17274 68.8918 45.0924 
11.174 11.174 48.9543 49.8758 
6.28906 9.27939 0 1.17137 11.3279 
0 2.0067 0 0 0.443189 19.3615 0 
19.6102 7.17265 68.8918 45.0924 
11.174 11.174 48.9544 49.8757 
6.289 9.27941 0 1.17136 11.3281 
0 2.00669 0 0 0.443188 19.3615 0 
19.6102 7.17258 68.8917 45.0924 
11.174 11.174 48.9545 49.8756 
6.2889 9.27945 0 1.17134 11.3282 
0 2.00667 0 0 0.443187 19.3616 0 
19.6103 7.17252 68.8916 45.0925 
11.1741 11.1741 48.9546 49.8756 
6.28881 9.27947 0 1.17131 11.3282 
0 2.00665 0 0 0.443187 19.3616 0 
19.6103 7.17249 68.8916 45.0926 
11.1742 11.1742 48.9547 49.8755 
6.28875 9.27946 0 1.17128 11.3282 
0 2.00665 0 0 0.443187 19.3616 0 
19.6103 7.17245 68.8917 45.0926 
11.1742 11.1742 48.9547 49.8755 
6.28871 9.27943 0 1.17127 11.3281 
0 2.00667 0 0 0.443187 19.3615 0 
19.6103 7.17242 68.8918 45.0927 
11.1743 11.1743 48.9546 49.8755 
6.28867 9.27938 0 1.17126 11.3281 
0 2.00669 0 0 0.443186 19.3614 0 
19.6103 7.17237 68.8919 45.0928 
11.1743 11.1743 48.9546 49.8756 
6.28862 9.27932 0 1.17126 11.3281 
0 2.00673 0 0 0.443184 19.3613 0 
19.6103 7.17233 68.892 45.0928 
11.1743 11.1743 48.9545 49.8757 
6.28856 9.27926 0 1.17125 11.3281 
0 2.00676 0 0 0.443181 19.3612 0 
308 variables; iteration 640; function evaluation 708; phase 1
Function value   3.0852645e+02; maximum gradient component mag   1.8763e-02
Var   Value    Gradient   |Var   Value    Gradient   |Var   Value    Gradient
  1  0.13529  -1.5396e-04 |  2  0.18567   1.0307e-03 |  3  0.18943   2.7384e-03
  4  0.19623  -3.3906e-04 |  5  0.19479   1.6219e-04 |  6  0.19102  -3.0407e-04
  7  0.17749   1.9279e-03 |  8  0.17352  -4.1745e-04 |  9  0.17225   1.4472e-03
 10  0.14827  -4.2628e-03 | 11 -2.12461   1.2718e-03 | 12  0.12661   2.7971e-03
 13  0.10248   1.5698e-03 | 14 -2.05680   3.3173e-04 | 15 -1.98865   1.2215e-03
 16 -0.09824  -2.7439e-04 | 17 -0.15683  -4.3545e-04 | 18 -0.23296   5.3734e-05
 19 -0.26653   1.3357e-04 | 20 -0.97722  -2.3043e-04 | 21 -1.00914   1.6279e-05
 22 -2.09920  -3.1225e-04 | 23 -0.17613  -3.3438e-05 | 24  0.01110   1.9090e-04
 25  0.08381   4.2754e-04 | 26  0.12645  -3.7759e-04 | 27  0.15289   1.5121e-03
 28  0.15537   7.1653e-04 | 29  0.14993  -4.6801e-04 | 30  0.15175  -1.4092e-03
 31  0.15595   5.4398e-04 | 32  0.14786   2.9309e-04 | 33  0.12930  -6.4586e-04
 34  0.11272  -6.9913e-04 | 35  0.12252  -1.6250e-03 | 36  0.11946  -2.5586e-03
 37  0.08906  -6.7203e-04 | 38  0.05222   2.2357e-03 | 39  0.00762  -4.7446e-04
 40 -0.03836  -1.2784e-03 | 41 -0.09449   3.2268e-05 | 42 -1.84639  -3.9913e-04
 43 -0.01880  -2.8531e-03 | 44 -0.06622  -2.2832e-03 | 45 -0.08978  -5.0205e-03
 46 -0.16759  -7.8409e-04 | 47 -0.18357  -1.3318e-03 | 48 -0.14566   1.4479e-03
 49 -0.10799   1.4912e-03 | 50 -0.06495   1.5189e-03 | 51 -0.02809   1.0366e-03
 52  0.01404   1.8190e-03 | 53 -0.00467   4.6894e-05 | 54  0.02985  -1.0777e-03
 55  0.02151   1.1627e-03 | 56  0.03652   1.4781e-03 | 57  0.08914   2.3630e-03
 58  0.10963   3.3270e-03 | 59  0.03568   1.9558e-03 | 60 -0.10960   7.9005e-04
 61 -0.07250   1.3605e-03 | 62  0.03646  -7.7395e-04 | 63 -0.02363  -7.0848e-05
 64 -0.04560   5.5382e-04 | 65 -0.05259   1.5860e-04 | 66 -0.04138   8.3891e-04
 67 -0.06586   1.2326e-03 | 68 -0.05134   2.4869e-03 | 69 -0.07279   2.7399e-03
 70 -0.06105   1.5090e-03 | 71  0.05230   2.3448e-03 | 72  0.04574   6.5160e-04
 73  0.00355   3.8453e-04 | 74 -0.00362   3.3607e-04 | 75  0.09887  -5.7205e-04
 76  0.08111  -2.1664e-03 | 77 -0.02148   1.9062e-03 | 78 -0.05934  -1.6162e-04
 79  0.08382   1.3984e-03 | 80  0.31550  -1.4766e-03 | 81 -2.99976  -4.5424e-04
 82 -0.12531   5.1110e-04 | 83 -0.04302   2.5381e-04 | 84 -2.04166  -3.0104e-04
 85 -0.03792  -9.8408e-05 | 86  0.09500  -8.6323e-04 | 87  0.21437  -3.5882e-04
 88 -0.08747  -5.2720e-04 | 89 -0.20748  -8.2683e-04 | 90 -0.15131  -1.1239e-03
 91 -0.04383  -4.8373e-04 | 92 -0.01890  -5.1418e-04 | 93  0.03689  -1.1916e-03
 94  0.16127  -2.5269e-05 | 95  0.01227   2.3383e-04 | 96 -0.00189  -5.9666e-04
 97  0.01432  -1.5034e-03 | 98  0.09804  -2.1453e-03 | 99  0.08634  -1.1693e-03
100  0.08797  -1.5363e-03 |101  0.10986  -6.7785e-04 |102 -0.07695  -6.2062e-04
103 -0.10202  -5.5873e-04 |104  0.05473  -5.7324e-04 |105  0.03655  -5.1005e-04
106 -0.04783  -7.3427e-04 |107 -0.05980  -1.0909e-03 |108 -2.06809   1.2040e-03
109  0.09997  -1.1286e-03 |110  0.08575  -2.1210e-03 |111  0.00720  -1.3748e-04
112 -0.12850  -3.0865e-04 |113 -0.14086  -1.6571e-05 |114 -1.96328   7.6756e-04
115  0.11465   4.9292e-04 |116  0.02088  -1.0438e-03 |117  0.09435  -8.1958e-04
118  0.04366  -9.8846e-05 |119 -0.01233  -1.7983e-04 |120  0.00406  -7.6026e-04
121  0.12982  -1.0544e-03 |122  1.79900   1.4789e-05 |123 -1.00014   2.0164e-04
124  0.10788  -7.2668e-04 |125 -0.01648  -4.5017e-04 |126  2.17376   4.9269e-04
127 -0.57905  -4.4204e-05 |128  2.56748   4.5198e-05 |129  1.85273   6.9173e-05
130 -0.58869  -4.3364e-05 |131  3.71145  -6.4167e-05 |132  0.68994  -3.2563e-05
133 -2.78783   2.2145e-05 |134  0.62635  -3.8818e-05 |135 -0.20649  -6.7582e-05
136  3.07537  -1.1706e-05 |137 -1.42794   4.4806e-05 |138 -0.20345  -6.7688e-05
139  0.60779  -4.0565e-05 |140  0.63964  -3.7545e-05 |141 -3.40956  -4.2164e-05
142 -0.54638  -4.6977e-05 |143 -0.42237  -5.6372e-05 |144 -3.22860  -2.3961e-05
145 -1.61682   5.8925e-05 |146  1.76130   6.6062e-05 |147 -0.82251  -2.0956e-05
148 -3.28894  -3.0395e-05 |149 -1.03512   1.1035e-05 |150  2.47167   5.2866e-05
151 -0.24275  -6.6207e-05 |152 -2.90781   7.5755e-06 |153 -0.67809  -3.5179e-05
154  1.26255   2.7625e-05 |155  0.52263  -4.8077e-05 |156 -1.51676   5.1998e-05
157  1.43266   4.4239e-05 |158 -0.76729  -2.6463e-05 |159  0.20392  -6.7411e-05
160  0.75757  -2.5467e-05 |161  0.71652  -2.9827e-05 |162 -0.15270  -6.9219e-05
163  0.28507  -6.3956e-05 |164  0.51585  -4.8638e-05 |165  1.45858   4.6493e-05
166  3.67920  -6.2532e-05 |167 -1.05636   1.0716e-05 |168 -0.45134  -5.4351e-05
169  0.01043  -1.3617e-02 |170  0.00947   1.0427e-02 |171  0.00781  -2.8499e-03
172  0.03141   2.0882e-03 |173  0.07920   1.7713e-03 |174  0.03933  -5.5057e-03
175  0.03731  -5.1565e-03 |176  0.01530  -5.1757e-05 |177  0.03652   5.3049e-04
178  0.10077   2.5572e-03 |179  0.12243  -1.1515e-03 |180  0.11247   1.0220e-03
181  0.05822  -7.9416e-03 |182 -0.02212   2.0422e-03 |183 -0.02959  -1.8378e-03
184 -0.00970  -1.3101e-03 |185 -0.00805  -3.7389e-04 |186 -0.01796  -7.0154e-04
187 -0.04107  -1.7734e-03 |188 -0.02734  -1.1562e-04 |189  0.02754   6.6363e-03
190  0.03184  -8.9232e-04 |191  0.03105   5.2424e-04 |192  0.02261  -3.9643e-03
193 -0.01973  -3.3979e-03 |194 -0.07203   7.3632e-05 |195  0.00234  -1.6955e-03
196  0.05974  -1.0869e-03 |197  0.02195  -8.6419e-04 |198  0.00922  -8.6333e-04
199  0.01061  -3.9830e-05 |200  0.01587   7.4299e-04 |201  0.02635  -9.0799e-05
202  0.12162   3.5471e-03 |203  0.11723   3.6101e-04 |204  0.09820  -2.3443e-03
205 -0.05130  -1.7040e-03 |206 -0.11774  -5.2617e-04 |207 -0.13658  -5.7986e-04
208 -0.08221   1.5105e-03 |209 -0.04105   6.3865e-04 |210  0.06655  -1.4380e-03
211 -1.05126   1.5275e-05 |212 -0.05626   1.7658e-04 |213  0.03595  -6.6827e-03
214 -0.01406  -8.6749e-09 |215 -0.65600   7.7258e-04 |216 -0.84564  -5.3047e-04
217  0.01749  -5.7813e-03 |218 -0.16317  -7.8953e-04 |219 -0.24938   4.8141e-04
220 -0.05392   6.7067e-04 |221  0.03626   4.3983e-04 |222 -0.00160   5.2390e-04
223  0.00863   9.5055e-04 |224 -0.02864   1.1183e-03 |225 -0.03603  -4.3409e-04
226  0.08974  -3.6647e-05 |227  0.07006  -9.2108e-05 |228  0.19541   1.6102e-04
229  0.10415   2.8793e-04 |230  0.09830   1.2705e-03 |231  0.04946   1.1392e-03
232  0.05760  -1.8466e-05 |233  0.06401   6.9262e-04 |234  0.12739   6.4884e-04
235 -0.11617   3.2384e-04 |236 -0.12359   4.1845e-04 |237  0.00598   1.3131e-04
238  0.02565   1.4001e-04 |239 -0.11253   2.0030e-04 |240 -0.15101   4.7614e-04
241 -0.06597   2.2834e-04 |242  0.01206   1.5290e-03 |243  0.04318   8.8798e-04
244 -0.02342   3.7608e-04 |245 -0.12253   6.8878e-04 |246 -0.23358   5.7652e-04
247 -0.10359  -5.2075e-04 |248  0.00245  -6.5281e-04 |249  0.05281  -3.8011e-04
250  0.08310   1.5661e-04 |251  0.05586   1.4094e-03 |252 -0.01655   1.0493e-03
253 -0.00236   3.7210e-04 |254  0.13241   1.9448e-04 |255  0.19825   3.5142e-04
256  0.23274  -1.2858e-04 |257 -0.14571   1.3278e-03 |258  0.09621   1.8763e-02
259  0.14960   2.9501e-04 |260 -1.13210   8.6503e-03 |261 -0.84439   3.3812e-03
262 -0.79996  -1.3792e-03 |263  0.00390  -7.4045e-03 |264  0.53309  -4.9567e-03
265 -0.51511  -5.1101e-03 |266  0.59442  -4.4047e-03 |267  0.04797  -7.3836e-03
268 -0.33737  -6.3890e-03 |269  0.66354  -3.7337e-03 |270 -0.36836  -6.1993e-03
271  0.45328  -5.6056e-03 |272  0.41160  -5.9102e-03 |273 -0.64512  -3.9172e-03
274 -0.36343  -6.2305e-03 |275 -0.57891  -4.5484e-03 |276  0.10801  -7.2983e-03
277  0.61136  -4.2447e-03 |278  0.36367  -6.2289e-03 |279 -0.12665  -7.2586e-03
280 -0.56351  -4.6884e-03 |281 -0.17472  -7.1275e-03 |282 -0.09351  -7.3249e-03
283  0.14863  -7.2037e-03 |284 -0.41979  -5.8524e-03 |285 -0.22494  -6.9472e-03
286 -0.08648  -7.3364e-03 |287 -0.53305  -4.9572e-03 |288 -0.26684  -6.7637e-03
289  0.64279  -3.9401e-03 |290 -0.66223  -3.7470e-03 |291  0.17206  -7.1358e-03
292  0.17755  -7.1185e-03 |293 -0.10940  -7.2956e-03 |294  0.11757  -7.2787e-03
295  0.36528  -6.2188e-03 |296 -0.43875  -5.7147e-03 |297 -0.11906  -7.2755e-03
298  0.27668  -6.7162e-03 |299  0.31323  -6.5262e-03 |300  0.44593  -5.6611e-03
301 -0.03214  -7.3952e-03 |302  0.21526  -6.9854e-03 |303  0.47187   1.4878e-03
304  0.08844  -1.2773e-03 |305 -0.90724   2.1672e-03 |306  0.25190   5.6247e-03
307 -0.87921   2.1106e-03 |308 -0.52475  -1.4017e-03 |
19.6103 7.17233 68.892 45.0928 
11.1744 11.1744 48.9545 49.8758 
6.28851 9.27923 0 1.17123 11.3281 
0 2.00676 0 0 0.443179 19.3612 0 
19.6102 7.17237 68.892 45.0928 
11.1744 11.1744 48.9544 49.8759 
6.28847 9.27925 0 1.1712 11.3282 
0 2.00675 0 0 0.443179 19.3613 0 
19.6102 7.17241 68.8918 45.0927 
11.1744 11.1744 48.9545 49.8758 
6.28847 9.27928 0 1.17116 11.3282 
0 2.00672 0 0 0.443181 19.3615 0 
19.6102 7.17244 68.8918 45.0927 
11.1745 11.1745 48.9545 49.8758 
6.28849 9.2793 0 1.17113 11.3282 
0 2.00671 0 0 0.443185 19.3616 0 
19.6101 7.17244 68.8917 45.0926 
11.1745 11.1745 48.9545 49.8757 
6.28851 9.2793 0 1.17112 11.3282 
0 2.00671 0 0 0.443187 19.3617 0 
19.6101 7.17243 68.8917 45.0926 
11.1745 11.1745 48.9545 49.8757 
6.28852 9.27929 0 1.17112 11.3281 
0 2.00672 0 0 0.44319 19.3617 0 
19.6101 7.17241 68.8917 45.0926 
11.1746 11.1746 48.9545 49.8757 
6.28854 9.27927 0 1.17113 11.3281 
0 2.00673 0 0 0.44319 19.3617 0 
19.6102 7.1724 68.8918 45.0926 
11.1746 11.1746 48.9545 49.8757 
6.28854 9.27926 0 1.17115 11.3281 
0 2.00673 0 0 0.44319 19.3617 0 
19.6102 7.17241 68.8918 45.0926 
11.1745 11.1745 48.9545 49.8757 
6.28854 9.27926 0 1.17117 11.3282 
0 2.00672 0 0 0.443188 19.3617 0 
19.6102 7.17242 68.8918 45.0926 
11.1745 11.1745 48.9545 49.8757 
6.28854 9.27926 0 1.17118 11.3282 
0 2.00671 0 0 0.443187 19.3616 0 
308 variables; iteration 650; function evaluation 718; phase 1
Function value   3.0852645e+02; maximum gradient component mag   2.2956e-02
Var   Value    Gradient   |Var   Value    Gradient   |Var   Value    Gradient
  1  0.13530   4.3628e-04 |  2  0.18567   7.3443e-04 |  3  0.18943  -2.9863e-04
  4  0.19624   1.2656e-03 |  5  0.19479   2.5239e-04 |  6  0.19102  -9.1783e-05
  7  0.17749   2.2997e-04 |  8  0.17353  -1.9428e-04 |  9  0.17225  -4.0937e-04
 10  0.14827  -4.2084e-04 | 11 -2.12461  -8.7104e-05 | 12  0.12662   6.2195e-04
 13  0.10248  -1.7202e-04 | 14 -2.05680  -1.4180e-04 | 15 -1.98865   4.4946e-06
 16 -0.09824  -2.4313e-04 | 17 -0.15677  -4.4904e-05 | 18 -0.23297   4.9361e-05
 19 -0.26669   6.4770e-05 | 20 -0.97691  -2.3353e-04 | 21 -1.00931   1.6305e-05
 22 -2.09920   2.7368e-04 | 23 -0.17605  -5.7587e-06 | 24  0.01110   3.2359e-06
 25  0.08381   3.3561e-05 | 26  0.12645  -7.9204e-05 | 27  0.15289   9.2607e-05
 28  0.15537   5.1489e-05 | 29  0.14993   9.6188e-05 | 30  0.15175   1.2529e-04
 31  0.15595   4.8559e-04 | 32  0.14786  -3.1973e-04 | 33  0.12930   1.1364e-04
 34  0.11272  -1.1345e-04 | 35  0.12252  -1.9004e-04 | 36  0.11946   4.9640e-05
 37  0.08906   2.1092e-04 | 38  0.05221  -1.3162e-04 | 39  0.00762   6.2297e-05
 40 -0.03836  -1.8551e-04 | 41 -0.09449   8.3058e-05 | 42 -1.84637   2.1975e-05
 43 -0.01878  -1.8216e-04 | 44 -0.06621  -2.5334e-05 | 45 -0.08974  -4.1849e-04
 46 -0.16758   4.0290e-04 | 47 -0.18356   4.6634e-04 | 48 -0.14567   9.6002e-04
 49 -0.10799   9.3046e-04 | 50 -0.06494   1.4563e-03 | 51 -0.02809   8.2345e-04
 52  0.01402   1.1363e-04 | 53 -0.00467   1.5468e-04 | 54  0.02986  -8.3454e-04
 55  0.02150  -7.7792e-04 | 56  0.03652  -4.9180e-04 | 57  0.08914   3.4102e-04
 58  0.10962   6.4862e-05 | 59  0.03567   2.5821e-04 | 60 -0.10961   8.6772e-04
 61 -0.07251   9.2281e-04 | 62  0.03650   2.4336e-03 | 63 -0.02364   1.0886e-03
 64 -0.04561   1.9245e-03 | 65 -0.05257   2.7677e-03 | 66 -0.04137   1.6046e-03
 67 -0.06586   1.1909e-03 | 68 -0.05135   9.3654e-04 | 69 -0.07281   8.9878e-04
 70 -0.06106   2.9597e-04 | 71  0.05228  -5.0275e-04 | 72  0.04575  -5.5116e-04
 73  0.00354  -7.1222e-04 | 74 -0.00362   3.3446e-05 | 75  0.09886  -6.1928e-04
 76  0.08114   6.5520e-04 | 77 -0.02150   9.9921e-04 | 78 -0.05933   1.0633e-03
 79  0.08381   1.2108e-03 | 80  0.31550   4.8860e-04 | 81 -2.99978  -5.3152e-04
 82 -0.12531   8.4966e-04 | 83 -0.04302   8.0072e-04 | 84 -2.04165  -5.5248e-04
 85 -0.03793  -3.5543e-04 | 86  0.09500  -3.7784e-04 | 87  0.21436  -1.2608e-04
 88 -0.08747  -3.7291e-04 | 89 -0.20748  -3.6663e-04 | 90 -0.15131  -5.1711e-04
 91 -0.04384  -4.0426e-04 | 92 -0.01890  -5.8792e-04 | 93  0.03690  -4.9440e-04
 94  0.16127  -1.7328e-04 | 95  0.01226  -4.6213e-04 | 96 -0.00189  -5.3370e-04
 97  0.01432  -4.7928e-04 | 98  0.09804  -5.4382e-04 | 99  0.08633  -8.7399e-04
100  0.08798  -4.5951e-04 |101  0.10986  -6.6984e-04 |102 -0.07695  -5.1830e-04
103 -0.10201  -3.7839e-04 |104  0.05474  -6.6612e-04 |105  0.03654  -6.5160e-04
106 -0.04783  -2.3320e-04 |107 -0.05979  -2.9201e-04 |108 -2.06809  -8.6640e-05
109  0.09995  -3.7837e-04 |110  0.08577   5.5958e-04 |111  0.00719  -3.2163e-04
112 -0.12851  -3.7730e-04 |113 -0.14086  -4.1088e-04 |114 -1.96330   1.2433e-04
115  0.11464  -6.8024e-04 |116  0.02089  -5.1990e-04 |117  0.09436  -8.9027e-04
118  0.04365  -4.2241e-04 |119 -0.01235  -5.9700e-04 |120  0.00405  -5.8587e-04
121  0.12982  -7.6785e-04 |122  1.79900   1.0119e-03 |123 -1.00017  -3.5284e-04
124  0.10788  -5.1805e-04 |125 -0.01649  -3.3820e-04 |126  2.17376   2.7548e-05
127 -0.57899  -2.7511e-05 |128  2.56746   2.8116e-05 |129  1.85266   4.2707e-05
130 -0.58867  -2.6996e-05 |131  3.71144  -3.9723e-05 |132  0.68991  -1.9840e-05
133 -2.78788   1.3247e-05 |134  0.62647  -2.3755e-05 |135 -0.20654  -4.1810e-05
136  3.07535  -8.4948e-06 |137 -1.42793   2.7875e-05 |138 -0.20348  -4.1875e-05
139  0.60777  -2.4856e-05 |140  0.63963  -2.2965e-05 |141 -3.40954  -2.5853e-05
142 -0.54634  -2.9204e-05 |143 -0.42235  -3.4952e-05 |144 -3.22857  -1.4404e-05
145 -1.61672   3.6511e-05 |146  1.76131   4.0763e-05 |147 -0.82250  -1.3474e-05
148 -3.28890  -1.8472e-05 |149 -1.03522   9.5226e-06 |150  2.47166   3.2805e-05
151 -0.24277  -4.0971e-05 |152 -2.90780   3.6532e-06 |153 -0.67809  -2.2009e-05
154  1.26256   1.6728e-05 |155  0.52260  -2.9548e-05 |156 -1.51676   3.2273e-05
157  1.43264   2.7149e-05 |158 -0.76729  -1.6744e-05 |159  0.20387  -4.1607e-05
160  0.75759  -1.5361e-05 |161  0.71655  -1.8115e-05 |162 -0.15264  -4.2810e-05
163  0.28502  -3.9450e-05 |164  0.51585  -2.9897e-05 |165  1.45860   2.8559e-05
166  3.67913  -3.8721e-05 |167 -1.05639   8.3117e-06 |168 -0.45133  -3.3714e-05
169  0.01043   2.2956e-02 |170  0.00947   3.9750e-04 |171  0.00782  -9.5200e-05
172  0.03141   1.4412e-03 |173  0.07920   1.0279e-03 |174  0.03933  -9.2606e-04
175  0.03731  -7.6172e-04 |176  0.01530   3.1082e-04 |177  0.03652   4.2549e-04
178  0.10077   1.3267e-03 |179  0.12243   7.6858e-04 |180  0.11247   1.1403e-03
181  0.05822   1.0464e-03 |182 -0.02212   3.9160e-04 |183 -0.02959  -4.3856e-04
184 -0.00970   4.4864e-04 |185 -0.00805   1.0700e-03 |186 -0.01796  -7.1694e-04
187 -0.04107  -5.7446e-04 |188 -0.02734  -8.1416e-04 |189  0.02754  -1.4744e-03
190  0.03184  -2.5427e-03 |191  0.03105  -3.3737e-04 |192  0.02261  -5.7144e-04
193 -0.01973   1.5324e-03 |194 -0.07203  -1.4219e-04 |195  0.00233   4.9743e-04
196  0.05974   1.8979e-03 |197  0.02194   9.0604e-04 |198  0.00922   1.0016e-03
199  0.01061   7.7091e-04 |200  0.01587   1.1351e-03 |201  0.02636   7.4964e-04
202  0.12163  -7.7322e-05 |203  0.11723   9.7086e-04 |204  0.09820   1.6738e-04
205 -0.05130  -2.3239e-04 |206 -0.11775  -1.5496e-04 |207 -0.13657   1.7217e-04
208 -0.08221  -2.1286e-04 |209 -0.04105  -2.2922e-04 |210  0.06655  -3.0485e-04
211 -1.05126   7.2568e-06 |212 -0.05626  -1.3123e-02 |213  0.03595  -2.9324e-03
214 -0.01406  -8.6740e-09 |215 -0.65600   2.9117e-04 |216 -0.84564  -2.5832e-04
217  0.01750   2.6450e-03 |218 -0.16317  -5.4718e-06 |219 -0.24938   2.4546e-04
220 -0.05392   3.1455e-05 |221  0.03626  -9.3205e-05 |222 -0.00160   5.8233e-05
223  0.00863   1.9067e-04 |224 -0.02864   1.0190e-04 |225 -0.03603   5.0869e-05
226  0.08974   1.3048e-04 |227  0.07006   1.5096e-04 |228  0.19541   8.9809e-05
229  0.10415   1.4515e-04 |230  0.09830   1.1503e-04 |231  0.04946   1.4624e-04
232  0.05760   1.9953e-04 |233  0.06401   1.7927e-04 |234  0.12739  -1.3873e-04
235 -0.11618   2.1542e-04 |236 -0.12359   2.1793e-05 |237  0.00598  -4.1244e-05
238  0.02565   3.4022e-04 |239 -0.11253   2.3173e-04 |240 -0.15101  -1.8747e-04
241 -0.06597  -1.3735e-04 |242  0.01206  -2.4056e-04 |243  0.04318  -1.2685e-04
244 -0.02341  -7.7714e-05 |245 -0.12253  -8.4828e-07 |246 -0.23359   1.0533e-04
247 -0.10359  -5.4344e-05 |248  0.00245   1.6495e-05 |249  0.05281   6.5191e-05
250  0.08310  -1.7271e-05 |251  0.05586   2.8519e-04 |252 -0.01656   4.2109e-04
253 -0.00237   1.4922e-04 |254  0.13241   3.1148e-04 |255  0.19825   3.9405e-05
256  0.23275   1.6972e-04 |257 -0.14571   2.2380e-04 |258  0.09621  -1.0537e-02
259  0.14960   1.0572e-04 |260 -1.13210   1.5742e-03 |261 -0.84439  -1.3206e-03
262 -0.79997   1.9867e-04 |263  0.00391   1.2452e-03 |264  0.53314   8.3354e-04
265 -0.51517   8.5923e-04 |266  0.59439   7.4081e-04 |267  0.04793   1.2417e-03
268 -0.33740   1.0744e-03 |269  0.66353   6.2798e-04 |270 -0.36835   1.0425e-03
271  0.45328   9.4272e-04 |272  0.41164   9.9388e-04 |273 -0.64508   6.5874e-04
274 -0.36341   1.0478e-03 |275 -0.57892   7.6482e-04 |276  0.10802   1.2273e-03
277  0.61132   7.1395e-04 |278  0.36363   1.0476e-03 |279 -0.12667   1.2206e-03
280 -0.56348   7.8843e-04 |281 -0.17473   1.1986e-03 |282 -0.09348   1.2318e-03
283  0.14871   1.2114e-03 |284 -0.41974   9.8419e-04 |285 -0.22492   1.1683e-03
286 -0.08648   1.2337e-03 |287 -0.53306   8.3357e-04 |288 -0.26680   1.1374e-03
289  0.64277   6.6271e-04 |290 -0.66219   6.3011e-04 |291  0.17206   1.2000e-03
292  0.17753   1.1971e-03 |293 -0.10943   1.2269e-03 |294  0.11757   1.2240e-03
295  0.36526   1.0458e-03 |296 -0.43872   9.6102e-04 |297 -0.11904   1.2235e-03
298  0.27668   1.1295e-03 |299  0.31323   1.0975e-03 |300  0.44589   9.5210e-04
301 -0.03214   1.2436e-03 |302  0.21519   1.1748e-03 |303  0.47187  -1.2389e-02
304  0.08844  -1.4821e-04 |305 -0.90724  -1.5083e-03 |306  0.25190  -5.9718e-04
307 -0.87921   2.4461e-03 |308 -0.52475   1.2564e-03 |
19.6102 7.17243 68.8918 45.0926 
11.1745 11.1745 48.9545 49.8758 
6.28853 9.27928 0 1.17118 11.3283 
0 2.0067 0 0 0.443185 19.3616 0 
19.6102 7.17244 68.8918 45.0926 
11.1745 11.1745 48.9544 49.8758 
6.28853 9.27929 0 1.17117 11.3283 
0 2.00669 0 0 0.443185 19.3616 0 
19.6101 7.17244 68.8918 45.0926 
11.1745 11.1745 48.9544 49.8759 
6.28853 9.27929 0 1.17116 11.3283 
0 2.00669 0 0 0.443184 19.3616 0 
19.6101 7.17244 68.8918 45.0926 
11.1745 11.1745 48.9544 49.8759 
6.28853 9.27929 0 1.17114 11.3283 
0 2.00669 0 0 0.443185 19.3616 0 
19.6101 7.17243 68.8918 45.0926 
11.1745 11.1745 48.9544 49.8759 
6.28853 9.27929 0 1.17113 11.3283 
0 2.0067 0 0 0.443186 19.3616 0 
19.6101 7.17242 68.8918 45.0926 
11.1745 11.1745 48.9544 49.8759 
6.28854 9.27928 0 1.1711 11.3282 
0 2.00672 0 0 0.443186 19.3617 0 
19.6101 7.17242 68.8918 45.0926 
11.1745 11.1745 48.9544 49.8759 
6.28853 9.27927 0 1.17107 11.3282 
0 2.00673 0 0 0.443187 19.3617 0 
19.6101 7.17243 68.8918 45.0926 
11.1745 11.1745 48.9545 49.8759 
6.28852 9.27927 0 1.17104 11.3281 
0 2.00673 0 0 0.443187 19.3617 0 
19.6101 7.17245 68.8918 45.0926 
11.1745 11.1745 48.9545 49.8759 
6.2885 9.27927 0 1.17101 11.3281 
0 2.00673 0 0 0.443186 19.3618 0 
19.6101 7.17248 68.8918 45.0926 
11.1745 11.1745 48.9545 49.8759 
6.28848 9.27928 0 1.171 11.3281 
0 2.00673 0 0 0.443186 19.3617 0 
308 variables; iteration 660; function evaluation 728; phase 1
Function value   3.0852645e+02; maximum gradient component mag  -9.7362e-03
Var   Value    Gradient   |Var   Value    Gradient   |Var   Value    Gradient
  1  0.13530  -4.3854e-05 |  2  0.18567  -1.9875e-04 |  3  0.18943  -9.8504e-04
  4  0.19624  -3.7444e-04 |  5  0.19480  -4.5625e-04 |  6  0.19102  -2.8811e-05
  7  0.17749  -3.8539e-04 |  8  0.17353  -6.8864e-04 |  9  0.17225  -9.5541e-04
 10  0.14827  -3.4960e-04 | 11 -2.12461  -1.9089e-04 | 12  0.12662   6.3499e-04
 13  0.10248   1.2914e-04 | 14 -2.05680   9.5629e-04 | 15 -1.98866  -8.8338e-04
 16 -0.09822   1.4096e-04 | 17 -0.15673   1.7413e-04 | 18 -0.23297   4.5712e-05
 19 -0.26678   2.7570e-05 | 20 -0.97649  -2.3762e-04 | 21 -1.00946   1.6329e-05
 22 -2.09920   3.1701e-04 | 23 -0.17605  -3.8643e-06 | 24  0.01109  -3.1207e-05
 25  0.08381   2.2407e-05 | 26  0.12645   1.6652e-04 | 27  0.15289   6.2165e-06
 28  0.15537   7.4524e-05 | 29  0.14993   6.3867e-05 | 30  0.15175  -1.2849e-05
 31  0.15595   8.1717e-05 | 32  0.14786  -1.1562e-05 | 33  0.12930   8.5038e-05
 34  0.11272   4.6634e-05 | 35  0.12252  -5.7521e-04 | 36  0.11946   6.3220e-04
 37  0.08906   5.5755e-04 | 38  0.05221  -4.0440e-04 | 39  0.00762   1.2330e-04
 40 -0.03835   1.2867e-04 | 41 -0.09449   4.3416e-05 | 42 -1.84637   4.2193e-05
 43 -0.01876   1.3850e-03 | 44 -0.06619   1.2015e-03 | 45 -0.08973   4.5576e-04
 46 -0.16758   3.2849e-04 | 47 -0.18355   4.5915e-04 | 48 -0.14567   5.2771e-04
 49 -0.10800   4.1042e-04 | 50 -0.06495   4.2294e-04 | 51 -0.02809   6.6205e-04
 52  0.01403   9.5407e-04 | 53 -0.00467   5.6660e-04 | 54  0.02987   2.3941e-04
 55  0.02150   2.4339e-04 | 56  0.03652   7.7842e-06 | 57  0.08913  -2.9826e-04
 58  0.10961  -5.3949e-04 | 59  0.03568   6.1353e-04 | 60 -0.10961   4.8511e-04
 61 -0.07251   7.0032e-04 | 62  0.03648   6.5823e-04 | 63 -0.02363   6.4800e-04
 64 -0.04561   9.1130e-04 | 65 -0.05259   5.7669e-04 | 66 -0.04138  -6.5650e-06
 67 -0.06586  -1.8003e-04 | 68 -0.05135   8.5122e-05 | 69 -0.07281   4.4230e-06
 70 -0.06106  -6.4627e-05 | 71  0.05228  -3.0297e-04 | 72  0.04575  -8.1379e-05
 73  0.00355   1.8221e-04 | 74 -0.00362   2.5412e-04 | 75  0.09886  -6.0390e-04
 76  0.08114  -1.3718e-05 | 77 -0.02151  -3.5218e-04 | 78 -0.05933   2.6590e-04
 79  0.08380   2.2102e-04 | 80  0.31550   7.7829e-04 | 81 -2.99970  -8.2919e-05
 82 -0.12531   2.3550e-04 | 83 -0.04302   2.0226e-04 | 84 -2.04166  -3.1594e-04
 85 -0.03793   6.1514e-05 | 86  0.09501   6.8090e-04 | 87  0.21436   1.0582e-03
 88 -0.08748   4.7195e-04 | 89 -0.20749   4.0912e-04 | 90 -0.15131   3.5283e-04
 91 -0.04384   3.9387e-04 | 92 -0.01890   3.9479e-04 | 93  0.03690   4.2645e-04
 94  0.16127   5.3628e-04 | 95  0.01227   6.1796e-04 | 96 -0.00189   5.1384e-04
 97  0.01432   5.7747e-04 | 98  0.09804   7.4654e-04 | 99  0.08633   3.0373e-04
100  0.08798   4.1384e-04 |101  0.10986   4.1810e-04 |102 -0.07695   4.0374e-04
103 -0.10201   3.6340e-04 |104  0.05474   2.5369e-04 |105  0.03655   3.2972e-04
106 -0.04783   4.6643e-04 |107 -0.05979   5.9976e-04 |108 -2.06809  -6.5424e-04
109  0.09996   6.1004e-04 |110  0.08577   6.9457e-04 |111  0.00719   3.6220e-04
112 -0.12851   3.7644e-04 |113 -0.14086   3.8948e-04 |114 -1.96330  -7.8783e-04
115  0.11464   2.9860e-04 |116  0.02089  -1.1871e-04 |117  0.09436   3.2564e-04
118  0.04365   6.2115e-04 |119 -0.01235   4.9432e-04 |120  0.00405   3.9755e-04
121  0.12982   4.9832e-04 |122  1.79900  -3.5504e-04 |123 -1.00014   1.9512e-04
124  0.10788   3.3245e-04 |125 -0.01649   4.2661e-04 |126  2.17376  -6.6447e-04
127 -0.57898  -1.3019e-05 |128  2.56746   1.3289e-05 |129  1.85262   1.9740e-05
130 -0.58866  -1.2789e-05 |131  3.71148  -1.8510e-05 |132  0.68991  -8.7956e-06
133 -2.78786   5.5302e-06 |134  0.62651  -1.0689e-05 |135 -0.20662  -1.9444e-05
136  3.07535  -5.7084e-06 |137 -1.42797   1.3182e-05 |138 -0.20346  -1.9474e-05
139  0.60773  -1.1221e-05 |140  0.63961  -1.0310e-05 |141 -3.40952  -1.1698e-05
142 -0.54633  -1.3776e-05 |143 -0.42237  -1.6360e-05 |144 -3.22863  -6.1151e-06
145 -1.61672   1.7063e-05 |146  1.76134   1.8806e-05 |147 -0.82250  -6.9795e-06
148 -3.28887  -8.1264e-06 |149 -1.03525   8.2132e-06 |150  2.47164   1.5394e-05
151 -0.24281  -1.9069e-05 |152 -2.90785   2.4520e-07 |153 -0.67809  -1.0579e-05
154  1.26261   7.2715e-06 |155  0.52257  -1.3466e-05 |156 -1.51671   1.5154e-05
157  1.43263   1.2319e-05 |158 -0.76731  -8.3089e-06 |159  0.20386  -1.9210e-05
160  0.75762  -6.5906e-06 |161  0.71655  -7.9524e-06 |162 -0.15259  -1.9889e-05
163  0.28500  -1.8179e-05 |164  0.51588  -1.3631e-05 |165  1.45861   1.2994e-05
166  3.67914  -1.8059e-05 |167 -1.05642   6.2230e-06 |168 -0.45127  -1.5804e-05
169  0.01043  -2.5198e-03 |170  0.00947  -2.9797e-04 |171  0.00782  -5.6562e-04
172  0.03141   4.4706e-04 |173  0.07920  -2.3826e-04 |174  0.03933  -6.7161e-04
175  0.03731  -2.5526e-04 |176  0.01530  -2.5518e-04 |177  0.03652  -2.3851e-04
178  0.10077  -1.8454e-03 |179  0.12243  -3.5361e-04 |180  0.11247   3.5310e-04
181  0.05822  -2.8363e-04 |182 -0.02212  -1.4539e-04 |183 -0.02959   5.7004e-05
184 -0.00970   3.0771e-04 |185 -0.00805   2.2763e-05 |186 -0.01796  -1.9720e-03
187 -0.04107  -8.8326e-06 |188 -0.02734  -3.0424e-06 |189  0.02754  -3.1576e-04
190  0.03184  -1.8401e-03 |191  0.03105   1.9549e-04 |192  0.02261  -7.6846e-04
193 -0.01973   1.7366e-03 |194 -0.07203  -1.3003e-04 |195  0.00233  -5.4163e-05
196  0.05974   8.2679e-04 |197  0.02195   9.8658e-05 |198  0.00922  -5.3542e-04
199  0.01061  -5.8135e-04 |200  0.01587   2.9957e-04 |201  0.02635  -2.7647e-05
202  0.12162   8.0899e-04 |203  0.11723   1.8229e-04 |204  0.09820  -2.0010e-04
205 -0.05129  -2.9985e-04 |206 -0.11774   7.7611e-05 |207 -0.13657   8.8725e-05
208 -0.08221  -3.4353e-04 |209 -0.04105  -4.9867e-04 |210  0.06655   2.7755e-04
211 -1.05126   1.3071e-05 |212 -0.05626   6.1560e-03 |213  0.03595   7.7303e-04
214 -0.01406  -8.6729e-09 |215 -0.65600  -8.4626e-04 |216 -0.84564   3.8524e-04
217  0.01749  -2.8085e-03 |218 -0.16317   3.2593e-04 |219 -0.24938   1.3996e-04
220 -0.05392  -8.5019e-05 |221  0.03625  -3.3351e-05 |222 -0.00161   5.5436e-06
223  0.00863  -1.6004e-04 |224 -0.02864  -9.4891e-05 |225 -0.03603   9.2544e-05
226  0.08975   7.5575e-05 |227  0.07006   1.0654e-04 |228  0.19541   1.7072e-04
229  0.10415   6.0885e-05 |230  0.09830   5.7062e-05 |231  0.04946  -2.1757e-04
232  0.05760  -2.9654e-05 |233  0.06401   5.2871e-05 |234  0.12739  -2.2356e-05
235 -0.11617   2.1709e-04 |236 -0.12359   1.0431e-04 |237  0.00598   1.7675e-04
238  0.02565   1.2014e-04 |239 -0.11253   2.3450e-05 |240 -0.15101  -2.0614e-04
241 -0.06597  -5.8936e-05 |242  0.01206  -2.8273e-05 |243  0.04318  -1.1412e-05
244 -0.02342  -6.6179e-05 |245 -0.12254  -1.7947e-05 |246 -0.23359   1.1680e-04
247 -0.10359   3.6052e-06 |248  0.00245   2.3297e-05 |249  0.05281   2.3620e-04
250  0.08310   2.5486e-04 |251  0.05586   2.0050e-04 |252 -0.01656   1.8511e-04
253 -0.00237   4.0633e-05 |254  0.13241   1.3498e-05 |255  0.19825   3.0942e-05
256  0.23275   9.0202e-05 |257 -0.14571   9.3741e-05 |258  0.09621   2.9136e-03
259  0.14960  -1.6986e-05 |260 -1.13210   1.2078e-03 |261 -0.84439  -4.7026e-04
262 -0.79994  -2.9186e-04 |263  0.00391   1.5789e-03 |264  0.53315   1.0569e-03
265 -0.51521   1.0895e-03 |266  0.59438   9.3940e-04 |267  0.04790   1.5745e-03
268 -0.33739   1.3623e-03 |269  0.66353   7.9627e-04 |270 -0.36833   1.3219e-03
271  0.45329   1.1954e-03 |272  0.41166   1.2602e-03 |273 -0.64507   8.3534e-04
274 -0.36341   1.3286e-03 |275 -0.57892   9.6983e-04 |276  0.10804   1.5563e-03
277  0.61130   9.0534e-04 |278  0.36360   1.3284e-03 |279 -0.12669   1.5478e-03
280 -0.56345   9.9981e-04 |281 -0.17473   1.5199e-03 |282 -0.09348   1.5620e-03
283  0.14876   1.5361e-03 |284 -0.41972   1.2480e-03 |285 -0.22491   1.4814e-03
286 -0.08648   1.5644e-03 |287 -0.53307   1.0570e-03 |288 -0.26677   1.4423e-03
289  0.64276   8.4032e-04 |290 -0.66218   7.9903e-04 |291  0.17204   1.5217e-03
292  0.17753   1.5180e-03 |293 -0.10943   1.5557e-03 |294  0.11757   1.5521e-03
295  0.36525   1.3262e-03 |296 -0.43871   1.2186e-03 |297 -0.11903   1.5514e-03
298  0.27666   1.4322e-03 |299  0.31324   1.3917e-03 |300  0.44587   1.2073e-03
301 -0.03215   1.5770e-03 |302  0.21516   1.4897e-03 |303  0.47187   8.2578e-03
304  0.08844  -7.0010e-04 |305 -0.90724  -6.4779e-03 |306  0.25190  -7.7757e-04
307 -0.87921  -9.7362e-03 |308 -0.52475  -1.7861e-03 |
19.6101 7.17249 68.8918 45.0926 
11.1745 11.1745 48.9545 49.8759 
6.28847 9.27928 0 1.171 11.3281 
0 2.00672 0 0 0.443185 19.3617 0 
19.6101 7.1725 68.8918 45.0926 
11.1745 11.1745 48.9546 49.8758 
6.28847 9.27928 0 1.17101 11.3281 
0 2.00672 0 0 0.443185 19.3617 0 
19.6101 7.1725 68.8918 45.0926 
11.1745 11.1745 48.9546 49.8758 
6.28847 9.27928 0 1.17103 11.3281 
0 2.00672 0 0 0.443185 19.3616 0 
19.6101 7.1725 68.8918 45.0926 
11.1745 11.1745 48.9546 49.8758 
6.28849 9.27927 0 1.17105 11.3281 
0 2.00672 0 0 0.443184 19.3616 0 
19.6101 7.1725 68.8918 45.0926 
11.1746 11.1746 48.9546 49.8758 
6.28852 9.27927 0 1.17106 11.3281 
0 2.00671 0 0 0.443184 19.3616 0 
19.6101 7.17248 68.8918 45.0926 
11.1746 11.1746 48.9546 49.8759 
6.28855 9.27926 0 1.17107 11.3281 
0 2.00671 0 0 0.443184 19.3616 0 
19.6101 7.17247 68.8917 45.0926 
11.1746 11.1746 48.9546 49.8759 
6.28857 9.27926 0 1.17107 11.3281 
0 2.00671 0 0 0.443184 19.3616 0 
19.6101 7.17246 68.8917 45.0926 
11.1746 11.1746 48.9545 49.8759 
6.28858 9.27926 0 1.17106 11.3281 
0 2.00672 0 0 0.443183 19.3616 0 
19.6101 7.17244 68.8917 45.0926 
11.1746 11.1746 48.9545 49.8759 
6.28858 9.27926 0 1.17105 11.3281 
0 2.00672 0 0 0.443183 19.3616 0 
19.6101 7.17242 68.8917 45.0926 
11.1746 11.1746 48.9545 49.8759 
6.28858 9.27926 0 1.17105 11.3281 
0 2.00673 0 0 0.443183 19.3616 0 
308 variables; iteration 670; function evaluation 738; phase 1
Function value   3.0852645e+02; maximum gradient component mag   3.9578e-03
Var   Value    Gradient   |Var   Value    Gradient   |Var   Value    Gradient
  1  0.13530  -4.3883e-04 |  2  0.18567  -6.8483e-04 |  3  0.18943  -1.1610e-03
  4  0.19624  -7.0988e-04 |  5  0.19480  -6.6416e-04 |  6  0.19102  -4.3962e-04
  7  0.17749  -6.0323e-04 |  8  0.17353  -1.8707e-04 |  9  0.17225  -2.5667e-04
 10  0.14827  -7.8216e-04 | 11 -2.12461  -4.4260e-05 | 12  0.12662   4.6399e-04
 13  0.10248  -5.9410e-05 | 14 -2.05680   6.1820e-04 | 15 -1.98865   7.0505e-04
 16 -0.09822   2.2323e-04 | 17 -0.15672   2.4409e-04 | 18 -0.23300   2.4101e-05
 19 -0.26684  -1.7001e-06 | 20 -0.97607  -2.4181e-04 | 21 -1.00958   1.6354e-05
 22 -2.09920  -2.8424e-04 | 23 -0.17603   2.6796e-06 | 24  0.01110   1.2082e-05
 25  0.08381  -3.6190e-05 | 26  0.12645   6.9045e-05 | 27  0.15289  -3.1603e-04
 28  0.15537   1.7786e-05 | 29  0.14993  -4.7095e-05 | 30  0.15175   8.5061e-05
 31  0.15595  -3.4312e-04 | 32  0.14786  -6.5367e-05 | 33  0.12931   1.1390e-05
 34  0.11272   4.6007e-05 | 35  0.12252   1.7758e-04 | 36  0.11946  -6.9877e-04
 37  0.08906   9.5989e-05 | 38  0.05221  -1.2372e-04 | 39  0.00762  -6.7419e-05
 40 -0.03835  -1.0872e-04 | 41 -0.09449  -8.7223e-05 | 42 -1.84637   4.6442e-05
 43 -0.01875   1.3432e-03 | 44 -0.06619   6.8640e-04 | 45 -0.08972   1.0786e-03
 46 -0.16758  -1.1768e-04 | 47 -0.18355  -9.1225e-05 | 48 -0.14568  -4.3885e-04
 49 -0.10800  -5.1747e-04 | 50 -0.06495  -3.7525e-04 | 51 -0.02809  -4.6759e-04
 52  0.01403  -3.1213e-04 | 53 -0.00467  -3.3274e-04 | 54  0.02987   2.2859e-04
 55  0.02150  -5.0229e-05 | 56  0.03652   1.0232e-04 | 57  0.08914  -7.5212e-05
 58  0.10962  -2.4393e-04 | 59  0.03567  -3.5900e-04 | 60 -0.10961  -3.6850e-04
 61 -0.07252  -6.0314e-04 | 62  0.03648  -7.9913e-04 | 63 -0.02363  -6.7622e-04
 64 -0.04562  -7.7223e-04 | 65 -0.05260  -1.1558e-03 | 66 -0.04137  -2.1718e-04
 67 -0.06586  -3.9844e-04 | 68 -0.05135  -3.2991e-04 | 69 -0.07281  -5.1030e-04
 70 -0.06106  -4.0474e-04 | 71  0.05229   8.7702e-05 | 72  0.04575  -4.4248e-05
 73  0.00355  -1.4861e-04 | 74 -0.00362  -1.0229e-04 | 75  0.09887   3.8932e-05
 76  0.08114   5.6061e-05 | 77 -0.02151  -6.9467e-04 | 78 -0.05933  -1.4296e-04
 79  0.08380  -6.1483e-04 | 80  0.31551   1.1269e-04 | 81 -2.99966   1.5485e-04
 82 -0.12531  -2.1242e-04 | 83 -0.04302  -1.9097e-04 | 84 -2.04166   1.8958e-04
 85 -0.03791   7.1710e-04 | 86  0.09501   6.6199e-04 | 87  0.21436   8.1212e-04
 88 -0.08748   3.5350e-04 | 89 -0.20748   3.5924e-04 | 90 -0.15131   3.1978e-04
 91 -0.04384   3.0049e-04 | 92 -0.01890   3.6080e-04 | 93  0.03690   2.4386e-04
 94  0.16127   2.1759e-04 | 95  0.01227   1.9580e-04 | 96 -0.00188   1.8009e-04
 97  0.01432   3.1659e-04 | 98  0.09804   3.5599e-04 | 99  0.08633   2.9692e-04
100  0.08798   4.0611e-04 |101  0.10986   1.5371e-04 |102 -0.07695   2.5393e-04
103 -0.10201   1.9849e-04 |104  0.05474   2.5405e-04 |105  0.03655   4.1977e-04
106 -0.04783   1.2294e-04 |107 -0.05979   2.4523e-04 |108 -2.06809  -5.4660e-05
109  0.09996   1.8168e-04 |110  0.08576  -1.0479e-04 |111  0.00720   1.3874e-04
112 -0.12850   2.2115e-04 |113 -0.14086   1.5961e-04 |114 -1.96329   1.5868e-04
115  0.11464   7.6547e-05 |116  0.02089   8.5245e-05 |117  0.09436   3.2486e-04
118  0.04364   1.7041e-04 |119 -0.01235   2.6364e-04 |120  0.00405   3.1639e-04
121  0.12982   2.8288e-04 |122  1.79900   2.9425e-04 |123 -1.00015  -2.5531e-05
124  0.10788   1.4744e-04 |125 -0.01649   1.9980e-04 |126  2.17378   2.9639e-04
127 -0.57896  -3.9138e-06 |128  2.56747   3.9739e-06 |129  1.85260   5.3099e-06
130 -0.58866  -3.8628e-06 |131  3.71154  -5.1817e-06 |132  0.68989  -1.8568e-06
133 -2.78787   6.8088e-07 |134  0.62656  -2.4816e-06 |135 -0.20670  -5.3928e-06
136  3.07536  -3.9574e-06 |137 -1.42802   3.9503e-06 |138 -0.20344  -5.3996e-06
139  0.60770  -2.6535e-06 |140  0.63961  -2.3591e-06 |141 -3.40950  -2.8054e-06
142 -0.54632  -4.0837e-06 |143 -0.42238  -4.6801e-06 |144 -3.22871  -9.0580e-07
145 -1.61670   4.8444e-06 |146  1.76138   5.0108e-06 |147 -0.82250  -2.8994e-06
148 -3.28887  -1.6278e-06 |149 -1.03529   7.3843e-06 |150  2.47162   4.4550e-06
151 -0.24284  -5.3092e-06 |152 -2.90790  -1.8952e-06 |153 -0.67809  -3.3979e-06
154  1.26266   1.3285e-06 |155  0.52254  -3.3620e-06 |156 -1.51669   4.3991e-06
157  1.43262   3.0023e-06 |158 -0.76731  -3.0100e-06 |159  0.20383  -5.1384e-06
160  0.75763  -1.0814e-06 |161  0.71657  -1.5674e-06 |162 -0.15253  -5.4880e-06
163  0.28499  -4.8151e-06 |164  0.51591  -3.4127e-06 |165  1.45866   3.2146e-06
166  3.67917  -5.0771e-06 |167 -1.05646   4.9081e-06 |168 -0.45124  -4.5504e-06
169  0.01043  -2.4650e-04 |170  0.00947  -2.3299e-03 |171  0.00782   7.9537e-05
172  0.03141   5.2063e-04 |173  0.07920   1.4213e-05 |174  0.03933   4.7478e-04
175  0.03731   1.8628e-04 |176  0.01530   4.1620e-04 |177  0.03652  -2.6758e-04
178  0.10077  -9.0449e-04 |179  0.12243  -1.4993e-04 |180  0.11247  -7.4358e-04
181  0.05822  -4.6219e-04 |182 -0.02212  -7.4680e-05 |183 -0.02959  -2.0423e-04
184 -0.00970   2.4785e-04 |185 -0.00805  -3.2462e-04 |186 -0.01796   2.1605e-04
187 -0.04107   2.3015e-04 |188 -0.02734   1.4413e-04 |189  0.02754   1.0291e-04
190  0.03184  -1.4039e-04 |191  0.03105   2.4930e-04 |192  0.02261   4.4641e-04
193 -0.01973   8.2337e-04 |194 -0.07203  -5.5315e-05 |195  0.00234   1.7272e-04
196  0.05974  -4.1144e-04 |197  0.02195  -1.5602e-04 |198  0.00922  -1.4324e-03
199  0.01061  -8.7131e-05 |200  0.01587   4.4273e-05 |201  0.02635  -2.6833e-06
202  0.12162  -6.3984e-04 |203  0.11723   2.1888e-04 |204  0.09820  -5.8745e-04
205 -0.05130  -2.4605e-04 |206 -0.11774  -1.5121e-04 |207 -0.13657  -6.2830e-05
208 -0.08221   5.9916e-05 |209 -0.04105  -3.7412e-04 |210  0.06655  -1.3591e-04
211 -1.05125   1.2183e-05 |212 -0.05626   3.9578e-03 |213  0.03595  -2.3523e-04
214 -0.01406  -8.6717e-09 |215 -0.65600   2.1946e-05 |216 -0.84564  -2.1651e-04
217  0.01749  -8.2384e-04 |218 -0.16317  -2.4503e-04 |219 -0.24938  -5.4816e-04
220 -0.05392  -1.9120e-04 |221  0.03625  -1.7656e-04 |222 -0.00161  -1.6367e-04
223  0.00863  -3.4381e-04 |224 -0.02864  -2.2910e-04 |225 -0.03603  -6.2159e-05
226  0.08975  -2.2025e-04 |227  0.07006  -1.3491e-04 |228  0.19541  -3.1308e-05
229  0.10415  -3.0863e-05 |230  0.09830  -1.0420e-04 |231  0.04946  -2.7156e-04
232  0.05760  -1.4518e-04 |233  0.06401  -1.4074e-04 |234  0.12739  -1.4141e-04
235 -0.11618  -1.5336e-04 |236 -0.12359  -2.3122e-04 |237  0.00598  -8.7640e-06
238  0.02565  -3.2524e-04 |239 -0.11253  -2.0170e-04 |240 -0.15101  -6.9132e-05
241 -0.06597   9.3929e-06 |242  0.01206  -1.6338e-04 |243  0.04318  -4.6996e-05
244 -0.02341   1.2377e-04 |245 -0.12253  -1.3373e-04 |246 -0.23359  -1.8466e-04
247 -0.10359  -6.2440e-05 |248  0.00245   9.2005e-05 |249  0.05281   1.7341e-05
250  0.08310  -8.5470e-06 |251  0.05586  -3.7809e-04 |252 -0.01656  -1.4459e-04
253 -0.00237  -1.7053e-04 |254  0.13241  -2.8686e-04 |255  0.19825  -2.6630e-04
256  0.23275  -2.5100e-04 |257 -0.14571  -1.1455e-05 |258  0.09621   7.0419e-04
259  0.14960  -1.7739e-04 |260 -1.13210  -3.0510e-03 |261 -0.84439   2.7624e-04
262 -0.79993   1.9163e-04 |263  0.00390   1.4507e-03 |264  0.53316   9.7104e-04
265 -0.51523   1.0009e-03 |266  0.59437   8.6310e-04 |267  0.04789   1.4466e-03
268 -0.33738   1.2517e-03 |269  0.66355   7.3156e-04 |270 -0.36832   1.2146e-03
271  0.45330   1.0982e-03 |272  0.41166   1.1579e-03 |273 -0.64507   7.6747e-04
274 -0.36342   1.2206e-03 |275 -0.57893   8.9102e-04 |276  0.10805   1.4299e-03
277  0.61129   8.3182e-04 |278  0.36358   1.2205e-03 |279 -0.12670   1.4221e-03
280 -0.56344   9.1862e-04 |281 -0.17474   1.3964e-03 |282 -0.09348   1.4351e-03
283  0.14880   1.4113e-03 |284 -0.41970   1.1467e-03 |285 -0.22491   1.3611e-03
286 -0.08649   1.4373e-03 |287 -0.53308   9.7110e-04 |288 -0.26676   1.3252e-03
289  0.64276   7.7206e-04 |290 -0.66219   7.3410e-04 |291  0.17202   1.3981e-03
292  0.17753   1.3947e-03 |293 -0.10943   1.4293e-03 |294  0.11758   1.4260e-03
295  0.36526   1.2184e-03 |296 -0.43870   1.1196e-03 |297 -0.11902   1.4254e-03
298  0.27665   1.3159e-03 |299  0.31324   1.2786e-03 |300  0.44586   1.1093e-03
301 -0.03215   1.4488e-03 |302  0.21514   1.3687e-03 |303  0.47187  -1.3997e-03
304  0.08844   4.5963e-04 |305 -0.90724   3.2923e-03 |306  0.25190   9.5051e-04
307 -0.87921   2.3371e-03 |308 -0.52475   7.9044e-04 |
19.6101 7.1724 68.8917 45.0927 
11.1746 11.1746 48.9545 49.8759 
6.28857 9.27927 0 1.17106 11.328 
0 2.00675 0 0 0.443184 19.3616 0 
19.6101 7.17238 68.8917 45.0927 
11.1746 11.1746 48.9545 49.8759 
6.28855 9.27928 0 1.17108 11.328 
0 2.00676 0 0 0.443184 19.3615 0 
19.6102 7.17237 68.8917 45.0928 
11.1746 11.1746 48.9546 49.8758 
6.28853 9.27929 0 1.17112 11.328 
0 2.00677 0 0 0.443184 19.3614 0 
19.6102 7.17239 68.8917 45.0928 
11.1746 11.1746 48.9546 49.8758 
6.28851 9.27929 0 1.17116 11.3279 
0 2.00677 0 0 0.443184 19.3613 0 
19.6102 7.17244 68.8917 45.0928 
11.1746 11.1746 48.9546 49.8758 
6.28849 9.27929 0 1.17118 11.3279 
0 2.00676 0 0 0.443184 19.3613 0 
19.6102 7.17249 68.8917 45.0927 
11.1746 11.1746 48.9546 49.8759 
6.28849 9.27929 0 1.17119 11.328 
0 2.00674 0 0 0.443184 19.3613 0 
19.6102 7.17254 68.8916 45.0927 
11.1746 11.1746 48.9546 49.8759 
6.28848 9.27928 0 1.17118 11.328 
0 2.00672 0 0 0.443183 19.3613 0 
19.6102 7.17257 68.8916 45.0926 
11.1746 11.1746 48.9545 49.876 
6.28848 9.27926 0 1.17115 11.328 
0 2.00671 0 0 0.443183 19.3614 0 
19.6102 7.17259 68.8915 45.0926 
11.1746 11.1746 48.9545 49.876 
6.28847 9.27925 0 1.17113 11.328 
0 2.00671 0 0 0.443183 19.3615 0 
19.6102 7.17259 68.8914 45.0925 
11.1747 11.1747 48.9544 49.8761 
6.28846 9.27923 0 1.1711 11.328 
0 2.00672 0 0 0.443184 19.3616 0 
308 variables; iteration 680; function evaluation 748; phase 1
Function value   3.0852645e+02; maximum gradient component mag  -2.2114e-02
Var   Value    Gradient   |Var   Value    Gradient   |Var   Value    Gradient
  1  0.13531   9.8568e-04 |  2  0.18567  -7.9130e-04 |  3  0.18943  -1.7941e-03
  4  0.19624   4.9254e-04 |  5  0.19479  -7.5996e-04 |  6  0.19102  -8.0509e-04
  7  0.17749   2.1950e-04 |  8  0.17353   4.9146e-04 |  9  0.17225  -9.3146e-04
 10  0.14827  -5.5666e-04 | 11 -2.12461  -2.3068e-03 | 12  0.12662   9.6110e-04
 13  0.10248  -1.1756e-03 | 14 -2.05680   7.6764e-04 | 15 -1.98866  -7.7700e-04
 16 -0.09823  -9.3585e-05 | 17 -0.15672   2.8556e-04 | 18 -0.23306  -3.2668e-05
 19 -0.26692  -4.1392e-05 | 20 -0.97447  -2.5760e-04 | 21 -1.01008   1.6475e-05
 22 -2.09920   1.7045e-05 | 23 -0.17607  -9.3142e-06 | 24  0.01110   5.0847e-05
 25  0.08381  -1.5146e-04 | 26  0.12645  -1.5873e-05 | 27  0.15289   5.5004e-04
 28  0.15537  -4.8647e-04 | 29  0.14993  -2.7163e-04 | 30  0.15175  -1.3476e-04
 31  0.15595  -3.3998e-04 | 32  0.14786  -2.5231e-04 | 33  0.12930   1.3494e-04
 34  0.11272   3.8188e-04 | 35  0.12252   5.1563e-04 | 36  0.11946  -4.1411e-04
 37  0.08906  -5.4196e-04 | 38  0.05221  -6.8516e-04 | 39  0.00762  -1.5438e-04
 40 -0.03835  -6.5733e-04 | 41 -0.09449  -3.2169e-04 | 42 -1.84637  -2.7358e-06
 43 -0.01879  -1.0743e-03 | 44 -0.06620   1.5844e-04 | 45 -0.08969   3.3768e-03
 46 -0.16758   1.8657e-04 | 47 -0.18355   5.3864e-04 | 48 -0.14567   4.2889e-05
 49 -0.10800  -4.3783e-04 | 50 -0.06496  -7.0605e-04 | 51 -0.02810  -1.2300e-03
 52  0.01402  -1.2005e-03 | 53 -0.00467   7.0889e-05 | 54  0.02988   1.1476e-03
 55  0.02151   1.7316e-03 | 56  0.03652   5.0561e-04 | 57  0.08913   3.5176e-04
 58  0.10962   5.5420e-04 | 59  0.03566  -1.2934e-03 | 60 -0.10961  -5.8388e-04
 61 -0.07252  -1.4088e-03 | 62  0.03646  -2.8064e-03 | 63 -0.02361   3.0354e-04
 64 -0.04561  -5.0816e-04 | 65 -0.05260  -1.0110e-03 | 66 -0.04138  -1.3915e-04
 67 -0.06585   1.8574e-04 | 68 -0.05135  -9.9203e-05 | 69 -0.07281   1.8943e-04
 70 -0.06105   4.4642e-04 | 71  0.05229   4.5672e-04 | 72  0.04575   1.1940e-04
 73  0.00354  -3.6848e-04 | 74 -0.00362   2.2709e-04 | 75  0.09889   1.5681e-03
 76  0.08113   5.1102e-04 | 77 -0.02151  -5.2197e-05 | 78 -0.05934  -1.0376e-03
 79  0.08380  -8.3406e-04 | 80  0.31551  -1.3854e-04 | 81 -2.99965   2.1314e-04
 82 -0.12531  -2.7303e-04 | 83 -0.04302  -1.9069e-04 | 84 -2.04167   2.8982e-05
 85 -0.03793   4.5640e-04 | 86  0.09501   1.0047e-03 | 87  0.21436   2.6675e-04
 88 -0.08748   4.5796e-04 | 89 -0.20749   3.9513e-04 | 90 -0.15131   4.5814e-04
 91 -0.04384   8.2439e-04 | 92 -0.01890   1.0480e-03 | 93  0.03690   5.8576e-04
 94  0.16128   6.1082e-04 | 95  0.01227  -3.0722e-04 | 96 -0.00188  -2.3241e-04
 97  0.01433   6.0881e-04 | 98  0.09804   1.2730e-03 | 99  0.08633   9.6672e-04
100  0.08797   6.1147e-04 |101  0.10986   1.0656e-03 |102 -0.07695   6.2700e-04
103 -0.10201   4.6953e-04 |104  0.05474   3.7639e-04 |105  0.03655  -5.6727e-05
106 -0.04783  -8.1542e-06 |107 -0.05979   6.0144e-04 |108 -2.06809  -1.7811e-04
109  0.09997   9.2214e-04 |110  0.08576   3.0633e-04 |111  0.00719   2.4332e-04
112 -0.12850   4.6311e-04 |113 -0.14086   4.7813e-04 |114 -1.96329  -6.5230e-05
115  0.11465   1.3020e-03 |116  0.02090   1.2148e-03 |117  0.09435   4.9514e-04
118  0.04364   7.6583e-04 |119 -0.01235   7.4910e-04 |120  0.00405   5.6552e-04
121  0.12982   1.0360e-03 |122  1.79900  -1.1832e-03 |123 -1.00014   1.8452e-04
124  0.10788   2.0973e-04 |125 -0.01649   3.4056e-04 |126  2.17377  -3.4270e-04
127 -0.57891  -2.9118e-05 |128  2.56753   2.9752e-05 |129  1.85260   4.5246e-05
130 -0.58866  -2.8568e-05 |131  3.71165  -4.2076e-05 |132  0.68980  -2.1069e-05
133 -2.78789   1.4100e-05 |134  0.62676  -2.5181e-05 |135 -0.20682  -4.4278e-05
136  3.07544  -8.8054e-06 |137 -1.42816   2.9513e-05 |138 -0.20349  -4.4353e-05
139  0.60768  -2.6369e-05 |140  0.63964  -2.4364e-05 |141 -3.40946  -2.7413e-05
142 -0.54636  -3.0909e-05 |143 -0.42246  -3.7003e-05 |144 -3.22891  -1.5347e-05
145 -1.61663   3.8658e-05 |146  1.76149   4.3196e-05 |147 -0.82247  -1.4194e-05
148 -3.28893  -1.9618e-05 |149 -1.03544   9.6385e-06 |150  2.47159   3.4734e-05
151 -0.24289  -4.3390e-05 |152 -2.90799   4.0110e-06 |153 -0.67818  -2.3267e-05
154  1.26272   1.7786e-05 |155  0.52250  -3.1332e-05 |156 -1.51669   3.4163e-05
157  1.43257   2.8785e-05 |158 -0.76722  -1.7682e-05 |159  0.20379  -4.4086e-05
160  0.75763  -1.6328e-05 |161  0.71659  -1.9236e-05 |162 -0.15237  -4.5350e-05
163  0.28501  -4.1803e-05 |164  0.51591  -3.1692e-05 |165  1.45882   3.0293e-05
166  3.67932  -4.1013e-05 |167 -1.05658   8.5415e-06 |168 -0.45118  -3.5702e-05
169  0.01043  -2.2114e-02 |170  0.00947  -7.0254e-03 |171  0.00782  -1.4672e-03
172  0.03141  -1.1885e-03 |173  0.07920  -3.8104e-03 |174  0.03933   3.5051e-04
175  0.03731   1.7687e-03 |176  0.01530   1.1581e-03 |177  0.03652  -1.9160e-04
178  0.10077  -3.1528e-03 |179  0.12243  -1.2898e-03 |180  0.11247  -2.4486e-03
181  0.05822  -2.0483e-03 |182 -0.02212  -1.6037e-03 |183 -0.02959  -9.5420e-04
184 -0.00970  -1.0615e-03 |185 -0.00805  -3.5882e-04 |186 -0.01796   6.5501e-04
187 -0.04107   1.6668e-03 |188 -0.02734  -4.4711e-04 |189  0.02754  -2.9773e-03
190  0.03184  -4.7078e-04 |191  0.03105  -1.7856e-03 |192  0.02261  -1.8037e-03
193 -0.01973   4.2068e-04 |194 -0.07203  -4.9280e-04 |195  0.00234  -1.0985e-03
196  0.05974  -3.7657e-03 |197  0.02194  -2.1459e-03 |198  0.00922   9.5913e-04
199  0.01061  -9.9090e-04 |200  0.01588  -1.0757e-03 |201  0.02636  -1.6069e-03
202  0.12162  -5.9567e-03 |203  0.11723  -5.7560e-04 |204  0.09820   2.6039e-03
205 -0.05130  -9.1270e-04 |206 -0.11774  -6.7992e-04 |207 -0.13657  -3.5486e-04
208 -0.08221  -1.4991e-03 |209 -0.04105  -1.5626e-03 |210  0.06655   1.5992e-04
211 -1.05126   7.2589e-05 |212 -0.05626   6.4140e-03 |213  0.03595   6.6757e-03
214 -0.01405  -8.6673e-09 |215 -0.65600  -5.9047e-04 |216 -0.84564  -1.1784e-03
217  0.01749  -7.3448e-03 |218 -0.16317  -1.8339e-04 |219 -0.24938  -1.5691e-04
220 -0.05392   1.5465e-04 |221  0.03625   8.9614e-06 |222 -0.00161   2.3459e-04
223  0.00863  -2.7025e-04 |224 -0.02864  -1.8732e-04 |225 -0.03603  -3.0800e-04
226  0.08975  -2.2336e-04 |227  0.07006  -2.3833e-04 |228  0.19541   3.3248e-04
229  0.10415   6.0641e-04 |230  0.09830   6.2071e-04 |231  0.04947  -2.9316e-04
232  0.05760  -1.3203e-04 |233  0.06401  -3.0331e-04 |234  0.12739   2.4100e-04
235 -0.11617  -9.7640e-05 |236 -0.12359  -4.7562e-04 |237  0.00598  -5.2384e-05
238  0.02565  -1.0077e-04 |239 -0.11253   8.6720e-04 |240 -0.15101   2.6543e-04
241 -0.06597   3.3053e-04 |242  0.01206   2.5412e-05 |243  0.04318  -8.7149e-06
244 -0.02342   1.5497e-04 |245 -0.12253  -1.0867e-04 |246 -0.23359  -2.1744e-05
247 -0.10359   7.4121e-05 |248  0.00245   4.7353e-04 |249  0.05282  -1.3400e-04
250  0.08310  -2.1214e-04 |251  0.05586  -2.7017e-04 |252 -0.01656   1.9639e-04
253 -0.00237  -5.1068e-04 |254  0.13241  -3.8965e-04 |255  0.19825  -5.4142e-06
256  0.23275  -1.2627e-04 |257 -0.14571  -1.1865e-04 |258  0.09621   1.8983e-02
259  0.14960  -7.4200e-04 |260 -1.13210  -8.5872e-03 |261 -0.84439   8.3665e-03
262 -0.79992  -6.0978e-04 |263  0.00388   3.3427e-03 |264  0.53312   2.2376e-03
265 -0.51520   2.3066e-03 |266  0.59433   1.9889e-03 |267  0.04787   3.3334e-03
268 -0.33735   2.8843e-03 |269  0.66353   1.6857e-03 |270 -0.36828   2.7989e-03
271  0.45333   2.5305e-03 |272  0.41165   2.6680e-03 |273 -0.64506   1.7686e-03
274 -0.36340   2.8128e-03 |275 -0.57894   2.0532e-03 |276  0.10808   3.2947e-03
277  0.61127   1.9167e-03 |278  0.36356   2.8124e-03 |279 -0.12670   3.2768e-03
280 -0.56339   2.1170e-03 |281 -0.17475   3.2176e-03 |282 -0.09347   3.3068e-03
283  0.14883   3.2519e-03 |284 -0.41970   2.6423e-03 |285 -0.22490   3.1363e-03
286 -0.08653   3.3120e-03 |287 -0.53309   2.2377e-03 |288 -0.26674   3.0536e-03
289  0.64277   1.7789e-03 |290 -0.66218   1.6917e-03 |291  0.17199   3.2216e-03
292  0.17754   3.2137e-03 |293 -0.10942   3.2935e-03 |294  0.11757   3.2860e-03
295  0.36526   2.8076e-03 |296 -0.43871   2.5799e-03 |297 -0.11901   3.2845e-03
298  0.27666   3.0321e-03 |299  0.31326   2.9462e-03 |300  0.44585   2.5560e-03
301 -0.03214   3.3385e-03 |302  0.21510   3.1538e-03 |303  0.47187   3.6294e-03
304  0.08844   2.5221e-04 |305 -0.90724  -2.4118e-03 |306  0.25190  -2.5615e-04
307 -0.87921  -6.4349e-03 |308 -0.52475  -1.7478e-03 |
19.6101 7.17257 68.8914 45.0925 
11.1748 11.1748 48.9544 49.8761 
6.28843 9.27922 0 1.17108 11.328 
0 2.00674 0 0 0.443186 19.3617 0 
19.6101 7.17253 68.8913 45.0925 
11.1748 11.1748 48.9545 49.876 
6.28839 9.27922 0 1.17108 11.328 
0 2.00676 0 0 0.443188 19.3618 0 
19.6102 7.1725 68.8913 45.0925 
11.1748 11.1748 48.9546 49.8759 
6.28836 9.27923 0 1.1711 11.3279 
0 2.00678 0 0 0.44319 19.3618 0 
19.6102 7.1725 68.8914 45.0926 
11.1748 11.1748 48.9548 49.8758 
6.28833 9.27926 0 1.17113 11.3279 
0 2.00677 0 0 0.44319 19.3618 0 
19.6102 7.17254 68.8914 45.0927 
11.1747 11.1747 48.9549 49.8757 
6.28832 9.27928 0 1.17114 11.3279 
0 2.00676 0 0 0.44319 19.3618 0 
19.6101 7.1726 68.8914 45.0927 
11.1747 11.1747 48.9551 49.8756 
6.28833 9.27931 0 1.17112 11.328 
0 2.00674 0 0 0.443189 19.3618 0 
19.61 7.17268 68.8913 45.0927 
11.1746 11.1746 48.9552 49.8755 
6.28835 9.27934 0 1.17107 11.328 
0 2.00672 0 0 0.443187 19.3619 0 
19.6098 7.17278 68.8912 45.0927 
11.1745 11.1745 48.9553 49.8755 
6.28838 9.27938 0 1.17098 11.3281 
0 2.00672 0 0 0.443185 19.3621 0 
19.6095 7.17287 68.891 45.0926 
11.1745 11.1745 48.9554 49.8754 
6.28843 9.27943 0 1.17083 11.3283 
0 2.00676 0 0 0.443183 19.3625 0 
19.6091 7.17297 68.8907 45.0923 
11.1746 11.1746 48.9554 49.8754 
6.28849 9.2795 0 1.17064 11.3284 
0 2.00683 0 0 0.443181 19.3629 0 
308 variables; iteration 690; function evaluation 758; phase 1
Function value   3.0852645e+02; maximum gradient component mag   1.1392e-01
Var   Value    Gradient   |Var   Value    Gradient   |Var   Value    Gradient
  1  0.13526  -3.2812e-03 |  2  0.18567  -1.9775e-03 |  3  0.18942  -1.4889e-02
  4  0.19624  -4.4573e-04 |  5  0.19479   1.6037e-03 |  6  0.19102   5.8351e-03
  7  0.17748  -7.0225e-03 |  8  0.17352  -3.5409e-03 |  9  0.17224  -8.4657e-04
 10  0.14827  -1.5040e-03 | 11 -2.12461  -3.4340e-03 | 12  0.12661   6.4365e-03
 13  0.10248   4.1243e-03 | 14 -2.05681  -1.0529e-02 | 15 -1.98864   3.1383e-03
 16 -0.09835  -3.0995e-03 | 17 -0.15672   7.7396e-05 | 18 -0.23370  -6.4659e-04
 19 -0.26755  -3.6137e-04 | 20 -0.95453  -4.5519e-04 | 21 -1.01651   1.9950e-05
 22 -2.09921  -6.0390e-04 | 23 -0.17646  -1.4851e-04 | 24  0.01109  -4.5594e-04
 25  0.08381   1.0272e-04 | 26  0.12646   9.9929e-04 | 27  0.15289   4.7372e-04
 28  0.15537  -3.8677e-03 | 29  0.14993   2.1132e-03 | 30  0.15175   2.7957e-03
 31  0.15595  -1.9057e-03 | 32  0.14786  -1.0153e-03 | 33  0.12930   9.7650e-04
 34  0.11272   1.3194e-03 | 35  0.12251  -2.4439e-03 | 36  0.11946  -6.3488e-04
 37  0.08906  -1.6811e-03 | 38  0.05221  -2.0966e-03 | 39  0.00762   7.4475e-04
 40 -0.03836  -2.7075e-03 | 41 -0.09450  -5.9667e-04 | 42 -1.84640  -6.8101e-04
 43 -0.01886  -4.9855e-03 | 44 -0.06627  -4.6248e-03 | 45 -0.08959   1.1855e-02
 46 -0.16760  -1.5120e-03 | 47 -0.18357  -4.6111e-04 | 48 -0.14568   4.4418e-05
 49 -0.10802  -1.9483e-03 | 50 -0.06498  -8.6694e-04 | 51 -0.02805   5.0694e-03
 52  0.01406   6.4927e-03 | 53 -0.00468   3.3689e-03 | 54  0.02991   7.8410e-03
 55  0.02150   5.8137e-03 | 56  0.03653   6.9761e-03 | 57  0.08918   8.7306e-03
 58  0.10959  -1.1810e-03 | 59  0.03565  -3.5917e-03 | 60 -0.10961  -4.9569e-04
 61 -0.07252  -1.4263e-03 | 62  0.03642  -6.2622e-03 | 63 -0.02360   8.0199e-04
 64 -0.04560   2.8400e-04 | 65 -0.05260  -5.1918e-04 | 66 -0.04138  -5.3077e-04
 67 -0.06582   3.0867e-03 | 68 -0.05131   3.5693e-03 | 69 -0.07283  -1.2570e-03
 70 -0.06111  -3.7006e-03 | 71  0.05224  -3.2199e-03 | 72  0.04576   1.7697e-03
 73  0.00368   9.6618e-03 | 74 -0.00366  -1.7538e-03 | 75  0.09888   5.0880e-04
 76  0.08114  -1.2450e-03 | 77 -0.02148   6.2890e-04 | 78 -0.05934  -8.8042e-04
 79  0.08375  -5.3604e-03 | 80  0.31551  -3.7253e-03 | 81 -2.99964   2.3576e-04
 82 -0.12531   9.2418e-04 | 83 -0.04301   1.4211e-03 | 84 -2.04164   3.4941e-04
 85 -0.03796   2.6081e-03 | 86  0.09503   4.5277e-03 | 87  0.21436   1.5060e-03
 88 -0.08750   2.6465e-03 | 89 -0.20749   2.8449e-03 | 90 -0.15131   3.0133e-03
 91 -0.04381   4.9234e-03 | 92 -0.01889   3.5830e-03 | 93  0.03689   1.9532e-03
 94  0.16128   2.8804e-03 | 95  0.01226   2.7846e-03 | 96 -0.00187   3.5841e-03
 97  0.01432   2.7809e-03 | 98  0.09805   4.3090e-03 | 99  0.08632   4.2131e-03
100  0.08797   5.8271e-03 |101  0.10986   4.4394e-03 |102 -0.07694   2.9574e-03
103 -0.10201   2.8487e-03 |104  0.05473   1.4058e-03 |105  0.03657   2.3305e-03
106 -0.04782   2.5440e-03 |107 -0.05979   2.5653e-03 |108 -2.06813  -4.1951e-03
109  0.09997   2.0260e-03 |110  0.08573  -2.0488e-03 |111  0.00719   1.3208e-03
112 -0.12850   2.7233e-03 |113 -0.14086   2.3035e-03 |114 -1.96330  -2.5133e-03
115  0.11466   3.5804e-03 |116  0.02090   3.2071e-03 |117  0.09433   8.7306e-04
118  0.04363   2.5765e-03 |119 -0.01238   2.5518e-03 |120  0.00402   2.0863e-03
121  0.12984   4.1855e-03 |122  1.79900  -3.5665e-03 |123 -1.00015   8.5494e-06
124  0.10787   9.4429e-04 |125 -0.01648   2.6093e-03 |126  2.17373  -4.2102e-03
127 -0.57827   4.0035e-05 |128  2.56828  -4.0860e-05 |129  1.85280  -6.4248e-05
130 -0.58862   3.9167e-05 |131  3.71299   5.9134e-05 |132  0.68873   3.1695e-05
133 -2.78856  -2.2628e-05 |134  0.62937   3.6837e-05 |135 -0.20809   6.2286e-05
136  3.07653   4.6532e-06 |137 -1.42996  -4.0715e-05 |138 -0.20397   6.2425e-05
139  0.60750   3.8664e-05 |140  0.64014   3.5923e-05 |141 -3.40895   4.0011e-05
142 -0.54686   4.2596e-05 |143 -0.42349   5.1548e-05 |144 -3.23142   2.4467e-05
145 -1.61591  -5.4002e-05 |146  1.76271  -6.1537e-05 |147 -0.82207   1.6814e-05
148 -3.28948   2.9751e-05 |149 -1.03743   2.7986e-06 |150  2.47125  -4.8303e-05
151 -0.24330   6.0996e-05 |152 -2.90897  -1.2120e-05 |153 -0.67932   3.1102e-05
154  1.26341  -2.7394e-05 |155  0.52209   4.5381e-05 |156 -1.51653  -4.7427e-05
157  1.43181  -4.1843e-05 |158 -0.76586   2.2678e-05 |159  0.20313   6.2712e-05
160  0.75757   2.5477e-05 |161  0.71680   2.9186e-05 |162 -0.15056   6.3980e-05
163  0.28531   5.9589e-05 |164  0.51576   4.5850e-05 |165  1.46086  -4.4098e-05
166  3.68096   5.7589e-05 |167 -1.05819  -1.7314e-06 |168 -0.45085   4.9724e-05
169  0.01043   1.1392e-01 |170  0.00947  -7.6912e-03 |171  0.00782  -7.1079e-03
172  0.03141  -1.2035e-03 |173  0.07920   2.3364e-03 |174  0.03933  -2.1985e-03
175  0.03731  -2.1636e-03 |176  0.01530  -9.0930e-03 |177  0.03653  -9.9508e-03
178  0.10077  -7.4869e-03 |179  0.12243  -6.8077e-03 |180  0.11247  -3.4352e-03
181  0.05822  -2.5574e-03 |182 -0.02212  -8.7208e-03 |183 -0.02959  -5.8861e-03
184 -0.00970   3.3085e-03 |185 -0.00806   4.7597e-03 |186 -0.01797  -6.0882e-03
187 -0.04107   9.2741e-04 |188 -0.02734  -6.8098e-04 |189  0.02754  -5.8241e-03
190  0.03184   7.4098e-03 |191  0.03105  -1.0658e-02 |192  0.02261  -1.0795e-03
193 -0.01973  -8.0968e-03 |194 -0.07203  -4.1587e-03 |195  0.00233   3.2747e-03
196  0.05973   7.7245e-03 |197  0.02195  -8.3082e-04 |198  0.00922  -4.2201e-03
199  0.01062  -9.3368e-04 |200  0.01587  -2.2399e-03 |201  0.02635  -3.3958e-03
202  0.12162   3.6258e-03 |203  0.11723   1.4583e-03 |204  0.09819  -4.0118e-04
205 -0.05131  -4.8543e-03 |206 -0.11773  -2.9534e-03 |207 -0.13658  -3.9628e-03
208 -0.08222  -7.6756e-03 |209 -0.04105  -7.6021e-03 |210  0.06655  -2.6877e-03
211 -1.05133   3.4913e-04 |212 -0.05626   2.5351e-02 |213  0.03595   6.3073e-04
214 -0.01396  -8.6136e-09 |215 -0.65600  -1.8373e-03 |216 -0.84563   3.7140e-03
217  0.01749   1.8948e-02 |218 -0.16317   2.3019e-03 |219 -0.24938   2.0795e-03
220 -0.05392   3.1002e-03 |221  0.03625   1.6965e-03 |222 -0.00161   1.4564e-03
223  0.00863   2.4933e-04 |224 -0.02864   3.5662e-04 |225 -0.03602   1.1184e-03
226  0.08974   2.4552e-03 |227  0.07006   3.2103e-03 |228  0.19541   2.7115e-03
229  0.10415   2.0694e-03 |230  0.09831   2.7426e-03 |231  0.04947   1.9450e-03
232  0.05760   1.2758e-03 |233  0.06401   1.4815e-03 |234  0.12739   8.3493e-04
235 -0.11617   1.1192e-03 |236 -0.12359   2.8776e-04 |237  0.00598   2.0995e-03
238  0.02564   2.0332e-03 |239 -0.11253   2.1728e-03 |240 -0.15102   5.8195e-04
241 -0.06596   2.2540e-03 |242  0.01207   2.2849e-03 |243  0.04318   3.2573e-03
244 -0.02342   2.5952e-03 |245 -0.12254   1.5991e-03 |246 -0.23359   1.5872e-03
247 -0.10359   1.9108e-03 |248  0.00245   2.9075e-03 |249  0.05282   1.7932e-03
250  0.08311   2.7603e-03 |251  0.05585  -3.5714e-04 |252 -0.01657  -3.9611e-04
253 -0.00239   9.4274e-04 |254  0.13241   2.6474e-03 |255  0.19825   2.8325e-03
256  0.23274   2.3947e-04 |257 -0.14572   2.0861e-03 |258  0.09620  -1.0465e-01
259  0.14960  -7.7605e-03 |260 -1.13210   8.0622e-02 |261 -0.84439   6.3285e-03
262 -0.79997   2.9999e-03 |263  0.00358   1.5743e-02 |264  0.53264   1.0547e-02
265 -0.51487   1.0869e-02 |266  0.59406   9.3721e-03 |267  0.04772   1.5699e-02
268 -0.33694   1.3589e-02 |269  0.66323   7.9452e-03 |270 -0.36773   1.3189e-02
271  0.45370   1.1912e-02 |272  0.41145   1.2568e-02 |273 -0.64480   8.3352e-03
274 -0.36301   1.3252e-02 |275 -0.57909   9.6670e-03 |276  0.10817   1.5517e-02
277  0.61095   9.0334e-03 |278  0.36343   1.3247e-02 |279 -0.12676   1.5432e-02
280 -0.56292   9.9793e-03 |281 -0.17525   1.5150e-02 |282 -0.09327   1.5575e-02
283  0.14914   1.5313e-02 |284 -0.41974   1.2444e-02 |285 -0.22483   1.4772e-02
286 -0.08688   1.5597e-02 |287 -0.53305   1.0539e-02 |288 -0.26675   1.4381e-02
289  0.64270   8.3793e-03 |290 -0.66203   7.9706e-03 |291  0.17167   1.5174e-02
292  0.17750   1.5135e-02 |293 -0.10906   1.5513e-02 |294  0.11722   1.5477e-02
295  0.36524   1.3223e-02 |296 -0.43866   1.2151e-02 |297 -0.11874   1.5470e-02
298  0.27653   1.4281e-02 |299  0.31339   1.3874e-02 |300  0.44564   1.2041e-02
301 -0.03182   1.5724e-02 |302  0.21469   1.4857e-02 |303  0.47187  -2.7384e-02
304  0.08845   7.3301e-04 |305 -0.90724  -4.1120e-04 |306  0.25190   6.1021e-03
307 -0.87921   1.0991e-02 |308 -0.52474  -1.4984e-03 |
19.6086 7.17307 68.8904 45.092 
11.1747 11.1747 48.9553 49.8754 
6.28857 9.27961 0 1.17041 11.3285 
0 2.00696 0 0 0.443181 19.3635 0 
19.6081 7.17323 68.8901 45.0915 
11.1749 11.1749 48.955 49.8755 
6.28864 9.27978 0 1.17016 11.3285 
0 2.00715 0 0 0.443183 19.3641 0 
19.6074 7.17351 68.8898 45.0909 
11.1751 11.1751 48.9545 49.8759 
6.2887 9.28005 0 1.16985 11.3283 
0 2.0074 0 0 0.443188 19.3647 0 
19.6065 7.17405 68.8895 45.09 
11.1754 11.1754 48.9536 49.8764 
6.28876 9.28049 0 1.1694 11.3281 
0 2.00777 0 0 0.443197 19.3656 0 
19.6051 7.17503 68.8889 45.0886 
11.1759 11.1759 48.9521 49.8774 
6.28884 9.28124 0 1.16864 11.3276 
0 2.00836 0 0 0.443213 19.3669 0 
19.6028 7.17672 68.888 45.0863 
11.1767 11.1767 48.9494 49.8792 
6.28899 9.28252 0 1.16736 11.3267 
0 2.00935 0 0 0.443241 19.3692 0 
19.6028 7.17716 68.8881 45.0858 
11.1769 11.1769 48.9482 49.8798 
6.2889 9.28277 0 1.1672 11.3266 
0 2.00958 0 0 0.443251 19.3691 0 
19.6031 7.17758 68.8886 45.0855 
11.1769 11.1769 48.9467 49.8809 
6.28889 9.28303 0 1.16715 11.326 
0 2.00973 0 0 0.443263 19.3687 0 
19.6035 7.17838 68.8894 45.0854 
11.177 11.177 48.9449 49.8823 
6.28879 9.2833 0 1.1672 11.3251 
0 2.00989 0 0 0.443286 19.3676 0 
19.6055 7.17901 68.8916 45.0863 
11.1767 11.1767 48.9426 49.8842 
6.28852 9.28314 0 1.16795 11.3238 
0 2.00965 0 0 0.443316 19.3644 0 
308 variables; iteration 700; function evaluation 768; phase 1
Function value   3.0852621e+02; maximum gradient component mag   1.4064e+00
Var   Value    Gradient   |Var   Value    Gradient   |Var   Value    Gradient
  1  0.13415  -1.0500e-01 |  2  0.18574  -2.3796e-02 |  3  0.18935  -5.8631e-02
  4  0.19618  -8.0521e-02 |  5  0.19475  -2.2605e-02 |  6  0.19097  -2.5324e-02
  7  0.17747   9.1871e-02 |  8  0.17348   3.9769e-03 |  9  0.17220  -2.4313e-02
 10  0.14822  -9.5358e-03 | 11 -2.12457  -3.1465e-02 | 12  0.12658   3.4562e-02
 13  0.10243  -3.7634e-02 | 14 -2.05671   5.3999e-02 | 15 -1.98845   5.3693e-02
 16 -0.10119  -7.3822e-02 | 17 -0.15717  -5.7579e-03 | 18 -0.25001  -1.3347e-02
 19 -0.28231  -6.1638e-03 | 20 -0.43368  -4.1846e-03 | 21 -1.18098   1.7051e-04
 22 -2.09896   2.5701e-02 | 23 -0.17123   1.8006e-03 | 24  0.01122   4.0969e-03
 25  0.08378  -4.4007e-03 | 26  0.12645  -5.5301e-03 | 27  0.15290   1.3955e-02
 28  0.15537   1.7302e-02 | 29  0.14992  -1.9379e-02 | 30  0.15174  -1.2960e-03
 31  0.15594   2.4569e-02 | 32  0.14784  -1.3754e-02 | 33  0.12930   7.2006e-03
 34  0.11272  -1.5507e-03 | 35  0.12251  -2.1845e-02 | 36  0.11945  -2.3782e-02
 37  0.08909   1.5840e-02 | 38  0.05223   4.1846e-02 | 39  0.00768   3.9688e-03
 40 -0.03823   1.5444e-02 | 41 -0.09445   6.0748e-03 | 42 -1.84596   1.3035e-02
 43 -0.01933   1.8718e-02 | 44 -0.06771  -7.2613e-02 | 45 -0.08809   1.6617e-01
 46 -0.16780   1.0251e-03 | 47 -0.18411  -2.8803e-02 | 48 -0.14625  -3.2172e-02
 49 -0.10838  -1.1972e-02 | 50 -0.06535  -4.6894e-03 | 51 -0.02806   4.5542e-02
 52  0.01406   7.0666e-02 | 53 -0.00363   1.4162e-01 | 54  0.02984   7.2090e-02
 55  0.02166   7.0792e-02 | 56  0.03639   3.9866e-02 | 57  0.08921   4.5384e-02
 58  0.10983   3.5633e-02 | 59  0.03521  -3.0291e-02 | 60 -0.10974  -5.0479e-03
 61 -0.07271  -1.8095e-02 | 62  0.03572  -8.8152e-02 | 63 -0.02364  -2.0784e-02
 64 -0.04633  -5.6461e-02 | 65 -0.05252   1.0477e-02 | 66 -0.04168  -1.5715e-02
 67 -0.06511   7.8620e-02 | 68 -0.05098   5.9877e-02 | 69 -0.07308   1.5572e-02
 70 -0.06094   4.9016e-02 | 71  0.05171   3.1771e-02 | 72  0.04585   9.5887e-02
 73  0.00551   2.1597e-01 | 74 -0.00362   7.9941e-02 | 75  0.09845   7.4682e-02
 76  0.08116   5.9310e-02 | 77 -0.02072   8.0302e-02 | 78 -0.05847   8.5290e-02
 79  0.08247  -7.8923e-02 | 80  0.31561  -5.4520e-02 | 81 -2.99933   1.3166e-03
 82 -0.12507   4.8488e-02 | 83 -0.04243   6.8485e-02 | 84 -2.04206  -4.5475e-02
 85 -0.03846  -2.9347e-02 | 86  0.09506   6.4193e-03 | 87  0.21449   6.9370e-02
 88 -0.08758  -1.3081e-02 | 89 -0.20767  -2.6350e-02 | 90 -0.15138  -2.1990e-02
 91 -0.04402  -3.5179e-02 | 92 -0.01903  -4.2192e-02 | 93  0.03710  -2.6422e-02
 94  0.16139  -3.2425e-02 | 95  0.01238  -1.0050e-02 | 96 -0.00191  -8.2373e-03
 97  0.01431  -1.3455e-02 | 98  0.09805  -1.8674e-02 | 99  0.08637  -2.4136e-02
100  0.08777  -5.2938e-02 |101  0.10996  -2.2783e-02 |102 -0.07699  -2.8906e-02
103 -0.10231  -4.4386e-02 |104  0.05472  -3.7168e-02 |105  0.03669  -4.0545e-02
106 -0.04797  -4.7445e-02 |107 -0.05975  -4.3365e-02 |108 -2.06912  -8.0798e-03
109  0.09989  -4.7810e-02 |110  0.08574  -5.2968e-02 |111  0.00723  -2.9765e-02
112 -0.12872  -3.0914e-02 |113 -0.14089  -2.2695e-02 |114 -1.96385  -8.7129e-03
115  0.11462  -3.5137e-02 |116  0.02080  -1.4690e-02 |117  0.09412   1.9763e-03
118  0.04371   8.9449e-03 |119 -0.01246   1.7105e-03 |120  0.00342  -1.6267e-02
121  0.12957  -1.1545e-02 |122  1.79881   4.0978e-02 |123 -1.00100  -1.0590e-02
124  0.10782  -3.9703e-02 |125 -0.01647  -3.1573e-02 |126  2.17291  -1.2148e-02
127 -0.56289   4.8268e-02 |128  2.58813  -4.5896e-02 |129  1.86009  -7.4311e-02
130 -0.58958   4.5757e-02 |131  3.75062   7.0374e-02 |132  0.66121   3.8635e-02
133 -2.80818  -2.2598e-02 |134  0.69359   3.5250e-02 |135 -0.24285   7.0669e-02
136  3.10662   1.2690e-02 |137 -1.47976  -5.2102e-02 |138 -0.21535   7.1827e-02
139  0.60282   4.4483e-02 |140  0.65419   3.9357e-02 |141 -3.39552   4.4321e-02
142 -0.56112   4.8431e-02 |143 -0.45141   5.7789e-02 |144 -3.29932   3.4496e-02
145 -1.59678  -6.1373e-02 |146  1.79417  -7.2197e-02 |147 -0.81095   2.2279e-02
148 -3.30242   3.4826e-02 |149 -1.08784  -1.0470e-02 |150  2.46148  -5.6998e-02
151 -0.24992   7.0350e-02 |152 -2.93481  -7.7875e-03 |153 -0.70797   3.3715e-02
154  1.28261  -3.2703e-02 |155  0.51081   5.2919e-02 |156 -1.51282  -5.4914e-02
157  1.41251  -4.5958e-02 |158 -0.73267   3.1042e-02 |159  0.18504   7.2949e-02
160  0.75569   2.8509e-02 |161  0.72482   3.1898e-02 |162 -0.10282   7.5151e-02
163  0.29439   6.8146e-02 |164  0.51352   5.2686e-02 |165  1.51645  -5.5214e-02
166  3.72408   6.9102e-02 |167 -1.10194  -1.2138e-02 |168 -0.44509   5.8278e-02
169  0.01043   1.4064e+00 |170  0.00947  -1.2512e-01 |171  0.00780   4.6315e-02
172  0.03137   3.6041e-02 |173  0.07917   1.9802e-01 |174  0.03931   2.2266e-02
175  0.03731  -2.8308e-02 |176  0.01533  -3.1549e-02 |177  0.03657   8.3923e-03
178  0.10081  -9.1105e-02 |179  0.12252  -5.1174e-02 |180  0.11254   2.8648e-02
181  0.05825   3.3387e-02 |182 -0.02208   6.3932e-02 |183 -0.02966   7.8522e-04
184 -0.00972   4.1540e-03 |185 -0.00816   1.0514e-02 |186 -0.01800   1.8246e-01
187 -0.04116   2.2349e-02 |188 -0.02746   8.1650e-03 |189  0.02754   1.9921e-01
190  0.03180   1.5257e-02 |191  0.03112   1.3237e-01 |192  0.02266   3.7695e-02
193 -0.01966  -1.0998e-01 |194 -0.07200   1.1495e-02 |195  0.00231   4.9382e-02
196  0.05975   5.6565e-02 |197  0.02202   1.3767e-03 |198  0.00924  -1.5022e-01
199  0.01077  -1.4891e-02 |200  0.01586  -9.6760e-02 |201  0.02620  -1.4787e-02
202  0.12159   4.3599e-02 |203  0.11722   4.7175e-02 |204  0.09818   3.3332e-02
205 -0.05128   1.6193e-02 |206 -0.11781  -2.4139e-03 |207 -0.13658  -1.2077e-02
208 -0.08225   2.4947e-02 |209 -0.04101   2.8673e-02 |210  0.06650  -1.2057e-02
211 -1.05262   1.9586e-04 |212 -0.05623   1.5639e-01 |213  0.03593  -2.3602e-02
214 -0.01169  -7.2131e-09 |215 -0.65575   2.1591e-02 |216 -0.84524   5.6676e-02
217  0.01748  -1.2394e-01 |218 -0.16324  -2.6724e-02 |219 -0.24940   2.2263e-03
220 -0.05392  -1.6580e-02 |221  0.03628  -6.4713e-03 |222 -0.00161  -1.9241e-02
223  0.00867  -1.5093e-02 |224 -0.02867  -1.5889e-02 |225 -0.03611  -7.5855e-03
226  0.08969   8.0476e-03 |227  0.07003  -7.2699e-03 |228  0.19540  -1.0322e-02
229  0.10415  -9.8483e-03 |230  0.09832  -2.0367e-02 |231  0.04954  -8.0503e-03
232  0.05766  -1.7290e-02 |233  0.06399  -1.6336e-02 |234  0.12739  -7.8517e-03
235 -0.11612  -3.1319e-03 |236 -0.12356   1.7134e-02 |237  0.00595  -9.9645e-04
238  0.02558  -1.3014e-02 |239 -0.11267  -1.2787e-03 |240 -0.15121   1.4512e-02
241 -0.06584   3.7434e-03 |242  0.01224   1.4313e-02 |243  0.04320   2.6746e-02
244 -0.02337   2.8685e-02 |245 -0.12256   1.2468e-03 |246 -0.23361   1.5086e-03
247 -0.10356  -1.3235e-02 |248  0.00252  -2.5907e-03 |249  0.05294   3.0280e-02
250  0.08319   1.3201e-02 |251  0.05593   6.8091e-03 |252 -0.01647  -7.6977e-03
253 -0.00245  -2.7572e-02 |254  0.13210  -8.1338e-02 |255  0.19817  -2.1926e-02
256  0.23286   1.6104e-02 |257 -0.14571   9.7035e-03 |258  0.09623   6.4260e-01
259  0.14961  -1.6838e-02 |260 -1.13212  -3.0578e-01 |261 -0.84437   3.6487e-01
262 -0.79971  -1.8666e-02 |263 -0.00299  -7.6447e-01 |264  0.52222  -5.2137e-01
265 -0.50818  -5.3358e-01 |266  0.58687  -4.6201e-01 |267  0.04201  -7.6282e-01
268 -0.32560  -6.6666e-01 |269  0.65602  -3.9325e-01 |270 -0.35373  -6.4947e-01
271  0.46342  -5.7072e-01 |272  0.40631  -6.1400e-01 |273 -0.63794  -4.1171e-01
274 -0.35336  -6.4971e-01 |275 -0.58292  -4.6578e-01 |276  0.10986  -7.5313e-01
277  0.60176  -4.4764e-01 |278  0.36006  -6.4543e-01 |279 -0.12859  -7.4894e-01
280 -0.55156  -4.9507e-01 |281 -0.18832  -7.3127e-01 |282 -0.08784  -7.5721e-01
283  0.15850  -7.4091e-01 |284 -0.41981  -6.0420e-01 |285 -0.22268  -7.1819e-01
286 -0.09460  -7.5606e-01 |287 -0.53067  -5.1391e-01 |288 -0.26689  -6.9828e-01
289  0.64041  -4.0921e-01 |290 -0.65867  -3.9053e-01 |291  0.16322  -7.3949e-01
292  0.17671  -7.3522e-01 |293 -0.10072  -7.5493e-01 |294  0.10840  -7.5342e-01
295  0.36517  -6.4212e-01 |296 -0.43589  -5.9217e-01 |297 -0.11181  -7.5272e-01
298  0.27253  -6.9549e-01 |299  0.31623  -6.7209e-01 |300  0.43995  -5.8908e-01
301 -0.02450  -7.6391e-01 |302  0.20388  -7.2561e-01 |303  0.47186   3.3251e-02
304  0.08847  -1.1265e-01 |305 -0.90726  -4.8777e-01 |306  0.25185  -1.4039e-01
307 -0.87924  -2.4567e-01 |308 -0.52476  -2.1226e-01 |
19.6077 7.18001 68.8951 45.0881 
11.176 11.176 48.9401 49.8866 
6.28821 9.28288 0 1.16873 11.322 
0 2.00924 0 0 0.44336 19.3602 0 
19.612 7.17964 68.8997 45.0916 
11.1749 11.1749 48.939 49.8878 
6.28773 9.28155 0 1.17071 11.3207 
0 2.00804 0 0 0.443387 19.3536 0 
19.6118 7.17966 68.8996 45.0916 
11.1749 11.1749 48.9391 49.8878 
6.28775 9.2816 0 1.17062 11.3207 
0 2.00808 0 0 0.443386 19.3538 0 
19.6103 7.17987 68.8981 45.0912 
11.1747 11.1747 48.9399 49.887 
6.28795 9.28208 0 1.16975 11.321 
0 2.00839 0 0 0.443379 19.3564 0 
19.6084 7.18023 68.8963 45.0915 
11.1738 11.1738 48.941 49.8861 
6.28815 9.28238 0 1.16816 11.3215 
0 2.00861 0 0 0.443362 19.3604 0 
19.6071 7.17974 68.8944 45.0921 
11.173 11.173 48.9429 49.8844 
6.28843 9.28232 0 1.16716 11.3224 
0 2.00864 0 0 0.443334 19.3638 0 
19.6063 7.17848 68.8923 45.0934 
11.1719 11.1719 48.9452 49.8824 
6.28885 9.28157 0 1.16607 11.3238 
0 2.00841 0 0 0.443291 19.3679 0 
19.6059 7.17551 68.8904 45.0953 
11.1706 11.1706 48.9481 49.8799 
6.28999 9.27966 0 1.16507 11.326 
0 2.0078 0 0 0.443234 19.3731 0 
19.6062 7.17392 68.8901 45.0941 
11.1715 11.1715 48.9482 49.8797 
6.29058 9.27868 0 1.16531 11.3271 
0 2.00754 0 0 0.443219 19.3741 0 
19.6069 7.17202 68.8908 45.0925 
11.1728 11.1728 48.9486 49.8789 
6.29163 9.27812 0 1.16644 11.3277 
0 2.00732 0 0 0.443229 19.3735 0 
19.6072 7.1717 68.8909 45.0905 
11.174 11.174 48.9488 49.8784 
6.29177 9.27828 0 1.16712 11.328 
0 2.00727 0 0 0.443231 19.3726 0 
308 variables; iteration 710; function evaluation 779; phase 1
Function value   3.0852511e+02; maximum gradient component mag  -5.3462e-01
Var   Value    Gradient   |Var   Value    Gradient   |Var   Value    Gradient
  1  0.13533   8.8568e-03 |  2  0.18566  -6.4821e-03 |  3  0.18945   4.6376e-03
  4  0.19624   1.1233e-03 |  5  0.19480   1.8111e-03 |  6  0.19103  -1.2529e-02
  7  0.17750   7.4932e-03 |  8  0.17353  -6.6120e-03 |  9  0.17226   2.2198e-02
 10  0.14828   1.1129e-02 | 11 -2.12461  -1.6116e-05 | 12  0.12661  -9.8387e-03
 13  0.10248  -5.0400e-03 | 14 -2.05680  -9.4424e-03 | 15 -1.98898  -3.5622e-02
 16 -0.10005  -4.4960e-02 | 17 -0.15740  -5.7841e-03 | 18 -0.25010  -1.3239e-02
 19 -0.28050  -5.5349e-03 | 20 -0.34730  -1.2757e-03 | 21 -1.20898   1.9545e-04
 22 -2.09926  -7.6893e-03 | 23 -0.17579   8.1097e-05 | 24  0.01110  -6.1947e-04
 25  0.08383  -1.1562e-03 | 26  0.12646  -4.3020e-03 | 27  0.15290   2.5566e-03
 28  0.15538   7.7506e-03 | 29  0.14994   2.6382e-03 | 30  0.15175  -1.5128e-03
 31  0.15595   1.0581e-03 | 32  0.14787  -3.6357e-03 | 33  0.12931  -7.6856e-04
 34  0.11272  -7.9133e-03 | 35  0.12251  -1.6504e-02 | 36  0.11945   1.7753e-03
 37  0.08910   5.2709e-03 | 38  0.05224   7.6985e-03 | 39  0.00769  -4.9767e-03
 40 -0.03827   2.7907e-03 | 41 -0.09467   9.8732e-04 | 42 -1.84656  -2.3808e-03
 43 -0.01868   2.0475e-02 | 44 -0.06618   1.5094e-02 | 45 -0.08989   1.7582e-03
 46 -0.16762   1.2436e-02 | 47 -0.18356   1.4844e-02 | 48 -0.14572   1.0641e-02
 49 -0.10809   5.6474e-03 | 50 -0.06498   1.0282e-02 | 51 -0.02803   1.6319e-02
 52  0.01386   5.3593e-04 | 53 -0.00461   1.8273e-02 | 54  0.03025   3.6200e-02
 55  0.02134  -2.5218e-03 | 56  0.03632  -1.1246e-02 | 57  0.08889  -1.4356e-02
 58  0.10981   3.2267e-02 | 59  0.03577   3.2472e-02 | 60 -0.10966   1.7862e-02
 61 -0.07248   2.6753e-02 | 62  0.03662   3.2357e-02 | 63 -0.02380   9.3672e-03
 64 -0.04587   4.0145e-03 | 65 -0.05259   2.4283e-02 | 66 -0.04142   2.2915e-02
 67 -0.06596   1.9493e-02 | 68 -0.05104   5.2645e-02 | 69 -0.07277   3.7874e-02
 70 -0.06097   5.5290e-02 | 71  0.05293   1.3427e-01 | 72  0.04589   1.1407e-01
 73  0.00394   9.9507e-02 | 74 -0.00379   3.6014e-02 | 75  0.09909   5.1341e-02
 76  0.08083  -1.5207e-03 | 77 -0.02122   2.3050e-02 | 78 -0.05963  -2.1378e-02
 79  0.08326  -4.7835e-02 | 80  0.31560  -3.6797e-02 | 81 -3.00152  -3.7252e-03
 82 -0.12537   1.3271e-02 | 83 -0.04302   1.8105e-02 | 84 -2.04160  -1.4708e-02
 85 -0.03786  -3.8199e-02 | 86  0.09496  -4.3510e-02 | 87  0.21436  -3.8647e-02
 88 -0.08750  -4.1894e-02 | 89 -0.20750  -3.8471e-02 | 90 -0.15135  -4.1792e-02
 91 -0.04382  -3.8324e-02 | 92 -0.01890  -4.0950e-02 | 93  0.03691  -4.0177e-02
 94  0.16129  -4.1621e-02 | 95  0.01234  -4.1045e-02 | 96 -0.00189  -4.3159e-02
 97  0.01421  -4.6580e-02 | 98  0.09794  -4.6867e-02 | 99  0.08637  -4.0351e-02
100  0.08808  -3.8005e-02 |101  0.10981  -5.1526e-02 |102 -0.07705  -4.6059e-02
103 -0.10210  -4.5740e-02 |104  0.05473  -4.2188e-02 |105  0.03655  -3.8518e-02
106 -0.04793  -4.1823e-02 |107 -0.05989  -4.8704e-02 |108 -2.06850   1.5008e-02
109  0.09970  -4.5886e-02 |110  0.08618   9.6355e-03 |111  0.00711  -3.8312e-02
112 -0.12863  -4.0799e-02 |113 -0.14092  -4.0953e-02 |114 -1.96341   2.6865e-02
115  0.11453  -2.1303e-02 |116  0.02103  -3.6543e-03 |117  0.09412  -2.0571e-02
118  0.04349  -3.1246e-02 |119 -0.01243  -3.3197e-02 |120  0.00393  -3.9526e-02
121  0.12977  -4.1021e-02 |122  1.79887   1.6736e-02 |123 -1.00331  -3.5599e-02
124  0.10780  -5.6023e-02 |125 -0.01643  -4.4561e-02 |126  2.17328   1.9864e-02
127 -0.55885  -1.7813e-03 |128  2.58834   1.6801e-03 |129  1.86075   2.7212e-03
130 -0.59032  -1.6732e-03 |131  3.75713  -2.5875e-03 |132  0.65860  -1.4237e-03
133 -2.81257   8.0764e-04 |134  0.70415  -1.2486e-03 |135 -0.25147  -2.5732e-03
136  3.11128  -4.8705e-04 |137 -1.48615   1.9283e-03 |138 -0.21804  -2.6260e-03
139  0.60174  -1.6319e-03 |140  0.65574  -1.4344e-03 |141 -3.39310  -1.6135e-03
142 -0.56191  -1.7710e-03 |143 -0.45509  -2.1056e-03 |144 -3.30978  -1.3029e-03
145 -1.59592   2.2451e-03 |146  1.79917   2.6500e-03 |147 -0.81107  -8.1653e-04
148 -3.30266  -1.2752e-03 |149 -1.09336   4.1002e-04 |150  2.46092   2.0888e-03
151 -0.25074  -2.5744e-03 |152 -2.93876   2.6367e-04 |153 -0.71225  -1.2184e-03
154  1.28738   1.2153e-03 |155  0.50606  -1.9520e-03 |156 -1.51074   2.0046e-03
157  1.40827   1.6672e-03 |158 -0.72895  -1.1523e-03 |159  0.18204  -2.6744e-03
160  0.75518  -1.0448e-03 |161  0.72738  -1.1568e-03 |162 -0.09302  -2.7581e-03
163  0.29630  -2.4910e-03 |164  0.51430  -1.9261e-03 |165  1.52558   2.0484e-03
166  3.72872  -2.5386e-03 |167 -1.10995   4.8131e-04 |168 -0.44496  -2.1344e-03
169  0.01044  -5.3462e-01 |170  0.00945   2.4836e-02 |171  0.00779  -2.2903e-02
172  0.03138  -1.7225e-02 |173  0.07919  -3.2926e-03 |174  0.03931  -2.3673e-02
175  0.03729   2.9678e-03 |176  0.01529  -8.6830e-03 |177  0.03651  -1.0894e-02
178  0.10076   4.5120e-04 |179  0.12243   8.3020e-04 |180  0.11246  -3.9917e-02
181  0.05820   5.5410e-03 |182 -0.02216   3.0058e-03 |183 -0.02962  -1.6563e-02
184 -0.00968  -3.8146e-02 |185 -0.00803  -3.4096e-02 |186 -0.01796  -1.8490e-02
187 -0.04109  -2.9564e-02 |188 -0.02735  -8.3481e-03 |189  0.02753   2.5630e-02
190  0.03182  -4.2176e-02 |191  0.03106  -3.7152e-02 |192  0.02263  -1.4794e-02
193 -0.01972  -3.7996e-02 |194 -0.07201  -1.2952e-02 |195  0.00238  -6.4314e-02
196  0.05980  -1.8149e-01 |197  0.02206  -4.5024e-02 |198  0.00923  -1.2910e-01
199  0.01063  -2.2686e-03 |200  0.01584  -1.5580e-02 |201  0.02632   4.0793e-03
202  0.12158   6.6527e-04 |203  0.11719   8.4562e-03 |204  0.09817   8.3824e-02
205 -0.05126   2.7653e-04 |206 -0.11781  -1.9091e-02 |207 -0.13651  -1.0998e-02
208 -0.08223  -2.2821e-02 |209 -0.04106  -1.5576e-02 |210  0.06654  -4.4557e-03
211 -1.05288   1.0022e-03 |212 -0.05622   3.4033e-01 |213  0.03595   1.3870e-01
214 -0.01133  -6.9882e-09 |215 -0.65597   2.1970e-02 |216 -0.84561  -4.2268e-02
217  0.01744  -8.8200e-02 |218 -0.16318  -1.0421e-02 |219 -0.24937  -1.3338e-03
220 -0.05392  -1.6041e-03 |221  0.03625  -2.7621e-03 |222 -0.00161  -6.5948e-03
223  0.00862  -2.6204e-03 |224 -0.02865  -4.4149e-03 |225 -0.03604  -7.4885e-03
226  0.08974  -2.8386e-03 |227  0.07005  -2.0895e-03 |228  0.19540  -5.2388e-03
229  0.10416  -1.7666e-03 |230  0.09831  -1.3800e-03 |231  0.04946   7.4540e-04
232  0.05757  -7.9469e-03 |233  0.06401  -6.0535e-03 |234  0.12740  -6.9623e-03
235 -0.11619  -3.0908e-03 |236 -0.12360   1.4168e-03 |237  0.00596  -7.4087e-04
238  0.02565  -4.4491e-03 |239 -0.11254  -7.3787e-03 |240 -0.15106  -4.3197e-03
241 -0.06588   9.9253e-04 |242  0.01205   2.9457e-03 |243  0.04316  -1.2355e-02
244 -0.02336  -8.7510e-03 |245 -0.12254  -5.4595e-03 |246 -0.23360  -1.1145e-04
247 -0.10357   1.6567e-03 |248  0.00246   3.9895e-05 |249  0.05291  -1.3543e-02
250  0.08313  -1.7761e-02 |251  0.05582  -2.4790e-02 |252 -0.01657  -1.4911e-02
253 -0.00238  -1.4024e-03 |254  0.13239   4.0111e-03 |255  0.19822  -4.7330e-03
256  0.23277  -2.7808e-03 |257 -0.14572   1.1134e-02 |258  0.09622   2.5487e-01
259  0.14961  -4.8775e-03 |260 -1.13211  -4.2030e-02 |261 -0.84439   2.2540e-02
262 -0.79936  -1.8864e-03 |263 -0.00455  -4.0952e-01 |264  0.52024  -2.8023e-01
265 -0.50668  -2.8653e-01 |266  0.58605  -2.4792e-01 |267  0.04085  -4.0869e-01
268 -0.32399  -3.5763e-01 |269  0.65356  -2.1202e-01 |270 -0.35127  -3.4876e-01
271  0.46503  -3.0505e-01 |272  0.40542  -3.2926e-01 |273 -0.63602  -2.2160e-01
274 -0.35140  -3.4871e-01 |275 -0.58350  -2.4922e-01 |276  0.10995  -4.0344e-01
277  0.59946  -2.4100e-01 |278  0.35914  -3.4608e-01 |279 -0.12912  -4.0114e-01
280 -0.54915  -2.6639e-01 |281 -0.19175  -3.9110e-01 |282 -0.08731  -4.0569e-01
283  0.16078  -3.9654e-01 |284 -0.41972  -3.2371e-01 |285 -0.22297  -3.8467e-01
286 -0.09460  -4.0502e-01 |287 -0.52935  -2.7593e-01 |288 -0.26700  -3.7404e-01
289  0.63950  -2.1971e-01 |290 -0.65775  -2.0972e-01 |291  0.16197  -3.9635e-01
292  0.17641  -3.9391e-01 |293 -0.09896  -4.0460e-01 |294  0.10595  -4.0387e-01
295  0.36588  -3.4374e-01 |296 -0.43433  -3.1786e-01 |297 -0.10897  -4.0355e-01
298  0.27116  -3.7294e-01 |299  0.31577  -3.6018e-01 |300  0.43855  -3.1615e-01
301 -0.02321  -4.0926e-01 |302  0.20226  -3.8904e-01 |303  0.47188   2.8322e-01
304  0.08848   2.0678e-02 |305 -0.90724   3.3285e-02 |306  0.25188  -9.8384e-03
307 -0.87923  -3.3640e-01 |308 -0.52470  -2.5971e-02 |
19.6076 7.17174 68.8911 45.0897 
11.1746 11.1746 48.9501 49.877 
6.29177 9.27909 0 1.16792 11.328 
0 2.0072 0 0 0.443231 19.371 0 
19.6082 7.17229 68.8912 45.0899 
11.1746 11.1746 48.9522 49.875 
6.29141 9.2801 0 1.16853 11.3279 
0 2.00698 0 0 0.443214 19.369 0 
19.6089 7.17297 68.8914 45.0913 
11.1741 11.1741 48.9542 49.8732 
6.29084 9.28095 0 1.16905 11.3277 
0 2.00672 0 0 0.443192 19.3668 0 
19.6099 7.17399 68.8917 45.0939 
11.1732 11.1732 48.9559 49.8719 
6.28995 9.28143 0 1.1695 11.3271 
0 2.00645 0 0 0.443167 19.3641 0 
19.6102 7.17422 68.8918 45.0955 
11.1728 11.1728 48.9557 49.8724 
6.28957 9.28114 0 1.16961 11.3264 
0 2.00656 0 0 0.443163 19.3632 0 
19.6102 7.17407 68.8917 45.0969 
11.1728 11.1728 48.9542 49.8745 
6.28933 9.28026 0 1.16981 11.325 
0 2.00713 0 0 0.44318 19.3628 0 
19.6099 7.17353 68.8913 45.0965 
11.1735 11.1735 48.9525 49.8765 
6.28946 9.27951 0 1.17004 11.3238 
0 2.00785 0 0 0.443213 19.3634 0 
19.6096 7.17287 68.8907 45.0949 
11.1745 11.1745 48.9511 49.8781 
6.28974 9.27903 0 1.17026 11.3229 
0 2.00851 0 0 0.443252 19.3646 0 
19.6095 7.17245 68.8902 45.0931 
11.1752 11.1752 48.9505 49.8787 
6.28994 9.27892 0 1.17036 11.3228 
0 2.00881 0 0 0.443277 19.3658 0 
19.6097 7.17234 68.8898 45.0918 
11.1756 11.1756 48.9505 49.8786 
6.28996 9.27905 0 1.17032 11.3231 
0 2.00876 0 0 0.443287 19.3666 0 
308 variables; iteration 720; function evaluation 789; phase 1
Function value   3.0852489e+02; maximum gradient component mag   1.5513e-01
Var   Value    Gradient   |Var   Value    Gradient   |Var   Value    Gradient
  1  0.13538   2.0656e-03 |  2  0.18567  -3.1373e-03 |  3  0.18945   8.4525e-03
  4  0.19624  -1.8047e-02 |  5  0.19480   5.3430e-03 |  6  0.19104   1.9410e-02
  7  0.17750   4.3202e-03 |  8  0.17354   3.2825e-03 |  9  0.17226   8.9593e-03
 10  0.14828  -1.8502e-03 | 11 -2.12463  -1.1369e-02 | 12  0.12662  -1.4097e-02
 13  0.10249  -1.2985e-03 | 14 -2.05683  -9.8960e-03 | 15 -1.98865   1.0300e-02
 16 -0.09876  -1.5982e-02 | 17 -0.15722  -4.0243e-03 | 18 -0.24814  -1.1888e-02
 19 -0.27802  -4.6438e-03 | 20 -0.33885  -5.0518e-04 | 21 -1.20902   1.9551e-04
 22 -2.09919   2.8231e-03 | 23 -0.17515   3.1119e-04 | 24  0.01109  -2.3860e-04
 25  0.08381  -3.6733e-04 | 26  0.12645  -2.8034e-03 | 27  0.15289  -4.3162e-03
 28  0.15537   1.2338e-03 | 29  0.14993   1.2406e-03 | 30  0.15174  -6.8611e-03
 31  0.15595   2.9220e-04 | 32  0.14786   1.7283e-04 | 33  0.12930  -1.5948e-04
 34  0.11272   2.9360e-05 | 35  0.12251   7.1904e-04 | 36  0.11945   9.2651e-03
 37  0.08906  -1.8365e-02 | 38  0.05222  -3.2947e-03 | 39  0.00768  -2.7913e-04
 40 -0.03830  -1.2150e-03 | 41 -0.09468   7.0192e-04 | 42 -1.84639   5.3268e-04
 43 -0.01854   1.1085e-02 | 44 -0.06612   1.3729e-03 | 45 -0.09007  -3.3017e-02
 46 -0.16761  -7.3636e-03 | 47 -0.18358  -7.3161e-03 | 48 -0.14568  -5.9164e-03
 49 -0.10803  -9.6921e-03 | 50 -0.06499  -1.1602e-02 | 51 -0.02814  -1.2499e-02
 52  0.01405  -8.7596e-03 | 53 -0.00470  -9.2664e-03 | 54  0.02980  -8.2737e-03
 55  0.02170   1.1205e-02 | 56  0.03647  -8.1668e-03 | 57  0.08912  -1.2721e-02
 58  0.10955  -1.8390e-02 | 59  0.03564  -9.1511e-03 | 60 -0.10963  -3.4974e-03
 61 -0.07247   3.8517e-03 | 62  0.03663   1.4051e-02 | 63 -0.02368  -5.5379e-04
 64 -0.04561   3.8537e-03 | 65 -0.05256   7.6654e-03 | 66 -0.04132   1.0691e-02
 67 -0.06564   2.2530e-02 | 68 -0.05114   2.3331e-02 | 69 -0.07279   5.2409e-03
 70 -0.06113  -9.5769e-03 | 71  0.05210  -2.7356e-02 | 72  0.04566  -2.0940e-02
 73  0.00363   9.4775e-04 | 74 -0.00372  -2.6316e-04 | 75  0.09948   4.9550e-02
 76  0.08093  -4.4895e-03 | 77 -0.02151  -4.5347e-03 | 78 -0.05945  -1.5445e-02
 79  0.08357  -2.3577e-02 | 80  0.31554  -2.0248e-02 | 81 -2.99942   1.0764e-03
 82 -0.12533  -4.0798e-03 | 83 -0.04305  -4.4856e-03 | 84 -2.04159   5.2962e-03
 85 -0.03805  -1.1648e-02 | 86  0.09500  -6.6207e-03 | 87  0.21439   8.2046e-04
 88 -0.08750  -1.2680e-02 | 89 -0.20752  -1.2540e-02 | 90 -0.15133  -1.2383e-02
 91 -0.04385  -1.1743e-02 | 92 -0.01890  -1.2089e-02 | 93  0.03691  -1.2303e-02
 94  0.16131  -1.1835e-02 | 95  0.01228  -1.5306e-02 | 96 -0.00187  -1.6036e-02
 97  0.01433  -1.4205e-02 | 98  0.09805  -8.4180e-03 | 99  0.08632  -8.8765e-03
100  0.08798  -1.0556e-02 |101  0.10991  -1.0329e-02 |102 -0.07692  -1.1990e-02
103 -0.10201  -1.4871e-02 |104  0.05484  -1.3152e-02 |105  0.03643  -1.9645e-02
106 -0.04797  -1.2357e-02 |107 -0.05987  -1.2589e-02 |108 -2.06841  -1.0291e-02
109  0.09996  -1.0555e-02 |110  0.08562  -2.2761e-02 |111  0.00718  -6.2366e-03
112 -0.12859  -9.3579e-03 |113 -0.14092  -1.0285e-02 |114 -1.96358  -1.1058e-02
115  0.11466  -1.8976e-02 |116  0.02075  -3.4286e-02 |117  0.09446  -1.1826e-02
118  0.04345  -1.2026e-02 |119 -0.01260  -1.0647e-02 |120  0.00389  -1.1958e-02
121  0.12973  -1.6993e-02 |122  1.79888  -1.9176e-02 |123 -1.00097  -1.0227e-02
124  0.10784  -1.5256e-02 |125 -0.01642  -1.2953e-02 |126  2.17323  -1.0476e-02
127 -0.55914  -6.9365e-04 |128  2.58780   6.5539e-04 |129  1.86155   1.0600e-03
130 -0.59065  -6.5151e-04 |131  3.75858  -1.0087e-03 |132  0.65925  -5.5310e-04
133 -2.81246   3.1394e-04 |134  0.70353  -4.8674e-04 |135 -0.25351  -1.0009e-03
136  3.11157  -1.9151e-04 |137 -1.48639   7.5153e-04 |138 -0.21663  -1.0236e-03
139  0.60107  -6.3614e-04 |140  0.65517  -5.5908e-04 |141 -3.39270  -6.2749e-04
142 -0.56136  -6.9073e-04 |143 -0.45559  -8.1969e-04 |144 -3.31189  -5.1014e-04
145 -1.59756   8.7618e-04 |146  1.79976   1.0323e-03 |147 -0.81135  -3.1832e-04
148 -3.30246  -4.9587e-04 |149 -1.09203   1.5910e-04 |150  2.46050   8.1418e-04
151 -0.25125  -1.0024e-03 |152 -2.93997   9.8067e-05 |153 -0.71204  -4.7532e-04
154  1.28894   4.7521e-04 |155  0.50492  -7.6135e-04 |156 -1.50982   7.7983e-04
157  1.40839   6.4915e-04 |158 -0.72973  -4.4806e-04 |159  0.18218  -1.0414e-03
160  0.75525  -4.0622e-04 |161  0.72771  -4.4947e-04 |162 -0.09183  -1.0745e-03
163  0.29624  -9.7006e-04 |164  0.51492  -7.4909e-04 |165  1.52548   7.9744e-04
166  3.72979  -9.8953e-04 |167 -1.11059   1.8989e-04 |168 -0.44469  -8.3175e-04
169  0.01043   4.4756e-02 |170  0.00946   1.9289e-02 |171  0.00779   1.0208e-02
172  0.03139   2.2506e-02 |173  0.07919   7.3681e-03 |174  0.03931  -1.0888e-02
175  0.03730   1.2234e-02 |176  0.01530   2.9306e-02 |177  0.03652   8.6435e-03
178  0.10077   2.5770e-03 |179  0.12243   4.9206e-03 |180  0.11246   3.5262e-03
181  0.05821  -7.1058e-03 |182 -0.02213   1.0698e-02 |183 -0.02960   8.2056e-03
184 -0.00971   7.9525e-03 |185 -0.00805   3.8423e-03 |186 -0.01795   1.0775e-03
187 -0.04106  -9.4171e-03 |188 -0.02732   2.2321e-03 |189  0.02755   1.3923e-02
190  0.03186   3.9295e-02 |191  0.03105  -4.3725e-02 |192  0.02264  -2.4497e-03
193 -0.01974  -2.5494e-02 |194 -0.07200   1.0870e-03 |195  0.00232  -2.5155e-03
196  0.05972   6.0151e-02 |197  0.02192   1.5659e-02 |198  0.00922  -1.9892e-03
199  0.01063   3.2109e-03 |200  0.01589  -1.5943e-02 |201  0.02642   3.5470e-03
202  0.12162  -3.3425e-02 |203  0.11719   2.8937e-02 |204  0.09817   3.6650e-02
205 -0.05134  -2.0196e-03 |206 -0.11776  -2.2888e-03 |207 -0.13656   1.3508e-03
208 -0.08221  -3.5790e-03 |209 -0.04105   7.1967e-03 |210  0.06656   5.9514e-04
211 -1.05242  -3.6565e-04 |212 -0.05625  -1.3551e-02 |213  0.03593  -5.2780e-02
214 -0.01130  -6.9695e-09 |215 -0.65604   2.2418e-03 |216 -0.84571  -9.7572e-03
217  0.01745  -1.4382e-02 |218 -0.16319  -7.5188e-03 |219 -0.24939  -1.5726e-03
220 -0.05391   3.0858e-04 |221  0.03627   1.9827e-03 |222 -0.00160   1.3423e-03
223  0.00863   5.9267e-03 |224 -0.02865   1.9554e-03 |225 -0.03604  -4.8501e-04
226  0.08974   2.2277e-03 |227  0.07006   1.8366e-03 |228  0.19542   2.8090e-03
229  0.10416   4.8043e-03 |230  0.09830   5.2770e-03 |231  0.04947   2.1504e-03
232  0.05760  -1.2477e-04 |233  0.06401  -6.1921e-04 |234  0.12740  -1.1245e-03
235 -0.11617  -1.2586e-03 |236 -0.12359   4.8516e-03 |237  0.00600  -7.8511e-04
238  0.02565   7.3266e-03 |239 -0.11256   1.7078e-03 |240 -0.15107  -1.1942e-03
241 -0.06592   6.5357e-04 |242  0.01215   1.4038e-03 |243  0.04317   5.3638e-03
244 -0.02345   3.7824e-03 |245 -0.12253  -1.7812e-03 |246 -0.23359  -8.7701e-03
247 -0.10356  -5.0223e-03 |248  0.00250  -3.5758e-03 |249  0.05278   8.9273e-03
250  0.08309   1.2315e-02 |251  0.05588   6.9154e-03 |252 -0.01656   9.0410e-04
253 -0.00240   5.2976e-04 |254  0.13231  -2.5762e-03 |255  0.19824  -1.2536e-03
256  0.23279   6.5620e-03 |257 -0.14571   9.0148e-03 |258  0.09622   4.7246e-02
259  0.14961  -1.2481e-02 |260 -1.13211  -6.2573e-02 |261 -0.84438   5.7393e-02
262 -0.79953   1.2531e-02 |263 -0.00481   2.0157e-02 |264  0.51938   1.3814e-02
265 -0.50580   1.4123e-02 |266  0.58568   1.2212e-02 |267  0.04049   2.0117e-02
268 -0.32323   1.7615e-02 |269  0.65376   1.0431e-02 |270 -0.35041   1.7181e-02
271  0.46583   1.4998e-02 |272  0.40460   1.6222e-02 |273 -0.63620   1.0903e-02
274 -0.35187   1.7156e-02 |275 -0.58353   1.2266e-02 |276  0.11015   1.9857e-02
277  0.59949   1.1862e-02 |278  0.35916   1.7034e-02 |279 -0.12916   1.9745e-02
280 -0.54881   1.3120e-02 |281 -0.19178   1.9250e-02 |282 -0.08801   1.9966e-02
283  0.16088   1.9518e-02 |284 -0.42001   1.5928e-02 |285 -0.22311   1.8933e-02
286 -0.09445   1.9937e-02 |287 -0.52922   1.3585e-02 |288 -0.26727   1.8408e-02
289  0.63970   1.0809e-02 |290 -0.65845   1.0303e-02 |291  0.16150   1.9513e-02
292  0.17690   1.9385e-02 |293 -0.09860   1.9917e-02 |294  0.10634   1.9877e-02
295  0.36654   1.6908e-02 |296 -0.43428   1.5647e-02 |297 -0.10882   1.9864e-02
298  0.27075   1.8362e-02 |299  0.31540   1.7734e-02 |300  0.43897   1.5553e-02
301 -0.02385   2.0144e-02 |302  0.20253   1.9147e-02 |303  0.47187  -1.5352e-01
304  0.08850   1.8159e-02 |305 -0.90724  -4.6501e-02 |306  0.25187  -4.0122e-02
307 -0.87920   1.5513e-01 |308 -0.52475   7.5866e-02 |
19.61 7.1724 68.8896 45.091 
11.1756 11.1756 48.9507 49.8783 
6.2898 9.27929 0 1.17018 11.3238 
0 2.00846 0 0 0.443286 19.3671 0 
19.6103 7.17252 68.8894 45.0909 
11.1754 11.1754 48.9511 49.8779 
6.2895 9.27958 0 1.16995 11.325 
0 2.0079 0 0 0.443275 19.3673 0 
19.6103 7.17261 68.8893 45.0916 
11.175 11.175 48.9516 49.8774 
6.28913 9.27985 0 1.16975 11.3264 
0 2.0072 0 0 0.443255 19.3668 0 
19.61 7.17254 68.8892 45.0929 
11.1747 11.1747 48.9523 49.8772 
6.28891 9.28002 0 1.16975 11.3276 
0 2.0066 0 0 0.443233 19.3658 0 
19.6094 7.17235 68.8891 45.0942 
11.1745 11.1745 48.9528 49.8771 
6.28898 9.28002 0 1.17002 11.3283 
0 2.00632 0 0 0.443217 19.3646 0 
19.6087 7.17217 68.8889 45.0949 
11.1744 11.1744 48.9534 49.877 
6.28927 9.27994 0 1.17047 11.3284 
0 2.00629 0 0 0.443206 19.3635 0 
19.6082 7.17213 68.8888 45.095 
11.1743 11.1743 48.954 49.8769 
6.28965 9.27984 0 1.17103 11.3284 
0 2.00636 0 0 0.443196 19.3626 0 
19.608 7.1723 68.8887 45.0944 
11.1741 11.1741 48.9546 49.8768 
6.28996 9.27974 0 1.17156 11.3284 
0 2.0064 0 0 0.443182 19.362 0 
19.6084 7.17261 68.8889 45.0932 
11.1737 11.1737 48.955 49.8764 
6.29002 9.27967 0 1.1719 11.3287 
0 2.00633 0 0 0.443165 19.3617 0 
19.6092 7.17285 68.8892 45.0919 
11.1735 11.1735 48.9548 49.8763 
6.28965 9.27953 0 1.17171 11.3293 
0 2.00623 0 0 0.44315 19.362 0 
19.6089 7.17278 68.8891 45.0923 
11.1736 11.1736 48.9549 49.8764 
6.28977 9.27958 0 1.17177 11.3291 
0 2.00626 0 0 0.443155 19.3619 0 
308 variables; iteration 730; function evaluation 800; phase 1
Function value   3.0852477e+02; maximum gradient component mag  -2.8267e-01
Var   Value    Gradient   |Var   Value    Gradient   |Var   Value    Gradient
  1  0.13526  -7.6246e-03 |  2  0.18566  -5.6231e-03 |  3  0.18941  -1.2361e-02
  4  0.19623   3.3447e-03 |  5  0.19479   1.5237e-02 |  6  0.19102   2.6579e-02
  7  0.17748   1.8592e-02 |  8  0.17352   6.4834e-03 |  9  0.17224   8.0113e-03
 10  0.14826  -6.8254e-03 | 11 -2.12461  -3.7212e-03 | 12  0.12661   3.9758e-03
 13  0.10248   6.2681e-03 | 14 -2.05677   1.4643e-02 | 15 -1.98865   5.2463e-03
 16 -0.09770   1.1036e-02 | 17 -0.15694  -1.1361e-03 | 18 -0.24409  -9.0810e-03
 19 -0.27373  -2.9663e-03 | 20 -0.33604  -1.9388e-04 | 21 -1.20892   1.9553e-04
 22 -2.09917   4.1964e-03 | 23 -0.17546   1.8067e-04 | 24  0.01110   5.7995e-04
 25  0.08381  -9.8310e-04 | 26  0.12645   1.1966e-03 | 27  0.15289   2.3473e-03
 28  0.15537   7.0638e-04 | 29  0.14993   4.4767e-03 | 30  0.15174  -7.7051e-03
 31  0.15595   1.7989e-03 | 32  0.14786  -2.2005e-03 | 33  0.12930  -7.9931e-04
 34  0.11272  -1.8475e-03 | 35  0.12252   7.3741e-03 | 36  0.11945  -1.2892e-02
 37  0.08905  -4.2063e-03 | 38  0.05222   3.6744e-03 | 39  0.00766  -3.1770e-03
 40 -0.03830   4.4271e-03 | 41 -0.09469   1.5104e-03 | 42 -1.84624   3.3303e-03
 43 -0.01884  -1.2636e-02 | 44 -0.06626  -1.3791e-02 | 45 -0.08989  -2.1075e-02
 46 -0.16760  -9.1005e-03 | 47 -0.18359  -9.9751e-03 | 48 -0.14564  -2.7186e-03
 49 -0.10797  -7.4297e-04 | 50 -0.06497  -1.5353e-03 | 51 -0.02806   3.6895e-03
 52  0.01402   5.1510e-03 | 53 -0.00465   7.7178e-03 | 54  0.02998   1.5490e-02
 55  0.02155   1.1641e-02 | 56  0.03656   1.1987e-02 | 57  0.08911   5.9110e-03
 58  0.10964   6.7979e-03 | 59  0.03567  -2.1494e-03 | 60 -0.10963  -6.2668e-03
 61 -0.07258  -9.9576e-03 | 62  0.03651   1.6799e-03 | 63 -0.02370  -4.3881e-03
 64 -0.04561   2.2256e-03 | 65 -0.05236   1.8964e-02 | 66 -0.04134   5.7724e-03
 67 -0.06585   2.5319e-03 | 68 -0.05130   3.1973e-03 | 69 -0.07286  -9.4590e-03
 70 -0.06103  -4.9548e-03 | 71  0.05228  -9.5648e-03 | 72  0.04577  -7.3018e-03
 73  0.00348  -1.5743e-02 | 74 -0.00358  -8.7864e-03 | 75  0.09872  -2.0444e-02
 76  0.08125  -5.2251e-03 | 77 -0.02155  -9.6349e-03 | 78 -0.05935  -6.7138e-03
 79  0.08384  -3.9426e-03 | 80  0.31551   2.6990e-03 | 81 -2.99954   3.3962e-04
 82 -0.12533  -6.2055e-03 | 83 -0.04305  -7.3897e-03 | 84 -2.04166   4.1392e-03
 85 -0.03797   7.6425e-04 | 86  0.09501   4.4288e-04 | 87  0.21433  -1.3553e-02
 88 -0.08748   6.3585e-04 | 89 -0.20750  -7.8189e-04 | 90 -0.15126   2.8456e-03
 91 -0.04383  -2.7507e-03 | 92 -0.01898  -7.3910e-03 | 93  0.03687  -2.7499e-03
 94  0.16128   5.4984e-03 | 95  0.01230   5.2487e-03 | 96 -0.00183   6.1490e-03
 97  0.01431   1.0218e-03 | 98  0.09800   8.9819e-04 | 99  0.08635   9.7562e-03
100  0.08798   8.6693e-03 |101  0.10984   5.1385e-03 |102 -0.07694   2.6327e-03
103 -0.10201   2.6879e-03 |104  0.05470   2.7160e-03 |105  0.03661   7.5703e-03
106 -0.04775   3.5364e-03 |107 -0.05977   1.6276e-03 |108 -2.06802   1.7342e-04
109  0.09995   4.4762e-03 |110  0.08580   1.0185e-02 |111  0.00712   2.2830e-04
112 -0.12854   4.2180e-04 |113 -0.14088   7.6541e-04 |114 -1.96325   9.9262e-05
115  0.11467   4.4818e-03 |116  0.02088   1.5255e-03 |117  0.09432  -5.3186e-03
118  0.04374   3.2045e-03 |119 -0.01229   6.0350e-04 |120  0.00408  -4.8860e-04
121  0.12983  -5.1195e-03 |122  1.79902   6.8864e-03 |123 -1.00000   1.4756e-02
124  0.10786   1.8583e-03 |125 -0.01645   3.4508e-03 |126  2.17374  -3.6127e-03
127 -0.55907  -2.5381e-03 |128  2.58714   2.4008e-03 |129  1.86250   3.8817e-03
130 -0.59062  -2.3835e-03 |131  3.75853  -3.6918e-03 |132  0.65964  -2.0244e-03
133 -2.81267   1.1513e-03 |134  0.70357  -1.7834e-03 |135 -0.25355  -3.6632e-03
136  3.11179  -6.9664e-04 |137 -1.48579   2.7472e-03 |138 -0.21602  -3.7476e-03
139  0.60116  -2.3296e-03 |140  0.65511  -2.0484e-03 |141 -3.39281  -2.2989e-03
142 -0.56128  -2.5275e-03 |143 -0.45578  -2.9987e-03 |144 -3.31219  -1.8711e-03
145 -1.59949   3.2132e-03 |146  1.79987   3.7792e-03 |147 -0.81126  -1.1623e-03
148 -3.30246  -1.8173e-03 |149 -1.09066   5.6703e-04 |150  2.46061   2.9788e-03
151 -0.25141  -3.6684e-03 |152 -2.93977   3.7125e-04 |153 -0.71214  -1.7370e-03
154  1.28929   1.7435e-03 |155  0.50429  -2.7907e-03 |156 -1.50942   2.8519e-03
157  1.40845   2.3777e-03 |158 -0.72947  -1.6394e-03 |159  0.18228  -3.8122e-03
160  0.75484  -1.4918e-03 |161  0.72753  -1.6484e-03 |162 -0.09140  -3.9333e-03
163  0.29620  -3.5513e-03 |164  0.51450  -2.7450e-03 |165  1.52493   2.9179e-03
166  3.73016  -3.6227e-03 |167 -1.11078   6.9052e-04 |168 -0.44544  -3.0407e-03
169  0.01043  -2.8267e-01 |170  0.00945  -1.9668e-02 |171  0.00780   1.8728e-02
172  0.03140   2.7025e-02 |173  0.07920   1.9697e-02 |174  0.03933  -6.9389e-03
175  0.03731  -1.7990e-02 |176  0.01531  -2.4810e-03 |177  0.03653   7.5760e-03
178  0.10078  -6.7503e-03 |179  0.12244  -9.1195e-03 |180  0.11248  -1.9444e-02
181  0.05823  -1.0173e-02 |182 -0.02211   1.3383e-02 |183 -0.02960  -6.6214e-05
184 -0.00970  -1.4393e-02 |185 -0.00805  -1.6115e-03 |186 -0.01797   1.4098e-02
187 -0.04107   1.7509e-03 |188 -0.02734  -2.8887e-03 |189  0.02755  -1.4438e-02
190  0.03185  -1.4335e-02 |191  0.03106  -2.7455e-02 |192  0.02262   1.0084e-04
193 -0.01974   8.2154e-03 |194 -0.07204   7.4732e-03 |195  0.00233   1.9694e-02
196  0.05973   1.3857e-02 |197  0.02193   3.6205e-03 |198  0.00921  -4.3834e-03
199  0.01060   1.1438e-02 |200  0.01587   2.3537e-02 |201  0.02634   3.5252e-03
202  0.12163   1.1816e-02 |203  0.11723  -5.9718e-03 |204  0.09819   6.9044e-04
205 -0.05130   3.9596e-03 |206 -0.11774   3.3818e-03 |207 -0.13658   3.8247e-03
208 -0.08222   6.2957e-03 |209 -0.04106   4.5136e-03 |210  0.06655   5.5686e-03
211 -1.05221  -3.9915e-04 |212 -0.05627   4.6604e-02 |213  0.03595   8.0282e-03
214 -0.01129  -6.9669e-09 |215 -0.65600   7.5281e-03 |216 -0.84564  -1.0903e-02
217  0.01747  -4.4030e-02 |218 -0.16317  -3.3650e-03 |219 -0.24937   2.5481e-03
220 -0.05393   2.7260e-03 |221  0.03624   3.9597e-03 |222 -0.00162  -8.0537e-05
223  0.00862  -2.3322e-03 |224 -0.02864   1.2258e-03 |225 -0.03603   3.6353e-03
226  0.08973   8.1249e-04 |227  0.07004  -1.5680e-03 |228  0.19540   6.7924e-04
229  0.10415  -2.6522e-03 |230  0.09832   4.4081e-05 |231  0.04946  -2.3690e-03
232  0.05761  -3.5801e-05 |233  0.06402  -2.3365e-03 |234  0.12739  -1.3629e-03
235 -0.11618  -2.2770e-03 |236 -0.12358   1.1093e-03 |237  0.00597   2.3721e-03
238  0.02563  -3.9037e-03 |239 -0.11253  -3.0902e-03 |240 -0.15100   1.5312e-03
241 -0.06598  -6.6389e-04 |242  0.01204  -9.1290e-04 |243  0.04319  -3.0296e-03
244 -0.02341  -9.9885e-04 |245 -0.12253  -1.0409e-03 |246 -0.23358  -1.3800e-04
247 -0.10359   1.0441e-03 |248  0.00245   3.8797e-04 |249  0.05282   1.2172e-03
250  0.08308  -2.4684e-03 |251  0.05585  -1.0535e-03 |252 -0.01654   1.2658e-03
253 -0.00235   4.3844e-03 |254  0.13244   6.8842e-03 |255  0.19826   6.2081e-03
256  0.23276   4.6931e-03 |257 -0.14571   9.0550e-04 |258  0.09621   1.1313e-01
259  0.14961   4.2634e-03 |260 -1.13210   8.4006e-02 |261 -0.84439   4.3881e-03
262 -0.79968  -1.1886e-03 |263 -0.00509   7.2673e-02 |264  0.51875   4.9852e-02
265 -0.50483   5.0996e-02 |266  0.58563   4.4034e-02 |267  0.03991   7.2532e-02
268 -0.32263   6.3540e-02 |269  0.65347   3.7637e-02 |270 -0.34982   6.1975e-02
271  0.46628   5.4041e-02 |272  0.40371   5.8543e-02 |273 -0.63602   3.9325e-02
274 -0.35221   6.1836e-02 |275 -0.58371   4.4209e-02 |276  0.11034   7.1587e-02
277  0.59912   4.2798e-02 |278  0.35919   6.1411e-02 |279 -0.12918   7.1184e-02
280 -0.54856   4.7323e-02 |281 -0.19196   6.9396e-02 |282 -0.08893   7.1968e-02
283  0.16095   7.0365e-02 |284 -0.42006   5.7421e-02 |285 -0.22343   6.8245e-02
286 -0.09412   7.1882e-02 |287 -0.52877   4.9013e-02 |288 -0.26741   6.6359e-02
289  0.63969   3.8972e-02 |290 -0.65876   3.7120e-02 |291  0.16126   7.0356e-02
292  0.17754   6.9869e-02 |293 -0.09853   7.1807e-02 |294  0.10653   7.1661e-02
295  0.36728   6.0915e-02 |296 -0.43412   5.6423e-02 |297 -0.10817   7.1629e-02
298  0.27057   6.6210e-02 |299  0.31476   6.3971e-02 |300  0.43917   5.6059e-02
301 -0.02428   7.2623e-02 |302  0.20284   6.9018e-02 |303  0.47187   1.6211e-01
304  0.08845   1.1680e-02 |305 -0.90724   2.5425e-02 |306  0.25190   1.2607e-02
307 -0.87921  -9.7742e-03 |308 -0.52475  -7.3009e-03 |
19.6098 7.17284 68.8896 45.0909 
11.1733 11.1733 48.9546 49.8762 
6.28939 9.27942 0 1.1715 11.3297 
0 2.00614 0 0 0.443139 19.3625 0 
19.6097 7.17265 68.8895 45.0912 
11.1735 11.1735 48.9542 49.8765 
6.28919 9.27936 0 1.17123 11.3297 
0 2.00623 0 0 0.443146 19.3627 0 
19.6097 7.17223 68.8894 45.0916 
11.174 11.174 48.9537 49.8769 
6.28877 9.27923 0 1.17082 11.3296 
0 2.00643 0 0 0.44316 19.3629 0 
19.6097 7.17233 68.8894 45.0915 
11.1739 11.1739 48.9539 49.8768 
6.28887 9.27926 0 1.17092 11.3296 
0 2.00639 0 0 0.443157 19.3629 0 
19.6097 7.17213 68.8895 45.0915 
11.174 11.174 48.9539 49.8768 
6.2887 9.27921 0 1.1708 11.3296 
0 2.00649 0 0 0.443163 19.3629 0 
19.6097 7.1722 68.8894 45.0915 
11.174 11.174 48.9539 49.8768 
6.28876 9.27923 0 1.17084 11.3296 
0 2.00645 0 0 0.443161 19.3629 0 
19.6098 7.17204 68.8895 45.0915 
11.174 11.174 48.9539 49.8767 
6.28863 9.27919 0 1.17075 11.3295 
0 2.00653 0 0 0.443165 19.3629 0 
19.6099 7.17182 68.8896 45.0916 
11.1741 11.1741 48.9541 49.8765 
6.2885 9.27915 0 1.17067 11.3293 
0 2.00665 0 0 0.443173 19.3628 0 
19.61 7.17157 68.8898 45.0919 
11.1742 11.1742 48.9546 49.8761 
6.28836 9.2791 0 1.17058 11.329 
0 2.00679 0 0 0.443185 19.3625 0 
19.6101 7.17137 68.89 45.0923 
11.1744 11.1744 48.9552 49.8756 
6.28824 9.27904 0 1.17051 11.3284 
0 2.00693 0 0 0.443198 19.3621 0 
19.6103 7.17126 68.8902 45.0929 
11.1745 11.1745 48.956 49.875 
6.28811 9.27897 0 1.17044 11.3277 
0 2.00705 0 0 0.443212 19.3616 0 
19.6105 7.1713 68.8905 45.0937 
11.1746 11.1746 48.957 49.8742 
6.288 9.2789 0 1.17039 11.3268 
0 2.00713 0 0 0.443226 19.3607 0 
308 variables; iteration 740; function evaluation 812; phase 1
Function value   3.0852474e+02; maximum gradient component mag   2.5184e-01
Var   Value    Gradient   |Var   Value    Gradient   |Var   Value    Gradient
  1  0.13526  -2.2837e-03 |  2  0.18566   8.9678e-03 |  3  0.18944   4.3160e-02
  4  0.19623   2.2234e-02 |  5  0.19479  -9.1686e-03 |  6  0.19100  -4.6945e-02
  7  0.17748  -1.3018e-02 |  8  0.17352  -1.2656e-02 |  9  0.17224  -1.1461e-02
 10  0.14827  -4.8275e-03 | 11 -2.12459   2.3053e-02 | 12  0.12661  -1.3089e-02
 13  0.10247  -1.1360e-02 | 14 -2.05682  -1.2352e-02 | 15 -1.98869  -6.5524e-03
 16 -0.09773   1.1905e-02 | 17 -0.15696  -8.1761e-04 | 18 -0.24120  -6.8068e-03
 19 -0.27124  -1.9874e-03 | 20 -0.33465  -6.3576e-05 | 21 -1.20956   1.9594e-04
 22 -2.09923  -3.1553e-03 | 23 -0.17669  -2.2711e-04 | 24  0.01110   7.5045e-05
 25  0.08382   3.7644e-03 | 26  0.12645  -3.2349e-03 | 27  0.15289  -2.5015e-03
 28  0.15537   2.6286e-03 | 29  0.14993  -1.0496e-02 | 30  0.15175   9.6984e-03
 31  0.15595  -2.1700e-03 | 32  0.14786  -5.4590e-03 | 33  0.12931   1.9199e-04
 34  0.11273  -2.7228e-03 | 35  0.12252  -2.0227e-03 | 36  0.11947   4.4864e-03
 37  0.08906  -2.6547e-03 | 38  0.05223   9.3431e-03 | 39  0.00766  -2.7857e-04
 40 -0.03837  -1.3653e-02 | 41 -0.09474  -2.9267e-03 | 42 -1.84652  -3.8071e-03
 43 -0.01892  -1.4064e-02 | 44 -0.06631  -1.3952e-02 | 45 -0.08978  -9.6620e-03
 46 -0.16752  -2.9202e-04 | 47 -0.18349   1.1742e-03 | 48 -0.14573  -1.0132e-02
 49 -0.10802  -7.2275e-03 | 50 -0.06490  -4.0958e-04 | 51 -0.02805  -8.7873e-04
 52  0.01403  -3.3198e-03 | 53 -0.00467  -2.6977e-03 | 54  0.02989   1.1260e-03
 55  0.02155   1.5029e-03 | 56  0.03640  -1.1402e-02 | 57  0.08913  -3.4350e-03
 58  0.10962  -9.0960e-04 | 59  0.03571  -2.1693e-03 | 60 -0.10964  -8.0289e-03
 61 -0.07249  -3.3177e-03 | 62  0.03649  -5.4453e-03 | 63 -0.02362  -6.1179e-03
 64 -0.04570  -1.3368e-02 | 65 -0.05246   5.3066e-03 | 66 -0.04142  -6.9410e-03
 67 -0.06590  -7.0273e-03 | 68 -0.05137  -5.7481e-03 | 69 -0.07273   1.1966e-03
 70 -0.06098   6.9876e-04 | 71  0.05232  -8.3792e-03 | 72  0.04566  -2.1778e-02
 73  0.00357  -1.4580e-02 | 74 -0.00370  -2.0438e-02 | 75  0.09870  -2.9690e-02
 76  0.08132  -4.0753e-03 | 77 -0.02157  -1.0731e-02 | 78 -0.05931  -4.1105e-03
 79  0.08383  -5.0709e-03 | 80  0.31549  -3.7263e-03 | 81 -2.99961   3.5844e-04
 82 -0.12530  -4.5501e-03 | 83 -0.04295  -1.7919e-03 | 84 -2.04179   8.9570e-04
 85 -0.03790   5.5621e-03 | 86  0.09499   7.2481e-03 | 87  0.21441   1.8276e-02
 88 -0.08745   2.4705e-03 | 89 -0.20745   3.9696e-03 | 90 -0.15134   9.2604e-05
 91 -0.04386   1.1241e-03 | 92 -0.01884   6.2634e-03 | 93  0.03690   3.5554e-03
 94  0.16127   3.8730e-04 | 95  0.01227   6.7636e-04 | 96 -0.00190   6.5469e-04
 97  0.01433   2.8413e-03 | 98  0.09804   9.9819e-04 | 99  0.08630  -5.6546e-03
100  0.08799   4.4167e-04 |101  0.10988   4.7024e-03 |102 -0.07696   2.0536e-03
103 -0.10208  -1.8413e-03 |104  0.05474   2.5318e-03 |105  0.03659   3.5226e-03
106 -0.04780   1.3950e-03 |107 -0.05980   2.9947e-04 |108 -2.06798   6.6398e-03
109  0.09997  -4.5766e-04 |110  0.08583   7.4668e-03 |111  0.00721   3.8244e-03
112 -0.12848   4.0114e-03 |113 -0.14086   3.2038e-03 |114 -1.96322   2.8351e-03
115  0.11465  -6.5135e-05 |116  0.02082  -5.6186e-03 |117  0.09445   2.3318e-03
118  0.04368  -2.3459e-03 |119 -0.01235  -5.0714e-04 |120  0.00403  -7.9883e-04
121  0.12990   3.8236e-03 |122  1.79902   1.1675e-02 |123 -1.00016  -1.7413e-04
124  0.10787   1.2323e-03 |125 -0.01649   1.4169e-03 |126  2.17386   2.1101e-03
127 -0.55881   7.8620e-05 |128  2.58728  -7.4237e-05 |129  1.86281  -1.2102e-04
130 -0.59069   7.3702e-05 |131  3.75870   1.1486e-04 |132  0.65964   6.3744e-05
133 -2.81342  -3.7068e-05 |134  0.70349   5.6381e-05 |135 -0.25379   1.1393e-04
136  3.11213   1.9488e-05 |137 -1.48584  -8.5162e-05 |138 -0.21577   1.1662e-04
139  0.60117   7.3128e-05 |140  0.65524   6.4468e-05 |141 -3.39288   7.2197e-05
142 -0.56104   7.8283e-05 |143 -0.45568   9.3078e-05 |144 -3.31246   5.9089e-05
145 -1.59970  -9.9838e-05 |146  1.80013  -1.1788e-04 |147 -0.81135   3.4866e-05
148 -3.30258   5.7416e-05 |149 -1.09026  -1.4742e-05 |150  2.46055  -9.2448e-05
151 -0.25091   1.1415e-04 |152 -2.93991  -1.5816e-05 |153 -0.71202   5.3304e-05
154  1.28952  -5.5184e-05 |155  0.50383   8.7411e-05 |156 -1.50972  -8.8487e-05
157  1.40846  -7.4620e-05 |158 -0.72945   5.0177e-05 |159  0.18193   1.1890e-04
160  0.75460   4.7517e-05 |161  0.72819   5.2130e-05 |162 -0.09102   1.2248e-04
163  0.29612   1.1085e-04 |164  0.51413   8.5988e-05 |165  1.52525  -9.1306e-05
166  3.73054   1.1270e-04 |167 -1.11126  -1.9302e-05 |168 -0.44618   9.4290e-05
169  0.01043   2.5184e-01 |170  0.00946   9.9874e-04 |171  0.00781  -1.0669e-02
172  0.03140  -2.7197e-02 |173  0.07920  -1.5712e-02 |174  0.03933   1.4371e-02
175  0.03731   1.2776e-02 |176  0.01530  -1.6024e-02 |177  0.03653  -7.6678e-03
178  0.10076  -1.0743e-02 |179  0.12243  -4.2170e-03 |180  0.11246  -2.9482e-02
181  0.05821  -1.2402e-02 |182 -0.02213  -3.4002e-03 |183 -0.02959   1.5934e-03
184 -0.00969   2.7252e-05 |185 -0.00805  -1.9106e-03 |186 -0.01796   1.1631e-02
187 -0.04108  -1.5289e-02 |188 -0.02735  -4.9556e-03 |189  0.02754   1.9750e-02
190  0.03183  -1.0847e-02 |191  0.03106  -7.5640e-03 |192  0.02261  -6.4879e-03
193 -0.01972   1.9682e-02 |194 -0.07204  -5.0243e-03 |195  0.00234  -6.9567e-03
196  0.05974  -1.5209e-02 |197  0.02193  -1.3371e-03 |198  0.00922   5.5723e-02
199  0.01060   1.5560e-02 |200  0.01587   1.9958e-02 |201  0.02634  -4.5042e-04
202  0.12164   9.6355e-03 |203  0.11724  -1.1197e-02 |204  0.09819  -6.4292e-03
205 -0.05130   1.0176e-03 |206 -0.11768   2.6863e-03 |207 -0.13662  -1.4787e-02
208 -0.08221  -1.7850e-03 |209 -0.04105   5.2166e-05 |210  0.06655  -5.9957e-03
211 -1.05220   3.9913e-04 |212 -0.05625   2.4816e-02 |213  0.03594  -4.4610e-02
214 -0.01129  -6.9646e-09 |215 -0.65599   9.4769e-03 |216 -0.84563  -3.3128e-03
217  0.01749   1.1905e-03 |218 -0.16320  -2.3501e-03 |219 -0.24940  -9.4736e-03
220 -0.05392  -1.9091e-03 |221  0.03628   1.6088e-03 |222 -0.00160   4.9521e-03
223  0.00862  -1.2033e-03 |224 -0.02865   3.1822e-03 |225 -0.03603  -4.0345e-04
226  0.08974  -4.5044e-03 |227  0.07005  -1.9790e-03 |228  0.19541   4.6641e-03
229  0.10415   3.6385e-03 |230  0.09831   6.0589e-03 |231  0.04947  -6.1808e-04
232  0.05760   5.0587e-03 |233  0.06399  -4.5651e-04 |234  0.12740   6.7123e-03
235 -0.11617  -3.5461e-03 |236 -0.12359   3.9937e-03 |237  0.00596   3.2860e-04
238  0.02565   1.5698e-03 |239 -0.11251   3.2520e-03 |240 -0.15100   3.2299e-03
241 -0.06599   1.4572e-03 |242  0.01203   5.5157e-03 |243  0.04318   1.1334e-03
244 -0.02340   3.1313e-03 |245 -0.12252   3.1306e-03 |246 -0.23358  -2.4425e-03
247 -0.10359   4.3757e-04 |248  0.00244   1.4880e-03 |249  0.05279   1.2322e-03
250  0.08312   7.2939e-03 |251  0.05587   1.5633e-03 |252 -0.01656   4.9259e-03
253 -0.00239   2.0116e-03 |254  0.13244   7.1418e-03 |255  0.19828   8.6979e-03
256  0.23275   6.3784e-03 |257 -0.14573  -1.0328e-02 |258  0.09621  -6.2845e-02
259  0.14960  -1.2621e-02 |260 -1.13210  -1.0489e-03 |261 -0.84439  -9.4077e-02
262 -0.79990   4.9469e-03 |263 -0.00506  -3.1690e-02 |264  0.51842  -2.1751e-02
265 -0.50450  -2.2250e-02 |266  0.58545  -1.9208e-02 |267  0.03944  -3.1630e-02
268 -0.32231  -2.7715e-02 |269  0.65348  -1.6411e-02 |270 -0.34962  -2.7031e-02
271  0.46634  -2.3562e-02 |272  0.40328  -2.5542e-02 |273 -0.63599  -1.7149e-02
274 -0.35209  -2.6966e-02 |275 -0.58370  -1.9278e-02 |276  0.11048  -3.1215e-02
277  0.59897  -1.8669e-02 |278  0.35907  -2.6782e-02 |279 -0.12920  -3.1041e-02
280 -0.54824  -2.0648e-02 |281 -0.19180  -3.0264e-02 |282 -0.08905  -3.1382e-02
283  0.16112  -3.0681e-02 |284 -0.41996  -2.5042e-02 |285 -0.22334  -2.9761e-02
286 -0.09429  -3.1344e-02 |287 -0.52865  -2.1378e-02 |288 -0.26739  -2.8937e-02
289  0.63975  -1.6991e-02 |290 -0.65896  -1.6177e-02 |291  0.16111  -3.0682e-02
292  0.17785  -3.0462e-02 |293 -0.09845  -3.1313e-02 |294  0.10652  -3.1248e-02
295  0.36730  -2.6561e-02 |296 -0.43424  -2.4600e-02 |297 -0.10820  -3.1234e-02
298  0.27061  -2.8871e-02 |299  0.31450  -2.7902e-02 |300  0.43947  -2.4435e-02
301 -0.02448  -3.1668e-02 |302  0.20279  -3.0097e-02 |303  0.47186  -1.5152e-01
304  0.08843  -2.0140e-02 |305 -0.90724   9.6198e-03 |306  0.25191   2.4709e-02
307 -0.87921   3.0106e-02 |308 -0.52475  -2.9438e-02 |
19.6107 7.17165 68.8909 45.0947 
11.1747 11.1747 48.9583 49.8734 
6.28793 9.27885 0 1.17039 11.3257 
0 2.00711 0 0 0.443237 19.3596 0 
19.6115 7.17286 68.8915 45.0963 
11.175 11.175 48.9598 49.8721 
6.28752 9.27899 0 1.17071 11.3247 
0 2.00679 0 0 0.44324 19.3568 0 
19.6111 7.17287 68.8911 45.0956 
11.1749 11.1749 48.959 49.8727 
6.28783 9.27899 0 1.17071 11.3254 
0 2.0067 0 0 0.443225 19.3578 0 
19.6104 7.1728 68.8904 45.094 
11.1746 11.1746 48.957 49.8743 
6.28849 9.27906 0 1.17088 11.3268 
0 2.00655 0 0 0.44319 19.3598 0 
19.6096 7.17245 68.8898 45.0922 
11.1743 11.1743 48.9547 49.876 
6.2892 9.27921 0 1.17106 11.3284 
0 2.00647 0 0 0.443153 19.3621 0 
19.6099 7.17247 68.8901 45.0927 
11.1744 11.1744 48.9553 49.8755 
6.28891 9.27922 0 1.17106 11.328 
0 2.00652 0 0 0.443165 19.3613 0 
19.6102 7.17238 68.8903 45.0931 
11.1744 11.1744 48.9557 49.8751 
6.28864 9.27927 0 1.17111 11.3278 
0 2.00657 0 0 0.443173 19.3607 0 
19.6104 7.17226 68.8904 45.0932 
11.1744 11.1744 48.9557 49.875 
6.28848 9.27931 0 1.17119 11.3279 
0 2.00662 0 0 0.443176 19.3605 0 
19.6104 7.17217 68.8904 45.0932 
11.1743 11.1743 48.9555 49.875 
6.28845 9.27931 0 1.17126 11.3281 
0 2.00664 0 0 0.443176 19.3606 0 
19.6104 7.17222 68.8903 45.0931 
11.1744 11.1744 48.9555 49.8751 
6.28853 9.27927 0 1.17125 11.3282 
0 2.00662 0 0 0.443174 19.3608 0 
308 variables; iteration 750; function evaluation 822; phase 1
Function value   3.0852469e+02; maximum gradient component mag  -3.9381e-02
Var   Value    Gradient   |Var   Value    Gradient   |Var   Value    Gradient
  1  0.13528  -2.1954e-03 |  2  0.18568   7.5589e-04 |  3  0.18943  -2.9069e-03
  4  0.19624   2.4107e-03 |  5  0.19479  -4.1728e-03 |  6  0.19102  -1.3270e-03
  7  0.17749  -2.6708e-03 |  8  0.17353  -4.4795e-04 |  9  0.17225  -2.5255e-03
 10  0.14827   7.0381e-04 | 11 -2.12461   3.7012e-03 | 12  0.12662   1.5808e-03
 13  0.10248   6.3780e-04 | 14 -2.05680  -1.6113e-04 | 15 -1.98870  -5.1900e-03
 16 -0.09835  -2.1779e-03 | 17 -0.15682  -2.8211e-04 | 18 -0.23491  -1.6900e-03
 19 -0.26669   7.6667e-05 | 20 -0.33379   3.6161e-05 | 21 -1.21063   1.9693e-04
 22 -2.09920   8.3876e-04 | 23 -0.17618  -4.9359e-05 | 24  0.01110   2.5019e-05
 25  0.08381  -8.8865e-05 | 26  0.12645   9.6511e-05 | 27  0.15289  -6.1235e-04
 28  0.15537  -3.6312e-04 | 29  0.14993  -3.9723e-04 | 30  0.15175   4.1674e-04
 31  0.15595   5.8815e-04 | 32  0.14787   5.6881e-04 | 33  0.12931   2.0815e-04
 34  0.11273   4.1574e-04 | 35  0.12252   4.1854e-04 | 36  0.11946   3.7073e-03
 37  0.08907  -1.0248e-04 | 38  0.05222  -9.6164e-04 | 39  0.00763  -6.0621e-04
 40 -0.03835   7.0267e-04 | 41 -0.09473  -4.8538e-04 | 42 -1.84638  -1.6447e-04
 43 -0.01878   8.8653e-04 | 44 -0.06618   2.9022e-03 | 45 -0.08966   7.2167e-03
 46 -0.16757   1.4554e-03 | 47 -0.18356   9.2655e-04 | 48 -0.14568   3.5903e-04
 49 -0.10798   1.9283e-03 | 50 -0.06493   2.5045e-03 | 51 -0.02809   1.1091e-03
 52  0.01405   8.6820e-04 | 53 -0.00470  -4.0545e-03 | 54  0.02980  -8.5549e-03
 55  0.02148  -5.4313e-03 | 56  0.03654  -7.5707e-04 | 57  0.08914   1.0410e-03
 58  0.10962   3.1516e-03 | 59  0.03569   3.6683e-03 | 60 -0.10960   1.9514e-03
 61 -0.07249   3.1967e-03 | 62  0.03654   6.2862e-03 | 63 -0.02362   1.1390e-03
 64 -0.04559  -3.2695e-04 | 65 -0.05271  -1.2409e-02 | 66 -0.04142  -8.0634e-03
 67 -0.06589  -6.7617e-03 | 68 -0.05144  -1.0620e-02 | 69 -0.07281  -2.5666e-03
 70 -0.06105  -1.4565e-03 | 71  0.05227  -3.0610e-03 | 72  0.04575  -1.2517e-03
 73  0.00355  -1.0723e-04 | 74 -0.00361   1.9474e-03 | 75  0.09887   2.6734e-03
 76  0.08112   2.5419e-03 | 77 -0.02146   5.7370e-03 | 78 -0.05932   2.7951e-03
 79  0.08385   5.5672e-03 | 80  0.31549   2.9853e-03 | 81 -3.00080  -1.7652e-03
 82 -0.12531   3.6649e-04 | 83 -0.04302   1.6631e-04 | 84 -2.04168  -9.3767e-04
 85 -0.03790   2.9020e-03 | 86  0.09501   2.7917e-03 | 87  0.21436   4.5947e-03
 88 -0.08747   3.5304e-03 | 89 -0.20747   3.0662e-03 | 90 -0.15130   3.0724e-03
 91 -0.04383   3.2401e-03 | 92 -0.01890   3.0754e-03 | 93  0.03690   3.1377e-03
 94  0.16127   3.2172e-03 | 95  0.01225   2.8559e-03 | 96 -0.00189   2.9786e-03
 97  0.01433   2.4826e-03 | 98  0.09805   1.8128e-03 | 99  0.08633   9.8985e-04
100  0.08797   1.0598e-03 |101  0.10986   2.4914e-03 |102 -0.07694   2.6036e-03
103 -0.10201   2.9799e-03 |104  0.05473   2.8782e-03 |105  0.03653   3.5276e-03
106 -0.04783   3.4706e-03 |107 -0.05980   3.2454e-03 |108 -2.06802   1.1016e-03
109  0.09998   1.9072e-03 |110  0.08575  -1.5732e-03 |111  0.00724   2.2334e-03
112 -0.12847   2.1269e-03 |113 -0.14084   2.3176e-03 |114 -1.96327   1.0067e-03
115  0.11465   1.6172e-03 |116  0.02090   1.9791e-03 |117  0.09436   3.0770e-03
118  0.04364   2.3823e-03 |119 -0.01234   2.7711e-03 |120  0.00406   3.3489e-03
121  0.12983   5.5627e-03 |122  1.79901  -3.6301e-04 |123 -1.00005   4.0583e-03
124  0.10789   3.5568e-03 |125 -0.01650   2.8332e-03 |126  2.17387   1.8430e-03
127 -0.55860  -3.4950e-04 |128  2.58718   3.3035e-04 |129  1.86348   5.3352e-04
130 -0.59090  -3.2781e-04 |131  3.75874  -5.0752e-04 |132  0.65932  -2.7783e-04
133 -2.81461   1.5548e-04 |134  0.70326  -2.4466e-04 |135 -0.25442  -5.0325e-04
136  3.11258  -9.8272e-05 |137 -1.48632   3.7819e-04 |138 -0.21586  -5.1516e-04
139  0.60116  -3.1965e-04 |140  0.65538  -2.8074e-04 |141 -3.39265  -3.1532e-04
142 -0.56075  -3.4809e-04 |143 -0.45570  -4.1242e-04 |144 -3.31273  -2.5687e-04
145 -1.59949   4.4184e-04 |146  1.80036   5.1935e-04 |147 -0.81149  -1.6064e-04
148 -3.30271  -2.4924e-04 |149 -1.08929   7.9128e-05 |150  2.46051   4.0970e-04
151 -0.24995  -5.0472e-04 |152 -2.93981   4.7416e-05 |153 -0.71210  -2.3945e-04
154  1.28980   2.3930e-04 |155  0.50242  -3.8430e-04 |156 -1.51027   3.9272e-04
157  1.40812   3.2608e-04 |158 -0.72974  -2.2580e-04 |159  0.18153  -5.2395e-04
160  0.75461  -2.0436e-04 |161  0.72967  -2.2412e-04 |162 -0.08990  -5.4073e-04
163  0.29702  -4.8755e-04 |164  0.51359  -3.7742e-04 |165  1.52613   4.0132e-04
166  3.73111  -4.9830e-04 |167 -1.11231   9.8048e-05 |168 -0.44743  -4.1703e-04
169  0.01043   2.2659e-02 |170  0.00947  -5.1848e-04 |171  0.00782   5.9000e-04
172  0.03141  -2.6368e-03 |173  0.07920   1.2113e-03 |174  0.03933   3.6445e-03
175  0.03731  -6.7690e-04 |176  0.01530  -1.8564e-03 |177  0.03652  -6.4546e-04
178  0.10076   4.4247e-03 |179  0.12242   5.8557e-03 |180  0.11246   9.1043e-03
181  0.05822   2.2177e-03 |182 -0.02212  -3.0387e-03 |183 -0.02959   2.5684e-04
184 -0.00969   1.3772e-03 |185 -0.00805   1.9967e-04 |186 -0.01796  -3.4590e-03
187 -0.04107  -1.5683e-03 |188 -0.02734   2.7320e-04 |189  0.02754   1.0934e-03
190  0.03183   9.0532e-03 |191  0.03104   2.0710e-02 |192  0.02260   3.7485e-03
193 -0.01973   1.1091e-02 |194 -0.07204   1.4902e-03 |195  0.00233   2.6401e-03
196  0.05974   3.1987e-03 |197  0.02194   6.9518e-04 |198  0.00922   8.5200e-04
199  0.01061  -1.1029e-03 |200  0.01587  -6.0924e-03 |201  0.02636   3.0787e-04
202  0.12162  -4.1808e-03 |203  0.11723  -9.8277e-04 |204  0.09820  -1.7503e-03
205 -0.05129   1.3912e-03 |206 -0.11776   2.2214e-04 |207 -0.13658   1.5376e-03
208 -0.08222   1.3300e-03 |209 -0.04105   1.4912e-03 |210  0.06655   1.4574e-03
211 -1.05217  -1.0126e-04 |212 -0.05626  -1.3104e-02 |213  0.03595   6.2848e-03
214 -0.01129  -6.9646e-09 |215 -0.65599  -1.2585e-03 |216 -0.84563  -4.7946e-04
217  0.01751   1.0497e-02 |218 -0.16318   7.1080e-04 |219 -0.24938  -5.6669e-04
220 -0.05392  -1.4020e-04 |221  0.03626  -1.8240e-04 |222 -0.00160  -3.7788e-04
223  0.00863  -3.9109e-04 |224 -0.02864  -2.3802e-04 |225 -0.03603  -4.7512e-04
226  0.08975   3.2495e-04 |227  0.07006  -7.1478e-04 |228  0.19541  -2.4026e-04
229  0.10415  -2.9081e-04 |230  0.09830  -9.0280e-05 |231  0.04946   6.2548e-04
232  0.05760   1.3682e-04 |233  0.06400   4.5125e-04 |234  0.12739   9.8184e-04
235 -0.11617   6.5757e-04 |236 -0.12359  -2.4887e-04 |237  0.00598  -2.1678e-04
238  0.02565  -2.5897e-04 |239 -0.11252  -2.5161e-04 |240 -0.15100  -1.1031e-03
241 -0.06598  -1.2812e-03 |242  0.01205  -7.4416e-05 |243  0.04317   1.4825e-04
244 -0.02342   3.2597e-05 |245 -0.12254   2.9021e-04 |246 -0.23359   1.3468e-03
247 -0.10360   1.1096e-03 |248  0.00244   1.7032e-03 |249  0.05281   2.4448e-04
250  0.08311   8.8529e-04 |251  0.05586   8.8702e-04 |252 -0.01656   1.0392e-03
253 -0.00237  -5.4250e-04 |254  0.13242  -1.8239e-03 |255  0.19825  -4.6943e-04
256  0.23274  -8.1303e-04 |257 -0.14571  -1.3111e-03 |258  0.09621  -1.8178e-02
259  0.14960   6.4915e-04 |260 -1.13210  -2.0307e-02 |261 -0.84439  -2.9215e-02
262 -0.80007  -1.2596e-03 |263 -0.00503   1.5106e-03 |264  0.51844   1.0368e-03
265 -0.50469   1.0602e-03 |266  0.58521   9.1614e-04 |267  0.03820   1.5079e-03
268 -0.32191   1.3216e-03 |269  0.65371   7.8185e-04 |270 -0.34936   1.2888e-03
271  0.46645   1.1230e-03 |272  0.40281   1.2182e-03 |273 -0.63590   8.1758e-04
274 -0.35195   1.2856e-03 |275 -0.58404   9.1824e-04 |276  0.11086   1.4878e-03
277  0.59858   8.9072e-04 |278  0.35837   1.2776e-03 |279 -0.12932   1.4796e-03
280 -0.54753   9.8548e-04 |281 -0.19163   1.4427e-03 |282 -0.08913   1.4959e-03
283  0.16227   1.4618e-03 |284 -0.41937   1.1945e-03 |285 -0.22310   1.4188e-03
286 -0.09459   1.4940e-03 |287 -0.52851   1.0193e-03 |288 -0.26690   1.3798e-03
289  0.63982   8.0986e-04 |290 -0.65932   7.7029e-04 |291  0.16060   1.4628e-03
292  0.17847   1.4517e-03 |293 -0.09856   1.4926e-03 |294  0.10642   1.4896e-03
295  0.36735   1.2661e-03 |296 -0.43440   1.1724e-03 |297 -0.10808   1.4889e-03
298  0.27070   1.3761e-03 |299  0.31408   1.3305e-03 |300  0.43962   1.1646e-03
301 -0.02467   1.5095e-03 |302  0.20245   1.4349e-03 |303  0.47186  -3.9381e-02
304  0.08844   1.1999e-03 |305 -0.90723   1.7379e-02 |306  0.25190   1.0225e-03
307 -0.87921   2.3015e-02 |308 -0.52475   3.5686e-03 |
19.6102 7.17237 68.8902 45.093 
11.1744 11.1744 48.9554 49.8752 
6.28864 9.2792 0 1.1712 11.3281 
0 2.00657 0 0 0.443173 19.361 0 
19.6102 7.17244 68.8901 45.0929 
11.1744 11.1744 48.9554 49.8752 
6.28864 9.27916 0 1.17118 11.3281 
0 2.00657 0 0 0.443174 19.361 0 
19.6102 7.17254 68.8901 45.093 
11.1745 11.1745 48.9554 49.8751 
6.2886 9.27913 0 1.17114 11.328 
0 2.00656 0 0 0.443176 19.361 0 
19.6103 7.17265 68.8902 45.093 
11.1746 11.1746 48.9555 49.8751 
6.28848 9.27912 0 1.1711 11.3279 
0 2.00655 0 0 0.443179 19.3609 0 
19.6105 7.17275 68.8903 45.093 
11.1746 11.1746 48.9553 49.8752 
6.28827 9.27913 0 1.17105 11.3278 
0 2.00656 0 0 0.443183 19.3609 0 
19.6106 7.17276 68.8904 45.0928 
11.1747 11.1747 48.955 49.8753 
6.28814 9.27914 0 1.17104 11.3279 
0 2.00659 0 0 0.443184 19.361 0 
19.6107 7.17268 68.8904 45.0927 
11.1747 11.1747 48.9546 49.8755 
6.28807 9.27914 0 1.17107 11.3281 
0 2.00663 0 0 0.443184 19.3613 0 
19.6106 7.17259 68.8903 45.0926 
11.1747 11.1747 48.9545 49.8756 
6.2881 9.27911 0 1.1711 11.3283 
0 2.00666 0 0 0.443184 19.3615 0 
19.6106 7.17251 68.8902 45.0926 
11.1747 11.1747 48.9545 49.8756 
6.28815 9.27908 0 1.17113 11.3284 
0 2.00669 0 0 0.443185 19.3615 0 
19.6105 7.17244 68.8901 45.0926 
11.1747 11.1747 48.9546 49.8755 
6.28822 9.27904 0 1.17116 11.3284 
0 2.00671 0 0 0.443186 19.3615 0 
308 variables; iteration 760; function evaluation 832; phase 1
Function value   3.0852469e+02; maximum gradient component mag  -3.2556e-02
Var   Value    Gradient   |Var   Value    Gradient   |Var   Value    Gradient
  1  0.13532   3.2058e-03 |  2  0.18567  -4.8604e-04 |  3  0.18943  -2.7878e-03
  4  0.19624   1.2050e-03 |  5  0.19480  -3.3766e-03 |  6  0.19102  -7.4527e-04
  7  0.17749   4.1250e-04 |  8  0.17353  -1.7232e-03 |  9  0.17225  -1.5228e-03
 10  0.14827  -1.7019e-03 | 11 -2.12461   3.6162e-03 | 12  0.12662   3.4379e-04
 13  0.10248   7.5144e-04 | 14 -2.05681  -9.6001e-05 | 15 -1.98862   7.6563e-03
 16 -0.09830  -1.2417e-03 | 17 -0.15681  -2.5180e-04 | 18 -0.23404  -9.1567e-04
 19 -0.26654   1.4200e-04 | 20 -0.33355   6.6802e-05 | 21 -1.21147   1.9767e-04
 22 -2.09920  -3.3711e-04 | 23 -0.17615  -3.8401e-05 | 24  0.01109  -1.3785e-04
 25  0.08381   2.3854e-04 | 26  0.12645  -1.4637e-04 | 27  0.15289  -7.9734e-04
 28  0.15537  -5.0568e-04 | 29  0.14993  -3.4867e-04 | 30  0.15175   4.7241e-04
 31  0.15595   7.6869e-04 | 32  0.14787   6.9973e-04 | 33  0.12931  -1.5526e-04
 34  0.11273  -3.5089e-05 | 35  0.12252  -1.6681e-03 | 36  0.11946  -4.0891e-04
 37  0.08907  -7.9943e-05 | 38  0.05222   5.6366e-04 | 39  0.00763  -4.8404e-04
 40 -0.03835   2.8178e-04 | 41 -0.09471  -1.7337e-04 | 42 -1.84637  -1.1391e-04
 43 -0.01875   2.9327e-03 | 44 -0.06620   8.5820e-04 | 45 -0.08969   4.5486e-03
 46 -0.16757   1.4646e-03 | 47 -0.18355   1.8305e-03 | 48 -0.14566   2.2534e-03
 49 -0.10797   3.0273e-03 | 50 -0.06495   6.7966e-04 | 51 -0.02811  -2.4136e-03
 52  0.01401  -3.6815e-03 | 53 -0.00469  -3.7851e-03 | 54  0.02987  -2.4692e-03
 55  0.02148  -4.2233e-03 | 56  0.03652  -2.7279e-03 | 57  0.08914  -3.6407e-03
 58  0.10959  -4.5916e-03 | 59  0.03572   2.7233e-03 | 60 -0.10960   1.4878e-03
 61 -0.07249   2.4972e-03 | 62  0.03648  -1.6173e-04 | 63 -0.02361   9.5573e-04
 64 -0.04560   2.8096e-04 | 65 -0.05265  -5.5020e-03 | 66 -0.04140  -4.5530e-03
 67 -0.06585  -1.6819e-03 | 68 -0.05143  -7.6668e-03 | 69 -0.07282  -1.2670e-03
 70 -0.06105   7.2915e-04 | 71  0.05231   3.2662e-03 | 72  0.04576   3.1875e-03
 73  0.00355   1.5103e-03 | 74 -0.00362   1.8737e-03 | 75  0.09886   2.3364e-03
 76  0.08113   2.5990e-03 | 77 -0.02147   4.0330e-03 | 78 -0.05932   1.6451e-03
 79  0.08383   2.9870e-03 | 80  0.31550   1.6199e-03 | 81 -3.00085  -1.9078e-03
 82 -0.12532  -2.0993e-04 | 83 -0.04304  -1.1189e-03 | 84 -2.04165   7.8348e-06
 85 -0.03791   2.2023e-03 | 86  0.09501   2.6451e-03 | 87  0.21436   2.5216e-03
 88 -0.08748   1.4769e-03 | 89 -0.20748   1.3287e-03 | 90 -0.15130   1.6516e-03
 91 -0.04384   1.9245e-03 | 92 -0.01891   1.7632e-03 | 93  0.03690   2.1318e-03
 94  0.16127   1.9633e-03 | 95  0.01226  -2.1641e-04 | 96 -0.00189   2.6478e-04
 97  0.01431   3.9177e-04 | 98  0.09804   1.3827e-03 | 99  0.08633   1.2859e-03
100  0.08798   1.3580e-03 |101  0.10987   1.5939e-03 |102 -0.07694   1.1231e-03
103 -0.10201   1.1011e-03 |104  0.05475   9.6147e-04 |105  0.03651  -7.4364e-04
106 -0.04784   1.4274e-03 |107 -0.05980   1.2005e-03 |108 -2.06808  -6.5741e-04
109  0.09996   5.9293e-04 |110  0.08576  -8.4567e-04 |111  0.00722   6.6295e-04
112 -0.12849   6.1480e-04 |113 -0.14085   9.3060e-04 |114 -1.96330  -3.0006e-04
115  0.11464   7.2967e-04 |116  0.02089   1.3707e-03 |117  0.09435   1.8538e-03
118  0.04366   2.2615e-03 |119 -0.01232   2.2572e-03 |120  0.00406   1.8854e-03
121  0.12982   2.7693e-03 |122  1.79901  -3.1671e-04 |123 -1.00013   5.4092e-04
124  0.10788   1.0760e-03 |125 -0.01648   1.7871e-03 |126  2.17380   1.7706e-04
127 -0.55858  -2.0341e-04 |128  2.58720   1.9227e-04 |129  1.86336   3.1014e-04
130 -0.59087  -1.9082e-04 |131  3.75875  -2.9514e-04 |132  0.65933  -1.6125e-04
133 -2.81470   8.9806e-05 |134  0.70338  -1.4186e-04 |135 -0.25446  -2.9265e-04
136  3.11258  -5.8052e-05 |137 -1.48627   2.2003e-04 |138 -0.21581  -2.9958e-04
139  0.60110  -1.8564e-04 |140  0.65534  -1.6297e-04 |141 -3.39265  -1.8309e-04
142 -0.56063  -2.0262e-04 |143 -0.45558  -2.3996e-04 |144 -3.31269  -1.4902e-04
145 -1.59934   2.5696e-04 |146  1.80045   3.0191e-04 |147 -0.81155  -9.3908e-05
148 -3.30277  -1.4461e-04 |149 -1.08935   4.7198e-05 |150  2.46052   2.3834e-04
151 -0.25000  -2.9350e-04 |152 -2.93986   2.5808e-05 |153 -0.71211  -1.3955e-04
154  1.28975   1.3877e-04 |155  0.50239  -2.2327e-04 |156 -1.51035   2.2851e-04
157  1.40817   1.8938e-04 |158 -0.72971  -1.3166e-04 |159  0.18143  -3.0459e-04
160  0.75457  -1.1843e-04 |161  0.72975  -1.2991e-04 |162 -0.08981  -3.1441e-04
163  0.29696  -2.8339e-04 |164  0.51350  -2.1929e-04 |165  1.52611   2.3317e-04
166  3.73114  -2.8979e-04 |167 -1.11233   5.7937e-05 |168 -0.44746  -2.4259e-04
169  0.01043   2.4367e-02 |170  0.00947   1.9285e-03 |171  0.00782   1.0365e-03
172  0.03141  -3.8886e-03 |173  0.07920  -3.6185e-03 |174  0.03933   1.3644e-03
175  0.03730   1.8186e-03 |176  0.01530   3.8547e-03 |177  0.03652   3.2842e-03
178  0.10076   8.9633e-03 |179  0.12242   3.6245e-03 |180  0.11246  -6.8121e-04
181  0.05822   9.0330e-03 |182 -0.02212   1.6954e-03 |183 -0.02959   2.6896e-03
184 -0.00970   3.6724e-03 |185 -0.00805   1.7583e-03 |186 -0.01796  -3.4622e-03
187 -0.04107   7.4769e-04 |188 -0.02735   2.1118e-03 |189  0.02754   1.0153e-02
190  0.03183   1.3821e-03 |191  0.03105   9.1019e-03 |192  0.02260   5.2773e-03
193 -0.01973   1.0376e-02 |194 -0.07204   2.6120e-03 |195  0.00234   3.9475e-03
196  0.05974  -4.9655e-03 |197  0.02195  -1.8949e-04 |198  0.00922  -1.0341e-03
199  0.01061   2.3146e-03 |200  0.01587  -1.6649e-03 |201  0.02635   2.2626e-03
202  0.12162  -4.5435e-03 |203  0.11723   1.3060e-03 |204  0.09820   4.2463e-03
205 -0.05130   4.1235e-04 |206 -0.11776   5.3931e-04 |207 -0.13658   1.9217e-03
208 -0.08222   1.1624e-03 |209 -0.04105   2.7252e-03 |210  0.06655   2.2381e-03
211 -1.05221  -1.4456e-04 |212 -0.05626  -1.9405e-02 |213  0.03595   2.9661e-03
214 -0.01129  -6.9635e-09 |215 -0.65599   2.5185e-03 |216 -0.84563  -9.1328e-04
217  0.01750  -1.6385e-03 |218 -0.16318  -1.5380e-03 |219 -0.24938  -1.6042e-03
220 -0.05392  -1.2209e-04 |221  0.03626  -5.0295e-04 |222 -0.00160  -8.4260e-04
223  0.00863  -1.5589e-04 |224 -0.02864   1.0554e-04 |225 -0.03603  -8.2007e-04
226  0.08975  -7.0824e-04 |227  0.07006  -2.5149e-04 |228  0.19541   5.2039e-05
229  0.10415   1.9613e-04 |230  0.09830   1.0934e-03 |231  0.04946   2.3173e-04
232  0.05759  -7.6500e-04 |233  0.06400  -7.1726e-04 |234  0.12739  -7.6004e-04
235 -0.11617   5.2135e-04 |236 -0.12359   1.7677e-04 |237  0.00599   4.0532e-04
238  0.02565   1.0591e-03 |239 -0.11253   2.7568e-04 |240 -0.15101  -6.3816e-04
241 -0.06597  -6.3981e-04 |242  0.01206   9.1481e-04 |243  0.04317  -6.1943e-04
244 -0.02342  -2.3909e-04 |245 -0.12254  -9.6573e-05 |246 -0.23359   9.1398e-04
247 -0.10359   1.1322e-03 |248  0.00245   1.5065e-03 |249  0.05281  -3.4788e-04
250  0.08310   1.1007e-04 |251  0.05586  -1.1535e-04 |252 -0.01655   2.7514e-04
253 -0.00236   5.0086e-04 |254  0.13242  -9.3148e-04 |255  0.19825  -4.6073e-04
256  0.23274  -3.6283e-04 |257 -0.14571  -2.7115e-04 |258  0.09621   1.1764e-03
259  0.14960  -1.3568e-03 |260 -1.13210   9.7050e-03 |261 -0.84439  -1.2143e-02
262 -0.80002  -2.2249e-03 |263 -0.00501  -3.3892e-03 |264  0.51853  -2.3258e-03
265 -0.50479  -2.3786e-03 |266  0.58526  -2.0551e-03 |267  0.03802  -3.3833e-03
268 -0.32193  -2.9651e-03 |269  0.65374  -1.7539e-03 |270 -0.34936  -2.8917e-03
271  0.46645  -2.5195e-03 |272  0.40290  -2.7329e-03 |273 -0.63582  -1.8349e-03
274 -0.35191  -2.8846e-03 |275 -0.58414  -2.0599e-03 |276  0.11089  -3.3380e-03
277  0.59850  -1.9986e-03 |278  0.35829  -2.8665e-03 |279 -0.12938  -3.3196e-03
280 -0.54755  -2.2111e-03 |281 -0.19162  -3.2370e-03 |282 -0.08916  -3.3561e-03
283  0.16244  -3.2796e-03 |284 -0.41925  -2.6806e-03 |285 -0.22304  -3.1834e-03
286 -0.09456  -3.3520e-03 |287 -0.52858  -2.2867e-03 |288 -0.26679  -3.0960e-03
289  0.63986  -1.8166e-03 |290 -0.65934  -1.7284e-03 |291  0.16054  -3.2821e-03
292  0.17853  -3.2569e-03 |293 -0.09866  -3.3487e-03 |294  0.10643  -3.3421e-03
295  0.36731  -2.8406e-03 |296 -0.43447  -2.6302e-03 |297 -0.10797  -3.3407e-03
298  0.27082  -3.0872e-03 |299  0.31400  -2.9853e-03 |300  0.43957  -2.6130e-03
301 -0.02473  -3.3868e-03 |302  0.20240  -3.2195e-03 |303  0.47187   1.9670e-02
304  0.08844   2.3265e-03 |305 -0.90724  -1.8655e-02 |306  0.25190  -2.5883e-03
307 -0.87921  -3.2556e-02 |308 -0.52475  -1.9237e-03 |
19.6104 7.17239 68.89 45.0928 
11.1747 11.1747 48.9548 49.8753 
6.28828 9.27901 0 1.17117 11.3284 
0 2.00674 0 0 0.443189 19.3615 0 
19.6103 7.1724 68.8898 45.0931 
11.1747 11.1747 48.9551 49.8752 
6.28833 9.27901 0 1.17115 11.3282 
0 2.00675 0 0 0.443194 19.3614 0 
19.6102 7.17247 68.8896 45.0932 
11.1747 11.1747 48.9553 49.8752 
6.28833 9.27908 0 1.17111 11.3281 
0 2.00675 0 0 0.443196 19.3612 0 
19.6102 7.17253 68.8896 45.0931 
11.1747 11.1747 48.9552 49.8754 
6.28832 9.27917 0 1.17108 11.3281 
0 2.00674 0 0 0.443195 19.3612 0 
19.6102 7.17255 68.8896 45.093 
11.1747 11.1747 48.955 49.8755 
6.28833 9.27922 0 1.17108 11.3282 
0 2.00674 0 0 0.443192 19.3613 0 
19.6102 7.17253 68.8896 45.0929 
11.1747 11.1747 48.9549 49.8755 
6.28836 9.27923 0 1.17109 11.3283 
0 2.00674 0 0 0.443191 19.3614 0 
19.6102 7.17252 68.8896 45.0928 
11.1747 11.1747 48.9548 49.8756 
6.2884 9.27923 0 1.1711 11.3283 
0 2.00675 0 0 0.44319 19.3614 0 
19.6102 7.1725 68.8895 45.0928 
11.1747 11.1747 48.9548 49.8756 
6.28844 9.27923 0 1.17112 11.3284 
0 2.00677 0 0 0.443189 19.3614 0 
19.6102 7.17248 68.8895 45.0927 
11.1747 11.1747 48.9548 49.8756 
6.28849 9.27922 0 1.17113 11.3285 
0 2.00678 0 0 0.443189 19.3614 0 
19.6102 7.17247 68.8895 45.0927 
11.1747 11.1747 48.9548 49.8755 
6.28855 9.27922 0 1.17114 11.3285 
0 2.0068 0 0 0.443188 19.3615 0 
308 variables; iteration 770; function evaluation 842; phase 1
Function value   3.0852469e+02; maximum gradient component mag  -1.2210e-02
Var   Value    Gradient   |Var   Value    Gradient   |Var   Value    Gradient
  1  0.13530  -5.3700e-04 |  2  0.18567  -6.3081e-04 |  3  0.18943   3.1742e-03
  4  0.19624  -8.2150e-04 |  5  0.19480  -2.7610e-03 |  6  0.19102  -4.5466e-04
  7  0.17749  -6.4792e-04 |  8  0.17353  -2.1020e-04 |  9  0.17225  -6.6399e-04
 10  0.14827  -3.7089e-04 | 11 -2.12461   1.4920e-03 | 12  0.12662   3.6186e-03
 13  0.10248   1.4190e-03 | 14 -2.05680   1.1662e-03 | 15 -1.98867  -1.0980e-03
 16 -0.09820   1.4443e-03 | 17 -0.15681  -4.4001e-05 | 18 -0.23331  -2.2703e-04
 19 -0.26655   1.4704e-04 | 20 -0.33358   6.4543e-05 | 21 -1.21235   1.9845e-04
 22 -2.09920   1.9092e-04 | 23 -0.17612  -2.9435e-05 | 24  0.01110   7.5179e-07
 25  0.08381   3.8618e-04 | 26  0.12645   1.0654e-04 | 27  0.15289  -1.1362e-04
 28  0.15537  -6.3480e-04 | 29  0.14993  -2.6322e-04 | 30  0.15175   2.1121e-04
 31  0.15595   3.4327e-04 | 32  0.14786  -7.7016e-04 | 33  0.12930  -3.6322e-04
 34  0.11272  -3.1601e-04 | 35  0.12252   1.1387e-04 | 36  0.11946   1.2455e-03
 37  0.08906   6.5125e-04 | 38  0.05221   4.0290e-04 | 39  0.00762  -2.8139e-04
 40 -0.03836  -4.1377e-04 | 41 -0.09472  -2.3221e-04 | 42 -1.84636   1.7259e-04
 43 -0.01875   3.5148e-03 | 44 -0.06618   3.7677e-03 | 45 -0.08971   3.5001e-03
 46 -0.16758   1.7234e-03 | 47 -0.18356   1.5684e-03 | 48 -0.14568   6.6478e-04
 49 -0.10800   9.4086e-04 | 50 -0.06496   5.0827e-04 | 51 -0.02809   1.1083e-03
 52  0.01402   1.0538e-03 | 53 -0.00467   1.1791e-03 | 54  0.02988   1.8407e-03
 55  0.02150   1.4191e-03 | 56  0.03652   1.4817e-03 | 57  0.08913   7.2411e-04
 58  0.10962   4.4461e-04 | 59  0.03567   6.9158e-04 | 60 -0.10961   1.0888e-03
 61 -0.07252   3.2491e-04 | 62  0.03645  -1.6138e-03 | 63 -0.02362   1.5562e-03
 64 -0.04562   6.1598e-04 | 65 -0.05260   5.6535e-04 | 66 -0.04137   1.7516e-03
 67 -0.06585   1.7142e-03 | 68 -0.05135   1.9925e-03 | 69 -0.07282   1.5185e-03
 70 -0.06105   2.1974e-03 | 71  0.05229   2.2438e-03 | 72  0.04575   2.4539e-03
 73  0.00355   2.1879e-03 | 74 -0.00362   1.7935e-03 | 75  0.09887   2.2829e-03
 76  0.08114   2.8139e-03 | 77 -0.02150   2.6323e-03 | 78 -0.05933   2.2737e-03
 79  0.08381   2.9300e-03 | 80  0.31550   1.6580e-03 | 81 -3.00062  -1.1964e-03
 82 -0.12531   1.5388e-03 | 83 -0.04303   1.1342e-03 | 84 -2.04166  -1.6625e-03
 85 -0.03792  -1.1209e-03 | 86  0.09500  -1.5712e-03 | 87  0.21436  -3.5005e-04
 88 -0.08749  -9.4277e-04 | 89 -0.20749  -8.2375e-04 | 90 -0.15131  -5.5125e-04
 91 -0.04383   1.9447e-04 | 92 -0.01891  -1.0120e-03 | 93  0.03689  -1.6536e-03
 94  0.16128  -7.8206e-04 | 95  0.01226  -1.2167e-03 | 96 -0.00188  -8.2643e-04
 97  0.01432  -9.3857e-04 | 98  0.09804  -5.0164e-04 | 99  0.08633  -6.3170e-04
100  0.08797  -8.3151e-04 |101  0.10986  -1.0327e-03 |102 -0.07695  -1.1579e-03
103 -0.10202  -1.4459e-03 |104  0.05474  -1.5598e-03 |105  0.03655  -1.6324e-03
106 -0.04782  -9.3599e-04 |107 -0.05979  -9.9118e-04 |108 -2.06811   7.0070e-05
109  0.09996  -1.1523e-03 |110  0.08576  -9.3761e-04 |111  0.00720  -8.0417e-04
112 -0.12851  -1.0568e-03 |113 -0.14086  -8.9779e-04 |114 -1.96330   2.8501e-04
115  0.11464   2.6679e-05 |116  0.02089  -6.9827e-04 |117  0.09436  -9.8319e-05
118  0.04363  -1.0084e-03 |119 -0.01235  -9.0936e-04 |120  0.00406  -6.2971e-04
121  0.12981  -8.7850e-04 |122  1.79900  -1.3688e-03 |123 -1.00018  -5.3954e-04
124  0.10787  -6.2030e-04 |125 -0.01648  -7.1232e-04 |126  2.17374   5.5771e-05
127 -0.55862  -9.1982e-05 |128  2.58721   8.6990e-05 |129  1.86321   1.3981e-04
130 -0.59082  -8.6348e-05 |131  3.75879  -1.3319e-04 |132  0.65943  -7.2335e-05
133 -2.81460   3.9802e-05 |134  0.70341  -6.3539e-05 |135 -0.25454  -1.3206e-04
136  3.11249  -2.7368e-05 |137 -1.48622   9.9442e-05 |138 -0.21566  -1.3519e-04
139  0.60098  -8.3442e-05 |140  0.65521  -7.3160e-05 |141 -3.39265  -8.2265e-05
142 -0.56047  -9.1664e-05 |143 -0.45546  -1.0842e-04 |144 -3.31269  -6.6801e-05
145 -1.59933   1.1604e-04 |146  1.80056   1.3609e-04 |147 -0.81165  -4.3037e-05
148 -3.30278  -6.4799e-05 |149 -1.08936   2.2811e-05 |150  2.46050   1.0768e-04
151 -0.25020  -1.3243e-04 |152 -2.93998   9.3259e-06 |153 -0.71205  -6.3387e-05
154  1.28977   6.2144e-05 |155  0.50236  -1.0048e-04 |156 -1.51032   1.0326e-04
157  1.40829   8.5137e-05 |158 -0.72977  -5.9840e-05 |159  0.18143  -1.3730e-04
160  0.75457  -5.2877e-05 |161  0.72973  -5.8109e-05 |162 -0.08978  -1.4182e-04
163  0.29682  -1.2770e-04 |164  0.51348  -9.8671e-05 |165  1.52595   1.0493e-04
166  3.73118  -1.3079e-04 |167 -1.11226   2.7323e-05 |168 -0.44728  -1.0961e-04
169  0.01043  -1.2210e-02 |170  0.00947  -4.4605e-03 |171  0.00781  -2.5840e-03
172  0.03141   2.3403e-03 |173  0.07920   1.3084e-03 |174  0.03933   9.3940e-04
175  0.03730   8.7963e-04 |176  0.01530  -1.2023e-03 |177  0.03652   1.7287e-04
178  0.10077   1.8426e-03 |179  0.12243  -1.3480e-03 |180  0.11247   4.7525e-06
181  0.05822   1.2140e-03 |182 -0.02212  -9.3613e-04 |183 -0.02959   3.7471e-04
184 -0.00970   7.5895e-04 |185 -0.00805  -2.6967e-04 |186 -0.01797   7.2562e-04
187 -0.04107   7.7225e-04 |188 -0.02735   1.4108e-03 |189  0.02754  -1.5749e-03
190  0.03184   1.1417e-03 |191  0.03105  -8.4217e-04 |192  0.02261   1.0490e-03
193 -0.01973   1.6944e-03 |194 -0.07203  -3.2553e-04 |195  0.00233  -2.4356e-03
196  0.05974   3.8405e-04 |197  0.02194  -8.1850e-04 |198  0.00922  -2.4279e-03
199  0.01061  -2.9739e-03 |200  0.01587  -1.4840e-04 |201  0.02635  -1.0273e-03
202  0.12162  -4.9590e-03 |203  0.11723  -9.6891e-04 |204  0.09820   1.8754e-03
205 -0.05130  -5.8925e-04 |206 -0.11775  -2.7732e-04 |207 -0.13658  -5.4126e-04
208 -0.08222  -1.2984e-03 |209 -0.04105  -2.6703e-05 |210  0.06655  -6.2540e-04
211 -1.05223   1.7122e-05 |212 -0.05626  -5.9088e-03 |213  0.03595   9.9997e-03
214 -0.01129  -6.9626e-09 |215 -0.65600   1.3744e-04 |216 -0.84564  -1.4375e-03
217  0.01750  -3.6577e-04 |218 -0.16317   1.0094e-03 |219 -0.24938  -5.8594e-05
220 -0.05392  -4.4785e-04 |221  0.03626  -7.8511e-05 |222 -0.00161  -6.9431e-05
223  0.00863  -1.0588e-04 |224 -0.02864  -1.3989e-03 |225 -0.03603  -6.1319e-04
226  0.08974  -9.2540e-05 |227  0.07006  -1.2436e-04 |228  0.19541   2.5479e-04
229  0.10415  -1.7768e-04 |230  0.09830  -9.7536e-06 |231  0.04946  -5.5259e-05
232  0.05760  -8.5544e-05 |233  0.06401  -3.0341e-04 |234  0.12739  -4.8940e-04
235 -0.11617   1.4112e-04 |236 -0.12359   2.3836e-04 |237  0.00598   8.7424e-05
238  0.02565   2.7123e-04 |239 -0.11253   1.8977e-04 |240 -0.15102  -3.9824e-04
241 -0.06596   1.6252e-04 |242  0.01207   9.9583e-04 |243  0.04318   1.3617e-04
244 -0.02341  -2.9758e-04 |245 -0.12253   2.4270e-04 |246 -0.23359   1.3724e-04
247 -0.10359   1.4737e-04 |248  0.00245  -1.4822e-04 |249  0.05281  -8.5903e-04
250  0.08310  -3.9559e-04 |251  0.05586  -1.2960e-03 |252 -0.01656  -8.2630e-04
253 -0.00237   1.3603e-05 |254  0.13241   1.0204e-04 |255  0.19825  -1.5516e-05
256  0.23275  -4.2128e-04 |257 -0.14571  -1.3099e-04 |258  0.09621  -7.8141e-03
259  0.14960   2.2540e-03 |260 -1.13210  -2.6036e-04 |261 -0.84439  -8.3517e-03
262 -0.79999  -1.0840e-03 |263 -0.00497   4.2236e-03 |264  0.51858   2.8982e-03
265 -0.50484   2.9638e-03 |266  0.58532   2.5609e-03 |267  0.03787   4.2163e-03
268 -0.32197   3.6950e-03 |269  0.65377   2.1856e-03 |270 -0.34936   3.6035e-03
271  0.46645   3.1398e-03 |272  0.40296   3.4056e-03 |273 -0.63577   2.2868e-03
274 -0.35190   3.5947e-03 |275 -0.58422   2.5666e-03 |276  0.11093   4.1598e-03
277  0.59847   2.4909e-03 |278  0.35825   3.5725e-03 |279 -0.12943   4.1368e-03
280 -0.54755   2.7554e-03 |281 -0.19160   4.0339e-03 |282 -0.08922   4.1824e-03
283  0.16255   4.0868e-03 |284 -0.41918   3.3407e-03 |285 -0.22300   3.9673e-03
286 -0.09453   4.1773e-03 |287 -0.52865   2.8492e-03 |288 -0.26672   3.8584e-03
289  0.63990   2.2638e-03 |290 -0.65937   2.1536e-03 |291  0.16051   4.0902e-03
292  0.17859   4.0587e-03 |293 -0.09871   4.1731e-03 |294  0.10644   4.1649e-03
295  0.36730   3.5401e-03 |296 -0.43456   3.2773e-03 |297 -0.10787   4.1633e-03
298  0.27092   3.8471e-03 |299  0.31391   3.7206e-03 |300  0.43956   3.2564e-03
301 -0.02482   4.2206e-03 |302  0.20237   4.0122e-03 |303  0.47187  -7.2963e-03
304  0.08844   3.0224e-03 |305 -0.90724   2.2591e-03 |306  0.25190   5.5409e-04
307 -0.87921  -4.6016e-03 |308 -0.52475   3.1149e-03 |
19.6102 7.17246 68.8895 45.0927 
11.1747 11.1747 48.9548 49.8755 
6.2886 9.27922 0 1.17114 11.3285 
0 2.00681 0 0 0.443188 19.3615 0 
19.6102 7.17246 68.8895 45.0927 
11.1747 11.1747 48.9548 49.8756 
6.28865 9.27922 0 1.17113 11.3284 
0 2.00681 0 0 0.443188 19.3615 0 
19.6102 7.17247 68.8896 45.0927 
11.1746 11.1746 48.9548 49.8756 
6.28867 9.27925 0 1.17109 11.3282 
0 2.0068 0 0 0.443186 19.3616 0 
19.6101 7.17248 68.8896 45.0928 
11.1745 11.1745 48.9548 49.8757 
6.28863 9.27928 0 1.17106 11.3281 
0 2.00676 0 0 0.443186 19.3617 0 
19.6101 7.17247 68.8898 45.0927 
11.1744 11.1744 48.9547 49.8759 
6.28857 9.2793 0 1.17103 11.328 
0 2.00673 0 0 0.443184 19.3617 0 
19.6101 7.17246 68.8898 45.0927 
11.1744 11.1744 48.9547 49.8759 
6.28856 9.2793 0 1.17103 11.328 
0 2.00672 0 0 0.443184 19.3617 0 
19.6101 7.17245 68.8898 45.0927 
11.1744 11.1744 48.9546 49.8759 
6.28857 9.27929 0 1.17103 11.3281 
0 2.00672 0 0 0.443184 19.3618 0 
19.6101 7.17244 68.8898 45.0927 
11.1744 11.1744 48.9546 49.8759 
6.28859 9.27928 0 1.17104 11.3281 
0 2.00672 0 0 0.443184 19.3618 0 
19.6101 7.17243 68.8898 45.0927 
11.1744 11.1744 48.9546 49.8759 
6.2886 9.27928 0 1.17104 11.3281 
0 2.00673 0 0 0.443184 19.3618 0 
19.6101 7.17243 68.8897 45.0927 
11.1745 11.1745 48.9546 49.8759 
6.28861 9.27927 0 1.17104 11.3281 
0 2.00673 0 0 0.443184 19.3618 0 
308 variables; iteration 780; function evaluation 852; phase 1
Function value   3.0852469e+02; maximum gradient component mag  -1.9229e-02
Var   Value    Gradient   |Var   Value    Gradient   |Var   Value    Gradient
  1  0.13530  -1.4583e-05 |  2  0.18567   4.6492e-05 |  3  0.18943  -1.3136e-04
  4  0.19624  -2.2399e-05 |  5  0.19479  -5.3891e-05 |  6  0.19102   1.2253e-04
  7  0.17749  -5.4277e-05 |  8  0.17353  -1.2546e-04 |  9  0.17225  -1.5368e-04
 10  0.14827  -5.5151e-05 | 11 -2.12461   3.9543e-04 | 12  0.12662   1.4275e-04
 13  0.10248   2.3594e-04 | 14 -2.05680   4.5870e-05 | 15 -1.98866  -1.0812e-06
 16 -0.09828  -3.9239e-04 | 17 -0.15679  -2.2366e-05 | 18 -0.23296   8.7832e-05
 19 -0.26680   2.9756e-05 | 20 -0.33359   6.4056e-05 | 21 -1.21370   1.9964e-04
 22 -2.09920   4.4633e-05 | 23 -0.17604  -1.1455e-06 | 24  0.01110  -1.2940e-05
 25  0.08381   7.9582e-05 | 26  0.12645  -6.0935e-06 | 27  0.15289  -1.3812e-04
 28  0.15537  -3.5568e-05 | 29  0.14993  -4.9062e-05 | 30  0.15175   1.0856e-04
 31  0.15595   3.5499e-05 | 32  0.14786  -9.7066e-05 | 33  0.12930  -1.3164e-04
 34  0.11272  -1.5190e-04 | 35  0.12252   6.7056e-05 | 36  0.11946   3.8500e-05
 37  0.08906  -8.2339e-05 | 38  0.05222  -7.1195e-05 | 39  0.00762  -2.6583e-05
 40 -0.03835  -1.0850e-04 | 41 -0.09472  -1.4627e-05 | 42 -1.84637   1.2766e-05
 43 -0.01877  -5.2613e-04 | 44 -0.06620  -5.8186e-04 | 45 -0.08973  -5.5383e-04
 46 -0.16758  -4.3133e-04 | 47 -0.18356  -3.3580e-04 | 48 -0.14567  -2.0590e-04
 49 -0.10799  -1.3429e-04 | 50 -0.06495  -9.0013e-05 | 51 -0.02809  -6.1325e-05
 52  0.01403   4.7193e-07 | 53 -0.00467  -7.0652e-05 | 54  0.02987   2.6115e-04
 55  0.02150   2.0526e-04 | 56  0.03652   6.0467e-05 | 57  0.08913   2.4500e-06
 58  0.10962   1.3846e-04 | 59  0.03567  -7.8702e-05 | 60 -0.10961  -2.4842e-04
 61 -0.07251  -4.6860e-05 | 62  0.03649   7.1603e-04 | 63 -0.02363  -1.4003e-04
 64 -0.04561  -1.4269e-04 | 65 -0.05259   5.3359e-04 | 66 -0.04138  -1.2546e-05
 67 -0.06586   1.9036e-05 | 68 -0.05135   7.0498e-05 | 69 -0.07281  -2.5302e-04
 70 -0.06106  -3.2005e-04 | 71  0.05229  -5.6850e-05 | 72  0.04575  -5.5612e-05
 73  0.00355  -1.2744e-04 | 74 -0.00362  -3.8815e-04 | 75  0.09887  -1.9164e-04
 76  0.08114  -3.0219e-04 | 77 -0.02151  -7.3487e-04 | 78 -0.05933  -7.2669e-04
 79  0.08379  -1.2703e-03 | 80  0.31551  -4.7011e-04 | 81 -3.00027   2.4369e-04
 82 -0.12531  -3.7810e-04 | 83 -0.04302  -3.5941e-04 | 84 -2.04166   2.5395e-04
 85 -0.03792  -3.1922e-05 | 86  0.09501  -6.2588e-05 | 87  0.21436   6.2999e-05
 88 -0.08748  -1.0179e-04 | 89 -0.20748  -1.1129e-04 | 90 -0.15131  -1.1219e-04
 91 -0.04384  -2.1412e-05 | 92 -0.01890  -7.5928e-05 | 93  0.03690  -1.2318e-04
 94  0.16127   3.3338e-05 | 95  0.01227  -3.1156e-05 | 96 -0.00188  -1.6710e-05
 97  0.01432  -6.1515e-05 | 98  0.09804   4.1084e-05 | 99  0.08633   1.2432e-04
100  0.08798   8.8296e-05 |101  0.10986   4.2963e-06 |102 -0.07695  -8.0756e-05
103 -0.10201  -7.2525e-05 |104  0.05474  -4.7658e-05 |105  0.03655   9.7890e-05
106 -0.04783   6.4984e-05 |107 -0.05979  -6.8968e-05 |108 -2.06809   7.2911e-05
109  0.09996  -4.1275e-05 |110  0.08577   3.8465e-04 |111  0.00720   2.0160e-05
112 -0.12851  -8.9894e-05 |113 -0.14086  -6.5893e-05 |114 -1.96329   9.1820e-05
115  0.11464   5.2696e-05 |116  0.02089   1.2465e-05 |117  0.09436  -5.7976e-05
118  0.04364  -6.2771e-05 |119 -0.01235  -5.5576e-05 |120  0.00405  -1.0333e-04
121  0.12982  -1.1215e-04 |122  1.79900   5.2430e-05 |123 -1.00017  -3.4094e-04
124  0.10788  -1.7686e-04 |125 -0.01649  -9.5192e-05 |126  2.17376   6.5738e-05
127 -0.55877   9.2462e-06 |128  2.58730  -8.6665e-06 |129  1.86299  -1.4947e-05
130 -0.59069   8.5959e-06 |131  3.75874   1.3976e-05 |132  0.65949   8.4167e-06
133 -2.81439  -5.6810e-06 |134  0.70336   7.6151e-06 |135 -0.25440   1.3847e-05
136  3.11235   4.6866e-07 |137 -1.48620  -1.0111e-05 |138 -0.21558   1.4210e-05
139  0.60087   9.4664e-06 |140  0.65509   8.4966e-06 |141 -3.39271   9.3535e-06
142 -0.56041   9.2135e-06 |143 -0.45538   1.1142e-05 |144 -3.31263   7.9078e-06
145 -1.59932  -1.2011e-05 |146  1.80073  -1.4600e-05 |147 -0.81171   3.1449e-06
148 -3.30285   7.7288e-06 |149 -1.08933   6.5294e-07 |150  2.46046  -1.1056e-05
151 -0.25040   1.3887e-05 |152 -2.94007  -5.5890e-06 |153 -0.71202   5.8407e-06
154  1.28968  -7.4880e-06 |155  0.50243   1.1111e-05 |156 -1.51027  -1.0548e-05
157  1.40844  -9.6292e-06 |158 -0.72973   5.3969e-06 |159  0.18156   1.4712e-05
160  0.75460   6.6874e-06 |161  0.72958   7.1372e-06 |162 -0.08989   1.5005e-05
163  0.29674   1.3786e-05 |164  0.51342   1.0937e-05 |165  1.52573  -1.1544e-05
166  3.73123   1.3700e-05 |167 -1.11210  -4.5754e-07 |168 -0.44706   1.1280e-05
169  0.01043  -1.9229e-02 |170  0.00947  -2.5232e-04 |171  0.00781   8.9850e-05
172  0.03140  -1.2048e-05 |173  0.07920  -5.3676e-04 |174  0.03933  -1.4853e-04
175  0.03731  -4.0005e-05 |176  0.01530  -2.2014e-04 |177  0.03652   1.2074e-05
178  0.10077   1.2740e-05 |179  0.12243  -4.1491e-04 |180  0.11247  -7.2275e-04
181  0.05822  -2.3888e-04 |182 -0.02212  -1.1518e-04 |183 -0.02959  -6.7985e-05
184 -0.00970  -8.0031e-05 |185 -0.00805  -2.4346e-04 |186 -0.01796  -4.1188e-04
187 -0.04107  -5.3330e-04 |188 -0.02734  -1.8359e-04 |189  0.02754  -2.7613e-04
190  0.03184  -3.1159e-04 |191  0.03105  -8.6324e-04 |192  0.02261  -1.3401e-04
193 -0.01973   7.3313e-05 |194 -0.07204   1.5095e-04 |195  0.00233  -9.4320e-06
196  0.05974  -2.3861e-04 |197  0.02194   3.2300e-05 |198  0.00922  -6.0844e-04
199  0.01061   2.2035e-05 |200  0.01587   1.5028e-04 |201  0.02635   1.3709e-04
202  0.12162  -6.7826e-06 |203  0.11723   7.2766e-04 |204  0.09819   5.8601e-04
205 -0.05130   2.2102e-04 |206 -0.11775   1.6086e-04 |207 -0.13658   1.7320e-04
208 -0.08222  -7.9925e-05 |209 -0.04105   1.5819e-05 |210  0.06655   1.8444e-04
211 -1.05222  -9.8024e-06 |212 -0.05626   7.9019e-03 |213  0.03595   3.7465e-03
214 -0.01128  -6.9608e-09 |215 -0.65600  -6.1392e-05 |216 -0.84564  -3.8354e-04
217  0.01749  -2.6233e-03 |218 -0.16318  -1.2366e-04 |219 -0.24938   5.2535e-06
220 -0.05392   2.5820e-05 |221  0.03625  -2.1950e-06 |222 -0.00161  -5.7019e-05
223  0.00863  -4.7609e-05 |224 -0.02864  -1.1196e-05 |225 -0.03603  -8.0158e-05
226  0.08975  -9.5533e-05 |227  0.07006  -6.2155e-05 |228  0.19541   9.1370e-05
229  0.10415   7.6203e-06 |230  0.09830   3.1146e-05 |231  0.04946  -5.7194e-06
232  0.05760  -3.9553e-05 |233  0.06401  -3.4415e-05 |234  0.12739   2.6753e-05
235 -0.11617  -4.3076e-06 |236 -0.12359   8.3027e-05 |237  0.00598  -2.3906e-05
238  0.02565   4.4536e-05 |239 -0.11253  -1.0891e-04 |240 -0.15101  -1.6927e-04
241 -0.06597  -4.7283e-05 |242  0.01206   1.7721e-05 |243  0.04318  -4.3790e-05
244 -0.02341  -1.2810e-04 |245 -0.12253  -6.7365e-05 |246 -0.23359   5.8093e-05
247 -0.10359   3.8172e-05 |248  0.00245  -3.2797e-05 |249  0.05281  -6.4037e-05
250  0.08310   1.8508e-05 |251  0.05586  -1.8299e-04 |252 -0.01656  -1.1555e-04
253 -0.00237   2.3032e-05 |254  0.13241   4.6990e-05 |255  0.19825  -4.6506e-05
256  0.23275   6.8564e-05 |257 -0.14571   1.5788e-04 |258  0.09621   4.7091e-03
259  0.14960   1.4311e-04 |260 -1.13210  -5.6231e-04 |261 -0.84439   1.1949e-03
262 -0.79991   2.5079e-04 |263 -0.00492   7.4907e-04 |264  0.51861   5.1402e-04
265 -0.50487   5.2558e-04 |266  0.58535   4.5419e-04 |267  0.03779   7.4778e-04
268 -0.32196   6.5530e-04 |269  0.65380   3.8764e-04 |270 -0.34937   6.3907e-04
271  0.46644   5.5690e-04 |272  0.40295   6.0401e-04 |273 -0.63576   4.0552e-04
274 -0.35189   6.3752e-04 |275 -0.58426   4.5510e-04 |276  0.11093   7.3776e-04
277  0.59843   4.4186e-04 |278  0.35823   6.3362e-04 |279 -0.12945   7.3365e-04
280 -0.54753   4.8866e-04 |281 -0.19160   7.1541e-04 |282 -0.08922   7.4174e-04
283  0.16260   7.2480e-04 |284 -0.41912   5.9250e-04 |285 -0.22297   7.0360e-04
286 -0.09456   7.4084e-04 |287 -0.52865   5.0528e-04 |288 -0.26668   6.8430e-04
289  0.63991   4.0153e-04 |290 -0.65938   3.8188e-04 |291  0.16051   7.2542e-04
292  0.17864   7.1981e-04 |293 -0.09874   7.4010e-04 |294  0.10643   7.3866e-04
295  0.36729   6.2787e-04 |296 -0.43462   5.8117e-04 |297 -0.10784   7.3836e-04
298  0.27098   6.8227e-04 |299  0.31388   6.5989e-04 |300  0.43954   5.7756e-04
301 -0.02484   7.4852e-04 |302  0.20235   7.1158e-04 |303  0.47187   3.7173e-03
304  0.08844   5.2160e-04 |305 -0.90724   6.5874e-04 |306  0.25190   6.2229e-04
307 -0.87921  -4.9470e-04 |308 -0.52475   4.5934e-04 |
19.6101 7.17244 68.8897 45.0927 
11.1745 11.1745 48.9546 49.8759 
6.28862 9.27927 0 1.17104 11.3281 
0 2.00673 0 0 0.443184 19.3618 0 
19.6101 7.17245 68.8897 45.0927 
11.1745 11.1745 48.9547 49.8758 
6.28861 9.27927 0 1.17104 11.3281 
0 2.00673 0 0 0.443184 19.3618 0 
19.6101 7.17246 68.8897 45.0927 
11.1745 11.1745 48.9547 49.8758 
6.28861 9.27928 0 1.17104 11.328 
0 2.00673 0 0 0.443184 19.3618 0 
19.6101 7.17249 68.8897 45.0927 
11.1745 11.1745 48.9547 49.8758 
6.2886 9.27929 0 1.17103 11.328 
0 2.00673 0 0 0.443185 19.3617 0 
19.6102 7.17252 68.8898 45.0927 
11.1745 11.1745 48.9548 49.8758 
6.28858 9.27931 0 1.17102 11.3279 
0 2.00673 0 0 0.443185 19.3617 0 
19.6102 7.17256 68.8898 45.0928 
11.1745 11.1745 48.9548 49.8758 
6.28855 9.27934 0 1.17101 11.3278 
0 2.00672 0 0 0.443186 19.3617 0 
19.6103 7.17262 68.8898 45.0928 
11.1745 11.1745 48.9549 49.8757 
6.28851 9.27937 0 1.17099 11.3276 
0 2.00671 0 0 0.443186 19.3617 0 
19.6104 7.17269 68.8899 45.0928 
11.1744 11.1744 48.9551 49.8756 
6.28846 9.27942 0 1.17096 11.3274 
0 2.00669 0 0 0.443187 19.3617 0 
19.6105 7.17279 68.8899 45.0929 
11.1744 11.1744 48.9552 49.8756 
6.28841 9.27949 0 1.17094 11.3272 
0 2.00667 0 0 0.443188 19.3616 0 
19.6105 7.17289 68.89 45.0929 
11.1743 11.1743 48.9554 49.8755 
6.28836 9.27955 0 1.17091 11.327 
0 2.00663 0 0 0.443189 19.3615 0 
308 variables; iteration 790; function evaluation 862; phase 1
Function value   3.0852469e+02; maximum gradient component mag  -3.8845e-02
Var   Value    Gradient   |Var   Value    Gradient   |Var   Value    Gradient
  1  0.13530  -1.3704e-03 |  2  0.18566  -2.6628e-03 |  3  0.18944   2.0922e-02
  4  0.19623   1.8588e-03 |  5  0.19480   1.2572e-02 |  6  0.19102   1.1168e-03
  7  0.17749  -1.5612e-03 |  8  0.17353  -1.6581e-03 |  9  0.17225   1.4302e-03
 10  0.14827   2.0164e-03 | 11 -2.12462  -1.2047e-02 | 12  0.12661  -4.6576e-03
 13  0.10248   1.9257e-04 | 14 -2.05680   3.2278e-03 | 15 -1.98865   2.0587e-03
 16 -0.09827  -1.7883e-04 | 17 -0.15681  -1.3664e-04 | 18 -0.23250   5.1682e-04
 19 -0.26859  -7.8442e-04 | 20 -0.33371   5.4613e-05 | 21 -1.23412   2.1748e-04
 22 -2.09920  -2.3042e-04 | 23 -0.17615  -3.7501e-05 | 24  0.01107  -1.1396e-03
 25  0.08381   1.4963e-05 | 26  0.12645  -1.7456e-04 | 27  0.15289   2.5326e-03
 28  0.15537   1.9377e-03 | 29  0.14993   2.3291e-04 | 30  0.15174  -1.7519e-03
 31  0.15595   1.3628e-04 | 32  0.14786  -4.9272e-04 | 33  0.12930  -2.0292e-04
 34  0.11272   7.5474e-04 | 35  0.12252  -4.2369e-03 | 36  0.11946  -2.5862e-04
 37  0.08906   7.0100e-04 | 38  0.05222   1.8791e-03 | 39  0.00762   7.1262e-04
 40 -0.03834  -3.9688e-04 | 41 -0.09471   8.2629e-04 | 42 -1.84638  -4.2119e-04
 43 -0.01877  -4.3549e-03 | 44 -0.06623  -5.1118e-03 | 45 -0.08975  -3.9105e-03
 46 -0.16757  -1.0071e-03 | 47 -0.18355  -4.4114e-04 | 48 -0.14566   3.9643e-04
 49 -0.10801  -1.4998e-03 | 50 -0.06493   1.3289e-03 | 51 -0.02807   1.0688e-03
 52  0.01402  -1.2103e-03 | 53 -0.00466  -1.3648e-03 | 54  0.02985  -3.2902e-03
 55  0.02150  -1.8353e-03 | 56  0.03652  -2.3377e-03 | 57  0.08914  -1.9449e-03
 58  0.10961  -2.3266e-03 | 59  0.03567  -1.6183e-03 | 60 -0.10961  -1.4184e-03
 61 -0.07251   2.3581e-05 | 62  0.03648   7.1927e-04 | 63 -0.02361   1.5917e-03
 64 -0.04561  -1.0145e-04 | 65 -0.05258  -6.6864e-04 | 66 -0.04138  -1.8091e-03
 67 -0.06588  -2.7778e-03 | 68 -0.05136  -2.6527e-03 | 69 -0.07282  -2.1308e-03
 70 -0.06105  -1.1285e-03 | 71  0.05227  -2.7328e-03 | 72  0.04574  -2.7402e-03
 73  0.00355  -2.3821e-03 | 74 -0.00363  -2.4714e-03 | 75  0.09886  -2.4788e-03
 76  0.08115  -4.2405e-04 | 77 -0.02151  -8.2198e-04 | 78 -0.05932  -9.3135e-06
 79  0.08381  -1.5281e-06 | 80  0.31549  -3.0491e-03 | 81 -3.00045  -5.9101e-04
 82 -0.12531  -9.5435e-04 | 83 -0.04300  -3.5203e-04 | 84 -2.04167   1.1466e-03
 85 -0.03792  -5.1374e-06 | 86  0.09500  -2.1639e-03 | 87  0.21436  -7.8348e-03
 88 -0.08747  -3.1363e-04 | 89 -0.20747   4.5114e-04 | 90 -0.15129   1.1592e-03
 91 -0.04384  -6.4632e-04 | 92 -0.01891  -1.1198e-03 | 93  0.03691   1.3345e-03
 94  0.16127   1.7637e-03 | 95  0.01227   1.1060e-03 | 96 -0.00190  -9.6537e-04
 97  0.01432  -4.1560e-04 | 98  0.09806  -1.9330e-04 | 99  0.08632  -3.0259e-03
100  0.08798  -1.5395e-03 |101  0.10986  -2.0680e-03 |102 -0.07694   6.8547e-05
103 -0.10204  -1.7606e-03 |104  0.05474  -3.3748e-04 |105  0.03655   5.5358e-05
106 -0.04781   1.2260e-03 |107 -0.05979   1.5681e-03 |108 -2.06804   3.9834e-04
109  0.09998   1.0441e-03 |110  0.08576  -2.3144e-03 |111  0.00718  -1.4217e-03
112 -0.12850   5.6245e-04 |113 -0.14086   2.5421e-04 |114 -1.96329  -2.8009e-04
115  0.11465   6.3808e-04 |116  0.02090   9.7927e-04 |117  0.09437   1.5737e-03
118  0.04364   1.3059e-05 |119 -0.01238  -4.7305e-04 |120  0.00404   1.3865e-04
121  0.12982   4.9182e-04 |122  1.79899  -7.1906e-04 |123 -1.00039  -3.6120e-03
124  0.10788   3.3266e-04 |125 -0.01649  -2.0865e-04 |126  2.17377  -2.0142e-04
127 -0.55947  -6.3652e-04 |128  2.58763   6.0200e-04 |129  1.86177   9.7335e-04
130 -0.59059  -5.9831e-04 |131  3.75853  -9.2614e-04 |132  0.66020  -5.0650e-04
133 -2.81345   2.8664e-04 |134  0.70453  -4.4544e-04 |135 -0.25302  -9.1931e-04
136  3.11210  -1.7684e-04 |137 -1.48671   6.9041e-04 |138 -0.21548  -9.4042e-04
139  0.60051  -5.8474e-04 |140  0.65452  -5.1415e-04 |141 -3.39270  -5.7609e-04
142 -0.55995  -6.3594e-04 |143 -0.45516  -7.5307e-04 |144 -3.31268  -4.6943e-04
145 -1.59820   8.0508e-04 |146  1.80202   9.4890e-04 |147 -0.81276  -2.9027e-04
148 -3.30359  -4.5680e-04 |149 -1.09045   1.4391e-04 |150  2.46041   7.4766e-04
151 -0.25154  -9.2020e-04 |152 -2.94001   8.9634e-05 |153 -0.71225  -4.3619e-04
154  1.28882   4.3608e-04 |155  0.50286  -7.0130e-04 |156 -1.51025   7.1651e-04
157  1.40859   5.9623e-04 |158 -0.72865  -4.1301e-04 |159  0.18176  -9.5637e-04
160  0.75454  -3.7392e-04 |161  0.72897  -4.1082e-04 |162 -0.09053  -9.8684e-04
163  0.29602  -8.9081e-04 |164  0.51295  -6.8999e-04 |165  1.52510   7.3175e-04
166  3.73186  -9.0989e-04 |167 -1.11135   1.7570e-04 |168 -0.44590  -7.6248e-04
169  0.01043   9.1688e-03 |170  0.00946  -4.7456e-05 |171  0.00781  -3.5720e-03
172  0.03141   6.8558e-03 |173  0.07920  -5.9444e-03 |174  0.03933  -7.7014e-03
175  0.03730  -2.8696e-03 |176  0.01531   1.0889e-02 |177  0.03652  -1.7044e-03
178  0.10077  -8.4432e-04 |179  0.12243   1.4626e-03 |180  0.11247   5.7981e-03
181  0.05822   1.9026e-03 |182 -0.02212   4.7466e-03 |183 -0.02959   2.3655e-03
184 -0.00970  -4.1536e-04 |185 -0.00805   2.9032e-04 |186 -0.01796  -4.6186e-03
187 -0.04107   3.4475e-05 |188 -0.02734  -2.1589e-03 |189  0.02754   1.4039e-05
190  0.03184  -6.8529e-03 |191  0.03105   6.2473e-03 |192  0.02261   2.6670e-03
193 -0.01974  -5.1115e-03 |194 -0.07204   1.6587e-04 |195  0.00233   1.1416e-03
196  0.05973  -3.9461e-03 |197  0.02194   5.0844e-04 |198  0.00921   3.1083e-03
199  0.01061  -3.8291e-04 |200  0.01587   2.2104e-03 |201  0.02635  -2.9764e-03
202  0.12163   1.1457e-03 |203  0.11723  -1.8380e-03 |204  0.09819  -9.7160e-04
205 -0.05130   3.7431e-04 |206 -0.11774   7.5982e-04 |207 -0.13658  -1.6111e-04
208 -0.08222  -1.7835e-03 |209 -0.04105  -1.5697e-03 |210  0.06655   1.6908e-03
211 -1.05227   1.3457e-05 |212 -0.05626   1.0133e-02 |213  0.03594  -3.8845e-02
214 -0.01125  -6.9386e-09 |215 -0.65600   3.1164e-03 |216 -0.84564  -8.4320e-03
217  0.01749   3.2084e-03 |218 -0.16317   1.2029e-03 |219 -0.24938   9.8785e-04
220 -0.05393  -3.7538e-04 |221  0.03625   1.7021e-03 |222 -0.00161   3.8109e-03
223  0.00863   4.8816e-04 |224 -0.02864   7.9608e-04 |225 -0.03603   1.9638e-03
226  0.08975   1.0110e-03 |227  0.07006   2.6042e-04 |228  0.19541   1.6555e-04
229  0.10415   8.4481e-04 |230  0.09830   1.4246e-03 |231  0.04947  -2.7012e-05
232  0.05760   2.5748e-03 |233  0.06401   3.4160e-04 |234  0.12739   7.1696e-04
235 -0.11617   9.8662e-05 |236 -0.12359   2.2817e-03 |237  0.00598   8.4412e-04
238  0.02565   9.9170e-04 |239 -0.11252   1.2048e-03 |240 -0.15100   1.2706e-03
241 -0.06598  -9.0513e-04 |242  0.01205  -2.4082e-03 |243  0.04318   2.2570e-03
244 -0.02341   2.5380e-03 |245 -0.12253   2.3211e-03 |246 -0.23359  -4.9143e-04
247 -0.10359  -2.4717e-04 |248  0.00244  -8.9126e-04 |249  0.05281   1.3770e-03
250  0.08311  -4.6902e-04 |251  0.05587   2.1562e-03 |252 -0.01656   1.2627e-03
253 -0.00238  -1.2717e-03 |254  0.13240  -1.2833e-03 |255  0.19825  -6.5237e-04
256  0.23276   3.2713e-03 |257 -0.14571  -6.7796e-04 |258  0.09621  -1.4552e-02
259  0.14960  -1.0574e-05 |260 -1.13210   1.9021e-02 |261 -0.84439   3.4808e-04
262 -0.79993   9.6946e-04 |263 -0.00487   1.1187e-02 |264  0.51883   7.6734e-03
265 -0.50495   7.8490e-03 |266  0.58555   6.7797e-03 |267  0.03798   1.1168e-02
268 -0.32215   9.7855e-03 |269  0.65380   5.7884e-03 |270 -0.34951   9.5434e-03
271  0.46651   8.3158e-03 |272  0.40312   9.0186e-03 |273 -0.63552   6.0609e-03
274 -0.35189   9.5215e-03 |275 -0.58448   6.7945e-03 |276  0.11093   1.1018e-02
277  0.59831   6.5999e-03 |278  0.35837   9.4613e-03 |279 -0.12961   1.0956e-02
280 -0.54784   7.2945e-03 |281 -0.19157   1.0685e-02 |282 -0.08915   1.1078e-02
283  0.16238   1.0826e-02 |284 -0.41909   8.8496e-03 |285 -0.22288   1.0509e-02
286 -0.09457   1.1064e-02 |287 -0.52877   7.5453e-03 |288 -0.26656   1.0221e-02
289  0.64000   5.9947e-03 |290 -0.65925   5.7062e-03 |291  0.16078   1.0833e-02
292  0.17861   1.0750e-02 |293 -0.09890   1.1053e-02 |294  0.10640   1.1032e-02
295  0.36701   9.3794e-03 |296 -0.43485   8.6775e-03 |297 -0.10779   1.1028e-02
298  0.27134   1.0187e-02 |299  0.31394   9.8546e-03 |300  0.43931   8.6279e-03
301 -0.02486   1.1179e-02 |302  0.20230   1.0627e-02 |303  0.47187  -6.0220e-03
304  0.08844  -7.5651e-03 |305 -0.90724  -1.0959e-03 |306  0.25189  -7.5977e-03
307 -0.87921  -2.9308e-02 |308 -0.52475  -1.7018e-02 |
19.6106 7.17296 68.8901 45.093 
11.1743 11.1743 48.9556 49.8753 
6.28832 9.27961 0 1.17089 11.327 
0 2.0066 0 0 0.44319 19.3614 0 
19.6105 7.17294 68.8901 45.093 
11.1742 11.1742 48.9556 49.8752 
6.28836 9.2796 0 1.1709 11.3272 
0 2.00657 0 0 0.443191 19.3613 0 
19.6103 7.17279 68.89 45.093 
11.1742 11.1742 48.9553 49.8753 
6.28848 9.2795 0 1.17096 11.3278 
0 2.00658 0 0 0.44319 19.3613 0 
19.6101 7.17261 68.8898 45.0929 
11.1743 11.1743 48.955 49.8754 
6.28859 9.27937 0 1.17102 11.3284 
0 2.00661 0 0 0.443189 19.3614 0 
19.61 7.17255 68.8898 45.0929 
11.1743 11.1743 48.9549 49.8754 
6.28862 9.27932 0 1.17105 11.3286 
0 2.00662 0 0 0.443188 19.3614 0 
19.61 7.17251 68.8897 45.0928 
11.1744 11.1744 48.9548 49.8754 
6.28864 9.27928 0 1.17106 11.3287 
0 2.00664 0 0 0.443188 19.3615 0 
19.61 7.17248 68.8896 45.0928 
11.1745 11.1745 48.9548 49.8754 
6.28864 9.27925 0 1.17108 11.3288 
0 2.00665 0 0 0.443189 19.3615 0 
19.61 7.17246 68.8896 45.0928 
11.1745 11.1745 48.9548 49.8754 
6.28863 9.27921 0 1.17109 11.3288 
0 2.00666 0 0 0.443189 19.3616 0 
19.61 7.17244 68.8895 45.0927 
11.1746 11.1746 48.9547 49.8754 
6.28861 9.27917 0 1.17111 11.3289 
0 2.00667 0 0 0.443191 19.3617 0 
19.6101 7.17242 68.8894 45.0926 
11.1747 11.1747 48.9548 49.8753 
6.28857 9.27913 0 1.17115 11.329 
0 2.00669 0 0 0.443193 19.3618 0 
308 variables; iteration 800; function evaluation 872; phase 1
Function value   3.0852468e+02; maximum gradient component mag  -3.1331e-02
Var   Value    Gradient   |Var   Value    Gradient   |Var   Value    Gradient
  1  0.13530  -5.1199e-04 |  2  0.18567  -5.4776e-04 |  3  0.18943   1.3297e-03
  4  0.19624   4.8193e-03 |  5  0.19479   1.4483e-03 |  6  0.19102   2.3463e-03
  7  0.17749   1.2500e-03 |  8  0.17353  -1.1419e-03 |  9  0.17225  -3.8090e-04
 10  0.14827  -3.7716e-03 | 11 -2.12461   3.6851e-03 | 12  0.12662   2.5964e-03
 13  0.10248   3.3936e-03 | 14 -2.05680   1.9372e-03 | 15 -1.98866  -9.4737e-04
 16 -0.09820   1.4460e-03 | 17 -0.15691  -7.0709e-04 | 18 -0.23156   1.4040e-03
 19 -0.27187  -2.1866e-03 | 20 -0.33344   8.0661e-05 | 21 -1.28368   2.5902e-04
 22 -2.09920   5.8213e-04 | 23 -0.17606  -7.8950e-06 | 24  0.01109  -1.1654e-04
 25  0.08381   3.0872e-05 | 26  0.12645  -9.5820e-04 | 27  0.15289  -4.6310e-04
 28  0.15537   6.1204e-04 | 29  0.14993  -1.0308e-03 | 30  0.15175  -5.3299e-04
 31  0.15595   1.4462e-03 | 32  0.14786  -1.2346e-04 | 33  0.12930  -5.4028e-04
 34  0.11273   7.2765e-04 | 35  0.12252  -8.0806e-06 | 36  0.11946   1.6096e-03
 37  0.08906  -2.6585e-04 | 38  0.05221  -6.7031e-04 | 39  0.00761   1.4150e-04
 40 -0.03833  -3.1456e-04 | 41 -0.09472  -1.8246e-04 | 42 -1.84636   5.8388e-05
 43 -0.01876   6.9362e-04 | 44 -0.06620   5.0045e-04 | 45 -0.08973   4.9620e-04
 46 -0.16757   1.6078e-03 | 47 -0.18355   7.9390e-04 | 48 -0.14569  -5.3705e-04
 49 -0.10799   1.0133e-03 | 50 -0.06496   2.6711e-04 | 51 -0.02810   4.5289e-04
 52  0.01404   3.7625e-04 | 53 -0.00469  -1.9790e-03 | 54  0.02987  -1.4219e-03
 55  0.02149  -1.5701e-03 | 56  0.03653   2.0630e-04 | 57  0.08913  -3.6260e-04
 58  0.10963   3.4772e-04 | 59  0.03567  -4.9113e-04 | 60 -0.10961   4.4438e-04
 61 -0.07251   4.7055e-04 | 62  0.03648  -1.3430e-03 | 63 -0.02359   1.6283e-03
 64 -0.04562  -8.7983e-04 | 65 -0.05263  -3.8133e-03 | 66 -0.04140  -3.9042e-03
 67 -0.06585  -1.6121e-03 | 68 -0.05138  -3.4857e-03 | 69 -0.07281  -3.8400e-04
 70 -0.06106  -4.2954e-04 | 71  0.05228   1.0373e-03 | 72  0.04576   2.6528e-03
 73  0.00355   1.6503e-03 | 74 -0.00361   2.4654e-03 | 75  0.09886   3.2962e-03
 76  0.08111   4.3098e-03 | 77 -0.02144   7.8689e-03 | 78 -0.05931   4.0816e-03
 79  0.08389   9.0261e-03 | 80  0.31548  -4.6510e-04 | 81 -3.00013   1.5193e-03
 82 -0.12532  -2.3020e-04 | 83 -0.04304  -1.0047e-03 | 84 -2.04164   9.2155e-05
 85 -0.03792   2.3533e-04 | 86  0.09500  -3.5853e-04 | 87  0.21436  -1.1008e-03
 88 -0.08748   2.0661e-04 | 89 -0.20749  -1.3859e-04 | 90 -0.15130   8.6445e-04
 91 -0.04384   9.7791e-04 | 92 -0.01891   1.3494e-04 | 93  0.03690   3.0342e-04
 94  0.16127   4.2782e-04 | 95  0.01227   9.0367e-04 | 96 -0.00188   5.5367e-04
 97  0.01431  -1.2001e-03 | 98  0.09804  -7.4999e-04 | 99  0.08633  -1.5743e-04
100  0.08797  -5.8987e-05 |101  0.10986   2.2736e-04 |102 -0.07695  -3.7839e-04
103 -0.10203  -1.0560e-03 |104  0.05475  -2.6685e-04 |105  0.03652  -1.9364e-03
106 -0.04784   3.7797e-05 |107 -0.05981  -9.0225e-04 |108 -2.06810  -1.5465e-04
109  0.09996  -1.2493e-03 |110  0.08576  -1.4438e-03 |111  0.00721  -5.7148e-04
112 -0.12850  -7.0086e-04 |113 -0.14085  -1.7492e-04 |114 -1.96329   1.0654e-03
115  0.11465   1.0285e-04 |116  0.02088  -1.0214e-04 |117  0.09436   2.5126e-03
118  0.04365   1.0888e-03 |119 -0.01230   1.1394e-03 |120  0.00409   1.2894e-03
121  0.12981   3.1016e-03 |122  1.79901  -5.9791e-03 |123 -1.00019  -6.7109e-04
124  0.10787  -3.6196e-04 |125 -0.01648   7.4627e-04 |126  2.17378   5.0737e-04
127 -0.56148   1.5051e-03 |128  2.58835  -1.4266e-03 |129  1.85900  -2.3109e-03
130 -0.59031   1.4207e-03 |131  3.75815   2.1996e-03 |132  0.66211   1.1997e-03
133 -2.81109  -6.9387e-04 |134  0.70686   1.0533e-03 |135 -0.24958   2.1888e-03
136  3.11147   4.1039e-04 |137 -1.48791  -1.6424e-03 |138 -0.21492   2.2348e-03
139  0.59951   1.3943e-03 |140  0.65304   1.2286e-03 |141 -3.39267   1.3707e-03
142 -0.55886   1.5126e-03 |143 -0.45478   1.7892e-03 |144 -3.31294   1.1187e-03
145 -1.59576  -1.9067e-03 |146  1.80524  -2.2588e-03 |147 -0.81531   6.7625e-04
148 -3.30547   1.0942e-03 |149 -1.09283  -3.4148e-04 |150  2.46007  -1.7762e-03
151 -0.25418   2.1822e-03 |152 -2.93988  -2.2751e-04 |153 -0.71271   1.0322e-03
154  1.28684  -1.0323e-03 |155  0.50396   1.6648e-03 |156 -1.51008  -1.7008e-03
157  1.40909  -1.4200e-03 |158 -0.72615   9.8691e-04 |159  0.18241   2.2722e-03
160  0.75438   8.9232e-04 |161  0.72740   9.8439e-04 |162 -0.09226   2.3438e-03
163  0.29431   2.1202e-03 |164  0.51196   1.6435e-03 |165  1.52333  -1.7355e-03
166  3.73341   2.1638e-03 |167 -1.10940  -4.0280e-04 |168 -0.44332   1.8168e-03
169  0.01043  -3.1331e-02 |170  0.00947  -6.0346e-03 |171  0.00781  -9.7356e-04
172  0.03141  -1.9435e-03 |173  0.07920   1.3591e-03 |174  0.03933   1.9381e-03
175  0.03730  -2.2783e-03 |176  0.01530   1.7484e-03 |177  0.03652  -4.3433e-03
178  0.10077   7.3269e-03 |179  0.12243   5.4113e-03 |180  0.11247   9.5260e-04
181  0.05822   3.1978e-03 |182 -0.02212   1.9337e-03 |183 -0.02959   2.1443e-03
184 -0.00970   5.1599e-05 |185 -0.00805   1.9385e-03 |186 -0.01796  -8.6501e-04
187 -0.04107   6.7184e-04 |188 -0.02735   9.6776e-04 |189  0.02754   1.0185e-02
190  0.03183  -1.2876e-03 |191  0.03105   2.4656e-03 |192  0.02261   5.2304e-03
193 -0.01973   1.0055e-02 |194 -0.07204   1.9497e-03 |195  0.00233   5.9537e-04
196  0.05974  -9.0790e-04 |197  0.02195  -1.7535e-03 |198  0.00921  -1.0421e-02
199  0.01061  -1.1258e-03 |200  0.01587   3.9254e-04 |201  0.02635  -7.4994e-04
202  0.12162  -1.2196e-02 |203  0.11723  -3.8423e-03 |204  0.09820   2.9915e-03
205 -0.05130  -9.3887e-04 |206 -0.11777  -1.0352e-03 |207 -0.13658   1.4097e-03
208 -0.08222  -3.1768e-03 |209 -0.04105   4.0669e-04 |210  0.06655   3.0514e-03
211 -1.05223  -5.9198e-05 |212 -0.05626  -4.5534e-03 |213  0.03595   1.6459e-02
214 -0.01116  -6.8827e-09 |215 -0.65599   3.4252e-03 |216 -0.84564  -5.1036e-03
217  0.01750   4.6779e-03 |218 -0.16317   1.2879e-03 |219 -0.24938  -6.3227e-04
220 -0.05393  -9.8207e-05 |221  0.03625   1.7700e-04 |222 -0.00161   2.0784e-04
223  0.00863   6.0946e-04 |224 -0.02864  -3.1790e-04 |225 -0.03603  -1.5047e-03
226  0.08974   1.1637e-04 |227  0.07006  -3.2746e-04 |228  0.19541   3.4285e-04
229  0.10416   3.6452e-04 |230  0.09830   8.6853e-04 |231  0.04946   1.2705e-03
232  0.05760   2.9090e-04 |233  0.06400  -5.2664e-04 |234  0.12739  -9.0949e-04
235 -0.11618   5.4456e-05 |236 -0.12359   2.0257e-03 |237  0.00598   5.5683e-04
238  0.02565   1.0591e-03 |239 -0.11253   1.1336e-03 |240 -0.15102  -2.9302e-04
241 -0.06597   3.0852e-04 |242  0.01207   2.9816e-03 |243  0.04318   1.2378e-03
244 -0.02341   7.0570e-04 |245 -0.12254   4.5560e-04 |246 -0.23359   1.4438e-03
247 -0.10360   8.9148e-04 |248  0.00245   2.0000e-03 |249  0.05281   1.8568e-03
250  0.08310   2.5721e-04 |251  0.05586  -1.1962e-03 |252 -0.01655  -3.9430e-04
253 -0.00235   1.8790e-03 |254  0.13242   4.3751e-04 |255  0.19825  -2.2818e-03
256  0.23275   5.6284e-04 |257 -0.14572   8.1692e-04 |258  0.09621  -3.3301e-03
259  0.14960   5.1023e-04 |260 -1.13210   3.1446e-04 |261 -0.84439  -1.0916e-02
262 -0.80006  -1.9888e-03 |263 -0.00482  -7.4144e-03 |264  0.51930  -5.0816e-03
265 -0.50519  -5.2000e-03 |266  0.58597  -4.4892e-03 |267  0.03831  -7.4012e-03
268 -0.32250  -6.4834e-03 |269  0.65403  -3.8340e-03 |270 -0.34968  -6.3239e-03
271  0.46684  -5.5087e-03 |272  0.40342  -5.9750e-03 |273 -0.63500  -4.0220e-03
274 -0.35201  -6.3097e-03 |275 -0.58499  -4.4984e-03 |276  0.11102  -7.3021e-03
277  0.59805  -4.3765e-03 |278  0.35864  -6.2688e-03 |279 -0.13002  -7.2605e-03
280 -0.54851  -4.8287e-03 |281 -0.19146  -7.0818e-03 |282 -0.08905  -7.3422e-03
283  0.16201  -7.1758e-03 |284 -0.41901  -5.8658e-03 |285 -0.22262  -6.9659e-03
286 -0.09467  -7.3328e-03 |287 -0.52906  -4.9982e-03 |288 -0.26628  -6.7754e-03
289  0.64029  -3.9701e-03 |290 -0.65916  -3.7828e-03 |291  0.16136  -7.1777e-03
292  0.17865  -7.1245e-03 |293 -0.09925  -7.3247e-03 |294  0.10642  -7.3112e-03
295  0.36638  -6.2202e-03 |296 -0.43548  -5.7465e-03 |297 -0.10766  -7.3088e-03
298  0.27211  -6.7475e-03 |299  0.31407  -6.5304e-03 |300  0.43879  -5.7220e-03
301 -0.02500  -7.4089e-03 |302  0.20220  -7.0437e-03 |303  0.47186  -1.1239e-02
304  0.08844   7.1667e-03 |305 -0.90724   6.1817e-03 |306  0.25190  -6.4252e-04
307 -0.87921  -1.1256e-02 |308 -0.52475   6.7209e-03 |
19.6102 7.17239 68.8892 45.0925 
11.1749 11.1749 48.9548 49.8752 
6.28852 9.27907 0 1.17119 11.3291 
0 2.00672 0 0 0.443197 19.3619 0 
19.6103 7.17236 68.889 45.0924 
11.1751 11.1751 48.9548 49.875 
6.28843 9.27901 0 1.17125 11.3291 
0 2.00675 0 0 0.443202 19.3622 0 
19.6105 7.1723 68.8886 45.0921 
11.1754 11.1754 48.955 49.8747 
6.28829 9.27892 0 1.17135 11.3292 
0 2.00681 0 0 0.443211 19.3625 0 
19.6108 7.17222 68.8881 45.0918 
11.1758 11.1758 48.9551 49.8743 
6.28804 9.27879 0 1.17148 11.3293 
0 2.00688 0 0 0.443224 19.3632 0 
19.6112 7.17215 68.8874 45.0914 
11.1763 11.1763 48.9554 49.8739 
6.28771 9.27864 0 1.17156 11.3292 
0 2.00697 0 0 0.443241 19.364 0 
19.6112 7.17218 68.8875 45.0914 
11.1762 11.1762 48.9554 49.874 
6.28769 9.27868 0 1.17153 11.329 
0 2.00697 0 0 0.44324 19.364 0 
19.6113 7.1722 68.8877 45.0915 
11.1761 11.1761 48.9554 49.8741 
6.28768 9.27874 0 1.17153 11.3287 
0 2.00695 0 0 0.443239 19.3639 0 
19.6118 7.17244 68.889 45.0924 
11.175 11.175 48.9559 49.8749 
6.28767 9.27932 0 1.17154 11.326 
0 2.00686 0 0 0.44323 19.3629 0 
19.6116 7.17236 68.8885 45.0921 
11.1754 11.1754 48.9557 49.8746 
6.28768 9.27912 0 1.17154 11.3269 
0 2.00689 0 0 0.443233 19.3632 0 
19.6113 7.17248 68.8899 45.0928 
11.1742 11.1742 48.9555 49.8754 
6.28823 9.27949 0 1.17157 11.3263 
0 2.00674 0 0 0.443207 19.3615 0 
19.6109 7.1724 68.8897 45.0927 
11.1743 11.1743 48.9553 49.8753 
6.28837 9.27936 0 1.17151 11.327 
0 2.00675 0 0 0.443203 19.3616 0 
19.6104 7.17241 68.8897 45.0929 
11.1742 11.1742 48.9551 49.8755 
6.28855 9.2793 0 1.17128 11.3276 
0 2.00671 0 0 0.443192 19.3616 0 
308 variables; iteration 810; function evaluation 884; phase 1
Function value   3.0852459e+02; maximum gradient component mag  -4.0878e-02
Var   Value    Gradient   |Var   Value    Gradient   |Var   Value    Gradient
  1  0.13530   4.3857e-04 |  2  0.18567  -4.4619e-04 |  3  0.18943  -2.9549e-03
  4  0.19624   2.0241e-03 |  5  0.19479  -3.9381e-03 |  6  0.19102  -6.1370e-04
  7  0.17749   1.1596e-04 |  8  0.17353   2.8764e-03 |  9  0.17225   1.6046e-03
 10  0.14827   4.7672e-03 | 11 -2.12461  -3.4841e-03 | 12  0.12662   6.4257e-03
 13  0.10248  -7.2678e-03 | 14 -2.05680   1.4105e-03 | 15 -1.98867  -8.2044e-04
 16 -0.09826  -7.4318e-07 | 17 -0.15683  -2.1572e-04 | 18 -0.23309  -2.2775e-05
 19 -0.26708  -9.4233e-05 | 20 -0.33400   1.8246e-05 | 21 -1.58590  -1.2521e-04
 22 -2.09920   4.3096e-04 | 23 -0.17587   5.9733e-05 | 24  0.01109  -3.8746e-04
 25  0.08381  -3.6348e-04 | 26  0.12645   5.1021e-04 | 27  0.15289   7.1988e-04
 28  0.15537  -3.8842e-04 | 29  0.14993   5.6583e-04 | 30  0.15175  -1.6353e-03
 31  0.15595  -8.2859e-05 | 32  0.14786  -1.1601e-03 | 33  0.12931   1.2897e-03
 34  0.11273  -7.5047e-04 | 35  0.12252   1.2499e-03 | 36  0.11946   1.8710e-03
 37  0.08906   2.1832e-03 | 38  0.05222   2.5172e-03 | 39  0.00762   4.4351e-04
 40 -0.03835   2.2265e-04 | 41 -0.09472  -1.1309e-04 | 42 -1.84621  -1.0778e-03
 43 -0.01877  -1.6730e-03 | 44 -0.06619  -5.8763e-04 | 45 -0.08973  -1.4533e-03
 46 -0.16758  -1.1378e-03 | 47 -0.18356  -1.9631e-03 | 48 -0.14566   2.0682e-04
 49 -0.10800  -1.6011e-03 | 50 -0.06495  -1.3789e-03 | 51 -0.02809  -1.1737e-03
 52  0.01403  -1.6135e-03 | 53 -0.00469  -3.2221e-03 | 54  0.02987  -1.4383e-03
 55  0.02148  -2.1251e-03 | 56  0.03654   1.6561e-04 | 57  0.08914  -8.3150e-04
 58  0.10962  -9.6136e-04 | 59  0.03568  -1.0739e-03 | 60 -0.10961  -1.4918e-03
 61 -0.07251  -1.1798e-03 | 62  0.03648  -1.8891e-03 | 63 -0.02362  -7.5136e-04
 64 -0.04562  -1.8925e-03 | 65 -0.05259  -1.1712e-03 | 66 -0.04138  -1.6106e-03
 67 -0.06585  -5.1575e-04 | 68 -0.05136  -1.5261e-03 | 69 -0.07283  -2.1800e-03
 70 -0.06105  -9.1566e-05 | 71  0.05229   3.0460e-05 | 72  0.04576   6.1160e-04
 73  0.00355  -1.9930e-04 | 74 -0.00361  -1.0120e-04 | 75  0.09887  -3.8730e-04
 76  0.08113  -1.2732e-03 | 77 -0.02150  -9.8021e-04 | 78 -0.05933  -1.0806e-03
 79  0.08380  -1.1546e-03 | 80  0.31551   1.4933e-03 | 81 -3.00040  -4.2792e-04
 82 -0.12531  -1.0222e-03 | 83 -0.04302  -1.2943e-03 | 84 -2.04164   1.8763e-03
 85 -0.03792  -1.5423e-03 | 86  0.09501  -1.6251e-03 | 87  0.21436  -1.6416e-03
 88 -0.08747  -8.8726e-04 | 89 -0.20748  -1.0528e-03 | 90 -0.15131  -1.2765e-03
 91 -0.04385  -2.2733e-03 | 92 -0.01891  -2.1013e-03 | 93  0.03690  -1.8006e-03
 94  0.16128  -7.3458e-04 | 95  0.01226  -1.5911e-03 | 96 -0.00190  -2.7741e-03
 97  0.01432  -1.8450e-03 | 98  0.09805  -1.6657e-03 | 99  0.08633  -2.8818e-03
100  0.08798  -2.2180e-03 |101  0.10986  -2.2127e-03 |102 -0.07695  -1.4793e-03
103 -0.10203  -2.6313e-03 |104  0.05474  -2.1291e-03 |105  0.03654  -1.9600e-03
106 -0.04783  -1.3029e-03 |107 -0.05979  -8.1906e-04 |108 -2.06809   1.0458e-03
109  0.09996  -1.4655e-03 |110  0.08576  -2.1662e-03 |111  0.00720  -1.1482e-03
112 -0.12850  -9.9874e-04 |113 -0.14086  -1.1498e-03 |114 -1.96331   1.3317e-05
115  0.11464  -1.1898e-03 |116  0.02090  -2.1793e-04 |117  0.09436  -7.7035e-04
118  0.04364  -1.1746e-03 |119 -0.01235  -6.6790e-04 |120  0.00406  -9.2784e-04
121  0.12982  -1.4239e-03 |122  1.79899   1.9874e-04 |123 -1.00012   8.9597e-04
124  0.10788  -4.3821e-04 |125 -0.01650  -1.5619e-03 |126  2.17376   6.6721e-04
127 -0.57273  -8.0213e-04 |128  2.59633   7.6420e-04 |129  1.84172   1.2493e-03
130 -0.58808  -7.7758e-04 |131  3.75912  -1.1980e-03 |132  0.67480  -6.2949e-04
133 -2.80605   3.8540e-04 |134  0.72127  -5.4566e-04 |135 -0.22871  -1.2069e-03
136  3.11059  -2.2504e-04 |137 -1.49330   9.0223e-04 |138 -0.20986  -1.2197e-03
139  0.59152  -7.7097e-04 |140  0.64504  -6.8142e-04 |141 -3.39414  -7.4748e-04
142 -0.55011  -8.3745e-04 |143 -0.45016  -9.8031e-04 |144 -3.31627  -6.1364e-04
145 -1.58017   1.0190e-03 |146  1.82686   1.2415e-03 |147 -0.83075  -3.4011e-04
148 -3.31954  -6.1945e-04 |149 -1.10713   2.1821e-04 |150  2.45832   9.6949e-04
151 -0.26264  -1.1810e-03 |152 -2.93975   1.1768e-04 |153 -0.71699  -5.5516e-04
154  1.27285   5.3484e-04 |155  0.51133  -8.9471e-04 |156 -1.50946   9.2530e-04
157  1.41102   7.7509e-04 |158 -0.70817  -5.7121e-04 |159  0.18173  -1.2367e-03
160  0.75079  -4.9086e-04 |161  0.71937  -5.4916e-04 |162 -0.10067  -1.2730e-03
163  0.28561  -1.1613e-03 |164  0.50467  -9.0436e-04 |165  1.51678   9.3481e-04
166  3.74203  -1.1848e-03 |167 -1.10051   2.0514e-04 |168 -0.43762  -9.9659e-04
169  0.01043   4.3280e-03 |170  0.00947   8.1214e-03 |171  0.00781   1.8098e-03
172  0.03141   6.6237e-03 |173  0.07920   5.2669e-03 |174  0.03933  -2.8272e-03
175  0.03731   5.5254e-03 |176  0.01530   4.6137e-03 |177  0.03652   9.5551e-03
178  0.10076  -1.0108e-03 |179  0.12243   2.5277e-03 |180  0.11247   2.6802e-03
181  0.05822  -7.9986e-04 |182 -0.02212   3.2184e-03 |183 -0.02959   2.8492e-03
184 -0.00970   3.9676e-03 |185 -0.00805   2.6983e-03 |186 -0.01797   2.4375e-03
187 -0.04107   3.1131e-03 |188 -0.02735   2.8436e-03 |189  0.02754   3.2667e-03
190  0.03184  -2.8253e-03 |191  0.03105   6.2877e-03 |192  0.02261   1.6177e-03
193 -0.01973   2.7485e-03 |194 -0.07204   2.2528e-03 |195  0.00233   6.3803e-03
196  0.05974   4.3100e-03 |197  0.02194  -9.9892e-04 |198  0.00922   1.1168e-03
199  0.01061   1.7525e-03 |200  0.01587   2.2263e-03 |201  0.02635   3.6987e-03
202  0.12162  -5.1730e-04 |203  0.11723   5.0934e-03 |204  0.09820   5.1921e-03
205 -0.05130   1.7596e-03 |206 -0.11775   1.7842e-03 |207 -0.13657   3.2437e-03
208 -0.08222   3.9194e-03 |209 -0.04105   3.6916e-03 |210  0.06655   1.3377e-03
211 -1.05235  -2.3619e-04 |212 -0.05626  -8.1208e-03 |213  0.03594  -2.0071e-02
214 -0.01062  -6.5545e-09 |215 -0.65600   2.3693e-03 |216 -0.84564  -2.2080e-03
217  0.01750   1.7840e-02 |218 -0.16318   1.2944e-03 |219 -0.24938   1.0251e-03
220 -0.05392   1.5307e-03 |221  0.03626   4.0635e-04 |222 -0.00160  -5.8024e-05
223  0.00863   2.5320e-05 |224 -0.02864   1.5457e-03 |225 -0.03603   1.4950e-03
226  0.08974   8.6031e-04 |227  0.07006   1.3901e-04 |228  0.19541  -3.2858e-04
229  0.10415   3.4618e-04 |230  0.09830   1.6468e-03 |231  0.04946  -1.4373e-04
232  0.05760  -6.5220e-04 |233  0.06401   1.0461e-03 |234  0.12740   1.0175e-03
235 -0.11617  -2.6739e-04 |236 -0.12359   5.1264e-05 |237  0.00598   9.9707e-04
238  0.02565   1.1244e-03 |239 -0.11253   4.3414e-04 |240 -0.15101   9.3046e-04
241 -0.06597  -3.4409e-04 |242  0.01206  -7.3365e-04 |243  0.04318   1.2670e-03
244 -0.02342   2.5503e-04 |245 -0.12254  -8.1286e-04 |246 -0.23359  -5.1499e-04
247 -0.10359   1.1995e-03 |248  0.00245   3.4473e-04 |249  0.05281  -7.5022e-04
250  0.08311   8.7028e-04 |251  0.05587   2.0460e-03 |252 -0.01656   1.6560e-04
253 -0.00237  -4.4942e-04 |254  0.13241   5.5505e-04 |255  0.19826   2.3401e-03
256  0.23275   1.2772e-03 |257 -0.14571  -2.1656e-04 |258  0.09621  -3.7937e-02
259  0.14960  -3.6580e-03 |260 -1.13210   1.2332e-02 |261 -0.84439  -2.0659e-03
262 -0.79999   1.9302e-03 |263 -0.00509   1.1666e-02 |264  0.52282   7.9486e-03
265 -0.50709   8.1571e-03 |266  0.58797   7.0347e-03 |267  0.03849   1.1645e-02
268 -0.32485   1.0180e-02 |269  0.65502   6.0172e-03 |270 -0.35072   9.9405e-03
271  0.46858   8.6465e-03 |272  0.40574   9.3763e-03 |273 -0.63203   6.3740e-03
274 -0.35253   9.9231e-03 |275 -0.58886   7.0215e-03 |276  0.11273   1.1484e-02
277  0.59626   6.9129e-03 |278  0.35908   9.8595e-03 |279 -0.13275   1.1414e-02
280 -0.55139   7.5575e-03 |281 -0.19095   1.1146e-02 |282 -0.08831   1.1555e-02
283  0.16188   1.1291e-02 |284 -0.41773   9.2438e-03 |285 -0.22170   1.0966e-02
286 -0.09514   1.1537e-02 |287 -0.53152   7.8311e-03 |288 -0.26334   1.0683e-02
289  0.64213   6.2183e-03 |290 -0.65859   5.9609e-03 |291  0.16420   1.1281e-02
292  0.17943   1.1206e-02 |293 -0.10177   1.1518e-02 |294  0.10659   1.1503e-02
295  0.36362   9.8148e-03 |296 -0.43789   9.0138e-03 |297 -0.10668   1.1503e-02
298  0.27622   1.0586e-02 |299  0.31455   1.0271e-02 |300  0.43580   9.0381e-03
301 -0.02574   1.1657e-02 |302  0.19999   1.1096e-02 |303  0.47187  -4.0878e-02
304  0.08844   1.8896e-03 |305 -0.90724   2.3551e-03 |306  0.25189  -4.8888e-03
307 -0.87921  -2.1889e-02 |308 -0.52475  -6.2701e-04 |
19.6103 7.17243 68.8897 45.0929 
11.1743 11.1743 48.955 49.8756 
6.28857 9.27928 0 1.1712 11.3278 
0 2.00671 0 0 0.44319 19.3616 0 
19.6102 7.17246 68.8897 45.0929 
11.1744 11.1744 48.9548 49.8757 
6.28858 9.27926 0 1.17113 11.3279 
0 2.00671 0 0 0.443188 19.3616 0 
19.6101 7.17248 68.8897 45.0928 
11.1745 11.1745 48.9547 49.8758 
6.28857 9.27924 0 1.17107 11.3281 
0 2.00671 0 0 0.443186 19.3616 0 
19.6101 7.17247 68.8896 45.0928 
11.1745 11.1745 48.9547 49.8758 
6.28857 9.27925 0 1.17108 11.3281 
0 2.00672 0 0 0.443185 19.3616 0 
19.6101 7.17246 68.8896 45.0928 
11.1745 11.1745 48.9547 49.8758 
6.28856 9.27926 0 1.17109 11.3281 
0 2.00672 0 0 0.443185 19.3616 0 
19.6101 7.17246 68.8897 45.0928 
11.1745 11.1745 48.9547 49.8758 
6.28856 9.27927 0 1.1711 11.3281 
0 2.00672 0 0 0.443185 19.3616 0 
19.6102 7.17246 68.8897 45.0928 
11.1745 11.1745 48.9547 49.8758 
6.28856 9.27927 0 1.1711 11.3281 
0 2.00672 0 0 0.443185 19.3616 0 
19.6101 7.17246 68.8897 45.0928 
11.1745 11.1745 48.9547 49.8758 
6.28856 9.27927 0 1.1711 11.3281 
0 2.00672 0 0 0.443185 19.3616 0 

 - final statistics:
308 variables; iteration 818; function evaluation 892
Function value   3.0852e+02; maximum gradient component mag  -6.7903e-04
Exit code = 1;  converg criter   1.0000e-03
Var   Value    Gradient   |Var   Value    Gradient   |Var   Value    Gradient
  1  0.13530   1.2736e-05 |  2  0.18567   1.7195e-05 |  3  0.18943  -3.6273e-05
  4  0.19624  -4.6095e-05 |  5  0.19479  -5.3459e-07 |  6  0.19102   3.0762e-05
  7  0.17749   1.8986e-05 |  8  0.17353   2.0405e-05 |  9  0.17225   5.3936e-05
 10  0.14827   5.7510e-05 | 11 -2.12461   3.7633e-06 | 12  0.12662  -1.6759e-05
 13  0.10248  -3.4880e-06 | 14 -2.05680   5.9280e-06 | 15 -1.98866  -1.9622e-06
 16 -0.09826  -6.6949e-06 | 17 -0.15679  -3.0511e-06 | 18 -0.23306  -2.5270e-07
 19 -0.26687  -1.7694e-06 | 20 -0.33417   3.9294e-07 | 21 -1.57358   3.0619e-08
 22 -2.09920   6.6884e-06 | 23 -0.17604   2.9132e-07 | 24  0.01110  -7.5409e-09
 25  0.08381  -4.3713e-06 | 26  0.12645  -4.0069e-07 | 27  0.15289   4.1326e-06
 28  0.15537  -2.2793e-05 | 29  0.14993  -1.4529e-06 | 30  0.15175  -9.3616e-06
 31  0.15595   1.2589e-05 | 32  0.14786   1.2951e-05 | 33  0.12931   5.1194e-06
 34  0.11272  -1.0556e-05 | 35  0.12252   1.1914e-05 | 36  0.11946   1.5473e-05
 37  0.08906   3.8451e-06 | 38  0.05222   2.7191e-06 | 39  0.00762   4.5502e-06
 40 -0.03835   2.1384e-05 | 41 -0.09471   5.4377e-06 | 42 -1.84621  -1.9297e-06
 43 -0.01877  -1.9475e-05 | 44 -0.06620  -1.5358e-05 | 45 -0.08973  -2.4763e-05
 46 -0.16758  -7.5724e-06 | 47 -0.18356  -1.0785e-05 | 48 -0.14567  -9.0254e-06
 49 -0.10800  -8.2260e-07 | 50 -0.06495   2.0340e-06 | 51 -0.02809  -3.7276e-06
 52  0.01403  -4.6189e-06 | 53 -0.00467   6.8260e-07 | 54  0.02987  -1.5322e-05
 55  0.02150  -2.0746e-05 | 56  0.03652  -2.1051e-05 | 57  0.08914  -1.3958e-05
 58  0.10962  -2.0397e-05 | 59  0.03567  -1.3999e-05 | 60 -0.10961  -1.1241e-05
 61 -0.07251  -7.2667e-06 | 62  0.03648  -1.5112e-05 | 63 -0.02363  -1.3368e-05
 64 -0.04561  -1.7944e-05 | 65 -0.05259  -1.5522e-05 | 66 -0.04138  -1.4116e-05
 67 -0.06586  -2.5783e-05 | 68 -0.05135  -2.1484e-05 | 69 -0.07281  -1.9395e-05
 70 -0.06106  -1.4018e-05 | 71  0.05229  -2.6065e-05 | 72  0.04575  -3.5019e-05
 73  0.00355  -2.5519e-05 | 74 -0.00362  -1.7953e-05 | 75  0.09887  -1.8269e-05
 76  0.08114   1.8590e-06 | 77 -0.02151  -6.9946e-06 | 78 -0.05933   1.0576e-06
 79  0.08380   8.4096e-06 | 80  0.31550   4.0562e-05 | 81 -3.00031  -6.2645e-06
 82 -0.12531  -7.7990e-06 | 83 -0.04302  -9.7568e-06 | 84 -2.04166   6.8040e-06
 85 -0.03792  -7.6165e-06 | 86  0.09501  -2.1807e-05 | 87  0.21436  -3.7377e-05
 88 -0.08748  -2.1811e-06 | 89 -0.20748  -1.2069e-07 | 90 -0.15131  -4.4456e-06
 91 -0.04384  -3.5878e-06 | 92 -0.01890  -5.9931e-06 | 93  0.03690   5.1777e-07
 94  0.16127  -6.7687e-06 | 95  0.01227   1.2562e-05 | 96 -0.00188   1.2915e-05
 97  0.01432   2.3678e-06 | 98  0.09804  -7.6594e-06 | 99  0.08633   1.3235e-05
100  0.08798  -2.5199e-06 |101  0.10986  -9.9068e-06 |102 -0.07695  -1.1011e-06
103 -0.10201   1.6003e-07 |104  0.05474  -6.9956e-06 |105  0.03655   3.9571e-06
106 -0.04783   8.9422e-06 |107 -0.05979  -3.8346e-06 |108 -2.06809  -1.7213e-05
109  0.09996  -4.7116e-06 |110  0.08576  -1.8382e-06 |111  0.00720  -3.9959e-06
112 -0.12851  -4.3763e-06 |113 -0.14086   1.1134e-06 |114 -1.96329  -1.5963e-06
115  0.11464   9.3148e-06 |116  0.02089  -8.9091e-07 |117  0.09436  -1.3046e-05
118  0.04364  -4.2869e-06 |119 -0.01235  -4.1624e-06 |120  0.00405  -5.1273e-06
121  0.12982  -2.8584e-07 |122  1.79900   2.8038e-06 |123 -1.00015   6.7280e-07
124  0.10788   8.7943e-06 |125 -0.01649   3.8289e-07 |126  2.17377  -2.8827e-07
127 -0.57228  -2.8756e-05 |128  2.59605   2.7450e-05 |129  1.84236   4.3922e-05
130 -0.58813  -2.7889e-05 |131  3.75912  -4.2350e-05 |132  0.67431  -2.1530e-05
133 -2.80633   1.2351e-05 |134  0.72062  -1.8456e-05 |135 -0.22955  -4.2634e-05
136  3.11064  -1.0088e-05 |137 -1.49307   3.2157e-05 |138 -0.21001  -4.3092e-05
139  0.59181  -2.6633e-05 |140  0.64535  -2.3376e-05 |141 -3.39413  -2.5798e-05
142 -0.55043  -2.9926e-05 |143 -0.45029  -3.4849e-05 |144 -3.31614  -2.0908e-05
145 -1.58085   3.6219e-05 |146  1.82604   4.3611e-05 |147 -0.83013  -1.3409e-05
148 -3.31896  -2.1092e-05 |149 -1.10646   9.8839e-06 |150  2.45838   3.4480e-05
151 -0.26223  -4.1780e-05 |152 -2.93978   1.4971e-07 |153 -0.71680  -2.0363e-05
154  1.27341   1.8049e-05 |155  0.51103  -3.1139e-05 |156 -1.50946   3.2962e-05
157  1.41099   2.6798e-05 |158 -0.70891  -2.0844e-05 |159  0.18173  -4.3453e-05
160  0.75092  -1.6364e-05 |161  0.71969  -1.8520e-05 |162 -0.10029  -4.4906e-05
163  0.28593  -4.0713e-05 |164  0.50496  -3.1457e-05 |165  1.51703   3.2582e-05
166  3.74165  -4.1887e-05 |167 -1.10090   9.6232e-06 |168 -0.43794  -3.5402e-05
169  0.01043  -6.7903e-04 |170  0.00947   3.5040e-05 |171  0.00781  -3.9818e-06
172  0.03140  -5.6248e-06 |173  0.07920  -2.5183e-05 |174  0.03933   6.9153e-06
175  0.03730  -1.2388e-05 |176  0.01530  -2.6686e-05 |177  0.03652  -3.8131e-06
178  0.10077  -3.7872e-05 |179  0.12243   1.0647e-05 |180  0.11247   2.5761e-05
181  0.05822  -2.4823e-05 |182 -0.02212   5.2881e-06 |183 -0.02959   1.8301e-05
184 -0.00970   2.9350e-05 |185 -0.00805  -2.4232e-06 |186 -0.01796  -1.7505e-05
187 -0.04107   4.3147e-06 |188 -0.02734  -2.5879e-06 |189  0.02754   2.7182e-05
190  0.03184   1.0396e-05 |191  0.03105  -2.3508e-05 |192  0.02261  -3.7453e-06
193 -0.01973   2.7827e-05 |194 -0.07204   9.6392e-06 |195  0.00233   1.0807e-06
196  0.05974   9.1323e-05 |197  0.02194   6.0825e-06 |198  0.00921  -1.0552e-05
199  0.01061  -2.4248e-07 |200  0.01587   2.9974e-06 |201  0.02635   7.4134e-06
202  0.12162  -4.5467e-05 |203  0.11723  -4.3338e-05 |204  0.09819  -5.0201e-05
205 -0.05130   9.4729e-06 |206 -0.11775   1.1542e-05 |207 -0.13658   7.1567e-06
208 -0.08222   3.5351e-05 |209 -0.04105   2.5201e-05 |210  0.06655  -7.1463e-06
211 -1.05236   1.0877e-06 |212 -0.05626   2.8428e-05 |213  0.03595  -4.8160e-05
214 -0.01065  -6.5683e-09 |215 -0.65600  -3.0834e-05 |216 -0.84564   3.1394e-05
217  0.01749  -6.5840e-05 |218 -0.16318  -4.5596e-06 |219 -0.24938   4.5689e-06
220 -0.05392  -3.8481e-06 |221  0.03625  -1.1096e-05 |222 -0.00161  -1.5570e-06
223  0.00863  -5.6213e-06 |224 -0.02864  -3.0490e-06 |225 -0.03603   5.9314e-06
226  0.08975  -3.6670e-06 |227  0.07006  -3.2268e-06 |228  0.19541  -1.1879e-05
229  0.10415  -1.3487e-05 |230  0.09830  -2.1818e-05 |231  0.04946  -1.0271e-05
232  0.05760  -6.3328e-06 |233  0.06401  -7.8537e-06 |234  0.12739  -8.5176e-06
235 -0.11617  -9.4258e-07 |236 -0.12359  -1.5072e-05 |237  0.00598   1.0550e-05
238  0.02565   2.9579e-06 |239 -0.11253  -9.7977e-06 |240 -0.15101  -1.1160e-05
241 -0.06597  -1.1566e-05 |242  0.01206  -7.8580e-06 |243  0.04318  -5.0884e-06
244 -0.02341  -1.5378e-05 |245 -0.12253  -8.6355e-06 |246 -0.23359   5.5128e-06
247 -0.10359  -1.2601e-05 |248  0.00245  -9.1184e-06 |249  0.05281  -1.5050e-05
250  0.08310  -2.5903e-05 |251  0.05586  -4.8603e-06 |252 -0.01656  -5.1124e-06
253 -0.00237  -1.8496e-05 |254  0.13241  -1.7238e-05 |255  0.19825  -4.8329e-06
256  0.23275  -2.1952e-05 |257 -0.14571  -1.1113e-05 |258  0.09621   1.2541e-04
259  0.14960   2.4794e-05 |260 -1.13210   1.7426e-05 |261 -0.84439  -1.1854e-04
262 -0.79994  -1.9332e-05 |263 -0.00507   2.4372e-04 |264  0.52272   1.6613e-04
265 -0.50705   1.7038e-04 |266  0.58789   1.4704e-04 |267  0.03838   2.4329e-04
268 -0.32474   2.1268e-04 |269  0.65499   1.2578e-04 |270 -0.35067   2.0766e-04
271  0.46850   1.8069e-04 |272  0.40566   1.9593e-04 |273 -0.63216   1.3306e-04
274 -0.35251   2.0729e-04 |275 -0.58874   1.4668e-04 |276  0.11269   2.3993e-04
277  0.59631   1.4446e-04 |278  0.35903   2.0601e-04 |279 -0.13267   2.3845e-04
280 -0.55125   1.5788e-04 |281 -0.19097   2.3283e-04 |282 -0.08837   2.4138e-04
283  0.16197   2.3589e-04 |284 -0.41773   1.9309e-04 |285 -0.22174   2.2908e-04
286 -0.09511   2.4101e-04 |287 -0.53144   1.6358e-04 |288 -0.26341   2.2315e-04
289  0.64207   1.2999e-04 |290 -0.65863   1.2445e-04 |291  0.16406   2.3569e-04
292  0.17944   2.3412e-04 |293 -0.10169   2.4062e-04 |294  0.10660   2.4033e-04
295  0.36376   2.0504e-04 |296 -0.43778   1.8831e-04 |297 -0.10668   2.4031e-04
298  0.27604   2.2119e-04 |299  0.31450   2.1461e-04 |300  0.43592   1.8882e-04
301 -0.02574   2.4353e-04 |302  0.20004   2.3181e-04 |303  0.47187   3.0082e-04
304  0.08844   2.8514e-05 |305 -0.90724  -9.0310e-06 |306  0.25190  -3.0129e-05
307 -0.87921  -9.6030e-05 |308 -0.52475   8.0011e-05 |
19.6101 7.17246 68.8897 45.0928 
11.1745 11.1745 48.9547 49.8758 
6.28856 9.27927 0 1.1711 11.3281 
0 2.00672 0 0 0.443185 19.3616 0 
3
4
5
variable out of bounds in boundpin: variable = 4.00001; min = -4; max = 4
variable out of bounds in boundpin: variable = -4.00005; min = -4; max = 4
19.6104 7.17252 68.8905 45.0936 
11.1739 11.1739 48.9547 49.8758 
6.28846 9.27958 0 1.1711 11.3281 
0 2.0067 0 0 0.443185 19.3616 0 
Estimating row 1 out of 308 for hessian
19.6104 7.17254 68.8906 45.0936 
11.1737 11.1737 48.9547 49.8757 
6.28846 9.27961 0 1.1711 11.3281 
0 2.0067 0 0 0.443185 19.3616 0 
19.6104 7.1725 68.8904 45.0936 
11.174 11.174 48.9548 49.8758 
6.28846 9.27954 0 1.1711 11.3281 
0 2.0067 0 0 0.443185 19.3616 0 
19.6104 7.17252 68.8905 45.0936 
11.1738 11.1738 48.9547 49.8758 
6.28846 9.27958 0 1.1711 11.3281 
0 2.0067 0 0 0.443185 19.3616 0 
19.6104 7.17252 68.8905 45.0936 
11.1739 11.1739 48.9547 49.8758 
6.28846 9.27957 0 1.1711 11.3281 
0 2.0067 0 0 0.443185 19.3616 0 
Estimating row 2 out of 308 for hessian
19.6105 7.17261 68.8909 45.0935 
11.1735 11.1735 48.9546 49.8757 
6.28846 9.27967 0 1.1711 11.3281 
0 2.0067 0 0 0.443185 19.3616 0 
19.6103 7.17243 68.8901 45.0937 
11.1742 11.1742 48.9548 49.8758 
6.28846 9.27949 0 1.1711 11.3281 
0 2.0067 0 0 0.443185 19.3616 0 
19.6104 7.17253 68.8905 45.0936 
11.1738 11.1738 48.9547 49.8758 
6.28846 9.27958 0 1.1711 11.3281 
0 2.0067 0 0 0.443185 19.3616 0 
19.6104 7.17251 68.8904 45.0936 
11.1739 11.1739 48.9547 49.8758 
6.28846 9.27957 0 1.1711 11.3281 
0 2.0067 0 0 0.443185 19.3616 0 
Estimating row 3 out of 308 for hessian
19.6105 7.17265 68.8908 45.0934 
11.1735 11.1735 48.9546 49.8758 
6.28846 9.27967 0 1.1711 11.3281 
0 2.0067 0 0 0.443185 19.3616 0 
19.6103 7.17239 68.8902 45.0937 
11.1742 11.1742 48.9548 49.8758 
6.28846 9.27948 0 1.1711 11.3281 
0 2.0067 0 0 0.443185 19.3616 0 
19.6104 7.17253 68.8905 45.0936 
11.1738 11.1738 48.9547 49.8758 
6.28846 9.27959 0 1.1711 11.3281 
0 2.0067 0 0 0.443185 19.3616 0 
19.6104 7.17251 68.8904 45.0936 
11.1739 11.1739 48.9547 49.8758 
6.28846 9.27957 0 1.1711 11.3281 
0 2.0067 0 0 0.443185 19.3616 0 
Estimating row 4 out of 308 for hessian
19.6104 7.17268 68.8906 45.0934 
11.1736 11.1736 48.9547 49.8757 
6.28846 9.27971 0 1.1711 11.3281 
0 2.0067 0 0 0.443185 19.3616 0 
19.6103 7.17236 68.8904 45.0937 
11.1742 11.1742 48.9547 49.8758 
6.28846 9.27944 0 1.1711 11.3281 
0 2.0067 0 0 0.443185 19.3616 0 
19.6104 7.17254 68.8905 45.0936 
11.1738 11.1738 48.9547 49.8758 
6.28846 9.27959 0 1.1711 11.3281 
0 2.0067 0 0 0.443185 19.3616 0 
19.6104 7.1725 68.8905 45.0936 
11.1739 11.1739 48.9547 49.8758 
6.28846 9.27956 0 1.1711 11.3281 
0 2.0067 0 0 0.443185 19.3616 0 
Estimating row 5 out of 308 for hessian
19.6104 7.17268 68.8904 45.0934 
11.1737 11.1737 48.9547 49.8758 
6.28846 9.2797 0 1.1711 11.3281 
0 2.0067 0 0 0.443185 19.3616 0 
19.6104 7.17236 68.8905 45.0937 
11.174 11.174 48.9547 49.8757 
6.28846 9.27945 0 1.1711 11.3281 
0 2.0067 0 0 0.443185 19.3616 0 
19.6104 7.17254 68.8905 45.0936 
11.1738 11.1738 48.9547 49.8758 
6.28846 9.27959 0 1.1711 11.3281 
0 2.0067 0 0 0.443185 19.3616 0 
19.6104 7.1725 68.8905 45.0936 
11.1739 11.1739 48.9547 49.8758 
6.28846 9.27956 0 1.1711 11.3281 
0 2.0067 0 0 0.443185 19.3616 0 
Estimating row 6 out of 308 for hessian
19.6104 7.17267 68.8904 45.0934 
11.1737 11.1737 48.9547 49.8758 
6.28846 9.27971 0 1.1711 11.3281 
0 2.0067 0 0 0.443185 19.3616 0 
19.6104 7.17237 68.8906 45.0937 
11.174 11.174 48.9547 49.8757 
6.28846 9.27944 0 1.1711 11.3281 
0 2.0067 0 0 0.443185 19.3616 0 
19.6104 7.17253 68.8905 45.0936 
11.1738 11.1738 48.9547 49.8758 
6.28846 9.27959 0 1.1711 11.3281 
0 2.0067 0 0 0.443185 19.3616 0 
19.6104 7.1725 68.8905 45.0936 
11.1739 11.1739 48.9547 49.8758 
6.28846 9.27956 0 1.1711 11.3281 
0 2.0067 0 0 0.443185 19.3616 0 
Estimating row 7 out of 308 for hessian
19.6104 7.17263 68.8903 45.0935 
11.1738 11.1738 48.9548 49.8757 
6.28846 9.2797 0 1.1711 11.3281 
0 2.0067 0 0 0.443185 19.3616 0 
19.6104 7.17241 68.8907 45.0936 
11.1739 11.1739 48.9546 49.8758 
6.28846 9.27945 0 1.1711 11.3281 
0 2.0067 0 0 0.443185 19.3616 0 
19.6104 7.17253 68.8905 45.0936 
11.1739 11.1739 48.9547 49.8758 
6.28846 9.27959 0 1.1711 11.3281 
0 2.0067 0 0 0.443185 19.3616 0 
19.6104 7.17251 68.8905 45.0936 
11.1739 11.1739 48.9547 49.8758 
6.28846 9.27956 0 1.1711 11.3281 
0 2.0067 0 0 0.443185 19.3616 0 
Estimating row 8 out of 308 for hessian
19.6104 7.17262 68.8903 45.0935 
11.1738 11.1738 48.9547 49.8758 
6.28846 9.2797 0 1.1711 11.3281 
0 2.0067 0 0 0.443185 19.3616 0 
19.6104 7.17242 68.8906 45.0936 
11.174 11.174 48.9547 49.8757 
6.28846 9.27945 0 1.1711 11.3281 
0 2.0067 0 0 0.443185 19.3616 0 
19.6104 7.17253 68.8905 45.0936 
11.1739 11.1739 48.9547 49.8758 
6.28846 9.27959 0 1.1711 11.3281 
0 2.0067 0 0 0.443185 19.3616 0 
19.6104 7.17251 68.8905 45.0936 
11.1739 11.1739 48.9547 49.8758 
6.28846 9.27956 0 1.1711 11.3281 
0 2.0067 0 0 0.443185 19.3616 0 
Estimating row 9 out of 308 for hessian
19.6104 7.17262 68.8904 45.0934 
11.1738 11.1738 48.9547 49.8758 
6.28846 9.27976 0 1.1711 11.3281 
0 2.0067 0 0 0.443185 19.3616 0 
19.6104 7.17242 68.8906 45.0937 
11.174 11.174 48.9547 49.8757 
6.28846 9.27939 0 1.1711 11.3281 
0 2.0067 0 0 0.443185 19.3616 0 
19.6104 7.17253 68.8905 45.0936 
11.1738 11.1738 48.9547 49.8758 
6.28846 9.27959 0 1.1711 11.3281 
0 2.0067 0 0 0.443185 19.3616 0 
19.6104 7.17251 68.8905 45.0936 
11.1739 11.1739 48.9547 49.8758 
6.28846 9.27956 0 1.1711 11.3281 
0 2.0067 0 0 0.443185 19.3616 0 
Estimating row 10 out of 308 for hessian
19.6104 7.17258 68.8902 45.0936 
11.1738 11.1738 48.9549 49.8757 
6.28846 9.27975 0 1.1711 11.3281 
0 2.0067 0 0 0.443185 19.3616 0 
19.6104 7.17245 68.8907 45.0936 
11.174 11.174 48.9545 49.8759 
6.28846 9.2794 0 1.1711 11.3281 
0 2.0067 0 0 0.443185 19.3616 0 
19.6104 7.17253 68.8905 45.0936 
11.1739 11.1739 48.9547 49.8758 
6.28846 9.27959 0 1.1711 11.3281 
0 2.0067 0 0 0.443185 19.3616 0 
19.6104 7.17251 68.8905 45.0936 
11.1739 11.1739 48.9547 49.8758 
6.28846 9.27956 0 1.1711 11.3281 
0 2.0067 0 0 0.443185 19.3616 0 
Estimating row 11 out of 308 for hessian
19.6104 7.17256 68.8903 45.0936 
11.1737 11.1737 48.9547 49.8758 
6.28846 9.27969 0 1.1711 11.3281 
0 2.0067 0 0 0.443185 19.3616 0 
19.6104 7.17248 68.8907 45.0935 
11.174 11.174 48.9547 49.8757 
6.28846 9.27946 0 1.1711 11.3281 
0 2.0067 0 0 0.443185 19.3616 0 
19.6104 7.17252 68.8905 45.0936 
11.1738 11.1738 48.9547 49.8758 
6.28846 9.27959 0 1.1711 11.3281 
0 2.0067 0 0 0.443185 19.3616 0 
19.6104 7.17252 68.8905 45.0936 
11.1739 11.1739 48.9547 49.8758 
6.28846 9.27956 0 1.1711 11.3281 
0 2.0067 0 0 0.443185 19.3616 0 
Estimating row 12 out of 308 for hessian
19.6104 7.17257 68.8904 45.0937 
11.1736 11.1736 48.9546 49.8759 
6.28846 9.27967 0 1.1711 11.3281 
0 2.0067 0 0 0.443185 19.3616 0 
19.6104 7.17247 68.8905 45.0935 
11.1741 11.1741 48.9548 49.8756 
6.28846 9.27948 0 1.1711 11.3281 
0 2.0067 0 0 0.443185 19.3616 0 
19.6104 7.17252 68.8905 45.0936 
11.1738 11.1738 48.9547 49.8758 
6.28846 9.27958 0 1.1711 11.3281 
0 2.0067 0 0 0.443185 19.3616 0 
19.6104 7.17251 68.8905 45.0936 
11.1739 11.1739 48.9547 49.8758 
6.28846 9.27957 0 1.1711 11.3281 
0 2.0067 0 0 0.443185 19.3616 0 
Estimating row 13 out of 308 for hessian
19.6104 7.17255 68.8904 45.0937 
11.1737 11.1737 48.9547 49.8757 
6.28846 9.27964 0 1.1711 11.3281 
0 2.0067 0 0 0.443185 19.3616 0 
19.6104 7.17249 68.8905 45.0934 
11.174 11.174 48.9547 49.8758 
6.28846 9.27951 0 1.1711 11.3281 
0 2.0067 0 0 0.443185 19.3616 0 
19.6104 7.17252 68.8905 45.0936 
11.1738 11.1738 48.9547 49.8758 
6.28846 9.27958 0 1.1711 11.3281 
0 2.0067 0 0 0.443185 19.3616 0 
19.6104 7.17252 68.8905 45.0936 
11.1739 11.1739 48.9547 49.8758 
6.28846 9.27957 0 1.1711 11.3281 
0 2.0067 0 0 0.443185 19.3616 0 
Estimating row 14 out of 308 for hessian
19.6104 7.17253 68.8904 45.0936 
11.1738 11.1738 48.9548 49.8757 
6.28846 9.2796 0 1.1711 11.3281 
0 2.0067 0 0 0.443185 19.3616 0 
19.6104 7.17251 68.8905 45.0935 
11.1739 11.1739 48.9546 49.8758 
6.28846 9.27955 0 1.1711 11.3281 
0 2.0067 0 0 0.443185 19.3616 0 
19.6104 7.17252 68.8905 45.0936 
11.1739 11.1739 48.9547 49.8758 
6.28846 9.27958 0 1.1711 11.3281 
0 2.0067 0 0 0.443185 19.3616 0 
19.6104 7.17252 68.8905 45.0936 
11.1739 11.1739 48.9547 49.8758 
6.28846 9.27957 0 1.1711 11.3281 
0 2.0067 0 0 0.443185 19.3616 0 
Estimating row 15 out of 308 for hessian
19.6104 7.17252 68.8904 45.0936 
11.1738 11.1738 48.9547 49.8758 
6.28846 9.27958 0 1.1711 11.3281 
0 2.0067 0 0 0.443185 19.3616 0 
19.6104 7.17252 68.8905 45.0936 
11.1739 11.1739 48.9547 49.8758 
6.28846 9.27957 0 1.1711 11.3281 
0 2.0067 0 0 0.443185 19.3616 0 
19.6104 7.17252 68.8905 45.0936 
11.1739 11.1739 48.9547 49.8758 
6.28846 9.27958 0 1.1711 11.3281 
0 2.0067 0 0 0.443185 19.3616 0 
19.6104 7.17252 68.8905 45.0936 
11.1739 11.1739 48.9547 49.8758 
6.28846 9.27957 0 1.1711 11.3281 
0 2.0067 0 0 0.443185 19.3616 0 
Estimating row 16 out of 308 for hessian
19.6104 7.17252 68.8905 45.0936 
11.1739 11.1739 48.9547 49.8758 
6.28846 9.27958 0 1.1711 11.3281 
0 2.0067 0 0 0.443185 19.3616 0 
19.6104 7.17252 68.8905 45.0936 
11.1739 11.1739 48.9547 49.8758 
6.28846 9.27957 0 1.1711 11.3281 
0 2.0067 0 0 0.443185 19.3616 0 
19.6104 7.17252 68.8905 45.0936 
11.1739 11.1739 48.9547 49.8758 
6.28846 9.27958 0 1.1711 11.3281 
0 2.0067 0 0 0.443185 19.3616 0 
19.6104 7.17252 68.8905 45.0936 
11.1739 11.1739 48.9547 49.8758 
6.28846 9.27957 0 1.1711 11.3281 
0 2.0067 0 0 0.443185 19.3616 0 
Estimating row 17 out of 308 for hessian
19.6104 7.17252 68.8905 45.0936 
11.1739 11.1739 48.9547 49.8758 
6.28846 9.27958 0 1.1711 11.3281 
0 2.0067 0 0 0.443185 19.3616 0 
19.6104 7.17252 68.8905 45.0936 
11.1739 11.1739 48.9547 49.8758 
6.28846 9.27957 0 1.1711 11.3281 
0 2.0067 0 0 0.443185 19.3616 0 
19.6104 7.17252 68.8905 45.0936 
11.1739 11.1739 48.9547 49.8758 
6.28846 9.27958 0 1.1711 11.3281 
0 2.0067 0 0 0.443185 19.3616 0 
19.6104 7.17252 68.8905 45.0936 
11.1739 11.1739 48.9547 49.8758 
6.28846 9.27958 0 1.1711 11.3281 
0 2.0067 0 0 0.443185 19.3616 0 
Estimating row 18 out of 308 for hessian
19.6104 7.17252 68.8905 45.0936 
11.1739 11.1739 48.9547 49.8758 
6.28846 9.27958 0 1.1711 11.3281 
0 2.0067 0 0 0.443185 19.3616 0 
19.6104 7.17252 68.8905 45.0936 
11.1739 11.1739 48.9547 49.8758 
6.28846 9.27958 0 1.1711 11.3281 
0 2.0067 0 0 0.443185 19.3616 0 
19.6104 7.17252 68.8905 45.0936 
11.1739 11.1739 48.9547 49.8758 
6.28846 9.27958 0 1.1711 11.3281 
0 2.0067 0 0 0.443185 19.3616 0 
19.6104 7.17252 68.8905 45.0936 
11.1739 11.1739 48.9547 49.8758 
6.28846 9.27958 0 1.1711 11.3281 
0 2.0067 0 0 0.443185 19.3616 0 
Estimating row 19 out of 308 for hessian
19.6104 7.17252 68.8905 45.0936 
11.1739 11.1739 48.9547 49.8758 
6.28846 9.27958 0 1.1711 11.3281 
0 2.0067 0 0 0.443185 19.3616 0 
19.6104 7.17252 68.8905 45.0936 
11.1739 11.1739 48.9547 49.8758 
6.28846 9.27958 0 1.1711 11.3281 
0 2.0067 0 0 0.443185 19.3616 0 
19.6104 7.17252 68.8905 45.0936 
11.1739 11.1739 48.9547 49.8758 
6.28846 9.27958 0 1.1711 11.3281 
0 2.0067 0 0 0.443185 19.3616 0 
19.6104 7.17252 68.8905 45.0936 
11.1739 11.1739 48.9547 49.8758 
6.28846 9.27958 0 1.1711 11.3281 
0 2.0067 0 0 0.443185 19.3616 0 
Estimating row 20 out of 308 for hessian
19.6104 7.17252 68.8905 45.0936 
11.1739 11.1739 48.9547 49.8758 
6.28846 9.27958 0 1.1711 11.3281 
0 2.0067 0 0 0.443185 19.3616 0 
19.6104 7.17252 68.8905 45.0936 
11.1739 11.1739 48.9547 49.8758 
6.28846 9.27958 0 1.1711 11.3281 
0 2.0067 0 0 0.443185 19.3616 0 
19.6104 7.17252 68.8905 45.0936 
11.1739 11.1739 48.9547 49.8758 
6.28846 9.27958 0 1.1711 11.3281 
0 2.0067 0 0 0.443185 19.3616 0 
19.6104 7.17252 68.8905 45.0936 
11.1739 11.1739 48.9547 49.8758 
6.28846 9.27958 0 1.1711 11.3281 
0 2.0067 0 0 0.443185 19.3616 0 
Estimating row 21 out of 308 for hessian
19.6104 7.17252 68.8905 45.0936 
11.1739 11.1739 48.9547 49.8758 
6.28846 9.27958 0 1.1711 11.3281 
0 2.0067 0 0 0.443185 19.3616 0 
19.6104 7.17252 68.8905 45.0936 
11.1739 11.1739 48.9547 49.8758 
6.28846 9.27958 0 1.1711 11.3281 
0 2.0067 0 0 0.443185 19.3616 0 
19.6104 7.17252 68.8905 45.0936 
11.1739 11.1739 48.9547 49.8758 
6.28846 9.27958 0 1.1711 11.3281 
0 2.0067 0 0 0.443185 19.3616 0 
19.6104 7.17252 68.8905 45.0936 
11.1739 11.1739 48.9547 49.8758 
6.28846 9.27958 0 1.1711 11.3281 
0 2.0067 0 0 0.443185 19.3616 0 
Estimating row 22 out of 308 for hessian
19.6104 7.17252 68.8905 45.0936 
11.1739 11.1739 48.9547 49.8758 
6.28846 9.27958 0 1.1711 11.3281 
0 2.0067 0 0 0.443185 19.3616 0 
19.6104 7.17252 68.8905 45.0936 
11.1739 11.1739 48.9547 49.8758 
6.28846 9.27958 0 1.1711 11.3281 
0 2.0067 0 0 0.443185 19.3616 0 
19.6104 7.17252 68.8905 45.0936 
11.1739 11.1739 48.9547 49.8758 
6.28846 9.27958 0 1.1711 11.3281 
0 2.0067 0 0 0.443185 19.3616 0 
19.6104 7.17252 68.8905 45.0936 
11.1739 11.1739 48.9547 49.8758 
6.28846 9.27958 0 1.1711 11.3281 
0 2.0067 0 0 0.443185 19.3616 0 
Estimating row 23 out of 308 for hessian
19.6104 7.17252 68.8905 45.0936 
11.1739 11.1739 48.9547 49.8758 
6.28846 9.27958 0 1.1711 11.3281 
0 2.0067 0 0 0.443185 19.3616 0 
19.6104 7.17252 68.8905 45.0936 
11.1739 11.1739 48.9547 49.8758 
6.28846 9.27958 0 1.1711 11.3281 
0 2.0067 0 0 0.443185 19.3616 0 
19.6104 7.17252 68.8905 45.0936 
11.1739 11.1739 48.9547 49.8758 
6.28846 9.27958 0 1.1711 11.3281 
0 2.0067 0 0 0.443185 19.3616 0 
19.6104 7.17252 68.8905 45.0936 
11.1739 11.1739 48.9547 49.8758 
6.28846 9.27958 0 1.1711 11.3281 
0 2.0067 0 0 0.443185 19.3616 0 
Estimating row 24 out of 308 for hessian
19.6104 7.17252 68.8905 45.0936 
11.1739 11.1739 48.9547 49.8758 
6.28846 9.27958 0 1.1711 11.3281 
0 2.0067 0 0 0.443185 19.3616 0 
19.6104 7.17252 68.8905 45.0936 
11.1739 11.1739 48.9547 49.8758 
6.28846 9.27958 0 1.1711 11.3281 
0 2.0067 0 0 0.443185 19.3616 0 
19.6104 7.17252 68.8905 45.0936 
11.1739 11.1739 48.9547 49.8758 
6.28846 9.27958 0 1.1711 11.3281 
0 2.0067 0 0 0.443185 19.3616 0 
19.6104 7.17252 68.8905 45.0936 
11.1739 11.1739 48.9547 49.8758 
6.28846 9.27958 0 1.1711 11.3281 
0 2.0067 0 0 0.443185 19.3616 0 
Estimating row 25 out of 308 for hessian
19.6104 7.17252 68.8905 45.0936 
11.1739 11.1739 48.9547 49.8758 
6.28846 9.27958 0 1.1711 11.3281 
0 2.0067 0 0 0.443185 19.3616 0 
19.6104 7.17251 68.8905 45.0936 
11.1739 11.1739 48.9547 49.8758 
6.28846 9.27958 0 1.1711 11.3281 
0 2.0067 0 0 0.443185 19.3616 0 
19.6104 7.17252 68.8905 45.0936 
11.1739 11.1739 48.9547 49.8758 
6.28846 9.27958 0 1.1711 11.3281 
0 2.0067 0 0 0.443185 19.3616 0 
19.6104 7.17252 68.8905 45.0936 
11.1739 11.1739 48.9547 49.8758 
6.28846 9.27958 0 1.1711 11.3281 
0 2.0067 0 0 0.443185 19.3616 0 
Estimating row 26 out of 308 for hessian
19.6104 7.17253 68.8905 45.0936 
11.1739 11.1739 48.9547 49.8758 
6.28846 9.27958 0 1.1711 11.3281 
0 2.0067 0 0 0.443185 19.3616 0 
19.6104 7.1725 68.8905 45.0936 
11.1739 11.1739 48.9547 49.8758 
6.28846 9.27957 0 1.1711 11.3281 
0 2.0067 0 0 0.443185 19.3616 0 
19.6104 7.17252 68.8905 45.0936 
11.1739 11.1739 48.9547 49.8758 
6.28846 9.27958 0 1.1711 11.3281 
0 2.0067 0 0 0.443185 19.3616 0 
19.6104 7.17252 68.8905 45.0936 
11.1739 11.1739 48.9547 49.8758 
6.28846 9.27958 0 1.1711 11.3281 
0 2.0067 0 0 0.443185 19.3616 0 
Estimating row 27 out of 308 for hessian
19.6104 7.17255 68.8905 45.0935 
11.1739 11.1739 48.9547 49.8758 
6.28846 9.27958 0 1.1711 11.3281 
0 2.0067 0 0 0.443185 19.3616 0 
19.6104 7.17249 68.8905 45.0936 
11.1739 11.1739 48.9547 49.8758 
6.28846 9.27957 0 1.1711 11.3281 
0 2.0067 0 0 0.443185 19.3616 0 
19.6104 7.17252 68.8905 45.0936 
11.1739 11.1739 48.9547 49.8758 
6.28846 9.27958 0 1.1711 11.3281 
0 2.0067 0 0 0.443185 19.3616 0 
19.6104 7.17252 68.8905 45.0936 
11.1739 11.1739 48.9547 49.8758 
6.28846 9.27958 0 1.1711 11.3281 
0 2.0067 0 0 0.443185 19.3616 0 
Estimating row 28 out of 308 for hessian
19.6104 7.17255 68.8905 45.0935 
11.1739 11.1739 48.9547 49.8758 
6.28846 9.27958 0 1.1711 11.3281 
0 2.0067 0 0 0.443185 19.3616 0 
19.6104 7.17249 68.8905 45.0936 
11.1739 11.1739 48.9547 49.8758 
6.28846 9.27957 0 1.1711 11.3281 
0 2.0067 0 0 0.443185 19.3616 0 
19.6104 7.17252 68.8905 45.0936 
11.1739 11.1739 48.9547 49.8758 
6.28846 9.27958 0 1.1711 11.3281 
0 2.0067 0 0 0.443185 19.3616 0 
19.6104 7.17252 68.8905 45.0936 
11.1739 11.1739 48.9547 49.8758 
6.28846 9.27957 0 1.1711 11.3281 
0 2.0067 0 0 0.443185 19.3616 0 
Estimating row 29 out of 308 for hessian
19.6104 7.17255 68.8905 45.0935 
11.1739 11.1739 48.9547 49.8758 
6.28846 9.27958 0 1.1711 11.3281 
0 2.0067 0 0 0.443185 19.3616 0 
19.6104 7.17249 68.8905 45.0936 
11.1739 11.1739 48.9547 49.8758 
6.28846 9.27957 0 1.1711 11.3281 
0 2.0067 0 0 0.443185 19.3616 0 
19.6104 7.17252 68.8905 45.0936 
11.1739 11.1739 48.9547 49.8758 
6.28846 9.27958 0 1.1711 11.3281 
0 2.0067 0 0 0.443185 19.3616 0 
19.6104 7.17252 68.8905 45.0936 
11.1739 11.1739 48.9547 49.8758 
6.28846 9.27957 0 1.1711 11.3281 
0 2.0067 0 0 0.443185 19.3616 0 
Estimating row 30 out of 308 for hessian
19.6104 7.17255 68.8905 45.0935 
11.1739 11.1739 48.9547 49.8758 
6.28846 9.27958 0 1.1711 11.3281 
0 2.0067 0 0 0.443185 19.3616 0 
19.6104 7.17249 68.8905 45.0936 
11.1739 11.1739 48.9547 49.8758 
6.28846 9.27957 0 1.1711 11.3281 
0 2.0067 0 0 0.443185 19.3616 0 
19.6104 7.17252 68.8905 45.0936 
11.1739 11.1739 48.9547 49.8758 
6.28846 9.27958 0 1.1711 11.3281 
0 2.0067 0 0 0.443185 19.3616 0 
19.6104 7.17252 68.8905 45.0936 
11.1739 11.1739 48.9547 49.8758 
6.28846 9.27957 0 1.1711 11.3281 
0 2.0067 0 0 0.443185 19.3616 0 
Estimating row 31 out of 308 for hessian
19.6104 7.17255 68.8905 45.0935 
11.1739 11.1739 48.9547 49.8757 
6.28846 9.2796 0 1.1711 11.3281 
0 2.0067 0 0 0.443185 19.3616 0 
19.6104 7.17249 68.8905 45.0936 
11.1739 11.1739 48.9547 49.8758 
6.28846 9.27955 0 1.1711 11.3281 
0 2.0067 0 0 0.443185 19.3616 0 
19.6104 7.17252 68.8905 45.0936 
11.1739 11.1739 48.9547 49.8758 
6.28846 9.27958 0 1.1711 11.3281 
0 2.0067 0 0 0.443185 19.3616 0 
19.6104 7.17252 68.8905 45.0936 
11.1739 11.1739 48.9547 49.8758 
6.28846 9.27957 0 1.1711 11.3281 
0 2.0067 0 0 0.443185 19.3616 0 
Estimating row 32 out of 308 for hessian
19.6104 7.17255 68.8905 45.0935 
11.1739 11.1739 48.9547 49.8757 
6.28846 9.27962 0 1.1711 11.3281 
0 2.0067 0 0 0.443185 19.3616 0 
19.6104 7.17249 68.8905 45.0936 
11.1739 11.1739 48.9547 49.8758 
6.28846 9.27953 0 1.1711 11.3281 
0 2.0067 0 0 0.443185 19.3616 0 
19.6104 7.17252 68.8905 45.0936 
11.1739 11.1739 48.9547 49.8758 
6.28846 9.27958 0 1.1711 11.3281 
0 2.0067 0 0 0.443185 19.3616 0 
19.6104 7.17252 68.8905 45.0936 
11.1739 11.1739 48.9547 49.8758 
6.28846 9.27957 0 1.1711 11.3281 
0 2.0067 0 0 0.443185 19.3616 0 
Estimating row 33 out of 308 for hessian
19.6104 7.17254 68.8905 45.0934 
11.1739 11.1739 48.9547 49.8758 
6.28846 9.27965 0 1.1711 11.3281 
0 2.0067 0 0 0.443185 19.3616 0 
19.6104 7.1725 68.8905 45.0937 
11.1739 11.1739 48.9547 49.8757 
6.28846 9.2795 0 1.1711 11.3281 
0 2.0067 0 0 0.443185 19.3616 0 
19.6104 7.17252 68.8905 45.0936 
11.1739 11.1739 48.9547 49.8758 
6.28846 9.27958 0 1.1711 11.3281 
0 2.0067 0 0 0.443185 19.3616 0 
19.6104 7.17252 68.8905 45.0936 
11.1739 11.1739 48.9547 49.8758 
6.28846 9.27957 0 1.1711 11.3281 
0 2.0067 0 0 0.443185 19.3616 0 
Estimating row 34 out of 308 for hessian
19.6104 7.17253 68.8905 45.0934 
11.1738 11.1738 48.9547 49.8758 
6.28846 9.27968 0 1.1711 11.3281 
0 2.0067 0 0 0.443185 19.3616 0 
19.6104 7.17251 68.8905 45.0937 
11.1739 11.1739 48.9547 49.8758 
6.28846 9.27947 0 1.1711 11.3281 
0 2.0067 0 0 0.443185 19.3616 0 
19.6104 7.17252 68.8905 45.0936 
11.1739 11.1739 48.9547 49.8758 
6.28846 9.27959 0 1.1711 11.3281 
0 2.0067 0 0 0.443185 19.3616 0 
19.6104 7.17252 68.8905 45.0936 
11.1739 11.1739 48.9547 49.8758 
6.28846 9.27956 0 1.1711 11.3281 
0 2.0067 0 0 0.443185 19.3616 0 
Estimating row 35 out of 308 for hessian
19.6104 7.17254 68.8905 45.0936 
11.1738 11.1738 48.9547 49.8756 
6.28846 9.27977 0 1.1711 11.3281 
0 2.0067 0 0 0.443185 19.3616 0 
19.6104 7.1725 68.8905 45.0935 
11.1739 11.1739 48.9547 49.8759 
6.28846 9.27938 0 1.1711 11.3281 
0 2.0067 0 0 0.443185 19.3616 0 
19.6104 7.17252 68.8905 45.0936 
11.1739 11.1739 48.9547 49.8757 
6.28846 9.27959 0 1.1711 11.3281 
0 2.0067 0 0 0.443185 19.3616 0 
19.6104 7.17252 68.8905 45.0936 
11.1739 11.1739 48.9547 49.8758 
6.28846 9.27956 0 1.1711 11.3281 
0 2.0067 0 0 0.443185 19.3616 0 
Estimating row 36 out of 308 for hessian
19.6104 7.17253 68.8905 45.0937 
11.1736 11.1736 48.9544 49.8759 
6.28846 9.27976 0 1.1711 11.3281 
0 2.0067 0 0 0.443185 19.3616 0 
19.6104 7.17251 68.8905 45.0934 
11.1741 11.1741 48.955 49.8756 
6.28846 9.2794 0 1.1711 11.3281 
0 2.0067 0 0 0.443185 19.3616 0 
19.6104 7.17252 68.8905 45.0936 
11.1738 11.1738 48.9547 49.8758 
6.28846 9.27959 0 1.1711 11.3281 
0 2.0067 0 0 0.443185 19.3616 0 
19.6104 7.17252 68.8905 45.0936 
11.1739 11.1739 48.9547 49.8757 
6.28846 9.27956 0 1.1711 11.3281 
0 2.0067 0 0 0.443185 19.3616 0 
Estimating row 37 out of 308 for hessian
19.6104 7.17253 68.8905 45.0937 
11.1736 11.1736 48.9546 49.8759 
6.28846 9.27963 0 1.1711 11.3281 
0 2.0067 0 0 0.443185 19.3616 0 
19.6104 7.17251 68.8905 45.0935 
11.1741 11.1741 48.9548 49.8757 
6.28846 9.27952 0 1.1711 11.3281 
0 2.0067 0 0 0.443185 19.3616 0 
19.6104 7.17252 68.8905 45.0936 
11.1738 11.1738 48.9547 49.8758 
6.28846 9.27958 0 1.1711 11.3281 
0 2.0067 0 0 0.443185 19.3616 0 
19.6104 7.17252 68.8905 45.0936 
11.1739 11.1739 48.9547 49.8758 
6.28846 9.27957 0 1.1711 11.3281 
0 2.0067 0 0 0.443185 19.3616 0 
Estimating row 38 out of 308 for hessian
19.6104 7.17252 68.8905 45.0936 
11.1737 11.1737 48.9548 49.8757 
6.28846 9.27959 0 1.1711 11.3281 
0 2.0067 0 0 0.443185 19.3616 0 
19.6104 7.17252 68.8905 45.0935 
11.174 11.174 48.9546 49.8758 
6.28846 9.27956 0 1.1711 11.3281 
0 2.0067 0 0 0.443185 19.3616 0 
19.6104 7.17252 68.8905 45.0936 
11.1738 11.1738 48.9547 49.8758 
6.28846 9.27958 0 1.1711 11.3281 
0 2.0067 0 0 0.443185 19.3616 0 
19.6104 7.17252 68.8905 45.0936 
11.1739 11.1739 48.9547 49.8758 
6.28846 9.27957 0 1.1711 11.3281 
0 2.0067 0 0 0.443185 19.3616 0 
Estimating row 39 out of 308 for hessian
19.6104 7.17252 68.8905 45.0936 
11.1738 11.1738 48.9548 49.8757 
6.28846 9.27958 0 1.1711 11.3281 
0 2.0067 0 0 0.443185 19.3616 0 
19.6104 7.17252 68.8905 45.0935 
11.1739 11.1739 48.9546 49.8758 
6.28846 9.27957 0 1.1711 11.3281 
0 2.0067 0 0 0.443185 19.3616 0 
19.6104 7.17252 68.8905 45.0936 
11.1739 11.1739 48.9547 49.8758 
6.28846 9.27958 0 1.1711 11.3281 
0 2.0067 0 0 0.443185 19.3616 0 
19.6104 7.17252 68.8905 45.0936 
11.1739 11.1739 48.9547 49.8758 
6.28846 9.27957 0 1.1711 11.3281 
0 2.0067 0 0 0.443185 19.3616 0 
Estimating row 40 out of 308 for hessian
19.6104 7.17252 68.8905 45.0936 
11.1738 11.1738 48.9548 49.8757 
6.28846 9.27958 0 1.1711 11.3281 
0 2.0067 0 0 0.443185 19.3616 0 
19.6104 7.17252 68.8905 45.0936 
11.1739 11.1739 48.9547 49.8758 
6.28846 9.27957 0 1.1711 11.3281 
0 2.0067 0 0 0.443185 19.3616 0 
19.6104 7.17252 68.8905 45.0936 
11.1739 11.1739 48.9547 49.8758 
6.28846 9.27958 0 1.1711 11.3281 
0 2.0067 0 0 0.443185 19.3616 0 
19.6104 7.17252 68.8905 45.0936 
11.1739 11.1739 48.9547 49.8758 
6.28846 9.27958 0 1.1711 11.3281 
0 2.0067 0 0 0.443185 19.3616 0 
Estimating row 41 out of 308 for hessian
19.6104 7.17252 68.8905 45.0936 
11.1739 11.1739 48.9547 49.8758 
6.28846 9.27958 0 1.1711 11.3281 
0 2.0067 0 0 0.443185 19.3616 0 
19.6104 7.17252 68.8905 45.0936 
11.1739 11.1739 48.9547 49.8758 
6.28846 9.27958 0 1.1711 11.3281 
0 2.0067 0 0 0.443185 19.3616 0 
19.6104 7.17252 68.8905 45.0936 
11.1739 11.1739 48.9547 49.8758 
6.28846 9.27958 0 1.1711 11.3281 
0 2.0067 0 0 0.443185 19.3616 0 
19.6104 7.17252 68.8905 45.0936 
11.1739 11.1739 48.9547 49.8758 
6.28846 9.27958 0 1.1711 11.3281 
0 2.0067 0 0 0.443185 19.3616 0 
Estimating row 42 out of 308 for hessian
19.6104 7.17252 68.8905 45.0936 
11.1739 11.1739 48.9547 49.8758 
6.28846 9.27958 0 1.1711 11.3281 
0 2.0067 0 0 0.443185 19.3616 0 
19.6104 7.17252 68.8905 45.0936 
11.1739 11.1739 48.9547 49.8758 
6.28846 9.27958 0 1.1711 11.3281 
0 2.0067 0 0 0.443185 19.3616 0 
19.6104 7.17252 68.8905 45.0936 
11.1739 11.1739 48.9547 49.8758 
6.28846 9.27958 0 1.1711 11.3281 
0 2.0067 0 0 0.443185 19.3616 0 
19.6104 7.17252 68.8905 45.0936 
11.1739 11.1739 48.9547 49.8758 
6.28846 9.27958 0 1.1711 11.3281 
0 2.0067 0 0 0.443185 19.3616 0 
Estimating row 43 out of 308 for hessian
19.6104 7.17251 68.8904 45.0936 
11.1741 11.1741 48.9547 49.8758 
6.28846 9.27945 0 1.1711 11.3281 
0 2.0067 0 0 0.443185 19.3616 0 
19.6104 7.17253 68.8905 45.0936 
11.1737 11.1737 48.9547 49.8758 
6.28847 9.2797 0 1.1711 11.3281 
0 2.0067 0 0 0.443185 19.3616 0 
19.6104 7.17252 68.8905 45.0936 
11.1739 11.1739 48.9547 49.8758 
6.28846 9.27956 0 1.1711 11.3281 
0 2.0067 0 0 0.443185 19.3616 0 
19.6104 7.17252 68.8905 45.0936 
11.1738 11.1738 48.9547 49.8758 
6.28846 9.27959 0 1.1711 11.3281 
0 2.0067 0 0 0.443185 19.3616 0 
Estimating row 44 out of 308 for hessian
19.6103 7.17254 68.8904 45.0936 
11.174 11.174 48.9547 49.8758 
6.28844 9.27948 0 1.1711 11.3281 
0 2.0067 0 0 0.443185 19.3616 0 
19.6104 7.1725 68.8905 45.0936 
11.1737 11.1737 48.9547 49.8758 
6.28848 9.27967 0 1.1711 11.3281 
0 2.0067 0 0 0.443185 19.3616 0 
19.6104 7.17252 68.8905 45.0936 
11.1739 11.1739 48.9547 49.8758 
6.28846 9.27957 0 1.1711 11.3281 
0 2.0067 0 0 0.443185 19.3616 0 
19.6104 7.17252 68.8905 45.0936 
11.1738 11.1738 48.9547 49.8758 
6.28847 9.27958 0 1.1711 11.3281 
0 2.0067 0 0 0.443185 19.3616 0 
Estimating row 45 out of 308 for hessian
19.6103 7.17255 68.8904 45.0936 
11.174 11.174 48.9547 49.8758 
6.28844 9.27949 0 1.1711 11.3281 
0 2.0067 0 0 0.443185 19.3616 0 
19.6105 7.17249 68.8905 45.0936 
11.1737 11.1737 48.9547 49.8758 
6.28849 9.27966 0 1.1711 11.3281 
0 2.0067 0 0 0.443185 19.3616 0 
19.6104 7.17252 68.8905 45.0936 
11.1739 11.1739 48.9547 49.8758 
6.28846 9.27957 0 1.1711 11.3281 
0 2.0067 0 0 0.443185 19.3616 0 
19.6104 7.17252 68.8905 45.0936 
11.1738 11.1738 48.9547 49.8758 
6.28847 9.27958 0 1.1711 11.3281 
0 2.0067 0 0 0.443185 19.3616 0 
Estimating row 46 out of 308 for hessian
19.6104 7.17256 68.8904 45.0936 
11.174 11.174 48.9547 49.8758 
6.28841 9.27952 0 1.1711 11.3281 
0 2.0067 0 0 0.443185 19.3616 0 
19.6104 7.17247 68.8905 45.0936 
11.1738 11.1738 48.9547 49.8758 
6.28852 9.27963 0 1.1711 11.3281 
0 2.0067 0 0 0.443185 19.3616 0 
19.6104 7.17252 68.8905 45.0936 
11.1739 11.1739 48.9547 49.8758 
6.28846 9.27957 0 1.1711 11.3281 
0 2.0067 0 0 0.443185 19.3616 0 
19.6104 7.17252 68.8905 45.0936 
11.1738 11.1738 48.9547 49.8758 
6.28847 9.27958 0 1.1711 11.3281 
0 2.0067 0 0 0.443185 19.3616 0 
Estimating row 47 out of 308 for hessian
19.6104 7.17256 68.8904 45.0936 
11.1739 11.1739 48.9547 49.8758 
6.2884 9.27953 0 1.1711 11.3281 
0 2.0067 0 0 0.443185 19.3616 0 
19.6104 7.17247 68.8905 45.0936 
11.1738 11.1738 48.9547 49.8758 
6.28853 9.27962 0 1.1711 11.3281 
0 2.0067 0 0 0.443185 19.3616 0 
19.6104 7.17252 68.8905 45.0936 
11.1739 11.1739 48.9547 49.8758 
6.28846 9.27957 0 1.1711 11.3281 
0 2.0067 0 0 0.443185 19.3616 0 
19.6104 7.17252 68.8905 45.0936 
11.1739 11.1739 48.9547 49.8758 
6.28847 9.27958 0 1.1711 11.3281 
0 2.0067 0 0 0.443185 19.3616 0 
Estimating row 48 out of 308 for hessian
19.6104 7.17256 68.8904 45.0936 
11.1739 11.1739 48.9547 49.8758 
6.28841 9.27954 0 1.1711 11.3281 
0 2.0067 0 0 0.443185 19.3616 0 
19.6104 7.17248 68.8905 45.0936 
11.1738 11.1738 48.9547 49.8758 
6.28851 9.27961 0 1.1711 11.3281 
0 2.0067 0 0 0.443185 19.3616 0 
19.6104 7.17252 68.8905 45.0936 
11.1739 11.1739 48.9547 49.8758 
6.28846 9.27957 0 1.1711 11.3281 
0 2.0067 0 0 0.443185 19.3616 0 
19.6104 7.17252 68.8905 45.0936 
11.1739 11.1739 48.9547 49.8758 
6.28847 9.27958 0 1.1711 11.3281 
0 2.0067 0 0 0.443185 19.3616 0 
Estimating row 49 out of 308 for hessian
19.6104 7.17256 68.8904 45.0936 
11.1739 11.1739 48.9547 49.8758 
6.28843 9.27957 0 1.1711 11.3281 
0 2.0067 0 0 0.443185 19.3616 0 
19.6104 7.17248 68.8905 45.0936 
11.1738 11.1738 48.9547 49.8758 
6.2885 9.27958 0 1.1711 11.3281 
0 2.0067 0 0 0.443185 19.3616 0 
19.6104 7.17252 68.8905 45.0936 
11.1739 11.1739 48.9547 49.8758 
6.28846 9.27957 0 1.1711 11.3281 
0 2.0067 0 0 0.443185 19.3616 0 
19.6104 7.17252 68.8905 45.0936 
11.1739 11.1739 48.9547 49.8758 
6.28847 9.27958 0 1.1711 11.3281 
0 2.0067 0 0 0.443185 19.3616 0 
Estimating row 50 out of 308 for hessian
19.6104 7.17256 68.8904 45.0936 
11.1739 11.1739 48.9547 49.8758 
6.28844 9.27959 0 1.1711 11.3281 
0 2.0067 0 0 0.443185 19.3616 0 
19.6104 7.17248 68.8905 45.0936 
11.1739 11.1739 48.9547 49.8758 
6.28848 9.27956 0 1.1711 11.3281 
0 2.0067 0 0 0.443185 19.3616 0 
19.6104 7.17252 68.8905 45.0936 
11.1739 11.1739 48.9547 49.8758 
6.28846 9.27958 0 1.1711 11.3281 
0 2.0067 0 0 0.443185 19.3616 0 
19.6104 7.17252 68.8905 45.0936 
11.1739 11.1739 48.9547 49.8758 
6.28847 9.27957 0 1.1711 11.3281 
0 2.0067 0 0 0.443185 19.3616 0 
Estimating row 51 out of 308 for hessian
19.6104 7.17255 68.8904 45.0936 
11.1738 11.1738 48.9547 49.8758 
6.28846 9.27962 0 1.1711 11.3281 
0 2.0067 0 0 0.443185 19.3616 0 
19.6104 7.17249 68.8905 45.0936 
11.1739 11.1739 48.9547 49.8758 
6.28847 9.27953 0 1.1711 11.3281 
0 2.0067 0 0 0.443185 19.3616 0 
19.6104 7.17252 68.8905 45.0936 
11.1739 11.1739 48.9547 49.8758 
6.28846 9.27958 0 1.1711 11.3281 
0 2.0067 0 0 0.443185 19.3616 0 
19.6104 7.17252 68.8905 45.0936 
11.1739 11.1739 48.9547 49.8758 
6.28846 9.27957 0 1.1711 11.3281 
0 2.0067 0 0 0.443185 19.3616 0 
Estimating row 52 out of 308 for hessian
19.6104 7.17253 68.8904 45.0935 
11.1738 11.1738 48.9547 49.8758 
6.28848 9.27966 0 1.1711 11.3281 
0 2.0067 0 0 0.443185 19.3616 0 
19.6104 7.17251 68.8905 45.0936 
11.1739 11.1739 48.9547 49.8758 
6.28845 9.27949 0 1.1711 11.3281 
0 2.0067 0 0 0.443185 19.3616 0 
19.6104 7.17252 68.8905 45.0936 
11.1739 11.1739 48.9547 49.8758 
6.28847 9.27958 0 1.1711 11.3281 
0 2.0067 0 0 0.443185 19.3616 0 
19.6104 7.17252 68.8905 45.0936 
11.1739 11.1739 48.9547 49.8758 
6.28846 9.27957 0 1.1711 11.3281 
0 2.0067 0 0 0.443185 19.3616 0 
Estimating row 53 out of 308 for hessian
19.6104 7.17252 68.8904 45.0936 
11.1738 11.1738 48.9547 49.8758 
6.28847 9.27963 0 1.1711 11.3281 
0 2.0067 0 0 0.443185 19.3616 0 
19.6104 7.17252 68.8905 45.0936 
11.1739 11.1739 48.9547 49.8758 
6.28846 9.27952 0 1.1711 11.3281 
0 2.0067 0 0 0.443185 19.3616 0 
19.6104 7.17252 68.8905 45.0936 
11.1739 11.1739 48.9547 49.8758 
6.28846 9.27958 0 1.1711 11.3281 
0 2.0067 0 0 0.443185 19.3616 0 
19.6104 7.17252 68.8905 45.0936 
11.1739 11.1739 48.9547 49.8758 
6.28846 9.27957 0 1.1711 11.3281 
0 2.0067 0 0 0.443185 19.3616 0 
Estimating row 54 out of 308 for hessian
19.6104 7.17252 68.8904 45.0936 
11.1738 11.1738 48.9547 49.8758 
6.28848 9.27962 0 1.1711 11.3281 
0 2.0067 0 0 0.443185 19.3616 0 
19.6104 7.17252 68.8905 45.0936 
11.1739 11.1739 48.9547 49.8758 
6.28845 9.27953 0 1.1711 11.3281 
0 2.0067 0 0 0.443185 19.3616 0 
19.6104 7.17252 68.8905 45.0936 
11.1739 11.1739 48.9547 49.8758 
6.28847 9.27958 0 1.1711 11.3281 
0 2.0067 0 0 0.443185 19.3616 0 
19.6104 7.17252 68.8905 45.0936 
11.1739 11.1739 48.9547 49.8758 
6.28846 9.27957 0 1.1711 11.3281 
0 2.0067 0 0 0.443185 19.3616 0 
Estimating row 55 out of 308 for hessian
19.6104 7.17255 68.8905 45.0936 
11.1738 11.1738 48.9547 49.8758 
6.28848 9.2796 0 1.1711 11.3281 
0 2.0067 0 0 0.443185 19.3616 0 
19.6104 7.17249 68.8905 45.0936 
11.1739 11.1739 48.9547 49.8758 
6.28845 9.27955 0 1.1711 11.3281 
0 2.0067 0 0 0.443185 19.3616 0 
19.6104 7.17252 68.8905 45.0936 
11.1739 11.1739 48.9547 49.8758 
6.28847 9.27958 0 1.1711 11.3281 
0 2.0067 0 0 0.443185 19.3616 0 
19.6104 7.17252 68.8905 45.0936 
11.1739 11.1739 48.9547 49.8758 
6.28846 9.27957 0 1.1711 11.3281 
0 2.0067 0 0 0.443185 19.3616 0 
Estimating row 56 out of 308 for hessian
19.6104 7.17256 68.8905 45.0936 
11.1738 11.1738 48.9547 49.8758 
6.28848 9.27959 0 1.1711 11.3281 
0 2.0067 0 0 0.443185 19.3616 0 
19.6104 7.17248 68.8904 45.0935 
11.174 11.174 48.9547 49.8758 
6.28844 9.27956 0 1.1711 11.3281 
0 2.0067 0 0 0.443185 19.3616 0 
19.6104 7.17252 68.8905 45.0936 
11.1738 11.1738 48.9547 49.8758 
6.28847 9.27958 0 1.1711 11.3281 
0 2.0067 0 0 0.443185 19.3616 0 
19.6104 7.17252 68.8905 45.0936 
11.1739 11.1739 48.9547 49.8758 
6.28846 9.27957 0 1.1711 11.3281 
0 2.0067 0 0 0.443185 19.3616 0 
Estimating row 57 out of 308 for hessian
19.6104 7.17257 68.8906 45.0936 
11.1737 11.1737 48.9547 49.8758 
6.28851 9.2796 0 1.1711 11.3281 
0 2.0067 0 0 0.443185 19.3616 0 
19.6104 7.17247 68.8904 45.0935 
11.1741 11.1741 48.9547 49.8758 
6.28842 9.27955 0 1.1711 11.3281 
0 2.0067 0 0 0.443185 19.3616 0 
19.6104 7.17252 68.8905 45.0936 
11.1738 11.1738 48.9547 49.8758 
6.28847 9.27958 0 1.1711 11.3281 
0 2.0067 0 0 0.443185 19.3616 0 
19.6104 7.17251 68.8905 45.0936 
11.1739 11.1739 48.9547 49.8758 
6.28846 9.27957 0 1.1711 11.3281 
0 2.0067 0 0 0.443185 19.3616 0 
Estimating row 58 out of 308 for hessian
19.6104 7.17259 68.8906 45.0936 
11.1736 11.1736 48.9547 49.8758 
6.28851 9.27963 0 1.1711 11.3281 
0 2.0067 0 0 0.443185 19.3616 0 
19.6104 7.17245 68.8904 45.0935 
11.1741 11.1741 48.9547 49.8758 
6.28842 9.27952 0 1.1711 11.3281 
0 2.0067 0 0 0.443185 19.3616 0 
19.6104 7.17253 68.8905 45.0936 
11.1738 11.1738 48.9547 49.8758 
6.28847 9.27958 0 1.1711 11.3281 
0 2.0067 0 0 0.443185 19.3616 0 
19.6104 7.17251 68.8905 45.0936 
11.1739 11.1739 48.9547 49.8758 
6.28846 9.27957 0 1.1711 11.3281 
0 2.0067 0 0 0.443185 19.3616 0 
Estimating row 59 out of 308 for hessian
19.6104 7.17259 68.8905 45.0936 
11.1737 11.1737 48.9547 49.8758 
6.28848 9.27962 0 1.1711 11.3281 
0 2.0067 0 0 0.443185 19.3616 0 
19.6104 7.17245 68.8904 45.0936 
11.174 11.174 48.9547 49.8758 
6.28844 9.27953 0 1.1711 11.3281 
0 2.0067 0 0 0.443185 19.3616 0 
19.6104 7.17253 68.8905 45.0936 
11.1738 11.1738 48.9547 49.8758 
6.28847 9.27958 0 1.1711 11.3281 
0 2.0067 0 0 0.443185 19.3616 0 
19.6104 7.17251 68.8905 45.0936 
11.1739 11.1739 48.9547 49.8758 
6.28846 9.27957 0 1.1711 11.3281 
0 2.0067 0 0 0.443185 19.3616 0 
Estimating row 60 out of 308 for hessian
19.6104 7.17258 68.8905 45.0936 
11.1738 11.1738 48.9547 49.8758 
6.28843 9.27958 0 1.1711 11.3281 
0 2.0067 0 0 0.443185 19.3616 0 
19.6104 7.17246 68.8905 45.0936 
11.1739 11.1739 48.9547 49.8758 
6.2885 9.27957 0 1.1711 11.3281 
0 2.00671 0 0 0.443185 19.3616 0 
19.6104 7.17253 68.8905 45.0936 
11.1739 11.1739 48.9547 49.8758 
6.28846 9.27958 0 1.1711 11.3281 
0 2.0067 0 0 0.443185 19.3616 0 
19.6104 7.17251 68.8905 45.0936 
11.1739 11.1739 48.9547 49.8758 
6.28847 9.27957 0 1.1711 11.3281 
0 2.0067 0 0 0.443185 19.3616 0 
Estimating row 61 out of 308 for hessian
19.6104 7.17257 68.8905 45.0936 
11.1738 11.1738 48.9547 49.8758 
6.28844 9.27958 0 1.1711 11.3281 
0 2.0067 0 0 0.443185 19.3616 0 
19.6104 7.17247 68.8905 45.0936 
11.1739 11.1739 48.9547 49.8758 
6.28849 9.27957 0 1.1711 11.3281 
0 2.0067 0 0 0.443185 19.3616 0 
19.6104 7.17252 68.8905 45.0936 
11.1739 11.1739 48.9547 49.8758 
6.28846 9.27958 0 1.1711 11.3281 
0 2.0067 0 0 0.443185 19.3616 0 
19.6104 7.17251 68.8905 45.0936 
11.1739 11.1739 48.9547 49.8758 
6.28847 9.27957 0 1.1711 11.3281 
0 2.0067 0 0 0.443185 19.3616 0 
Estimating row 62 out of 308 for hessian
19.6104 7.17254 68.8905 45.0936 
11.1738 11.1738 48.9547 49.8758 
6.28848 9.27958 0 1.1711 11.3281 
0 2.00671 0 0 0.443185 19.3616 0 
19.6104 7.1725 68.8905 45.0935 
11.1739 11.1739 48.9547 49.8758 
6.28844 9.27957 0 1.1711 11.3281 
0 2.0067 0 0 0.443185 19.3616 0 
19.6104 7.17252 68.8905 45.0936 
11.1739 11.1739 48.9547 49.8758 
6.28847 9.27958 0 1.1711 11.3281 
0 2.0067 0 0 0.443185 19.3616 0 
19.6104 7.17252 68.8905 45.0936 
11.1739 11.1739 48.9547 49.8758 
6.28846 9.27957 0 1.1711 11.3281 
0 2.0067 0 0 0.443185 19.3616 0 
Estimating row 63 out of 308 for hessian
19.6104 7.17255 68.8904 45.0936 
11.1739 11.1739 48.9547 49.8758 
6.28846 9.27954 0 1.1711 11.3281 
0 2.0067 0 0 0.443185 19.3616 0 
19.6104 7.17248 68.8905 45.0935 
11.1738 11.1738 48.9547 49.8758 
6.28847 9.27961 0 1.1711 11.3281 
0 2.00671 0 0 0.443185 19.3616 0 
19.6104 7.17252 68.8905 45.0936 
11.1739 11.1739 48.9547 49.8758 
6.28846 9.27957 0 1.1711 11.3281 
0 2.0067 0 0 0.443185 19.3616 0 
19.6104 7.17252 68.8905 45.0936 
11.1739 11.1739 48.9547 49.8758 
6.28846 9.27958 0 1.1711 11.3281 
0 2.0067 0 0 0.443185 19.3616 0 
Estimating row 64 out of 308 for hessian
19.6104 7.17256 68.8904 45.0936 
11.1739 11.1739 48.9547 49.8758 
6.28845 9.27951 0 1.1711 11.3281 
0 2.0067 0 0 0.443185 19.3616 0 
19.6104 7.17248 68.8905 45.0936 
11.1738 11.1738 48.9547 49.8758 
6.28848 9.27964 0 1.1711 11.3281 
0 2.0067 0 0 0.443185 19.3616 0 
19.6104 7.17252 68.8905 45.0936 
11.1739 11.1739 48.9547 49.8758 
6.28846 9.27957 0 1.1711 11.3281 
0 2.0067 0 0 0.443185 19.3616 0 
19.6104 7.17252 68.8905 45.0936 
11.1739 11.1739 48.9547 49.8758 
6.28847 9.27958 0 1.1711 11.3281 
0 2.0067 0 0 0.443185 19.3616 0 
Estimating row 65 out of 308 for hessian
19.6104 7.17256 68.8904 45.0936 
11.174 11.174 48.9547 49.8758 
6.28845 9.27949 0 1.1711 11.3281 
0 2.0067 0 0 0.443185 19.3616 0 
19.6104 7.17248 68.8905 45.0936 
11.1738 11.1738 48.9547 49.8758 
6.28848 9.27966 0 1.1711 11.3281 
0 2.0067 0 0 0.443185 19.3616 0 
19.6104 7.17252 68.8905 45.0936 
11.1739 11.1739 48.9547 49.8758 
6.28846 9.27957 0 1.1711 11.3281 
0 2.0067 0 0 0.443185 19.3616 0 
19.6104 7.17252 68.8905 45.0936 
11.1739 11.1739 48.9547 49.8758 
6.28847 9.27958 0 1.1711 11.3281 
0 2.0067 0 0 0.443185 19.3616 0 
Estimating row 66 out of 308 for hessian
19.6104 7.17254 68.8904 45.0936 
11.174 11.174 48.9547 49.8758 
6.28845 9.27948 0 1.1711 11.3281 
0 2.0067 0 0 0.443185 19.3616 0 
19.6104 7.1725 68.8905 45.0936 
11.1737 11.1737 48.9547 49.8758 
6.28847 9.27967 0 1.1711 11.3281 
0 2.0067 0 0 0.443185 19.3616 0 
19.6104 7.17252 68.8905 45.0936 
11.1739 11.1739 48.9547 49.8758 
6.28846 9.27957 0 1.1711 11.3281 
0 2.0067 0 0 0.443185 19.3616 0 
19.6104 7.17252 68.8905 45.0936 
11.1738 11.1738 48.9547 49.8758 
6.28847 9.27958 0 1.1711 11.3281 
0 2.0067 0 0 0.443185 19.3616 0 
Estimating row 67 out of 308 for hessian
19.6104 7.17254 68.8905 45.0936 
11.174 11.174 48.9547 49.8758 
6.28844 9.27949 0 1.1711 11.3281 
0 2.0067 0 0 0.443185 19.3616 0 
19.6104 7.1725 68.8905 45.0936 
11.1737 11.1737 48.9547 49.8758 
6.28848 9.27966 0 1.1711 11.3281 
0 2.0067 0 0 0.443185 19.3616 0 
19.6104 7.17252 68.8905 45.0936 
11.1739 11.1739 48.9547 49.8758 
6.28846 9.27957 0 1.1711 11.3281 
0 2.0067 0 0 0.443185 19.3616 0 
19.6104 7.17252 68.8905 45.0936 
11.1738 11.1738 48.9547 49.8758 
6.28847 9.27958 0 1.1711 11.3281 
0 2.0067 0 0 0.443185 19.3616 0 
Estimating row 68 out of 308 for hessian
19.6104 7.17253 68.8905 45.0936 
11.174 11.174 48.9547 49.8758 
6.28845 9.27951 0 1.1711 11.3281 
0 2.0067 0 0 0.443185 19.3616 0 
19.6104 7.17251 68.8905 45.0936 
11.1737 11.1737 48.9547 49.8758 
6.28848 9.27964 0 1.1711 11.3281 
0 2.0067 0 0 0.443185 19.3616 0 
19.6104 7.17252 68.8905 45.0936 
11.1739 11.1739 48.9547 49.8758 
6.28846 9.27957 0 1.1711 11.3281 
0 2.0067 0 0 0.443185 19.3616 0 
19.6104 7.17252 68.8905 45.0936 
11.1738 11.1738 48.9547 49.8758 
6.28847 9.27958 0 1.1711 11.3281 
0 2.0067 0 0 0.443185 19.3616 0 
Estimating row 69 out of 308 for hessian
19.6104 7.17253 68.8904 45.0936 
11.174 11.174 48.9547 49.8758 
6.28844 9.27953 0 1.1711 11.3281 
0 2.0067 0 0 0.443185 19.3616 0 
19.6104 7.17251 68.8905 45.0936 
11.1738 11.1738 48.9547 49.8758 
6.28849 9.27962 0 1.1711 11.3281 
0 2.0067 0 0 0.443185 19.3616 0 
19.6104 7.17252 68.8905 45.0936 
11.1739 11.1739 48.9547 49.8758 
6.28846 9.27957 0 1.1711 11.3281 
0 2.0067 0 0 0.443185 19.3616 0 
19.6104 7.17252 68.8905 45.0936 
11.1739 11.1739 48.9547 49.8758 
6.28847 9.27958 0 1.1711 11.3281 
0 2.0067 0 0 0.443185 19.3616 0 
Estimating row 70 out of 308 for hessian
19.6104 7.17253 68.8904 45.0936 
11.1739 11.1739 48.9547 49.8758 
6.28845 9.27954 0 1.1711 11.3281 
0 2.0067 0 0 0.443185 19.3616 0 
19.6103 7.17251 68.8905 45.0936 
11.1738 11.1738 48.9547 49.8758 
6.28848 9.27961 0 1.1711 11.3281 
0 2.00671 0 0 0.443185 19.3616 0 
19.6104 7.17252 68.8905 45.0936 
11.1739 11.1739 48.9547 49.8758 
6.28846 9.27957 0 1.1711 11.3281 
0 2.0067 0 0 0.443185 19.3616 0 
19.6104 7.17252 68.8905 45.0936 
11.1739 11.1739 48.9547 49.8758 
6.28847 9.27958 0 1.1711 11.3281 
0 2.0067 0 0 0.443185 19.3616 0 
Estimating row 71 out of 308 for hessian
19.6104 7.17249 68.8904 45.0936 
11.1739 11.1739 48.9547 49.8758 
6.28849 9.27957 0 1.1711 11.3281 
0 2.00671 0 0 0.443185 19.3616 0 
19.6103 7.17255 68.8906 45.0936 
11.1738 11.1738 48.9547 49.8758 
6.28844 9.27958 0 1.1711 11.3281 
0 2.0067 0 0 0.443185 19.3616 0 
19.6104 7.17252 68.8905 45.0936 
11.1739 11.1739 48.9547 49.8758 
6.28847 9.27957 0 1.1711 11.3281 
0 2.0067 0 0 0.443185 19.3616 0 
19.6104 7.17252 68.8905 45.0936 
11.1739 11.1739 48.9547 49.8758 
6.28846 9.27958 0 1.1711 11.3281 
0 2.0067 0 0 0.443185 19.3616 0 
Estimating row 72 out of 308 for hessian
19.6104 7.17251 68.8904 45.0936 
11.1739 11.1739 48.9547 49.8758 
6.28849 9.27958 0 1.1711 11.3281 
0 2.0067 0 0 0.443185 19.3616 0 
19.6104 7.17253 68.8905 45.0935 
11.1739 11.1739 48.9547 49.8758 
6.28844 9.27957 0 1.1711 11.3281 
0 2.0067 0 0 0.443185 19.3616 0 
19.6104 7.17252 68.8905 45.0936 
11.1739 11.1739 48.9547 49.8758 
6.28847 9.27958 0 1.1711 11.3281 
0 2.0067 0 0 0.443185 19.3616 0 
19.6104 7.17252 68.8905 45.0936 
11.1739 11.1739 48.9547 49.8758 
6.28846 9.27957 0 1.1711 11.3281 
0 2.0067 0 0 0.443185 19.3616 0 
Estimating row 73 out of 308 for hessian
19.6104 7.17253 68.8904 45.0936 
11.1738 11.1738 48.9547 49.8758 
6.28847 9.27959 0 1.1711 11.3281 
0 2.0067 0 0 0.443185 19.3616 0 
19.6104 7.1725 68.8905 45.0936 
11.1739 11.1739 48.9547 49.8758 
6.28846 9.27956 0 1.1711 11.3281 
0 2.0067 0 0 0.443185 19.3616 0 
19.6104 7.17252 68.8905 45.0936 
11.1739 11.1739 48.9547 49.8758 
6.28847 9.27958 0 1.1711 11.3281 
0 2.0067 0 0 0.443185 19.3616 0 
19.6104 7.17252 68.8905 45.0936 
11.1739 11.1739 48.9547 49.8758 
6.28846 9.27957 0 1.1711 11.3281 
0 2.0067 0 0 0.443185 19.3616 0 
Estimating row 74 out of 308 for hessian
19.6104 7.17254 68.8904 45.0936 
11.1738 11.1738 48.9547 49.8758 
6.28847 9.2796 0 1.1711 11.3281 
0 2.0067 0 0 0.443185 19.3616 0 
19.6104 7.1725 68.8905 45.0936 
11.1739 11.1739 48.9547 49.8758 
6.28846 9.27955 0 1.1711 11.3281 
0 2.00671 0 0 0.443185 19.3616 0 
19.6104 7.17252 68.8905 45.0936 
11.1739 11.1739 48.9547 49.8758 
6.28846 9.27958 0 1.1711 11.3281 
0 2.0067 0 0 0.443185 19.3616 0 
19.6104 7.17252 68.8905 45.0936 
11.1739 11.1739 48.9547 49.8758 
6.28846 9.27957 0 1.1711 11.3281 
0 2.0067 0 0 0.443185 19.3616 0 
Estimating row 75 out of 308 for hessian
19.6104 7.17247 68.8904 45.0936 
11.1738 11.1738 48.9547 49.8758 
6.28851 9.27965 0 1.1711 11.3281 
0 2.0067 0 0 0.443185 19.3616 0 
19.6104 7.17257 68.8906 45.0935 
11.1739 11.1739 48.9547 49.8757 
6.28842 9.2795 0 1.1711 11.3281 
0 2.0067 0 0 0.443185 19.3616 0 
19.6104 7.17252 68.8905 45.0936 
11.1739 11.1739 48.9547 49.8758 
6.28847 9.27958 0 1.1711 11.3281 
0 2.0067 0 0 0.443185 19.3616 0 
19.6104 7.17252 68.8905 45.0936 
11.1739 11.1739 48.9547 49.8758 
6.28846 9.27957 0 1.1711 11.3281 
0 2.0067 0 0 0.443185 19.3616 0 
Estimating row 76 out of 308 for hessian
19.6104 7.17244 68.8904 45.0936 
11.1738 11.1738 48.9547 49.8758 
6.2885 9.27965 0 1.1711 11.3281 
0 2.0067 0 0 0.443185 19.3616 0 
19.6104 7.1726 68.8905 45.0935 
11.1739 11.1739 48.9547 49.8758 
6.28843 9.2795 0 1.1711 11.3281 
0 2.0067 0 0 0.443185 19.3616 0 
19.6104 7.17251 68.8905 45.0936 
11.1739 11.1739 48.9547 49.8758 
6.28847 9.27958 0 1.1711 11.3281 
0 2.0067 0 0 0.443185 19.3616 0 
19.6104 7.17253 68.8905 45.0936 
11.1739 11.1739 48.9547 49.8758 
6.28846 9.27957 0 1.1711 11.3281 
0 2.0067 0 0 0.443185 19.3616 0 
Estimating row 77 out of 308 for hessian
19.6104 7.17246 68.8905 45.0936 
11.1739 11.1739 48.9547 49.8758 
6.28846 9.27962 0 1.1711 11.3281 
0 2.0067 0 0 0.443185 19.3616 0 
19.6104 7.17258 68.8904 45.0936 
11.1739 11.1739 48.9547 49.8758 
6.28847 9.27953 0 1.1711 11.3281 
0 2.0067 0 0 0.443185 19.3616 0 
19.6104 7.17251 68.8905 45.0936 
11.1739 11.1739 48.9547 49.8758 
6.28846 9.27958 0 1.1711 11.3281 
0 2.0067 0 0 0.443185 19.3616 0 
19.6104 7.17253 68.8905 45.0936 
11.1739 11.1739 48.9547 49.8758 
6.28846 9.27957 0 1.1711 11.3281 
0 2.0067 0 0 0.443185 19.3616 0 
Estimating row 78 out of 308 for hessian
19.6104 7.17247 68.8905 45.0936 
11.1739 11.1739 48.9547 49.8758 
6.28845 9.2796 0 1.1711 11.3281 
0 2.0067 0 0 0.443185 19.3616 0 
19.6104 7.17257 68.8904 45.0936 
11.1739 11.1739 48.9547 49.8758 
6.28848 9.27955 0 1.1711 11.3281 
0 2.0067 0 0 0.443185 19.3616 0 
19.6104 7.17251 68.8905 45.0936 
11.1739 11.1739 48.9547 49.8758 
6.28846 9.27958 0 1.1711 11.3281 
0 2.0067 0 0 0.443185 19.3616 0 
19.6104 7.17252 68.8905 45.0936 
11.1739 11.1739 48.9547 49.8758 
6.28847 9.27957 0 1.1711 11.3281 
0 2.0067 0 0 0.443185 19.3616 0 
Estimating row 79 out of 308 for hessian
19.6103 7.17233 68.8907 45.0936 
11.1738 11.1738 48.9547 49.8758 
6.2885 9.27966 0 1.1711 11.3281 
0 2.0067 0 0 0.443185 19.3616 0 
19.6104 7.17271 68.8903 45.0936 
11.1739 11.1739 48.9547 49.8758 
6.28843 9.27949 0 1.1711 11.3281 
0 2.00671 0 0 0.443185 19.3616 0 
19.6104 7.1725 68.8905 45.0936 
11.1739 11.1739 48.9547 49.8758 
6.28847 9.27958 0 1.1711 11.3281 
0 2.0067 0 0 0.443185 19.3616 0 
19.6104 7.17254 68.8905 45.0936 
11.1739 11.1739 48.9547 49.8758 
6.28846 9.27957 0 1.1711 11.3281 
0 2.0067 0 0 0.443185 19.3616 0 
Estimating row 80 out of 308 for hessian
19.6104 7.17192 68.8913 45.0934 
11.1734 11.1734 48.9547 49.8758 
6.28857 9.27989 0 1.1711 11.3281 
0 2.00671 0 0 0.443185 19.3616 0 
19.6104 7.17312 68.8897 45.0937 
11.1743 11.1743 48.9547 49.8758 
6.28835 9.27926 0 1.1711 11.3281 
0 2.00669 0 0 0.443185 19.3616 0 
19.6104 7.17246 68.8906 45.0936 
11.1738 11.1738 48.9547 49.8758 
6.28848 9.27961 0 1.1711 11.3281 
0 2.0067 0 0 0.443185 19.3616 0 
19.6104 7.17258 68.8904 45.0936 
11.1739 11.1739 48.9547 49.8758 
6.28845 9.27954 0 1.1711 11.3281 
0 2.0067 0 0 0.443185 19.3616 0 
Estimating row 81 out of 308 for hessian
19.6104 7.17252 68.8905 45.0936 
11.1739 11.1739 48.9547 49.8758 
6.28846 9.27957 0 1.1711 11.3281 
0 2.0067 0 0 0.443185 19.3616 0 
19.6104 7.17252 68.8905 45.0936 
11.1739 11.1739 48.9547 49.8758 
6.28846 9.27958 0 1.1711 11.3281 
0 2.0067 0 0 0.443185 19.3616 0 
19.6104 7.17252 68.8905 45.0936 
11.1739 11.1739 48.9547 49.8758 
6.28846 9.27957 0 1.1711 11.3281 
0 2.0067 0 0 0.443185 19.3616 0 
19.6104 7.17252 68.8905 45.0936 
11.1739 11.1739 48.9547 49.8758 
6.28846 9.27958 0 1.1711 11.3281 
0 2.0067 0 0 0.443185 19.3616 0 
Estimating row 82 out of 308 for hessian
19.6104 7.17257 68.8905 45.0935 
11.1739 11.1739 48.9547 49.8758 
6.28842 9.27955 0 1.1711 11.3281 
0 2.0067 0 0 0.443185 19.3616 0 
19.6104 7.17247 68.8905 45.0936 
11.1738 11.1738 48.9547 49.8758 
6.28851 9.2796 0 1.1711 11.3281 
0 2.0067 0 0 0.443185 19.3616 0 
19.6104 7.17253 68.8905 45.0936 
11.1739 11.1739 48.9547 49.8758 
6.28846 9.27957 0 1.1711 11.3281 
0 2.0067 0 0 0.443185 19.3616 0 
19.6104 7.17251 68.8905 45.0936 
11.1739 11.1739 48.9547 49.8758 
6.28847 9.27958 0 1.1711 11.3281 
0 2.0067 0 0 0.443185 19.3616 0 
Estimating row 83 out of 308 for hessian
19.6104 7.17258 68.8904 45.0936 
11.1739 11.1739 48.9547 49.8758 
6.28845 9.27955 0 1.1711 11.3281 
0 2.0067 0 0 0.443185 19.3616 0 
19.6104 7.17246 68.8905 45.0936 
11.1738 11.1738 48.9547 49.8758 
6.28848 9.2796 0 1.1711 11.3281 
0 2.0067 0 0 0.443185 19.3616 0 
19.6104 7.17253 68.8905 45.0936 
11.1739 11.1739 48.9547 49.8758 
6.28846 9.27957 0 1.1711 11.3281 
0 2.0067 0 0 0.443185 19.3616 0 
19.6104 7.17251 68.8905 45.0936 
11.1739 11.1739 48.9547 49.8758 
6.28847 9.27958 0 1.1711 11.3281 
0 2.0067 0 0 0.443185 19.3616 0 
Estimating row 84 out of 308 for hessian
19.6104 7.17258 68.8904 45.0936 
11.1739 11.1739 48.9547 49.8758 
6.28849 9.27955 0 1.1711 11.3281 
0 2.0067 0 0 0.443185 19.3616 0 
19.6104 7.17246 68.8905 45.0936 
11.1738 11.1738 48.9547 49.8758 
6.28844 9.2796 0 1.1711 11.3281 
0 2.0067 0 0 0.443185 19.3616 0 
19.6104 7.17253 68.8905 45.0936 
11.1739 11.1739 48.9547 49.8758 
6.28847 9.27957 0 1.1711 11.3281 
0 2.0067 0 0 0.443185 19.3616 0 
19.6104 7.17251 68.8905 45.0936 
11.1739 11.1739 48.9547 49.8758 
6.28846 9.27958 0 1.1711 11.3281 
0 2.0067 0 0 0.443185 19.3616 0 
Estimating row 85 out of 308 for hessian
19.6104 7.1725 68.8905 45.0936 
11.1739 11.1739 48.9547 49.8758 
6.28846 9.27949 0 1.1711 11.3281 
0 2.0067 0 0 0.443185 19.3616 0 
19.6104 7.17254 68.8905 45.0935 
11.1738 11.1738 48.9547 49.8758 
6.28846 9.27966 0 1.1711 11.3281 
0 2.0067 0 0 0.443185 19.3616 0 
19.6104 7.17252 68.8905 45.0936 
11.1739 11.1739 48.9547 49.8758 
6.28846 9.27957 0 1.1711 11.3281 
0 2.0067 0 0 0.443185 19.3616 0 
19.6104 7.17252 68.8905 45.0936 
11.1739 11.1739 48.9547 49.8758 
6.28846 9.27958 0 1.1711 11.3281 
0 2.0067 0 0 0.443185 19.3616 0 
Estimating row 86 out of 308 for hessian
19.6104 7.17244 68.8905 45.0936 
11.174 11.174 48.9547 49.8758 
6.28846 9.27943 0 1.1711 11.3281 
0 2.00669 0 0 0.443185 19.3616 0 
19.6104 7.17259 68.8905 45.0935 
11.1737 11.1737 48.9547 49.8758 
6.28846 9.27972 0 1.1711 11.3281 
0 2.00672 0 0 0.443185 19.3616 0 
19.6104 7.17251 68.8905 45.0936 
11.1739 11.1739 48.9547 49.8758 
6.28846 9.27956 0 1.1711 11.3281 
0 2.0067 0 0 0.443185 19.3616 0 
19.6104 7.17253 68.8905 45.0936 
11.1738 11.1738 48.9547 49.8758 
6.28846 9.27959 0 1.1711 11.3281 
0 2.0067 0 0 0.443185 19.3616 0 
Estimating row 87 out of 308 for hessian
19.6104 7.17235 68.8905 45.0936 
11.174 11.174 48.9547 49.8758 
6.28846 9.2794 0 1.1711 11.3281 
0 2.00674 0 0 0.443185 19.3616 0 
19.6104 7.17269 68.8905 45.0935 
11.1737 11.1737 48.9547 49.8758 
6.28846 9.27975 0 1.1711 11.3281 
0 2.00667 0 0 0.443185 19.3616 0 
19.6104 7.1725 68.8905 45.0936 
11.1739 11.1739 48.9547 49.8758 
6.28846 9.27956 0 1.1711 11.3281 
0 2.00671 0 0 0.443185 19.3616 0 
19.6104 7.17254 68.8905 45.0936 
11.1738 11.1738 48.9547 49.8758 
6.28846 9.27959 0 1.1711 11.3281 
0 2.0067 0 0 0.443185 19.3616 0 
Estimating row 88 out of 308 for hessian
19.6104 7.17255 68.8905 45.0936 
11.1739 11.1739 48.9547 49.8758 
6.28846 9.27954 0 1.1711 11.3281 
0 2.00668 0 0 0.443185 19.3616 0 
19.6104 7.17249 68.8905 45.0936 
11.1738 11.1738 48.9547 49.8758 
6.28846 9.27961 0 1.1711 11.3281 
0 2.00673 0 0 0.443185 19.3616 0 
19.6104 7.17252 68.8905 45.0936 
11.1739 11.1739 48.9547 49.8758 
6.28846 9.27957 0 1.1711 11.3281 
0 2.0067 0 0 0.443185 19.3616 0 
19.6104 7.17252 68.8905 45.0936 
11.1739 11.1739 48.9547 49.8758 
6.28846 9.27958 0 1.1711 11.3281 
0 2.00671 0 0 0.443185 19.3616 0 
Estimating row 89 out of 308 for hessian
19.6104 7.17258 68.8905 45.0936 
11.1739 11.1739 48.9547 49.8758 
6.28846 9.27955 0 1.1711 11.3281 
0 2.0067 0 0 0.443185 19.3616 0 
19.6104 7.17246 68.8905 45.0936 
11.1738 11.1738 48.9547 49.8758 
6.28846 9.2796 0 1.1711 11.3281 
0 2.00671 0 0 0.443185 19.3616 0 
19.6104 7.17253 68.8905 45.0936 
11.1739 11.1739 48.9547 49.8758 
6.28846 9.27957 0 1.1711 11.3281 
0 2.0067 0 0 0.443185 19.3616 0 
19.6104 7.17251 68.8905 45.0936 
11.1739 11.1739 48.9547 49.8758 
6.28846 9.27958 0 1.1711 11.3281 
0 2.0067 0 0 0.443185 19.3616 0 
Estimating row 90 out of 308 for hessian
19.6104 7.17257 68.8905 45.0936 
11.1739 11.1739 48.9547 49.8758 
6.28846 9.27954 0 1.1711 11.3281 
0 2.0067 0 0 0.443185 19.3616 0 
19.6104 7.17247 68.8905 45.0936 
11.1738 11.1738 48.9547 49.8758 
6.28846 9.27961 0 1.1711 11.3281 
0 2.0067 0 0 0.443185 19.3616 0 
19.6104 7.17252 68.8905 45.0936 
11.1739 11.1739 48.9547 49.8758 
6.28846 9.27957 0 1.1711 11.3281 
0 2.0067 0 0 0.443185 19.3616 0 
19.6104 7.17252 68.8905 45.0936 
11.1739 11.1739 48.9547 49.8758 
6.28846 9.27958 0 1.1711 11.3281 
0 2.0067 0 0 0.443185 19.3616 0 
Estimating row 91 out of 308 for hessian
19.6104 7.17254 68.8905 45.0935 
11.174 11.174 48.9547 49.8758 
6.28846 9.27952 0 1.1711 11.3281 
0 2.00671 0 0 0.443185 19.3616 0 
19.6104 7.1725 68.8905 45.0936 
11.1737 11.1737 48.9547 49.8758 
6.28846 9.27963 0 1.1711 11.3281 
0 2.00669 0 0 0.443185 19.3616 0 
19.6104 7.17252 68.8905 45.0936 
11.1739 11.1739 48.9547 49.8758 
6.28846 9.27957 0 1.1711 11.3281 
0 2.0067 0 0 0.443185 19.3616 0 
19.6104 7.17252 68.8905 45.0936 
11.1738 11.1738 48.9547 49.8758 
6.28846 9.27958 0 1.1711 11.3281 
0 2.0067 0 0 0.443185 19.3616 0 
Estimating row 92 out of 308 for hessian
19.6104 7.17254 68.8905 45.0935 
11.1739 11.1739 48.9547 49.8758 
6.28846 9.27956 0 1.1711 11.3281 
0 2.0067 0 0 0.443185 19.3616 0 
19.6104 7.1725 68.8905 45.0936 
11.1738 11.1738 48.9547 49.8758 
6.28846 9.2796 0 1.1711 11.3281 
0 2.00671 0 0 0.443185 19.3616 0 
19.6104 7.17252 68.8905 45.0936 
11.1739 11.1739 48.9547 49.8758 
6.28846 9.27957 0 1.1711 11.3281 
0 2.0067 0 0 0.443185 19.3616 0 
19.6104 7.17252 68.8905 45.0936 
11.1739 11.1739 48.9547 49.8758 
6.28846 9.27958 0 1.1711 11.3281 
0 2.0067 0 0 0.443185 19.3616 0 
Estimating row 93 out of 308 for hessian
19.6104 7.17254 68.8905 45.0935 
11.1739 11.1739 48.9547 49.8758 
6.28846 9.27959 0 1.1711 11.3281 
0 2.00669 0 0 0.443185 19.3616 0 
19.6104 7.1725 68.8905 45.0936 
11.1739 11.1739 48.9547 49.8758 
6.28846 9.27956 0 1.1711 11.3281 
0 2.00672 0 0 0.443185 19.3616 0 
19.6104 7.17252 68.8905 45.0936 
11.1739 11.1739 48.9547 49.8758 
6.28846 9.27958 0 1.1711 11.3281 
0 2.0067 0 0 0.443185 19.3616 0 
19.6104 7.17252 68.8905 45.0936 
11.1739 11.1739 48.9547 49.8758 
6.28846 9.27957 0 1.1711 11.3281 
0 2.0067 0 0 0.443185 19.3616 0 
Estimating row 94 out of 308 for hessian
19.6104 7.17255 68.8905 45.0936 
11.1737 11.1737 48.9546 49.8758 
6.28846 9.27968 0 1.1711 11.3281 
0 2.00673 0 0 0.443185 19.3616 0 
19.6104 7.17249 68.8905 45.0936 
11.174 11.174 48.9548 49.8758 
6.28846 9.27947 0 1.1711 11.3281 
0 2.00668 0 0 0.443185 19.3616 0 
19.6104 7.17252 68.8905 45.0936 
11.1738 11.1738 48.9547 49.8758 
6.28846 9.27959 0 1.1711 11.3281 
0 2.00671 0 0 0.443185 19.3616 0 
19.6104 7.17252 68.8905 45.0936 
11.1739 11.1739 48.9547 49.8758 
6.28846 9.27956 0 1.1711 11.3281 
0 2.0067 0 0 0.443185 19.3616 0 
Estimating row 95 out of 308 for hessian
19.6104 7.17255 68.8905 45.0936 
11.1738 11.1738 48.9547 49.8758 
6.28846 9.27965 0 1.1711 11.3281 
0 2.00668 0 0 0.443185 19.3616 0 
19.6104 7.17249 68.8905 45.0936 
11.1739 11.1739 48.9547 49.8758 
6.28846 9.2795 0 1.1711 11.3281 
0 2.00672 0 0 0.443185 19.3616 0 
19.6104 7.17252 68.8905 45.0936 
11.1739 11.1739 48.9547 49.8758 
6.28846 9.27958 0 1.1711 11.3281 
0 2.0067 0 0 0.443185 19.3616 0 
19.6104 7.17252 68.8905 45.0936 
11.1739 11.1739 48.9547 49.8758 
6.28846 9.27957 0 1.1711 11.3281 
0 2.00671 0 0 0.443185 19.3616 0 
Estimating row 96 out of 308 for hessian
19.6104 7.17252 68.8905 45.0936 
11.1738 11.1738 48.9547 49.8757 
6.28846 9.27961 0 1.1711 11.3281 
0 2.00671 0 0 0.443185 19.3616 0 
19.6104 7.17252 68.8905 45.0936 
11.1739 11.1739 48.9547 49.8758 
6.28846 9.27954 0 1.1711 11.3281 
0 2.0067 0 0 0.443185 19.3616 0 
19.6104 7.17252 68.8905 45.0936 
11.1739 11.1739 48.9547 49.8758 
6.28846 9.27958 0 1.1711 11.3281 
0 2.0067 0 0 0.443185 19.3616 0 
19.6104 7.17252 68.8905 45.0936 
11.1739 11.1739 48.9547 49.8758 
6.28846 9.27957 0 1.1711 11.3281 
0 2.0067 0 0 0.443185 19.3616 0 
Estimating row 97 out of 308 for hessian
19.6104 7.17254 68.8905 45.0936 
11.1738 11.1738 48.9547 49.8758 
6.28846 9.27961 0 1.1711 11.3281 
0 2.00669 0 0 0.443185 19.3616 0 
19.6104 7.1725 68.8905 45.0936 
11.1739 11.1739 48.9547 49.8758 
6.28846 9.27954 0 1.1711 11.3281 
0 2.00671 0 0 0.443185 19.3616 0 
19.6104 7.17252 68.8905 45.0936 
11.1739 11.1739 48.9547 49.8758 
6.28846 9.27958 0 1.1711 11.3281 
0 2.0067 0 0 0.443185 19.3616 0 
19.6104 7.17252 68.8905 45.0936 
11.1739 11.1739 48.9547 49.8758 
6.28846 9.27957 0 1.1711 11.3281 
0 2.0067 0 0 0.443185 19.3616 0 
Estimating row 98 out of 308 for hessian
19.6104 7.17256 68.8905 45.0935 
11.1738 11.1738 48.9547 49.8758 
6.28846 9.27963 0 1.1711 11.3281 
0 2.00671 0 0 0.443185 19.3616 0 
19.6104 7.17248 68.8905 45.0937 
11.1739 11.1739 48.9547 49.8757 
6.28846 9.27952 0 1.1711 11.3281 
0 2.00669 0 0 0.443185 19.3616 0 
19.6104 7.17252 68.8905 45.0936 
11.1739 11.1739 48.9547 49.8758 
6.28846 9.27958 0 1.1711 11.3281 
0 2.0067 0 0 0.443185 19.3616 0 
19.6104 7.17252 68.8905 45.0936 
11.1739 11.1739 48.9547 49.8758 
6.28846 9.27957 0 1.1711 11.3281 
0 2.0067 0 0 0.443185 19.3616 0 
Estimating row 99 out of 308 for hessian
19.6104 7.17255 68.8905 45.0935 
11.1738 11.1738 48.9547 49.8758 
6.28846 9.27959 0 1.1711 11.3281 
0 2.0067 0 0 0.443185 19.3616 0 
19.6104 7.17249 68.8905 45.0936 
11.1739 11.1739 48.9547 49.8757 
6.28846 9.27956 0 1.1711 11.3281 
0 2.00671 0 0 0.443185 19.3616 0 
19.6104 7.17252 68.8905 45.0936 
11.1739 11.1739 48.9547 49.8758 
6.28846 9.27958 0 1.1711 11.3281 
0 2.0067 0 0 0.443185 19.3616 0 
19.6104 7.17252 68.8905 45.0936 
11.1739 11.1739 48.9547 49.8758 
6.28846 9.27957 0 1.1711 11.3281 
0 2.0067 0 0 0.443185 19.3616 0 
Estimating row 100 out of 308 for hessian
19.6104 7.17253 68.8905 45.0936 
11.1738 11.1738 48.9547 49.8758 
6.28846 9.27957 0 1.1711 11.3281 
0 2.00669 0 0 0.443185 19.3616 0 
19.6104 7.17251 68.8905 45.0936 
11.1739 11.1739 48.9547 49.8758 
6.28846 9.27958 0 1.1711 11.3281 
0 2.00671 0 0 0.443185 19.3616 0 
19.6104 7.17252 68.8905 45.0936 
11.1739 11.1739 48.9547 49.8758 
6.28846 9.27957 0 1.1711 11.3281 
0 2.0067 0 0 0.443185 19.3616 0 
19.6104 7.17252 68.8905 45.0936 
11.1739 11.1739 48.9547 49.8758 
6.28846 9.27958 0 1.1711 11.3281 
0 2.0067 0 0 0.443185 19.3616 0 
Estimating row 101 out of 308 for hessian
19.6104 7.17258 68.8905 45.0936 
11.1737 11.1737 48.9547 49.8758 
6.28846 9.27962 0 1.1711 11.3281 
0 2.00673 0 0 0.443185 19.3616 0 
19.6104 7.17246 68.8905 45.0936 
11.174 11.174 48.9547 49.8758 
6.28846 9.27953 0 1.1711 11.3281 
0 2.00668 0 0 0.443185 19.3616 0 
19.6104 7.17253 68.8905 45.0936 
11.1738 11.1738 48.9547 49.8758 
6.28846 9.27958 0 1.1711 11.3281 
0 2.00671 0 0 0.443185 19.3616 0 
19.6104 7.17251 68.8905 45.0936 
11.1739 11.1739 48.9547 49.8758 
6.28846 9.27957 0 1.1711 11.3281 
0 2.0067 0 0 0.443185 19.3616 0 
Estimating row 102 out of 308 for hessian
19.6104 7.1726 68.8905 45.0936 
11.1738 11.1738 48.9547 49.8758 
6.28846 9.2796 0 1.1711 11.3281 
0 2.00669 0 0 0.443185 19.3616 0 
19.6104 7.17243 68.8905 45.0936 
11.1739 11.1739 48.9547 49.8758 
6.28846 9.27955 0 1.1711 11.3281 
0 2.00672 0 0 0.443185 19.3616 0 
19.6104 7.17253 68.8905 45.0936 
11.1739 11.1739 48.9547 49.8758 
6.28846 9.27958 0 1.1711 11.3281 
0 2.0067 0 0 0.443185 19.3616 0 
19.6104 7.17251 68.8905 45.0936 
11.1739 11.1739 48.9547 49.8758 
6.28846 9.27957 0 1.1711 11.3281 
0 2.0067 0 0 0.443185 19.3616 0 
Estimating row 103 out of 308 for hessian
19.6104 7.17261 68.8905 45.0936 
11.1738 11.1738 48.9547 49.8758 
6.28846 9.27961 0 1.1711 11.3281 
0 2.00669 0 0 0.443185 19.3616 0 
19.6104 7.17243 68.8905 45.0936 
11.1739 11.1739 48.9547 49.8758 
6.28846 9.27954 0 1.1711 11.3281 
0 2.00672 0 0 0.443185 19.3616 0 
19.6104 7.17253 68.8905 45.0936 
11.1739 11.1739 48.9547 49.8758 
6.28846 9.27958 0 1.1711 11.3281 
0 2.0067 0 0 0.443185 19.3616 0 
19.6104 7.17251 68.8905 45.0936 
11.1739 11.1739 48.9547 49.8758 
6.28846 9.27957 0 1.1711 11.3281 
0 2.0067 0 0 0.443185 19.3616 0 
Estimating row 104 out of 308 for hessian
19.6104 7.17256 68.8905 45.0936 
11.1737 11.1737 48.9547 49.8758 
6.28846 9.27965 0 1.1711 11.3281 
0 2.00672 0 0 0.443185 19.3616 0 
19.6104 7.17248 68.8905 45.0936 
11.174 11.174 48.9547 49.8758 
6.28846 9.2795 0 1.1711 11.3281 
0 2.00669 0 0 0.443185 19.3616 0 
19.6104 7.17252 68.8905 45.0936 
11.1738 11.1738 48.9547 49.8758 
6.28846 9.27958 0 1.1711 11.3281 
0 2.0067 0 0 0.443185 19.3616 0 
19.6104 7.17252 68.8905 45.0936 
11.1739 11.1739 48.9547 49.8758 
6.28846 9.27957 0 1.1711 11.3281 
0 2.0067 0 0 0.443185 19.3616 0 
Estimating row 105 out of 308 for hessian
19.6104 7.17254 68.8905 45.0936 
11.1738 11.1738 48.9547 49.8758 
6.28846 9.27959 0 1.1711 11.3281 
0 2.0067 0 0 0.443185 19.3616 0 
19.6104 7.1725 68.8905 45.0935 
11.1739 11.1739 48.9547 49.8758 
6.28846 9.27956 0 1.1711 11.3281 
0 2.0067 0 0 0.443185 19.3616 0 
19.6104 7.17252 68.8905 45.0936 
11.1739 11.1739 48.9547 49.8758 
6.28846 9.27958 0 1.1711 11.3281 
0 2.0067 0 0 0.443185 19.3616 0 
19.6104 7.17252 68.8905 45.0936 
11.1739 11.1739 48.9547 49.8758 
6.28846 9.27957 0 1.1711 11.3281 
0 2.0067 0 0 0.443185 19.3616 0 
Estimating row 106 out of 308 for hessian
19.6104 7.17255 68.8905 45.0936 
11.1738 11.1738 48.9547 49.8758 
6.28846 9.27958 0 1.1711 11.3281 
0 2.0067 0 0 0.443185 19.3616 0 
19.6104 7.17249 68.8905 45.0935 
11.1739 11.1739 48.9547 49.8758 
6.28846 9.27957 0 1.1711 11.3281 
0 2.00671 0 0 0.443185 19.3616 0 
19.6104 7.17252 68.8905 45.0936 
11.1739 11.1739 48.9547 49.8758 
6.28846 9.27958 0 1.1711 11.3281 
0 2.0067 0 0 0.443185 19.3616 0 
19.6104 7.17252 68.8905 45.0936 
11.1739 11.1739 48.9547 49.8758 
6.28846 9.27957 0 1.1711 11.3281 
0 2.0067 0 0 0.443185 19.3616 0 
Estimating row 107 out of 308 for hessian
19.6104 7.17258 68.8905 45.0936 
11.1738 11.1738 48.9547 49.8758 
6.28846 9.27958 0 1.1711 11.3281 
0 2.00669 0 0 0.443185 19.3616 0 
19.6104 7.17246 68.8905 45.0936 
11.1739 11.1739 48.9547 49.8758 
6.28846 9.27957 0 1.1711 11.3281 
0 2.00672 0 0 0.443185 19.3616 0 
19.6104 7.17253 68.8905 45.0936 
11.1739 11.1739 48.9547 49.8758 
6.28846 9.27958 0 1.1711 11.3281 
0 2.0067 0 0 0.443185 19.3616 0 
19.6104 7.17251 68.8905 45.0936 
11.1739 11.1739 48.9547 49.8758 
6.28846 9.27957 0 1.1711 11.3281 
0 2.0067 0 0 0.443185 19.3616 0 
Estimating row 108 out of 308 for hessian
19.6104 7.17257 68.8905 45.0936 
11.1738 11.1738 48.9547 49.8758 
6.28846 9.27954 0 1.1711 11.3281 
0 2.00671 0 0 0.443185 19.3616 0 
19.6104 7.17247 68.8905 45.0936 
11.1739 11.1739 48.9547 49.8758 
6.28846 9.27961 0 1.1711 11.3281 
0 2.00669 0 0 0.443185 19.3616 0 
19.6104 7.17252 68.8905 45.0936 
11.1739 11.1739 48.9547 49.8758 
6.28846 9.27957 0 1.1711 11.3281 
0 2.0067 0 0 0.443185 19.3616 0 
19.6104 7.17251 68.8905 45.0936 
11.1739 11.1739 48.9547 49.8758 
6.28846 9.27958 0 1.1711 11.3281 
0 2.0067 0 0 0.443185 19.3616 0 
Estimating row 109 out of 308 for hessian
19.6104 7.17257 68.8905 45.0935 
11.1739 11.1739 48.9547 49.8758 
6.28846 9.27949 0 1.1711 11.3281 
0 2.0067 0 0 0.443185 19.3616 0 
19.6104 7.17247 68.8905 45.0936 
11.1738 11.1738 48.9547 49.8758 
6.28846 9.27966 0 1.1711 11.3281 
0 2.00671 0 0 0.443185 19.3616 0 
19.6104 7.17252 68.8905 45.0936 
11.1739 11.1739 48.9547 49.8758 
6.28846 9.27957 0 1.1711 11.3281 
0 2.0067 0 0 0.443185 19.3616 0 
19.6104 7.17252 68.8905 45.0936 
11.1739 11.1739 48.9547 49.8758 
6.28846 9.27958 0 1.1711 11.3281 
0 2.0067 0 0 0.443185 19.3616 0 
Estimating row 110 out of 308 for hessian
19.6104 7.17251 68.8905 45.0936 
11.1739 11.1739 48.9547 49.8758 
6.28846 9.27949 0 1.1711 11.3281 
0 2.0067 0 0 0.443185 19.3616 0 
19.6104 7.17253 68.8905 45.0936 
11.1738 11.1738 48.9547 49.8758 
6.28846 9.27966 0 1.1711 11.3281 
0 2.0067 0 0 0.443185 19.3616 0 
19.6104 7.17252 68.8905 45.0936 
11.1739 11.1739 48.9547 49.8758 
6.28846 9.27957 0 1.1711 11.3281 
0 2.0067 0 0 0.443185 19.3616 0 
19.6104 7.17252 68.8905 45.0936 
11.1739 11.1739 48.9547 49.8758 
6.28846 9.27958 0 1.1711 11.3281 
0 2.0067 0 0 0.443185 19.3616 0 
Estimating row 111 out of 308 for hessian
19.6104 7.17251 68.8905 45.0936 
11.1739 11.1739 48.9547 49.8758 
6.28846 9.27953 0 1.1711 11.3281 
0 2.00671 0 0 0.443185 19.3616 0 
19.6104 7.17253 68.8905 45.0936 
11.1738 11.1738 48.9547 49.8758 
6.28846 9.27962 0 1.1711 11.3281 
0 2.0067 0 0 0.443185 19.3616 0 
19.6104 7.17252 68.8905 45.0936 
11.1739 11.1739 48.9547 49.8758 
6.28846 9.27957 0 1.1711 11.3281 
0 2.0067 0 0 0.443185 19.3616 0 
19.6104 7.17252 68.8905 45.0936 
11.1739 11.1739 48.9547 49.8758 
6.28846 9.27958 0 1.1711 11.3281 
0 2.0067 0 0 0.443185 19.3616 0 
Estimating row 112 out of 308 for hessian
19.6104 7.17254 68.8905 45.0936 
11.1739 11.1739 48.9547 49.8758 
6.28846 9.27955 0 1.1711 11.3281 
0 2.00669 0 0 0.443185 19.3616 0 
19.6104 7.1725 68.8905 45.0935 
11.1738 11.1738 48.9547 49.8758 
6.28846 9.2796 0 1.1711 11.3281 
0 2.00671 0 0 0.443185 19.3616 0 
19.6104 7.17252 68.8905 45.0936 
11.1739 11.1739 48.9547 49.8758 
6.28846 9.27957 0 1.1711 11.3281 
0 2.0067 0 0 0.443185 19.3616 0 
19.6104 7.17252 68.8905 45.0936 
11.1739 11.1739 48.9547 49.8758 
6.28846 9.27958 0 1.1711 11.3281 
0 2.0067 0 0 0.443185 19.3616 0 
Estimating row 113 out of 308 for hessian
19.6104 7.17253 68.8905 45.0936 
11.1739 11.1739 48.9547 49.8758 
6.28846 9.27955 0 1.1711 11.3281 
0 2.0067 0 0 0.443185 19.3616 0 
19.6104 7.17251 68.8905 45.0936 
11.1738 11.1738 48.9547 49.8758 
6.28846 9.2796 0 1.1711 11.3281 
0 2.00671 0 0 0.443185 19.3616 0 
19.6104 7.17252 68.8905 45.0936 
11.1739 11.1739 48.9547 49.8758 
6.28846 9.27957 0 1.1711 11.3281 
0 2.0067 0 0 0.443185 19.3616 0 
19.6104 7.17252 68.8905 45.0936 
11.1739 11.1739 48.9547 49.8758 
6.28846 9.27958 0 1.1711 11.3281 
0 2.0067 0 0 0.443185 19.3616 0 
Estimating row 114 out of 308 for hessian
19.6104 7.1725 68.8905 45.0936 
11.1739 11.1739 48.9547 49.8758 
6.28846 9.27956 0 1.1711 11.3281 
0 2.00669 0 0 0.443185 19.3616 0 
19.6104 7.17254 68.8905 45.0936 
11.1738 11.1738 48.9547 49.8758 
6.28846 9.27959 0 1.1711 11.3281 
0 2.00671 0 0 0.443185 19.3616 0 
19.6104 7.17252 68.8905 45.0936 
11.1739 11.1739 48.9547 49.8758 
6.28846 9.27957 0 1.1711 11.3281 
0 2.0067 0 0 0.443185 19.3616 0 
19.6104 7.17252 68.8905 45.0936 
11.1739 11.1739 48.9547 49.8758 
6.28846 9.27958 0 1.1711 11.3281 
0 2.0067 0 0 0.443185 19.3616 0 
Estimating row 115 out of 308 for hessian
19.6104 7.17247 68.8905 45.0935 
11.1739 11.1739 48.9547 49.8758 
6.28846 9.27956 0 1.1711 11.3281 
0 2.00673 0 0 0.443185 19.3616 0 
19.6104 7.17257 68.8905 45.0936 
11.1738 11.1738 48.9547 49.8758 
6.28846 9.27959 0 1.1711 11.3281 
0 2.00668 0 0 0.443185 19.3616 0 
19.6104 7.17251 68.8905 45.0936 
11.1739 11.1739 48.9547 49.8758 
6.28846 9.27957 0 1.1711 11.3281 
0 2.00671 0 0 0.443185 19.3616 0 
19.6104 7.17252 68.8905 45.0936 
11.1739 11.1739 48.9547 49.8758 
6.28846 9.27958 0 1.1711 11.3281 
0 2.0067 0 0 0.443185 19.3616 0 
Estimating row 116 out of 308 for hessian
19.6104 7.17257 68.8905 45.0936 
11.1739 11.1739 48.9547 49.8758 
6.28846 9.27958 0 1.1711 11.3281 
0 2.00667 0 0 0.443185 19.3616 0 
19.6104 7.17247 68.8905 45.0936 
11.1738 11.1738 48.9547 49.8758 
6.28846 9.27957 0 1.1711 11.3281 
0 2.00673 0 0 0.443185 19.3616 0 
19.6104 7.17252 68.8905 45.0936 
11.1739 11.1739 48.9547 49.8758 
6.28846 9.27958 0 1.1711 11.3281 
0 2.0067 0 0 0.443185 19.3616 0 
19.6104 7.17251 68.8905 45.0936 
11.1739 11.1739 48.9547 49.8758 
6.28846 9.27957 0 1.1711 11.3281 
0 2.00671 0 0 0.443185 19.3616 0 
Estimating row 117 out of 308 for hessian
19.6104 7.17246 68.8905 45.0936 
11.1739 11.1739 48.9547 49.8758 
6.28846 9.27963 0 1.1711 11.3281 
0 2.00672 0 0 0.443185 19.3616 0 
19.6104 7.17258 68.8905 45.0936 
11.1739 11.1739 48.9547 49.8758 
6.28846 9.27952 0 1.1711 11.3281 
0 2.00669 0 0 0.443185 19.3616 0 
19.6104 7.17251 68.8905 45.0936 
11.1739 11.1739 48.9547 49.8758 
6.28846 9.27958 0 1.1711 11.3281 
0 2.0067 0 0 0.443185 19.3616 0 
19.6104 7.17253 68.8905 45.0936 
11.1739 11.1739 48.9547 49.8758 
6.28846 9.27957 0 1.1711 11.3281 
0 2.0067 0 0 0.443185 19.3616 0 
Estimating row 118 out of 308 for hessian
19.6104 7.17249 68.8905 45.0936 
11.1738 11.1738 48.9547 49.8758 
6.28846 9.27962 0 1.1711 11.3281 
0 2.0067 0 0 0.443185 19.3616 0 
19.6104 7.17255 68.8905 45.0936 
11.1739 11.1739 48.9547 49.8758 
6.28846 9.27953 0 1.1711 11.3281 
0 2.00671 0 0 0.443185 19.3616 0 
19.6104 7.17252 68.8905 45.0936 
11.1739 11.1739 48.9547 49.8758 
6.28846 9.27958 0 1.1711 11.3281 
0 2.0067 0 0 0.443185 19.3616 0 
19.6104 7.17252 68.8905 45.0936 
11.1739 11.1739 48.9547 49.8758 
6.28846 9.27957 0 1.1711 11.3281 
0 2.0067 0 0 0.443185 19.3616 0 
Estimating row 119 out of 308 for hessian
19.6104 7.17255 68.8905 45.0936 
11.1738 11.1738 48.9547 49.8758 
6.28846 9.2796 0 1.1711 11.3281 
0 2.0067 0 0 0.443185 19.3616 0 
19.6104 7.17249 68.8905 45.0936 
11.1739 11.1739 48.9547 49.8758 
6.28846 9.27955 0 1.1711 11.3281 
0 2.00671 0 0 0.443185 19.3616 0 
19.6104 7.17252 68.8905 45.0936 
11.1739 11.1739 48.9547 49.8758 
6.28846 9.27958 0 1.1711 11.3281 
0 2.0067 0 0 0.443185 19.3616 0 
19.6104 7.17252 68.8905 45.0936 
11.1739 11.1739 48.9547 49.8758 
6.28846 9.27957 0 1.1711 11.3281 
0 2.0067 0 0 0.443185 19.3616 0 
Estimating row 120 out of 308 for hessian
19.6104 7.17256 68.8905 45.0936 
11.1738 11.1738 48.9547 49.8758 
6.28846 9.27962 0 1.1711 11.3281 
0 2.00669 0 0 0.443185 19.3616 0 
19.6104 7.17248 68.8905 45.0936 
11.1739 11.1739 48.9547 49.8758 
6.28846 9.27953 0 1.1711 11.3281 
0 2.00671 0 0 0.443185 19.3616 0 
19.6104 7.17252 68.8905 45.0936 
11.1739 11.1739 48.9547 49.8758 
6.28846 9.27958 0 1.1711 11.3281 
0 2.0067 0 0 0.443185 19.3616 0 
19.6104 7.17252 68.8905 45.0936 
11.1739 11.1739 48.9547 49.8758 
6.28846 9.27957 0 1.1711 11.3281 
0 2.0067 0 0 0.443185 19.3616 0 
Estimating row 121 out of 308 for hessian
19.6104 7.17237 68.8905 45.0936 
11.1739 11.1739 48.9547 49.8758 
6.28846 9.27963 0 1.1711 11.3281 
0 2.0067 0 0 0.443185 19.3616 0 
19.6104 7.17267 68.8905 45.0936 
11.1738 11.1738 48.9547 49.8757 
6.28846 9.27952 0 1.1711 11.3281 
0 2.00671 0 0 0.443185 19.3616 0 
19.6104 7.1725 68.8905 45.0936 
11.1739 11.1739 48.9547 49.8758 
6.28846 9.27958 0 1.1711 11.3281 
0 2.0067 0 0 0.443185 19.3616 0 
19.6104 7.17253 68.8905 45.0936 
11.1739 11.1739 48.9547 49.8758 
6.28846 9.27957 0 1.1711 11.3281 
0 2.0067 0 0 0.443185 19.3616 0 
Estimating row 122 out of 308 for hessian
19.6104 7.17206 68.8905 45.0937 
11.1741 11.1741 48.9547 49.8757 
6.28846 9.27962 0 1.1711 11.3281 
0 2.00673 0 0 0.443185 19.3616 0 
19.6104 7.17298 68.8905 45.0935 
11.1737 11.1737 48.9547 49.8758 
6.28846 9.27953 0 1.1711 11.3281 
0 2.00667 0 0 0.443185 19.3616 0 
19.6104 7.17247 68.8905 45.0936 
11.1739 11.1739 48.9547 49.8758 
6.28846 9.27958 0 1.1711 11.3281 
0 2.00671 0 0 0.443185 19.3616 0 
19.6104 7.17257 68.8905 45.0936 
11.1738 11.1738 48.9547 49.8758 
6.28846 9.27957 0 1.1711 11.3281 
0 2.0067 0 0 0.443185 19.3616 0 
Estimating row 123 out of 308 for hessian
19.6104 7.17252 68.8905 45.0936 
11.1739 11.1739 48.9547 49.8758 
6.28846 9.27957 0 1.1711 11.3281 
0 2.0067 0 0 0.443185 19.3616 0 
19.6104 7.17252 68.8905 45.0936 
11.1739 11.1739 48.9547 49.8758 
6.28846 9.27958 0 1.1711 11.3281 
0 2.0067 0 0 0.443185 19.3616 0 
19.6104 7.17252 68.8905 45.0936 
11.1739 11.1739 48.9547 49.8758 
6.28846 9.27958 0 1.1711 11.3281 
0 2.0067 0 0 0.443185 19.3616 0 
19.6104 7.17252 68.8905 45.0936 
11.1739 11.1739 48.9547 49.8758 
6.28846 9.27958 0 1.1711 11.3281 
0 2.0067 0 0 0.443185 19.3616 0 
Estimating row 124 out of 308 for hessian
19.6104 7.17248 68.8905 45.0936 
11.1737 11.1737 48.9547 49.8758 
6.28846 9.27969 0 1.1711 11.3281 
0 2.00673 0 0 0.443185 19.3616 0 
19.6104 7.17256 68.8905 45.0935 
11.1741 11.1741 48.9547 49.8758 
6.28846 9.27946 0 1.1711 11.3281 
0 2.00668 0 0 0.443185 19.3616 0 
19.6104 7.17252 68.8905 45.0936 
11.1738 11.1738 48.9547 49.8758 
6.28846 9.27959 0 1.1711 11.3281 
0 2.00671 0 0 0.443185 19.3616 0 
19.6104 7.17252 68.8905 45.0936 
11.1739 11.1739 48.9547 49.8758 
6.28846 9.27956 0 1.1711 11.3281 
0 2.0067 0 0 0.443185 19.3616 0 
Estimating row 125 out of 308 for hessian
19.6104 7.17253 68.8905 45.0936 
11.1739 11.1739 48.9547 49.8758 
6.28846 9.27956 0 1.1711 11.3281 
0 2.0067 0 0 0.443185 19.3616 0 
19.6104 7.17251 68.8905 45.0936 
11.1739 11.1739 48.9547 49.8758 
6.28846 9.27959 0 1.1711 11.3281 
0 2.00671 0 0 0.443185 19.3616 0 
19.6104 7.17252 68.8905 45.0936 
11.1739 11.1739 48.9547 49.8758 
6.28846 9.27957 0 1.1711 11.3281 
0 2.0067 0 0 0.443185 19.3616 0 
19.6104 7.17252 68.8905 45.0936 
11.1739 11.1739 48.9547 49.8758 
6.28846 9.27958 0 1.1711 11.3281 
0 2.0067 0 0 0.443185 19.3616 0 
Estimating row 126 out of 308 for hessian
19.6104 7.17258 68.8905 45.0936 
11.1739 11.1739 48.9547 49.8758 
6.28846 9.27956 0 1.1711 11.3281 
0 2.0067 0 0 0.443185 19.3616 0 
19.6104 7.17246 68.8905 45.0935 
11.1739 11.1739 48.9547 49.8758 
6.28846 9.27959 0 1.1711 11.3281 
0 2.00671 0 0 0.443185 19.3616 0 
19.6104 7.17253 68.8905 45.0936 
11.1739 11.1739 48.9547 49.8758 
6.28846 9.27957 0 1.1711 11.3281 
0 2.0067 0 0 0.443185 19.3616 0 
19.6104 7.17251 68.8905 45.0936 
11.1739 11.1739 48.9547 49.8758 
6.28846 9.27958 0 1.1711 11.3281 
0 2.0067 0 0 0.443185 19.3616 0 
Estimating row 127 out of 308 for hessian
19.6104 7.17252 68.8905 45.0936 
11.1739 11.1739 48.9547 49.8758 
6.28846 9.27958 0 1.1711 11.3281 
0 2.0067 0 0 0.443185 19.3616 0 
19.6104 7.17252 68.8905 45.0936 
11.1739 11.1739 48.9547 49.8758 
6.28846 9.27958 0 1.1711 11.3281 
0 2.0067 0 0 0.443185 19.3616 0 
19.6104 7.17252 68.8905 45.0936 
11.1739 11.1739 48.9547 49.8758 
6.28846 9.27958 0 1.1711 11.3281 
0 2.0067 0 0 0.443185 19.3616 0 
19.6104 7.17252 68.8905 45.0936 
11.1739 11.1739 48.9547 49.8758 
6.28846 9.27958 0 1.1711 11.3281 
0 2.0067 0 0 0.443185 19.3616 0 
Estimating row 128 out of 308 for hessian
19.6104 7.17252 68.8905 45.0936 
11.1739 11.1739 48.9547 49.8758 
6.28846 9.27958 0 1.1711 11.3281 
0 2.0067 0 0 0.443185 19.3616 0 
19.6104 7.17252 68.8905 45.0936 
11.1739 11.1739 48.9547 49.8758 
6.28846 9.27958 0 1.1711 11.3281 
0 2.0067 0 0 0.443185 19.3616 0 
19.6104 7.17252 68.8905 45.0936 
11.1739 11.1739 48.9547 49.8758 
6.28846 9.27958 0 1.1711 11.3281 
0 2.0067 0 0 0.443185 19.3616 0 
19.6104 7.17252 68.8905 45.0936 
11.1739 11.1739 48.9547 49.8758 
6.28846 9.27958 0 1.1711 11.3281 
0 2.0067 0 0 0.443185 19.3616 0 
Estimating row 129 out of 308 for hessian
19.6104 7.17252 68.8905 45.0936 
11.1739 11.1739 48.9547 49.8758 
6.28846 9.27958 0 1.1711 11.3281 
0 2.0067 0 0 0.443185 19.3616 0 
19.6104 7.17252 68.8905 45.0936 
11.1739 11.1739 48.9547 49.8758 
6.28846 9.27958 0 1.1711 11.3281 
0 2.0067 0 0 0.443185 19.3616 0 
19.6104 7.17252 68.8905 45.0936 
11.1739 11.1739 48.9547 49.8758 
6.28846 9.27958 0 1.1711 11.3281 
0 2.0067 0 0 0.443185 19.3616 0 
19.6104 7.17252 68.8905 45.0936 
11.1739 11.1739 48.9547 49.8758 
6.28846 9.27958 0 1.1711 11.3281 
0 2.0067 0 0 0.443185 19.3616 0 
Estimating row 130 out of 308 for hessian
19.6104 7.17252 68.8905 45.0936 
11.1739 11.1739 48.9547 49.8758 
6.28846 9.27958 0 1.1711 11.3281 
0 2.0067 0 0 0.443185 19.3616 0 
19.6104 7.17252 68.8905 45.0936 
11.1739 11.1739 48.9547 49.8758 
6.28846 9.27958 0 1.1711 11.3281 
0 2.0067 0 0 0.443185 19.3616 0 
19.6104 7.17252 68.8905 45.0936 
11.1739 11.1739 48.9547 49.8758 
6.28846 9.27958 0 1.1711 11.3281 
0 2.0067 0 0 0.443185 19.3616 0 
19.6104 7.17252 68.8905 45.0936 
11.1739 11.1739 48.9547 49.8758 
6.28846 9.27958 0 1.1711 11.3281 
0 2.0067 0 0 0.443185 19.3616 0 
Estimating row 131 out of 308 for hessian
19.6104 7.17252 68.8905 45.0936 
11.1739 11.1739 48.9547 49.8758 
6.28846 9.27958 0 1.1711 11.3281 
0 2.0067 0 0 0.443185 19.3616 0 
19.6104 7.17252 68.8905 45.0936 
11.1739 11.1739 48.9547 49.8758 
6.28846 9.27958 0 1.1711 11.3281 
0 2.0067 0 0 0.443185 19.3616 0 
19.6104 7.17252 68.8905 45.0936 
11.1739 11.1739 48.9547 49.8758 
6.28846 9.27958 0 1.1711 11.3281 
0 2.0067 0 0 0.443185 19.3616 0 
19.6104 7.17252 68.8905 45.0936 
11.1739 11.1739 48.9547 49.8758 
6.28846 9.27958 0 1.1711 11.3281 
0 2.0067 0 0 0.443185 19.3616 0 
Estimating row 132 out of 308 for hessian
19.6104 7.17252 68.8905 45.0936 
11.1739 11.1739 48.9547 49.8758 
6.28846 9.27958 0 1.1711 11.3281 
0 2.0067 0 0 0.443185 19.3616 0 
19.6104 7.17252 68.8905 45.0936 
11.1739 11.1739 48.9547 49.8758 
6.28846 9.27958 0 1.1711 11.3281 
0 2.0067 0 0 0.443185 19.3616 0 
19.6104 7.17252 68.8905 45.0936 
11.1739 11.1739 48.9547 49.8758 
6.28846 9.27958 0 1.1711 11.3281 
0 2.0067 0 0 0.443185 19.3616 0 
19.6104 7.17252 68.8905 45.0936 
11.1739 11.1739 48.9547 49.8758 
6.28846 9.27958 0 1.1711 11.3281 
0 2.0067 0 0 0.443185 19.3616 0 
Estimating row 133 out of 308 for hessian
19.6104 7.17252 68.8905 45.0936 
11.1739 11.1739 48.9547 49.8758 
6.28846 9.27958 0 1.1711 11.3281 
0 2.0067 0 0 0.443185 19.3616 0 
19.6104 7.17252 68.8905 45.0936 
11.1739 11.1739 48.9547 49.8758 
6.28846 9.27958 0 1.1711 11.3281 
0 2.0067 0 0 0.443185 19.3616 0 
19.6104 7.17252 68.8905 45.0936 
11.1739 11.1739 48.9547 49.8758 
6.28846 9.27958 0 1.1711 11.3281 
0 2.0067 0 0 0.443185 19.3616 0 
19.6104 7.17252 68.8905 45.0936 
11.1739 11.1739 48.9547 49.8758 
6.28846 9.27958 0 1.1711 11.3281 
0 2.0067 0 0 0.443185 19.3616 0 
Estimating row 134 out of 308 for hessian
19.6104 7.17252 68.8905 45.0936 
11.1739 11.1739 48.9547 49.8758 
6.28846 9.27958 0 1.1711 11.3281 
0 2.0067 0 0 0.443185 19.3616 0 
19.6104 7.17252 68.8905 45.0936 
11.1739 11.1739 48.9547 49.8758 
6.28846 9.27958 0 1.1711 11.3281 
0 2.0067 0 0 0.443185 19.3616 0 
19.6104 7.17252 68.8905 45.0936 
11.1739 11.1739 48.9547 49.8758 
6.28846 9.27958 0 1.1711 11.3281 
0 2.0067 0 0 0.443185 19.3616 0 
19.6104 7.17252 68.8905 45.0936 
11.1739 11.1739 48.9547 49.8758 
6.28846 9.27958 0 1.1711 11.3281 
0 2.0067 0 0 0.443185 19.3616 0 
Estimating row 135 out of 308 for hessian
19.6104 7.17252 68.8905 45.0936 
11.1739 11.1739 48.9547 49.8758 
6.28846 9.27958 0 1.1711 11.3281 
0 2.0067 0 0 0.443185 19.3616 0 
19.6104 7.17252 68.8905 45.0936 
11.1739 11.1739 48.9547 49.8758 
6.28846 9.27958 0 1.1711 11.3281 
0 2.0067 0 0 0.443185 19.3616 0 
19.6104 7.17252 68.8905 45.0936 
11.1739 11.1739 48.9547 49.8758 
6.28846 9.27958 0 1.1711 11.3281 
0 2.0067 0 0 0.443185 19.3616 0 
19.6104 7.17252 68.8905 45.0936 
11.1739 11.1739 48.9547 49.8758 
6.28846 9.27958 0 1.1711 11.3281 
0 2.0067 0 0 0.443185 19.3616 0 
Estimating row 136 out of 308 for hessian
19.6104 7.17252 68.8905 45.0936 
11.1739 11.1739 48.9547 49.8758 
6.28846 9.27958 0 1.1711 11.3281 
0 2.0067 0 0 0.443185 19.3616 0 
19.6104 7.17252 68.8905 45.0936 
11.1739 11.1739 48.9547 49.8758 
6.28846 9.27958 0 1.1711 11.3281 
0 2.0067 0 0 0.443185 19.3616 0 
19.6104 7.17252 68.8905 45.0936 
11.1739 11.1739 48.9547 49.8758 
6.28846 9.27958 0 1.1711 11.3281 
0 2.0067 0 0 0.443185 19.3616 0 
19.6104 7.17252 68.8905 45.0936 
11.1739 11.1739 48.9547 49.8758 
6.28846 9.27958 0 1.1711 11.3281 
0 2.0067 0 0 0.443185 19.3616 0 
Estimating row 137 out of 308 for hessian
19.6104 7.17252 68.8905 45.0936 
11.1739 11.1739 48.9547 49.8758 
6.28846 9.27958 0 1.1711 11.3281 
0 2.0067 0 0 0.443185 19.3616 0 
19.6104 7.17252 68.8905 45.0936 
11.1739 11.1739 48.9547 49.8758 
6.28846 9.27958 0 1.1711 11.3281 
0 2.0067 0 0 0.443185 19.3616 0 
19.6104 7.17252 68.8905 45.0936 
11.1739 11.1739 48.9547 49.8758 
6.28846 9.27958 0 1.1711 11.3281 
0 2.0067 0 0 0.443185 19.3616 0 
19.6104 7.17252 68.8905 45.0936 
11.1739 11.1739 48.9547 49.8758 
6.28846 9.27958 0 1.1711 11.3281 
0 2.0067 0 0 0.443185 19.3616 0 
Estimating row 138 out of 308 for hessian
19.6104 7.17252 68.8905 45.0936 
11.1739 11.1739 48.9547 49.8758 
6.28846 9.27958 0 1.1711 11.3281 
0 2.0067 0 0 0.443185 19.3616 0 
19.6104 7.17252 68.8905 45.0936 
11.1739 11.1739 48.9547 49.8758 
6.28846 9.27958 0 1.1711 11.3281 
0 2.0067 0 0 0.443185 19.3616 0 
19.6104 7.17252 68.8905 45.0936 
11.1739 11.1739 48.9547 49.8758 
6.28846 9.27958 0 1.1711 11.3281 
0 2.0067 0 0 0.443185 19.3616 0 
19.6104 7.17252 68.8905 45.0936 
11.1739 11.1739 48.9547 49.8758 
6.28846 9.27958 0 1.1711 11.3281 
0 2.0067 0 0 0.443185 19.3616 0 
Estimating row 139 out of 308 for hessian
19.6104 7.17252 68.8905 45.0936 
11.1739 11.1739 48.9547 49.8758 
6.28846 9.27958 0 1.1711 11.3281 
0 2.0067 0 0 0.443185 19.3616 0 
19.6104 7.17252 68.8905 45.0936 
11.1739 11.1739 48.9547 49.8758 
6.28846 9.27958 0 1.1711 11.3281 
0 2.0067 0 0 0.443185 19.3616 0 
19.6104 7.17252 68.8905 45.0936 
11.1739 11.1739 48.9547 49.8758 
6.28846 9.27958 0 1.1711 11.3281 
0 2.0067 0 0 0.443185 19.3616 0 
19.6104 7.17252 68.8905 45.0936 
11.1739 11.1739 48.9547 49.8758 
6.28846 9.27958 0 1.1711 11.3281 
0 2.0067 0 0 0.443185 19.3616 0 
Estimating row 140 out of 308 for hessian
19.6104 7.17252 68.8905 45.0936 
11.1739 11.1739 48.9547 49.8758 
6.28846 9.27958 0 1.1711 11.3281 
0 2.0067 0 0 0.443185 19.3616 0 
19.6104 7.17252 68.8905 45.0936 
11.1739 11.1739 48.9547 49.8758 
6.28846 9.27958 0 1.1711 11.3281 
0 2.0067 0 0 0.443185 19.3616 0 
19.6104 7.17252 68.8905 45.0936 
11.1739 11.1739 48.9547 49.8758 
6.28846 9.27958 0 1.1711 11.3281 
0 2.0067 0 0 0.443185 19.3616 0 
19.6104 7.17252 68.8905 45.0936 
11.1739 11.1739 48.9547 49.8758 
6.28846 9.27958 0 1.1711 11.3281 
0 2.0067 0 0 0.443185 19.3616 0 
Estimating row 141 out of 308 for hessian
19.6104 7.17252 68.8905 45.0936 
11.1739 11.1739 48.9547 49.8758 
6.28846 9.27958 0 1.1711 11.3281 
0 2.0067 0 0 0.443185 19.3616 0 
19.6104 7.17252 68.8905 45.0936 
11.1739 11.1739 48.9547 49.8758 
6.28846 9.27958 0 1.1711 11.3281 
0 2.0067 0 0 0.443185 19.3616 0 
19.6104 7.17252 68.8905 45.0936 
11.1739 11.1739 48.9547 49.8758 
6.28846 9.27958 0 1.1711 11.3281 
0 2.0067 0 0 0.443185 19.3616 0 
19.6104 7.17252 68.8905 45.0936 
11.1739 11.1739 48.9547 49.8758 
6.28846 9.27958 0 1.1711 11.3281 
0 2.0067 0 0 0.443185 19.3616 0 
Estimating row 142 out of 308 for hessian
19.6104 7.17252 68.8905 45.0936 
11.1739 11.1739 48.9547 49.8758 
6.28846 9.27958 0 1.1711 11.3281 
0 2.0067 0 0 0.443185 19.3616 0 
19.6104 7.17252 68.8905 45.0936 
11.1739 11.1739 48.9547 49.8758 
6.28846 9.27958 0 1.1711 11.3281 
0 2.0067 0 0 0.443185 19.3616 0 
19.6104 7.17252 68.8905 45.0936 
11.1739 11.1739 48.9547 49.8758 
6.28846 9.27958 0 1.1711 11.3281 
0 2.0067 0 0 0.443185 19.3616 0 
19.6104 7.17252 68.8905 45.0936 
11.1739 11.1739 48.9547 49.8758 
6.28846 9.27958 0 1.1711 11.3281 
0 2.0067 0 0 0.443185 19.3616 0 
Estimating row 143 out of 308 for hessian
19.6104 7.17252 68.8905 45.0936 
11.1739 11.1739 48.9547 49.8758 
6.28846 9.27958 0 1.1711 11.3281 
0 2.0067 0 0 0.443185 19.3616 0 
19.6104 7.17252 68.8905 45.0936 
11.1739 11.1739 48.9547 49.8758 
6.28846 9.27958 0 1.1711 11.3281 
0 2.0067 0 0 0.443185 19.3616 0 
19.6104 7.17252 68.8905 45.0936 
11.1739 11.1739 48.9547 49.8758 
6.28846 9.27958 0 1.1711 11.3281 
0 2.0067 0 0 0.443185 19.3616 0 
19.6104 7.17252 68.8905 45.0936 
11.1739 11.1739 48.9547 49.8758 
6.28846 9.27958 0 1.1711 11.3281 
0 2.0067 0 0 0.443185 19.3616 0 
Estimating row 144 out of 308 for hessian
19.6104 7.17252 68.8905 45.0936 
11.1739 11.1739 48.9547 49.8758 
6.28846 9.27958 0 1.1711 11.3281 
0 2.0067 0 0 0.443185 19.3616 0 
19.6104 7.17252 68.8905 45.0936 
11.1739 11.1739 48.9547 49.8758 
6.28846 9.27958 0 1.1711 11.3281 
0 2.0067 0 0 0.443185 19.3616 0 
19.6104 7.17252 68.8905 45.0936 
11.1739 11.1739 48.9547 49.8758 
6.28846 9.27958 0 1.1711 11.3281 
0 2.0067 0 0 0.443185 19.3616 0 
19.6104 7.17252 68.8905 45.0936 
11.1739 11.1739 48.9547 49.8758 
6.28846 9.27958 0 1.1711 11.3281 
0 2.0067 0 0 0.443185 19.3616 0 
Estimating row 145 out of 308 for hessian
19.6104 7.17252 68.8905 45.0936 
11.1739 11.1739 48.9547 49.8758 
6.28846 9.27958 0 1.1711 11.3281 
0 2.0067 0 0 0.443185 19.3616 0 
19.6104 7.17252 68.8905 45.0936 
11.1739 11.1739 48.9547 49.8758 
6.28846 9.27958 0 1.1711 11.3281 
0 2.0067 0 0 0.443185 19.3616 0 
19.6104 7.17252 68.8905 45.0936 
11.1739 11.1739 48.9547 49.8758 
6.28846 9.27958 0 1.1711 11.3281 
0 2.0067 0 0 0.443185 19.3616 0 
19.6104 7.17252 68.8905 45.0936 
11.1739 11.1739 48.9547 49.8758 
6.28846 9.27958 0 1.1711 11.3281 
0 2.0067 0 0 0.443185 19.3616 0 
Estimating row 146 out of 308 for hessian
19.6104 7.17252 68.8905 45.0936 
11.1739 11.1739 48.9547 49.8758 
6.28846 9.27958 0 1.1711 11.3281 
0 2.0067 0 0 0.443185 19.3616 0 
19.6104 7.17252 68.8905 45.0936 
11.1739 11.1739 48.9547 49.8758 
6.28846 9.27958 0 1.1711 11.3281 
0 2.0067 0 0 0.443185 19.3616 0 
19.6104 7.17252 68.8905 45.0936 
11.1739 11.1739 48.9547 49.8758 
6.28846 9.27958 0 1.1711 11.3281 
0 2.0067 0 0 0.443185 19.3616 0 
19.6104 7.17252 68.8905 45.0936 
11.1739 11.1739 48.9547 49.8758 
6.28846 9.27958 0 1.1711 11.3281 
0 2.0067 0 0 0.443185 19.3616 0 
Estimating row 147 out of 308 for hessian
19.6104 7.17252 68.8905 45.0936 
11.1739 11.1739 48.9547 49.8758 
6.28846 9.27958 0 1.1711 11.3281 
0 2.0067 0 0 0.443185 19.3616 0 
19.6104 7.17252 68.8905 45.0936 
11.1739 11.1739 48.9547 49.8758 
6.28846 9.27958 0 1.1711 11.3281 
0 2.0067 0 0 0.443185 19.3616 0 
19.6104 7.17252 68.8905 45.0936 
11.1739 11.1739 48.9547 49.8758 
6.28846 9.27958 0 1.1711 11.3281 
0 2.0067 0 0 0.443185 19.3616 0 
19.6104 7.17252 68.8905 45.0936 
11.1739 11.1739 48.9547 49.8758 
6.28846 9.27958 0 1.1711 11.3281 
0 2.0067 0 0 0.443185 19.3616 0 
Estimating row 148 out of 308 for hessian
19.6104 7.17252 68.8905 45.0936 
11.1739 11.1739 48.9547 49.8758 
6.28846 9.27958 0 1.1711 11.3281 
0 2.0067 0 0 0.443185 19.3616 0 
19.6104 7.17252 68.8905 45.0936 
11.1739 11.1739 48.9547 49.8758 
6.28846 9.27958 0 1.1711 11.3281 
0 2.0067 0 0 0.443185 19.3616 0 
19.6104 7.17252 68.8905 45.0936 
11.1739 11.1739 48.9547 49.8758 
6.28846 9.27958 0 1.1711 11.3281 
0 2.0067 0 0 0.443185 19.3616 0 
19.6104 7.17252 68.8905 45.0936 
11.1739 11.1739 48.9547 49.8758 
6.28846 9.27958 0 1.1711 11.3281 
0 2.0067 0 0 0.443185 19.3616 0 
Estimating row 149 out of 308 for hessian
19.6104 7.17252 68.8905 45.0936 
11.1739 11.1739 48.9547 49.8758 
6.28846 9.27958 0 1.1711 11.3281 
0 2.0067 0 0 0.443185 19.3616 0 
19.6104 7.17252 68.8905 45.0936 
11.1739 11.1739 48.9547 49.8758 
6.28846 9.27958 0 1.1711 11.3281 
0 2.0067 0 0 0.443185 19.3616 0 
19.6104 7.17252 68.8905 45.0936 
11.1739 11.1739 48.9547 49.8758 
6.28846 9.27958 0 1.1711 11.3281 
0 2.0067 0 0 0.443185 19.3616 0 
19.6104 7.17252 68.8905 45.0936 
11.1739 11.1739 48.9547 49.8758 
6.28846 9.27958 0 1.1711 11.3281 
0 2.0067 0 0 0.443185 19.3616 0 
Estimating row 150 out of 308 for hessian
19.6104 7.17252 68.8905 45.0936 
11.1739 11.1739 48.9547 49.8758 
6.28846 9.27958 0 1.1711 11.3281 
0 2.0067 0 0 0.443185 19.3616 0 
19.6104 7.17252 68.8905 45.0936 
11.1739 11.1739 48.9547 49.8758 
6.28846 9.27958 0 1.1711 11.3281 
0 2.0067 0 0 0.443185 19.3616 0 
19.6104 7.17252 68.8905 45.0936 
11.1739 11.1739 48.9547 49.8758 
6.28846 9.27958 0 1.1711 11.3281 
0 2.0067 0 0 0.443185 19.3616 0 
19.6104 7.17252 68.8905 45.0936 
11.1739 11.1739 48.9547 49.8758 
6.28846 9.27958 0 1.1711 11.3281 
0 2.0067 0 0 0.443185 19.3616 0 
Estimating row 151 out of 308 for hessian
19.6104 7.17252 68.8905 45.0936 
11.1739 11.1739 48.9547 49.8758 
6.28846 9.27958 0 1.1711 11.3281 
0 2.0067 0 0 0.443185 19.3616 0 
19.6104 7.17252 68.8905 45.0936 
11.1739 11.1739 48.9547 49.8758 
6.28846 9.27958 0 1.1711 11.3281 
0 2.0067 0 0 0.443185 19.3616 0 
19.6104 7.17252 68.8905 45.0936 
11.1739 11.1739 48.9547 49.8758 
6.28846 9.27958 0 1.1711 11.3281 
0 2.0067 0 0 0.443185 19.3616 0 
19.6104 7.17252 68.8905 45.0936 
11.1739 11.1739 48.9547 49.8758 
6.28846 9.27958 0 1.1711 11.3281 
0 2.0067 0 0 0.443185 19.3616 0 
Estimating row 152 out of 308 for hessian
19.6104 7.17252 68.8905 45.0936 
11.1739 11.1739 48.9547 49.8758 
6.28846 9.27958 0 1.1711 11.3281 
0 2.0067 0 0 0.443185 19.3616 0 
19.6104 7.17252 68.8905 45.0936 
11.1739 11.1739 48.9547 49.8758 
6.28846 9.27958 0 1.1711 11.3281 
0 2.0067 0 0 0.443185 19.3616 0 
19.6104 7.17252 68.8905 45.0936 
11.1739 11.1739 48.9547 49.8758 
6.28846 9.27958 0 1.1711 11.3281 
0 2.0067 0 0 0.443185 19.3616 0 
19.6104 7.17252 68.8905 45.0936 
11.1739 11.1739 48.9547 49.8758 
6.28846 9.27958 0 1.1711 11.3281 
0 2.0067 0 0 0.443185 19.3616 0 
Estimating row 153 out of 308 for hessian
19.6104 7.17252 68.8905 45.0936 
11.1739 11.1739 48.9547 49.8758 
6.28846 9.27958 0 1.1711 11.3281 
0 2.0067 0 0 0.443185 19.3616 0 
19.6104 7.17252 68.8905 45.0936 
11.1739 11.1739 48.9547 49.8758 
6.28846 9.27958 0 1.1711 11.3281 
0 2.0067 0 0 0.443185 19.3616 0 
19.6104 7.17252 68.8905 45.0936 
11.1739 11.1739 48.9547 49.8758 
6.28846 9.27958 0 1.1711 11.3281 
0 2.0067 0 0 0.443185 19.3616 0 
19.6104 7.17252 68.8905 45.0936 
11.1739 11.1739 48.9547 49.8758 
6.28846 9.27958 0 1.1711 11.3281 
0 2.0067 0 0 0.443185 19.3616 0 
Estimating row 154 out of 308 for hessian
19.6104 7.17252 68.8905 45.0936 
11.1739 11.1739 48.9547 49.8758 
6.28846 9.27958 0 1.1711 11.3281 
0 2.0067 0 0 0.443185 19.3616 0 
19.6104 7.17252 68.8905 45.0936 
11.1739 11.1739 48.9547 49.8758 
6.28846 9.27958 0 1.1711 11.3281 
0 2.0067 0 0 0.443185 19.3616 0 
19.6104 7.17252 68.8905 45.0936 
11.1739 11.1739 48.9547 49.8758 
6.28846 9.27958 0 1.1711 11.3281 
0 2.0067 0 0 0.443185 19.3616 0 
19.6104 7.17252 68.8905 45.0936 
11.1739 11.1739 48.9547 49.8758 
6.28846 9.27958 0 1.1711 11.3281 
0 2.0067 0 0 0.443185 19.3616 0 
Estimating row 155 out of 308 for hessian
19.6104 7.17252 68.8905 45.0936 
11.1739 11.1739 48.9547 49.8758 
6.28846 9.27958 0 1.1711 11.3281 
0 2.0067 0 0 0.443185 19.3616 0 
19.6104 7.17252 68.8905 45.0936 
11.1739 11.1739 48.9547 49.8758 
6.28846 9.27958 0 1.1711 11.3281 
0 2.0067 0 0 0.443185 19.3616 0 
19.6104 7.17252 68.8905 45.0936 
11.1739 11.1739 48.9547 49.8758 
6.28846 9.27958 0 1.1711 11.3281 
0 2.0067 0 0 0.443185 19.3616 0 
19.6104 7.17252 68.8905 45.0936 
11.1739 11.1739 48.9547 49.8758 
6.28846 9.27958 0 1.1711 11.3281 
0 2.0067 0 0 0.443185 19.3616 0 
Estimating row 156 out of 308 for hessian
19.6104 7.17252 68.8905 45.0936 
11.1739 11.1739 48.9547 49.8758 
6.28846 9.27958 0 1.1711 11.3281 
0 2.0067 0 0 0.443185 19.3616 0 
19.6104 7.17252 68.8905 45.0936 
11.1739 11.1739 48.9547 49.8758 
6.28846 9.27958 0 1.1711 11.3281 
0 2.0067 0 0 0.443185 19.3616 0 
19.6104 7.17252 68.8905 45.0936 
11.1739 11.1739 48.9547 49.8758 
6.28846 9.27958 0 1.1711 11.3281 
0 2.0067 0 0 0.443185 19.3616 0 
19.6104 7.17252 68.8905 45.0936 
11.1739 11.1739 48.9547 49.8758 
6.28846 9.27958 0 1.1711 11.3281 
0 2.0067 0 0 0.443185 19.3616 0 
Estimating row 157 out of 308 for hessian
19.6104 7.17252 68.8905 45.0936 
11.1739 11.1739 48.9547 49.8758 
6.28846 9.27958 0 1.1711 11.3281 
0 2.0067 0 0 0.443185 19.3616 0 
19.6104 7.17252 68.8905 45.0936 
11.1739 11.1739 48.9547 49.8758 
6.28846 9.27958 0 1.1711 11.3281 
0 2.0067 0 0 0.443185 19.3616 0 
19.6104 7.17252 68.8905 45.0936 
11.1739 11.1739 48.9547 49.8758 
6.28846 9.27958 0 1.1711 11.3281 
0 2.0067 0 0 0.443185 19.3616 0 
19.6104 7.17252 68.8905 45.0936 
11.1739 11.1739 48.9547 49.8758 
6.28846 9.27958 0 1.1711 11.3281 
0 2.0067 0 0 0.443185 19.3616 0 
Estimating row 158 out of 308 for hessian
19.6104 7.17252 68.8905 45.0936 
11.1739 11.1739 48.9547 49.8758 
6.28846 9.27958 0 1.1711 11.3281 
0 2.0067 0 0 0.443185 19.3616 0 
19.6104 7.17252 68.8905 45.0936 
11.1739 11.1739 48.9547 49.8758 
6.28846 9.27958 0 1.1711 11.3281 
0 2.0067 0 0 0.443185 19.3616 0 
19.6104 7.17252 68.8905 45.0936 
11.1739 11.1739 48.9547 49.8758 
6.28846 9.27958 0 1.1711 11.3281 
0 2.0067 0 0 0.443185 19.3616 0 
19.6104 7.17252 68.8905 45.0936 
11.1739 11.1739 48.9547 49.8758 
6.28846 9.27958 0 1.1711 11.3281 
0 2.0067 0 0 0.443185 19.3616 0 
Estimating row 159 out of 308 for hessian
19.6104 7.17252 68.8905 45.0936 
11.1739 11.1739 48.9547 49.8758 
6.28846 9.27958 0 1.1711 11.3281 
0 2.0067 0 0 0.443185 19.3616 0 
19.6104 7.17252 68.8905 45.0936 
11.1739 11.1739 48.9547 49.8758 
6.28846 9.27958 0 1.1711 11.3281 
0 2.0067 0 0 0.443185 19.3616 0 
19.6104 7.17252 68.8905 45.0936 
11.1739 11.1739 48.9547 49.8758 
6.28846 9.27958 0 1.1711 11.3281 
0 2.0067 0 0 0.443185 19.3616 0 
19.6104 7.17252 68.8905 45.0936 
11.1739 11.1739 48.9547 49.8758 
6.28846 9.27958 0 1.1711 11.3281 
0 2.0067 0 0 0.443185 19.3616 0 
Estimating row 160 out of 308 for hessian
19.6104 7.17252 68.8905 45.0936 
11.1739 11.1739 48.9547 49.8758 
6.28846 9.27958 0 1.1711 11.3281 
0 2.0067 0 0 0.443185 19.3616 0 
19.6104 7.17252 68.8905 45.0936 
11.1739 11.1739 48.9547 49.8758 
6.28846 9.27958 0 1.1711 11.3281 
0 2.0067 0 0 0.443185 19.3616 0 
19.6104 7.17252 68.8905 45.0936 
11.1739 11.1739 48.9547 49.8758 
6.28846 9.27958 0 1.1711 11.3281 
0 2.0067 0 0 0.443185 19.3616 0 
19.6104 7.17252 68.8905 45.0936 
11.1739 11.1739 48.9547 49.8758 
6.28846 9.27958 0 1.1711 11.3281 
0 2.0067 0 0 0.443185 19.3616 0 
Estimating row 161 out of 308 for hessian
19.6104 7.17252 68.8905 45.0936 
11.1739 11.1739 48.9547 49.8758 
6.28846 9.27958 0 1.1711 11.3281 
0 2.0067 0 0 0.443185 19.3616 0 
19.6104 7.17252 68.8905 45.0936 
11.1739 11.1739 48.9547 49.8758 
6.28846 9.27958 0 1.1711 11.3281 
0 2.0067 0 0 0.443185 19.3616 0 
19.6104 7.17252 68.8905 45.0936 
11.1739 11.1739 48.9547 49.8758 
6.28846 9.27958 0 1.1711 11.3281 
0 2.0067 0 0 0.443185 19.3616 0 
19.6104 7.17252 68.8905 45.0936 
11.1739 11.1739 48.9547 49.8758 
6.28846 9.27958 0 1.1711 11.3281 
0 2.0067 0 0 0.443185 19.3616 0 
Estimating row 162 out of 308 for hessian
19.6104 7.17252 68.8905 45.0936 
11.1739 11.1739 48.9547 49.8758 
6.28846 9.27958 0 1.1711 11.3281 
0 2.0067 0 0 0.443185 19.3616 0 
19.6104 7.17252 68.8905 45.0936 
11.1739 11.1739 48.9547 49.8758 
6.28846 9.27958 0 1.1711 11.3281 
0 2.0067 0 0 0.443185 19.3616 0 
19.6104 7.17252 68.8905 45.0936 
11.1739 11.1739 48.9547 49.8758 
6.28846 9.27958 0 1.1711 11.3281 
0 2.0067 0 0 0.443185 19.3616 0 
19.6104 7.17252 68.8905 45.0936 
11.1739 11.1739 48.9547 49.8758 
6.28846 9.27958 0 1.1711 11.3281 
0 2.0067 0 0 0.443185 19.3616 0 
Estimating row 163 out of 308 for hessian
19.6104 7.17252 68.8905 45.0936 
11.1739 11.1739 48.9547 49.8758 
6.28846 9.27958 0 1.1711 11.3281 
0 2.0067 0 0 0.443185 19.3616 0 
19.6104 7.17252 68.8905 45.0936 
11.1739 11.1739 48.9547 49.8758 
6.28846 9.27958 0 1.1711 11.3281 
0 2.0067 0 0 0.443185 19.3616 0 
19.6104 7.17252 68.8905 45.0936 
11.1739 11.1739 48.9547 49.8758 
6.28846 9.27958 0 1.1711 11.3281 
0 2.0067 0 0 0.443185 19.3616 0 
19.6104 7.17252 68.8905 45.0936 
11.1739 11.1739 48.9547 49.8758 
6.28846 9.27958 0 1.1711 11.3281 
0 2.0067 0 0 0.443185 19.3616 0 
Estimating row 164 out of 308 for hessian
19.6104 7.17252 68.8905 45.0936 
11.1739 11.1739 48.9547 49.8758 
6.28846 9.27958 0 1.1711 11.3281 
0 2.0067 0 0 0.443185 19.3616 0 
19.6104 7.17252 68.8905 45.0936 
11.1739 11.1739 48.9547 49.8758 
6.28846 9.27958 0 1.1711 11.3281 
0 2.0067 0 0 0.443185 19.3616 0 
19.6104 7.17252 68.8905 45.0936 
11.1739 11.1739 48.9547 49.8758 
6.28846 9.27958 0 1.1711 11.3281 
0 2.0067 0 0 0.443185 19.3616 0 
19.6104 7.17252 68.8905 45.0936 
11.1739 11.1739 48.9547 49.8758 
6.28846 9.27958 0 1.1711 11.3281 
0 2.0067 0 0 0.443185 19.3616 0 
Estimating row 165 out of 308 for hessian
19.6104 7.17252 68.8905 45.0936 
11.1739 11.1739 48.9547 49.8758 
6.28846 9.27958 0 1.1711 11.3281 
0 2.0067 0 0 0.443185 19.3616 0 
19.6104 7.17252 68.8905 45.0936 
11.1739 11.1739 48.9547 49.8758 
6.28846 9.27958 0 1.1711 11.3281 
0 2.0067 0 0 0.443185 19.3616 0 
19.6104 7.17252 68.8905 45.0936 
11.1739 11.1739 48.9547 49.8758 
6.28846 9.27958 0 1.1711 11.3281 
0 2.0067 0 0 0.443185 19.3616 0 
19.6104 7.17252 68.8905 45.0936 
11.1739 11.1739 48.9547 49.8758 
6.28846 9.27958 0 1.1711 11.3281 
0 2.0067 0 0 0.443185 19.3616 0 
Estimating row 166 out of 308 for hessian
19.6104 7.17252 68.8905 45.0936 
11.1739 11.1739 48.9547 49.8758 
6.28846 9.27958 0 1.1711 11.3281 
0 2.0067 0 0 0.443185 19.3616 0 
19.6104 7.17252 68.8905 45.0936 
11.1739 11.1739 48.9547 49.8758 
6.28846 9.27958 0 1.1711 11.3281 
0 2.0067 0 0 0.443185 19.3616 0 
19.6104 7.17252 68.8905 45.0936 
11.1739 11.1739 48.9547 49.8758 
6.28846 9.27958 0 1.1711 11.3281 
0 2.0067 0 0 0.443185 19.3616 0 
19.6104 7.17252 68.8905 45.0936 
11.1739 11.1739 48.9547 49.8758 
6.28846 9.27958 0 1.1711 11.3281 
0 2.0067 0 0 0.443185 19.3616 0 
Estimating row 167 out of 308 for hessian
19.6104 7.17252 68.8905 45.0936 
11.1739 11.1739 48.9547 49.8758 
6.28846 9.27958 0 1.1711 11.3281 
0 2.0067 0 0 0.443185 19.3616 0 
19.6104 7.17252 68.8905 45.0936 
11.1739 11.1739 48.9547 49.8758 
6.28846 9.27958 0 1.1711 11.3281 
0 2.0067 0 0 0.443185 19.3616 0 
19.6104 7.17252 68.8905 45.0936 
11.1739 11.1739 48.9547 49.8758 
6.28846 9.27958 0 1.1711 11.3281 
0 2.0067 0 0 0.443185 19.3616 0 
19.6104 7.17252 68.8905 45.0936 
11.1739 11.1739 48.9547 49.8758 
6.28846 9.27958 0 1.1711 11.3281 
0 2.0067 0 0 0.443185 19.3616 0 
Estimating row 168 out of 308 for hessian
19.6104 7.17252 68.8905 45.0936 
11.1739 11.1739 48.9547 49.8758 
6.28846 9.27958 0 1.1711 11.3281 
0 2.0067 0 0 0.443185 19.3616 0 
19.6104 7.17252 68.8905 45.0936 
11.1739 11.1739 48.9547 49.8758 
6.28846 9.27958 0 1.1711 11.3281 
0 2.0067 0 0 0.443185 19.3616 0 
19.6104 7.17252 68.8905 45.0936 
11.1739 11.1739 48.9547 49.8758 
6.28846 9.27958 0 1.1711 11.3281 
0 2.0067 0 0 0.443185 19.3616 0 
19.6104 7.17252 68.8905 45.0936 
11.1739 11.1739 48.9547 49.8758 
6.28846 9.27958 0 1.1711 11.3281 
0 2.0067 0 0 0.443185 19.3616 0 
Estimating row 169 out of 308 for hessian
19.5999 7.18376 68.8908 45.0946 
11.1753 11.1753 48.9546 49.8758 
6.28846 9.27623 0 1.1711 11.3281 
0 2.0067 0 0 0.443185 19.3616 0 
19.6209 7.16131 68.8902 45.0926 
11.1725 11.1725 48.9548 49.8757 
6.28846 9.28295 0 1.1711 11.3281 
0 2.0067 0 0 0.443185 19.3616 0 
19.6093 7.17364 68.8905 45.0937 
11.174 11.174 48.9547 49.8758 
6.28846 9.27924 0 1.1711 11.3281 
0 2.0067 0 0 0.443185 19.3616 0 
19.6114 7.1714 68.8904 45.0935 
11.1737 11.1737 48.9547 49.8758 
6.28846 9.27991 0 1.1711 11.3281 
0 2.0067 0 0 0.443185 19.3616 0 
Estimating row 170 out of 308 for hessian
19.6109 7.17255 68.8907 45.0935 
11.173 11.173 48.9546 49.8757 
6.28846 9.2799 0 1.1711 11.3281 
0 2.0067 0 0 0.443185 19.3616 0 
19.6099 7.17249 68.8903 45.0936 
11.1747 11.1747 48.9548 49.8758 
6.28846 9.27925 0 1.1711 11.3281 
0 2.0067 0 0 0.443185 19.3616 0 
19.6104 7.17252 68.8905 45.0936 
11.1738 11.1738 48.9547 49.8758 
6.28846 9.27961 0 1.1711 11.3281 
0 2.0067 0 0 0.443185 19.3616 0 
19.6103 7.17252 68.8905 45.0936 
11.1739 11.1739 48.9547 49.8758 
6.28846 9.27954 0 1.1711 11.3281 
0 2.0067 0 0 0.443185 19.3616 0 
Estimating row 171 out of 308 for hessian
19.6108 7.1725 68.8903 45.0936 
11.1733 11.1733 48.9547 49.8757 
6.28846 9.27986 0 1.1711 11.3281 
0 2.0067 0 0 0.443185 19.3616 0 
19.61 7.17254 68.8906 45.0936 
11.1744 11.1744 48.9547 49.8758 
6.28846 9.27929 0 1.1711 11.3281 
0 2.0067 0 0 0.443185 19.3616 0 
19.6104 7.17252 68.8905 45.0936 
11.1738 11.1738 48.9547 49.8758 
6.28846 9.2796 0 1.1711 11.3281 
0 2.0067 0 0 0.443185 19.3616 0 
19.6104 7.17252 68.8905 45.0936 
11.1739 11.1739 48.9547 49.8758 
6.28846 9.27955 0 1.1711 11.3281 
0 2.0067 0 0 0.443185 19.3616 0 
Estimating row 172 out of 308 for hessian
19.6106 7.17251 68.8905 45.0934 
11.1736 11.1736 48.9546 49.8758 
6.28846 9.27976 0 1.1711 11.3281 
0 2.0067 0 0 0.443185 19.3616 0 
19.6102 7.17253 68.8904 45.0937 
11.1741 11.1741 48.9548 49.8758 
6.28846 9.27939 0 1.1711 11.3281 
0 2.0067 0 0 0.443185 19.3616 0 
19.6104 7.17252 68.8905 45.0936 
11.1738 11.1738 48.9547 49.8758 
6.28846 9.27959 0 1.1711 11.3281 
0 2.0067 0 0 0.443185 19.3616 0 
19.6104 7.17252 68.8905 45.0936 
11.1739 11.1739 48.9547 49.8758 
6.28846 9.27956 0 1.1711 11.3281 
0 2.0067 0 0 0.443185 19.3616 0 
Estimating row 173 out of 308 for hessian
19.6099 7.17261 68.8904 45.0937 
11.1739 11.1739 48.9549 49.8759 
6.28846 9.27959 0 1.1711 11.3281 
0 2.0067 0 0 0.443185 19.3616 0 
19.6109 7.17243 68.8905 45.0935 
11.1738 11.1738 48.9545 49.8757 
6.28846 9.27956 0 1.1711 11.3281 
0 2.0067 0 0 0.443185 19.3616 0 
19.6103 7.17253 68.8905 45.0936 
11.1739 11.1739 48.9547 49.8758 
6.28846 9.27958 0 1.1711 11.3281 
0 2.0067 0 0 0.443185 19.3616 0 
19.6104 7.17251 68.8905 45.0936 
11.1739 11.1739 48.9547 49.8758 
6.28846 9.27957 0 1.1711 11.3281 
0 2.0067 0 0 0.443185 19.3616 0 
Estimating row 174 out of 308 for hessian
19.6102 7.17247 68.8905 45.0938 
11.1741 11.1741 48.9545 49.8758 
6.28846 9.27952 0 1.1711 11.3281 
0 2.0067 0 0 0.443185 19.3616 0 
19.6106 7.17257 68.8905 45.0933 
11.1736 11.1736 48.9549 49.8757 
6.28846 9.27963 0 1.1711 11.3281 
0 2.0067 0 0 0.443185 19.3616 0 
19.6104 7.17251 68.8905 45.0936 
11.1739 11.1739 48.9547 49.8758 
6.28846 9.27957 0 1.1711 11.3281 
0 2.0067 0 0 0.443185 19.3616 0 
19.6104 7.17252 68.8905 45.0935 
11.1738 11.1738 48.9547 49.8758 
6.28846 9.27958 0 1.1711 11.3281 
0 2.0067 0 0 0.443185 19.3616 0 
Estimating row 175 out of 308 for hessian
19.6103 7.17245 68.8904 45.0938 
11.174 11.174 48.9548 49.8759 
6.28846 9.27925 0 1.1711 11.3281 
0 2.0067 0 0 0.443185 19.3616 0 
19.6105 7.17259 68.8905 45.0933 
11.1738 11.1738 48.9546 49.8757 
6.28846 9.2799 0 1.1711 11.3281 
0 2.0067 0 0 0.443185 19.3616 0 
19.6104 7.17251 68.8905 45.0936 
11.1739 11.1739 48.9547 49.8758 
6.28846 9.27954 0 1.1711 11.3281 
0 2.0067 0 0 0.443185 19.3616 0 
19.6104 7.17253 68.8905 45.0935 
11.1738 11.1738 48.9547 49.8758 
6.28846 9.27961 0 1.1711 11.3281 
0 2.0067 0 0 0.443185 19.3616 0 
Estimating row 176 out of 308 for hessian
19.6104 7.17245 68.8905 45.0937 
11.1739 11.1739 48.9547 49.8758 
6.28846 9.27944 0 1.1711 11.3281 
0 2.0067 0 0 0.443185 19.3616 0 
19.6104 7.17259 68.8905 45.0934 
11.1738 11.1738 48.9547 49.8758 
6.28846 9.27971 0 1.1711 11.3281 
0 2.0067 0 0 0.443185 19.3616 0 
19.6104 7.17251 68.8905 45.0936 
11.1739 11.1739 48.9547 49.8758 
6.28846 9.27956 0 1.1711 11.3281 
0 2.0067 0 0 0.443185 19.3616 0 
19.6104 7.17253 68.8905 45.0936 
11.1739 11.1739 48.9547 49.8758 
6.28846 9.27959 0 1.1711 11.3281 
0 2.0067 0 0 0.443185 19.3616 0 
Estimating row 177 out of 308 for hessian
19.6104 7.17248 68.8904 45.0937 
11.1739 11.1739 48.9547 49.8757 
6.28846 9.27948 0 1.1711 11.3281 
0 2.0067 0 0 0.443185 19.3616 0 
19.6104 7.17256 68.8905 45.0934 
11.1738 11.1738 48.9547 49.8758 
6.28846 9.27967 0 1.1711 11.3281 
0 2.0067 0 0 0.443185 19.3616 0 
19.6104 7.17252 68.8905 45.0936 
11.1739 11.1739 48.9547 49.8758 
6.28846 9.27957 0 1.1711 11.3281 
0 2.0067 0 0 0.443185 19.3616 0 
19.6104 7.17252 68.8905 45.0936 
11.1739 11.1739 48.9547 49.8758 
6.28846 9.27958 0 1.1711 11.3281 
0 2.0067 0 0 0.443185 19.3616 0 
Estimating row 178 out of 308 for hessian
19.6104 7.17261 68.8907 45.0935 
11.174 11.174 48.9548 49.8757 
6.28846 9.27933 0 1.1711 11.3281 
0 2.0067 0 0 0.443185 19.3616 0 
19.6104 7.17243 68.8903 45.0937 
11.1737 11.1737 48.9547 49.8759 
6.28846 9.27982 0 1.1711 11.3281 
0 2.0067 0 0 0.443185 19.3616 0 
19.6104 7.17253 68.8905 45.0936 
11.1739 11.1739 48.9547 49.8758 
6.28846 9.27955 0 1.1711 11.3281 
0 2.0067 0 0 0.443185 19.3616 0 
19.6104 7.17251 68.8905 45.0936 
11.1738 11.1738 48.9547 49.8758 
6.28846 9.2796 0 1.1711 11.3281 
0 2.0067 0 0 0.443185 19.3616 0 
Estimating row 179 out of 308 for hessian
19.6104 7.1726 68.8909 45.0933 
11.1738 11.1738 48.9547 49.8757 
6.28846 9.27944 0 1.1711 11.3281 
0 2.0067 0 0 0.443185 19.3616 0 
19.6104 7.17244 68.8901 45.0938 
11.1739 11.1739 48.9547 49.8759 
6.28846 9.27971 0 1.1711 11.3281 
0 2.0067 0 0 0.443185 19.3616 0 
19.6104 7.17253 68.8905 45.0936 
11.1739 11.1739 48.9547 49.8758 
6.28846 9.27956 0 1.1711 11.3281 
0 2.0067 0 0 0.443185 19.3616 0 
19.6104 7.17251 68.8904 45.0936 
11.1739 11.1739 48.9547 49.8758 
6.28846 9.27959 0 1.1711 11.3281 
0 2.0067 0 0 0.443185 19.3616 0 
Estimating row 180 out of 308 for hessian
19.6104 7.17254 68.89 45.0934 
11.1742 11.1742 48.9549 49.8758 
6.28846 9.27964 0 1.1711 11.3281 
0 2.0067 0 0 0.443185 19.3616 0 
19.6104 7.1725 68.8909 45.0937 
11.1736 11.1736 48.9545 49.8757 
6.28846 9.27951 0 1.1711 11.3281 
0 2.0067 0 0 0.443185 19.3616 0 
19.6104 7.17252 68.8904 45.0936 
11.1739 11.1739 48.9547 49.8758 
6.28846 9.27958 0 1.1711 11.3281 
0 2.0067 0 0 0.443185 19.3616 0 
19.6104 7.17252 68.8905 45.0936 
11.1738 11.1738 48.9547 49.8758 
6.28846 9.27957 0 1.1711 11.3281 
0 2.0067 0 0 0.443185 19.3616 0 
Estimating row 181 out of 308 for hessian
19.6105 7.17243 68.89 45.0936 
11.1743 11.1743 48.9547 49.8758 
6.28846 9.27957 0 1.1711 11.3281 
0 2.0067 0 0 0.443185 19.3616 0 
19.6103 7.17261 68.8909 45.0936 
11.1734 11.1734 48.9548 49.8757 
6.28846 9.27958 0 1.1711 11.3281 
0 2.0067 0 0 0.443185 19.3616 0 
19.6104 7.17251 68.8904 45.0936 
11.1739 11.1739 48.9547 49.8758 
6.28846 9.27957 0 1.1711 11.3281 
0 2.0067 0 0 0.443185 19.3616 0 
19.6104 7.17253 68.8905 45.0936 
11.1738 11.1738 48.9547 49.8758 
6.28846 9.27958 0 1.1711 11.3281 
0 2.0067 0 0 0.443185 19.3616 0 
Estimating row 182 out of 308 for hessian
19.6105 7.17238 68.8903 45.0936 
11.1741 11.1741 48.9547 49.8757 
6.28846 9.27954 0 1.1711 11.3281 
0 2.0067 0 0 0.443185 19.3616 0 
19.6103 7.17266 68.8906 45.0935 
11.1737 11.1737 48.9548 49.8758 
6.28846 9.27961 0 1.1711 11.3281 
0 2.0067 0 0 0.443185 19.3616 0 
19.6104 7.17251 68.8905 45.0936 
11.1739 11.1739 48.9547 49.8758 
6.28846 9.27957 0 1.1711 11.3281 
0 2.0067 0 0 0.443185 19.3616 0 
19.6104 7.17253 68.8905 45.0936 
11.1738 11.1738 48.9547 49.8758 
6.28846 9.27958 0 1.1711 11.3281 
0 2.0067 0 0 0.443185 19.3616 0 
Estimating row 183 out of 308 for hessian
19.6105 7.17235 68.8904 45.0936 
11.1741 11.1741 48.9547 49.8757 
6.28846 9.2795 0 1.1711 11.3281 
0 2.0067 0 0 0.443185 19.3616 0 
19.6102 7.17269 68.8906 45.0935 
11.1737 11.1737 48.9547 49.8758 
6.28846 9.27965 0 1.1711 11.3281 
0 2.0067 0 0 0.443185 19.3616 0 
19.6104 7.1725 68.8905 45.0936 
11.1739 11.1739 48.9547 49.8758 
6.28846 9.27957 0 1.1711 11.3281 
0 2.0067 0 0 0.443185 19.3616 0 
19.6104 7.17254 68.8905 45.0936 
11.1738 11.1738 48.9547 49.8758 
6.28846 9.27958 0 1.1711 11.3281 
0 2.0067 0 0 0.443185 19.3616 0 
Estimating row 184 out of 308 for hessian
19.6106 7.17233 68.8905 45.0935 
11.1741 11.1741 48.9547 49.8758 
6.28846 9.27943 0 1.1711 11.3281 
0 2.0067 0 0 0.443185 19.3616 0 
19.6102 7.17271 68.8905 45.0937 
11.1736 11.1736 48.9547 49.8757 
6.28846 9.27972 0 1.1711 11.3281 
0 2.0067 0 0 0.443185 19.3616 0 
19.6104 7.1725 68.8905 45.0936 
11.1739 11.1739 48.9547 49.8758 
6.28846 9.27956 0 1.1711 11.3281 
0 2.0067 0 0 0.443185 19.3616 0 
19.6104 7.17254 68.8905 45.0936 
11.1738 11.1738 48.9547 49.8758 
6.28846 9.27959 0 1.1711 11.3281 
0 2.0067 0 0 0.443185 19.3616 0 
Estimating row 185 out of 308 for hessian
19.6105 7.17238 68.8904 45.0935 
11.1741 11.1741 48.9547 49.8758 
6.28846 9.27948 0 1.1711 11.3281 
0 2.0067 0 0 0.443185 19.3616 0 
19.6103 7.17266 68.8905 45.0936 
11.1736 11.1736 48.9547 49.8757 
6.28846 9.27968 0 1.1711 11.3281 
0 2.0067 0 0 0.443185 19.3616 0 
19.6104 7.17251 68.8905 45.0936 
11.1739 11.1739 48.9547 49.8758 
6.28846 9.27957 0 1.1711 11.3281 
0 2.0067 0 0 0.443185 19.3616 0 
19.6104 7.17253 68.8905 45.0936 
11.1738 11.1738 48.9547 49.8758 
6.28846 9.27959 0 1.1711 11.3281 
0 2.0067 0 0 0.443185 19.3616 0 
Estimating row 186 out of 308 for hessian
19.6103 7.17244 68.8901 45.0938 
11.1741 11.1741 48.9548 49.8759 
6.28846 9.27951 0 1.1711 11.3281 
0 2.0067 0 0 0.443185 19.3616 0 
19.6105 7.1726 68.8908 45.0934 
11.1736 11.1736 48.9547 49.8756 
6.28846 9.27964 0 1.1711 11.3281 
0 2.0067 0 0 0.443185 19.3616 0 
19.6104 7.17251 68.8904 45.0936 
11.1739 11.1739 48.9547 49.8758 
6.28846 9.27957 0 1.1711 11.3281 
0 2.0067 0 0 0.443185 19.3616 0 
19.6104 7.17253 68.8905 45.0936 
11.1738 11.1738 48.9547 49.8758 
6.28846 9.27958 0 1.1711 11.3281 
0 2.0067 0 0 0.443185 19.3616 0 
Estimating row 187 out of 308 for hessian
19.6103 7.17244 68.8905 45.0937 
11.1739 11.1739 48.9548 49.8757 
6.28846 9.27952 0 1.1711 11.3281 
0 2.0067 0 0 0.443185 19.3616 0 
19.6105 7.1726 68.8905 45.0935 
11.1738 11.1738 48.9546 49.8758 
6.28846 9.27963 0 1.1711 11.3281 
0 2.0067 0 0 0.443185 19.3616 0 
19.6104 7.17251 68.8905 45.0936 
11.1739 11.1739 48.9547 49.8758 
6.28846 9.27957 0 1.1711 11.3281 
0 2.0067 0 0 0.443185 19.3616 0 
19.6104 7.17253 68.8905 45.0936 
11.1739 11.1739 48.9547 49.8758 
6.28846 9.27958 0 1.1711 11.3281 
0 2.0067 0 0 0.443185 19.3616 0 
Estimating row 188 out of 308 for hessian
19.6104 7.17244 68.8908 45.0934 
11.1738 11.1738 48.9548 49.8757 
6.28846 9.27961 0 1.1711 11.3281 
0 2.0067 0 0 0.443185 19.3616 0 
19.6104 7.1726 68.8902 45.0938 
11.1739 11.1739 48.9546 49.8759 
6.28846 9.27954 0 1.1711 11.3281 
0 2.0067 0 0 0.443185 19.3616 0 
19.6104 7.17251 68.8905 45.0936 
11.1739 11.1739 48.9547 49.8758 
6.28846 9.27958 0 1.1711 11.3281 
0 2.0067 0 0 0.443185 19.3616 0 
19.6104 7.17253 68.8904 45.0936 
11.1739 11.1739 48.9547 49.8758 
6.28846 9.27957 0 1.1711 11.3281 
0 2.0067 0 0 0.443185 19.3616 0 
Estimating row 189 out of 308 for hessian
19.6104 7.17246 68.8911 45.093 
11.1737 11.1737 48.9547 49.8757 
6.28846 9.27983 0 1.1711 11.3281 
0 2.0067 0 0 0.443185 19.3616 0 
19.6104 7.17257 68.8898 45.0942 
11.1741 11.1741 48.9547 49.8759 
6.28846 9.27932 0 1.1711 11.3281 
0 2.0067 0 0 0.443185 19.3616 0 
19.6104 7.17251 68.8905 45.0935 
11.1738 11.1738 48.9547 49.8758 
6.28846 9.2796 0 1.1711 11.3281 
0 2.0067 0 0 0.443185 19.3616 0 
19.6104 7.17253 68.8904 45.0936 
11.1739 11.1739 48.9547 49.8758 
6.28846 9.27955 0 1.1711 11.3281 
0 2.0067 0 0 0.443185 19.3616 0 
Estimating row 190 out of 308 for hessian
19.6103 7.17245 68.8906 45.0936 
11.1736 11.1736 48.9547 49.8757 
6.28846 9.27989 0 1.1711 11.3281 
0 2.0067 0 0 0.443185 19.3616 0 
19.6105 7.17259 68.8903 45.0936 
11.1741 11.1741 48.9547 49.8758 
6.28846 9.27926 0 1.1711 11.3281 
0 2.0067 0 0 0.443185 19.3616 0 
19.6104 7.17251 68.8905 45.0936 
11.1738 11.1738 48.9547 49.8758 
6.28846 9.27961 0 1.1711 11.3281 
0 2.0067 0 0 0.443185 19.3616 0 
19.6104 7.17253 68.8905 45.0936 
11.1739 11.1739 48.9547 49.8758 
6.28846 9.27954 0 1.1711 11.3281 
0 2.0067 0 0 0.443185 19.3616 0 
Estimating row 191 out of 308 for hessian
19.6104 7.17251 68.8905 45.0939 
11.1735 11.1735 48.9545 49.8758 
6.28846 9.27979 0 1.1711 11.3281 
0 2.0067 0 0 0.443185 19.3616 0 
19.6104 7.17253 68.8905 45.0932 
11.1742 11.1742 48.9549 49.8758 
6.28846 9.27936 0 1.1711 11.3281 
0 2.0067 0 0 0.443185 19.3616 0 
19.6104 7.17252 68.8905 45.0936 
11.1738 11.1738 48.9547 49.8758 
6.28846 9.2796 0 1.1711 11.3281 
0 2.0067 0 0 0.443185 19.3616 0 
19.6104 7.17252 68.8905 45.0935 
11.1739 11.1739 48.9547 49.8758 
6.28846 9.27955 0 1.1711 11.3281 
0 2.0067 0 0 0.443185 19.3616 0 
Estimating row 192 out of 308 for hessian
19.6105 7.17261 68.8903 45.0939 
11.1734 11.1734 48.9546 49.8758 
6.28846 9.27981 0 1.1711 11.3281 
0 2.0067 0 0 0.443185 19.3616 0 
19.6103 7.17243 68.8907 45.0932 
11.1743 11.1743 48.9548 49.8757 
6.28846 9.27934 0 1.1711 11.3281 
0 2.0067 0 0 0.443185 19.3616 0 
19.6104 7.17253 68.8905 45.0936 
11.1738 11.1738 48.9547 49.8758 
6.28846 9.2796 0 1.1711 11.3281 
0 2.0067 0 0 0.443185 19.3616 0 
19.6104 7.17251 68.8905 45.0935 
11.1739 11.1739 48.9547 49.8758 
6.28846 9.27955 0 1.1711 11.3281 
0 2.0067 0 0 0.443185 19.3616 0 
Estimating row 193 out of 308 for hessian
19.6105 7.17256 68.8902 45.0938 
11.1737 11.1737 48.9548 49.8757 
6.28846 9.27969 0 1.1711 11.3281 
0 2.0067 0 0 0.443185 19.3616 0 
19.6103 7.17248 68.8908 45.0934 
11.174 11.174 48.9547 49.8758 
6.28846 9.27946 0 1.1711 11.3281 
0 2.0067 0 0 0.443185 19.3616 0 
19.6104 7.17252 68.8904 45.0936 
11.1738 11.1738 48.9547 49.8758 
6.28846 9.27959 0 1.1711 11.3281 
0 2.0067 0 0 0.443185 19.3616 0 
19.6104 7.17252 68.8905 45.0936 
11.1739 11.1739 48.9547 49.8758 
6.28846 9.27956 0 1.1711 11.3281 
0 2.0067 0 0 0.443185 19.3616 0 
Estimating row 194 out of 308 for hessian
19.6105 7.17247 68.8905 45.0935 
11.1738 11.1738 48.9547 49.8758 
6.28846 9.27962 0 1.1711 11.3281 
0 2.0067 0 0 0.443185 19.3616 0 
19.6103 7.17257 68.8905 45.0936 
11.1739 11.1739 48.9547 49.8758 
6.28846 9.27953 0 1.1711 11.3281 
0 2.0067 0 0 0.443185 19.3616 0 
19.6104 7.17251 68.8905 45.0936 
11.1739 11.1739 48.9547 49.8758 
6.28846 9.27958 0 1.1711 11.3281 
0 2.0067 0 0 0.443185 19.3616 0 
19.6104 7.17253 68.8905 45.0936 
11.1739 11.1739 48.9547 49.8758 
6.28846 9.27957 0 1.1711 11.3281 
0 2.0067 0 0 0.443185 19.3616 0 
Estimating row 195 out of 308 for hessian
19.6103 7.1726 68.8906 45.0933 
11.1738 11.1738 48.9547 49.8759 
6.28846 9.27962 0 1.1711 11.3281 
0 2.0067 0 0 0.443185 19.3616 0 
19.6104 7.17244 68.8904 45.0938 
11.1739 11.1739 48.9547 49.8757 
6.28846 9.27953 0 1.1711 11.3281 
0 2.0067 0 0 0.443185 19.3616 0 
19.6104 7.17253 68.8905 45.0935 
11.1739 11.1739 48.9547 49.8758 
6.28846 9.27958 0 1.1711 11.3281 
0 2.0067 0 0 0.443185 19.3616 0 
19.6104 7.17251 68.8905 45.0936 
11.1739 11.1739 48.9547 49.8758 
6.28846 9.27957 0 1.1711 11.3281 
0 2.0067 0 0 0.443185 19.3616 0 
Estimating row 196 out of 308 for hessian
19.6099 7.17273 68.8911 45.0934 
11.1737 11.1737 48.9546 49.8758 
6.28846 9.27959 0 1.1711 11.3281 
0 2.0067 0 0 0.443185 19.3616 0 
19.6108 7.17231 68.8899 45.0937 
11.174 11.174 48.9548 49.8757 
6.28846 9.27956 0 1.1711 11.3281 
0 2.0067 0 0 0.443185 19.3616 0 
19.6103 7.17254 68.8905 45.0936 
11.1738 11.1738 48.9547 49.8758 
6.28846 9.27958 0 1.1711 11.3281 
0 2.0067 0 0 0.443185 19.3616 0 
19.6104 7.1725 68.8904 45.0936 
11.1739 11.1739 48.9547 49.8758 
6.28846 9.27957 0 1.1711 11.3281 
0 2.0067 0 0 0.443185 19.3616 0 
Estimating row 197 out of 308 for hessian
19.6103 7.17253 68.8907 45.0936 
11.1739 11.1739 48.9547 49.8757 
6.28846 9.27953 0 1.1711 11.3281 
0 2.0067 0 0 0.443185 19.3616 0 
19.6105 7.17251 68.8902 45.0936 
11.1738 11.1738 48.9548 49.8758 
6.28846 9.27962 0 1.1711 11.3281 
0 2.0067 0 0 0.443185 19.3616 0 
19.6104 7.17252 68.8905 45.0936 
11.1739 11.1739 48.9547 49.8758 
6.28846 9.27957 0 1.1711 11.3281 
0 2.0067 0 0 0.443185 19.3616 0 
19.6104 7.17252 68.8904 45.0936 
11.1739 11.1739 48.9547 49.8758 
6.28846 9.27958 0 1.1711 11.3281 
0 2.0067 0 0 0.443185 19.3616 0 
Estimating row 198 out of 308 for hessian
19.6104 7.17251 68.8902 45.0936 
11.1741 11.1741 48.9549 49.8757 
6.28846 9.2795 0 1.1711 11.3281 
0 2.0067 0 0 0.443185 19.3616 0 
19.6104 7.17253 68.8907 45.0936 
11.1737 11.1737 48.9546 49.8758 
6.28846 9.27965 0 1.1711 11.3281 
0 2.0067 0 0 0.443185 19.3616 0 
19.6104 7.17252 68.8904 45.0936 
11.1739 11.1739 48.9547 49.8758 
6.28846 9.27957 0 1.1711 11.3281 
0 2.0067 0 0 0.443185 19.3616 0 
19.6104 7.17252 68.8905 45.0936 
11.1738 11.1738 48.9547 49.8758 
6.28846 9.27958 0 1.1711 11.3281 
0 2.0067 0 0 0.443185 19.3616 0 
Estimating row 199 out of 308 for hessian
19.6104 7.17253 68.8901 45.0936 
11.1741 11.1741 48.9548 49.8758 
6.28846 9.27951 0 1.1711 11.3281 
0 2.0067 0 0 0.443185 19.3616 0 
19.6103 7.17251 68.8909 45.0935 
11.1736 11.1736 48.9546 49.8758 
6.28846 9.27964 0 1.1711 11.3281 
0 2.0067 0 0 0.443185 19.3616 0 
19.6104 7.17252 68.8904 45.0936 
11.1739 11.1739 48.9547 49.8758 
6.28846 9.27957 0 1.1711 11.3281 
0 2.0067 0 0 0.443185 19.3616 0 
19.6104 7.17252 68.8905 45.0936 
11.1738 11.1738 48.9547 49.8758 
6.28846 9.27958 0 1.1711 11.3281 
0 2.0067 0 0 0.443185 19.3616 0 
Estimating row 200 out of 308 for hessian
19.6105 7.17252 68.8905 45.0937 
11.1739 11.1739 48.9546 49.8757 
6.28846 9.27947 0 1.1711 11.3281 
0 2.0067 0 0 0.443185 19.3616 0 
19.6103 7.17252 68.8905 45.0934 
11.1738 11.1738 48.9548 49.8758 
6.28846 9.27968 0 1.1711 11.3281 
0 2.0067 0 0 0.443185 19.3616 0 
19.6104 7.17252 68.8905 45.0936 
11.1739 11.1739 48.9547 49.8758 
6.28846 9.27956 0 1.1711 11.3281 
0 2.0067 0 0 0.443185 19.3616 0 
19.6104 7.17252 68.8905 45.0936 
11.1739 11.1739 48.9547 49.8758 
6.28846 9.27959 0 1.1711 11.3281 
0 2.0067 0 0 0.443185 19.3616 0 
Estimating row 201 out of 308 for hessian
19.6105 7.17248 68.8908 45.0935 
11.1737 11.1737 48.9546 49.8757 
6.28846 9.27951 0 1.1711 11.3281 
0 2.0067 0 0 0.443185 19.3616 0 
19.6103 7.17255 68.8901 45.0936 
11.174 11.174 48.9548 49.8758 
6.28846 9.27964 0 1.1711 11.3281 
0 2.0067 0 0 0.443185 19.3616 0 
19.6104 7.17252 68.8905 45.0936 
11.1738 11.1738 48.9547 49.8758 
6.28846 9.27957 0 1.1711 11.3281 
0 2.0067 0 0 0.443185 19.3616 0 
19.6104 7.17252 68.8904 45.0936 
11.1739 11.1739 48.9547 49.8758 
6.28846 9.27958 0 1.1711 11.3281 
0 2.0067 0 0 0.443185 19.3616 0 
Estimating row 202 out of 308 for hessian
19.6104 7.17279 68.8908 45.0932 
11.1735 11.1735 48.9548 49.8758 
6.28846 9.27947 0 1.1711 11.3281 
0 2.0067 0 0 0.443185 19.3616 0 
19.6104 7.17225 68.8902 45.0939 
11.1742 11.1742 48.9546 49.8757 
6.28846 9.27968 0 1.1711 11.3281 
0 2.0067 0 0 0.443185 19.3616 0 
19.6104 7.17255 68.8905 45.0935 
11.1738 11.1738 48.9547 49.8758 
6.28846 9.27957 0 1.1711 11.3281 
0 2.0067 0 0 0.443185 19.3616 0 
19.6104 7.17249 68.8904 45.0936 
11.1739 11.1739 48.9547 49.8758 
6.28846 9.27959 0 1.1711 11.3281 
0 2.0067 0 0 0.443185 19.3616 0 
Estimating row 203 out of 308 for hessian
19.6103 7.17308 68.8894 45.0937 
11.1744 11.1744 48.9549 49.8757 
6.28846 9.27934 0 1.1711 11.3281 
0 2.0067 0 0 0.443185 19.3616 0 
19.6105 7.17196 68.8916 45.0934 
11.1733 11.1733 48.9545 49.8758 
6.28846 9.27981 0 1.1711 11.3281 
0 2.0067 0 0 0.443185 19.3616 0 
19.6104 7.17258 68.8904 45.0936 
11.1739 11.1739 48.9547 49.8758 
6.28846 9.27955 0 1.1711 11.3281 
0 2.0067 0 0 0.443185 19.3616 0 
19.6104 7.17246 68.8906 45.0936 
11.1738 11.1738 48.9547 49.8758 
6.28846 9.2796 0 1.1711 11.3281 
0 2.0067 0 0 0.443185 19.3616 0 
Estimating row 204 out of 308 for hessian
19.6104 7.17311 68.8899 45.0938 
11.174 11.174 48.9545 49.8759 
6.28846 9.27932 0 1.1711 11.3281 
0 2.0067 0 0 0.443185 19.3616 0 
19.6104 7.17193 68.8911 45.0934 
11.1737 11.1737 48.9549 49.8757 
6.28846 9.27983 0 1.1711 11.3281 
0 2.0067 0 0 0.443185 19.3616 0 
19.6104 7.17258 68.8904 45.0936 
11.1739 11.1739 48.9547 49.8758 
6.28846 9.27955 0 1.1711 11.3281 
0 2.0067 0 0 0.443185 19.3616 0 
19.6104 7.17246 68.8905 45.0936 
11.1738 11.1738 48.9547 49.8758 
6.28846 9.2796 0 1.1711 11.3281 
0 2.0067 0 0 0.443185 19.3616 0 
Estimating row 205 out of 308 for hessian
19.6105 7.17246 68.8904 45.0936 
11.1738 11.1738 48.9547 49.8758 
6.28846 9.27961 0 1.1711 11.3281 
0 2.0067 0 0 0.443185 19.3616 0 
19.6103 7.17258 68.8906 45.0936 
11.1739 11.1739 48.9547 49.8758 
6.28846 9.27954 0 1.1711 11.3281 
0 2.0067 0 0 0.443185 19.3616 0 
19.6104 7.17251 68.8905 45.0936 
11.1739 11.1739 48.9547 49.8758 
6.28846 9.27958 0 1.1711 11.3281 
0 2.0067 0 0 0.443185 19.3616 0 
19.6104 7.17253 68.8905 45.0936 
11.1739 11.1739 48.9547 49.8758 
6.28846 9.27957 0 1.1711 11.3281 
0 2.0067 0 0 0.443185 19.3616 0 
Estimating row 206 out of 308 for hessian
19.6105 7.17241 68.8904 45.0936 
11.1738 11.1738 48.9547 49.8758 
6.28846 9.27962 0 1.1711 11.3281 
0 2.0067 0 0 0.443185 19.3616 0 
19.6103 7.17262 68.8905 45.0936 
11.1739 11.1739 48.9547 49.8758 
6.28846 9.27953 0 1.1711 11.3281 
0 2.0067 0 0 0.443185 19.3616 0 
19.6104 7.17251 68.8905 45.0936 
11.1739 11.1739 48.9547 49.8758 
6.28846 9.27958 0 1.1711 11.3281 
0 2.0067 0 0 0.443185 19.3616 0 
19.6104 7.17253 68.8905 45.0936 
11.1739 11.1739 48.9547 49.8758 
6.28846 9.27957 0 1.1711 11.3281 
0 2.0067 0 0 0.443185 19.3616 0 
Estimating row 207 out of 308 for hessian
19.6105 7.17243 68.8905 45.0936 
11.1738 11.1738 48.9547 49.8758 
6.28846 9.27962 0 1.1711 11.3281 
0 2.0067 0 0 0.443185 19.3616 0 
19.6103 7.17261 68.8905 45.0936 
11.1739 11.1739 48.9547 49.8758 
6.28846 9.27953 0 1.1711 11.3281 
0 2.0067 0 0 0.443185 19.3616 0 
19.6104 7.17251 68.8905 45.0936 
11.1739 11.1739 48.9547 49.8758 
6.28846 9.27958 0 1.1711 11.3281 
0 2.0067 0 0 0.443185 19.3616 0 
19.6104 7.17253 68.8905 45.0936 
11.1739 11.1739 48.9547 49.8758 
6.28846 9.27957 0 1.1711 11.3281 
0 2.0067 0 0 0.443185 19.3616 0 
Estimating row 208 out of 308 for hessian
19.61 7.17244 68.8909 45.0935 
11.1738 11.1738 48.9547 49.8758 
6.28846 9.27962 0 1.1711 11.3281 
0 2.0067 0 0 0.443185 19.3616 0 
19.6107 7.1726 68.89 45.0936 
11.1739 11.1739 48.9547 49.8758 
6.28846 9.27953 0 1.1711 11.3281 
0 2.0067 0 0 0.443185 19.3616 0 
19.6104 7.17251 68.8905 45.0936 
11.1739 11.1739 48.9547 49.8758 
6.28846 9.27958 0 1.1711 11.3281 
0 2.0067 0 0 0.443185 19.3616 0 
19.6104 7.17253 68.8904 45.0936 
11.1739 11.1739 48.9547 49.8758 
6.28846 9.27957 0 1.1711 11.3281 
0 2.0067 0 0 0.443185 19.3616 0 
Estimating row 209 out of 308 for hessian
19.6099 7.17241 68.8911 45.0935 
11.1738 11.1738 48.9547 49.8758 
6.28846 9.27962 0 1.1711 11.3281 
0 2.0067 0 0 0.443185 19.3616 0 
19.6109 7.17263 68.8899 45.0936 
11.1739 11.1739 48.9547 49.8758 
6.28846 9.27953 0 1.1711 11.3281 
0 2.0067 0 0 0.443185 19.3616 0 
19.6103 7.17251 68.8905 45.0936 
11.1739 11.1739 48.9547 49.8758 
6.28846 9.27958 0 1.1711 11.3281 
0 2.0067 0 0 0.443185 19.3616 0 
19.6104 7.17253 68.8904 45.0936 
11.1739 11.1739 48.9547 49.8758 
6.28846 9.27957 0 1.1711 11.3281 
0 2.0067 0 0 0.443185 19.3616 0 
Estimating row 210 out of 308 for hessian
19.6102 7.1724 68.8907 45.0935 
11.1738 11.1738 48.9547 49.8758 
6.28846 9.27962 0 1.1711 11.3281 
0 2.0067 0 0 0.443185 19.3616 0 
19.6105 7.17264 68.8902 45.0936 
11.1739 11.1739 48.9547 49.8758 
6.28846 9.27953 0 1.1711 11.3281 
0 2.0067 0 0 0.443185 19.3616 0 
19.6104 7.17251 68.8905 45.0936 
11.1739 11.1739 48.9547 49.8758 
6.28846 9.27958 0 1.1711 11.3281 
0 2.0067 0 0 0.443185 19.3616 0 
19.6104 7.17253 68.8904 45.0936 
11.1739 11.1739 48.9547 49.8758 
6.28846 9.27957 0 1.1711 11.3281 
0 2.0067 0 0 0.443185 19.3616 0 
Estimating row 211 out of 308 for hessian
19.6104 7.17251 68.8905 45.0936 
11.1739 11.1739 48.9547 49.8758 
6.28846 9.27958 0 1.1711 11.3281 
0 2.0067 0 0 0.443185 19.3616 0 
19.6104 7.17253 68.8905 45.0936 
11.1739 11.1739 48.9547 49.8758 
6.28846 9.27957 0 1.1711 11.3281 
0 2.0067 0 0 0.443185 19.3616 0 
19.6104 7.17252 68.8905 45.0936 
11.1739 11.1739 48.9547 49.8758 
6.28846 9.27958 0 1.1711 11.3281 
0 2.0067 0 0 0.443185 19.3616 0 
19.6104 7.17252 68.8905 45.0936 
11.1739 11.1739 48.9547 49.8758 
6.28846 9.27957 0 1.1711 11.3281 
0 2.0067 0 0 0.443185 19.3616 0 
Estimating row 212 out of 308 for hessian
19.6111 7.16993 68.8927 45.0945 
11.1724 11.1724 48.9546 49.8758 
6.28846 9.28086 0 1.17014 11.3281 
0 2.0067 0 0 0.443185 19.3616 0 
19.6097 7.17511 68.8882 45.0927 
11.1753 11.1753 48.9548 49.8757 
6.28846 9.27829 0 1.17205 11.3281 
0 2.0067 0 0 0.443185 19.3616 0 
19.6105 7.17226 68.8907 45.0937 
11.1737 11.1737 48.9547 49.8758 
6.28846 9.2797 0 1.171 11.3281 
0 2.0067 0 0 0.443185 19.3616 0 
19.6103 7.17278 68.8902 45.0935 
11.174 11.174 48.9547 49.8758 
6.28846 9.27945 0 1.17119 11.3281 
0 2.0067 0 0 0.443185 19.3616 0 
Estimating row 213 out of 308 for hessian
19.6104 7.16967 68.8905 45.0925 
11.174 11.174 48.9546 49.8758 
6.28846 9.28008 0 1.1711 11.3315 
0 2.0067 0 0 0.443185 19.3616 0 
19.6104 7.17537 68.8905 45.0947 
11.1737 11.1737 48.9548 49.8757 
6.28846 9.27907 0 1.1711 11.3248 
0 2.0067 0 0 0.443185 19.3616 0 
19.6104 7.17223 68.8905 45.0935 
11.1739 11.1739 48.9547 49.8758 
6.28846 9.27963 0 1.1711 11.3284 
0 2.0067 0 0 0.443185 19.3616 0 
19.6104 7.1728 68.8905 45.0937 
11.1738 11.1738 48.9547 49.8758 
6.28846 9.27952 0 1.1711 11.3278 
0 2.0067 0 0 0.443185 19.3616 0 
Estimating row 214 out of 308 for hessian
19.6104 7.17252 68.8905 45.0936 
11.1739 11.1739 48.9547 49.8758 
6.28846 9.27958 0 1.1711 11.3281 
0 2.0067 0 0 0.443185 19.3616 0 
19.6104 7.17252 68.8905 45.0936 
11.1739 11.1739 48.9547 49.8758 
6.28846 9.27958 0 1.1711 11.3281 
0 2.0067 0 0 0.443185 19.3616 0 
19.6104 7.17252 68.8905 45.0936 
11.1739 11.1739 48.9547 49.8758 
6.28846 9.27958 0 1.1711 11.3281 
0 2.0067 0 0 0.443185 19.3616 0 
19.6104 7.17252 68.8905 45.0936 
11.1739 11.1739 48.9547 49.8758 
6.28846 9.27958 0 1.1711 11.3281 
0 2.0067 0 0 0.443185 19.3616 0 
Estimating row 215 out of 308 for hessian
19.6103 7.17256 68.8907 45.0934 
11.1738 11.1738 48.955 49.8756 
6.28846 9.27956 0 1.1711 11.3281 
0 2.0067 0 0 0.443185 19.3616 0 
19.6104 7.17248 68.8903 45.0938 
11.1739 11.1739 48.9545 49.8759 
6.28846 9.27959 0 1.1711 11.3281 
0 2.0067 0 0 0.443185 19.3616 0 
19.6104 7.17252 68.8905 45.0936 
11.1739 11.1739 48.9547 49.8758 
6.28846 9.27957 0 1.1711 11.3281 
0 2.0067 0 0 0.443185 19.3616 0 
19.6104 7.17252 68.8905 45.0936 
11.1739 11.1739 48.9547 49.8758 
6.28846 9.27958 0 1.1711 11.3281 
0 2.0067 0 0 0.443185 19.3616 0 
Estimating row 216 out of 308 for hessian
19.6103 7.1726 68.8907 45.0935 
11.1737 11.1737 48.9545 49.8758 
6.28846 9.27955 0 1.1711 11.3281 
0 2.0067 0 0 0.443185 19.3616 0 
19.6104 7.17244 68.8902 45.0936 
11.174 11.174 48.9549 49.8757 
6.28846 9.2796 0 1.1711 11.3281 
0 2.0067 0 0 0.443185 19.3616 0 
19.6104 7.17253 68.8905 45.0936 
11.1738 11.1738 48.9547 49.8758 
6.28846 9.27957 0 1.1711 11.3281 
0 2.0067 0 0 0.443185 19.3616 0 
19.6104 7.17251 68.8904 45.0936 
11.1739 11.1739 48.9547 49.8758 
6.28846 9.27958 0 1.1711 11.3281 
0 2.0067 0 0 0.443185 19.3616 0 
Estimating row 217 out of 308 for hessian
19.6104 7.17236 68.8905 45.0941 
11.1734 11.1734 48.9549 49.8756 
6.28846 9.27966 0 1.1711 11.3281 
0 2.0067 0 0 0.443185 19.3616 0 
19.6104 7.17268 68.8905 45.093 
11.1744 11.1744 48.9546 49.8759 
6.28846 9.27949 0 1.1711 11.3281 
0 2.0067 0 0 0.443185 19.3616 0 
19.6104 7.1725 68.8905 45.0936 
11.1738 11.1738 48.9547 49.8758 
6.28846 9.27958 0 1.1711 11.3281 
0 2.0067 0 0 0.443185 19.3616 0 
19.6104 7.17254 68.8905 45.0935 
11.1739 11.1739 48.9547 49.8758 
6.28846 9.27957 0 1.1711 11.3281 
0 2.0067 0 0 0.443185 19.3616 0 
Estimating row 218 out of 308 for hessian
19.6104 7.17252 68.8905 45.0936 
11.1737 11.1737 48.9547 49.8758 
6.28846 9.27975 0 1.1711 11.3281 
0 2.0067 0 0 0.443188 19.3616 0 
19.6104 7.17252 68.8905 45.0936 
11.174 11.174 48.9547 49.8758 
6.28846 9.2794 0 1.1711 11.3281 
0 2.0067 0 0 0.443181 19.3616 0 
19.6104 7.17252 68.8905 45.0936 
11.1738 11.1738 48.9547 49.8758 
6.28846 9.27959 0 1.1711 11.3281 
0 2.0067 0 0 0.443185 19.3616 0 
19.6104 7.17252 68.8905 45.0936 
11.1739 11.1739 48.9547 49.8758 
6.28846 9.27956 0 1.1711 11.3281 
0 2.0067 0 0 0.443184 19.3616 0 
Estimating row 219 out of 308 for hessian
19.6104 7.17252 68.8905 45.0936 
11.1737 11.1737 48.9547 49.8758 
6.28846 9.2798 0 1.1711 11.3281 
0 2.0067 0 0 0.443177 19.3616 0 
19.6104 7.17252 68.8905 45.0936 
11.1741 11.1741 48.9547 49.8758 
6.28846 9.27935 0 1.1711 11.3281 
0 2.0067 0 0 0.443192 19.3616 0 
19.6104 7.17252 68.8905 45.0936 
11.1738 11.1738 48.9547 49.8758 
6.28846 9.2796 0 1.1711 11.3281 
0 2.0067 0 0 0.443184 19.3616 0 
19.6104 7.17252 68.8905 45.0936 
11.1739 11.1739 48.9547 49.8758 
6.28846 9.27955 0 1.1711 11.3281 
0 2.0067 0 0 0.443185 19.3616 0 
Estimating row 220 out of 308 for hessian
19.6104 7.17251 68.8905 45.0936 
11.1738 11.1738 48.9547 49.8758 
6.28846 9.2797 0 1.1711 11.3281 
0 2.0067 0 0 0.443189 19.3616 0 
19.6104 7.17253 68.8905 45.0936 
11.1739 11.1739 48.9548 49.8758 
6.28846 9.27945 0 1.1711 11.3281 
0 2.0067 0 0 0.443181 19.3616 0 
19.6104 7.17252 68.8905 45.0936 
11.1739 11.1739 48.9547 49.8758 
6.28846 9.27959 0 1.1711 11.3281 
0 2.0067 0 0 0.443185 19.3616 0 
19.6104 7.17252 68.8905 45.0936 
11.1739 11.1739 48.9547 49.8758 
6.28846 9.27956 0 1.1711 11.3281 
0 2.0067 0 0 0.443184 19.3616 0 
Estimating row 221 out of 308 for hessian
19.6104 7.17251 68.8905 45.0936 
11.1739 11.1739 48.9546 49.8758 
6.28846 9.27965 0 1.1711 11.3281 
0 2.0067 0 0 0.443187 19.3616 0 
19.6104 7.17253 68.8905 45.0936 
11.1738 11.1738 48.9548 49.8758 
6.28846 9.2795 0 1.1711 11.3281 
0 2.0067 0 0 0.443182 19.3616 0 
19.6104 7.17252 68.8905 45.0936 
11.1739 11.1739 48.9547 49.8758 
6.28846 9.27958 0 1.1711 11.3281 
0 2.0067 0 0 0.443185 19.3616 0 
19.6104 7.17252 68.8905 45.0936 
11.1739 11.1739 48.9547 49.8758 
6.28846 9.27957 0 1.1711 11.3281 
0 2.0067 0 0 0.443184 19.3616 0 
Estimating row 222 out of 308 for hessian
19.6104 7.17253 68.8905 45.0936 
11.1739 11.1739 48.9546 49.8758 
6.28846 9.27958 0 1.1711 11.3281 
0 2.0067 0 0 0.443181 19.3616 0 
19.6104 7.17251 68.8905 45.0936 
11.1738 11.1738 48.9548 49.8758 
6.28846 9.27957 0 1.1711 11.3281 
0 2.0067 0 0 0.443188 19.3616 0 
19.6104 7.17252 68.8905 45.0936 
11.1739 11.1739 48.9547 49.8758 
6.28846 9.27958 0 1.1711 11.3281 
0 2.0067 0 0 0.443184 19.3616 0 
19.6104 7.17252 68.8905 45.0936 
11.1739 11.1739 48.9547 49.8758 
6.28846 9.27957 0 1.1711 11.3281 
0 2.0067 0 0 0.443185 19.3616 0 
Estimating row 223 out of 308 for hessian
19.6104 7.17252 68.8905 45.0936 
11.1737 11.1737 48.9547 49.8758 
6.28846 9.27965 0 1.1711 11.3281 
0 2.0067 0 0 0.443187 19.3616 0 
19.6104 7.17252 68.8905 45.0935 
11.174 11.174 48.9547 49.8757 
6.28846 9.2795 0 1.1711 11.3281 
0 2.0067 0 0 0.443183 19.3616 0 
19.6104 7.17252 68.8905 45.0936 
11.1738 11.1738 48.9547 49.8758 
6.28846 9.27958 0 1.1711 11.3281 
0 2.0067 0 0 0.443185 19.3616 0 
19.6104 7.17252 68.8905 45.0936 
11.1739 11.1739 48.9547 49.8758 
6.28846 9.27957 0 1.1711 11.3281 
0 2.0067 0 0 0.443184 19.3616 0 
Estimating row 224 out of 308 for hessian
19.6104 7.17252 68.8905 45.0936 
11.1736 11.1736 48.9547 49.8758 
6.28846 9.27976 0 1.1711 11.3281 
0 2.0067 0 0 0.443185 19.3616 0 
19.6104 7.17252 68.8905 45.0936 
11.1741 11.1741 48.9547 49.8758 
6.28846 9.27939 0 1.1711 11.3281 
0 2.0067 0 0 0.443184 19.3616 0 
19.6104 7.17252 68.8905 45.0936 
11.1738 11.1738 48.9547 49.8758 
6.28846 9.27959 0 1.1711 11.3281 
0 2.0067 0 0 0.443185 19.3616 0 
19.6104 7.17252 68.8905 45.0936 
11.1739 11.1739 48.9547 49.8758 
6.28846 9.27956 0 1.1711 11.3281 
0 2.0067 0 0 0.443185 19.3616 0 
Estimating row 225 out of 308 for hessian
19.6104 7.17252 68.8905 45.0936 
11.1736 11.1736 48.9547 49.8758 
6.28846 9.27977 0 1.1711 11.3281 
0 2.0067 0 0 0.44318 19.3616 0 
19.6104 7.17252 68.8905 45.0935 
11.1741 11.1741 48.9547 49.8757 
6.28846 9.27938 0 1.1711 11.3281 
0 2.0067 0 0 0.443189 19.3616 0 
19.6104 7.17252 68.8905 45.0936 
11.1738 11.1738 48.9547 49.8758 
6.28846 9.27959 0 1.1711 11.3281 
0 2.0067 0 0 0.443184 19.3616 0 
19.6104 7.17252 68.8905 45.0936 
11.1739 11.1739 48.9547 49.8758 
6.28846 9.27956 0 1.1711 11.3281 
0 2.0067 0 0 0.443185 19.3616 0 
Estimating row 226 out of 308 for hessian
19.6104 7.17252 68.8905 45.0936 
11.1738 11.1738 48.9548 49.8758 
6.28846 9.27948 0 1.1711 11.3281 
0 2.0067 0 0 0.443192 19.3616 0 
19.6104 7.17252 68.8905 45.0935 
11.1739 11.1739 48.9546 49.8757 
6.28846 9.27967 0 1.1711 11.3281 
0 2.0067 0 0 0.443178 19.3616 0 
19.6104 7.17252 68.8905 45.0936 
11.1739 11.1739 48.9547 49.8758 
6.28846 9.27957 0 1.1711 11.3281 
0 2.0067 0 0 0.443185 19.3616 0 
19.6104 7.17252 68.8905 45.0936 
11.1739 11.1739 48.9547 49.8758 
6.28846 9.27958 0 1.1711 11.3281 
0 2.0067 0 0 0.443184 19.3616 0 
Estimating row 227 out of 308 for hessian
19.6104 7.17252 68.8905 45.0936 
11.1738 11.1738 48.9546 49.8758 
6.28846 9.2797 0 1.1711 11.3281 
0 2.0067 0 0 0.443177 19.3616 0 
19.6104 7.17252 68.8905 45.0936 
11.1739 11.1739 48.9548 49.8758 
6.28846 9.27945 0 1.1711 11.3281 
0 2.0067 0 0 0.443193 19.3616 0 
19.6104 7.17252 68.8905 45.0936 
11.1739 11.1739 48.9547 49.8758 
6.28846 9.27959 0 1.1711 11.3281 
0 2.0067 0 0 0.443184 19.3616 0 
19.6104 7.17252 68.8905 45.0936 
11.1739 11.1739 48.9547 49.8758 
6.28846 9.27956 0 1.1711 11.3281 
0 2.0067 0 0 0.443185 19.3616 0 
Estimating row 228 out of 308 for hessian
19.6104 7.17252 68.8905 45.0936 
11.1739 11.1739 48.9548 49.8758 
6.28846 9.27939 0 1.1711 11.3281 
0 2.0067 0 0 0.443192 19.3616 0 
19.6104 7.17252 68.8905 45.0936 
11.1738 11.1738 48.9546 49.8758 
6.28846 9.27976 0 1.1711 11.3281 
0 2.0067 0 0 0.443177 19.3616 0 
19.6104 7.17252 68.8905 45.0936 
11.1739 11.1739 48.9547 49.8758 
6.28846 9.27956 0 1.1711 11.3281 
0 2.0067 0 0 0.443185 19.3616 0 
19.6104 7.17252 68.8905 45.0936 
11.1739 11.1739 48.9547 49.8758 
6.28846 9.27959 0 1.1711 11.3281 
0 2.0067 0 0 0.443184 19.3616 0 
Estimating row 229 out of 308 for hessian
19.6104 7.17252 68.8905 45.0936 
11.1739 11.1739 48.9548 49.8757 
6.28846 9.2795 0 1.1711 11.3281 
0 2.0067 0 0 0.44318 19.3616 0 
19.6104 7.17252 68.8905 45.0936 
11.1739 11.1739 48.9546 49.8758 
6.28846 9.27965 0 1.1711 11.3281 
0 2.0067 0 0 0.44319 19.3616 0 
19.6104 7.17252 68.8905 45.0936 
11.1739 11.1739 48.9547 49.8758 
6.28846 9.27957 0 1.1711 11.3281 
0 2.0067 0 0 0.443184 19.3616 0 
19.6104 7.17252 68.8905 45.0936 
11.1739 11.1739 48.9547 49.8758 
6.28846 9.27958 0 1.1711 11.3281 
0 2.0067 0 0 0.443185 19.3616 0 
Estimating row 230 out of 308 for hessian
19.6104 7.17252 68.8905 45.0936 
11.1739 11.1739 48.9548 49.8758 
6.28846 9.27949 0 1.1711 11.3281 
0 2.0067 0 0 0.443187 19.3616 0 
19.6104 7.17252 68.8905 45.0936 
11.1739 11.1739 48.9546 49.8758 
6.28846 9.27966 0 1.1711 11.3281 
0 2.0067 0 0 0.443182 19.3616 0 
19.6104 7.17252 68.8905 45.0936 
11.1739 11.1739 48.9547 49.8758 
6.28846 9.27957 0 1.1711 11.3281 
0 2.0067 0 0 0.443185 19.3616 0 
19.6104 7.17252 68.8905 45.0936 
11.1739 11.1739 48.9547 49.8758 
6.28846 9.27958 0 1.1711 11.3281 
0 2.0067 0 0 0.443184 19.3616 0 
Estimating row 231 out of 308 for hessian
19.6104 7.17252 68.8905 45.0936 
11.1739 11.1739 48.9548 49.8758 
6.28846 9.27942 0 1.1711 11.3281 
0 2.0067 0 0 0.443183 19.3616 0 
19.6104 7.17252 68.8905 45.0936 
11.1738 11.1738 48.9547 49.8757 
6.28846 9.27973 0 1.1711 11.3281 
0 2.0067 0 0 0.443187 19.3616 0 
19.6104 7.17252 68.8905 45.0936 
11.1739 11.1739 48.9547 49.8758 
6.28846 9.27956 0 1.1711 11.3281 
0 2.0067 0 0 0.443185 19.3616 0 
19.6104 7.17252 68.8905 45.0936 
11.1739 11.1739 48.9547 49.8758 
6.28846 9.27959 0 1.1711 11.3281 
0 2.0067 0 0 0.443185 19.3616 0 
Estimating row 232 out of 308 for hessian
19.6104 7.17252 68.8905 45.0936 
11.1739 11.1739 48.9548 49.8758 
6.28846 9.27946 0 1.1711 11.3281 
0 2.0067 0 0 0.443186 19.3616 0 
19.6104 7.17252 68.8905 45.0936 
11.1738 11.1738 48.9547 49.8758 
6.28846 9.27969 0 1.1711 11.3281 
0 2.0067 0 0 0.443183 19.3616 0 
19.6104 7.17252 68.8905 45.0936 
11.1739 11.1739 48.9547 49.8758 
6.28846 9.27956 0 1.1711 11.3281 
0 2.0067 0 0 0.443185 19.3616 0 
19.6104 7.17252 68.8905 45.0936 
11.1739 11.1739 48.9547 49.8758 
6.28846 9.27959 0 1.1711 11.3281 
0 2.0067 0 0 0.443185 19.3616 0 
Estimating row 233 out of 308 for hessian
19.6104 7.17251 68.8905 45.0936 
11.1738 11.1738 48.9548 49.8758 
6.28846 9.27962 0 1.1711 11.3281 
0 2.0067 0 0 0.44318 19.3616 0 
19.6104 7.17253 68.8905 45.0936 
11.1739 11.1739 48.9547 49.8758 
6.28846 9.27953 0 1.1711 11.3281 
0 2.0067 0 0 0.44319 19.3616 0 
19.6104 7.17252 68.8905 45.0936 
11.1739 11.1739 48.9547 49.8758 
6.28846 9.27958 0 1.1711 11.3281 
0 2.0067 0 0 0.443184 19.3616 0 
19.6104 7.17252 68.8905 45.0936 
11.1739 11.1739 48.9547 49.8758 
6.28846 9.27957 0 1.1711 11.3281 
0 2.0067 0 0 0.443185 19.3616 0 
Estimating row 234 out of 308 for hessian
19.6104 7.17252 68.8905 45.0936 
11.1738 11.1738 48.9547 49.8757 
6.28846 9.27967 0 1.1711 11.3281 
0 2.0067 0 0 0.443196 19.3616 0 
19.6104 7.17252 68.8905 45.0936 
11.1739 11.1739 48.9547 49.8758 
6.28846 9.27948 0 1.1711 11.3281 
0 2.0067 0 0 0.443174 19.3616 0 
19.6104 7.17252 68.8905 45.0936 
11.1739 11.1739 48.9547 49.8758 
6.28846 9.27958 0 1.1711 11.3281 
0 2.0067 0 0 0.443186 19.3616 0 
19.6104 7.17252 68.8905 45.0936 
11.1739 11.1739 48.9547 49.8758 
6.28846 9.27957 0 1.1711 11.3281 
0 2.0067 0 0 0.443184 19.3616 0 
Estimating row 235 out of 308 for hessian
19.6104 7.17253 68.8905 45.0935 
11.1739 11.1739 48.9547 49.8758 
6.28846 9.27961 0 1.1711 11.3281 
0 2.0067 0 0 0.443177 19.3616 0 
19.6104 7.17251 68.8905 45.0936 
11.1739 11.1739 48.9547 49.8758 
6.28846 9.27954 0 1.1711 11.3281 
0 2.0067 0 0 0.443192 19.3616 0 
19.6104 7.17252 68.8905 45.0936 
11.1739 11.1739 48.9547 49.8758 
6.28846 9.27958 0 1.1711 11.3281 
0 2.0067 0 0 0.443184 19.3616 0 
19.6104 7.17252 68.8905 45.0936 
11.1739 11.1739 48.9547 49.8758 
6.28846 9.27957 0 1.1711 11.3281 
0 2.0067 0 0 0.443185 19.3616 0 
Estimating row 236 out of 308 for hessian
19.6104 7.17253 68.8905 45.0935 
11.1739 11.1739 48.9547 49.8758 
6.28846 9.2795 0 1.1711 11.3281 
0 2.0067 0 0 0.443183 19.3616 0 
19.6104 7.17251 68.8905 45.0936 
11.1738 11.1738 48.9547 49.8757 
6.28846 9.27965 0 1.1711 11.3281 
0 2.0067 0 0 0.443186 19.3616 0 
19.6104 7.17252 68.8905 45.0936 
11.1739 11.1739 48.9547 49.8758 
6.28846 9.27957 0 1.1711 11.3281 
0 2.0067 0 0 0.443185 19.3616 0 
19.6104 7.17252 68.8905 45.0936 
11.1739 11.1739 48.9547 49.8758 
6.28846 9.27958 0 1.1711 11.3281 
0 2.0067 0 0 0.443185 19.3616 0 
Estimating row 237 out of 308 for hessian
19.6104 7.17252 68.8905 45.0936 
11.174 11.174 48.9547 49.8758 
6.28846 9.27938 0 1.1711 11.3281 
0 2.0067 0 0 0.443187 19.3616 0 
19.6104 7.17252 68.8905 45.0936 
11.1737 11.1737 48.9547 49.8757 
6.28846 9.27977 0 1.1711 11.3281 
0 2.0067 0 0 0.443182 19.3616 0 
19.6104 7.17252 68.8905 45.0936 
11.1739 11.1739 48.9547 49.8758 
6.28846 9.27956 0 1.1711 11.3281 
0 2.0067 0 0 0.443185 19.3616 0 
19.6104 7.17252 68.8905 45.0936 
11.1738 11.1738 48.9547 49.8758 
6.28846 9.27959 0 1.1711 11.3281 
0 2.0067 0 0 0.443184 19.3616 0 
Estimating row 238 out of 308 for hessian
19.6104 7.17252 68.8905 45.0936 
11.174 11.174 48.9547 49.8758 
6.28846 9.2795 0 1.1711 11.3281 
0 2.0067 0 0 0.443188 19.3616 0 
19.6104 7.17252 68.8905 45.0936 
11.1737 11.1737 48.9547 49.8758 
6.28846 9.27965 0 1.1711 11.3281 
0 2.0067 0 0 0.443181 19.3616 0 
19.6104 7.17252 68.8905 45.0936 
11.1739 11.1739 48.9547 49.8758 
6.28846 9.27957 0 1.1711 11.3281 
0 2.0067 0 0 0.443185 19.3616 0 
19.6104 7.17252 68.8905 45.0936 
11.1738 11.1738 48.9547 49.8758 
6.28846 9.27958 0 1.1711 11.3281 
0 2.0067 0 0 0.443184 19.3616 0 
Estimating row 239 out of 308 for hessian
19.6104 7.17252 68.8905 45.0935 
11.1739 11.1739 48.9547 49.8758 
6.28846 9.2796 0 1.1711 11.3281 
0 2.0067 0 0 0.443182 19.3616 0 
19.6104 7.17252 68.8905 45.0936 
11.1738 11.1738 48.9547 49.8758 
6.28846 9.27955 0 1.1711 11.3281 
0 2.0067 0 0 0.443188 19.3616 0 
19.6104 7.17252 68.8905 45.0936 
11.1739 11.1739 48.9547 49.8758 
6.28846 9.27958 0 1.1711 11.3281 
0 2.0067 0 0 0.443184 19.3616 0 
19.6104 7.17252 68.8905 45.0936 
11.1739 11.1739 48.9547 49.8758 
6.28846 9.27957 0 1.1711 11.3281 
0 2.0067 0 0 0.443185 19.3616 0 
Estimating row 240 out of 308 for hessian
19.6104 7.17252 68.8905 45.0936 
11.174 11.174 48.9547 49.8758 
6.28846 9.27944 0 1.1711 11.3281 
0 2.0067 0 0 0.443183 19.3616 0 
19.6104 7.17252 68.8905 45.0936 
11.1737 11.1737 48.9547 49.8758 
6.28846 9.27971 0 1.1711 11.3281 
0 2.0067 0 0 0.443186 19.3616 0 
19.6104 7.17252 68.8905 45.0936 
11.1739 11.1739 48.9547 49.8758 
6.28846 9.27956 0 1.1711 11.3281 
0 2.0067 0 0 0.443185 19.3616 0 
19.6104 7.17252 68.8905 45.0936 
11.1738 11.1738 48.9547 49.8758 
6.28846 9.27959 0 1.1711 11.3281 
0 2.0067 0 0 0.443185 19.3616 0 
Estimating row 241 out of 308 for hessian
19.6104 7.17252 68.8905 45.0936 
11.174 11.174 48.9546 49.8758 
6.28846 9.27951 0 1.1711 11.3281 
0 2.0067 0 0 0.443186 19.3616 0 
19.6104 7.17252 68.8905 45.0935 
11.1738 11.1738 48.9548 49.8757 
6.28846 9.27964 0 1.1711 11.3281 
0 2.0067 0 0 0.443184 19.3616 0 
19.6104 7.17252 68.8905 45.0936 
11.1739 11.1739 48.9547 49.8758 
6.28846 9.27957 0 1.1711 11.3281 
0 2.0067 0 0 0.443185 19.3616 0 
19.6104 7.17252 68.8905 45.0936 
11.1739 11.1739 48.9547 49.8758 
6.28846 9.27958 0 1.1711 11.3281 
0 2.0067 0 0 0.443185 19.3616 0 
Estimating row 242 out of 308 for hessian
19.6104 7.17252 68.8905 45.0936 
11.1739 11.1739 48.9546 49.8758 
6.28846 9.27965 0 1.1711 11.3281 
0 2.0067 0 0 0.443185 19.3616 0 
19.6104 7.17252 68.8905 45.0936 
11.1739 11.1739 48.9548 49.8758 
6.28846 9.2795 0 1.1711 11.3281 
0 2.0067 0 0 0.443185 19.3616 0 
19.6104 7.17252 68.8905 45.0936 
11.1739 11.1739 48.9547 49.8758 
6.28846 9.27958 0 1.1711 11.3281 
0 2.0067 0 0 0.443185 19.3616 0 
19.6104 7.17252 68.8905 45.0936 
11.1739 11.1739 48.9547 49.8758 
6.28846 9.27957 0 1.1711 11.3281 
0 2.0067 0 0 0.443185 19.3616 0 
Estimating row 243 out of 308 for hessian
19.6104 7.17252 68.8905 45.0936 
11.1738 11.1738 48.9546 49.8758 
6.28846 9.27972 0 1.1711 11.3281 
0 2.0067 0 0 0.443186 19.3616 0 
19.6104 7.17252 68.8905 45.0936 
11.1739 11.1739 48.9548 49.8758 
6.28846 9.27943 0 1.1711 11.3281 
0 2.0067 0 0 0.443183 19.3616 0 
19.6104 7.17252 68.8905 45.0936 
11.1739 11.1739 48.9547 49.8758 
6.28846 9.27959 0 1.1711 11.3281 
0 2.0067 0 0 0.443185 19.3616 0 
19.6104 7.17252 68.8905 45.0936 
11.1739 11.1739 48.9547 49.8758 
6.28846 9.27956 0 1.1711 11.3281 
0 2.0067 0 0 0.443185 19.3616 0 
Estimating row 244 out of 308 for hessian
19.6104 7.17252 68.8905 45.0936 
11.1739 11.1739 48.9546 49.8758 
6.28846 9.2796 0 1.1711 11.3281 
0 2.0067 0 0 0.443184 19.3616 0 
19.6104 7.17252 68.8905 45.0936 
11.1738 11.1738 48.9548 49.8758 
6.28846 9.27955 0 1.1711 11.3281 
0 2.0067 0 0 0.443185 19.3616 0 
19.6104 7.17252 68.8905 45.0936 
11.1739 11.1739 48.9547 49.8758 
6.28846 9.27958 0 1.1711 11.3281 
0 2.0067 0 0 0.443185 19.3616 0 
19.6104 7.17252 68.8905 45.0936 
11.1739 11.1739 48.9547 49.8758 
6.28846 9.27957 0 1.1711 11.3281 
0 2.0067 0 0 0.443185 19.3616 0 
Estimating row 245 out of 308 for hessian
19.6104 7.17252 68.8905 45.0936 
11.1738 11.1738 48.9547 49.8758 
6.28846 9.27965 0 1.1711 11.3281 
0 2.0067 0 0 0.443187 19.3616 0 
19.6104 7.17252 68.8905 45.0936 
11.1739 11.1739 48.9547 49.8758 
6.28846 9.2795 0 1.1711 11.3281 
0 2.0067 0 0 0.443182 19.3616 0 
19.6104 7.17252 68.8905 45.0936 
11.1739 11.1739 48.9547 49.8758 
6.28846 9.27958 0 1.1711 11.3281 
0 2.0067 0 0 0.443185 19.3616 0 
19.6104 7.17252 68.8905 45.0936 
11.1739 11.1739 48.9547 49.8758 
6.28846 9.27957 0 1.1711 11.3281 
0 2.0067 0 0 0.443184 19.3616 0 
Estimating row 246 out of 308 for hessian
19.6104 7.17252 68.8905 45.0936 
11.1737 11.1737 48.9547 49.8758 
6.28846 9.27969 0 1.1711 11.3281 
0 2.0067 0 0 0.443179 19.3616 0 
19.6104 7.17252 68.8905 45.0936 
11.174 11.174 48.9547 49.8758 
6.28846 9.27946 0 1.1711 11.3281 
0 2.0067 0 0 0.44319 19.3616 0 
19.6104 7.17252 68.8905 45.0936 
11.1738 11.1738 48.9547 49.8758 
6.28846 9.27959 0 1.1711 11.3281 
0 2.0067 0 0 0.443184 19.3616 0 
19.6104 7.17252 68.8905 45.0936 
11.1739 11.1739 48.9547 49.8758 
6.28846 9.27956 0 1.1711 11.3281 
0 2.0067 0 0 0.443185 19.3616 0 
Estimating row 247 out of 308 for hessian
19.6104 7.17251 68.8905 45.0936 
11.1738 11.1738 48.9547 49.8758 
6.28846 9.27957 0 1.1711 11.3281 
0 2.0067 0 0 0.443187 19.3616 0 
19.6104 7.17253 68.8905 45.0936 
11.1739 11.1739 48.9547 49.8757 
6.28846 9.27958 0 1.1711 11.3281 
0 2.0067 0 0 0.443182 19.3616 0 
19.6104 7.17252 68.8905 45.0936 
11.1739 11.1739 48.9547 49.8758 
6.28846 9.27957 0 1.1711 11.3281 
0 2.0067 0 0 0.443185 19.3616 0 
19.6104 7.17252 68.8905 45.0936 
11.1739 11.1739 48.9547 49.8758 
6.28846 9.27958 0 1.1711 11.3281 
0 2.0067 0 0 0.443184 19.3616 0 
Estimating row 248 out of 308 for hessian
19.6104 7.17252 68.8905 45.0936 
11.1738 11.1738 48.9547 49.8758 
6.28846 9.27959 0 1.1711 11.3281 
0 2.0067 0 0 0.443186 19.3616 0 
19.6104 7.17252 68.8905 45.0935 
11.1739 11.1739 48.9547 49.8758 
6.28846 9.27956 0 1.1711 11.3281 
0 2.0067 0 0 0.443184 19.3616 0 
19.6104 7.17252 68.8905 45.0936 
11.1739 11.1739 48.9547 49.8758 
6.28846 9.27958 0 1.1711 11.3281 
0 2.0067 0 0 0.443185 19.3616 0 
19.6104 7.17252 68.8905 45.0936 
11.1739 11.1739 48.9547 49.8758 
6.28846 9.27957 0 1.1711 11.3281 
0 2.0067 0 0 0.443185 19.3616 0 
Estimating row 249 out of 308 for hessian
19.6104 7.17252 68.8905 45.0936 
11.1739 11.1739 48.9547 49.8757 
6.28846 9.2796 0 1.1711 11.3281 
0 2.0067 0 0 0.443184 19.3616 0 
19.6104 7.17251 68.8905 45.0936 
11.1739 11.1739 48.9547 49.8758 
6.28846 9.27955 0 1.1711 11.3281 
0 2.0067 0 0 0.443186 19.3616 0 
19.6104 7.17252 68.8905 45.0936 
11.1739 11.1739 48.9547 49.8758 
6.28846 9.27958 0 1.1711 11.3281 
0 2.0067 0 0 0.443185 19.3616 0 
19.6104 7.17252 68.8905 45.0936 
11.1739 11.1739 48.9547 49.8758 
6.28846 9.27957 0 1.1711 11.3281 
0 2.0067 0 0 0.443185 19.3616 0 
Estimating row 250 out of 308 for hessian
19.6104 7.17252 68.8905 45.0936 
11.1738 11.1738 48.9547 49.8757 
6.28846 9.27959 0 1.1711 11.3281 
0 2.0067 0 0 0.443185 19.3616 0 
19.6104 7.17252 68.8905 45.0936 
11.1739 11.1739 48.9547 49.8758 
6.28846 9.27956 0 1.1711 11.3281 
0 2.0067 0 0 0.443184 19.3616 0 
19.6104 7.17252 68.8905 45.0936 
11.1739 11.1739 48.9547 49.8758 
6.28846 9.27958 0 1.1711 11.3281 
0 2.0067 0 0 0.443185 19.3616 0 
19.6104 7.17252 68.8905 45.0936 
11.1739 11.1739 48.9547 49.8758 
6.28846 9.27957 0 1.1711 11.3281 
0 2.0067 0 0 0.443185 19.3616 0 
Estimating row 251 out of 308 for hessian
19.6104 7.17252 68.8905 45.0936 
11.1738 11.1738 48.9548 49.8758 
6.28846 9.27948 0 1.1711 11.3281 
0 2.0067 0 0 0.443186 19.3616 0 
19.6104 7.17252 68.8905 45.0936 
11.1739 11.1739 48.9546 49.8758 
6.28846 9.27967 0 1.1711 11.3281 
0 2.0067 0 0 0.443183 19.3616 0 
19.6104 7.17252 68.8905 45.0936 
11.1739 11.1739 48.9547 49.8758 
6.28846 9.27957 0 1.1711 11.3281 
0 2.0067 0 0 0.443185 19.3616 0 
19.6104 7.17252 68.8905 45.0936 
11.1739 11.1739 48.9547 49.8758 
6.28846 9.27958 0 1.1711 11.3281 
0 2.0067 0 0 0.443185 19.3616 0 
Estimating row 252 out of 308 for hessian
19.6104 7.17252 68.8905 45.0936 
11.1739 11.1739 48.9547 49.8758 
6.28846 9.27957 0 1.1711 11.3281 
0 2.0067 0 0 0.443183 19.3616 0 
19.6104 7.17252 68.8905 45.0936 
11.1738 11.1738 48.9547 49.8758 
6.28846 9.27958 0 1.1711 11.3281 
0 2.0067 0 0 0.443186 19.3616 0 
19.6104 7.17252 68.8905 45.0936 
11.1739 11.1739 48.9547 49.8758 
6.28846 9.27957 0 1.1711 11.3281 
0 2.0067 0 0 0.443185 19.3616 0 
19.6104 7.17252 68.8905 45.0936 
11.1739 11.1739 48.9547 49.8758 
6.28846 9.27958 0 1.1711 11.3281 
0 2.0067 0 0 0.443185 19.3616 0 
Estimating row 253 out of 308 for hessian
19.6104 7.17252 68.8905 45.0936 
11.174 11.174 48.9547 49.8758 
6.28846 9.27947 0 1.1711 11.3281 
0 2.0067 0 0 0.443182 19.3616 0 
19.6104 7.17252 68.8905 45.0936 
11.1737 11.1737 48.9548 49.8758 
6.28846 9.27968 0 1.1711 11.3281 
0 2.0067 0 0 0.443187 19.3616 0 
19.6104 7.17252 68.8905 45.0936 
11.1739 11.1739 48.9547 49.8758 
6.28846 9.27956 0 1.1711 11.3281 
0 2.0067 0 0 0.443184 19.3616 0 
19.6104 7.17252 68.8905 45.0936 
11.1738 11.1738 48.9547 49.8758 
6.28846 9.27959 0 1.1711 11.3281 
0 2.0067 0 0 0.443185 19.3616 0 
Estimating row 254 out of 308 for hessian
19.6104 7.17252 68.8905 45.0936 
11.1739 11.1739 48.9547 49.8758 
6.28846 9.27946 0 1.1711 11.3281 
0 2.0067 0 0 0.443187 19.3616 0 
19.6104 7.17252 68.8905 45.0936 
11.1738 11.1738 48.9547 49.8757 
6.28846 9.27969 0 1.1711 11.3281 
0 2.0067 0 0 0.443182 19.3616 0 
19.6104 7.17252 68.8905 45.0936 
11.1739 11.1739 48.9547 49.8758 
6.28846 9.27956 0 1.1711 11.3281 
0 2.0067 0 0 0.443185 19.3616 0 
19.6104 7.17252 68.8905 45.0936 
11.1739 11.1739 48.9547 49.8758 
6.28846 9.27959 0 1.1711 11.3281 
0 2.0067 0 0 0.443184 19.3616 0 
Estimating row 255 out of 308 for hessian
19.6104 7.17252 68.8905 45.0936 
11.1738 11.1738 48.9548 49.8758 
6.28846 9.27958 0 1.1711 11.3281 
0 2.0067 0 0 0.44318 19.3616 0 
19.6104 7.17252 68.8905 45.0936 
11.1739 11.1739 48.9546 49.8757 
6.28846 9.27957 0 1.1711 11.3281 
0 2.0067 0 0 0.44319 19.3616 0 
19.6104 7.17252 68.8905 45.0936 
11.1739 11.1739 48.9547 49.8758 
6.28846 9.27958 0 1.1711 11.3281 
0 2.0067 0 0 0.443184 19.3616 0 
19.6104 7.17252 68.8905 45.0936 
11.1739 11.1739 48.9547 49.8758 
6.28846 9.27957 0 1.1711 11.3281 
0 2.0067 0 0 0.443185 19.3616 0 
Estimating row 256 out of 308 for hessian
19.6104 7.1725 68.8905 45.0936 
11.1738 11.1738 48.9548 49.8757 
6.28846 9.27962 0 1.1711 11.3281 
0 2.0067 0 0 0.443194 19.3616 0 
19.6104 7.17254 68.8905 45.0936 
11.1739 11.1739 48.9546 49.8758 
6.28846 9.27953 0 1.1711 11.3281 
0 2.0067 0 0 0.443176 19.3616 0 
19.6104 7.17252 68.8905 45.0936 
11.1739 11.1739 48.9547 49.8758 
6.28846 9.27958 0 1.1711 11.3281 
0 2.0067 0 0 0.443186 19.3616 0 
19.6104 7.17252 68.8905 45.0936 
11.1739 11.1739 48.9547 49.8758 
6.28846 9.27957 0 1.1711 11.3281 
0 2.0067 0 0 0.443184 19.3616 0 
Estimating row 257 out of 308 for hessian
19.6104 7.17252 68.8905 45.0935 
11.1743 11.1743 48.9547 49.8758 
6.28846 9.27922 0 1.1711 11.3281 
0 2.0067 0 0 0.44318 19.3616 0 
19.6104 7.17252 68.8905 45.0936 
11.1735 11.1735 48.9547 49.8757 
6.28846 9.27993 0 1.1711 11.3281 
0 2.0067 0 0 0.44319 19.3616 0 
19.6104 7.17252 68.8905 45.0936 
11.1739 11.1739 48.9547 49.8758 
6.28846 9.27954 0 1.1711 11.3281 
0 2.0067 0 0 0.443184 19.3616 0 
19.6104 7.17252 68.8905 45.0936 
11.1738 11.1738 48.9547 49.8758 
6.28846 9.27961 0 1.1711 11.3281 
0 2.0067 0 0 0.443185 19.3616 0 
Estimating row 258 out of 308 for hessian
19.6104 7.17276 68.8905 45.0927 
11.1749 11.1749 48.9524 49.8775 
6.28846 9.27975 0 1.1711 11.3281 
0 2.0067 0 0 0.443185 19.3616 0 
19.6104 7.17228 68.8905 45.0944 
11.1729 11.1729 48.957 49.8741 
6.28846 9.2794 0 1.1711 11.3281 
0 2.0067 0 0 0.443185 19.3616 0 
19.6104 7.17254 68.8905 45.0935 
11.174 11.174 48.9545 49.8759 
6.28846 9.27959 0 1.1711 11.3281 
0 2.0067 0 0 0.443185 19.3616 0 
19.6104 7.1725 68.8905 45.0937 
11.1738 11.1738 48.9549 49.8756 
6.28846 9.27956 0 1.1711 11.3281 
0 2.0067 0 0 0.443185 19.3616 0 
Estimating row 259 out of 308 for hessian
19.6104 7.17261 68.8905 45.0934 
11.1742 11.1742 48.9539 49.8764 
6.28846 9.2794 0 1.1711 11.3281 
0 2.0067 0 0 0.443185 19.3616 0 
19.6104 7.17243 68.8905 45.0937 
11.1735 11.1735 48.9555 49.8751 
6.28846 9.27975 0 1.1711 11.3281 
0 2.0067 0 0 0.443185 19.3616 0 
19.6104 7.17253 68.8905 45.0936 
11.1739 11.1739 48.9546 49.8758 
6.28846 9.27956 0 1.1711 11.3281 
0 2.0067 0 0 0.443185 19.3616 0 
19.6104 7.17251 68.8905 45.0936 
11.1738 11.1738 48.9548 49.8757 
6.28846 9.27959 0 1.1711 11.3281 
0 2.0067 0 0 0.443185 19.3616 0 
Estimating row 260 out of 308 for hessian
19.6104 7.1725 68.8905 45.0937 
11.1737 11.1737 48.9538 49.877 
6.28846 9.27928 0 1.1711 11.3281 
0 2.0067 0 0 0.443185 19.3616 0 
19.6104 7.17254 68.8905 45.0934 
11.174 11.174 48.9556 49.8745 
6.28846 9.27987 0 1.1711 11.3281 
0 2.0067 0 0 0.443185 19.3616 0 
19.6104 7.17252 68.8905 45.0936 
11.1738 11.1738 48.9546 49.8759 
6.28846 9.27955 0 1.1711 11.3281 
0 2.0067 0 0 0.443185 19.3616 0 
19.6104 7.17252 68.8905 45.0936 
11.1739 11.1739 48.9548 49.8756 
6.28846 9.2796 0 1.1711 11.3281 
0 2.0067 0 0 0.443185 19.3616 0 
Estimating row 261 out of 308 for hessian
19.6104 7.17253 68.8905 45.0936 
11.174 11.174 48.952 49.8784 
6.28846 9.27953 0 1.1711 11.3281 
0 2.0067 0 0 0.443185 19.3616 0 
19.6104 7.17251 68.8905 45.0935 
11.1737 11.1737 48.9574 49.8732 
6.28846 9.27962 0 1.1711 11.3281 
0 2.0067 0 0 0.443185 19.3616 0 
19.6104 7.17252 68.8905 45.0936 
11.1739 11.1739 48.9544 49.876 
6.28846 9.27957 0 1.1711 11.3281 
0 2.0067 0 0 0.443185 19.3616 0 
19.6104 7.17252 68.8905 45.0936 
11.1738 11.1738 48.955 49.8755 
6.28846 9.27958 0 1.1711 11.3281 
0 2.0067 0 0 0.443185 19.3616 0 
Estimating row 262 out of 308 for hessian
19.6104 7.1725 68.8905 45.0936 
11.1738 11.1738 48.9548 49.8757 
6.28846 9.27958 0 1.1711 11.3281 
0 2.0067 0 0 0.443185 19.3616 0 
19.6104 7.17253 68.8905 45.0935 
11.1739 11.1739 48.9546 49.8758 
6.28846 9.27957 0 1.1711 11.3281 
0 2.0067 0 0 0.443185 19.3616 0 
19.6104 7.17252 68.8905 45.0936 
11.1739 11.1739 48.9547 49.8758 
6.28846 9.27958 0 1.1711 11.3281 
0 2.0067 0 0 0.443185 19.3616 0 
19.6104 7.17252 68.8905 45.0936 
11.1739 11.1739 48.9547 49.8758 
6.28846 9.27957 0 1.1711 11.3281 
0 2.0067 0 0 0.443185 19.3616 0 
Estimating row 263 out of 308 for hessian
19.6104 7.17252 68.8905 45.0936 
11.1739 11.1739 48.9547 49.8758 
6.28846 9.27958 0 1.1711 11.3281 
0 2.0067 0 0 0.443185 19.3616 0 
19.6104 7.17252 68.8905 45.0936 
11.1739 11.1739 48.9547 49.8758 
6.28846 9.27958 0 1.1711 11.3281 
0 2.0067 0 0 0.443185 19.3616 0 
19.6104 7.17252 68.8905 45.0936 
11.1739 11.1739 48.9547 49.8758 
6.28846 9.27958 0 1.1711 11.3281 
0 2.0067 0 0 0.443185 19.3616 0 
19.6104 7.17252 68.8905 45.0936 
11.1739 11.1739 48.9547 49.8758 
6.28846 9.27958 0 1.1711 11.3281 
0 2.0067 0 0 0.443185 19.3616 0 
Estimating row 264 out of 308 for hessian
19.6104 7.17252 68.8905 45.0936 
11.1739 11.1739 48.9547 49.8758 
6.28846 9.27958 0 1.1711 11.3281 
0 2.0067 0 0 0.443185 19.3616 0 
19.6104 7.17252 68.8905 45.0936 
11.1739 11.1739 48.9547 49.8758 
6.28846 9.27958 0 1.1711 11.3281 
0 2.0067 0 0 0.443185 19.3616 0 
19.6104 7.17252 68.8905 45.0936 
11.1739 11.1739 48.9547 49.8758 
6.28846 9.27958 0 1.1711 11.3281 
0 2.0067 0 0 0.443185 19.3616 0 
19.6104 7.17252 68.8905 45.0936 
11.1739 11.1739 48.9547 49.8758 
6.28846 9.27958 0 1.1711 11.3281 
0 2.0067 0 0 0.443185 19.3616 0 
Estimating row 265 out of 308 for hessian
19.6104 7.17252 68.8905 45.0936 
11.1739 11.1739 48.9547 49.8758 
6.28846 9.27958 0 1.1711 11.3281 
0 2.0067 0 0 0.443185 19.3616 0 
19.6104 7.17252 68.8905 45.0936 
11.1739 11.1739 48.9547 49.8758 
6.28846 9.27958 0 1.1711 11.3281 
0 2.0067 0 0 0.443185 19.3616 0 
19.6104 7.17252 68.8905 45.0936 
11.1739 11.1739 48.9547 49.8758 
6.28846 9.27958 0 1.1711 11.3281 
0 2.0067 0 0 0.443185 19.3616 0 
19.6104 7.17252 68.8905 45.0936 
11.1739 11.1739 48.9547 49.8758 
6.28846 9.27958 0 1.1711 11.3281 
0 2.0067 0 0 0.443185 19.3616 0 
Estimating row 266 out of 308 for hessian
19.6104 7.17252 68.8905 45.0936 
11.1739 11.1739 48.9547 49.8758 
6.28846 9.27958 0 1.1711 11.3281 
0 2.0067 0 0 0.443185 19.3616 0 
19.6104 7.17252 68.8905 45.0936 
11.1739 11.1739 48.9547 49.8758 
6.28846 9.27958 0 1.1711 11.3281 
0 2.0067 0 0 0.443185 19.3616 0 
19.6104 7.17252 68.8905 45.0936 
11.1739 11.1739 48.9547 49.8758 
6.28846 9.27958 0 1.1711 11.3281 
0 2.0067 0 0 0.443185 19.3616 0 
19.6104 7.17252 68.8905 45.0936 
11.1739 11.1739 48.9547 49.8758 
6.28846 9.27958 0 1.1711 11.3281 
0 2.0067 0 0 0.443185 19.3616 0 
Estimating row 267 out of 308 for hessian
19.6104 7.17252 68.8905 45.0936 
11.1739 11.1739 48.9547 49.8758 
6.28846 9.27958 0 1.1711 11.3281 
0 2.0067 0 0 0.443185 19.3616 0 
19.6104 7.17252 68.8905 45.0936 
11.1739 11.1739 48.9547 49.8758 
6.28846 9.27958 0 1.1711 11.3281 
0 2.0067 0 0 0.443185 19.3616 0 
19.6104 7.17252 68.8905 45.0936 
11.1739 11.1739 48.9547 49.8758 
6.28846 9.27958 0 1.1711 11.3281 
0 2.0067 0 0 0.443185 19.3616 0 
19.6104 7.17252 68.8905 45.0936 
11.1739 11.1739 48.9547 49.8758 
6.28846 9.27958 0 1.1711 11.3281 
0 2.0067 0 0 0.443185 19.3616 0 
Estimating row 268 out of 308 for hessian
19.6104 7.17252 68.8905 45.0936 
11.1739 11.1739 48.9547 49.8758 
6.28846 9.27958 0 1.1711 11.3281 
0 2.0067 0 0 0.443185 19.3616 0 
19.6104 7.17252 68.8905 45.0936 
11.1739 11.1739 48.9547 49.8758 
6.28846 9.27958 0 1.1711 11.3281 
0 2.0067 0 0 0.443185 19.3616 0 
19.6104 7.17252 68.8905 45.0936 
11.1739 11.1739 48.9547 49.8758 
6.28846 9.27958 0 1.1711 11.3281 
0 2.0067 0 0 0.443185 19.3616 0 
19.6104 7.17252 68.8905 45.0936 
11.1739 11.1739 48.9547 49.8758 
6.28846 9.27958 0 1.1711 11.3281 
0 2.0067 0 0 0.443185 19.3616 0 
Estimating row 269 out of 308 for hessian
19.6104 7.17252 68.8905 45.0936 
11.1739 11.1739 48.9547 49.8758 
6.28846 9.27958 0 1.1711 11.3281 
0 2.0067 0 0 0.443185 19.3616 0 
19.6104 7.17252 68.8905 45.0936 
11.1739 11.1739 48.9547 49.8758 
6.28846 9.27958 0 1.1711 11.3281 
0 2.0067 0 0 0.443185 19.3616 0 
19.6104 7.17252 68.8905 45.0936 
11.1739 11.1739 48.9547 49.8758 
6.28846 9.27958 0 1.1711 11.3281 
0 2.0067 0 0 0.443185 19.3616 0 
19.6104 7.17252 68.8905 45.0936 
11.1739 11.1739 48.9547 49.8758 
6.28846 9.27958 0 1.1711 11.3281 
0 2.0067 0 0 0.443185 19.3616 0 
Estimating row 270 out of 308 for hessian
19.6104 7.17252 68.8905 45.0936 
11.1739 11.1739 48.9547 49.8758 
6.28846 9.27958 0 1.1711 11.3281 
0 2.0067 0 0 0.443185 19.3616 0 
19.6104 7.17252 68.8905 45.0936 
11.1739 11.1739 48.9547 49.8758 
6.28846 9.27958 0 1.1711 11.3281 
0 2.0067 0 0 0.443185 19.3616 0 
19.6104 7.17252 68.8905 45.0936 
11.1739 11.1739 48.9547 49.8758 
6.28846 9.27958 0 1.1711 11.3281 
0 2.0067 0 0 0.443185 19.3616 0 
19.6104 7.17252 68.8905 45.0936 
11.1739 11.1739 48.9547 49.8758 
6.28846 9.27958 0 1.1711 11.3281 
0 2.0067 0 0 0.443185 19.3616 0 
Estimating row 271 out of 308 for hessian
19.6104 7.17252 68.8905 45.0936 
11.1739 11.1739 48.9547 49.8758 
6.28846 9.27958 0 1.1711 11.3281 
0 2.0067 0 0 0.443185 19.3616 0 
19.6104 7.17252 68.8905 45.0936 
11.1739 11.1739 48.9547 49.8758 
6.28846 9.27958 0 1.1711 11.3281 
0 2.0067 0 0 0.443185 19.3616 0 
19.6104 7.17252 68.8905 45.0936 
11.1739 11.1739 48.9547 49.8758 
6.28846 9.27958 0 1.1711 11.3281 
0 2.0067 0 0 0.443185 19.3616 0 
19.6104 7.17252 68.8905 45.0936 
11.1739 11.1739 48.9547 49.8758 
6.28846 9.27958 0 1.1711 11.3281 
0 2.0067 0 0 0.443185 19.3616 0 
Estimating row 272 out of 308 for hessian
19.6104 7.17252 68.8905 45.0936 
11.1739 11.1739 48.9547 49.8758 
6.28846 9.27958 0 1.1711 11.3281 
0 2.0067 0 0 0.443185 19.3616 0 
19.6104 7.17252 68.8905 45.0936 
11.1739 11.1739 48.9547 49.8758 
6.28846 9.27958 0 1.1711 11.3281 
0 2.0067 0 0 0.443185 19.3616 0 
19.6104 7.17252 68.8905 45.0936 
11.1739 11.1739 48.9547 49.8758 
6.28846 9.27958 0 1.1711 11.3281 
0 2.0067 0 0 0.443185 19.3616 0 
19.6104 7.17252 68.8905 45.0936 
11.1739 11.1739 48.9547 49.8758 
6.28846 9.27958 0 1.1711 11.3281 
0 2.0067 0 0 0.443185 19.3616 0 
Estimating row 273 out of 308 for hessian
19.6104 7.17252 68.8905 45.0936 
11.1739 11.1739 48.9547 49.8758 
6.28846 9.27958 0 1.1711 11.3281 
0 2.0067 0 0 0.443185 19.3616 0 
19.6104 7.17252 68.8905 45.0936 
11.1739 11.1739 48.9547 49.8758 
6.28846 9.27958 0 1.1711 11.3281 
0 2.0067 0 0 0.443185 19.3616 0 
19.6104 7.17252 68.8905 45.0936 
11.1739 11.1739 48.9547 49.8758 
6.28846 9.27958 0 1.1711 11.3281 
0 2.0067 0 0 0.443185 19.3616 0 
19.6104 7.17252 68.8905 45.0936 
11.1739 11.1739 48.9547 49.8758 
6.28846 9.27958 0 1.1711 11.3281 
0 2.0067 0 0 0.443185 19.3616 0 
Estimating row 274 out of 308 for hessian
19.6104 7.17252 68.8905 45.0936 
11.1739 11.1739 48.9547 49.8758 
6.28846 9.27958 0 1.1711 11.3281 
0 2.0067 0 0 0.443185 19.3616 0 
19.6104 7.17252 68.8905 45.0936 
11.1739 11.1739 48.9547 49.8758 
6.28846 9.27958 0 1.1711 11.3281 
0 2.0067 0 0 0.443185 19.3616 0 
19.6104 7.17252 68.8905 45.0936 
11.1739 11.1739 48.9547 49.8758 
6.28846 9.27958 0 1.1711 11.3281 
0 2.0067 0 0 0.443185 19.3616 0 
19.6104 7.17252 68.8905 45.0936 
11.1739 11.1739 48.9547 49.8758 
6.28846 9.27958 0 1.1711 11.3281 
0 2.0067 0 0 0.443185 19.3616 0 
Estimating row 275 out of 308 for hessian
19.6104 7.17252 68.8905 45.0936 
11.1739 11.1739 48.9547 49.8758 
6.28846 9.27958 0 1.1711 11.3281 
0 2.0067 0 0 0.443185 19.3616 0 
19.6104 7.17252 68.8905 45.0936 
11.1739 11.1739 48.9547 49.8758 
6.28846 9.27958 0 1.1711 11.3281 
0 2.0067 0 0 0.443185 19.3616 0 
19.6104 7.17252 68.8905 45.0936 
11.1739 11.1739 48.9547 49.8758 
6.28846 9.27958 0 1.1711 11.3281 
0 2.0067 0 0 0.443185 19.3616 0 
19.6104 7.17252 68.8905 45.0936 
11.1739 11.1739 48.9547 49.8758 
6.28846 9.27958 0 1.1711 11.3281 
0 2.0067 0 0 0.443185 19.3616 0 
Estimating row 276 out of 308 for hessian
19.6104 7.17252 68.8905 45.0936 
11.1739 11.1739 48.9547 49.8758 
6.28846 9.27958 0 1.1711 11.3281 
0 2.0067 0 0 0.443185 19.3616 0 
19.6104 7.17252 68.8905 45.0936 
11.1739 11.1739 48.9547 49.8758 
6.28846 9.27958 0 1.1711 11.3281 
0 2.0067 0 0 0.443185 19.3616 0 
19.6104 7.17252 68.8905 45.0936 
11.1739 11.1739 48.9547 49.8758 
6.28846 9.27958 0 1.1711 11.3281 
0 2.0067 0 0 0.443185 19.3616 0 
19.6104 7.17252 68.8905 45.0936 
11.1739 11.1739 48.9547 49.8758 
6.28846 9.27958 0 1.1711 11.3281 
0 2.0067 0 0 0.443185 19.3616 0 
Estimating row 277 out of 308 for hessian
19.6104 7.17252 68.8905 45.0936 
11.1739 11.1739 48.9547 49.8758 
6.28846 9.27958 0 1.1711 11.3281 
0 2.0067 0 0 0.443185 19.3616 0 
19.6104 7.17252 68.8905 45.0936 
11.1739 11.1739 48.9547 49.8758 
6.28846 9.27958 0 1.1711 11.3281 
0 2.0067 0 0 0.443185 19.3616 0 
19.6104 7.17252 68.8905 45.0936 
11.1739 11.1739 48.9547 49.8758 
6.28846 9.27958 0 1.1711 11.3281 
0 2.0067 0 0 0.443185 19.3616 0 
19.6104 7.17252 68.8905 45.0936 
11.1739 11.1739 48.9547 49.8758 
6.28846 9.27958 0 1.1711 11.3281 
0 2.0067 0 0 0.443185 19.3616 0 
Estimating row 278 out of 308 for hessian
19.6104 7.17252 68.8905 45.0936 
11.1739 11.1739 48.9547 49.8758 
6.28846 9.27958 0 1.1711 11.3281 
0 2.0067 0 0 0.443185 19.3616 0 
19.6104 7.17252 68.8905 45.0936 
11.1739 11.1739 48.9547 49.8758 
6.28846 9.27958 0 1.1711 11.3281 
0 2.0067 0 0 0.443185 19.3616 0 
19.6104 7.17252 68.8905 45.0936 
11.1739 11.1739 48.9547 49.8758 
6.28846 9.27958 0 1.1711 11.3281 
0 2.0067 0 0 0.443185 19.3616 0 
19.6104 7.17252 68.8905 45.0936 
11.1739 11.1739 48.9547 49.8758 
6.28846 9.27958 0 1.1711 11.3281 
0 2.0067 0 0 0.443185 19.3616 0 
Estimating row 279 out of 308 for hessian
19.6104 7.17252 68.8905 45.0936 
11.1739 11.1739 48.9547 49.8758 
6.28846 9.27958 0 1.1711 11.3281 
0 2.0067 0 0 0.443185 19.3616 0 
19.6104 7.17252 68.8905 45.0936 
11.1739 11.1739 48.9547 49.8758 
6.28846 9.27958 0 1.1711 11.3281 
0 2.0067 0 0 0.443185 19.3616 0 
19.6104 7.17252 68.8905 45.0936 
11.1739 11.1739 48.9547 49.8758 
6.28846 9.27958 0 1.1711 11.3281 
0 2.0067 0 0 0.443185 19.3616 0 
19.6104 7.17252 68.8905 45.0936 
11.1739 11.1739 48.9547 49.8758 
6.28846 9.27958 0 1.1711 11.3281 
0 2.0067 0 0 0.443185 19.3616 0 
Estimating row 280 out of 308 for hessian
19.6104 7.17252 68.8905 45.0936 
11.1739 11.1739 48.9547 49.8758 
6.28846 9.27958 0 1.1711 11.3281 
0 2.0067 0 0 0.443185 19.3616 0 
19.6104 7.17252 68.8905 45.0936 
11.1739 11.1739 48.9547 49.8758 
6.28846 9.27958 0 1.1711 11.3281 
0 2.0067 0 0 0.443185 19.3616 0 
19.6104 7.17252 68.8905 45.0936 
11.1739 11.1739 48.9547 49.8758 
6.28846 9.27958 0 1.1711 11.3281 
0 2.0067 0 0 0.443185 19.3616 0 
19.6104 7.17252 68.8905 45.0936 
11.1739 11.1739 48.9547 49.8758 
6.28846 9.27958 0 1.1711 11.3281 
0 2.0067 0 0 0.443185 19.3616 0 
Estimating row 281 out of 308 for hessian
19.6104 7.17252 68.8905 45.0936 
11.1739 11.1739 48.9547 49.8758 
6.28846 9.27958 0 1.1711 11.3281 
0 2.0067 0 0 0.443185 19.3616 0 
19.6104 7.17252 68.8905 45.0936 
11.1739 11.1739 48.9547 49.8758 
6.28846 9.27958 0 1.1711 11.3281 
0 2.0067 0 0 0.443185 19.3616 0 
19.6104 7.17252 68.8905 45.0936 
11.1739 11.1739 48.9547 49.8758 
6.28846 9.27958 0 1.1711 11.3281 
0 2.0067 0 0 0.443185 19.3616 0 
19.6104 7.17252 68.8905 45.0936 
11.1739 11.1739 48.9547 49.8758 
6.28846 9.27958 0 1.1711 11.3281 
0 2.0067 0 0 0.443185 19.3616 0 
Estimating row 282 out of 308 for hessian
19.6104 7.17252 68.8905 45.0936 
11.1739 11.1739 48.9547 49.8758 
6.28846 9.27958 0 1.1711 11.3281 
0 2.0067 0 0 0.443185 19.3616 0 
19.6104 7.17252 68.8905 45.0936 
11.1739 11.1739 48.9547 49.8758 
6.28846 9.27958 0 1.1711 11.3281 
0 2.0067 0 0 0.443185 19.3616 0 
19.6104 7.17252 68.8905 45.0936 
11.1739 11.1739 48.9547 49.8758 
6.28846 9.27958 0 1.1711 11.3281 
0 2.0067 0 0 0.443185 19.3616 0 
19.6104 7.17252 68.8905 45.0936 
11.1739 11.1739 48.9547 49.8758 
6.28846 9.27958 0 1.1711 11.3281 
0 2.0067 0 0 0.443185 19.3616 0 
Estimating row 283 out of 308 for hessian
19.6104 7.17252 68.8905 45.0936 
11.1739 11.1739 48.9547 49.8758 
6.28846 9.27958 0 1.1711 11.3281 
0 2.0067 0 0 0.443185 19.3616 0 
19.6104 7.17252 68.8905 45.0936 
11.1739 11.1739 48.9547 49.8758 
6.28846 9.27958 0 1.1711 11.3281 
0 2.0067 0 0 0.443185 19.3616 0 
19.6104 7.17252 68.8905 45.0936 
11.1739 11.1739 48.9547 49.8758 
6.28846 9.27958 0 1.1711 11.3281 
0 2.0067 0 0 0.443185 19.3616 0 
19.6104 7.17252 68.8905 45.0936 
11.1739 11.1739 48.9547 49.8758 
6.28846 9.27958 0 1.1711 11.3281 
0 2.0067 0 0 0.443185 19.3616 0 
Estimating row 284 out of 308 for hessian
19.6104 7.17252 68.8905 45.0936 
11.1739 11.1739 48.9547 49.8758 
6.28846 9.27958 0 1.1711 11.3281 
0 2.0067 0 0 0.443185 19.3616 0 
19.6104 7.17252 68.8905 45.0936 
11.1739 11.1739 48.9547 49.8758 
6.28846 9.27958 0 1.1711 11.3281 
0 2.0067 0 0 0.443185 19.3616 0 
19.6104 7.17252 68.8905 45.0936 
11.1739 11.1739 48.9547 49.8758 
6.28846 9.27958 0 1.1711 11.3281 
0 2.0067 0 0 0.443185 19.3616 0 
19.6104 7.17252 68.8905 45.0936 
11.1739 11.1739 48.9547 49.8758 
6.28846 9.27958 0 1.1711 11.3281 
0 2.0067 0 0 0.443185 19.3616 0 
Estimating row 285 out of 308 for hessian
19.6104 7.17252 68.8905 45.0936 
11.1739 11.1739 48.9547 49.8758 
6.28846 9.27958 0 1.1711 11.3281 
0 2.0067 0 0 0.443185 19.3616 0 
19.6104 7.17252 68.8905 45.0936 
11.1739 11.1739 48.9547 49.8758 
6.28846 9.27958 0 1.1711 11.3281 
0 2.0067 0 0 0.443185 19.3616 0 
19.6104 7.17252 68.8905 45.0936 
11.1739 11.1739 48.9547 49.8758 
6.28846 9.27958 0 1.1711 11.3281 
0 2.0067 0 0 0.443185 19.3616 0 
19.6104 7.17252 68.8905 45.0936 
11.1739 11.1739 48.9547 49.8758 
6.28846 9.27958 0 1.1711 11.3281 
0 2.0067 0 0 0.443185 19.3616 0 
Estimating row 286 out of 308 for hessian
19.6104 7.17252 68.8905 45.0936 
11.1739 11.1739 48.9547 49.8758 
6.28846 9.27958 0 1.1711 11.3281 
0 2.0067 0 0 0.443185 19.3616 0 
19.6104 7.17252 68.8905 45.0936 
11.1739 11.1739 48.9547 49.8758 
6.28846 9.27958 0 1.1711 11.3281 
0 2.0067 0 0 0.443185 19.3616 0 
19.6104 7.17252 68.8905 45.0936 
11.1739 11.1739 48.9547 49.8758 
6.28846 9.27958 0 1.1711 11.3281 
0 2.0067 0 0 0.443185 19.3616 0 
19.6104 7.17252 68.8905 45.0936 
11.1739 11.1739 48.9547 49.8758 
6.28846 9.27958 0 1.1711 11.3281 
0 2.0067 0 0 0.443185 19.3616 0 
Estimating row 287 out of 308 for hessian
19.6104 7.17252 68.8905 45.0936 
11.1739 11.1739 48.9547 49.8758 
6.28846 9.27958 0 1.1711 11.3281 
0 2.0067 0 0 0.443185 19.3616 0 
19.6104 7.17252 68.8905 45.0936 
11.1739 11.1739 48.9547 49.8758 
6.28846 9.27958 0 1.1711 11.3281 
0 2.0067 0 0 0.443185 19.3616 0 
19.6104 7.17252 68.8905 45.0936 
11.1739 11.1739 48.9547 49.8758 
6.28846 9.27958 0 1.1711 11.3281 
0 2.0067 0 0 0.443185 19.3616 0 
19.6104 7.17252 68.8905 45.0936 
11.1739 11.1739 48.9547 49.8758 
6.28846 9.27958 0 1.1711 11.3281 
0 2.0067 0 0 0.443185 19.3616 0 
Estimating row 288 out of 308 for hessian
19.6104 7.17252 68.8905 45.0936 
11.1739 11.1739 48.9547 49.8758 
6.28846 9.27958 0 1.1711 11.3281 
0 2.0067 0 0 0.443185 19.3616 0 
19.6104 7.17252 68.8905 45.0936 
11.1739 11.1739 48.9547 49.8758 
6.28846 9.27958 0 1.1711 11.3281 
0 2.0067 0 0 0.443185 19.3616 0 
19.6104 7.17252 68.8905 45.0936 
11.1739 11.1739 48.9547 49.8758 
6.28846 9.27958 0 1.1711 11.3281 
0 2.0067 0 0 0.443185 19.3616 0 
19.6104 7.17252 68.8905 45.0936 
11.1739 11.1739 48.9547 49.8758 
6.28846 9.27958 0 1.1711 11.3281 
0 2.0067 0 0 0.443185 19.3616 0 
Estimating row 289 out of 308 for hessian
19.6104 7.17252 68.8905 45.0936 
11.1739 11.1739 48.9547 49.8758 
6.28846 9.27958 0 1.1711 11.3281 
0 2.0067 0 0 0.443185 19.3616 0 
19.6104 7.17252 68.8905 45.0936 
11.1739 11.1739 48.9547 49.8758 
6.28846 9.27958 0 1.1711 11.3281 
0 2.0067 0 0 0.443185 19.3616 0 
19.6104 7.17252 68.8905 45.0936 
11.1739 11.1739 48.9547 49.8758 
6.28846 9.27958 0 1.1711 11.3281 
0 2.0067 0 0 0.443185 19.3616 0 
19.6104 7.17252 68.8905 45.0936 
11.1739 11.1739 48.9547 49.8758 
6.28846 9.27958 0 1.1711 11.3281 
0 2.0067 0 0 0.443185 19.3616 0 
Estimating row 290 out of 308 for hessian
19.6104 7.17252 68.8905 45.0936 
11.1739 11.1739 48.9547 49.8758 
6.28846 9.27958 0 1.1711 11.3281 
0 2.0067 0 0 0.443185 19.3616 0 
19.6104 7.17252 68.8905 45.0936 
11.1739 11.1739 48.9547 49.8758 
6.28846 9.27958 0 1.1711 11.3281 
0 2.0067 0 0 0.443185 19.3616 0 
19.6104 7.17252 68.8905 45.0936 
11.1739 11.1739 48.9547 49.8758 
6.28846 9.27958 0 1.1711 11.3281 
0 2.0067 0 0 0.443185 19.3616 0 
19.6104 7.17252 68.8905 45.0936 
11.1739 11.1739 48.9547 49.8758 
6.28846 9.27958 0 1.1711 11.3281 
0 2.0067 0 0 0.443185 19.3616 0 
Estimating row 291 out of 308 for hessian
19.6104 7.17252 68.8905 45.0936 
11.1739 11.1739 48.9547 49.8758 
6.28846 9.27958 0 1.1711 11.3281 
0 2.0067 0 0 0.443185 19.3616 0 
19.6104 7.17252 68.8905 45.0936 
11.1739 11.1739 48.9547 49.8758 
6.28846 9.27958 0 1.1711 11.3281 
0 2.0067 0 0 0.443185 19.3616 0 
19.6104 7.17252 68.8905 45.0936 
11.1739 11.1739 48.9547 49.8758 
6.28846 9.27958 0 1.1711 11.3281 
0 2.0067 0 0 0.443185 19.3616 0 
19.6104 7.17252 68.8905 45.0936 
11.1739 11.1739 48.9547 49.8758 
6.28846 9.27958 0 1.1711 11.3281 
0 2.0067 0 0 0.443185 19.3616 0 
Estimating row 292 out of 308 for hessian
19.6104 7.17252 68.8905 45.0936 
11.1739 11.1739 48.9547 49.8758 
6.28846 9.27958 0 1.1711 11.3281 
0 2.0067 0 0 0.443185 19.3616 0 
19.6104 7.17252 68.8905 45.0936 
11.1739 11.1739 48.9547 49.8758 
6.28846 9.27958 0 1.1711 11.3281 
0 2.0067 0 0 0.443185 19.3616 0 
19.6104 7.17252 68.8905 45.0936 
11.1739 11.1739 48.9547 49.8758 
6.28846 9.27958 0 1.1711 11.3281 
0 2.0067 0 0 0.443185 19.3616 0 
19.6104 7.17252 68.8905 45.0936 
11.1739 11.1739 48.9547 49.8758 
6.28846 9.27958 0 1.1711 11.3281 
0 2.0067 0 0 0.443185 19.3616 0 
Estimating row 293 out of 308 for hessian
19.6104 7.17252 68.8905 45.0936 
11.1739 11.1739 48.9547 49.8758 
6.28846 9.27958 0 1.1711 11.3281 
0 2.0067 0 0 0.443185 19.3616 0 
19.6104 7.17252 68.8905 45.0936 
11.1739 11.1739 48.9547 49.8758 
6.28846 9.27958 0 1.1711 11.3281 
0 2.0067 0 0 0.443185 19.3616 0 
19.6104 7.17252 68.8905 45.0936 
11.1739 11.1739 48.9547 49.8758 
6.28846 9.27958 0 1.1711 11.3281 
0 2.0067 0 0 0.443185 19.3616 0 
19.6104 7.17252 68.8905 45.0936 
11.1739 11.1739 48.9547 49.8758 
6.28846 9.27958 0 1.1711 11.3281 
0 2.0067 0 0 0.443185 19.3616 0 
Estimating row 294 out of 308 for hessian
19.6104 7.17252 68.8905 45.0936 
11.1739 11.1739 48.9547 49.8758 
6.28846 9.27958 0 1.1711 11.3281 
0 2.0067 0 0 0.443185 19.3616 0 
19.6104 7.17252 68.8905 45.0936 
11.1739 11.1739 48.9547 49.8758 
6.28846 9.27958 0 1.1711 11.3281 
0 2.0067 0 0 0.443185 19.3616 0 
19.6104 7.17252 68.8905 45.0936 
11.1739 11.1739 48.9547 49.8758 
6.28846 9.27958 0 1.1711 11.3281 
0 2.0067 0 0 0.443185 19.3616 0 
19.6104 7.17252 68.8905 45.0936 
11.1739 11.1739 48.9547 49.8758 
6.28846 9.27958 0 1.1711 11.3281 
0 2.0067 0 0 0.443185 19.3616 0 
Estimating row 295 out of 308 for hessian
19.6104 7.17252 68.8905 45.0936 
11.1739 11.1739 48.9547 49.8758 
6.28846 9.27958 0 1.1711 11.3281 
0 2.0067 0 0 0.443185 19.3616 0 
19.6104 7.17252 68.8905 45.0936 
11.1739 11.1739 48.9547 49.8758 
6.28846 9.27958 0 1.1711 11.3281 
0 2.0067 0 0 0.443185 19.3616 0 
19.6104 7.17252 68.8905 45.0936 
11.1739 11.1739 48.9547 49.8758 
6.28846 9.27958 0 1.1711 11.3281 
0 2.0067 0 0 0.443185 19.3616 0 
19.6104 7.17252 68.8905 45.0936 
11.1739 11.1739 48.9547 49.8758 
6.28846 9.27958 0 1.1711 11.3281 
0 2.0067 0 0 0.443185 19.3616 0 
Estimating row 296 out of 308 for hessian
19.6104 7.17252 68.8905 45.0936 
11.1739 11.1739 48.9547 49.8758 
6.28846 9.27958 0 1.1711 11.3281 
0 2.0067 0 0 0.443185 19.3616 0 
19.6104 7.17252 68.8905 45.0936 
11.1739 11.1739 48.9547 49.8758 
6.28846 9.27958 0 1.1711 11.3281 
0 2.0067 0 0 0.443185 19.3616 0 
19.6104 7.17252 68.8905 45.0936 
11.1739 11.1739 48.9547 49.8758 
6.28846 9.27958 0 1.1711 11.3281 
0 2.0067 0 0 0.443185 19.3616 0 
19.6104 7.17252 68.8905 45.0936 
11.1739 11.1739 48.9547 49.8758 
6.28846 9.27958 0 1.1711 11.3281 
0 2.0067 0 0 0.443185 19.3616 0 
Estimating row 297 out of 308 for hessian
19.6104 7.17252 68.8905 45.0936 
11.1739 11.1739 48.9547 49.8758 
6.28846 9.27958 0 1.1711 11.3281 
0 2.0067 0 0 0.443185 19.3616 0 
19.6104 7.17252 68.8905 45.0936 
11.1739 11.1739 48.9547 49.8758 
6.28846 9.27958 0 1.1711 11.3281 
0 2.0067 0 0 0.443185 19.3616 0 
19.6104 7.17252 68.8905 45.0936 
11.1739 11.1739 48.9547 49.8758 
6.28846 9.27958 0 1.1711 11.3281 
0 2.0067 0 0 0.443185 19.3616 0 
19.6104 7.17252 68.8905 45.0936 
11.1739 11.1739 48.9547 49.8758 
6.28846 9.27958 0 1.1711 11.3281 
0 2.0067 0 0 0.443185 19.3616 0 
Estimating row 298 out of 308 for hessian
19.6104 7.17252 68.8905 45.0936 
11.1739 11.1739 48.9547 49.8758 
6.28846 9.27958 0 1.1711 11.3281 
0 2.0067 0 0 0.443185 19.3616 0 
19.6104 7.17252 68.8905 45.0936 
11.1739 11.1739 48.9547 49.8758 
6.28846 9.27958 0 1.1711 11.3281 
0 2.0067 0 0 0.443185 19.3616 0 
19.6104 7.17252 68.8905 45.0936 
11.1739 11.1739 48.9547 49.8758 
6.28846 9.27958 0 1.1711 11.3281 
0 2.0067 0 0 0.443185 19.3616 0 
19.6104 7.17252 68.8905 45.0936 
11.1739 11.1739 48.9547 49.8758 
6.28846 9.27958 0 1.1711 11.3281 
0 2.0067 0 0 0.443185 19.3616 0 
Estimating row 299 out of 308 for hessian
19.6104 7.17252 68.8905 45.0936 
11.1739 11.1739 48.9547 49.8758 
6.28846 9.27958 0 1.1711 11.3281 
0 2.0067 0 0 0.443185 19.3616 0 
19.6104 7.17252 68.8905 45.0936 
11.1739 11.1739 48.9547 49.8758 
6.28846 9.27958 0 1.1711 11.3281 
0 2.0067 0 0 0.443185 19.3616 0 
19.6104 7.17252 68.8905 45.0936 
11.1739 11.1739 48.9547 49.8758 
6.28846 9.27958 0 1.1711 11.3281 
0 2.0067 0 0 0.443185 19.3616 0 
19.6104 7.17252 68.8905 45.0936 
11.1739 11.1739 48.9547 49.8758 
6.28846 9.27958 0 1.1711 11.3281 
0 2.0067 0 0 0.443185 19.3616 0 
Estimating row 300 out of 308 for hessian
19.6104 7.17252 68.8905 45.0936 
11.1739 11.1739 48.9547 49.8758 
6.28846 9.27958 0 1.1711 11.3281 
0 2.0067 0 0 0.443185 19.3616 0 
19.6104 7.17252 68.8905 45.0936 
11.1739 11.1739 48.9547 49.8758 
6.28846 9.27958 0 1.1711 11.3281 
0 2.0067 0 0 0.443185 19.3616 0 
19.6104 7.17252 68.8905 45.0936 
11.1739 11.1739 48.9547 49.8758 
6.28846 9.27958 0 1.1711 11.3281 
0 2.0067 0 0 0.443185 19.3616 0 
19.6104 7.17252 68.8905 45.0936 
11.1739 11.1739 48.9547 49.8758 
6.28846 9.27958 0 1.1711 11.3281 
0 2.0067 0 0 0.443185 19.3616 0 
Estimating row 301 out of 308 for hessian
19.6104 7.17252 68.8905 45.0936 
11.1739 11.1739 48.9547 49.8758 
6.28846 9.27958 0 1.1711 11.3281 
0 2.0067 0 0 0.443185 19.3616 0 
19.6104 7.17252 68.8905 45.0936 
11.1739 11.1739 48.9547 49.8758 
6.28846 9.27958 0 1.1711 11.3281 
0 2.0067 0 0 0.443185 19.3616 0 
19.6104 7.17252 68.8905 45.0936 
11.1739 11.1739 48.9547 49.8758 
6.28846 9.27958 0 1.1711 11.3281 
0 2.0067 0 0 0.443185 19.3616 0 
19.6104 7.17252 68.8905 45.0936 
11.1739 11.1739 48.9547 49.8758 
6.28846 9.27958 0 1.1711 11.3281 
0 2.0067 0 0 0.443185 19.3616 0 
Estimating row 302 out of 308 for hessian
19.6104 7.17252 68.8905 45.0936 
11.1739 11.1739 48.9547 49.8758 
6.28846 9.27958 0 1.1711 11.3281 
0 2.0067 0 0 0.443185 19.3616 0 
19.6104 7.17252 68.8905 45.0936 
11.1739 11.1739 48.9547 49.8758 
6.28846 9.27958 0 1.1711 11.3281 
0 2.0067 0 0 0.443185 19.3616 0 
19.6104 7.17252 68.8905 45.0936 
11.1739 11.1739 48.9547 49.8758 
6.28846 9.27958 0 1.1711 11.3281 
0 2.0067 0 0 0.443185 19.3616 0 
19.6104 7.17252 68.8905 45.0936 
11.1739 11.1739 48.9547 49.8758 
6.28846 9.27958 0 1.1711 11.3281 
0 2.0067 0 0 0.443185 19.3616 0 
Estimating row 303 out of 308 for hessian
19.6104 7.17261 68.8905 45.0935 
11.1741 11.1741 48.9525 49.8775 
6.28846 9.27982 0 1.1711 11.3281 
0 2.0067 0 0 0.443185 19.3616 0 
19.6104 7.17243 68.8905 45.0937 
11.1736 11.1736 48.9569 49.874 
6.28846 9.27933 0 1.1711 11.3281 
0 2.0067 0 0 0.443185 19.3616 0 
19.6104 7.17253 68.8905 45.0936 
11.1739 11.1739 48.9545 49.8759 
6.28846 9.2796 0 1.1711 11.3281 
0 2.0067 0 0 0.443185 19.3616 0 
19.6104 7.17251 68.8905 45.0936 
11.1738 11.1738 48.9549 49.8756 
6.28846 9.27955 0 1.1711 11.3281 
0 2.0067 0 0 0.443185 19.3616 0 
Estimating row 304 out of 308 for hessian
19.611 7.17189 68.8904 45.0933 
11.1739 11.1739 48.9547 49.8758 
6.28846 9.27958 0 1.1711 11.3281 
0 2.0067 0 0 0.443185 19.362 0 
19.6098 7.17315 68.8905 45.0939 
11.1739 11.1739 48.9547 49.8758 
6.28846 9.27958 0 1.1711 11.3281 
0 2.0067 0 0 0.443185 19.3612 0 
19.6105 7.17246 68.8905 45.0935 
11.1739 11.1739 48.9547 49.8758 
6.28846 9.27958 0 1.1711 11.3281 
0 2.0067 0 0 0.443185 19.3616 0 
19.6103 7.17258 68.8905 45.0936 
11.1739 11.1739 48.9547 49.8758 
6.28846 9.27958 0 1.1711 11.3281 
0 2.0067 0 0 0.443185 19.3615 0 
Estimating row 305 out of 308 for hessian
19.6106 7.17169 68.8914 45.0943 
11.1739 11.1739 48.9547 49.8758 
6.28846 9.27958 0 1.1711 11.3281 
0 2.0067 0 0 0.443185 19.3606 0 
19.6102 7.17334 68.8896 45.0929 
11.1739 11.1739 48.9547 49.8758 
6.28846 9.27958 0 1.1711 11.3281 
0 2.0067 0 0 0.443185 19.3625 0 
19.6104 7.17244 68.8906 45.0936 
11.1739 11.1739 48.9547 49.8758 
6.28846 9.27958 0 1.1711 11.3281 
0 2.0067 0 0 0.443185 19.3615 0 
19.6104 7.1726 68.8904 45.0935 
11.1739 11.1739 48.9547 49.8758 
6.28846 9.27958 0 1.1711 11.3281 
0 2.0067 0 0 0.443185 19.3617 0 
Estimating row 306 out of 308 for hessian
19.6104 7.17224 68.8906 45.0942 
11.1739 11.1739 48.9547 49.8758 
6.28846 9.27958 0 1.1711 11.3281 
0 2.0067 0 0 0.443185 19.361 0 
19.6104 7.1728 68.8903 45.0929 
11.1739 11.1739 48.9547 49.8758 
6.28846 9.27958 0 1.1711 11.3281 
0 2.0067 0 0 0.443185 19.3622 0 
19.6104 7.17249 68.8905 45.0936 
11.1739 11.1739 48.9547 49.8758 
6.28846 9.27958 0 1.1711 11.3281 
0 2.0067 0 0 0.443185 19.3615 0 
19.6104 7.17255 68.8905 45.0935 
11.1739 11.1739 48.9547 49.8758 
6.28846 9.27958 0 1.1711 11.3281 
0 2.0067 0 0 0.443185 19.3616 0 
Estimating row 307 out of 308 for hessian
19.6106 7.17286 68.8892 45.0942 
11.1739 11.1739 48.9547 49.8758 
6.28846 9.27958 0 1.1711 11.3281 
0 2.0067 0 0 0.443185 19.3617 0 
19.6102 7.17218 68.8917 45.093 
11.1739 11.1739 48.9547 49.8758 
6.28846 9.27958 0 1.1711 11.3281 
0 2.0067 0 0 0.443185 19.3615 0 
19.6104 7.17255 68.8904 45.0936 
11.1739 11.1739 48.9547 49.8758 
6.28846 9.27958 0 1.1711 11.3281 
0 2.0067 0 0 0.443185 19.3616 0 
19.6104 7.17249 68.8906 45.0935 
11.1739 11.1739 48.9547 49.8758 
6.28846 9.27958 0 1.1711 11.3281 
0 2.0067 0 0 0.443185 19.3616 0 
Estimating row 308 out of 308 for hessian
19.6116 7.17234 68.8881 45.0932 
11.1739 11.1739 48.9547 49.8758 
6.28846 9.27958 0 1.1711 11.3281 
0 2.0067 0 0 0.443185 19.3634 0 
19.6092 7.1727 68.8929 45.0939 
11.1739 11.1739 48.9547 49.8758 
6.28846 9.27958 0 1.1711 11.3281 
0 2.0067 0 0 0.443185 19.3598 0 
19.6105 7.1725 68.8902 45.0935 
11.1739 11.1739 48.9547 49.8758 
6.28846 9.27958 0 1.1711 11.3281 
0 2.0067 0 0 0.443185 19.3618 0 
19.6103 7.17254 68.8907 45.0936 
11.1739 11.1739 48.9547 49.8758 
6.28846 9.27958 0 1.1711 11.3281 
0 2.0067 0 0 0.443185 19.3614 0 
19.6104 7.17252 68.8905 45.0936 
11.1739 11.1739 48.9547 49.8758 
6.28846 9.27958 0 1.1711 11.3281 
0 2.0067 0 0 0.443185 19.3616 0 
