imm_n_obs 1.06218e+09 8.02275e+08 7.82115e+08 3.24233e+08 8.87662e+08 3.13031e+09 2.86007e+09 2.37133e+09 1.91262e+09 2.65191e+09 2.22099e+09 4.00043e+09 3.23058e+09 2.63898e+09 1.50596e+09 8.04366e+08 5.4009e+08 2.49043e+08 7.30373e+08 1.12465e+09 4.12193e+08 8.66378e+08 1.21082e+09 1.41878e+09 8.04862e+08 8.98046e+08 6.00027e+08 7.66496e+08 1.91029e+09 1.3867e+09 9.46172e+08 7.64759e+08 1.07133e+09 1.1757e+09 2.01654e+09 2.90671e+09 4.28182e+09 1.32688e+09 0 6.2408e+07 4.54004e+08 7.09936e+08
mat_n_obs 8.60069e+08 6.57925e+08 5.559e+08 2.03921e+08 3.10644e+08 8.30291e+08 1.08412e+09 1.03005e+09 1.0513e+09 9.72324e+08 6.90866e+08 8.07569e+08 8.86215e+08 1.10775e+09 1.10373e+09 8.4616e+08 5.3158e+08 2.7958e+08 3.24903e+08 5.02475e+08 2.91251e+08 2.42719e+08 3.2086e+08 5.49636e+08 5.26538e+08 5.55811e+08 4.49691e+08 4.17428e+08 6.15704e+08 5.49313e+08 5.22582e+08 3.73711e+08 5.83147e+08 3.10621e+08 2.82013e+08 6.33466e+08 1.57292e+09 8.09824e+08 0 2.38936e+08 1.39945e+08 9.97933e+07
survey_sel 0.267972 0.367021 0.439104 0.477589 0.484361 0.469717 0.447895 0.430552 0.422662 0.423208 0.429725 0.442395 0.464484 0.499121 0.546515 0.604477 0.671466 0.749503 0.84147 0.947662 1
est_m_devs1
sigma_m_mu 0.01 0.008 0.01
smooth_m_weight 0.01 0.05
est_m_lg_devs-1
1187.25 2230.42 307.045 209.099 
761.154 761.154 568.838 151.45 
7.17687 1804.96 0 4.54785 0.398043 
0 2.60457 0 0 0.310792 93.4954 0 

Initial statistics: 308 variables; iteration 0; function evaluation 0; phase 1
Function value   7.6517506e+03; maximum gradient component mag   1.0434e+05
Var   Value    Gradient   |Var   Value    Gradient   |Var   Value    Gradient
  1  0.21829   5.4355e+01 |  2  0.13998   1.0333e+01 |  3  0.38172   2.4092e+03
  4  0.20390  -6.1298e+00 |  5  0.23211  -2.2261e+02 |  6  0.01697  -9.7318e+01
  7  0.14618  -1.3954e+02 |  8  0.18630  -1.7270e+02 |  9  0.15450  -1.3933e+02
 10  0.18736  -1.4679e+01 | 11  0.09874  -3.5192e+01 | 12  0.16724  -1.9767e+02
 13  0.11823  -5.3008e+01 | 14  0.11197   1.5555e+01 | 15 -0.07280  -3.7807e+00
 16 -0.05750  -4.4998e+00 | 17 -0.06065  -1.6463e+01 | 18 -0.16995   1.4592e-01
 19 -0.33541  -1.4391e-01 | 20 -0.28283  -1.3909e-02 | 21 -0.40532  -6.5956e-03
 22  0.19610   6.6778e+00 | 23 -0.23852  -1.4590e-02 | 24  0.06018  -9.3030e-01
 25  0.04463  -9.8518e+00 | 26  0.15698  -2.1916e+01 | 27  0.01154  -5.4263e+01
 28  0.20562  -7.3156e+01 | 29  0.23088  -3.0272e+01 | 30  0.18652  -9.3386e+01
 31  0.16258  -1.1456e+02 | 32  0.39607   3.7568e+03 | 33  0.05927  -5.9891e+01
 34  0.17755  -1.0216e+02 | 35  0.26478   8.0840e+02 | 36  0.21895   2.9299e+02
 37  0.06980  -1.4090e+02 | 38 -0.02467  -5.7327e+01 | 39  0.09461   2.1428e+01
 40 -0.14146  -1.1791e+01 | 41 -0.08523  -2.4453e+00 | 42 -0.18930  -8.6638e-01
 43  0.01221   9.6207e+01 | 44 -0.11220   1.2335e+02 | 45 -0.06630  -1.9038e+02
 46 -0.18050   2.2914e+01 | 47 -0.21065   3.1184e+01 | 48 -0.16144  -9.5109e+01
 49 -0.05907  -3.8871e+02 | 50 -0.08621  -1.9124e+02 | 51 -0.00489  -5.3054e+02
 52  0.04408  -9.5253e+02 | 53  0.00684  -8.6556e+02 | 54  0.06371  -1.5453e+03
 55  0.04509  -1.1478e+03 | 56 -0.07847  -1.5078e+02 | 57  0.11717  -1.0968e+03
 58  0.06736  -9.1597e+02 | 59  0.03539  -9.2606e+02 | 60 -0.13356  -6.7619e+01
 61 -0.06674  -2.4694e+02 | 62 -0.00066  -5.2500e+02 | 63 -0.03736  -3.5581e+02
 64 -0.06904  -3.4638e+02 | 65 -0.04104  -6.4230e+02 | 66 -0.07574  -4.4055e+02
 67 -0.07337  -3.3307e+02 | 68 -0.00589  -5.5765e+02 | 69 -0.09280  -1.3078e+02
 70 -0.04707  -1.2050e+02 | 71  0.07018  -3.9339e+02 | 72  0.04677  -3.2154e+02
 73 -0.03106  -9.3144e+01 | 74 -0.02275  -1.5497e+02 | 75  0.06006  -6.9041e+02
 76  0.07753  -1.0674e+03 | 77  0.03008  -5.4516e+02 | 78 -0.07000   6.4733e+01
 79  0.07328   6.7151e+01 | 80  0.35316   3.1336e+02 | 81  0.00017   3.8706e+02
 82 -0.13081   3.5605e+02 | 83 -0.03568   3.5314e+02 | 84  0.06175   3.8836e+02
 85 -0.02495   4.6986e+02 | 86  0.13991   2.5710e+02 | 87  0.27110   1.9881e+01
 88 -0.08216   6.1833e+02 | 89 -0.15736   6.2498e+02 | 90 -0.14944   6.1014e+02
 91 -0.04423   5.1904e+02 | 92 -0.06777   5.2492e+02 | 93  0.08878   1.9937e+02
 94  0.17418  -2.2961e+02 | 95  0.03038   3.1309e+02 | 96  0.02526   3.2642e+02
 97  0.08244   1.7678e+02 | 98  0.06904   1.4036e+02 | 99 -0.00130   2.9312e+02
100  0.09168  -1.6434e+01 |101  0.10841  -4.5868e+01 |102 -0.02992   4.4459e+02
103 -0.10226   5.5493e+02 |104  0.04808   3.6486e+02 |105  0.04097   3.6888e+02
106 -0.10757   5.5967e+02 |107 -0.02400   4.8805e+02 |108  0.05109   3.9071e+02
109  0.13491   1.4507e+02 |110  0.06351   2.7687e+02 |111 -0.02335   4.1742e+02
112 -0.11487   5.0727e+02 |113 -0.13031   5.0849e+02 |114 -0.05526   4.5849e+02
115  0.14015   4.0470e+01 |116  0.03991   3.9103e+02 |117  0.09126   2.7049e+02
118  0.01346   4.4070e+02 |119 -0.01254   4.7832e+02 |120  0.00001   4.1135e+02
121  0.13330  -1.1431e+02 |122  0.18214  -3.9726e+02 |123 -0.05725   7.1245e+02
124  0.16207   4.6157e+02 |125 -0.03901   6.7731e+02 |126 -0.17640   6.8099e+02
127 -0.00059   5.2169e+01 |128 -0.04286   5.2051e+01 |129  0.00383   5.2169e+01
130  0.00607   5.2167e+01 |131 -0.01516   5.2155e+01 |132  0.07016   5.1853e+01
133 -0.02402   5.2132e+01 |134 -0.00657   5.2167e+01 |135  0.01282   5.2159e+01
136  0.03536   5.2089e+01 |137 -0.00287   5.2169e+01 |138 -0.00835   5.2165e+01
139 -0.02576   5.2127e+01 |140  0.00580   5.2167e+01 |141  0.02695   5.2123e+01
142  0.00650   5.2167e+01 |143 -0.08430   5.1713e+01 |144 -0.01777   5.2149e+01
145 -0.02181   5.2139e+01 |146 -0.02986   5.2112e+01 |147 -0.03141   5.2106e+01
148 -0.01901   5.2146e+01 |149  0.04693   5.2028e+01 |150  0.02294   5.2136e+01
151  0.01450   5.2156e+01 |152 -0.04661   5.2030e+01 |153  0.01842   5.2148e+01
154 -0.04087   5.2062e+01 |155  0.01107   5.2162e+01 |156  0.03373   5.2096e+01
157  0.05273   5.1991e+01 |158  0.02579   5.2127e+01 |159  0.01547   5.2154e+01
160  0.07923   5.1766e+01 |161 -0.01368   5.2157e+01 |162 -0.00815   5.2165e+01
163  0.05006   5.2008e+01 |164  0.03267   5.2101e+01 |165  0.01266   5.2159e+01
166  0.00031   5.2169e+01 |167 -0.02244   5.2137e+01 |168 -0.00521   5.2168e+01
169  0.12381   1.0434e+05 |170 -0.05699  -6.6241e+02 |171  0.01830   1.0910e+03
172  0.03380   9.2132e+02 |173  0.05821   1.1152e+03 |174  0.06247   1.0284e+03
175  0.00598  -4.9657e+02 |176 -0.00184  -6.7118e+02 |177  0.05747   1.1644e+02
178  0.07083   4.8584e+01 |179  0.10862   1.4888e+03 |180  0.09713   1.2938e+03
181  0.03108  -1.8317e+02 |182 -0.08405  -1.1834e+03 |183 -0.03470  -8.1915e+02
184  0.02349   7.0133e+02 |185  0.01336   1.4072e+03 |186 -0.01900   6.3415e+02
187 -0.08174  -8.9044e+02 |188 -0.03814  -6.3807e+02 |189 -0.01571  -3.2261e+02
190  0.02046   8.4474e+02 |191  0.04279   1.9429e+03 |192 -0.00478   2.0193e+02
193 -0.05710  -9.9846e+02 |194 -0.11889  -1.2617e+03 |195  0.03488   7.1520e+02
196  0.00565  -4.3205e+02 |197 -0.03553  -1.0140e+03 |198 -0.00094  -4.8633e+02
199 -0.03212  -8.8139e+02 |200  0.05818   4.4132e+02 |201  0.03233  -6.7985e+02
202  0.13471   1.5459e+03 |203  0.07780  -4.5210e+02 |204  0.04868  -1.0037e+03
205 -0.04758  -1.3825e+03 |206 -0.16643  -1.3961e+03 |207 -0.18024  -1.3943e+03
208 -0.06373  -6.3962e+02 |209 -0.05927  -1.1583e+03 |210 -0.01265  -1.3171e+03
211  0.01786  -1.4494e+03 |212  0.01617  -2.9899e+04 |213 -0.04457  -1.6012e+04
214 -0.04220  -2.6071e-08 |215 -0.64050   6.9601e+02 |216 -0.84107   9.5167e+02
217 -0.00092   6.4580e+03 |218 -0.22494  -2.0272e+02 |219 -0.27148  -2.2072e+02
220 -0.09374  -2.8283e+02 |221 -0.03330  -3.1905e+02 |222 -0.02858  -2.5110e+02
223 -0.02964  -2.3653e+02 |224 -0.02693  -1.6564e+02 |225 -0.07144  -1.4436e+02
226  0.00365  -2.5974e+02 |227  0.08147  -3.0406e+02 |228  0.16974  -4.2512e+02
229  0.12239  -2.9453e+02 |230  0.08630  -2.2141e+02 |231  0.05310  -2.1547e+02
232  0.08183  -2.6409e+02 |233  0.04955  -3.2936e+02 |234  0.08542  -4.5511e+02
235 -0.05825  -1.6812e+02 |236 -0.12954  -1.5225e+02 |237  0.04316  -1.9028e+02
238 -0.00651  -1.9829e+02 |239 -0.10546  -1.5088e+02 |240 -0.15665  -1.7663e+02
241 -0.08756  -2.5140e+02 |242  0.03385  -3.1093e+02 |243  0.08728  -3.6251e+02
244 -0.00223  -3.3921e+02 |245 -0.19031  -2.5303e+02 |246 -0.21265  -1.9840e+02
247 -0.06593  -3.1757e+02 |248  0.01777  -3.4926e+02 |249 -0.00371  -3.6487e+02
250  0.00635  -4.0307e+02 |251  0.02089  -3.6856e+02 |252  0.07129  -3.0410e+02
253  0.00983  -2.9088e+02 |254  0.11889  -3.4461e+02 |255  0.20325  -3.5904e+02
256  0.18313  -3.9002e+02 |257 -0.11037  -3.1645e+02 |258  0.12355  -7.6837e+03
259  0.39943   2.8463e+03 |260 -0.87244  -7.0513e+02 |261 -0.84763   1.2265e+04
262 -0.79368   6.5880e+02 |263  0.01987   4.3028e+02 |264  0.07297   4.2767e+02
265 -0.06616   4.2817e+02 |266 -0.04214   4.2955e+02 |267 -0.04234   4.2954e+02
268 -0.00714   4.3046e+02 |269 -0.02228   4.3023e+02 |270  0.01968   4.3028e+02
271  0.01859   4.3031e+02 |272 -0.01728   4.3033e+02 |273  0.01275   4.3040e+02
274 -0.01753   4.3033e+02 |275 -0.00357   4.3048e+02 |276  0.03036   4.3000e+02
277 -0.00439   4.3048e+02 |278  0.00256   4.3049e+02 |279  0.00549   4.3047e+02
280  0.04518   4.2941e+02 |281 -0.01576   4.3036e+02 |282  0.01542   4.3036e+02
283  0.01969   4.3028e+02 |284 -0.00524   4.3048e+02 |285  0.01556   4.3036e+02
286 -0.03266   4.2992e+02 |287 -0.00611   4.3047e+02 |288 -0.01380   4.3039e+02
289 -0.05068   4.2913e+02 |290  0.01609   4.3035e+02 |291 -0.01932   4.3029e+02
292  0.00763   4.3046e+02 |293  0.02003   4.3028e+02 |294 -0.02146   4.3025e+02
295 -0.04031   4.2963e+02 |296  0.00110   4.3049e+02 |297  0.04023   4.2963e+02
298  0.02054   4.3027e+02 |299  0.04308   4.2950e+02 |300  0.02762   4.3009e+02
301  0.00048   4.3049e+02 |302 -0.01803   4.3032e+02 |303  0.42195  -1.1171e+04
304  0.08063  -3.0634e+03 |305 -0.88100  -1.5689e+03 |306  0.04012  -2.3308e+03
307 -0.91758   2.5051e+02 |308 -0.48533  -3.3947e+03 |
1187.24 2230.42 307.045 209.099 
761.151 761.151 568.837 151.45 
7.17687 1804.95 0 4.54786 0.398041 
0 2.60457 0 0 0.310792 93.4954 0 
1187.2 2230.35 307.046 209.099 
761.115 761.115 568.835 151.45 
7.17687 1804.9 0 4.54795 0.398025 
0 2.60457 0 0 0.310792 93.4954 0 
1186.77 2229.69 307.046 209.099 
760.76 760.76 568.807 151.448 
7.17687 1804.38 0 4.54886 0.397866 
0 2.60457 0 0 0.310793 93.4954 0 
1182.5 2223.1 307.054 209.1 
757.22 757.22 568.535 151.425 
7.17691 1799.11 0 4.55789 0.396272 
0 2.60458 0 0 0.310793 93.4954 0 
1140.17 2157.81 307.144 209.125 
722.422 722.422 565.82 151.208 
7.17726 1746.97 0 4.64872 0.380508 
0 2.60475 0 0 0.310799 93.4956 0 
761.462 1563.17 309.654 210.73 
435.534 435.534 539.247 149.442 
7.18083 1271.58 0 5.60618 0.240451 
0 2.60642 0 0 0.310856 93.4978 0 
657.593 1244.12 210.485 149.045 
567.63 567.63 144.512 166.613 
6.95842 606.736 0 3.77918 2.40778 
0 2.62993 0 0 0.308698 92.0556 0 
618.063 1128.4 174.236 118.93 
407.952 407.952 209.334 164 
6.80576 495.887 0 2.58975 9.14711 
0 2.64715 0 0 0.30707 91.8188 0 
636.385 1184.14 184.889 129.914 
450.824 450.824 111.974 153.381 
6.87712 568.885 0 3.1219 5.43441 
0 2.63897 0 0 0.307835 91.8059 0 
301.426 607.773 868.283 139.511 
419.248 419.248 179.514 299.965 
6.65433 1097.05 0 1.95819 31.4656 
0 2.66757 0 0 0.303596 100.756 0 
477.508 948.922 230.137 122.367 
444.544 444.544 108.543 108.522 
6.7919 703.933 0 2.65343 12.7062 
0 2.64954 0 0 0.306218 94.9627 0 
630.603 797.587 192.292 119.907 
391.334 391.334 148.186 138.968 
6.64207 439.721 0 3.63495 53.8477 
0 2.67423 0 0 0.300092 83.3622 0 
479.076 611.362 209.69 128.157 
242.2 242.2 145.813 155.437 
6.51404 224.207 0 18.4134 77.3586 
0 2.5173 0 0 0.28401 100.187 0 
332.197 348.042 231.941 156.234 
174.517 174.517 131.093 109.691 
6.41773 159.455 0 54.7398 84.7912 
0 2.37651 0 0 0.273235 120.811 0 
366.511 426.667 195.597 139.563 
160.231 160.231 130.877 129.627 
6.44217 137.938 0 41.1312 82.3854 
0 2.41974 0 0 0.276342 113.751 0 
146.177 223.535 377.387 199.871 
215.189 215.189 89.0608 107.135 
6.21525 484.597 0 69.62 79.7719 
0 2.2732 0 0 0.267379 149.667 0 
235.325 347.259 228.803 148.206 
154.568 154.568 104.275 116.499 
6.35036 146.722 0 50.9393 81.4054 
0 2.36296 0 0 0.272643 126.562 0 
219.011 296.102 210.216 124.596 
128.333 128.333 101.029 92.1276 
6.14554 148.14 0 50.0394 75.4652 
0 2.29149 0 0 0.268834 136.97 0 
208.082 282.034 235.641 137.647 
115.78 115.78 167.438 83.9343 
6.22931 107.482 0 47.4613 87.3543 
0 2.22711 0 0 0.262833 152.199 0 

Intermediate statistics: 308 variables; iteration 10; function evaluation 19; phase 1
Function value   2.2470028e+03; maximum gradient component mag   2.0516e+04
Var   Value    Gradient   |Var   Value    Gradient   |Var   Value    Gradient
  1  0.20650  -4.6766e+01 |  2  0.14687  -8.4073e+01 |  3  0.13873  -9.7166e+01
  4  0.23532  -2.7992e+02 |  5  0.35014  -9.2695e+01 |  6  0.05946  -9.2750e+01
  7  0.22792  -1.7062e+02 |  8  0.25860  -4.0598e+01 |  9  0.20875  -9.3636e+01
 10  0.19386  -1.2261e+02 | 11  0.11202  -5.5787e+01 | 12  0.20348  -2.4845e+01
 13  0.12955  -3.4151e+01 | 14  0.10503  -5.6605e+01 | 15 -0.07116  -5.5258e+00
 16 -0.05574  -1.7857e+00 | 17 -0.05335  -1.4577e+01 | 18 -0.17003   1.0644e-02
 19 -0.33534  -1.5291e-01 | 20 -0.28283  -2.6947e-02 | 21 -0.40532  -8.5973e-03
 22  0.19686  -4.7314e+00 | 23 -0.23851  -1.5343e-02 | 24  0.06075  -1.5707e+00
 25  0.04969  -1.2807e+01 | 26  0.16466  -4.5627e+01 | 27  0.03526  -5.9614e+01
 28  0.21317  -3.8987e+01 | 29  0.20520  -3.9885e+00 | 30  0.20924  -1.7815e+01
 31  0.19683  -1.5774e+01 | 32  0.22232   9.5283e+01 | 33  0.08045  -3.9325e+01
 34  0.18713   1.7157e+01 | 35  0.11525  -7.3559e+01 | 36  0.13825  -1.4350e+02
 37  0.11677  -6.0411e+01 | 38 -0.00244  -5.4207e+01 | 39  0.07411  -6.6703e-02
 40 -0.13651  -1.1903e+01 | 41 -0.08438  -3.0504e+00 | 42 -0.18894  -9.4209e-01
 43  0.01986   5.9840e+02 | 44 -0.08237   3.5169e+02 | 45 -0.01096   4.0340e+01
 46 -0.14124   7.8802e+01 | 47 -0.17613   5.5887e+01 | 48 -0.12078  -7.5025e+01
 49 -0.00636  -3.8178e+02 | 50 -0.04191  -9.0893e+01 | 51  0.04751  -3.2544e+02
 52  0.08732  -6.0413e+02 | 53  0.02729  -3.4610e+02 | 54  0.06753  -3.9988e+02
 55  0.05380  -4.6002e+01 | 56 -0.04963   3.3792e+02 | 57  0.16522   9.0569e+02
 58  0.14632   1.0405e+03 | 59  0.11688   6.3319e+02 | 60 -0.09901   3.7456e+02
 61 -0.02909   3.0310e+02 | 62  0.04641   8.2187e+01 | 63 -0.00191   2.6296e+01
 64 -0.03542  -2.3710e+01 | 65  0.00178  -2.4394e+02 | 66 -0.03384  -1.1971e+02
 67 -0.03674  -3.6114e+01 | 68  0.03221  -1.3621e+02 | 69 -0.06356   1.1894e+02
 70 -0.02719   9.1599e+01 | 71  0.07644  -4.0117e+01 | 72  0.05370   1.1323e+02
 73 -0.01072   2.9148e+02 | 74  0.00650   3.7063e+02 | 75  0.09888   3.2062e+02
 76  0.08994   3.9434e+02 | 77  0.02408   6.1805e+02 | 78 -0.05601   6.2315e+02
 79  0.08584   9.6320e+02 | 80  0.31133   2.0759e+03 | 81  0.02574   4.0507e+02
 82 -0.10063   4.4201e+02 | 83 -0.00360   4.1294e+02 | 84  0.08621   4.0455e+02
 85 -0.04174  -1.5447e+02 | 86  0.08102  -3.5380e+01 | 87  0.15500   5.4964e+01
 88 -0.11490  -2.1854e+02 | 89 -0.18335  -2.5265e+02 | 90 -0.16850  -3.0307e+02
 91 -0.04169  -4.2326e+02 | 92 -0.08518  -3.6439e+02 | 93  0.06771  -4.3461e+02
 94  0.17631  -5.5174e+02 | 95  0.00257  -3.9488e+02 | 96 -0.00841  -3.9120e+02
 97  0.02772  -3.7561e+02 | 98  0.03172  -4.3461e+02 | 99 -0.03063  -3.5329e+02
100  0.05630  -1.2417e+02 |101  0.08553   1.3173e+02 |102 -0.06424  -1.0839e+02
103 -0.13798  -1.9043e+02 |104  0.02297  -1.7476e+02 |105  0.03191  -2.6348e+02
106 -0.12811  -2.8876e+02 |107 -0.04363  -2.9738e+02 |108  0.02131  -2.9314e+02
109  0.11072  -3.6612e+02 |110  0.05465  -4.2062e+02 |111 -0.03583  -3.7501e+02
112 -0.13309  -3.2613e+02 |113 -0.14806  -3.2043e+02 |114 -0.08333  -3.1666e+02
115  0.07505  -3.4373e+02 |116 -0.02333  -3.0209e+02 |117  0.04329  -3.1040e+02
118 -0.01057  -2.9541e+02 |119 -0.03924  -2.6889e+02 |120 -0.03581  -2.2844e+02
121  0.10547  -7.3221e+01 |122  0.15319   3.5498e+02 |123 -0.10131  -2.4962e+02
124  0.07916   2.3195e+01 |125 -0.08109  -2.3513e+02 |126 -0.21538  -2.4574e+02
127 -0.00541  -3.8268e+01 |128 -0.04767  -3.8162e+01 |129 -0.00099  -3.8269e+01
130  0.00125  -3.8269e+01 |131 -0.01998  -3.8250e+01 |132  0.06537  -3.8067e+01
133 -0.02884  -3.8230e+01 |134 -0.01139  -3.8263e+01 |135  0.00800  -3.8266e+01
136  0.03055  -3.8225e+01 |137 -0.00770  -3.8266e+01 |138 -0.01317  -3.8261e+01
139 -0.03058  -3.8225e+01 |140  0.00098  -3.8269e+01 |141  0.02214  -3.8246e+01
142  0.00168  -3.8269e+01 |143 -0.08908  -3.7895e+01 |144 -0.02259  -3.8245e+01
145 -0.02663  -3.8236e+01 |146 -0.03468  -3.8212e+01 |147 -0.03623  -3.8207e+01
148 -0.02383  -3.8242e+01 |149  0.04211  -3.8185e+01 |150  0.01812  -3.8253e+01
151  0.00968  -3.8265e+01 |152 -0.05142  -3.8144e+01 |153  0.01360  -3.8260e+01
154 -0.04569  -3.8170e+01 |155  0.00625  -3.8267e+01 |156  0.02892  -3.8230e+01
157  0.04793  -3.8161e+01 |158  0.02097  -3.8248e+01 |159  0.01065  -3.8264e+01
160  0.07445  -3.8008e+01 |161 -0.01850  -3.8253e+01 |162 -0.01297  -3.8261e+01
163  0.04525  -3.8172e+01 |164  0.02785  -3.8232e+01 |165  0.00784  -3.8266e+01
166 -0.00452  -3.8268e+01 |167 -0.02726  -3.8234e+01 |168 -0.01003  -3.8264e+01
169  0.16943   2.0516e+04 |170 -0.02099   2.0361e+03 |171 -0.02488   1.8566e+03
172  0.05271   2.6603e+03 |173  0.09259   2.8164e+03 |174  0.08654   2.1823e+03
175  0.04726   1.5111e+03 |176  0.04367   1.4575e+03 |177  0.10656   1.6813e+03
178  0.15443   1.8828e+03 |179  0.18190   2.3064e+03 |180  0.15637   1.6894e+03
181  0.06540   1.1303e+03 |182 -0.06708   1.2012e+03 |183 -0.04805   1.1397e+03
184 -0.01481   1.0612e+03 |185  0.00586   1.4589e+03 |186 -0.01995   1.9421e+03
187 -0.07438   1.4763e+03 |188 -0.02479   1.5566e+03 |189  0.02247   1.8592e+03
190  0.02225   2.0210e+03 |191  0.03968   2.2621e+03 |192 -0.01153   1.6828e+03
193 -0.05116   1.4274e+03 |194 -0.11285   1.3224e+03 |195  0.02177   1.7874e+03
196  0.05593   1.8995e+03 |197  0.00735   1.4312e+03 |198 -0.00441   1.3747e+03
199 -0.01716   1.3174e+03 |200  0.01699   1.3479e+03 |201  0.02222   1.3257e+03
202  0.17329   1.7514e+03 |203  0.13283   8.9405e+02 |204  0.07644   8.6604e+02
205 -0.03358   1.2540e+03 |206 -0.16126   1.2908e+03 |207 -0.18935   1.2326e+03
208 -0.16836   1.2626e+03 |209 -0.05767   1.4534e+03 |210  0.07174   1.5178e+03
211  0.02428   1.3490e+03 |212  0.12401  -6.1091e+03 |213  0.15794   1.1945e+03
214 -0.04220  -2.6071e-08 |215 -0.72329   5.6122e+02 |216 -0.94922  -1.2893e+02
217 -0.15814   3.1443e+02 |218 -0.21502  -1.7493e+02 |219 -0.23997  -1.6957e+02
220 -0.00141  -1.5400e+02 |221  0.05836  -6.9952e+01 |222  0.02001  -1.5280e+02
223  0.00505  -1.6390e+01 |224 -0.02658   6.4304e+01 |225 -0.07316   9.0359e+01
226  0.02139   7.2836e+01 |227  0.06586   4.5793e+01 |228  0.16211  -3.3882e+01
229  0.12184  -6.9627e+00 |230  0.11003  -1.0561e+01 |231  0.07960   2.7453e+01
232  0.08104   6.9320e+01 |233  0.05540   8.3371e+00 |234  0.08550  -5.0635e+01
235 -0.04420  -1.0008e+02 |236 -0.07733  -1.8513e+02 |237  0.05491  -1.5624e+02
238  0.01201  -1.2165e+02 |239 -0.11349  -2.6244e+01 |240 -0.16258  -2.0859e+01
241 -0.08822  -4.8420e+01 |242  0.01711  -9.7579e-01 |243  0.06494   2.3774e+01
244 -0.01970   2.0155e+01 |245 -0.16612  -1.1606e+01 |246 -0.21816   1.9188e+01
247 -0.09427  -8.5390e+00 |248 -0.00835  -4.4751e+01 |249  0.00450  -3.2590e+01
250  0.02907  -5.5483e+01 |251  0.02588  -6.7434e+01 |252  0.03029  -1.8216e+01
253 -0.01391  -7.0644e+01 |254  0.07538  -8.6709e+01 |255  0.16020  -2.7047e+01
256  0.18530  -8.3825e+01 |257 -0.03206  -1.9795e+02 |258  0.03145  -1.7877e+03
259 -0.00304  -5.2144e+02 |260 -0.89322   3.8750e-01 |261 -0.91697   1.7024e+02
262 -0.83046   8.2418e+01 |263  0.01946  -7.0887e+02 |264  0.07299  -7.0454e+02
265 -0.06729  -7.0524e+02 |266 -0.04307  -7.0757e+02 |267 -0.04328  -7.0756e+02
268 -0.00778  -7.0914e+02 |269 -0.02305  -7.0873e+02 |270  0.01927  -7.0887e+02
271  0.01817  -7.0891e+02 |272 -0.01800  -7.0891e+02 |273  0.01228  -7.0907e+02
274 -0.01826  -7.0891e+02 |275 -0.00418  -7.0918e+02 |276  0.03003  -7.0841e+02
277 -0.00501  -7.0918e+02 |278  0.00200  -7.0919e+02 |279  0.00496  -7.0918e+02
280  0.04498  -7.0743e+02 |281 -0.01647  -7.0896e+02 |282  0.01497  -7.0900e+02
283  0.01927  -7.0887e+02 |284 -0.00586  -7.0917e+02 |285  0.01511  -7.0900e+02
286 -0.03352  -7.0821e+02 |287 -0.00674  -7.0916e+02 |288 -0.01450  -7.0901e+02
289 -0.05169  -7.0686e+02 |290  0.01565  -7.0898e+02 |291 -0.02006  -7.0885e+02
292  0.00712  -7.0915e+02 |293  0.01962  -7.0886e+02 |294 -0.02222  -7.0877e+02
295 -0.04123  -7.0771e+02 |296  0.00053  -7.0920e+02 |297  0.03999  -7.0780e+02
298  0.02013  -7.0884e+02 |299  0.04287  -7.0759e+02 |300  0.02727  -7.0855e+02
301 -0.00010  -7.0920e+02 |302 -0.01876  -7.0889e+02 |303  0.54724   6.9371e+02
304  0.23361  -9.6364e+02 |305 -0.84508   2.9045e+02 |306  0.25790  -1.3389e+02
307 -0.89970  -5.9570e+03 |308 -0.16925  -2.4860e+03 |
194.403 237.441 242.452 139.834 
62.1333 62.1333 166.818 88.0508 
5.98411 80.2768 0 48.539 83.342 
0 2.1265 0 0 0.259687 175.546 0 
157.639 249.42 251.544 155.054 
54.4773 54.4773 230.126 87.3329 
6.28943 114.021 0 47.3306 54.0541 
0 2.07607 0 0 0.266076 234.559 0 
151.476 248.414 255.599 158.647 
54.0827 54.0827 231.284 74.5481 
6.38873 97.6591 0 47.2116 49.5833 
0 2.07656 0 0 0.268485 248.994 0 
135.852 220.381 260.431 158.113 
46.1035 46.1035 219.577 79.1729 
6.53069 104.879 0 46.0151 48.7431 
0 2.09258 0 0 0.272972 276.023 0 
121.382 200.951 270.214 164.379 
49.5896 49.5896 214.407 77.1813 
7.05147 89.0481 0 43.2949 43.9276 
0 2.1169 0 0 0.284125 307.486 0 
92.1166 147.695 271.87 179.335 
31.2956 31.2956 203.702 75.3706 
8.17917 88.4656 0 42.1098 37.8886 
0 2.24606 0 0 0.310644 351.158 0 
100.179 131.584 262.04 319.498 
55.5512 55.5512 192.904 75.8901 
11.023 113.324 0 29.3335 36.9124 
0 2.57657 0 0 0.373845 364.445 0 
91.7404 139.07 260.014 216.481 
38.0798 38.0798 195.728 74.1686 
9.40645 94.4881 0 35.7614 37.4232 
0 2.37913 0 0 0.337474 345.997 0 
94.102 97.1099 260.72 237.442 
46.3088 46.3088 157.881 73.8276 
11.9913 108.047 0 27.6651 39.8942 
0 2.67215 0 0 0.373657 422.597 0 
92.2895 95.4144 262.8 219.286 
56.1021 56.1021 135.903 83.5041 
12.7881 104.105 0 23.8327 39.9097 
0 2.75095 0 0 0.383511 460.459 0 
87.1107 95.0824 266.015 236.107 
52.7161 52.7161 125.337 87.8637 
13.8342 102.702 0 21.9484 39.6983 
0 2.85745 0 0 0.393278 445.918 0 
308 variables; iteration 20; function evaluation 30; phase 1
Function value   1.6362438e+03; maximum gradient component mag   6.4491e+03
Var   Value    Gradient   |Var   Value    Gradient   |Var   Value    Gradient
  1  0.16266  -1.1299e+00 |  2  0.25812  -5.3473e+01 |  3 -0.24640  -6.6759e+00
  4  0.46044   1.3240e+02 |  5  0.20451  -7.2982e+01 |  6  0.33869  -7.8427e+01
  7  0.31351  -1.7425e+01 |  8  0.31608   2.0355e+01 |  9  0.28902  -2.4352e+01
 10  0.26214  -3.9130e+01 | 11  0.23630  -9.4559e+00 | 12  0.21866  -2.0413e+01
 13  0.22102  -4.4535e+00 | 14  0.21649   5.2487e+01 | 15 -0.05380  -5.1111e+00
 16 -0.04877   2.1415e-01 | 17 -0.02186   2.3529e+00 | 18 -0.17019  -1.1222e-01
 19 -0.33496  -6.0810e-02 | 20 -0.28278  -1.3074e-02 | 21 -0.40530  -4.9749e-03
 22  0.20722  -4.8491e+00 | 23 -0.23847  -1.5384e-02 | 24  0.06459  -1.4219e+00
 25  0.08343  -1.1314e+01 | 26  0.23923  -3.6886e+01 | 27  0.19492  -4.9380e+01
 28  0.28346  -1.2487e+00 | 29  0.20064  -6.8981e+01 | 30  0.26710   2.3684e+01
 31  0.24599   7.3210e+00 | 32  0.25908   9.0534e+01 | 33  0.19196  -8.8514e+00
 34  0.14803  -1.6553e+01 | 35 -0.39025  -2.3275e+01 | 36  0.12830  -1.6732e+02
 37  0.16684  -2.7995e+01 | 38  0.15211   7.0257e+00 | 39  0.03297  -2.5595e+01
 40 -0.10353  -1.2046e+01 | 41 -0.07818  -2.0957e+00 | 42 -0.18652  -8.4720e-01
 43  0.14431   4.8961e+01 | 44  0.00026   3.8478e+01 | 45  0.21200   6.8610e+01
 46 -0.16193   1.2218e+01 | 47 -0.23418   1.2891e+00 | 48 -0.14528  -3.0900e+01
 49  0.19798  -4.5203e+02 | 50 -0.08984  -6.4120e+01 | 51  0.03974  -1.4340e+02
 52  0.29505  -2.9480e+02 | 53  0.02642   5.5895e+01 | 54  0.01615   1.3392e+02
 55  0.03276   2.2725e+02 | 56 -0.04564   1.8289e+02 | 57  0.20472   6.9530e+02
 58  0.21899   5.9209e+02 | 59  0.15367   3.2929e+02 | 60 -0.12641   6.7614e+01
 61 -0.07035   5.8202e+01 | 62  0.02781   1.6391e+01 | 63 -0.05738  -1.5709e+01
 64 -0.11038  -3.8897e+01 | 65 -0.04131  -1.3360e+02 | 66 -0.05505  -1.4905e+02
 67 -0.10914  -9.3370e+01 | 68 -0.13257  -6.3149e+01 | 69 -0.12424  -4.0182e+01
 70 -0.07060  -1.9688e+01 | 71  0.13289  -5.5469e+01 | 72  0.06583  -2.6341e+01
 73 -0.03625   1.3805e+01 | 74 -0.05523   3.4892e+01 | 75 -0.02405   6.3052e+01
 76 -0.11683   6.5586e+01 | 77 -0.07904   8.4831e+01 | 78 -0.06886   8.7774e+01
 79  0.13496   1.5368e+02 | 80  0.34367   2.9816e+02 | 81 -0.00248   4.1325e+01
 82 -0.15718   5.3086e+01 | 83 -0.04797   4.9954e+01 | 84  0.05164   4.3114e+01
 85 -0.00185  -5.0245e+01 | 86  0.01240  -1.1022e+02 | 87 -0.06166  -1.2638e+02
 88 -0.09646  -8.7689e+01 | 89 -0.14725  -7.4065e+01 | 90 -0.09873  -7.7961e+01
 91  0.11801  -3.9859e+01 | 92 -0.02278  -7.9348e+01 | 93  0.03761  -1.1840e+02
 94  0.12146  -1.9498e+02 | 95 -0.01523  -1.2477e+02 | 96 -0.01130  -1.2320e+02
 97 -0.06340  -9.7530e+01 | 98  0.04361  -3.8864e+01 | 99 -0.01020   3.4696e+01
100  0.04398   1.8807e+02 |101  0.11893   3.6285e+02 |102 -0.04009   4.8161e+01
103 -0.13344  -3.1475e+01 |104  0.04445   5.2162e+00 |105  0.12531   2.9037e+01
106 -0.05023  -5.0436e+01 |107  0.01987  -3.6748e+01 |108  0.02432  -5.3109e+01
109  0.08509  -4.5089e+01 |110  0.13557  -6.5204e+01 |111  0.06641  -1.0841e+02
112 -0.05003  -1.1654e+02 |113 -0.06937  -1.1327e+02 |114 -0.05117  -9.6883e+01
115 -0.00918  -1.0185e+02 |116 -0.08160  -9.3932e+01 |117  0.06141  -1.0023e+02
118  0.05571  -5.9281e+01 |119 -0.01406  -3.8451e+01 |120 -0.05460  -3.3057e+01
121  0.09099   7.6619e+01 |122  0.19379   2.1084e+02 |123 -0.13355  -6.7146e+01
124  0.04636  -7.0711e+01 |125 -0.10335  -6.9496e+01 |126 -0.22437  -7.2368e+01
127 -0.00374  -6.9361e+00 |128 -0.04601  -6.9182e+00 |129  0.00068  -6.9363e+00
130  0.00292  -6.9362e+00 |131 -0.01831  -6.9334e+00 |132  0.06703  -6.8978e+00
133 -0.02717  -6.9299e+00 |134 -0.00972  -6.9354e+00 |135  0.00967  -6.9355e+00
136  0.03222  -6.9274e+00 |137 -0.00602  -6.9359e+00 |138 -0.01150  -6.9351e+00
139 -0.02891  -6.9291e+00 |140  0.00265  -6.9362e+00 |141  0.02381  -6.9314e+00
142  0.00335  -6.9362e+00 |143 -0.08743  -6.8709e+00 |144 -0.02092  -6.9325e+00
145 -0.02496  -6.9309e+00 |146 -0.03301  -6.9269e+00 |147 -0.03456  -6.9260e+00
148 -0.02216  -6.9321e+00 |149  0.04378  -6.9199e+00 |150  0.01979  -6.9329e+00
151  0.01135  -6.9352e+00 |152 -0.04976  -6.9151e+00 |153  0.01527  -6.9343e+00
154 -0.04402  -6.9197e+00 |155  0.00792  -6.9357e+00 |156  0.03059  -6.9283e+00
157  0.04959  -6.9152e+00 |158  0.02264  -6.9319e+00 |159  0.01232  -6.9350e+00
160  0.07611  -6.8868e+00 |161 -0.01683  -6.9338e+00 |162 -0.01130  -6.9352e+00
163  0.04692  -6.9174e+00 |164  0.02952  -6.9288e+00 |165  0.00951  -6.9355e+00
166 -0.00285  -6.9362e+00 |167 -0.02559  -6.9307e+00 |168 -0.00836  -6.9357e+00
169  0.17470   3.2406e+01 |170  0.07422   4.1445e+02 |171  0.03809   3.0206e+02
172  0.09441   7.0081e+02 |173  0.11435   8.4814e+02 |174  0.15612   7.1953e+02
175  0.17439   5.1793e+02 |176  0.16126   5.1986e+02 |177  0.18636   5.8872e+02
178  0.26747   4.9664e+02 |179  0.15116   1.0301e+02 |180  0.10894  -2.0343e+01
181 -0.00142   1.3440e+02 |182  0.00053   5.0261e+01 |183 -0.21918   2.7887e+02
184 -0.14463   1.4427e+02 |185  0.03944   1.6796e+02 |186 -0.05338   2.6778e+02
187 -0.09679   2.7477e+02 |188 -0.05840   3.4612e+02 |189 -0.01008   4.7637e+02
190 -0.01919   4.7263e+02 |191 -0.01667   5.9793e+02 |192 -0.03005   5.2152e+02
193 -0.05624   3.2684e+02 |194 -0.11286   2.7720e+02 |195 -0.02566   2.2091e+02
196  0.02528   2.4512e+02 |197  0.02267   3.1897e+02 |198 -0.03759   2.7149e+02
199 -0.02692   2.3313e+02 |200 -0.05923   1.7249e+02 |201 -0.06691   2.2301e+02
202  0.07632   1.3057e+02 |203  0.10049   1.7871e+02 |204  0.12863   2.1481e+02
205 -0.06732   3.0416e+02 |206 -0.20478   3.0809e+02 |207 -0.22588   2.4606e+02
208 -0.26062   1.7130e+02 |209 -0.05670   2.8240e+02 |210  0.08258   4.2029e+02
211 -0.03442   3.3395e+02 |212  0.07378   7.1053e+02 |213  0.09537   1.7020e+03
214 -0.04220  -2.6071e-08 |215 -0.68621   1.1961e+01 |216 -0.86249  -2.5863e+02
217 -0.44179  -9.0375e+02 |218 -0.01920  -1.5336e+02 |219 -0.08267  -1.2722e+02
220  0.16107  -1.6473e+00 |221  0.23941   9.0683e+00 |222  0.18104  -6.3099e+01
223  0.13945  -5.2243e+01 |224  0.01318  -1.4487e+02 |225 -0.02616  -1.4803e+02
226  0.08002  -9.0872e+01 |227  0.02622  -1.1740e+02 |228  0.13630  -1.2249e+02
229  0.12266  -8.9955e+01 |230  0.13422  -2.6932e+01 |231  0.07849  -2.5947e+01
232  0.00859  -1.1784e+02 |233  0.04407  -1.3912e+02 |234  0.10788  -1.7029e+02
235 -0.03545  -1.9271e+02 |236  0.03352  -1.5027e+02 |237  0.11587  -1.7842e+02
238  0.07842  -1.3479e+02 |239 -0.14075  -1.7352e+02 |240 -0.18682  -1.7401e+02
241 -0.11178  -1.3192e+02 |242 -0.09566  -1.2688e+02 |243 -0.07249  -1.3672e+02
244 -0.10146  -1.3695e+02 |245 -0.11839  -4.9963e+01 |246 -0.24734  -7.1821e+01
247 -0.17978  -1.4098e+02 |248 -0.13565  -1.5493e+02 |249 -0.05521  -9.9704e+01
250  0.01981  -7.9172e+01 |251 -0.02702  -1.1319e+02 |252 -0.17965  -1.5966e+02
253 -0.17747  -1.2861e+02 |254 -0.13025  -1.8882e+02 |255 -0.03494  -2.2203e+02
256  0.17814  -1.3757e+02 |257  0.10272  -2.6307e+00 |258  0.02471  -1.4181e+03
259  0.08531  -3.4452e+02 |260 -0.86364   3.3655e+03 |261 -0.90733  -9.4378e+02
262 -1.02847   9.9730e+00 |263  0.02117   1.3676e+03 |264  0.07658   1.3585e+03
265 -0.06839   1.3605e+03 |266 -0.04342   1.3652e+03 |267 -0.04364   1.3651e+03
268 -0.00699   1.3683e+03 |269 -0.02276   1.3675e+03 |270  0.02097   1.3676e+03
271  0.01983   1.3677e+03 |272 -0.01755   1.3678e+03 |273  0.01375   1.3680e+03
274 -0.01782   1.3678e+03 |275 -0.00327   1.3683e+03 |276  0.03210   1.3666e+03
277 -0.00413   1.3683e+03 |278  0.00311   1.3683e+03 |279  0.00618   1.3683e+03
280  0.04758   1.3645e+03 |281 -0.01597   1.3679e+03 |282  0.01653   1.3679e+03
283  0.02097   1.3676e+03 |284 -0.00501   1.3683e+03 |285  0.01667   1.3679e+03
286 -0.03356   1.3665e+03 |287 -0.00591   1.3683e+03 |288 -0.01393   1.3680e+03
289 -0.05231   1.3637e+03 |290  0.01723   1.3679e+03 |291 -0.01968   1.3677e+03
292  0.00840   1.3682e+03 |293  0.02134   1.3676e+03 |294 -0.02191   1.3675e+03
295 -0.04152   1.3654e+03 |296  0.00159   1.3684e+03 |297  0.04241   1.3653e+03
298  0.02186   1.3675e+03 |299  0.04539   1.3649e+03 |300  0.02925   1.3669e+03
301  0.00095   1.3684e+03 |302 -0.01833   1.3678e+03 |303  0.51437   4.3157e+02
304  0.65202   4.0219e+02 |305 -0.40603   7.4015e-01 |306  0.44189  -9.9543e+02
307 -0.90975   6.4491e+03 |308 -0.10546   7.3629e+02 |
73.4462 92.7341 267.823 213.328 
43.1152 43.1152 133.746 78.3363 
15.4351 108.913 0 19.4886 41.7008 
0 3.01702 0 0 0.40391 461.009 0 
72.5219 108.948 257.88 208.364 
54.8185 54.8185 150.892 71.061 
16.7164 82.645 0 18.8173 40.001 
0 3.14977 0 0 0.411254 447.758 0 
69.5329 99.6677 251.227 206.294 
53.805 53.805 159.864 66.395 
17.2856 71.7451 0 18.2532 42.2501 
0 3.22308 0 0 0.411306 459.272 0 
61.1496 100.096 245.147 205.305 
52.1265 52.1265 139.125 72.3439 
18.1327 70.1985 0 16.8884 38.312 
0 3.35669 0 0 0.410349 467.028 0 
60.0261 101.696 234.124 201.71 
48.2298 48.2298 120.608 83.8244 
19.6662 66.6223 0 15.7695 33.5909 
0 3.65209 0 0 0.411197 464.947 0 
62.591 113.506 210.66 189.414 
47.7478 47.7478 112.487 86.5128 
21.5771 82.997 0 14.8836 36.8616 
0 4.28716 0 0 0.414969 440.312 0 
69.5003 103.372 188.354 181.643 
51.956 51.956 105.416 100.6 
23.2193 90.0429 0 16.7605 29.4262 
0 4.95253 0 0 0.421733 426.712 0 
1549.04 1476.64 1639.25 1008.53 
1367.89 1367.89 316.318 425.824 
50.6773 1493.21 0 41.4891 1.18283 
0 17.1832 0 0 0.743286 331.495 0 
nan nan -0 nan 
nan nan -0 -0 
nan nan 0 nan nan 
0 nan 0 0 nan nan 0 
nan nan -0 nan 
nan nan -0 -0 
nan nan 0 nan nan 
0 nan 0 0 nan nan 0 
nan nan -0 nan 
nan nan -0 -0 
nan nan 0 nan nan 
0 nan 0 0 nan nan 0 
nan nan -0 nan 
nan nan -0 -0 
nan nan 0 nan nan 
0 nan 0 0 nan nan 0 
nan nan -0 nan 
nan nan -0 -0 
nan nan 0 nan nan 
0 nan 0 0 nan nan 0 
nan nan -0 nan 
nan nan -0 -0 
nan nan 0 nan nan 
0 nan 0 0 nan nan 0 
nan nan -0 nan 
nan nan -0 -0 
nan nan 0 nan nan 
0 nan 0 0 nan nan 0 
nan nan -0 nan 
nan nan -0 -0 
nan nan 0 nan nan 
0 nan 0 0 nan nan 0 
nan nan -0 nan 
nan nan -0 -0 
nan nan 0 nan nan 
0 nan 0 0 nan nan 0 
nan nan -0 nan 
nan nan -0 -0 
nan nan 0 nan nan 
0 nan 0 0 nan nan 0 
nan nan -0 nan 
nan nan -0 -0 
nan nan 0 nan nan 
0 nan 0 0 nan nan 0 
nan nan -0 nan 
nan nan -0 -0 
nan nan 0 nan nan 
0 nan 0 0 nan nan 0 
nan nan -0 nan 
nan nan -0 -0 
nan nan 0 nan nan 
0 nan 0 0 nan nan 0 
nan nan -0 nan 
nan nan -0 -0 
nan nan 0 nan nan 
0 nan 0 0 nan nan 0 
nan nan -0 nan 
nan nan -0 -0 
nan nan 0 nan nan 
0 nan 0 0 nan nan 0 
nan nan -0 nan 
nan nan -0 -0 
nan nan 0 nan nan 
0 nan 0 0 nan nan 0 
nan nan -0 nan 
nan nan -0 -0 
nan nan 0 nan nan 
0 nan 0 0 nan nan 0 
nan nan -0 nan 
nan nan -0 -0 
nan nan 0 nan nan 
0 nan 0 0 nan nan 0 
nan nan -0 nan 
nan nan -0 -0 
nan nan 0 nan nan 
0 nan 0 0 nan nan 0 
nan nan -0 nan 
nan nan -0 -0 
nan nan 0 nan nan 
0 nan 0 0 nan nan 0 
nan nan -0 nan 
nan nan -0 -0 
nan nan 0 nan nan 
0 nan 0 0 nan nan 0 
nan nan -0 nan 
nan nan -0 -0 
nan nan 0 nan nan 
0 nan 0 0 nan nan 0 
nan nan -0 nan 
nan nan -0 -0 
nan nan 0 nan nan 
0 nan 0 0 nan nan 0 
nan nan -0 nan 
nan nan -0 -0 
nan nan 0 nan nan 
0 nan 0 0 nan nan 0 
nan nan -0 nan 
nan nan -0 -0 
nan nan 0 nan nan 
0 nan 0 0 nan nan 0 
nan nan -0 nan 
nan nan -0 -0 
nan nan 0 nan nan 
0 nan 0 0 nan nan 0 
nan nan -0 nan 
nan nan -0 -0 
nan nan 0 nan nan 
0 nan 0 0 nan nan 0 
nan nan -0 nan 
nan nan -0 -0 
nan nan 0 nan nan 
0 nan 0 0 nan nan 0 
nan nan -0 nan 
nan nan -0 -0 
nan nan 0 nan nan 
0 nan 0 0 nan nan 0 
  ic > imax  in fminim is answer attained ?
Var   Value    Gradient   |Var   Value    Gradient   |Var   Value    Gradient
  1  0.10364  -6.3860e-01 |  2  0.47518  -8.1308e+01 |  3 -0.44568  -5.7290e+00
  4  0.49680   2.2907e+01 |  5  0.23063  -6.6336e+01 |  6  0.46631   1.1349e+02
  7  0.39928   5.5084e+01 |  8  0.37187   4.2046e+01 |  9  0.36218   3.7326e+01
 10  0.35096   7.6120e+01 | 11  0.29469   3.3326e+00 | 12  0.15669  -3.0970e+01
 13  0.28044  -3.3111e+00 | 14  0.29310   1.3437e+02 | 15 -0.03068  -4.0660e+00
 16 -0.04104  -5.8326e-01 | 17  0.00382   8.5377e-01 | 18 -0.17019  -1.4789e-01
 19 -0.33452  -2.8279e-02 | 20 -0.28273  -1.0716e-02 | 21 -0.40527  -2.8398e-03
 22  0.22701  -4.6156e+00 | 23 -0.23840  -1.5407e-02 | 24  0.07095  -1.4504e+00
 25  0.13679  -9.3158e+00 | 26  0.35078  -2.0705e+00 | 27  0.40204   7.9085e+01
 28  0.33009   8.2298e+00 | 29  0.28831  -5.2526e+01 | 30  0.28354   1.3947e+01
 31  0.27581   2.9900e+01 | 32  0.27479   4.2901e+01 | 33  0.22794   3.7846e+01
 34  0.08017  -2.8789e+01 | 35 -0.85276  -1.0588e+01 | 36  0.19579  -5.6940e+01
 37  0.20381  -1.3691e+01 | 38  0.18140   2.5939e+01 | 39  0.01655  -2.8704e+01
 40 -0.04674  -1.1716e+01 | 41 -0.06827  -2.5266e+00 | 42 -0.18247  -9.4777e-01
 43  0.29561  -1.8256e+01 | 44  0.06093   1.5887e+01 | 45  0.17149   1.5134e+02
 46 -0.20974  -3.0714e+01 | 47 -0.32492  -4.1701e+01 | 48 -0.24888  -4.5681e+01
 49  0.23663   4.1750e+01 | 50 -0.18731  -5.7861e+01 | 51 -0.04051  -8.7737e+01
 52  0.25641  -3.5574e+02 | 53  0.05156  -1.4329e+02 | 54  0.06908  -1.1848e+02
 55  0.11552  -3.1841e+01 | 56 -0.00521  -7.6689e-01 | 57  0.16641   2.2004e+02
 58  0.16445   2.4763e+02 | 59  0.19694   2.3968e+02 | 60 -0.13000  -2.1189e+01
 61 -0.05012  -2.4148e+01 | 62  0.16006  -5.0376e+01 | 63 -0.07679  -7.4195e+01
 64 -0.20224  -7.3254e+01 | 65 -0.08041  -1.0326e+02 | 66  0.02257  -1.3370e+02
 67 -0.17320  -7.9813e+01 | 68 -0.36437  -6.0484e+01 | 69 -0.13425  -8.3557e+01
 70 -0.10079  -8.4104e+01 | 71  0.28715  -2.2130e+02 | 72  0.12223  -1.2624e+02
 73 -0.01988  -8.2525e+01 | 74 -0.05778  -6.8116e+01 | 75  0.00047  -5.5245e+01
 76 -0.14044  -4.2657e+01 | 77 -0.05433  -2.7464e+01 | 78 -0.01034  -1.0617e+01
 79  0.23645   1.0345e+02 | 80  0.34257   2.2106e+02 | 81 -0.04398  -4.2667e+01
 82 -0.21022  -3.8415e+01 | 83 -0.09221  -4.3541e+01 | 84  0.00173  -4.2262e+01
 85  0.08207  -1.1174e+01 | 86  0.08345  -5.1281e+01 | 87 -0.21906  -9.3395e+00
 88 -0.03290   1.4720e+01 | 89 -0.11372   2.3235e+01 | 90 -0.03928   3.5923e+01
 91  0.12252   1.2663e+02 | 92 -0.00376   4.8587e+01 | 93 -0.00589   3.1662e+01
 94  0.13061   1.7935e+01 | 95 -0.01124  -2.4130e+00 | 96  0.01522  -1.7556e+01
 97 -0.14571  -1.6768e+00 | 98  0.08177   1.5330e+01 | 99  0.03841   6.3848e+01
100  0.08234   1.7342e+02 |101  0.15385   2.9654e+02 |102 -0.02858   8.4373e+01
103 -0.14035   3.5790e+01 |104  0.01837   5.8928e+01 |105  0.09588   9.0578e+01
106 -0.01376   4.8533e+01 |107  0.03293   5.7343e+01 |108 -0.01959   3.5627e+01
109 -0.01588   3.3624e+01 |110  0.14896   5.2484e+01 |111  0.17358   4.6870e+01
112  0.07079   2.7561e+01 |113  0.03535   4.5239e+01 |114 -0.01809   3.3811e+01
115 -0.13578   9.8387e+00 |116 -0.16630   3.7593e+00 |117  0.08819  -9.5390e+00
118  0.08407   3.3099e+01 |119 -0.04273   4.5918e+01 |120 -0.11442   4.1817e+01
121  0.05785   1.1840e+02 |122  0.24915   3.2627e+02 |123 -0.20018   2.2494e+01
124  0.03766   2.5160e+01 |125 -0.13995   1.6441e+01 |126 -0.24940   1.3269e+01
127 -0.00328   7.8207e+00 |128 -0.04555   7.8010e+00 |129  0.00113   7.8207e+00
130  0.00338   7.8206e+00 |131 -0.01785   7.8178e+00 |132  0.06748   7.7764e+00
133 -0.02671   7.8140e+00 |134 -0.00926   7.8200e+00 |135  0.01013   7.8197e+00
136  0.03267   7.8103e+00 |137 -0.00557   7.8205e+00 |138 -0.01104   7.8197e+00
139 -0.02845   7.8131e+00 |140  0.00311   7.8206e+00 |141  0.02426   7.8149e+00
142  0.00381   7.8206e+00 |143 -0.08697   7.7484e+00 |144 -0.02046   7.8169e+00
145 -0.02450   7.8151e+00 |146 -0.03255   7.8107e+00 |147 -0.03410   7.8098e+00
148 -0.02171   7.8164e+00 |149  0.04424   7.8016e+00 |150  0.02025   7.8167e+00
151  0.01180   7.8193e+00 |152 -0.04930   7.7976e+00 |153  0.01573   7.8183e+00
154 -0.04356   7.8027e+00 |155  0.00838   7.8200e+00 |156  0.03104   7.8113e+00
157  0.05005   7.7963e+00 |158  0.02310   7.8155e+00 |159  0.01277   7.8191e+00
160  0.07656   7.7638e+00 |161 -0.01637   7.8183e+00 |162 -0.01084   7.8197e+00
163  0.04738   7.7988e+00 |164  0.02998   7.8119e+00 |165  0.00997   7.8197e+00
166 -0.00239   7.8207e+00 |167 -0.02514   7.8148e+00 |168 -0.00790   7.8202e+00
169  0.17327   6.4002e+02 |170  0.04294   2.9088e+01 |171 -0.04436  -2.5383e+01
172 -0.01332   3.5266e+01 |173  0.05654   2.0449e+02 |174  0.10604   2.8182e+02
175  0.09631   1.3016e+02 |176  0.08193   1.6095e+02 |177  0.09640   2.6009e+02
178  0.19560   3.7588e+02 |179  0.17586   2.4590e+02 |180  0.13508   1.1714e+02
181  0.01418   1.7386e+00 |182  0.06256  -4.7434e+01 |183 -0.42935   8.1176e+01
184 -0.04062  -1.0515e+02 |185  0.03553   4.1783e+01 |186 -0.03648   5.2453e+01
187 -0.07943   5.1909e+01 |188 -0.05708   9.2490e+01 |189 -0.01401   2.4022e+02
190 -0.03068   1.6308e+02 |191 -0.02007   1.1828e+02 |192 -0.03973   8.2599e+00
193 -0.02757   9.8022e+01 |194 -0.09256   1.1343e+02 |195  0.02740   1.8099e+02
196  0.11217   2.5647e+02 |197  0.13025   1.8418e+02 |198  0.05150   8.5241e+01
199 -0.01990   8.0700e+01 |200  0.00330   1.4297e+02 |201 -0.07215   5.2521e+01
202  0.09382   3.4237e+01 |203  0.12921   6.2383e+01 |204  0.17799   7.1769e+01
205 -0.05441   8.0188e+01 |206 -0.23362   8.9989e+01 |207 -0.15343   1.0109e+01
208 -0.30525  -7.2867e-01 |209 -0.03728   1.3551e+02 |210  0.07851   2.0703e+02
211 -0.08714   1.0033e+02 |212  0.06041   8.9297e+02 |213  0.07757   1.7175e+03
214 -0.04220  -2.6071e-08 |215 -0.65567  -3.8233e+01 |216 -0.81640  -1.0070e+02
217 -0.44512  -1.0881e+03 |218  0.04334  -4.5164e+01 |219  0.00183  -6.4664e+01
220  0.15254  -1.6239e+01 |221  0.22079  -1.7641e+01 |222  0.22345  -4.9643e+01
223  0.17013  -6.9914e+01 |224  0.09036  -1.4311e+02 |225  0.09359  -1.5440e+02
226  0.15261  -1.2571e+02 |227  0.03460  -1.7271e+02 |228  0.14259  -1.4791e+02
229  0.12015  -1.0821e+02 |230  0.09352  -5.9630e+01 |231  0.03940  -7.0550e+01
232  0.01133  -1.2458e+02 |233  0.04659  -1.3637e+02 |234  0.12196  -1.6870e+02
235 -0.02523  -1.7707e+02 |236  0.03882  -1.1841e+02 |237  0.11754  -1.2900e+02
238  0.09965  -1.1374e+02 |239 -0.10264  -1.7347e+02 |240 -0.14302  -1.7244e+02
241 -0.09158  -1.3351e+02 |242 -0.14445  -1.4216e+02 |243 -0.12041  -1.5351e+02
244 -0.10768  -1.6189e+02 |245 -0.13389  -9.3329e+01 |246 -0.27808  -1.2692e+02
247 -0.16848  -1.8647e+02 |248 -0.14635  -1.9292e+02 |249 -0.09789  -1.2819e+02
250 -0.01426  -9.9100e+01 |251 -0.04186  -1.1959e+02 |252 -0.25920  -1.8657e+02
253 -0.31294  -1.4266e+02 |254 -0.24958  -1.7228e+02 |255 -0.05481  -2.2285e+02
256  0.20109  -1.3984e+02 |257  0.06515  -3.7061e+01 |258  0.04009  -1.7924e+03
259  0.12364  -3.9809e+02 |260 -0.85144   3.2292e+03 |261 -0.88408  -6.3741e+02
262 -1.25498   4.1869e+01 |263  0.02185   2.1422e+03 |264  0.08193   2.1263e+03
265 -0.06796   2.1312e+03 |266 -0.04357   2.1385e+03 |267 -0.04378   2.1384e+03
268 -0.00716   2.1433e+03 |269 -0.02306   2.1421e+03 |270  0.02164   2.1422e+03
271  0.02045   2.1424e+03 |272 -0.01782   2.1426e+03 |273  0.01412   2.1429e+03
274 -0.01809   2.1426e+03 |275 -0.00338   2.1434e+03 |276  0.03336   2.1406e+03
277 -0.00425   2.1434e+03 |278  0.00315   2.1435e+03 |279  0.00630   2.1434e+03
280  0.04992   2.1370e+03 |281 -0.01623   2.1428e+03 |282  0.01701   2.1427e+03
283  0.02165   2.1422e+03 |284 -0.00514   2.1434e+03 |285  0.01716   2.1427e+03
286 -0.03382   2.1405e+03 |287 -0.00606   2.1434e+03 |288 -0.01418   2.1430e+03
289 -0.05229   2.1362e+03 |290  0.01774   2.1426e+03 |291 -0.01996   2.1424e+03
292  0.00859   2.1433e+03 |293  0.02202   2.1422e+03 |294 -0.02220   2.1422e+03
295 -0.04169   2.1389e+03 |296  0.00160   2.1435e+03 |297  0.04436   2.1384e+03
298  0.02257   2.1421e+03 |299  0.04756   2.1376e+03 |300  0.03034   2.1411e+03
301  0.00093   2.1435e+03 |302 -0.01861   2.1426e+03 |303  0.49632  -2.4003e+02
304  0.60212  -1.6418e+02 |305 -0.13783   2.7013e-01 |306  0.44179   5.1762e+02
307 -0.91390   4.5369e+02 |308 -0.07565  -1.8905e+02 |
Function minimizer not making progress ... is minimum attained?
Minimprove criterion =   0.0000e+00

 - final statistics:
308 variables; iteration 27; function evaluation 66
Function value          nan; maximum gradient component mag   3.2292e+03
Exit code = 1;  converg criter   1.0000e-03
Var   Value    Gradient   |Var   Value    Gradient   |Var   Value    Gradient
  1  0.10364  -6.3860e-01 |  2  0.47518  -8.1308e+01 |  3 -0.44568  -5.7290e+00
  4  0.49680   2.2907e+01 |  5  0.23063  -6.6336e+01 |  6  0.46631   1.1349e+02
  7  0.39928   5.5084e+01 |  8  0.37187   4.2046e+01 |  9  0.36218   3.7326e+01
 10  0.35096   7.6120e+01 | 11  0.29469   3.3326e+00 | 12  0.15669  -3.0970e+01
 13  0.28044  -3.3111e+00 | 14  0.29310   1.3437e+02 | 15 -0.03068  -4.0660e+00
 16 -0.04104  -5.8326e-01 | 17  0.00382   8.5377e-01 | 18 -0.17019  -1.4789e-01
 19 -0.33452  -2.8279e-02 | 20 -0.28273  -1.0716e-02 | 21 -0.40527  -2.8398e-03
 22  0.22701  -4.6156e+00 | 23 -0.23840  -1.5407e-02 | 24  0.07095  -1.4504e+00
 25  0.13679  -9.3158e+00 | 26  0.35078  -2.0705e+00 | 27  0.40204   7.9085e+01
 28  0.33009   8.2298e+00 | 29  0.28831  -5.2526e+01 | 30  0.28354   1.3947e+01
 31  0.27581   2.9900e+01 | 32  0.27479   4.2901e+01 | 33  0.22794   3.7846e+01
 34  0.08017  -2.8789e+01 | 35 -0.85276  -1.0588e+01 | 36  0.19579  -5.6940e+01
 37  0.20381  -1.3691e+01 | 38  0.18140   2.5939e+01 | 39  0.01655  -2.8704e+01
 40 -0.04674  -1.1716e+01 | 41 -0.06827  -2.5266e+00 | 42 -0.18247  -9.4777e-01
 43  0.29561  -1.8256e+01 | 44  0.06093   1.5887e+01 | 45  0.17149   1.5134e+02
 46 -0.20974  -3.0714e+01 | 47 -0.32492  -4.1701e+01 | 48 -0.24888  -4.5681e+01
 49  0.23663   4.1750e+01 | 50 -0.18731  -5.7861e+01 | 51 -0.04051  -8.7737e+01
 52  0.25641  -3.5574e+02 | 53  0.05156  -1.4329e+02 | 54  0.06908  -1.1848e+02
 55  0.11552  -3.1841e+01 | 56 -0.00521  -7.6689e-01 | 57  0.16641   2.2004e+02
 58  0.16445   2.4763e+02 | 59  0.19694   2.3968e+02 | 60 -0.13000  -2.1189e+01
 61 -0.05012  -2.4148e+01 | 62  0.16006  -5.0376e+01 | 63 -0.07679  -7.4195e+01
 64 -0.20224  -7.3254e+01 | 65 -0.08041  -1.0326e+02 | 66  0.02257  -1.3370e+02
 67 -0.17320  -7.9813e+01 | 68 -0.36437  -6.0484e+01 | 69 -0.13425  -8.3557e+01
 70 -0.10079  -8.4104e+01 | 71  0.28715  -2.2130e+02 | 72  0.12223  -1.2624e+02
 73 -0.01988  -8.2525e+01 | 74 -0.05778  -6.8116e+01 | 75  0.00047  -5.5245e+01
 76 -0.14044  -4.2657e+01 | 77 -0.05433  -2.7464e+01 | 78 -0.01034  -1.0617e+01
 79  0.23645   1.0345e+02 | 80  0.34257   2.2106e+02 | 81 -0.04398  -4.2667e+01
 82 -0.21022  -3.8415e+01 | 83 -0.09221  -4.3541e+01 | 84  0.00173  -4.2262e+01
 85  0.08207  -1.1174e+01 | 86  0.08345  -5.1281e+01 | 87 -0.21906  -9.3395e+00
 88 -0.03290   1.4720e+01 | 89 -0.11372   2.3235e+01 | 90 -0.03928   3.5923e+01
 91  0.12252   1.2663e+02 | 92 -0.00376   4.8587e+01 | 93 -0.00589   3.1662e+01
 94  0.13061   1.7935e+01 | 95 -0.01124  -2.4130e+00 | 96  0.01522  -1.7556e+01
 97 -0.14571  -1.6768e+00 | 98  0.08177   1.5330e+01 | 99  0.03841   6.3848e+01
100  0.08234   1.7342e+02 |101  0.15385   2.9654e+02 |102 -0.02858   8.4373e+01
103 -0.14035   3.5790e+01 |104  0.01837   5.8928e+01 |105  0.09588   9.0578e+01
106 -0.01376   4.8533e+01 |107  0.03293   5.7343e+01 |108 -0.01959   3.5627e+01
109 -0.01588   3.3624e+01 |110  0.14896   5.2484e+01 |111  0.17358   4.6870e+01
112  0.07079   2.7561e+01 |113  0.03535   4.5239e+01 |114 -0.01809   3.3811e+01
115 -0.13578   9.8387e+00 |116 -0.16630   3.7593e+00 |117  0.08819  -9.5390e+00
118  0.08407   3.3099e+01 |119 -0.04273   4.5918e+01 |120 -0.11442   4.1817e+01
121  0.05785   1.1840e+02 |122  0.24915   3.2627e+02 |123 -0.20018   2.2494e+01
124  0.03766   2.5160e+01 |125 -0.13995   1.6441e+01 |126 -0.24940   1.3269e+01
127 -0.00328   7.8207e+00 |128 -0.04555   7.8010e+00 |129  0.00113   7.8207e+00
130  0.00338   7.8206e+00 |131 -0.01785   7.8178e+00 |132  0.06748   7.7764e+00
133 -0.02671   7.8140e+00 |134 -0.00926   7.8200e+00 |135  0.01013   7.8197e+00
136  0.03267   7.8103e+00 |137 -0.00557   7.8205e+00 |138 -0.01104   7.8197e+00
139 -0.02845   7.8131e+00 |140  0.00311   7.8206e+00 |141  0.02426   7.8149e+00
142  0.00381   7.8206e+00 |143 -0.08697   7.7484e+00 |144 -0.02046   7.8169e+00
145 -0.02450   7.8151e+00 |146 -0.03255   7.8107e+00 |147 -0.03410   7.8098e+00
148 -0.02171   7.8164e+00 |149  0.04424   7.8016e+00 |150  0.02025   7.8167e+00
151  0.01180   7.8193e+00 |152 -0.04930   7.7976e+00 |153  0.01573   7.8183e+00
154 -0.04356   7.8027e+00 |155  0.00838   7.8200e+00 |156  0.03104   7.8113e+00
157  0.05005   7.7963e+00 |158  0.02310   7.8155e+00 |159  0.01277   7.8191e+00
160  0.07656   7.7638e+00 |161 -0.01637   7.8183e+00 |162 -0.01084   7.8197e+00
163  0.04738   7.7988e+00 |164  0.02998   7.8119e+00 |165  0.00997   7.8197e+00
166 -0.00239   7.8207e+00 |167 -0.02514   7.8148e+00 |168 -0.00790   7.8202e+00
169  0.17327   6.4002e+02 |170  0.04294   2.9088e+01 |171 -0.04436  -2.5383e+01
172 -0.01332   3.5266e+01 |173  0.05654   2.0449e+02 |174  0.10604   2.8182e+02
175  0.09631   1.3016e+02 |176  0.08193   1.6095e+02 |177  0.09640   2.6009e+02
178  0.19560   3.7588e+02 |179  0.17586   2.4590e+02 |180  0.13508   1.1714e+02
181  0.01418   1.7386e+00 |182  0.06256  -4.7434e+01 |183 -0.42935   8.1176e+01
184 -0.04062  -1.0515e+02 |185  0.03553   4.1783e+01 |186 -0.03648   5.2453e+01
187 -0.07943   5.1909e+01 |188 -0.05708   9.2490e+01 |189 -0.01401   2.4022e+02
190 -0.03068   1.6308e+02 |191 -0.02007   1.1828e+02 |192 -0.03973   8.2599e+00
193 -0.02757   9.8022e+01 |194 -0.09256   1.1343e+02 |195  0.02740   1.8099e+02
196  0.11217   2.5647e+02 |197  0.13025   1.8418e+02 |198  0.05150   8.5241e+01
199 -0.01990   8.0700e+01 |200  0.00330   1.4297e+02 |201 -0.07215   5.2521e+01
202  0.09382   3.4237e+01 |203  0.12921   6.2383e+01 |204  0.17799   7.1769e+01
205 -0.05441   8.0188e+01 |206 -0.23362   8.9989e+01 |207 -0.15343   1.0109e+01
208 -0.30525  -7.2867e-01 |209 -0.03728   1.3551e+02 |210  0.07851   2.0703e+02
211 -0.08714   1.0033e+02 |212  0.06041   8.9297e+02 |213  0.07757   1.7175e+03
214 -0.04220  -2.6071e-08 |215 -0.65567  -3.8233e+01 |216 -0.81640  -1.0070e+02
217 -0.44512  -1.0881e+03 |218  0.04334  -4.5164e+01 |219  0.00183  -6.4664e+01
220  0.15254  -1.6239e+01 |221  0.22079  -1.7641e+01 |222  0.22345  -4.9643e+01
223  0.17013  -6.9914e+01 |224  0.09036  -1.4311e+02 |225  0.09359  -1.5440e+02
226  0.15261  -1.2571e+02 |227  0.03460  -1.7271e+02 |228  0.14259  -1.4791e+02
229  0.12015  -1.0821e+02 |230  0.09352  -5.9630e+01 |231  0.03940  -7.0550e+01
232  0.01133  -1.2458e+02 |233  0.04659  -1.3637e+02 |234  0.12196  -1.6870e+02
235 -0.02523  -1.7707e+02 |236  0.03882  -1.1841e+02 |237  0.11754  -1.2900e+02
238  0.09965  -1.1374e+02 |239 -0.10264  -1.7347e+02 |240 -0.14302  -1.7244e+02
241 -0.09158  -1.3351e+02 |242 -0.14445  -1.4216e+02 |243 -0.12041  -1.5351e+02
244 -0.10768  -1.6189e+02 |245 -0.13389  -9.3329e+01 |246 -0.27808  -1.2692e+02
247 -0.16848  -1.8647e+02 |248 -0.14635  -1.9292e+02 |249 -0.09789  -1.2819e+02
250 -0.01426  -9.9100e+01 |251 -0.04186  -1.1959e+02 |252 -0.25920  -1.8657e+02
253 -0.31294  -1.4266e+02 |254 -0.24958  -1.7228e+02 |255 -0.05481  -2.2285e+02
256  0.20109  -1.3984e+02 |257  0.06515  -3.7061e+01 |258  0.04009  -1.7924e+03
259  0.12364  -3.9809e+02 |260 -0.85144   3.2292e+03 |261 -0.88408  -6.3741e+02
262 -1.25498   4.1869e+01 |263  0.02185   2.1422e+03 |264  0.08193   2.1263e+03
265 -0.06796   2.1312e+03 |266 -0.04357   2.1385e+03 |267 -0.04378   2.1384e+03
268 -0.00716   2.1433e+03 |269 -0.02306   2.1421e+03 |270  0.02164   2.1422e+03
271  0.02045   2.1424e+03 |272 -0.01782   2.1426e+03 |273  0.01412   2.1429e+03
274 -0.01809   2.1426e+03 |275 -0.00338   2.1434e+03 |276  0.03336   2.1406e+03
277 -0.00425   2.1434e+03 |278  0.00315   2.1435e+03 |279  0.00630   2.1434e+03
280  0.04992   2.1370e+03 |281 -0.01623   2.1428e+03 |282  0.01701   2.1427e+03
283  0.02165   2.1422e+03 |284 -0.00514   2.1434e+03 |285  0.01716   2.1427e+03
286 -0.03382   2.1405e+03 |287 -0.00606   2.1434e+03 |288 -0.01418   2.1430e+03
289 -0.05229   2.1362e+03 |290  0.01774   2.1426e+03 |291 -0.01996   2.1424e+03
292  0.00859   2.1433e+03 |293  0.02202   2.1422e+03 |294 -0.02220   2.1422e+03
295 -0.04169   2.1389e+03 |296  0.00160   2.1435e+03 |297  0.04436   2.1384e+03
298  0.02257   2.1421e+03 |299  0.04756   2.1376e+03 |300  0.03034   2.1411e+03
301  0.00093   2.1435e+03 |302 -0.01861   2.1426e+03 |303  0.49632  -2.4003e+02
304  0.60212  -1.6418e+02 |305 -0.13783   2.7013e-01 |306  0.44179   5.1762e+02
307 -0.91390   4.5369e+02 |308 -0.07565  -1.8905e+02 |
69.5003 103.372 188.354 181.643 
51.956 51.956 105.416 100.6 
23.2193 90.0429 0 16.7605 29.4262 
0 4.95253 0 0 0.421733 426.712 0 
3
4
5
69.5003 103.372 188.354 181.643 
51.956 51.956 105.416 100.6 
23.2193 90.0429 0 16.7605 29.4262 
0 4.95253 0 0 0.421733 426.712 0 
Estimating row 1 out of 308 for hessian
69.5003 103.372 188.354 181.643 
51.956 51.956 105.416 100.6 
23.2193 90.0429 0 16.7605 29.4262 
0 4.95253 0 0 0.421733 426.712 0 
69.5003 103.372 188.354 181.643 
51.956 51.956 105.416 100.6 
23.2193 90.0429 0 16.7605 29.4262 
0 4.95253 0 0 0.421733 426.712 0 
69.5003 103.372 188.354 181.643 
51.956 51.956 105.416 100.6 
23.2193 90.0429 0 16.7605 29.4262 
0 4.95253 0 0 0.421733 426.712 0 
69.5003 103.372 188.354 181.643 
51.956 51.956 105.416 100.6 
23.2193 90.0429 0 16.7605 29.4262 
0 4.95253 0 0 0.421733 426.712 0 
Estimating row 2 out of 308 for hessian
69.5003 103.373 188.354 181.643 
51.956 51.956 105.416 100.6 
23.2193 90.0429 0 16.7605 29.4262 
0 4.95253 0 0 0.421733 426.712 0 
69.5004 103.372 188.355 181.643 
51.9561 51.9561 105.416 100.6 
23.2193 90.0428 0 16.7605 29.4262 
0 4.95253 0 0 0.421733 426.712 0 
69.5003 103.372 188.354 181.643 
51.956 51.956 105.416 100.6 
23.2193 90.0429 0 16.7605 29.4262 
0 4.95253 0 0 0.421733 426.712 0 
69.5003 103.372 188.354 181.643 
51.956 51.956 105.416 100.6 
23.2193 90.0429 0 16.7605 29.4262 
0 4.95253 0 0 0.421733 426.712 0 
Estimating row 3 out of 308 for hessian
69.5003 103.372 188.354 181.643 
51.956 51.956 105.416 100.6 
23.2193 90.0429 0 16.7605 29.4262 
0 4.95253 0 0 0.421733 426.712 0 
69.5003 103.372 188.354 181.643 
51.956 51.956 105.416 100.6 
23.2193 90.0429 0 16.7605 29.4262 
0 4.95253 0 0 0.421733 426.712 0 
69.5003 103.372 188.354 181.643 
51.956 51.956 105.416 100.6 
23.2193 90.0429 0 16.7605 29.4262 
0 4.95253 0 0 0.421733 426.712 0 
69.5003 103.372 188.354 181.643 
51.956 51.956 105.416 100.6 
23.2193 90.0429 0 16.7605 29.4262 
0 4.95253 0 0 0.421733 426.712 0 
Estimating row 4 out of 308 for hessian
69.5003 103.373 188.354 181.643 
51.9561 51.9561 105.416 100.6 
23.2193 90.043 0 16.7605 29.4262 
0 4.95253 0 0 0.421733 426.712 0 
69.5004 103.372 188.354 181.643 
51.9559 51.9559 105.416 100.6 
23.2193 90.0428 0 16.7605 29.4262 
0 4.95253 0 0 0.421733 426.712 0 
69.5003 103.372 188.354 181.643 
51.956 51.956 105.416 100.6 
23.2193 90.0429 0 16.7605 29.4262 
0 4.95253 0 0 0.421733 426.712 0 
69.5004 103.372 188.354 181.643 
51.956 51.956 105.416 100.6 
23.2193 90.0429 0 16.7605 29.4262 
0 4.95253 0 0 0.421733 426.712 0 
Estimating row 5 out of 308 for hessian
69.5003 103.372 188.353 181.643 
51.956 51.956 105.416 100.6 
23.2193 90.0429 0 16.7605 29.4262 
0 4.95253 0 0 0.421733 426.712 0 
69.5003 103.372 188.355 181.643 
51.956 51.956 105.416 100.6 
23.2193 90.0429 0 16.7605 29.4262 
0 4.95253 0 0 0.421733 426.712 0 
69.5003 103.372 188.354 181.643 
51.956 51.956 105.416 100.6 
23.2193 90.0429 0 16.7605 29.4262 
0 4.95253 0 0 0.421733 426.712 0 
69.5003 103.372 188.354 181.643 
51.956 51.956 105.416 100.6 
23.2193 90.0429 0 16.7605 29.4262 
0 4.95253 0 0 0.421733 426.712 0 
Estimating row 6 out of 308 for hessian
69.5004 103.373 188.354 181.643 
51.9563 51.9563 105.416 100.601 
23.2193 90.0432 0 16.7605 29.4262 
0 4.95253 0 0 0.421733 426.712 0 
69.5003 103.372 188.354 181.642 
51.9557 51.9557 105.416 100.6 
23.2193 90.0426 0 16.7605 29.4262 
0 4.95253 0 0 0.421733 426.712 0 
69.5004 103.372 188.354 181.643 
51.9561 51.9561 105.416 100.6 
23.2193 90.0429 0 16.7605 29.4262 
0 4.95253 0 0 0.421733 426.712 0 
69.5003 103.372 188.354 181.643 
51.956 51.956 105.416 100.6 
23.2193 90.0428 0 16.7605 29.4262 
0 4.95253 0 0 0.421733 426.712 0 
Estimating row 7 out of 308 for hessian
69.5004 103.373 188.354 181.643 
51.9562 51.9562 105.416 100.6 
23.2193 90.043 0 16.7605 29.4262 
0 4.95253 0 0 0.421733 426.712 0 
69.5003 103.372 188.354 181.643 
51.9558 51.9558 105.415 100.601 
23.2193 90.0427 0 16.7605 29.4262 
0 4.95253 0 0 0.421733 426.712 0 
69.5004 103.372 188.354 181.643 
51.956 51.956 105.416 100.6 
23.2193 90.0429 0 16.7605 29.4262 
0 4.95253 0 0 0.421733 426.712 0 
69.5003 103.372 188.354 181.643 
51.956 51.956 105.416 100.6 
23.2193 90.0429 0 16.7605 29.4262 
0 4.95253 0 0 0.421733 426.712 0 
Estimating row 8 out of 308 for hessian
69.5004 103.373 188.354 181.642 
51.9563 51.9563 105.415 100.601 
23.2193 90.0431 0 16.7605 29.4262 
0 4.95253 0 0 0.421733 426.712 0 
69.5002 103.372 188.354 181.643 
51.9558 51.9558 105.416 100.6 
23.2193 90.0427 0 16.7605 29.4262 
0 4.95253 0 0 0.421733 426.712 0 
69.5004 103.372 188.354 181.643 
51.9561 51.9561 105.416 100.6 
23.2193 90.0429 0 16.7605 29.4262 
0 4.95253 0 0 0.421733 426.712 0 
69.5003 103.372 188.354 181.643 
51.956 51.956 105.416 100.6 
23.2193 90.0429 0 16.7605 29.4262 
0 4.95253 0 0 0.421733 426.712 0 
Estimating row 9 out of 308 for hessian
69.5005 103.373 188.354 181.642 
51.9563 51.9563 105.416 100.601 
23.2193 90.0432 0 16.7605 29.4262 
0 4.95253 0 0 0.421733 426.712 0 
69.5002 103.372 188.354 181.643 
51.9557 51.9557 105.416 100.6 
23.2193 90.0426 0 16.7605 29.4262 
0 4.95253 0 0 0.421733 426.712 0 
69.5004 103.372 188.354 181.643 
51.9561 51.9561 105.416 100.6 
23.2193 90.0429 0 16.7605 29.4262 
0 4.95253 0 0 0.421733 426.712 0 
69.5003 103.372 188.354 181.643 
51.956 51.956 105.416 100.6 
23.2193 90.0428 0 16.7605 29.4262 
0 4.95253 0 0 0.421733 426.712 0 
Estimating row 10 out of 308 for hessian
69.5005 103.373 188.354 181.642 
51.9565 51.9565 105.416 100.6 
23.2193 90.0432 0 16.7605 29.4262 
0 4.95253 0 0 0.421733 426.712 0 
69.5002 103.372 188.354 181.643 
51.9556 51.9556 105.415 100.601 
23.2193 90.0426 0 16.7605 29.4262 
0 4.95253 0 0 0.421733 426.712 0 
69.5004 103.372 188.354 181.643 
51.9561 51.9561 105.416 100.6 
23.2193 90.0429 0 16.7605 29.4262 
0 4.95253 0 0 0.421733 426.712 0 
69.5003 103.372 188.354 181.643 
51.956 51.956 105.416 100.601 
23.2193 90.0428 0 16.7605 29.4262 
0 4.95253 0 0 0.421733 426.712 0 
Estimating row 11 out of 308 for hessian
69.5004 103.373 188.354 181.642 
51.9563 51.9563 105.415 100.6 
23.2193 90.043 0 16.7605 29.4262 
0 4.95253 0 0 0.421733 426.712 0 
69.5003 103.372 188.354 181.643 
51.9557 51.9557 105.416 100.601 
23.2193 90.0428 0 16.7605 29.4262 
0 4.95253 0 0 0.421733 426.712 0 
69.5004 103.372 188.354 181.643 
51.9561 51.9561 105.416 100.6 
23.2193 90.0429 0 16.7605 29.4262 
0 4.95253 0 0 0.421733 426.712 0 
69.5003 103.372 188.354 181.643 
51.956 51.956 105.416 100.6 
23.2193 90.0429 0 16.7605 29.4262 
0 4.95253 0 0 0.421733 426.712 0 
Estimating row 12 out of 308 for hessian
69.5003 103.372 188.354 181.643 
51.956 51.956 105.416 100.6 
23.2193 90.0429 0 16.7605 29.4262 
0 4.95253 0 0 0.421733 426.712 0 
69.5003 103.372 188.354 181.643 
51.956 51.956 105.416 100.6 
23.2193 90.0429 0 16.7605 29.4262 
0 4.95253 0 0 0.421733 426.712 0 
69.5003 103.372 188.354 181.643 
51.956 51.956 105.416 100.6 
23.2193 90.0429 0 16.7605 29.4262 
0 4.95253 0 0 0.421733 426.712 0 
69.5003 103.372 188.354 181.643 
51.956 51.956 105.416 100.6 
23.2193 90.0429 0 16.7605 29.4262 
0 4.95253 0 0 0.421733 426.712 0 
Estimating row 13 out of 308 for hessian
69.5004 103.372 188.354 181.642 
51.9564 51.9564 105.415 100.6 
23.2193 90.043 0 16.7605 29.4262 
0 4.95253 0 0 0.421733 426.712 0 
69.5002 103.372 188.354 181.643 
51.9556 51.9556 105.416 100.601 
23.2193 90.0428 0 16.7605 29.4262 
0 4.95253 0 0 0.421733 426.712 0 
69.5004 103.372 188.354 181.643 
51.9561 51.9561 105.416 100.6 
23.2193 90.0429 0 16.7605 29.4262 
0 4.95253 0 0 0.421733 426.712 0 
69.5003 103.372 188.354 181.643 
51.956 51.956 105.416 100.6 
23.2193 90.0429 0 16.7605 29.4262 
0 4.95253 0 0 0.421733 426.712 0 
Estimating row 14 out of 308 for hessian
69.5005 103.373 188.354 181.643 
51.9567 51.9567 105.417 100.6 
23.2193 90.043 0 16.7605 29.4262 
0 4.95253 0 0 0.421733 426.712 0 
69.5002 103.372 188.354 181.642 
51.9553 51.9553 105.415 100.601 
23.2193 90.0428 0 16.7605 29.4262 
0 4.95253 0 0 0.421733 426.712 0 
69.5004 103.372 188.354 181.643 
51.9561 51.9561 105.416 100.6 
23.2193 90.0429 0 16.7605 29.4262 
0 4.95253 0 0 0.421733 426.712 0 
69.5003 103.372 188.354 181.643 
51.956 51.956 105.416 100.6 
23.2193 90.0429 0 16.7605 29.4262 
0 4.95253 0 0 0.421733 426.712 0 
Estimating row 15 out of 308 for hessian
69.5003 103.372 188.354 181.643 
51.956 51.956 105.416 100.6 
23.2193 90.0429 0 16.7605 29.4262 
0 4.95253 0 0 0.421733 426.712 0 
69.5003 103.372 188.354 181.643 
51.956 51.956 105.416 100.6 
23.2193 90.0429 0 16.7605 29.4262 
0 4.95253 0 0 0.421733 426.712 0 
69.5003 103.372 188.354 181.643 
51.956 51.956 105.416 100.6 
23.2193 90.0429 0 16.7605 29.4262 
0 4.95253 0 0 0.421733 426.712 0 
69.5003 103.372 188.354 181.643 
51.956 51.956 105.416 100.6 
23.2193 90.0429 0 16.7605 29.4262 
0 4.95253 0 0 0.421733 426.712 0 
Estimating row 16 out of 308 for hessian
69.5003 103.372 188.354 181.643 
51.956 51.956 105.416 100.6 
23.2193 90.0429 0 16.7605 29.4262 
0 4.95253 0 0 0.421733 426.712 0 
69.5003 103.372 188.354 181.643 
51.956 51.956 105.416 100.6 
23.2193 90.0429 0 16.7605 29.4262 
0 4.95253 0 0 0.421733 426.712 0 
69.5003 103.372 188.354 181.643 
51.956 51.956 105.416 100.6 
23.2193 90.0429 0 16.7605 29.4262 
0 4.95253 0 0 0.421733 426.712 0 
69.5003 103.372 188.354 181.643 
51.956 51.956 105.416 100.6 
23.2193 90.0429 0 16.7605 29.4262 
0 4.95253 0 0 0.421733 426.712 0 
Estimating row 17 out of 308 for hessian
69.5003 103.372 188.354 181.643 
51.956 51.956 105.416 100.6 
23.2193 90.0429 0 16.7605 29.4262 
0 4.95253 0 0 0.421733 426.712 0 
69.5003 103.372 188.354 181.643 
51.956 51.956 105.416 100.6 
23.2193 90.0429 0 16.7605 29.4262 
0 4.95253 0 0 0.421733 426.712 0 
69.5003 103.372 188.354 181.643 
51.956 51.956 105.416 100.6 
23.2193 90.0429 0 16.7605 29.4262 
0 4.95253 0 0 0.421733 426.712 0 
69.5003 103.372 188.354 181.643 
51.956 51.956 105.416 100.6 
23.2193 90.0429 0 16.7605 29.4262 
0 4.95253 0 0 0.421733 426.712 0 
Estimating row 18 out of 308 for hessian
69.5003 103.372 188.354 181.643 
51.956 51.956 105.416 100.6 
23.2193 90.0429 0 16.7605 29.4262 
0 4.95253 0 0 0.421733 426.712 0 
69.5003 103.372 188.354 181.643 
51.956 51.956 105.416 100.6 
23.2193 90.0429 0 16.7605 29.4262 
0 4.95253 0 0 0.421733 426.712 0 
69.5003 103.372 188.354 181.643 
51.956 51.956 105.416 100.6 
23.2193 90.0429 0 16.7605 29.4262 
0 4.95253 0 0 0.421733 426.712 0 
69.5003 103.372 188.354 181.643 
51.956 51.956 105.416 100.6 
23.2193 90.0429 0 16.7605 29.4262 
0 4.95253 0 0 0.421733 426.712 0 
Estimating row 19 out of 308 for hessian
69.5003 103.372 188.354 181.643 
51.956 51.956 105.416 100.6 
23.2193 90.0429 0 16.7605 29.4262 
0 4.95253 0 0 0.421733 426.712 0 
69.5003 103.372 188.354 181.643 
51.956 51.956 105.416 100.6 
23.2193 90.0429 0 16.7605 29.4262 
0 4.95253 0 0 0.421733 426.712 0 
69.5003 103.372 188.354 181.643 
51.956 51.956 105.416 100.6 
23.2193 90.0429 0 16.7605 29.4262 
0 4.95253 0 0 0.421733 426.712 0 
69.5003 103.372 188.354 181.643 
51.956 51.956 105.416 100.6 
23.2193 90.0429 0 16.7605 29.4262 
0 4.95253 0 0 0.421733 426.712 0 
Estimating row 20 out of 308 for hessian
69.5003 103.372 188.354 181.643 
51.956 51.956 105.416 100.6 
23.2193 90.0429 0 16.7605 29.4262 
0 4.95253 0 0 0.421733 426.712 0 
69.5003 103.372 188.354 181.643 
51.956 51.956 105.416 100.6 
23.2193 90.0429 0 16.7605 29.4262 
0 4.95253 0 0 0.421733 426.712 0 
69.5003 103.372 188.354 181.643 
51.956 51.956 105.416 100.6 
23.2193 90.0429 0 16.7605 29.4262 
0 4.95253 0 0 0.421733 426.712 0 
69.5003 103.372 188.354 181.643 
51.956 51.956 105.416 100.6 
23.2193 90.0429 0 16.7605 29.4262 
0 4.95253 0 0 0.421733 426.712 0 
Estimating row 21 out of 308 for hessian
69.5003 103.372 188.354 181.643 
51.956 51.956 105.416 100.6 
23.2193 90.0429 0 16.7605 29.4262 
0 4.95253 0 0 0.421733 426.712 0 
69.5003 103.372 188.354 181.643 
51.956 51.956 105.416 100.6 
23.2193 90.0429 0 16.7605 29.4262 
0 4.95253 0 0 0.421733 426.712 0 
69.5003 103.372 188.354 181.643 
51.956 51.956 105.416 100.6 
23.2193 90.0429 0 16.7605 29.4262 
0 4.95253 0 0 0.421733 426.712 0 
69.5003 103.372 188.354 181.643 
51.956 51.956 105.416 100.6 
23.2193 90.0429 0 16.7605 29.4262 
0 4.95253 0 0 0.421733 426.712 0 
Estimating row 22 out of 308 for hessian
69.5003 103.372 188.354 181.643 
51.956 51.956 105.416 100.6 
23.2193 90.0429 0 16.7605 29.4262 
0 4.95253 0 0 0.421733 426.712 0 
69.5003 103.372 188.354 181.643 
51.956 51.956 105.416 100.6 
23.2193 90.0429 0 16.7605 29.4262 
0 4.95253 0 0 0.421733 426.712 0 
69.5003 103.372 188.354 181.643 
51.956 51.956 105.416 100.6 
23.2193 90.0429 0 16.7605 29.4262 
0 4.95253 0 0 0.421733 426.712 0 
69.5003 103.372 188.354 181.643 
51.956 51.956 105.416 100.6 
23.2193 90.0429 0 16.7605 29.4262 
0 4.95253 0 0 0.421733 426.712 0 
Estimating row 23 out of 308 for hessian
69.5003 103.372 188.354 181.643 
51.956 51.956 105.416 100.6 
23.2193 90.0429 0 16.7605 29.4262 
0 4.95253 0 0 0.421733 426.712 0 
69.5003 103.372 188.354 181.643 
51.956 51.956 105.416 100.6 
23.2193 90.0429 0 16.7605 29.4262 
0 4.95253 0 0 0.421733 426.712 0 
69.5003 103.372 188.354 181.643 
51.956 51.956 105.416 100.6 
23.2193 90.0429 0 16.7605 29.4262 
0 4.95253 0 0 0.421733 426.712 0 
69.5003 103.372 188.354 181.643 
51.956 51.956 105.416 100.6 
23.2193 90.0429 0 16.7605 29.4262 
0 4.95253 0 0 0.421733 426.712 0 
Estimating row 24 out of 308 for hessian
69.5003 103.372 188.354 181.643 
51.956 51.956 105.416 100.6 
23.2193 90.0429 0 16.7605 29.4262 
0 4.95253 0 0 0.421733 426.712 0 
69.5003 103.372 188.354 181.643 
51.956 51.956 105.416 100.6 
23.2193 90.0429 0 16.7605 29.4262 
0 4.95253 0 0 0.421733 426.712 0 
69.5003 103.372 188.354 181.643 
51.956 51.956 105.416 100.6 
23.2193 90.0429 0 16.7605 29.4262 
0 4.95253 0 0 0.421733 426.712 0 
69.5003 103.372 188.354 181.643 
51.956 51.956 105.416 100.6 
23.2193 90.0429 0 16.7605 29.4262 
0 4.95253 0 0 0.421733 426.712 0 
Estimating row 25 out of 308 for hessian
69.5003 103.372 188.354 181.643 
51.956 51.956 105.416 100.6 
23.2193 90.0429 0 16.7605 29.4262 
0 4.95253 0 0 0.421733 426.712 0 
69.5003 103.372 188.354 181.643 
51.956 51.956 105.416 100.6 
23.2193 90.0429 0 16.7605 29.4262 
0 4.95253 0 0 0.421733 426.712 0 
69.5003 103.372 188.354 181.643 
51.956 51.956 105.416 100.6 
23.2193 90.0429 0 16.7605 29.4262 
0 4.95253 0 0 0.421733 426.712 0 
69.5003 103.372 188.354 181.643 
51.956 51.956 105.416 100.6 
23.2193 90.0429 0 16.7605 29.4262 
0 4.95253 0 0 0.421733 426.712 0 
Estimating row 26 out of 308 for hessian
69.5003 103.373 188.354 181.643 
51.956 51.956 105.416 100.6 
23.2193 90.0429 0 16.7605 29.4262 
0 4.95253 0 0 0.421733 426.712 0 
69.5003 103.372 188.354 181.643 
51.956 51.956 105.416 100.6 
23.2193 90.0429 0 16.7605 29.4262 
0 4.95253 0 0 0.421733 426.712 0 
69.5003 103.372 188.354 181.643 
51.956 51.956 105.416 100.6 
23.2193 90.0429 0 16.7605 29.4262 
0 4.95253 0 0 0.421733 426.712 0 
69.5003 103.372 188.354 181.643 
51.956 51.956 105.416 100.6 
23.2193 90.0429 0 16.7605 29.4262 
0 4.95253 0 0 0.421733 426.712 0 
Estimating row 27 out of 308 for hessian
69.5003 103.373 188.354 181.644 
51.956 51.956 105.416 100.6 
23.2193 90.0429 0 16.7605 29.4262 
0 4.95253 0 0 0.421733 426.712 0 
69.5003 103.372 188.354 181.641 
51.956 51.956 105.416 100.6 
23.2193 90.0429 0 16.7605 29.4262 
0 4.95253 0 0 0.421733 426.712 0 
69.5003 103.372 188.354 181.643 
51.956 51.956 105.416 100.6 
23.2193 90.0429 0 16.7605 29.4262 
0 4.95253 0 0 0.421733 426.712 0 
69.5003 103.372 188.354 181.642 
51.956 51.956 105.416 100.6 
23.2193 90.0429 0 16.7605 29.4262 
0 4.95253 0 0 0.421733 426.712 0 
Estimating row 28 out of 308 for hessian
69.5003 103.373 188.354 181.643 
51.956 51.956 105.416 100.6 
23.2193 90.0429 0 16.7605 29.4262 
0 4.95253 0 0 0.421733 426.712 0 
69.5003 103.372 188.354 181.643 
51.956 51.956 105.416 100.6 
23.2193 90.0429 0 16.7605 29.4262 
0 4.95253 0 0 0.421733 426.712 0 
69.5003 103.372 188.354 181.643 
51.956 51.956 105.416 100.6 
23.2193 90.0429 0 16.7605 29.4262 
0 4.95253 0 0 0.421733 426.712 0 
69.5003 103.372 188.354 181.643 
51.956 51.956 105.416 100.6 
23.2193 90.0429 0 16.7605 29.4262 
0 4.95253 0 0 0.421733 426.712 0 
Estimating row 29 out of 308 for hessian
69.5003 103.373 188.354 181.642 
51.956 51.956 105.416 100.6 
23.2193 90.0429 0 16.7605 29.4262 
0 4.95253 0 0 0.421733 426.712 0 
69.5003 103.372 188.354 181.643 
51.956 51.956 105.416 100.6 
23.2193 90.0429 0 16.7605 29.4262 
0 4.95253 0 0 0.421733 426.712 0 
69.5003 103.372 188.354 181.643 
51.956 51.956 105.416 100.6 
23.2193 90.0429 0 16.7605 29.4262 
0 4.95253 0 0 0.421733 426.712 0 
69.5003 103.372 188.354 181.643 
51.956 51.956 105.416 100.6 
23.2193 90.0429 0 16.7605 29.4262 
0 4.95253 0 0 0.421733 426.712 0 
Estimating row 30 out of 308 for hessian
69.5003 103.373 188.354 181.643 
51.956 51.956 105.416 100.601 
23.2193 90.0429 0 16.7605 29.4262 
0 4.95253 0 0 0.421733 426.712 0 
69.5003 103.372 188.354 181.643 
51.956 51.956 105.416 100.6 
23.2193 90.0429 0 16.7605 29.4262 
0 4.95253 0 0 0.421733 426.712 0 
69.5003 103.372 188.354 181.643 
51.956 51.956 105.416 100.6 
23.2193 90.0429 0 16.7605 29.4262 
0 4.95253 0 0 0.421733 426.712 0 
69.5003 103.372 188.354 181.643 
51.956 51.956 105.416 100.6 
23.2193 90.0429 0 16.7605 29.4262 
0 4.95253 0 0 0.421733 426.712 0 
Estimating row 31 out of 308 for hessian
69.5003 103.373 188.354 181.643 
51.956 51.956 105.416 100.601 
23.2193 90.0429 0 16.7605 29.4262 
0 4.95253 0 0 0.421733 426.712 0 
69.5003 103.372 188.354 181.643 
51.956 51.956 105.416 100.6 
23.2193 90.0428 0 16.7605 29.4262 
0 4.95253 0 0 0.421733 426.712 0 
69.5003 103.372 188.354 181.643 
51.956 51.956 105.416 100.6 
23.2193 90.0429 0 16.7605 29.4262 
0 4.95253 0 0 0.421733 426.712 0 
69.5003 103.372 188.354 181.643 
51.956 51.956 105.416 100.6 
23.2193 90.0429 0 16.7605 29.4262 
0 4.95253 0 0 0.421733 426.712 0 
Estimating row 32 out of 308 for hessian
69.5003 103.373 188.354 181.643 
51.956 51.956 105.416 100.601 
23.2193 90.0431 0 16.7605 29.4262 
0 4.95253 0 0 0.421733 426.712 0 
69.5003 103.372 188.354 181.642 
51.956 51.956 105.416 100.6 
23.2193 90.0427 0 16.7605 29.4262 
0 4.95253 0 0 0.421733 426.712 0 
69.5003 103.372 188.354 181.643 
51.956 51.956 105.416 100.6 
23.2193 90.0429 0 16.7605 29.4262 
0 4.95253 0 0 0.421733 426.712 0 
69.5003 103.372 188.354 181.643 
51.956 51.956 105.416 100.6 
23.2193 90.0429 0 16.7605 29.4262 
0 4.95253 0 0 0.421733 426.712 0 
Estimating row 33 out of 308 for hessian
69.5003 103.373 188.354 181.642 
51.956 51.956 105.416 100.601 
23.2193 90.043 0 16.7605 29.4262 
0 4.95253 0 0 0.421733 426.712 0 
69.5003 103.372 188.354 181.643 
51.956 51.956 105.416 100.6 
23.2193 90.0427 0 16.7605 29.4262 
0 4.95253 0 0 0.421733 426.712 0 
69.5003 103.372 188.354 181.643 
51.956 51.956 105.416 100.6 
23.2193 90.0429 0 16.7605 29.4262 
0 4.95253 0 0 0.421733 426.712 0 
69.5003 103.372 188.354 181.643 
51.956 51.956 105.416 100.6 
23.2193 90.0429 0 16.7605 29.4262 
0 4.95253 0 0 0.421733 426.712 0 
Estimating row 34 out of 308 for hessian
69.5003 103.372 188.354 181.642 
51.956 51.956 105.416 100.6 
23.2193 90.0429 0 16.7605 29.4262 
0 4.95253 0 0 0.421733 426.712 0 
69.5003 103.372 188.354 181.643 
51.956 51.956 105.416 100.6 
23.2193 90.0429 0 16.7605 29.4262 
0 4.95253 0 0 0.421733 426.712 0 
69.5003 103.372 188.354 181.643 
51.956 51.956 105.416 100.6 
23.2193 90.0429 0 16.7605 29.4262 
0 4.95253 0 0 0.421733 426.712 0 
69.5003 103.372 188.354 181.643 
51.956 51.956 105.416 100.6 
23.2193 90.0429 0 16.7605 29.4262 
0 4.95253 0 0 0.421733 426.712 0 
Estimating row 35 out of 308 for hessian
69.5003 103.372 188.354 181.643 
51.956 51.956 105.416 100.6 
23.2193 90.0429 0 16.7605 29.4262 
0 4.95253 0 0 0.421733 426.712 0 
69.5003 103.372 188.354 181.643 
51.956 51.956 105.416 100.6 
23.2193 90.0429 0 16.7605 29.4262 
0 4.95253 0 0 0.421733 426.712 0 
69.5003 103.372 188.354 181.643 
51.956 51.956 105.416 100.6 
23.2193 90.0429 0 16.7605 29.4262 
0 4.95253 0 0 0.421733 426.712 0 
69.5003 103.372 188.354 181.643 
51.956 51.956 105.416 100.6 
23.2193 90.0429 0 16.7605 29.4262 
0 4.95253 0 0 0.421733 426.712 0 
Estimating row 36 out of 308 for hessian
69.5003 103.372 188.354 181.642 
51.9564 51.9564 105.415 100.6 
23.2193 90.0429 0 16.7605 29.4262 
0 4.95253 0 0 0.421733 426.712 0 
69.5003 103.372 188.354 181.643 
51.9556 51.9556 105.416 100.601 
23.2193 90.0428 0 16.7605 29.4262 
0 4.95253 0 0 0.421733 426.712 0 
69.5003 103.372 188.354 181.643 
51.9561 51.9561 105.416 100.6 
23.2193 90.0429 0 16.7605 29.4262 
0 4.95253 0 0 0.421733 426.712 0 
69.5003 103.372 188.354 181.643 
51.956 51.956 105.416 100.6 
23.2193 90.0429 0 16.7605 29.4262 
0 4.95253 0 0 0.421733 426.712 0 
Estimating row 37 out of 308 for hessian
69.5003 103.372 188.354 181.642 
51.9567 51.9567 105.415 100.6 
23.2193 90.0429 0 16.7605 29.4262 
0 4.95253 0 0 0.421733 426.712 0 
69.5003 103.372 188.354 181.643 
51.9554 51.9554 105.416 100.601 
23.2193 90.0429 0 16.7605 29.4262 
0 4.95253 0 0 0.421733 426.712 0 
69.5003 103.372 188.354 181.643 
51.9561 51.9561 105.416 100.6 
23.2193 90.0429 0 16.7605 29.4262 
0 4.95253 0 0 0.421733 426.712 0 
69.5003 103.372 188.354 181.643 
51.956 51.956 105.416 100.6 
23.2193 90.0429 0 16.7605 29.4262 
0 4.95253 0 0 0.421733 426.712 0 
Estimating row 38 out of 308 for hessian
69.5003 103.372 188.354 181.643 
51.9565 51.9565 105.415 100.6 
23.2193 90.0429 0 16.7605 29.4262 
0 4.95253 0 0 0.421733 426.712 0 
69.5003 103.372 188.354 181.643 
51.9556 51.9556 105.416 100.601 
23.2193 90.0429 0 16.7605 29.4262 
0 4.95253 0 0 0.421733 426.712 0 
69.5003 103.372 188.354 181.643 
51.9561 51.9561 105.416 100.6 
23.2193 90.0429 0 16.7605 29.4262 
0 4.95253 0 0 0.421733 426.712 0 
69.5003 103.372 188.354 181.643 
51.956 51.956 105.416 100.6 
23.2193 90.0429 0 16.7605 29.4262 
0 4.95253 0 0 0.421733 426.712 0 
Estimating row 39 out of 308 for hessian
69.5003 103.372 188.354 181.643 
51.956 51.956 105.415 100.6 
23.2193 90.0429 0 16.7605 29.4262 
0 4.95253 0 0 0.421733 426.712 0 
69.5003 103.372 188.354 181.643 
51.956 51.956 105.416 100.6 
23.2193 90.0429 0 16.7605 29.4262 
0 4.95253 0 0 0.421733 426.712 0 
69.5003 103.372 188.354 181.643 
51.956 51.956 105.416 100.6 
23.2193 90.0429 0 16.7605 29.4262 
0 4.95253 0 0 0.421733 426.712 0 
69.5003 103.372 188.354 181.643 
51.956 51.956 105.416 100.6 
23.2193 90.0429 0 16.7605 29.4262 
0 4.95253 0 0 0.421733 426.712 0 
Estimating row 40 out of 308 for hessian
69.5003 103.372 188.354 181.643 
51.956 51.956 105.416 100.6 
23.2193 90.0429 0 16.7605 29.4262 
0 4.95253 0 0 0.421733 426.712 0 
69.5003 103.372 188.354 181.643 
51.956 51.956 105.416 100.6 
23.2193 90.0429 0 16.7605 29.4262 
0 4.95253 0 0 0.421733 426.712 0 
69.5003 103.372 188.354 181.643 
51.956 51.956 105.416 100.6 
23.2193 90.0429 0 16.7605 29.4262 
0 4.95253 0 0 0.421733 426.712 0 
69.5003 103.372 188.354 181.643 
51.956 51.956 105.416 100.6 
23.2193 90.0429 0 16.7605 29.4262 
0 4.95253 0 0 0.421733 426.712 0 
Estimating row 41 out of 308 for hessian
69.5003 103.372 188.354 181.643 
51.956 51.956 105.416 100.6 
23.2193 90.0429 0 16.7605 29.4262 
0 4.95253 0 0 0.421733 426.712 0 
69.5003 103.372 188.354 181.643 
51.956 51.956 105.416 100.6 
23.2193 90.0429 0 16.7605 29.4262 
0 4.95253 0 0 0.421733 426.712 0 
69.5003 103.372 188.354 181.643 
51.956 51.956 105.416 100.6 
23.2193 90.0429 0 16.7605 29.4262 
0 4.95253 0 0 0.421733 426.712 0 
69.5003 103.372 188.354 181.643 
51.956 51.956 105.416 100.6 
23.2193 90.0429 0 16.7605 29.4262 
0 4.95253 0 0 0.421733 426.712 0 
Estimating row 42 out of 308 for hessian
69.5003 103.372 188.354 181.643 
51.956 51.956 105.416 100.6 
23.2193 90.0429 0 16.7605 29.4262 
0 4.95253 0 0 0.421733 426.712 0 
69.5003 103.372 188.354 181.643 
51.956 51.956 105.416 100.6 
23.2193 90.0429 0 16.7605 29.4262 
0 4.95253 0 0 0.421733 426.712 0 
69.5003 103.372 188.354 181.643 
51.956 51.956 105.416 100.6 
23.2193 90.0429 0 16.7605 29.4262 
0 4.95253 0 0 0.421733 426.712 0 
69.5003 103.372 188.354 181.643 
51.956 51.956 105.416 100.6 
23.2193 90.0429 0 16.7605 29.4262 
0 4.95253 0 0 0.421733 426.712 0 
Estimating row 43 out of 308 for hessian
69.502 103.372 188.355 181.643 
51.9541 51.9541 105.415 100.601 
23.2194 90.0409 0 16.7605 29.4262 
0 4.95253 0 0 0.421733 426.712 0 
69.4987 103.373 188.353 181.642 
51.958 51.958 105.416 100.6 
23.2192 90.0449 0 16.7605 29.4262 
0 4.95253 0 0 0.421733 426.712 0 
69.5005 103.372 188.354 181.643 
51.9558 51.9558 105.416 100.601 
23.2193 90.0427 0 16.7605 29.4262 
0 4.95253 0 0 0.421733 426.712 0 
69.5002 103.372 188.354 181.643 
51.9562 51.9562 105.416 100.6 
23.2193 90.0431 0 16.7605 29.4262 
0 4.95253 0 0 0.421733 426.712 0 
Estimating row 44 out of 308 for hessian
69.5006 103.373 188.354 181.643 
51.956 51.956 105.416 100.601 
23.2193 90.042 0 16.7605 29.4262 
0 4.95252 0 0 0.421733 426.712 0 
69.5001 103.372 188.354 181.642 
51.9561 51.9561 105.416 100.6 
23.2193 90.0438 0 16.7605 29.4262 
0 4.95254 0 0 0.421733 426.712 0 
69.5004 103.373 188.354 181.643 
51.956 51.956 105.416 100.6 
23.2193 90.0428 0 16.7605 29.4262 
0 4.95253 0 0 0.421733 426.712 0 
69.5003 103.372 188.354 181.643 
51.956 51.956 105.416 100.6 
23.2193 90.043 0 16.7605 29.4262 
0 4.95253 0 0 0.421733 426.712 0 
Estimating row 45 out of 308 for hessian
69.5004 103.373 188.355 181.643 
51.9567 51.9567 105.416 100.601 
23.2194 90.042 0 16.7605 29.4262 
0 4.95254 0 0 0.421733 426.712 0 
69.5003 103.372 188.353 181.642 
51.9553 51.9553 105.415 100.6 
23.2193 90.0437 0 16.7605 29.4262 
0 4.95252 0 0 0.421733 426.712 0 
69.5003 103.373 188.354 181.643 
51.9561 51.9561 105.416 100.6 
23.2193 90.0428 0 16.7605 29.4262 
0 4.95253 0 0 0.421733 426.712 0 
69.5003 103.372 188.354 181.643 
51.956 51.956 105.416 100.6 
23.2193 90.043 0 16.7605 29.4262 
0 4.95253 0 0 0.421733 426.712 0 
Estimating row 46 out of 308 for hessian
69.5002 103.373 188.354 181.643 
51.956 51.956 105.416 100.6 
23.2192 90.0422 0 16.7605 29.4262 
0 4.95252 0 0 0.421733 426.712 0 
69.5005 103.372 188.354 181.642 
51.9561 51.9561 105.416 100.6 
23.2194 90.0436 0 16.7605 29.4262 
0 4.95254 0 0 0.421733 426.712 0 
69.5003 103.373 188.354 181.643 
51.956 51.956 105.416 100.6 
23.2193 90.0428 0 16.7605 29.4262 
0 4.95253 0 0 0.421733 426.712 0 
69.5004 103.372 188.354 181.643 
51.956 51.956 105.416 100.6 
23.2193 90.0429 0 16.7605 29.4262 
0 4.95253 0 0 0.421733 426.712 0 
Estimating row 47 out of 308 for hessian
69.5002 103.373 188.354 181.643 
51.9559 51.9559 105.416 100.6 
23.2192 90.0423 0 16.7605 29.4262 
0 4.95253 0 0 0.421733 426.712 0 
69.5005 103.372 188.354 181.642 
51.9561 51.9561 105.416 100.601 
23.2194 90.0435 0 16.7605 29.4262 
0 4.95253 0 0 0.421733 426.712 0 
69.5003 103.373 188.354 181.643 
51.956 51.956 105.416 100.6 
23.2193 90.0428 0 16.7605 29.4262 
0 4.95253 0 0 0.421733 426.712 0 
69.5004 103.372 188.354 181.643 
51.956 51.956 105.416 100.6 
23.2193 90.0429 0 16.7605 29.4262 
0 4.95253 0 0 0.421733 426.712 0 
Estimating row 48 out of 308 for hessian
69.5002 103.373 188.354 181.643 
51.9559 51.9559 105.416 100.6 
23.2192 90.0423 0 16.7605 29.4262 
0 4.95252 0 0 0.421733 426.712 0 
69.5005 103.372 188.354 181.642 
51.9562 51.9562 105.416 100.601 
23.2194 90.0434 0 16.7605 29.4262 
0 4.95254 0 0 0.421733 426.712 0 
69.5003 103.373 188.354 181.643 
51.956 51.956 105.416 100.6 
23.2193 90.0428 0 16.7605 29.4262 
0 4.95253 0 0 0.421733 426.712 0 
69.5004 103.372 188.354 181.643 
51.956 51.956 105.416 100.6 
23.2193 90.0429 0 16.7605 29.4262 
0 4.95253 0 0 0.421733 426.712 0 
Estimating row 49 out of 308 for hessian
69.4998 103.371 188.355 181.642 
51.9545 51.9545 105.416 100.6 
23.2194 90.0452 0 16.7605 29.4262 
0 4.95255 0 0 0.421733 426.712 0 
69.5009 103.374 188.353 181.643 
51.9575 51.9575 105.416 100.6 
23.2192 90.0405 0 16.7605 29.4262 
0 4.95251 0 0 0.421733 426.712 0 
69.5003 103.372 188.354 181.643 
51.9559 51.9559 105.416 100.6 
23.2193 90.0431 0 16.7605 29.4262 
0 4.95253 0 0 0.421733 426.712 0 
69.5004 103.373 188.354 181.643 
51.9562 51.9562 105.416 100.6 
23.2193 90.0426 0 16.7605 29.4262 
0 4.95253 0 0 0.421733 426.712 0 
Estimating row 50 out of 308 for hessian
69.5002 103.373 188.354 181.643 
51.9557 51.9557 105.416 100.6 
23.2192 90.0424 0 16.7605 29.4262 
0 4.95251 0 0 0.421733 426.712 0 
69.5005 103.372 188.354 181.642 
51.9563 51.9563 105.416 100.601 
23.2194 90.0433 0 16.7605 29.4262 
0 4.95254 0 0 0.421733 426.712 0 
69.5003 103.373 188.354 181.643 
51.956 51.956 105.416 100.6 
23.2193 90.0428 0 16.7605 29.4262 
0 4.95253 0 0 0.421733 426.712 0 
69.5004 103.372 188.354 181.643 
51.9561 51.9561 105.416 100.6 
23.2193 90.0429 0 16.7605 29.4262 
0 4.95253 0 0 0.421733 426.712 0 
Estimating row 51 out of 308 for hessian
69.5001 103.373 188.354 181.643 
51.9555 51.9555 105.416 100.6 
23.2193 90.0428 0 16.7605 29.4262 
0 4.95253 0 0 0.421733 426.712 0 
69.5006 103.372 188.354 181.643 
51.9566 51.9566 105.416 100.6 
23.2193 90.043 0 16.7605 29.4262 
0 4.95253 0 0 0.421733 426.712 0 
69.5003 103.372 188.354 181.643 
51.956 51.956 105.416 100.6 
23.2193 90.0429 0 16.7605 29.4262 
0 4.95253 0 0 0.421733 426.712 0 
69.5004 103.372 188.354 181.643 
51.9561 51.9561 105.416 100.6 
23.2193 90.0429 0 16.7605 29.4262 
0 4.95253 0 0 0.421733 426.712 0 
Estimating row 52 out of 308 for hessian
69.5 103.37 188.354 181.642 
51.9542 51.9542 105.416 100.601 
23.2194 90.0458 0 16.7605 29.4262 
0 4.95254 0 0 0.421733 426.712 0 
69.5007 103.375 188.354 181.643 
51.9579 51.9579 105.415 100.6 
23.2192 90.04 0 16.7605 29.4262 
0 4.95252 0 0 0.421733 426.712 0 
69.5003 103.372 188.354 181.643 
51.9558 51.9558 105.416 100.6 
23.2193 90.0432 0 16.7605 29.4262 
0 4.95253 0 0 0.421733 426.712 0 
69.5004 103.373 188.354 181.643 
51.9562 51.9562 105.416 100.6 
23.2193 90.0426 0 16.7605 29.4262 
0 4.95253 0 0 0.421733 426.712 0 
Estimating row 53 out of 308 for hessian
69.5001 103.372 188.354 181.643 
51.9556 51.9556 105.416 100.6 
23.2193 90.0435 0 16.7605 29.4262 
0 4.95252 0 0 0.421733 426.712 0 
69.5006 103.373 188.354 181.643 
51.9564 51.9564 105.416 100.6 
23.2193 90.0423 0 16.7605 29.4262 
0 4.95254 0 0 0.421733 426.712 0 
69.5003 103.372 188.354 181.643 
51.956 51.956 105.416 100.6 
23.2193 90.0429 0 16.7605 29.4262 
0 4.95253 0 0 0.421733 426.712 0 
69.5004 103.373 188.354 181.643 
51.9561 51.9561 105.416 100.6 
23.2193 90.0428 0 16.7605 29.4262 
0 4.95253 0 0 0.421733 426.712 0 
Estimating row 54 out of 308 for hessian
69.4999 103.372 188.354 181.642 
51.9558 51.9558 105.416 100.601 
23.2193 90.0438 0 16.7605 29.4262 
0 4.95253 0 0 0.421733 426.712 0 
69.5008 103.373 188.354 181.643 
51.9563 51.9563 105.416 100.6 
23.2193 90.0419 0 16.7605 29.4262 
0 4.95253 0 0 0.421733 426.712 0 
69.5003 103.372 188.354 181.643 
51.956 51.956 105.416 100.6 
23.2193 90.043 0 16.7605 29.4262 
0 4.95253 0 0 0.421733 426.712 0 
69.5004 103.373 188.354 181.643 
51.9561 51.9561 105.416 100.6 
23.2193 90.0428 0 16.7605 29.4262 
0 4.95253 0 0 0.421733 426.712 0 
Estimating row 55 out of 308 for hessian
69.4998 103.372 188.354 181.642 
51.9558 51.9558 105.416 100.601 
23.2194 90.0443 0 16.7605 29.4262 
0 4.95253 0 0 0.421733 426.712 0 
69.5009 103.373 188.354 181.643 
51.9562 51.9562 105.416 100.6 
23.2193 90.0415 0 16.7605 29.4262 
0 4.95252 0 0 0.421733 426.712 0 
69.5003 103.372 188.354 181.643 
51.956 51.956 105.416 100.6 
23.2193 90.043 0 16.7605 29.4262 
0 4.95253 0 0 0.421733 426.712 0 
69.5004 103.373 188.354 181.643 
51.956 51.956 105.416 100.6 
23.2193 90.0427 0 16.7605 29.4262 
0 4.95253 0 0 0.421733 426.712 0 
Estimating row 56 out of 308 for hessian
69.5 103.373 188.354 181.643 
51.9559 51.9559 105.416 100.601 
23.2193 90.043 0 16.7605 29.4262 
0 4.95252 0 0 0.421733 426.712 0 
69.5007 103.372 188.354 181.643 
51.9562 51.9562 105.416 100.6 
23.2193 90.0427 0 16.7605 29.4262 
0 4.95254 0 0 0.421733 426.712 0 
69.5003 103.372 188.354 181.643 
51.956 51.956 105.416 100.6 
23.2193 90.0429 0 16.7605 29.4262 
0 4.95253 0 0 0.421733 426.712 0 
69.5004 103.372 188.354 181.643 
51.956 51.956 105.416 100.6 
23.2193 90.0429 0 16.7605 29.4262 
0 4.95253 0 0 0.421733 426.712 0 
Estimating row 57 out of 308 for hessian
69.5003 103.373 188.355 181.642 
51.9558 51.9558 105.416 100.601 
23.2194 90.0438 0 16.7605 29.4262 
0 4.95253 0 0 0.421733 426.712 0 
69.5004 103.372 188.353 181.643 
51.9563 51.9563 105.415 100.6 
23.2193 90.042 0 16.7605 29.4262 
0 4.95252 0 0 0.421733 426.712 0 
69.5003 103.372 188.354 181.643 
51.956 51.956 105.416 100.6 
23.2193 90.043 0 16.7605 29.4262 
0 4.95253 0 0 0.421733 426.712 0 
69.5003 103.372 188.354 181.643 
51.956 51.956 105.416 100.6 
23.2193 90.0428 0 16.7605 29.4262 
0 4.95253 0 0 0.421733 426.712 0 
Estimating row 58 out of 308 for hessian
69.5007 103.373 188.355 181.642 
51.9558 51.9558 105.416 100.601 
23.2194 90.0434 0 16.7605 29.4262 
0 4.95252 0 0 0.421733 426.712 0 
69.5 103.372 188.353 181.643 
51.9562 51.9562 105.416 100.6 
23.2193 90.0423 0 16.7605 29.4262 
0 4.95253 0 0 0.421733 426.712 0 
69.5004 103.373 188.354 181.643 
51.956 51.956 105.416 100.6 
23.2193 90.0429 0 16.7605 29.4262 
0 4.95253 0 0 0.421733 426.712 0 
69.5003 103.372 188.354 181.643 
51.956 51.956 105.416 100.6 
23.2193 90.0428 0 16.7605 29.4262 
0 4.95253 0 0 0.421733 426.712 0 
Estimating row 59 out of 308 for hessian
69.5012 103.373 188.354 181.642 
51.9563 51.9563 105.416 100.6 
23.2194 90.044 0 16.7605 29.4262 
0 4.95254 0 0 0.421733 426.712 0 
69.4994 103.372 188.354 181.643 
51.9558 51.9558 105.416 100.601 
23.2192 90.0417 0 16.7605 29.4262 
0 4.95252 0 0 0.421733 426.712 0 
69.5004 103.373 188.354 181.643 
51.956 51.956 105.416 100.6 
23.2193 90.043 0 16.7605 29.4262 
0 4.95253 0 0 0.421733 426.712 0 
69.5003 103.372 188.354 181.643 
51.956 51.956 105.416 100.6 
23.2193 90.0428 0 16.7605 29.4262 
0 4.95253 0 0 0.421733 426.712 0 
Estimating row 60 out of 308 for hessian
69.5004 103.373 188.354 181.643 
51.956 51.956 105.416 100.6 
23.2193 90.0424 0 16.7605 29.4262 
0 4.95252 0 0 0.421733 426.712 0 
69.5003 103.372 188.354 181.643 
51.956 51.956 105.416 100.601 
23.2194 90.0433 0 16.7605 29.4262 
0 4.95254 0 0 0.421733 426.712 0 
69.5003 103.373 188.354 181.643 
51.956 51.956 105.416 100.6 
23.2193 90.0428 0 16.7605 29.4262 
0 4.95253 0 0 0.421733 426.712 0 
69.5003 103.372 188.354 181.643 
51.956 51.956 105.416 100.6 
23.2193 90.0429 0 16.7605 29.4262 
0 4.95253 0 0 0.421733 426.712 0 
Estimating row 61 out of 308 for hessian
69.5004 103.373 188.354 181.642 
51.9562 51.9562 105.416 100.6 
23.2193 90.0427 0 16.7605 29.4262 
0 4.95253 0 0 0.421733 426.712 0 
69.5003 103.372 188.354 181.643 
51.9558 51.9558 105.416 100.601 
23.2193 90.0431 0 16.7605 29.4262 
0 4.95253 0 0 0.421733 426.712 0 
69.5003 103.373 188.354 181.643 
51.956 51.956 105.416 100.6 
23.2193 90.0429 0 16.7605 29.4262 
0 4.95253 0 0 0.421733 426.712 0 
69.5003 103.372 188.354 181.643 
51.956 51.956 105.416 100.6 
23.2193 90.0429 0 16.7605 29.4262 
0 4.95253 0 0 0.421733 426.712 0 
Estimating row 62 out of 308 for hessian
69.5005 103.372 188.353 181.642 
51.9576 51.9576 105.416 100.6 
23.2194 90.044 0 16.7605 29.4262 
0 4.95254 0 0 0.421733 426.712 0 
69.5002 103.373 188.355 181.644 
51.9545 51.9545 105.416 100.601 
23.2193 90.0417 0 16.7605 29.4262 
0 4.95252 0 0 0.421733 426.712 0 
69.5004 103.372 188.354 181.643 
51.9562 51.9562 105.416 100.6 
23.2193 90.043 0 16.7605 29.4262 
0 4.95253 0 0 0.421733 426.712 0 
69.5003 103.373 188.354 181.643 
51.9559 51.9559 105.416 100.6 
23.2193 90.0428 0 16.7605 29.4262 
0 4.95253 0 0 0.421733 426.712 0 
Estimating row 63 out of 308 for hessian
69.5003 103.373 188.354 181.642 
51.9564 51.9564 105.416 100.6 
23.2193 90.0425 0 16.7605 29.4262 
0 4.95253 0 0 0.421733 426.712 0 
69.5004 103.372 188.355 181.643 
51.9556 51.9556 105.416 100.601 
23.2193 90.0432 0 16.7605 29.4262 
0 4.95253 0 0 0.421733 426.712 0 
69.5003 103.372 188.354 181.643 
51.9561 51.9561 105.416 100.6 
23.2193 90.0428 0 16.7605 29.4262 
0 4.95253 0 0 0.421733 426.712 0 
69.5003 103.372 188.354 181.643 
51.956 51.956 105.416 100.6 
23.2193 90.0429 0 16.7605 29.4262 
0 4.95253 0 0 0.421733 426.712 0 
Estimating row 64 out of 308 for hessian
69.5002 103.373 188.354 181.643 
51.9562 51.9562 105.416 100.6 
23.2192 90.0423 0 16.7605 29.4262 
0 4.95253 0 0 0.421733 426.712 0 
69.5005 103.372 188.354 181.643 
51.9559 51.9559 105.416 100.601 
23.2194 90.0434 0 16.7605 29.4262 
0 4.95253 0 0 0.421733 426.712 0 
69.5003 103.373 188.354 181.643 
51.956 51.956 105.416 100.6 
23.2193 90.0428 0 16.7605 29.4262 
0 4.95253 0 0 0.421733 426.712 0 
69.5004 103.372 188.354 181.643 
51.956 51.956 105.416 100.6 
23.2193 90.0429 0 16.7605 29.4262 
0 4.95253 0 0 0.421733 426.712 0 
Estimating row 65 out of 308 for hessian
69.5001 103.372 188.354 181.642 
51.9566 51.9566 105.416 100.6 
23.2193 90.0423 0 16.7605 29.4262 
0 4.95253 0 0 0.421733 426.712 0 
69.5006 103.373 188.354 181.643 
51.9555 51.9555 105.416 100.601 
23.2193 90.0434 0 16.7605 29.4262 
0 4.95253 0 0 0.421733 426.712 0 
69.5003 103.372 188.354 181.643 
51.9561 51.9561 105.416 100.6 
23.2193 90.0428 0 16.7605 29.4262 
0 4.95253 0 0 0.421733 426.712 0 
69.5004 103.372 188.354 181.643 
51.956 51.956 105.416 100.6 
23.2193 90.0429 0 16.7605 29.4262 
0 4.95253 0 0 0.421733 426.712 0 
Estimating row 66 out of 308 for hessian
69.4998 103.372 188.354 181.642 
51.9574 51.9574 105.416 100.6 
23.2193 90.0425 0 16.7605 29.4262 
0 4.95253 0 0 0.421733 426.712 0 
69.5009 103.373 188.354 181.643 
51.9546 51.9546 105.416 100.601 
23.2193 90.0432 0 16.7605 29.4262 
0 4.95252 0 0 0.421733 426.712 0 
69.5003 103.372 188.354 181.643 
51.9562 51.9562 105.416 100.6 
23.2193 90.0428 0 16.7605 29.4262 
0 4.95253 0 0 0.421733 426.712 0 
69.5004 103.373 188.354 181.643 
51.9559 51.9559 105.416 100.6 
23.2193 90.0429 0 16.7605 29.4262 
0 4.95253 0 0 0.421733 426.712 0 
Estimating row 67 out of 308 for hessian
69.5001 103.373 188.354 181.642 
51.9564 51.9564 105.416 100.6 
23.2192 90.0423 0 16.7605 29.4262 
0 4.95253 0 0 0.421733 426.712 0 
69.5006 103.372 188.354 181.643 
51.9557 51.9557 105.416 100.601 
23.2194 90.0435 0 16.7605 29.4262 
0 4.95253 0 0 0.421733 426.712 0 
69.5003 103.372 188.354 181.643 
51.9561 51.9561 105.416 100.6 
23.2193 90.0428 0 16.7605 29.4262 
0 4.95253 0 0 0.421733 426.712 0 
69.5004 103.372 188.354 181.643 
51.956 51.956 105.416 100.6 
23.2193 90.0429 0 16.7605 29.4262 
0 4.95253 0 0 0.421733 426.712 0 
Estimating row 68 out of 308 for hessian
69.5002 103.373 188.354 181.643 
51.956 51.956 105.416 100.6 
23.2192 90.0423 0 16.7605 29.4262 
0 4.95252 0 0 0.421733 426.712 0 
69.5005 103.372 188.354 181.643 
51.956 51.956 105.416 100.601 
23.2194 90.0435 0 16.7605 29.4262 
0 4.95253 0 0 0.421733 426.712 0 
69.5003 103.373 188.354 181.643 
51.956 51.956 105.416 100.6 
23.2193 90.0428 0 16.7605 29.4262 
0 4.95253 0 0 0.421733 426.712 0 
69.5004 103.372 188.354 181.643 
51.956 51.956 105.416 100.6 
23.2193 90.0429 0 16.7605 29.4262 
0 4.95253 0 0 0.421733 426.712 0 
Estimating row 69 out of 308 for hessian
69.5001 103.373 188.354 181.643 
51.9563 51.9563 105.416 100.6 
23.2193 90.0423 0 16.7605 29.4262 
0 4.95254 0 0 0.421733 426.712 0 
69.5006 103.372 188.354 181.643 
51.9557 51.9557 105.416 100.601 
23.2194 90.0434 0 16.7605 29.4262 
0 4.95252 0 0 0.421733 426.712 0 
69.5003 103.372 188.354 181.643 
51.9561 51.9561 105.416 100.6 
23.2193 90.0428 0 16.7605 29.4262 
0 4.95253 0 0 0.421733 426.712 0 
69.5004 103.372 188.354 181.643 
51.956 51.956 105.416 100.6 
23.2193 90.0429 0 16.7605 29.4262 
0 4.95253 0 0 0.421733 426.712 0 
Estimating row 70 out of 308 for hessian
69.5002 103.373 188.354 181.643 
51.9563 51.9563 105.416 100.6 
23.2193 90.0423 0 16.7605 29.4262 
0 4.95252 0 0 0.421733 426.712 0 
69.5005 103.372 188.354 181.642 
51.9558 51.9558 105.416 100.601 
23.2194 90.0434 0 16.7605 29.4262 
0 4.95254 0 0 0.421733 426.712 0 
69.5003 103.372 188.354 181.643 
51.956 51.956 105.416 100.6 
23.2193 90.0428 0 16.7605 29.4262 
0 4.95253 0 0 0.421733 426.712 0 
69.5004 103.372 188.354 181.643 
51.956 51.956 105.416 100.6 
23.2193 90.0429 0 16.7605 29.4262 
0 4.95253 0 0 0.421733 426.712 0 
Estimating row 71 out of 308 for hessian
69.5016 103.37 188.353 181.643 
51.9576 51.9576 105.416 100.601 
23.2194 90.0441 0 16.7605 29.4262 
0 4.95254 0 0 0.421733 426.712 0 
69.4991 103.375 188.355 181.642 
51.9544 51.9544 105.415 100.6 
23.2192 90.0417 0 16.7605 29.4262 
0 4.95252 0 0 0.421733 426.712 0 
69.5005 103.372 188.354 181.643 
51.9562 51.9562 105.416 100.6 
23.2193 90.043 0 16.7605 29.4262 
0 4.95253 0 0 0.421733 426.712 0 
69.5002 103.373 188.354 181.643 
51.9559 51.9559 105.416 100.6 
23.2193 90.0428 0 16.7605 29.4262 
0 4.95253 0 0 0.421733 426.712 0 
Estimating row 72 out of 308 for hessian
69.5006 103.372 188.354 181.642 
51.9569 51.9569 105.416 100.6 
23.2194 90.0432 0 16.7605 29.4262 
0 4.95252 0 0 0.421733 426.712 0 
69.5001 103.373 188.355 181.643 
51.9551 51.9551 105.416 100.6 
23.2193 90.0425 0 16.7605 29.4262 
0 4.95253 0 0 0.421733 426.712 0 
69.5004 103.372 188.354 181.643 
51.9561 51.9561 105.416 100.6 
23.2193 90.0429 0 16.7605 29.4262 
0 4.95253 0 0 0.421733 426.712 0 
69.5003 103.373 188.354 181.643 
51.9559 51.9559 105.416 100.6 
23.2193 90.0428 0 16.7605 29.4262 
0 4.95253 0 0 0.421733 426.712 0 
Estimating row 73 out of 308 for hessian
69.5002 103.372 188.354 181.643 
51.9565 51.9565 105.416 100.6 
23.2193 90.0428 0 16.7605 29.4262 
0 4.95253 0 0 0.421733 426.712 0 
69.5005 103.373 188.354 181.643 
51.9556 51.9556 105.416 100.601 
23.2193 90.0429 0 16.7605 29.4262 
0 4.95253 0 0 0.421733 426.712 0 
69.5003 103.372 188.354 181.643 
51.9561 51.9561 105.416 100.6 
23.2193 90.0429 0 16.7605 29.4262 
0 4.95253 0 0 0.421733 426.712 0 
69.5004 103.372 188.354 181.643 
51.956 51.956 105.416 100.6 
23.2193 90.0429 0 16.7605 29.4262 
0 4.95253 0 0 0.421733 426.712 0 
Estimating row 74 out of 308 for hessian
69.5002 103.373 188.354 181.643 
51.9564 51.9564 105.416 100.6 
23.2193 90.0428 0 16.7605 29.4262 
0 4.95253 0 0 0.421733 426.712 0 
69.5005 103.372 188.354 181.643 
51.9556 51.9556 105.416 100.601 
23.2193 90.0429 0 16.7605 29.4262 
0 4.95253 0 0 0.421733 426.712 0 
69.5003 103.372 188.354 181.643 
51.9561 51.9561 105.416 100.6 
23.2193 90.0429 0 16.7605 29.4262 
0 4.95253 0 0 0.421733 426.712 0 
69.5004 103.372 188.354 181.643 
51.956 51.956 105.416 100.6 
23.2193 90.0429 0 16.7605 29.4262 
0 4.95253 0 0 0.421733 426.712 0 
Estimating row 75 out of 308 for hessian
69.5001 103.372 188.354 181.643 
51.9566 51.9566 105.416 100.6 
23.2193 90.0433 0 16.7605 29.4262 
0 4.95253 0 0 0.421733 426.712 0 
69.5006 103.373 188.354 181.643 
51.9554 51.9554 105.416 100.601 
23.2193 90.0425 0 16.7605 29.4262 
0 4.95252 0 0 0.421733 426.712 0 
69.5003 103.372 188.354 181.643 
51.9561 51.9561 105.416 100.6 
23.2193 90.0429 0 16.7605 29.4262 
0 4.95253 0 0 0.421733 426.712 0 
69.5004 103.372 188.354 181.643 
51.956 51.956 105.416 100.6 
23.2193 90.0428 0 16.7605 29.4262 
0 4.95253 0 0 0.421733 426.712 0 
Estimating row 76 out of 308 for hessian
69.5001 103.373 188.354 181.643 
51.9561 51.9561 105.416 100.6 
23.2193 90.0427 0 16.7605 29.4262 
0 4.95252 0 0 0.421733 426.712 0 
69.5006 103.372 188.354 181.642 
51.9559 51.9559 105.416 100.601 
23.2194 90.0431 0 16.7605 29.4262 
0 4.95253 0 0 0.421733 426.712 0 
69.5003 103.372 188.354 181.643 
51.956 51.956 105.416 100.6 
23.2193 90.0429 0 16.7605 29.4262 
0 4.95253 0 0 0.421733 426.712 0 
69.5004 103.372 188.354 181.643 
51.956 51.956 105.416 100.6 
23.2193 90.0429 0 16.7605 29.4262 
0 4.95253 0 0 0.421733 426.712 0 
Estimating row 77 out of 308 for hessian
69.5001 103.373 188.354 181.643 
51.9561 51.9561 105.416 100.6 
23.2193 90.0428 0 16.7605 29.4262 
0 4.95253 0 0 0.421733 426.712 0 
69.5006 103.372 188.354 181.642 
51.956 51.956 105.416 100.601 
23.2193 90.0429 0 16.7605 29.4262 
0 4.95252 0 0 0.421733 426.712 0 
69.5003 103.372 188.354 181.643 
51.956 51.956 105.416 100.6 
23.2193 90.0429 0 16.7605 29.4262 
0 4.95253 0 0 0.421733 426.712 0 
69.5004 103.372 188.354 181.643 
51.956 51.956 105.416 100.6 
23.2193 90.0429 0 16.7605 29.4262 
0 4.95253 0 0 0.421733 426.712 0 
Estimating row 78 out of 308 for hessian
69.5002 103.373 188.354 181.643 
51.9559 51.9559 105.416 100.6 
23.2193 90.0427 0 16.7605 29.4262 
0 4.95252 0 0 0.421733 426.712 0 
69.5005 103.372 188.354 181.642 
51.9561 51.9561 105.416 100.601 
23.2193 90.0431 0 16.7605 29.4262 
0 4.95253 0 0 0.421733 426.712 0 
69.5003 103.373 188.354 181.643 
51.956 51.956 105.416 100.6 
23.2193 90.0429 0 16.7605 29.4262 
0 4.95253 0 0 0.421733 426.712 0 
69.5004 103.372 188.354 181.643 
51.956 51.956 105.416 100.6 
23.2193 90.0429 0 16.7605 29.4262 
0 4.95253 0 0 0.421733 426.712 0 
Estimating row 79 out of 308 for hessian
69.5006 103.373 188.355 181.643 
51.9556 51.9556 105.416 100.6 
23.2194 90.0432 0 16.7605 29.4262 
0 4.95253 0 0 0.421733 426.712 0 
69.5001 103.372 188.354 181.642 
51.9565 51.9565 105.416 100.6 
23.2192 90.0425 0 16.7605 29.4262 
0 4.95253 0 0 0.421733 426.712 0 
69.5004 103.373 188.354 181.643 
51.956 51.956 105.416 100.6 
23.2193 90.0429 0 16.7605 29.4262 
0 4.95253 0 0 0.421733 426.712 0 
69.5003 103.372 188.354 181.643 
51.9561 51.9561 105.416 100.6 
23.2193 90.0428 0 16.7605 29.4262 
0 4.95253 0 0 0.421733 426.712 0 
Estimating row 80 out of 308 for hessian
69.5015 103.373 188.355 181.643 
51.9551 51.9551 105.416 100.601 
23.2194 90.0429 0 16.7605 29.4262 
0 4.95253 0 0 0.421733 426.712 0 
69.4992 103.372 188.353 181.642 
51.9569 51.9569 105.416 100.6 
23.2192 90.0429 0 16.7605 29.4262 
0 4.95252 0 0 0.421733 426.712 0 
69.5005 103.373 188.354 181.643 
51.9559 51.9559 105.416 100.6 
23.2193 90.0429 0 16.7605 29.4262 
0 4.95253 0 0 0.421733 426.712 0 
69.5002 103.372 188.354 181.643 
51.9561 51.9561 105.416 100.6 
23.2193 90.0429 0 16.7605 29.4262 
0 4.95253 0 0 0.421733 426.712 0 
Estimating row 81 out of 308 for hessian
69.5002 103.373 188.354 181.643 
51.9559 51.9559 105.416 100.6 
23.2193 90.0421 0 16.7605 29.4262 
0 4.95253 0 0 0.421733 426.712 0 
69.5004 103.372 188.354 181.642 
51.9562 51.9562 105.416 100.601 
23.2193 90.0436 0 16.7605 29.4262 
0 4.95253 0 0 0.421733 426.712 0 
69.5003 103.373 188.354 181.643 
51.956 51.956 105.416 100.6 
23.2193 90.0428 0 16.7605 29.4262 
0 4.95253 0 0 0.421733 426.712 0 
69.5004 103.372 188.354 181.643 
51.956 51.956 105.416 100.6 
23.2193 90.043 0 16.7605 29.4262 
0 4.95253 0 0 0.421733 426.712 0 
Estimating row 82 out of 308 for hessian
69.5003 103.373 188.354 181.643 
51.9559 51.9559 105.416 100.6 
23.2192 90.0422 0 16.7605 29.4262 
0 4.95252 0 0 0.421733 426.712 0 
69.5004 103.372 188.354 181.642 
51.9561 51.9561 105.416 100.601 
23.2194 90.0436 0 16.7605 29.4262 
0 4.95253 0 0 0.421733 426.712 0 
69.5003 103.373 188.354 181.643 
51.956 51.956 105.416 100.6 
23.2193 90.0428 0 16.7605 29.4262 
0 4.95253 0 0 0.421733 426.712 0 
69.5004 103.372 188.354 181.643 
51.956 51.956 105.416 100.6 
23.2193 90.0429 0 16.7605 29.4262 
0 4.95253 0 0 0.421733 426.712 0 
Estimating row 83 out of 308 for hessian
69.5002 103.373 188.354 181.643 
51.9559 51.9559 105.416 100.6 
23.2193 90.0421 0 16.7605 29.4262 
0 4.95253 0 0 0.421733 426.712 0 
69.5005 103.372 188.354 181.642 
51.9562 51.9562 105.416 100.601 
23.2194 90.0436 0 16.7605 29.4262 
0 4.95253 0 0 0.421733 426.712 0 
69.5003 103.373 188.354 181.643 
51.956 51.956 105.416 100.6 
23.2193 90.0428 0 16.7605 29.4262 
0 4.95253 0 0 0.421733 426.712 0 
69.5004 103.372 188.354 181.643 
51.956 51.956 105.416 100.6 
23.2193 90.043 0 16.7605 29.4262 
0 4.95253 0 0 0.421733 426.712 0 
Estimating row 84 out of 308 for hessian
69.5002 103.373 188.354 181.643 
51.9559 51.9559 105.416 100.6 
23.2193 90.0421 0 16.7605 29.4262 
0 4.95253 0 0 0.421733 426.712 0 
69.5004 103.372 188.354 181.642 
51.9562 51.9562 105.416 100.601 
23.2193 90.0436 0 16.7605 29.4262 
0 4.95253 0 0 0.421733 426.712 0 
69.5003 103.373 188.354 181.643 
51.956 51.956 105.416 100.6 
23.2193 90.0428 0 16.7605 29.4262 
0 4.95253 0 0 0.421733 426.712 0 
69.5004 103.372 188.354 181.643 
51.956 51.956 105.416 100.6 
23.2193 90.043 0 16.7605 29.4262 
0 4.95253 0 0 0.421733 426.712 0 
Estimating row 85 out of 308 for hessian
69.5003 103.372 188.354 181.643 
51.9554 51.9554 105.416 100.6 
23.2193 90.0423 0 16.7605 29.4262 
0 4.95252 0 0 0.421733 426.712 0 
69.5003 103.372 188.354 181.643 
51.9566 51.9566 105.415 100.6 
23.2193 90.0434 0 16.7605 29.4262 
0 4.95254 0 0 0.421733 426.712 0 
69.5003 103.372 188.354 181.643 
51.956 51.956 105.416 100.6 
23.2193 90.0428 0 16.7605 29.4262 
0 4.95253 0 0 0.421733 426.712 0 
69.5003 103.372 188.354 181.643 
51.9561 51.9561 105.416 100.6 
23.2193 90.0429 0 16.7605 29.4262 
0 4.95253 0 0 0.421733 426.712 0 
Estimating row 86 out of 308 for hessian
69.5003 103.372 188.354 181.643 
51.9553 51.9553 105.416 100.6 
23.2193 90.0422 0 16.7605 29.4262 
0 4.95257 0 0 0.421733 426.712 0 
69.5003 103.372 188.354 181.643 
51.9568 51.9568 105.416 100.6 
23.2193 90.0435 0 16.7605 29.4262 
0 4.95249 0 0 0.421733 426.712 0 
69.5003 103.372 188.354 181.643 
51.9559 51.9559 105.416 100.6 
23.2193 90.0428 0 16.7605 29.4262 
0 4.95253 0 0 0.421733 426.712 0 
69.5003 103.372 188.354 181.643 
51.9561 51.9561 105.416 100.6 
23.2193 90.0429 0 16.7605 29.4262 
0 4.95252 0 0 0.421733 426.712 0 
Estimating row 87 out of 308 for hessian
69.5003 103.373 188.354 181.643 
51.9558 51.9558 105.416 100.6 
23.2193 90.0425 0 16.7605 29.4262 
0 4.95247 0 0 0.421733 426.712 0 
69.5003 103.372 188.354 181.643 
51.9562 51.9562 105.416 100.6 
23.2193 90.0432 0 16.7605 29.4262 
0 4.95259 0 0 0.421733 426.712 0 
69.5003 103.372 188.354 181.643 
51.956 51.956 105.416 100.6 
23.2193 90.0428 0 16.7605 29.4262 
0 4.95252 0 0 0.421733 426.712 0 
69.5003 103.372 188.354 181.643 
51.956 51.956 105.416 100.6 
23.2193 90.0429 0 16.7605 29.4262 
0 4.95253 0 0 0.421733 426.712 0 
Estimating row 88 out of 308 for hessian
69.5003 103.373 188.354 181.643 
51.9558 51.9558 105.416 100.6 
23.2193 90.0425 0 16.7605 29.4262 
0 4.95257 0 0 0.421733 426.712 0 
69.5003 103.372 188.354 181.643 
51.9563 51.9563 105.416 100.6 
23.2193 90.0433 0 16.7605 29.4262 
0 4.95248 0 0 0.421733 426.712 0 
69.5003 103.372 188.354 181.643 
51.956 51.956 105.416 100.6 
23.2193 90.0428 0 16.7605 29.4262 
0 4.95253 0 0 0.421733 426.712 0 
69.5003 103.372 188.354 181.643 
51.956 51.956 105.416 100.6 
23.2193 90.0429 0 16.7605 29.4262 
0 4.95252 0 0 0.421733 426.712 0 
Estimating row 89 out of 308 for hessian
69.5003 103.373 188.354 181.643 
51.9559 51.9559 105.416 100.6 
23.2193 90.0425 0 16.7605 29.4262 
0 4.95251 0 0 0.421733 426.712 0 
69.5003 103.372 188.354 181.643 
51.9561 51.9561 105.416 100.6 
23.2193 90.0432 0 16.7605 29.4262 
0 4.95255 0 0 0.421733 426.712 0 
69.5003 103.372 188.354 181.643 
51.956 51.956 105.416 100.6 
23.2193 90.0428 0 16.7605 29.4262 
0 4.95253 0 0 0.421733 426.712 0 
69.5003 103.372 188.354 181.643 
51.956 51.956 105.416 100.6 
23.2193 90.0429 0 16.7605 29.4262 
0 4.95253 0 0 0.421733 426.712 0 
Estimating row 90 out of 308 for hessian
69.5003 103.373 188.354 181.643 
51.9561 51.9561 105.416 100.6 
23.2193 90.0426 0 16.7605 29.4262 
0 4.95252 0 0 0.421733 426.712 0 
69.5003 103.372 188.354 181.643 
51.956 51.956 105.416 100.6 
23.2193 90.0432 0 16.7605 29.4262 
0 4.95254 0 0 0.421733 426.712 0 
69.5003 103.372 188.354 181.643 
51.956 51.956 105.416 100.6 
23.2193 90.0428 0 16.7605 29.4262 
0 4.95253 0 0 0.421733 426.712 0 
69.5003 103.372 188.354 181.643 
51.956 51.956 105.416 100.6 
23.2193 90.0429 0 16.7605 29.4262 
0 4.95253 0 0 0.421733 426.712 0 
Estimating row 91 out of 308 for hessian
69.5003 103.373 188.354 181.643 
51.9565 51.9565 105.416 100.601 
23.2193 90.0427 0 16.7605 29.4262 
0 4.95256 0 0 0.421733 426.712 0 
69.5003 103.372 188.354 181.643 
51.9556 51.9556 105.416 100.6 
23.2193 90.0431 0 16.7605 29.4262 
0 4.9525 0 0 0.421733 426.712 0 
69.5003 103.372 188.354 181.643 
51.9561 51.9561 105.416 100.6 
23.2193 90.0429 0 16.7605 29.4262 
0 4.95253 0 0 0.421733 426.712 0 
69.5003 103.372 188.354 181.643 
51.956 51.956 105.416 100.6 
23.2193 90.0429 0 16.7605 29.4262 
0 4.95253 0 0 0.421733 426.712 0 
Estimating row 92 out of 308 for hessian
69.5003 103.373 188.354 181.643 
51.956 51.956 105.416 100.6 
23.2193 90.0427 0 16.7605 29.4262 
0 4.95251 0 0 0.421733 426.712 0 
69.5003 103.372 188.354 181.643 
51.956 51.956 105.416 100.6 
23.2193 90.0431 0 16.7605 29.4262 
0 4.95255 0 0 0.421733 426.712 0 
69.5003 103.372 188.354 181.643 
51.956 51.956 105.416 100.6 
23.2193 90.0429 0 16.7605 29.4262 
0 4.95253 0 0 0.421733 426.712 0 
69.5003 103.372 188.354 181.643 
51.956 51.956 105.416 100.6 
23.2193 90.0429 0 16.7605 29.4262 
0 4.95253 0 0 0.421733 426.712 0 
Estimating row 93 out of 308 for hessian
69.5003 103.372 188.354 181.643 
51.9558 51.9558 105.416 100.6 
23.2193 90.0428 0 16.7605 29.4262 
0 4.95251 0 0 0.421733 426.712 0 
69.5003 103.372 188.354 181.643 
51.9562 51.9562 105.416 100.6 
23.2193 90.0429 0 16.7605 29.4262 
0 4.95255 0 0 0.421733 426.712 0 
69.5003 103.372 188.354 181.643 
51.956 51.956 105.416 100.6 
23.2193 90.0429 0 16.7605 29.4262 
0 4.95253 0 0 0.421733 426.712 0 
69.5003 103.372 188.354 181.643 
51.956 51.956 105.416 100.6 
23.2193 90.0429 0 16.7605 29.4262 
0 4.95253 0 0 0.421733 426.712 0 
Estimating row 94 out of 308 for hessian
69.5003 103.372 188.354 181.643 
51.9553 51.9553 105.416 100.601 
23.2193 90.0436 0 16.7605 29.4262 
0 4.95256 0 0 0.421733 426.712 0 
69.5003 103.373 188.354 181.643 
51.9568 51.9568 105.416 100.6 
23.2193 90.0422 0 16.7605 29.4262 
0 4.9525 0 0 0.421733 426.712 0 
69.5003 103.372 188.354 181.643 
51.956 51.956 105.416 100.6 
23.2193 90.0429 0 16.7605 29.4262 
0 4.95253 0 0 0.421733 426.712 0 
69.5003 103.373 188.354 181.643 
51.9561 51.9561 105.416 100.6 
23.2193 90.0428 0 16.7605 29.4262 
0 4.95253 0 0 0.421733 426.712 0 
Estimating row 95 out of 308 for hessian
69.5003 103.372 188.354 181.643 
51.9555 51.9555 105.416 100.6 
23.2193 90.043 0 16.7605 29.4262 
0 4.9525 0 0 0.421733 426.712 0 
69.5003 103.373 188.354 181.643 
51.9565 51.9565 105.416 100.6 
23.2193 90.0428 0 16.7605 29.4262 
0 4.95256 0 0 0.421733 426.712 0 
69.5003 103.372 188.354 181.643 
51.956 51.956 105.416 100.6 
23.2193 90.0429 0 16.7605 29.4262 
0 4.95253 0 0 0.421733 426.712 0 
69.5003 103.372 188.354 181.643 
51.9561 51.9561 105.416 100.6 
23.2193 90.0429 0 16.7605 29.4262 
0 4.95253 0 0 0.421733 426.712 0 
Estimating row 96 out of 308 for hessian
69.5003 103.372 188.354 181.643 
51.9555 51.9555 105.416 100.6 
23.2193 90.0429 0 16.7605 29.4262 
0 4.95256 0 0 0.421733 426.712 0 
69.5003 103.373 188.354 181.643 
51.9565 51.9565 105.416 100.6 
23.2193 90.0429 0 16.7605 29.4262 
0 4.95249 0 0 0.421733 426.712 0 
69.5003 103.372 188.354 181.643 
51.956 51.956 105.416 100.6 
23.2193 90.0429 0 16.7605 29.4262 
0 4.95253 0 0 0.421733 426.712 0 
69.5003 103.372 188.354 181.643 
51.9561 51.9561 105.416 100.6 
23.2193 90.0429 0 16.7605 29.4262 
0 4.95253 0 0 0.421733 426.712 0 
Estimating row 97 out of 308 for hessian
69.5003 103.373 188.354 181.643 
51.9558 51.9558 105.416 100.6 
23.2193 90.0427 0 16.7605 29.4262 
0 4.95248 0 0 0.421733 426.712 0 
69.5003 103.372 188.354 181.643 
51.9562 51.9562 105.416 100.6 
23.2193 90.0431 0 16.7605 29.4262 
0 4.95258 0 0 0.421733 426.712 0 
69.5003 103.372 188.354 181.643 
51.956 51.956 105.416 100.6 
23.2193 90.0429 0 16.7605 29.4262 
0 4.95252 0 0 0.421733 426.712 0 
69.5003 103.372 188.354 181.643 
51.956 51.956 105.416 100.6 
23.2193 90.0429 0 16.7605 29.4262 
0 4.95253 0 0 0.421733 426.712 0 
Estimating row 98 out of 308 for hessian
69.5003 103.372 188.354 181.643 
51.9558 51.9558 105.416 100.6 
23.2193 90.0432 0 16.7605 29.4262 
0 4.95257 0 0 0.421733 426.712 0 
69.5003 103.373 188.354 181.643 
51.9563 51.9563 105.416 100.601 
23.2193 90.0425 0 16.7605 29.4262 
0 4.95249 0 0 0.421733 426.712 0 
69.5003 103.372 188.354 181.643 
51.956 51.956 105.416 100.6 
23.2193 90.0429 0 16.7605 29.4262 
0 4.95253 0 0 0.421733 426.712 0 
69.5003 103.373 188.354 181.643 
51.9561 51.9561 105.416 100.6 
23.2193 90.0428 0 16.7605 29.4262 
0 4.95252 0 0 0.421733 426.712 0 
Estimating row 99 out of 308 for hessian
69.5003 103.372 188.354 181.643 
51.956 51.956 105.416 100.6 
23.2193 90.0433 0 16.7605 29.4262 
0 4.95251 0 0 0.421733 426.712 0 
69.5003 103.373 188.354 181.642 
51.9561 51.9561 105.416 100.6 
23.2193 90.0425 0 16.7605 29.4262 
0 4.95255 0 0 0.421733 426.712 0 
69.5003 103.372 188.354 181.643 
51.956 51.956 105.416 100.6 
23.2193 90.0429 0 16.7605 29.4262 
0 4.95253 0 0 0.421733 426.712 0 
69.5003 103.372 188.354 181.643 
51.956 51.956 105.416 100.6 
23.2193 90.0428 0 16.7605 29.4262 
0 4.95253 0 0 0.421733 426.712 0 
Estimating row 100 out of 308 for hessian
69.5003 103.372 188.354 181.643 
51.956 51.956 105.416 100.601 
23.2193 90.0436 0 16.7605 29.4262 
0 4.95252 0 0 0.421733 426.712 0 
69.5003 103.372 188.354 181.642 
51.956 51.956 105.416 100.6 
23.2193 90.0421 0 16.7605 29.4262 
0 4.95254 0 0 0.421733 426.712 0 
69.5003 103.372 188.354 181.643 
51.956 51.956 105.416 100.6 
23.2193 90.0429 0 16.7605 29.4262 
0 4.95253 0 0 0.421733 426.712 0 
69.5003 103.372 188.354 181.643 
51.956 51.956 105.416 100.6 
23.2193 90.0428 0 16.7605 29.4262 
0 4.95253 0 0 0.421733 426.712 0 
Estimating row 101 out of 308 for hessian
69.5003 103.373 188.354 181.643 
51.9558 51.9558 105.416 100.601 
23.2193 90.044 0 16.7605 29.4262 
0 4.95255 0 0 0.421733 426.712 0 
69.5003 103.372 188.354 181.643 
51.9562 51.9562 105.416 100.6 
23.2193 90.0418 0 16.7605 29.4262 
0 4.95251 0 0 0.421733 426.712 0 
69.5003 103.373 188.354 181.643 
51.956 51.956 105.416 100.6 
23.2193 90.043 0 16.7605 29.4262 
0 4.95253 0 0 0.421733 426.712 0 
69.5003 103.372 188.354 181.643 
51.956 51.956 105.416 100.6 
23.2193 90.0428 0 16.7605 29.4262 
0 4.95253 0 0 0.421733 426.712 0 
Estimating row 102 out of 308 for hessian
69.5003 103.373 188.354 181.643 
51.9558 51.9558 105.416 100.601 
23.2193 90.0429 0 16.7605 29.4262 
0 4.95252 0 0 0.421733 426.712 0 
69.5003 103.372 188.354 181.643 
51.9563 51.9563 105.416 100.6 
23.2193 90.0429 0 16.7605 29.4262 
0 4.95253 0 0 0.421733 426.712 0 
69.5003 103.373 188.354 181.643 
51.956 51.956 105.416 100.6 
23.2193 90.0429 0 16.7605 29.4262 
0 4.95253 0 0 0.421733 426.712 0 
69.5003 103.372 188.354 181.643 
51.956 51.956 105.416 100.6 
23.2193 90.0429 0 16.7605 29.4262 
0 4.95253 0 0 0.421733 426.712 0 
Estimating row 103 out of 308 for hessian
69.5003 103.373 188.354 181.643 
51.9558 51.9558 105.416 100.6 
23.2193 90.0427 0 16.7605 29.4262 
0 4.95251 0 0 0.421733 426.712 0 
69.5003 103.372 188.354 181.643 
51.9562 51.9562 105.416 100.6 
23.2193 90.0431 0 16.7605 29.4262 
0 4.95255 0 0 0.421733 426.712 0 
69.5003 103.372 188.354 181.643 
51.956 51.956 105.416 100.6 
23.2193 90.0429 0 16.7605 29.4262 
0 4.95253 0 0 0.421733 426.712 0 
69.5003 103.372 188.354 181.643 
51.956 51.956 105.416 100.6 
23.2193 90.0429 0 16.7605 29.4262 
0 4.95253 0 0 0.421733 426.712 0 
Estimating row 104 out of 308 for hessian
69.5003 103.373 188.354 181.643 
51.9558 51.9558 105.416 100.6 
23.2193 90.0428 0 16.7605 29.4262 
0 4.95254 0 0 0.421733 426.712 0 
69.5003 103.372 188.354 181.643 
51.9562 51.9562 105.416 100.6 
23.2193 90.0429 0 16.7605 29.4262 
0 4.95252 0 0 0.421733 426.712 0 
69.5003 103.372 188.354 181.643 
51.956 51.956 105.416 100.6 
23.2193 90.0429 0 16.7605 29.4262 
0 4.95253 0 0 0.421733 426.712 0 
69.5003 103.372 188.354 181.643 
51.956 51.956 105.416 100.6 
23.2193 90.0429 0 16.7605 29.4262 
0 4.95253 0 0 0.421733 426.712 0 
Estimating row 105 out of 308 for hessian
69.5003 103.373 188.354 181.643 
51.9561 51.9561 105.416 100.6 
23.2193 90.0429 0 16.7605 29.4262 
0 4.95254 0 0 0.421733 426.712 0 
69.5003 103.372 188.354 181.643 
51.956 51.956 105.416 100.6 
23.2193 90.0429 0 16.7605 29.4262 
0 4.95251 0 0 0.421733 426.712 0 
69.5003 103.372 188.354 181.643 
51.956 51.956 105.416 100.6 
23.2193 90.0429 0 16.7605 29.4262 
0 4.95253 0 0 0.421733 426.712 0 
69.5003 103.372 188.354 181.643 
51.956 51.956 105.416 100.6 
23.2193 90.0429 0 16.7605 29.4262 
0 4.95253 0 0 0.421733 426.712 0 
Estimating row 106 out of 308 for hessian
69.5003 103.373 188.354 181.643 
51.9561 51.9561 105.416 100.6 
23.2193 90.0427 0 16.7605 29.4262 
0 4.9525 0 0 0.421733 426.712 0 
69.5003 103.372 188.354 181.643 
51.9559 51.9559 105.416 100.6 
23.2193 90.043 0 16.7605 29.4262 
0 4.95255 0 0 0.421733 426.712 0 
69.5003 103.372 188.354 181.643 
51.956 51.956 105.416 100.6 
23.2193 90.0429 0 16.7605 29.4262 
0 4.95253 0 0 0.421733 426.712 0 
69.5003 103.372 188.354 181.643 
51.956 51.956 105.416 100.6 
23.2193 90.0429 0 16.7605 29.4262 
0 4.95253 0 0 0.421733 426.712 0 
Estimating row 107 out of 308 for hessian
69.5003 103.373 188.354 181.643 
51.9562 51.9562 105.416 100.6 
23.2193 90.0428 0 16.7605 29.4262 
0 4.95254 0 0 0.421733 426.712 0 
69.5003 103.372 188.354 181.643 
51.9558 51.9558 105.416 100.6 
23.2193 90.043 0 16.7605 29.4262 
0 4.95251 0 0 0.421733 426.712 0 
69.5003 103.372 188.354 181.643 
51.956 51.956 105.416 100.6 
23.2193 90.0429 0 16.7605 29.4262 
0 4.95253 0 0 0.421733 426.712 0 
69.5003 103.372 188.354 181.643 
51.956 51.956 105.416 100.6 
23.2193 90.0429 0 16.7605 29.4262 
0 4.95253 0 0 0.421733 426.712 0 
Estimating row 108 out of 308 for hessian
69.5003 103.373 188.354 181.643 
51.9561 51.9561 105.416 100.6 
23.2193 90.0426 0 16.7605 29.4262 
0 4.95253 0 0 0.421733 426.712 0 
69.5003 103.372 188.354 181.643 
51.9559 51.9559 105.416 100.6 
23.2193 90.0431 0 16.7605 29.4262 
0 4.95253 0 0 0.421733 426.712 0 
69.5003 103.372 188.354 181.643 
51.956 51.956 105.416 100.6 
23.2193 90.0429 0 16.7605 29.4262 
0 4.95253 0 0 0.421733 426.712 0 
69.5003 103.372 188.354 181.643 
51.956 51.956 105.416 100.6 
23.2193 90.0429 0 16.7605 29.4262 
0 4.95253 0 0 0.421733 426.712 0 
Estimating row 109 out of 308 for hessian
69.5003 103.372 188.354 181.643 
51.9561 51.9561 105.416 100.6 
23.2193 90.0426 0 16.7605 29.4262 
0 4.95251 0 0 0.421733 426.712 0 
69.5003 103.372 188.354 181.643 
51.9559 51.9559 105.416 100.6 
23.2193 90.0431 0 16.7605 29.4262 
0 4.95255 0 0 0.421733 426.712 0 
69.5003 103.372 188.354 181.643 
51.956 51.956 105.416 100.6 
23.2193 90.0429 0 16.7605 29.4262 
0 4.95253 0 0 0.421733 426.712 0 
69.5003 103.372 188.354 181.643 
51.956 51.956 105.416 100.6 
23.2193 90.0429 0 16.7605 29.4262 
0 4.95253 0 0 0.421733 426.712 0 
Estimating row 110 out of 308 for hessian
69.5003 103.372 188.354 181.643 
51.9565 51.9565 105.416 100.6 
23.2193 90.0427 0 16.7605 29.4262 
0 4.95254 0 0 0.421733 426.712 0 
69.5003 103.373 188.354 181.642 
51.9556 51.9556 105.416 100.6 
23.2193 90.0431 0 16.7605 29.4262 
0 4.95252 0 0 0.421733 426.712 0 
69.5003 103.372 188.354 181.643 
51.9561 51.9561 105.416 100.6 
23.2193 90.0429 0 16.7605 29.4262 
0 4.95253 0 0 0.421733 426.712 0 
69.5003 103.373 188.354 181.643 
51.956 51.956 105.416 100.6 
23.2193 90.0429 0 16.7605 29.4262 
0 4.95253 0 0 0.421733 426.712 0 
Estimating row 111 out of 308 for hessian
69.5003 103.372 188.354 181.643 
51.9565 51.9565 105.416 100.6 
23.2193 90.0426 0 16.7605 29.4262 
0 4.95253 0 0 0.421733 426.712 0 
69.5003 103.373 188.354 181.643 
51.9555 51.9555 105.415 100.601 
23.2193 90.0431 0 16.7605 29.4262 
0 4.95252 0 0 0.421733 426.712 0 
69.5003 103.372 188.354 181.643 
51.9561 51.9561 105.416 100.6 
23.2193 90.0429 0 16.7605 29.4262 
0 4.95253 0 0 0.421733 426.712 0 
69.5003 103.373 188.354 181.643 
51.956 51.956 105.416 100.6 
23.2193 90.0429 0 16.7605 29.4262 
0 4.95253 0 0 0.421733 426.712 0 
Estimating row 112 out of 308 for hessian
69.5003 103.372 188.354 181.642 
51.9567 51.9567 105.416 100.6 
23.2193 90.0428 0 16.7605 29.4262 
0 4.95252 0 0 0.421733 426.712 0 
69.5003 103.373 188.354 181.643 
51.9554 51.9554 105.416 100.601 
23.2193 90.0429 0 16.7605 29.4262 
0 4.95254 0 0 0.421733 426.712 0 
69.5003 103.372 188.354 181.643 
51.9561 51.9561 105.416 100.6 
23.2193 90.0429 0 16.7605 29.4262 
0 4.95253 0 0 0.421733 426.712 0 
69.5003 103.373 188.354 181.643 
51.956 51.956 105.416 100.6 
23.2193 90.0429 0 16.7605 29.4262 
0 4.95253 0 0 0.421733 426.712 0 
Estimating row 113 out of 308 for hessian
69.5003 103.372 188.354 181.642 
51.957 51.957 105.416 100.6 
23.2193 90.0431 0 16.7605 29.4262 
0 4.95253 0 0 0.421733 426.712 0 
69.5003 103.373 188.354 181.643 
51.955 51.955 105.416 100.601 
23.2193 90.0427 0 16.7605 29.4262 
0 4.95253 0 0 0.421733 426.712 0 
69.5003 103.372 188.354 181.643 
51.9561 51.9561 105.416 100.6 
23.2193 90.0429 0 16.7605 29.4262 
0 4.95253 0 0 0.421733 426.712 0 
69.5003 103.373 188.354 181.643 
51.9559 51.9559 105.416 100.6 
23.2193 90.0429 0 16.7605 29.4262 
0 4.95253 0 0 0.421733 426.712 0 
Estimating row 114 out of 308 for hessian
69.5003 103.372 188.354 181.643 
51.9565 51.9565 105.416 100.6 
23.2193 90.043 0 16.7605 29.4262 
0 4.95254 0 0 0.421733 426.712 0 
69.5003 103.373 188.354 181.643 
51.9555 51.9555 105.416 100.601 
23.2193 90.0428 0 16.7605 29.4262 
0 4.95252 0 0 0.421733 426.712 0 
69.5003 103.372 188.354 181.643 
51.9561 51.9561 105.416 100.6 
23.2193 90.0429 0 16.7605 29.4262 
0 4.95253 0 0 0.421733 426.712 0 
69.5003 103.373 188.354 181.643 
51.956 51.956 105.416 100.6 
23.2193 90.0429 0 16.7605 29.4262 
0 4.95253 0 0 0.421733 426.712 0 
Estimating row 115 out of 308 for hessian
69.5003 103.372 188.354 181.643 
51.9561 51.9561 105.416 100.6 
23.2193 90.0427 0 16.7605 29.4262 
0 4.95253 0 0 0.421733 426.712 0 
69.5003 103.372 188.354 181.643 
51.956 51.956 105.416 100.6 
23.2193 90.043 0 16.7605 29.4262 
0 4.95253 0 0 0.421733 426.712 0 
69.5003 103.372 188.354 181.643 
51.956 51.956 105.416 100.6 
23.2193 90.0429 0 16.7605 29.4262 
0 4.95253 0 0 0.421733 426.712 0 
69.5003 103.372 188.354 181.643 
51.956 51.956 105.416 100.6 
23.2193 90.0429 0 16.7605 29.4262 
0 4.95253 0 0 0.421733 426.712 0 
Estimating row 116 out of 308 for hessian
69.5003 103.373 188.354 181.643 
51.956 51.956 105.416 100.6 
23.2193 90.0427 0 16.7605 29.4262 
0 4.9525 0 0 0.421733 426.712 0 
69.5003 103.372 188.354 181.643 
51.9561 51.9561 105.416 100.6 
23.2193 90.0431 0 16.7605 29.4262 
0 4.95256 0 0 0.421733 426.712 0 
69.5003 103.372 188.354 181.643 
51.956 51.956 105.416 100.6 
23.2193 90.0429 0 16.7605 29.4262 
0 4.95253 0 0 0.421733 426.712 0 
69.5003 103.372 188.354 181.643 
51.956 51.956 105.416 100.6 
23.2193 90.0429 0 16.7605 29.4262 
0 4.95253 0 0 0.421733 426.712 0 
Estimating row 117 out of 308 for hessian
69.5003 103.372 188.354 181.643 
51.9563 51.9563 105.416 100.6 
23.2193 90.0429 0 16.7605 29.4262 
0 4.95255 0 0 0.421733 426.712 0 
69.5003 103.373 188.354 181.643 
51.9558 51.9558 105.416 100.6 
23.2193 90.0428 0 16.7605 29.4262 
0 4.9525 0 0 0.421733 426.712 0 
69.5003 103.372 188.354 181.643 
51.9561 51.9561 105.416 100.6 
23.2193 90.0429 0 16.7605 29.4262 
0 4.95253 0 0 0.421733 426.712 0 
69.5003 103.373 188.354 181.643 
51.956 51.956 105.416 100.6 
23.2193 90.0429 0 16.7605 29.4262 
0 4.95253 0 0 0.421733 426.712 0 
Estimating row 118 out of 308 for hessian
69.5003 103.372 188.354 181.643 
51.9564 51.9564 105.416 100.6 
23.2193 90.043 0 16.7605 29.4262 
0 4.95253 0 0 0.421733 426.712 0 
69.5003 103.373 188.354 181.643 
51.9556 51.9556 105.416 100.6 
23.2193 90.0427 0 16.7605 29.4262 
0 4.95253 0 0 0.421733 426.712 0 
69.5003 103.372 188.354 181.643 
51.9561 51.9561 105.416 100.6 
23.2193 90.0429 0 16.7605 29.4262 
0 4.95253 0 0 0.421733 426.712 0 
69.5003 103.373 188.354 181.643 
51.956 51.956 105.416 100.6 
23.2193 90.0429 0 16.7605 29.4262 
0 4.95253 0 0 0.421733 426.712 0 
Estimating row 119 out of 308 for hessian
69.5003 103.372 188.354 181.643 
51.9562 51.9562 105.416 100.6 
23.2193 90.0429 0 16.7605 29.4262 
0 4.95253 0 0 0.421733 426.712 0 
69.5003 103.372 188.354 181.643 
51.9558 51.9558 105.416 100.6 
23.2193 90.0429 0 16.7605 29.4262 
0 4.95253 0 0 0.421733 426.712 0 
69.5003 103.372 188.354 181.643 
51.956 51.956 105.416 100.6 
23.2193 90.0429 0 16.7605 29.4262 
0 4.95253 0 0 0.421733 426.712 0 
69.5003 103.372 188.354 181.643 
51.956 51.956 105.416 100.6 
23.2193 90.0429 0 16.7605 29.4262 
0 4.95253 0 0 0.421733 426.712 0 
Estimating row 120 out of 308 for hessian
69.5003 103.373 188.354 181.643 
51.9561 51.9561 105.416 100.6 
23.2193 90.0429 0 16.7605 29.4262 
0 4.95251 0 0 0.421733 426.712 0 
69.5003 103.372 188.354 181.643 
51.956 51.956 105.416 100.6 
23.2193 90.0429 0 16.7605 29.4262 
0 4.95255 0 0 0.421733 426.712 0 
69.5003 103.372 188.354 181.643 
51.956 51.956 105.416 100.6 
23.2193 90.0429 0 16.7605 29.4262 
0 4.95253 0 0 0.421733 426.712 0 
69.5003 103.372 188.354 181.643 
51.956 51.956 105.416 100.6 
23.2193 90.0429 0 16.7605 29.4262 
0 4.95253 0 0 0.421733 426.712 0 
Estimating row 121 out of 308 for hessian
69.5003 103.372 188.354 181.643 
51.9563 51.9563 105.416 100.6 
23.2193 90.0435 0 16.7605 29.4262 
0 4.95252 0 0 0.421733 426.712 0 
69.5003 103.372 188.354 181.643 
51.9557 51.9557 105.416 100.6 
23.2193 90.0423 0 16.7605 29.4262 
0 4.95254 0 0 0.421733 426.712 0 
69.5003 103.372 188.354 181.643 
51.9561 51.9561 105.416 100.6 
23.2193 90.0429 0 16.7605 29.4262 
0 4.95253 0 0 0.421733 426.712 0 
69.5003 103.372 188.354 181.643 
51.956 51.956 105.416 100.6 
23.2193 90.0428 0 16.7605 29.4262 
0 4.95253 0 0 0.421733 426.712 0 
Estimating row 122 out of 308 for hessian
69.5003 103.373 188.354 181.643 
51.9565 51.9565 105.416 100.6 
23.2193 90.0444 0 16.7605 29.4262 
0 4.95257 0 0 0.421733 426.712 0 
69.5003 103.372 188.354 181.643 
51.9556 51.9556 105.416 100.601 
23.2193 90.0413 0 16.7605 29.4262 
0 4.95249 0 0 0.421733 426.712 0 
69.5003 103.373 188.354 181.643 
51.9561 51.9561 105.416 100.6 
23.2193 90.043 0 16.7605 29.4262 
0 4.95253 0 0 0.421733 426.712 0 
69.5003 103.372 188.354 181.643 
51.956 51.956 105.416 100.6 
23.2193 90.0427 0 16.7605 29.4262 
0 4.95252 0 0 0.421733 426.712 0 
Estimating row 123 out of 308 for hessian
69.5003 103.373 188.354 181.643 
51.9559 51.9559 105.416 100.6 
23.2193 90.0426 0 16.7605 29.4262 
0 4.95253 0 0 0.421733 426.712 0 
69.5003 103.372 188.354 181.643 
51.9561 51.9561 105.416 100.6 
23.2193 90.0432 0 16.7605 29.4262 
0 4.95253 0 0 0.421733 426.712 0 
69.5003 103.372 188.354 181.643 
51.956 51.956 105.416 100.6 
23.2193 90.0428 0 16.7605 29.4262 
0 4.95253 0 0 0.421733 426.712 0 
69.5003 103.372 188.354 181.643 
51.956 51.956 105.416 100.6 
23.2193 90.0429 0 16.7605 29.4262 
0 4.95253 0 0 0.421733 426.712 0 
Estimating row 124 out of 308 for hessian
69.5003 103.373 188.354 181.643 
51.9557 51.9557 105.416 100.6 
23.2193 90.0426 0 16.7605 29.4262 
0 4.95256 0 0 0.421733 426.712 0 
69.5003 103.372 188.354 181.642 
51.9563 51.9563 105.416 100.6 
23.2193 90.0431 0 16.7605 29.4262 
0 4.9525 0 0 0.421733 426.712 0 
69.5003 103.372 188.354 181.643 
51.956 51.956 105.416 100.6 
23.2193 90.0429 0 16.7605 29.4262 
0 4.95253 0 0 0.421733 426.712 0 
69.5003 103.372 188.354 181.643 
51.9561 51.9561 105.416 100.6 
23.2193 90.0429 0 16.7605 29.4262 
0 4.95253 0 0 0.421733 426.712 0 
Estimating row 125 out of 308 for hessian
69.5003 103.373 188.354 181.643 
51.9559 51.9559 105.416 100.6 
23.2193 90.0426 0 16.7605 29.4262 
0 4.95251 0 0 0.421733 426.712 0 
69.5003 103.372 188.354 181.643 
51.9561 51.9561 105.416 100.6 
23.2193 90.0432 0 16.7605 29.4262 
0 4.95254 0 0 0.421733 426.712 0 
69.5003 103.372 188.354 181.643 
51.956 51.956 105.416 100.6 
23.2193 90.0428 0 16.7605 29.4262 
0 4.95253 0 0 0.421733 426.712 0 
69.5003 103.372 188.354 181.643 
51.956 51.956 105.416 100.6 
23.2193 90.0429 0 16.7605 29.4262 
0 4.95253 0 0 0.421733 426.712 0 
Estimating row 126 out of 308 for hessian
69.5003 103.373 188.354 181.643 
51.9559 51.9559 105.416 100.6 
23.2193 90.0426 0 16.7605 29.4262 
0 4.95253 0 0 0.421733 426.712 0 
69.5003 103.372 188.354 181.643 
51.9561 51.9561 105.416 100.6 
23.2193 90.0432 0 16.7605 29.4262 
0 4.95253 0 0 0.421733 426.712 0 
69.5003 103.372 188.354 181.643 
51.956 51.956 105.416 100.6 
23.2193 90.0428 0 16.7605 29.4262 
0 4.95253 0 0 0.421733 426.712 0 
69.5003 103.372 188.354 181.643 
51.956 51.956 105.416 100.6 
23.2193 90.0429 0 16.7605 29.4262 
0 4.95253 0 0 0.421733 426.712 0 
Estimating row 127 out of 308 for hessian
69.5003 103.372 188.354 181.643 
51.956 51.956 105.416 100.6 
23.2193 90.0429 0 16.7605 29.4262 
0 4.95253 0 0 0.421733 426.712 0 
69.5003 103.372 188.354 181.643 
51.956 51.956 105.416 100.6 
23.2193 90.0429 0 16.7605 29.4262 
0 4.95253 0 0 0.421733 426.712 0 
69.5003 103.372 188.354 181.643 
51.956 51.956 105.416 100.6 
23.2193 90.0429 0 16.7605 29.4262 
0 4.95253 0 0 0.421733 426.712 0 
69.5003 103.372 188.354 181.643 
51.956 51.956 105.416 100.6 
23.2193 90.0429 0 16.7605 29.4262 
0 4.95253 0 0 0.421733 426.712 0 
Estimating row 128 out of 308 for hessian
69.5003 103.372 188.354 181.643 
51.956 51.956 105.416 100.6 
23.2193 90.0429 0 16.7605 29.4262 
0 4.95253 0 0 0.421733 426.712 0 
69.5003 103.372 188.354 181.643 
51.956 51.956 105.416 100.6 
23.2193 90.0429 0 16.7605 29.4262 
0 4.95253 0 0 0.421733 426.712 0 
69.5003 103.372 188.354 181.643 
51.956 51.956 105.416 100.6 
23.2193 90.0429 0 16.7605 29.4262 
0 4.95253 0 0 0.421733 426.712 0 
69.5003 103.372 188.354 181.643 
51.956 51.956 105.416 100.6 
23.2193 90.0429 0 16.7605 29.4262 
0 4.95253 0 0 0.421733 426.712 0 
Estimating row 129 out of 308 for hessian
69.5003 103.372 188.354 181.643 
51.956 51.956 105.416 100.6 
23.2193 90.0429 0 16.7605 29.4262 
0 4.95253 0 0 0.421733 426.712 0 
69.5003 103.372 188.354 181.643 
51.956 51.956 105.416 100.6 
23.2193 90.0429 0 16.7605 29.4262 
0 4.95253 0 0 0.421733 426.712 0 
69.5003 103.372 188.354 181.643 
51.956 51.956 105.416 100.6 
23.2193 90.0429 0 16.7605 29.4262 
0 4.95253 0 0 0.421733 426.712 0 
69.5003 103.372 188.354 181.643 
51.956 51.956 105.416 100.6 
23.2193 90.0429 0 16.7605 29.4262 
0 4.95253 0 0 0.421733 426.712 0 
Estimating row 130 out of 308 for hessian
69.5003 103.372 188.354 181.643 
51.956 51.956 105.416 100.6 
23.2193 90.0429 0 16.7605 29.4262 
0 4.95253 0 0 0.421733 426.712 0 
69.5003 103.372 188.354 181.643 
51.956 51.956 105.416 100.6 
23.2193 90.0429 0 16.7605 29.4262 
0 4.95253 0 0 0.421733 426.712 0 
69.5003 103.372 188.354 181.643 
51.956 51.956 105.416 100.6 
23.2193 90.0429 0 16.7605 29.4262 
0 4.95253 0 0 0.421733 426.712 0 
69.5003 103.372 188.354 181.643 
51.956 51.956 105.416 100.6 
23.2193 90.0429 0 16.7605 29.4262 
0 4.95253 0 0 0.421733 426.712 0 
Estimating row 131 out of 308 for hessian
69.5003 103.372 188.354 181.643 
51.956 51.956 105.416 100.6 
23.2193 90.0429 0 16.7605 29.4262 
0 4.95253 0 0 0.421733 426.712 0 
69.5003 103.372 188.354 181.643 
51.956 51.956 105.416 100.6 
23.2193 90.0429 0 16.7605 29.4262 
0 4.95253 0 0 0.421733 426.712 0 
69.5003 103.372 188.354 181.643 
51.956 51.956 105.416 100.6 
23.2193 90.0429 0 16.7605 29.4262 
0 4.95253 0 0 0.421733 426.712 0 
69.5003 103.372 188.354 181.643 
51.956 51.956 105.416 100.6 
23.2193 90.0429 0 16.7605 29.4262 
0 4.95253 0 0 0.421733 426.712 0 
Estimating row 132 out of 308 for hessian
69.5003 103.372 188.354 181.643 
51.956 51.956 105.416 100.6 
23.2193 90.0429 0 16.7605 29.4262 
0 4.95253 0 0 0.421733 426.712 0 
69.5003 103.372 188.354 181.643 
51.956 51.956 105.416 100.6 
23.2193 90.0429 0 16.7605 29.4262 
0 4.95253 0 0 0.421733 426.712 0 
69.5003 103.372 188.354 181.643 
51.956 51.956 105.416 100.6 
23.2193 90.0429 0 16.7605 29.4262 
0 4.95253 0 0 0.421733 426.712 0 
69.5003 103.372 188.354 181.643 
51.956 51.956 105.416 100.6 
23.2193 90.0429 0 16.7605 29.4262 
0 4.95253 0 0 0.421733 426.712 0 
Estimating row 133 out of 308 for hessian
69.5003 103.372 188.354 181.643 
51.956 51.956 105.416 100.6 
23.2193 90.0429 0 16.7605 29.4262 
0 4.95253 0 0 0.421733 426.712 0 
69.5003 103.372 188.354 181.643 
51.956 51.956 105.416 100.6 
23.2193 90.0429 0 16.7605 29.4262 
0 4.95253 0 0 0.421733 426.712 0 
69.5003 103.372 188.354 181.643 
51.956 51.956 105.416 100.6 
23.2193 90.0429 0 16.7605 29.4262 
0 4.95253 0 0 0.421733 426.712 0 
69.5003 103.372 188.354 181.643 
51.956 51.956 105.416 100.6 
23.2193 90.0429 0 16.7605 29.4262 
0 4.95253 0 0 0.421733 426.712 0 
Estimating row 134 out of 308 for hessian
69.5003 103.372 188.354 181.643 
51.956 51.956 105.416 100.6 
23.2193 90.0429 0 16.7605 29.4262 
0 4.95253 0 0 0.421733 426.712 0 
69.5003 103.372 188.354 181.643 
51.956 51.956 105.416 100.6 
23.2193 90.0429 0 16.7605 29.4262 
0 4.95253 0 0 0.421733 426.712 0 
69.5003 103.372 188.354 181.643 
51.956 51.956 105.416 100.6 
23.2193 90.0429 0 16.7605 29.4262 
0 4.95253 0 0 0.421733 426.712 0 
69.5003 103.372 188.354 181.643 
51.956 51.956 105.416 100.6 
23.2193 90.0429 0 16.7605 29.4262 
0 4.95253 0 0 0.421733 426.712 0 
Estimating row 135 out of 308 for hessian
69.5003 103.372 188.354 181.643 
51.956 51.956 105.416 100.6 
23.2193 90.0429 0 16.7605 29.4262 
0 4.95253 0 0 0.421733 426.712 0 
69.5003 103.372 188.354 181.643 
51.956 51.956 105.416 100.6 
23.2193 90.0429 0 16.7605 29.4262 
0 4.95253 0 0 0.421733 426.712 0 
69.5003 103.372 188.354 181.643 
51.956 51.956 105.416 100.6 
23.2193 90.0429 0 16.7605 29.4262 
0 4.95253 0 0 0.421733 426.712 0 
69.5003 103.372 188.354 181.643 
51.956 51.956 105.416 100.6 
23.2193 90.0429 0 16.7605 29.4262 
0 4.95253 0 0 0.421733 426.712 0 
Estimating row 136 out of 308 for hessian
69.5003 103.372 188.354 181.643 
51.956 51.956 105.416 100.6 
23.2193 90.0429 0 16.7605 29.4262 
0 4.95253 0 0 0.421733 426.712 0 
69.5003 103.372 188.354 181.643 
51.956 51.956 105.416 100.6 
23.2193 90.0429 0 16.7605 29.4262 
0 4.95253 0 0 0.421733 426.712 0 
69.5003 103.372 188.354 181.643 
51.956 51.956 105.416 100.6 
23.2193 90.0429 0 16.7605 29.4262 
0 4.95253 0 0 0.421733 426.712 0 
69.5003 103.372 188.354 181.643 
51.956 51.956 105.416 100.6 
23.2193 90.0429 0 16.7605 29.4262 
0 4.95253 0 0 0.421733 426.712 0 
Estimating row 137 out of 308 for hessian
69.5003 103.372 188.354 181.643 
51.956 51.956 105.416 100.6 
23.2193 90.0429 0 16.7605 29.4262 
0 4.95253 0 0 0.421733 426.712 0 
69.5003 103.372 188.354 181.643 
51.956 51.956 105.416 100.6 
23.2193 90.0429 0 16.7605 29.4262 
0 4.95253 0 0 0.421733 426.712 0 
69.5003 103.372 188.354 181.643 
51.956 51.956 105.416 100.6 
23.2193 90.0429 0 16.7605 29.4262 
0 4.95253 0 0 0.421733 426.712 0 
69.5003 103.372 188.354 181.643 
51.956 51.956 105.416 100.6 
23.2193 90.0429 0 16.7605 29.4262 
0 4.95253 0 0 0.421733 426.712 0 
Estimating row 138 out of 308 for hessian
69.5003 103.372 188.354 181.643 
51.956 51.956 105.416 100.6 
23.2193 90.0429 0 16.7605 29.4262 
0 4.95253 0 0 0.421733 426.712 0 
69.5003 103.372 188.354 181.643 
51.956 51.956 105.416 100.6 
23.2193 90.0429 0 16.7605 29.4262 
0 4.95253 0 0 0.421733 426.712 0 
69.5003 103.372 188.354 181.643 
51.956 51.956 105.416 100.6 
23.2193 90.0429 0 16.7605 29.4262 
0 4.95253 0 0 0.421733 426.712 0 
69.5003 103.372 188.354 181.643 
51.956 51.956 105.416 100.6 
23.2193 90.0429 0 16.7605 29.4262 
0 4.95253 0 0 0.421733 426.712 0 
Estimating row 139 out of 308 for hessian
69.5003 103.372 188.354 181.643 
51.956 51.956 105.416 100.6 
23.2193 90.0429 0 16.7605 29.4262 
0 4.95253 0 0 0.421733 426.712 0 
69.5003 103.372 188.354 181.643 
51.956 51.956 105.416 100.6 
23.2193 90.0429 0 16.7605 29.4262 
0 4.95253 0 0 0.421733 426.712 0 
69.5003 103.372 188.354 181.643 
51.956 51.956 105.416 100.6 
23.2193 90.0429 0 16.7605 29.4262 
0 4.95253 0 0 0.421733 426.712 0 
69.5003 103.372 188.354 181.643 
51.956 51.956 105.416 100.6 
23.2193 90.0429 0 16.7605 29.4262 
0 4.95253 0 0 0.421733 426.712 0 
Estimating row 140 out of 308 for hessian
69.5003 103.372 188.354 181.643 
51.956 51.956 105.416 100.6 
23.2193 90.0429 0 16.7605 29.4262 
0 4.95253 0 0 0.421733 426.712 0 
69.5003 103.372 188.354 181.643 
51.956 51.956 105.416 100.6 
23.2193 90.0429 0 16.7605 29.4262 
0 4.95253 0 0 0.421733 426.712 0 
69.5003 103.372 188.354 181.643 
51.956 51.956 105.416 100.6 
23.2193 90.0429 0 16.7605 29.4262 
0 4.95253 0 0 0.421733 426.712 0 
69.5003 103.372 188.354 181.643 
51.956 51.956 105.416 100.6 
23.2193 90.0429 0 16.7605 29.4262 
0 4.95253 0 0 0.421733 426.712 0 
Estimating row 141 out of 308 for hessian
69.5003 103.372 188.354 181.643 
51.956 51.956 105.416 100.6 
23.2193 90.0429 0 16.7605 29.4262 
0 4.95253 0 0 0.421733 426.712 0 
69.5003 103.372 188.354 181.643 
51.956 51.956 105.416 100.6 
23.2193 90.0429 0 16.7605 29.4262 
0 4.95253 0 0 0.421733 426.712 0 
69.5003 103.372 188.354 181.643 
51.956 51.956 105.416 100.6 
23.2193 90.0429 0 16.7605 29.4262 
0 4.95253 0 0 0.421733 426.712 0 
69.5003 103.372 188.354 181.643 
51.956 51.956 105.416 100.6 
23.2193 90.0429 0 16.7605 29.4262 
0 4.95253 0 0 0.421733 426.712 0 
Estimating row 142 out of 308 for hessian
69.5003 103.372 188.354 181.643 
51.956 51.956 105.416 100.6 
23.2193 90.0429 0 16.7605 29.4262 
0 4.95253 0 0 0.421733 426.712 0 
69.5003 103.372 188.354 181.643 
51.956 51.956 105.416 100.6 
23.2193 90.0429 0 16.7605 29.4262 
0 4.95253 0 0 0.421733 426.712 0 
69.5003 103.372 188.354 181.643 
51.956 51.956 105.416 100.6 
23.2193 90.0429 0 16.7605 29.4262 
0 4.95253 0 0 0.421733 426.712 0 
69.5003 103.372 188.354 181.643 
51.956 51.956 105.416 100.6 
23.2193 90.0429 0 16.7605 29.4262 
0 4.95253 0 0 0.421733 426.712 0 
Estimating row 143 out of 308 for hessian
69.5003 103.372 188.354 181.643 
51.956 51.956 105.416 100.6 
23.2193 90.0429 0 16.7605 29.4262 
0 4.95253 0 0 0.421733 426.712 0 
69.5003 103.372 188.354 181.643 
51.956 51.956 105.416 100.6 
23.2193 90.0429 0 16.7605 29.4262 
0 4.95253 0 0 0.421733 426.712 0 
69.5003 103.372 188.354 181.643 
51.956 51.956 105.416 100.6 
23.2193 90.0429 0 16.7605 29.4262 
0 4.95253 0 0 0.421733 426.712 0 
69.5003 103.372 188.354 181.643 
51.956 51.956 105.416 100.6 
23.2193 90.0429 0 16.7605 29.4262 
0 4.95253 0 0 0.421733 426.712 0 
Estimating row 144 out of 308 for hessian
69.5003 103.372 188.354 181.643 
51.956 51.956 105.416 100.6 
23.2193 90.0429 0 16.7605 29.4262 
0 4.95253 0 0 0.421733 426.712 0 
69.5003 103.372 188.354 181.643 
51.956 51.956 105.416 100.6 
23.2193 90.0429 0 16.7605 29.4262 
0 4.95253 0 0 0.421733 426.712 0 
69.5003 103.372 188.354 181.643 
51.956 51.956 105.416 100.6 
23.2193 90.0429 0 16.7605 29.4262 
0 4.95253 0 0 0.421733 426.712 0 
69.5003 103.372 188.354 181.643 
51.956 51.956 105.416 100.6 
23.2193 90.0429 0 16.7605 29.4262 
0 4.95253 0 0 0.421733 426.712 0 
Estimating row 145 out of 308 for hessian
69.5003 103.372 188.354 181.643 
51.956 51.956 105.416 100.6 
23.2193 90.0429 0 16.7605 29.4262 
0 4.95253 0 0 0.421733 426.712 0 
69.5003 103.372 188.354 181.643 
51.956 51.956 105.416 100.6 
23.2193 90.0429 0 16.7605 29.4262 
0 4.95253 0 0 0.421733 426.712 0 
69.5003 103.372 188.354 181.643 
51.956 51.956 105.416 100.6 
23.2193 90.0429 0 16.7605 29.4262 
0 4.95253 0 0 0.421733 426.712 0 
69.5003 103.372 188.354 181.643 
51.956 51.956 105.416 100.6 
23.2193 90.0429 0 16.7605 29.4262 
0 4.95253 0 0 0.421733 426.712 0 
Estimating row 146 out of 308 for hessian
69.5003 103.372 188.354 181.643 
51.956 51.956 105.416 100.6 
23.2193 90.0429 0 16.7605 29.4262 
0 4.95253 0 0 0.421733 426.712 0 
69.5003 103.372 188.354 181.643 
51.956 51.956 105.416 100.6 
23.2193 90.0429 0 16.7605 29.4262 
0 4.95253 0 0 0.421733 426.712 0 
69.5003 103.372 188.354 181.643 
51.956 51.956 105.416 100.6 
23.2193 90.0429 0 16.7605 29.4262 
0 4.95253 0 0 0.421733 426.712 0 
69.5003 103.372 188.354 181.643 
51.956 51.956 105.416 100.6 
23.2193 90.0429 0 16.7605 29.4262 
0 4.95253 0 0 0.421733 426.712 0 
Estimating row 147 out of 308 for hessian
69.5003 103.372 188.354 181.643 
51.956 51.956 105.416 100.6 
23.2193 90.0429 0 16.7605 29.4262 
0 4.95253 0 0 0.421733 426.712 0 
69.5003 103.372 188.354 181.643 
51.956 51.956 105.416 100.6 
23.2193 90.0429 0 16.7605 29.4262 
0 4.95253 0 0 0.421733 426.712 0 
69.5003 103.372 188.354 181.643 
51.956 51.956 105.416 100.6 
23.2193 90.0429 0 16.7605 29.4262 
0 4.95253 0 0 0.421733 426.712 0 
69.5003 103.372 188.354 181.643 
51.956 51.956 105.416 100.6 
23.2193 90.0429 0 16.7605 29.4262 
0 4.95253 0 0 0.421733 426.712 0 
Estimating row 148 out of 308 for hessian
69.5003 103.372 188.354 181.643 
51.956 51.956 105.416 100.6 
23.2193 90.0429 0 16.7605 29.4262 
0 4.95253 0 0 0.421733 426.712 0 
69.5003 103.372 188.354 181.643 
51.956 51.956 105.416 100.6 
23.2193 90.0429 0 16.7605 29.4262 
0 4.95253 0 0 0.421733 426.712 0 
69.5003 103.372 188.354 181.643 
51.956 51.956 105.416 100.6 
23.2193 90.0429 0 16.7605 29.4262 
0 4.95253 0 0 0.421733 426.712 0 
69.5003 103.372 188.354 181.643 
51.956 51.956 105.416 100.6 
23.2193 90.0429 0 16.7605 29.4262 
0 4.95253 0 0 0.421733 426.712 0 
Estimating row 149 out of 308 for hessian
69.5003 103.372 188.354 181.643 
51.956 51.956 105.416 100.6 
23.2193 90.0429 0 16.7605 29.4262 
0 4.95253 0 0 0.421733 426.712 0 
69.5003 103.372 188.354 181.643 
51.956 51.956 105.416 100.6 
23.2193 90.0429 0 16.7605 29.4262 
0 4.95253 0 0 0.421733 426.712 0 
69.5003 103.372 188.354 181.643 
51.956 51.956 105.416 100.6 
23.2193 90.0429 0 16.7605 29.4262 
0 4.95253 0 0 0.421733 426.712 0 
69.5003 103.372 188.354 181.643 
51.956 51.956 105.416 100.6 
23.2193 90.0429 0 16.7605 29.4262 
0 4.95253 0 0 0.421733 426.712 0 
Estimating row 150 out of 308 for hessian
69.5003 103.372 188.354 181.643 
51.956 51.956 105.416 100.6 
23.2193 90.0429 0 16.7605 29.4262 
0 4.95253 0 0 0.421733 426.712 0 
69.5003 103.372 188.354 181.643 
51.956 51.956 105.416 100.6 
23.2193 90.0429 0 16.7605 29.4262 
0 4.95253 0 0 0.421733 426.712 0 
69.5003 103.372 188.354 181.643 
51.956 51.956 105.416 100.6 
23.2193 90.0429 0 16.7605 29.4262 
0 4.95253 0 0 0.421733 426.712 0 
69.5003 103.372 188.354 181.643 
51.956 51.956 105.416 100.6 
23.2193 90.0429 0 16.7605 29.4262 
0 4.95253 0 0 0.421733 426.712 0 
Estimating row 151 out of 308 for hessian
69.5003 103.372 188.354 181.643 
51.956 51.956 105.416 100.6 
23.2193 90.0429 0 16.7605 29.4262 
0 4.95253 0 0 0.421733 426.712 0 
69.5003 103.372 188.354 181.643 
51.956 51.956 105.416 100.6 
23.2193 90.0429 0 16.7605 29.4262 
0 4.95253 0 0 0.421733 426.712 0 
69.5003 103.372 188.354 181.643 
51.956 51.956 105.416 100.6 
23.2193 90.0429 0 16.7605 29.4262 
0 4.95253 0 0 0.421733 426.712 0 
69.5003 103.372 188.354 181.643 
51.956 51.956 105.416 100.6 
23.2193 90.0429 0 16.7605 29.4262 
0 4.95253 0 0 0.421733 426.712 0 
Estimating row 152 out of 308 for hessian
69.5003 103.372 188.354 181.643 
51.956 51.956 105.416 100.6 
23.2193 90.0429 0 16.7605 29.4262 
0 4.95253 0 0 0.421733 426.712 0 
69.5003 103.372 188.354 181.643 
51.956 51.956 105.416 100.6 
23.2193 90.0429 0 16.7605 29.4262 
0 4.95253 0 0 0.421733 426.712 0 
69.5003 103.372 188.354 181.643 
51.956 51.956 105.416 100.6 
23.2193 90.0429 0 16.7605 29.4262 
0 4.95253 0 0 0.421733 426.712 0 
69.5003 103.372 188.354 181.643 
51.956 51.956 105.416 100.6 
23.2193 90.0429 0 16.7605 29.4262 
0 4.95253 0 0 0.421733 426.712 0 
Estimating row 153 out of 308 for hessian
69.5003 103.372 188.354 181.643 
51.956 51.956 105.416 100.6 
23.2193 90.0429 0 16.7605 29.4262 
0 4.95253 0 0 0.421733 426.712 0 
69.5003 103.372 188.354 181.643 
51.956 51.956 105.416 100.6 
23.2193 90.0429 0 16.7605 29.4262 
0 4.95253 0 0 0.421733 426.712 0 
69.5003 103.372 188.354 181.643 
51.956 51.956 105.416 100.6 
23.2193 90.0429 0 16.7605 29.4262 
0 4.95253 0 0 0.421733 426.712 0 
69.5003 103.372 188.354 181.643 
51.956 51.956 105.416 100.6 
23.2193 90.0429 0 16.7605 29.4262 
0 4.95253 0 0 0.421733 426.712 0 
Estimating row 154 out of 308 for hessian
69.5003 103.372 188.354 181.643 
51.956 51.956 105.416 100.6 
23.2193 90.0429 0 16.7605 29.4262 
0 4.95253 0 0 0.421733 426.712 0 
69.5003 103.372 188.354 181.643 
51.956 51.956 105.416 100.6 
23.2193 90.0429 0 16.7605 29.4262 
0 4.95253 0 0 0.421733 426.712 0 
69.5003 103.372 188.354 181.643 
51.956 51.956 105.416 100.6 
23.2193 90.0429 0 16.7605 29.4262 
0 4.95253 0 0 0.421733 426.712 0 
69.5003 103.372 188.354 181.643 
51.956 51.956 105.416 100.6 
23.2193 90.0429 0 16.7605 29.4262 
0 4.95253 0 0 0.421733 426.712 0 
Estimating row 155 out of 308 for hessian
69.5003 103.372 188.354 181.643 
51.956 51.956 105.416 100.6 
23.2193 90.0429 0 16.7605 29.4262 
0 4.95253 0 0 0.421733 426.712 0 
69.5003 103.372 188.354 181.643 
51.956 51.956 105.416 100.6 
23.2193 90.0429 0 16.7605 29.4262 
0 4.95253 0 0 0.421733 426.712 0 
69.5003 103.372 188.354 181.643 
51.956 51.956 105.416 100.6 
23.2193 90.0429 0 16.7605 29.4262 
0 4.95253 0 0 0.421733 426.712 0 
69.5003 103.372 188.354 181.643 
51.956 51.956 105.416 100.6 
23.2193 90.0429 0 16.7605 29.4262 
0 4.95253 0 0 0.421733 426.712 0 
Estimating row 156 out of 308 for hessian
69.5003 103.372 188.354 181.643 
51.956 51.956 105.416 100.6 
23.2193 90.0429 0 16.7605 29.4262 
0 4.95253 0 0 0.421733 426.712 0 
69.5003 103.372 188.354 181.643 
51.956 51.956 105.416 100.6 
23.2193 90.0429 0 16.7605 29.4262 
0 4.95253 0 0 0.421733 426.712 0 
69.5003 103.372 188.354 181.643 
51.956 51.956 105.416 100.6 
23.2193 90.0429 0 16.7605 29.4262 
0 4.95253 0 0 0.421733 426.712 0 
69.5003 103.372 188.354 181.643 
51.956 51.956 105.416 100.6 
23.2193 90.0429 0 16.7605 29.4262 
0 4.95253 0 0 0.421733 426.712 0 
Estimating row 157 out of 308 for hessian
69.5003 103.372 188.354 181.643 
51.956 51.956 105.416 100.6 
23.2193 90.0429 0 16.7605 29.4262 
0 4.95253 0 0 0.421733 426.712 0 
69.5003 103.372 188.354 181.643 
51.956 51.956 105.416 100.6 
23.2193 90.0429 0 16.7605 29.4262 
0 4.95253 0 0 0.421733 426.712 0 
69.5003 103.372 188.354 181.643 
51.956 51.956 105.416 100.6 
23.2193 90.0429 0 16.7605 29.4262 
0 4.95253 0 0 0.421733 426.712 0 
69.5003 103.372 188.354 181.643 
51.956 51.956 105.416 100.6 
23.2193 90.0429 0 16.7605 29.4262 
0 4.95253 0 0 0.421733 426.712 0 
Estimating row 158 out of 308 for hessian
69.5003 103.372 188.354 181.643 
51.956 51.956 105.416 100.6 
23.2193 90.0429 0 16.7605 29.4262 
0 4.95253 0 0 0.421733 426.712 0 
69.5003 103.372 188.354 181.643 
51.956 51.956 105.416 100.6 
23.2193 90.0429 0 16.7605 29.4262 
0 4.95253 0 0 0.421733 426.712 0 
69.5003 103.372 188.354 181.643 
51.956 51.956 105.416 100.6 
23.2193 90.0429 0 16.7605 29.4262 
0 4.95253 0 0 0.421733 426.712 0 
69.5003 103.372 188.354 181.643 
51.956 51.956 105.416 100.6 
23.2193 90.0429 0 16.7605 29.4262 
0 4.95253 0 0 0.421733 426.712 0 
Estimating row 159 out of 308 for hessian
69.5003 103.372 188.354 181.643 
51.956 51.956 105.416 100.6 
23.2193 90.0429 0 16.7605 29.4262 
0 4.95253 0 0 0.421733 426.712 0 
69.5003 103.372 188.354 181.643 
51.956 51.956 105.416 100.6 
23.2193 90.0429 0 16.7605 29.4262 
0 4.95253 0 0 0.421733 426.712 0 
69.5003 103.372 188.354 181.643 
51.956 51.956 105.416 100.6 
23.2193 90.0429 0 16.7605 29.4262 
0 4.95253 0 0 0.421733 426.712 0 
69.5003 103.372 188.354 181.643 
51.956 51.956 105.416 100.6 
23.2193 90.0429 0 16.7605 29.4262 
0 4.95253 0 0 0.421733 426.712 0 
Estimating row 160 out of 308 for hessian
69.5003 103.372 188.354 181.643 
51.956 51.956 105.416 100.6 
23.2193 90.0429 0 16.7605 29.4262 
0 4.95253 0 0 0.421733 426.712 0 
69.5003 103.372 188.354 181.643 
51.956 51.956 105.416 100.6 
23.2193 90.0429 0 16.7605 29.4262 
0 4.95253 0 0 0.421733 426.712 0 
69.5003 103.372 188.354 181.643 
51.956 51.956 105.416 100.6 
23.2193 90.0429 0 16.7605 29.4262 
0 4.95253 0 0 0.421733 426.712 0 
69.5003 103.372 188.354 181.643 
51.956 51.956 105.416 100.6 
23.2193 90.0429 0 16.7605 29.4262 
0 4.95253 0 0 0.421733 426.712 0 
Estimating row 161 out of 308 for hessian
69.5003 103.372 188.354 181.643 
51.956 51.956 105.416 100.6 
23.2193 90.0429 0 16.7605 29.4262 
0 4.95253 0 0 0.421733 426.712 0 
69.5003 103.372 188.354 181.643 
51.956 51.956 105.416 100.6 
23.2193 90.0429 0 16.7605 29.4262 
0 4.95253 0 0 0.421733 426.712 0 
69.5003 103.372 188.354 181.643 
51.956 51.956 105.416 100.6 
23.2193 90.0429 0 16.7605 29.4262 
0 4.95253 0 0 0.421733 426.712 0 
69.5003 103.372 188.354 181.643 
51.956 51.956 105.416 100.6 
23.2193 90.0429 0 16.7605 29.4262 
0 4.95253 0 0 0.421733 426.712 0 
Estimating row 162 out of 308 for hessian
69.5003 103.372 188.354 181.643 
51.956 51.956 105.416 100.6 
23.2193 90.0429 0 16.7605 29.4262 
0 4.95253 0 0 0.421733 426.712 0 
69.5003 103.372 188.354 181.643 
51.956 51.956 105.416 100.6 
23.2193 90.0429 0 16.7605 29.4262 
0 4.95253 0 0 0.421733 426.712 0 
69.5003 103.372 188.354 181.643 
51.956 51.956 105.416 100.6 
23.2193 90.0429 0 16.7605 29.4262 
0 4.95253 0 0 0.421733 426.712 0 
69.5003 103.372 188.354 181.643 
51.956 51.956 105.416 100.6 
23.2193 90.0429 0 16.7605 29.4262 
0 4.95253 0 0 0.421733 426.712 0 
Estimating row 163 out of 308 for hessian
69.5003 103.372 188.354 181.643 
51.956 51.956 105.416 100.6 
23.2193 90.0429 0 16.7605 29.4262 
0 4.95253 0 0 0.421733 426.712 0 
69.5003 103.372 188.354 181.643 
51.956 51.956 105.416 100.6 
23.2193 90.0429 0 16.7605 29.4262 
0 4.95253 0 0 0.421733 426.712 0 
69.5003 103.372 188.354 181.643 
51.956 51.956 105.416 100.6 
23.2193 90.0429 0 16.7605 29.4262 
0 4.95253 0 0 0.421733 426.712 0 
69.5003 103.372 188.354 181.643 
51.956 51.956 105.416 100.6 
23.2193 90.0429 0 16.7605 29.4262 
0 4.95253 0 0 0.421733 426.712 0 
Estimating row 164 out of 308 for hessian
69.5003 103.372 188.354 181.643 
51.956 51.956 105.416 100.6 
23.2193 90.0429 0 16.7605 29.4262 
0 4.95253 0 0 0.421733 426.712 0 
69.5003 103.372 188.354 181.643 
51.956 51.956 105.416 100.6 
23.2193 90.0429 0 16.7605 29.4262 
0 4.95253 0 0 0.421733 426.712 0 
69.5003 103.372 188.354 181.643 
51.956 51.956 105.416 100.6 
23.2193 90.0429 0 16.7605 29.4262 
0 4.95253 0 0 0.421733 426.712 0 
69.5003 103.372 188.354 181.643 
51.956 51.956 105.416 100.6 
23.2193 90.0429 0 16.7605 29.4262 
0 4.95253 0 0 0.421733 426.712 0 
Estimating row 165 out of 308 for hessian
69.5003 103.372 188.354 181.643 
51.956 51.956 105.416 100.6 
23.2193 90.0429 0 16.7605 29.4262 
0 4.95253 0 0 0.421733 426.712 0 
69.5003 103.372 188.354 181.643 
51.956 51.956 105.416 100.6 
23.2193 90.0429 0 16.7605 29.4262 
0 4.95253 0 0 0.421733 426.712 0 
69.5003 103.372 188.354 181.643 
51.956 51.956 105.416 100.6 
23.2193 90.0429 0 16.7605 29.4262 
0 4.95253 0 0 0.421733 426.712 0 
69.5003 103.372 188.354 181.643 
51.956 51.956 105.416 100.6 
23.2193 90.0429 0 16.7605 29.4262 
0 4.95253 0 0 0.421733 426.712 0 
Estimating row 166 out of 308 for hessian
69.5003 103.372 188.354 181.643 
51.956 51.956 105.416 100.6 
23.2193 90.0429 0 16.7605 29.4262 
0 4.95253 0 0 0.421733 426.712 0 
69.5003 103.372 188.354 181.643 
51.956 51.956 105.416 100.6 
23.2193 90.0429 0 16.7605 29.4262 
0 4.95253 0 0 0.421733 426.712 0 
69.5003 103.372 188.354 181.643 
51.956 51.956 105.416 100.6 
23.2193 90.0429 0 16.7605 29.4262 
0 4.95253 0 0 0.421733 426.712 0 
69.5003 103.372 188.354 181.643 
51.956 51.956 105.416 100.6 
23.2193 90.0429 0 16.7605 29.4262 
0 4.95253 0 0 0.421733 426.712 0 
Estimating row 167 out of 308 for hessian
69.5003 103.372 188.354 181.643 
51.956 51.956 105.416 100.6 
23.2193 90.0429 0 16.7605 29.4262 
0 4.95253 0 0 0.421733 426.712 0 
69.5003 103.372 188.354 181.643 
51.956 51.956 105.416 100.6 
23.2193 90.0429 0 16.7605 29.4262 
0 4.95253 0 0 0.421733 426.712 0 
69.5003 103.372 188.354 181.643 
51.956 51.956 105.416 100.6 
23.2193 90.0429 0 16.7605 29.4262 
0 4.95253 0 0 0.421733 426.712 0 
69.5003 103.372 188.354 181.643 
51.956 51.956 105.416 100.6 
23.2193 90.0429 0 16.7605 29.4262 
0 4.95253 0 0 0.421733 426.712 0 
Estimating row 168 out of 308 for hessian
69.5003 103.372 188.354 181.643 
51.956 51.956 105.416 100.6 
23.2193 90.0429 0 16.7605 29.4262 
0 4.95253 0 0 0.421733 426.712 0 
69.5003 103.372 188.354 181.643 
51.956 51.956 105.416 100.6 
23.2193 90.0429 0 16.7605 29.4262 
0 4.95253 0 0 0.421733 426.712 0 
69.5003 103.372 188.354 181.643 
51.956 51.956 105.416 100.6 
23.2193 90.0429 0 16.7605 29.4262 
0 4.95253 0 0 0.421733 426.712 0 
69.5003 103.372 188.354 181.643 
51.956 51.956 105.416 100.6 
23.2193 90.0429 0 16.7605 29.4262 
0 4.95253 0 0 0.421733 426.712 0 
Estimating row 169 out of 308 for hessian
69.5079 103.426 188.357 181.643 
51.9332 51.9332 105.416 100.601 
23.2193 89.9946 0 16.7605 29.4262 
0 4.95253 0 0 0.421733 426.712 0 
69.4928 103.318 188.351 181.642 
51.9789 51.9789 105.415 100.6 
23.2193 90.0912 0 16.7605 29.4262 
0 4.95253 0 0 0.421733 426.712 0 
69.5011 103.378 188.354 181.643 
51.9537 51.9537 105.416 100.601 
23.2193 90.038 0 16.7605 29.4262 
0 4.95253 0 0 0.421733 426.712 0 
69.4996 103.367 188.354 181.643 
51.9583 51.9583 105.416 100.6 
23.2193 90.0477 0 16.7605 29.4262 
0 4.95253 0 0 0.421733 426.712 0 
Estimating row 170 out of 308 for hessian
69.4993 103.372 188.355 181.642 
51.9554 51.9554 105.415 100.6 
23.2193 90.0436 0 16.7605 29.4262 
0 4.95253 0 0 0.421733 426.712 0 
69.5014 103.373 188.353 181.643 
51.9566 51.9566 105.416 100.601 
23.2193 90.0421 0 16.7605 29.4262 
0 4.95253 0 0 0.421733 426.712 0 
69.5002 103.372 188.354 181.643 
51.956 51.956 105.416 100.6 
23.2193 90.043 0 16.7605 29.4262 
0 4.95253 0 0 0.421733 426.712 0 
69.5005 103.373 188.354 181.643 
51.9561 51.9561 105.416 100.6 
23.2193 90.0428 0 16.7605 29.4262 
0 4.95253 0 0 0.421733 426.712 0 
Estimating row 171 out of 308 for hessian
69.4999 103.372 188.354 181.642 
51.9558 51.9558 105.416 100.6 
23.2193 90.0435 0 16.7605 29.4262 
0 4.95253 0 0 0.421733 426.712 0 
69.5008 103.373 188.355 181.643 
51.9563 51.9563 105.416 100.601 
23.2193 90.0423 0 16.7605 29.4262 
0 4.95253 0 0 0.421733 426.712 0 
69.5003 103.372 188.354 181.643 
51.956 51.956 105.416 100.6 
23.2193 90.0429 0 16.7605 29.4262 
0 4.95253 0 0 0.421733 426.712 0 
69.5004 103.373 188.354 181.643 
51.9561 51.9561 105.416 100.6 
23.2193 90.0428 0 16.7605 29.4262 
0 4.95253 0 0 0.421733 426.712 0 
Estimating row 172 out of 308 for hessian
69.5001 103.372 188.354 181.642 
51.9559 51.9559 105.416 100.6 
23.2193 90.0433 0 16.7605 29.4262 
0 4.95253 0 0 0.421733 426.712 0 
69.5006 103.373 188.354 181.643 
51.9561 51.9561 105.416 100.6 
23.2193 90.0424 0 16.7605 29.4262 
0 4.95253 0 0 0.421733 426.712 0 
69.5003 103.372 188.354 181.643 
51.956 51.956 105.416 100.6 
23.2193 90.0429 0 16.7605 29.4262 
0 4.95253 0 0 0.421733 426.712 0 
69.5004 103.373 188.354 181.643 
51.956 51.956 105.416 100.6 
23.2193 90.0428 0 16.7605 29.4262 
0 4.95253 0 0 0.421733 426.712 0 
Estimating row 173 out of 308 for hessian
69.5007 103.373 188.354 181.643 
51.9568 51.9568 105.416 100.601 
23.2193 90.0427 0 16.7605 29.4262 
0 4.95253 0 0 0.421733 426.712 0 
69.5 103.372 188.354 181.642 
51.9553 51.9553 105.415 100.6 
23.2193 90.0431 0 16.7605 29.4262 
0 4.95253 0 0 0.421733 426.712 0 
69.5004 103.373 188.354 181.643 
51.9561 51.9561 105.416 100.6 
23.2193 90.0429 0 16.7605 29.4262 
0 4.95253 0 0 0.421733 426.712 0 
69.5003 103.372 188.354 181.643 
51.956 51.956 105.416 100.6 
23.2193 90.0429 0 16.7605 29.4262 
0 4.95253 0 0 0.421733 426.712 0 
Estimating row 174 out of 308 for hessian
69.5009 103.373 188.355 181.643 
51.9572 51.9572 105.416 100.601 
23.2193 90.042 0 16.7605 29.4262 
0 4.95253 0 0 0.421733 426.712 0 
69.4998 103.372 188.354 181.642 
51.9548 51.9548 105.416 100.6 
23.2193 90.0438 0 16.7605 29.4262 
0 4.95253 0 0 0.421733 426.712 0 
69.5004 103.373 188.354 181.643 
51.9561 51.9561 105.416 100.6 
23.2193 90.0428 0 16.7605 29.4262 
0 4.95253 0 0 0.421733 426.712 0 
69.5003 103.372 188.354 181.643 
51.9559 51.9559 105.416 100.6 
23.2193 90.043 0 16.7605 29.4262 
0 4.95253 0 0 0.421733 426.712 0 
Estimating row 175 out of 308 for hessian
69.5006 103.372 188.354 181.643 
51.9567 51.9567 105.416 100.6 
23.2193 90.0426 0 16.7605 29.4262 
0 4.95253 0 0 0.421733 426.712 0 
69.5001 103.373 188.355 181.642 
51.9553 51.9553 105.416 100.6 
23.2193 90.0431 0 16.7605 29.4262 
0 4.95253 0 0 0.421733 426.712 0 
69.5004 103.372 188.354 181.643 
51.9561 51.9561 105.416 100.6 
23.2193 90.0429 0 16.7605 29.4262 
0 4.95253 0 0 0.421733 426.712 0 
69.5003 103.372 188.354 181.643 
51.956 51.956 105.416 100.6 
23.2193 90.0429 0 16.7605 29.4262 
0 4.95253 0 0 0.421733 426.712 0 
Estimating row 176 out of 308 for hessian
69.5005 103.372 188.354 181.643 
51.9567 51.9567 105.416 100.6 
23.2193 90.0427 0 16.7605 29.4262 
0 4.95253 0 0 0.421733 426.712 0 
69.5002 103.373 188.354 181.642 
51.9553 51.9553 105.416 100.6 
23.2193 90.0431 0 16.7605 29.4262 
0 4.95253 0 0 0.421733 426.712 0 
69.5004 103.372 188.354 181.643 
51.9561 51.9561 105.416 100.6 
23.2193 90.0429 0 16.7605 29.4262 
0 4.95253 0 0 0.421733 426.712 0 
69.5003 103.372 188.354 181.643 
51.956 51.956 105.416 100.6 
23.2193 90.0429 0 16.7605 29.4262 
0 4.95253 0 0 0.421733 426.712 0 
Estimating row 177 out of 308 for hessian
69.5007 103.373 188.354 181.643 
51.9566 51.9566 105.416 100.601 
23.2193 90.0429 0 16.7605 29.4262 
0 4.95253 0 0 0.421733 426.712 0 
69.5 103.372 188.354 181.642 
51.9554 51.9554 105.416 100.6 
23.2193 90.0428 0 16.7605 29.4262 
0 4.95253 0 0 0.421733 426.712 0 
69.5004 103.372 188.354 181.643 
51.9561 51.9561 105.416 100.6 
23.2193 90.0429 0 16.7605 29.4262 
0 4.95253 0 0 0.421733 426.712 0 
69.5003 103.372 188.354 181.643 
51.956 51.956 105.416 100.6 
23.2193 90.0429 0 16.7605 29.4262 
0 4.95253 0 0 0.421733 426.712 0 
Estimating row 178 out of 308 for hessian
69.5008 103.373 188.355 181.643 
51.9566 51.9566 105.416 100.6 
23.2193 90.0425 0 16.7605 29.4262 
0 4.95253 0 0 0.421733 426.712 0 
69.4998 103.372 188.354 181.643 
51.9554 51.9554 105.416 100.6 
23.2193 90.0433 0 16.7605 29.4262 
0 4.95253 0 0 0.421733 426.712 0 
69.5004 103.373 188.354 181.643 
51.9561 51.9561 105.416 100.6 
23.2193 90.0428 0 16.7605 29.4262 
0 4.95253 0 0 0.421733 426.712 0 
69.5003 103.372 188.354 181.643 
51.956 51.956 105.416 100.6 
23.2193 90.0429 0 16.7605 29.4262 
0 4.95253 0 0 0.421733 426.712 0 
Estimating row 179 out of 308 for hessian
69.5006 103.374 188.355 181.642 
51.9562 51.9562 105.416 100.6 
23.2193 90.0417 0 16.7605 29.4262 
0 4.95253 0 0 0.421733 426.712 0 
69.5001 103.371 188.353 181.643 
51.9559 51.9559 105.416 100.601 
23.2193 90.0441 0 16.7605 29.4262 
0 4.95253 0 0 0.421733 426.712 0 
69.5004 103.373 188.354 181.643 
51.956 51.956 105.416 100.6 
23.2193 90.0428 0 16.7605 29.4262 
0 4.95253 0 0 0.421733 426.712 0 
69.5003 103.372 188.354 181.643 
51.956 51.956 105.416 100.6 
23.2193 90.043 0 16.7605 29.4262 
0 4.95253 0 0 0.421733 426.712 0 
Estimating row 180 out of 308 for hessian
69.5009 103.373 188.354 181.643 
51.9562 51.9562 105.416 100.6 
23.2193 90.0415 0 16.7605 29.4262 
0 4.95253 0 0 0.421733 426.712 0 
69.4998 103.372 188.355 181.643 
51.9559 51.9559 105.416 100.601 
23.2193 90.0443 0 16.7605 29.4262 
0 4.95253 0 0 0.421733 426.712 0 
69.5004 103.373 188.354 181.643 
51.956 51.956 105.416 100.6 
23.2193 90.0427 0 16.7605 29.4262 
0 4.95253 0 0 0.421733 426.712 0 
69.5003 103.372 188.354 181.643 
51.956 51.956 105.416 100.6 
23.2193 90.043 0 16.7605 29.4262 
0 4.95253 0 0 0.421733 426.712 0 
Estimating row 181 out of 308 for hessian
69.5004 103.372 188.353 181.643 
51.9563 51.9563 105.416 100.6 
23.2193 90.0431 0 16.7605 29.4262 
0 4.95253 0 0 0.421733 426.712 0 
69.5003 103.373 188.355 181.643 
51.9557 51.9557 105.416 100.6 
23.2193 90.0426 0 16.7605 29.4262 
0 4.95253 0 0 0.421733 426.712 0 
69.5003 103.372 188.354 181.643 
51.9561 51.9561 105.416 100.6 
23.2193 90.0429 0 16.7605 29.4262 
0 4.95253 0 0 0.421733 426.712 0 
69.5003 103.373 188.354 181.643 
51.956 51.956 105.416 100.6 
23.2193 90.0429 0 16.7605 29.4262 
0 4.95253 0 0 0.421733 426.712 0 
Estimating row 182 out of 308 for hessian
69.5004 103.372 188.354 181.643 
51.9566 51.9566 105.416 100.6 
23.2193 90.0425 0 16.7605 29.4262 
0 4.95253 0 0 0.421733 426.712 0 
69.5003 103.373 188.354 181.643 
51.9554 51.9554 105.416 100.601 
23.2193 90.0432 0 16.7605 29.4262 
0 4.95253 0 0 0.421733 426.712 0 
69.5003 103.372 188.354 181.643 
51.9561 51.9561 105.416 100.6 
23.2193 90.0428 0 16.7605 29.4262 
0 4.95253 0 0 0.421733 426.712 0 
69.5003 103.373 188.354 181.643 
51.956 51.956 105.416 100.6 
23.2193 90.0429 0 16.7605 29.4262 
0 4.95253 0 0 0.421733 426.712 0 
Estimating row 183 out of 308 for hessian
69.5003 103.372 188.354 181.643 
51.9563 51.9563 105.416 100.6 
23.2193 90.0434 0 16.7605 29.4262 
0 4.95253 0 0 0.421733 426.712 0 
69.5004 103.373 188.354 181.643 
51.9558 51.9558 105.416 100.6 
23.2193 90.0424 0 16.7605 29.4262 
0 4.95253 0 0 0.421733 426.712 0 
69.5003 103.372 188.354 181.643 
51.956 51.956 105.416 100.6 
23.2193 90.0429 0 16.7605 29.4262 
0 4.95253 0 0 0.421733 426.712 0 
69.5004 103.373 188.354 181.643 
51.956 51.956 105.416 100.6 
23.2193 90.0428 0 16.7605 29.4262 
0 4.95253 0 0 0.421733 426.712 0 
Estimating row 184 out of 308 for hessian
69.5001 103.372 188.352 181.642 
51.9564 51.9564 105.416 100.6 
23.2193 90.0432 0 16.7605 29.4262 
0 4.95253 0 0 0.421733 426.712 0 
69.5006 103.373 188.356 181.643 
51.9557 51.9557 105.416 100.6 
23.2193 90.0425 0 16.7605 29.4262 
0 4.95253 0 0 0.421733 426.712 0 
69.5003 103.372 188.354 181.643 
51.9561 51.9561 105.416 100.6 
23.2193 90.0429 0 16.7605 29.4262 
0 4.95253 0 0 0.421733 426.712 0 
69.5004 103.373 188.354 181.643 
51.956 51.956 105.416 100.6 
23.2193 90.0428 0 16.7605 29.4262 
0 4.95253 0 0 0.421733 426.712 0 
Estimating row 185 out of 308 for hessian
69.4992 103.372 188.356 181.643 
51.9558 51.9558 105.415 100.601 
23.2193 90.0422 0 16.7605 29.4262 
0 4.95253 0 0 0.421733 426.712 0 
69.5015 103.373 188.352 181.642 
51.9563 51.9563 105.416 100.6 
23.2193 90.0436 0 16.7605 29.4262 
0 4.95253 0 0 0.421733 426.712 0 
69.5002 103.372 188.354 181.643 
51.956 51.956 105.416 100.6 
23.2193 90.0428 0 16.7605 29.4262 
0 4.95253 0 0 0.421733 426.712 0 
69.5005 103.373 188.354 181.643 
51.956 51.956 105.416 100.6 
23.2193 90.0429 0 16.7605 29.4262 
0 4.95253 0 0 0.421733 426.712 0 
Estimating row 186 out of 308 for hessian
69.4994 103.372 188.355 181.643 
51.9554 51.9554 105.416 100.601 
23.2193 90.0424 0 16.7605 29.4262 
0 4.95253 0 0 0.421733 426.712 0 
69.5013 103.373 188.354 181.642 
51.9567 51.9567 105.416 100.6 
23.2193 90.0434 0 16.7605 29.4262 
0 4.95253 0 0 0.421733 426.712 0 
69.5002 103.372 188.354 181.643 
51.956 51.956 105.416 100.6 
23.2193 90.0428 0 16.7605 29.4262 
0 4.95253 0 0 0.421733 426.712 0 
69.5004 103.373 188.354 181.643 
51.9561 51.9561 105.416 100.6 
23.2193 90.0429 0 16.7605 29.4262 
0 4.95253 0 0 0.421733 426.712 0 
Estimating row 187 out of 308 for hessian
69.4999 103.372 188.354 181.643 
51.9558 51.9558 105.416 100.601 
23.2193 90.0426 0 16.7605 29.4262 
0 4.95253 0 0 0.421733 426.712 0 
69.5008 103.373 188.354 181.642 
51.9563 51.9563 105.415 100.6 
23.2193 90.0431 0 16.7605 29.4262 
0 4.95253 0 0 0.421733 426.712 0 
69.5003 103.372 188.354 181.643 
51.956 51.956 105.416 100.6 
23.2193 90.0428 0 16.7605 29.4262 
0 4.95253 0 0 0.421733 426.712 0 
69.5004 103.373 188.354 181.643 
51.9561 51.9561 105.416 100.6 
23.2193 90.0429 0 16.7605 29.4262 
0 4.95253 0 0 0.421733 426.712 0 
Estimating row 188 out of 308 for hessian
69.5001 103.372 188.354 181.643 
51.9558 51.9558 105.416 100.601 
23.2193 90.043 0 16.7605 29.4262 
0 4.95253 0 0 0.421733 426.712 0 
69.5006 103.373 188.354 181.643 
51.9562 51.9562 105.416 100.6 
23.2193 90.0428 0 16.7605 29.4262 
0 4.95253 0 0 0.421733 426.712 0 
69.5003 103.372 188.354 181.643 
51.956 51.956 105.416 100.6 
23.2193 90.0429 0 16.7605 29.4262 
0 4.95253 0 0 0.421733 426.712 0 
69.5004 103.372 188.354 181.643 
51.956 51.956 105.416 100.6 
23.2193 90.0429 0 16.7605 29.4262 
0 4.95253 0 0 0.421733 426.712 0 
Estimating row 189 out of 308 for hessian
69.5 103.373 188.356 181.642 
51.9552 51.9552 105.416 100.6 
23.2193 90.0429 0 16.7605 29.4262 
0 4.95253 0 0 0.421733 426.712 0 
69.5007 103.372 188.353 181.643 
51.9569 51.9569 105.416 100.6 
23.2193 90.0428 0 16.7605 29.4262 
0 4.95253 0 0 0.421733 426.712 0 
69.5003 103.373 188.354 181.643 
51.9559 51.9559 105.416 100.6 
23.2193 90.0429 0 16.7605 29.4262 
0 4.95253 0 0 0.421733 426.712 0 
69.5004 103.372 188.354 181.643 
51.9561 51.9561 105.416 100.6 
23.2193 90.0429 0 16.7605 29.4262 
0 4.95253 0 0 0.421733 426.712 0 
Estimating row 190 out of 308 for hessian
69.5003 103.373 188.355 181.643 
51.9552 51.9552 105.415 100.6 
23.2193 90.0431 0 16.7605 29.4262 
0 4.95253 0 0 0.421733 426.712 0 
69.5004 103.372 188.353 181.642 
51.9568 51.9568 105.416 100.601 
23.2193 90.0426 0 16.7605 29.4262 
0 4.95253 0 0 0.421733 426.712 0 
69.5003 103.373 188.354 181.643 
51.9559 51.9559 105.416 100.6 
23.2193 90.0429 0 16.7605 29.4262 
0 4.95253 0 0 0.421733 426.712 0 
69.5003 103.372 188.354 181.643 
51.9561 51.9561 105.416 100.6 
23.2193 90.0429 0 16.7605 29.4262 
0 4.95253 0 0 0.421733 426.712 0 
Estimating row 191 out of 308 for hessian
69.5007 103.374 188.354 181.644 
51.9549 51.9549 105.415 100.6 
23.2193 90.0433 0 16.7605 29.4262 
0 4.95253 0 0 0.421733 426.712 0 
69.5 103.371 188.355 181.642 
51.9572 51.9572 105.416 100.6 
23.2193 90.0424 0 16.7605 29.4262 
0 4.95253 0 0 0.421733 426.712 0 
69.5004 103.373 188.354 181.643 
51.9559 51.9559 105.416 100.6 
23.2193 90.0429 0 16.7605 29.4262 
0 4.95253 0 0 0.421733 426.712 0 
69.5003 103.372 188.354 181.642 
51.9561 51.9561 105.416 100.6 
23.2193 90.0428 0 16.7605 29.4262 
0 4.95253 0 0 0.421733 426.712 0 
Estimating row 192 out of 308 for hessian
69.5009 103.373 188.353 181.643 
51.9544 51.9544 105.415 100.601 
23.2193 90.0432 0 16.7605 29.4262 
0 4.95253 0 0 0.421733 426.712 0 
69.4998 103.372 188.355 181.642 
51.9577 51.9577 105.416 100.6 
23.2193 90.0426 0 16.7605 29.4262 
0 4.95253 0 0 0.421733 426.712 0 
69.5004 103.373 188.354 181.643 
51.9559 51.9559 105.416 100.6 
23.2193 90.0429 0 16.7605 29.4262 
0 4.95253 0 0 0.421733 426.712 0 
69.5003 103.372 188.354 181.643 
51.9562 51.9562 105.416 100.6 
23.2193 90.0428 0 16.7605 29.4262 
0 4.95253 0 0 0.421733 426.712 0 
Estimating row 193 out of 308 for hessian
69.5012 103.374 188.353 181.643 
51.9549 51.9549 105.416 100.6 
23.2193 90.0426 0 16.7605 29.4262 
0 4.95253 0 0 0.421733 426.712 0 
69.4995 103.371 188.355 181.643 
51.9571 51.9571 105.415 100.6 
23.2193 90.0432 0 16.7605 29.4262 
0 4.95253 0 0 0.421733 426.712 0 
69.5004 103.373 188.354 181.643 
51.9559 51.9559 105.416 100.6 
23.2193 90.0428 0 16.7605 29.4262 
0 4.95253 0 0 0.421733 426.712 0 
69.5003 103.372 188.354 181.643 
51.9561 51.9561 105.416 100.6 
23.2193 90.0429 0 16.7605 29.4262 
0 4.95253 0 0 0.421733 426.712 0 
Estimating row 194 out of 308 for hessian
69.5005 103.372 188.354 181.642 
51.9562 51.9562 105.416 100.6 
23.2193 90.0434 0 16.7605 29.4262 
0 4.95253 0 0 0.421733 426.712 0 
69.5002 103.373 188.354 181.643 
51.9558 51.9558 105.416 100.6 
23.2193 90.0424 0 16.7605 29.4262 
0 4.95253 0 0 0.421733 426.712 0 
69.5004 103.372 188.354 181.643 
51.956 51.956 105.416 100.6 
23.2193 90.0429 0 16.7605 29.4262 
0 4.95253 0 0 0.421733 426.712 0 
69.5003 103.372 188.354 181.643 
51.956 51.956 105.416 100.6 
23.2193 90.0428 0 16.7605 29.4262 
0 4.95253 0 0 0.421733 426.712 0 
Estimating row 195 out of 308 for hessian
69.501 103.373 188.354 181.641 
51.9561 51.9561 105.416 100.6 
23.2193 90.0432 0 16.7605 29.4262 
0 4.95253 0 0 0.421733 426.712 0 
69.4997 103.372 188.354 181.644 
51.9559 51.9559 105.416 100.6 
23.2193 90.0426 0 16.7605 29.4262 
0 4.95253 0 0 0.421733 426.712 0 
69.5004 103.373 188.354 181.642 
51.956 51.956 105.416 100.6 
23.2193 90.0429 0 16.7605 29.4262 
0 4.95253 0 0 0.421733 426.712 0 
69.5003 103.372 188.354 181.643 
51.956 51.956 105.416 100.6 
23.2193 90.0428 0 16.7605 29.4262 
0 4.95253 0 0 0.421733 426.712 0 
Estimating row 196 out of 308 for hessian
69.501 103.373 188.354 181.642 
51.956 51.956 105.415 100.6 
23.2193 90.0429 0 16.7605 29.4262 
0 4.95253 0 0 0.421733 426.712 0 
69.4996 103.372 188.354 181.643 
51.9561 51.9561 105.416 100.601 
23.2193 90.0429 0 16.7605 29.4262 
0 4.95253 0 0 0.421733 426.712 0 
69.5004 103.373 188.354 181.643 
51.956 51.956 105.416 100.6 
23.2193 90.0429 0 16.7605 29.4262 
0 4.95253 0 0 0.421733 426.712 0 
69.5003 103.372 188.354 181.643 
51.956 51.956 105.416 100.6 
23.2193 90.0429 0 16.7605 29.4262 
0 4.95253 0 0 0.421733 426.712 0 
Estimating row 197 out of 308 for hessian
69.5002 103.373 188.355 181.642 
51.9559 51.9559 105.416 100.6 
23.2193 90.0431 0 16.7605 29.4262 
0 4.95253 0 0 0.421733 426.712 0 
69.5005 103.372 188.354 181.643 
51.9562 51.9562 105.416 100.601 
23.2193 90.0427 0 16.7605 29.4262 
0 4.95253 0 0 0.421733 426.712 0 
69.5003 103.372 188.354 181.643 
51.956 51.956 105.416 100.6 
23.2193 90.0429 0 16.7605 29.4262 
0 4.95253 0 0 0.421733 426.712 0 
69.5004 103.372 188.354 181.643 
51.956 51.956 105.416 100.6 
23.2193 90.0429 0 16.7605 29.4262 
0 4.95253 0 0 0.421733 426.712 0 
Estimating row 198 out of 308 for hessian
69.4999 103.373 188.354 181.643 
51.9554 51.9554 105.416 100.6 
23.2193 90.0428 0 16.7605 29.4262 
0 4.95253 0 0 0.421733 426.712 0 
69.5008 103.372 188.354 181.642 
51.9566 51.9566 105.415 100.6 
23.2193 90.043 0 16.7605 29.4262 
0 4.95253 0 0 0.421733 426.712 0 
69.5003 103.372 188.354 181.643 
51.956 51.956 105.416 100.6 
23.2193 90.0429 0 16.7605 29.4262 
0 4.95253 0 0 0.421733 426.712 0 
69.5004 103.372 188.354 181.643 
51.9561 51.9561 105.416 100.6 
23.2193 90.0429 0 16.7605 29.4262 
0 4.95253 0 0 0.421733 426.712 0 
Estimating row 199 out of 308 for hessian
69.5001 103.373 188.354 181.643 
51.9553 51.9553 105.416 100.601 
23.2193 90.0423 0 16.7605 29.4262 
0 4.95253 0 0 0.421733 426.712 0 
69.5006 103.372 188.354 181.642 
51.9568 51.9568 105.415 100.6 
23.2193 90.0435 0 16.7605 29.4262 
0 4.95253 0 0 0.421733 426.712 0 
69.5003 103.373 188.354 181.643 
51.956 51.956 105.416 100.6 
23.2193 90.0428 0 16.7605 29.4262 
0 4.95253 0 0 0.421733 426.712 0 
69.5004 103.372 188.354 181.643 
51.9561 51.9561 105.416 100.6 
23.2193 90.0429 0 16.7605 29.4262 
0 4.95253 0 0 0.421733 426.712 0 
Estimating row 200 out of 308 for hessian
69.5004 103.373 188.355 181.643 
51.9553 51.9553 105.416 100.601 
23.2193 90.0413 0 16.7605 29.4262 
0 4.95253 0 0 0.421733 426.712 0 
69.5003 103.372 188.353 181.642 
51.9567 51.9567 105.416 100.6 
23.2193 90.0445 0 16.7605 29.4262 
0 4.95253 0 0 0.421733 426.712 0 
69.5003 103.373 188.354 181.643 
51.956 51.956 105.416 100.6 
23.2193 90.0427 0 16.7605 29.4262 
0 4.95253 0 0 0.421733 426.712 0 
69.5003 103.372 188.354 181.643 
51.9561 51.9561 105.416 100.6 
23.2193 90.043 0 16.7605 29.4262 
0 4.95253 0 0 0.421733 426.712 0 
Estimating row 201 out of 308 for hessian
69.5003 103.372 188.354 181.643 
51.9562 51.9562 105.416 100.6 
23.2193 90.043 0 16.7605 29.4262 
0 4.95253 0 0 0.421733 426.712 0 
69.5004 103.373 188.354 181.643 
51.9559 51.9559 105.416 100.6 
23.2193 90.0427 0 16.7605 29.4262 
0 4.95253 0 0 0.421733 426.712 0 
69.5003 103.372 188.354 181.643 
51.956 51.956 105.416 100.6 
23.2193 90.0429 0 16.7605 29.4262 
0 4.95253 0 0 0.421733 426.712 0 
69.5003 103.373 188.354 181.643 
51.956 51.956 105.416 100.6 
23.2193 90.0429 0 16.7605 29.4262 
0 4.95253 0 0 0.421733 426.712 0 
Estimating row 202 out of 308 for hessian
69.5011 103.373 188.354 181.642 
51.956 51.956 105.416 100.6 
23.2193 90.0417 0 16.7605 29.4262 
0 4.95253 0 0 0.421733 426.712 0 
69.4996 103.371 188.355 181.644 
51.956 51.956 105.416 100.601 
23.2193 90.044 0 16.7605 29.4262 
0 4.95253 0 0 0.421733 426.712 0 
69.5004 103.373 188.354 181.642 
51.956 51.956 105.416 100.6 
23.2193 90.0428 0 16.7605 29.4262 
0 4.95253 0 0 0.421733 426.712 0 
69.5003 103.372 188.354 181.643 
51.956 51.956 105.416 100.6 
23.2193 90.043 0 16.7605 29.4262 
0 4.95253 0 0 0.421733 426.712 0 
Estimating row 203 out of 308 for hessian
69.5011 103.373 188.353 181.642 
51.9566 51.9566 105.416 100.6 
23.2193 90.0429 0 16.7605 29.4262 
0 4.95253 0 0 0.421733 426.712 0 
69.4996 103.372 188.355 181.643 
51.9555 51.9555 105.416 100.601 
23.2193 90.0428 0 16.7605 29.4262 
0 4.95253 0 0 0.421733 426.712 0 
69.5004 103.372 188.354 181.643 
51.9561 51.9561 105.416 100.6 
23.2193 90.0429 0 16.7605 29.4262 
0 4.95253 0 0 0.421733 426.712 0 
69.5003 103.372 188.354 181.643 
51.956 51.956 105.416 100.6 
23.2193 90.0429 0 16.7605 29.4262 
0 4.95253 0 0 0.421733 426.712 0 
Estimating row 204 out of 308 for hessian
69.5005 103.372 188.354 181.642 
51.9566 51.9566 105.416 100.6 
23.2193 90.0433 0 16.7605 29.4262 
0 4.95253 0 0 0.421733 426.712 0 
69.5002 103.373 188.354 181.643 
51.9555 51.9555 105.416 100.6 
23.2193 90.0425 0 16.7605 29.4262 
0 4.95253 0 0 0.421733 426.712 0 
69.5004 103.372 188.354 181.643 
51.9561 51.9561 105.416 100.6 
23.2193 90.0429 0 16.7605 29.4262 
0 4.95253 0 0 0.421733 426.712 0 
69.5003 103.373 188.354 181.643 
51.956 51.956 105.416 100.6 
23.2193 90.0428 0 16.7605 29.4262 
0 4.95253 0 0 0.421733 426.712 0 
Estimating row 205 out of 308 for hessian
69.5002 103.372 188.354 181.643 
51.9563 51.9563 105.416 100.6 
23.2193 90.0435 0 16.7605 29.4262 
0 4.95253 0 0 0.421733 426.712 0 
69.5005 103.373 188.354 181.643 
51.9557 51.9557 105.416 100.6 
23.2193 90.0423 0 16.7605 29.4262 
0 4.95253 0 0 0.421733 426.712 0 
69.5003 103.372 188.354 181.643 
51.9561 51.9561 105.416 100.6 
23.2193 90.0429 0 16.7605 29.4262 
0 4.95253 0 0 0.421733 426.712 0 
69.5004 103.373 188.354 181.643 
51.956 51.956 105.416 100.6 
23.2193 90.0428 0 16.7605 29.4262 
0 4.95253 0 0 0.421733 426.712 0 
Estimating row 206 out of 308 for hessian
69.5002 103.372 188.354 181.643 
51.9563 51.9563 105.416 100.6 
23.2193 90.0434 0 16.7605 29.4262 
0 4.95253 0 0 0.421733 426.712 0 
69.5004 103.373 188.354 181.643 
51.9558 51.9558 105.416 100.6 
23.2193 90.0423 0 16.7605 29.4262 
0 4.95253 0 0 0.421733 426.712 0 
69.5003 103.372 188.354 181.643 
51.9561 51.9561 105.416 100.6 
23.2193 90.0429 0 16.7605 29.4262 
0 4.95253 0 0 0.421733 426.712 0 
69.5004 103.373 188.354 181.643 
51.956 51.956 105.416 100.6 
23.2193 90.0428 0 16.7605 29.4262 
0 4.95253 0 0 0.421733 426.712 0 
Estimating row 207 out of 308 for hessian
69.5 103.372 188.354 181.643 
51.9563 51.9563 105.416 100.6 
23.2193 90.0435 0 16.7605 29.4262 
0 4.95253 0 0 0.421733 426.712 0 
69.5007 103.373 188.355 181.643 
51.9557 51.9557 105.416 100.6 
23.2193 90.0423 0 16.7605 29.4262 
0 4.95253 0 0 0.421733 426.712 0 
69.5003 103.372 188.354 181.643 
51.9561 51.9561 105.416 100.6 
23.2193 90.0429 0 16.7605 29.4262 
0 4.95253 0 0 0.421733 426.712 0 
69.5004 103.373 188.354 181.643 
51.956 51.956 105.416 100.6 
23.2193 90.0428 0 16.7605 29.4262 
0 4.95253 0 0 0.421733 426.712 0 
Estimating row 208 out of 308 for hessian
69.5001 103.372 188.353 181.643 
51.9563 51.9563 105.416 100.6 
23.2193 90.0434 0 16.7605 29.4262 
0 4.95253 0 0 0.421733 426.712 0 
69.5006 103.373 188.355 181.643 
51.9558 51.9558 105.416 100.6 
23.2193 90.0423 0 16.7605 29.4262 
0 4.95253 0 0 0.421733 426.712 0 
69.5003 103.372 188.354 181.643 
51.9561 51.9561 105.416 100.6 
23.2193 90.0429 0 16.7605 29.4262 
0 4.95253 0 0 0.421733 426.712 0 
69.5004 103.373 188.354 181.643 
51.956 51.956 105.416 100.6 
23.2193 90.0428 0 16.7605 29.4262 
0 4.95253 0 0 0.421733 426.712 0 
Estimating row 209 out of 308 for hessian
69.4993 103.372 188.355 181.643 
51.9563 51.9563 105.416 100.6 
23.2193 90.0435 0 16.7605 29.4262 
0 4.95253 0 0 0.421733 426.712 0 
69.5014 103.373 188.353 181.643 
51.9557 51.9557 105.416 100.6 
23.2193 90.0423 0 16.7605 29.4262 
0 4.95253 0 0 0.421733 426.712 0 
69.5002 103.372 188.354 181.643 
51.9561 51.9561 105.416 100.6 
23.2193 90.0429 0 16.7605 29.4262 
0 4.95253 0 0 0.421733 426.712 0 
69.5004 103.373 188.354 181.643 
51.956 51.956 105.416 100.6 
23.2193 90.0428 0 16.7605 29.4262 
0 4.95253 0 0 0.421733 426.712 0 
Estimating row 210 out of 308 for hessian
69.5005 103.372 188.355 181.643 
51.9563 51.9563 105.416 100.6 
23.2193 90.0435 0 16.7605 29.4262 
0 4.95253 0 0 0.421733 426.712 0 
69.5002 103.373 188.353 181.642 
51.9557 51.9557 105.416 100.6 
23.2193 90.0423 0 16.7605 29.4262 
0 4.95253 0 0 0.421733 426.712 0 
69.5004 103.372 188.354 181.643 
51.9561 51.9561 105.416 100.6 
23.2193 90.0429 0 16.7605 29.4262 
0 4.95253 0 0 0.421733 426.712 0 
69.5003 103.373 188.354 181.643 
51.956 51.956 105.416 100.6 
23.2193 90.0428 0 16.7605 29.4262 
0 4.95253 0 0 0.421733 426.712 0 
Estimating row 211 out of 308 for hessian
69.5002 103.372 188.354 181.643 
51.9563 51.9563 105.416 100.6 
23.2193 90.0435 0 16.7605 29.4262 
0 4.95253 0 0 0.421733 426.712 0 
69.5004 103.373 188.354 181.643 
51.9557 51.9557 105.416 100.6 
23.2193 90.0423 0 16.7605 29.4262 
0 4.95253 0 0 0.421733 426.712 0 
69.5003 103.372 188.354 181.643 
51.9561 51.9561 105.416 100.6 
23.2193 90.0429 0 16.7605 29.4262 
0 4.95253 0 0 0.421733 426.712 0 
69.5004 103.373 188.354 181.643 
51.956 51.956 105.416 100.6 
23.2193 90.0428 0 16.7605 29.4262 
0 4.95253 0 0 0.421733 426.712 0 
Estimating row 212 out of 308 for hessian
69.505 103.347 188.361 181.636 
51.9614 51.9614 105.417 100.603 
23.2193 90.0743 0 16.7641 29.4262 
0 4.95253 0 0 0.421733 426.712 0 
69.4957 103.398 188.348 181.649 
51.9507 51.9507 105.414 100.598 
23.2193 90.0115 0 16.7569 29.4262 
0 4.95253 0 0 0.421733 426.712 0 
69.5008 103.37 188.355 181.642 
51.9566 51.9566 105.416 100.601 
23.2193 90.046 0 16.7609 29.4262 
0 4.95253 0 0 0.421733 426.712 0 
69.4999 103.375 188.353 181.643 
51.9555 51.9555 105.416 100.6 
23.2193 90.0397 0 16.7602 29.4262 
0 4.95253 0 0 0.421733 426.712 0 
Estimating row 213 out of 308 for hessian
69.5003 103.363 188.354 181.642 
51.9605 51.9605 105.418 100.601 
23.2193 90.0561 0 16.7605 29.4315 
0 4.95253 0 0 0.421733 426.712 0 
69.5003 103.382 188.354 181.643 
51.9516 51.9516 105.414 100.6 
23.2193 90.0296 0 16.7605 29.4208 
0 4.95253 0 0 0.421733 426.712 0 
69.5003 103.371 188.354 181.643 
51.9565 51.9565 105.416 100.601 
23.2193 90.0442 0 16.7605 29.4267 
0 4.95253 0 0 0.421733 426.712 0 
69.5003 103.373 188.354 181.643 
51.9556 51.9556 105.415 100.6 
23.2193 90.0416 0 16.7605 29.4256 
0 4.95253 0 0 0.421733 426.712 0 
Estimating row 214 out of 308 for hessian
69.5003 103.372 188.354 181.643 
51.956 51.956 105.416 100.6 
23.2193 90.0429 0 16.7605 29.4262 
0 4.95253 0 0 0.421733 426.712 0 
69.5003 103.372 188.354 181.643 
51.956 51.956 105.416 100.6 
23.2193 90.0429 0 16.7605 29.4262 
0 4.95253 0 0 0.421733 426.712 0 
69.5003 103.372 188.354 181.643 
51.956 51.956 105.416 100.6 
23.2193 90.0429 0 16.7605 29.4262 
0 4.95253 0 0 0.421733 426.712 0 
69.5003 103.372 188.354 181.643 
51.956 51.956 105.416 100.6 
23.2193 90.0429 0 16.7605 29.4262 
0 4.95253 0 0 0.421733 426.712 0 
Estimating row 215 out of 308 for hessian
69.5004 103.373 188.354 181.642 
51.9558 51.9558 105.416 100.6 
23.2193 90.0424 0 16.7605 29.4262 
0 4.95253 0 0 0.421733 426.712 0 
69.5003 103.372 188.354 181.643 
51.9562 51.9562 105.415 100.601 
23.2193 90.0434 0 16.7605 29.4262 
0 4.95253 0 0 0.421733 426.712 0 
69.5003 103.373 188.354 181.643 
51.956 51.956 105.416 100.6 
23.2193 90.0428 0 16.7605 29.4262 
0 4.95253 0 0 0.421733 426.712 0 
69.5003 103.372 188.354 181.643 
51.956 51.956 105.416 100.6 
23.2193 90.0429 0 16.7605 29.4262 
0 4.95253 0 0 0.421733 426.712 0 
Estimating row 216 out of 308 for hessian
69.5005 103.374 188.353 181.642 
51.9555 51.9555 105.415 100.601 
23.2193 90.0413 0 16.7605 29.4262 
0 4.95253 0 0 0.421733 426.712 0 
69.5002 103.371 188.355 181.643 
51.9566 51.9566 105.416 100.6 
23.2193 90.0444 0 16.7605 29.4262 
0 4.95253 0 0 0.421733 426.712 0 
69.5004 103.373 188.354 181.643 
51.956 51.956 105.416 100.6 
23.2193 90.0427 0 16.7605 29.4262 
0 4.95253 0 0 0.421733 426.712 0 
69.5003 103.372 188.354 181.643 
51.9561 51.9561 105.416 100.6 
23.2193 90.043 0 16.7605 29.4262 
0 4.95253 0 0 0.421733 426.712 0 
Estimating row 217 out of 308 for hessian
69.5003 103.372 188.354 181.642 
51.9526 51.9526 105.416 100.601 
23.2193 90.0339 0 16.7605 29.4262 
0 4.95253 0 0 0.421733 426.712 0 
69.5003 103.373 188.354 181.643 
51.9595 51.9595 105.415 100.6 
23.2193 90.0519 0 16.7605 29.4262 
0 4.95253 0 0 0.421733 426.712 0 
69.5003 103.372 188.354 181.643 
51.9557 51.9557 105.416 100.6 
23.2193 90.042 0 16.7605 29.4262 
0 4.95253 0 0 0.421733 426.712 0 
69.5003 103.372 188.354 181.643 
51.9564 51.9564 105.416 100.6 
23.2193 90.0438 0 16.7605 29.4262 
0 4.95253 0 0 0.421733 426.712 0 
Estimating row 218 out of 308 for hessian
69.5003 103.372 188.354 181.643 
51.9566 51.9566 105.416 100.6 
23.2193 90.0434 0 16.7605 29.4262 
0 4.95253 0 0 0.421736 426.712 0 
69.5003 103.372 188.354 181.643 
51.9555 51.9555 105.416 100.6 
23.2193 90.0424 0 16.7605 29.4262 
0 4.95253 0 0 0.421731 426.712 0 
69.5003 103.372 188.354 181.643 
51.9561 51.9561 105.416 100.6 
23.2193 90.0429 0 16.7605 29.4262 
0 4.95253 0 0 0.421734 426.712 0 
69.5003 103.372 188.354 181.643 
51.956 51.956 105.416 100.6 
23.2193 90.0428 0 16.7605 29.4262 
0 4.95253 0 0 0.421733 426.712 0 
Estimating row 219 out of 308 for hessian
69.5003 103.372 188.354 181.643 
51.9564 51.9564 105.416 100.6 
23.2193 90.0434 0 16.7605 29.4262 
0 4.95253 0 0 0.421728 426.712 0 
69.5003 103.372 188.354 181.643 
51.9557 51.9557 105.416 100.6 
23.2193 90.0423 0 16.7605 29.4262 
0 4.95253 0 0 0.421739 426.712 0 
69.5003 103.372 188.354 181.643 
51.9561 51.9561 105.416 100.6 
23.2193 90.0429 0 16.7605 29.4262 
0 4.95253 0 0 0.421733 426.712 0 
69.5003 103.372 188.354 181.643 
51.956 51.956 105.416 100.6 
23.2193 90.0428 0 16.7605 29.4262 
0 4.95253 0 0 0.421734 426.712 0 
Estimating row 220 out of 308 for hessian
69.5003 103.372 188.354 181.643 
51.9566 51.9566 105.416 100.6 
23.2193 90.0434 0 16.7605 29.4262 
0 4.95253 0 0 0.421737 426.712 0 
69.5003 103.372 188.354 181.643 
51.9555 51.9555 105.416 100.6 
23.2193 90.0424 0 16.7605 29.4262 
0 4.95253 0 0 0.42173 426.712 0 
69.5003 103.372 188.354 181.643 
51.9561 51.9561 105.416 100.6 
23.2193 90.0429 0 16.7605 29.4262 
0 4.95253 0 0 0.421734 426.712 0 
69.5003 103.372 188.354 181.643 
51.956 51.956 105.416 100.6 
23.2193 90.0428 0 16.7605 29.4262 
0 4.95253 0 0 0.421733 426.712 0 
Estimating row 221 out of 308 for hessian
69.5003 103.372 188.354 181.643 
51.9566 51.9566 105.416 100.6 
23.2193 90.0433 0 16.7605 29.4262 
0 4.95253 0 0 0.421733 426.712 0 
69.5003 103.372 188.354 181.643 
51.9555 51.9555 105.416 100.6 
23.2193 90.0425 0 16.7605 29.4262 
0 4.95253 0 0 0.421733 426.712 0 
69.5003 103.372 188.354 181.643 
51.9561 51.9561 105.416 100.6 
23.2193 90.0429 0 16.7605 29.4262 
0 4.95253 0 0 0.421733 426.712 0 
69.5003 103.372 188.354 181.643 
51.956 51.956 105.416 100.6 
23.2193 90.0428 0 16.7605 29.4262 
0 4.95253 0 0 0.421733 426.712 0 
Estimating row 222 out of 308 for hessian
69.5003 103.372 188.354 181.643 
51.9563 51.9563 105.416 100.6 
23.2193 90.0433 0 16.7605 29.4262 
0 4.95253 0 0 0.421734 426.712 0 
69.5003 103.372 188.354 181.643 
51.9557 51.9557 105.416 100.6 
23.2193 90.0425 0 16.7605 29.4262 
0 4.95253 0 0 0.421733 426.712 0 
69.5003 103.372 188.354 181.643 
51.9561 51.9561 105.416 100.6 
23.2193 90.0429 0 16.7605 29.4262 
0 4.95253 0 0 0.421733 426.712 0 
69.5003 103.372 188.354 181.643 
51.956 51.956 105.416 100.6 
23.2193 90.0428 0 16.7605 29.4262 
0 4.95253 0 0 0.421733 426.712 0 
Estimating row 223 out of 308 for hessian
69.5003 103.372 188.354 181.643 
51.956 51.956 105.416 100.6 
23.2193 90.0433 0 16.7605 29.4262 
0 4.95253 0 0 0.421734 426.712 0 
69.5003 103.372 188.354 181.643 
51.956 51.956 105.416 100.6 
23.2193 90.0425 0 16.7605 29.4262 
0 4.95253 0 0 0.421732 426.712 0 
69.5003 103.372 188.354 181.643 
51.956 51.956 105.416 100.6 
23.2193 90.0429 0 16.7605 29.4262 
0 4.95253 0 0 0.421733 426.712 0 
69.5003 103.372 188.354 181.643 
51.956 51.956 105.416 100.6 
23.2193 90.0428 0 16.7605 29.4262 
0 4.95253 0 0 0.421733 426.712 0 
Estimating row 224 out of 308 for hessian
69.5003 103.372 188.354 181.643 
51.9556 51.9556 105.416 100.6 
23.2193 90.0431 0 16.7605 29.4262 
0 4.95253 0 0 0.421732 426.712 0 
69.5003 103.372 188.354 181.643 
51.9564 51.9564 105.416 100.6 
23.2193 90.0426 0 16.7605 29.4262 
0 4.95253 0 0 0.421735 426.712 0 
69.5003 103.372 188.354 181.643 
51.956 51.956 105.416 100.6 
23.2193 90.0429 0 16.7605 29.4262 
0 4.95253 0 0 0.421733 426.712 0 
69.5003 103.372 188.354 181.643 
51.9561 51.9561 105.416 100.6 
23.2193 90.0429 0 16.7605 29.4262 
0 4.95253 0 0 0.421734 426.712 0 
Estimating row 225 out of 308 for hessian
69.5003 103.372 188.354 181.643 
51.9556 51.9556 105.416 100.6 
23.2193 90.0432 0 16.7605 29.4262 
0 4.95253 0 0 0.421731 426.712 0 
69.5003 103.372 188.354 181.643 
51.9564 51.9564 105.416 100.6 
23.2193 90.0425 0 16.7605 29.4262 
0 4.95253 0 0 0.421736 426.712 0 
69.5003 103.372 188.354 181.643 
51.956 51.956 105.416 100.6 
23.2193 90.0429 0 16.7605 29.4262 
0 4.95253 0 0 0.421733 426.712 0 
69.5003 103.372 188.354 181.643 
51.9561 51.9561 105.416 100.6 
23.2193 90.0428 0 16.7605 29.4262 
0 4.95253 0 0 0.421734 426.712 0 
Estimating row 226 out of 308 for hessian
69.5003 103.372 188.354 181.643 
51.9562 51.9562 105.416 100.6 
23.2193 90.0429 0 16.7605 29.4262 
0 4.95253 0 0 0.421741 426.712 0 
69.5003 103.372 188.354 181.643 
51.9558 51.9558 105.416 100.6 
23.2193 90.0428 0 16.7605 29.4262 
0 4.95253 0 0 0.421726 426.712 0 
69.5003 103.372 188.354 181.643 
51.956 51.956 105.416 100.6 
23.2193 90.0429 0 16.7605 29.4262 
0 4.95253 0 0 0.421734 426.712 0 
69.5003 103.372 188.354 181.643 
51.956 51.956 105.416 100.6 
23.2193 90.0429 0 16.7605 29.4262 
0 4.95253 0 0 0.421733 426.712 0 
Estimating row 227 out of 308 for hessian
69.5003 103.372 188.354 181.643 
51.9559 51.9559 105.416 100.6 
23.2193 90.0427 0 16.7605 29.4262 
0 4.95253 0 0 0.421724 426.712 0 
69.5003 103.372 188.354 181.643 
51.9561 51.9561 105.416 100.6 
23.2193 90.043 0 16.7605 29.4262 
0 4.95253 0 0 0.421743 426.712 0 
69.5003 103.372 188.354 181.643 
51.956 51.956 105.416 100.6 
23.2193 90.0429 0 16.7605 29.4262 
0 4.95253 0 0 0.421732 426.712 0 
69.5003 103.372 188.354 181.643 
51.956 51.956 105.416 100.6 
23.2193 90.0429 0 16.7605 29.4262 
0 4.95253 0 0 0.421734 426.712 0 
Estimating row 228 out of 308 for hessian
69.5003 103.372 188.354 181.643 
51.9565 51.9565 105.416 100.6 
23.2193 90.0423 0 16.7605 29.4262 
0 4.95253 0 0 0.421739 426.712 0 
69.5003 103.372 188.354 181.643 
51.9556 51.9556 105.416 100.6 
23.2193 90.0435 0 16.7605 29.4262 
0 4.95253 0 0 0.421728 426.712 0 
69.5003 103.372 188.354 181.643 
51.9561 51.9561 105.416 100.6 
23.2193 90.0428 0 16.7605 29.4262 
0 4.95253 0 0 0.421734 426.712 0 
69.5003 103.372 188.354 181.643 
51.956 51.956 105.416 100.6 
23.2193 90.0429 0 16.7605 29.4262 
0 4.95253 0 0 0.421733 426.712 0 
Estimating row 229 out of 308 for hessian
69.5003 103.372 188.354 181.643 
51.9564 51.9564 105.416 100.6 
23.2193 90.0427 0 16.7605 29.4262 
0 4.95253 0 0 0.421732 426.712 0 
69.5003 103.372 188.354 181.643 
51.9557 51.9557 105.416 100.6 
23.2193 90.043 0 16.7605 29.4262 
0 4.95253 0 0 0.421735 426.712 0 
69.5003 103.372 188.354 181.643 
51.9561 51.9561 105.416 100.6 
23.2193 90.0429 0 16.7605 29.4262 
0 4.95253 0 0 0.421733 426.712 0 
69.5003 103.372 188.354 181.643 
51.956 51.956 105.416 100.6 
23.2193 90.0429 0 16.7605 29.4262 
0 4.95253 0 0 0.421734 426.712 0 
Estimating row 230 out of 308 for hessian
69.5003 103.372 188.354 181.643 
51.9566 51.9566 105.416 100.6 
23.2193 90.0429 0 16.7605 29.4262 
0 4.95253 0 0 0.421734 426.712 0 
69.5003 103.372 188.354 181.643 
51.9554 51.9554 105.416 100.6 
23.2193 90.0429 0 16.7605 29.4262 
0 4.95253 0 0 0.421732 426.712 0 
69.5003 103.372 188.354 181.643 
51.9561 51.9561 105.416 100.6 
23.2193 90.0429 0 16.7605 29.4262 
0 4.95253 0 0 0.421733 426.712 0 
69.5003 103.372 188.354 181.643 
51.956 51.956 105.416 100.6 
23.2193 90.0429 0 16.7605 29.4262 
0 4.95253 0 0 0.421733 426.712 0 
Estimating row 231 out of 308 for hessian
69.5003 103.372 188.354 181.643 
51.9565 51.9565 105.416 100.6 
23.2193 90.0428 0 16.7605 29.4262 
0 4.95253 0 0 0.421733 426.712 0 
69.5003 103.372 188.354 181.643 
51.9555 51.9555 105.416 100.6 
23.2193 90.043 0 16.7605 29.4262 
0 4.95253 0 0 0.421734 426.712 0 
69.5003 103.372 188.354 181.643 
51.9561 51.9561 105.416 100.6 
23.2193 90.0429 0 16.7605 29.4262 
0 4.95253 0 0 0.421733 426.712 0 
69.5003 103.372 188.354 181.643 
51.956 51.956 105.416 100.6 
23.2193 90.0429 0 16.7605 29.4262 
0 4.95253 0 0 0.421733 426.712 0 
Estimating row 232 out of 308 for hessian
69.5003 103.372 188.354 181.643 
51.9562 51.9562 105.416 100.6 
23.2193 90.0426 0 16.7605 29.4262 
0 4.95253 0 0 0.421733 426.712 0 
69.5003 103.372 188.354 181.643 
51.9559 51.9559 105.416 100.6 
23.2193 90.0431 0 16.7605 29.4262 
0 4.95253 0 0 0.421734 426.712 0 
69.5003 103.372 188.354 181.643 
51.956 51.956 105.416 100.6 
23.2193 90.0429 0 16.7605 29.4262 
0 4.95253 0 0 0.421733 426.712 0 
69.5003 103.372 188.354 181.643 
51.956 51.956 105.416 100.6 
23.2193 90.0429 0 16.7605 29.4262 
0 4.95253 0 0 0.421733 426.712 0 
Estimating row 233 out of 308 for hessian
69.5003 103.372 188.354 181.643 
51.956 51.956 105.416 100.6 
23.2193 90.0427 0 16.7605 29.4262 
0 4.95253 0 0 0.42173 426.712 0 
69.5003 103.372 188.354 181.643 
51.9561 51.9561 105.416 100.6 
23.2193 90.043 0 16.7605 29.4262 
0 4.95253 0 0 0.421736 426.712 0 
69.5003 103.372 188.354 181.643 
51.956 51.956 105.416 100.6 
23.2193 90.0429 0 16.7605 29.4262 
0 4.95253 0 0 0.421733 426.712 0 
69.5003 103.372 188.354 181.643 
51.956 51.956 105.416 100.6 
23.2193 90.0429 0 16.7605 29.4262 
0 4.95253 0 0 0.421734 426.712 0 
Estimating row 234 out of 308 for hessian
69.5003 103.372 188.354 181.643 
51.956 51.956 105.416 100.6 
23.2193 90.0425 0 16.7605 29.4262 
0 4.95253 0 0 0.421742 426.712 0 
69.5003 103.372 188.354 181.643 
51.9561 51.9561 105.416 100.6 
23.2193 90.0432 0 16.7605 29.4262 
0 4.95253 0 0 0.421725 426.712 0 
69.5003 103.372 188.354 181.643 
51.956 51.956 105.416 100.6 
23.2193 90.0428 0 16.7605 29.4262 
0 4.95253 0 0 0.421734 426.712 0 
69.5003 103.372 188.354 181.643 
51.956 51.956 105.416 100.6 
23.2193 90.0429 0 16.7605 29.4262 
0 4.95253 0 0 0.421733 426.712 0 
Estimating row 235 out of 308 for hessian
69.5003 103.372 188.354 181.643 
51.9559 51.9559 105.416 100.6 
23.2193 90.0427 0 16.7605 29.4262 
0 4.95253 0 0 0.421726 426.712 0 
69.5003 103.372 188.354 181.643 
51.9561 51.9561 105.416 100.6 
23.2193 90.0431 0 16.7605 29.4262 
0 4.95253 0 0 0.421741 426.712 0 
69.5003 103.372 188.354 181.643 
51.956 51.956 105.416 100.6 
23.2193 90.0429 0 16.7605 29.4262 
0 4.95253 0 0 0.421733 426.712 0 
69.5003 103.372 188.354 181.643 
51.956 51.956 105.416 100.6 
23.2193 90.0429 0 16.7605 29.4262 
0 4.95253 0 0 0.421734 426.712 0 
Estimating row 236 out of 308 for hessian
69.5003 103.372 188.354 181.643 
51.9564 51.9564 105.416 100.6 
23.2193 90.0428 0 16.7605 29.4262 
0 4.95253 0 0 0.421734 426.712 0 
69.5003 103.372 188.354 181.643 
51.9556 51.9556 105.416 100.6 
23.2193 90.043 0 16.7605 29.4262 
0 4.95253 0 0 0.421732 426.712 0 
69.5003 103.372 188.354 181.643 
51.9561 51.9561 105.416 100.6 
23.2193 90.0429 0 16.7605 29.4262 
0 4.95253 0 0 0.421733 426.712 0 
69.5003 103.372 188.354 181.643 
51.956 51.956 105.416 100.6 
23.2193 90.0429 0 16.7605 29.4262 
0 4.95253 0 0 0.421733 426.712 0 
Estimating row 237 out of 308 for hessian
69.5003 103.372 188.354 181.643 
51.9564 51.9564 105.416 100.6 
23.2193 90.0427 0 16.7605 29.4262 
0 4.95253 0 0 0.421734 426.712 0 
69.5003 103.372 188.354 181.643 
51.9556 51.9556 105.416 100.6 
23.2193 90.0431 0 16.7605 29.4262 
0 4.95253 0 0 0.421733 426.712 0 
69.5003 103.372 188.354 181.643 
51.9561 51.9561 105.416 100.6 
23.2193 90.0429 0 16.7605 29.4262 
0 4.95253 0 0 0.421733 426.712 0 
69.5003 103.372 188.354 181.643 
51.956 51.956 105.416 100.6 
23.2193 90.0429 0 16.7605 29.4262 
0 4.95253 0 0 0.421733 426.712 0 
Estimating row 238 out of 308 for hessian
69.5003 103.372 188.354 181.643 
51.9563 51.9563 105.416 100.6 
23.2193 90.0428 0 16.7605 29.4262 
0 4.95253 0 0 0.421739 426.712 0 
69.5003 103.372 188.354 181.643 
51.9558 51.9558 105.416 100.6 
23.2193 90.0429 0 16.7605 29.4262 
0 4.95253 0 0 0.421728 426.712 0 
69.5003 103.372 188.354 181.643 
51.9561 51.9561 105.416 100.6 
23.2193 90.0429 0 16.7605 29.4262 
0 4.95253 0 0 0.421734 426.712 0 
69.5003 103.372 188.354 181.643 
51.956 51.956 105.416 100.6 
23.2193 90.0429 0 16.7605 29.4262 
0 4.95253 0 0 0.421733 426.712 0 
Estimating row 239 out of 308 for hessian
69.5003 103.372 188.354 181.643 
51.9557 51.9557 105.416 100.6 
23.2193 90.0426 0 16.7605 29.4262 
0 4.95253 0 0 0.421728 426.712 0 
69.5003 103.372 188.354 181.643 
51.9563 51.9563 105.416 100.6 
23.2193 90.0431 0 16.7605 29.4262 
0 4.95253 0 0 0.421738 426.712 0 
69.5003 103.372 188.354 181.643 
51.956 51.956 105.416 100.6 
23.2193 90.0429 0 16.7605 29.4262 
0 4.95253 0 0 0.421733 426.712 0 
69.5003 103.372 188.354 181.643 
51.9561 51.9561 105.416 100.6 
23.2193 90.0429 0 16.7605 29.4262 
0 4.95253 0 0 0.421734 426.712 0 
Estimating row 240 out of 308 for hessian
69.5003 103.372 188.354 181.643 
51.9559 51.9559 105.416 100.6 
23.2193 90.0425 0 16.7605 29.4262 
0 4.95253 0 0 0.421732 426.712 0 
69.5003 103.372 188.354 181.643 
51.9562 51.9562 105.416 100.6 
23.2193 90.0432 0 16.7605 29.4262 
0 4.95253 0 0 0.421735 426.712 0 
69.5003 103.372 188.354 181.643 
51.956 51.956 105.416 100.6 
23.2193 90.0428 0 16.7605 29.4262 
0 4.95253 0 0 0.421733 426.712 0 
69.5003 103.372 188.354 181.643 
51.956 51.956 105.416 100.6 
23.2193 90.0429 0 16.7605 29.4262 
0 4.95253 0 0 0.421733 426.712 0 
Estimating row 241 out of 308 for hessian
69.5003 103.372 188.354 181.643 
51.9558 51.9558 105.416 100.6 
23.2193 90.043 0 16.7605 29.4262 
0 4.95253 0 0 0.421738 426.712 0 
69.5003 103.372 188.354 181.643 
51.9562 51.9562 105.416 100.6 
23.2193 90.0428 0 16.7605 29.4262 
0 4.95253 0 0 0.421729 426.712 0 
69.5003 103.372 188.354 181.643 
51.956 51.956 105.416 100.6 
23.2193 90.0429 0 16.7605 29.4262 
0 4.95253 0 0 0.421734 426.712 0 
69.5003 103.372 188.354 181.643 
51.956 51.956 105.416 100.6 
23.2193 90.0429 0 16.7605 29.4262 
0 4.95253 0 0 0.421733 426.712 0 
Estimating row 242 out of 308 for hessian
69.5003 103.372 188.354 181.643 
51.9557 51.9557 105.416 100.6 
23.2193 90.0429 0 16.7605 29.4262 
0 4.95253 0 0 0.42173 426.712 0 
69.5003 103.372 188.354 181.643 
51.9564 51.9564 105.416 100.6 
23.2193 90.0428 0 16.7605 29.4262 
0 4.95253 0 0 0.421737 426.712 0 
69.5003 103.372 188.354 181.643 
51.956 51.956 105.416 100.6 
23.2193 90.0429 0 16.7605 29.4262 
0 4.95253 0 0 0.421733 426.712 0 
69.5003 103.372 188.354 181.643 
51.9561 51.9561 105.416 100.6 
23.2193 90.0429 0 16.7605 29.4262 
0 4.95253 0 0 0.421734 426.712 0 
Estimating row 243 out of 308 for hessian
69.5003 103.372 188.354 181.643 
51.9556 51.9556 105.416 100.6 
23.2193 90.043 0 16.7605 29.4262 
0 4.95253 0 0 0.421734 426.712 0 
69.5003 103.372 188.354 181.643 
51.9564 51.9564 105.416 100.6 
23.2193 90.0428 0 16.7605 29.4262 
0 4.95253 0 0 0.421733 426.712 0 
69.5003 103.372 188.354 181.643 
51.956 51.956 105.416 100.6 
23.2193 90.0429 0 16.7605 29.4262 
0 4.95253 0 0 0.421733 426.712 0 
69.5003 103.372 188.354 181.643 
51.9561 51.9561 105.416 100.6 
23.2193 90.0429 0 16.7605 29.4262 
0 4.95253 0 0 0.421733 426.712 0 
Estimating row 244 out of 308 for hessian
69.5003 103.372 188.354 181.643 
51.9557 51.9557 105.416 100.6 
23.2193 90.043 0 16.7605 29.4262 
0 4.95253 0 0 0.421733 426.712 0 
69.5003 103.372 188.354 181.643 
51.9564 51.9564 105.416 100.6 
23.2193 90.0427 0 16.7605 29.4262 
0 4.95253 0 0 0.421734 426.712 0 
69.5003 103.372 188.354 181.643 
51.956 51.956 105.416 100.6 
23.2193 90.0429 0 16.7605 29.4262 
0 4.95253 0 0 0.421733 426.712 0 
69.5003 103.372 188.354 181.643 
51.9561 51.9561 105.416 100.6 
23.2193 90.0429 0 16.7605 29.4262 
0 4.95253 0 0 0.421733 426.712 0 
Estimating row 245 out of 308 for hessian
69.5003 103.372 188.354 181.643 
51.9559 51.9559 105.416 100.6 
23.2193 90.0434 0 16.7605 29.4262 
0 4.95253 0 0 0.421738 426.712 0 
69.5003 103.372 188.354 181.643 
51.9561 51.9561 105.416 100.6 
23.2193 90.0424 0 16.7605 29.4262 
0 4.95253 0 0 0.421728 426.712 0 
69.5003 103.372 188.354 181.643 
51.956 51.956 105.416 100.6 
23.2193 90.0429 0 16.7605 29.4262 
0 4.95253 0 0 0.421734 426.712 0 
69.5003 103.372 188.354 181.643 
51.956 51.956 105.416 100.6 
23.2193 90.0428 0 16.7605 29.4262 
0 4.95253 0 0 0.421733 426.712 0 
Estimating row 246 out of 308 for hessian
69.5003 103.372 188.354 181.643 
51.9556 51.9556 105.416 100.6 
23.2193 90.0433 0 16.7605 29.4262 
0 4.95253 0 0 0.421726 426.712 0 
69.5003 103.372 188.354 181.643 
51.9564 51.9564 105.416 100.6 
23.2193 90.0425 0 16.7605 29.4262 
0 4.95253 0 0 0.421741 426.712 0 
69.5003 103.372 188.354 181.643 
51.956 51.956 105.416 100.6 
23.2193 90.0429 0 16.7605 29.4262 
0 4.95253 0 0 0.421733 426.712 0 
69.5003 103.372 188.354 181.643 
51.9561 51.9561 105.416 100.6 
23.2193 90.0428 0 16.7605 29.4262 
0 4.95253 0 0 0.421734 426.712 0 
Estimating row 247 out of 308 for hessian
69.5003 103.372 188.354 181.643 
51.9555 51.9555 105.416 100.6 
23.2193 90.0429 0 16.7605 29.4262 
0 4.95253 0 0 0.421738 426.712 0 
69.5003 103.372 188.354 181.643 
51.9566 51.9566 105.416 100.6 
23.2193 90.0428 0 16.7605 29.4262 
0 4.95253 0 0 0.421728 426.712 0 
69.5003 103.372 188.354 181.643 
51.956 51.956 105.416 100.6 
23.2193 90.0429 0 16.7605 29.4262 
0 4.95253 0 0 0.421734 426.712 0 
69.5003 103.372 188.354 181.643 
51.9561 51.9561 105.416 100.6 
23.2193 90.0429 0 16.7605 29.4262 
0 4.95253 0 0 0.421733 426.712 0 
Estimating row 248 out of 308 for hessian
69.5003 103.372 188.354 181.643 
51.9555 51.9555 105.416 100.6 
23.2193 90.0427 0 16.7605 29.4262 
0 4.95253 0 0 0.421732 426.712 0 
69.5003 103.372 188.354 181.643 
51.9565 51.9565 105.416 100.6 
23.2193 90.043 0 16.7605 29.4262 
0 4.95253 0 0 0.421735 426.712 0 
69.5003 103.372 188.354 181.643 
51.956 51.956 105.416 100.6 
23.2193 90.0429 0 16.7605 29.4262 
0 4.95253 0 0 0.421733 426.712 0 
69.5003 103.372 188.354 181.643 
51.9561 51.9561 105.416 100.6 
23.2193 90.0429 0 16.7605 29.4262 
0 4.95253 0 0 0.421733 426.712 0 
Estimating row 249 out of 308 for hessian
69.5003 103.372 188.354 181.643 
51.9559 51.9559 105.416 100.6 
23.2193 90.0427 0 16.7605 29.4262 
0 4.95253 0 0 0.421731 426.712 0 
69.5003 103.372 188.354 181.643 
51.9561 51.9561 105.416 100.6 
23.2193 90.043 0 16.7605 29.4262 
0 4.95253 0 0 0.421735 426.712 0 
69.5003 103.372 188.354 181.643 
51.956 51.956 105.416 100.6 
23.2193 90.0429 0 16.7605 29.4262 
0 4.95253 0 0 0.421733 426.712 0 
69.5003 103.372 188.354 181.643 
51.956 51.956 105.416 100.6 
23.2193 90.0429 0 16.7605 29.4262 
0 4.95253 0 0 0.421734 426.712 0 
Estimating row 250 out of 308 for hessian
69.5003 103.372 188.354 181.643 
51.956 51.956 105.416 100.6 
23.2193 90.0429 0 16.7605 29.4262 
0 4.95253 0 0 0.421734 426.712 0 
69.5003 103.372 188.354 181.643 
51.9561 51.9561 105.416 100.6 
23.2193 90.0428 0 16.7605 29.4262 
0 4.95253 0 0 0.421732 426.712 0 
69.5003 103.372 188.354 181.643 
51.956 51.956 105.416 100.6 
23.2193 90.0429 0 16.7605 29.4262 
0 4.95253 0 0 0.421733 426.712 0 
69.5003 103.372 188.354 181.643 
51.956 51.956 105.416 100.6 
23.2193 90.0429 0 16.7605 29.4262 
0 4.95253 0 0 0.421733 426.712 0 
Estimating row 251 out of 308 for hessian
69.5003 103.372 188.354 181.643 
51.956 51.956 105.416 100.6 
23.2193 90.0428 0 16.7605 29.4262 
0 4.95253 0 0 0.421738 426.712 0 
69.5003 103.372 188.354 181.643 
51.9561 51.9561 105.416 100.6 
23.2193 90.0429 0 16.7605 29.4262 
0 4.95253 0 0 0.421728 426.712 0 
69.5003 103.372 188.354 181.643 
51.956 51.956 105.416 100.6 
23.2193 90.0429 0 16.7605 29.4262 
0 4.95253 0 0 0.421734 426.712 0 
69.5003 103.372 188.354 181.643 
51.956 51.956 105.416 100.6 
23.2193 90.0429 0 16.7605 29.4262 
0 4.95253 0 0 0.421733 426.712 0 
Estimating row 252 out of 308 for hessian
69.5003 103.372 188.354 181.643 
51.9555 51.9555 105.416 100.6 
23.2193 90.0426 0 16.7605 29.4262 
0 4.95253 0 0 0.421729 426.712 0 
69.5003 103.372 188.354 181.643 
51.9566 51.9566 105.416 100.6 
23.2193 90.0431 0 16.7605 29.4262 
0 4.95253 0 0 0.421738 426.712 0 
69.5003 103.372 188.354 181.643 
51.956 51.956 105.416 100.6 
23.2193 90.0429 0 16.7605 29.4262 
0 4.95253 0 0 0.421733 426.712 0 
69.5003 103.372 188.354 181.643 
51.9561 51.9561 105.416 100.6 
23.2193 90.0429 0 16.7605 29.4262 
0 4.95253 0 0 0.421734 426.712 0 
Estimating row 253 out of 308 for hessian
69.5003 103.372 188.354 181.643 
51.9558 51.9558 105.416 100.6 
23.2193 90.0426 0 16.7605 29.4262 
0 4.95253 0 0 0.421734 426.712 0 
69.5003 103.372 188.354 181.643 
51.9563 51.9563 105.416 100.6 
23.2193 90.0432 0 16.7605 29.4262 
0 4.95253 0 0 0.421732 426.712 0 
69.5003 103.372 188.354 181.643 
51.956 51.956 105.416 100.6 
23.2193 90.0428 0 16.7605 29.4262 
0 4.95253 0 0 0.421733 426.712 0 
69.5003 103.372 188.354 181.643 
51.956 51.956 105.416 100.6 
23.2193 90.0429 0 16.7605 29.4262 
0 4.95253 0 0 0.421733 426.712 0 
Estimating row 254 out of 308 for hessian
69.5003 103.372 188.354 181.643 
51.9558 51.9558 105.416 100.6 
23.2193 90.0423 0 16.7605 29.4262 
0 4.95253 0 0 0.421732 426.712 0 
69.5003 103.372 188.354 181.643 
51.9562 51.9562 105.416 100.6 
23.2193 90.0434 0 16.7605 29.4262 
0 4.95253 0 0 0.421734 426.712 0 
69.5003 103.372 188.354 181.643 
51.956 51.956 105.416 100.6 
23.2193 90.0428 0 16.7605 29.4262 
0 4.95253 0 0 0.421733 426.712 0 
69.5003 103.372 188.354 181.643 
51.956 51.956 105.416 100.6 
23.2193 90.0429 0 16.7605 29.4262 
0 4.95253 0 0 0.421733 426.712 0 
Estimating row 255 out of 308 for hessian
69.5003 103.372 188.354 181.643 
51.9555 51.9555 105.416 100.6 
23.2193 90.0423 0 16.7605 29.4262 
0 4.95253 0 0 0.421729 426.712 0 
69.5003 103.372 188.354 181.643 
51.9565 51.9565 105.416 100.6 
23.2193 90.0434 0 16.7605 29.4262 
0 4.95253 0 0 0.421738 426.712 0 
69.5003 103.372 188.354 181.643 
51.956 51.956 105.416 100.6 
23.2193 90.0428 0 16.7605 29.4262 
0 4.95253 0 0 0.421733 426.712 0 
69.5003 103.372 188.354 181.643 
51.9561 51.9561 105.416 100.6 
23.2193 90.0429 0 16.7605 29.4262 
0 4.95253 0 0 0.421734 426.712 0 
Estimating row 256 out of 308 for hessian
69.5003 103.372 188.354 181.643 
51.9559 51.9559 105.416 100.6 
23.2193 90.0427 0 16.7605 29.4262 
0 4.95253 0 0 0.421743 426.712 0 
69.5003 103.372 188.354 181.643 
51.9561 51.9561 105.416 100.6 
23.2193 90.043 0 16.7605 29.4262 
0 4.95253 0 0 0.421724 426.712 0 
69.5003 103.372 188.354 181.643 
51.956 51.956 105.416 100.6 
23.2193 90.0429 0 16.7605 29.4262 
0 4.95253 0 0 0.421734 426.712 0 
69.5003 103.372 188.354 181.643 
51.956 51.956 105.416 100.6 
23.2193 90.0429 0 16.7605 29.4262 
0 4.95253 0 0 0.421732 426.712 0 
Estimating row 257 out of 308 for hessian
69.5003 103.372 188.354 181.643 
51.9567 51.9567 105.416 100.6 
23.2193 90.043 0 16.7605 29.4262 
0 4.95253 0 0 0.421729 426.712 0 
69.5003 103.372 188.354 181.643 
51.9554 51.9554 105.416 100.6 
23.2193 90.0427 0 16.7605 29.4262 
0 4.95253 0 0 0.421738 426.712 0 
69.5003 103.372 188.354 181.643 
51.9561 51.9561 105.416 100.6 
23.2193 90.0429 0 16.7605 29.4262 
0 4.95253 0 0 0.421733 426.712 0 
69.5003 103.372 188.354 181.643 
51.956 51.956 105.416 100.6 
23.2193 90.0429 0 16.7605 29.4262 
0 4.95253 0 0 0.421734 426.712 0 
Estimating row 258 out of 308 for hessian
69.5003 103.373 188.354 181.643 
51.9581 51.9581 105.398 100.584 
23.2193 90.0577 0 16.7605 29.4262 
0 4.95253 0 0 0.421733 426.712 0 
69.5003 103.372 188.354 181.643 
51.954 51.954 105.433 100.617 
23.2193 90.028 0 16.7605 29.4262 
0 4.95253 0 0 0.421733 426.712 0 
69.5003 103.372 188.354 181.643 
51.9562 51.9562 105.414 100.599 
23.2193 90.0444 0 16.7605 29.4262 
0 4.95253 0 0 0.421733 426.712 0 
69.5003 103.372 188.354 181.643 
51.9558 51.9558 105.417 100.602 
23.2193 90.0414 0 16.7605 29.4262 
0 4.95253 0 0 0.421733 426.712 0 
Estimating row 259 out of 308 for hessian
69.5003 103.372 188.354 181.643 
51.9587 51.9587 105.413 100.601 
23.2193 90.0383 0 16.7605 29.4262 
0 4.95253 0 0 0.421733 426.712 0 
69.5003 103.372 188.354 181.643 
51.9533 51.9533 105.418 100.6 
23.2193 90.0474 0 16.7605 29.4262 
0 4.95253 0 0 0.421733 426.712 0 
69.5003 103.372 188.354 181.643 
51.9563 51.9563 105.415 100.601 
23.2193 90.0424 0 16.7605 29.4262 
0 4.95253 0 0 0.421733 426.712 0 
69.5003 103.372 188.354 181.643 
51.9558 51.9558 105.416 100.6 
23.2193 90.0433 0 16.7605 29.4262 
0 4.95253 0 0 0.421733 426.712 0 
Estimating row 260 out of 308 for hessian
69.5003 103.372 188.354 181.643 
51.9562 51.9562 105.417 100.627 
23.2193 90.0483 0 16.7605 29.4262 
0 4.95253 0 0 0.421733 426.712 0 
69.5003 103.372 188.354 181.643 
51.9558 51.9558 105.415 100.574 
23.2193 90.0375 0 16.7605 29.4262 
0 4.95253 0 0 0.421733 426.712 0 
69.5003 103.372 188.354 181.643 
51.956 51.956 105.416 100.603 
23.2193 90.0434 0 16.7605 29.4262 
0 4.95253 0 0 0.421733 426.712 0 
69.5003 103.372 188.354 181.643 
51.956 51.956 105.416 100.598 
23.2193 90.0423 0 16.7605 29.4262 
0 4.95253 0 0 0.421733 426.712 0 
Estimating row 261 out of 308 for hessian
69.5003 103.372 188.354 181.643 
51.9548 51.9548 105.41 100.599 
23.2193 90.0447 0 16.7605 29.4262 
0 4.95253 0 0 0.421733 426.712 0 
69.5003 103.372 188.354 181.643 
51.9573 51.9573 105.421 100.602 
23.2193 90.041 0 16.7605 29.4262 
0 4.95253 0 0 0.421733 426.712 0 
69.5003 103.372 188.354 181.643 
51.9559 51.9559 105.415 100.6 
23.2193 90.0431 0 16.7605 29.4262 
0 4.95253 0 0 0.421733 426.712 0 
69.5003 103.372 188.354 181.643 
51.9561 51.9561 105.416 100.601 
23.2193 90.0427 0 16.7605 29.4262 
0 4.95253 0 0 0.421733 426.712 0 
Estimating row 262 out of 308 for hessian
69.5003 103.372 188.354 181.643 
51.9558 51.9558 105.417 100.601 
23.2193 90.0406 0 16.7605 29.4262 
0 4.95253 0 0 0.421733 426.712 0 
69.5003 103.372 188.354 181.643 
51.9562 51.9562 105.414 100.6 
23.2193 90.0452 0 16.7605 29.4262 
0 4.95253 0 0 0.421733 426.712 0 
69.5003 103.372 188.354 181.643 
51.956 51.956 105.416 100.601 
23.2193 90.0426 0 16.7605 29.4262 
0 4.95253 0 0 0.421733 426.712 0 
69.5003 103.372 188.354 181.643 
51.956 51.956 105.416 100.6 
23.2193 90.0431 0 16.7605 29.4262 
0 4.95253 0 0 0.421733 426.712 0 
Estimating row 263 out of 308 for hessian
69.5003 103.372 188.354 181.643 
51.956 51.956 105.416 100.6 
23.2193 90.0429 0 16.7605 29.4262 
0 4.95253 0 0 0.421733 426.712 0 
69.5003 103.372 188.354 181.643 
51.956 51.956 105.416 100.6 
23.2193 90.0429 0 16.7605 29.4262 
0 4.95253 0 0 0.421733 426.712 0 
69.5003 103.372 188.354 181.643 
51.956 51.956 105.416 100.6 
23.2193 90.0429 0 16.7605 29.4262 
0 4.95253 0 0 0.421733 426.712 0 
69.5003 103.372 188.354 181.643 
51.956 51.956 105.416 100.6 
23.2193 90.0429 0 16.7605 29.4262 
0 4.95253 0 0 0.421733 426.712 0 
Estimating row 264 out of 308 for hessian
69.5003 103.372 188.354 181.643 
51.956 51.956 105.416 100.6 
23.2193 90.0429 0 16.7605 29.4262 
0 4.95253 0 0 0.421733 426.712 0 
69.5003 103.372 188.354 181.643 
51.956 51.956 105.416 100.6 
23.2193 90.0429 0 16.7605 29.4262 
0 4.95253 0 0 0.421733 426.712 0 
69.5003 103.372 188.354 181.643 
51.956 51.956 105.416 100.6 
23.2193 90.0429 0 16.7605 29.4262 
0 4.95253 0 0 0.421733 426.712 0 
69.5003 103.372 188.354 181.643 
51.956 51.956 105.416 100.6 
23.2193 90.0429 0 16.7605 29.4262 
0 4.95253 0 0 0.421733 426.712 0 
Estimating row 265 out of 308 for hessian
69.5003 103.372 188.354 181.643 
51.956 51.956 105.416 100.6 
23.2193 90.0429 0 16.7605 29.4262 
0 4.95253 0 0 0.421733 426.712 0 
69.5003 103.372 188.354 181.643 
51.956 51.956 105.416 100.6 
23.2193 90.0429 0 16.7605 29.4262 
0 4.95253 0 0 0.421733 426.712 0 
69.5003 103.372 188.354 181.643 
51.956 51.956 105.416 100.6 
23.2193 90.0429 0 16.7605 29.4262 
0 4.95253 0 0 0.421733 426.712 0 
69.5003 103.372 188.354 181.643 
51.956 51.956 105.416 100.6 
23.2193 90.0429 0 16.7605 29.4262 
0 4.95253 0 0 0.421733 426.712 0 
Estimating row 266 out of 308 for hessian
69.5003 103.372 188.354 181.643 
51.956 51.956 105.416 100.6 
23.2193 90.0429 0 16.7605 29.4262 
0 4.95253 0 0 0.421733 426.712 0 
69.5003 103.372 188.354 181.643 
51.956 51.956 105.416 100.6 
23.2193 90.0429 0 16.7605 29.4262 
0 4.95253 0 0 0.421733 426.712 0 
69.5003 103.372 188.354 181.643 
51.956 51.956 105.416 100.6 
23.2193 90.0429 0 16.7605 29.4262 
0 4.95253 0 0 0.421733 426.712 0 
69.5003 103.372 188.354 181.643 
51.956 51.956 105.416 100.6 
23.2193 90.0429 0 16.7605 29.4262 
0 4.95253 0 0 0.421733 426.712 0 
Estimating row 267 out of 308 for hessian
69.5003 103.372 188.354 181.643 
51.956 51.956 105.416 100.6 
23.2193 90.0429 0 16.7605 29.4262 
0 4.95253 0 0 0.421733 426.712 0 
69.5003 103.372 188.354 181.643 
51.956 51.956 105.416 100.6 
23.2193 90.0429 0 16.7605 29.4262 
0 4.95253 0 0 0.421733 426.712 0 
69.5003 103.372 188.354 181.643 
51.956 51.956 105.416 100.6 
23.2193 90.0429 0 16.7605 29.4262 
0 4.95253 0 0 0.421733 426.712 0 
69.5003 103.372 188.354 181.643 
51.956 51.956 105.416 100.6 
23.2193 90.0429 0 16.7605 29.4262 
0 4.95253 0 0 0.421733 426.712 0 
Estimating row 268 out of 308 for hessian
69.5003 103.372 188.354 181.643 
51.956 51.956 105.416 100.6 
23.2193 90.0429 0 16.7605 29.4262 
0 4.95253 0 0 0.421733 426.712 0 
69.5003 103.372 188.354 181.643 
51.956 51.956 105.416 100.6 
23.2193 90.0429 0 16.7605 29.4262 
0 4.95253 0 0 0.421733 426.712 0 
69.5003 103.372 188.354 181.643 
51.956 51.956 105.416 100.6 
23.2193 90.0429 0 16.7605 29.4262 
0 4.95253 0 0 0.421733 426.712 0 
69.5003 103.372 188.354 181.643 
51.956 51.956 105.416 100.6 
23.2193 90.0429 0 16.7605 29.4262 
0 4.95253 0 0 0.421733 426.712 0 
Estimating row 269 out of 308 for hessian
69.5003 103.372 188.354 181.643 
51.956 51.956 105.416 100.6 
23.2193 90.0429 0 16.7605 29.4262 
0 4.95253 0 0 0.421733 426.712 0 
69.5003 103.372 188.354 181.643 
51.956 51.956 105.416 100.6 
23.2193 90.0429 0 16.7605 29.4262 
0 4.95253 0 0 0.421733 426.712 0 
69.5003 103.372 188.354 181.643 
51.956 51.956 105.416 100.6 
23.2193 90.0429 0 16.7605 29.4262 
0 4.95253 0 0 0.421733 426.712 0 
69.5003 103.372 188.354 181.643 
51.956 51.956 105.416 100.6 
23.2193 90.0429 0 16.7605 29.4262 
0 4.95253 0 0 0.421733 426.712 0 
Estimating row 270 out of 308 for hessian
69.5003 103.372 188.354 181.643 
51.956 51.956 105.416 100.6 
23.2193 90.0429 0 16.7605 29.4262 
0 4.95253 0 0 0.421733 426.712 0 
69.5003 103.372 188.354 181.643 
51.956 51.956 105.416 100.6 
23.2193 90.0429 0 16.7605 29.4262 
0 4.95253 0 0 0.421733 426.712 0 
69.5003 103.372 188.354 181.643 
51.956 51.956 105.416 100.6 
23.2193 90.0429 0 16.7605 29.4262 
0 4.95253 0 0 0.421733 426.712 0 
69.5003 103.372 188.354 181.643 
51.956 51.956 105.416 100.6 
23.2193 90.0429 0 16.7605 29.4262 
0 4.95253 0 0 0.421733 426.712 0 
Estimating row 271 out of 308 for hessian
69.5003 103.372 188.354 181.643 
51.956 51.956 105.416 100.6 
23.2193 90.0429 0 16.7605 29.4262 
0 4.95253 0 0 0.421733 426.712 0 
69.5003 103.372 188.354 181.643 
51.956 51.956 105.416 100.6 
23.2193 90.0429 0 16.7605 29.4262 
0 4.95253 0 0 0.421733 426.712 0 
69.5003 103.372 188.354 181.643 
51.956 51.956 105.416 100.6 
23.2193 90.0429 0 16.7605 29.4262 
0 4.95253 0 0 0.421733 426.712 0 
69.5003 103.372 188.354 181.643 
51.956 51.956 105.416 100.6 
23.2193 90.0429 0 16.7605 29.4262 
0 4.95253 0 0 0.421733 426.712 0 
Estimating row 272 out of 308 for hessian
69.5003 103.372 188.354 181.643 
51.956 51.956 105.416 100.6 
23.2193 90.0429 0 16.7605 29.4262 
0 4.95253 0 0 0.421733 426.712 0 
69.5003 103.372 188.354 181.643 
51.956 51.956 105.416 100.6 
23.2193 90.0429 0 16.7605 29.4262 
0 4.95253 0 0 0.421733 426.712 0 
69.5003 103.372 188.354 181.643 
51.956 51.956 105.416 100.6 
23.2193 90.0429 0 16.7605 29.4262 
0 4.95253 0 0 0.421733 426.712 0 
69.5003 103.372 188.354 181.643 
51.956 51.956 105.416 100.6 
23.2193 90.0429 0 16.7605 29.4262 
0 4.95253 0 0 0.421733 426.712 0 
Estimating row 273 out of 308 for hessian
69.5003 103.372 188.354 181.643 
51.956 51.956 105.416 100.6 
23.2193 90.0429 0 16.7605 29.4262 
0 4.95253 0 0 0.421733 426.712 0 
69.5003 103.372 188.354 181.643 
51.956 51.956 105.416 100.6 
23.2193 90.0429 0 16.7605 29.4262 
0 4.95253 0 0 0.421733 426.712 0 
69.5003 103.372 188.354 181.643 
51.956 51.956 105.416 100.6 
23.2193 90.0429 0 16.7605 29.4262 
0 4.95253 0 0 0.421733 426.712 0 
69.5003 103.372 188.354 181.643 
51.956 51.956 105.416 100.6 
23.2193 90.0429 0 16.7605 29.4262 
0 4.95253 0 0 0.421733 426.712 0 
Estimating row 274 out of 308 for hessian
69.5003 103.372 188.354 181.643 
51.956 51.956 105.416 100.6 
23.2193 90.0429 0 16.7605 29.4262 
0 4.95253 0 0 0.421733 426.712 0 
69.5003 103.372 188.354 181.643 
51.956 51.956 105.416 100.6 
23.2193 90.0429 0 16.7605 29.4262 
0 4.95253 0 0 0.421733 426.712 0 
69.5003 103.372 188.354 181.643 
51.956 51.956 105.416 100.6 
23.2193 90.0429 0 16.7605 29.4262 
0 4.95253 0 0 0.421733 426.712 0 
69.5003 103.372 188.354 181.643 
51.956 51.956 105.416 100.6 
23.2193 90.0429 0 16.7605 29.4262 
0 4.95253 0 0 0.421733 426.712 0 
Estimating row 275 out of 308 for hessian
69.5003 103.372 188.354 181.643 
51.956 51.956 105.416 100.6 
23.2193 90.0429 0 16.7605 29.4262 
0 4.95253 0 0 0.421733 426.712 0 
69.5003 103.372 188.354 181.643 
51.956 51.956 105.416 100.6 
23.2193 90.0429 0 16.7605 29.4262 
0 4.95253 0 0 0.421733 426.712 0 
69.5003 103.372 188.354 181.643 
51.956 51.956 105.416 100.6 
23.2193 90.0429 0 16.7605 29.4262 
0 4.95253 0 0 0.421733 426.712 0 
69.5003 103.372 188.354 181.643 
51.956 51.956 105.416 100.6 
23.2193 90.0429 0 16.7605 29.4262 
0 4.95253 0 0 0.421733 426.712 0 
Estimating row 276 out of 308 for hessian
69.5003 103.372 188.354 181.643 
51.956 51.956 105.416 100.6 
23.2193 90.0429 0 16.7605 29.4262 
0 4.95253 0 0 0.421733 426.712 0 
69.5003 103.372 188.354 181.643 
51.956 51.956 105.416 100.6 
23.2193 90.0429 0 16.7605 29.4262 
0 4.95253 0 0 0.421733 426.712 0 
69.5003 103.372 188.354 181.643 
51.956 51.956 105.416 100.6 
23.2193 90.0429 0 16.7605 29.4262 
0 4.95253 0 0 0.421733 426.712 0 
69.5003 103.372 188.354 181.643 
51.956 51.956 105.416 100.6 
23.2193 90.0429 0 16.7605 29.4262 
0 4.95253 0 0 0.421733 426.712 0 
Estimating row 277 out of 308 for hessian
69.5003 103.372 188.354 181.643 
51.956 51.956 105.416 100.6 
23.2193 90.0429 0 16.7605 29.4262 
0 4.95253 0 0 0.421733 426.712 0 
69.5003 103.372 188.354 181.643 
51.956 51.956 105.416 100.6 
23.2193 90.0429 0 16.7605 29.4262 
0 4.95253 0 0 0.421733 426.712 0 
69.5003 103.372 188.354 181.643 
51.956 51.956 105.416 100.6 
23.2193 90.0429 0 16.7605 29.4262 
0 4.95253 0 0 0.421733 426.712 0 
69.5003 103.372 188.354 181.643 
51.956 51.956 105.416 100.6 
23.2193 90.0429 0 16.7605 29.4262 
0 4.95253 0 0 0.421733 426.712 0 
Estimating row 278 out of 308 for hessian
69.5003 103.372 188.354 181.643 
51.956 51.956 105.416 100.6 
23.2193 90.0429 0 16.7605 29.4262 
0 4.95253 0 0 0.421733 426.712 0 
69.5003 103.372 188.354 181.643 
51.956 51.956 105.416 100.6 
23.2193 90.0429 0 16.7605 29.4262 
0 4.95253 0 0 0.421733 426.712 0 
69.5003 103.372 188.354 181.643 
51.956 51.956 105.416 100.6 
23.2193 90.0429 0 16.7605 29.4262 
0 4.95253 0 0 0.421733 426.712 0 
69.5003 103.372 188.354 181.643 
51.956 51.956 105.416 100.6 
23.2193 90.0429 0 16.7605 29.4262 
0 4.95253 0 0 0.421733 426.712 0 
Estimating row 279 out of 308 for hessian
69.5003 103.372 188.354 181.643 
51.956 51.956 105.416 100.6 
23.2193 90.0429 0 16.7605 29.4262 
0 4.95253 0 0 0.421733 426.712 0 
69.5003 103.372 188.354 181.643 
51.956 51.956 105.416 100.6 
23.2193 90.0429 0 16.7605 29.4262 
0 4.95253 0 0 0.421733 426.712 0 
69.5003 103.372 188.354 181.643 
51.956 51.956 105.416 100.6 
23.2193 90.0429 0 16.7605 29.4262 
0 4.95253 0 0 0.421733 426.712 0 
69.5003 103.372 188.354 181.643 
51.956 51.956 105.416 100.6 
23.2193 90.0429 0 16.7605 29.4262 
0 4.95253 0 0 0.421733 426.712 0 
Estimating row 280 out of 308 for hessian
69.5003 103.372 188.354 181.643 
51.956 51.956 105.416 100.6 
23.2193 90.0429 0 16.7605 29.4262 
0 4.95253 0 0 0.421733 426.712 0 
69.5003 103.372 188.354 181.643 
51.956 51.956 105.416 100.6 
23.2193 90.0429 0 16.7605 29.4262 
0 4.95253 0 0 0.421733 426.712 0 
69.5003 103.372 188.354 181.643 
51.956 51.956 105.416 100.6 
23.2193 90.0429 0 16.7605 29.4262 
0 4.95253 0 0 0.421733 426.712 0 
69.5003 103.372 188.354 181.643 
51.956 51.956 105.416 100.6 
23.2193 90.0429 0 16.7605 29.4262 
0 4.95253 0 0 0.421733 426.712 0 
Estimating row 281 out of 308 for hessian
69.5003 103.372 188.354 181.643 
51.956 51.956 105.416 100.6 
23.2193 90.0429 0 16.7605 29.4262 
0 4.95253 0 0 0.421733 426.712 0 
69.5003 103.372 188.354 181.643 
51.956 51.956 105.416 100.6 
23.2193 90.0429 0 16.7605 29.4262 
0 4.95253 0 0 0.421733 426.712 0 
69.5003 103.372 188.354 181.643 
51.956 51.956 105.416 100.6 
23.2193 90.0429 0 16.7605 29.4262 
0 4.95253 0 0 0.421733 426.712 0 
69.5003 103.372 188.354 181.643 
51.956 51.956 105.416 100.6 
23.2193 90.0429 0 16.7605 29.4262 
0 4.95253 0 0 0.421733 426.712 0 
Estimating row 282 out of 308 for hessian
69.5003 103.372 188.354 181.643 
51.956 51.956 105.416 100.6 
23.2193 90.0429 0 16.7605 29.4262 
0 4.95253 0 0 0.421733 426.712 0 
69.5003 103.372 188.354 181.643 
51.956 51.956 105.416 100.6 
23.2193 90.0429 0 16.7605 29.4262 
0 4.95253 0 0 0.421733 426.712 0 
69.5003 103.372 188.354 181.643 
51.956 51.956 105.416 100.6 
23.2193 90.0429 0 16.7605 29.4262 
0 4.95253 0 0 0.421733 426.712 0 
69.5003 103.372 188.354 181.643 
51.956 51.956 105.416 100.6 
23.2193 90.0429 0 16.7605 29.4262 
0 4.95253 0 0 0.421733 426.712 0 
Estimating row 283 out of 308 for hessian
69.5003 103.372 188.354 181.643 
51.956 51.956 105.416 100.6 
23.2193 90.0429 0 16.7605 29.4262 
0 4.95253 0 0 0.421733 426.712 0 
69.5003 103.372 188.354 181.643 
51.956 51.956 105.416 100.6 
23.2193 90.0429 0 16.7605 29.4262 
0 4.95253 0 0 0.421733 426.712 0 
69.5003 103.372 188.354 181.643 
51.956 51.956 105.416 100.6 
23.2193 90.0429 0 16.7605 29.4262 
0 4.95253 0 0 0.421733 426.712 0 
69.5003 103.372 188.354 181.643 
51.956 51.956 105.416 100.6 
23.2193 90.0429 0 16.7605 29.4262 
0 4.95253 0 0 0.421733 426.712 0 
Estimating row 284 out of 308 for hessian
69.5003 103.372 188.354 181.643 
51.956 51.956 105.416 100.6 
23.2193 90.0429 0 16.7605 29.4262 
0 4.95253 0 0 0.421733 426.712 0 
69.5003 103.372 188.354 181.643 
51.956 51.956 105.416 100.6 
23.2193 90.0429 0 16.7605 29.4262 
0 4.95253 0 0 0.421733 426.712 0 
69.5003 103.372 188.354 181.643 
51.956 51.956 105.416 100.6 
23.2193 90.0429 0 16.7605 29.4262 
0 4.95253 0 0 0.421733 426.712 0 
69.5003 103.372 188.354 181.643 
51.956 51.956 105.416 100.6 
23.2193 90.0429 0 16.7605 29.4262 
0 4.95253 0 0 0.421733 426.712 0 
Estimating row 285 out of 308 for hessian
69.5003 103.372 188.354 181.643 
51.956 51.956 105.416 100.6 
23.2193 90.0429 0 16.7605 29.4262 
0 4.95253 0 0 0.421733 426.712 0 
69.5003 103.372 188.354 181.643 
51.956 51.956 105.416 100.6 
23.2193 90.0429 0 16.7605 29.4262 
0 4.95253 0 0 0.421733 426.712 0 
69.5003 103.372 188.354 181.643 
51.956 51.956 105.416 100.6 
23.2193 90.0429 0 16.7605 29.4262 
0 4.95253 0 0 0.421733 426.712 0 
69.5003 103.372 188.354 181.643 
51.956 51.956 105.416 100.6 
23.2193 90.0429 0 16.7605 29.4262 
0 4.95253 0 0 0.421733 426.712 0 
Estimating row 286 out of 308 for hessian
69.5003 103.372 188.354 181.643 
51.956 51.956 105.416 100.6 
23.2193 90.0429 0 16.7605 29.4262 
0 4.95253 0 0 0.421733 426.712 0 
69.5003 103.372 188.354 181.643 
51.956 51.956 105.416 100.6 
23.2193 90.0429 0 16.7605 29.4262 
0 4.95253 0 0 0.421733 426.712 0 
69.5003 103.372 188.354 181.643 
51.956 51.956 105.416 100.6 
23.2193 90.0429 0 16.7605 29.4262 
0 4.95253 0 0 0.421733 426.712 0 
69.5003 103.372 188.354 181.643 
51.956 51.956 105.416 100.6 
23.2193 90.0429 0 16.7605 29.4262 
0 4.95253 0 0 0.421733 426.712 0 
Estimating row 287 out of 308 for hessian
69.5003 103.372 188.354 181.643 
51.956 51.956 105.416 100.6 
23.2193 90.0429 0 16.7605 29.4262 
0 4.95253 0 0 0.421733 426.712 0 
69.5003 103.372 188.354 181.643 
51.956 51.956 105.416 100.6 
23.2193 90.0429 0 16.7605 29.4262 
0 4.95253 0 0 0.421733 426.712 0 
69.5003 103.372 188.354 181.643 
51.956 51.956 105.416 100.6 
23.2193 90.0429 0 16.7605 29.4262 
0 4.95253 0 0 0.421733 426.712 0 
69.5003 103.372 188.354 181.643 
51.956 51.956 105.416 100.6 
23.2193 90.0429 0 16.7605 29.4262 
0 4.95253 0 0 0.421733 426.712 0 
Estimating row 288 out of 308 for hessian
69.5003 103.372 188.354 181.643 
51.956 51.956 105.416 100.6 
23.2193 90.0429 0 16.7605 29.4262 
0 4.95253 0 0 0.421733 426.712 0 
69.5003 103.372 188.354 181.643 
51.956 51.956 105.416 100.6 
23.2193 90.0429 0 16.7605 29.4262 
0 4.95253 0 0 0.421733 426.712 0 
69.5003 103.372 188.354 181.643 
51.956 51.956 105.416 100.6 
23.2193 90.0429 0 16.7605 29.4262 
0 4.95253 0 0 0.421733 426.712 0 
69.5003 103.372 188.354 181.643 
51.956 51.956 105.416 100.6 
23.2193 90.0429 0 16.7605 29.4262 
0 4.95253 0 0 0.421733 426.712 0 
Estimating row 289 out of 308 for hessian
69.5003 103.372 188.354 181.643 
51.956 51.956 105.416 100.6 
23.2193 90.0429 0 16.7605 29.4262 
0 4.95253 0 0 0.421733 426.712 0 
69.5003 103.372 188.354 181.643 
51.956 51.956 105.416 100.6 
23.2193 90.0429 0 16.7605 29.4262 
0 4.95253 0 0 0.421733 426.712 0 
69.5003 103.372 188.354 181.643 
51.956 51.956 105.416 100.6 
23.2193 90.0429 0 16.7605 29.4262 
0 4.95253 0 0 0.421733 426.712 0 
69.5003 103.372 188.354 181.643 
51.956 51.956 105.416 100.6 
23.2193 90.0429 0 16.7605 29.4262 
0 4.95253 0 0 0.421733 426.712 0 
Estimating row 290 out of 308 for hessian
69.5003 103.372 188.354 181.643 
51.956 51.956 105.416 100.6 
23.2193 90.0429 0 16.7605 29.4262 
0 4.95253 0 0 0.421733 426.712 0 
69.5003 103.372 188.354 181.643 
51.956 51.956 105.416 100.6 
23.2193 90.0429 0 16.7605 29.4262 
0 4.95253 0 0 0.421733 426.712 0 
69.5003 103.372 188.354 181.643 
51.956 51.956 105.416 100.6 
23.2193 90.0429 0 16.7605 29.4262 
0 4.95253 0 0 0.421733 426.712 0 
69.5003 103.372 188.354 181.643 
51.956 51.956 105.416 100.6 
23.2193 90.0429 0 16.7605 29.4262 
0 4.95253 0 0 0.421733 426.712 0 
Estimating row 291 out of 308 for hessian
69.5003 103.372 188.354 181.643 
51.956 51.956 105.416 100.6 
23.2193 90.0429 0 16.7605 29.4262 
0 4.95253 0 0 0.421733 426.712 0 
69.5003 103.372 188.354 181.643 
51.956 51.956 105.416 100.6 
23.2193 90.0429 0 16.7605 29.4262 
0 4.95253 0 0 0.421733 426.712 0 
69.5003 103.372 188.354 181.643 
51.956 51.956 105.416 100.6 
23.2193 90.0429 0 16.7605 29.4262 
0 4.95253 0 0 0.421733 426.712 0 
69.5003 103.372 188.354 181.643 
51.956 51.956 105.416 100.6 
23.2193 90.0429 0 16.7605 29.4262 
0 4.95253 0 0 0.421733 426.712 0 
Estimating row 292 out of 308 for hessian
69.5003 103.372 188.354 181.643 
51.956 51.956 105.416 100.6 
23.2193 90.0429 0 16.7605 29.4262 
0 4.95253 0 0 0.421733 426.712 0 
69.5003 103.372 188.354 181.643 
51.956 51.956 105.416 100.6 
23.2193 90.0429 0 16.7605 29.4262 
0 4.95253 0 0 0.421733 426.712 0 
69.5003 103.372 188.354 181.643 
51.956 51.956 105.416 100.6 
23.2193 90.0429 0 16.7605 29.4262 
0 4.95253 0 0 0.421733 426.712 0 
69.5003 103.372 188.354 181.643 
51.956 51.956 105.416 100.6 
23.2193 90.0429 0 16.7605 29.4262 
0 4.95253 0 0 0.421733 426.712 0 
Estimating row 293 out of 308 for hessian
69.5003 103.372 188.354 181.643 
51.956 51.956 105.416 100.6 
23.2193 90.0429 0 16.7605 29.4262 
0 4.95253 0 0 0.421733 426.712 0 
69.5003 103.372 188.354 181.643 
51.956 51.956 105.416 100.6 
23.2193 90.0429 0 16.7605 29.4262 
0 4.95253 0 0 0.421733 426.712 0 
69.5003 103.372 188.354 181.643 
51.956 51.956 105.416 100.6 
23.2193 90.0429 0 16.7605 29.4262 
0 4.95253 0 0 0.421733 426.712 0 
69.5003 103.372 188.354 181.643 
51.956 51.956 105.416 100.6 
23.2193 90.0429 0 16.7605 29.4262 
0 4.95253 0 0 0.421733 426.712 0 
Estimating row 294 out of 308 for hessian
69.5003 103.372 188.354 181.643 
51.956 51.956 105.416 100.6 
23.2193 90.0429 0 16.7605 29.4262 
0 4.95253 0 0 0.421733 426.712 0 
69.5003 103.372 188.354 181.643 
51.956 51.956 105.416 100.6 
23.2193 90.0429 0 16.7605 29.4262 
0 4.95253 0 0 0.421733 426.712 0 
69.5003 103.372 188.354 181.643 
51.956 51.956 105.416 100.6 
23.2193 90.0429 0 16.7605 29.4262 
0 4.95253 0 0 0.421733 426.712 0 
69.5003 103.372 188.354 181.643 
51.956 51.956 105.416 100.6 
23.2193 90.0429 0 16.7605 29.4262 
0 4.95253 0 0 0.421733 426.712 0 
Estimating row 295 out of 308 for hessian
69.5003 103.372 188.354 181.643 
51.956 51.956 105.416 100.6 
23.2193 90.0429 0 16.7605 29.4262 
0 4.95253 0 0 0.421733 426.712 0 
69.5003 103.372 188.354 181.643 
51.956 51.956 105.416 100.6 
23.2193 90.0429 0 16.7605 29.4262 
0 4.95253 0 0 0.421733 426.712 0 
69.5003 103.372 188.354 181.643 
51.956 51.956 105.416 100.6 
23.2193 90.0429 0 16.7605 29.4262 
0 4.95253 0 0 0.421733 426.712 0 
69.5003 103.372 188.354 181.643 
51.956 51.956 105.416 100.6 
23.2193 90.0429 0 16.7605 29.4262 
0 4.95253 0 0 0.421733 426.712 0 
Estimating row 296 out of 308 for hessian
69.5003 103.372 188.354 181.643 
51.956 51.956 105.416 100.6 
23.2193 90.0429 0 16.7605 29.4262 
0 4.95253 0 0 0.421733 426.712 0 
69.5003 103.372 188.354 181.643 
51.956 51.956 105.416 100.6 
23.2193 90.0429 0 16.7605 29.4262 
0 4.95253 0 0 0.421733 426.712 0 
69.5003 103.372 188.354 181.643 
51.956 51.956 105.416 100.6 
23.2193 90.0429 0 16.7605 29.4262 
0 4.95253 0 0 0.421733 426.712 0 
69.5003 103.372 188.354 181.643 
51.956 51.956 105.416 100.6 
23.2193 90.0429 0 16.7605 29.4262 
0 4.95253 0 0 0.421733 426.712 0 
Estimating row 297 out of 308 for hessian
69.5003 103.372 188.354 181.643 
51.956 51.956 105.416 100.6 
23.2193 90.0429 0 16.7605 29.4262 
0 4.95253 0 0 0.421733 426.712 0 
69.5003 103.372 188.354 181.643 
51.956 51.956 105.416 100.6 
23.2193 90.0429 0 16.7605 29.4262 
0 4.95253 0 0 0.421733 426.712 0 
69.5003 103.372 188.354 181.643 
51.956 51.956 105.416 100.6 
23.2193 90.0429 0 16.7605 29.4262 
0 4.95253 0 0 0.421733 426.712 0 
69.5003 103.372 188.354 181.643 
51.956 51.956 105.416 100.6 
23.2193 90.0429 0 16.7605 29.4262 
0 4.95253 0 0 0.421733 426.712 0 
Estimating row 298 out of 308 for hessian
69.5003 103.372 188.354 181.643 
51.956 51.956 105.416 100.6 
23.2193 90.0429 0 16.7605 29.4262 
0 4.95253 0 0 0.421733 426.712 0 
69.5003 103.372 188.354 181.643 
51.956 51.956 105.416 100.6 
23.2193 90.0429 0 16.7605 29.4262 
0 4.95253 0 0 0.421733 426.712 0 
69.5003 103.372 188.354 181.643 
51.956 51.956 105.416 100.6 
23.2193 90.0429 0 16.7605 29.4262 
0 4.95253 0 0 0.421733 426.712 0 
69.5003 103.372 188.354 181.643 
51.956 51.956 105.416 100.6 
23.2193 90.0429 0 16.7605 29.4262 
0 4.95253 0 0 0.421733 426.712 0 
Estimating row 299 out of 308 for hessian
69.5003 103.372 188.354 181.643 
51.956 51.956 105.416 100.6 
23.2193 90.0429 0 16.7605 29.4262 
0 4.95253 0 0 0.421733 426.712 0 
69.5003 103.372 188.354 181.643 
51.956 51.956 105.416 100.6 
23.2193 90.0429 0 16.7605 29.4262 
0 4.95253 0 0 0.421733 426.712 0 
69.5003 103.372 188.354 181.643 
51.956 51.956 105.416 100.6 
23.2193 90.0429 0 16.7605 29.4262 
0 4.95253 0 0 0.421733 426.712 0 
69.5003 103.372 188.354 181.643 
51.956 51.956 105.416 100.6 
23.2193 90.0429 0 16.7605 29.4262 
0 4.95253 0 0 0.421733 426.712 0 
Estimating row 300 out of 308 for hessian
69.5003 103.372 188.354 181.643 
51.956 51.956 105.416 100.6 
23.2193 90.0429 0 16.7605 29.4262 
0 4.95253 0 0 0.421733 426.712 0 
69.5003 103.372 188.354 181.643 
51.956 51.956 105.416 100.6 
23.2193 90.0429 0 16.7605 29.4262 
0 4.95253 0 0 0.421733 426.712 0 
69.5003 103.372 188.354 181.643 
51.956 51.956 105.416 100.6 
23.2193 90.0429 0 16.7605 29.4262 
0 4.95253 0 0 0.421733 426.712 0 
69.5003 103.372 188.354 181.643 
51.956 51.956 105.416 100.6 
23.2193 90.0429 0 16.7605 29.4262 
0 4.95253 0 0 0.421733 426.712 0 
Estimating row 301 out of 308 for hessian
69.5003 103.372 188.354 181.643 
51.956 51.956 105.416 100.6 
23.2193 90.0429 0 16.7605 29.4262 
0 4.95253 0 0 0.421733 426.712 0 
69.5003 103.372 188.354 181.643 
51.956 51.956 105.416 100.6 
23.2193 90.0429 0 16.7605 29.4262 
0 4.95253 0 0 0.421733 426.712 0 
69.5003 103.372 188.354 181.643 
51.956 51.956 105.416 100.6 
23.2193 90.0429 0 16.7605 29.4262 
0 4.95253 0 0 0.421733 426.712 0 
69.5003 103.372 188.354 181.643 
51.956 51.956 105.416 100.6 
23.2193 90.0429 0 16.7605 29.4262 
0 4.95253 0 0 0.421733 426.712 0 
Estimating row 302 out of 308 for hessian
69.5003 103.372 188.354 181.643 
51.956 51.956 105.416 100.6 
23.2193 90.0429 0 16.7605 29.4262 
0 4.95253 0 0 0.421733 426.712 0 
69.5003 103.372 188.354 181.643 
51.956 51.956 105.416 100.6 
23.2193 90.0429 0 16.7605 29.4262 
0 4.95253 0 0 0.421733 426.712 0 
69.5003 103.372 188.354 181.643 
51.956 51.956 105.416 100.6 
23.2193 90.0429 0 16.7605 29.4262 
0 4.95253 0 0 0.421733 426.712 0 
69.5003 103.372 188.354 181.643 
51.956 51.956 105.416 100.6 
23.2193 90.0429 0 16.7605 29.4262 
0 4.95253 0 0 0.421733 426.712 0 
Estimating row 303 out of 308 for hessian
69.5003 103.372 188.354 181.643 
51.9559 51.9559 105.41 100.589 
23.2193 90.0583 0 16.7605 29.4262 
0 4.95253 0 0 0.421733 426.712 0 
69.5003 103.372 188.354 181.643 
51.9561 51.9561 105.421 100.612 
23.2193 90.0275 0 16.7605 29.4262 
0 4.95253 0 0 0.421733 426.712 0 
69.5003 103.372 188.354 181.643 
51.956 51.956 105.415 100.599 
23.2193 90.0444 0 16.7605 29.4262 
0 4.95253 0 0 0.421733 426.712 0 
69.5003 103.372 188.354 181.643 
51.956 51.956 105.416 100.602 
23.2193 90.0413 0 16.7605 29.4262 
0 4.95253 0 0 0.421733 426.712 0 
Estimating row 304 out of 308 for hessian
69.4989 103.364 188.354 181.647 
51.956 51.956 105.416 100.6 
23.2193 90.0429 0 16.7605 29.4262 
0 4.95253 0 0 0.421733 426.716 0 
69.5018 103.381 188.354 181.639 
51.956 51.956 105.416 100.6 
23.2193 90.0429 0 16.7605 29.4262 
0 4.95253 0 0 0.421733 426.707 0 
69.5002 103.372 188.354 181.643 
51.956 51.956 105.416 100.6 
23.2193 90.0429 0 16.7605 29.4262 
0 4.95253 0 0 0.421733 426.712 0 
69.5005 103.373 188.354 181.642 
51.956 51.956 105.416 100.6 
23.2193 90.0429 0 16.7605 29.4262 
0 4.95253 0 0 0.421733 426.711 0 
Estimating row 305 out of 308 for hessian
69.5003 103.372 188.354 181.643 
51.956 51.956 105.416 100.6 
23.2193 90.0429 0 16.7605 29.4262 
0 4.95253 0 0 0.421733 426.712 0 
69.5003 103.372 188.354 181.643 
51.956 51.956 105.416 100.6 
23.2193 90.0429 0 16.7605 29.4262 
0 4.95253 0 0 0.421733 426.712 0 
69.5003 103.372 188.354 181.643 
51.956 51.956 105.416 100.6 
23.2193 90.0429 0 16.7605 29.4262 
0 4.95253 0 0 0.421733 426.712 0 
69.5003 103.372 188.354 181.643 
51.956 51.956 105.416 100.6 
23.2193 90.0429 0 16.7605 29.4262 
0 4.95253 0 0 0.421733 426.712 0 
Estimating row 306 out of 308 for hessian
69.5003 103.352 188.353 181.566 
51.956 51.956 105.416 100.6 
23.2193 90.0429 0 16.7605 29.4262 
0 4.95253 0 0 0.421733 426.807 0 
69.5004 103.393 188.355 181.719 
51.956 51.956 105.416 100.6 
23.2193 90.0429 0 16.7605 29.4262 
0 4.95253 0 0 0.421733 426.617 0 
69.5003 103.37 188.354 181.635 
51.956 51.956 105.416 100.6 
23.2193 90.0429 0 16.7605 29.4262 
0 4.95253 0 0 0.421733 426.721 0 
69.5003 103.375 188.354 181.65 
51.956 51.956 105.416 100.6 
23.2193 90.0429 0 16.7605 29.4262 
0 4.95253 0 0 0.421733 426.702 0 
Estimating row 307 out of 308 for hessian
69.4895 103.353 188.339 181.667 
51.956 51.956 105.416 100.6 
23.2193 90.0429 0 16.7605 29.4262 
0 4.95253 0 0 0.421733 426.711 0 
69.5113 103.392 188.369 181.618 
51.956 51.956 105.416 100.6 
23.2193 90.0429 0 16.7605 29.4262 
0 4.95253 0 0 0.421733 426.712 0 
69.4993 103.371 188.353 181.645 
51.956 51.956 105.416 100.6 
23.2193 90.0429 0 16.7605 29.4262 
0 4.95253 0 0 0.421733 426.712 0 
69.5014 103.374 188.356 181.64 
51.956 51.956 105.416 100.6 
23.2193 90.0429 0 16.7605 29.4262 
0 4.95253 0 0 0.421733 426.712 0 
Estimating row 308 out of 308 for hessian
69.4983 103.365 188.355 181.646 
51.956 51.956 105.416 100.6 
23.2193 90.0429 0 16.7605 29.4262 
0 4.95253 0 0 0.421733 426.713 0 
69.5024 103.38 188.353 181.639 
51.956 51.956 105.416 100.6 
23.2193 90.0429 0 16.7605 29.4262 
0 4.95253 0 0 0.421733 426.71 0 
69.5001 103.372 188.354 181.643 
51.956 51.956 105.416 100.6 
23.2193 90.0429 0 16.7605 29.4262 
0 4.95253 0 0 0.421733 426.712 0 
69.5005 103.373 188.354 181.642 
51.956 51.956 105.416 100.6 
23.2193 90.0429 0 16.7605 29.4262 
0 4.95253 0 0 0.421733 426.712 0 
69.5003 103.372 188.354 181.643 
51.956 51.956 105.416 100.6 
23.2193 90.0429 0 16.7605 29.4262 
0 4.95253 0 0 0.421733 426.712 0 
