imm_n_obs 1.06218e+09 8.02275e+08 7.82115e+08 3.24233e+08 8.87662e+08 3.13031e+09 2.86007e+09 2.37133e+09 1.91262e+09 2.65191e+09 2.22099e+09 4.00043e+09 3.23058e+09 2.63898e+09 1.50596e+09 8.04366e+08 5.4009e+08 2.49043e+08 7.30373e+08 1.12465e+09 4.12193e+08 8.66378e+08 1.21082e+09 1.41878e+09 8.04862e+08 8.98046e+08 6.00027e+08 7.66496e+08 1.91029e+09 1.3867e+09 9.46172e+08 7.64759e+08 1.07133e+09 1.1757e+09 2.01654e+09 2.90671e+09 4.28182e+09 1.32688e+09 0 6.2408e+07 4.54004e+08 7.09936e+08
mat_n_obs 8.60069e+08 6.57925e+08 5.559e+08 2.03921e+08 3.10644e+08 8.30291e+08 1.08412e+09 1.03005e+09 1.0513e+09 9.72324e+08 6.90866e+08 8.07569e+08 8.86215e+08 1.10775e+09 1.10373e+09 8.4616e+08 5.3158e+08 2.7958e+08 3.24903e+08 5.02475e+08 2.91251e+08 2.42719e+08 3.2086e+08 5.49636e+08 5.26538e+08 5.55811e+08 4.49691e+08 4.17428e+08 6.15704e+08 5.49313e+08 5.22582e+08 3.73711e+08 5.83147e+08 3.10621e+08 2.82013e+08 6.33466e+08 1.57292e+09 8.09824e+08 0 2.38936e+08 1.39945e+08 9.97933e+07
survey_sel 0.267972 0.367021 0.439104 0.477589 0.484361 0.469717 0.447895 0.430552 0.422662 0.423208 0.429725 0.442395 0.464484 0.499121 0.546515 0.604477 0.671466 0.749503 0.84147 0.947662 1
est_m_devs1
sigma_m_mu 0.01 0.008 0.01
smooth_m_weight 0.01 0.05
est_m_lg_devs-1
227.824 354.126 179.055 143.929 
204.924 204.924 147.062 146.434 
8.19341 115.481 0 5.26147 18.4567 
0 3.14385 0 0 0.548479 22.3272 0 

Initial statistics: 308 variables; iteration 0; function evaluation 0; phase 1
Function value   2.5011243e+03; maximum gradient component mag   3.0778e+04
Var   Value    Gradient   |Var   Value    Gradient   |Var   Value    Gradient
  1  0.11819  -5.5203e+00 |  2  0.12973  -8.3366e+01 |  3  0.06209  -2.7999e+01
  4  0.24394  -3.8840e-01 |  5  0.25790   1.5170e+02 |  6  0.12621  -1.0513e+02
  7  0.20495  -1.0866e+02 |  8  0.12189  -6.6055e+01 |  9  0.18051  -8.9945e+01
 10  0.11989  -8.6727e+01 | 11  0.11640  -3.5399e+01 | 12  0.18223   8.9801e+01
 13  0.11016  -1.4894e+01 | 14 -0.02211  -2.2722e+01 | 15 -0.11174  -5.8613e+00
 16 -0.01146  -4.8269e+01 | 17 -0.14013  -4.7470e+00 | 18 -0.24627  -4.7911e-02
 19 -0.22092  -2.1423e-01 | 20 -0.34363  -3.7428e-02 | 21 -0.36067  -4.2123e-02
 22  0.08381  -5.4509e+00 | 23 -0.16361  -1.1011e-02 | 24  0.01312  -1.3441e+00
 25  0.10076  -1.1674e+01 | 26  0.12451  -4.8007e+01 | 27  0.17705  -6.8474e+01
 28  0.33647   9.6567e+02 | 29  0.15767  -6.5617e+01 | 30  0.18434  -9.5937e+01
 31  0.19682  -9.0814e+01 | 32  0.33116   9.1525e+02 | 33  0.27704   2.3282e+02
 34  0.19241  -1.1220e+02 | 35  0.16730  -1.8884e+02 | 36  0.16928  -8.8617e+01
 37 -0.00202  -7.7192e+01 | 38 -0.03067  -6.3589e+01 | 39  0.00057  -1.5773e+01
 40 -0.07483  -1.1996e+01 | 41 -0.15173  -3.7679e+00 | 42 -0.22871  -8.3276e-01
 43  0.02304  -6.9689e+01 | 44 -0.07690  -1.0050e+02 | 45 -0.08128  -1.1355e+02
 46 -0.12900  -1.4216e+02 | 47 -0.20838  -1.5143e+02 | 48 -0.13047  -1.9602e+02
 49 -0.13043  -1.9462e+02 | 50 -0.03129  -2.5774e+02 | 51 -0.00343  -2.6826e+02
 52  0.06728  -3.8088e+02 | 53 -0.03133  -2.7101e+02 | 54  0.03357  -4.1288e+02
 55 -0.00952  -3.8368e+02 | 56  0.05036  -4.8756e+02 | 57  0.08583  -5.3795e+02
 58  0.15095  -7.4318e+02 | 59  0.00761  -3.4291e+02 | 60 -0.11906  -1.6747e+02
 61 -0.09100  -1.5971e+02 | 62  0.02788  -1.9426e+02 | 63 -0.02839  -1.2920e+02
 64 -0.06688  -1.0453e+02 | 65 -0.09398  -1.1008e+02 | 66 -0.06009  -1.3326e+02
 67 -0.12641  -1.2523e+02 | 68 -0.05300  -1.4056e+02 | 69 -0.07435  -1.3816e+02
 70 -0.09891  -1.3929e+02 | 71  0.06868  -2.8678e+02 | 72  0.03739  -3.0200e+02
 73  0.04254  -2.8769e+02 | 74 -0.01473  -2.1541e+02 | 75  0.08465  -2.8464e+02
 76  0.09719  -2.4532e+02 | 77 -0.00641  -1.6467e+02 | 78 -0.05892  -1.2338e+02
 79  0.14500  -1.1294e+02 | 80  0.39512   5.2548e+01 | 81  0.00761  -9.4337e+01
 82 -0.08835  -1.1599e+02 | 83 -0.04953  -1.1023e+02 | 84  0.07498  -9.0241e+01
 85 -0.05723   1.8083e+02 | 86  0.06150   1.4207e+02 | 87  0.19848   1.7321e+02
 88 -0.10503   2.7556e+02 | 89 -0.18101   2.6592e+02 | 90 -0.16495   2.5510e+02
 91 -0.02215   2.1710e+02 | 92  0.03842   2.0479e+02 | 93  0.01235   1.8409e+02
 94  0.11884  -2.0806e+00 | 95 -0.00882   1.6510e+02 | 96  0.01488   1.6289e+02
 97 -0.00771   2.1016e+02 | 98  0.16534   1.0315e+02 | 99  0.07553   1.4351e+02
100  0.13609   3.8585e+01 |101  0.10951  -2.8340e+01 |102 -0.10991   1.8904e+02
103 -0.13719   2.1693e+02 |104  0.09086   1.2419e+02 |105  0.04541   1.9164e+02
106 -0.05063   2.4474e+02 |107 -0.00638   2.5718e+02 |108  0.05446   2.7114e+02
109  0.13658   2.9032e+02 |110  0.08547   2.7353e+02 |111  0.04701   2.4955e+02
112 -0.22878   2.4536e+02 |113 -0.12960   2.4930e+02 |114 -0.06833   2.3872e+02
115  0.12218   1.6052e+02 |116 -0.01542   2.2462e+02 |117  0.08362   1.4133e+02
118 -0.00277   1.8166e+02 |119 -0.08279   2.1997e+02 |120 -0.02788   2.1023e+02
121  0.11617   1.2558e+02 |122  0.20449   4.6066e+01 |123 -0.03478   2.8957e+02
124  0.11096   2.8198e+02 |125 -0.01038   2.7070e+02 |126 -0.13509   2.7790e+02
127 -0.01966  -8.6775e+01 |128  0.00051  -8.6816e+01 |129 -0.05933  -8.6440e+01
130 -0.05485  -8.6494e+01 |131  0.03501  -8.6685e+01 |132 -0.01024  -8.6805e+01
133 -0.06372  -8.6382e+01 |134  0.02632  -8.6742e+01 |135  0.01715  -8.6785e+01
136 -0.00872  -8.6808e+01 |137  0.01498  -8.6792e+01 |138  0.00225  -8.6816e+01
139 -0.02707  -8.6738e+01 |140 -0.01439  -8.6794e+01 |141 -0.04247  -8.6623e+01
142 -0.01697  -8.6786e+01 |143 -0.00885  -8.6808e+01 |144 -0.00123  -8.6816e+01
145 -0.03394  -8.6693e+01 |146 -0.00231  -8.6816e+01 |147  0.00444  -8.6814e+01
148 -0.01289  -8.6799e+01 |149 -0.01814  -8.6781e+01 |150  0.01616  -8.6788e+01
151  0.03845  -8.6658e+01 |152 -0.03455  -8.6689e+01 |153  0.00745  -8.6810e+01
154  0.05118  -8.6536e+01 |155 -0.01177  -8.6802e+01 |156 -0.06838  -8.6316e+01
157  0.04535  -8.6596e+01 |158 -0.02241  -8.6763e+01 |159  0.01803  -8.6782e+01
160  0.01838  -8.6780e+01 |161  0.01507  -8.6792e+01 |162  0.06459  -8.6370e+01
163 -0.01216  -8.6801e+01 |164 -0.00905  -8.6808e+01 |165 -0.04487  -8.6601e+01
166  0.02928  -8.6725e+01 |167 -0.00117  -8.6816e+01 |168  0.00033  -8.6816e+01
169  0.05501   3.0778e+04 |170 -0.00918   1.4734e+02 |171 -0.02019   5.3588e+01
172  0.00627   1.0441e+02 |173  0.11844   1.9007e+03 |174  0.04393   4.1320e+02
175  0.04542   3.6514e+02 |176  0.00362   7.8617e-01 |177 -0.00515  -7.9176e+01
178  0.11993   6.2329e+02 |179  0.13494   8.8183e+02 |180  0.09684   6.4907e+02
181  0.08577   1.1763e+03 |182  0.01098   2.9991e+02 |183 -0.05698  -1.2985e+01
184  0.02278   5.7850e+02 |185  0.00494   6.7785e+02 |186 -0.03065   2.1124e+02
187 -0.08130  -1.1857e+02 |188 -0.07320  -1.7273e+02 |189 -0.03913  -2.8107e+02
190 -0.02146  -2.0064e+02 |191 -0.00392   9.3387e+01 |192  0.00585   3.8005e+02
193 -0.01642   1.4485e+02 |194 -0.14929  -1.2035e+02 |195 -0.01088   6.3146e+01
196  0.03257   1.7965e+02 |197  0.04563   5.4643e+02 |198  0.05242   8.0631e+02
199 -0.00865   6.5827e+01 |200 -0.00533  -9.0473e+00 |201  0.05873   2.0017e+02
202  0.06122  -1.4532e+02 |203  0.13639   4.1972e+02 |204  0.09414   1.8607e+01
205 -0.06844  -1.4972e+02 |206 -0.17889  -1.4800e+02 |207 -0.20796  -1.3942e+02
208  0.00202   7.9129e+02 |209 -0.06443  -1.1166e+02 |210 -0.02113  -2.4569e+02
211 -0.03027  -1.4388e+02 |212 -0.08370  -5.2507e+03 |213  0.05472  -3.5806e+03
214 -0.00857  -5.2893e-09 |215 -0.64267   2.1395e+02 |216 -0.85486   1.0323e+02
217 -0.03494  -5.6482e+02 |218 -0.15021   6.4463e+01 |219 -0.19448   1.4825e+02
220 -0.00330   1.2989e+02 |221 -0.02791   7.8490e+01 |222 -0.03856   8.8238e+01
223 -0.05212   5.5520e+01 |224  0.02765   1.6786e+02 |225  0.01048   1.5541e+02
226  0.11453   1.6400e+02 |227  0.09272   1.6549e+02 |228  0.15492   8.5082e+01
229  0.07412   1.3055e+02 |230  0.07028   1.6192e+02 |231  0.08549   1.7108e+02
232  0.05723   1.5873e+02 |233  0.03554   1.4000e+02 |234  0.17752   8.2409e+01
235 -0.04830   2.3645e+02 |236 -0.15681   2.0985e+02 |237  0.04150   1.9440e+02
238  0.05068   1.9762e+02 |239 -0.12974   2.0782e+02 |240 -0.20400   1.6064e+02
241 -0.04270   1.3945e+02 |242  0.00695   8.4720e+01 |243  0.01706   4.5234e+01
244 -0.01775   6.8093e+01 |245 -0.07832   1.2891e+02 |246 -0.22243   1.1883e+02
247 -0.09999   1.1329e+02 |248 -0.00888   1.0819e+02 |249  0.07225   1.3221e+02
250  0.09551   1.2447e+02 |251  0.08748   1.6297e+02 |252 -0.03252   1.7479e+02
253  0.05084   1.9384e+02 |254  0.08884   1.4061e+02 |255  0.23897   1.2725e+02
256  0.20517   9.0262e+01 |257 -0.17340   5.1788e+01 |258  0.14719   6.3682e+03
259  0.08925  -1.9655e+03 |260 -0.86193  -9.3563e+02 |261 -0.84474   1.2178e+03
262 -0.74738  -3.4228e+02 |263  0.02360  -8.8257e+03 |264 -0.03119  -8.8211e+03
265  0.01104  -8.8304e+03 |266  0.01641  -8.8288e+03 |267 -0.01083  -8.8304e+03
268 -0.00779  -8.8311e+03 |269  0.00869  -8.8309e+03 |270  0.03572  -8.8178e+03
271  0.01826  -8.8281e+03 |272 -0.04132  -8.8131e+03 |273 -0.03394  -8.8192e+03
274 -0.04276  -8.8118e+03 |275  0.01560  -8.8291e+03 |276 -0.01585  -8.8290e+03
277  0.01944  -8.8276e+03 |278 -0.05922  -8.7935e+03 |279  0.03199  -8.8206e+03
280 -0.00767  -8.8311e+03 |281  0.02582  -8.8245e+03 |282 -0.00598  -8.8313e+03
283 -0.03129  -8.8211e+03 |284  0.04927  -8.8053e+03 |285 -0.02251  -8.8262e+03
286  0.03746  -8.8164e+03 |287  0.01886  -8.8278e+03 |288 -0.02652  -8.8241e+03
289 -0.02197  -8.8265e+03 |290 -0.01340  -8.8298e+03 |291 -0.05132  -8.8030e+03
292 -0.02195  -8.8265e+03 |293 -0.05348  -8.8006e+03 |294 -0.01446  -8.8294e+03
295  0.00674  -8.8312e+03 |296 -0.03103  -8.8212e+03 |297  0.00791  -8.8310e+03
298  0.01562  -8.8291e+03 |299 -0.01494  -8.8293e+03 |300  0.02117  -8.8268e+03
301  0.01518  -8.8292e+03 |302  0.00148  -8.8317e+03 |303  0.50371   4.8258e+03
304  0.17288  -1.3806e+03 |305 -0.89160  -2.6980e+02 |306  0.22077  -4.6903e+02
307 -0.84244   6.1276e+02 |308 -0.56882  -1.2823e+03 |
227.823 354.124 179.055 143.929 
204.923 204.923 147.062 146.434 
8.19341 115.482 0 5.26147 18.4567 
0 3.14385 0 0 0.548479 22.3272 0 
227.807 354.104 179.055 143.928 
204.909 204.909 147.061 146.433 
8.19341 115.484 0 5.26142 18.4568 
0 3.14385 0 0 0.548479 22.3272 0 
227.648 353.897 179.051 143.927 
204.766 204.766 147.051 146.421 
8.19342 115.507 0 5.26091 18.4575 
0 3.14385 0 0 0.548479 22.3274 0 
226.063 351.831 179.011 143.914 
203.345 203.345 146.948 146.31 
8.19345 115.738 0 5.25585 18.4648 
0 3.14386 0 0 0.54848 22.3293 0 
210.554 331.605 178.625 143.788 
189.513 189.513 145.924 145.198 
8.19374 118.253 0 5.20541 18.5375 
0 3.14398 0 0 0.548485 22.3487 0 
71.4142 147.529 173.885 141.338 
78.6649 78.6649 110.085 107.369 
8.19002 124.783 0 4.74198 19.0644 
0 3.14409 0 0 0.548469 22.643 0 
70.9257 145.387 166.836 134.401 
105.607 105.607 82.2371 68.2732 
8.15931 64.1077 0 5.29506 17.7501 
0 3.13871 0 0 0.548079 22.8403 0 
52.4709 114.589 123.763 91.0516 
79.4666 79.4666 75.1291 94.4774 
7.93157 37.252 0 8.47613 17.0394 
0 3.11869 0 0 0.541569 22.2198 0 
41.9602 86.8226 106.501 54.2134 
61.4779 61.4779 74.5964 88.0477 
7.74714 50.8865 0 7.16707 14.652 
0 3.09414 0 0 0.528796 23.2774 0 
48.6788 102.677 114.416 75.9468 
73.7299 73.7299 70.581 88.1715 
7.87927 36.6694 0 8.1129 16.3788 
0 3.11173 0 0 0.537984 22.1747 0 
49.3158 92.7215 111.629 58.6296 
74.1018 74.1018 58.94 67.4144 
7.86273 31.0641 0 5.22367 13.8436 
0 3.09972 0 0 0.530717 21.8169 0 
23.3632 105.529 88.9115 54.3001 
76.3489 76.3489 78.1837 98.6689 
7.60726 74.1525 0 4.27787 1.43879 
0 3.01248 0 0 0.505042 20.7384 0 
35.7203 95.3784 99.8825 52.2855 
75.1852 75.1852 59.1723 66.7755 
7.76199 39.1197 0 4.84687 7.54354 
0 3.06541 0 0 0.52007 21.0767 0 
28.3627 97.0933 93.2935 54.0474 
72.8232 72.8232 59.2112 60.7857 
7.59622 32.0878 0 3.47246 3.59832 
0 3.02293 0 0 0.504671 20.1262 0 
32.6697 67.4362 100.232 58.7289 
61.0314 61.0314 52.6538 62.3301 
7.28747 34.0338 0 1.15215 6.03024 
0 2.98457 0 0 0.483758 18.474 0 
31.6904 67.9328 91.1153 65.0814 
50.8438 50.8438 51.3988 60.4855 
6.75588 29.5218 0 0.238736 6.16081 
0 2.90991 0 0 0.464293 21.2318 0 

Intermediate statistics: 308 variables; iteration 10; function evaluation 16; phase 1
Function value   1.3136829e+03; maximum gradient component mag   1.5990e+04
Var   Value    Gradient   |Var   Value    Gradient   |Var   Value    Gradient
  1  0.12202   1.2501e+01 |  2  0.20725   1.8645e+01 |  3  0.08713  -1.7264e+01
  4  0.21350   3.8448e+00 |  5  0.19660   1.0965e+01 |  6  0.20167   2.6417e+01
  7  0.16846  -3.1771e+01 |  8  0.16200  -4.6089e+01 |  9  0.16835  -3.0432e+01
 10  0.14525  -1.4922e+01 | 11  0.12221  -1.2437e+01 | 12  0.11931  -2.1817e+01
 13  0.10138  -8.8599e-01 | 14 -0.00479  -2.1163e+01 | 15 -0.10701  -5.3914e+00
 16  0.01530   9.9428e+00 | 17 -0.13746  -4.0106e-01 | 18 -0.24627   3.2737e-02
 19 -0.22080  -2.0411e-02 | 20 -0.34361  -2.4793e-02 | 21 -0.36064  -3.4226e-02
 22  0.08618  -1.6625e+00 | 23 -0.16361   8.3431e-03 | 24  0.01371   5.0653e-01
 25  0.10376   1.0106e+01 | 26  0.14523   2.0830e+01 | 27  0.16974   3.6328e+01
 28  0.15881   4.5074e+00 | 29  0.17527   5.3913e+01 | 30  0.17191   4.3928e+01
 31  0.16457   7.7150e+00 | 32  0.16479   1.9038e+01 | 33  0.11743  -3.0716e+01
 34  0.10907  -1.2570e+01 | 35  0.11258  -4.3562e+01 | 36  0.10166  -6.0466e+01
 37  0.05383  -2.9074e+01 | 38  0.01730  -2.9960e+01 | 39  0.00377   7.4149e+00
 40 -0.06649  -6.0419e+00 | 41 -0.14880  -2.7541e+00 | 42 -0.22803  -7.1522e-01
 43  0.02222   2.8757e+01 | 44 -0.07101   1.2490e+01 | 45 -0.07416   5.7954e+00
 46 -0.12077  -1.8581e+00 | 47 -0.19524  -9.1388e+00 | 48 -0.11819  -2.6452e+01
 49 -0.11627  -2.7120e+01 | 50 -0.01979  -5.1648e+01 | 51  0.00743  -5.8035e+01
 52  0.07603  -1.2078e+02 | 53 -0.02026  -7.1464e+01 | 54  0.04509  -1.5020e+02
 55  0.00505  -1.3366e+02 | 56  0.06463  -1.6228e+02 | 57  0.10233  -1.6542e+02
 58  0.18027  -2.8331e+02 | 59  0.02388  -1.0389e+02 | 60 -0.10899  -2.0737e+01
 61 -0.08139  -2.6336e+01 | 62  0.03162  -6.8052e+01 | 63 -0.02383  -2.4321e+01
 64 -0.05861  -6.7043e+00 | 65 -0.08221  -1.1760e+01 | 66 -0.04795  -3.5495e+01
 67 -0.11139  -1.8310e+01 | 68 -0.03848  -2.9516e+01 | 69 -0.06082  -2.0609e+01
 70 -0.08518  -1.6021e+01 | 71  0.08621  -1.1762e+02 | 72  0.05946  -1.3033e+02
 73  0.06182  -1.0703e+02 | 74  0.00355  -4.8563e+01 | 75  0.10993  -8.4140e+01
 76  0.11380  -8.6220e+01 | 77  0.00327  -4.8776e+01 | 78 -0.05232  -2.0068e+01
 79  0.12228  -7.5140e+01 | 80  0.27013  -1.3454e+02 | 81  0.01778   2.3752e+01
 82 -0.08178   2.4607e+01 | 83 -0.04140   2.2287e+01 | 84  0.08222   2.6957e+01
 85 -0.01700   1.0800e+02 | 86  0.11717   9.4024e+01 | 87  0.21537   8.1073e+01
 88 -0.11559   9.9222e+01 | 89 -0.19125   9.7640e+01 | 90 -0.16971   8.9906e+01
 91 -0.02516   6.7146e+01 | 92  0.02892   5.3759e+01 | 93  0.00645   5.1606e+01
 94  0.10258  -6.9471e+00 | 95 -0.02783   6.0973e+01 | 96 -0.00907   5.7522e+01
 97 -0.01996   6.0607e+01 | 98  0.14216  -3.8747e+01 | 99  0.06239  -4.1360e+00
100  0.11512  -4.3142e+01 |101  0.09661  -3.9390e+01 |102 -0.12203   6.9529e+01
103 -0.14855   7.9507e+01 |104  0.06289   3.6538e+01 |105  0.01389   5.6859e+01
106 -0.07375   7.8427e+01 |107 -0.03212   7.7708e+01 |108  0.03951   6.7282e+01
109  0.10711   5.7341e+01 |110  0.07240   5.6740e+01 |111  0.04082   5.6538e+01
112 -0.22806   8.0995e+01 |113 -0.13678   7.8953e+01 |114 -0.07124   7.0126e+01
115  0.12429   4.8243e+00 |116 -0.01375   5.9487e+01 |117  0.08999   1.0519e+01
118 -0.00263   5.1201e+01 |119 -0.08567   7.8406e+01 |120 -0.03040   7.4862e+01
121  0.11545   2.3449e+01 |122  0.19723  -6.0536e+01 |123 -0.04754   1.1402e+02
124  0.09713   5.4507e+01 |125 -0.01621   9.9044e+01 |126 -0.14260   1.0588e+02
127 -0.01620  -2.1891e+01 |128  0.00397  -2.1898e+01 |129 -0.05588  -2.1814e+01
130 -0.05140  -2.1827e+01 |131  0.03846  -2.1858e+01 |132 -0.00677  -2.1897e+01
133 -0.06028  -2.1800e+01 |134  0.02978  -2.1874e+01 |135  0.02061  -2.1887e+01
136 -0.00526  -2.1897e+01 |137  0.01844  -2.1889e+01 |138  0.00571  -2.1897e+01
139 -0.02361  -2.1883e+01 |140 -0.01092  -2.1895e+01 |141 -0.03901  -2.1857e+01
142 -0.01351  -2.1893e+01 |143 -0.00539  -2.1897e+01 |144  0.00223  -2.1898e+01
145 -0.03048  -2.1873e+01 |146  0.00115  -2.1898e+01 |147  0.00790  -2.1896e+01
148 -0.00943  -2.1896e+01 |149 -0.01468  -2.1892e+01 |150  0.01962  -2.1888e+01
151  0.04191  -2.1851e+01 |152 -0.03109  -2.1872e+01 |153  0.01091  -2.1895e+01
154  0.05463  -2.1817e+01 |155 -0.00831  -2.1896e+01 |156 -0.06493  -2.1784e+01
157  0.04880  -2.1834e+01 |158 -0.01895  -2.1888e+01 |159  0.02149  -2.1886e+01
160  0.02184  -2.1885e+01 |161  0.01853  -2.1889e+01 |162  0.06803  -2.1773e+01
163 -0.00870  -2.1896e+01 |164 -0.00559  -2.1897e+01 |165 -0.04142  -2.1852e+01
166  0.03274  -2.1869e+01 |167  0.00229  -2.1898e+01 |168  0.00380  -2.1898e+01
169  0.02924   1.5990e+04 |170 -0.00829   7.5801e+01 |171 -0.01179   3.6487e+01
172  0.00536   3.3738e+01 |173  0.08844   6.3354e+02 |174  0.02815   1.0213e+02
175  0.03763   1.2043e+02 |176  0.00562  -1.6663e+01 |177  0.01794  -3.6187e+01
178  0.10222   2.4156e+02 |179  0.12801   3.6956e+02 |180  0.10351   2.2006e+02
181  0.09146   5.2463e+02 |182 -0.00739   3.6209e+01 |183 -0.05802  -5.9425e+01
184  0.01210   2.0343e+02 |185 -0.00432   3.1454e+02 |186 -0.03936   1.1125e+02
187 -0.06191   1.0588e+01 |188 -0.04597  -5.0818e+00 |189 -0.01626  -7.5779e+01
190 -0.01282  -7.4032e+01 |191  0.00334   8.5839e+01 |192  0.00688   2.7687e+02
193 -0.02522   9.4902e+01 |194 -0.14046  -9.3173e+01 |195 -0.00834   1.9108e+01
196  0.04385   1.0944e+02 |197  0.04190   2.3632e+02 |198  0.04767   4.1835e+02
199 -0.01035  -1.2595e+01 |200 -0.00962  -7.1265e+01 |201  0.02266  -2.2805e+01
202  0.08040  -6.4019e+01 |203  0.11800   4.0369e+02 |204  0.06829   2.9163e+01
205 -0.05998  -9.4730e+01 |206 -0.17173  -1.0489e+02 |207 -0.19840  -1.0105e+02
208 -0.07450   4.8373e+01 |209 -0.06722  -9.1596e+01 |210  0.03825  -9.9870e+01
211 -0.03223  -1.0848e+02 |212 -0.04286  -3.4370e+03 |213  0.01814  -2.3541e+03
214 -0.00857  -5.2893e-09 |215 -0.64463   6.1055e+01 |216 -0.80649   1.2935e+02
217  0.06331   8.5620e+02 |218 -0.18539  -4.5681e+01 |219 -0.25158  -7.2936e+00
220 -0.05136   4.9385e+00 |221 -0.01665  -1.6413e+01 |222 -0.02410  -1.1338e+01
223 -0.01291  -5.4063e+00 |224 -0.00224   3.8785e+01 |225 -0.00063   4.2718e+01
226  0.11462   3.4164e+01 |227  0.08204   2.4140e+01 |228  0.15221  -1.2262e+00
229  0.08041   1.5330e+01 |230  0.08054   2.1680e+01 |231  0.07400   4.1762e+01
232  0.06259   2.8343e+01 |233  0.06109   1.9220e+01 |234  0.17785   1.5486e+01
235 -0.08447   6.2354e+01 |236 -0.13494   3.8831e+01 |237  0.02584   4.0723e+01
238  0.03898   3.5545e+01 |239 -0.12340   4.3213e+01 |240 -0.16856   3.2152e+01
241 -0.06084   4.2457e+01 |242  0.01094   2.1049e+01 |243  0.03604   2.8355e+00
244 -0.00841   8.3358e+00 |245 -0.09705   3.6763e+01 |246 -0.23012   4.8967e+01
247 -0.10429   4.4125e+01 |248 -0.00565   2.5813e+01 |249  0.06698   2.2833e+01
250  0.09961   2.1047e+01 |251  0.07105   3.8605e+01 |252 -0.03564   3.8827e+01
253  0.01396   4.4656e+01 |254  0.09439   5.3359e+00 |255  0.22871   1.7497e+01
256  0.21281   4.9095e+00 |257 -0.16150   5.1657e+01 |258  0.11160  -5.7132e+02
259  0.14946   1.7096e+02 |260 -0.86308  -2.1028e+02 |261 -0.84502  -7.9181e+01
262 -0.73228   1.3506e+02 |263  0.02140  -8.9352e+03 |264 -0.02919  -8.9308e+03
265  0.00961  -8.9392e+03 |266  0.01464  -8.9379e+03 |267 -0.01066  -8.9390e+03
268 -0.00786  -8.9395e+03 |269  0.00741  -8.9396e+03 |270  0.03287  -8.9283e+03
271  0.01637  -8.9373e+03 |272 -0.03828  -8.9241e+03 |273 -0.03167  -8.9292e+03
274 -0.03957  -8.9230e+03 |275  0.01387  -8.9381e+03 |276 -0.01526  -8.9377e+03
277  0.01748  -8.9369e+03 |278 -0.05412  -8.9079e+03 |279  0.02933  -8.9307e+03
280 -0.00775  -8.9396e+03 |281  0.02349  -8.9341e+03 |282 -0.00620  -8.9398e+03
283 -0.02928  -8.9308e+03 |284  0.04580  -8.9171e+03 |285 -0.02133  -8.9352e+03
286  0.03452  -8.9271e+03 |287  0.01694  -8.9371e+03 |288 -0.02497  -8.9334e+03
289 -0.02084  -8.9354e+03 |290 -0.01301  -8.9384e+03 |291 -0.04717  -8.9157e+03
292 -0.02082  -8.9354e+03 |293 -0.04908  -8.9137e+03 |294 -0.01399  -8.9381e+03
295  0.00559  -8.9399e+03 |296 -0.02905  -8.9309e+03 |297  0.00668  -8.9397e+03
298  0.01390  -8.9381e+03 |299 -0.01443  -8.9379e+03 |300  0.01910  -8.9362e+03
301  0.01348  -8.9382e+03 |302  0.00071  -8.9402e+03 |303  0.48658  -4.0087e+02
304  0.07798  -5.5549e+02 |305 -0.90946  -5.7449e+02 |306  0.20784  -1.6807e+02
307 -0.87331   2.0515e+02 |308 -0.54155  -6.2935e+02 |
26.5292 48.2234 107.373 96.1895 
18.0541 18.0541 61.0835 56.6122 
6.28314 20.9435 0 3.56145 6.00037 
0 2.82513 0 0 0.455289 31.9541 0 
28.8328 56.3397 99.5154 80.4519 
26.7697 26.7697 56.2318 57.6128 
6.4526 24.0626 0 0.948216 6.06177 
0 2.85606 0 0 0.456759 26.8825 0 
24.3883 39.7734 88.5827 80.8441 
18.523 18.523 57.2583 57.9731 
6.00079 19.2293 0 4.19208 8.94816 
0 2.79822 0 0 0.455399 40.6033 0 
37.4259 26.1223 261.753 85.9404 
24.1284 24.1284 56.2144 62.8441 
5.40453 17.2804 0 5.84991 21.4189 
0 2.7478 0 0 0.47413 78.6073 0 
23.3315 37.5531 84.0746 79.0619 
19.1751 19.1751 56.6578 58.5515 
5.89738 18.6679 0 4.43877 10.5853 
0 2.78898 0 0 0.45677 45.4406 0 
23.9344 36.2833 82.171 75.491 
19.733 19.733 58.678 57.1346 
5.76061 16.9293 0 4.39259 11.5713 
0 2.77483 0 0 0.459383 47.4819 0 
22.4247 33.4872 82.5032 81.0329 
18.268 18.268 58.5859 55.7588 
5.60146 12.8796 0 6.65642 11.0309 
0 2.75026 0 0 0.464582 49.3334 0 
22.2333 38.4996 80.8346 79.2049 
19.407 19.407 55.7206 54.9457 
5.41934 13.9335 0 6.48347 10.0652 
0 2.71529 0 0 0.473701 49.1265 0 
21.8353 38.8753 78.9373 81.0689 
18.8631 18.8631 55.0548 54.0821 
5.31038 12.0337 0 6.88827 11.1406 
0 2.68943 0 0 0.483851 47.9752 0 
22.8901 38.4783 78.5356 82.0831 
15.8798 15.8798 57.2898 51.9365 
5.191 12.486 0 6.62393 12.59 
0 2.66449 0 0 0.496947 46.3108 0 
21.5742 39.1155 79.874 86.1276 
16.1063 16.1063 53.9895 53.5709 
5.0549 13.6463 0 6.42752 10.7889 
0 2.63524 0 0 0.509966 44.6387 0 
19.3164 38.4734 77.7808 92.0147 
16.5849 16.5849 54.6271 53.3154 
4.9412 11.6862 0 6.34003 10.4099 
0 2.61216 0 0 0.517504 43.6697 0 
308 variables; iteration 20; function evaluation 28; phase 1
Function value   1.2316168e+03; maximum gradient component mag  -8.8156e+03
Var   Value    Gradient   |Var   Value    Gradient   |Var   Value    Gradient
  1  0.11282   5.3089e+00 |  2  0.22505   6.9147e+01 |  3  0.18300  -1.7943e+01
  4  0.20237  -5.0371e+01 |  5  0.20386   1.1146e+01 |  6  0.21626   5.2904e+01
  7  0.15738  -6.2335e+01 |  8  0.19015   1.8353e+01 |  9  0.17519  -2.4118e+01
 10  0.16490  -5.6600e+00 | 11  0.14783   3.3937e+01 | 12  0.11562  -2.8499e+01
 13  0.13009   4.5294e+01 | 14  0.11953   8.4556e+01 | 15 -0.08422  -3.2504e+00
 16  0.01850   2.2397e+01 | 17 -0.13318   5.6257e-01 | 18 -0.24626  -6.0863e-03
 19 -0.22055   4.3969e-02 | 20 -0.34349  -2.0315e-02 | 21 -0.36048  -3.5533e-02
 22  0.09708  -1.7616e+00 | 23 -0.16360  -1.5091e-03 | 24  0.01633  -5.1620e-01
 25  0.10734   1.9343e+00 | 26  0.16176   2.9312e+01 | 27  0.14370  -2.4108e+01
 28  0.18113   7.9705e+01 | 29  0.14666   7.4832e+00 | 30  0.10499  -3.9493e+01
 31  0.09159  -6.1918e+01 | 32  0.17042   9.3395e+01 | 33  0.00351  -4.3609e+01
 34 -0.11309  -3.3767e+01 | 35  0.02560  -2.9652e+01 | 36  0.11989   8.7430e+00
 37  0.09541   4.1613e+01 | 38  0.06559   3.3178e+01 | 39  0.00613   3.5088e+00
 40 -0.04064   1.6232e+00 | 41 -0.13628  -2.1397e+00 | 42 -0.22479  -7.6444e-01
 43 -0.01457  -1.4227e+01 | 44 -0.06394  -1.3166e+01 | 45 -0.05924  -1.1180e+01
 46 -0.11862  -6.0405e+00 | 47 -0.16842  -1.3359e+01 | 48 -0.08450  -2.2025e+01
 49 -0.07394  -2.4492e+01 | 50  0.00960  -2.5300e+01 | 51  0.01890  -2.2597e+01
 52  0.07940  -4.7441e+01 | 53 -0.00676  -3.2291e+01 | 54  0.07255  -4.5849e+01
 55  0.03534  -3.2176e+01 | 56  0.04132  -2.2077e+01 | 57  0.03740  -1.4967e+01
 58  0.14009  -2.9521e+01 | 59  0.06023  -4.1753e+01 | 60 -0.10130  -1.3049e+01
 61 -0.06251  -1.5411e+01 | 62  0.06090  -2.5847e+01 | 63 -0.02868  -4.2872e+00
 64 -0.06006  -4.3606e-01 | 65 -0.06504  -2.8206e+00 | 66 -0.01647  -9.0176e+00
 67 -0.08461  -6.0766e+00 | 68 -0.02789  -5.5686e-01 | 69 -0.06178   6.2250e-01
 70 -0.07988  -2.9504e+00 | 71  0.12374  -3.4409e+01 | 72  0.10289  -3.4501e+01
 73  0.04260  -1.1311e+01 | 74 -0.01039  -7.9824e+00 | 75  0.09964  -2.3476e+01
 76  0.09633  -3.8313e+01 | 77 -0.00145  -3.2150e+01 | 78 -0.05503  -1.9536e+01
 79  0.11814  -4.9319e+01 | 80  0.14770  -5.9722e+01 | 81  0.01499  -1.1876e-01
 82 -0.11229  -2.0430e-01 | 83 -0.05317  -4.6209e+00 | 84  0.06582   2.5498e+00
 85 -0.00386   2.2775e+01 | 86  0.11832   1.0890e+01 | 87  0.17557  -2.2255e+01
 88 -0.11880   2.0696e+01 | 89 -0.19729   2.6874e+01 | 90 -0.15484   2.5331e+01
 91  0.00478   2.0468e+01 | 92  0.06046   9.2405e+00 | 93  0.04955   7.6835e-01
 94  0.10464  -2.4573e+01 | 95 -0.05939   1.1258e+01 | 96 -0.05320   1.1696e+01
 97 -0.01549   1.2893e+01 | 98  0.15518  -1.0805e+01 | 99  0.11222  -1.6067e+01
100  0.10731  -1.8249e+01 |101  0.05652  -6.2847e+00 |102 -0.14380   1.9417e+01
103 -0.15899   1.9671e+01 |104  0.00117   6.1548e+00 |105 -0.04152   8.7776e+00
106 -0.10787   1.9526e+01 |107 -0.08282   2.5218e+01 |108  0.02687   2.4820e+01
109  0.09368   1.0699e+01 |110  0.11231   8.3023e+00 |111  0.07433   2.0526e+01
112 -0.19655   2.4272e+01 |113 -0.14190   2.9177e+01 |114 -0.05349   2.2410e+01
115  0.15827   1.1658e+01 |116  0.01125   2.4821e+01 |117  0.11444   1.4587e+01
118 -0.00708   2.0535e+01 |119 -0.09849   2.6391e+01 |120 -0.05225   2.2742e+01
121  0.08675  -9.7050e+00 |122  0.19084  -5.6362e+01 |123 -0.07844   4.0217e+01
124  0.13232   1.2093e+01 |125 -0.00825   2.8517e+01 |126 -0.14843   3.3757e+01
127 -0.01571  -1.2821e+01 |128  0.00445  -1.2825e+01 |129 -0.05537  -1.2776e+01
130 -0.05090  -1.2784e+01 |131  0.03893  -1.2801e+01 |132 -0.00629  -1.2824e+01
133 -0.05977  -1.2768e+01 |134  0.03025  -1.2810e+01 |135  0.02108  -1.2818e+01
136 -0.00478  -1.2825e+01 |137  0.01892  -1.2819e+01 |138  0.00619  -1.2824e+01
139 -0.02312  -1.2816e+01 |140 -0.01044  -1.2823e+01 |141 -0.03852  -1.2801e+01
142 -0.01302  -1.2822e+01 |143 -0.00491  -1.2824e+01 |144  0.00271  -1.2825e+01
145 -0.02999  -1.2811e+01 |146  0.00163  -1.2825e+01 |147  0.00838  -1.2824e+01
148 -0.00894  -1.2824e+01 |149 -0.01419  -1.2822e+01 |150  0.02010  -1.2818e+01
151  0.04237  -1.2796e+01 |152 -0.03059  -1.2810e+01 |153  0.01139  -1.2823e+01
154  0.05509  -1.2777e+01 |155 -0.00782  -1.2824e+01 |156 -0.06443  -1.2759e+01
157  0.04926  -1.2786e+01 |158 -0.01846  -1.2819e+01 |159  0.02196  -1.2817e+01
160  0.02232  -1.2817e+01 |161  0.01901  -1.2819e+01 |162  0.06849  -1.2751e+01
163 -0.00822  -1.2824e+01 |164 -0.00510  -1.2824e+01 |165 -0.04092  -1.2798e+01
166  0.03321  -1.2807e+01 |167  0.00277  -1.2825e+01 |168  0.00428  -1.2825e+01
169  0.04544   5.6228e+03 |170 -0.02238   9.5094e+01 |171 -0.01429   8.4165e+01
172 -0.00173   7.8256e+01 |173  0.07432   3.6604e+02 |174  0.03230   1.3286e+02
175  0.03927   1.1082e+02 |176  0.00131   3.5090e+01 |177  0.02869   4.7524e+01
178  0.10554   1.7668e+02 |179  0.13023   2.1937e+02 |180  0.11013   1.1642e+02
181  0.07472   1.5486e+02 |182 -0.03421   5.8171e+01 |183 -0.05723   4.4899e+01
184 -0.01430   1.1451e+02 |185 -0.01465   1.7800e+02 |186 -0.04519   1.0309e+02
187 -0.07366   5.6616e+01 |188 -0.06300   4.0209e+01 |189 -0.01590   6.4464e+00
190 -0.00407   3.0712e+01 |191  0.00889   7.3550e+01 |192  0.00645   1.2965e+02
193 -0.02173   1.1095e+02 |194 -0.11033   4.2393e+01 |195 -0.00818   7.2337e+01
196  0.06340   8.8774e+01 |197  0.06817   1.7370e+02 |198  0.05016   2.1409e+02
199  0.00110   5.9508e+01 |200  0.00011   5.1564e+01 |201  0.00602   6.3036e+01
202  0.09172   6.4567e+01 |203  0.09222   1.9473e+02 |204  0.05950   5.8392e+01
205 -0.06936   3.7333e+01 |206 -0.17292   3.3656e+01 |207 -0.18473   3.6380e+01
208 -0.06576   1.8756e+02 |209 -0.04742   5.6627e+01 |210  0.06545   8.0144e+01
211 -0.03602   2.9529e+01 |212  0.02485  -6.0118e+02 |213  0.03314  -9.6890e+02
214 -0.00857  -5.2893e-09 |215 -0.61388   3.8244e+01 |216 -0.79306   5.9606e+01
217  0.03953   3.0390e+02 |218 -0.16566  -4.9974e+00 |219 -0.27677  -1.0365e+01
220 -0.09703  -2.6069e+01 |221  0.04747   1.1229e+01 |222  0.02421   7.7636e+00
223  0.04312   2.8563e+01 |224 -0.05867  -2.4959e+01 |225 -0.04255  -1.0840e+01
226  0.10136   5.5753e+00 |227  0.05311  -4.9547e+00 |228  0.15122  -9.7294e+00
229  0.08471   8.7199e+00 |230  0.09963   1.1920e+01 |231  0.06246  -6.1853e+00
232  0.09254   2.1060e+00 |233  0.11662   1.3844e+01 |234  0.14115   3.0858e+00
235 -0.13424  -1.4352e+01 |236 -0.09210   2.6864e+01 |237 -0.00446  -4.3129e+00
238  0.01551   2.9583e+00 |239 -0.10771   1.4775e+01 |240 -0.11794   3.5161e+01
241 -0.08800  -1.2747e+01 |242  0.00965  -2.8997e+00 |243  0.06330   9.1351e-01
244  0.00083  -1.7994e+00 |245 -0.14176  -2.0246e+01 |246 -0.27061  -6.1115e+00
247 -0.14056  -4.3719e+00 |248 -0.00152   2.9576e+00 |249  0.07588  -1.1056e+01
250  0.11867  -7.0323e-01 |251  0.04310  -1.0523e+01 |252 -0.02020   6.9261e+00
253 -0.03234  -2.0121e+01 |254  0.14637   6.1945e+00 |255  0.21616  -2.3682e+00
256  0.25162   2.1037e+00 |257 -0.17589  -2.4498e+00 |258  0.10770  -1.1668e+02
259  0.15559   1.0560e+02 |260 -0.86784  -1.9810e+02 |261 -0.84791  -9.4947e+01
262 -0.72590   4.4778e+01 |263  0.00937  -8.8146e+03 |264 -0.01852  -8.8118e+03
265 -0.00264  -8.8155e+03 |266  0.00229  -8.8155e+03 |267 -0.01750  -8.8122e+03
268 -0.01610  -8.8127e+03 |269 -0.00468  -8.8153e+03 |270  0.02212  -8.8102e+03
271  0.00407  -8.8154e+03 |272 -0.01206  -8.8140e+03 |273 -0.01729  -8.8123e+03
274 -0.01069  -8.8143e+03 |275  0.00152  -8.8155e+03 |276 -0.01920  -8.8116e+03
277  0.00521  -8.8153e+03 |278  0.01372  -8.8135e+03 |279  0.01811  -8.8120e+03
280 -0.01604  -8.8128e+03 |281  0.01164  -8.8141e+03 |282 -0.01515  -8.8131e+03
283 -0.01848  -8.8119e+03 |284  0.03695  -8.8007e+03 |285 -0.02009  -8.8112e+03
286  0.02399  -8.8093e+03 |287  0.00465  -8.8153e+03 |288 -0.01978  -8.8113e+03
289 -0.02008  -8.8112e+03 |290 -0.01847  -8.8119e+03 |291 -0.00005  -8.8156e+03
292 -0.02008  -8.8112e+03 |293  0.00333  -8.8154e+03 |294 -0.01881  -8.8117e+03
295 -0.00630  -8.8151e+03 |296 -0.01858  -8.8118e+03 |297 -0.00534  -8.8153e+03
298  0.00155  -8.8155e+03 |299 -0.01895  -8.8117e+03 |300  0.00692  -8.8150e+03
301  0.00113  -8.8156e+03 |302 -0.01037  -8.8144e+03 |303  0.47633  -2.2054e+02
304 -0.05757  -3.3824e+02 |305 -0.87613   7.9525e+01 |306  0.26406  -2.1791e+01
307 -0.90413  -4.2873e+02 |308 -0.38240  -5.1386e+02 |
20.2625 32.6897 76.4224 90.8879 
19.005 19.005 56.6238 52.1842 
4.94454 13.4594 0 6.84024 13.4249 
0 2.60303 0 0 0.521559 44.3029 0 
20.5558 32.6644 78.356 91.985 
17.3067 17.3067 55.2454 52.305 
4.98782 13.557 0 6.52504 11.7805 
0 2.59193 0 0 0.525293 44.0455 0 
20.0654 33.3775 77.6059 91.3108 
20.639 20.639 54.8804 51.7013 
5.0289 12.0187 0 6.36529 12.373 
0 2.58629 0 0 0.532313 44.2614 0 
19.3164 32.1093 77.6181 94.8973 
22.044 22.044 54.484 52.101 
5.15225 12.0705 0 6.14285 10.099 
0 2.59623 0 0 0.537323 43.7345 0 
19.9378 32.7186 76.8983 96.1645 
20.3789 20.3789 54.0167 52.5293 
5.31106 12.2802 0 5.52024 9.54201 
0 2.61013 0 0 0.538959 42.9707 0 
21.0579 32.1989 76.0931 96.9546 
19.6751 19.6751 54.8117 51.8136 
5.51224 12.2339 0 5.12349 9.0516 
0 2.65305 0 0 0.539521 42.0119 0 
20.0966 33.7751 75.0794 96.5671 
20.2893 20.2893 54.6668 52.0815 
5.81916 12.6282 0 4.76073 8.61877 
0 2.74266 0 0 0.541096 40.7995 0 
20.348 32.2846 76.4379 96.49 
20.9316 20.9316 55.2607 52.656 
6.26938 13.7837 0 4.50318 7.31179 
0 2.93504 0 0 0.545363 40.1009 0 
21.5503 33.4064 76.6446 96.0857 
22.1946 22.1946 55.2272 53.6823 
6.92924 14.4034 0 3.90499 5.86781 
0 3.31616 0 0 0.556134 39.6942 0 
24.7892 36.0047 79.8428 98.5957 
27.6743 27.6743 56.0926 56.8438 
8.457 19.9897 0 2.86379 3.61485 
0 4.4212 0 0 0.588621 40.7176 0 
226.137 1331.88 332.788 883.695 
1750.77 1750.77 639.457 383.095 
41.2667 1713.35 0 1.30618 10.8306 
0 33.0822 0 0 1.67844 123.053 0 
36.2523 50.142 95.2908 130.373 
53.7167 53.7167 63.5188 72.7801 
12.2224 54.9916 0 1.37843 0.902287 
0 7.65845 0 0 0.68704 48.4674 0 
308 variables; iteration 30; function evaluation 40; phase 1
Function value   1.0876711e+03; maximum gradient component mag  -6.4734e+03
Var   Value    Gradient   |Var   Value    Gradient   |Var   Value    Gradient
  1  0.00694  -6.3766e-01 |  2  0.19302  -3.3286e+01 |  3  0.25849  -2.5685e+01
  4  0.18565  -1.2810e+02 |  5  0.16713  -1.4550e+02 |  6  0.22575  -2.9592e+01
  7  0.21496   4.6890e+01 |  8  0.19551   3.6324e+01 |  9  0.19864   9.9082e+00
 10  0.14100  -7.7134e+01 | 11  0.18793   1.1068e+02 | 12  0.12296  -1.7074e+01
 13  0.13044  -1.6546e+01 | 14  0.09990  -3.5932e+01 | 15  0.08617   5.8566e+01
 16 -0.10432   2.5756e-01 | 17 -0.11583  -9.8659e-02 | 18 -0.24609  -1.3986e-01
 19 -0.22048   1.1856e-01 | 20 -0.34261   7.8557e-03 | 21 -0.35904  -1.7397e-02
 22  0.15947   5.1353e+00 | 23 -0.16357  -6.5023e-03 | 24  0.03680  -5.3077e-01
 25  0.08310  -8.0030e+00 | 26  0.11554  -2.1215e+01 | 27  0.12689  -4.9144e+01
 28  0.13989  -5.7309e+01 | 29  0.08031  -6.0921e+01 | 30  0.12083  -4.3353e+01
 31  0.18887   7.2057e+01 | 32  0.12414  -3.0795e+01 | 33  0.24952   9.6808e+02
 34 -1.20513   1.0895e+01 | 35 -0.37222  -2.3731e+01 | 36  0.10621   1.6812e+01
 37  0.10541   4.7438e+01 | 38  0.04433  -2.1071e+01 | 39 -0.02328  -1.7992e+01
 40 -0.00479   1.1985e+01 | 41 -0.04042   8.3626e+00 | 42 -0.19445  -6.5944e-01
 43 -0.10064  -5.5862e+01 | 44  0.04373  -4.1289e+01 | 45  0.02853  -5.1836e+01
 46 -0.24107  -6.4307e+01 | 47 -0.10740  -4.6482e+01 | 48 -0.04280  -3.5731e+01
 49  0.09037   1.1091e+01 | 50  0.01272  -2.3619e+01 | 51 -0.01733  -3.7482e+01
 52  0.05769  -1.1123e+01 | 53  0.04711   4.3045e+01 | 54  0.09756   1.9551e+02
 55  0.05756   1.9002e+02 | 56 -0.01478   1.0012e+02 | 57 -0.01927   8.1005e+01
 58  0.25243   4.8265e+02 | 59  0.22965   2.5032e+02 | 60 -0.11091  -3.3599e+01
 61 -0.02667  -1.7110e+01 | 62  0.11099   3.5794e+01 | 63 -0.11772  -4.3757e+01
 64 -0.08687  -3.2979e+01 | 65  0.00412   8.0645e+00 | 66  0.07412   6.6932e+01
 67 -0.02076   8.7617e+00 | 68 -0.10704  -3.0368e+01 | 69 -0.15358  -3.9661e+01
 70 -0.09675  -1.8504e+01 | 71  0.14959   1.7635e+02 | 72  0.09545   1.3645e+02
 73 -0.05776   9.7279e+00 | 74 -0.06560  -6.5028e+00 | 75  0.21342   1.7521e+02
 76  0.19907   1.1288e+02 | 77  0.06134  -6.6394e+00 | 78 -0.02886  -5.0298e+01
 79  0.19796  -2.5335e+01 | 80  0.08198  -6.9915e+01 | 81 -0.04865  -6.5724e+01
 82 -0.33469  -6.7575e+01 | 83 -0.14818  -7.0425e+01 | 84 -0.10023  -6.9146e+01
 85  0.03462  -1.0853e+02 | 86  0.07582  -7.2246e+01 | 87  0.34282   5.4160e-02
 88  0.02157  -3.0689e+01 | 89 -0.16920  -3.9097e+01 | 90 -0.02411  -3.0597e+01
 91  0.10037  -1.9914e+01 | 92  0.10728  -1.2893e+01 | 93  0.29290   6.1763e+01
 94  0.10393  -3.0865e+01 | 95 -0.24527  -4.2544e+01 | 96 -0.34176  -4.5317e+01
 97  0.08733  -1.4554e+01 | 98  0.06103  -1.8173e+01 | 99  0.40240   4.1572e+02
100  0.10090   1.0915e+02 |101 -0.14271  -3.8422e+00 |102 -0.17589  -2.0040e+01
103 -0.10806  -1.1216e+01 |104 -0.32650  -4.0549e+01 |105 -0.27738  -3.8095e+01
106 -0.23469  -3.3564e+01 |107 -0.37318  -4.2479e+01 |108 -0.03841  -2.0791e+01
109  0.09135  -1.6377e+01 |110  0.32695   1.1342e+02 |111  0.12562   7.6681e+00
112  0.02183   7.3707e+00 |113 -0.20460  -3.3543e+01 |114  0.05826   1.1386e+01
115  0.25959   7.6773e+01 |116  0.14315   1.8087e+01 |117  0.18002   6.3657e+01
118 -0.02912  -1.0992e+01 |119 -0.16146  -3.2194e+01 |120 -0.16600  -3.8589e+01
121 -0.02362  -4.7218e+01 |122  0.26945  -6.5531e+01 |123 -0.33296  -3.0228e+01
124  0.25775   4.0177e+01 |125  0.07371  -3.4785e+01 |126 -0.16943  -4.0284e+01
127 -0.01336   3.0235e+01 |128  0.00673   3.0240e+01 |129 -0.05290   3.0138e+01
130 -0.04844   3.0155e+01 |131  0.04109   3.0179e+01 |132 -0.00397   3.0241e+01
133 -0.05728   3.0120e+01 |134  0.03244   3.0203e+01 |135  0.02330   3.0222e+01
136 -0.00247   3.0242e+01 |137  0.02114   3.0225e+01 |138  0.00846   3.0239e+01
139 -0.02074   3.0226e+01 |140 -0.00811   3.0240e+01 |141 -0.03609   3.0193e+01
142 -0.01068   3.0238e+01 |143 -0.00260   3.0242e+01 |144  0.00500   3.0241e+01
145 -0.02759   3.0214e+01 |146  0.00392   3.0241e+01 |147  0.01064   3.0238e+01
148 -0.00662   3.0240e+01 |149 -0.01185   3.0237e+01 |150  0.02232   3.0223e+01
151  0.04451   3.0168e+01 |152 -0.02820   3.0212e+01 |153  0.01365   3.0235e+01
154  0.05718   3.0120e+01 |155 -0.00550   3.0241e+01 |156 -0.06192   3.0099e+01
157  0.05138   3.0144e+01 |158 -0.01611   3.0232e+01 |159  0.02418   3.0220e+01
160  0.02453   3.0220e+01 |161  0.02123   3.0225e+01 |162  0.07053   3.0057e+01
163 -0.00589   3.0241e+01 |164 -0.00279   3.0242e+01 |165 -0.03849   3.0187e+01
166  0.03538   3.0195e+01 |167  0.00506   3.0241e+01 |168  0.00656   3.0240e+01
169  0.03995  -6.2303e+03 |170  0.03707   3.2711e+02 |171  0.03350   3.1715e+02
172  0.03143   2.1330e+02 |173  0.08815   1.7095e+02 |174  0.04410   1.6602e+02
175  0.06200   1.8778e+02 |176 -0.00281   1.4385e+02 |177 -0.00585   1.3189e+02
178  0.10120   1.0913e+02 |179  0.11443   2.6416e+01 |180  0.13740  -2.8822e+02
181  0.03608  -1.5422e+02 |182 -0.04731   7.8313e+01 |183 -0.02508   6.9704e+01
184 -0.01053   4.8379e+01 |185  0.00778   1.1433e+01 |186 -0.02171   5.1332e+01
187 -0.07573   1.3280e+02 |188 -0.08313   1.4108e+02 |189 -0.01100   1.1125e+02
190  0.00904   6.1133e+01 |191  0.02719   4.7747e+01 |192  0.03568   8.5148e+01
193 -0.01842   1.5839e+02 |194 -0.10225   1.6976e+02 |195 -0.01729   9.2809e+01
196  0.03211  -1.0518e+02 |197  0.03613  -8.2016e+01 |198 -0.01813   5.5991e+00
199 -0.00467   3.2075e+01 |200  0.01064   1.5736e+02 |201  0.04734   2.1270e+02
202  0.13852   1.4328e+02 |203  0.08520   8.3257e+01 |204  0.09040   3.1432e+02
205 -0.16661   1.7839e+02 |206 -0.22083   1.6673e+02 |207 -0.21314   1.6378e+02
208 -0.09241   1.9206e+02 |209 -0.02190   2.7316e+02 |210  0.05281   1.8956e+02
211 -0.06605   1.8868e+02 |212 -0.00541   4.0020e+03 |213 -0.01271   1.4987e+03
214 -0.00857  -5.2893e-09 |215 -0.63097  -6.0279e+00 |216 -0.81648  -1.3668e+02
217 -0.07205  -8.6195e+02 |218 -0.02542   1.8357e+02 |219 -0.23274   9.8888e+01
220 -0.01030   8.0689e+01 |221  0.10792   6.8386e+01 |222  0.00365   4.0859e+01
223 -0.01932   3.4980e+01 |224 -0.05426   3.5539e+01 |225 -0.01001   5.9919e+01
226  0.14593   3.5025e+01 |227  0.13241   4.4766e+01 |228  0.16991   6.4935e+01
229  0.02412   3.6306e+01 |230  0.02556   4.6075e+01 |231  0.01557   4.0020e+01
232  0.15011   5.4761e+01 |233  0.17182   6.6837e+01 |234 -0.05556  -7.1922e+01
235 -0.22697  -2.6948e+01 |236 -0.18980   2.5514e+00 |237 -0.09994   3.4775e+00
238 -0.09326   2.2652e+01 |239 -0.18093   2.4438e+01 |240 -0.21810   1.7354e+01
241 -0.17552   6.3626e+00 |242 -0.08145   3.2482e+01 |243  0.10309   4.1103e+01
244  0.08935   4.9522e+01 |245 -0.09558   2.4230e+01 |246 -0.28127  -1.0984e+01
247 -0.14902  -4.5862e+00 |248  0.01556   1.9644e+01 |249  0.16842   5.9863e+01
250  0.17358   6.4788e+01 |251  0.08764   4.6182e+01 |252  0.01406   2.1774e+01
253  0.01767   1.3516e+01 |254  0.15635   7.4810e+01 |255  0.24837   4.7981e+01
256  0.38008   8.1469e+01 |257 -0.14170   5.4908e+00 |258  0.09458   5.8909e+00
259  0.15210  -1.6428e+02 |260 -0.86720   3.9650e+02 |261 -0.84238   2.8616e+01
262 -0.64457  -7.2720e+01 |263  0.06520  -6.4406e+03 |264  0.23936  -6.0222e+03
265 -0.09736  -6.3989e+03 |266 -0.01177  -6.4734e+03 |267 -0.26480  -5.9224e+03
268 -0.31397  -5.7029e+03 |269 -0.14092  -6.3165e+03 |270  0.12002  -6.3598e+03
271  0.01215  -6.4733e+03 |272  0.17754  -6.2243e+03 |273  0.23985  -6.0204e+03
274  0.16034  -6.2702e+03 |275 -0.02321  -6.4702e+03 |276 -0.12262  -6.3548e+03
277  0.02577  -6.4692e+03 |278  0.03339  -6.4656e+03 |279  0.11022  -6.3777e+03
280 -0.31518  -5.6971e+03 |281  0.08101  -6.4221e+03 |282 -0.32711  -5.6385e+03
283  0.23970  -6.0209e+03 |284  0.13076  -6.3384e+03 |285  0.09662  -6.4001e+03
286  0.12314  -6.3537e+03 |287  0.01928  -6.4715e+03 |288  0.19057  -6.1866e+03
289  0.08076  -6.4225e+03 |290 -0.19972  -6.1585e+03 |291  0.06901  -6.4365e+03
292  0.08022  -6.4232e+03 |293  0.05379  -6.4514e+03 |294 -0.16757  -6.2515e+03
295 -0.17847  -6.2217e+03 |296  0.23873  -6.0246e+03 |297 -0.15590  -6.2813e+03
298 -0.02288  -6.4703e+03 |299 -0.15249  -6.2896e+03 |300  0.04381  -6.4592e+03
301 -0.02940  -6.4676e+03 |302 -0.27377  -5.8850e+03 |303  0.45709  -5.5618e+02
304  0.02157   6.3763e+01 |305 -0.89828   1.5323e+02 |306  0.38412   1.5439e+02
307 -0.90600  -8.4325e+02 |308 -0.37800   3.0821e+01 |
128.986 216.349 219.113 294.027 
310.909 310.909 154.636 151.725 
27.8402 337.067 0 0.10254 1.76029 
0 21.7988 0 0 1.18782 96.2268 0 
56.0059 80.1487 122.242 171.2 
97.6059 97.6059 80.9224 94.2296 
16.5049 111.404 0 0.47405 0.0439317 
0 11.555 0 0 0.811501 62.2434 0 
46.4735 64.8808 109.233 151.977 
75.7252 75.7252 72.2221 84.2291 
14.5836 83.7663 0 0.800358 0.274372 
0 9.79303 0 0 0.753927 55.8529 0 
55.8469 82.7843 133.525 160.793 
80.41 80.41 80.3222 95.5491 
17.2668 91.8357 0 0.31225 0.0393682 
0 12.5669 0 0 0.850163 61.2254 0 
48.153 68.6651 113.677 153.293 
76.3818 76.3818 73.9928 87.0144 
15.3128 86.147 0 0.638592 0.185989 
0 10.5475 0 0 0.779489 57.469 0 
45.439 71.7505 114.02 150.897 
75.1972 75.1972 75.2718 88.6245 
15.9405 87.7899 0 0.361594 0.0390865 
0 11.2606 0 0 0.80686 58.4181 0 
45.1327 72.5665 116.574 151.588 
66.7626 66.7626 77.1078 91.8548 
16.6998 86.629 0 0.171026 0.0130666 
0 12.0822 0 0 0.834749 61.285 0 
44.7568 74.7642 123.988 148.265 
57.5679 57.5679 78.0295 93.9352 
17.7427 86.7277 0 0.068572 0.12768 
0 13.148 0 0 0.862301 63.8947 0 
44.7129 86.1144 142.076 139.971 
47.3802 47.3802 81.5894 95.1951 
19.666 79.6719 0 0.00502078 0.539181 
0 14.9664 0 0 0.896332 60.147 0 
42.993 80.0604 131.665 142.563 
50.6857 50.6857 80.2821 94.8247 
18.973 82.3042 0 0.00215519 0.361709 
0 14.3142 0 0 0.883922 63.0504 0 
44.0043 73.7781 143.504 131.458 
53.3083 53.3083 77.9421 95.1266 
20.8261 79.3026 0 0.000658803 1.46864 
0 15.9709 0 0 0.908504 72.8455 0 
44.6397 73.6811 145.956 131.055 
50.4393 50.4393 77.9167 96.0305 
21.2339 78.6647 0 0.000701275 1.83958 
0 16.3574 0 0 0.91297 73.0215 0 
44.2469 74.0109 150.387 128.371 
48.6919 48.6919 78.0732 96.245 
21.9912 78.8851 0 0.0118875 2.49502 
0 17.0592 0 0 0.91948 73.0244 0 
101.006 1069.79 275.963 990.433 
646.618 646.618 685.033 444.758 
30.428 1184.27 0 0.871761 14.4512 
0 24.4633 0 0 1.01907 57.1334 0 
44.2224 74.0664 150.838 128.157 
48.5553 48.5553 78.1097 96.2305 
22.0583 78.9529 0 0.0135139 2.55706 
0 17.1212 0 0 0.920079 73.009 0 
44.1217 75.0299 155.941 126.529 
47.3538 47.3538 79.0472 96.0606 
22.737 80.5827 0 0.0355083 3.21915 
0 17.7451 0 0 0.926344 72.7126 0 
55.8906 107.401 172.042 193.681 
52.203 52.203 120.425 132.154 
25.2918 142.326 0 0.186519 5.99173 
0 20.133 0 0 0.953679 79.7098 0 
45.5116 75.7077 157.642 128.496 
44.4678 44.4678 80.9919 97.9331 
23.1822 80.7505 0 0.0537161 3.65049 
0 18.1651 0 0 0.930832 73.8903 0 
308 variables; iteration 40; function evaluation 58; phase 1
Function value   1.0020821e+03; maximum gradient component mag  -2.8606e+03
Var   Value    Gradient   |Var   Value    Gradient   |Var   Value    Gradient
  1 -0.10506  -6.5114e-01 |  2  0.07632  -8.9743e+00 |  3  0.27379  -1.0680e+02
  4  0.17487  -1.6599e+02 |  5  0.03247  -7.5659e+01 |  6  0.25382   6.2165e+01
  7  0.20619  -5.7901e+00 |  8  0.17737  -1.3407e+01 |  9  0.20176   3.4181e+01
 10  0.09259  -9.7473e+01 | 11  0.18189   5.1095e+01 | 12  0.14582  -1.0062e+01
 13  0.07815  -5.1556e+01 | 14  0.03790  -1.3639e+02 | 15  0.01938   3.7978e+00
 16 -0.24746  -8.6312e-01 | 17 -0.09806  -4.6764e+00 | 18 -0.24545  -4.7273e-01
 19 -0.22086   1.3010e-01 | 20 -0.34176   1.3326e-02 | 21 -0.35758  -3.1643e-03
 22  0.20260   2.0573e+01 | 23 -0.16354  -8.5172e-03 | 24  0.05533  -2.3150e-01
 25  0.03308  -1.1628e+01 | 26  0.07345  -2.8497e+01 | 27  0.10736  -5.5951e+01
 28  0.15040  -7.4232e+01 | 29  0.02545  -6.2882e+01 | 30  0.16551  -1.0716e+01
 31  0.19451   3.3069e+01 | 32  0.16671  -9.7452e+00 | 33  0.27353   1.3303e+03
 34 -2.18589  -2.1964e+02 | 35 -0.64102  -1.5209e+01 | 36  0.11803   6.0890e+00
 37  0.08461  -1.2775e+01 | 38  0.00168  -4.6305e+01 | 39 -0.05977  -2.6670e+01
 40 -0.00687   7.5301e+00 | 41  0.01498   3.8893e+01 | 42 -0.16317  -3.1246e-01
 43 -0.12762   4.8540e+01 | 44  0.12418   7.4087e+01 | 45  0.09005   6.1006e+01
 46 -0.36194   2.4186e+01 | 47 -0.07232   6.3529e+01 | 48 -0.02316   6.7526e+01
 49  0.12367   1.1482e+02 | 50  0.01709   7.5879e+01 | 51 -0.02316   6.0696e+01
 52  0.07028   7.9496e+01 | 53  0.08513   1.1946e+02 | 54  0.11954   1.8546e+02
 55  0.06598   1.4976e+02 | 56 -0.07229   7.9081e+01 | 57 -0.06418   7.5258e+01
 58  0.32206   3.4942e+02 | 59  0.27215   2.7518e+02 | 60 -0.12129   5.6836e+01
 61  0.00195   7.9106e+01 | 62  0.15713   1.1988e+02 | 63 -0.17260   4.0081e+01
 64 -0.08291   5.2331e+01 | 65  0.04872   9.8605e+01 | 66  0.11320   1.6132e+02
 67  0.01711   1.1346e+02 | 68 -0.13765   5.7706e+01 | 69 -0.19798   4.5931e+01
 70 -0.08987   5.6525e+01 | 71  0.20561   8.3121e+01 | 72  0.16042   9.3521e+01
 73 -0.04764   5.8453e+01 | 74 -0.05433   5.8699e+01 | 75  0.26720   2.2041e+02
 76  0.24164   2.2446e+02 | 77  0.10814   8.6588e+01 | 78 -0.00085   3.7779e+01
 79  0.22261  -9.8397e+00 | 80  0.15076  -2.2692e+01 | 81 -0.11827   4.0042e+01
 82 -0.55867   1.2829e+01 | 83 -0.24406   3.0066e+01 | 84 -0.26590   2.7549e+01
 85  0.13622  -8.6081e+01 | 86 -0.01429   2.7700e+01 | 87  0.44981   5.7823e+01
 88  0.13782   8.0513e+01 | 89 -0.13673   5.5322e+01 | 90  0.08229   7.2679e+01
 91  0.17700   6.9001e+01 | 92  0.13502   7.1849e+01 | 93  0.39177   1.4607e+02
 94  0.13925   6.5861e+01 | 95 -0.40654   3.7161e+01 | 96 -0.60805   1.8844e+01
 97  0.21610   9.2902e+01 | 98  0.04526   5.3493e+01 | 99  0.59220   4.3178e+02
100  0.17101   1.3791e+02 |101 -0.29334   4.4584e+01 |102 -0.17306   5.7362e+01
103 -0.04534   7.6569e+01 |104 -0.64451   1.7933e+01 |105 -0.48154   3.3569e+01
106 -0.33215   4.9232e+01 |107 -0.63567   1.8206e+01 |108 -0.07092   6.8413e+01
109  0.12212   6.5786e+01 |110  0.41356   1.4070e+02 |111  0.16929   7.9007e+01
112  0.14126   1.1530e+02 |113 -0.24028   4.7068e+01 |114  0.13512   1.0839e+02
115  0.35771   1.4765e+02 |116  0.24458   8.3786e+01 |117  0.24289   8.1558e+01
118 -0.02581   6.2234e+01 |119 -0.20352   5.2808e+01 |120 -0.24443   4.9610e+01
121 -0.05194   5.9876e+01 |122  0.39610   1.1980e+02 |123 -0.59112   3.7277e+01
124  0.30339   8.3427e+01 |125  0.14736   6.3776e+01 |126 -0.18386   5.1926e+01
127 -0.01168   6.1025e+01 |128  0.00836   6.1030e+01 |129 -0.05113   6.0838e+01
130 -0.04668   6.0871e+01 |131  0.04262   6.0898e+01 |132 -0.00232   6.1034e+01
133 -0.05550   6.0803e+01 |134  0.03400   6.0948e+01 |135  0.02489   6.0988e+01
136 -0.00081   6.1035e+01 |137  0.02274   6.0996e+01 |138  0.01008   6.1027e+01
139 -0.01905   6.1008e+01 |140 -0.00644   6.1032e+01 |141 -0.03436   6.0946e+01
142 -0.00901   6.1029e+01 |143 -0.00094   6.1035e+01 |144  0.00663   6.1032e+01
145 -0.02588   6.0984e+01 |146  0.00556   6.1032e+01 |147  0.01226   6.1024e+01
148 -0.00496   6.1033e+01 |149 -0.01017   6.1027e+01 |150  0.02391   6.0992e+01
151  0.04604   6.0875e+01 |152 -0.02648   6.0982e+01 |153  0.01526   6.1017e+01
154  0.05867   6.0776e+01 |155 -0.00384   6.1034e+01 |156 -0.06013   6.0763e+01
157  0.05289   6.0824e+01 |158 -0.01442   6.1019e+01 |159  0.02576   6.0985e+01
160  0.02611   6.0983e+01 |161  0.02282   6.0996e+01 |162  0.07199   6.0645e+01
163 -0.00423   6.1033e+01 |164 -0.00114   6.1035e+01 |165 -0.03675   6.0933e+01
166  0.03693   6.0932e+01 |167  0.00669   6.1031e+01 |168  0.00819   6.1030e+01
169  0.03567  -2.2177e+03 |170  0.07036   3.9234e+02 |171  0.03873   2.6115e+02
172  0.04007   1.4672e+02 |173  0.07433   6.9765e+00 |174  0.04995   1.4324e+02
175  0.05977   1.4011e+02 |176  0.01387   8.4172e+01 |177 -0.03071   9.6407e+01
178  0.12113   9.7129e+01 |179  0.13105   1.2477e+02 |180  0.16647  -1.3252e+02
181 -0.14899   1.0534e+02 |182  0.08790   2.4253e+02 |183  0.03342   1.7535e+02
184  0.03068   9.0041e+01 |185  0.06492   2.4756e+01 |186 -0.05506   1.7454e+01
187 -0.04157   1.1615e+02 |188 -0.08589   1.1619e+02 |189 -0.01820   1.0201e+02
190  0.03806   1.6042e+02 |191  0.00187   2.9698e+00 |192  0.03572  -6.7727e+01
193 -0.02739   7.6815e+01 |194 -0.12904   1.3322e+02 |195  0.02048   1.3532e+02
196  0.05571   9.2015e+01 |197  0.11539   3.1264e+02 |198 -0.18525   1.2042e+02
199  0.04372   3.7596e+01 |200 -0.02674   8.8154e+01 |201  0.06986   1.2217e+02
202  0.12201  -6.5137e+01 |203  0.12144   1.9287e+02 |204  0.09968   3.9960e+02
205 -0.26314   1.3378e+02 |206 -0.25240   1.1954e+02 |207 -0.24690   1.0991e+02
208 -0.10493   8.5654e+01 |209 -0.02379   2.1248e+02 |210  0.05342   1.6240e+02
211 -0.09521   1.4763e+02 |212 -0.03707   2.1410e+03 |213 -0.07044   9.0507e+02
214 -0.00857  -5.2893e-09 |215 -0.70608  -1.4996e+02 |216 -0.81837  -1.9586e+02
217 -0.06664  -1.3072e+02 |218  0.00005   2.2481e+02 |219 -0.23361   1.1391e+02
220  0.04744   1.3748e+02 |221  0.12624   7.5209e+01 |222 -0.01439   2.0462e+01
223 -0.04085   1.4857e+01 |224 -0.02193   6.9326e+01 |225  0.01438   8.7844e+01
226  0.20972   7.6031e+01 |227  0.21764   9.3038e+01 |228  0.16934   8.1904e+01
229 -0.01574   2.6061e+01 |230 -0.02457   1.3279e+01 |231 -0.02700   3.1175e+01
232  0.14666   8.7365e+01 |233  0.18090   6.7272e+01 |234 -0.12037  -1.1338e+02
235 -0.25216   8.9629e+00 |236 -0.25624   9.7723e+00 |237 -0.15002   2.8050e+01
238 -0.16986   2.9937e+01 |239 -0.27613   1.3216e+01 |240 -0.32660  -1.2688e+01
241 -0.26223  -1.4235e+00 |242 -0.17030   2.0211e+01 |243  0.11615   7.7494e+01
244  0.15495   9.6214e+01 |245 -0.03001   6.7951e+01 |246 -0.23579   1.3730e+01
247 -0.10593   2.4475e+01 |248  0.04898   2.5431e+01 |249  0.21751   7.9334e+01
250  0.18864   8.2416e+01 |251  0.08811   7.7611e+01 |252  0.03451   7.6104e+01
253  0.06790   9.4604e+01 |254  0.12621   7.6484e+01 |255  0.29349   5.8160e+01
256  0.47945   8.0528e+01 |257 -0.10216   7.0593e+01 |258  0.09702  -1.3915e+03
259  0.14928  -3.4137e+02 |260 -0.86203   5.5443e+02 |261 -0.83792   9.0777e+01
262 -0.61638   8.8034e+01 |263  0.14949  -2.7823e+03 |264  0.41373  -2.2777e+03
265 -0.20649  -2.7117e+03 |266 -0.00741  -2.8606e+03 |267 -0.30282  -2.5432e+03
268 -0.45628  -2.1570e+03 |269 -0.29187  -2.5654e+03 |270  0.23185  -2.6732e+03
271  0.04529  -2.8536e+03 |272  0.25344  -2.6371e+03 |273  0.39654  -2.3236e+03
274  0.21658  -2.6969e+03 |275 -0.03364  -2.8568e+03 |276 -0.22702  -2.6808e+03
277  0.07380  -2.8416e+03 |278 -0.09429  -2.8295e+03 |279  0.22058  -2.6908e+03
280 -0.46428  -2.1332e+03 |281  0.17671  -2.7513e+03 |282 -0.57108  -1.7849e+03
283  0.41361  -2.2780e+03 |284  0.23047  -2.6754e+03 |285  0.21547  -2.6985e+03
286  0.23455  -2.6688e+03 |287  0.06036  -2.8480e+03 |288  0.36444  -2.4047e+03
289  0.18646  -2.7390e+03 |290 -0.28022  -2.5881e+03 |291 -0.01871  -2.8596e+03
292  0.18546  -2.7403e+03 |293 -0.06770  -2.8447e+03 |294 -0.26998  -2.6074e+03
295 -0.34505  -2.4508e+03 |296  0.41383  -2.2774e+03 |297 -0.31545  -2.5168e+03
298 -0.03288  -2.8570e+03 |299 -0.25975  -2.6260e+03 |300  0.10974  -2.8184e+03
301 -0.04803  -2.8527e+03 |302 -0.45652  -2.1562e+03 |303  0.45384  -1.6009e+03
304  0.21243   1.1615e+02 |305 -0.94869  -1.7252e+03 |306  0.50165   5.1989e+01
307 -0.90309  -1.4051e+03 |308 -0.38793  -4.9558e+01 |
46.6734 76.9381 163.599 127.735 
43.1706 43.1706 81.119 97.0292 
23.6825 82.0062 0 0.111271 4.05791 
0 18.5685 0 0 0.937647 71.9049 0 
47.4999 75.0656 166.553 128.491 
43.0136 43.0136 81.3737 97.9628 
24.4359 80.9402 0 0.184353 4.54156 
0 19.16 0 0 0.947396 71.9387 0 
48.2785 75.7291 172.83 126.927 
41.0901 41.0901 80.9129 97.5678 
25.4991 77.8853 0 0.317785 5.72837 
0 19.9974 0 0 0.95718 70.1292 0 
48.5297 75.3334 174.668 122.535 
38.8014 38.8014 81.6016 95.8037 
26.7556 76.4613 0 0.526963 6.21631 
0 20.9119 0 0 0.959511 67.9285 0 
48.6965 75.5244 175.624 118.59 
36.6318 36.6318 82.5855 93.9441 
28.4978 72.6343 0 1.01207 7.13936 
0 22.0802 0 0 0.959512 65.3634 0 
47.6307 67.5077 183.958 113.43 
36.1894 36.1894 83.6365 91.8298 
31.0828 70.6243 0 1.92488 10.5018 
0 23.7893 0 0 0.956926 60.2828 0 
47.9194 70.7215 178.73 115.15 
35.9242 35.9242 82.8584 92.6936 
29.7619 71.0866 0 1.42675 8.72055 
0 22.9129 0 0 0.957203 62.8035 0 
47.3878 67.0188 176.513 111.16 
31.8564 31.8564 80.2534 90.8999 
30.986 69.3762 0 2.07283 7.90334 
0 23.6056 0 0 0.938644 61.5078 0 
46.8936 68.3602 176.926 109.96 
31.4513 31.4513 77.3231 88.6429 
31.9002 61.1259 0 2.4031 8.20881 
0 24.0857 0 0 0.925569 59.3908 0 
42.5544 63.9376 172.217 108.274 
34.122 34.122 75.0509 85.565 
33.2915 57.8392 0 2.98134 9.34273 
0 24.6696 0 0 0.913538 57.086 0 
42.6261 61.3725 167.152 106.619 
33.6753 33.6753 73.1761 84.8095 
34.9197 56.7524 0 3.43678 10.8462 
0 25.1036 0 0 0.907833 54.062 0 
308 variables; iteration 50; function evaluation 69; phase 1
Function value   9.2315882e+02; maximum gradient component mag  -2.8153e+03
Var   Value    Gradient   |Var   Value    Gradient   |Var   Value    Gradient
  1 -0.23786  -6.0729e-01 |  2 -0.12080  -1.4608e+00 |  3  0.25906  -3.2306e+01
  4  0.19771  -1.6660e+02 |  5 -0.02933  -6.9851e+01 |  6  0.25661   2.3746e+02
  7  0.20965   3.2429e+01 |  8  0.17548  -4.4443e+01 |  9  0.18746   1.6886e+01
 10  0.16197  -2.8747e+01 | 11  0.15711   8.4276e+00 | 12  0.15323  -1.4126e+01
 13  0.09505  -3.7824e+01 | 14  0.02914  -1.3726e+02 | 15 -0.03107  -4.5946e+00
 16 -0.44302  -7.3104e-01 | 17 -0.00137  -3.1749e+01 | 18 -0.24139  -2.2256e+00
 19 -0.22126  -2.0509e-01 | 20 -0.34063   1.2000e-02 | 21 -0.35557  -2.0094e-02
 22  0.22609   1.6116e+01 | 23 -0.16348  -1.1241e-02 | 24  0.08125   1.4878e-01
 25 -0.00862  -9.3617e+00 | 26  0.06930  -2.8558e+01 | 27  0.17023  -3.7894e+01
 28  0.15187  -5.6684e+01 | 29  0.09648  -5.7358e+01 | 30  0.21960   3.2114e+01
 31  0.19571  -1.4686e+01 | 32  0.22506   5.5028e+01 | 33  0.24532   1.8956e+02
 34 -2.23923  -2.3872e+02 | 35 -0.92010  -3.5621e+00 | 36  0.19278   4.1269e+01
 37  0.11660  -8.3087e+01 | 38 -0.05152  -8.6026e+00 | 39 -0.04678  -2.8285e+01
 40  0.00172  -6.9219e+00 | 41  0.03902   1.0781e+01 | 42 -0.11944  -6.0796e-01
 43 -0.13152   9.8701e+01 | 44  0.18377   6.4659e+01 | 45  0.10077   8.2792e+01
 46 -0.47363   6.3109e+01 | 47 -0.07595   1.1392e+02 | 48 -0.01802   1.2179e+02
 49  0.07342   1.4477e+02 | 50  0.05049   1.4233e+02 | 51  0.02110   1.3587e+02
 52  0.14144   1.7715e+02 | 53  0.11574   1.7908e+02 | 54  0.16775   2.2564e+02
 55  0.12200   2.0582e+02 | 56 -0.13441   1.1638e+02 | 57 -0.14626   1.1252e+02
 58  0.37606   4.3348e+02 | 59  0.28190   3.0013e+02 | 60 -0.12226   1.1534e+02
 61  0.02568   1.4325e+02 | 62  0.19688   1.9200e+02 | 63 -0.22539   9.3819e+01
 64 -0.09726   1.0681e+02 | 65  0.07349   1.3059e+02 | 66  0.14005   1.6435e+02
 67  0.04313   1.4627e+02 | 68 -0.11535   1.0909e+02 | 69 -0.20924   9.4201e+01
 70 -0.08234   1.0537e+02 | 71  0.29779   1.6391e+02 | 72  0.26095   1.6924e+02
 73 -0.05839   1.0694e+02 | 74 -0.02944   1.0701e+02 | 75  0.23788   1.2532e+02
 76  0.19895   1.2643e+02 | 77  0.17903   8.2408e+01 | 78  0.04576   7.4567e+01
 79  0.23119  -8.7415e+00 | 80  0.22132  -2.1533e+01 | 81 -0.21619   9.8743e+01
 82 -0.76520   2.8581e+01 | 83 -0.34531   7.9631e+01 | 84 -0.44024   6.7893e+01
 85  0.51527   1.7180e+02 | 86 -0.18080   1.5482e+02 | 87  0.42282   1.5276e+02
 88  0.19137   1.8321e+02 | 89 -0.13512   1.6695e+02 | 90  0.14005   1.8189e+02
 91  0.23331   1.7501e+02 | 92  0.16126   1.8308e+02 | 93  0.40803   2.1268e+02
 94  0.23608   1.8748e+02 | 95 -0.51085   1.1141e+02 | 96 -0.74675   5.7189e+01
 97  0.31446   2.2683e+02 | 98  0.11503   1.7977e+02 | 99  0.59782   3.8474e+02
100  0.28116   2.7238e+02 |101 -0.39505   1.2997e+02 |102 -0.17365   1.7462e+02
103 -0.01463   2.0526e+02 |104 -0.84175   3.6515e+01 |105 -0.62567   8.9448e+01
106 -0.42405   1.3527e+02 |107 -0.79463   4.7492e+01 |108 -0.13884   1.7782e+02
109  0.15059   1.8524e+02 |110  0.46868   2.2395e+02 |111  0.23684   1.7854e+02
112  0.16623   1.9895e+02 |113 -0.25024   1.5173e+02 |114  0.15919   2.0336e+02
115  0.38070   2.2383e+02 |116  0.28617   1.9493e+02 |117  0.26461   1.7669e+02
118 -0.06028   1.7188e+02 |119 -0.26216   1.5564e+02 |120 -0.31165   1.4734e+02
121 -0.01827   1.7602e+02 |122  0.47727   1.9965e+02 |123 -0.77127   6.3718e+01
124  0.32156   1.6357e+02 |125  0.20249   1.7703e+02 |126 -0.21951   1.6101e+02
127 -0.00982   9.6108e+01 |128  0.01024   9.6107e+01 |129 -0.04934   9.5831e+01
130 -0.04488   9.5881e+01 |131  0.04453   9.5885e+01 |132 -0.00045   9.6120e+01
133 -0.05372   9.5778e+01 |134  0.03590   9.5967e+01 |135  0.02678   9.6035e+01
136  0.00106   9.6120e+01 |137  0.02463   9.6048e+01 |138  0.01197   9.6103e+01
139 -0.01720   9.6085e+01 |140 -0.00458   9.6117e+01 |141 -0.03254   9.5994e+01
142 -0.00715   9.6114e+01 |143  0.00093   9.6120e+01 |144  0.00851   9.6111e+01
145 -0.02404   9.6051e+01 |146  0.00744   9.6113e+01 |147  0.01415   9.6096e+01
148 -0.00309   9.6119e+01 |149 -0.00831   9.6112e+01 |150  0.02580   9.6041e+01
151  0.04795   9.5847e+01 |152 -0.02465   9.6048e+01 |153  0.01715   9.6085e+01
154  0.06058   9.5685e+01 |155 -0.00197   9.6119e+01 |156 -0.05836   9.5716e+01
157  0.05479   9.5764e+01 |158 -0.01257   9.6101e+01 |159  0.02766   9.6029e+01
160  0.02801   9.6027e+01 |161  0.02472   9.6047e+01 |162  0.07390   9.5473e+01
163 -0.00237   9.6119e+01 |164  0.00073   9.6120e+01 |165 -0.03493   9.5975e+01
166  0.03884   9.5941e+01 |167  0.00857   9.6111e+01 |168  0.01007   9.6108e+01
169  0.02310   2.0083e+02 |170  0.07831   4.3612e+02 |171  0.04728   3.0196e+02
172  0.04964   1.9884e+02 |173  0.07771   4.5110e+01 |174  0.06013   1.1445e+02
175  0.04909   1.1234e+02 |176  0.05891   8.4104e+01 |177 -0.06153   1.1739e+02
178  0.13141   3.2416e+01 |179  0.15646   1.5351e+02 |180  0.18976   2.8570e+01
181 -0.22675   1.2687e+02 |182  0.09201   1.4486e+02 |183 -0.02628   1.3681e+02
184  0.05513   8.4898e+01 |185  0.10295   1.1098e+02 |186 -0.15872   7.6402e+01
187 -0.00440   1.4694e+02 |188 -0.04987   1.3536e+02 |189 -0.02672   6.9478e+01
190  0.04485   1.9587e+02 |191  0.06453   1.8271e+02 |192  0.01437   3.3058e+01
193  0.01649   8.8708e+01 |194 -0.17793   1.4495e+02 |195  0.03997   2.2127e+02
196  0.12246   3.1316e+02 |197  0.14382   2.2472e+02 |198 -0.25674   1.2934e+02
199  0.05991   2.2611e+02 |200 -0.02857   1.2223e+02 |201  0.03992   1.5184e+02
202  0.13102   6.8802e+01 |203  0.13656   2.9842e+02 |204  0.12290   4.7515e+02
205 -0.36223   1.3013e+02 |206 -0.25879   1.2829e+02 |207 -0.22925   1.1358e+02
208 -0.10320   8.1652e+01 |209 -0.03189   1.7226e+02 |210  0.06937   1.8979e+02
211 -0.13211   1.5204e+02 |212 -0.07372   1.0755e+03 |213 -0.09852   6.9586e+02
214 -0.00857  -5.2893e-09 |215 -0.67487  -6.5840e+01 |216 -0.76976  -7.0211e+01
217 -0.04555  -4.7105e+01 |218 -0.08670   4.8115e+01 |219 -0.20647   2.2592e+00
220 -0.00254   7.2159e+01 |221  0.11695   6.3021e+01 |222  0.01288   1.7285e+01
223  0.01410   3.4805e+01 |224  0.01645   6.6312e+01 |225  0.00518   5.5231e+01
226  0.20039   6.2375e+01 |227  0.19444   6.5780e+01 |228  0.14275   4.0999e+01
229 -0.02340  -1.7794e+00 |230 -0.00028  -9.4518e+00 |231 -0.00682  -1.1115e+01
232  0.10204   4.2886e+01 |233  0.17372   6.2624e+01 |234 -0.00180  -1.0883e+01
235 -0.21713  -2.0757e+00 |236 -0.24476  -2.2378e+01 |237 -0.15186  -9.8037e+00
238 -0.19512  -2.1573e+01 |239 -0.31181  -3.6077e+01 |240 -0.35291  -4.6569e+01
241 -0.28089  -2.1592e+01 |242 -0.21272  -2.0341e+01 |243  0.07820   3.3107e+01
244  0.13350   6.5187e+01 |245 -0.02193   7.1497e+01 |246 -0.19834   3.5628e+01
247 -0.07645   4.0765e+01 |248  0.06908   2.5551e+01 |249  0.23143   5.3764e+01
250  0.19010   4.4117e+01 |251  0.07223   1.9456e+01 |252  0.01272   5.1503e+01
253  0.02283   6.8503e+01 |254  0.07769   5.3781e+01 |255  0.31175   4.9465e+01
256  0.60520   4.8543e+01 |257 -0.09858   6.9885e+01 |258  0.09382  -1.2877e+03
259  0.15494  -5.7099e+01 |260 -0.86121   6.7179e+02 |261 -0.83416   1.4889e+02
262 -0.64178   7.3402e+01 |263  0.24663  -1.0161e+02 |264  0.45275  -8.3137e+01
265 -0.39640  -8.9143e+01 |266 -0.01696  -1.0970e+02 |267 -0.43678  -8.4908e+01
268 -0.37084  -9.1641e+01 |269 -0.49524  -7.8175e+01 |270  0.35186  -9.3400e+01
271  0.08069  -1.0886e+02 |272  0.40572  -8.8197e+01 |273  0.47503  -8.0580e+01
274  0.35962  -9.2690e+01 |275 -0.06851  -1.0910e+02 |276 -0.36941  -9.1776e+01
277  0.12979  -1.0747e+02 |278 -0.25700  -1.0092e+02 |279  0.33801  -9.4631e+01
280 -0.36459  -9.2229e+01 |281  0.28359  -9.9030e+01 |282 -0.67068  -5.4270e+01
283  0.45358  -8.3044e+01 |284  0.35521  -9.3095e+01 |285  0.31575  -9.6515e+01
286  0.35551  -9.3067e+01 |287  0.10697  -1.0819e+02 |288  0.42117  -8.6587e+01
289  0.28289  -9.9081e+01 |290 -0.34771  -9.3773e+01 |291 -0.10157  -1.0834e+02
292  0.28169  -9.9170e+01 |293 -0.22398  -1.0302e+02 |294 -0.36432  -9.2254e+01
295 -0.50911  -7.6479e+01 |296  0.45142  -8.3287e+01 |297 -0.50852  -7.6551e+01
298 -0.06698  -1.0913e+02 |299 -0.37275  -9.1459e+01 |300  0.18777  -1.0500e+02
301 -0.09739  -1.0846e+02 |302 -0.44357  -8.4161e+01 |303  0.45649  -1.3528e+03
304  0.20773   1.2026e+01 |305 -0.94880  -2.8153e+03 |306  0.37964   4.4829e+00
307 -0.90238  -1.2296e+03 |308 -0.41706  -1.9742e+02 |
41.0402 58.8353 168.392 104.313 
30.1301 30.1301 71.7527 82.9216 
36.374 51.3348 0 3.86427 12.7387 
0 25.26 0 0 0.910434 51.4673 0 
37.4603 58.4849 168.811 100.1 
29.8848 29.8848 73.2463 82.7343 
37.5506 48.6937 0 4.2763 14.7434 
0 25.3096 0 0 0.918481 47.7291 0 
36.6255 56.0518 169.837 96.5831 
27.0443 27.0443 71.6018 83.9307 
38.5638 47.3617 0 4.29053 14.2645 
0 25.0654 0 0 0.93216 47.0167 0 
38.939 50.3896 173.714 96.671 
28.6373 28.6373 68.6495 84.2928 
39.4159 43.6233 0 3.85547 14.6552 
0 24.6406 0 0 0.964934 46.6962 0 
39.3105 49.6295 178.453 97.2456 
28.974 28.974 67.5356 83.9578 
39.6531 39.4227 0 3.55355 13.1778 
0 24.0984 0 0 0.999861 47.7858 0 
39.661 50.8791 176.145 96.1291 
26.1726 26.1726 67.1713 84.2194 
39.4904 38.6434 0 3.75379 11.9019 
0 23.6041 0 0 1.0235 49.8259 0 
41.666 49.7743 168.889 94.125 
26.5218 26.5218 66.3793 86.1366 
39.1212 38.7967 0 3.82982 11.0635 
0 23.0927 0 0 1.04236 50.1449 0 
40.495 49.5231 168.441 95.718 
23.3136 23.3136 63.5137 87.9964 
37.984 37.4529 0 3.69172 9.52328 
0 22.2789 0 0 1.05714 51.4505 0 
40.5816 49.0539 160.688 95.2082 
24.9503 24.9503 62.1584 87.3172 
36.5834 37.4671 0 3.46903 7.0799 
0 21.487 0 0 1.06048 51.2161 0 
39.6818 48.8476 154.688 99.0656 
29.7835 29.7835 60.1928 85.6648 
34.7989 32.7856 0 2.74458 5.12349 
0 20.6134 0 0 1.0455 52.7392 0 
308 variables; iteration 60; function evaluation 79; phase 1
Function value   7.7621430e+02; maximum gradient component mag  -3.0960e+03
Var   Value    Gradient   |Var   Value    Gradient   |Var   Value    Gradient
  1 -0.52698  -4.4173e-01 |  2 -0.33089  -1.1834e+00 |  3  0.25016  -2.1198e+02
  4  0.19149  -1.6624e+02 |  5  0.15706  -1.0693e+02 |  6  0.27954   3.0100e+02
  7  0.24849   1.4099e+02 |  8  0.23610   7.0611e+01 |  9  0.20110   2.8237e+01
 10  0.20231   4.5671e+01 | 11  0.10749  -5.1393e+01 | 12  0.15513  -7.0717e+01
 13  0.05961  -3.8032e+01 | 14  0.05304  -1.2983e+02 | 15 -0.30098  -3.8284e+00
 16 -0.91117  -1.3202e-01 | 17  0.03489  -2.5135e+00 | 18 -0.21979   9.9132e-02
 19 -0.22089   9.8640e-02 | 20 -0.33771   5.8384e-03 | 21 -0.35025   1.0787e-02
 22  0.22386   8.2733e+00 | 23 -0.16315  -1.2619e-02 | 24  0.14356   3.4598e+00
 25 -0.04206  -9.1579e+00 | 26  0.23649   2.7317e+01 | 27  0.16027  -4.5945e+01
 28  0.09821  -6.0441e+01 | 29  0.15917  -4.4838e+01 | 30  0.22076   1.8116e+01
 31  0.23450   4.7270e+01 | 32  0.21651   2.6634e+01 | 33  0.18018   6.3849e+00
 34 -2.25117  -2.6022e+02 | 35 -1.53928   2.1324e+01 | 36  0.21032   2.2794e+01
 37  0.18875   5.3262e+01 | 38 -0.35726  -5.9837e+00 | 39  0.13374   3.0895e+01
 40  0.07603   9.1254e+00 | 41  0.02533   2.2906e+00 | 42 -0.00573   3.2884e+00
 43 -0.17668   9.0822e+01 | 44  0.35953   1.9027e+02 | 45  0.03513   1.0763e+02
 46 -0.38430   7.0025e+01 | 47 -0.12872   1.0947e+02 | 48 -0.03900   1.1617e+02
 49  0.02405   1.0891e+02 | 50  0.05044   9.8717e+01 | 51  0.03955   9.0930e+01
 52  0.16405   7.8292e+01 | 53  0.15324   1.1281e+02 | 54  0.16669   1.5202e+02
 55  0.11274   1.2882e+02 | 56 -0.12272   9.0946e+01 | 57 -0.13781   8.9884e+01
 58  0.35114   2.2164e+02 | 59  0.24248   1.9846e+02 | 60 -0.09130   1.0774e+02
 61  0.03156   1.2004e+02 | 62  0.22890   1.4175e+02 | 63 -0.25281   8.0179e+01
 64 -0.20950   8.2836e+01 | 65  0.09932   1.1706e+02 | 66  0.15373   1.4260e+02
 67  0.03031   1.1788e+02 | 68 -0.11955   9.5400e+01 | 69 -0.21303   8.4081e+01
 70 -0.10793   8.8262e+01 | 71  0.30689   5.5305e+01 | 72  0.22303   6.3093e+01
 73 -0.14932   7.9841e+01 | 74  0.02261   7.0426e+01 | 75  0.23811   1.5641e+01
 76  0.18863   8.4035e+01 | 77  0.18767   1.0710e+02 | 78  0.15743   1.0859e+02
 79  0.11252   8.7237e+01 | 80  0.29908   3.8557e+01 | 81 -0.35226   8.3493e+01
 82 -0.56169   4.9298e+01 | 83 -0.34778   7.3273e+01 | 84 -0.43342   6.3650e+01
 85  0.50005   4.7221e+01 | 86 -0.33992   4.2179e+01 | 87  0.21856   7.5122e+01
 88  0.15856   1.0443e+02 | 89 -0.12482   6.7469e+01 | 90  0.14256   9.5753e+01
 91  0.22905   1.0172e+02 | 92  0.15984   8.8129e+01 | 93  0.20434   8.3492e+01
 94  0.38220   8.6995e+01 | 95 -0.43317   4.1436e+01 | 96 -0.60907   2.6551e+01
 97  0.28144   1.0248e+02 | 98  0.24107   9.7593e+01 | 99  0.38332   1.3809e+02
100  0.24397   8.7342e+01 |101 -0.34578   4.5314e+01 |102 -0.13182   6.5833e+01
103  0.01976   7.7935e+01 |104 -0.73163   1.7810e+01 |105 -0.58491   3.3805e+01
106 -0.42515   4.9478e+01 |107 -0.70057   2.1473e+01 |108 -0.25919   5.8681e+01
109  0.08978   5.7498e+01 |110  0.35775   6.8588e+01 |111  0.28715   8.6719e+01
112  0.13981   8.8197e+01 |113 -0.19068   5.8037e+01 |114  0.15315   7.8916e+01
115  0.29043   6.8727e+01 |116  0.24864   6.8185e+01 |117  0.23714   4.4267e+01
118 -0.11841   5.8661e+01 |119 -0.26553   5.7621e+01 |120 -0.24376   5.4863e+01
121  0.22937   7.1603e+01 |122  0.38903   8.3655e+01 |123 -0.68053   3.6111e+01
124  0.24805   8.8692e+01 |125  0.26775   8.8706e+01 |126 -0.21523   6.0981e+01
127 -0.01055   8.8582e+01 |128  0.00996   8.8583e+01 |129 -0.05096   8.8310e+01
130 -0.04640   8.8359e+01 |131  0.04500   8.8373e+01 |132 -0.00096   8.8594e+01
133 -0.05544   8.8258e+01 |134  0.03618   8.8451e+01 |135  0.02687   8.8515e+01
136  0.00058   8.8594e+01 |137  0.02467   8.8528e+01 |138  0.01173   8.8579e+01
139 -0.01809   8.8558e+01 |140 -0.00518   8.8591e+01 |141 -0.03378   8.8469e+01
142 -0.00781   8.8587e+01 |143  0.00044   8.8594e+01 |144  0.00820   8.8587e+01
145 -0.02509   8.8525e+01 |146  0.00710   8.8589e+01 |147  0.01396   8.8573e+01
148 -0.00366   8.8593e+01 |149 -0.00900   8.8585e+01 |150  0.02587   8.8521e+01
151  0.04849   8.8337e+01 |152 -0.02571   8.8522e+01 |153  0.01702   8.8562e+01
154  0.06138   8.8183e+01 |155 -0.00252   8.8593e+01 |156 -0.06018   8.8198e+01
157  0.05547   8.8258e+01 |158 -0.01335   8.8575e+01 |159  0.02776   8.8510e+01
160  0.02812   8.8508e+01 |161  0.02476   8.8527e+01 |162  0.07496   8.7981e+01
163 -0.00292   8.8593e+01 |164  0.00024   8.8594e+01 |165 -0.03623   8.8451e+01
166  0.03918   8.8426e+01 |167  0.00826   8.8587e+01 |168  0.00979   8.8584e+01
169  0.02979   2.6807e+03 |170  0.12267   3.4004e+02 |171  0.05418   2.6774e+02
172  0.04202   1.9790e+02 |173  0.04613  -4.1156e+01 |174  0.07015   1.9177e+02
175  0.07246   3.1525e+02 |176  0.04485   2.4440e+02 |177  0.08144   2.6283e+02
178  0.14168   2.0500e+02 |179  0.15160   1.8676e+02 |180  0.15502   6.9317e+01
181 -0.20873   1.4478e+02 |182  0.06911   3.3995e+02 |183 -0.25588   1.6448e+02
184  0.03755   9.5753e+01 |185  0.06709   1.6301e+02 |186 -0.09785   8.1483e+01
187 -0.00202   2.4741e+02 |188 -0.08802   1.7257e+02 |189  0.01187   2.2070e+02
190  0.05365   3.6562e+02 |191  0.05400   9.2927e+01 |192  0.00149   5.8595e+01
193  0.03705   3.0409e+02 |194 -0.20147   1.7183e+02 |195  0.05422   3.4262e+02
196  0.10676   2.9956e+02 |197  0.14793   3.5432e+02 |198 -0.35665   1.4752e+02
199  0.06701   3.9106e+02 |200  0.03124   2.7571e+02 |201  0.07997   2.7663e+02
202  0.14501   1.3644e+02 |203  0.13666   1.9195e+02 |204  0.11515   2.4521e+02
205 -0.38482   1.4805e+02 |206 -0.22029   1.6118e+02 |207 -0.12320   1.7129e+02
208 -0.10317   1.6246e+02 |209 -0.01154   2.3868e+02 |210  0.07591   2.0996e+02
211 -0.19721   1.7220e+02 |212 -0.06926   1.9858e+02 |213 -0.07759  -1.4165e+02
214 -0.00857  -5.2893e-09 |215 -0.67099  -3.4405e+01 |216 -0.78720  -3.8418e+01
217 -0.04620   1.6902e+02 |218 -0.07847   3.4873e+01 |219 -0.20064  -6.4008e+01
220 -0.08179   8.7388e+00 |221  0.02467   1.6612e+01 |222  0.01082  -4.4743e+01
223  0.03175  -3.2463e+01 |224  0.00586  -2.7035e+01 |225 -0.01489  -3.6862e+01
226  0.09873  -3.8651e+01 |227  0.12428  -1.8001e+01 |228  0.21341  -1.1497e+01
229  0.03065  -3.1380e+01 |230  0.06181  -2.2338e+01 |231  0.05664  -3.4319e+01
232  0.05817  -4.9114e+01 |233  0.11925  -1.7504e+01 |234  0.05076  -4.1920e+01
235 -0.16057  -3.4270e+01 |236 -0.15934  -3.4906e+01 |237 -0.07740  -3.9567e+01
238 -0.11199  -4.7654e+01 |239 -0.22504  -6.0485e+01 |240 -0.25674  -5.8138e+01
241 -0.21385  -4.9850e+01 |242 -0.14601  -3.3873e+01 |243  0.04221  -1.0718e+01
244  0.07262  -8.1601e+00 |245 -0.06123  -2.9521e+01 |246 -0.23322  -4.0429e+01
247 -0.10174  -3.7118e+01 |248  0.04520  -2.1222e+01 |249  0.15381  -1.3917e+01
250  0.15369  -1.7108e+01 |251  0.03678  -4.2992e+01 |252 -0.04565  -1.6211e+01
253 -0.04862  -2.4350e+00 |254  0.08762  -1.1409e+00 |255  0.23256  -3.6803e+01
256  0.72435   1.1366e+01 |257 -0.12337  -3.0157e+01 |258  0.08937  -1.6934e+03
259  0.16014   2.2320e+02 |260 -0.85538   1.0067e+03 |261 -0.83350   2.1674e+02
262 -0.72298   8.8472e+01 |263  0.45055  -5.6660e+01 |264  0.34839  -6.3678e+01
265 -0.78426  -2.4789e+01 |266 -0.12234  -7.3195e+01 |267 -0.43512  -5.7818e+01
268 -0.34417  -6.3934e+01 |269 -0.77315  -2.6013e+01 |270  0.59864  -4.3959e+01
271  0.10967  -7.3464e+01 |272  0.74931  -2.8611e+01 |273  0.52929  -5.0246e+01
274  0.68875  -3.5022e+01 |275 -0.24423  -6.9148e+01 |276 -0.64327  -3.9631e+01
277  0.22095  -7.0122e+01 |278 -0.34964  -6.3601e+01 |279  0.57888  -4.5807e+01
280 -0.33187  -6.4663e+01 |281  0.50810  -5.2052e+01 |282 -0.43233  -5.8024e+01
283  0.35352  -6.3363e+01 |284  0.63020  -4.0920e+01 |285  0.48672  -5.3816e+01
286  0.60567  -4.3291e+01 |287  0.16999  -7.1925e+01 |288  0.35184  -6.3467e+01
289  0.45927  -5.5991e+01 |290 -0.39839  -6.0437e+01 |291 -0.28132  -6.7405e+01
292  0.45799  -5.6090e+01 |293 -0.48885  -5.3643e+01 |294 -0.50378  -5.2414e+01
295 -0.67846  -3.6081e+01 |296  0.34036  -6.4162e+01 |297 -0.74083  -2.9526e+01
298 -0.24068  -6.9302e+01 |299 -0.55927  -4.7598e+01 |300  0.34258  -6.4030e+01
301 -0.31065  -6.5865e+01 |302 -0.43793  -5.7610e+01 |303  0.45169  -1.7353e+03
304  0.26378  -7.0792e+01 |305 -0.94112  -3.0960e+03 |306  0.24247  -6.9670e+01
307 -0.90028  -1.1966e+03 |308 -0.41678  -2.1034e+02 |
37.5686 49.977 155.006 97.0998 
31.1112 31.1112 59.2624 86.1097 
32.3531 30.1684 0 2.27243 3.99939 
0 19.6473 0 0 1.00945 52.5434 0 
37.9882 48.2531 146.499 95.8233 
31.6043 31.6043 59.8299 87.2926 
30.5292 31.2259 0 1.50511 2.86785 
0 18.9227 0 0 0.977018 52.5709 0 
34.3958 49.3503 141.505 91.4381 
26.849 26.849 60.8944 83.5539 
27.7423 35.4713 0 1.34341 2.14618 
0 17.6654 0 0 0.93928 51.6625 0 
30.9114 52.8437 140.368 90.3709 
32.2214 32.2214 61.2885 81.8956 
25.2909 40.1049 0 1.11035 1.01459 
0 16.4321 0 0 0.914853 50.4402 0 
30.4681 51.866 137.421 89.2673 
32.7126 32.7126 61.4655 81.8209 
24.8173 40.1356 0 1.01999 0.671006 
0 16.1124 0 0 0.904714 49.8509 0 
29.7376 51.771 134.472 88.8484 
31.8901 31.8901 60.6167 81.1465 
23.7944 37.1061 0 0.885423 0.565465 
0 15.4541 0 0 0.879557 48.9165 0 
27.9426 50.2075 131.652 88.4479 
33.4534 33.4534 60.2455 81.946 
22.3665 32.8697 0 0.634945 0.329354 
0 14.5159 0 0 0.830156 47.9633 0 
30.1929 48.5649 132.687 88.4604 
28.2706 28.2706 60.128 82.1392 
20.9192 30.4012 0 0.399566 0.178393 
0 13.6 0 0 0.761048 45.6166 0 
28.8034 49.4035 128.792 88.2299 
30.9505 30.9505 63.1693 78.3987 
19.5952 28.3028 0 0.345398 0.222519 
0 12.8597 0 0 0.668829 45.347 0 
29.1751 48.5518 128.779 87.5226 
29.3266 29.3266 60.8556 79.9204 
20.2064 28.8332 0 0.372554 0.199389 
0 13.1977 0 0 0.714132 45.4209 0 
27.6303 50.4844 126.935 88.6961 
25.8707 25.8707 61.6503 78.1376 
19.5037 29.5252 0 0.329025 0.112007 
0 12.8696 0 0 0.662582 44.81 0 
308 variables; iteration 70; function evaluation 90; phase 1
Function value   6.4543746e+02; maximum gradient component mag  -2.3148e+03
Var   Value    Gradient   |Var   Value    Gradient   |Var   Value    Gradient
  1 -0.74531  -2.5431e-01 |  2 -0.38405  -1.1217e+00 |  3  0.24005  -2.6311e+01
  4  0.05446  -3.4206e+01 |  5  0.23251   4.0769e+01 |  6  0.21681   1.0779e+02
  7  0.21104   6.6140e+01 |  8  0.19521   3.6067e+01 |  9  0.17890   2.6188e+01
 10  0.16316  -2.0536e+01 | 11  0.00635  -4.4387e+01 | 12  0.13863  -3.9987e+01
 13  0.00632  -3.5985e+01 | 14  0.06959  -9.6906e+01 | 15 -0.57032  -2.6810e+00
 16 -1.49255   6.6324e-01 | 17  0.04825   6.7471e+01 | 18 -0.21202  -9.7171e-01
 19 -0.22285  -6.3173e-01 | 20 -0.33476   6.0042e-03 | 21 -0.34525   2.0259e-02
 22  0.21180   1.8392e+01 | 23 -0.16267  -8.3417e-03 | 24  0.11313   4.6516e+00
 25 -0.01898  -9.5406e+00 | 26  0.03646  -2.8763e+01 | 27  0.17593  -2.0502e+01
 28  0.05861  -5.8650e+01 | 29  0.18950   3.2123e+01 | 30  0.15976  -1.7026e+01
 31  0.19264   4.0733e+01 | 32  0.18534   4.4321e+01 | 33  0.08102  -3.0947e+01
 34 -2.18800  -1.3790e+02 | 35 -1.48968   1.9793e+01 | 36  0.16489  -2.9695e+01
 37  0.13157  -1.3463e+01 | 38 -0.53313  -4.7308e+00 | 39 -0.00353  -2.6711e+01
 40 -0.04531  -8.2379e+00 | 41 -0.03014   6.4077e-01 | 42 -0.02097   6.1756e+00
 43 -0.29267   7.4133e+01 | 44  0.25745   8.4089e+01 | 45  0.01791   9.9341e+01
 46 -0.20904   9.1739e+01 | 47 -0.13781   1.1602e+02 | 48 -0.09529   1.2125e+02
 49  0.08483   1.6420e+02 | 50 -0.11867   1.0095e+02 | 51 -0.14089   9.3149e+01
 52  0.26793   1.3362e+02 | 53  0.06054   1.1606e+02 | 54  0.12634   1.6873e+02
 55  0.09323   1.5350e+02 | 56 -0.06503   1.0364e+02 | 57 -0.07301   1.0067e+02
 58  0.22957   1.8518e+02 | 59  0.21097   1.7580e+02 | 60 -0.05947   1.0938e+02
 61 -0.00983   1.0520e+02 | 62  0.17939   9.6054e+01 | 63 -0.04810   8.3966e+01
 64 -0.16000   7.8218e+01 | 65  0.10216   8.1922e+01 | 66  0.08309   1.0479e+02
 67 -0.02938   1.0696e+02 | 68  0.01417   1.1492e+02 | 69 -0.08845   9.7076e+01
 70 -0.14926   8.6258e+01 | 71  0.25820   7.8853e+01 | 72  0.01507   9.5184e+01
 73 -0.34310   7.1206e+01 | 74 -0.06471   1.0341e+02 | 75  0.27268   1.7069e+02
 76  0.16344   1.3571e+02 | 77  0.18168   1.2286e+02 | 78  0.17952   1.0864e+02
 79  0.10456   7.1761e+01 | 80  0.15235   3.4567e+01 | 81 -0.28262   8.6588e+01
 82 -0.15278   8.9795e+01 | 83 -0.13970   8.7351e+01 | 84 -0.14668   8.7520e+01
 85  0.39084   7.5281e+01 | 86 -0.36550   2.4123e+01 | 87 -0.15436   4.0172e+01
 88 -0.04348   4.5305e+01 | 89 -0.00419   5.2902e+01 | 90  0.08242   6.1693e+01
 91  0.10977   7.1996e+01 | 92  0.09891   6.9344e+01 | 93  0.26671   1.0361e+02
 94  0.25121   7.6455e+01 | 95 -0.28125   3.4954e+01 | 96 -0.53210   1.6471e+01
 97  0.16259   6.2585e+01 | 98  0.14318   5.5359e+01 | 99  0.27995   9.8830e+01
100  0.20554   9.1551e+01 |101 -0.18863   3.6576e+01 |102  0.04447   6.0905e+01
103  0.11857   7.1629e+01 |104 -0.72116   8.0142e+00 |105 -0.46180   2.6034e+01
106 -0.23894   4.2559e+01 |107 -0.64938   1.0955e+01 |108 -0.10133   4.1935e+01
109  0.14607   1.2360e+01 |110  0.24229   1.6899e+01 |111  0.13504   5.3453e+01
112  0.04948   6.5196e+01 |113 -0.01081   5.8056e+01 |114  0.10833   5.9999e+01
115  0.11823   3.9659e+01 |116  0.22208   5.2119e+01 |117  0.25663   7.0113e+01
118  0.01709   5.1869e+01 |119 -0.09578   4.6625e+01 |120 -0.05963   4.2942e+01
121  0.16716   3.2861e+01 |122  0.26683   1.5428e+01 |123 -0.68893   2.4239e+01
124  0.21416   5.1992e+01 |125  0.18373   4.8773e+01 |126  0.01010   5.1355e+01
127 -0.01182   7.7694e+01 |128  0.00952   7.7699e+01 |129 -0.05362   7.7432e+01
130 -0.04892   7.7478e+01 |131  0.04613   7.7504e+01 |132 -0.00186   7.7707e+01
133 -0.05823   7.7383e+01 |134  0.03690   7.7577e+01 |135  0.02716   7.7637e+01
136 -0.00026   7.7708e+01 |137  0.02486   7.7648e+01 |138  0.01136   7.7695e+01
139 -0.01965   7.7671e+01 |140 -0.00625   7.7704e+01 |141 -0.03589   7.7584e+01
142 -0.00898   7.7700e+01 |143 -0.00040   7.7708e+01 |144  0.00768   7.7702e+01
145 -0.02690   7.7638e+01 |146  0.00653   7.7704e+01 |147  0.01368   7.7690e+01
148 -0.00467   7.7706e+01 |149 -0.01022   7.7698e+01 |150  0.02611   7.7642e+01
151  0.04979   7.7470e+01 |152 -0.02754   7.7635e+01 |153  0.01688   7.7680e+01
154  0.06332   7.7324e+01 |155 -0.00348   7.7706e+01 |156 -0.06311   7.7326e+01
157  0.05712   7.7395e+01 |158 -0.01473   7.7687e+01 |159  0.02810   7.7632e+01
160  0.02847   7.7630e+01 |161  0.02496   7.7648e+01 |162  0.07759   7.7131e+01
163 -0.00390   7.7706e+01 |164 -0.00061   7.7708e+01 |165 -0.03842   7.7566e+01
166  0.04004   7.7554e+01 |167  0.00774   7.7702e+01 |168  0.00933   7.7699e+01
169  0.02864   1.0754e+03 |170  0.07758   3.8781e+02 |171  0.02219   2.1527e+02
172  0.03075   1.4406e+02 |173  0.05283  -9.2210e+01 |174  0.04243   1.2318e+02
175  0.09264   3.4996e+02 |176 -0.02082   2.1654e+02 |177  0.09596   2.9751e+02
178  0.13875   2.0430e+02 |179  0.16254   2.7321e+02 |180  0.12057  -3.7902e+01
181 -0.09615   1.4840e+02 |182  0.04633   3.2069e+02 |183 -0.26902   1.9073e+02
184  0.02551   1.4503e+02 |185  0.02756   1.8918e+02 |186 -0.00768   1.9577e+02
187 -0.02339   2.8468e+02 |188 -0.01668   2.6662e+02 |189  0.02326   3.0376e+02
190  0.05816   4.0141e+02 |191  0.05044   2.2652e+02 |192  0.03771   1.5612e+02
193 -0.01339   1.8349e+02 |194 -0.11178   2.0308e+02 |195  0.02160   2.6852e+02
196  0.08209   3.3038e+02 |197  0.09604   2.2776e+02 |198 -0.46374   1.5429e+02
199  0.03651   1.4965e+02 |200  0.01419   2.0612e+02 |201  0.08716   2.6324e+02
202  0.14319   1.4742e+02 |203  0.13427   2.9479e+02 |204  0.09590   2.7843e+02
205 -0.14804   2.0685e+02 |206 -0.10219   2.3223e+02 |207 -0.40618   1.6927e+02
208 -0.05343   2.6570e+02 |209 -0.01259   2.5464e+02 |210  0.10281   2.7292e+02
211 -0.16460   2.0392e+02 |212 -0.04478   5.4394e+02 |213 -0.03859  -3.1500e+01
214 -0.00857  -5.2893e-09 |215 -0.68201  -8.2711e+01 |216 -0.79654   5.1802e+01
217 -0.05536  -1.0483e+02 |218 -0.05791   5.5517e+01 |219 -0.12478   4.6174e+01
220 -0.12418   4.2630e+01 |221 -0.07301   4.5120e+01 |222 -0.04257   4.9840e+01
223  0.02643   7.3279e+01 |224 -0.01787   4.0396e+01 |225 -0.02301   2.9982e+01
226  0.11501   2.8410e+01 |227  0.09654   2.3205e+01 |228  0.15737   4.4359e+01
229  0.04050   3.5383e+01 |230  0.05563   4.5405e+01 |231  0.05326   4.1979e+01
232  0.09309   5.8015e+01 |233  0.10360   5.0894e+01 |234  0.02553   7.7979e+00
235 -0.17275   1.9467e+01 |236 -0.12519   3.1505e+01 |237 -0.04192   1.9999e+01
238 -0.07723   2.0262e+01 |239 -0.18166   2.4136e+01 |240 -0.21185   3.4316e+01
241 -0.18068   2.9591e+01 |242 -0.10192   3.9307e+01 |243  0.06568   7.9473e+01
244  0.01050   6.3332e+01 |245 -0.11815   2.5584e+01 |246 -0.22711   2.0200e+01
247 -0.08130   2.3938e+01 |248  0.01101   4.0653e+01 |249  0.08526   5.9553e+01
250  0.14948   6.2742e+01 |251  0.07569   4.2767e+01 |252  0.01455   4.6127e+01
253  0.00273   2.8610e+01 |254  0.28126   8.0526e+01 |255  0.30386   5.3208e+01
256  0.47750   6.8400e+01 |257 -0.15750   3.2785e+01 |258  0.08724  -1.4133e+03
259  0.16402   3.3465e+02 |260 -0.85569   1.0493e+03 |261 -0.83595   1.6060e+02
262 -0.67207   5.7749e+01 |263  0.57201   1.4399e+02 |264  0.21388   2.1829e+02
265 -0.91254   3.1667e+01 |266 -0.18567   2.2145e+02 |267 -0.38879   1.8942e+02
268 -0.27942   2.0930e+02 |269 -0.91561   3.0562e+01 |270  0.72889   9.5516e+01
271  0.19236   2.2074e+02 |272  0.95501   1.6327e+01 |273  0.59911   1.3617e+02
274  0.84988   5.4020e+01 |275 -0.36569   1.9411e+02 |276 -0.81077   6.7718e+01
277  0.34827   1.9747e+02 |278 -0.14776   2.2502e+02 |279  0.69381   1.0697e+02
280 -0.23788   2.1526e+02 |281  0.61695   1.3088e+02 |282 -0.19698   2.2024e+02
283  0.22561   2.1685e+02 |284  0.81258   6.7092e+01 |285  0.49606   1.6450e+02
286  0.74369   9.0597e+01 |287  0.28054   2.0913e+02 |288  0.14085   2.2558e+02
289  0.48846   1.6643e+02 |290 -0.48266   1.6789e+02 |291 -0.51205   1.6037e+02
292  0.48791   1.6657e+02 |293 -0.59260   1.3807e+02 |294 -0.65319   1.1982e+02
295 -0.77592   7.9714e+01 |296  0.19530   2.2042e+02 |297 -0.86997   4.6899e+01
298 -0.36093   1.9504e+02 |299 -0.72384   9.7183e+01 |300  0.48200   1.6805e+02
301 -0.44856   1.7616e+02 |302 -0.35503   1.9618e+02 |303  0.45359  -1.3490e+03
304  0.22660  -1.0347e+02 |305 -0.93925  -2.3148e+03 |306  0.21455  -9.8617e+01
307 -0.89005  -7.2926e+02 |308 -0.44401  -1.6775e+02 |
27.4027 47.3484 124.887 91.8862 
27.604 27.604 61.0327 76.2863 
18.8902 27.3122 0 0.1827 0.0272939 
0 12.5226 0 0 0.578283 44.8997 0 
26.4883 47.4135 123.726 92.919 
24.953 24.953 60.1896 75.5186 
17.8031 24.256 0 0.11922 0.00387418 
0 12.1087 0 0 0.488365 44.764 0 
25.7899 48.7625 120.342 98.8523 
25.1124 25.1124 59.8067 71.5066 
16.723 21.8164 0 0.00889481 0.142633 
0 11.8154 0 0 0.401083 43.7662 0 
26.2605 47.8168 124.796 101.078 
23.2878 23.2878 59.6213 70.4051 
15.5263 19.6753 0 0.0039036 0.320572 
0 11.5695 0 0 0.369641 42.7153 0 
25.7087 48.2813 124.59 100.65 
21.7254 21.7254 59.7941 70.5231 
15.035 19.8369 0 0.0100084 0.345762 
0 11.5037 0 0 0.367279 42.935 0 
24.8027 47.8391 121.893 98.4003 
21.7055 21.7055 59.9 69.3055 
14.4984 20.0072 0 0.0439754 0.356051 
0 11.442 0 0 0.370932 42.9773 0 
23.4532 44.889 122.238 96.3506 
19.9894 19.9894 60.1839 66.9088 
13.9029 21.2392 0 0.109973 0.39992 
0 11.4975 0 0 0.375842 42.5961 0 
23.1404 40.136 120.185 92.3947 
18.6289 18.6289 61.6074 66.1994 
13.0795 21.9151 0 0.318578 0.489114 
0 11.651 0 0 0.374726 41.2012 0 
22.9598 38.1803 118.934 81.9778 
19.1087 19.1087 64.4812 62.2661 
12.4583 19.0236 0 0.492434 0.638009 
0 12.0024 0 0 0.368775 41.4914 0 
22.1538 34.3206 119.457 77.1109 
20.4261 20.4261 63.0597 59.7222 
12.5995 22.6544 0 0.808181 0.865797 
0 12.7492 0 0 0.377291 40.0498 0 
22.2149 35.2127 118.399 75.3956 
19.6302 19.6302 63.1095 61.0167 
12.4405 19.7304 0 0.70288 0.792113 
0 12.4636 0 0 0.374012 40.4899 0 
308 variables; iteration 80; function evaluation 101; phase 1
Function value   5.2015167e+02; maximum gradient component mag  -2.1907e+03
Var   Value    Gradient   |Var   Value    Gradient   |Var   Value    Gradient
  1 -0.76687  -2.3381e-01 |  2  0.14202  -1.6624e+01 |  3  0.23722   2.4757e+01
  4  0.04048  -3.4854e+01 |  5  0.21003  -7.2983e+01 |  6  0.21601   2.8778e+01
  7  0.16996  -8.6464e+01 |  8  0.20320   6.0594e+01 |  9  0.16874  -9.3615e+00
 10  0.15700  -6.0162e+01 | 11 -0.07987  -3.9742e+01 | 12  0.15630   6.8187e+01
 13 -0.06094  -2.1462e+01 | 14  0.09323  -3.0146e+01 | 15 -0.17209  -3.9390e+00
 16 -2.07414  -1.0577e+02 | 17  0.03750   2.6960e+01 | 18 -0.10781  -2.2752e+01
 19 -0.15599  -8.1680e+00 | 20 -0.33276   1.7507e-02 | 21 -0.34074  -4.6007e-01
 22  0.14527   2.5304e+00 | 23 -0.16196  -4.4831e-03 | 24 -0.07828  -1.4125e+00
 25  0.16848   3.2979e+01 | 26  0.11069  -1.7619e+01 | 27  0.16893  -1.5082e+01
 28  0.17394  -1.6745e+01 | 29  0.16010  -3.0846e+00 | 30  0.15338  -1.4435e+01
 31  0.15074  -3.3116e+01 | 32  0.18235   5.2779e+01 | 33  0.02588  -4.0220e+01
 34 -2.16317  -6.2892e+01 | 35  0.08246  -2.7457e+01 | 36  0.16205   3.6372e+01
 37  0.09032   2.4609e+01 | 38 -0.36670  -5.9267e+00 | 39 -0.15689  -5.4342e+00
 40 -0.20698  -2.6464e+00 | 41  0.00203   1.2022e+01 | 42 -0.30649  -4.8557e-01
 43 -0.03986   2.1174e+00 | 44  0.14235   2.9763e+01 | 45  0.01579  -5.4295e-01
 46 -0.28270  -1.1218e+01 | 47 -0.15616   6.0864e+00 | 48 -0.10906   8.7569e+00
 49 -0.07361   8.0014e+00 | 50  0.08679   3.1074e+01 | 51 -0.08686  -8.2198e+00
 52  0.14241   1.7022e+01 | 53  0.07885   3.7453e+01 | 54  0.06059   4.8794e+01
 55  0.05411   4.9029e+01 | 56 -0.07578   6.6321e+00 | 57 -0.03102   1.3211e+01
 58  0.20025   1.2419e+02 | 59  0.15949   9.6140e+01 | 60 -0.16070   8.2882e-01
 61 -0.07125   4.5325e+00 | 62  0.08394   1.6555e+01 | 63  0.01695   1.7208e+01
 64  0.10504   5.6127e+01 | 65 -0.07486   1.3659e+01 | 66  0.04175   4.0493e+01
 67 -0.00773   2.1305e+01 | 68 -0.14974  -3.6286e+00 | 69 -0.12857   2.7965e+00
 70 -0.05743   1.8956e+01 | 71  0.17966   1.1301e+02 | 72  0.05592   5.4473e+01
 73 -0.12324   8.4748e+00 | 74 -0.18600  -4.3149e+00 | 75  0.19089   5.8125e+01
 76  0.02897   1.5082e+01 | 77  0.04210   1.2537e+01 | 78  0.13175   1.7563e+01
 79  0.12189  -1.4071e+01 | 80  0.11593  -3.4666e+01 | 81  0.07846  -5.1981e+00
 82 -0.34552  -1.5321e+01 | 83  0.05023   1.9095e+00 | 84  0.00221  -5.5309e+00
 85  0.30085   1.1545e+01 | 86  0.05783  -4.2093e-01 | 87 -0.09191  -1.4287e+00
 88 -0.08758   7.7933e+00 | 89 -0.11147   4.3960e+00 | 90  0.03418   6.6468e+00
 91  0.07639  -1.4233e+00 | 92 -0.01469  -4.0520e+00 | 93  0.24671   2.3139e+01
 94 -0.06184  -8.4893e+00 | 95 -0.26181  -2.9832e+00 | 96 -0.39350  -1.3662e+01
 97  0.22417   1.9218e+01 | 98 -0.10166  -8.9019e+00 | 99  0.28083   7.6509e+01
100  0.18631   5.4590e+01 |101 -0.01048   1.3353e+01 |102  0.00732   1.5243e+01
103  0.08125   2.6496e+01 |104 -0.59851  -1.2757e+01 |105 -0.35363  -4.8095e+00
106 -0.19325   1.6113e+00 |107 -0.42763  -1.3082e+01 |108  0.12032   1.1387e+01
109  0.26746   2.7250e+01 |110  0.03369   1.3358e+00 |111 -0.02716   5.2602e-02
112  0.06775   2.3275e+01 |113 -0.14918  -2.8272e-01 |114  0.09415   2.4569e+01
115  0.09172   8.2170e+00 |116  0.15680   2.8461e+01 |117  0.18854   3.1451e+01
118  0.16164   2.7545e+01 |119  0.03982   1.3280e+01 |120 -0.11776  -5.0485e-01
121 -0.00451  -3.2473e+00 |122  0.29567   3.6274e+00 |123 -0.73644   3.2623e+00
124  0.20748   1.3056e+01 |125  0.14472   9.2930e+00 |126  0.14062   1.3481e+01
127 -0.01420   6.4271e+01 |128  0.00858   6.4281e+01 |129 -0.05735   6.4026e+01
130 -0.05258   6.4068e+01 |131  0.04905   6.4096e+01 |132 -0.00363   6.4286e+01
133 -0.06201   6.3982e+01 |134  0.03868   6.4168e+01 |135  0.02786   6.4226e+01
136 -0.00192   6.4287e+01 |137  0.02532   6.4236e+01 |138  0.01057   6.4278e+01
139 -0.02242   6.4247e+01 |140 -0.00830   6.4282e+01 |141 -0.03926   6.4165e+01
142 -0.01120   6.4277e+01 |143 -0.00207   6.4287e+01 |144  0.00660   6.4284e+01
145 -0.02997   6.4216e+01 |146  0.00536   6.4285e+01 |147  0.01309   6.4273e+01
148 -0.00662   6.4284e+01 |149 -0.01251   6.4275e+01 |150  0.02670   6.4231e+01
151  0.05320   6.4063e+01 |152 -0.03064   6.4213e+01 |153  0.01657   6.4265e+01
154  0.06870   6.3913e+01 |155 -0.00536   6.4285e+01 |156 -0.06691   6.3932e+01
157  0.06156   6.3987e+01 |158 -0.01726   6.4263e+01 |159  0.02889   6.4221e+01
160  0.02930   6.4219e+01 |161  0.02543   6.4236e+01 |162  0.08535   6.3710e+01
163 -0.00580   6.4284e+01 |164 -0.00229   6.4287e+01 |165 -0.04186   6.4148e+01
166  0.04219   6.4146e+01 |167  0.00666   6.4284e+01 |168  0.00838   6.4282e+01
169  0.03005  -7.2635e+01 |170  0.02847   1.3106e+02 |171  0.01748   1.4840e+02
172  0.01729   8.6036e+01 |173  0.05895  -5.1612e+01 |174  0.01910   3.2231e+01
175  0.06596   1.5421e+02 |176 -0.04753   6.1460e+01 |177  0.07776   1.8369e+02
178  0.10833   7.4197e+01 |179  0.12559   2.8244e+01 |180  0.13247  -1.7222e+01
181 -0.05932  -8.7648e+00 |182  0.03853   1.6306e+02 |183 -0.07942   6.6648e+01
184  0.02592   2.2459e+01 |185 -0.02432  -2.4787e+01 |186 -0.00769   7.8678e+01
187 -0.06267   9.2863e+01 |188 -0.00898   1.2587e+02 |189  0.00787   4.0019e+01
190  0.05005   5.8904e+01 |191 -0.00912  -5.2600e+01 |192  0.02168   5.0151e+01
193 -0.02813   1.0435e+02 |194 -0.09674   7.4394e+01 |195 -0.00484   6.2105e+01
196  0.04617  -3.1559e+01 |197  0.06776  -2.0825e+01 |198 -0.18495   2.6399e+01
199  0.01545  -4.9369e-01 |200  0.00929   1.0831e+02 |201  0.06133   1.5214e+02
202  0.10522   6.2310e+00 |203  0.09819   3.0315e+01 |204  0.09797   1.5334e+02
205 -0.09158   7.0061e+01 |206 -0.15329   5.0941e+01 |207 -0.40043   5.0741e+01
208 -0.06972   7.7869e+01 |209 -0.04278   6.8312e+01 |210  0.10042   1.5961e+02
211 -0.02951   6.4556e+01 |212 -0.01296   1.1562e+03 |213 -0.01391   1.2931e+02
214 -0.00857  -5.2893e-09 |215 -0.66937  -1.2711e+01 |216 -0.82207  -6.7806e+01
217 -0.00181   1.8015e+02 |218 -0.08680   8.3671e+01 |219 -0.13997   7.7924e+01
220 -0.12223   5.3631e+01 |221 -0.09890   3.0932e+01 |222 -0.07364   4.1813e+01
223 -0.00935   5.3351e+01 |224 -0.01013   6.3077e+01 |225 -0.00301   8.7964e+01
226  0.15831   6.8576e+01 |227  0.10027   5.2542e+01 |228  0.12513   6.5368e+01
229  0.01755   5.6105e+01 |230  0.09651   6.2015e+01 |231  0.07747   6.7943e+01
232  0.13555   9.2444e+01 |233  0.13323   8.4832e+01 |234  0.03643   4.2496e+01
235 -0.16315   3.1885e+01 |236 -0.13260   3.6335e+01 |237 -0.03670   3.8912e+01
238 -0.06925   4.1525e+01 |239 -0.17638   4.3143e+01 |240 -0.19522   5.6944e+01
241 -0.10516   5.8083e+01 |242  0.08771   6.6809e+01 |243  0.15034   8.1289e+01
244  0.00390   7.4407e+01 |245 -0.09404   5.6071e+01 |246 -0.21975   5.2269e+01
247 -0.07575   6.0730e+01 |248  0.01798   5.5429e+01 |249  0.09985   6.1132e+01
250  0.12020   5.4357e+01 |251  0.14032   7.0247e+01 |252  0.06671   5.7213e+01
253 -0.01628   4.0196e+01 |254  0.06163   6.0123e+01 |255  0.25502   6.4825e+01
256  0.18312   2.8095e+01 |257 -0.16096   6.0141e+01 |258  0.09990  -6.5048e+02
259  0.15766   1.2767e+02 |260 -0.86261   2.9990e+02 |261 -0.84137   7.7147e+01
262 -0.67316   4.9753e+01 |263  0.50570  -1.0167e+01 |264  0.16946  -1.3998e+01
265 -0.79942  -4.4961e+00 |266 -0.31111  -1.2810e+01 |267 -0.26230  -1.3294e+01
268 -0.20004  -1.3798e+01 |269 -0.85098  -3.3652e+00 |270  0.68976  -6.7938e+00
271  0.19729  -1.3817e+01 |272  0.86616  -3.0278e+00 |273  0.74837  -5.5866e+00
274  0.71737  -6.2317e+00 |275 -0.36469  -1.2192e+01 |276 -0.66171  -7.3519e+00
277  0.40218  -1.1708e+01 |278  0.28741  -1.3055e+01 |279  0.63307  -7.9069e+00
280 -0.08890  -1.4367e+01 |281  0.52719  -9.8118e+00 |282 -0.04048  -1.4479e+01
283  0.19135  -1.3858e+01 |284  0.79489  -4.5941e+00 |285  0.24324  -1.3462e+01
286  0.71170  -6.3480e+00 |287  0.32438  -1.2666e+01 |288 -0.33213  -1.2579e+01
289  0.25197  -1.3387e+01 |290 -0.58086  -8.8770e+00 |291 -0.44747  -1.1070e+01
292  0.25236  -1.3384e+01 |293 -0.35027  -1.2367e+01 |294 -0.64495  -7.6786e+00
295 -0.80642  -4.3440e+00 |296  0.13460  -1.4186e+01 |297 -0.84009  -3.6061e+00
298 -0.36512  -1.2187e+01 |299 -0.64926  -7.5951e+00 |300  0.48879  -1.0438e+01
301 -0.34608  -1.2417e+01 |302 -0.26250  -1.3293e+01 |303  0.46432  -6.4716e+02
304  0.20673  -4.2729e+01 |305 -0.94354  -2.1907e+03 |306  0.27037   2.2493e+00
307 -0.88180  -5.5432e+02 |308 -0.46941  -2.1274e+02 |
20.8915 113.114 119.726 266.894 
82.7558 82.7558 204.38 135.618 
12.8471 170.303 0 1.22525 1.14014 
0 13.2765 0 0 0.38874 40.3088 0 
21.6066 34.0482 116.869 75.191 
20.1464 20.1464 62.0797 59.6332 
12.4568 21.0577 0 0.831871 0.881328 
0 12.6439 0 0 0.377299 40.4377 0 
21.117 34.9585 116.499 72.9405 
18.1641 18.1641 60.7147 59.7196 
12.3116 22.2504 0 0.783775 0.905538 
0 12.7448 0 0 0.378737 42.0228 0 
20.4085 34.1599 115.19 71.9115 
18.9482 18.9482 60.0145 59.6063 
12.2934 20.913 0 1.00451 1.01814 
0 12.8322 0 0 0.380057 43.1255 0 
20.7834 34.1337 116.166 69.8428 
18.3914 18.3914 59.4195 58.6115 
12.4318 20.4357 0 1.1044 0.954102 
0 12.8926 0 0 0.379548 43.6866 0 
21.0569 32.9733 116.319 68.7865 
18.791 18.791 58.3383 58.8194 
12.5546 19.8101 0 1.20274 0.963421 
0 12.9461 0 0 0.37595 42.8653 0 
21.1563 31.4992 114.624 68.4344 
18.6783 18.6783 58.5582 59.0993 
12.6704 19.8923 0 1.28986 1.14826 
0 12.709 0 0 0.371631 42.0561 0 
21.1582 31.0865 114.135 67.5344 
16.7918 16.7918 59.2182 59.4085 
12.7998 22.0714 0 1.2895 1.22108 
0 12.2809 0 0 0.374208 40.6069 0 
20.8261 30.4936 113.743 66.6748 
16.2259 16.2259 58.7008 59.3284 
12.9307 22.2219 0 1.32055 1.23475 
0 11.7811 0 0 0.376749 40.3439 0 
20.3996 29.1021 111.198 65.2139 
17.018 17.018 59.1202 59.4257 
13.1762 22.1261 0 1.50202 1.48286 
0 11.3822 0 0 0.367259 41.1105 0 
20.2972 29.5881 109.566 63.3919 
17.3685 17.3685 59.7372 58.6315 
13.3473 22.8153 0 1.48023 1.37557 
0 10.8943 0 0 0.359378 40.8575 0 
308 variables; iteration 90; function evaluation 112; phase 1
Function value   4.8225313e+02; maximum gradient component mag  -1.6508e+03
Var   Value    Gradient   |Var   Value    Gradient   |Var   Value    Gradient
  1 -0.63748  -3.5204e-01 |  2  0.16478  -1.6661e+01 |  3  0.25175   4.7598e+01
  4  0.08880  -3.9962e+01 |  5  0.21500  -1.0172e+02 |  6  0.23230   6.0978e+01
  7  0.16796  -7.4283e+01 |  8  0.19693  -1.8855e+01 |  9  0.17034  -4.2741e+01
 10  0.14650  -4.1543e+01 | 11 -0.09002  -3.9501e+01 | 12  0.17464   1.3599e+02
 13  0.00461  -2.7015e+01 | 14  0.10833   3.7147e+01 | 15  0.04191   2.2866e+01
 16 -2.07456  -6.4327e+01 | 17  0.01884   1.4806e+01 | 18 -0.04985  -1.9676e+01
 19 -0.02118   9.4077e+00 | 20 -0.33276   1.1068e-02 | 21 -0.32889  -7.8900e-01
 22  0.15885   2.7286e-01 | 23 -0.16140  -9.7416e-03 | 24 -0.20785  -1.4444e+00
 25  0.18577   2.3700e+01 | 26  0.17514   2.2237e-01 | 27  0.21627   1.7380e+01
 28  0.18868  -3.7815e+01 | 29  0.18582  -9.8376e+00 | 30  0.20953   3.5859e+01
 31  0.21264   2.3926e+01 | 32  0.20115   2.4759e+01 | 33  0.07868  -3.7833e+01
 34 -2.15980   9.7453e+00 | 35  0.19079   8.7502e+01 | 36  0.18581   5.6274e+01
 37  0.11249   1.4534e+01 | 38  0.07895   3.9899e-01 | 39 -0.37354  -2.2811e+00
 40 -0.36952  -1.5392e+00 | 41  0.01412   1.0968e+01 | 42 -0.51563  -1.3674e-01
 43 -0.04653   2.6655e+00 | 44  0.15558   6.2488e+01 | 45 -0.11152  -7.8805e+00
 46 -0.26768  -1.2304e+01 | 47 -0.23955  -7.5646e+00 | 48 -0.17844  -3.2403e+00
 49 -0.08047   7.3272e+00 | 50  0.07492   3.7368e+01 | 51  0.05487   1.8941e+01
 52  0.08010   1.9793e+01 | 53  0.07229   3.7688e+01 | 54  0.04733   4.7007e+01
 55  0.04056   5.3172e+01 | 56 -0.04040   2.0746e+01 | 57  0.01385   3.5538e+01
 58  0.18969   1.4430e+02 | 59  0.14144   9.7970e+01 | 60 -0.14443   4.8278e+00
 61 -0.06970   7.7987e+00 | 62  0.11210   3.1820e+01 | 63 -0.09276  -3.0228e+00
 64  0.07446   8.7192e+00 | 65 -0.16313  -7.7770e+00 | 66  0.04680   1.8009e+01
 67 -0.01300   5.4372e+00 | 68 -0.19653  -1.3298e+01 | 69 -0.14328  -1.2713e+01
 70 -0.05658  -7.2480e+00 | 71  0.15002   1.1425e+01 | 72  0.07666   3.0654e+01
 73 -0.06022   1.6511e+01 | 74 -0.08429   1.0553e+01 | 75  0.17854   6.9311e+01
 76  0.04891   1.2644e+01 | 77 -0.06981  -5.6259e+00 | 78  0.09074   9.7877e+00
 79  0.11631  -5.8738e+00 | 80  0.19678  -2.8101e+01 | 81  0.42293  -4.1388e+00
 82 -0.36008  -1.5242e+01 | 83  0.01219   1.8397e+00 | 84  0.05994  -3.1562e+00
 85  0.30150  -3.4101e+00 | 86  0.13240   1.4594e+01 | 87  0.07097   2.6628e+01
 88 -0.05697   2.7183e+01 | 89 -0.13429   1.8197e+01 | 90  0.02267   2.1986e+01
 91  0.13091   1.2890e+01 | 92  0.04854   1.1273e+01 | 93  0.22316   3.1495e+01
 94 -0.12472   6.5247e+00 | 95 -0.29862   8.0475e+00 | 96 -0.29756   1.5038e+00
 97  0.21951   3.6133e+01 | 98 -0.11790   3.0979e+00 | 99  0.26180   7.3330e+01
100  0.17526   6.0638e+01 |101  0.00745   2.8475e+01 |102 -0.02420   2.6476e+01
103  0.04404   3.6925e+01 |104 -0.49101  -3.3588e+00 |105 -0.29159   8.5111e+00
106 -0.18589   1.3084e+01 |107 -0.26876   2.8999e+00 |108  0.18448   1.6760e+01
109  0.21483   1.9793e+01 |110 -0.02338   7.1627e+00 |111  0.00974   5.8800e+00
112  0.06060   1.8505e+01 |113 -0.16839   7.1587e+00 |114  0.09036   1.9527e+01
115  0.10068   4.1526e+00 |116  0.11293   1.5412e+01 |117  0.11636   2.0750e+01
118  0.10970   2.7941e+01 |119  0.06746   2.7950e+01 |120 -0.20884   8.6306e+00
121 -0.13879   6.9220e+00 |122  0.32245   3.5651e+01 |123 -0.90737   3.0954e+00
124  0.15923   1.9598e+01 |125  0.16945   2.8785e+01 |126  0.10837   2.4925e+01
127 -0.01619   5.9646e+01 |128  0.00766   5.9661e+01 |129 -0.05943   5.9406e+01
130 -0.05476   5.9445e+01 |131  0.05233   5.9464e+01 |132 -0.00523   5.9663e+01
133 -0.06399   5.9364e+01 |134  0.04057   5.9544e+01 |135  0.02853   5.9605e+01
136 -0.00344   5.9665e+01 |137  0.02575   5.9617e+01 |138  0.00978   5.9658e+01
139 -0.02460   5.9621e+01 |140 -0.01009   5.9658e+01 |141 -0.04157   5.9538e+01
142 -0.01309   5.9653e+01 |143 -0.00360   5.9664e+01 |144  0.00555   5.9663e+01
145 -0.03225   5.9589e+01 |146  0.00424   5.9664e+01 |147  0.01248   5.9654e+01
148 -0.00835   5.9660e+01 |149 -0.01444   5.9650e+01 |150  0.02726   5.9611e+01
151  0.05710   5.9426e+01 |152 -0.03292   5.9586e+01 |153  0.01623   5.9646e+01
154  0.07528   5.9249e+01 |155 -0.00703   5.9662e+01 |156 -0.06877   5.9318e+01
157  0.06684   5.9337e+01 |158 -0.01934   5.9638e+01 |159  0.02967   5.9601e+01
160  0.03013   5.9599e+01 |161  0.02586   5.9616e+01 |162  0.09544   5.8996e+01
163 -0.00750   5.9661e+01 |164 -0.00383   5.9664e+01 |165 -0.04416   5.9522e+01
166  0.04453   5.9520e+01 |167  0.00562   5.9663e+01 |168  0.00745   5.9661e+01
169  0.03486   1.5985e+02 |170  0.02097   4.7874e+01 |171 -0.00031   9.3694e+01
172  0.02144   1.4074e+02 |173  0.05400  -4.3078e+01 |174  0.00809  -5.0402e+01
175  0.04400   8.3761e+00 |176  0.01108   2.6968e+01 |177  0.05676   7.1908e+01
178  0.09762   3.4953e+01 |179  0.11805   7.1386e+00 |180  0.12044  -7.8589e+01
181 -0.00859  -9.3011e+01 |182  0.02108   6.6877e+01 |183 -0.04507   2.1973e+01
184  0.00078  -3.2067e+01 |185 -0.01313  -5.7732e+01 |186 -0.02230   7.7996e+00
187 -0.06899   3.3597e+01 |188 -0.02532   4.7853e+01 |189 -0.01281  -5.0172e+00
190  0.04301   1.5532e+02 |191 -0.01724  -6.4946e+01 |192  0.00300  -3.7606e+01
193 -0.02797   5.9294e+01 |194 -0.11262   3.4619e+01 |195  0.01368   1.8033e+02
196  0.04757   4.8681e+01 |197  0.06118   8.1506e+00 |198 -0.13302  -3.9609e+01
199 -0.01145  -1.3413e+02 |200 -0.00655   2.9508e+00 |201  0.03237   5.6023e+01
202  0.10843   4.3121e+01 |203  0.09542   5.6545e+01 |204  0.09739   8.7762e+01
205 -0.10534   1.2416e+01 |206 -0.16093   5.5615e-02 |207 -0.29360   8.2134e+00
208 -0.09119   2.0006e+01 |209 -0.05948   1.5901e+01 |210  0.06382   5.0931e+01
211  0.07187   1.7831e+01 |212 -0.00445   1.0378e+03 |213 -0.00822  -1.4710e+00
214 -0.00857  -5.2893e-09 |215 -0.65344   6.6822e+00 |216 -0.81770  -2.3595e+01
217  0.00149   2.7842e+02 |218 -0.13467   1.0237e+02 |219 -0.12849   9.7094e+01
220 -0.07843   5.3770e+01 |221 -0.07981   8.8152e+00 |222 -0.07105   2.2067e+01
223 -0.02004   3.4907e+01 |224  0.00640   6.9011e+01 |225  0.00850   8.6503e+01
226  0.14986   5.8918e+01 |227  0.10033   4.9903e+01 |228  0.12862   6.0760e+01
229  0.01742   4.4557e+01 |230  0.08499   4.5810e+01 |231  0.08187   6.6951e+01
232  0.12757   8.5641e+01 |233  0.12342   7.0692e+01 |234  0.06139   4.9975e+01
235 -0.13829   4.0015e+01 |236 -0.14829   1.3246e+01 |237 -0.03298   3.7737e+01
238 -0.05906   4.0299e+01 |239 -0.17924   3.3552e+01 |240 -0.21281   3.3083e+01
241 -0.05789   6.9455e+01 |242  0.09988   6.4915e+01 |243  0.08929   6.4886e+01
244 -0.02705   6.6373e+01 |245 -0.08709   6.9550e+01 |246 -0.20841   5.8657e+01
247 -0.06852   6.3419e+01 |248  0.02091   5.3173e+01 |249  0.09808   7.0288e+01
250  0.08464   5.1030e+01 |251  0.09498   8.0454e+01 |252  0.06184   5.3364e+01
253  0.02507   4.8196e+01 |254  0.04176   4.6125e+01 |255  0.22841   5.7998e+01
256  0.21707   3.3022e+01 |257 -0.14811   6.3587e+01 |258  0.10090  -7.4969e+02
259  0.15608   9.5141e+01 |260 -0.86339   2.6113e+02 |261 -0.84270   4.4506e+01
262 -0.71209   6.0208e+01 |263  0.31540  -4.5291e+01 |264  0.18690  -4.9279e+01
265 -0.51745  -3.5391e+01 |266 -0.27129  -4.6877e+01 |267 -0.11452  -5.0651e+01
268 -0.28212  -4.6508e+01 |269 -0.64283  -2.7391e+01 |270  0.54950  -3.3465e+01
271  0.19810  -4.9009e+01 |272  0.50939  -3.5862e+01 |273  0.69597  -2.3662e+01
274  0.62560  -2.8561e+01 |275 -0.17774  -4.9488e+01 |276 -0.38680  -4.2268e+01
277  0.36881  -4.3081e+01 |278  0.31607  -4.5266e+01 |279  0.53027  -3.4631e+01
280 -0.08330  -5.1041e+01 |281  0.38033  -4.2564e+01 |282 -0.10475  -5.0786e+01
283  0.21845  -4.8480e+01 |284  0.44076  -3.9628e+01 |285  0.09104  -5.0956e+01
286  0.54530  -3.3723e+01 |287  0.32399  -4.4957e+01 |288 -0.50368  -3.6192e+01
289  0.05971  -5.1255e+01 |290 -0.51615  -3.5468e+01 |291 -0.42296  -4.0531e+01
292  0.05866  -5.1263e+01 |293 -0.27073  -4.6896e+01 |294 -0.49390  -3.6750e+01
295 -0.68103  -2.4728e+01 |296  0.13710  -5.0292e+01 |297 -0.66395  -2.5931e+01
298 -0.18334  -4.9361e+01 |299 -0.44530  -3.9392e+01 |300  0.32463  -4.4932e+01
301 -0.05865  -5.1263e+01 |302 -0.11712  -5.0613e+01 |303  0.46149  -8.1528e+02
304  0.27389  -2.3254e+01 |305 -0.93999  -1.6508e+03 |306  0.20862  -1.5392e+00
307 -0.87880  -4.2296e+02 |308 -0.48184  -1.6183e+02 |
20.1544 30.3468 107.48 63.8446 
19.2062 19.2062 60.2595 58.5607 
13.8146 21.1994 0 1.27556 1.51616 
0 10.4335 0 0 0.349967 40.0995 0 
19.8957 29.878 106.863 63.6119 
19.7672 19.7672 59.6748 58.7019 
14.0689 20.7871 0 1.15126 1.63467 
0 10.2765 0 0 0.347123 39.7726 0 
19.6827 28.7651 106.182 63.7294 
19.7694 19.7694 58.9946 58.4845 
14.4439 20.2698 0 1.02795 1.70305 
0 10.0129 0 0 0.347264 39.8927 0 
19.8163 28.2162 103.742 63.817 
18.5613 18.5613 58.4602 58.5979 
14.9619 20.5532 0 0.867532 1.54175 
0 9.7798 0 0 0.357134 39.8502 0 
18.5913 26.3263 104.095 63.7173 
18.3744 18.3744 58.6384 57.8617 
15.6513 22.323 0 0.532861 1.64239 
0 9.73303 0 0 0.372932 38.884 0 
18.2101 25.5672 104.493 62.2562 
18.7651 18.7651 57.4201 57.86 
16.0515 21.7986 0 0.494532 1.88528 
0 9.98325 0 0 0.375765 39.0065 0 
18.4803 24.9889 103.051 60.959 
19.2348 19.2348 56.9052 57.6387 
16.4381 19.9262 0 0.436988 1.84178 
0 10.2873 0 0 0.382035 39.5177 0 
18.8729 24.2872 103.263 61.0841 
19.9257 19.9257 57.4338 57.2782 
16.7958 18.7159 0 0.263887 1.633 
0 10.4011 0 0 0.390641 39.2392 0 
19.0164 23.7781 102.939 60.7393 
19.6738 19.6738 57.3649 57.0698 
16.9106 18.1019 0 0.223923 1.62899 
0 10.4002 0 0 0.397676 39.0064 0 
18.7347 23.6821 101.636 59.9011 
18.892 18.892 56.9362 56.8815 
17.0388 18.3417 0 0.187125 1.70978 
0 10.4091 0 0 0.405572 39.2909 0 
308 variables; iteration 100; function evaluation 122; phase 1
Function value   4.5158153e+02; maximum gradient component mag  -8.1154e+02
Var   Value    Gradient   |Var   Value    Gradient   |Var   Value    Gradient
  1 -0.30552  -5.7940e-01 |  2  0.11745  -1.9651e+01 |  3  0.24307  -2.4616e+01
  4  0.15787  -8.0042e+01 |  5  0.18810  -1.2544e+02 |  6  0.22306   1.2199e+01
  7  0.16815  -7.8614e+01 |  8  0.17390  -7.2811e+01 |  9  0.16313  -6.1294e+01
 10  0.15160  -3.1335e+01 | 11 -0.05802  -3.9893e+01 | 12  0.15905   9.6339e+01
 13  0.04594  -3.9689e+01 | 14  0.09119   3.6575e+01 | 15  0.01548   1.4903e+01
 16 -2.04561  -3.1009e+01 | 17  0.00856   2.7994e+01 | 18 -0.02946  -8.8755e+00
 19 -0.08717  -4.9424e+00 | 20 -0.33380  -1.2470e-03 | 21 -0.29204  -7.8329e-01
 22  0.11501  -2.2668e+00 | 23 -0.16038  -5.0500e-03 | 24 -0.34824  -1.3046e+00
 25  0.15269   1.7376e+01 | 26  0.14404  -4.2996e+00 | 27  0.16995  -1.7443e+01
 28  0.16815  -3.3395e+01 | 29  0.16913  -4.4942e+00 | 30  0.17725   1.9715e+01
 31  0.18372   1.7299e+01 | 32  0.17483   1.5773e+01 | 33  0.10893  -2.3425e+01
 34 -2.10473   3.1796e+01 | 35  0.14852   4.3329e+01 | 36  0.15910   6.3171e+01
 37  0.08216  -2.4928e+00 | 38  0.08586   4.5541e+01 | 39 -0.33028  -2.3813e+00
 40 -0.56921  -1.1537e+00 | 41 -0.07538  -3.1417e-01 | 42 -0.78799  -6.1468e-02
 43  0.01876   1.8461e+01 | 44  0.13107   5.2281e+01 | 45 -0.06391  -1.3551e+01
 46 -0.34169  -2.7405e+01 | 47 -0.34023  -2.6826e+01 | 48 -0.20940  -2.3256e+01
 49  0.00908  -2.3754e+00 | 50  0.04814  -1.1768e+01 | 51  0.02414  -2.8401e+01
 52  0.12258  -3.1515e+01 | 53  0.05355  -9.2469e+00 | 54  0.05837   2.4706e+01
 55  0.05893   4.4830e+01 | 56  0.02433   3.1601e+01 | 57  0.06402   5.1830e+01
 58  0.19679   1.3358e+02 | 59  0.13582   4.8701e+01 | 60 -0.13695  -1.6251e+01
 61 -0.06519  -1.6106e+01 | 62  0.13652  -8.0831e-01 | 63 -0.18617  -2.5488e+01
 64  0.08180  -3.8884e+00 | 65 -0.06896  -1.7126e+01 | 66  0.03026   8.5818e-02
 67 -0.02548  -7.2531e+00 | 68 -0.24958  -2.7885e+01 | 69 -0.19697  -2.7773e+01
 70 -0.02151  -2.0055e+01 | 71  0.12980  -1.0656e+01 | 72  0.10371   1.0836e+01
 73 -0.11229  -1.2355e+01 | 74 -0.10241  -1.3171e+01 | 75  0.22538   3.3875e+01
 76  0.12409  -4.1476e+00 | 77 -0.07953  -2.2676e+01 | 78  0.06329  -1.1372e+01
 79  0.11375  -2.6101e+01 | 80  0.20622  -5.3280e+01 | 81  0.65795  -1.0608e+01
 82 -0.35924  -2.8800e+01 | 83 -0.11725  -2.3582e+01 | 84 -0.09044  -2.4188e+01
 85  0.25178   1.5569e+01 | 86  0.03307   1.8430e+01 | 87  0.15182   5.3324e+01
 88 -0.02198   3.2099e+01 | 89 -0.11771   1.8688e+01 | 90  0.02567   2.1389e+01
 91  0.11536   1.3564e+01 | 92  0.05710   1.2394e+01 | 93  0.21417   1.9514e+01
 94  0.05237  -2.7691e+00 | 95 -0.26235   3.1877e+00 | 96 -0.23665   6.8621e-01
 97  0.21618   1.5799e+01 | 98 -0.21026  -4.4245e+00 | 99  0.26788   7.3185e+01
100  0.14644   4.8499e+01 |101  0.00211   2.6022e+01 |102 -0.05276   2.1773e+01
103  0.07818   3.7036e+01 |104 -0.18086   4.3119e+00 |105 -0.22958   4.9418e+00
106 -0.22218   8.3909e+00 |107 -0.30664   4.6512e-01 |108  0.07197   1.2018e+01
109  0.15598   2.0623e+01 |110  0.21682   3.8423e+01 |111  0.12491   1.6572e+01
112  0.06748   2.7336e+01 |113 -0.15270   7.8557e+00 |114  0.10670   2.7448e+01
115  0.05077   5.8487e+00 |116  0.15031   1.7593e+01 |117  0.11071   1.8034e+01
118  0.05952   2.1634e+01 |119 -0.07620   1.7233e+01 |120 -0.36634   1.1626e+00
121 -0.18681   2.7483e+00 |122  0.31469   6.2643e+00 |123 -0.86979   3.8524e+00
124  0.16417   1.2292e+01 |125  0.16431   2.4944e+01 |126 -0.09637   1.3955e+01
127 -0.02065   3.7741e+01 |128  0.00446   3.7760e+01 |129 -0.06260   3.7579e+01
130 -0.05821   3.7603e+01 |131  0.05752   3.7607e+01 |132 -0.00934   3.7757e+01
133 -0.06685   3.7553e+01 |134  0.04265   3.7676e+01 |135  0.02814   3.7724e+01
136 -0.00746   3.7758e+01 |137  0.02487   3.7732e+01 |138  0.00679   3.7759e+01
139 -0.02912   3.7722e+01 |140 -0.01441   3.7751e+01 |141 -0.04568   3.7664e+01
142 -0.01749   3.7747e+01 |143 -0.00762   3.7758e+01 |144  0.00216   3.7761e+01
145 -0.03666   3.7698e+01 |146  0.00074   3.7761e+01 |147  0.00977   3.7757e+01
148 -0.01260   3.7754e+01 |149 -0.01888   3.7744e+01 |150  0.02664   3.7728e+01
151  0.06376   3.7572e+01 |152 -0.03732   3.7696e+01 |153  0.01397   3.7752e+01
154  0.08868   3.7395e+01 |155 -0.01123   3.7755e+01 |156 -0.07129   3.7525e+01
157  0.07687   3.7486e+01 |158 -0.02384   3.7735e+01 |159  0.02948   3.7721e+01
160  0.03002   3.7719e+01 |161  0.02500   3.7732e+01 |162  0.11867   3.7107e+01
163 -0.01171   3.7755e+01 |164 -0.00787   3.7758e+01 |165 -0.04816   3.7653e+01
166  0.04758   3.7656e+01 |167  0.00223   3.7761e+01 |168  0.00423   3.7760e+01
169  0.03439   2.4725e+02 |170  0.02135   8.5806e+01 |171 -0.00791   5.7011e+01
172  0.00678   4.5425e+01 |173  0.06093   4.8446e+01 |174  0.00680  -5.5337e+01
175  0.03354  -4.0294e+01 |176  0.02030   3.7023e+01 |177  0.06816   1.5237e+02
178  0.08956   3.1203e+01 |179  0.13361   6.6549e+01 |180  0.09641  -1.8524e+02
181  0.03506  -1.4524e+02 |182  0.01316   3.0315e+01 |183 -0.05463  -1.9049e+01
184 -0.01563  -5.7882e+01 |185 -0.00274   9.5914e+00 |186 -0.02991   3.2488e+01
187 -0.07787   3.0828e+00 |188 -0.03713   1.2540e+01 |189 -0.02031  -6.0119e+01
190  0.02729   5.7743e+01 |191  0.01120  -4.9651e+00 |192 -0.00811  -5.5431e+01
193 -0.04044  -8.2768e+00 |194 -0.10666   6.0568e+00 |195  0.00204   9.7683e+01
196  0.04069   1.7108e+01 |197  0.05497  -1.4406e+01 |198 -0.18999  -3.5618e+01
199 -0.00472  -1.4327e+02 |200 -0.00540   3.7256e+00 |201  0.05292   8.7332e+01
202  0.11009   2.2208e+01 |203  0.07765  -6.9640e+00 |204  0.07028   2.1395e+01
205 -0.05916   9.1460e-01 |206 -0.31450  -4.0324e-01 |207 -0.17181  -2.1812e+00
208 -0.08289   5.7437e+01 |209 -0.06070   3.1813e+00 |210  0.05578   8.3544e+00
211  0.19040   7.7907e-01 |212 -0.02210   7.7213e+02 |213 -0.00551   5.6708e+01
214 -0.00857  -5.2893e-09 |215 -0.64846   2.3703e+01 |216 -0.82145  -1.3596e+01
217  0.01872   2.9157e+02 |218 -0.09252   1.0388e+02 |219 -0.15942   8.5919e+01
220 -0.08626   4.4269e+01 |221 -0.05740   6.9904e+00 |222 -0.05355   1.9875e+01
223 -0.01117   3.5541e+01 |224 -0.00654   6.8393e+01 |225 -0.00416   7.8464e+01
226  0.13683   6.3346e+01 |227  0.10741   5.5333e+01 |228  0.18031   6.2856e+01
229  0.03784   5.1269e+01 |230  0.10864   6.2521e+01 |231  0.08055   7.7908e+01
232  0.12294   9.1094e+01 |233  0.11761   6.5104e+01 |234  0.06925   5.1164e+01
235 -0.14855   3.7888e+01 |236 -0.14220   1.9822e+01 |237 -0.01904   3.4850e+01
238 -0.04315   3.9106e+01 |239 -0.17002   4.6764e+01 |240 -0.20824   4.5568e+01
241 -0.10454   6.6751e+01 |242  0.00397   6.2638e+01 |243  0.09272   6.2030e+01
244  0.05557   7.1209e+01 |245 -0.05873   7.5257e+01 |246 -0.20469   6.2398e+01
247 -0.05969   6.8700e+01 |248  0.01412   5.1961e+01 |249  0.08544   6.8939e+01
250  0.07342   5.2176e+01 |251  0.06014   8.0100e+01 |252  0.01256   4.7642e+01
253 -0.00875   4.4624e+01 |254  0.03413   5.5102e+01 |255  0.22757   6.4794e+01
256  0.23639   4.3534e+01 |257 -0.14174   6.9092e+01 |258  0.10224  -7.3769e+02
259  0.15182  -5.3358e+01 |260 -0.86410   2.0251e+02 |261 -0.84105   6.8765e+01
262 -0.73286   5.9724e+01 |263 -0.03945   1.9572e+02 |264  0.20716   1.8580e+02
265 -0.34136   1.6857e+02 |266 -0.07294   1.9481e+02 |267  0.07120   1.9487e+02
268 -0.49879   1.3892e+02 |269 -0.33832   1.6905e+02 |270  0.49332   1.4011e+02
271  0.20543   1.8597e+02 |272  0.09780   1.9378e+02 |273  0.56484   1.2384e+02
274  0.47374   1.4426e+02 |275  0.19653   1.8682e+02 |276 -0.18068   1.8825e+02
277  0.20891   1.8563e+02 |278  0.19935   1.8656e+02 |279  0.49856   1.3897e+02
280 -0.07195   1.9484e+02 |281  0.16295   1.8970e+02 |282 -0.38017   1.6216e+02
283  0.25098   1.8105e+02 |284  0.11135   1.9310e+02 |285  0.03703   1.9576e+02
286  0.46055   1.4698e+02 |287  0.25970   1.8000e+02 |288 -0.58203   1.1969e+02
289 -0.15027   1.9066e+02 |290 -0.57015   1.2257e+02 |291 -0.46281   1.4652e+02
292 -0.15680   1.9017e+02 |293 -0.22571   1.8390e+02 |294 -0.44012   1.5107e+02
295 -0.41955   1.5503e+02 |296  0.13834   1.9148e+02 |297 -0.35141   1.6697e+02
298  0.18511   1.8786e+02 |299 -0.30905   1.7344e+02 |300 -0.05967   1.9523e+02
301  0.42600   1.5380e+02 |302  0.34327   1.6827e+02 |303  0.46360  -7.8475e+02
304  0.26335  -2.3964e+01 |305 -0.93596  -8.1154e+02 |306  0.16651  -3.4130e+01
307 -0.87723  -2.4122e+02 |308 -0.49086  -8.9403e+01 |
18.3814 22.6855 100.1 59.9864 
18.8762 18.8762 57.309 56.247 
17.2335 17.9727 0 0.14629 1.49352 
0 10.4937 0 0 0.410851 39.4841 0 
18.6521 21.0095 98.3747 60.7314 
18.2846 18.2846 57.1182 55.3913 
17.2847 17.5399 0 0.175046 1.37744 
0 10.4421 0 0 0.401916 39.9299 0 
18.4744 21.4636 98.4945 60.0618 
17.5647 17.5647 56.4888 54.0348 
16.6112 17.1105 0 0.267351 1.47935 
0 10.2904 0 0 0.397496 41.1911 0 
18.4216 21.6743 98.408 59.5611 
17.2386 17.2386 56.8887 53.771 
16.3018 16.9225 0 0.323194 1.34192 
0 10.2399 0 0 0.403421 41.5994 0 
18.6022 21.7317 97.828 58.8844 
16.7058 16.7058 57.3001 53.652 
15.8614 16.7858 0 0.353926 1.1722 
0 10.0753 0 0 0.41756 41.7712 0 
18.3114 21.8374 97.6088 58.1766 
16.3374 16.3374 57.3515 53.6227 
15.4321 16.5362 0 0.449575 1.16251 
0 9.90613 0 0 0.433857 42.5179 0 
18.3071 21.3956 97.4676 58.529 
16.4053 16.4053 57.4504 53.8296 
14.7469 15.8292 0 0.531415 1.2494 
0 9.64721 0 0 0.459926 42.5003 0 
19.0838 21.0663 96.6893 57.8666 
16.8587 16.8587 57.5881 53.9891 
14.1859 16.0615 0 0.57235 1.20381 
0 9.4004 0 0 0.496644 42.511 0 
18.9632 20.8491 96.133 57.617 
16.8129 16.8129 58.294 53.7573 
13.9365 16.0206 0 0.607716 1.15462 
0 9.4416 0 0 0.511552 42.5124 0 
18.0795 21.298 96.594 57.6352 
16.5826 16.5826 57.9528 53.4593 
13.7732 15.6711 0 0.637766 1.26053 
0 9.40563 0 0 0.502445 42.8174 0 
308 variables; iteration 110; function evaluation 132; phase 1
Function value   4.3234172e+02; maximum gradient component mag   7.9480e+02
Var   Value    Gradient   |Var   Value    Gradient   |Var   Value    Gradient
  1  0.05330  -9.5010e-01 |  2  0.11668  -2.1721e+01 |  3  0.23233  -3.0144e+01
  4  0.19566  -8.9190e+01 |  5  0.16644  -1.0385e+02 |  6  0.22022   4.7199e+00
  7  0.18316  -4.8677e+01 |  8  0.17425  -6.2217e+01 |  9  0.16322  -6.2502e+01
 10  0.12761  -6.9024e+01 | 11  0.00928  -4.2713e+01 | 12  0.15258   7.9008e+01
 13  0.10115  -4.0954e-01 | 14  0.08116   2.5882e+01 | 15  0.02605   1.5960e+01
 16 -2.03299  -3.0549e+01 | 17  0.00134   1.4287e+01 | 18 -0.00442   9.3028e+00
 19 -0.05192   2.3621e+00 | 20 -0.33503   1.3691e-02 | 21 -0.22682  -6.2324e-01
 22  0.15466   2.0277e+00 | 23 -0.15947  -6.5759e-03 | 24 -0.38359  -1.2587e+00
 25  0.14042   7.7647e+00 | 26  0.14051  -1.0017e+01 | 27  0.17765  -7.5062e+00
 28  0.18731   3.0158e+00 | 29  0.17935   5.8526e+00 | 30  0.16829   6.4814e-01
 31  0.19697   6.4115e+01 | 32  0.17331   1.4198e+01 | 33  0.11059  -2.3722e+01
 34 -2.09355   2.2064e+01 | 35  0.13691   2.4025e+00 | 36  0.14314  -1.0044e+01
 37  0.09705   1.4739e+01 | 38  0.05375   3.4526e+00 | 39 -0.10830  -2.6170e+00
 40 -0.76406  -6.6719e-01 | 41 -0.02760   7.2953e+00 | 42 -0.95125  -1.4366e-02
 43 -0.03248   1.6991e+01 | 44  0.12286   5.4779e+01 | 45 -0.11697  -5.1922e+00
 46 -0.19659  -9.9306e+00 | 47 -0.35372  -1.6236e+01 | 48 -0.23601  -1.2926e+01
 49  0.04418   1.7759e+01 | 50 -0.00167   8.0090e+00 | 51 -0.01458   2.8131e+00
 52  0.15280   2.0482e+01 | 53  0.06398   1.6179e+01 | 54  0.05464   3.1054e+01
 55  0.04335   4.1962e+01 | 56  0.01040   3.6007e+01 | 57  0.07518   6.4285e+01
 58  0.18969   1.2767e+02 | 59  0.12135   5.1969e+01 | 60 -0.11395  -1.0261e+00
 61 -0.06007  -3.0846e+00 | 62  0.11034   7.8735e+00 | 63 -0.13825  -8.0033e+00
 64  0.08198   1.1277e+01 | 65 -0.10260  -8.0433e+00 | 66  0.06889   1.6712e+01
 67 -0.01728   8.0486e+00 | 68 -0.25349  -1.3745e+01 | 69 -0.19687  -1.1466e+01
 70 -0.01938   3.4844e-01 | 71  0.06996   6.5065e+00 | 72  0.04662   1.6198e+01
 73 -0.05744   6.7832e+00 | 74 -0.02730   3.1049e+00 | 75  0.24621  -7.7494e+00
 76  0.07498  -1.7916e+01 | 77 -0.01908  -8.0192e+00 | 78 -0.02298  -5.7330e-01
 79  0.07270   5.7556e+00 | 80  0.26925   2.3842e+01 | 81  0.49515  -4.4739e+00
 82 -0.20540  -1.1351e+01 | 83 -0.06047  -6.9160e+00 | 84 -0.11787  -1.0895e+01
 85  0.23146   1.4046e+01 | 86  0.09038   1.4206e+01 | 87  0.16445   4.4702e+01
 88 -0.02435   2.0899e+01 | 89 -0.11742   8.6531e+00 | 90  0.06114   1.0747e+01
 91  0.12643   4.4138e-01 | 92 -0.00241  -6.3764e-01 | 93  0.13189   1.5573e+00
 94  0.23393  -1.8160e-01 | 95 -0.16479  -8.9195e-01 | 96 -0.26864  -6.7589e+00
 97  0.16363   5.9244e+00 | 98 -0.18555  -1.1396e+01 | 99  0.25909   4.5614e+01
100  0.17266   3.5028e+01 |101  0.00969   1.2430e+01 |102 -0.03422   1.2724e+01
103  0.05971   2.0321e+01 |104 -0.22304  -5.1224e+00 |105 -0.27380  -3.0482e+00
106 -0.29161  -2.6106e-01 |107 -0.40183  -7.8881e+00 |108 -0.00683   7.9090e+00
109  0.17054   2.4143e+01 |110  0.22278   3.8632e+01 |111  0.05644   6.0535e+00
112  0.08916   2.5366e+01 |113 -0.13368   3.1535e+00 |114  0.08421   2.4104e+01
115  0.15546   1.0527e+01 |116  0.13988   9.2695e+00 |117  0.08651   5.8487e+00
118  0.00600   5.7083e+00 |119 -0.08260   4.9013e+00 |120 -0.31476  -5.9395e+00
121 -0.11564  -7.1341e+00 |122  0.33514  -5.4440e+00 |123 -0.89373   1.7799e+00
124  0.12448   5.9354e+00 |125  0.15518   1.3944e+01 |126 -0.06352   7.1773e+00
127 -0.02507   3.8785e+01 |128  0.00020   3.8815e+01 |129 -0.06349   3.8623e+01
130 -0.05955   3.8646e+01 |131  0.06540   3.8611e+01 |132 -0.01401   3.8806e+01
133 -0.06731   3.8599e+01 |134  0.04514   3.8718e+01 |135  0.02695   3.8781e+01
136 -0.01213   3.8808e+01 |137  0.02306   3.8790e+01 |138  0.00269   3.8815e+01
139 -0.03308   3.8763e+01 |140 -0.01902   3.8798e+01 |141 -0.04828   3.8704e+01
142 -0.02203   3.8792e+01 |143 -0.01229   3.8808e+01 |144 -0.00223   3.8815e+01
145 -0.04006   3.8739e+01 |146 -0.00372   3.8815e+01 |147  0.00592   3.8814e+01
148 -0.01725   3.8801e+01 |149 -0.02337   3.8789e+01 |150  0.02516   3.8785e+01
151  0.07442   3.8551e+01 |152 -0.04066   3.8736e+01 |153  0.01055   3.8810e+01
154  0.11390   3.8196e+01 |155 -0.01589   3.8803e+01 |156 -0.07131   3.8572e+01
157  0.09449   3.8389e+01 |158 -0.02811   3.8778e+01 |159  0.02858   3.8776e+01
160  0.02923   3.8775e+01 |161  0.02322   3.8790e+01 |162  0.16935   3.7450e+01
163 -0.01637   3.8803e+01 |164 -0.01254   3.8808e+01 |165 -0.05052   3.8693e+01
166  0.05166   3.8688e+01 |167 -0.00216   3.8815e+01 |168 -0.00005   3.8815e+01
169  0.03753   8.0951e+01 |170  0.02264   1.3863e+02 |171 -0.03864  -3.2720e+01
172  0.01224   5.3802e+01 |173  0.06363   1.0773e+02 |174  0.02473  -4.2518e+01
175  0.02879  -7.4854e+01 |176  0.02233  -4.9942e+00 |177  0.05261   6.2834e+01
178  0.10780   4.6913e+01 |179  0.12944   1.3386e+01 |180  0.09846  -1.1648e+02
181  0.04535  -9.3481e+01 |182  0.00008  -2.8245e+00 |183 -0.09373  -3.1328e+01
184 -0.00135  -4.4739e+01 |185 -0.01333  -1.3346e+01 |186 -0.03026   3.0361e+01
187 -0.07472   6.8346e+00 |188 -0.04031   8.0020e+00 |189 -0.02079  -7.3931e+01
190  0.02644   2.7207e+01 |191  0.01857   4.0587e+01 |192 -0.00106  -3.9919e+01
193 -0.06331  -5.2914e+01 |194 -0.09599  -1.8187e+01 |195 -0.03150  -1.9520e+01
196  0.03298   1.4049e+01 |197  0.02804  -7.1408e+01 |198 -0.17113  -5.2830e+01
199 -0.00007  -1.1981e+02 |200  0.01551   5.7570e+01 |201  0.07070   1.4211e+02
202  0.11484   5.4095e+01 |203  0.07393  -6.3422e+01 |204  0.07806  -7.0379e+00
205 -0.05933  -1.3789e+01 |206 -0.36566  -3.5808e+00 |207 -0.13500   1.1130e+01
208 -0.07414   9.3504e+01 |209 -0.06753  -1.6731e+01 |210  0.05484  -8.3799e+00
211  0.23949  -3.4715e+00 |212 -0.01386   7.9480e+02 |213 -0.00923   2.1073e+01
214 -0.00857  -5.2893e-09 |215 -0.64182   6.2277e+01 |216 -0.83643  -3.9305e+01
217  0.00933   2.3980e+02 |218 -0.11011   6.6636e+01 |219 -0.15854   6.5891e+01
220 -0.08747   1.7400e+01 |221 -0.05097  -9.0138e+00 |222 -0.04852   4.5362e+00
223  0.00885   3.2089e+01 |224  0.02306   6.3551e+01 |225  0.00254   5.8905e+01
226  0.10613   5.3513e+01 |227  0.09344   4.1562e+01 |228  0.26501   4.8888e+01
229  0.06995   3.1977e+01 |230  0.09498   3.1944e+01 |231  0.05852   5.7375e+01
232  0.08483   5.3115e+01 |233  0.11955   4.8810e+01 |234  0.08439   3.6593e+01
235 -0.13882   2.8914e+01 |236 -0.13638   5.7122e+00 |237 -0.01261   2.5622e+01
238 -0.04475   3.0394e+01 |239 -0.18584   2.5468e+01 |240 -0.22555   2.6655e+01
241 -0.14055   4.8974e+01 |242 -0.05275   3.0328e+01 |243  0.07265   3.2795e+01
244  0.02049   4.1815e+01 |245 -0.06631   6.3589e+01 |246 -0.19954   4.5515e+01
247 -0.06309   4.8007e+01 |248  0.03581   3.6566e+01 |249  0.10228   5.1163e+01
250  0.06595   3.7236e+01 |251  0.04624   6.0329e+01 |252 -0.00324   2.5562e+01
253  0.00388   4.2042e+01 |254  0.04533   5.3812e+01 |255  0.23152   5.3946e+01
256  0.29405   3.9205e+01 |257 -0.14318   3.8599e+01 |258  0.10056  -7.0538e+02
259  0.15269  -3.0962e+01 |260 -0.86562   1.7666e+02 |261 -0.84652  -6.9633e+01
262 -0.69270   6.1094e+01 |263 -0.24624   6.8655e+01 |264  0.21209   7.0056e+01
265 -0.41445   5.8969e+01 |266  0.08680   7.3444e+01 |267  0.17211   7.1439e+01
268 -0.66830   3.6901e+01 |269 -0.19333   7.0740e+01 |270  0.50088   5.2347e+01
271  0.08304   7.3502e+01 |272 -0.03017   7.4049e+01 |273  0.56042   4.7216e+01
274  0.30700   6.5678e+01 |275  0.48283   5.3814e+01 |276 -0.27920   6.7116e+01
277  0.04512   7.3946e+01 |278  0.06090   7.3793e+01 |279  0.49890   5.2510e+01
280  0.04132   7.3976e+01 |281  0.14577   7.2197e+01 |282 -0.60456   4.3143e+01
283  0.25158   6.8418e+01 |284  0.09271   7.3347e+01 |285  0.14762   7.2148e+01
286  0.48517   5.3626e+01 |287  0.10806   7.3066e+01 |288 -0.62819   4.0876e+01
289 -0.24718   6.8614e+01 |290 -0.62449   4.1235e+01 |291 -0.28644   6.6754e+01
292 -0.26147   6.7967e+01 |293 -0.03191   7.4039e+01 |294 -0.54128   4.8913e+01
295 -0.18784   7.0928e+01 |296  0.14000   7.2347e+01 |297 -0.15164   7.2039e+01
298  0.47346   5.4558e+01 |299 -0.41198   5.9143e+01 |300 -0.36974   6.1977e+01
301  0.52159   5.0611e+01 |302  0.70601   3.3030e+01 |303  0.46770  -6.9607e+02
304  0.26433  -1.6809e+01 |305 -0.93418  -5.6924e+02 |306  0.16898  -2.7670e+01
307 -0.87803  -1.3628e+02 |308 -0.47688   9.8310e+00 |
17.8782 22.145 96.469 56.9447 
15.8816 15.8816 58.1072 53.5588 
13.7705 15.6391 0 0.570518 1.35279 
0 9.32953 0 0 0.47054 42.5704 0 
18.3786 21.428 96.9238 56.5357 
15.4371 15.4371 57.7381 53.4032 
13.9232 15.9721 0 0.467939 1.42215 
0 9.28362 0 0 0.442148 42.0166 0 
18.2115 20.8489 97.1359 56.3684 
14.6127 14.6127 56.7122 53.3726 
14.2252 16.4943 0 0.434298 1.61491 
0 9.08654 0 0 0.429978 42.4294 0 
17.4933 21.3737 96.9209 56.2378 
14.0336 14.0336 56.3794 53.3088 
14.4956 16.5711 0 0.424977 1.90338 
0 8.86901 0 0 0.42842 43.0082 0 
16.8243 21.6943 97.1499 56.7556 
14.0817 14.0817 56.1351 52.9268 
14.5732 15.6263 0 0.388512 1.80562 
0 8.66314 0 0 0.43117 42.638 0 
16.7038 21.4715 95.2012 56.7298 
14.1553 14.1553 56.1278 52.784 
14.9551 15.3531 0 0.317045 2.24076 
0 8.31077 0 0 0.441904 42.6882 0 
16.6228 20.9496 93.6448 57.326 
14.4352 14.4352 56.4114 52.7726 
15.168 14.8103 0 0.274927 2.63318 
0 7.66932 0 0 0.45531 42.4452 0 
16.8101 22.171 92.9911 56.8123 
14.3413 14.3413 56.4185 51.7739 
14.8634 14.5126 0 0.238429 3.16836 
0 7.17692 0 0 0.478298 42.2831 0 
17.0037 22.4846 92.9806 56.108 
14.4976 14.4976 55.92 51.5789 
14.6676 14.2824 0 0.219285 3.57455 
0 7.07953 0 0 0.483244 42.0325 0 
17.0328 22.1483 92.4655 56.1517 
14.1114 14.1114 56.3669 51.8547 
14.336 13.4809 0 0.21403 3.99588 
0 7.1698 0 0 0.490952 41.2259 0 
308 variables; iteration 120; function evaluation 142; phase 1
Function value   4.0811822e+02; maximum gradient component mag  -7.9936e+02
Var   Value    Gradient   |Var   Value    Gradient   |Var   Value    Gradient
  1  0.17588   8.6945e+00 |  2  0.12136  -1.9105e+01 |  3  0.21719  -2.4564e+01
  4  0.19550  -7.3830e+01 |  5  0.15934  -1.0039e+02 |  6  0.20182  -2.1969e+01
  7  0.18361  -2.6532e+01 |  8  0.16214  -5.2685e+01 |  9  0.16031  -3.5192e+01
 10  0.11804  -7.0365e+01 | 11 -0.00262  -4.3365e+01 | 12  0.13962   6.8507e+01
 13  0.11430   7.5077e+01 | 14  0.08306   4.4138e+01 | 15 -0.06545  -2.9218e+00
 16 -2.00423  -1.6103e+01 | 17 -0.01881   1.0736e+01 | 18 -0.00748   1.2970e+01
 19 -0.06621   5.4443e-01 | 20 -0.33726  -1.4871e-01 | 21 -0.09030   5.7113e+00
 22  0.09221  -3.2116e+00 | 23 -0.15797  -1.5768e-03 | 24 -0.09581  -1.4302e+00
 25  0.11779   5.4319e+00 | 26  0.13862   9.2969e-01 | 27  0.15323  -1.7170e+01
 28  0.18158   3.3693e+01 | 29  0.15929  -3.0012e+00 | 30  0.15337  -4.9571e-01
 31  0.15989   5.6993e+00 | 32  0.15959   1.9756e+01 | 33  0.08008  -3.2175e+01
 34 -2.08103   1.4674e+01 | 35  0.10777  -1.3668e+01 | 36  0.12305  -4.6462e+01
 37  0.08294   6.6929e+00 | 38  0.04373   6.3045e+00 | 39 -0.15397  -2.4927e+00
 40 -1.26607   7.4768e-01 | 41 -0.18495  -3.0859e+00 | 42 -0.89161  -3.1811e-02
 43 -0.07825   1.1776e+01 | 44  0.10052   4.0316e+01 | 45 -0.08722   6.2638e+00
 46 -0.17798   7.7268e-01 | 47 -0.26132  -4.6742e+00 | 48 -0.25854  -4.8958e+00
 49  0.03960   2.4090e+01 | 50 -0.00755   1.8869e+01 | 51  0.02513   2.3962e+01
 52  0.14350   2.9912e+01 | 53  0.04495   1.0629e+01 | 54  0.04874   1.7940e+01
 55  0.04273   2.5354e+01 | 56 -0.01441   1.7072e+01 | 57  0.06923   3.6887e+01
 58  0.19528   9.1642e+01 | 59  0.14041   5.8394e+01 | 60 -0.10523   1.1654e+01
 61 -0.05101   1.2966e+01 | 62  0.11235   2.4518e+01 | 63 -0.13551   1.8685e+00
 64  0.04080   1.6522e+01 | 65 -0.07752   5.0356e+00 | 66  0.09583   3.7342e+01
 67  0.00354   2.4453e+01 | 68 -0.29251  -5.3564e+00 | 69 -0.23405  -3.1622e+00
 70 -0.00594   1.1884e+01 | 71  0.10664   1.6386e+01 | 72  0.06381   1.9813e+01
 73 -0.07494   7.6005e+00 | 74  0.03451   1.5200e+01 | 75  0.21613  -5.7941e+00
 76  0.13260  -7.6396e+00 | 77 -0.06608   1.9454e+00 | 78  0.05350   2.2105e+01
 79  0.11137   2.3711e+01 | 80  0.26561   2.5558e+01 | 81  0.37165   3.5437e+00
 82 -0.21804  -1.3814e+00 | 83 -0.19816  -3.2658e+00 | 84 -0.07883   1.1773e+00
 85  0.16258   4.1437e+00 | 86  0.04258  -9.1392e+00 | 87  0.13390   8.5867e+00
 88 -0.01211   8.8011e+00 | 89 -0.06635   5.0462e+00 | 90 -0.02724  -3.5202e+00
 91  0.03662  -1.0387e+01 | 92  0.08102  -3.4765e+00 | 93  0.10196  -6.2802e+00
 94  0.21370  -8.8618e-01 | 95 -0.19958  -1.1000e+01 | 96 -0.20907  -1.1368e+01
 97  0.09849  -6.3948e+00 | 98 -0.11900  -1.7168e+01 | 99  0.24263   2.4943e+01
100  0.15252   3.9192e+00 |101 -0.00016  -6.8278e+00 |102 -0.03045   1.4288e-01
103  0.04627   7.5783e+00 |104 -0.19946  -1.1589e+01 |105 -0.29937  -1.2552e+01
106 -0.18849  -5.5723e+00 |107 -0.23041  -1.2407e+01 |108  0.10980   3.6354e+00
109  0.10692   3.2334e+00 |110  0.18012   1.9538e+01 |111  0.09885   3.5138e+00
112  0.03641   1.0429e+01 |113 -0.09526  -8.0351e-01 |114  0.06635   1.2790e+01
115  0.11196  -1.3229e+00 |116  0.17363   6.2303e+00 |117  0.02346  -9.0912e+00
118 -0.04224  -1.0309e+01 |119 -0.00428  -1.0409e+01 |120 -0.15762  -1.1718e+01
121 -0.20792  -1.8403e+01 |122  0.30680  -8.3868e+00 |123 -0.88537   3.9009e-01
124  0.06929  -7.8820e+00 |125  0.13130   5.7755e-01 |126 -0.01706   6.8508e-01
127 -0.04115   1.6458e+00 |128 -0.01967   1.6484e+00 |129 -0.06794   1.6398e+00
130 -0.06503   1.6406e+00 |131  0.08241   1.6354e+00 |132 -0.03258   1.6471e+00
133 -0.07085   1.6390e+00 |134  0.04199   1.6456e+00 |135  0.01271   1.6489e+00
136 -0.03101   1.6473e+00 |137  0.00725   1.6491e+00 |138 -0.01713   1.6486e+00
139 -0.04682   1.6448e+00 |140 -0.03660   1.6465e+00 |141 -0.05713   1.6426e+00
142 -0.03890   1.6461e+00 |143 -0.03115   1.6473e+00 |144 -0.02206   1.6482e+00
145 -0.05158   1.6438e+00 |146 -0.02349   1.6481e+00 |147 -0.01371   1.6488e+00
148 -0.03520   1.6467e+00 |149 -0.03990   1.6460e+00 |150  0.01016   1.6490e+00
151  0.10321   1.6276e+00 |152 -0.05198   1.6437e+00 |153 -0.00853   1.6491e+00
154  0.21607   1.5551e+00 |155 -0.03412   1.6469e+00 |156 -0.07401   1.6381e+00
157  0.15600   1.6000e+00 |158 -0.04335   1.6454e+00 |159  0.01507   1.6488e+00
160  0.01604   1.6487e+00 |161  0.00746   1.6491e+00 |162  0.44141   1.2684e+00
163 -0.03450   1.6468e+00 |164 -0.03135   1.6472e+00 |165 -0.05866   1.6422e+00
166  0.05408   1.6433e+00 |167 -0.02199   1.6482e+00 |168 -0.01992   1.6484e+00
169  0.03424   6.8633e+02 |170  0.01280   1.1303e+02 |171 -0.01958  -2.4591e+01
172  0.00938   8.7159e+00 |173  0.07776   1.6215e+02 |174  0.00640  -7.5690e+01
175  0.04462  -7.1997e+01 |176  0.00494  -4.8655e+01 |177  0.03748  -2.3534e+01
178  0.10810   3.2553e+01 |179  0.12830   4.9139e+01 |180  0.09890  -6.8920e+01
181  0.04507  -7.4416e+01 |182  0.00635   2.0662e+01 |183 -0.06236  -3.7521e+01
184  0.00358  -4.8070e+01 |185 -0.00101  -2.3729e+01 |186 -0.02678  -1.3271e+01
187 -0.07088  -3.3011e+01 |188 -0.05227  -2.6927e+01 |189  0.01025  -1.6257e+01
190  0.02021  -1.0598e+01 |191  0.03380   3.4733e+01 |192  0.00480  -7.5269e+01
193 -0.04427  -6.4273e+01 |194 -0.09977  -2.7595e+01 |195 -0.01148   1.4807e+00
196  0.04007  -2.1429e+01 |197  0.04449  -3.9761e+01 |198 -0.15244  -6.4478e+01
199  0.01545  -5.4876e+01 |200  0.00741   6.7768e+00 |201  0.05620   6.4631e+01
202  0.13074   7.0231e+01 |203  0.08486  -8.0424e+01 |204  0.09225   4.1018e+00
205 -0.04056  -1.9673e+01 |206 -0.38724  -1.6986e+01 |207 -0.14046  -1.0550e+01
208 -0.08295   3.1382e+01 |209 -0.05004  -1.1017e+01 |210  0.07346   5.7892e+00
211  0.01693  -2.0354e+01 |212 -0.02142   5.4961e+02 |213  0.00841  -2.5048e+01
214 -0.00857  -5.2893e-09 |215 -0.64285   6.0203e+01 |216 -0.83423  -2.8930e+01
217  0.01038   2.2646e+02 |218 -0.10076   3.0003e+01 |219 -0.16864   4.1818e+01
220 -0.07203   1.7442e+01 |221 -0.02987  -1.4012e+01 |222 -0.02370  -7.3834e+00
223  0.00617   7.1178e+00 |224 -0.01138   3.4162e+01 |225 -0.01584   2.6606e+01
226  0.09646   2.4415e+01 |227  0.09917   2.2518e+01 |228  0.24466   2.3561e+01
229  0.07109   1.0093e+01 |230  0.08683   8.2936e+00 |231  0.02976   2.3708e+01
232  0.04956   1.3115e+01 |233  0.10019   1.8650e+01 |234  0.09225   1.8225e+01
235 -0.13495   1.2827e+01 |236 -0.12099   7.8591e-01 |237 -0.01581   1.1948e+00
238 -0.04868   5.9401e+00 |239 -0.18975   1.3046e+00 |240 -0.22313   5.2645e+00
241 -0.12184   9.8761e+00 |242 -0.02887   5.5742e+00 |243  0.05448   8.7938e+00
244  0.01257   1.4204e+01 |245 -0.08009   3.3286e+01 |246 -0.21172   1.8285e+01
247 -0.06757   2.3359e+01 |248  0.02100   1.0256e+01 |249  0.10776   2.1114e+01
250  0.08720   1.0876e+01 |251  0.03088   2.1056e+01 |252  0.01590   2.0390e+01
253  0.03219   2.5700e+01 |254  0.08394   3.7600e+01 |255  0.21851   2.3628e+01
256  0.30876   1.9159e+01 |257 -0.15539   1.2829e+01 |258  0.09943  -5.5268e+02
259  0.15424   2.4526e+01 |260 -0.86813   3.1533e+01 |261 -0.84578  -5.8587e+01
262 -0.67773   5.6945e+01 |263 -0.05428  -2.6097e+02 |264  0.20549  -2.4839e+02
265 -0.58613  -1.5853e+02 |266  0.05356  -2.6100e+02 |267  0.03684  -2.6148e+02
268 -0.57996  -1.6055e+02 |269 -0.26236  -2.3999e+02 |270  0.53363  -1.7517e+02
271 -0.19488  -2.4975e+02 |272 -0.08189  -2.5976e+02 |273  0.72285  -1.1046e+02
274  0.46279  -1.9571e+02 |275  0.58982  -1.5732e+02 |276 -0.43581  -2.0291e+02
277  0.02244  -2.6176e+02 |278  0.17701  -2.5186e+02 |279  0.57964  -1.6065e+02
280  0.10263  -2.5853e+02 |281  0.56838  -1.6428e+02 |282 -0.44046  -2.0169e+02
283  0.22989  -2.4503e+02 |284  0.23582  -2.4416e+02 |285  0.32959  -2.2760e+02
286  0.52672  -1.7727e+02 |287 -0.04818  -2.6117e+02 |288 -0.84585  -6.2802e+01
289 -0.28331  -2.3641e+02 |290 -0.47140  -1.9334e+02 |291 -0.37908  -2.1684e+02
292 -0.30860  -2.3175e+02 |293  0.05193  -2.6105e+02 |294 -0.58530  -1.5880e+02
295 -0.26313  -2.3986e+02 |296  0.13250  -2.5627e+02 |297 -0.23084  -2.4489e+02
298  0.58443  -1.5909e+02 |299 -0.61097  -1.5028e+02 |300 -0.50291  -1.8436e+02
301  0.49653  -1.8621e+02 |302  0.47472  -1.9241e+02 |303  0.47154  -5.2647e+02
304  0.26363  -4.3240e+01 |305 -0.93467  -7.9936e+02 |306  0.17272  -3.1504e+01
307 -0.87555  -1.2396e+02 |308 -0.48382  -5.9280e+01 |
17.3114 22.6329 91.5821 56.1329 
12.4029 12.4029 56.0272 51.8061 
13.9373 13.6586 0 0.211381 4.16372 
0 7.20914 0 0 0.497945 40.9079 0 
16.947 21.9687 90.4616 56.3754 
11.9976 11.9976 56.545 51.5974 
13.1536 13.6724 0 0.264729 4.26949 
0 7.4272 0 0 0.516777 41.1061 0 
17.6619 21.6341 89.6456 55.8903 
11.7804 11.7804 55.6857 51.6192 
12.641 13.8072 0 0.222567 4.15745 
0 7.44967 0 0 0.519837 40.6806 0 
17.6584 20.7639 88.8103 57.3615 
11.3992 11.3992 55.1617 51.5806 
12.4598 13.2993 0 0.250629 4.04941 
0 7.65003 0 0 0.494084 40.1501 0 
17.482 20.491 88.5502 57.1763 
10.7748 10.7748 54.6507 51.4462 
12.4991 13.8367 0 0.273174 4.08284 
0 7.76571 0 0 0.481881 40.8034 0 
17.3852 20.467 88.0479 56.0249 
10 10 54.0471 51.4896 
12.3977 14.3631 0 0.257956 4.4051 
0 7.72471 0 0 0.471528 41.0656 0 
17.3676 20.2844 87.6609 55.1908 
9.5747 9.5747 54.0286 51.8209 
12.3579 14.3115 0 0.215942 4.28682 
0 7.65333 0 0 0.457975 40.6967 0 
17.1457 19.9846 87.6363 53.7256 
9.83129 9.83129 54.0355 51.4938 
12.5916 13.5886 0 0.146957 4.41546 
0 7.43507 0 0 0.467166 41.643 0 
17.1992 19.1984 87.8226 53.2434 
10.0759 10.0759 53.1382 51.5698 
12.7356 12.9903 0 0.108751 4.56315 
0 7.24048 0 0 0.477077 41.2387 0 
17.5701 17.9386 87.1216 53.1712 
11.3704 11.3704 52.0762 51.801 
12.7478 12.2825 0 0.0811671 4.39497 
0 7.08114 0 0 0.490039 41.2281 0 
308 variables; iteration 130; function evaluation 152; phase 1
Function value   3.8530348e+02; maximum gradient component mag   4.9082e+02
Var   Value    Gradient   |Var   Value    Gradient   |Var   Value    Gradient
  1  0.16006  -1.0748e+01 |  2  0.09407  -1.8490e+01 |  3  0.21431  -2.9017e+01
  4  0.20934  -2.9707e+01 |  5  0.17436  -7.4043e+01 |  6  0.20812   2.4392e+01
  7  0.17020  -5.7893e+01 |  8  0.16158  -5.5251e+01 |  9  0.16586  -2.5311e+01
 10  0.12999  -6.8132e+01 | 11  0.04094  -4.5389e+01 | 12  0.13783   3.7780e+01
 13  0.09743   1.8067e+01 | 14  0.09275   6.2144e+01 | 15 -0.09318  -3.0722e+00
 16 -1.95540  -3.9253e+00 | 17 -0.02451   6.0215e+00 | 18 -0.04871   4.2288e+00
 19 -0.05983   3.3296e+00 | 20 -0.33046  -5.0352e-03 | 21 -0.27113  -7.3145e-01
 22  0.13175   8.3603e-01 | 23 -0.15635  -1.1588e-03 | 24  0.06328   2.1540e+00
 25  0.10056  -1.5191e+00 | 26  0.13458  -3.2293e+00 | 27  0.15206  -1.7850e+01
 28  0.16856   2.7410e+00 | 29  0.14489  -2.2476e+01 | 30  0.16475   2.2214e+01
 31  0.14597  -2.3672e+01 | 32  0.17031   4.9789e+01 | 33  0.08144  -3.0550e+01
 34 -2.07537   1.8386e+01 | 35  0.08662  -1.8596e+01 | 36  0.12655   3.6049e+00
 37  0.08457   6.2282e+00 | 38  0.03150  -2.8109e+00 | 39 -0.01522   3.0681e-01
 40 -1.80191   1.6760e+00 | 41 -0.10424  -9.4670e-01 | 42 -0.56060  -1.2121e-01
 43 -0.09900   4.6948e+00 | 44  0.10507   3.9632e+01 | 45 -0.11408  -1.7006e+00
 46 -0.21810  -5.3790e+00 | 47 -0.29555  -1.0181e+01 | 48 -0.22239  -9.2927e+00
 49  0.02950   1.1837e+01 | 50 -0.03856   4.2342e+00 | 51 -0.03465   4.4020e+00
 52  0.11994   1.5144e+01 | 53  0.05352   2.0166e+00 | 54  0.08585   3.9199e-01
 55  0.05319  -5.5248e+00 | 56 -0.01231  -1.1096e+01 | 57  0.00817  -5.5287e+00
 58  0.21033   4.7109e+01 | 59  0.10375   2.9603e+01 | 60 -0.11987   4.4282e+00
 61 -0.04477   9.4605e+00 | 62  0.12834   2.2972e+01 | 63 -0.10129  -4.4791e+00
 64  0.08202  -3.5441e+00 | 65 -0.10814  -1.2146e+01 | 66  0.08972  -4.5159e+00
 67 -0.03453  -4.8973e+00 | 68 -0.21630  -1.2351e+01 | 69 -0.18535  -1.0568e+01
 70 -0.04849  -2.4267e+00 | 71  0.07684   6.9467e+00 | 72  0.08607   1.9019e+01
 73 -0.02194   1.1588e+01 | 74 -0.03404   8.9620e+00 | 75  0.17147   1.5276e+01
 76  0.16700   1.5082e+01 | 77 -0.03992   3.1769e+00 | 78  0.05274   2.4026e+01
 79  0.13046   3.3459e+01 | 80  0.27811   4.8623e+01 | 81  0.29717  -2.1369e+00
 82 -0.15325  -4.0101e+00 | 83 -0.09860  -5.7901e+00 | 84 -0.07265  -5.2559e+00
 85  0.15865   1.8265e+01 | 86  0.07495   6.3313e+00 | 87  0.14080   7.2863e+00
 88 -0.05111   7.9231e+00 | 89 -0.08354   9.9467e+00 | 90  0.00579   7.8323e+00
 91 -0.03699  -5.4674e+00 | 92  0.05035   1.9693e+00 | 93  0.10622   3.2359e+00
 94  0.22120   4.7680e+00 | 95 -0.03686   1.2261e-01 | 96 -0.18777  -8.0048e+00
 97  0.12544   9.8854e+00 | 98 -0.02968  -8.0805e+00 | 99  0.21956   1.7027e+01
100  0.12909  -4.6970e+00 |101  0.03156  -9.0279e+00 |102  0.03236   2.2919e+00
103  0.07857   9.9342e+00 |104 -0.21713  -9.5985e+00 |105 -0.14894  -4.3513e+00
106 -0.11518   1.1445e+00 |107 -0.38816  -1.1751e+01 |108 -0.09841  -2.9269e+00
109  0.14029  -1.4671e+00 |110  0.16860   2.4121e+00 |111  0.03867  -4.1205e+00
112 -0.00824   3.2242e+00 |113 -0.02641   2.7355e+00 |114  0.04801   1.0054e+00
115  0.05948  -9.5437e+00 |116  0.10438  -2.2886e-01 |117  0.11080   1.1357e+00
118 -0.01435  -9.5418e-01 |119  0.06162   4.4614e+00 |120 -0.04128  -2.5790e+00
121 -0.24350  -1.5178e+01 |122  0.29333  -6.1270e+00 |123 -0.85931   1.4221e+00
124  0.11538   1.6154e+00 |125  0.06158   3.1272e+00 |126 -0.24214  -3.5376e+00
127 -0.04696  -1.4810e+01 |128 -0.02812  -1.4836e+01 |129 -0.06078  -1.4783e+01
130 -0.05921  -1.4787e+01 |131  0.10335  -1.4655e+01 |132 -0.04053  -1.4821e+01
133 -0.06246  -1.4779e+01 |134  0.05004  -1.4805e+01 |135  0.01113  -1.4848e+01
136 -0.03918  -1.4823e+01 |137  0.00406  -1.4850e+01 |138 -0.02537  -1.4839e+01
139 -0.05035  -1.4804e+01 |140 -0.04375  -1.4816e+01 |141 -0.05537  -1.4795e+01
142 -0.04543  -1.4813e+01 |143 -0.03930  -1.4822e+01 |144 -0.03062  -1.4834e+01
145 -0.05278  -1.4800e+01 |146 -0.03207  -1.4832e+01 |147 -0.02154  -1.4842e+01
148 -0.04267  -1.4817e+01 |149 -0.04612  -1.4812e+01 |150  0.00782  -1.4850e+01
151  0.12966  -1.4544e+01 |152 -0.05297  -1.4799e+01 |153 -0.01552  -1.4846e+01
154  0.25198  -1.3702e+01 |155 -0.04180  -1.4819e+01 |156 -0.06442  -1.4775e+01
157  0.19144  -1.4184e+01 |158 -0.04835  -1.4808e+01 |159  0.01421  -1.4847e+01
160  0.01548  -1.4846e+01 |161  0.00434  -1.4850e+01 |162  0.39380  -1.2099e+01
163 -0.04211  -1.4818e+01 |164 -0.03948  -1.4822e+01 |165 -0.05608  -1.4793e+01
166  0.06619  -1.4771e+01 |167 -0.03054  -1.4834e+01 |168 -0.02838  -1.4836e+01
169  0.02849   4.9082e+02 |170  0.01144   7.0546e+01 |171  0.00120   6.5570e+01
172  0.00779   2.3893e+01 |173  0.07460   1.0522e+02 |174  0.04325   5.1531e+01
175  0.03829  -7.9256e+00 |176  0.01685   5.7081e+00 |177  0.04376   2.6564e+01
178  0.11285   4.6417e+01 |179  0.14366   1.0641e+02 |180  0.11600   3.4531e+01
181  0.06540   4.7084e+01 |182  0.00760   9.2693e+01 |183 -0.03460   2.4283e+01
184 -0.00589  -1.7125e+01 |185  0.01468   3.0094e+01 |186 -0.02657  -5.9116e-01
187 -0.05560   1.4870e+01 |188 -0.03455   3.3338e+01 |189  0.02258   5.2916e+01
190  0.03787   9.7030e+01 |191  0.04449   1.3780e+02 |192  0.00940   1.6513e+01
193 -0.03028   2.1451e+01 |194 -0.08899   3.8397e+01 |195 -0.00895   5.4218e+01
196  0.04333   1.6915e+01 |197  0.04187  -1.5157e+01 |198 -0.10768  -2.1423e+01
199  0.03073  -8.3696e+00 |200 -0.01135   1.4210e+00 |201  0.07109   1.2957e+02
202  0.14514   8.9214e+01 |203  0.11265  -1.3713e+01 |204  0.11224   4.6170e+01
205 -0.05194   2.2679e+01 |206 -0.39456   2.8672e+01 |207 -0.11266   5.8052e+01
208 -0.07451   8.6542e+01 |209 -0.03208   5.2728e+01 |210  0.07855   4.7276e+01
211 -0.41101   2.8411e+01 |212 -0.02543   4.1046e+02 |213  0.01037  -8.7522e+01
214 -0.00857  -5.2893e-09 |215 -0.65081   1.3079e+01 |216 -0.82305   1.1451e+01
217  0.00916   1.3721e+02 |218 -0.07381   2.4647e+01 |219 -0.19964  -1.3107e+01
220 -0.06487  -9.9954e+00 |221 -0.00904  -1.4360e+01 |222 -0.02476  -1.9741e+01
223  0.00035  -2.6853e+01 |224 -0.01809   8.3725e+00 |225 -0.03080   4.5321e+00
226  0.08810  -3.0155e+00 |227  0.08537  -1.6076e+00 |228  0.21664  -3.1177e+00
229  0.07393  -7.2736e+00 |230  0.08773  -1.5230e+01 |231  0.04817  -9.1081e-01
232  0.05899  -5.0350e+00 |233  0.09730   1.6599e+00 |234  0.08163  -1.2934e+01
235 -0.12985  -8.5283e-01 |236 -0.09796  -8.6313e+00 |237  0.02885   4.2442e+00
238 -0.02813  -1.4704e+01 |239 -0.16569  -1.7853e+01 |240 -0.20602  -2.2670e+01
241 -0.13024  -3.3626e-01 |242 -0.04821  -9.8035e+00 |243  0.06314  -3.1892e+00
244  0.00208   1.0283e+00 |245 -0.10447   1.1553e+01 |246 -0.21997  -1.9098e+00
247 -0.07526  -3.5863e+00 |248  0.01632   1.5729e+00 |249  0.06307   1.0551e+00
250  0.09255   4.8455e-01 |251  0.04266   4.4003e+00 |252  0.01099  -8.3607e+00
253  0.03542  -6.4405e+00 |254  0.06611  -1.4146e+00 |255  0.20601   6.9678e-01
256  0.30241   2.3069e+00 |257 -0.14292  -1.1283e+01 |258  0.09840  -3.0409e+02
259  0.15268   3.0696e+01 |260 -0.86858  -1.4010e+01 |261 -0.84543  -4.1780e+01
262 -0.70672   3.0080e+01 |263  0.01669   1.7930e+02 |264  0.17582   1.7257e+02
265 -0.54935   1.1663e+02 |266  0.21797   1.6895e+02 |267 -0.05817   1.7861e+02
268 -0.34359   1.5387e+02 |269 -0.36005   1.5143e+02 |270  0.47062   1.3254e+02
271 -0.19795   1.7076e+02 |272 -0.02958   1.7917e+02 |273  0.70213   8.0893e+01
274  0.61180   1.0272e+02 |275  0.30497   1.5917e+02 |276 -0.44595   1.3713e+02
277  0.11848   1.7627e+02 |278  0.25022   1.6569e+02 |279  0.42571   1.4073e+02
280 -0.06430   1.7845e+02 |281  0.61010   1.0311e+02 |282 -0.25576   1.6508e+02
283  0.21623   1.6912e+02 |284  0.33523   1.5506e+02 |285  0.35674   1.5193e+02
286  0.43016   1.3995e+02 |287  0.02482   1.7923e+02 |288 -0.78994   5.8116e+01
289 -0.35047   1.5286e+02 |290 -0.40635   1.4405e+02 |291 -0.64388   9.5183e+01
292 -0.36830   1.5018e+02 |293  0.21245   1.6947e+02 |294 -0.35479   1.5222e+02
295 -0.40805   1.4376e+02 |296  0.07017   1.7827e+02 |297 -0.32655   1.5628e+02
298  0.31686   1.5760e+02 |299 -0.46415   1.3377e+02 |300 -0.28963   1.6112e+02
301  0.54093   1.1842e+02 |302  0.25670   1.6498e+02 |303  0.47344  -2.7496e+02
304  0.27738   1.2501e+01 |305 -0.93274  -2.4198e+02 |306  0.18507   1.6312e+01
307 -0.87344   7.7088e+00 |308 -0.49557  -1.0345e+01 |
18.1599 17.3863 86.1665 53.7829 
10.6914 10.6914 51.4374 51.6594 
12.3689 13.5224 0 0.10748 4.58856 
0 6.8381 0 0 0.50081 41.2769 0 
18.0463 17.2401 86.0225 53.8386 
10.0434 10.0434 51.1335 51.6116 
12.1165 14.0201 0 0.126686 4.78583 
0 6.63193 0 0 0.493597 41.4304 0 
17.8527 17.1024 86.1743 53.6076 
10.7022 10.7022 51.1257 51.7188 
12.0071 12.9942 0 0.137919 4.83922 
0 6.42068 0 0 0.489019 41.3242 0 
18.234 16.755 85.6805 54.4067 
10.4397 10.4397 51.3123 51.5803 
12.1024 12.3877 0 0.117871 5.04437 
0 6.30295 0 0 0.476657 41.1349 0 
18.2649 16.3469 85.5053 53.4593 
10.4313 10.4313 50.6853 51.6216 
12.1708 12.5943 0 0.0928366 5.43747 
0 6.51063 0 0 0.455935 41.1983 0 
18.3429 16.018 84.9232 53.116 
10.6815 10.6815 50.1343 51.4917 
12.2399 12.727 0 0.0711114 5.73314 
0 6.85333 0 0 0.446269 40.8233 0 
18.1178 15.8834 84.7863 53.1502 
10.5644 10.5644 49.9565 51.1861 
12.2791 13.217 0 0.0487741 5.86331 
0 7.07126 0 0 0.446395 40.714 0 
18.0907 16.1273 85.0767 52.3158 
9.96542 9.96542 49.689 50.989 
12.1785 13.3916 0 0.0616796 6.05349 
0 7.11172 0 0 0.466596 40.5608 0 
18.9674 15.6663 83.8271 51.9138 
9.98567 9.98567 49.8025 51.0732 
11.8343 12.9893 0 0.103884 6.36288 
0 7.07314 0 0 0.460539 40.738 0 
18.8909 14.8371 83.6303 52.8743 
10.3549 10.3549 50.175 50.9119 
11.4474 12.9552 0 0.0996239 6.71035 
0 6.98316 0 0 0.443046 39.8919 0 
308 variables; iteration 140; function evaluation 162; phase 1
Function value   3.7306841e+02; maximum gradient component mag   6.5608e+02
Var   Value    Gradient   |Var   Value    Gradient   |Var   Value    Gradient
  1  0.16367  -1.0962e+01 |  2  0.09099  -1.7044e+01 |  3  0.21570  -9.0180e+00
  4  0.21207   2.5450e+00 |  5  0.18039  -5.4465e+01 |  6  0.21176   5.9151e+01
  7  0.17668  -3.0345e+01 |  8  0.16423  -5.0373e+01 |  9  0.16321  -3.3771e+01
 10  0.14258  -3.3203e+01 | 11  0.05932  -4.1679e+01 | 12  0.14116   5.3218e+01
 13  0.10248   2.4989e+01 | 14  0.07955   2.9751e+01 | 15 -0.11204  -3.6529e+00
 16 -1.97503  -5.6764e+00 | 17 -0.01854   1.6523e+00 | 18 -0.05591   5.2677e+00
 19 -0.12475   2.0042e-02 | 20 -0.31942  -1.1638e-01 | 21 -0.41777   5.1473e-03
 22  0.15079   3.7053e+00 | 23 -0.15514  -1.5842e-03 | 24  0.06368   2.0053e+00
 25  0.10970   4.5814e-01 | 26  0.13778  -3.7834e+00 | 27  0.15304  -2.1552e+01
 28  0.16915  -4.4824e+00 | 29  0.15960  -8.2814e+00 | 30  0.17953   4.6410e+01
 31  0.16155  -4.9295e+00 | 32  0.16542   1.9506e+01 | 33  0.09556  -2.7776e+01
 34 -2.07909   2.0251e+01 | 35  0.10549  -1.0881e+01 | 36  0.13148   1.4047e+01
 37  0.08405  -1.0505e+00 | 38  0.01831  -1.1091e+01 | 39  0.00420   5.4074e+00
 40 -1.94019   2.1041e+00 | 41 -0.16042  -2.8368e+00 | 42 -0.05074   9.1866e+00
 43 -0.11702  -9.1058e+00 | 44  0.09395   1.5572e+01 | 45 -0.12015  -9.7937e+00
 46 -0.26087  -1.3926e+01 | 47 -0.16617  -9.3614e+00 | 48 -0.15975  -1.4704e+01
 49  0.00331  -5.7145e+00 | 50 -0.08615  -1.1173e+01 | 51 -0.03265  -6.9550e+00
 52  0.14636   1.2869e+01 | 53 -0.00356  -1.0769e+00 | 54  0.08492   6.8937e+00
 55  0.07936  -1.7512e+00 | 56 -0.05136  -1.2928e+01 | 57  0.00123  -6.2284e+00
 58  0.21250   5.9274e+01 | 59  0.07391   2.8901e+01 | 60 -0.12696   2.1123e+00
 61 -0.04913   8.9100e+00 | 62  0.13209   2.0496e+01 | 63 -0.12043  -1.3928e+01
 64  0.02467  -1.7130e+01 | 65 -0.06557  -2.0993e+01 | 66  0.12087  -1.9788e+01
 67 -0.05237  -1.4390e+01 | 68 -0.23805  -1.8535e+01 | 69 -0.13397  -1.4037e+01
 70 -0.01182  -5.1967e+00 | 71  0.08855   5.5300e+00 | 72  0.05885   1.3660e+01
 73  0.01061   1.3486e+01 | 74 -0.04509   3.0822e+00 | 75  0.17487   1.7038e+01
 76  0.15949   1.2784e+00 | 77 -0.02963  -8.6713e+00 | 78  0.01527  -2.8314e+00
 79  0.13802  -5.0165e+00 | 80  0.25177  -2.4678e+01 | 81  0.31870  -7.4164e+00
 82 -0.14273  -8.4798e+00 | 83 -0.14171  -1.2377e+01 | 84 -0.02987  -9.5306e+00
 85  0.15851   2.1532e+01 | 86  0.03975   9.6792e+00 | 87  0.17955   1.2729e+01
 88 -0.04969   1.5255e+01 | 89 -0.11502   1.7148e+01 | 90 -0.04920   1.6260e+01
 91 -0.01896   8.3996e+00 | 92  0.05202   1.5038e+01 | 93  0.10837   1.3947e+01
 94  0.19783   1.4940e+00 | 95 -0.08714   8.4332e+00 | 96 -0.16618   5.1985e+00
 97  0.12952   2.3259e+01 | 98 -0.03368   4.2296e+00 | 99  0.17465   1.2277e+01
100  0.12894   8.3019e-01 |101  0.04360   8.1932e-01 |102  0.01852   1.6510e+01
103  0.03858   2.5082e+01 |104 -0.12740   6.2122e+00 |105 -0.05229   1.0183e+01
106 -0.11338   1.3118e+01 |107 -0.36384  -2.4016e+00 |108  0.07305   9.5938e+00
109  0.11288   4.0890e+00 |110  0.12787   1.4447e+00 |111 -0.01669   2.1671e+00
112 -0.04672   1.2015e+01 |113 -0.08689   1.1671e+01 |114 -0.01188   1.1079e+01
115  0.12096   9.2680e+00 |116  0.09225   1.6446e+01 |117  0.09631   1.7602e+01
118  0.01553   1.7525e+01 |119 -0.01991   1.2279e+01 |120 -0.04540   1.1193e+01
121 -0.26364  -3.8751e+00 |122  0.27908  -3.9922e+00 |123 -0.88483   3.4704e+00
124  0.11514   8.4195e+00 |125  0.05132   1.3366e+01 |126 -0.04378   1.7373e+01
127 -0.03695  -7.2401e+00 |128 -0.01666  -7.2498e+00 |129 -0.03935  -7.2385e+00
130 -0.03941  -7.2384e+00 |131  0.10799  -7.1482e+00 |132 -0.03086  -7.2438e+00
133 -0.03943  -7.2384e+00 |134  0.06737  -7.2118e+00 |135  0.02869  -7.2450e+00
136 -0.02940  -7.2446e+00 |137  0.02089  -7.2484e+00 |138 -0.01340  -7.2507e+00
139 -0.03911  -7.2387e+00 |140 -0.03412  -7.2419e+00 |141 -0.03986  -7.2381e+00
142 -0.03567  -7.2410e+00 |143 -0.02953  -7.2445e+00 |144 -0.01963  -7.2489e+00
145 -0.03985  -7.2381e+00 |146 -0.02133  -7.2483e+00 |147 -0.00884  -7.2516e+00
148 -0.03306  -7.2426e+00 |149 -0.03627  -7.2406e+00 |150  0.02506  -7.2467e+00
151  0.12266  -7.1181e+00 |152 -0.03987  -7.2381e+00 |153 -0.00168  -7.2523e+00
154  0.14311  -7.0699e+00 |155 -0.03218  -7.2431e+00 |156 -0.03969  -7.2382e+00
157  0.14305  -7.0700e+00 |158 -0.03797  -7.2394e+00 |159  0.03202  -7.2432e+00
160  0.03337  -7.2424e+00 |161  0.02121  -7.2483e+00 |162  0.03345  -7.2423e+00
163 -0.03250  -7.2429e+00 |164 -0.02973  -7.2444e+00 |165 -0.03978  -7.2382e+00
166  0.08121  -7.1934e+00 |167 -0.01953  -7.2489e+00 |168 -0.01697  -7.2498e+00
169  0.02721   6.5608e+02 |170  0.01573   7.5502e+01 |171 -0.00476   3.8619e+01
172  0.02239   4.6162e+01 |173  0.07349   9.2113e+01 |174  0.05928   1.2242e+02
175  0.03107   3.9353e+00 |176  0.02152   1.1151e+01 |177  0.04631   2.5620e+01
178  0.11537   2.8267e+01 |179  0.13841   6.3097e+01 |180  0.11087   9.4352e+00
181  0.07316   6.9491e+01 |182 -0.00162   6.3928e+01 |183 -0.05525   1.0242e+01
184  0.00868  -3.9792e+00 |185  0.00664  -4.7999e-01 |186 -0.03216  -3.9130e+01
187 -0.04769   1.1735e+01 |188 -0.02854   4.5822e+01 |189  0.03982   1.4032e+02
190  0.03346   9.8438e+01 |191  0.05324   1.5871e+02 |192  0.02001   2.2219e+01
193 -0.02748   2.0564e+01 |194 -0.09316   3.3076e+01 |195 -0.00740   3.8333e+01
196  0.05737   4.6414e+01 |197  0.04543  -5.2146e+00 |198 -0.07850  -3.5850e+01
199  0.03031  -6.9363e+00 |200 -0.00456   3.6020e+00 |201  0.06477   1.0188e+02
202  0.14283   9.6696e+01 |203  0.11095   2.9396e+01 |204  0.10319   8.2038e+01
205 -0.03821   3.2579e+01 |206 -0.43810   2.5705e+01 |207 -0.12475   4.6649e+01
208 -0.08100   5.4239e+01 |209 -0.05841   1.4879e+01 |210  0.05976   1.8702e+01
211 -0.40444   2.6945e+01 |212 -0.02473   2.9241e+02 |213  0.02032  -1.6142e+02
214 -0.00857  -5.2893e-09 |215 -0.65836  -5.1912e+00 |216 -0.83058   4.4105e+00
217  0.01807   1.7971e+02 |218 -0.09488   4.4352e+00 |219 -0.20230  -6.6658e+00
220 -0.06374  -1.7290e+01 |221  0.00587  -2.2373e+01 |222  0.00398  -4.5348e+00
223  0.00527  -2.6337e+01 |224 -0.01898  -9.3041e-01 |225 -0.02378  -1.3366e+00
226  0.07561  -2.1387e+01 |227  0.09444  -3.0639e+00 |228  0.20078  -1.3450e+01
229  0.07021  -1.2023e+01 |230  0.08938  -2.1569e+01 |231  0.05389  -1.1816e+01
232  0.04824  -1.7796e+01 |233  0.08534  -9.0391e+00 |234  0.11573  -7.5084e+00
235 -0.10713   3.0577e+00 |236 -0.09100  -9.8509e+00 |237  0.01239  -1.4458e+01
238 -0.01753  -2.1894e+01 |239 -0.15102  -2.5232e+01 |240 -0.19841  -2.7132e+01
241 -0.10209  -1.2084e+01 |242 -0.01491  -1.6839e+01 |243  0.05311  -1.3266e+01
244 -0.01086  -3.3894e+00 |245 -0.11692   6.1139e+00 |246 -0.23694  -1.1786e+01
247 -0.09714  -6.9207e+00 |248  0.00373  -9.9356e+00 |249  0.06980  -9.7809e+00
250  0.09632  -4.4517e+00 |251  0.03802  -1.2763e+01 |252  0.00037  -1.9742e+01
253  0.03170  -8.1271e+00 |254  0.05296  -1.6756e+01 |255  0.19521  -8.8598e+00
256  0.27971  -7.3205e+00 |257 -0.14898  -8.8649e+00 |258  0.09836  -2.8792e+02
259  0.14972  -4.6878e+01 |260 -0.86920  -5.7603e+01 |261 -0.84474  -1.9912e+01
262 -0.75215   2.8837e+01 |263 -0.26743   1.0867e+02 |264  0.15237   1.1562e+02
265 -0.46929   8.8118e+01 |266  0.55665   7.6346e+01 |267 -0.01399   1.1899e+02
268 -0.27818   1.0783e+02 |269 -0.48857   8.5655e+01 |270  0.52641   8.0594e+01
271  0.04083   1.1877e+02 |272  0.02691   1.1891e+02 |273  0.71415   5.1662e+01
274  0.52762   8.0428e+01 |275  0.19310   1.1358e+02 |276 -0.31388   1.0484e+02
277 -0.05195   1.1862e+02 |278  0.22127   1.1190e+02 |279  0.40609   9.5613e+01
280 -0.15980   1.1529e+02 |281  0.33989   1.0245e+02 |282 -0.26532   1.0883e+02
283  0.23752   1.1083e+02 |284  0.32351   1.0398e+02 |285  0.24787   1.1011e+02
286  0.46812   8.8264e+01 |287 -0.02250   1.1894e+02 |288 -0.77351   4.1455e+01
289 -0.27910   1.0776e+02 |290 -0.42168   9.3848e+01 |291 -0.57743   7.3326e+01
292 -0.20628   1.1282e+02 |293  0.19941   1.1323e+02 |294 -0.58272   7.2544e+01
295 -0.29573   1.0640e+02 |296 -0.03101   1.1888e+02 |297 -0.33955   1.0249e+02
298  0.22626   1.1158e+02 |299 -0.19498   1.1348e+02 |300 -0.12960   1.1656e+02
301  0.38434   9.7978e+01 |302  0.33165   1.0323e+02 |303  0.47311  -2.7557e+02
304  0.27369   1.8989e+01 |305 -0.93346  -3.2871e+02 |306  0.20847   5.3883e+01
307 -0.87207   1.3265e+01 |308 -0.50353  -3.7627e+01 |
18.8895 14.7033 83.3623 53.0887 
10.1183 10.1183 50.208 50.8829 
11.4005 13.052 0 0.110977 6.83641 
0 6.95644 0 0 0.44852 39.6829 0 
18.8889 14.7486 82.747 53.0013 
10.0806 10.0806 50.202 50.9159 
11.3295 12.7505 0 0.105244 6.81895 
0 6.90208 0 0 0.452106 39.8404 0 
18.427 14.6336 82.4525 52.918 
10.3278 10.3278 50.0828 51.0194 
11.2984 12.5775 0 0.103498 6.65044 
0 6.84004 0 0 0.453508 39.8808 0 
18.8664 14.5024 81.2742 52.3279 
9.70296 9.70296 49.9731 51.1286 
11.3243 13.5498 0 0.117538 6.859 
0 6.68158 0 0 0.445514 40.069 0 
18.799 14.9737 80.8276 52.3495 
9.77624 9.77624 50.0797 51.0785 
11.1429 13.2137 0 0.102051 7.23625 
0 6.42623 0 0 0.458415 39.6363 0 
18.7132 15.209 80.0008 52.4776 
9.68763 9.68763 50.3372 51.1889 
11.0623 12.791 0 0.106669 7.4907 
0 6.14737 0 0 0.460118 39.4535 0 
18.4082 15.0842 79.8785 52.2534 
9.80212 9.80212 50.5733 50.9485 
11.0531 12.9206 0 0.10389 7.35917 
0 5.94603 0 0 0.406569 39.1597 0 
19.2122 15.0476 78.8578 51.3478 
10.0691 10.0691 50.345 50.7635 
11.0558 12.5596 0 0.127089 7.26657 
0 5.87628 0 0 0.417408 39.6211 0 
19.3236 15.1378 78.3394 50.9603 
9.80055 9.80055 50.2358 50.6922 
10.9709 12.5209 0 0.130113 7.18081 
0 5.85113 0 0 0.412304 39.3853 0 
19.1949 15.0581 77.8615 50.7473 
9.86679 9.86679 50.2613 50.7712 
10.7996 12.4492 0 0.129472 6.91751 
0 5.93578 0 0 0.413701 38.8182 0 
308 variables; iteration 150; function evaluation 172; phase 1
Function value   3.6152427e+02; maximum gradient component mag   3.7785e+02
Var   Value    Gradient   |Var   Value    Gradient   |Var   Value    Gradient
  1  0.18646   6.5268e+00 |  2  0.12960  -2.0226e+01 |  3  0.21411  -6.9624e+00
  4  0.20785  -1.1654e+01 |  5  0.18488  -5.8440e+01 |  6  0.20483   2.0436e+01
  7  0.17936  -1.7330e+01 |  8  0.16676  -4.3263e+01 |  9  0.16480  -2.4071e+01
 10  0.14940  -2.8347e+00 | 11  0.06534  -3.9389e+01 | 12  0.13861   4.0544e+01
 13  0.09832   1.2715e+01 | 14  0.07418   2.1856e+01 | 15 -0.13466  -3.8708e+00
 16 -1.98178  -5.1909e+00 | 17 -0.02100  -3.2867e+00 | 18 -0.05275   5.6911e+00
 19 -0.09329   1.5236e+00 | 20 -0.27760  -2.8114e-01 | 21 -0.55722  -3.3047e-05
 22  0.13602   8.7578e-01 | 23 -0.15369  -8.2976e-04 | 24 -0.02835  -1.1197e+00
 25  0.11282   2.2557e+00 | 26  0.12915  -9.9655e+00 | 27  0.16521  -6.9317e+00
 28  0.17345   1.7442e+00 | 29  0.16078  -7.1447e+00 | 30  0.17525   3.0074e+01
 31  0.17505   2.5208e+01 | 32  0.15110  -9.2630e+00 | 33  0.09250  -2.8555e+01
 34 -2.07638   2.1553e+01 | 35  0.10915  -3.3787e+00 | 36  0.13305   3.1011e+01
 37  0.07953  -1.0011e+01 | 38  0.00828  -1.5522e+01 | 39  0.00348   4.9168e+00
 40 -1.94114   3.6324e-01 | 41 -0.16425  -2.6764e+00 | 42 -0.10033   2.1448e+00
 43 -0.11897  -1.7603e+01 | 44  0.07717   9.4726e-01 | 45 -0.10769  -1.8387e+01
 46 -0.21287  -2.0286e+01 | 47 -0.21912  -2.0811e+01 | 48 -0.17309  -2.1914e+01
 49  0.02355  -1.1387e+01 | 50 -0.08699  -1.9077e+01 | 51 -0.03623  -1.3349e+01
 52  0.12641   1.1833e+01 | 53 -0.01057  -3.4442e+00 | 54  0.09700   1.3192e+01
 55  0.05382  -4.2241e+00 | 56 -0.06493  -1.8936e+01 | 57  0.00885  -1.2137e+01
 58  0.20194   4.1798e+01 | 59  0.08315   1.6281e+01 | 60 -0.14021  -9.9514e+00
 61 -0.05911  -2.8907e+00 | 62  0.12219   9.9338e+00 | 63 -0.10404  -1.9773e+01
 64  0.01655  -1.5749e+01 | 65 -0.09568  -2.3572e+01 | 66  0.09402  -1.3924e+01
 67  0.01343  -1.4120e+01 | 68 -0.16088  -2.3303e+01 | 69 -0.17148  -2.1642e+01
 70 -0.04222  -1.1620e+01 | 71  0.09258   3.2814e+00 | 72  0.08169   1.3444e+01
 73  0.02297   7.3680e+00 | 74 -0.05736  -5.5917e+00 | 75  0.15665   1.8829e+01
 76  0.15530   2.1944e+00 | 77 -0.01578  -1.5986e+01 | 78  0.01217  -1.4256e+01
 79  0.13606  -2.0122e+01 | 80  0.25264  -4.0834e+01 | 81  0.39102  -1.3798e+01
 82 -0.15332  -1.6757e+01 | 83 -0.10525  -1.8324e+01 | 84 -0.08188  -1.9941e+01
 85  0.16349   1.4252e+01 | 86  0.03602  -2.8423e-01 | 87  0.18355   2.4332e+00
 88 -0.03448   8.5548e+00 | 89 -0.11139   8.6778e+00 | 90 -0.06024   5.9666e+00
 91  0.01005   2.2500e+00 | 92  0.00279   2.9909e+00 | 93  0.14215   1.2414e+01
 94  0.18029  -1.1931e+00 | 95 -0.00812   3.5877e+00 | 96 -0.08742   3.4301e-01
 97  0.12003   2.2741e+01 | 98  0.02229   2.4907e+00 | 99  0.14168   4.5905e+00
100  0.14568  -1.1709e+00 |101  0.06378  -6.0631e+00 |102  0.02010   7.2846e+00
103  0.01474   1.3476e+01 |104 -0.25321  -5.9756e+00 |105 -0.10758  -5.1841e-01
106  0.00581   7.5085e+00 |107 -0.18601  -3.1014e+00 |108  0.04558   4.3229e+00
109  0.13751  -1.1171e+00 |110  0.13377   3.2602e-01 |111 -0.15291  -5.5132e+00
112 -0.06888   4.9931e+00 |113 -0.07514   3.0492e+00 |114  0.01424   5.6402e+00
115  0.11686   7.1096e+00 |116  0.06673   1.0728e+01 |117  0.09560   1.1798e+01
118  0.06470   1.3962e+01 |119 -0.00555   5.8058e+00 |120 -0.10227   2.1186e+00
121 -0.25811  -1.0897e+01 |122  0.27243  -1.8513e+01 |123 -0.85746   2.3429e+00
124  0.14162   3.6661e+00 |125 -0.00260   3.6251e+00 |126 -0.19787   2.5368e+00
127 -0.03595  -9.0028e+00 |128 -0.01378  -9.0151e+00 |129 -0.02143  -9.0121e+00
130 -0.02408  -9.0107e+00 |131  0.08344  -8.9398e+00 |132 -0.03017  -9.0071e+00
133 -0.01888  -9.0132e+00 |134  0.06485  -8.9704e+00 |135  0.03438  -9.0040e+00
136 -0.02856  -9.0081e+00 |137  0.02697  -9.0091e+00 |138 -0.00998  -9.0161e+00
139 -0.03648  -9.0024e+00 |140 -0.03356  -9.0047e+00 |141 -0.03110  -9.0064e+00
142 -0.03497  -9.0036e+00 |143 -0.02871  -9.0080e+00 |144 -0.01724  -9.0139e+00
145 -0.03485  -9.0037e+00 |146 -0.01924  -9.0131e+00 |147 -0.00472  -9.0169e+00
148 -0.03250  -9.0054e+00 |149 -0.03546  -9.0032e+00 |150  0.03098  -9.0065e+00
151  0.08542  -8.9361e+00 |152 -0.03464  -9.0038e+00 |153  0.00335  -9.0171e+00
154  0.06265  -8.9736e+00 |155 -0.03159  -9.0061e+00 |156 -0.01629  -9.0142e+00
157  0.07813  -8.9494e+00 |158 -0.03649  -9.0024e+00 |159  0.03742  -9.0016e+00
160  0.03864  -9.0006e+00 |161  0.02727  -9.0089e+00 |162  0.06700  -8.9673e+00
163 -0.03192  -9.0059e+00 |164 -0.02893  -9.0079e+00 |165 -0.02982  -9.0073e+00
166  0.07293  -8.9581e+00 |167 -0.01714  -9.0139e+00 |168 -0.01414  -9.0150e+00
169  0.02760   3.4904e+02 |170  0.01419   6.8885e+01 |171 -0.00253   1.6970e+01
172  0.02687   4.8233e+01 |173  0.07804   8.6194e+01 |174  0.04290   2.2475e+01
175  0.04117  -1.2416e+00 |176  0.02938   3.6669e+00 |177  0.03036  -2.3462e+01
178  0.11572  -1.0100e+01 |179  0.12683  -1.9396e+01 |180  0.11018  -2.7694e+01
181  0.06534   2.5423e+01 |182 -0.01470   1.7749e+01 |183 -0.05017  -1.5442e+01
184  0.01003  -1.1989e+01 |185  0.00363  -1.6693e+01 |186 -0.02745  -4.3103e+01
187 -0.04860  -2.1206e+01 |188 -0.03890   1.1475e+00 |189  0.04206   1.1387e+02
190  0.02414   2.3417e+01 |191  0.04705   8.2218e+01 |192  0.02004  -8.3337e-01
193 -0.02055   1.7855e+00 |194 -0.10219   3.8284e-01 |195 -0.00768   2.1945e+00
196  0.05326  -1.4984e+01 |197  0.04948  -7.2952e+00 |198 -0.05156  -6.5581e+01
199  0.02899  -1.4049e+01 |200 -0.00128  -2.6966e+01 |201  0.03535   7.7356e+00
202  0.14042   6.2442e+01 |203  0.11066   8.5442e+00 |204  0.10339   8.8264e+01
205 -0.03155   1.2716e+01 |206 -0.49347   2.9028e+00 |207 -0.13905   3.3518e+00
208 -0.09574  -1.0585e+01 |209 -0.05718  -9.5957e+00 |210  0.05351  -1.3179e+01
211 -0.27073   3.8187e+00 |212 -0.02374   3.7785e+02 |213  0.02112  -8.5097e+01
214 -0.00857  -5.2893e-09 |215 -0.66400  -2.1505e+01 |216 -0.83385  -1.0033e-01
217  0.01037   5.4947e+01 |218 -0.09014   8.3719e-01 |219 -0.19450  -5.1403e+00
220 -0.04684  -4.9388e+00 |221  0.01201  -2.2167e+01 |222 -0.00638  -1.9772e+01
223  0.00765  -1.6184e+01 |224 -0.03596  -1.4264e+01 |225 -0.03134   1.6118e+00
226  0.07424  -2.1354e+01 |227  0.08530  -8.7412e+00 |228  0.19048  -1.4683e+01
229  0.08159  -8.8364e+00 |230  0.09438  -1.9896e+01 |231  0.04511  -2.2996e+01
232  0.04212  -2.0238e+01 |233  0.07512  -1.3486e+01 |234  0.12761  -5.4431e+00
235 -0.09260   2.6824e+00 |236 -0.07987  -9.2049e+00 |237  0.00709  -1.3874e+01
238 -0.03472  -2.0126e+01 |239 -0.14060  -1.5063e+01 |240 -0.17940  -2.3080e+01
241 -0.11306  -2.6740e+01 |242 -0.00797  -1.2627e+01 |243  0.06192  -1.3645e+01
244 -0.02174  -9.4715e+00 |245 -0.13933  -6.6642e+00 |246 -0.23613  -6.9790e+00
247 -0.09046  -9.0414e-01 |248  0.00190  -1.4876e+01 |249  0.06151  -1.3590e+01
250  0.08027  -1.1631e+01 |251  0.04784  -1.2304e+01 |252  0.01630  -1.4827e+01
253  0.02502  -1.1283e+01 |254  0.05665  -1.6861e+01 |255  0.19576  -9.0486e+00
256  0.27236  -8.0662e+00 |257 -0.13659  -1.1497e+01 |258  0.09556  -1.4460e+02
259  0.14946  -4.4554e+01 |260 -0.86961  -3.1921e+01 |261 -0.84440  -5.8065e+00
262 -0.75585   1.0417e+01 |263 -0.29208   4.4474e+01 |264  0.13499   4.8493e+01
265 -0.44084   3.8179e+01 |266  0.46458   3.6972e+01 |267  0.02281   4.9572e+01
268 -0.46130   3.7142e+01 |269 -0.39404   4.0402e+01 |270  0.56963   3.1037e+01
271  0.20451   4.7067e+01 |272  0.03650   4.9523e+01 |273  0.79942   1.5371e+01
274  0.40246   4.0018e+01 |275  0.33520   4.2886e+01 |276 -0.24324   4.6027e+01
277 -0.19588   4.7275e+01 |278  0.22219   4.6613e+01 |279  0.48368   3.5963e+01
280  0.02400   4.9569e+01 |281  0.32678   4.3212e+01 |282 -0.25387   4.5712e+01
283  0.23625   4.6227e+01 |284  0.14990   4.8235e+01 |285  0.11041   4.8860e+01
286  0.54265   3.2648e+01 |287 -0.07397   4.9270e+01 |288 -0.86143   1.0712e+01
289 -0.21544   4.6791e+01 |290 -0.39511   4.0353e+01 |291 -0.41424   3.9469e+01
292 -0.09673   4.9033e+01 |293  0.13530   4.8488e+01 |294 -0.65705   2.5448e+01
295 -0.27365   4.5091e+01 |296 -0.09217   4.9085e+01 |297 -0.34485   4.2503e+01
298  0.37645   4.1181e+01 |299 -0.29352   4.4425e+01 |300 -0.24932   4.5848e+01
301  0.26945   4.5227e+01 |302  0.36631   4.1617e+01 |303  0.47433  -1.1024e+02
304  0.27565   5.5897e+00 |305 -0.93278  -3.3458e+02 |306  0.19095   1.6390e+01
307 -0.87122   2.8337e+00 |308 -0.50834  -4.3323e+01 |
19.0351 14.8565 76.8911 50.7018 
10.5198 10.5198 50.1836 50.8124 
10.6862 11.814 0 0.132292 7.02529 
0 6.02807 0 0 0.432234 38.6903 0 
18.2615 14.7107 77.017 50.3464 
9.69424 9.69424 50.4648 50.8288 
10.6419 11.7612 0 0.113925 7.26425 
0 6.09318 0 0 0.423403 38.9378 0 
18.2915 14.2464 75.0045 50.0218 
9.36434 9.36434 51.13 50.6748 
10.6002 11.7512 0 0.113691 7.52334 
0 6.21877 0 0 0.411845 40.1254 0 
18.1826 14.1548 74.3287 49.3099 
10.1801 10.1801 50.8495 50.4007 
10.7213 11.2554 0 0.0919598 7.84965 
0 6.19889 0 0 0.42521 40.6267 0 
18.3747 14.022 74.0308 49.3385 
10.5725 10.5725 50.1779 50.4934 
10.621 11.0031 0 0.0725868 8.16159 
0 6.08538 0 0 0.430307 40.4259 0 
18.6943 13.857 73.3231 49.7305 
10.7259 10.7259 50.2733 50.6645 
10.523 11.0974 0 0.0577157 8.23944 
0 6.07236 0 0 0.430959 40.0369 0 
18.4074 13.8198 73.2524 49.6599 
10.5533 10.5533 50.3429 50.7998 
10.425 11.2086 0 0.0466264 8.27315 
0 6.0463 0 0 0.443732 39.7491 0 
18.3031 13.9124 72.6171 49.9827 
10.5761 10.5761 50.3376 50.6499 
10.2944 11.2459 0 0.0409695 8.40903 
0 6.05853 0 0 0.440882 39.4962 0 
18.4327 14.0321 72.3954 49.6723 
11.4156 11.4156 50.269 50.4725 
10.2847 10.7185 0 0.0419043 8.39861 
0 5.96797 0 0 0.432579 39.2704 0 
18.4563 14.0598 72.2258 49.9468 
10.9402 10.9402 49.9783 50.4314 
10.242 11.0011 0 0.0379901 8.26414 
0 5.91426 0 0 0.453765 38.9723 0 
308 variables; iteration 160; function evaluation 182; phase 1
Function value   3.5207157e+02; maximum gradient component mag   2.9574e+02
Var   Value    Gradient   |Var   Value    Gradient   |Var   Value    Gradient
  1  0.18963   1.9439e+01 |  2  0.17142  -1.0502e+01 |  3  0.21459   1.9302e+01
  4  0.20447  -1.1684e+01 |  5  0.19166  -5.0670e+01 |  6  0.19878  -7.6655e+00
  7  0.17667  -1.9604e+01 |  8  0.16999  -2.8863e+01 |  9  0.16870  -8.3679e+00
 10  0.15920   4.1035e+01 | 11  0.09708  -2.4023e+01 | 12  0.13455   1.7576e+01
 13  0.09507  -4.5655e+00 | 14  0.07959   3.1303e+01 | 15 -0.06947  -2.3759e+00
 16 -1.96625  -3.7374e+00 | 17 -0.02904  -5.5114e+00 | 18 -0.05679   3.1721e-01
 19 -0.11279   5.6281e-01 | 20 -0.13496  -2.3400e-03 | 21 -0.58941  -5.7889e-04
 22  0.13026   1.7671e-01 | 23 -0.15172   6.6738e-04 | 24  0.01572  -2.9070e-01
 25  0.08933  -2.3118e+00 | 26  0.12745  -7.8858e+00 | 27  0.18502   4.4882e+01
 28  0.15485  -2.0445e+01 | 29  0.14799  -1.7477e+01 | 30  0.15825   7.0183e-01
 31  0.16350   6.2648e+00 | 32  0.13777  -1.9912e+01 | 33  0.08947  -2.8125e+01
 34 -2.06933   2.3836e+01 | 35  0.10935   5.7813e+00 | 36  0.13256   5.3441e+01
 37  0.08306  -6.1474e+00 | 38  0.00715  -1.9862e+01 | 39 -0.02527  -4.4642e+00
 40 -1.94426   8.6654e-01 | 41 -0.17859  -7.9302e-01 | 42 -0.17962  -5.1815e-01
 43 -0.10862  -2.1170e+01 | 44  0.08741  -1.3575e+01 | 45 -0.09383  -2.1126e+01
 46 -0.21743  -2.1453e+01 | 47 -0.17826  -1.8842e+01 | 48 -0.13954  -2.0446e+01
 49 -0.01372  -1.7831e+01 | 50 -0.08031  -2.2837e+01 | 51 -0.02108  -1.8802e+01
 52  0.10503  -6.6486e+00 | 53  0.02661  -4.7726e+00 | 54  0.08555   1.7227e+00
 55  0.03708  -1.0396e+01 | 56 -0.03302  -1.9271e+01 | 57 -0.02482  -1.8582e+01
 58  0.20537   2.6424e+01 | 59  0.09179   9.8310e+00 | 60 -0.14581  -1.2534e+01
 61 -0.04739  -3.5374e+00 | 62  0.14441   1.7718e+01 | 63 -0.09200  -1.6244e+01
 64 -0.03128  -1.5524e+01 | 65 -0.10024  -2.3762e+01 | 66  0.11755  -2.0168e+01
 67 -0.02262  -2.0348e+01 | 68 -0.14072  -2.4005e+01 | 69 -0.08191  -1.6773e+01
 70 -0.08510  -1.2529e+01 | 71  0.09997   1.4290e+01 | 72  0.10153   2.4033e+01
 73  0.02131   8.5297e+00 | 74 -0.05998  -5.4873e+00 | 75  0.15707   2.5607e+01
 76  0.12049   3.6247e+00 | 77 -0.00457  -1.4089e+01 | 78  0.02203  -1.2630e+01
 79  0.14042  -1.7941e+01 | 80  0.25341  -3.9542e+01 | 81  0.21531  -1.6010e+01
 82 -0.23927  -2.1934e+01 | 83 -0.09389  -1.8404e+01 | 84  0.00296  -1.6867e+01
 85  0.14416   1.6984e+01 | 86  0.02930  -1.3425e+00 | 87  0.18947  -1.3176e+01
 88 -0.10735   5.8121e+00 | 89 -0.19820   7.2497e+00 | 90 -0.12426   6.2157e+00
 91  0.02624   7.2616e+00 | 92 -0.04084   5.0741e+00 | 93  0.14287   1.5252e+01
 94  0.17117   4.1322e-01 | 95 -0.04054   3.5578e+00 | 96 -0.09282   2.7407e+00
 97  0.08905   1.7416e+01 | 98  0.06680   9.0994e+00 | 99  0.12587   1.0191e+01
100  0.13813   3.6730e+00 |101  0.07090  -4.0986e+00 |102 -0.00132   7.6352e+00
103 -0.02858   1.1708e+01 |104 -0.22406  -3.5010e+00 |105  0.02795   7.1621e+00
106 -0.10997   5.4762e+00 |107 -0.12003   6.9070e+00 |108  0.09621   1.4740e+01
109  0.12918   8.8608e+00 |110  0.11010   8.0777e+00 |111 -0.07559   1.4837e+00
112 -0.03237   1.0270e+01 |113 -0.09827   6.6651e+00 |114 -0.02649   8.1875e+00
115  0.12864   1.5320e+01 |116  0.04109   1.7695e+01 |117  0.09293   2.0360e+01
118  0.04872   1.6827e+01 |119  0.05245   1.5294e+01 |120 -0.05073   7.3757e+00
121 -0.27466  -8.1087e+00 |122  0.25319  -2.1425e+01 |123 -0.85142   3.3477e+00
124  0.12166   3.7105e+00 |125  0.03114   7.5378e+00 |126 -0.04602   1.2662e+01
127 -0.03648  -5.9646e+00 |128 -0.01026  -5.9736e+00 |129  0.00468  -5.9742e+00
130 -0.00211  -5.9743e+00 |131  0.04303  -5.9607e+00 |132 -0.03060  -5.9675e+00
133  0.01144  -5.9734e+00 |134  0.05380  -5.9531e+00 |135  0.03887  -5.9632e+00
136 -0.02864  -5.9683e+00 |137  0.03288  -5.9664e+00 |138 -0.00566  -5.9741e+00
139 -0.03467  -5.9655e+00 |140 -0.03448  -5.9656e+00 |141 -0.01964  -5.9715e+00
142 -0.03584  -5.9649e+00 |143 -0.02882  -5.9682e+00 |144 -0.01453  -5.9728e+00
145 -0.02938  -5.9680e+00 |146 -0.01701  -5.9722e+00 |147  0.00055  -5.9744e+00
148 -0.03333  -5.9662e+00 |149 -0.03621  -5.9647e+00 |150  0.03621  -5.9647e+00
151  0.03131  -5.9671e+00 |152 -0.02879  -5.9683e+00 |153  0.00967  -5.9737e+00
154 -0.01675  -5.9723e+00 |155 -0.03229  -5.9667e+00 |156  0.01861  -5.9718e+00
157  0.00103  -5.9744e+00 |158 -0.03637  -5.9646e+00 |159  0.04112  -5.9619e+00
160  0.04199  -5.9614e+00 |161  0.03314  -5.9663e+00 |162  0.15174  -5.8055e+00
163 -0.03267  -5.9665e+00 |164 -0.02909  -5.9681e+00 |165 -0.01646  -5.9724e+00
166  0.05327  -5.9535e+00 |167 -0.01439  -5.9728e+00 |168 -0.01070  -5.9735e+00
169  0.02698   2.1399e+02 |170  0.01651   8.3116e+01 |171  0.00282   2.5013e+01
172  0.02679   3.9657e+01 |173  0.07653   6.3542e+01 |174  0.03352   2.2372e+00
175  0.03945   1.7593e+01 |176  0.02868   2.4201e+01 |177  0.02816  -2.2558e+01
178  0.11553  -3.1240e+00 |179  0.12112  -3.8943e+01 |180  0.11077  -1.3095e+01
181  0.05644   9.9102e+00 |182 -0.01914   1.1518e+01 |183 -0.04262  -1.1733e+01
184  0.01327  -2.7470e+00 |185  0.00942  -1.2101e+01 |186 -0.01818  -2.5794e+01
187 -0.04160  -1.3603e+01 |188 -0.02019   5.6605e+00 |189  0.03602   5.0115e+01
190  0.02788   2.1369e+01 |191  0.04945   9.7523e+01 |192  0.02998   2.7334e+01
193 -0.01489   9.4291e+00 |194 -0.11636  -9.4458e+00 |195  0.00054  -1.6376e+01
196  0.05182  -7.0972e+01 |197  0.04155  -2.2196e+01 |198 -0.01331  -6.2530e+01
199  0.02418  -4.5685e+00 |200 -0.01037  -5.0205e+01 |201  0.03152  -1.3272e+01
202  0.12806   1.2595e+01 |203  0.10933   1.0306e+01 |204  0.09940   6.5811e+01
205 -0.04665   6.6760e-01 |206 -0.47905   1.0956e+00 |207 -0.13625   2.2080e+00
208 -0.09012  -3.3635e+00 |209 -0.04486   4.2082e+00 |210  0.06407  -1.0179e+01
211 -0.33461   1.4682e+00 |212 -0.02745   2.9574e+02 |213  0.02605  -9.5196e+01
214 -0.00857  -5.2893e-09 |215 -0.67262  -1.4998e+01 |216 -0.85539  -7.0935e+00
217  0.00901  -1.6998e+01 |218 -0.09999  -5.5632e+00 |219 -0.21489  -1.1345e+01
220 -0.01912   1.4988e+01 |221  0.03351  -9.6505e+00 |222 -0.00808  -1.3251e+01
223 -0.01280  -2.1079e+01 |224 -0.02594   6.6819e-01 |225 -0.04939  -1.0066e+01
226  0.09123  -7.2370e+00 |227  0.07720  -1.3612e+01 |228  0.18717  -1.3074e+01
229  0.07614  -8.3945e+00 |230  0.08880  -1.1376e+01 |231  0.05614  -1.1467e+01
232  0.05057  -1.5605e+01 |233  0.06319  -1.7991e+01 |234  0.12225  -6.6389e+00
235 -0.09796  -3.9969e-01 |236 -0.08704  -5.1379e+00 |237  0.00247  -4.8809e+00
238 -0.00697  -1.0160e+01 |239 -0.13067  -1.3944e+01 |240 -0.18047  -1.7992e+01
241 -0.10324  -2.6758e+01 |242  0.00844  -1.2787e+01 |243  0.05924  -1.0491e+01
244 -0.03868  -1.5271e+01 |245 -0.13765  -6.3955e+00 |246 -0.23427  -2.5925e+00
247 -0.11555  -1.5661e+01 |248  0.00453  -4.0358e+00 |249  0.05341  -1.6922e+01
250  0.07149  -1.7752e+01 |251  0.04824  -1.1990e+01 |252  0.01706  -1.2046e+01
253  0.03574  -1.2808e+01 |254  0.07450  -1.2559e+01 |255  0.19384  -7.6940e+00
256  0.26786  -5.5275e+00 |257 -0.13469  -4.4062e+00 |258  0.09427  -2.9406e+01
259  0.14920  -3.7539e+01 |260 -0.86946  -2.4384e+01 |261 -0.84512  -1.9609e+01
262 -0.79088  -4.4752e-01 |263 -0.21512   6.5902e+01 |264  0.18180   6.7023e+01
265 -0.46772   5.1833e+01 |266  0.28021   6.3194e+01 |267  0.05922   6.9550e+01
268 -0.49725   4.9606e+01 |269 -0.18932   6.6786e+01 |270  0.52304   4.7574e+01
271  0.23620   6.5099e+01 |272  0.01224   6.9839e+01 |273  0.65552   3.5980e+01
274  0.37292   5.8206e+01 |275  0.44242   5.3653e+01 |276 -0.31277   6.1590e+01
277 -0.25640   6.4263e+01 |278  0.19066   6.6743e+01 |279  0.45518   5.2745e+01
280  0.04749   6.9658e+01 |281  0.56656   4.3969e+01 |282 -0.27406   6.3479e+01
283  0.29192   6.2636e+01 |284  0.17696   6.7171e+01 |285  0.05387   6.9602e+01
286  0.49955   4.9428e+01 |287  0.01014   6.9843e+01 |288 -0.76398   2.5307e+01
289 -0.42561   5.4815e+01 |290 -0.43390   5.4246e+01 |291 -0.39937   5.6552e+01
292 -0.26792   6.3757e+01 |293  0.25201   6.4450e+01 |294 -0.55890   4.4618e+01
295 -0.27650   6.3367e+01 |296 -0.14229   6.8115e+01 |297 -0.29363   6.2553e+01
298  0.47015   5.1654e+01 |299 -0.51762   4.8007e+01 |300 -0.35448   5.9301e+01
301  0.39712   5.6697e+01 |302  0.43982   5.3835e+01 |303  0.47409  -2.7548e+00
304  0.26844   9.6964e+00 |305 -0.93089  -1.4578e+02 |306  0.17938  -1.6769e+01
307 -0.87023   5.9635e+01 |308 -0.50690   1.7336e+01 |
18.2958 14.5197 71.7439 49.5669 
10.9452 10.9452 49.8111 50.3993 
10.1241 10.9299 0 0.0366261 7.94912 
0 5.90751 0 0 0.451918 39.052 0 
18.5725 14.1307 71.0252 49.7988 
10.7167 10.7167 49.663 50.3433 
10.0427 11.2213 0 0.0318025 7.9972 
0 5.81276 0 0 0.453099 38.6387 0 
18.5209 14.0368 70.4092 49.2538 
10.6845 10.6845 50.0212 50.4283 
9.8108 11.3311 0 0.0417105 8.00518 
0 5.60183 0 0 0.443848 38.5747 0 
18.7584 14.0134 69.8365 49.5155 
10.9761 10.9761 50.078 50.1993 
9.60166 10.7728 0 0.0418367 8.02231 
0 5.26939 0 0 0.464927 37.948 0 
18.5411 14.4047 69.6001 49.2548 
11.0842 11.0842 50.6016 50.1104 
9.48768 10.1113 0 0.0436212 8.07974 
0 4.85801 0 0 0.458558 37.7807 0 
18.6372 14.4324 69.6452 49.2976 
11.4963 11.4963 49.9792 50.2011 
9.48534 10.1736 0 0.0155982 8.70355 
0 4.72692 0 0 0.444418 36.6613 0 
18.5559 14.4026 69.3926 49.4931 
11.3086 11.3086 49.6679 50.2215 
9.52849 10.33 0 0.00417036 8.95732 
0 4.6534 0 0 0.460598 36.1432 0 
19.0406 14.4283 68.6799 49.8151 
11.4612 11.4612 49.7597 50.0405 
9.45502 10.3986 0 0.000359701 8.64844 
0 4.65129 0 0 0.463598 35.2808 0 
19.0903 14.153 68.6888 49.9682 
10.9926 10.9926 50.288 49.7119 
9.45137 11.1511 0 0.00684077 8.96923 
0 4.77305 0 0 0.45575 34.4633 0 
19.0291 14.0132 68.6431 49.816 
10.8795 10.8795 50.4292 49.6491 
9.43233 11.1657 0 0.00825823 9.06298 
0 4.79965 0 0 0.448969 34.4694 0 
308 variables; iteration 170; function evaluation 192; phase 1
Function value   3.4198626e+02; maximum gradient component mag   6.5902e+02
Var   Value    Gradient   |Var   Value    Gradient   |Var   Value    Gradient
  1  0.18701   3.3321e+00 |  2  0.16950  -1.7627e+01 |  3  0.21173   2.0642e+01
  4  0.21539   4.2821e+01 |  5  0.19746  -2.5121e+01 |  6  0.18988  -3.3789e+01
  7  0.18862   7.3371e+00 |  8  0.17005  -2.2543e+01 |  9  0.18378   2.6488e+01
 10  0.15761   2.9583e+01 | 11  0.13385   2.0097e+01 | 12  0.13269   1.0560e+01
 13  0.09995  -9.5097e+00 | 14  0.07359   8.8233e+00 | 15 -0.05508  -2.7660e+00
 16 -1.96396  -5.1172e+00 | 17 -0.06427  -1.9093e+00 | 18 -0.07928  -1.9035e+00
 19 -0.07963   1.2540e+00 | 20 -0.22483   1.9334e-01 | 21 -0.49954  -1.4188e-04
 22  0.15378   3.5782e+00 | 23 -0.14936   3.0564e-04 | 24  0.04768   1.0230e+00
 25  0.09728  -1.1402e+00 | 26  0.14537   4.5348e+00 | 27  0.17237   1.0718e+01
 28  0.16048  -1.3160e+01 | 29  0.15915  -6.2609e+00 | 30  0.17031   1.4291e+01
 31  0.17244   2.0706e+01 | 32  0.14351  -1.3886e+01 | 33  0.08693  -3.1327e+01
 34 -2.07462   2.2868e+01 | 35  0.11269  -7.2325e+00 | 36  0.12821   1.5105e+01
 37  0.09853   2.4732e+01 | 38  0.03000  -2.4733e+01 | 39 -0.02206  -9.0109e+00
 40 -1.92622   1.2497e+00 | 41 -0.05116   4.5656e+00 | 42 -0.13898   1.9103e-01
 43 -0.15029  -1.7170e+01 | 44  0.08081  -2.3486e+00 | 45 -0.09386  -1.1603e+01
 46 -0.16057  -9.0468e+00 | 47 -0.15726  -7.0915e+00 | 48 -0.12048  -6.6032e+00
 49 -0.03718  -8.8007e-01 | 50 -0.02345  -1.3045e+00 | 51 -0.08332  -8.5628e+00
 52  0.10682   4.0567e+00 | 53  0.05806   1.7498e+00 | 54  0.06260  -9.1153e-01
 55  0.03545  -8.9390e+00 | 56 -0.02349  -1.5736e+01 | 57 -0.03956  -1.6034e+01
 58  0.20508   1.5376e+01 | 59  0.07193   1.8972e+00 | 60 -0.14618  -9.6695e+00
 61 -0.05757  -6.2700e+00 | 62  0.14706   3.1016e+00 | 63 -0.12222  -1.4020e+01
 64 -0.06306  -1.2826e+01 | 65 -0.11504  -1.9281e+01 | 66  0.05904  -2.8151e+01
 67  0.04101  -2.2876e+01 | 68 -0.12413  -2.0789e+01 | 69 -0.15052  -1.7839e+01
 70 -0.12729  -1.4662e+01 | 71  0.13107   3.1910e+00 | 72  0.07605   1.1887e+00
 73  0.03948   9.2386e-01 | 74 -0.03531  -3.5545e+00 | 75  0.12315   9.2315e+00
 76  0.16147   3.8910e+00 | 77  0.01400  -1.1297e+01 | 78  0.02121  -1.0978e+01
 79  0.07951  -2.2987e+01 | 80  0.25700  -4.9751e+01 | 81  0.30493  -8.9716e+00
 82 -0.14275  -9.8110e+00 | 83 -0.09374  -1.1961e+01 | 84 -0.01364  -1.0602e+01
 85  0.13172   1.5072e+01 | 86  0.07379  -2.6768e-01 | 87  0.21435  -6.4786e+00
 88 -0.07782   6.6011e+00 | 89 -0.20791   5.4094e+00 | 90 -0.12867   5.9650e+00
 91  0.02130   9.0029e+00 | 92 -0.01290   7.2874e+00 | 93  0.09055   1.4054e+01
 94  0.21180   2.5532e+01 | 95 -0.07266   3.9112e+00 | 96 -0.09207   3.4726e+00
 97  0.06840   1.3927e+01 | 98  0.06739   4.8224e+00 | 99  0.13024   2.0018e+00
100  0.11004  -7.6999e-03 |101  0.10420  -3.5000e+00 |102 -0.03216   2.5245e+00
103 -0.02746   6.4743e+00 |104 -0.12487  -3.0780e+00 |105 -0.06295  -3.6685e-01
106 -0.05064   5.8975e+00 |107 -0.09299   2.9565e+00 |108  0.09983   6.2420e+00
109  0.13387   2.8840e+00 |110  0.08172  -1.0751e+00 |111 -0.01999  -8.8281e-01
112 -0.05594   3.4613e+00 |113 -0.09426   1.3695e+00 |114 -0.01313  -8.2353e-01
115  0.13940  -1.0825e+00 |116 -0.00468   5.8238e+00 |117  0.10488   1.4061e+01
118  0.04602   9.8348e+00 |119  0.01902   9.8308e+00 |120 -0.07148   6.4042e+00
121 -0.22545  -7.6062e+00 |122  0.24240  -2.7559e+01 |123 -0.84191   3.1741e+00
124  0.15024   6.2368e+00 |125 -0.00608   6.0518e+00 |126 -0.13140   7.7084e+00
127 -0.03085  -6.3980e+00 |128  0.00464  -6.4053e+00 |129  0.05030  -6.3855e+00
130  0.03774  -6.3942e+00 |131  0.00382  -6.4054e+00 |132 -0.02354  -6.4011e+00
133  0.06270  -6.3745e+00 |134  0.04680  -6.3882e+00 |135  0.05292  -6.3834e+00
136 -0.02075  -6.4021e+00 |137  0.04951  -6.3861e+00 |138  0.01057  -6.4046e+00
139 -0.02569  -6.4003e+00 |140 -0.02887  -6.3989e+00 |141  0.00463  -6.4053e+00
142 -0.03049  -6.3981e+00 |143 -0.02101  -6.4020e+00 |144 -0.00103  -6.4055e+00
145 -0.01457  -6.4038e+00 |146 -0.00440  -6.4053e+00 |147  0.01822  -6.4029e+00
148 -0.02734  -6.3996e+00 |149 -0.03081  -6.3980e+00 |150  0.05155  -6.3845e+00
151 -0.02338  -6.4012e+00 |152 -0.01337  -6.4041e+00 |153  0.02865  -6.3990e+00
154 -0.13498  -6.2621e+00 |155 -0.02590  -6.4002e+00 |156  0.07578  -6.3602e+00
157 -0.08862  -6.3435e+00 |158 -0.02992  -6.3984e+00 |159  0.05385  -6.3826e+00
160  0.05414  -6.3823e+00 |161  0.04968  -6.3860e+00 |162 -0.09788  -6.3299e+00
163 -0.02644  -6.4000e+00 |164 -0.02139  -6.4019e+00 |165  0.01073  -6.4046e+00
166  0.03646  -6.3950e+00 |167 -0.00085  -6.4055e+00 |168  0.00407  -6.4054e+00
169  0.02606   6.5902e+02 |170  0.00853   1.1873e+01 |171  0.00673   6.0587e+00
172  0.02356   1.0862e+00 |173  0.07705   2.3479e+01 |174  0.02928  -3.1914e+01
175  0.03793  -1.8359e+01 |176  0.02078  -1.4237e+01 |177  0.02415  -4.0457e+01
178  0.11788   2.9506e+01 |179  0.11751  -3.6263e+01 |180  0.10248  -3.2528e+01
181  0.04888   3.6289e+00 |182 -0.02962   3.2602e+00 |183 -0.03419  -6.0903e+00
184  0.00080  -1.1181e+01 |185  0.00167  -2.1905e+01 |186 -0.02403  -1.1749e+01
187 -0.03912   1.0653e+01 |188 -0.02111   6.2809e+00 |189  0.02153   7.5931e+00
190  0.02196   1.1390e+01 |191  0.03286   6.0842e+01 |192  0.03263   8.4838e+01
193 -0.02034   1.4968e+01 |194 -0.08986  -1.1578e+01 |195 -0.00046   2.6730e+00
196  0.05524  -3.5297e+01 |197  0.03787  -1.3316e+01 |198  0.00359  -3.6527e+01
199  0.02302   2.1959e+01 |200 -0.00397  -4.6534e+01 |201  0.02484  -3.3168e+01
202  0.12490  -6.2986e+00 |203  0.10860   2.9881e+01 |204  0.07754   2.2401e+01
205 -0.05812  -1.2421e+01 |206 -0.54267  -7.7779e+00 |207 -0.16488  -2.6965e+01
208 -0.08430  -9.7153e+00 |209 -0.04600  -5.1127e+00 |210  0.06586  -1.7051e+01
211 -0.15386  -1.1309e+01 |212 -0.03389   4.9732e+01 |213  0.02878  -1.3271e+02
214 -0.00857  -5.2893e-09 |215 -0.68481  -2.5197e+01 |216 -0.86953   8.6406e+00
217  0.01123   1.5525e+00 |218 -0.12528  -8.8585e+00 |219 -0.22137   2.2395e+00
220 -0.03225   9.8399e+00 |221  0.05245   5.3395e+00 |222 -0.00950  -9.5445e+00
223  0.00172  -6.3939e+00 |224 -0.02500   1.9343e-01 |225 -0.04053  -5.9429e+00
226  0.08980   1.2605e+00 |227  0.07310  -1.0137e+01 |228  0.19590  -7.6384e+00
229  0.07579  -7.3360e+00 |230  0.08886  -5.6946e+00 |231  0.04185  -1.0865e+01
232  0.06623   1.4010e+00 |233  0.07832   8.7977e-01 |234  0.11528  -7.6219e+00
235 -0.09111   8.6079e+00 |236 -0.09066  -3.3636e-01 |237  0.00735  -8.1635e-01
238  0.00250   7.2396e+00 |239 -0.14157  -1.3262e+01 |240 -0.17251  -6.7638e+00
241 -0.08377  -4.5658e+00 |242  0.00961  -7.3626e+00 |243  0.05812  -4.3274e-01
244 -0.03071  -4.6547e+00 |245 -0.13337   9.2534e-01 |246 -0.25218  -3.1248e+00
247 -0.11418  -3.3238e+00 |248  0.01832   9.3346e+00 |249  0.06857   2.6938e+00
250  0.06865  -1.0723e+01 |251  0.03755  -1.2171e+01 |252  0.00882   2.8111e+00
253  0.01545  -7.7322e+00 |254  0.06650  -1.0446e+01 |255  0.18675  -3.1403e+00
256  0.25901   2.4731e+00 |257 -0.12923   5.0936e+00 |258  0.09239  -8.6617e+01
259  0.15078   4.2427e+01 |260 -0.86976  -2.4940e+00 |261 -0.84691  -6.0189e+01
262 -0.85373  -3.1328e-02 |263 -0.25657   1.0850e+01 |264  0.09308   1.1670e+01
265 -0.48945   8.4778e+00 |266  0.52066   8.0656e+00 |267 -0.01629   1.1792e+01
268 -0.41536   9.3727e+00 |269 -0.49809   8.3656e+00 |270  0.46148   8.8298e+00
271  0.17197   1.1368e+01 |272 -0.01298   1.1793e+01 |273  0.85053   2.7440e+00
274  0.47186   8.7011e+00 |275  0.16756   1.1389e+01 |276 -0.45610   8.8955e+00
277 -0.33672   1.0184e+01 |278  0.20682   1.1178e+01 |279  0.43749   9.1181e+00
280  0.02033   1.1789e+01 |281  0.43404   9.1585e+00 |282 -0.21017   1.1158e+01
283  0.31801   1.0354e+01 |284  0.27728   1.0694e+01 |285  0.26599   1.0781e+01
286  0.49789   8.3683e+00 |287 -0.11131   1.1616e+01 |288 -0.88498   2.1196e+00
289 -0.33051   1.0241e+01 |290 -0.39860   9.5580e+00 |291 -0.59610   6.9915e+00
292 -0.22335   1.1077e+01 |293  0.44153   9.0704e+00 |294 -0.53303   7.8968e+00
295 -0.14101   1.1507e+01 |296 -0.23276   1.1016e+01 |297 -0.31307   1.0398e+01
298  0.43654   9.1293e+00 |299 -0.33702   1.0181e+01 |300 -0.09700   1.1659e+01
301  0.45818   8.8702e+00 |302  0.33142   1.0233e+01 |303  0.47275  -4.6079e+00
304  0.22366  -1.8086e+01 |305 -0.93017  -3.5231e+02 |306  0.20599  -1.2804e+01
307 -0.86977   1.1847e+02 |308 -0.50949   2.6604e+01 |
18.9017 13.8423 68.4798 49.9516 
11.0007 11.0007 50.4225 49.655 
9.32948 11.0052 0 0.00925427 9.23361 
0 4.81955 0 0 0.460072 34.3399 0 
19.0331 13.9395 68.5759 49.8362 
10.7606 10.7606 50.4524 49.648 
9.1182 11.2921 0 0.0085964 9.04201 
0 4.74554 0 0 0.463131 34.0418 0 
19.3307 14.2065 68.7009 49.4959 
10.3721 10.3721 50.4193 49.4924 
8.99545 11.7524 0 0.00583273 8.79373 
0 4.67768 0 0 0.452562 33.7423 0 
19.0438 14.4741 68.3806 48.9909 
10.7711 10.7711 50.7475 49.3949 
9.08734 11.067 0 0.0136023 8.86572 
0 4.72443 0 0 0.442671 33.9003 0 
18.9617 14.2683 68.3304 49.0022 
10.2446 10.2446 51.0502 49.404 
9.22876 11.0825 0 0.0354663 9.01895 
0 4.76727 0 0 0.461155 33.5986 0 
19.0523 13.9025 68.2194 49.1528 
10.3983 10.3983 51.1001 49.2416 
9.25234 11.0203 0 0.0515779 9.26838 
0 4.7333 0 0 0.460072 33.2892 0 
19.376 13.7103 68.2623 48.9682 
10.7503 10.7503 50.8241 49.206 
9.13065 10.9655 0 0.0473242 9.34701 
0 4.6217 0 0 0.448955 33.2547 0 
19.6046 13.9332 68.1555 48.7292 
10.3262 10.3262 50.8176 49.1092 
8.90133 11.5481 0 0.0358277 9.13807 
0 4.49062 0 0 0.436337 33.3612 0 
19.4916 14.0759 68.2716 48.6413 
10.2755 10.2755 51.0077 48.9891 
8.95403 11.7942 0 0.0492727 8.8824 
0 4.44612 0 0 0.430341 33.0319 0 
19.6151 13.9885 68.2872 48.7976 
10.4516 10.4516 51.2745 49.0668 
9.05687 11.2019 0 0.0890708 8.96454 
0 4.40927 0 0 0.449016 32.382 0 
308 variables; iteration 180; function evaluation 202; phase 1
Function value   3.3728878e+02; maximum gradient component mag   8.9559e+02
Var   Value    Gradient   |Var   Value    Gradient   |Var   Value    Gradient
  1  0.18255   7.6614e+00 |  2  0.17695  -1.0494e+01 |  3  0.20927   2.2080e+01
  4  0.21300   3.7212e+01 |  5  0.20093  -1.8701e+01 |  6  0.18499  -4.8047e+01
  7  0.18836   5.6998e+00 |  8  0.17056  -2.1986e+01 |  9  0.18390   2.4980e+01
 10  0.15383   2.0912e+01 | 11  0.13999   3.0335e+01 | 12  0.12435  -1.1764e+01
 13  0.10733   4.4342e+00 | 14  0.06978   9.8995e+00 | 15 -0.03262  -1.5844e+00
 16 -1.97408  -4.0840e+00 | 17 -0.06579  -1.0744e+00 | 18 -0.06669   5.7336e-01
 19 -0.11073   2.8075e-01 | 20 -0.09566   3.3452e+00 | 21 -0.55442  -1.5239e-04
 22  0.13822   1.8121e+00 | 23 -0.14872   3.4720e-03 | 24  0.01164  -3.2519e-01
 25  0.10374   2.4787e+00 | 26  0.13973   2.5200e+00 | 27  0.16640   5.4837e+00
 28  0.16106  -7.0787e+00 | 29  0.15399  -8.4765e+00 | 30  0.16435   6.4603e+00
 31  0.17246   2.8057e+01 | 32  0.13622  -1.8362e+01 | 33  0.08331  -3.2217e+01
 34 -2.07332   2.0682e+01 | 35  0.11535  -1.7297e-02 | 36  0.12442   2.0715e+01
 37  0.08397  -7.7320e+00 | 38  0.03042  -2.2255e+01 | 39 -0.01363  -3.9194e+00
 40 -1.94030   1.7186e+00 | 41 -0.11703   3.9169e-01 | 42 -0.12401   8.5431e-01
 43 -0.13068  -8.5074e+00 | 44  0.07477   6.8746e+00 | 45 -0.08587  -1.9853e+00
 46 -0.16580  -7.0106e-01 | 47 -0.16000   1.7368e+00 | 48 -0.12168   2.4316e+00
 49 -0.04136   7.6398e+00 | 50 -0.04341   3.7340e+00 | 51 -0.06136   8.3151e-01
 52  0.11054   1.4041e+01 | 53  0.05677   9.7175e+00 | 54  0.06696   5.1638e+00
 55  0.05631  -1.7608e+00 | 56 -0.01138  -8.1133e+00 | 57 -0.05947  -8.8463e+00
 58  0.20586   1.8834e+01 | 59  0.09261   7.1074e+00 | 60 -0.14528  -3.1407e+00
 61 -0.06080   4.8921e-01 | 62  0.12745   7.2221e+00 | 63 -0.07644  -4.1347e+00
 64 -0.07221  -5.0881e+00 | 65 -0.11773  -9.8859e+00 | 66  0.06535  -1.5492e+01
 67  0.00721  -1.1966e+01 | 68 -0.17989  -1.3346e+01 | 69 -0.07333  -9.2062e+00
 70 -0.10096  -7.1776e+00 | 71  0.13508   1.0907e+00 | 72  0.08025  -2.2139e-01
 73  0.01938  -4.8904e-02 | 74 -0.03696  -3.9537e-01 | 75  0.13601   6.5809e+00
 76  0.14611  -1.9993e+00 | 77  0.03845  -6.8964e+00 | 78  0.02751  -5.7117e+00
 79  0.07015  -1.6694e+01 | 80  0.26231  -4.4838e+01 | 81  0.15841  -1.9914e+00
 82 -0.14216  -1.8840e+00 | 83 -0.07081  -2.4645e+00 | 84  0.02073  -1.2139e+00
 85  0.11718   1.5306e+01 | 86  0.08649  -2.9657e-01 | 87  0.20693  -7.3888e+00
 88 -0.04665   6.7673e+00 | 89 -0.17798   5.1700e+00 | 90 -0.12690   5.0135e+00
 91  0.01668   1.1303e+01 | 92 -0.01362   6.8239e+00 | 93  0.08592   8.5181e+00
 94  0.19979   1.2299e+01 | 95 -0.05147   2.7916e+00 | 96 -0.09033   1.3038e+00
 97  0.03890   6.9530e+00 | 98  0.07853   1.4714e+00 | 99  0.12245  -4.3590e+00
100  0.10000  -6.2861e+00 |101  0.10238  -5.4920e+00 |102 -0.04422   3.4410e+00
103 -0.04855   7.3907e+00 |104 -0.11411  -3.4777e+00 |105  0.03260  -4.0512e-01
106 -0.03366   4.0188e+00 |107 -0.12831   3.0388e-01 |108  0.05789   3.8076e+00
109  0.15596   4.2224e+00 |110  0.05140  -5.1751e+00 |111  0.00425  -3.4205e+00
112 -0.04405   1.0626e+00 |113 -0.13164  -1.4606e+00 |114 -0.05701  -2.9407e+00
115  0.14943  -4.2640e+00 |116 -0.00923  -2.0370e-01 |117  0.09549   2.9275e-01
118  0.03671   3.5295e+00 |119  0.03261   8.7186e+00 |120 -0.04977   2.9738e+00
121 -0.17610  -9.0652e+00 |122  0.24008  -3.7606e+01 |123 -0.82432   3.0732e+00
124  0.13246   1.7302e+00 |125 -0.00321   3.5911e+00 |126 -0.17273   4.2506e+00
127 -0.03049  -5.4204e+00 |128  0.00977  -5.4260e+00 |129  0.06747  -5.3962e+00
130  0.05417  -5.4070e+00 |131 -0.00860  -5.4261e+00 |132 -0.02229  -5.4233e+00
133  0.08004  -5.3838e+00 |134  0.04161  -5.4150e+00 |135  0.05331  -5.4076e+00
136 -0.01899  -5.4242e+00 |137  0.05130  -5.4090e+00 |138  0.01603  -5.4249e+00
139 -0.02288  -5.4231e+00 |140 -0.02857  -5.4211e+00 |141  0.01619  -5.4248e+00
142 -0.03035  -5.4204e+00 |143 -0.01929  -5.4241e+00 |144  0.00360  -5.4265e+00
145 -0.00798  -5.4262e+00 |146 -0.00014  -5.4266e+00 |147  0.02383  -5.4228e+00
148 -0.02679  -5.4218e+00 |149 -0.03062  -5.4203e+00 |150  0.05259  -5.4081e+00
151 -0.04241  -5.4146e+00 |152 -0.00641  -5.4263e+00 |153  0.03390  -5.4189e+00
154 -0.20325  -5.1524e+00 |155 -0.02510  -5.4224e+00 |156  0.09274  -5.3691e+00
157 -0.13343  -5.3079e+00 |158 -0.02894  -5.4210e+00 |159  0.05366  -5.4073e+00
160  0.05372  -5.4073e+00 |161  0.05141  -5.4089e+00 |162 -0.10530  -5.3525e+00
163 -0.02573  -5.4222e+00 |164 -0.01975  -5.4240e+00 |165  0.02352  -5.4229e+00
166  0.02953  -5.4208e+00 |167  0.00380  -5.4265e+00 |168  0.00915  -5.4260e+00
169  0.02567   8.9559e+02 |170  0.00684   8.6838e+00 |171  0.00440  -3.6707e+00
172  0.02133  -6.3109e+00 |173  0.07075   3.1978e+00 |174  0.03132  -2.6851e+01
175  0.02760  -3.4410e+01 |176  0.02457  -3.2677e+00 |177  0.02088  -3.6624e+01
178  0.11441   1.6675e+01 |179  0.11884  -2.0685e+01 |180  0.10341  -1.4510e+01
181  0.05589   2.2949e+01 |182 -0.03033   1.3272e+00 |183 -0.03849  -1.1763e+01
184 -0.00052  -1.1265e+01 |185  0.00413   8.9313e+00 |186 -0.02512   2.9890e+00
187 -0.04891  -8.4446e+00 |188 -0.03609  -1.8821e+01 |189  0.01622  -5.3762e+00
190  0.01767   1.3049e+01 |191  0.02485   3.4467e+01 |192  0.02499   6.6928e+01
193 -0.02105   2.0571e+01 |194 -0.10520  -1.2782e+01 |195  0.00715   3.4893e+01
196  0.05429  -2.4940e+01 |197  0.03485  -1.0756e+00 |198  0.00968  -9.9037e+00
199  0.01575   1.7277e+01 |200 -0.00199  -3.4851e+01 |201  0.02676  -1.5061e+01
202  0.12279   1.7784e+01 |203  0.10843   3.2267e+01 |204  0.07625   1.7195e+01
205 -0.05901  -1.1885e+01 |206 -0.55707  -8.5102e+00 |207 -0.15929  -2.3544e+01
208 -0.09169  -1.7230e+01 |209 -0.05192  -1.2357e+01 |210  0.05960  -1.8984e+01
211 -0.04525  -1.3115e+01 |212 -0.03857  -4.0043e+01 |213  0.02845  -1.9137e+02
214 -0.00857  -5.2893e-09 |215 -0.66815   2.6030e+00 |216 -0.85801   7.3356e+00
217  0.00867  -1.1420e+01 |218 -0.11782  -5.4809e+00 |219 -0.22111   1.1675e+00
220 -0.02920   1.4447e+01 |221  0.04189  -2.8932e-01 |222  0.00034  -3.2726e+00
223  0.01230   3.0291e+00 |224 -0.03128  -4.2008e+00 |225 -0.05179  -1.4417e+01
226  0.08714  -1.1005e+00 |227  0.08963   1.8965e+00 |228  0.21047  -4.4664e-01
229  0.08176  -6.9134e+00 |230  0.08905  -3.5886e-01 |231  0.03951  -1.1863e+01
232  0.07182   5.3010e+00 |233  0.07132   2.0476e-01 |234  0.11632   6.5719e-01
235 -0.10396   6.9458e+00 |236 -0.11000  -5.5451e+00 |237 -0.00910  -2.8072e+00
238  0.00109   1.8204e+00 |239 -0.11815  -2.3532e+00 |240 -0.16244  -3.5726e+00
241 -0.08537   2.0816e+00 |242  0.00552  -1.0218e+01 |243  0.06529   5.4624e+00
244 -0.02895   5.7476e-01 |245 -0.12663   1.4494e+00 |246 -0.23779   4.9941e+00
247 -0.11488   8.4670e-01 |248  0.00823   6.3730e+00 |249  0.05930  -4.5560e-01
250  0.07816  -1.6369e+00 |251  0.04998   3.6613e+00 |252 -0.00870  -2.7921e+00
253  0.01185  -7.5821e+00 |254  0.07497  -4.5052e+00 |255  0.19340   3.1689e+00
256  0.24752   2.6131e+00 |257 -0.15207  -1.0919e+00 |258  0.09112  -1.0363e+02
259  0.15160   7.7180e+01 |260 -0.86988   2.1996e+01 |261 -0.84673  -5.6251e+01
262 -0.86589  -9.4652e-01 |263 -0.26981  -2.2297e+01 |264 -0.00050  -2.4461e+01
265 -0.41024  -1.9556e+01 |266  0.53817  -1.6229e+01 |267 -0.02014  -2.4449e+01
268 -0.44024  -1.8842e+01 |269 -0.44445  -1.8738e+01 |270  0.56890  -1.5327e+01
271  0.18453  -2.3441e+01 |272  0.05453  -2.4372e+01 |273  0.77255  -8.5548e+00
274  0.44059  -1.8833e+01 |275  0.15089  -2.3777e+01 |276 -0.39190  -1.9971e+01
277 -0.12631  -2.3981e+01 |278  0.26371  -2.2392e+01 |279  0.35024  -2.0852e+01
280  0.06478  -2.4335e+01 |281  0.30505  -2.1706e+01 |282 -0.18129  -2.3476e+01
283  0.35743  -2.0706e+01 |284  0.15256  -2.3762e+01 |285  0.22810  -2.2908e+01
286  0.57701  -1.5083e+01 |287 -0.23036  -2.2877e+01 |288 -0.84430  -5.9230e+00
289 -0.29153  -2.1941e+01 |290 -0.40684  -1.9634e+01 |291 -0.52124  -1.6710e+01
292 -0.25342  -2.2549e+01 |293  0.31162  -2.1589e+01 |294 -0.59836  -1.4429e+01
295 -0.14520  -2.3828e+01 |296 -0.17965  -2.3494e+01 |297 -0.44442  -1.8739e+01
298  0.37684  -2.0300e+01 |299 -0.17139  -2.3580e+01 |300 -0.09540  -2.4187e+01
301  0.43185  -1.9046e+01 |302  0.31179  -2.1586e+01 |303  0.47271   1.7323e+00
304  0.21228  -2.6487e+01 |305 -0.92929  -3.8178e+02 |306  0.21252  -1.2159e+01
307 -0.87061   1.1229e+02 |308 -0.51573  -1.4568e+01 |
19.9613 13.8506 67.7961 48.8227 
10.6193 10.6193 51.2247 49.2038 
8.98285 11.1169 0 0.117469 9.36415 
0 4.3771 0 0 0.442612 31.9655 0 
19.8615 13.8492 67.6867 48.8191 
10.7125 10.7125 51.2842 49.2091 
8.97754 10.9921 0 0.133651 9.42437 
0 4.37049 0 0 0.44981 31.7936 0 
19.5379 13.7853 67.2995 49.2035 
10.7413 10.7413 51.1202 49.1683 
8.92016 11.1893 0 0.145275 9.50165 
0 4.27382 0 0 0.45758 31.7868 0 
19.3226 13.4972 67.3172 49.3152 
10.8258 10.8258 50.9887 49.2377 
8.88424 11.0244 0 0.169415 9.74474 
0 4.09045 0 0 0.461766 31.5943 0 
18.8798 13.2073 67.7611 49.4398 
10.8668 10.8668 50.4796 49.3703 
8.87069 11.2638 0 0.189371 9.98453 
0 3.92115 0 0 0.463163 31.2583 0 
18.8297 13.1733 67.9701 49.3068 
10.889 10.889 50.2091 49.4903 
8.82827 11.1754 0 0.218819 10.0312 
0 3.81789 0 0 0.464702 30.9948 0 
18.7044 13.2407 68.0165 48.9924 
10.7247 10.7247 49.803 49.6097 
8.67496 11.1717 0 0.217643 10.0917 
0 3.82673 0 0 0.464873 31.1615 0 
18.5414 13.4472 67.9499 48.9017 
10.6859 10.6859 49.4919 49.725 
8.68505 10.5954 0 0.211953 10.3144 
0 3.83966 0 0 0.451189 31.3986 0 
18.674 12.8007 68.4419 48.6082 
11.0767 11.0767 49.5095 49.5814 
8.78047 10.0037 0 0.202143 10.4736 
0 3.83494 0 0 0.467671 31.3762 0 
18.6336 12.3192 68.4963 48.6401 
11.0258 11.0258 49.7002 49.5083 
8.69859 9.89679 0 0.17785 10.7345 
0 3.87755 0 0 0.470733 31.3705 0 
308 variables; iteration 190; function evaluation 212; phase 1
Function value   3.3222232e+02; maximum gradient component mag   5.4817e+02
Var   Value    Gradient   |Var   Value    Gradient   |Var   Value    Gradient
  1  0.18080   2.1360e+00 |  2  0.18689  -1.0222e+01 |  3  0.20905   1.1061e+01
  4  0.20953   2.2991e+01 |  5  0.21330   2.6217e+01 |  6  0.18673  -4.5146e+01
  7  0.19029   2.7995e+00 |  8  0.17607  -1.5590e+01 |  9  0.18451   1.4893e+01
 10  0.15488   1.2216e+01 | 11  0.13702   1.4251e+01 | 12  0.13258   7.3321e+00
 13  0.11139   1.4421e+01 | 14  0.06671   1.0028e+01 | 15 -0.01581  -4.3080e-01
 16 -1.98908  -5.6484e+00 | 17 -0.08666   5.1640e-01 | 18 -0.06543  -3.2346e-02
 19 -0.08552   1.9468e+00 | 20 -0.12112   1.5588e+00 | 21 -0.67139  -2.9862e-04
 22  0.12784   3.5255e-01 | 23 -0.14900   3.3276e-03 | 24  0.04462   1.1456e+00
 25  0.11627   7.7024e+00 | 26  0.13175  -4.3697e+00 | 27  0.16079  -4.2010e+00
 28  0.15916  -8.8057e+00 | 29  0.15896   3.3187e+00 | 30  0.16035  -1.2384e+00
 31  0.17520   3.5347e+01 | 32  0.13256  -2.2313e+01 | 33  0.09264  -2.7979e+01
 34 -2.07550   2.0605e+01 | 35  0.12487   1.4945e+01 | 36  0.12177   5.4263e+00
 37  0.08035  -1.0155e+01 | 38  0.04330  -1.0403e+01 | 39 -0.01885  -5.0086e+00
 40 -1.94288   2.2074e-02 | 41 -0.10103   6.8880e-01 | 42 -0.15429  -8.2497e-02
 43 -0.08676   1.8095e+00 | 44  0.08001   1.8692e+01 | 45 -0.08713   5.9367e+00
 46 -0.17218   7.0067e+00 | 47 -0.17487   9.6058e+00 | 48 -0.11046   1.3672e+01
 49 -0.05218   1.7460e+01 | 50 -0.05747   1.3347e+01 | 51 -0.03210   1.3922e+01
 52  0.10578   2.4502e+01 | 53  0.03584   1.9768e+01 | 54  0.09733   2.8811e+01
 55  0.09358   2.3791e+01 | 56 -0.01875   7.4026e+00 | 57 -0.07952   2.6859e+00
 58  0.20737   3.7104e+01 | 59  0.07311   1.5173e+01 | 60 -0.13456   6.5743e+00
 61 -0.08121   7.7833e+00 | 62  0.12595   1.8539e+01 | 63 -0.07798   7.4226e+00
 64 -0.04704   1.1011e+01 | 65 -0.10981   4.5190e+00 | 66  0.02014   1.0201e+01
 67  0.05975   1.4364e+01 | 68 -0.06696   3.2728e+00 | 69 -0.14709   2.6157e-01
 70 -0.06781   3.8097e+00 | 71  0.13439   5.2834e+00 | 72  0.08264   4.6710e+00
 73  0.00562   5.2445e+00 | 74 -0.03961   5.6949e+00 | 75  0.13710   8.5327e+00
 76  0.12674  -5.3889e+00 | 77  0.00219  -4.6361e+00 | 78  0.00843   9.7383e-02
 79  0.09287  -9.5063e+00 | 80  0.27648  -3.8370e+01 | 81  0.10258   6.5654e+00
 82 -0.13326   7.0033e+00 | 83 -0.06676   5.5465e+00 | 84  0.00234   6.7290e+00
 85  0.10452   8.6828e+00 | 86  0.04596  -5.0594e+00 | 87  0.23439   3.4799e+00
 88 -0.06586   2.3424e+00 | 89 -0.20200   7.1798e-01 | 90 -0.12458   2.7030e+00
 91 -0.00401   3.4499e+00 | 92  0.00063   2.8136e+00 | 93  0.07891   5.5438e+00
 94  0.18345   1.0471e+01 | 95 -0.02021   1.5513e+00 | 96 -0.03328   1.0700e-01
 97  0.04093   2.2429e+00 | 98  0.05982  -1.1538e+00 | 99  0.10985  -4.9474e-01
100  0.08918  -3.6709e+00 |101  0.11244   1.4464e+00 |102 -0.03939   4.3676e+00
103 -0.04870   5.6070e+00 |104 -0.04263  -3.6783e+00 |105  0.00467  -2.4118e+00
106 -0.06202   2.5061e-01 |107 -0.09128  -5.8678e-01 |108  0.10588   4.2039e+00
109  0.10924  -5.9980e-01 |110  0.07104  -5.4555e+00 |111 -0.09433  -6.3234e+00
112 -0.11769  -2.4420e+00 |113 -0.10271  -2.6961e+00 |114 -0.04446  -5.4801e+00
115  0.11403  -7.1119e+00 |116  0.00243  -3.7977e+00 |117  0.11241  -2.3155e+00
118  0.05499   3.0672e+00 |119  0.01462  -7.5170e-02 |120 -0.00923  -5.4100e+00
121 -0.13196  -1.3409e+01 |122  0.23423  -3.5800e+01 |123 -0.79533   2.4893e+00
124  0.13987  -7.0834e-01 |125 -0.00816   1.0309e+00 |126 -0.16942   1.1780e+00
127 -0.02577   1.7858e+00 |128  0.02209   1.7861e+00 |129  0.08816   1.7701e+00
130  0.07706   1.7741e+00 |131 -0.01392   1.7868e+00 |132 -0.01568   1.7867e+00
133  0.09735   1.7664e+00 |134  0.04078   1.7836e+00 |135  0.05487   1.7806e+00
136 -0.01144   1.7869e+00 |137  0.05469   1.7806e+00 |138  0.02842   1.7854e+00
139 -0.01384   1.7868e+00 |140 -0.02382   1.7860e+00 |141  0.03786   1.7841e+00
142 -0.02597   1.7857e+00 |143 -0.01183   1.7869e+00 |144  0.01549   1.7867e+00
145  0.00728   1.7871e+00 |146  0.01132   1.7869e+00 |147  0.03575   1.7844e+00
148 -0.02153   1.7862e+00 |149 -0.02619   1.7857e+00 |150  0.05494   1.7806e+00
151 -0.06061   1.7791e+00 |152  0.00940   1.7870e+00 |153  0.04418   1.7829e+00
154 -0.38535   1.4697e+00 |155 -0.01932   1.7864e+00 |156  0.10528   1.7628e+00
157 -0.22500   1.6767e+00 |158 -0.02311   1.7860e+00 |159  0.05459   1.7807e+00
160  0.05442   1.7807e+00 |161  0.05472   1.7806e+00 |162 -0.14849   1.7388e+00
163 -0.02014   1.7863e+00 |164 -0.01241   1.7869e+00 |165  0.04627   1.7825e+00
166  0.02901   1.7854e+00 |167  0.01571   1.7867e+00 |168  0.02144   1.7862e+00
169  0.02463   5.4817e+02 |170  0.00818   1.3314e+01 |171  0.00531   2.2880e+01
172  0.02352   1.6512e+01 |173  0.06475  -3.8640e+01 |174  0.03094  -2.7115e+01
175  0.02865  -2.2337e+01 |176  0.02553   1.0437e+01 |177  0.02977  -1.2441e+01
178  0.11618   3.2355e+01 |179  0.12746  -3.2389e+00 |180  0.10665  -4.2493e+01
181  0.06336   2.2803e+01 |182 -0.03348   1.0549e+01 |183 -0.03480   4.5163e+00
184 -0.00733  -7.0515e+00 |185  0.00393   2.9773e+01 |186 -0.03006  -1.6183e-01
187 -0.05125  -3.1968e+00 |188 -0.03511  -9.3425e+00 |189  0.01357  -2.3849e+01
190  0.01451  -1.1414e+01 |191  0.02352   2.3378e+01 |192  0.01727   2.2699e+01
193 -0.01663   2.9819e+01 |194 -0.10008   1.1181e+00 |195 -0.00028   3.5025e+01
196  0.05957   3.2306e+01 |197  0.03006   1.0864e+01 |198  0.01379   1.5539e+01
199  0.00825   2.5198e+01 |200  0.00159  -5.9210e+00 |201  0.02049  -7.3463e+00
202  0.11803   2.4465e+01 |203  0.11056   7.8197e+01 |204  0.07882   2.3367e+01
205 -0.04540   3.3180e+00 |206 -0.57399   2.7418e-01 |207 -0.13831  -1.2886e+00
208 -0.09093  -3.3248e+00 |209 -0.03650   2.2553e+01 |210  0.06941   8.5934e+00
211 -0.08996   5.1439e-01 |212 -0.04135   3.2593e+01 |213  0.03414  -1.0825e+02
214 -0.00857  -5.2893e-09 |215 -0.67399  -1.0881e+01 |216 -0.85988   1.3254e+01
217  0.01906  -8.4325e+00 |218 -0.12806  -1.3487e+00 |219 -0.24206   4.9132e+00
220 -0.03678   1.1752e+01 |221  0.04678  -5.9868e-01 |222  0.00766   5.3662e+00
223 -0.00092  -6.2247e+00 |224 -0.03139   2.2308e+00 |225 -0.04324  -1.2569e+00
226  0.09582   5.5175e+00 |227  0.08469   2.6864e+00 |228  0.20855   3.6972e+00
229  0.08041  -7.9448e+00 |230  0.10011   1.9426e+00 |231  0.06021   3.9592e+00
232  0.05563  -2.1369e+00 |233  0.05563  -2.8713e+00 |234  0.12008   6.6325e+00
235 -0.10893   3.9403e+00 |236 -0.11510  -6.5506e+00 |237 -0.00041  -5.6123e-02
238 -0.00127  -2.0241e+00 |239 -0.12331   4.6865e+00 |240 -0.16877  -2.3710e+00
241 -0.06684   3.7788e+00 |242  0.01205  -6.5842e+00 |243  0.06019   3.8479e+00
244 -0.03401  -1.5177e+00 |245 -0.13817   1.2137e+00 |246 -0.23936   6.2559e+00
247 -0.10248   1.1019e+01 |248  0.00044   5.1999e+00 |249  0.04569   6.7210e-01
250  0.08928   7.2924e+00 |251  0.06136   5.0022e+00 |252 -0.01259  -5.8335e+00
253  0.02720   3.1525e+00 |254  0.08997   5.0060e+00 |255  0.18799   5.3585e+00
256  0.24209   4.6377e+00 |257 -0.13915   9.6753e+00 |258  0.09405  -3.5909e+01
259  0.15119   5.1000e+01 |260 -0.86880   1.1190e+01 |261 -0.84632  -4.4426e+01
262 -0.86953  -2.0581e+00 |263 -0.41867  -8.2349e+01 |264  0.03007  -1.0394e+02
265 -0.32059  -9.1135e+01 |266  0.52579  -7.0536e+01 |267  0.01957  -1.0400e+02
268 -0.32782  -9.0559e+01 |269 -0.37735  -8.6302e+01 |270  0.43427  -8.0766e+01
271  0.48373  -7.5431e+01 |272 -0.05937  -1.0360e+02 |273  0.78904  -3.3853e+01
274  0.45379  -7.8717e+01 |275  0.13009  -1.0189e+02 |276 -0.35446  -8.8335e+01
277 -0.29041  -9.3412e+01 |278  0.26718  -9.5021e+01 |279  0.40653  -8.3548e+01
280 -0.08011  -1.0323e+02 |281  0.36965  -8.6999e+01 |282 -0.19999  -9.8959e+01
283  0.36067  -8.7795e+01 |284  0.23026  -9.7319e+01 |285  0.16282  -1.0067e+02
286  0.52819  -7.0247e+01 |287 -0.14224  -1.0147e+02 |288 -0.92959  -1.1484e+01
289 -0.25707  -9.5683e+01 |290 -0.44434  -7.9719e+01 |291 -0.43310  -8.0887e+01
292 -0.31909  -9.1253e+01 |293  0.25090  -9.6074e+01 |294 -0.54418  -6.8297e+01
295 -0.27235  -9.4674e+01 |296 -0.17873  -9.9978e+01 |297 -0.29261  -9.3253e+01
298  0.35659  -8.8151e+01 |299 -0.25957  -9.5522e+01 |300 -0.05511  -1.0366e+02
301  0.32510  -9.0777e+01 |302  0.40929  -8.3278e+01 |303  0.47295   3.3757e+01
304  0.19601  -2.5751e+01 |305 -0.92731  -3.5769e+02 |306  0.21377  -1.2790e+01
307 -0.87249   7.1964e+01 |308 -0.51455  -2.4001e+01 |
18.5704 12.0627 68.5899 48.6469 
10.8862 10.8862 49.735 49.3474 
8.58452 10.1928 0 0.150841 10.8525 
0 3.89353 0 0 0.48841 31.173 0 
18.2821 12.0457 68.6037 48.5067 
10.4651 10.4651 49.4597 49.4541 
8.48649 10.568 0 0.108743 11.1181 
0 3.80486 0 0 0.491982 31.4493 0 
18.2881 11.8878 68.3784 48.5921 
10.4388 10.4388 49.4305 49.6137 
8.49005 10.4934 0 0.103047 11.2215 
0 3.72809 0 0 0.47977 31.2612 0 
18.2067 12.1802 68.0283 48.6824 
10.877 10.877 49.2665 49.7588 
8.48662 10.4003 0 0.093074 11.074 
0 3.67311 0 0 0.466408 31.0032 0 
18.1997 12.1559 68.0213 48.6265 
10.8734 10.8734 49.3273 49.7132 
8.47875 10.3751 0 0.093556 11.0427 
0 3.66196 0 0 0.464706 30.8824 0 
18.1638 11.9466 67.9546 48.6687 
10.6344 10.6344 49.4479 49.6543 
8.41914 10.5379 0 0.0771282 11.0486 
0 3.64823 0 0 0.468617 30.98 0 
18.0623 11.7102 67.8761 48.4806 
10.7369 10.7369 49.7045 49.5943 
8.42108 10.357 0 0.0526333 11.02 
0 3.63908 0 0 0.472111 31.1897 0 
18.1535 11.3772 68.0417 48.3489 
11.0917 11.0917 49.9267 49.6277 
8.42385 10.0023 0 0.038092 11.0744 
0 3.60801 0 0 0.489841 30.9452 0 
18.2545 11.2734 68.0858 48.3557 
11.0614 11.0614 50.0819 49.5442 
8.44727 9.90951 0 0.039971 11.0927 
0 3.60123 0 0 0.48319 30.7074 0 
18.2782 10.913 67.9264 48.4769 
11.2242 11.2242 49.9487 49.4634 
8.43935 9.88597 0 0.0306458 11.186 
0 3.61402 0 0 0.466255 30.7704 0 
308 variables; iteration 200; function evaluation 222; phase 1
Function value   3.2863097e+02; maximum gradient component mag   3.9955e+02
Var   Value    Gradient   |Var   Value    Gradient   |Var   Value    Gradient
  1  0.18052  -9.8990e-01 |  2  0.17743  -1.6676e+01 |  3  0.20725   7.2223e+00
  4  0.20750   1.9428e+01 |  5  0.20511  -8.0427e-01 |  6  0.18663  -4.0907e+01
  7  0.19259   2.0994e+01 |  8  0.17763  -6.2738e+00 |  9  0.18385   1.4764e+01
 10  0.14947   9.8984e-01 | 11  0.13364   6.1204e+00 | 12  0.13258   6.9237e+00
 13  0.11218   1.5385e+01 | 14  0.06143   7.2638e+00 | 15  0.00952   3.9945e+00
 16 -1.98323  -4.0991e+00 | 17 -0.10458   5.9246e-01 | 18 -0.07269   1.8953e+00
 19 -0.09304   2.0134e+00 | 20 -0.12390   7.9390e-01 | 21 -0.71545  -2.7666e-04
 22  0.13714   2.4218e+00 | 23 -0.15022   3.1452e-03 | 24  0.04396   1.0508e+00
 25  0.10998   4.2928e+00 | 26  0.12583  -9.5835e+00 | 27  0.16457   7.6052e-01
 28  0.16496  -1.8124e+00 | 29  0.16473   1.0314e+01 | 30  0.16518   7.0020e+00
 31  0.17003   2.0080e+01 | 32  0.13600  -2.0469e+01 | 33  0.09009  -3.0431e+01
 34 -2.07811   2.1142e+01 | 35  0.13123   2.2548e+01 | 36  0.12054  -1.1030e+00
 37  0.08028  -1.7714e+01 | 38  0.05029  -4.1593e+00 | 39  0.00112   2.7664e-01
 40 -1.95836  -1.4127e+00 | 41 -0.13179  -3.6233e-01 | 42 -0.16788  -3.4946e-01
 43 -0.08169  -3.7577e+00 | 44  0.05462   1.2406e+01 | 45 -0.08563   5.8785e-01
 46 -0.19260  -9.0438e-01 | 47 -0.20116   1.2358e-01 | 48 -0.12991   3.1716e+00
 49 -0.03567   9.6503e+00 | 50 -0.06084   3.2940e+00 | 51 -0.03459   3.7467e+00
 52  0.08356   1.2303e+01 | 53  0.03025   1.4141e+01 | 54  0.10322   3.1950e+01
 55  0.09090   2.7705e+01 | 56 -0.03561   4.1649e+00 | 57 -0.09822  -3.1466e+00
 58  0.18812   3.1716e+01 | 59  0.07690   1.2098e+01 | 60 -0.13076   1.2575e-01
 61 -0.08098   1.4053e-01 | 62  0.09932   6.0367e+00 | 63 -0.07798  -6.7880e-01
 64 -0.04697   1.9562e+00 | 65 -0.13843  -5.3095e+00 | 66  0.01560   3.3267e-01
 67  0.02881   2.4647e+00 | 68 -0.09543  -5.4072e+00 | 69 -0.08885  -3.9421e+00
 70 -0.09955  -4.3157e+00 | 71  0.12108   1.3297e+00 | 72  0.05070  -1.0567e+00
 73  0.00900   4.1467e-01 | 74 -0.03897  -5.4603e-01 | 75  0.12044   1.9526e+00
 76  0.10246  -9.4283e+00 | 77  0.00399  -9.7935e+00 | 78 -0.00598  -5.6363e+00
 79  0.09714  -1.4678e+01 | 80  0.28049  -4.0388e+01 | 81  0.41995  -4.4072e-01
 82 -0.13534   2.5251e-01 | 83 -0.04801   2.4760e-01 | 84  0.00309  -4.6718e-01
 85  0.08648   6.1651e+00 | 86  0.04868  -5.6393e+00 | 87  0.23449   4.4739e+00
 88 -0.08539   2.2244e-01 | 89 -0.22203  -1.6473e+00 | 90 -0.11646   1.4589e+00
 91 -0.00960  -1.1057e-01 | 92 -0.01416  -1.2366e+00 | 93  0.06224   8.4134e-02
 94  0.16427  -2.8724e+00 | 95 -0.00943  -1.9421e-01 | 96 -0.04385  -2.4337e+00
 97  0.03594  -6.5940e-01 | 98  0.04077  -4.1726e+00 | 99  0.10480  -9.3892e-01
100  0.09289   5.5960e-01 |101  0.11053   4.4253e+00 |102 -0.06272   2.2142e+00
103 -0.07233   3.3199e+00 |104 -0.04472  -4.2587e+00 |105  0.01477  -2.9697e+00
106 -0.05830  -2.4977e+00 |107 -0.05415  -9.0072e-01 |108  0.11177   2.7027e+00
109  0.09877  -2.4069e+00 |110  0.02762  -8.0679e+00 |111  0.03000  -4.3365e+00
112 -0.12097  -3.5575e+00 |113 -0.12795  -2.5462e+00 |114 -0.03800  -3.0532e+00
115  0.11551  -3.6607e+00 |116  0.02386  -2.7929e+00 |117  0.11742  -5.0384e-02
118  0.04667   2.4587e+00 |119  0.01453  -1.4085e+00 |120  0.03612  -4.7899e+00
121 -0.08756  -1.3577e+01 |122  0.23542  -2.4370e+01 |123 -0.79290   2.1375e+00
124  0.11492  -8.7594e+00 |125 -0.02917  -2.0999e+00 |126 -0.16525   2.6828e-01
127 -0.02900   4.6164e+00 |128  0.02306   4.6182e+00 |129  0.09662   4.5681e+00
130  0.08596   4.5792e+00 |131 -0.02296   4.6182e+00 |132 -0.01806   4.6194e+00
133  0.10445   4.5592e+00 |134  0.03532   4.6141e+00 |135  0.05154   4.6061e+00
136 -0.01339   4.6202e+00 |137  0.05238   4.6056e+00 |138  0.02967   4.6162e+00
139 -0.01530   4.6199e+00 |140 -0.02700   4.6171e+00 |141  0.04365   4.6104e+00
142 -0.02932   4.6163e+00 |143 -0.01382   4.6201e+00 |144  0.01603   4.6198e+00
145  0.00886   4.6208e+00 |146  0.01154   4.6205e+00 |147  0.03707   4.6134e+00
148 -0.02450   4.6178e+00 |149 -0.02952   4.6163e+00 |150  0.05206   4.6058e+00
151 -0.07380   4.5902e+00 |152  0.01128   4.6205e+00 |153  0.04505   4.6097e+00
154 -0.35926   3.9047e+00 |155 -0.02207   4.6184e+00 |156  0.11000   4.5524e+00
157 -0.23602   4.3073e+00 |158 -0.02592   4.6174e+00 |159  0.05089   4.6065e+00
160  0.05059   4.6066e+00 |161  0.05237   4.6056e+00 |162 -0.11845   4.5415e+00
163 -0.02298   4.6182e+00 |164 -0.01446   4.6200e+00 |165  0.05308   4.6052e+00
166  0.02316   4.6182e+00 |167  0.01626   4.6197e+00 |168  0.02238   4.6184e+00
169  0.02317   3.9955e+02 |170  0.00360   2.9637e+00 |171  0.00329   1.4388e+01
172  0.02075   6.1238e+00 |173  0.06705  -1.3215e+01 |174  0.03341  -5.3613e+00
175  0.03488  -2.8334e+00 |176  0.02159   1.0666e+01 |177  0.03470  -4.6660e+00
178  0.11373   2.7942e+01 |179  0.12877  -4.8790e+00 |180  0.10749  -6.1694e+01
181  0.05978  -5.6665e-01 |182 -0.03324   4.5236e+00 |183 -0.05095  -4.2477e+00
184  0.00356   1.9270e+01 |185 -0.00407   2.4613e-01 |186 -0.02559   1.1217e+01
187 -0.05034   1.0407e+01 |188 -0.03197   1.2563e+00 |189  0.01164  -2.6568e+01
190  0.01762  -4.2328e-01 |191  0.02645   3.7737e+01 |192  0.01481   1.3559e+01
193 -0.01139   3.9493e+01 |194 -0.10287   4.7154e-02 |195  0.00402   3.3834e+01
196  0.05835   2.2497e+01 |197  0.02472  -6.7298e-01 |198  0.01283   1.1566e+01
199  0.00621   1.1374e+01 |200  0.00793   2.6909e+00 |201  0.02512   1.8645e-01
202  0.11995   2.2701e+01 |203  0.11677   8.0598e+01 |204  0.08644   2.7217e+01
205 -0.03607   6.3724e+00 |206 -0.57897   1.7227e+00 |207 -0.13108   3.3079e+00
208 -0.09011  -3.1324e-01 |209 -0.04047   1.5308e+01 |210  0.06596   6.1220e+00
211 -0.11652   2.8221e+00 |212 -0.03579   9.1569e+01 |213  0.03552  -9.3048e+01
214 -0.00857  -5.2893e-09 |215 -0.66805   4.5527e+00 |216 -0.86335  -5.8238e+00
217  0.02077  -1.1744e+01 |218 -0.14344  -7.0350e+00 |219 -0.24731   1.7658e+00
220 -0.04152   7.3215e+00 |221  0.05275  -6.9317e-01 |222  0.00858   2.0720e+00
223  0.01163  -1.6011e+00 |224 -0.02299   1.9581e+00 |225 -0.02970   4.6817e+00
226  0.09575   2.4229e+00 |227  0.08275   3.6263e+00 |228  0.20014   3.0922e+00
229  0.06501  -1.6793e+01 |230  0.09988   2.8134e+00 |231  0.05635  -4.0526e-01
232  0.07054   6.4046e+00 |233  0.05558  -6.4335e+00 |234  0.11786   1.4325e+00
235 -0.11257  -7.3660e-01 |236 -0.11811  -7.6251e+00 |237 -0.00422  -8.5834e-01
238 -0.01114  -9.5197e+00 |239 -0.12442  -1.4455e-01 |240 -0.15274   6.2034e+00
241 -0.05981   6.7159e-01 |242  0.01876  -5.6755e+00 |243  0.03944  -6.0489e-01
244 -0.03018   5.1414e-01 |245 -0.13074  -2.6109e+00 |246 -0.23538   8.2420e+00
247 -0.11018   3.2899e+00 |248 -0.00608  -7.9786e-01 |249  0.04437  -2.6740e+00
250  0.10434   9.1212e+00 |251  0.05870  -1.6037e+00 |252 -0.01365  -4.4891e+00
253  0.02619  -8.7188e-01 |254  0.09189   4.4376e-01 |255  0.18663   1.5662e+00
256  0.24460   1.7188e+00 |257 -0.14125   9.7841e+00 |258  0.09420  -3.3894e+00
259  0.15182   8.0377e+01 |260 -0.86841   2.1741e+01 |261 -0.84712  -5.9954e+01
262 -0.86906  -3.2953e+00 |263 -0.39941  -2.1030e+01 |264  0.05812  -2.5868e+01
265 -0.35856  -2.1964e+01 |266  0.57135  -1.6199e+01 |267  0.02492  -2.5957e+01
268 -0.34306  -2.2295e+01 |269 -0.41664  -2.0609e+01 |270  0.41467  -2.0658e+01
271  0.38522  -2.1364e+01 |272 -0.06387  -2.5846e+01 |273  0.84223  -6.3719e+00
274  0.46485  -1.9354e+01 |275  0.21078  -2.4566e+01 |276 -0.48038  -1.8926e+01
277 -0.39746  -2.1076e+01 |278  0.20514  -2.4640e+01 |279  0.35890  -2.1957e+01
280 -0.04010  -2.5925e+01 |281  0.31565  -2.2848e+01 |282 -0.19352  -2.4786e+01
283  0.27662  -2.3563e+01 |284  0.35615  -2.2017e+01 |285  0.09185  -2.5707e+01
286  0.49800  -1.8426e+01 |287  0.01012  -2.5973e+01 |288 -0.85241  -5.9683e+00
289 -0.22738  -2.4337e+01 |290 -0.46714  -1.9292e+01 |291 -0.54895  -1.6903e+01
292 -0.24892  -2.4016e+01 |293  0.42316  -2.0446e+01 |294 -0.60263  -1.5182e+01
295 -0.21499  -2.4509e+01 |296 -0.23354  -2.4248e+01 |297 -0.28118  -2.3484e+01
298  0.30865  -2.2983e+01 |299 -0.16604  -2.5098e+01 |300 -0.09273  -2.5702e+01
301  0.38952  -2.1264e+01 |302  0.40163  -2.0976e+01 |303  0.47372   8.5738e+01
304  0.19210  -1.2352e+01 |305 -0.92643  -3.0827e+02 |306  0.21293  -1.4221e+01
307 -0.87404  -6.4359e-01 |308 -0.51634  -2.9429e+01 |
17.9457 10.7626 68.2389 47.9937 
10.5779 10.5779 49.8531 49.4657 
8.53491 10.4699 0 0.0390407 11.7745 
0 3.57017 0 0 0.452013 30.917 0 
17.9544 10.6651 68.2315 47.9861 
10.6917 10.6917 49.8979 49.4738 
8.52492 10.3438 0 0.042856 11.7474 
0 3.52101 0 0 0.456907 30.8844 0 
17.996 10.6174 68.1705 48.2134 
10.561 10.561 49.9583 49.4693 
8.44815 10.3001 0 0.0505436 11.6177 
0 3.49846 0 0 0.458086 30.7098 0 
18.1801 10.3675 68.3301 48.0681 
10.7418 10.7418 49.9296 49.4493 
8.37402 10.2254 0 0.0604487 11.472 
0 3.48093 0 0 0.451968 30.4476 0 
18.1021 10.4515 68.5321 47.9412 
10.5774 10.5774 50.0597 49.4013 
8.2289 10.3014 0 0.0736872 11.2532 
0 3.43797 0 0 0.451485 30.1999 0 
18.1741 10.1626 68.6319 47.9423 
10.6194 10.6194 50.2135 49.4181 
7.90847 10.239 0 0.0769415 11.1264 
0 3.35883 0 0 0.478231 29.9872 0 
18.2369 10.0268 68.5519 48.2839 
11.0232 11.0232 50.0859 49.5315 
7.74715 10.4012 0 0.0953879 11.1736 
0 3.12028 0 0 0.466914 29.5759 0 
18.1963 10.1044 68.5507 48.0873 
10.7486 10.7486 50.1337 49.468 
7.81643 10.2461 0 0.0856823 11.1494 
0 3.22799 0 0 0.470857 29.7837 0 
18.346 9.88879 68.6529 48.258 
10.9914 10.9914 49.9559 49.4524 
7.79989 10.2036 0 0.108452 11.2661 
0 3.12406 0 0 0.469331 29.3577 0 
18.3359 9.678 69.0122 48.0902 
10.977 10.977 50.0329 49.4534 
7.90893 10.268 0 0.12739 11.2754 
0 3.06848 0 0 0.46435 29.0495 0 
18.4097 9.40561 68.9898 48.0127 
11.0689 11.0689 49.9822 49.4082 
7.90638 10.3258 0 0.132571 11.3182 
0 3.08809 0 0 0.463288 28.982 0 
308 variables; iteration 210; function evaluation 233; phase 1
Function value   3.2528858e+02; maximum gradient component mag   5.3745e+02
Var   Value    Gradient   |Var   Value    Gradient   |Var   Value    Gradient
  1  0.17716  -1.1498e-01 |  2  0.18467  -9.7097e+00 |  3  0.20347   8.0208e+00
  4  0.20753   2.2979e+01 |  5  0.20560   8.8341e+00 |  6  0.18700  -3.8256e+01
  7  0.18755   2.9654e+00 |  8  0.18051  -3.4419e+00 |  9  0.17843  -5.0932e+00
 10  0.15260   3.0118e+00 | 11  0.12607  -7.2358e+00 | 12  0.13101   6.7017e-01
 13  0.10421  -2.7766e+00 | 14  0.06121   5.4525e+00 | 15  0.02089   8.3765e+00
 16 -1.97227  -3.7740e+00 | 17 -0.11857   7.4905e-01 | 18 -0.07715   1.7220e+00
 19 -0.11772   1.0877e+00 | 20 -0.14957   2.7263e-01 | 21 -0.65711  -3.2784e-04
 22  0.13164   1.8807e+00 | 23 -0.15251   2.7878e-03 | 24  0.02376   5.0072e-02
 25  0.09980   1.1983e+00 | 26  0.13222  -4.2312e+00 | 27  0.15919  -6.2985e+00
 28  0.16693   5.1052e+00 | 29  0.16328   1.0010e+01 | 30  0.17153   2.4357e+01
 31  0.16385   6.2788e+00 | 32  0.13812  -1.7396e+01 | 33  0.09070  -3.0065e+01
 34 -2.07999   2.2776e+01 | 35  0.12604   1.1646e+01 | 36  0.11905  -1.0206e+00
 37  0.08359  -1.1545e+01 | 38  0.05946   1.2410e+01 | 39  0.00131  -1.3877e-01
 40 -1.96342  -1.7542e+00 | 41 -0.11889  -4.1810e-01 | 42 -0.16353  -2.5869e-01
 43 -0.07413   6.7951e+00 | 44  0.03792   2.2651e+01 | 45 -0.07871   1.1274e+01
 46 -0.19265   7.1647e+00 | 47 -0.18941   8.9636e+00 | 48 -0.13714   1.0723e+01
 49 -0.03442   1.9360e+01 | 50 -0.06042   1.2227e+01 | 51 -0.01273   1.4321e+01
 52  0.06890   1.8551e+01 | 53  0.02971   1.8606e+01 | 54  0.09229   2.5089e+01
 55  0.07938   1.6194e+01 | 56 -0.03511   3.0215e+00 | 57 -0.08701  -9.6537e-01
 58  0.18746   7.9762e+00 | 59  0.08096   7.1264e+00 | 60 -0.12799   5.5721e+00
 61 -0.08237   4.9634e+00 | 62  0.09163   2.7883e+00 | 63 -0.08762   2.2494e+00
 64 -0.02560   5.7591e+00 | 65 -0.11398   1.7809e+00 | 66  0.00458   4.6119e+00
 67  0.02278   9.0191e+00 | 68 -0.07361   4.1539e+00 | 69 -0.05214   6.7613e+00
 70 -0.08822   3.8930e+00 | 71  0.12870   6.9696e+00 | 72  0.04980   6.7293e+00
 73 -0.02756   5.6760e+00 | 74 -0.03794   5.9701e+00 | 75  0.13058   8.3863e+00
 76  0.08730   4.4525e+00 | 77  0.01025   7.9044e+00 | 78 -0.02140   1.2021e+01
 79  0.07768   1.0833e+01 | 80  0.29381   1.0561e+01 | 81  0.33871   6.5768e+00
 82 -0.14185   7.5581e+00 | 83 -0.02742   9.6518e+00 | 84  0.03823   9.0672e+00
 85  0.08081   6.6979e+00 | 86  0.07300   1.1006e+00 | 87  0.23025   1.2535e+01
 88 -0.06979   2.4607e+00 | 89 -0.20685  -2.9640e-01 | 90 -0.12705   9.1991e-01
 91 -0.02149  -6.5892e-02 | 92 -0.02058  -5.9930e-01 | 93  0.06380   6.8586e-01
 94  0.14692  -7.0993e+00 | 95  0.00178   6.7820e-01 | 96 -0.04739  -1.8620e+00
 97  0.03395   1.0530e+00 | 98  0.05554  -2.6743e+00 | 99  0.09435  -5.3730e+00
100  0.11553  -5.8270e+00 |101  0.08842  -9.6488e+00 |102 -0.06973  -2.4171e+00
103 -0.07860   3.9536e-01 |104 -0.01892  -5.0359e+00 |105  0.02724  -6.1698e+00
106 -0.05799  -4.8303e+00 |107 -0.06027  -2.9652e+00 |108  0.09439  -5.0312e+00
109  0.08532  -1.1141e+01 |110  0.04037  -1.2570e+01 |111  0.02343  -6.5939e+00
112 -0.12598  -2.8394e+00 |113 -0.14876  -2.6222e+00 |114 -0.02159  -2.1486e+00
115  0.10482  -7.1452e+00 |116  0.02674  -4.2269e+00 |117  0.11091  -4.0036e+00
118  0.05172   2.3602e+00 |119 -0.00571  -1.6329e+00 |120  0.03509  -3.7510e+00
121 -0.06531  -1.1637e+01 |122  0.23786  -4.1339e+00 |123 -0.79223   2.1895e+00
124  0.10536  -1.6885e+00 |125 -0.00788  -3.4925e-01 |126 -0.16966   2.8718e-02
127 -0.03928  -5.4326e+00 |128  0.01704  -5.4410e+00 |129  0.10589  -5.3678e+00
130  0.09317  -5.3848e+00 |131 -0.04319  -5.4304e+00 |132 -0.02791  -5.4377e+00
133  0.11458  -5.3550e+00 |134  0.02367  -5.4392e+00 |135  0.04545  -5.4291e+00
136 -0.02300  -5.4394e+00 |137  0.04737  -5.4279e+00 |138  0.02450  -5.4389e+00
139 -0.02529  -5.4387e+00 |140 -0.03717  -5.4337e+00 |141  0.04142  -5.4314e+00
142 -0.03956  -5.4324e+00 |143 -0.02345  -5.4393e+00 |144  0.00913  -5.4424e+00
145  0.00094  -5.4429e+00 |146  0.00412  -5.4428e+00 |147  0.03283  -5.4357e+00
148 -0.03459  -5.4349e+00 |149 -0.03978  -5.4323e+00 |150  0.04648  -5.4284e+00
151 -0.09345  -5.3844e+00 |152  0.00365  -5.4429e+00 |153  0.04154  -5.4314e+00
154 -0.13653  -5.3183e+00 |155 -0.03209  -5.4360e+00 |156  0.11964  -5.3471e+00
157 -0.17921  -5.2287e+00 |158 -0.03621  -5.4341e+00 |159  0.04432  -5.4298e+00
160  0.04382  -5.4301e+00 |161  0.04732  -5.4279e+00 |162 -0.14129  -5.3094e+00
163 -0.03302  -5.4356e+00 |164 -0.02413  -5.4390e+00 |165  0.05282  -5.4242e+00
166  0.00905  -5.4424e+00 |167  0.00940  -5.4424e+00 |168  0.01627  -5.4412e+00
169  0.02196   5.3745e+02 |170  0.00065  -1.3640e+01 |171 -0.00032  -7.9252e+00
172  0.02238   4.7384e+00 |173  0.06869  -1.8227e+00 |174  0.02989  -1.2344e+01
175  0.03368  -1.2091e+01 |176  0.01576   2.2547e+00 |177  0.03696  -1.4779e+00
178  0.10743   1.6446e+01 |179  0.12641   1.2721e+01 |180  0.10227  -4.1711e+01
181  0.05765   3.3815e+01 |182 -0.03081   2.1015e+01 |183 -0.04510   8.6513e+00
184  0.00424   3.0392e+01 |185 -0.00506   1.0131e+01 |186 -0.02375   2.9503e+01
187 -0.05188   1.2041e+01 |188 -0.02993   1.0005e+01 |189  0.01208  -6.1642e+00
190  0.02387   2.7629e+01 |191  0.02314   2.1698e+01 |192  0.01905   2.0588e+01
193 -0.01362   3.7515e+01 |194 -0.09042   2.4943e+00 |195  0.00474   3.1961e+01
196  0.05954   3.8069e+01 |197  0.02353   2.0332e+00 |198  0.00417  -8.7590e+00
199  0.00031   5.2498e+00 |200  0.00876   1.7599e+01 |201  0.02670   4.8880e+00
202  0.11615   3.7218e+00 |203  0.11118   1.9400e+01 |204  0.08025  -2.0550e+01
205 -0.03562   2.4968e+00 |206 -0.58710   9.0185e-01 |207 -0.12404   7.1478e+00
208 -0.08545   1.4158e+01 |209 -0.03997   1.5379e+01 |210  0.06299  -3.8406e-01
211 -0.09445   1.5318e+00 |212 -0.04005   4.1057e+01 |213  0.03592  -1.0541e+02
214 -0.00857  -5.2893e-09 |215 -0.67061   2.7808e+00 |216 -0.86868  -4.3780e+00
217  0.02223  -1.3200e+01 |218 -0.13654   3.0825e-02 |219 -0.24123  -2.1851e+00
220 -0.04521   1.0396e+00 |221  0.04612  -2.3957e+00 |222 -0.00274  -4.9347e+00
223  0.00860  -1.4121e+00 |224 -0.02298   2.9266e+00 |225 -0.03117   4.3855e+00
226  0.08337  -6.5837e+00 |227  0.07758   3.0468e+00 |228  0.19776   3.3278e+00
229  0.07204  -1.2619e+01 |230  0.09959   2.5979e+00 |231  0.05218  -3.4458e+00
232  0.05792   1.0396e+00 |233  0.06572  -4.3962e-01 |234  0.12201  -1.7756e+00
235 -0.11021   8.0537e+00 |236 -0.11578   3.1290e+00 |237 -0.00853  -9.6944e-01
238 -0.00714  -9.0063e+00 |239 -0.11226   9.2690e+00 |240 -0.15127   8.2089e+00
241 -0.06446   1.9145e+00 |242  0.01348  -8.7928e-01 |243  0.04532   7.2448e+00
244 -0.02818   3.4980e+00 |245 -0.12234   3.3100e+00 |246 -0.24140   2.6978e+00
247 -0.11120  -2.5268e-01 |248  0.00096   3.5560e+00 |249  0.04854  -1.4035e-01
250  0.10465   1.0827e+01 |251  0.06822   4.2755e+00 |252 -0.01575  -7.2008e+00
253  0.02759   2.9976e+00 |254  0.09229   1.9397e+00 |255  0.18429   6.1158e-01
256  0.24845   2.4660e+00 |257 -0.15064  -9.7488e-01 |258  0.09550   8.4107e+01
259  0.15130   5.8645e+01 |260 -0.86852  -3.0752e+01 |261 -0.84665  -4.6727e+01
262 -0.87221  -4.4255e+00 |263 -0.36441   1.4970e+01 |264  0.04985   1.7755e+01
265 -0.33243   1.5436e+01 |266  0.61653   1.0090e+01 |267  0.03592   1.7781e+01
268 -0.35226   1.5152e+01 |269 -0.51083   1.2377e+01 |270  0.43088   1.3883e+01
271  0.31279   1.5702e+01 |272 -0.06419   1.7719e+01 |273  0.86809   3.6637e+00
274  0.47557   1.3067e+01 |275  0.14383   1.7357e+01 |276 -0.44243   1.3679e+01
277 -0.36724   1.4927e+01 |278  0.23517   1.6608e+01 |279  0.39494   1.4491e+01
280 -0.03031   1.7789e+01 |281  0.27414   1.6183e+01 |282 -0.17000   1.7178e+01
283  0.40770   1.4280e+01 |284  0.34263   1.5291e+01 |285  0.07137   1.7697e+01
286  0.42622   1.3965e+01 |287  0.00833   1.7808e+01 |288 -0.86960   3.6225e+00
289 -0.25249   1.6427e+01 |290 -0.50493   1.2495e+01 |291 -0.59282   1.0630e+01
292 -0.23407   1.6619e+01 |293  0.44243   1.3679e+01 |294 -0.57292   1.1071e+01
295 -0.14961   1.7320e+01 |296 -0.37121   1.4866e+01 |297 -0.31211   1.5711e+01
298  0.31037   1.5734e+01 |299 -0.13188   1.7428e+01 |300 -0.06088   1.7728e+01
301  0.44575   1.3619e+01 |302  0.37415   1.4821e+01 |303  0.47299   1.1139e+02
304  0.17040  -1.7475e+01 |305 -0.92532  -3.3348e+02 |306  0.22476  -7.1173e+00
307 -0.87593  -3.9126e+01 |308 -0.51551  -2.8535e+01 |
18.3203 9.44083 69.0764 48.1349 
11.0993 11.0993 50.0408 49.3572 
7.86517 10.0336 0 0.136732 11.1354 
0 3.14018 0 0 0.459273 28.8701 0 
18.3582 9.32478 69.3081 48.0192 
11.0282 11.0282 50.019 49.3233 
7.77569 9.98392 0 0.131733 11.0524 
0 3.19195 0 0 0.457566 28.7556 0 
18.4408 9.34758 69.4381 48.0345 
11.252 11.252 49.7518 49.3869 
7.64713 9.79026 0 0.113537 10.8631 
0 3.22406 0 0 0.462504 28.6721 0 
18.3305 9.36058 69.4977 47.8595 
11.2244 11.2244 49.8492 49.3658 
7.59884 9.8009 0 0.114693 10.8042 
0 3.23648 0 0 0.464826 28.575 0 
18.3533 9.22439 69.5419 47.9147 
11.2535 11.2535 50.2068 49.2021 
7.61844 9.65558 0 0.126963 10.7043 
0 3.16221 0 0 0.460784 28.3468 0 
18.2049 8.99538 69.3206 48.1108 
11.1949 11.1949 50.4487 49.1775 
7.66953 9.72381 0 0.134347 10.8072 
0 3.06662 0 0 0.466147 28.1616 0 
18.3129 8.84906 69.6938 48.0708 
11.4345 11.4345 50.2954 49.1248 
7.70943 9.84482 0 0.138352 10.664 
0 2.96002 0 0 0.462882 27.9275 0 
18.2549 8.92324 69.4964 48.0792 
11.2964 11.2964 50.3602 49.148 
7.68606 9.76226 0 0.136379 10.7341 
0 3.00837 0 0 0.463951 28.0423 0 
18.2462 8.86233 69.4563 48.1187 
11.3922 11.3922 50.2273 49.1138 
7.65502 9.75823 0 0.130313 10.8551 
0 2.95242 0 0 0.465933 28.0064 0 
18.343 8.90352 69.2608 47.9313 
11.2763 11.2763 50.3992 49.1678 
7.57322 9.81323 0 0.138841 10.9735 
0 2.88738 0 0 0.470187 27.8678 0 
18.4066 8.69991 69.1279 48.0109 
11.3793 11.3793 50.1347 49.2716 
7.57607 9.71895 0 0.167976 11.0826 
0 2.86669 0 0 0.475612 27.4317 0 
308 variables; iteration 220; function evaluation 244; phase 1
Function value   3.2233739e+02; maximum gradient component mag   4.6072e+02
Var   Value    Gradient   |Var   Value    Gradient   |Var   Value    Gradient
  1  0.17731   3.9245e+00 |  2  0.19051  -7.7468e-01 |  3  0.19648  -1.3460e+00
  4  0.20447   1.3041e+01 |  5  0.20303   3.2466e+00 |  6  0.18460  -4.1985e+01
  7  0.18667   6.1876e+00 |  8  0.17807  -5.0547e+00 |  9  0.17731  -6.7286e+00
 10  0.14919  -3.8027e+00 | 11  0.13000  -5.9591e-01 | 12  0.12686  -6.1601e+00
 13  0.10530   1.4877e+00 | 14  0.05734   2.4038e+00 | 15  0.01962   7.2317e+00
 16 -1.96589  -3.5708e+00 | 17 -0.14155   2.5768e-01 | 18 -0.09569   2.0732e+00
 19 -0.13033   9.1236e-01 | 20 -0.14907   5.7891e-02 | 21 -0.60453  -6.6009e-04
 22  0.12559   1.7849e+00 | 23 -0.15570   3.3597e-03 | 24  0.02837   4.3099e-01
 25  0.07937  -2.7651e+00 | 26  0.13185  -1.2294e+00 | 27  0.15927   9.4711e-01
 28  0.16531   1.0734e+01 | 29  0.15666   4.8808e+00 | 30  0.16117   8.9962e+00
 31  0.15981   5.7130e+00 | 32  0.13594  -1.5849e+01 | 33  0.08899  -3.0293e+01
 34 -2.07974   2.1548e+01 | 35  0.12164   3.2693e+00 | 36  0.11478  -7.0387e+00
 37  0.08342  -8.6240e+00 | 38  0.05397   4.9337e+00 | 39  0.01654   1.0672e+01
 40 -1.96648  -2.7728e+00 | 41 -0.13557  -7.3339e-01 | 42 -0.20159  -6.9448e-01
 43 -0.07395  -2.6721e+00 | 44  0.02757   1.2427e+01 | 45 -0.08819   9.4336e-01
 46 -0.16991  -2.3277e-01 | 47 -0.19638  -1.5713e+00 | 48 -0.13699   5.7048e-01
 49 -0.05209   7.1617e+00 | 50 -0.03971   4.9174e+00 | 51 -0.02871   2.4302e+00
 52  0.06957   5.8750e+00 | 53  0.02732   4.3510e+00 | 54  0.08879   8.8806e+00
 55  0.07896   1.9569e+00 | 56 -0.05262  -9.5420e+00 | 57 -0.07218  -1.2194e+01
 58  0.18409  -4.1902e+00 | 59  0.07890  -3.1179e+00 | 60 -0.12742  -4.6775e+00
 61 -0.10602  -6.9165e+00 | 62  0.07628  -1.0411e+01 | 63 -0.06738  -9.1126e+00
 64 -0.02242  -5.8760e+00 | 65 -0.10486  -8.0621e+00 | 66  0.00116  -4.6908e+00
 67 -0.02157  -2.8353e+00 | 68 -0.04426  -4.1509e+00 | 69 -0.07516  -4.1614e+00
 70 -0.09049  -5.8252e+00 | 71  0.12437  -2.3865e+00 | 72  0.03463  -4.6534e+00
 73 -0.04528  -6.2843e+00 | 74 -0.04594  -6.2947e+00 | 75  0.13661  -2.0475e+00
 76  0.07031  -1.9275e+00 | 77  0.00242   1.3670e+00 | 78 -0.02413   4.7142e+00
 79  0.08040   5.2975e+00 | 80  0.29655   1.3833e+01 | 81  0.46372  -2.1725e+00
 82 -0.12023  -4.8431e-01 | 83 -0.02810  -4.4873e-01 | 84  0.03569  -1.5199e+00
 85  0.06060   1.0845e+01 | 86  0.06946   5.1286e+00 | 87  0.23413   1.5250e+01
 88 -0.08887   5.0765e+00 | 89 -0.21621   3.3784e+00 | 90 -0.13770   4.5523e+00
 91 -0.05323   2.0031e+00 | 92 -0.03346   2.1295e+00 | 93  0.07183   5.9381e+00
 94  0.15315  -1.8947e+00 | 95  0.00362   3.2004e+00 | 96 -0.04170   2.1847e+00
 97  0.02664   5.6304e+00 | 98  0.06086   2.8644e+00 | 99  0.10517  -4.9461e-01
100  0.12059  -4.7356e+00 |101  0.07041  -8.7631e+00 |102 -0.04931   2.8937e+00
103 -0.07672   4.8207e+00 |104  0.01087   1.0226e+00 |105  0.05071   5.9856e-01
106 -0.07179  -9.2549e-01 |107 -0.05545   1.1735e+00 |108  0.07548  -3.0237e+00
109  0.10885  -5.4412e+00 |110  0.02587  -5.2121e+00 |111  0.01686  -1.2427e+00
112 -0.11168   1.4637e+00 |113 -0.13159   2.7440e+00 |114 -0.05993   1.1897e+00
115  0.12254   2.8103e+00 |116  0.03689   2.8169e+00 |117  0.11514  -2.5772e-02
118  0.02737   2.4245e+00 |119 -0.02880   1.3835e+00 |120  0.05176   4.1156e+00
121  0.00385  -2.0871e+00 |122  0.23945   2.3884e+01 |123 -0.79518   3.5252e+00
124  0.10824   6.3726e+00 |125 -0.01774   4.2110e+00 |126 -0.17910   3.8738e+00
127 -0.04017  -2.1242e+00 |128  0.02351  -2.1270e+00 |129  0.09607  -2.1043e+00
130  0.08868  -2.1079e+00 |131 -0.04739  -2.1226e+00 |132 -0.02623  -2.1267e+00
133  0.10089  -2.1018e+00 |134  0.02770  -2.1265e+00 |135  0.04683  -2.1227e+00
136 -0.02021  -2.1274e+00 |137  0.04868  -2.1223e+00 |138  0.03054  -2.1260e+00
139 -0.02132  -2.1273e+00 |140 -0.03785  -2.1247e+00 |141  0.05056  -2.1218e+00
142 -0.04079  -2.1241e+00 |143 -0.02076  -2.1274e+00 |144  0.01566  -2.1278e+00
145  0.01019  -2.1282e+00 |146  0.01048  -2.1282e+00 |147  0.03793  -2.1247e+00
148 -0.03459  -2.1253e+00 |149 -0.04098  -2.1241e+00 |150  0.04780  -2.1225e+00
151 -0.12308  -2.0888e+00 |152  0.01321  -2.1280e+00 |153  0.04508  -2.1232e+00
154 -0.03968  -2.1244e+00 |155 -0.03143  -2.1259e+00 |156  0.10393  -2.1002e+00
157 -0.25605  -1.9586e+00 |158 -0.03583  -2.1251e+00 |159  0.04580  -2.1230e+00
160  0.04535  -2.1231e+00 |161  0.04863  -2.1223e+00 |162 -0.19320  -2.0312e+00
163 -0.03261  -2.1257e+00 |164 -0.02158  -2.1273e+00 |165  0.06020  -2.1190e+00
166  0.01380  -2.1280e+00 |167  0.01593  -2.1278e+00 |168  0.02276  -2.1271e+00
169  0.01949   4.6072e+02 |170  0.00130  -1.1707e+01 |171  0.00116  -9.2442e+00
172  0.02461   3.8642e+00 |173  0.07226   4.5851e+00 |174  0.03644   5.4105e+00
175  0.03680  -5.7182e+00 |176  0.01634   5.3005e-01 |177  0.04411   9.4149e+00
178  0.11074   2.3572e+01 |179  0.13141   3.6208e+01 |180  0.10573  -2.1803e+01
181  0.05840   3.3805e+01 |182 -0.02960   2.2772e+01 |183 -0.03951   1.3732e+01
184  0.00492   2.8072e+01 |185 -0.00218   1.5919e+01 |186 -0.02222   3.5946e+01
187 -0.04911   1.8174e+01 |188 -0.02915   1.4439e+01 |189  0.01757   1.0044e+01
190  0.02726   2.8215e+01 |191  0.02143   1.0425e+01 |192  0.01861   1.6881e+01
193 -0.01878   3.0802e+01 |194 -0.08401   5.2897e+00 |195  0.00416   2.3091e+01
196  0.06047   3.6857e+01 |197  0.02119   4.8255e+00 |198  0.00577   3.2781e+00
199 -0.00114   6.0992e+00 |200  0.01318   2.5107e+01 |201  0.02976   1.8855e+00
202  0.11681  -1.6936e+01 |203  0.11505   1.5685e+01 |204  0.08654  -1.8817e+01
205 -0.03949  -1.3886e+00 |206 -0.59762   2.8956e+00 |207 -0.13212  -1.5502e+00
208 -0.08148   1.5254e+01 |209 -0.04001   1.4834e+01 |210  0.06593   5.9378e+00
211 -0.16094   4.8109e+00 |212 -0.04108   5.3448e+01 |213  0.03521  -6.4392e+01
214 -0.00857  -5.2893e-09 |215 -0.67181   3.1675e+00 |216 -0.87363  -1.1813e+01
217  0.02472   1.3269e+01 |218 -0.13881  -4.4116e+00 |219 -0.24928  -7.7554e+00
220 -0.04377  -6.4286e-01 |221  0.05149  -2.4573e+00 |222 -0.00166  -7.0975e+00
223  0.00545  -5.0759e+00 |224 -0.03002  -1.7560e+00 |225 -0.03776   2.1524e+00
226  0.08331  -6.8845e+00 |227  0.06432  -6.4684e+00 |228  0.20169   1.4914e+00
229  0.08263  -8.8803e+00 |230  0.09817  -4.0063e-01 |231  0.04540  -8.1649e+00
232  0.05112  -5.2453e+00 |233  0.07057  -9.6246e-01 |234  0.12221  -3.5558e+00
235 -0.10971   9.0586e+00 |236 -0.11529   1.8424e+00 |237 -0.00101  -1.1083e+00
238  0.00705  -9.8679e+00 |239 -0.11052   3.8030e+00 |240 -0.15006   5.2144e+00
241 -0.06692   1.0033e+00 |242  0.02469   2.8106e+00 |243  0.03655   1.2431e-01
244 -0.04273  -5.0292e+00 |245 -0.12310   2.1481e+00 |246 -0.23605   2.2943e+00
247 -0.10985   7.3881e-01 |248  0.00177   1.9413e+00 |249  0.04841  -6.0840e+00
250  0.09979   3.0844e+00 |251  0.06669   1.9254e+00 |252 -0.02135  -4.9889e+00
253  0.02102   2.2487e+00 |254  0.09892  -2.8597e+00 |255  0.20303   1.7186e+00
256  0.25143  -2.9863e-02 |257 -0.15246  -6.2111e+00 |258  0.09552   3.2591e+01
259  0.15063   3.9298e+01 |260 -0.86844  -2.3164e+01 |261 -0.84556  -2.9119e+01
262 -0.89884  -1.6756e+00 |263 -0.42123  -1.2576e+01 |264  0.01012  -1.5938e+01
265 -0.33005  -1.3846e+01 |266  0.62880  -8.7768e+00 |267  0.05653  -1.5878e+01
268 -0.35600  -1.3512e+01 |269 -0.54228  -1.0499e+01 |270  0.40943  -1.2756e+01
271  0.26970  -1.4531e+01 |272 -0.04541  -1.5900e+01 |273  0.88107  -2.9606e+00
274  0.44790  -1.2155e+01 |275  0.16361  -1.5417e+01 |276 -0.39255  -1.3005e+01
277 -0.41046  -1.2740e+01 |278  0.25253  -1.4703e+01 |279  0.44618  -1.2183e+01
280 -0.04674  -1.5897e+01 |281  0.25482  -1.4680e+01 |282 -0.18911  -1.5242e+01
283  0.46042  -1.1950e+01 |284  0.37591  -1.3241e+01 |285  0.01887  -1.5933e+01
286  0.38493  -1.3114e+01 |287  0.13159  -1.5601e+01 |288 -0.85335  -3.6396e+00
289 -0.24811  -1.4745e+01 |290 -0.56001  -1.0161e+01 |291 -0.57943  -9.7812e+00
292 -0.19437  -1.5203e+01 |293  0.44851  -1.2145e+01 |294 -0.56035  -1.0154e+01
295 -0.08990  -1.5782e+01 |296 -0.41234  -1.2712e+01 |297 -0.34860  -1.3610e+01
298  0.28125  -1.4410e+01 |299 -0.14108  -1.5551e+01 |300 -0.07802  -1.5821e+01
301  0.42569  -1.2508e+01 |302  0.43316  -1.2391e+01 |303  0.47150   3.6262e+01
304  0.15133  -1.1754e+01 |305 -0.92410  -3.0502e+02 |306  0.23743   5.6846e+00
307 -0.87725  -7.7896e+01 |308 -0.51462  -2.6629e+01 |
19.0619 8.54883 68.7326 48.0064 
11.3428 11.3428 50.3574 49.2496 
7.36552 9.29768 0 0.223961 11.4227 
0 2.72448 0 0 0.499969 27.0248 0 
19.5112 8.42259 68.5209 47.8934 
11.3877 11.3877 49.8038 49.6089 
7.06462 9.97211 0 0.28398 11.8195 
0 2.61827 0 0 0.473485 26.4496 0 
19.2847 8.47864 68.5887 47.9236 
11.3488 11.3488 50.0378 49.4291 
7.19355 9.59969 0 0.254396 11.6289 
0 2.65291 0 0 0.485304 26.724 0 
19.4826 8.28974 68.7696 47.6676 
11.1358 11.1358 50.0554 49.2997 
6.99824 10.0299 0 0.29397 11.838 
0 2.67573 0 0 0.493562 26.5615 0 
19.5022 8.25358 68.7293 47.6354 
11.2706 11.2706 50.0574 49.2791 
6.95714 9.95275 0 0.299858 11.906 
0 2.62954 0 0 0.4927 26.5315 0 
19.5359 8.21941 68.6253 47.7018 
11.4224 11.4224 50.1374 49.3319 
7.00392 9.73289 0 0.312997 11.8277 
0 2.56633 0 0 0.496916 26.4247 0 
19.6017 8.17333 68.8362 47.6652 
11.4594 11.4594 49.943 49.3245 
7.01398 9.83478 0 0.313491 11.7206 
0 2.51308 0 0 0.496112 26.1785 0 
19.4843 8.11932 68.7829 47.5021 
11.6292 11.6292 49.7643 49.3887 
7.02471 9.78045 0 0.294099 11.84 
0 2.45143 0 0 0.499476 26.1305 0 
19.622 7.93981 68.828 47.1576 
11.6732 11.6732 49.5576 49.5711 
6.961 9.7023 0 0.272358 11.9981 
0 2.40843 0 0 0.499447 25.9833 0 
19.7625 7.75792 68.5979 47.1895 
12.0088 12.0088 49.7552 49.6801 
6.97607 9.22165 0 0.306426 12.0817 
0 2.40367 0 0 0.499689 25.6149 0 
19.8163 7.53561 68.6494 47.2118 
12.1576 12.1576 49.4616 49.6817 
6.99633 9.24346 0 0.299985 11.8103 
0 2.4364 0 0 0.514535 25.7861 0 
308 variables; iteration 230; function evaluation 255; phase 1
Function value   3.1958292e+02; maximum gradient component mag  -2.3402e+02
Var   Value    Gradient   |Var   Value    Gradient   |Var   Value    Gradient
  1  0.16449   1.4853e+00 |  2  0.19262  -2.5379e+00 |  3  0.19305  -9.8661e+00
  4  0.20200  -2.2364e+00 |  5  0.20232   4.6992e+00 |  6  0.19034  -2.1400e+01
  7  0.18457   4.8170e+00 |  8  0.17719  -5.1659e+00 |  9  0.17671  -2.9503e+00
 10  0.14932  -2.5200e+00 | 11  0.12600  -8.0016e+00 | 12  0.12288  -1.3592e+01
 13  0.10363  -1.4689e+00 | 14  0.05042  -1.6401e+00 | 15  0.00990   3.6359e+00
 16 -1.95670  -3.1122e+00 | 17 -0.16205   3.9699e-02 | 18 -0.09652   8.3080e-01
 19 -0.17191   3.3894e-01 | 20 -0.22533   8.9397e-02 | 21 -0.71119  -2.8554e-04
 22  0.10093  -8.3007e-01 | 23 -0.16175   3.7084e-03 | 24 -0.01460  -7.9106e-01
 25  0.07082  -3.4152e+00 | 26  0.13342   4.3572e+00 | 27  0.15271  -3.7406e+00
 28  0.16151   1.1533e+01 | 29  0.15016   9.1161e-01 | 30  0.14989  -3.5972e+00
 31  0.15412   1.0517e+00 | 32  0.14169  -3.3727e+00 | 33  0.09245  -2.7838e+01
 34 -2.08506   1.7490e+01 | 35  0.11983   2.9169e+00 | 36  0.11047  -1.8115e+01
 37  0.08232  -5.5340e+00 | 38  0.04875   1.1731e+00 | 39 -0.00553  -1.9999e+00
 40 -1.96525  -2.6221e+00 | 41 -0.09598   4.8198e-01 | 42 -0.17877  -3.9875e-01
 43 -0.05142  -1.7640e+00 | 44  0.02141   9.6369e+00 | 45 -0.07231   5.7305e-01
 46 -0.15622  -5.7099e-01 | 47 -0.19250  -3.0505e+00 | 48 -0.12166   1.9082e-01
 49 -0.07129   2.3959e+00 | 50 -0.02442   3.7428e+00 | 51 -0.04047  -1.8137e+00
 52  0.06153   1.5996e+00 | 53  0.01576   1.4561e+00 | 54  0.07527   8.8913e+00
 55  0.07650   6.2819e+00 | 56 -0.07563  -8.5948e+00 | 57 -0.05285  -1.0192e+01
 58  0.17410   2.6764e+00 | 59  0.07798   2.9067e-01 | 60 -0.12654  -4.3836e+00
 61 -0.09620  -5.3921e+00 | 62  0.06206  -6.1524e+00 | 63 -0.04565  -8.1613e+00
 64 -0.00793  -3.7005e+00 | 65 -0.07801  -5.7874e+00 | 66 -0.00474  -1.1826e+00
 67 -0.07321  -3.9099e+00 | 68 -0.02895  -5.3944e-01 | 69 -0.08422  -2.7904e+00
 70 -0.07229  -3.0772e+00 | 71  0.11195   1.0250e-01 | 72  0.03778  -4.8285e+00
 73 -0.08908  -8.9338e+00 | 74 -0.01245  -4.7751e+00 | 75  0.13569   1.2885e-01
 76  0.06901   1.1375e-01 | 77  0.00402   2.5339e+00 | 78 -0.04017   2.6676e+00
 79  0.09036   5.1470e+00 | 80  0.29732   8.2110e+00 | 81  0.46966  -3.3885e+00
 82 -0.09788   5.2379e-01 | 83 -0.04808  -2.8422e+00 | 84  0.03005  -3.3649e+00
 85  0.03660   1.5475e+01 | 86  0.06963   9.5255e+00 | 87  0.22158   1.3114e+01
 88 -0.09487   7.1390e+00 | 89 -0.18957   8.5872e+00 | 90 -0.16440   5.7850e+00
 91 -0.06167   5.9111e+00 | 92 -0.02298   6.8852e+00 | 93  0.08743   1.3696e+01
 94  0.16081   6.9742e+00 | 95 -0.01128   4.6969e+00 | 96 -0.01408   6.0413e+00
 97  0.00678   8.3657e+00 | 98  0.04180   7.2203e+00 | 99  0.11363   8.2028e+00
100  0.13013   6.1857e+00 |101  0.06904   7.5752e-03 |102 -0.05344   8.9463e+00
103 -0.06891   1.0192e+01 |104  0.05487   9.4167e+00 |105  0.04684   9.1735e+00
106 -0.08949   4.1305e+00 |107 -0.04759   7.0397e+00 |108  0.08206   3.7030e+00
109  0.10585   2.5692e+00 |110  0.03955   8.8916e-01 |111 -0.01402   3.3989e+00
112 -0.13857   5.4196e+00 |113 -0.10505   1.0045e+01 |114 -0.06188   5.5645e+00
115  0.11063   5.0468e+00 |116  0.04083   6.5508e+00 |117  0.10654   4.5486e+00
118  0.00376   3.8139e+00 |119 -0.02223   6.2139e+00 |120  0.03573   1.0192e+01
121  0.06385   9.5835e+00 |122  0.23046   4.0084e+01 |123 -0.80258   4.4179e+00
124  0.10970   1.1796e+01 |125 -0.00462   9.0656e+00 |126 -0.17215   7.2676e+00
127 -0.04888  -9.6675e-01 |128  0.02493  -9.6887e-01 |129  0.07275  -9.6329e-01
130  0.07241  -9.6335e-01 |131 -0.05991  -9.6532e-01 |132 -0.03131  -9.6844e-01
133  0.07291  -9.6326e-01 |134  0.02659  -9.6877e-01 |135  0.04256  -9.6744e-01
136 -0.02380  -9.6893e-01 |137  0.04421  -9.6727e-01 |138  0.03141  -9.6843e-01
139 -0.02381  -9.6893e-01 |140 -0.04615  -9.6706e-01 |141  0.05380  -9.6615e-01
142 -0.04989  -9.6664e-01 |143 -0.02448  -9.6889e-01 |144  0.01715  -9.6926e-01
145  0.01444  -9.6936e-01 |146  0.01173  -9.6945e-01 |147  0.03762  -9.6792e-01
148 -0.04196  -9.6751e-01 |149 -0.05006  -9.6662e-01 |150  0.04340  -9.6736e-01
151 -0.16860  -9.3581e-01 |152  0.01782  -9.6923e-01 |153  0.04287  -9.6741e-01
154  0.29455  -8.6767e-01 |155 -0.03792  -9.6789e-01 |156  0.07425  -9.6302e-01
157 -0.31366  -8.5428e-01 |158 -0.04294  -9.6741e-01 |159  0.04170  -9.6753e-01
160  0.04133  -9.6757e-01 |161  0.04415  -9.6728e-01 |162 -0.22011  -9.1223e-01
163 -0.03942  -9.6775e-01 |164 -0.02550  -9.6883e-01 |165  0.06076  -9.6520e-01
166  0.01343  -9.6940e-01 |167  0.01742  -9.6925e-01 |168  0.02421  -9.6891e-01
169  0.01765   8.0212e-01 |170  0.00666   1.3669e+01 |171  0.00575   1.6451e+01
172  0.02719   1.9378e+01 |173  0.07635   2.9833e+01 |174  0.04015   2.9242e+01
175  0.03815   1.7728e+01 |176  0.01401   1.4805e+01 |177  0.04421   2.9996e+01
178  0.10587   2.6556e+01 |179  0.12806   3.9344e+01 |180  0.10220  -2.0085e+01
181  0.05473   2.5580e+01 |182 -0.03190   2.6694e+01 |183 -0.04169   2.1122e+01
184  0.00468   4.0713e+01 |185 -0.00065   3.2247e+01 |186 -0.02070   3.4986e+01
187 -0.04774   2.1634e+01 |188 -0.03145   2.1442e+01 |189  0.02301   3.8964e+01
190  0.02739   3.2222e+01 |191  0.01868  -9.8351e-01 |192  0.01516   6.8643e+00
193 -0.02444   2.7561e+01 |194 -0.09506   1.2637e+01 |195  0.00091   2.4104e+01
196  0.05656   2.7563e+01 |197  0.01834   1.7308e+01 |198  0.00562   2.6305e+01
199 -0.00228   1.9024e+01 |200  0.01423   3.2435e+01 |201  0.02876   1.3250e+01
202  0.11883  -3.8666e+00 |203  0.11544   2.6565e+01 |204  0.08974  -2.7677e+00
205 -0.04451   1.0203e+01 |206 -0.62613   1.1336e+01 |207 -0.13573   9.2187e+00
208 -0.08459   1.8856e+01 |209 -0.04717   1.8293e+01 |210  0.06431   2.3295e+01
211 -0.09805   2.0277e+01 |212 -0.04419   1.2230e+02 |213  0.03738   4.1467e+01
214 -0.00857  -5.2893e-09 |215 -0.66563   5.8468e+00 |216 -0.86604  -1.8644e+01
217  0.02993   1.2492e+01 |218 -0.14118  -1.0059e+01 |219 -0.25177  -1.2162e+01
220 -0.05311  -4.2025e+00 |221  0.04226  -3.4254e+00 |222 -0.00252  -8.6977e+00
223  0.01049  -1.9727e+00 |224 -0.03470  -3.8378e+00 |225 -0.04264  -9.7793e-01
226  0.08989  -3.3856e+00 |227  0.06185  -1.1889e+01 |228  0.20305  -1.2939e+00
229  0.09598  -4.9259e+00 |230  0.10494   1.5242e+00 |231  0.02855  -1.4307e+01
232  0.04294  -7.3763e+00 |233  0.06714  -4.3668e+00 |234  0.13554   9.0303e-01
235 -0.11189   4.9401e+00 |236 -0.11672  -1.1184e+00 |237  0.01476   4.1431e-02
238  0.02071  -9.7995e+00 |239 -0.11946  -4.0802e+00 |240 -0.15713  -1.2803e+00
241 -0.06500  -3.3262e+00 |242  0.03439   3.8104e+00 |243  0.03354  -5.7626e+00
244 -0.03712  -1.6837e+00 |245 -0.12724   5.3406e-01 |246 -0.24108  -5.0481e+00
247 -0.10871  -3.2671e+00 |248  0.00363   3.6526e-01 |249  0.05890  -1.6345e+00
250  0.09113  -3.5596e+00 |251  0.05925  -1.2241e-01 |252 -0.02200  -2.3867e+00
253  0.00982  -1.7004e+00 |254  0.11266  -4.0926e+00 |255  0.19725  -4.6106e+00
256  0.25733   3.2603e-01 |257 -0.15123  -5.9190e+00 |258  0.09579   6.0736e+00
259  0.14993   5.5708e+00 |260 -0.86849  -1.6656e+01 |261 -0.84367   1.2304e+01
262 -0.93472  -6.1281e-01 |263 -0.43744   2.9519e+01 |264 -0.01499   3.8174e+01
265 -0.28585   3.4400e+01 |266  0.65904   1.9487e+01 |267  0.06477   3.7987e+01
268 -0.33628   3.2980e+01 |269 -0.59747   2.2567e+01 |270  0.36648   3.2030e+01
271  0.21283   3.6071e+01 |272 -0.01733   3.8170e+01 |273  0.91397   5.1447e+00
274  0.39428   3.1092e+01 |275  0.16509   3.6908e+01 |276 -0.27415   3.4698e+01
277 -0.47393   2.8083e+01 |278  0.26760   3.4860e+01 |279  0.53037   2.5682e+01
280 -0.06339   3.7995e+01 |281  0.20106   3.6296e+01 |282 -0.19189   3.6463e+01
283  0.53490   2.5480e+01 |284  0.35356   3.2446e+01 |285 -0.09613   3.7750e+01
286  0.27263   3.4736e+01 |287  0.26859   3.4836e+01 |288 -0.85537   8.6003e+00
289 -0.18630   3.6561e+01 |290 -0.59713   2.2583e+01 |291 -0.54698   2.4936e+01
292 -0.06887   3.7961e+01 |293  0.40984   3.0541e+01 |294 -0.52385   2.5970e+01
295  0.01187   3.8178e+01 |296 -0.49633   2.7156e+01 |297 -0.40117   3.0851e+01
298  0.27501   3.4677e+01 |299 -0.16198   3.6955e+01 |300 -0.09443   3.7765e+01
301  0.37524   3.1741e+01 |302  0.42674   2.9922e+01 |303  0.47081  -7.1672e+00
304  0.13315   7.5012e+00 |305 -0.92214  -2.3402e+02 |306  0.24697   1.6945e+01
307 -0.87946  -1.0634e+02 |308 -0.51462  -5.8669e+00 |
19.7479 7.51024 68.7439 47.3187 
12.2099 12.2099 49.4752 49.693 
7.08505 9.25104 0 0.334509 11.6595 
0 2.44195 0 0 0.503576 25.4977 0 
19.7011 7.60293 68.7349 47.0316 
12.5092 12.5092 49.5308 49.7541 
7.03754 8.89176 0 0.343884 11.8923 
0 2.44499 0 0 0.50531 25.4282 0 
19.5868 7.58221 68.8154 47.0333 
12.3427 12.3427 49.4722 49.6718 
7.00707 9.03995 0 0.33156 12.0484 
0 2.39284 0 0 0.499887 25.4959 0 
19.556 7.49182 68.7845 47.0199 
12.5417 12.5417 49.4087 49.8127 
7.00972 8.96256 0 0.345272 12.0066 
0 2.33158 0 0 0.48838 25.3295 0 
19.3658 7.50289 68.8686 46.4856 
12.6876 12.6876 49.6525 49.735 
7.25698 8.93119 0 0.400064 11.9092 
0 2.26324 0 0 0.49283 25.2646 0 
19.4985 7.43174 68.7906 46.7697 
12.422 12.422 49.3296 49.7628 
7.27225 9.18465 0 0.352463 11.6366 
0 2.33081 0 0 0.485505 25.2023 0 
19.5021 7.43748 68.681 46.5807 
12.3357 12.3357 49.3427 49.7466 
7.31477 9.37498 0 0.355286 11.4381 
0 2.36435 0 0 0.481225 25.1171 0 
19.6573 7.49832 68.8271 46.4655 
12.4504 12.4504 49.4466 49.7379 
7.35001 8.9848 0 0.36927 11.343 
0 2.31733 0 0 0.47179 24.9422 0 
19.6123 7.63205 68.9251 46.5024 
12.4274 12.4274 49.2154 49.7697 
7.34661 9.1064 0 0.387035 11.3082 
0 2.25219 0 0 0.467861 24.8105 0 
19.5363 7.54862 68.8678 46.4376 
12.2672 12.2672 49.1071 49.7303 
7.28143 9.24276 0 0.434408 11.5741 
0 2.22744 0 0 0.469472 24.8078 0 
308 variables; iteration 240; function evaluation 265; phase 1
Function value   3.1751037e+02; maximum gradient component mag  -2.1826e+02
Var   Value    Gradient   |Var   Value    Gradient   |Var   Value    Gradient
  1  0.16202   2.6815e+00 |  2  0.19628   4.0084e+00 |  3  0.18904  -6.8005e+00
  4  0.20578   1.0515e+01 |  5  0.20048   3.0651e+00 |  6  0.19408  -8.9473e+00
  7  0.18265  -2.8406e+00 |  8  0.17640  -7.1879e+00 |  9  0.18020   1.2661e+01
 10  0.14753  -6.5022e+00 | 11  0.12607  -6.5267e+00 | 12  0.12101  -1.4366e+01
 13  0.10466   2.4722e+00 | 14  0.05222  -1.6185e+00 | 15  0.01852   7.9343e+00
 16 -1.94492  -2.5916e+00 | 17 -0.17375  -5.9065e-02 | 18 -0.10312   1.0459e+00
 19 -0.15133   8.1535e-03 | 20 -0.29757   9.0700e-03 | 21 -0.56268  -3.9043e-04
 22  0.11744   1.6544e+00 | 23 -0.16523   2.4065e-03 | 24 -0.00587  -6.0768e-01
 25  0.07460  -2.4887e+00 | 26  0.13368   4.3366e+00 | 27  0.15745   5.2240e+00
 28  0.15751   3.0658e+00 | 29  0.15013  -6.3843e-01 | 30  0.15034  -2.4201e+00
 31  0.15462   5.0886e-01 | 32  0.14504   4.0185e-01 | 33  0.09765  -2.5610e+01
 34 -2.09012   1.3469e+01 | 35  0.11836  -3.9866e+00 | 36  0.11363  -6.1402e+00
 37  0.08716   3.8019e+00 | 38  0.04778  -2.6101e+00 | 39  0.00169   1.3264e+00
 40 -1.94128   2.8523e+00 | 41 -0.09804   1.3220e-01 | 42 -0.16365  -1.4122e-01
 43 -0.03463  -5.6681e+00 | 44  0.02188   4.4415e+00 | 45 -0.07676  -3.2502e+00
 46 -0.16199  -3.7039e+00 | 47 -0.22356  -7.9367e+00 | 48 -0.13244  -3.0840e+00
 49 -0.07109   3.9884e-02 | 50 -0.01912   1.6384e+00 | 51 -0.02906  -3.6922e+00
 52  0.04965  -2.1908e+00 | 53  0.02733  -1.7055e+00 | 54  0.05896  -1.4116e+00
 55  0.07095  -4.7939e+00 | 56 -0.05518  -1.3541e+01 | 57 -0.05010  -1.5489e+01
 58  0.17513  -6.7865e+00 | 59  0.07458  -3.5596e+00 | 60 -0.11673  -5.6318e+00
 61 -0.10534  -7.4691e+00 | 62  0.04754  -5.2243e+00 | 63 -0.04782  -8.7130e+00
 64 -0.00090  -4.4622e+00 | 65 -0.04820  -6.1280e+00 | 66 -0.02013  -4.4541e+00
 67 -0.06884  -6.0210e+00 | 68 -0.02331  -2.9743e+00 | 69 -0.08387  -5.0301e+00
 70 -0.08332  -5.6754e+00 | 71  0.10371  -5.4072e-01 | 72  0.04642  -6.4029e+00
 73 -0.09747  -1.1722e+01 | 74 -0.04501  -8.9397e+00 | 75  0.13844  -2.7888e+00
 76  0.07672  -1.6798e+00 | 77  0.01426   5.2238e-01 | 78 -0.03207  -4.2304e-01
 79  0.09633   6.9839e-01 | 80  0.30024   8.1848e-01 | 81  0.46080  -5.4410e+00
 82 -0.12487  -5.0513e+00 | 83 -0.02057  -3.7837e+00 | 84  0.04380  -5.5422e+00
 85  0.03284   1.0660e+01 | 86  0.07066   5.3086e+00 | 87  0.21576   6.3341e+00
 88 -0.05808   6.9974e+00 | 89 -0.18852   6.4723e+00 | 90 -0.17970   3.6957e+00
 91 -0.05940   4.9893e+00 | 92 -0.01003   6.5542e+00 | 93  0.07219   9.4522e+00
 94  0.16704   8.1294e+00 | 95 -0.02330   4.1452e+00 | 96 -0.00796   6.2511e+00
 97  0.01269   6.8467e+00 | 98  0.05873   5.4781e+00 | 99  0.10430   6.1099e+00
100  0.13388   3.6104e+00 |101  0.06026  -4.3573e+00 |102 -0.08889   3.8361e+00
103 -0.08200   6.5403e+00 |104  0.02070   3.8284e+00 |105  0.06087   7.9927e+00
106 -0.04536   5.3575e+00 |107 -0.05027   6.2618e+00 |108  0.05257   2.8710e+00
109  0.11737   3.0296e+00 |110  0.06561   9.0322e-01 |111 -0.06253   1.3294e+00
112 -0.13630   5.0312e+00 |113 -0.10537   8.1390e+00 |114 -0.05741   4.3459e+00
115  0.12125   6.7077e+00 |116  0.04626   7.1336e+00 |117  0.10671   5.7889e+00
118  0.02290   3.1964e+00 |119 -0.02568   4.0273e+00 |120  0.03091   8.0553e+00
121  0.07894   6.9487e+00 |122  0.22459   2.9634e+01 |123 -0.80308   3.9136e+00
124  0.11253   8.1937e+00 |125 -0.00873   6.8604e+00 |126 -0.17365   5.6874e+00
127 -0.05071  -2.4073e+00 |128  0.02680  -2.4128e+00 |129  0.06321  -2.4031e+00
130  0.06670  -2.4017e+00 |131 -0.06108  -2.4038e+00 |132 -0.03207  -2.4119e+00
133  0.06060  -2.4040e+00 |134  0.03056  -2.4122e+00 |135  0.04373  -2.4093e+00
136 -0.02405  -2.4132e+00 |137  0.04492  -2.4089e+00 |138  0.03316  -2.4117e+00
139 -0.02345  -2.4133e+00 |140 -0.04792  -2.4081e+00 |141  0.05710  -2.4052e+00
142 -0.05187  -2.4069e+00 |143 -0.02477  -2.4131e+00 |144  0.01896  -2.4139e+00
145  0.01756  -2.4140e+00 |146  0.01340  -2.4144e+00 |147  0.03903  -2.4104e+00
148 -0.04345  -2.4093e+00 |149 -0.05202  -2.4069e+00 |150  0.04434  -2.4091e+00
151 -0.18030  -2.3187e+00 |152  0.02112  -2.4136e+00 |153  0.04368  -2.4093e+00
154  0.34822  -2.0626e+00 |155 -0.03913  -2.4104e+00 |156  0.06071  -2.4040e+00
157 -0.27575  -2.1919e+00 |158 -0.04422  -2.4091e+00 |159  0.04310  -2.4094e+00
160  0.04282  -2.4095e+00 |161  0.04489  -2.4089e+00 |162 -0.28122  -2.1831e+00
163 -0.04074  -2.4100e+00 |164 -0.02586  -2.4130e+00 |165  0.06302  -2.4031e+00
166  0.01783  -2.4140e+00 |167  0.01924  -2.4138e+00 |168  0.02609  -2.4129e+00
169  0.01756   3.4735e+01 |170  0.00738   1.0460e+01 |171  0.00300   1.9586e+00
172  0.02584   7.4928e+00 |173  0.07296   9.0545e+00 |174  0.03796   1.7453e+01
175  0.03792   9.2309e+00 |176  0.01215   5.0200e+00 |177  0.04379   2.4439e+01
178  0.10224   1.8014e+01 |179  0.12394   2.3523e+01 |180  0.10053  -1.2291e+01
181  0.05253   3.1121e+01 |182 -0.03465   2.0573e+01 |183 -0.04128   1.4816e+01
184 -0.00223   2.0221e+01 |185 -0.00309   1.5066e+01 |186 -0.02524   8.9845e+00
187 -0.05140   5.7677e+00 |188 -0.03184   1.3119e+01 |189  0.02214   2.5233e+01
190  0.02919   2.6817e+01 |191  0.01989  -6.5000e+00 |192  0.01608   2.6007e+00
193 -0.03049   1.2134e+01 |194 -0.07950   9.4426e+00 |195 -0.00414   7.3271e+00
196  0.05373   6.4105e+00 |197  0.01442   2.6943e+00 |198  0.00627   2.3857e+01
199 -0.00238   1.2418e+01 |200  0.01086   1.6460e+01 |201  0.03220   7.9987e+00
202  0.11951  -1.4363e+01 |203  0.11647   1.7969e+01 |204  0.09256   8.2445e+00
205 -0.03949   5.2719e+00 |206 -0.62218   6.0388e+00 |207 -0.12979   4.9766e+00
208 -0.08549   1.0502e+01 |209 -0.04617   1.0600e+01 |210  0.06538   1.6309e+01
211 -0.07790   1.0771e+01 |212 -0.04671   8.0169e+01 |213  0.03668   1.9848e+01
214 -0.00857  -5.2893e-09 |215 -0.66551   7.2814e+00 |216 -0.86774  -1.7182e+01
217  0.02746   6.5706e+00 |218 -0.14163  -4.7032e+00 |219 -0.24441  -4.7834e+00
220 -0.05735  -3.5677e+00 |221  0.04221  -1.7838e+00 |222  0.00994  -2.9842e-01
223  0.01142  -6.5624e-01 |224 -0.03363  -2.3587e-02 |225 -0.04556  -4.0547e+00
226  0.09163  -1.3754e+00 |227  0.07784  -2.2922e+00 |228  0.19929  -3.3107e-01
229  0.09318  -4.4754e+00 |230  0.10099   2.4507e-01 |231  0.04287  -4.4257e+00
232  0.04750  -3.9135e+00 |233  0.06599  -4.3081e+00 |234  0.13723   1.1010e+00
235 -0.11884   4.6537e+00 |236 -0.12606  -6.9203e-01 |237  0.00292   4.2998e+00
238  0.01234  -5.8660e+00 |239 -0.11797  -3.8874e+00 |240 -0.15638  -5.1721e+00
241 -0.06892  -6.9932e-01 |242  0.02184   1.5999e+00 |243  0.04348  -2.4851e+00
244 -0.03629   6.9778e-01 |245 -0.13632  -1.3449e+00 |246 -0.24657  -6.8454e+00
247 -0.10849  -1.6955e-01 |248  0.00453   1.2480e+00 |249  0.06961   2.4986e+00
250  0.08859  -3.8560e+00 |251  0.05684  -1.2816e+00 |252 -0.01876   1.6589e+00
253  0.00499  -1.3248e+00 |254  0.11746  -1.9567e+00 |255  0.20791   5.3219e-01
256  0.24615  -9.6917e-01 |257 -0.14490  -1.3951e+00 |258  0.09526  -2.6707e+00
259  0.14964  -2.6428e+00 |260 -0.86849  -6.1275e+00 |261 -0.84320   2.1267e+01
262 -0.94322  -5.4098e-01 |263 -0.40146   8.8148e+00 |264 -0.06663   1.0854e+01
265 -0.26723   9.9665e+00 |266  0.63931   5.8579e+00 |267  0.08076   1.0826e+01
268 -0.36878   9.1335e+00 |269 -0.60736   6.3125e+00 |270  0.37582   9.0668e+00
271  0.22594   1.0234e+01 |272 -0.04309   1.0889e+01 |273  0.87191   2.1812e+00
274  0.39757   8.8540e+00 |275  0.14210   1.0643e+01 |276 -0.25711   1.0036e+01
277 -0.45961   8.1911e+00 |278  0.28642   9.8279e+00 |279  0.53905   7.2297e+00
280 -0.04668   1.0885e+01 |281  0.22376   1.0247e+01 |282 -0.20959   1.0328e+01
283  0.51521   7.5308e+00 |284  0.31691   9.5894e+00 |285 -0.07085   1.0846e+01
286  0.25959   1.0019e+01 |287  0.24923   1.0088e+01 |288 -0.85410   2.4793e+00
289 -0.23717   1.0165e+01 |290 -0.62274   6.0956e+00 |291 -0.54026   7.2142e+00
292 -0.15981   1.0572e+01 |293  0.38926   8.9365e+00 |294 -0.47455   8.0196e+00
295  0.03758   1.0895e+01 |296 -0.40527   8.7761e+00 |297 -0.38365   8.9914e+00
298  0.30325   9.6990e+00 |299 -0.16027   1.0570e+01 |300 -0.13092   1.0684e+01
301  0.43261   8.4896e+00 |302  0.46333   8.1488e+00 |303  0.47033  -2.0858e+01
304  0.12793  -7.4677e-01 |305 -0.92065  -2.1826e+02 |306  0.24383   5.7360e+00
307 -0.87875  -9.2858e+01 |308 -0.51740  -1.7789e+01 |
19.4309 7.61277 68.8659 46.2825 
12.3004 12.3004 49.0788 49.7684 
7.1424 9.11638 0 0.415092 11.6166 
0 2.16691 0 0 0.472773 24.897 0 
19.5209 7.67794 68.8968 46.1621 
11.6929 11.6929 48.79 49.8969 
7.39492 9.41262 0 0.438413 11.8879 
0 2.32127 0 0 0.448694 24.7928 0 
19.4691 7.65256 68.8737 46.0957 
11.6954 11.6954 48.7271 49.8979 
7.4271 9.47271 0 0.44458 11.9193 
0 2.31695 0 0 0.449432 24.7891 0 
19.4327 7.59664 68.9069 46.0685 
11.6787 11.6787 48.7434 49.8779 
7.40387 9.43855 0 0.446402 12.0021 
0 2.27504 0 0 0.450668 24.7207 0 
19.4145 7.62509 68.7598 46.0564 
11.8638 11.8638 48.7486 49.8399 
7.26488 9.43339 0 0.461598 11.9255 
0 2.21068 0 0 0.448645 24.649 0 
19.2675 7.51328 69.0768 45.7729 
11.7441 11.7441 48.9935 49.7719 
7.21742 9.46499 0 0.527293 12.322 
0 2.10725 0 0 0.454446 24.5651 0 
19.233 7.47329 69.209 45.6689 
11.7228 11.7228 48.8814 49.8095 
7.14939 9.50776 0 0.528677 12.2771 
0 2.08798 0 0 0.451702 24.4998 0 
19.2445 7.50015 68.9191 45.7142 
11.8345 11.8345 48.8971 49.7693 
7.024 9.79699 0 0.549417 12.3412 
0 1.9599 0 0 0.453164 24.2655 0 
19.0482 7.31769 69.1644 45.3451 
12.1664 12.1664 48.808 49.7789 
7.08936 9.6585 0 0.593105 12.2119 
0 1.93203 0 0 0.465128 24.1485 0 
19.0429 7.02696 69.196 45.2821 
11.9667 11.9667 48.8191 49.8479 
7.11579 9.67405 0 0.63921 12.2248 
0 1.96517 0 0 0.467495 23.9891 0 
308 variables; iteration 250; function evaluation 275; phase 1
Function value   3.1538594e+02; maximum gradient component mag  -1.7319e+02
Var   Value    Gradient   |Var   Value    Gradient   |Var   Value    Gradient
  1  0.15742  -2.9982e-02 |  2  0.19242  -3.5132e+00 |  3  0.18592  -9.3615e+00
  4  0.20645   1.8660e+01 |  5  0.19740   4.0615e+00 |  6  0.19530   3.4427e-01
  7  0.17995  -6.5120e+00 |  8  0.17627  -4.8083e+00 |  9  0.17865   1.1435e+01
 10  0.14603  -8.7473e+00 | 11  0.12760  -2.8326e-01 | 12  0.12195  -8.9230e+00
 13  0.10566   5.9546e+00 | 14  0.05130  -3.7689e+00 | 15 -0.00334   1.7162e+00
 16 -1.93316  -1.6684e+00 | 17 -0.18304  -8.2102e-02 | 18 -0.11819   6.3476e-01
 19 -0.14228  -3.0302e-01 | 20 -0.34352   4.8097e-03 | 21 -0.65378  -3.0610e-04
 22  0.10060  -1.0010e+00 | 23 -0.16867   8.9270e-05 | 24  0.00783  -3.0627e-01
 25  0.08232  -1.5784e+00 | 26  0.13394   1.5304e+00 | 27  0.15930   3.3485e+00
 28  0.16095   3.6767e+00 | 29  0.15823   7.8010e+00 | 30  0.15356  -1.9228e+00
 31  0.15783  -4.2359e-01 | 32  0.15188   6.5589e+00 | 33  0.10629  -2.3032e+01
 34 -2.10143   7.9122e+00 | 35  0.12183  -5.9632e+00 | 36  0.11950  -1.4414e+00
 37  0.09168   8.5708e+00 | 38  0.05351   2.8443e+00 | 39  0.00465   7.3661e-01
 40 -1.93337   4.1109e+00 | 41 -0.07913   1.6773e+00 | 42 -0.15542  -2.0952e-02
 43 -0.04073  -2.5446e+00 | 44  0.00690   6.8812e+00 | 45 -0.06933   1.7992e+00
 46 -0.17252  -8.8228e-01 | 47 -0.19217  -1.3275e+00 | 48 -0.13976   1.3132e-01
 49 -0.07923   2.5926e+00 | 50 -0.04769   9.9672e-01 | 51 -0.01578  -5.2958e-01
 52  0.04405  -1.1315e+00 | 53  0.00743  -2.2535e+00 | 54  0.06165  -2.2594e+00
 55  0.06619  -5.4911e+00 | 56 -0.05330  -1.1137e+01 | 57 -0.02815  -1.1937e+01
 58  0.17312  -2.1287e+00 | 59  0.07029   5.6196e-01 | 60 -0.11207  -1.7698e+00
 61 -0.09367  -3.5182e+00 | 62  0.04873  -2.9743e+00 | 63 -0.05983  -6.4271e+00
 64 -0.01334  -2.9916e+00 | 65 -0.01884  -2.3527e+00 | 66 -0.02801  -4.1296e+00
 67 -0.04602  -3.2417e+00 | 68 -0.05833  -4.8946e+00 | 69 -0.05503  -1.6605e+00
 70 -0.08873  -4.1130e+00 | 71  0.10221   1.5563e+00 | 72  0.04979  -2.0963e+00
 73 -0.09492  -7.1306e+00 | 74 -0.03222  -2.1706e+00 | 75  0.14835   8.3234e+00
 76  0.07033   4.8982e+00 | 77  0.00306   4.9499e+00 | 78 -0.03106   3.5527e+00
 79  0.11037   4.2329e+00 | 80  0.30444   1.0359e+00 | 81  0.44687  -2.7576e+00
 82 -0.12930  -2.1113e+00 | 83 -0.02865  -1.0547e+00 | 84  0.05489  -1.4516e+00
 85  0.03214   8.0672e+00 | 86  0.07829   5.4883e+00 | 87  0.21073   5.6643e+00
 88 -0.04501   7.3891e+00 | 89 -0.19855   5.2193e+00 | 90 -0.18729   3.4765e+00
 91 -0.06843   5.2471e+00 | 92  0.00532   8.0848e+00 | 93  0.07101   9.2130e+00
 94  0.15507   5.2922e+00 | 95 -0.02594   2.9668e+00 | 96 -0.00382   5.1868e+00
 97  0.01352   5.4333e+00 | 98  0.05536   2.8238e+00 | 99  0.10360   3.9064e+00
100  0.12723   3.2859e+00 |101  0.05719  -3.4582e+00 |102 -0.10960   2.7722e+00
103 -0.10804   4.5661e+00 |104  0.02230   3.1365e+00 |105  0.07597   7.4500e+00
106 -0.04120   4.0053e+00 |107 -0.04882   5.2461e+00 |108  0.04089   1.1749e+00
109  0.12312   3.4153e+00 |110  0.08632   2.4127e+00 |111 -0.01614   1.5718e+00
112 -0.12888   3.7449e+00 |113 -0.13270   4.1582e+00 |114 -0.05868   2.0327e+00
115  0.08894   6.4330e-01 |116  0.04370   5.8257e+00 |117  0.11940   8.5250e+00
118  0.03545   5.4488e+00 |119 -0.01482   4.8091e+00 |120  0.03667   1.0350e+01
121  0.10413   1.1663e+01 |122  0.21241   2.3576e+01 |123 -0.82410   3.2567e+00
124  0.10492   5.1967e+00 |125 -0.01197   5.4274e+00 |126 -0.17608   4.6980e+00
127 -0.05317   4.7853e+00 |128  0.03415   4.7951e+00 |129  0.06135   4.7797e+00
130  0.06685   4.7756e+00 |131 -0.06922   4.7737e+00 |132 -0.03029   4.7966e+00
133  0.05748   4.7825e+00 |134  0.03870   4.7931e+00 |135  0.04942   4.7876e+00
136 -0.02071   4.7995e+00 |137  0.05016   4.7871e+00 |138  0.04010   4.7925e+00
139 -0.01911   4.7998e+00 |140 -0.04984   4.7873e+00 |141  0.06447   4.7774e+00
142 -0.05478   4.7842e+00 |143 -0.02156   4.7993e+00 |144  0.02646   4.7979e+00
145  0.02700   4.7977e+00 |146  0.02081   4.7994e+00 |147  0.04528   4.7899e+00
148 -0.04425   4.7904e+00 |149 -0.05492   4.7842e+00 |150  0.04981   4.7873e+00
151 -0.25053   4.4349e+00 |152  0.03069   4.7964e+00 |153  0.04908   4.7877e+00
154  0.36709   4.0256e+00 |155 -0.03891   4.7930e+00 |156  0.05734   4.7825e+00
157 -0.29558   4.2937e+00 |158 -0.04479   4.7901e+00 |159  0.04900   4.7878e+00
160  0.04881   4.7879e+00 |161  0.05014   4.7871e+00 |162 -0.32794   4.1788e+00
163 -0.04089   4.7921e+00 |164 -0.02285   4.7989e+00 |165  0.06896   4.7739e+00
166  0.02610   4.7980e+00 |167  0.02674   4.7978e+00 |168  0.03346   4.7954e+00
169  0.01704   6.1924e+01 |170  0.00446  -8.8096e+00 |171  0.00170  -1.0388e+01
172  0.02405  -6.3315e+00 |173  0.07108  -5.3869e+00 |174  0.03294  -8.4572e-01
175  0.03276  -6.7159e-01 |176  0.01252   5.0873e+00 |177  0.03745   1.2368e+01
178  0.09933   1.2628e+01 |179  0.11955   1.8076e+01 |180  0.10096  -6.2859e+00
181  0.05060   1.8878e+01 |182 -0.03531   1.2393e+01 |183 -0.04013   6.9943e+00
184 -0.00711   1.0435e+00 |185 -0.00477   5.1543e+00 |186 -0.02572   2.3915e+00
187 -0.04840   6.5006e+00 |188 -0.03025   1.2426e+01 |189  0.02219   1.8577e+01
190  0.02939   2.1668e+01 |191  0.02476  -1.3696e+00 |192  0.01851   1.1253e+01
193 -0.02725   1.2426e+01 |194 -0.07311   8.4055e+00 |195 -0.00435   2.8994e+00
196  0.05558   1.3369e+00 |197  0.01727  -1.6997e+00 |198  0.00760   1.4233e+01
199  0.00119   5.3654e+00 |200  0.01349   3.0380e+00 |201  0.03263  -3.0353e+00
202  0.11976  -2.1443e+01 |203  0.11464   1.9073e+00 |204  0.09459   6.0347e+00
205 -0.03076   2.8107e+00 |206 -0.62361   2.0499e+00 |207 -0.12817   5.0036e-01
208 -0.08618   4.8592e+00 |209 -0.04533   4.8249e+00 |210  0.06691   1.2450e+01
211 -0.08693   3.6883e+00 |212 -0.04988   4.2163e+01 |213  0.03858   3.1186e+01
214 -0.00857  -5.2893e-09 |215 -0.66370   1.8442e+00 |216 -0.86087  -1.1405e+01
217  0.02838   6.5588e+00 |218 -0.14929   1.3086e-02 |219 -0.24394  -1.2992e+00
220 -0.06386  -5.5931e+00 |221  0.04421   2.3464e+00 |222  0.01021   1.0858e+00
223  0.01311   1.4946e+00 |224 -0.03657  -2.2431e+00 |225 -0.04069  -1.5759e+00
226  0.09560   8.6108e-03 |227  0.08070   1.3031e-01 |228  0.19647   3.9397e-01
229  0.09387  -2.6013e+00 |230  0.10080   1.3267e+00 |231  0.04591  -3.3388e-01
232  0.05608   3.3633e+00 |233  0.07095   6.9978e-01 |234  0.13246   9.7676e-01
235 -0.12865   1.5204e+00 |236 -0.13830  -1.9345e+00 |237 -0.00862   3.0912e+00
238  0.01597  -3.7803e+00 |239 -0.10971   3.7568e-01 |240 -0.15565  -4.5874e+00
241 -0.07144   1.2372e+00 |242  0.02371   5.4908e+00 |243  0.05807   3.4734e+00
244 -0.01873   2.2949e+00 |245 -0.12148   3.1483e+00 |246 -0.24244  -3.0166e+00
247 -0.10770   1.9901e+00 |248 -0.01293  -1.5865e-01 |249  0.04172  -1.1352e-02
250  0.08348  -7.5932e-01 |251  0.05441  -3.2549e+00 |252 -0.01299   3.8576e+00
253  0.00607  -7.8383e-01 |254  0.12079  -4.8427e+00 |255  0.20615   5.9544e-01
256  0.25278   2.4846e+00 |257 -0.14328   8.7074e-01 |258  0.09550  -3.6184e+00
259  0.14924  -5.5446e+00 |260 -0.86820  -8.8943e-01 |261 -0.84349   1.5161e+01
262 -0.95568  -3.0910e-01 |263 -0.35337  -1.4899e+01 |264 -0.07831  -1.7398e+01
265 -0.26090  -1.6079e+01 |266  0.63319  -9.5513e+00 |267  0.07048  -1.7424e+01
268 -0.35783  -1.4834e+01 |269 -0.62504  -9.7388e+00 |270  0.35106  -1.4932e+01
271  0.19985  -1.6674e+01 |272 -0.05665  -1.7462e+01 |273  0.90581  -2.5843e+00
274  0.39686  -1.4233e+01 |275  0.14475  -1.7080e+01 |276 -0.21301  -1.6559e+01
277 -0.48574  -1.2671e+01 |278  0.31058  -1.5486e+01 |279  0.57785  -1.0791e+01
280 -0.03657  -1.7502e+01 |281  0.24130  -1.6287e+01 |282 -0.18928  -1.6762e+01
283  0.55350  -1.1312e+01 |284  0.30335  -1.5578e+01 |285 -0.10572  -1.7290e+01
286  0.20359  -1.6642e+01 |287  0.28790  -1.5769e+01 |288 -0.88432  -3.1680e+00
289 -0.21722  -1.6520e+01 |290 -0.63086  -9.6051e+00 |291 -0.56292  -1.1113e+01
292 -0.12730  -1.7182e+01 |293  0.37959  -1.4506e+01 |294 -0.42856  -1.3706e+01
295  0.07044  -1.7424e+01 |296 -0.46044  -1.3142e+01 |297 -0.40343  -1.4127e+01
298  0.31193  -1.5468e+01 |299 -0.19394  -1.6724e+01 |300 -0.15862  -1.6990e+01
301  0.44820  -1.3363e+01 |302  0.42257  -1.3809e+01 |303  0.47029  -1.8206e+01
304  0.12539   1.2225e+00 |305 -0.91880  -1.7319e+02 |306  0.24044  -2.7949e+00
307 -0.87825  -6.4398e+01 |308 -0.52020  -1.8500e+01 |
19.3035 6.81155 69.0592 45.3948 
12.2126 12.2126 48.9456 49.7014 
6.79369 9.59902 0 0.619934 12.4905 
0 1.91716 0 0 0.470323 23.8498 0 
19.2606 6.87568 69.0871 45.4159 
12.1848 12.1848 48.8451 49.7149 
6.76387 9.67046 0 0.61751 12.4548 
0 1.91332 0 0 0.476316 23.8431 0 
19.1802 6.93466 69.004 45.5025 
12.2563 12.2563 48.8692 49.7599 
6.81043 9.58071 0 0.643518 12.4365 
0 1.86577 0 0 0.475992 23.7643 0 
19.1589 6.96352 69.0336 45.5908 
12.394 12.394 48.7869 49.7862 
6.77537 9.51755 0 0.619695 12.2169 
0 1.90114 0 0 0.475276 23.7379 0 
19.062 6.94464 68.9136 45.5579 
12.4305 12.4305 48.747 49.7676 
6.81799 9.50516 0 0.626836 12.1149 
0 1.95907 0 0 0.47554 23.8542 0 
19.0965 7.07165 68.8853 45.5816 
12.3149 12.3149 48.7469 49.7711 
6.84222 9.42561 0 0.642955 12.1554 
0 1.96171 0 0 0.475023 23.7123 0 
19.1178 7.09906 68.6638 45.5857 
12.3535 12.3535 48.7498 49.7833 
6.89961 9.3951 0 0.707731 12.0528 
0 1.95018 0 0 0.470888 23.598 0 
19.1711 7.4651 68.4982 45.4251 
11.8819 11.8819 48.8254 49.672 
7.27346 9.5042 0 0.787714 11.7217 
0 2.14135 0 0 0.468216 23.3282 0 
19.1319 7.27233 68.5644 45.4983 
12.1227 12.1227 48.7794 49.7271 
7.05857 9.42823 0 0.745524 11.8936 
0 2.02712 0 0 0.469326 23.4673 0 
19.1481 7.31822 68.4565 45.415 
12.1255 12.1255 48.7752 49.7124 
7.03673 9.40732 0 0.742553 11.9441 
0 2.00571 0 0 0.461504 23.4404 0 
19.1576 7.27765 68.3571 45.2904 
12.0569 12.0569 48.7454 49.7286 
7.07958 9.31537 0 0.752799 12.1216 
0 2.01336 0 0 0.452081 23.3868 0 
308 variables; iteration 260; function evaluation 286; phase 1
Function value   3.1382018e+02; maximum gradient component mag  -1.7281e+02
Var   Value    Gradient   |Var   Value    Gradient   |Var   Value    Gradient
  1  0.15594  -2.4322e+00 |  2  0.18816  -1.0461e+01 |  3  0.18748  -1.4257e+01
  4  0.20161   8.7402e-01 |  5  0.19528  -2.3902e+00 |  6  0.19597   1.1282e+01
  7  0.17869  -1.7017e+00 |  8  0.17572   6.0931e-01 |  9  0.17633   1.2087e+01
 10  0.14656  -3.8793e+00 | 11  0.12461  -1.0088e+00 | 12  0.12326  -3.6646e+00
 13  0.10321   4.1513e+00 | 14  0.05152  -2.5885e+00 | 15 -0.00491   1.3779e+00
 16 -1.92810  -1.4435e+00 | 17 -0.18677  -1.2582e-01 | 18 -0.13309   4.5329e-01
 19 -0.15389   5.0090e-02 | 20 -0.36327  -1.7531e-03 | 21 -0.68710  -2.9476e-04
 22  0.09113  -1.8155e+00 | 23 -0.17031   1.5558e-05 | 24  0.00035  -4.8901e-01
 25  0.09110   1.0983e+00 | 26  0.12549  -4.9123e+00 | 27  0.15585  -7.0151e-01
 28  0.15816   1.3911e-01 | 29  0.15325   1.1868e+00 | 30  0.15290  -7.7212e-02
 31  0.15723   4.2313e-01 | 32  0.15222   8.4978e+00 | 33  0.10937  -2.0624e+01
 34 -2.10555   5.3257e+00 | 35  0.12280  -4.2035e+00 | 36  0.11962  -4.3390e+00
 37  0.09299   1.2192e+01 | 38  0.05049  -3.1320e+00 | 39  0.00628   8.9205e-01
 40 -1.94655   2.6012e+00 | 41 -0.09473   3.3449e-02 | 42 -0.16536  -2.3250e-01
 43 -0.04014  -4.3895e-01 | 44  0.00002   8.5891e+00 | 45 -0.07660   3.0167e+00
 46 -0.17102   7.3363e-01 | 47 -0.19289  -1.5830e-01 | 48 -0.15096   1.0820e-01
 49 -0.06972   4.7710e+00 | 50 -0.06343   1.1849e+00 | 51 -0.00486   2.9729e+00
 52  0.03157   1.6094e+00 | 53  0.00191   5.6135e-02 | 54  0.05195  -9.8230e-01
 55  0.06612  -3.8147e+00 | 56 -0.02389  -8.9632e+00 | 57 -0.02738  -1.0681e+01
 58  0.16799  -2.8048e+00 | 59  0.07327   1.5982e+00 | 60 -0.11338  -6.0012e-01
 61 -0.07773  -7.7395e-01 | 62  0.04198  -2.7567e-01 | 63 -0.05037  -2.6932e+00
 64 -0.01892  -1.1524e-01 | 65 -0.03882  -2.1762e+00 | 66 -0.02472  -3.0422e+00
 67 -0.05240  -2.6406e+00 | 68 -0.04229  -3.2315e+00 | 69 -0.08435  -3.6367e+00
 70 -0.07734  -3.3463e+00 | 71  0.10192  -1.2291e+00 | 72  0.03993  -4.5249e+00
 73 -0.07021  -6.0603e+00 | 74 -0.02922  -2.6344e+00 | 75  0.14153   2.3084e+00
 76  0.08383   2.4393e+00 | 77  0.00622   3.9271e+00 | 78 -0.03878   2.7656e+00
 79  0.10412   2.4393e+00 | 80  0.30526  -3.3295e+00 | 81  0.48676  -1.5452e+00
 82 -0.14398  -2.0139e+00 | 83 -0.04138  -5.5484e-01 | 84  0.07132   6.7468e-01
 85  0.02674   8.4883e+00 | 86  0.07074   2.8627e+00 | 87  0.21015   2.8369e+00
 88 -0.06297   7.1653e+00 | 89 -0.21002   5.5137e+00 | 90 -0.18574   3.8220e+00
 91 -0.03366   7.8724e+00 | 92 -0.02771   5.3520e+00 | 93  0.06758   8.5438e+00
 94  0.15340   4.9795e+00 | 95  0.00024   5.3046e+00 | 96  0.00147   6.2135e+00
 97  0.01978   6.3591e+00 | 98  0.04299   1.3998e+00 | 99  0.10810   3.0084e+00
100  0.11367   2.2368e+00 |101  0.07477  -1.7238e+00 |102 -0.09099   3.7894e+00
103 -0.11782   3.8087e+00 |104  0.02677   3.1505e+00 |105  0.06038   5.8422e+00
106 -0.04689   4.5690e+00 |107 -0.03931   6.5509e+00 |108  0.04454   3.2126e+00
109  0.11988   6.0899e+00 |110  0.08605   4.4726e+00 |111  0.03289   5.0456e+00
112 -0.13065   3.7664e+00 |113 -0.15575   3.0178e+00 |114 -0.04685   3.1220e+00
115  0.09039   6.6071e-02 |116  0.05133   5.2467e+00 |117  0.11663   4.6236e+00
118  0.01967   2.5397e+00 |119 -0.03225   4.0949e+00 |120  0.02664   9.1080e+00
121  0.11700   9.8793e+00 |122  0.20441   1.5235e+01 |123 -0.84747   2.8789e+00
124  0.11268   5.4868e+00 |125 -0.02681   4.7220e+00 |126 -0.15946   5.7372e+00
127 -0.06206   2.9584e+00 |128  0.02987   2.9692e+00 |129  0.05837   2.9600e+00
130  0.06482   2.9571e+00 |131 -0.08078   2.9486e+00 |132 -0.03945   2.9668e+00
133  0.05388   2.9619e+00 |134  0.03494   2.9680e+00 |135  0.04635   2.9646e+00
136 -0.02954   2.9693e+00 |137  0.04705   2.9644e+00 |138  0.03631   2.9677e+00
139 -0.02769   2.9697e+00 |140 -0.05887   2.9598e+00 |141  0.06391   2.9575e+00
142 -0.06358   2.9577e+00 |143 -0.03043   2.9691e+00 |144  0.02147   2.9708e+00
145  0.02284   2.9706e+00 |146  0.01528   2.9716e+00 |147  0.04184   2.9661e+00
148 -0.05344   2.9620e+00 |149 -0.06372   2.9576e+00 |150  0.04672   2.9645e+00
151 -0.15988   2.8793e+00 |152  0.02696   2.9698e+00 |153  0.04582   2.9648e+00
154  0.24230   2.7598e+00 |155 -0.04815   2.9640e+00 |156  0.05370   2.9619e+00
157 -0.18857   2.8431e+00 |158 -0.05394   2.9618e+00 |159  0.04594   2.9648e+00
160  0.04575   2.9648e+00 |161  0.04703   2.9644e+00 |162 -0.18382   2.8494e+00
163 -0.05012   2.9633e+00 |164 -0.03177   2.9688e+00 |165  0.06848   2.9553e+00
166  0.02082   2.9709e+00 |167  0.02178   2.9708e+00 |168  0.02912   2.9694e+00
169  0.01617   1.1604e+02 |170  0.00353  -2.3891e+01 |171  0.00356  -1.2555e+01
172  0.02487  -9.9173e+00 |173  0.07215  -1.0899e+01 |174  0.03380  -9.0706e+00
175  0.03219  -1.5016e+01 |176  0.01108  -9.9748e+00 |177  0.03510  -2.4846e+00
178  0.09716  -4.3599e+00 |179  0.11774   3.5138e+00 |180  0.10175  -1.2892e+01
181  0.05300   1.0362e+01 |182 -0.03548   2.3802e+00 |183 -0.03513   4.5641e+00
184 -0.00775  -3.5682e+00 |185 -0.00438  -6.3060e+00 |186 -0.02533  -1.1951e+01
187 -0.04740  -4.3474e+00 |188 -0.03239  -2.9307e+00 |189  0.02214  -1.7791e+00
190  0.02795   2.5051e+00 |191  0.02842   8.3713e+00 |192  0.01969   1.1859e+01
193 -0.02558  -2.6555e-02 |194 -0.07300  -2.5785e+00 |195 -0.00149   2.7357e-01
196  0.05623  -1.9807e+00 |197  0.01750  -6.2498e+00 |198  0.00826   1.1324e+01
199  0.00237  -2.2755e+00 |200  0.01363  -5.7413e+00 |201  0.03275  -6.3416e+00
202  0.12116  -1.5410e+01 |203  0.11577   1.0311e+00 |204  0.09117  -1.1814e+01
205 -0.03325  -7.1552e+00 |206 -0.62109  -3.1442e+00 |207 -0.12562  -5.8937e+00
208 -0.08708  -3.1355e+00 |209 -0.04401  -2.0479e+00 |210  0.06301  -5.6959e+00
211 -0.10063  -5.4938e+00 |212 -0.05142  -1.0972e+00 |213  0.03828   6.2013e+00
214 -0.00857  -5.2893e-09 |215 -0.66314  -9.3299e-01 |216 -0.85739  -5.4537e+00
217  0.02794  -7.7420e+00 |218 -0.15529  -3.4333e+00 |219 -0.24323   1.3799e+00
220 -0.05749   1.1199e+00 |221  0.04458   4.7971e+00 |222  0.00562   1.0553e+00
223  0.00490  -3.2948e+00 |224 -0.03729  -5.2882e+00 |225 -0.04309  -1.8198e+00
226  0.08927  -1.3325e+00 |227  0.07618   6.6819e-01 |228  0.19982   1.7352e+00
229  0.10358   4.9332e-02 |230  0.10721   1.5069e+00 |231  0.04523  -3.9111e-01
232  0.05962   4.9067e+00 |233  0.07405   4.2416e+00 |234  0.12643   1.2572e-01
235 -0.12789  -5.4205e-01 |236 -0.13159   1.6961e+00 |237 -0.00952   2.3645e-01
238  0.02030   1.1052e+00 |239 -0.11581  -1.5422e+00 |240 -0.15357  -1.8696e+00
241 -0.07143   6.0601e-01 |242  0.01808   3.2192e+00 |243  0.05144   1.9218e+00
244 -0.01033   2.8301e+00 |245 -0.11686   1.7643e+00 |246 -0.23876   1.7005e+00
247 -0.10928   1.2684e+00 |248 -0.01379  -6.1249e-01 |249  0.04434   1.2439e+00
250  0.08710  -3.9898e-01 |251  0.05823   1.2509e+00 |252 -0.01705   6.3055e+00
253 -0.00287  -9.2138e-01 |254  0.12761  -2.2072e+00 |255  0.20721   2.4046e+00
256  0.24421   2.4188e+00 |257 -0.14167   1.9942e+00 |258  0.09568   3.7272e+01
259  0.14928   7.6009e-01 |260 -0.86828  -1.2668e+01 |261 -0.84404   2.0645e+00
262 -0.95762  -8.5002e-01 |263 -0.33017   5.1851e+01 |264 -0.06240   5.9415e+01
265 -0.25910   5.4825e+01 |266  0.61133   3.4227e+01 |267  0.05815   5.9453e+01
268 -0.31206   5.2672e+01 |269 -0.56312   3.7830e+01 |270  0.31988   5.2323e+01
271  0.20336   5.6682e+01 |272 -0.08312   5.9194e+01 |273  0.88197   1.1006e+01
274  0.42084   4.7126e+01 |275  0.13677   5.8330e+01 |276 -0.26841   5.4474e+01
277 -0.52366   4.0618e+01 |278  0.29357   5.3466e+01 |279  0.53690   3.9699e+01
280 -0.06682   5.9373e+01 |281  0.27409   5.4254e+01 |282 -0.17507   5.7459e+01
283  0.49468   4.2567e+01 |284  0.35773   5.0522e+01 |285 -0.14979   5.8057e+01
286  0.19234   5.6998e+01 |287  0.35122   5.0845e+01 |288 -0.86086   1.2945e+01
289 -0.21747   5.6252e+01 |290 -0.62775   3.2954e+01 |291 -0.58407   3.6290e+01
292 -0.10101   5.8952e+01 |293  0.40965   4.7762e+01 |294 -0.40484   4.8032e+01
295  0.05530   5.9477e+01 |296 -0.42223   4.7045e+01 |297 -0.41098   4.7688e+01
298  0.33213   5.1760e+01 |299 -0.20249   5.6707e+01 |300 -0.16717   5.7655e+01
301  0.44948   4.5430e+01 |302  0.39638   4.8499e+01 |303  0.47047   2.3949e+01
304  0.11671  -1.7870e+00 |305 -0.91766  -1.7281e+02 |306  0.24461  -3.3256e+00
307 -0.87872  -3.2303e+01 |308 -0.51913   2.6021e+00 |
19.2196 7.43104 68.3921 44.9938 
11.8034 11.8034 48.672 49.8863 
7.21642 9.22536 0 0.739267 12.2424 
0 2.1377 0 0 0.453522 23.3756 0 
19.2562 7.44035 68.3271 44.9577 
11.86 11.86 48.6424 49.891 
7.14193 9.17696 0 0.744071 12.2081 
0 2.12539 0 0 0.44926 23.3324 0 
19.4029 7.62518 68.2982 44.9311 
11.7959 11.7959 48.7964 49.8328 
7.02397 9.14 0 0.750094 11.928 
0 2.15209 0 0 0.446932 23.0071 0 
19.3499 7.48458 68.6012 44.7713 
11.6042 11.6042 48.9301 49.7794 
6.97526 9.40483 0 0.780233 11.551 
0 2.19023 0 0 0.446218 22.677 0 
19.3899 7.41627 68.6697 44.8203 
11.566 11.566 48.9056 49.7527 
6.93264 9.42319 0 0.77907 11.5738 
0 2.16486 0 0 0.445255 22.6371 0 
19.3889 7.52138 68.64 44.8391 
11.5184 11.5184 48.9113 49.708 
6.83524 9.39378 0 0.811028 11.7174 
0 2.13221 0 0 0.440226 22.551 0 
19.2972 7.29939 68.8274 44.7538 
11.5661 11.5661 48.682 49.7472 
6.97473 9.39997 0 0.905051 11.9712 
0 2.1768 0 0 0.434703 22.4593 0 
19.3161 7.30757 68.8345 44.7678 
11.5633 11.5633 48.6756 49.7466 
6.95458 9.38267 0 0.901879 11.9626 
0 2.16456 0 0 0.435048 22.4335 0 
19.5349 7.39 68.9517 44.9188 
11.5483 11.5483 48.6267 49.7437 
6.8008 9.23423 0 0.870466 11.877 
0 2.07734 0 0 0.438643 22.1777 0 
19.678 6.99327 68.9749 45.0199 
11.3909 11.3909 49.037 49.745 
6.78209 9.17336 0 0.913389 12.103 
0 2.19336 0 0 0.42782 22.1292 0 
19.5763 7.23343 68.939 44.9733 
11.4497 11.4497 48.7942 49.7412 
6.76768 9.20117 0 0.888884 11.9744 
0 2.0803 0 0 0.433714 22.1566 0 
19.4297 7.22305 68.7718 45.0525 
11.7516 11.7516 48.8817 49.6816 
6.79275 9.19447 0 0.954092 12.0593 
0 2.0632 0 0 0.435332 21.9404 0 
308 variables; iteration 270; function evaluation 298; phase 1
Function value   3.1226850e+02; maximum gradient component mag  -1.1497e+02
Var   Value    Gradient   |Var   Value    Gradient   |Var   Value    Gradient
  1  0.14690  -2.5664e+00 |  2  0.18579  -1.1395e+01 |  3  0.18744  -1.3232e+01
  4  0.19991  -1.0606e+00 |  5  0.19381  -3.3495e+00 |  6  0.19620   1.8834e+01
  7  0.17724  -6.1231e-01 |  8  0.17528   3.3221e+00 |  9  0.17337   7.8269e+00
 10  0.14527  -4.5366e+00 | 11  0.12632   3.7925e+00 | 12  0.12459  -1.2056e-01
 13  0.10078   1.4348e+00 | 14  0.05197  -1.7442e+00 | 15 -0.00702   8.8039e-01
 16 -1.91691  -6.8211e-01 | 17 -0.19555  -1.4662e-01 | 18 -0.15665   2.0865e-01
 19 -0.14869   4.6566e-01 | 20 -0.41996  -3.0553e-03 | 21 -0.62339  -3.5819e-04
 22  0.07935  -2.7068e+00 | 23 -0.17214  -7.6431e-05 | 24  0.02948   7.5182e-01
 25  0.09256   1.7096e+00 | 26  0.12579  -4.2962e+00 | 27  0.15322  -5.3767e+00
 28  0.15832   9.6173e-02 | 29  0.15142  -2.5657e+00 | 30  0.15300  -3.4925e-01
 31  0.15591  -4.0344e+00 | 32  0.15305   8.4483e+00 | 33  0.11727  -1.5252e+01
 34 -2.11702  -5.3262e+00 | 35  0.12541  -1.6676e+00 | 36  0.12045  -5.5842e+00
 37  0.09235   5.5936e+00 | 38  0.05324  -7.9301e-01 | 39  0.00693  -4.9500e-01
 40 -1.96595  -1.6949e+00 | 41 -0.08074   1.3417e+00 | 42 -0.16493  -2.4650e-01
 43 -0.03537  -1.8054e+00 | 44 -0.01406   4.6769e+00 | 45 -0.07925   8.4020e-01
 46 -0.16195   2.6646e-01 | 47 -0.19322  -1.4476e+00 | 48 -0.14848  -9.2688e-01
 49 -0.08459   1.2789e+00 | 50 -0.06076  -8.8085e-01 | 51 -0.02919  -1.5011e+00
 52  0.02161  -7.7958e-01 | 53 -0.00691  -3.1292e-01 | 54  0.04068   1.3760e+00
 55  0.06744   1.9646e+00 | 56 -0.00689  -4.7435e+00 | 57  0.00739  -6.6227e+00
 58  0.15769   2.8551e+00 | 59  0.06989   2.0089e+00 | 60 -0.09866  -3.8923e-01
 61 -0.06620  -1.3123e+00 | 62  0.03939  -1.9990e+00 | 63 -0.05740  -3.2275e+00
 64 -0.04506  -1.0316e+00 | 65 -0.04238  -2.0184e+00 | 66 -0.03247  -3.2193e+00
 67 -0.05369  -2.4130e+00 | 68 -0.03667  -2.8317e+00 | 69 -0.06423  -2.7581e+00
 70 -0.06059  -2.4146e+00 | 71  0.09738   1.1188e-01 | 72  0.02440  -4.2827e+00
 73 -0.02631  -4.3557e+00 | 74 -0.06052  -5.5437e+00 | 75  0.13414  -4.9036e-01
 76  0.09633   1.1929e+00 | 77  0.00058   2.4291e+00 | 78 -0.04644   1.7842e+00
 79  0.10203   3.1915e+00 | 80  0.30688  -8.0967e-01 | 81  0.54923  -2.0142e+00
 82 -0.14251  -2.8350e+00 | 83 -0.06150  -2.8783e+00 | 84  0.07058  -2.7129e-01
 85  0.01890  -3.6109e-01 | 86  0.08013  -5.6596e+00 | 87  0.20858  -6.9367e+00
 88 -0.10275  -3.2517e+00 | 89 -0.21811  -3.0700e+00 | 90 -0.12337  -1.8994e-01
 91 -0.05036  -2.2803e+00 | 92 -0.05312  -4.0554e+00 | 93  0.06133  -9.1265e-01
 94  0.15590  -4.0771e+00 | 95  0.00378  -3.3334e+00 | 96  0.01944  -1.0604e+00
 97  0.01980  -1.5350e+00 | 98  0.05944  -4.0900e+00 | 99  0.10714  -5.9570e-01
100  0.09789  -2.8629e+00 |101  0.08742  -4.9985e+00 |102 -0.07285  -1.9603e+00
103 -0.11482  -3.7429e+00 |104  0.05354  -2.9547e+00 |105  0.02002  -4.3818e+00
106 -0.04314  -2.5062e+00 |107 -0.05778  -2.6924e+00 |108  0.06440  -2.7157e+00
109  0.12067  -1.4975e-01 |110  0.08151  -1.4733e+00 |111  0.03533  -1.0928e+00
112 -0.13346  -4.2021e+00 |113 -0.14754  -4.0262e+00 |114 -0.04471  -3.6268e+00
115  0.10000  -4.5911e+00 |116  0.05393  -1.7659e+00 |117  0.10061  -5.2836e+00
118  0.01255  -6.1122e+00 |119 -0.03292  -3.7505e+00 |120 -0.00773  -2.5231e+00
121  0.13687   2.5344e+00 |122  0.19203   3.5377e+00 |123 -0.85883   8.6963e-01
124  0.11377  -1.4019e+00 |125 -0.00555  -1.9011e+00 |126 -0.17916  -3.1011e+00
127 -0.05456   3.4529e+00 |128  0.03414   3.4607e+00 |129  0.06668   3.4467e+00
130  0.08261   3.4365e+00 |131 -0.07448   3.4420e+00 |132 -0.03953   3.4590e+00
133  0.05603   3.4523e+00 |134  0.03609   3.4601e+00 |135  0.05899   3.4508e+00
136 -0.03199   3.4613e+00 |137  0.06049   3.4500e+00 |138  0.04393   3.4574e+00
139 -0.03165   3.4614e+00 |140 -0.05239   3.4539e+00 |141  0.09154   3.4299e+00
142 -0.05528   3.4526e+00 |143 -0.03270   3.4611e+00 |144  0.02216   3.4636e+00
145  0.02242   3.4635e+00 |146  0.01393   3.4648e+00 |147  0.05266   3.4538e+00
148 -0.04900   3.4554e+00 |149 -0.05542   3.4525e+00 |150  0.05978   3.4504e+00
151 -0.12591   3.3981e+00 |152  0.02831   3.4622e+00 |153  0.05898   3.4508e+00
154 -0.02157   3.4637e+00 |155 -0.04556   3.4568e+00 |156  0.05406   3.4532e+00
157 -0.15251   3.3667e+00 |158 -0.04989   3.4550e+00 |159  0.05811   3.4512e+00
160  0.05772   3.4514e+00 |161  0.06044   3.4501e+00 |162 -0.23233   3.2374e+00
163 -0.04686   3.4563e+00 |164 -0.03376   3.4608e+00 |165  0.09944   3.4235e+00
166  0.01289   3.4650e+00 |167  0.02258   3.4635e+00 |168  0.03304   3.4610e+00
169  0.01449  -2.6536e+01 |170  0.00427  -1.9858e+01 |171  0.00584  -3.4833e+00
172  0.02495  -9.4105e+00 |173  0.07371  -8.9377e+00 |174  0.03331  -9.1273e+00
175  0.03213  -8.1709e+00 |176  0.01313  -8.3905e-01 |177  0.03300   4.2161e-01
178  0.09595  -7.8247e+00 |179  0.11789  -8.9717e+00 |180  0.10335  -2.7196e+01
181  0.05706  -8.2305e-01 |182 -0.03454  -4.7277e+00 |183 -0.03371  -6.4576e-01
184 -0.00670  -7.8653e-01 |185 -0.00437  -4.6183e-01 |186 -0.02217  -5.6298e+00
187 -0.04670  -3.2873e+00 |188 -0.03132  -5.9661e-01 |189  0.02075  -1.1757e+01
190  0.02586  -1.3942e+01 |191  0.03150   1.4912e+01 |192  0.02319   2.0769e+01
193 -0.02395  -5.3985e+00 |194 -0.07189  -3.3094e+00 |195  0.00284   3.8364e+00
196  0.05618  -1.0714e+01 |197  0.01767  -6.2999e+00 |198  0.00536   3.3892e+00
199  0.00191  -6.0522e+00 |200  0.01269  -3.5491e+00 |201  0.02968  -3.1079e+00
202  0.12289  -7.8087e+00 |203  0.11696  -1.7147e-01 |204  0.08996  -1.8916e+01
205 -0.03155  -5.4050e+00 |206 -0.63267  -2.3349e+00 |207 -0.12248  -1.7036e+00
208 -0.08767  -1.3047e+00 |209 -0.04203   1.3770e+00 |210  0.06206  -6.5870e+00
211 -0.12144  -4.1662e+00 |212 -0.05388   2.2151e+01 |213  0.03810   2.1912e+01
214 -0.00857  -5.2893e-09 |215 -0.65832   3.9159e-01 |216 -0.84939  -6.1060e-01
217  0.02676  -1.0696e+01 |218 -0.16111  -2.5506e+00 |219 -0.24026   3.7413e+00
220 -0.05027   5.0054e+00 |221  0.04322   7.0679e+00 |222 -0.00032   1.7029e+00
223  0.00709  -3.2311e+00 |224 -0.03014  -1.1124e+00 |225 -0.04582  -1.4476e+00
226  0.08499  -1.3740e+00 |227  0.07385   1.5641e+00 |228  0.19723   2.3696e+00
229  0.10776   2.1347e+00 |230  0.10879   2.8128e+00 |231  0.05047   2.8752e+00
232  0.06190   4.2521e+00 |233  0.07072   3.1640e+00 |234  0.12333   1.2173e+00
235 -0.12411  -4.4090e-01 |236 -0.12497   2.5657e+00 |237  0.00327  -4.4050e-01
238  0.02842   4.2312e+00 |239 -0.11951  -7.6191e-01 |240 -0.15711   7.0217e-01
241 -0.07579  -1.0332e+00 |242  0.01900   3.4909e+00 |243  0.04575  -2.1652e-01
244 -0.01755   7.7708e-02 |245 -0.12126  -1.5443e-02 |246 -0.23254   6.5702e+00
247 -0.10619   2.4855e+00 |248 -0.00631   8.8083e-01 |249  0.05334   1.2184e+00
250  0.09274   1.7865e+00 |251  0.05569   3.0601e+00 |252 -0.02178   3.9575e+00
253 -0.00693   2.4298e+00 |254  0.13556   9.6032e-01 |255  0.19942   4.0606e-01
256  0.22207  -1.1436e+00 |257 -0.14482   1.8469e+00 |258  0.09518   3.3990e+01
259  0.14918   2.3410e+00 |260 -0.86830  -3.9557e+00 |261 -0.84443  -3.0488e+00
262 -0.97770  -5.1950e-01 |263 -0.27013  -7.4450e+01 |264 -0.03192  -8.1592e+01
265 -0.26361  -7.4791e+01 |266  0.57965  -5.0107e+01 |267  0.03848  -8.1546e+01
268 -0.26605  -7.4665e+01 |269 -0.50132  -5.7647e+01 |270  0.30238  -7.2652e+01
271  0.15873  -7.9169e+01 |272 -0.12512  -8.0122e+01 |273  0.88641  -1.4500e+01
274  0.46139  -6.1162e+01 |275  0.10740  -8.0535e+01 |276 -0.32047  -7.1561e+01
277 -0.62901  -4.4959e+01 |278  0.28678  -7.3545e+01 |279  0.49877  -5.7879e+01
280 -0.08619  -8.0948e+01 |281  0.34529  -6.9970e+01 |282 -0.14618  -7.9551e+01
283  0.41435  -6.4994e+01 |284  0.42932  -6.3812e+01 |285 -0.27704  -7.4081e+01
286  0.10922  -8.0496e+01 |287  0.50924  -5.6922e+01 |288 -0.85032  -1.9031e+01
289 -0.24617  -7.5663e+01 |290 -0.61476  -4.6474e+01 |291 -0.63973  -4.3804e+01
292  0.03335  -8.1583e+01 |293  0.47474  -6.0014e+01 |294 -0.34282  -7.0133e+01
295  0.05159  -8.1427e+01 |296 -0.39695  -6.6322e+01 |297 -0.44660  -6.2404e+01
298  0.39607  -6.6388e+01 |299 -0.21971  -7.6878e+01 |300 -0.21149  -7.7228e+01
301  0.43912  -6.3019e+01 |302  0.34785  -6.9800e+01 |303  0.47032   3.0073e+01
304  0.10904   5.4416e+00 |305 -0.91501  -1.1497e+02 |306  0.24811   9.3316e-01
307 -0.87887  -1.2051e+01 |308 -0.52190   3.9641e+00 |
19.4456 7.24593 68.7662 45.0474 
11.7241 11.7241 48.8619 49.6908 
6.76706 9.19439 0 0.948524 12.0517 
0 2.05527 0 0 0.435281 21.9445 0 
19.4417 7.25077 68.7504 45.0357 
11.6584 11.6584 48.8729 49.6827 
6.75136 9.21916 0 0.945974 12.0634 
0 2.03353 0 0 0.434521 21.9616 0 
19.4423 7.2517 68.7007 45.0179 
11.6229 11.6229 48.9095 49.668 
6.74292 9.22252 0 0.94751 12.0165 
0 2.02065 0 0 0.435633 21.9577 0 
19.3354 7.20417 68.7642 45.0348 
11.5371 11.5371 48.9764 49.5995 
6.68428 9.28253 0 0.920411 12.0943 
0 2.0257 0 0 0.438525 21.9626 0 
19.3844 7.43568 68.8223 44.9205 
11.3733 11.3733 48.9145 49.6758 
6.62496 9.17632 0 0.909836 12.0535 
0 1.96379 0 0 0.432799 21.9743 0 
19.6992 7.39855 68.9823 44.685 
11.1117 11.1117 48.7486 49.7898 
6.35448 9.46938 0 0.908928 11.2866 
0 2.20488 0 0 0.444844 21.8238 0 
19.4548 7.42709 68.8458 44.8637 
11.3089 11.3089 48.867 49.7051 
6.53274 9.23451 0 0.909589 11.8422 
0 1.99085 0 0 0.435867 21.932 0 
19.428 7.48345 68.8818 44.804 
11.2831 11.2831 48.854 49.7082 
6.52476 9.24471 0 0.905816 11.8187 
0 1.9954 0 0 0.433926 21.9207 0 
19.4576 7.48942 68.9689 44.7686 
11.307 11.307 48.8464 49.7088 
6.52227 9.27803 0 0.897711 11.8985 
0 1.98952 0 0 0.436119 21.8895 0 
19.4396 7.69275 68.931 44.704 
11.0839 11.0839 48.7834 49.7108 
6.49716 9.38979 0 0.922312 11.8891 
0 2.00374 0 0 0.434271 21.8421 0 
19.4134 7.50366 69.0823 44.5974 
11.0674 11.0674 48.8774 49.7406 
6.51701 9.37073 0 0.931836 11.7423 
0 2.06251 0 0 0.432031 21.6498 0 
308 variables; iteration 280; function evaluation 309; phase 1
Function value   3.1115219e+02; maximum gradient component mag  -1.1292e+02
Var   Value    Gradient   |Var   Value    Gradient   |Var   Value    Gradient
  1  0.14039  -1.1821e+00 |  2  0.18991  -2.8985e+00 |  3  0.18713  -8.5305e+00
  4  0.19963  -1.8396e+00 |  5  0.19472  -3.7968e+00 |  6  0.19655   1.5634e+01
  7  0.17704  -4.3630e+00 |  8  0.17625   2.3212e+00 |  9  0.17343   6.1885e+00
 10  0.14812  -8.1405e-01 | 11  0.12756   4.0378e+00 | 12  0.12595  -3.4522e-01
 13  0.10202   2.9691e+00 | 14  0.05370  -1.1944e+00 | 15 -0.00526   1.1495e+00
 16 -1.91072  -3.2710e-01 | 17 -0.20334  -1.7251e-01 | 18 -0.17346   1.5252e-01
 19 -0.18073   1.6352e-01 | 20 -0.45732  -4.7851e-03 | 21 -0.63253  -3.1633e-04
 22  0.09798  -8.9017e-01 | 23 -0.17225  -4.0692e-04 | 24  0.01691   6.7892e-02
 25  0.09380   2.0745e+00 | 26  0.12793  -2.7731e+00 | 27  0.15656  -4.3354e-02
 28  0.15823  -9.7249e-01 | 29  0.15235  -1.7421e+00 | 30  0.15372  -1.9522e-01
 31  0.15860   1.8752e-01 | 32  0.15185   4.2442e+00 | 33  0.12324  -9.8703e+00
 34 -2.12030  -9.0055e+00 | 35  0.12512  -2.5090e+00 | 36  0.12138  -1.0804e+00
 37  0.09082   2.8561e-01 | 38  0.05260  -1.5286e+00 | 39  0.00952   1.3737e+00
 40 -1.96309  -5.4938e-01 | 41 -0.10625  -8.9818e-01 | 42 -0.15237   2.1105e-02
 43 -0.02571  -2.7329e+00 | 44 -0.02270   2.0847e+00 | 45 -0.07934  -7.1253e-01
 46 -0.17704  -2.6327e+00 | 47 -0.18256  -1.8657e+00 | 48 -0.14822  -2.5771e+00
 49 -0.08978  -1.0757e+00 | 50 -0.05228  -1.7501e+00 | 51 -0.04322  -3.6733e+00
 52  0.00849  -3.3898e+00 | 53 -0.01009  -3.0655e+00 | 54  0.05264  -4.4787e-01
 55  0.04672  -7.7145e-01 | 56  0.00159  -4.2236e+00 | 57  0.03561  -4.2392e+00
 58  0.15107   5.5442e+00 | 59  0.05853   2.2793e+00 | 60 -0.08418   8.2680e-01
 61 -0.06421  -1.1752e+00 | 62  0.04209  -1.5025e+00 | 63 -0.02391  -1.8719e+00
 64 -0.05733  -3.0205e+00 | 65 -0.07081  -4.8152e+00 | 66 -0.02886  -4.5813e+00
 67 -0.04608  -3.9529e+00 | 68 -0.04966  -5.6546e+00 | 69 -0.06810  -4.8088e+00
 70 -0.07628  -5.3110e+00 | 71  0.08969  -3.0888e+00 | 72  0.03336  -5.7525e+00
 73 -0.03396  -6.2347e+00 | 74 -0.03259  -5.0555e+00 | 75  0.13446  -1.1856e+00
 76  0.08691  -7.7978e-01 | 77 -0.01337  -1.0333e-01 | 78 -0.03977   1.0812e+00
 79  0.09779   1.6869e+00 | 80  0.30894   1.8594e+00 | 81  0.58265  -2.4780e+00
 82 -0.12419  -2.2301e+00 | 83 -0.05095  -3.1536e+00 | 84  0.04496  -2.2629e+00
 85  0.01533  -1.3451e-02 | 86  0.07818  -3.9401e+00 | 87  0.20965  -3.4834e+00
 88 -0.06348  -1.3075e-01 | 89 -0.19932  -9.9253e-01 | 90 -0.16549  -2.1780e+00
 91 -0.03853  -2.3939e-01 | 92 -0.03193  -1.8135e+00 | 93  0.04255  -9.4489e-01
 94  0.16508  -1.3585e+00 | 95  0.01116  -2.2628e+00 | 96  0.00738  -1.3710e+00
 97  0.01295  -8.5489e-01 | 98  0.06474  -2.9151e+00 | 99  0.10767   1.3066e+00
100  0.10543   1.7321e+00 |101  0.08973  -2.3066e-01 |102 -0.06655   9.4931e-01
103 -0.11098  -1.5234e+00 |104  0.05916  -3.3143e-01 |105  0.00829  -3.0363e+00
106 -0.07239  -2.4483e+00 |107 -0.03838   3.5686e-01 |108  0.07012  -5.5519e-01
109  0.09997  -4.2044e-01 |110  0.10079  -5.6935e-01 |111  0.01268  -2.9868e+00
112 -0.15011  -4.0004e+00 |113 -0.15425  -3.4508e+00 |114 -0.04587  -3.6485e+00
115  0.11426  -4.6046e+00 |116  0.03450  -2.3868e+00 |117  0.10543  -2.8612e+00
118  0.03382  -3.2644e+00 |119 -0.00785  -1.2328e+00 |120 -0.01653  -2.5673e+00
121  0.13748   9.6249e-01 |122  0.19085  -2.0791e-01 |123 -0.88486   9.6133e-01
124  0.11765  -6.9356e-02 |125 -0.04143  -2.6763e+00 |126 -0.16545  -9.3584e-01
127 -0.06035   8.9273e-01 |128  0.03367   8.9550e-01 |129  0.06634   8.9189e-01
130  0.10606   8.8434e-01 |131 -0.08142   8.8943e-01 |132 -0.04374   8.9464e-01
133  0.04371   8.9464e-01 |134  0.03338   8.9552e-01 |135  0.07090   8.9120e-01
136 -0.03626   8.9530e-01 |137  0.07368   8.9076e-01 |138  0.04772   8.9424e-01
139 -0.03580   8.9534e-01 |140 -0.05786   8.9306e-01 |141  0.14680   8.7302e-01
142 -0.06130   8.9260e-01 |143 -0.03694   8.9525e-01 |144  0.01828   8.9639e-01
145  0.01848   8.9638e-01 |146  0.00874   8.9667e-01 |147  0.06142   8.9259e-01
148 -0.05394   8.9354e-01 |149 -0.06145   8.9258e-01 |150  0.07236   8.9097e-01
151 -0.11251   8.8279e-01 |152  0.02591   8.9601e-01 |153  0.07180   8.9106e-01
154 -0.16217   8.6782e-01 |155 -0.05011   8.9398e-01 |156  0.03834   8.9513e-01
157 -0.15986   8.6863e-01 |158 -0.05474   8.9344e-01 |159  0.06930   8.9145e-01
160  0.06858   8.9156e-01 |161  0.07360   8.9077e-01 |162 -0.21561   8.4581e-01
163 -0.05155   8.9382e-01 |164 -0.03797   8.9516e-01 |165  0.16707   8.6605e-01
166  0.00460   8.9673e-01 |167  0.01879   8.9637e-01 |168  0.03217   8.9561e-01
169  0.01391   3.7430e+01 |170  0.00630  -1.6787e+01 |171  0.00624  -6.5503e+00
172  0.02601  -1.1494e+01 |173  0.07503  -5.7474e+00 |174  0.03538  -5.3994e+00
175  0.03295  -6.5742e+00 |176  0.01067  -1.0087e+01 |177  0.03100  -1.0106e+01
178  0.09570  -1.0498e+01 |179  0.12021  -9.0218e-01 |180  0.10687  -1.9987e+01
181  0.05775  -6.8714e+00 |182 -0.03216  -1.2941e+01 |183 -0.03532  -1.2638e+01
184 -0.00505  -5.4601e+00 |185 -0.00636  -9.8678e+00 |186 -0.02018  -1.0038e+01
187 -0.04576  -9.4699e+00 |188 -0.03215  -7.7406e+00 |189  0.02299  -8.2656e+00
190  0.02566  -9.9191e+00 |191  0.02745   3.4248e+00 |192  0.02209   1.5932e+01
193 -0.02313  -3.0067e+00 |194 -0.07012  -3.0874e+00 |195  0.00062   1.9355e-01
196  0.05703  -4.8907e+00 |197  0.02050  -6.1686e+00 |198  0.00711  -7.8643e-01
199  0.00583  -2.8023e+00 |200  0.01506  -4.9860e+00 |201  0.02986  -6.8936e+00
202  0.12152  -1.1715e+01 |203  0.11513  -1.2087e+01 |204  0.09091  -2.0127e+01
205 -0.02866  -6.9030e+00 |206 -0.63621  -4.1378e+00 |207 -0.12579  -8.0786e+00
208 -0.08663  -4.3528e+00 |209 -0.04184  -3.7041e+00 |210  0.06452  -6.4598e+00
211 -0.14313  -7.4237e+00 |212 -0.05362   2.0228e+01 |213  0.03718   7.7065e+00
214 -0.00857  -5.2892e-09 |215 -0.65806  -2.0555e+00 |216 -0.84749   5.4403e-01
217  0.02653  -1.1512e+01 |218 -0.16025  -8.2880e-01 |219 -0.24572   2.2928e+00
220 -0.05774   1.4421e+00 |221  0.03599   5.2643e-02 |222  0.00609   2.3761e+00
223  0.01170   9.1616e-01 |224 -0.03064  -9.1787e-01 |225 -0.04279  -2.3840e+00
226  0.08568  -6.8815e-01 |227  0.07040   4.2079e-01 |228  0.19702   8.6206e-01
229  0.10886   2.9399e+00 |230  0.10109  -1.3152e-01 |231  0.04557   1.2068e+00
232  0.05528   1.2779e+00 |233  0.07191   3.6812e+00 |234  0.12563   1.0393e+00
235 -0.12261  -1.2489e+00 |236 -0.12456   1.5133e-01 |237  0.00407  -3.8114e+00
238  0.02870   2.1058e+00 |239 -0.11874  -6.3708e-02 |240 -0.15479   3.2111e-01
241 -0.06882  -1.2326e+00 |242  0.01045   3.9588e-02 |243  0.04512  -9.6441e-01
244 -0.01430   7.2361e-01 |245 -0.12061   1.5627e+00 |246 -0.23539   5.2865e+00
247 -0.10958   1.5932e+00 |248 -0.00240   1.8123e+00 |249  0.05512   2.7185e+00
250  0.08573   2.2507e-01 |251  0.06006   3.4792e+00 |252 -0.01420   1.6974e+00
253 -0.00172   1.9801e+00 |254  0.13569   5.7407e-01 |255  0.19964   5.2504e-01
256  0.22424  -1.1853e+00 |257 -0.14282  -7.8039e-01 |258  0.09493   2.6422e+01
259  0.14923   7.7757e-01 |260 -0.86850  -7.7118e+00 |261 -0.84446  -4.0524e+00
262 -0.99000  -2.1331e-01 |263 -0.22688  -1.0583e+02 |264 -0.00655  -1.1292e+02
265 -0.26476  -1.0330e+02 |266  0.55024  -7.3310e+01 |267  0.02561  -1.1284e+02
268 -0.30250  -1.0042e+02 |269 -0.50530  -7.9186e+01 |270  0.35441  -9.5878e+01
271  0.21776  -1.0639e+02 |272 -0.14872  -1.0986e+02 |273  0.87999  -2.1163e+01
274  0.48707  -8.1458e+01 |275  0.09053  -1.1179e+02 |276 -0.35577  -9.5749e+01
277 -0.61796  -6.3775e+01 |278  0.30015  -1.0061e+02 |279  0.48039  -8.2275e+01
280 -0.05182  -1.1256e+02 |281  0.36395  -9.4972e+01 |282 -0.13671  -1.1034e+02
283  0.36669  -9.4708e+01 |284  0.41844  -8.9402e+01 |285 -0.23196  -1.0552e+02
286  0.10622  -1.1136e+02 |287  0.41069  -9.0235e+01 |288 -0.86293  -2.4128e+01
289 -0.26878  -1.0301e+02 |290 -0.58088  -6.9093e+01 |291 -0.65064  -5.8909e+01
292 -0.06034  -1.1242e+02 |293  0.48779  -8.1370e+01 |294 -0.35110  -9.6186e+01
295 -0.01890  -1.1288e+02 |296 -0.35369  -9.5945e+01 |297 -0.37432  -9.3965e+01
298  0.43322  -8.7776e+01 |299 -0.22081  -1.0620e+02 |300 -0.21018  -1.0683e+02
301  0.47528  -8.2893e+01 |302  0.33839  -9.7348e+01 |303  0.47032   2.2242e+01
304  0.10429  -1.5866e+00 |305 -0.91331  -9.8876e+01 |306  0.24718  -3.9320e+00
307 -0.87912  -2.7639e+00 |308 -0.52118   6.2012e+00 |
19.4044 7.44757 69.085 44.6858 
10.8684 10.8684 49.0295 49.6895 
6.59408 9.37455 0 0.935714 11.7724 
0 2.02096 0 0 0.435847 21.5778 0 
19.4263 7.45346 69.1125 44.689 
10.8672 10.8672 49.0029 49.692 
6.5672 9.39328 0 0.92984 11.7532 
0 2.01826 0 0 0.434509 21.531 0 
19.4838 7.4474 69.0693 44.7304 
10.8111 10.8111 49.0629 49.649 
6.6507 9.4979 0 0.926402 11.8164 
0 1.95654 0 0 0.430299 21.4619 0 
19.4762 7.48389 69.1026 44.7221 
10.8352 10.8352 49.0275 49.6561 
6.61162 9.46833 0 0.936307 11.7848 
0 1.94751 0 0 0.429549 21.4274 0 
19.3958 7.36164 69.3069 44.6712 
10.8736 10.8736 48.9683 49.7243 
6.48044 9.57389 0 0.889085 11.843 
0 2.09041 0 0 0.432725 21.2937 0 
19.4279 7.42669 69.1943 44.6968 
10.8563 10.8563 48.9979 49.6896 
6.5342 9.51204 0 0.913254 11.813 
0 2.00925 0 0 0.431047 21.3622 0 
19.4124 7.46005 69.2314 44.6756 
10.8604 10.8604 48.9791 49.686 
6.5114 9.50266 0 0.914515 11.7708 
0 2.01009 0 0 0.430426 21.3363 0 
19.4946 7.40236 69.2986 44.7572 
10.9443 10.9443 48.97 49.6772 
6.41883 9.41596 0 0.895625 11.7318 
0 1.99481 0 0 0.429787 21.3245 0 
19.5341 7.37812 69.3302 44.7277 
11.0426 11.0426 48.9479 49.6927 
6.36654 9.37597 0 0.946854 11.6176 
0 2.0353 0 0 0.427208 21.1739 0 
19.451 7.4647 69.3998 44.7661 
11.0412 11.0412 48.8413 49.7192 
6.45723 9.38428 0 1.02481 11.5714 
0 1.99884 0 0 0.428302 20.9452 0 
19.4936 7.41717 69.5928 44.6937 
10.9845 10.9845 48.8798 49.682 
6.4678 9.38363 0 0.990686 11.4649 
0 2.00054 0 0 0.42745 20.8132 0 
308 variables; iteration 290; function evaluation 320; phase 1
Function value   3.1016656e+02; maximum gradient component mag  -5.4749e+01
Var   Value    Gradient   |Var   Value    Gradient   |Var   Value    Gradient
  1  0.13299  -3.0240e-01 |  2  0.19026   1.2216e+00 |  3  0.18754  -5.5183e+00
  4  0.19833  -2.9785e+00 |  5  0.19504  -3.2036e+00 |  6  0.19413   5.9115e+00
  7  0.17666  -5.3573e+00 |  8  0.17590   1.6539e+00 |  9  0.17162  -2.7890e-01
 10  0.14868  -2.4364e-01 | 11  0.12593   1.4466e+00 | 12  0.12603  -2.6075e-01
 13  0.10149   1.1369e+00 | 14  0.05300  -1.6023e+00 | 15 -0.00392   1.5190e+00
 16 -1.89855   1.3937e-03 | 17 -0.21492  -1.9421e-01 | 18 -0.18993   6.2019e-02
 19 -0.20166   6.8178e-02 | 20 -0.49503  -4.5084e-03 | 21 -0.51403  -2.2076e-04
 22  0.10270  -9.2856e-02 | 23 -0.17233   4.1899e-05 | 24  0.00308  -3.9792e-01
 25  0.08813   4.8146e-01 | 26  0.12929  -8.0022e-01 | 27  0.15617  -6.4167e-02
 28  0.15884   8.0483e-01 | 29  0.15375   1.2583e+00 | 30  0.15406  -1.8415e-01
 31  0.16003   3.3775e+00 | 32  0.15021   7.8852e-01 | 33  0.12841  -3.6186e+00
 34 -2.11954  -7.1451e+00 | 35  0.12462  -1.8013e+00 | 36  0.12099   1.1870e+00
 37  0.09020   8.7623e-01 | 38  0.05209  -7.0312e-01 | 39  0.00578  -9.1452e-01
 40 -1.95942   3.8058e-01 | 41 -0.10597  -8.1029e-01 | 42 -0.14690   1.8289e-01
 43 -0.02101  -3.8087e+00 | 44 -0.03357  -9.5912e-01 | 45 -0.08785  -3.7089e+00
 46 -0.16949  -4.2037e+00 | 47 -0.16076  -2.0148e+00 | 48 -0.14692  -4.8388e+00
 49 -0.10041  -4.4116e+00 | 50 -0.07791  -6.2633e+00 | 51 -0.02781  -5.7368e+00
 52  0.00176  -6.9113e+00 | 53  0.00181  -4.4628e+00 | 54  0.04977  -1.7484e+00
 55  0.02651  -2.4313e+00 | 56  0.04306  -1.5304e+00 | 57  0.04185  -4.6368e+00
 58  0.14381   2.4518e+00 | 59  0.05402  -8.9954e-01 | 60 -0.09873  -2.6360e+00
 61 -0.10289  -6.2333e+00 | 62  0.05596  -3.5620e+00 | 63 -0.02215  -4.6690e+00
 64 -0.05059  -5.1156e+00 | 65 -0.06904  -6.3426e+00 | 66 -0.03320  -5.1126e+00
 67 -0.06430  -5.2017e+00 | 68 -0.04856  -5.1049e+00 | 69 -0.07938  -5.4532e+00
 70 -0.06909  -5.4181e+00 | 71  0.07493  -3.7216e+00 | 72  0.03582  -5.5051e+00
 73 -0.01239  -5.5966e+00 | 74 -0.01866  -5.2796e+00 | 75  0.12921  -2.6296e+00
 76  0.08019  -3.6575e+00 | 77 -0.01300  -2.6706e+00 | 78 -0.04954  -2.6122e+00
 79  0.09542  -2.1153e+00 | 80  0.31031  -1.7848e+00 | 81  0.62590  -3.2900e+00
 82 -0.11710  -3.4207e+00 | 83 -0.04104  -4.2298e+00 | 84  0.03941  -4.3591e+00
 85  0.00659   1.0235e+00 | 86  0.08634  -6.3657e-01 | 87  0.21055   3.2780e-01
 88 -0.07544   1.1432e+00 | 89 -0.20879  -1.7458e-01 | 90 -0.14987   1.8646e-01
 91 -0.04308   1.7109e-01 | 92 -0.03461  -9.8383e-01 | 93  0.03926  -4.8727e-01
 94  0.16771  -1.2424e+00 | 95  0.00415  -1.7130e+00 | 96  0.00073  -9.2797e-01
 97  0.01377  -2.5103e-01 | 98  0.07833  -1.3745e+00 | 99  0.10120   2.4101e+00
100  0.10475   3.5081e+00 |101  0.08335  -3.2890e-01 |102 -0.05726   2.7460e+00
103 -0.10885  -7.6740e-02 |104  0.05168   6.8894e-01 |105  0.01941  -1.1873e+00
106 -0.04938  -2.8357e-01 |107 -0.03577   1.3489e+00 |108  0.05648  -9.8107e-01
109  0.09544  -7.7392e-01 |110  0.09317  -7.9255e-01 |111  0.01926  -4.1208e-01
112 -0.13725  -9.3454e-01 |113 -0.14259   7.5054e-02 |114 -0.05801  -1.2734e+00
115  0.11649  -3.4521e-01 |116  0.03895   6.9329e-01 |117  0.10084  -1.0925e-01
118  0.03283  -4.5721e-01 |119 -0.01312   6.7807e-01 |120 -0.00584  -2.5752e-01
121  0.13678   5.2398e-01 |122  0.19074  -2.7132e+00 |123 -0.91719   9.2081e-01
124  0.11844   1.3843e+00 |125 -0.03468  -3.8703e-01 |126 -0.17797   2.0102e-01
127 -0.06907  -1.8200e-01 |128  0.03003  -1.8287e-01 |129  0.06958  -1.8198e-01
130  0.13634  -1.7889e-01 |131 -0.09469  -1.8106e-01 |132 -0.05073  -1.8250e-01
133  0.03604  -1.8278e-01 |134  0.02802  -1.8290e-01 |135  0.08279  -1.8153e-01
136 -0.04308  -1.8266e-01 |137  0.08709  -1.8137e-01 |138  0.04854  -1.8254e-01
139 -0.04202  -1.8268e-01 |140 -0.06638  -1.8208e-01 |141  0.21775  -1.7247e-01
142 -0.07035  -1.8196e-01 |143 -0.04376  -1.8264e-01 |144  0.01147  -1.8305e-01
145  0.01183  -1.8305e-01 |146  0.00086  -1.8308e-01 |147  0.06797  -1.8203e-01
148 -0.06189  -1.8221e-01 |149 -0.07046  -1.8196e-01 |150  0.08506  -1.8145e-01
151 -0.12423  -1.7960e-01 |152  0.02055  -1.8298e-01 |153  0.08367  -1.8150e-01
154 -0.30626  -1.6230e-01 |155 -0.05761  -1.8233e-01 |156  0.02857  -1.8289e-01
157 -0.15820  -1.7745e-01 |158 -0.06236  -1.8220e-01 |159  0.08030  -1.8162e-01
160  0.07917  -1.8166e-01 |161  0.08696  -1.8137e-01 |162 -0.16534  -1.7694e-01
163 -0.05920  -1.8229e-01 |164 -0.04480  -1.8262e-01 |165  0.26070  -1.6794e-01
166 -0.00633  -1.8307e-01 |167  0.01205  -1.8304e-01 |168  0.02814  -1.8290e-01
169  0.01313   4.5645e+01 |170  0.00729  -6.5774e+00 |171  0.00539  -2.2048e+00
172  0.02733  -3.8917e+00 |173  0.07578   9.3514e-01 |174  0.03635   2.1518e+00
175  0.03293   4.6167e-01 |176  0.01065  -3.6564e+00 |177  0.03338  -5.4066e-01
178  0.09771   4.0427e-01 |179  0.12164  -3.8138e-01 |180  0.10892  -1.6461e+01
181  0.05918  -3.8126e+00 |182 -0.03093  -9.3611e+00 |183 -0.03249  -5.9598e+00
184 -0.00796  -1.2230e+00 |185 -0.00751  -4.2233e+00 |186 -0.02146  -6.0980e+00
187 -0.04683  -5.8406e+00 |188 -0.03049  -1.1429e+00 |189  0.02405   7.7006e-01
190  0.02540  -3.9917e+00 |191  0.02623  -1.3468e+00 |192  0.01907   2.5631e-01
193 -0.02386  -4.9579e+00 |194 -0.07301  -1.8827e+00 |195 -0.00094  -1.4282e+00
196  0.05747  -4.5946e-01 |197  0.02064  -3.0738e+00 |198  0.00774  -6.3629e-01
199  0.00753  -2.4434e+00 |200  0.01602  -6.3702e-01 |201  0.02809  -1.4242e+00
202  0.12055  -2.0851e+00 |203  0.11392  -9.6287e+00 |204  0.09221  -1.0913e+01
205 -0.02828  -2.5394e+00 |206 -0.65187  -1.9468e+00 |207 -0.12503  -3.9920e+00
208 -0.08656  -7.2298e-01 |209 -0.04323  -3.0707e+00 |210  0.06393  -2.7235e+00
211 -0.13671  -3.6281e+00 |212 -0.05430   1.9864e+01 |213  0.03635  -9.3343e+00
214 -0.00857  -5.2892e-09 |215 -0.65546   3.4511e-01 |216 -0.84419   1.9907e+00
217  0.02726   6.3981e+00 |218 -0.15811   1.2207e+00 |219 -0.24554   4.3558e-01
220 -0.05645  -4.5567e-01 |221  0.03228  -2.8990e+00 |222  0.00056  -2.2154e-01
223  0.01107   4.6387e-01 |224 -0.02808  -2.4559e-01 |225 -0.03985  -1.0059e+00
226  0.08574  -4.9432e-01 |227  0.07162   5.2744e-01 |228  0.19400  -8.1723e-01
229  0.10418   1.4613e+00 |230  0.09713  -4.8641e-01 |231  0.04573   8.2158e-01
232  0.05669   4.2142e-01 |233  0.07034   9.2180e-01 |234  0.12296  -9.3793e-01
235 -0.12322  -2.0324e+00 |236 -0.12416  -8.0235e-01 |237  0.00195  -3.6272e+00
238  0.02426  -2.1244e-01 |239 -0.11400  -2.9934e-01 |240 -0.14694   1.4001e-01
241 -0.06380  -5.9534e-02 |242  0.01018   1.9922e-01 |243  0.04516   8.1171e-02
244 -0.01228   2.4000e+00 |245 -0.11841   7.4927e-01 |246 -0.23461   1.7666e+00
247 -0.10963  -5.9894e-01 |248 -0.00432  -7.7981e-01 |249  0.05409   5.4220e-02
250  0.08694  -5.1870e-01 |251  0.05870   1.8068e+00 |252 -0.01817  -1.0437e+00
253 -0.00359  -2.2159e-01 |254  0.13560  -7.1121e-01 |255  0.20079   8.2515e-01
256  0.22818  -1.0184e+00 |257 -0.14122  -6.8121e-01 |258  0.09464  -2.3078e+01
259  0.14953   2.1478e+00 |260 -0.86840   3.5964e+00 |261 -0.84447  -3.7941e+00
262 -1.01371   6.5267e-02 |263 -0.23508   3.8580e+01 |264 -0.04813   4.1250e+01
265 -0.24045   3.8453e+01 |266  0.56411   2.6163e+01 |267  0.01641   4.1355e+01
268 -0.31805   3.6312e+01 |269 -0.53569   2.7567e+01 |270  0.35434   3.5124e+01
271  0.24962   3.8229e+01 |272 -0.13310   4.0468e+01 |273  0.89971   6.4904e+00
274  0.48522   2.9923e+01 |275  0.08767   4.0977e+01 |276 -0.35173   3.5214e+01
277 -0.60538   2.4032e+01 |278  0.32202   3.6188e+01 |279  0.45791   3.1121e+01
280 -0.03864   4.1292e+01 |281  0.34342   3.5494e+01 |282 -0.11561   4.0688e+01
283  0.36729   3.4673e+01 |284  0.38561   3.4009e+01 |285 -0.18687   3.9599e+01
286  0.12086   4.0625e+01 |287  0.39637   3.3606e+01 |288 -0.87554   8.0362e+00
289 -0.24128   3.8433e+01 |290 -0.56367   2.6185e+01 |291 -0.65788   2.1177e+01
292 -0.13268   4.0473e+01 |293  0.48769   2.9812e+01 |294 -0.34852   3.5323e+01
295 -0.04473   4.1267e+01 |296 -0.34645   3.5393e+01 |297 -0.36595   3.4720e+01
298  0.37152   3.4522e+01 |299 -0.17064   3.9891e+01 |300 -0.18808   3.9576e+01
301  0.48924   2.9742e+01 |302  0.33193   3.5872e+01 |303  0.47030  -1.4049e+01
304  0.09991  -2.9812e-01 |305 -0.91096  -5.4749e+01 |306  0.24669  -2.6478e+00
307 -0.87916  -2.1327e+00 |308 -0.52321  -2.2060e+00 |
19.4059 7.37558 69.6952 44.6179 
10.9453 10.9453 48.9025 49.6488 
6.46316 9.33512 0 0.992995 11.4417 
0 2.04029 0 0 0.431065 20.8682 0 
19.3627 7.27536 69.6301 44.6311 
11.0025 11.0025 48.9178 49.6695 
6.49629 9.3358 0 1.02329 11.4556 
0 2.0324 0 0 0.431463 20.7564 0 
19.4874 7.12683 69.5341 44.8206 
11.0302 11.0302 49.0401 49.6842 
6.52217 9.3307 0 1.08936 11.4403 
0 1.99585 0 0 0.434279 20.2289 0 
19.6243 6.88862 69.2787 45.1514 
11.152 11.152 49.1922 49.719 
6.6035 9.291 0 1.18497 11.5006 
0 1.98416 0 0 0.44049 19.6245 0 
19.5336 7.03408 69.4307 44.9375 
11.0782 11.0782 49.0947 49.6969 
6.54622 9.30696 0 1.12473 11.4629 
0 1.98623 0 0 0.436526 19.9996 0 
19.5522 6.91815 69.4089 45.0103 
11.1009 11.1009 49.1146 49.6825 
6.53672 9.25768 0 1.15161 11.502 
0 1.97385 0 0 0.441166 19.9029 0 
19.5539 6.71851 69.5405 45.0446 
11.0044 11.0044 49.0611 49.6651 
6.48616 9.37104 0 1.16241 11.6495 
0 1.99504 0 0 0.445561 19.7148 0 
19.5923 6.81092 69.5063 45.0532 
11.0297 11.0297 49.0637 49.6559 
6.45879 9.31725 0 1.15435 11.5927 
0 1.98466 0 0 0.445349 19.7481 0 
19.5742 6.89358 69.3985 45.1383 
11.076 11.076 49.0063 49.6681 
6.45879 9.27972 0 1.16004 11.5061 
0 2.00874 0 0 0.443024 19.8115 0 
19.5765 6.96521 69.4084 45.1206 
11.0779 11.0779 48.9659 49.6725 
6.41919 9.25673 0 1.14498 11.4838 
0 2.00526 0 0 0.443221 19.8291 0 
19.6216 6.96817 69.4069 45.179 
11.2272 11.2272 49.0175 49.627 
6.3375 9.19983 0 1.1555 11.4758 
0 1.99539 0 0 0.444297 19.6913 0 
308 variables; iteration 300; function evaluation 331; phase 1
Function value   3.0916833e+02; maximum gradient component mag  -3.2795e+01
Var   Value    Gradient   |Var   Value    Gradient   |Var   Value    Gradient
  1  0.13259  -2.7381e-01 |  2  0.18641  -1.2877e+00 |  3  0.19015  -4.2097e-01
  4  0.19653  -5.5499e-01 |  5  0.19536   9.1304e-05 |  6  0.19101  -1.7545e+00
  7  0.17795  -7.1866e-01 |  8  0.17347  -8.0255e-01 |  9  0.17233  -7.3853e-02
 10  0.14869   8.5135e-01 | 11  0.12509   4.3899e-01 | 12  0.12576  -8.6914e-01
 13  0.10127  -6.3985e-01 | 14  0.05525  -8.1786e-03 | 15 -0.01186  -4.8792e-02
 16 -1.87943   4.1535e-01 | 17 -0.23443  -2.2394e-01 | 18 -0.21274   1.8377e-02
 19 -0.25267   8.4406e-03 | 20 -0.57067  -3.9105e-03 | 21 -0.52546  -3.4077e-04
 22  0.10061   3.3942e-02 | 23 -0.17441   1.2173e-04 | 24  0.01288   9.5624e-03
 25  0.08455  -2.5536e-01 | 26  0.12767  -3.2062e-01 | 27  0.15417  -3.3148e-01
 28  0.15693   4.5020e-01 | 29  0.15097  -4.2738e-01 | 30  0.15315   1.6480e-01
 31  0.15721   1.6749e-01 | 32  0.14987   1.7275e+00 | 33  0.13221   2.3753e+00
 34 -2.11432   4.4590e-01 | 35  0.12454   2.1494e-01 | 36  0.12085   1.3085e-01
 37  0.09004   3.0314e-01 | 38  0.05223  -2.4929e-01 | 39  0.00714   1.7581e-01
 40 -1.96225  -4.1725e-01 | 41 -0.09544  -1.9052e-02 | 42 -0.15379  -1.4047e-02
 43 -0.01636   3.1851e-01 | 44 -0.05663   8.4117e-01 | 45 -0.08707   2.3240e-01
 46 -0.16578   3.2407e-02 | 47 -0.18407  -2.6493e-01 | 48 -0.14539  -2.6852e-01
 49 -0.11412  -9.4009e-01 | 50 -0.06380  -5.1385e-01 | 51 -0.02478  -4.7042e-01
 52  0.00213  -1.3104e+00 | 53 -0.00364  -1.3147e-01 | 54  0.04042   8.5385e-01
 55  0.02719   5.5426e-01 | 56  0.03723   3.4714e-01 | 57  0.07216  -6.4219e-01
 58  0.13230   2.1463e+00 | 59  0.03741   1.4630e-01 | 60 -0.11227  -4.4326e-01
 61 -0.06967  -4.2020e-02 | 62  0.04069  -2.0504e-01 | 63 -0.02127  -3.9919e-01
 64 -0.04533  -5.5797e-01 | 65 -0.04970  -3.1972e-01 | 66 -0.03913  -4.0885e-01
 67 -0.06461  -4.3358e-01 | 68 -0.04909  -2.9258e-01 | 69 -0.07219  -2.6795e-01
 70 -0.06309  -3.9837e-01 | 71  0.05237  -8.8585e-02 | 72  0.04834   2.5006e-01
 73  0.00794   4.0238e-01 | 74 -0.00169   2.2622e-01 | 75  0.10407   6.2151e-01
 76  0.08437   3.1625e-01 | 77 -0.01717   1.7188e-01 | 78 -0.05700  -9.2953e-02
 79  0.08236  -4.5559e-01 | 80  0.31594  -8.7804e-01 | 81  0.67908  -9.2763e-01
 82 -0.12096   1.0071e-01 | 83 -0.03782   2.7165e-02 | 84  0.04630  -9.2339e-02
 85 -0.01745   7.4921e-01 | 86  0.09265   2.1673e-01 | 87  0.21460   6.2826e-01
 88 -0.08562   4.6701e-01 | 89 -0.20593   4.1395e-01 | 90 -0.15147   3.1828e-01
 91 -0.04403   2.6043e-01 | 92 -0.01682   3.1617e-01 | 93  0.03456  -1.0625e-01
 94  0.16161  -1.4451e-01 | 95  0.01929   4.9550e-01 | 96  0.00559   3.4251e-01
 97  0.00867  -1.2812e-01 | 98  0.09673   2.8580e-01 | 99  0.08989   4.3098e-01
100  0.09188   4.5044e-01 |101  0.10064  -8.3243e-01 |102 -0.08110  -2.7108e-02
103 -0.10351   6.7159e-02 |104  0.05072  -3.6048e-01 |105  0.03486  -3.4030e-02
106 -0.04968   9.5006e-02 |107 -0.05897   2.1923e-01 |108  0.06927   4.8218e-02
109  0.09880  -7.8325e-02 |110  0.08528  -2.2248e-01 |111  0.00931  -5.9000e-02
112 -0.13080   3.6898e-02 |113 -0.14274   1.9040e-01 |114 -0.03791   1.4524e-01
115  0.11518   1.1085e-01 |116  0.02089   1.7580e-01 |117  0.09477   3.9834e-01
118  0.03689   7.2903e-02 |119 -0.01450   3.2947e-01 |120  0.00272   3.4978e-01
121  0.12811   2.5183e-01 |122  0.19879  -4.1896e-01 |123 -0.98391   1.8247e-01
124  0.10939   1.4544e-01 |125 -0.01585   5.1704e-01 |126 -0.17395   3.0352e-01
127 -0.07602   8.6310e-02 |128  0.02470   8.6864e-02 |129  0.07390   8.6344e-02
130  0.20269   8.2561e-02 |131 -0.10378   8.5777e-02 |132 -0.06109   8.6529e-02
133  0.01359   8.6910e-02 |134  0.01591   8.6902e-02 |135  0.11237   8.5579e-02
136 -0.05524   8.6602e-02 |137  0.12061   8.5374e-02 |138  0.05415   8.6615e-02
139 -0.05494   8.6606e-02 |140 -0.07372   8.6347e-02 |141  0.31331   7.6613e-02
142 -0.07707   8.6293e-02 |143 -0.05576   8.6596e-02 |144 -0.00169   8.6929e-02
145 -0.00281   8.6929e-02 |146 -0.01504   8.6905e-02 |147  0.08759   8.6108e-02
148 -0.07000   8.6404e-02 |149 -0.07718   8.6291e-02 |150  0.11669   8.5473e-02
151 -0.15909   8.4229e-02 |152  0.00919   8.6920e-02 |153  0.11557   8.5501e-02
154 -0.46062   6.5150e-02 |155 -0.06652   8.6455e-02 |156  0.00029   8.6929e-02
157 -0.17769   8.3565e-02 |158 -0.07051   8.6397e-02 |159  0.10765   8.5690e-02
160  0.10553   8.5738e-02 |161  0.12035   8.5381e-02 |162 -0.12625   8.5226e-02
163 -0.06781   8.6437e-02 |164 -0.05654   8.6587e-02 |165  0.31362   7.6593e-02
166 -0.03184   8.6821e-02 |167 -0.00092   8.6929e-02 |168  0.02185   8.6878e-02
169  0.01226   1.4349e+01 |170  0.00677  -2.6801e+00 |171  0.00452  -1.3939e+00
172  0.02785  -1.2185e+00 |173  0.07570  -1.8735e-01 |174  0.03628  -9.5742e-01
175  0.03377   9.1527e-01 |176  0.01295   4.5809e-01 |177  0.03294   6.2640e-01
178  0.09734   5.0362e-01 |179  0.11964  -2.8754e+00 |180  0.11054  -3.9508e+00
181  0.05743   2.8329e-01 |182 -0.02619  -1.6259e+00 |183 -0.03207  -5.4898e-02
184 -0.01038   8.9655e-01 |185 -0.01011   1.4906e-01 |186 -0.02141  -1.5080e+00
187 -0.04437  -1.1756e+00 |188 -0.03111  -2.8705e-01 |189  0.02447   2.1357e+00
190  0.02827   1.4585e+00 |191  0.02812  -1.0041e+00 |192  0.01909  -1.7002e+00
193 -0.02115   2.6351e-01 |194 -0.07608  -5.8854e-01 |195 -0.00102  -1.6691e-01
196  0.05655  -6.6226e-02 |197  0.01945  -1.4447e+00 |198  0.00655  -1.2585e+00
199  0.00767  -2.1731e+00 |200  0.01361  -8.5710e-01 |201  0.02239  -1.1230e+00
202  0.11864  -7.7888e-01 |203  0.11405  -6.3744e-01 |204  0.09379  -1.2062e-01
205 -0.03098  -8.3577e-01 |206 -0.67092  -4.2882e-01 |207 -0.12261  -8.0764e-01
208 -0.08806  -5.4728e-01 |209 -0.04312  -6.8907e-01 |210  0.06268  -1.0623e+00
211 -0.11744  -8.2680e-01 |212 -0.05610   6.2740e+00 |213  0.03639  -4.9665e+00
214 -0.00857  -5.2891e-09 |215 -0.65221   1.3061e+00 |216 -0.84037  -9.6822e-01
217  0.02704   1.2379e+01 |218 -0.16350   1.0270e-01 |219 -0.24841   5.6367e-02
220 -0.05377  -2.9337e-01 |221  0.03808  -2.6018e-01 |222 -0.00098  -8.1692e-01
223  0.00940  -2.1675e-01 |224 -0.02911  -1.9408e-01 |225 -0.03716  -3.3664e-01
226  0.08859   6.3582e-02 |227  0.06924  -1.1175e-01 |228  0.19493  -1.4731e-01
229  0.10589   6.0557e-02 |230  0.09933   5.1729e-01 |231  0.04866   2.0373e-01
232  0.05820  -6.0742e-02 |233  0.06501   4.7287e-02 |234  0.12657  -3.2253e-01
235 -0.11859  -3.1864e-01 |236 -0.12460   9.7912e-02 |237  0.00611   6.0405e-01
238  0.02745   4.4530e-01 |239 -0.11210  -2.3291e-01 |240 -0.15099  -1.2899e-01
241 -0.06510  -6.3332e-02 |242  0.01444   1.4612e-01 |243  0.04422   1.6956e-02
244 -0.02227  -2.3814e-01 |245 -0.12307  -5.9558e-02 |246 -0.23677   8.0242e-02
247 -0.10681   3.2689e-02 |248  0.00098   8.7609e-02 |249  0.05282  -4.9663e-02
250  0.08434  -1.7839e-01 |251  0.05466  -1.7582e-01 |252 -0.01737  -1.0396e-01
253 -0.00138  -1.7601e-01 |254  0.13339  -5.0224e-01 |255  0.19764   8.0477e-02
256  0.23243  -2.1518e-01 |257 -0.14503   2.1017e-01 |258  0.09474  -3.2795e+01
259  0.14946  -2.9680e+00 |260 -0.86835   2.3763e+00 |261 -0.84439  -8.9251e-01
262 -1.05263  -1.9494e-02 |263 -0.21619   8.4281e+00 |264 -0.07040   8.8839e+00
265 -0.23158   8.3536e+00 |266  0.58575   5.4145e+00 |267 -0.02088   8.9337e+00
268 -0.30939   7.9036e+00 |269 -0.54036   5.9074e+00 |270  0.35669   7.5718e+00
271  0.25771   8.2161e+00 |272 -0.11068   8.8038e+00 |273  0.93782   8.7161e-01
274  0.49928   6.3276e+00 |275  0.10330   8.8211e+00 |276 -0.37624   7.4224e+00
277 -0.63384   4.8623e+00 |278  0.34708   7.6427e+00 |279  0.42773   6.9958e+00
280 -0.01475   8.9361e+00 |281  0.38416   7.3599e+00 |282 -0.04744   8.9137e+00
283  0.33890   7.7016e+00 |284  0.37778   7.4104e+00 |285 -0.20065   8.4982e+00
286  0.12538   8.7657e+00 |287  0.41707   7.0879e+00 |288 -0.89974   1.4019e+00
289 -0.23563   8.3332e+00 |290 -0.51455   6.1744e+00 |291 -0.69474   4.1237e+00
292 -0.12510   8.7665e+00 |293  0.52235   6.0948e+00 |294 -0.35258   7.6024e+00
295 -0.10163   8.8249e+00 |296 -0.35803   7.5618e+00 |297 -0.37351   7.4438e+00
298  0.32731   7.7829e+00 |299 -0.14657   8.7027e+00 |300 -0.19716   8.5133e+00
301  0.48587   6.4593e+00 |302  0.26730   8.1622e+00 |303  0.47028  -2.7581e+01
304  0.08897   2.1348e-01 |305 -0.90686   3.0563e+00 |306  0.25018   4.2104e-01
307 -0.88008  -3.9450e+00 |308 -0.52334  -2.0793e+00 |
19.6549 6.99763 69.3681 45.2253 
11.2027 11.2027 48.9269 49.6511 
6.31204 9.22228 0 1.15479 11.42 
0 2.01734 0 0 0.445186 19.6797 0 
19.6245 6.99965 69.2696 45.3463 
11.198 11.198 48.8697 49.6682 
6.28469 9.24324 0 1.15859 11.4212 
0 2.04741 0 0 0.444191 19.612 0 
19.6366 6.98888 69.298 45.3525 
11.1877 11.1877 48.8562 49.6712 
6.29752 9.24769 0 1.17762 11.4071 
0 2.04979 0 0 0.444982 19.5784 0 
19.6473 6.99471 69.2931 45.3566 
11.2197 11.2197 48.8451 49.6968 
6.30604 9.23017 0 1.18834 11.3962 
0 2.04477 0 0 0.445796 19.526 0 
19.6885 7.00232 69.2944 45.3823 
11.2039 11.2039 48.8587 49.6928 
6.30148 9.24063 0 1.20806 11.3914 
0 2.03027 0 0 0.44638 19.4183 0 
19.6414 7.07464 69.3295 45.2597 
11.2405 11.2405 48.8764 49.7606 
6.3017 9.26451 0 1.20678 11.4409 
0 1.9879 0 0 0.447603 19.3621 0 
19.6561 7.07208 69.3341 45.2934 
11.1968 11.1968 48.8744 49.7348 
6.29041 9.26206 0 1.20564 11.4246 
0 2.00156 0 0 0.447464 19.346 0 
19.6722 7.07462 69.2967 45.2927 
11.2019 11.2019 48.8744 49.7156 
6.27429 9.26441 0 1.20455 11.4069 
0 2.00694 0 0 0.446537 19.3595 0 
19.6584 7.05363 69.3556 45.2472 
11.1386 11.1386 48.8993 49.6891 
6.27319 9.29184 0 1.18676 11.4207 
0 2.00807 0 0 0.446058 19.3796 0 
19.6042 7.12929 69.3153 45.1788 
11.1309 11.1309 48.9226 49.6973 
6.27559 9.3076 0 1.17659 11.4049 
0 2.01717 0 0 0.445568 19.4155 0 
308 variables; iteration 310; function evaluation 341; phase 1
Function value   3.0896723e+02; maximum gradient component mag  -1.6481e+01
Var   Value    Gradient   |Var   Value    Gradient   |Var   Value    Gradient
  1  0.13079   3.1917e-01 |  2  0.18680   1.5630e+00 |  3  0.18938   6.5047e-01
  4  0.19586  -2.9629e-01 |  5  0.19500   8.1393e-01 |  6  0.19086  -2.9524e-01
  7  0.17749  -1.2416e-01 |  8  0.17363   2.7620e-01 |  9  0.17275   1.8612e+00
 10  0.14849   8.7846e-01 | 11  0.12506   7.9866e-01 | 12  0.12630   2.6811e-01
 13  0.10161   1.2410e-01 | 14  0.05477  -3.7411e-01 | 15 -0.01021   3.4029e-01
 16 -1.89351   1.9176e-01 | 17 -0.23694  -2.2315e-01 | 18 -0.22729   3.8246e-03
 19 -0.29556  -1.0333e-02 | 20 -0.58380  -3.8124e-03 | 21 -0.59714  -3.4110e-04
 22  0.09833  -4.1131e-02 | 23 -0.17631   2.0579e-05 | 24  0.01069  -1.5287e-02
 25  0.08352  -5.9628e-02 | 26  0.12688   5.3971e-01 | 27  0.15278   1.3407e-01
 28  0.15512   2.8643e-02 | 29  0.14977   2.6515e-01 | 30  0.15138  -2.0900e-01
 31  0.15581   4.0038e-01 | 32  0.14744  -1.2878e-01 | 33  0.12817  -1.4077e+00
 34 -2.11296  -7.3522e-02 | 35  0.12319   7.6150e-01 | 36  0.11958   2.1977e+00
 37  0.08821  -1.8481e-01 | 38  0.05114   4.1204e-01 | 39  0.00583   1.0074e-01
 40 -1.95954   1.0808e-01 | 41 -0.09567   8.1623e-02 | 42 -0.15630  -3.1902e-02
 43 -0.01823  -6.6567e-01 | 44 -0.06971  -8.3831e-01 | 45 -0.09103  -5.4333e-01
 46 -0.16649  -1.7156e-01 | 47 -0.18245  -1.0831e-01 | 48 -0.14487  -1.4456e-01
 49 -0.10560  -2.1026e-03 | 50 -0.06395  -8.6765e-02 | 51 -0.02979  -2.6259e-01
 52  0.02008   2.7713e-01 | 53 -0.00218   9.1348e-02 | 54  0.02744  -8.1234e-02
 55  0.02005  -5.4298e-02 | 56  0.03678   1.6123e-01 | 57  0.08833   2.3106e-01
 58  0.10851   3.2731e-02 | 59  0.04214   3.7030e-01 | 60 -0.11133  -2.8025e-01
 61 -0.07055   3.5246e-02 | 62  0.03860  -5.4611e-02 | 63 -0.02297  -2.3349e-01
 64 -0.04747  -3.7964e-01 | 65 -0.05271  -2.2868e-01 | 66 -0.03626   7.4335e-02
 67 -0.06278  -6.3666e-02 | 68 -0.05086  -2.2317e-01 | 69 -0.07465  -3.3095e-01
 70 -0.06140  -2.7769e-01 | 71  0.05370  -4.9446e-01 | 72  0.04170  -8.6347e-01
 73  0.00094  -6.7229e-01 | 74 -0.00312  -3.4291e-01 | 75  0.09959  -5.5547e-01
 76  0.08060  -7.0891e-01 | 77 -0.02143  -3.9022e-01 | 78 -0.05949  -3.7132e-01
 79  0.08649  -3.7978e-01 | 80  0.31609  -7.6025e-01 | 81  0.83740  -4.6924e-01
 82 -0.12379  -6.7001e-02 | 83 -0.04107  -1.2239e-01 | 84  0.04247  -1.7961e-01
 85 -0.04495  -3.0900e-01 | 86  0.09717  -1.4342e-01 | 87  0.21678  -5.5371e-01
 88 -0.08534  -1.4017e-01 | 89 -0.20661  -7.3439e-02 | 90 -0.15007   6.3927e-03
 91 -0.04316   2.4970e-02 | 92 -0.01948   1.7772e-02 | 93  0.03939   1.3114e-01
 94  0.16118  -1.9536e-01 | 95  0.00907  -5.5857e-02 | 96 -0.00579  -1.4720e-01
 97  0.01329   7.9589e-02 | 98  0.09650   1.4184e-01 | 99  0.08938   9.1527e-01
100  0.08763   8.3253e-01 |101  0.11079   9.3163e-01 |102 -0.07836   5.5903e-02
103 -0.10628  -1.3243e-01 |104  0.05298  -1.0452e-02 |105  0.03538   1.6472e-03
106 -0.04797   9.1319e-02 |107 -0.05906   8.3890e-02 |108  0.07075   8.2696e-02
109  0.09772  -1.9646e-01 |110  0.08718   7.5102e-02 |111  0.00903  -4.7160e-02
112 -0.12886   5.4504e-02 |113 -0.14374  -3.1469e-02 |114 -0.03976  -5.8588e-02
115  0.11451  -4.2190e-02 |116  0.02390   1.9390e-01 |117  0.09565   2.4010e-01
118  0.04372  -1.3386e-03 |119 -0.00554   1.0313e-01 |120  0.00726   1.7729e-02
121  0.13021   8.0004e-02 |122  0.19852  -7.0156e-01 |123 -1.01401  -1.5375e-01
124  0.11045   2.3098e-01 |125 -0.01865   1.3936e-01 |126 -0.17398   1.0499e-01
127 -0.07859  -4.5586e-01 |128  0.02228  -4.5907e-01 |129  0.06743  -4.5678e-01
130  0.23198  -4.2919e-01 |131 -0.11935  -4.5130e-01 |132 -0.06475  -4.5698e-01
133 -0.00735  -4.5932e-01 |134  0.00435  -4.5934e-01 |135  0.12188  -4.5096e-01
136 -0.05906  -4.5738e-01 |137  0.13261  -4.4942e-01 |138  0.05630  -4.5756e-01
139 -0.05512  -4.5763e-01 |140 -0.07714  -4.5599e-01 |141  0.33603  -3.9684e-01
142 -0.08021  -4.5571e-01 |143 -0.05956  -4.5734e-01 |144 -0.00630  -4.5933e-01
145  0.00010  -4.5935e-01 |146 -0.02000  -4.5913e-01 |147  0.09659  -4.5408e-01
148 -0.07351  -4.5629e-01 |149 -0.08010  -4.5572e-01 |150  0.12746  -4.5018e-01
151 -0.14098  -4.4814e-01 |152  0.01340  -4.5925e-01 |153  0.12992  -4.4982e-01
154 -0.48971  -3.3002e-01 |155 -0.07008  -4.5657e-01 |156 -0.02252  -4.5907e-01
157 -0.19065  -4.3891e-01 |158 -0.07223  -4.5640e-01 |159  0.11583  -4.5177e-01
160  0.11311  -4.5212e-01 |161  0.13227  -4.4947e-01 |162 -0.09538  -4.5421e-01
163 -0.07135  -4.5647e-01 |164 -0.06032  -4.5729e-01 |165  0.30820  -4.0657e-01
166 -0.04537  -4.5819e-01 |167 -0.00549  -4.5934e-01 |168  0.01911  -4.5915e-01
169  0.01207   5.5692e+00 |170  0.00679   2.3541e+00 |171  0.00448   9.5180e-02
172  0.02814  -1.2865e+00 |173  0.07622   7.3258e-04 |174  0.03706   1.4080e-01
175  0.03413  -5.7132e-02 |176  0.01296  -4.7295e-01 |177  0.03249  -1.0411e+00
178  0.09754  -2.6769e-01 |179  0.11915  -1.6253e+00 |180  0.10902  -1.1488e+00
181  0.05499  -7.0251e-01 |182 -0.02502  -1.1326e+00 |183 -0.03400  -1.9568e+00
184 -0.01284  -8.2625e-01 |185 -0.01144  -1.0380e+00 |186 -0.02104  -1.9983e+00
187 -0.04425  -9.0179e-01 |188 -0.03138  -5.3957e-01 |189  0.02434   1.1105e+00
190  0.02823   3.6925e-01 |191  0.02802  -1.8295e+00 |192  0.01961  -4.1501e-01
193 -0.02140   1.4598e-01 |194 -0.07582  -1.7432e-01 |195 -0.00148  -4.0402e-01
196  0.05596  -6.4139e-01 |197  0.01936   1.0341e+00 |198  0.00523   1.4023e-01
199  0.00709  -1.9115e-01 |200  0.01294  -1.1136e+00 |201  0.02190  -9.7089e-01
202  0.11836   1.5678e+00 |203  0.11431  -2.2201e-01 |204  0.09407  -2.2534e-01
205 -0.02975  -8.7683e-02 |206 -0.67749  -2.5007e-01 |207 -0.12276  -5.9932e-01
208 -0.08866  -1.2500e+00 |209 -0.04306  -7.3994e-02 |210  0.06271  -4.2933e-01
211 -0.10373  -4.8393e-01 |212 -0.05632  -2.1602e+00 |213  0.03618  -1.1829e+00
214 -0.00857  -5.2889e-09 |215 -0.65215   8.8087e-01 |216 -0.83999  -2.3727e-01
217  0.02552   7.3714e+00 |218 -0.16353   5.1419e-01 |219 -0.25055   2.3968e-01
220 -0.05313   4.1437e-02 |221  0.03865  -3.7966e-01 |222 -0.00006   7.0149e-02
223  0.00965   7.1244e-01 |224 -0.02953   3.2431e-02 |225 -0.03769  -3.3029e-01
226  0.08878  -1.9268e-01 |227  0.07061  -2.4115e-01 |228  0.19616  -1.2988e-01
229  0.10369  -2.2051e-02 |230  0.09746   4.5497e-02 |231  0.04817   3.0097e-02
232  0.05720  -3.2735e-01 |233  0.06312  -2.0966e-01 |234  0.12765  -2.6473e-01
235 -0.11639  -3.5968e-01 |236 -0.12403  -1.3607e-01 |237  0.00623   2.0411e-02
238  0.02734   1.4997e-01 |239 -0.11201  -1.2622e-01 |240 -0.15146  -3.5460e-01
241 -0.06569  -5.4513e-01 |242  0.01394   1.7194e-01 |243  0.04454   6.0369e-02
244 -0.02129  -7.4049e-02 |245 -0.12228  -9.8374e-02 |246 -0.23614  -1.9365e-01
247 -0.10623   4.6472e-02 |248  0.00028  -2.1736e-01 |249  0.05226  -7.5626e-02
250  0.08354  -2.4710e-01 |251  0.05452  -4.4990e-01 |252 -0.01597   7.7027e-02
253  0.00011   1.0869e-01 |254  0.13436  -3.6784e-01 |255  0.19718   4.2225e-02
256  0.23081  -4.5374e-01 |257 -0.14514  -1.0874e-01 |258  0.09505  -1.6481e+01
259  0.14947  -1.2640e+00 |260 -0.86825  -6.5774e-01 |261 -0.84436   2.1225e-01
262 -1.09646   2.1868e-01 |263 -0.19621  -2.3579e+00 |264 -0.10369  -2.4417e+00
265 -0.24325  -2.2960e+00 |266  0.59089  -1.4829e+00 |267 -0.04483  -2.4683e+00
268 -0.30573  -2.1946e+00 |269 -0.53715  -1.6447e+00 |270  0.37002  -2.0681e+00
271  0.24532  -2.2930e+00 |272 -0.09121  -2.4491e+00 |273  0.94953  -1.9596e-01
274  0.48934  -1.7787e+00 |275  0.12498  -2.4269e+00 |276 -0.38570  -2.0340e+00
277 -0.64397  -1.3128e+00 |278  0.35513  -2.0993e+00 |279  0.42713  -1.9381e+00
280  0.03090  -2.4715e+00 |281  0.42300  -1.9480e+00 |282 -0.00091  -2.4745e+00
283  0.31721  -2.1736e+00 |284  0.37868  -2.0494e+00 |285 -0.20656  -2.3453e+00
286  0.14861  -2.4073e+00 |287  0.39473  -2.0138e+00 |288 -0.90965  -3.5000e-01
289 -0.23919  -2.3018e+00 |290 -0.46694  -1.8382e+00 |291 -0.69429  -1.1431e+00
292 -0.09556  -2.4466e+00 |293  0.53717  -1.6446e+00 |294 -0.37987  -2.0468e+00
295 -0.13220  -2.4213e+00 |296 -0.35809  -2.0932e+00 |297 -0.37917  -2.0484e+00
298  0.32844  -2.1524e+00 |299 -0.17473  -2.3818e+00 |300 -0.20180  -2.3512e+00
301  0.45637  -1.8654e+00 |302  0.21334  -2.3368e+00 |303  0.47058  -1.4391e+01
304  0.08652  -6.5415e-02 |305 -0.90629   9.6593e+00 |306  0.25132   3.3314e-01
307 -0.88004   4.7163e+00 |308 -0.52367   2.1309e+00 |
19.5899 7.12353 69.3197 45.1483 
11.1467 11.1467 48.9331 49.7071 
6.28981 9.31313 0 1.16989 11.3979 
0 2.01529 0 0 0.445841 19.4164 0 
19.591 7.11349 69.3063 45.1183 
11.1872 11.1872 48.9547 49.7123 
6.30962 9.3061 0 1.16945 11.3806 
0 2.00758 0 0 0.446195 19.4156 0 
19.5889 7.13142 69.3053 45.1254 
11.1889 11.1889 48.9883 49.7045 
6.32199 9.31467 0 1.16059 11.3374 
0 2.00448 0 0 0.446131 19.4012 0 
19.5785 7.17508 69.2825 45.1138 
11.2001 11.2001 49.0151 49.7064 
6.33139 9.29768 0 1.15253 11.3143 
0 2.00137 0 0 0.446739 19.4167 0 
19.576 7.18512 69.2601 45.1368 
11.2021 11.2021 49.0097 49.7031 
6.32958 9.3053 0 1.14922 11.2932 
0 2.00749 0 0 0.446514 19.413 0 
19.5747 7.21687 69.2485 45.1463 
11.1735 11.1735 48.9843 49.707 
6.31631 9.32513 0 1.14469 11.2613 
0 2.0169 0 0 0.445546 19.426 0 
19.5521 7.22934 69.2121 45.158 
11.1692 11.1692 48.9936 49.7041 
6.30886 9.32511 0 1.13398 11.268 
0 2.01743 0 0 0.446065 19.4553 0 
19.5504 7.2355 69.1958 45.1441 
11.1702 11.1702 48.9695 49.7176 
6.31223 9.33036 0 1.14123 11.2686 
0 2.02604 0 0 0.445705 19.4646 0 
19.5615 7.19788 69.2119 45.1189 
11.1605 11.1605 48.9696 49.7365 
6.32144 9.32241 0 1.15106 11.2854 
0 2.02749 0 0 0.446257 19.4544 0 
19.5674 7.15835 69.204 45.0957 
11.183 11.183 48.955 49.7464 
6.33241 9.30584 0 1.16183 11.3161 
0 2.02856 0 0 0.446861 19.4651 0 
308 variables; iteration 320; function evaluation 351; phase 1
Function value   3.0888692e+02; maximum gradient component mag   6.5124e+00
Var   Value    Gradient   |Var   Value    Gradient   |Var   Value    Gradient
  1  0.13322   2.2033e-01 |  2  0.18574   1.2709e-01 |  3  0.18932   2.0469e-01
  4  0.19605   3.1376e-01 |  5  0.19453  -2.0142e-01 |  6  0.19092   2.8935e-01
  7  0.17736  -1.2373e-01 |  8  0.17321  -4.7712e-01 |  9  0.17193  -3.2571e-01
 10  0.14813  -2.0279e-01 | 11  0.12461   1.2772e-01 | 12  0.12634   1.1929e-01
 13  0.10169   3.3332e-02 | 14  0.05611   1.9108e-01 | 15 -0.01240   1.3502e-02
 16 -1.91172  -2.6657e-01 | 17 -0.21395  -1.9310e-01 | 18 -0.22966   4.6451e-03
 19 -0.29476  -8.3541e-03 | 20 -0.58120  -3.8306e-03 | 21 -0.58927  -3.4840e-04
 22  0.09840   2.9853e-02 | 23 -0.17648   5.7249e-05 | 24  0.01103   1.2963e-02
 25  0.08389   8.8652e-02 | 26  0.12597  -1.0732e-01 | 27  0.15247   3.1661e-02
 28  0.15511   3.8602e-01 | 29  0.14944  -7.8089e-02 | 30  0.15124   3.8631e-03
 31  0.15533  -1.8240e-01 | 32  0.14739   1.1340e-01 | 33  0.12952   9.4285e-01
 34 -2.11341  -1.0367e+00 | 35  0.12230  -8.5749e-02 | 36  0.11890   1.0884e-01
 37  0.08781  -1.2328e-01 | 38  0.05087  -1.5358e-01 | 39  0.00596   5.7227e-02
 40 -1.96090  -2.8674e-01 | 41 -0.09628   1.8170e-03 | 42 -0.15781  -5.4632e-02
 43 -0.01924   3.0771e-01 | 44 -0.06969   1.0622e-01 | 45 -0.09146   2.2548e-01
 46 -0.16784   3.5070e-01 | 47 -0.18456   2.9251e-01 | 48 -0.14608   3.5764e-01
 49 -0.10770   4.4405e-01 | 50 -0.06428   4.8223e-01 | 51 -0.02844   3.5607e-01
 52  0.01495   2.7823e-01 | 53 -0.00445   8.5005e-02 | 54  0.02914  -1.9412e-01
 55  0.01878  -3.5910e-01 | 56  0.03725  -1.4279e-01 | 57  0.09449  -1.2305e-01
 58  0.10381  -1.0806e+00 | 59  0.03394  -4.0023e-01 | 60 -0.10856   3.0981e-01
 61 -0.07212   2.6130e-01 | 62  0.03620   1.1248e-01 | 63 -0.02211   3.5817e-01
 64 -0.04293   4.6002e-01 | 65 -0.05214   1.9894e-01 | 66 -0.04380  -1.4467e-01
 67 -0.06719  -3.0723e-02 | 68 -0.05116   1.5819e-01 | 69 -0.07325   2.9218e-01
 70 -0.06233   4.0995e-01 | 71  0.05423   9.9225e-01 | 72  0.04981   1.2348e+00
 73  0.00292   8.2441e-01 | 74 -0.00359   8.1964e-01 | 75  0.10121   1.2484e+00
 76  0.08246   1.1149e+00 | 77 -0.02001   8.6377e-01 | 78 -0.05936   6.5005e-01
 79  0.08497   9.5711e-01 | 80  0.31555   1.0131e+00 | 81  0.96344  -7.1715e-02
 82 -0.12530   3.7978e-01 | 83 -0.04352   3.2955e-01 | 84  0.04215   4.1526e-01
 85 -0.05456  -3.4273e-01 | 86  0.09817   2.1056e-01 | 87  0.21598   1.1380e-01
 88 -0.08595   1.8463e-01 | 89 -0.20606   2.3528e-01 | 90 -0.15064   2.2606e-01
 91 -0.04462   1.2240e-01 | 92 -0.01857   2.1802e-01 | 93  0.03896   3.6464e-01
 94  0.16193   4.6170e-01 | 95  0.01124   2.8409e-01 | 96 -0.00222   2.7245e-01
 97  0.01113  -1.1828e-02 | 98  0.10210   2.3027e-01 | 99  0.08456  -2.4324e-01
100  0.08634  -1.0674e-01 |101  0.11098  -9.4086e-02 |102 -0.07677   7.4797e-02
103 -0.10383   4.5205e-02 |104  0.05651   2.5529e-01 |105  0.03823   2.7035e-01
106 -0.04538   2.8105e-01 |107 -0.05657   3.4252e-01 |108  0.06999   2.7744e-01
109  0.09856   1.4526e-01 |110  0.08681   7.5602e-02 |111  0.01019   1.1201e-01
112 -0.12773   1.6657e-01 |113 -0.14093   1.7625e-01 |114 -0.03717   1.6564e-01
115  0.11475   2.8006e-01 |116  0.02101   3.2263e-01 |117  0.09447   5.6098e-01
118  0.04244   4.8830e-01 |119 -0.01286   3.3168e-01 |120  0.00467   3.9453e-01
121  0.12742   4.7673e-01 |122  0.20116   1.2905e+00 |123 -0.99599   4.4928e-02
124  0.10897   3.4041e-01 |125 -0.01771   2.7004e-01 |126 -0.17334   2.6800e-01
127 -0.07205   3.5524e-01 |128  0.02790   3.5719e-01 |129  0.06374   3.5574e-01
130  0.19797   3.4038e-01 |131 -0.12799   3.5033e-01 |132 -0.05937   3.5598e-01
133 -0.02196   3.5732e-01 |134  0.00231   3.5753e-01 |135  0.11997   3.5120e-01
136 -0.05365   3.5626e-01 |137  0.12905   3.5021e-01 |138  0.06231   3.5582e-01
139 -0.04455   3.5665e-01 |140 -0.07181   3.5526e-01 |141  0.28739   3.2171e-01
142 -0.07453   3.5508e-01 |143 -0.05415   3.5624e-01 |144 -0.00130   3.5753e-01
145  0.01404   3.5744e-01 |146 -0.01508   3.5743e-01 |147  0.10034   3.5310e-01
148 -0.06821   3.5548e-01 |149 -0.07412   3.5511e-01 |150  0.12473   3.5069e-01
151 -0.13174   3.4990e-01 |152  0.02769   3.5719e-01 |153  0.12819   3.5030e-01
154 -0.51060   2.4857e-01 |155 -0.06475   3.5568e-01 |156 -0.03974   3.5683e-01
157 -0.18657   3.4228e-01 |158 -0.06432   3.5571e-01 |159  0.11472   3.5174e-01
160  0.11232   3.5198e-01 |161  0.12877   3.5024e-01 |162 -0.11147   3.5206e-01
163 -0.06603   3.5561e-01 |164 -0.05491   3.5620e-01 |165  0.32654   3.1152e-01
166 -0.04907   3.5647e-01 |167 -0.00048   3.5753e-01 |168  0.02465   3.5726e-01
169  0.01238   6.5124e+00 |170  0.00561  -2.8375e-02 |171  0.00361  -9.5288e-01
172  0.02749  -7.7271e-01 |173  0.07542  -6.5777e-01 |174  0.03609  -8.3143e-01
175  0.03329  -1.1395e+00 |176  0.01213  -4.9739e-01 |177  0.03222  -5.6464e-01
178  0.09667   3.1466e-01 |179  0.11850  -1.0018e-01 |180  0.10874   5.8580e-01
181  0.05459   8.5326e-01 |182 -0.02591  -5.7712e-01 |183 -0.03326  -7.1108e-02
184 -0.01419   1.3890e-01 |185 -0.01277  -1.9770e-01 |186 -0.02158  -8.4440e-01
187 -0.04464  -7.5816e-01 |188 -0.03158  -8.9694e-01 |189  0.02390  -5.5065e-01
190  0.02771  -7.2471e-01 |191  0.02757   2.1045e-01 |192  0.01855   4.6920e-01
193 -0.02231   6.4091e-03 |194 -0.07644  -6.9748e-01 |195 -0.00152  -9.4191e-01
196  0.05619  -1.5413e+00 |197  0.01897  -1.8042e+00 |198  0.00580  -1.4551e+00
199  0.00677  -1.8701e+00 |200  0.01231  -1.2028e+00 |201  0.02164  -1.2999e+00
202  0.11782  -2.0048e+00 |203  0.11370  -1.3465e+00 |204  0.09315  -1.4142e+00
205 -0.03126  -8.3866e-01 |206 -0.67877  -3.7535e-01 |207 -0.12311  -6.3702e-01
208 -0.08871  -3.8070e-01 |209 -0.04405  -6.5694e-01 |210  0.06203  -8.9018e-01
211 -0.07999  -7.4513e-01 |212 -0.05616  -1.4446e+00 |213  0.03591  -3.1890e-01
214 -0.00857  -5.2886e-09 |215 -0.65313  -2.7588e-01 |216 -0.84071   5.9627e-02
217  0.02282   2.1528e+00 |218 -0.16402   3.1835e-01 |219 -0.25070   1.7545e-01
220 -0.05322  -3.6616e-02 |221  0.03791  -1.2325e-01 |222 -0.00080  -7.8026e-02
223  0.00873  -5.1621e-02 |224 -0.02930   9.3242e-02 |225 -0.03695   1.0679e-01
226  0.08935   1.2873e-01 |227  0.07052  -9.4576e-02 |228  0.19591  -6.9018e-02
229  0.10390  -2.2613e-01 |230  0.09703  -3.5753e-02 |231  0.04942   1.8695e-01
232  0.05810   1.3460e-01 |233  0.06300  -3.6071e-02 |234  0.12764  -3.8161e-02
235 -0.11653   1.7871e-01 |236 -0.12465   7.5752e-02 |237  0.00591   1.4040e-01
238  0.02709   1.4715e-01 |239 -0.11179   1.0729e-01 |240 -0.15046   1.2382e-02
241 -0.06457   1.2476e-01 |242  0.01307  -1.7172e-02 |243  0.04336  -1.0465e-02
244 -0.02253  -2.3461e-03 |245 -0.12289   7.5000e-02 |246 -0.23552   1.8907e-01
247 -0.10545   1.4769e-01 |248  0.00151   1.5239e-01 |249  0.05296   3.0662e-02
250  0.08380   1.3020e-02 |251  0.05563   1.1829e-03 |252 -0.01656  -1.3268e-01
253 -0.00142  -2.0866e-01 |254  0.13265  -1.4402e-01 |255  0.19745  -1.6252e-01
256  0.23325  -3.6945e-03 |257 -0.14531  -1.2905e-01 |258  0.09543  -7.0363e-01
259  0.14953   6.6997e-01 |260 -0.86812  -8.9759e-01 |261 -0.84439  -5.4373e-01
262 -1.13912   6.9907e-01 |263 -0.19164  -1.6097e+00 |264 -0.12081  -1.6552e+00
265 -0.23256  -1.5743e+00 |266  0.58896  -1.0142e+00 |267 -0.06221  -1.6775e+00
268 -0.28477  -1.5197e+00 |269 -0.52693  -1.1404e+00 |270  0.36901  -1.4102e+00
271  0.25852  -1.5484e+00 |272 -0.05683  -1.6788e+00 |273  0.94883  -1.3532e-01
274  0.48590  -1.2179e+00 |275  0.12475  -1.6532e+00 |276 -0.36533  -1.4155e+00
277 -0.63015  -9.2504e-01 |278  0.37134  -1.4068e+00 |279  0.42001  -1.3318e+00
280  0.03784  -1.6825e+00 |281  0.42984  -1.3157e+00 |282  0.03584  -1.6828e+00
283  0.30198  -1.4994e+00 |284  0.35324  -1.4326e+00 |285 -0.21600  -1.5894e+00
286  0.16448  -1.6295e+00 |287  0.37572  -1.4004e+00 |288 -0.91830  -2.1571e-01
289 -0.20853  -1.5959e+00 |290 -0.41906  -1.3333e+00 |291 -0.65935  -8.5946e-01
292 -0.07445  -1.6740e+00 |293  0.49674  -1.1979e+00 |294 -0.39491  -1.3715e+00
295 -0.19033  -1.6107e+00 |296 -0.34384  -1.4456e+00 |297 -0.38456  -1.3872e+00
298  0.31692  -1.4809e+00 |299 -0.17985  -1.6187e+00 |300 -0.19007  -1.6109e+00
301  0.39652  -1.3690e+00 |302  0.16360  -1.6301e+00 |303  0.47113   7.9261e-01
304  0.08879  -3.6734e-03 |305 -0.90744  -5.4486e+00 |306  0.25114  -4.6973e-01
307 -0.87975   7.7480e-01 |308 -0.52457  -6.4749e-01 |
19.5785 7.16087 69.1865 45.1039 
11.1939 11.1939 48.965 49.7427 
6.32812 9.29903 0 1.1649 11.3036 
0 2.0278 0 0 0.446713 19.4573 0 
19.5949 7.15641 69.1817 45.1069 
11.199 11.199 48.9654 49.7411 
6.32137 9.29341 0 1.16904 11.2985 
0 2.02963 0 0 0.446563 19.439 0 
19.6201 7.1697 69.175 45.1093 
11.2065 11.2065 48.9609 49.7363 
6.30306 9.27999 0 1.17372 11.2823 
0 2.02783 0 0 0.446061 19.4323 0 
19.6219 7.18098 69.1823 45.1077 
11.2123 11.2123 48.9434 49.7449 
6.29321 9.27715 0 1.17287 11.3002 
0 2.0268 0 0 0.445837 19.4149 0 
19.6241 7.192 69.2078 45.0915 
11.2012 11.2012 48.9223 49.755 
6.28627 9.27741 0 1.1706 11.3092 
0 2.02583 0 0 0.445426 19.4171 0 
19.6211 7.21264 69.229 45.07 
11.2085 11.2085 48.8979 49.783 
6.27727 9.26253 0 1.17057 11.333 
0 2.01833 0 0 0.445137 19.4059 0 
19.6014 7.21326 69.2448 45.059 
11.194 11.194 48.8947 49.8037 
6.28111 9.27076 0 1.17052 11.3495 
0 2.01664 0 0 0.44487 19.4006 0 
19.6076 7.19505 69.2658 45.0519 
11.1781 11.1781 48.9059 49.817 
6.29212 9.27801 0 1.1797 11.3427 
0 2.01281 0 0 0.444618 19.3796 0 
19.606 7.19189 69.2481 45.041 
11.2102 11.2102 48.9275 49.8314 
6.29453 9.2442 0 1.19049 11.3305 
0 2.00911 0 0 0.444162 19.3721 0 
19.6114 7.18105 69.2475 45.0533 
11.1972 11.1972 48.9394 49.8304 
6.2914 9.25449 0 1.1938 11.3257 
0 2.0105 0 0 0.444151 19.3575 0 
308 variables; iteration 330; function evaluation 361; phase 1
Function value   3.0884734e+02; maximum gradient component mag   1.6013e+01
Var   Value    Gradient   |Var   Value    Gradient   |Var   Value    Gradient
  1  0.13012  -6.8335e-02 |  2  0.18591  -2.6676e-02 |  3  0.18921  -3.0849e-02
  4  0.19616   2.1989e-01 |  5  0.19472   3.0139e-01 |  6  0.19099   3.4119e-01
  7  0.17732  -2.7598e-01 |  8  0.17340  -1.0231e-01 |  9  0.17211  -3.3212e-02
 10  0.14831   1.5873e-01 | 11  0.12449  -1.2377e-01 | 12  0.12643  -9.5990e-02
 13  0.10209  -1.0652e-01 | 14  0.05654   1.1349e-01 | 15 -0.01151   6.1984e-02
 16 -1.90466  -6.8566e-02 | 17 -0.17700  -9.9583e-02 | 18 -0.22838   4.7807e-03
 19 -0.29073  -8.4354e-03 | 20 -0.57301  -3.8856e-03 | 21 -0.54914  -3.5104e-04
 22  0.09833  -7.4360e-04 | 23 -0.17649   2.4263e-05 | 24  0.01203   4.5038e-02
 25  0.08366  -2.5840e-02 | 26  0.12644   1.1935e-01 | 27  0.15275   1.0045e-01
 28  0.15518   9.1949e-02 | 29  0.14977   1.5459e-01 | 30  0.15147  -1.2007e-02
 31  0.15562  -1.2370e-01 | 32  0.14755  -1.1034e-01 | 33  0.12949   5.7747e-01
 34 -2.11287  -2.0455e-01 | 35  0.12237  -1.7953e-01 | 36  0.11925   1.7925e-01
 37  0.08855  -4.1604e-02 | 38  0.05163  -7.1352e-02 | 39  0.00683   1.2736e-02
 40 -1.96089  -3.7471e-03 | 41 -0.09476   5.2955e-02 | 42 -0.15540  -2.2973e-02
 43 -0.01836  -1.6982e-01 | 44 -0.06813  -3.3223e-01 | 45 -0.09113  -3.2139e-01
 46 -0.16729  -1.8043e-01 | 47 -0.18369  -2.3090e-01 | 48 -0.14644  -3.3822e-01
 49 -0.11112  -5.9414e-01 | 50 -0.06520  -3.9454e-01 | 51 -0.02753  -3.4519e-01
 52  0.00881  -7.3707e-01 | 53 -0.00215  -1.6537e-01 | 54  0.03171  -2.3969e-01
 55  0.02065  -5.2793e-01 | 56  0.03622  -6.0366e-01 | 57  0.09136  -6.1806e-01
 58  0.10573  -1.0346e+00 | 59  0.03802  -3.0743e-01 | 60 -0.10897  -1.4009e-01
 61 -0.07187  -1.1802e-01 | 62  0.03795  -3.2356e-02 | 63 -0.02344  -2.1398e-02
 64 -0.04419   1.4187e-01 | 65 -0.05195   1.0908e-01 | 66 -0.03818   2.9184e-01
 67 -0.06517   2.9072e-02 | 68 -0.05212  -1.1572e-01 | 69 -0.07297  -1.3680e-01
 70 -0.06063  -1.8143e-01 | 71  0.04898  -6.6401e-01 | 72  0.04580  -5.5480e-01
 73  0.00436  -4.0961e-01 | 74 -0.00263  -3.3329e-01 | 75  0.09860  -5.6914e-01
 76  0.08047  -5.2787e-01 | 77 -0.02100  -2.8766e-01 | 78 -0.05818  -1.7625e-01
 79  0.08186  -4.1970e-01 | 80  0.31713  -1.9340e-01 | 81  1.03244   9.1286e-02
 82 -0.12496  -1.1832e-01 | 83 -0.04266  -1.4382e-01 | 84  0.04152  -1.5093e-01
 85 -0.04574  -2.1704e-01 | 86  0.09660   4.1335e-02 | 87  0.21507  -5.6893e-02
 88 -0.08706   7.5723e-03 | 89 -0.20696   4.6534e-02 | 90 -0.15123   2.1387e-02
 91 -0.04392  -3.7880e-02 | 92 -0.01866  -3.8581e-02 | 93  0.03626  -1.3815e-01
 94  0.16183  -2.3942e-01 | 95  0.01359  -1.1321e-02 | 96 -0.00101   9.5519e-03
 97  0.01328  -3.3758e-02 | 98  0.09872  -6.7838e-02 | 99  0.08587  -1.8432e-01
100  0.08728  -1.1370e-01 |101  0.11081  -6.7177e-02 |102 -0.07610  -1.9585e-02
103 -0.10180   1.4593e-03 |104  0.05490  -1.7599e-02 |105  0.03653   9.7070e-03
106 -0.04721   5.9935e-02 |107 -0.05969   4.4054e-02 |108  0.06861   1.9854e-01
109  0.10016   3.5970e-01 |110  0.08560   2.4622e-01 |111  0.00823   1.7012e-01
112 -0.12828   1.0993e-01 |113 -0.14166   4.6937e-02 |114 -0.03687   5.5597e-02
115  0.11493  -1.0217e-01 |116  0.02108  -1.0526e-01 |117  0.09397  -2.2362e-01
118  0.04422  -8.0883e-02 |119 -0.01144  -3.8750e-02 |120  0.00429  -3.2519e-02
121  0.13093   1.5893e-02 |122  0.19985  -2.5203e-01 |123 -0.98687   1.4331e-01
124  0.10849  -2.0748e-02 |125 -0.01781   4.9443e-02 |126 -0.17493   1.3308e-02
127 -0.07078   5.3711e-02 |128  0.03180   5.3977e-02 |129  0.06484   5.3764e-02
130  0.17204   5.2083e-02 |131 -0.12636   5.2983e-02 |132 -0.05689   5.3829e-02
133 -0.02734   5.3995e-02 |134  0.00244   5.4044e-02 |135  0.11956   5.3094e-02
136 -0.05068   5.3873e-02 |137  0.12689   5.2974e-02 |138  0.06691   5.3746e-02
139 -0.03902   5.3943e-02 |140 -0.07070   5.3711e-02 |141  0.26951   4.9273e-02
142 -0.07372   5.3682e-02 |143 -0.05122   5.3870e-02 |144  0.00199   5.4044e-02
145  0.02305   5.4009e-02 |146 -0.01179   5.4035e-02 |147  0.10313   5.3337e-02
148 -0.06668   5.3748e-02 |149 -0.07321   5.3687e-02 |150  0.12346   5.3031e-02
151 -0.15851   5.2378e-02 |152  0.03709   5.3953e-02 |153  0.12626   5.2985e-02
154 -0.52779   3.6511e-02 |155 -0.06283   5.3781e-02 |156 -0.04522   5.3908e-02
157 -0.18851   5.1692e-02 |158 -0.06179   5.3790e-02 |159  0.11512   5.3163e-02
160  0.11305   5.3194e-02 |161  0.12667   5.2978e-02 |162 -0.10995   5.3240e-02
163 -0.06425   5.3769e-02 |164 -0.05204   5.3864e-02 |165  0.34976   4.6091e-02
166 -0.04771   5.3893e-02 |167  0.00282   5.4044e-02 |168  0.02846   5.3990e-02
169  0.01251   1.6013e+01 |170  0.00542   4.5336e-01 |171  0.00326   4.8020e-01
172  0.02697   6.1752e-01 |173  0.07492   8.4402e-01 |174  0.03544   9.8890e-01
175  0.03284   1.2633e+00 |176  0.01141   5.7907e-01 |177  0.03142  -2.6374e-01
178  0.09607   8.6393e-01 |179  0.11827   4.2633e-01 |180  0.10856   3.8897e-02
181  0.05438   1.4362e+00 |182 -0.02545   1.4241e+00 |183 -0.03420   6.6281e-01
184 -0.01410   5.8089e-01 |185 -0.01247   2.5256e-01 |186 -0.02170  -1.5785e-01
187 -0.04498   3.6534e-01 |188 -0.03186   1.1000e-01 |189  0.02350  -2.5388e-01
190  0.02754  -7.8178e-01 |191  0.02736  -4.7738e-01 |192  0.01842  -2.3190e-01
193 -0.02289   2.5743e-01 |194 -0.07701   2.3254e-01 |195 -0.00247   1.5654e-01
196  0.05516   8.2871e-01 |197  0.01795   1.0572e+00 |198  0.00466   7.6190e-01
199  0.00652   5.5823e-01 |200  0.01186   5.0889e-01 |201  0.02103   5.9967e-01
202  0.11698   3.1377e-01 |203  0.11348   1.0520e+00 |204  0.09273   4.6037e-02
205 -0.03132   2.9042e-01 |206 -0.68464   9.2920e-02 |207 -0.12333   3.1901e-01
208 -0.08938   3.0113e-01 |209 -0.04453   7.9525e-02 |210  0.06168   3.6477e-01
211 -0.05975   2.1867e-01 |212 -0.05650  -6.8860e+00 |213  0.03594  -2.7845e+00
214 -0.00857  -5.2882e-09 |215 -0.65259   1.0268e-01 |216 -0.84005   3.6893e-01
217  0.02007   1.0566e+00 |218 -0.16375   6.2970e-02 |219 -0.25004   1.0438e-02
220 -0.05344   8.0800e-02 |221  0.03692  -9.0530e-02 |222 -0.00116   4.9805e-02
223  0.00881  -8.2440e-03 |224 -0.02874   1.2783e-01 |225 -0.03626   1.5332e-01
226  0.08923   4.3424e-02 |227  0.06995   7.1168e-02 |228  0.19557   4.6853e-02
229  0.10440   1.0559e-01 |230  0.09815   3.5881e-02 |231  0.04941   1.0016e-01
232  0.05782   1.4671e-01 |233  0.06366   9.7929e-02 |234  0.12735  -9.1386e-02
235 -0.11636   6.2988e-02 |236 -0.12401   3.6364e-02 |237  0.00603   9.4208e-02
238  0.02607   6.5738e-04 |239 -0.11225   4.8908e-02 |240 -0.15093   5.5428e-02
241 -0.06574   4.5523e-02 |242  0.01252  -1.7502e-01 |243  0.04355  -1.6695e-01
244 -0.02289  -9.9833e-02 |245 -0.12261  -1.1923e-01 |246 -0.23444  -1.5794e-01
247 -0.10442  -6.7266e-02 |248  0.00207   3.0359e-02 |249  0.05256   4.4467e-02
250  0.08312   6.8129e-02 |251  0.05552   6.0876e-02 |252 -0.01659   1.1014e-01
253 -0.00233   7.5974e-02 |254  0.13365   1.2906e-01 |255  0.19761  -1.4089e-02
256  0.23241   3.9729e-02 |257 -0.14479   8.8497e-02 |258  0.09582  -7.9162e-01
259  0.14957   1.0741e-01 |260 -0.86800  -1.1279e-01 |261 -0.84438   2.8785e-01
262 -1.17266   3.8914e-01 |263 -0.18779   8.6353e-01 |264 -0.09486   8.9251e-01
265 -0.23528   8.4157e-01 |266  0.58537   5.4712e-01 |267 -0.09261   8.9297e-01
268 -0.27410   8.2014e-01 |269 -0.52119   6.1657e-01 |270  0.37159   7.5308e-01
271  0.26187   8.2722e-01 |272 -0.02261   9.0194e-01 |273  0.95406   6.5076e-02
274  0.49343   6.4472e-01 |275  0.12193   8.8600e-01 |276 -0.35317   7.6715e-01
277 -0.62232   5.0456e-01 |278  0.38414   7.4313e-01 |279  0.41499   7.1745e-01
280  0.02664   9.0172e-01 |281  0.44052   6.9492e-01 |282  0.05569   8.9905e-01
283  0.28588   8.1303e-01 |284  0.32691   7.8611e-01 |285 -0.21532   8.5137e-01
286  0.17541   8.6846e-01 |287  0.35929   7.6255e-01 |288 -0.93130   9.7206e-02
289 -0.19168   8.6190e-01 |290 -0.37739   7.4852e-01 |291 -0.63365   4.9116e-01
292 -0.04343   9.0041e-01 |293  0.46859   6.6887e-01 |294 -0.40126   7.2909e-01
295 -0.24270   8.3771e-01 |296 -0.32910   7.8458e-01 |297 -0.38904   7.3917e-01
298  0.31440   7.9467e-01 |299 -0.18412   8.6502e-01 |300 -0.18480   8.6475e-01
301  0.34441   7.7362e-01 |302  0.13194   8.8319e-01 |303  0.47149  -6.6338e-01
304  0.08804  -3.4469e-01 |305 -0.90728  -3.7319e+00 |306  0.25179  -2.4050e-01
307 -0.87979   2.7750e+00 |308 -0.52470   1.1970e-01 |
19.6147 7.17651 69.2431 45.0737 
11.1884 11.1884 48.9451 49.8241 
6.28665 9.26506 0 1.1952 11.3252 
0 2.0096 0 0 0.443958 19.347 0 
19.6153 7.17328 69.2421 45.072 
11.1865 11.1865 48.9501 49.8194 
6.28156 9.2671 0 1.19187 11.3233 
0 2.0132 0 0 0.443514 19.3564 0 
19.6054 7.17402 69.2342 45.0812 
11.1885 11.1885 48.9591 49.8239 
6.27994 9.2646 0 1.19385 11.3334 
0 2.01154 0 0 0.443407 19.3521 0 
19.5947 7.17715 69.2351 45.0702 
11.1883 11.1883 48.9563 49.8304 
6.2795 9.26619 0 1.18721 11.3383 
0 2.01114 0 0 0.443211 19.3702 0 
19.5921 7.17325 69.2424 45.0621 
11.1806 11.1806 48.9566 49.8322 
6.28272 9.27367 0 1.18538 11.3468 
0 2.01006 0 0 0.443404 19.3717 0 
19.5916 7.17136 69.2389 45.0694 
11.1728 11.1728 48.9574 49.8383 
6.28587 9.27659 0 1.18192 11.3513 
0 2.00779 0 0 0.443453 19.3715 0 
19.6013 7.16475 69.2429 45.0762 
11.1656 11.1656 48.9595 49.8355 
6.28467 9.28321 0 1.18188 11.347 
0 2.00628 0 0 0.443566 19.3632 0 
19.6126 7.16265 69.2374 45.0894 
11.1641 11.1641 48.9612 49.8342 
6.28355 9.2823 0 1.1803 11.3412 
0 2.00626 0 0 0.443484 19.3554 0 
19.6227 7.15326 69.2322 45.1002 
11.1646 11.1646 48.9652 49.8357 
6.28319 9.27802 0 1.18013 11.3385 
0 2.00627 0 0 0.443414 19.35 0 
19.6246 7.15484 69.2256 45.1066 
11.1669 11.1669 48.9615 49.8405 
6.28276 9.27858 0 1.17772 11.3342 
0 2.00707 0 0 0.443415 19.348 0 
308 variables; iteration 340; function evaluation 371; phase 1
Function value   3.0883567e+02; maximum gradient component mag   7.3800e+00
Var   Value    Gradient   |Var   Value    Gradient   |Var   Value    Gradient
  1  0.13149   4.2497e-02 |  2  0.18588   1.0956e-01 |  3  0.18950   1.2937e-01
  4  0.19621  -1.8363e-02 |  5  0.19485   1.4105e-01 |  6  0.19102   1.3145e-02
  7  0.17755   1.2577e-01 |  8  0.17357   9.1383e-02 |  9  0.17222  -4.4656e-02
 10  0.14833   1.1665e-01 | 11  0.12463  -2.7974e-03 | 12  0.12655   1.7099e-02
 13  0.10230  -4.6725e-04 | 14  0.05651  -1.5115e-02 | 15 -0.01141   1.7424e-02
 16 -1.90048   2.6862e-02 | 17 -0.15765  -5.7407e-03 | 18 -0.22424   8.9659e-03
 19 -0.28788  -7.7872e-03 | 20 -0.56271  -3.9567e-03 | 21 -0.52059  -3.3037e-04
 22  0.09859  -4.0104e-03 | 23 -0.17638  -2.6102e-06 | 24  0.01134   9.8417e-03
 25  0.08401   1.5394e-02 | 26  0.12651  -1.8236e-02 | 27  0.15294   5.4859e-02
 28  0.15531  -6.7709e-02 | 29  0.14989   3.1345e-02 | 30  0.15171   4.6328e-02
 31  0.15589   3.9505e-02 | 32  0.14780   2.9710e-02 | 33  0.12918  -1.6040e-01
 34 -2.11279   5.4340e-02 | 35  0.12265   5.5457e-02 | 36  0.11946  -2.2356e-02
 37  0.08895   1.1524e-02 | 38  0.05194   2.8986e-03 | 39  0.00726   1.9105e-02
 40 -1.96129   2.5066e-02 | 41 -0.09484   1.6999e-03 | 42 -0.15390   1.3314e-03
 43 -0.01832   1.0714e-01 | 44 -0.06642   8.7739e-02 | 45 -0.08986   9.9167e-02
 46 -0.16759   1.1359e-01 | 47 -0.18343   1.3780e-01 | 48 -0.14544   1.5154e-01
 49 -0.10796   1.4164e-01 | 50 -0.06467   1.7539e-01 | 51 -0.02788   1.7238e-01
 52  0.01442   1.6499e-01 | 53 -0.00464   9.5936e-02 | 54  0.02892   7.4606e-03
 55  0.02130   4.0252e-02 | 56  0.03668   7.9950e-02 | 57  0.08892   7.8436e-02
 58  0.11058   1.4393e-01 | 59  0.03543   4.6370e-02 | 60 -0.10966   8.9406e-02
 61 -0.07235   9.3944e-02 | 62  0.03689   5.8630e-02 | 63 -0.02326   9.8509e-02
 64 -0.04551   8.3652e-02 | 65 -0.05222   8.9706e-02 | 66 -0.04220  -3.9149e-02
 67 -0.06603   1.5453e-02 | 68 -0.05093   7.7750e-02 | 69 -0.07260   9.4249e-02
 70 -0.06083   9.1867e-02 | 71  0.05064  -1.2527e-01 | 72  0.04492  -1.2962e-01
 73  0.00514   5.2948e-02 | 74 -0.00253   5.6529e-02 | 75  0.09761  -2.0307e-01
 76  0.08090  -1.2569e-01 | 77 -0.02147   9.7896e-03 | 78 -0.05909   3.5792e-02
 79  0.08334  -7.1498e-02 | 80  0.31635  -1.0525e-01 | 81  1.05042   1.2016e-01
 82 -0.12522   1.2299e-01 | 83 -0.04255   1.3650e-01 | 84  0.04180   1.3180e-01
 85 -0.03816   1.5758e-01 | 86  0.09517   1.2371e-01 | 87  0.21490   8.2184e-02
 88 -0.08694   1.4389e-01 | 89 -0.20725   1.4703e-01 | 90 -0.15129   1.5034e-01
 91 -0.04384   1.4924e-01 | 92 -0.01885   1.5064e-01 | 93  0.03731   1.7639e-01
 94  0.16123   1.6535e-01 | 95  0.01154   1.5402e-01 | 96 -0.00244   1.5581e-01
 97  0.01416   1.7025e-01 | 98  0.09837   1.5665e-01 | 99  0.08644   1.0218e-01
100  0.08806   1.4667e-01 |101  0.10960   1.4332e-01 |102 -0.07703   1.5363e-01
103 -0.10228   1.5061e-01 |104  0.05445   1.4037e-01 |105  0.03652   1.2958e-01
106 -0.04776   1.3916e-01 |107 -0.05968   1.3478e-01 |108  0.06814   1.2468e-01
109  0.09966   1.1528e-01 |110  0.08642   1.2265e-01 |111  0.00774   1.0482e-01
112 -0.12886   1.1766e-01 |113 -0.14118   1.4046e-01 |114 -0.03690   1.4105e-01
115  0.11493   8.6077e-02 |116  0.02076   7.6703e-02 |117  0.09381   3.1934e-03
118  0.04444   1.1900e-01 |119 -0.01111   1.4291e-01 |120  0.00436   1.1887e-01
121  0.13013   8.7039e-02 |122  0.20015  -9.9104e-02 |123 -0.99225   8.6015e-02
124  0.10819   9.1606e-02 |125 -0.01764   1.5041e-01 |126 -0.17416   1.5613e-01
127 -0.06917  -2.1910e-02 |128  0.03371  -2.2009e-02 |129  0.06487  -2.1926e-02
130  0.16111  -2.1338e-02 |131 -0.12264  -2.1633e-02 |132 -0.05530  -2.1957e-02
133 -0.02921  -2.2017e-02 |134  0.00417  -2.2040e-02 |135  0.11845  -2.1660e-02
136 -0.04906  -2.1975e-02 |137  0.12488  -2.1618e-02 |138  0.06859  -2.1912e-02
139 -0.03671  -2.2004e-02 |140 -0.06921  -2.1910e-02 |141  0.26214  -2.0198e-02
142 -0.07222  -2.1899e-02 |143 -0.04960  -2.1973e-02 |144  0.00377  -2.2040e-02
145  0.02627  -2.2022e-02 |146 -0.01006  -2.2038e-02 |147  0.10328  -2.1751e-02
148 -0.06516  -2.1925e-02 |149 -0.07167  -2.1901e-02 |150  0.12189  -2.1637e-02
151 -0.16158  -2.1334e-02 |152  0.04033  -2.1996e-02 |153  0.12415  -2.1622e-02
154 -0.53108  -1.4806e-02 |155 -0.06129  -2.1938e-02 |156 -0.04748  -2.1979e-02
157 -0.19028  -2.1063e-02 |158 -0.05998  -2.1943e-02 |159  0.11446  -2.1685e-02
160  0.11259  -2.1696e-02 |161  0.12469  -2.1619e-02 |162 -0.11662  -2.1672e-02
163 -0.06272  -2.1933e-02 |164 -0.05042  -2.1971e-02 |165  0.34785  -1.8831e-02
166 -0.04562  -2.1984e-02 |167  0.00460  -2.2040e-02 |168  0.03036  -2.2015e-02
169  0.01255   7.3800e+00 |170  0.00542  -9.5774e-02 |171  0.00342   7.3789e-02
172  0.02695   5.4132e-02 |173  0.07498  -1.7256e-01 |174  0.03547  -1.3800e-01
175  0.03300  -1.1687e-01 |176  0.01128  -1.5281e-01 |177  0.03171  -2.5010e-01
178  0.09606  -1.4338e-01 |179  0.11803   8.5709e-02 |180  0.10825   1.0168e-01
181  0.05441   9.2072e-02 |182 -0.02626  -1.1612e-01 |183 -0.03405  -7.6584e-02
184 -0.01391   2.0043e-02 |185 -0.01253   1.1837e-01 |186 -0.02200   1.3134e-01
187 -0.04538  -1.5436e-02 |188 -0.03211  -8.1961e-02 |189  0.02322  -3.6992e-02
190  0.02738   3.5996e-02 |191  0.02706   1.1442e-01 |192  0.01820   4.5637e-01
193 -0.02305   2.4016e-01 |194 -0.07703  -7.9397e-02 |195 -0.00240  -2.2164e-01
196  0.05522   1.1651e-01 |197  0.01798   3.8402e-01 |198  0.00453   7.0417e-02
199  0.00653   3.8996e-01 |200  0.01167   1.0310e-02 |201  0.02079   6.8173e-02
202  0.11696   3.0645e-01 |203  0.11326  -1.9775e-02 |204  0.09272   2.8895e-01
205 -0.03157  -1.2881e-02 |206 -0.69154  -4.2945e-02 |207 -0.12351  -2.7147e-02
208 -0.08948  -1.8684e-01 |209 -0.04454  -1.2609e-01 |210  0.06156  -4.5309e-02
211 -0.05273  -6.8767e-02 |212 -0.05633  -3.1433e+00 |213  0.03596  -1.7161e+00
214 -0.00857  -5.2879e-09 |215 -0.65269   6.8104e-02 |216 -0.84017   1.0424e-01
217  0.01913   1.2567e+00 |218 -0.16325  -4.8824e-02 |219 -0.24955  -1.4211e-02
220 -0.05367   3.0683e-02 |221  0.03685  -3.2965e-02 |222 -0.00127   1.1227e-02
223  0.00872   5.3014e-03 |224 -0.02881  -1.1447e-02 |225 -0.03624  -2.4793e-03
226  0.08958  -2.0321e-02 |227  0.07024  -6.9586e-02 |228  0.19555  -2.8052e-02
229  0.10410  -1.2788e-02 |230  0.09806  -1.6077e-02 |231  0.04922  -7.6913e-02
232  0.05752  -4.7397e-02 |233  0.06381   1.6590e-04 |234  0.12741  -1.1474e-02
235 -0.11632  -2.1646e-02 |236 -0.12372  -1.2326e-02 |237  0.00587  -5.2404e-02
238  0.02587  -2.0854e-02 |239 -0.11244  -2.0383e-02 |240 -0.15100   3.9252e-03
241 -0.06589  -2.6175e-02 |242  0.01211  -1.7807e-02 |243  0.04337  -2.9413e-02
244 -0.02301  -1.2149e-02 |245 -0.12256   3.7863e-02 |246 -0.23396   9.2406e-02
247 -0.10409   2.0954e-02 |248  0.00218  -5.4019e-03 |249  0.05259  -9.3528e-03
250  0.08302  -7.6616e-03 |251  0.05565   3.0007e-02 |252 -0.01647  -1.1316e-03
253 -0.00216   3.3489e-02 |254  0.13303   7.6613e-03 |255  0.19772   1.0123e-03
256  0.23245  -3.0467e-02 |257 -0.14486   2.2749e-02 |258  0.09596  -2.2819e+00
259  0.14957  -8.1886e-02 |260 -0.86797   1.8222e-01 |261 -0.84439   6.1919e-02
262 -1.18303   1.8815e-01 |263 -0.18942  -5.0181e-01 |264 -0.08667  -5.2002e-01
265 -0.23679  -4.8898e-01 |266  0.58031  -3.2150e-01 |267 -0.09794  -5.1868e-01
268 -0.27474  -4.7675e-01 |269 -0.51531  -3.6211e-01 |270  0.37407  -4.3684e-01
271  0.26371  -4.8048e-01 |272 -0.01463  -5.2474e-01 |273  0.94535  -4.5002e-02
274  0.49116  -3.7626e-01 |275  0.12351  -5.1503e-01 |276 -0.34090  -4.5141e-01
277 -0.61557  -2.9804e-01 |278  0.38623  -4.3121e-01 |279  0.41729  -4.1610e-01
280  0.02034  -5.2461e-01 |281  0.44802  -4.0018e-01 |282  0.05570  -5.2287e-01
283  0.28213  -4.7417e-01 |284  0.31680  -4.6122e-01 |285 -0.21370  -4.9558e-01
286  0.18042  -5.0394e-01 |287  0.35594  -4.4495e-01 |288 -0.92997  -5.7621e-02
289 -0.19571  -5.0027e-01 |290 -0.37019  -4.3861e-01 |291 -0.61968  -2.9524e-01
292 -0.04204  -5.2373e-01 |293  0.45539  -3.9622e-01 |294 -0.40133  -4.2399e-01
295 -0.25367  -4.8376e-01 |296 -0.31843  -4.6058e-01 |297 -0.38951  -4.2966e-01
298  0.31348  -4.6252e-01 |299 -0.19197  -5.0119e-01 |300 -0.18657  -5.0250e-01
301  0.32992  -4.5596e-01 |302  0.13443  -5.1322e-01 |303  0.47160  -1.7920e+00
304  0.08763  -1.4318e-01 |305 -0.90704   1.3345e-01 |306  0.25193  -8.4448e-02
307 -0.87987   1.3477e+00 |308 -0.52449   2.2395e-01 |
19.6235 7.15422 69.2159 45.1114 
11.1726 11.1726 48.9602 49.8436 
6.28561 9.27376 0 1.1758 11.3357 
0 2.00726 0 0 0.443395 19.3512 0 
19.6155 7.15468 69.2097 45.1097 
11.176 11.176 48.9561 49.8484 
6.28882 9.27605 0 1.17426 11.3385 
0 2.00851 0 0 0.443513 19.3545 0 
19.6059 7.15718 69.2052 45.1133 
11.1789 11.1789 48.9555 49.8483 
6.29307 9.27674 0 1.17312 11.3396 
0 2.00799 0 0 0.443527 19.3574 0 
19.594 7.15999 69.2004 45.1126 
11.1817 11.1817 48.9568 49.8468 
6.29745 9.27813 0 1.17219 11.3438 
0 2.00738 0 0 0.443447 19.3621 0 
19.59 7.15997 69.2047 45.1198 
11.1788 11.1788 48.9635 49.842 
6.29771 9.28172 0 1.17124 11.3405 
0 2.00656 0 0 0.443327 19.3586 0 
19.588 7.16096 69.205 45.1192 
11.1791 11.1791 48.9672 49.8398 
6.29833 9.28003 0 1.17053 11.3402 
0 2.00555 0 0 0.443133 19.3617 0 
19.5896 7.15844 69.2054 45.1215 
11.1777 11.1777 48.9733 49.8385 
6.29671 9.28077 0 1.16858 11.3393 
0 2.00545 0 0 0.443049 19.3616 0 
19.5894 7.15668 69.2038 45.1212 
11.177 11.177 48.9751 49.8399 
6.29718 9.28093 0 1.16563 11.338 
0 2.00581 0 0 0.442974 19.3664 0 
19.5892 7.15303 69.1985 45.1196 
11.1777 11.1777 48.9763 49.843 
6.2978 9.28166 0 1.1625 11.3393 
0 2.00672 0 0 0.443044 19.3721 0 
19.5889 7.15091 69.1913 45.1156 
11.1784 11.1784 48.9697 49.8486 
6.30004 9.28354 0 1.15929 11.3401 
0 2.00825 0 0 0.443118 19.3816 0 
308 variables; iteration 350; function evaluation 381; phase 1
Function value   3.0883211e+02; maximum gradient component mag  -1.4915e+00
Var   Value    Gradient   |Var   Value    Gradient   |Var   Value    Gradient
  1  0.13146   4.2109e-02 |  2  0.18585   1.0045e-01 |  3  0.18958   2.4759e-01
  4  0.19627   8.7628e-02 |  5  0.19490   2.0912e-01 |  6  0.19103  -4.6168e-02
  7  0.17754   5.8050e-03 |  8  0.17355   4.4335e-02 |  9  0.17226   4.1982e-02
 10  0.14828  -1.7180e-02 | 11  0.12465   4.0448e-03 | 12  0.12657   2.1043e-02
 13  0.10241   2.0858e-02 | 14  0.05660  -5.0049e-03 | 15 -0.01112   5.3941e-02
 16 -1.90020   2.9880e-02 | 17 -0.15377   1.9615e-02 | 18 -0.22489   8.1356e-03
 19 -0.27121  -1.7858e-03 | 20 -0.54796  -4.0490e-03 | 21 -0.50192  -3.2201e-04
 22  0.09878   9.6760e-03 | 23 -0.17625  -3.0294e-06 | 24  0.01160   1.5352e-02
 25  0.08401  -1.8531e-02 | 26  0.12663   1.1661e-02 | 27  0.15299   3.2003e-03
 28  0.15542   2.1918e-02 | 29  0.14989  -6.0705e-02 | 30  0.15175  -6.9345e-03
 31  0.15597   4.7449e-02 | 32  0.14789   5.9934e-02 | 33  0.12947   2.0371e-01
 34 -2.11278   8.5356e-02 | 35  0.12268   2.8049e-02 | 36  0.11952   1.4578e-02
 37  0.08907   4.5465e-02 | 38  0.05207   1.4519e-03 | 39  0.00738  -2.5895e-02
 40 -1.96156  -1.8153e-02 | 41 -0.09481  -1.0021e-02 | 42 -0.15446  -1.5251e-02
 43 -0.01846   1.2388e-01 | 44 -0.06585   1.6821e-01 | 45 -0.08948   1.6976e-01
 46 -0.16765   1.4282e-01 | 47 -0.18371   1.4108e-01 | 48 -0.14573   1.4416e-01
 49 -0.10802   1.3923e-01 | 50 -0.06513   1.1759e-01 | 51 -0.02814   1.1342e-01
 52  0.01327   5.1766e-02 | 53 -0.00451   1.2104e-01 | 54  0.03029   1.3844e-01
 55  0.02195   1.3897e-01 | 56  0.03586   6.3304e-02 | 57  0.08923   4.6614e-02
 58  0.10878  -4.4818e-02 | 59  0.03678   1.5616e-01 | 60 -0.10975   1.3190e-01
 61 -0.07260   1.4083e-01 | 62  0.03708   1.6268e-01 | 63 -0.02395   1.1311e-01
 64 -0.04573   1.1946e-01 | 65 -0.05256   1.3316e-01 | 66 -0.04095   1.5589e-01
 67 -0.06574   1.4195e-01 | 68 -0.05176   1.1513e-01 | 69 -0.07328   1.2757e-01
 70 -0.06158   1.4705e-01 | 71  0.05312   2.5880e-01 | 72  0.04563   1.7935e-01
 73  0.00328   1.4996e-01 | 74 -0.00436   1.3331e-01 | 75  0.09996   2.5971e-01
 76  0.08232   2.9320e-01 | 77 -0.02158   1.7494e-01 | 78 -0.05893   1.6914e-01
 79  0.08314   9.0427e-02 | 80  0.31582   2.4976e-02 | 81  1.04141   9.7308e-02
 82 -0.12514   1.4799e-01 | 83 -0.04275   1.4302e-01 | 84  0.04154   1.4332e-01
 85 -0.03704  -6.9756e-02 | 86  0.09504  -1.1782e-01 | 87  0.21448  -1.4353e-01
 88 -0.08740  -8.9415e-02 | 89 -0.20754  -7.9172e-02 | 90 -0.15133  -6.9084e-02
 91 -0.04362  -5.5216e-02 | 92 -0.01875  -6.9429e-02 | 93  0.03694  -8.9471e-02
 94  0.16136  -9.9038e-02 | 95  0.01235  -7.7711e-02 | 96 -0.00156  -6.9594e-02
 97  0.01384  -1.0784e-01 | 98  0.09805  -8.0311e-02 | 99  0.08657  -5.7644e-02
100  0.08799  -9.0223e-02 |101  0.10954  -1.5248e-01 |102 -0.07704  -9.4823e-02
103 -0.10181  -6.3509e-02 |104  0.05477  -7.4989e-02 |105  0.03655  -7.2066e-02
106 -0.04748  -7.1149e-02 |107 -0.05903  -5.9083e-02 |108  0.06814  -9.8197e-02
109  0.09949  -9.2672e-02 |110  0.08649  -4.0031e-02 |111  0.00763  -9.2617e-02
112 -0.12812  -4.6445e-02 |113 -0.14115  -7.7119e-02 |114 -0.03686  -4.8577e-02
115  0.11469  -3.1324e-02 |116  0.02112  -5.9642e-02 |117  0.09448  -7.7165e-02
118  0.04322  -7.7845e-02 |119 -0.01318  -6.9440e-02 |120  0.00313  -7.0470e-02
121  0.12956  -4.0553e-02 |122  0.20046   1.7628e-03 |123 -1.00483  -5.1789e-02
124  0.10811  -8.6380e-02 |125 -0.01727  -7.4606e-02 |126 -0.17418  -7.9329e-02
127 -0.06851   9.5190e-03 |128  0.03431   9.5606e-03 |129  0.06601   9.5231e-03
130  0.15895   9.2777e-03 |131 -0.11789   9.4107e-03 |132 -0.05509   9.5386e-03
133 -0.02763   9.5654e-03 |134  0.00549   9.5741e-03 |135  0.11822   9.4099e-03
136 -0.04902   9.5461e-03 |137  0.12443   9.3923e-03 |138  0.06911   9.5182e-03
139 -0.03733   9.5580e-03 |140 -0.06849   9.5191e-03 |141  0.25770   8.8009e-03
142 -0.07139   9.5143e-03 |143 -0.04955   9.5455e-03 |144  0.00418   9.5743e-03
145  0.02566   9.5667e-03 |146 -0.00981   9.5733e-03 |147  0.10330   9.4488e-03
148 -0.06460   9.5252e-03 |149 -0.07088   9.5151e-03 |150  0.12155   9.4006e-03
151 -0.16410   9.2581e-03 |152  0.03977   9.5558e-03 |153  0.12362   9.3946e-03
154 -0.52802   6.4653e-03 |155 -0.06087   9.5307e-03 |156 -0.04597   9.5495e-03
157 -0.18356   9.1791e-03 |158 -0.05975   9.5323e-03 |159  0.11438   9.4204e-03
160  0.11256   9.4253e-03 |161  0.12424   9.3928e-03 |162 -0.12638   9.3863e-03
163 -0.06225   9.5287e-03 |164 -0.05035   9.5445e-03 |165  0.34131   8.2314e-03
166 -0.04443   9.5511e-03 |167  0.00502   9.5742e-03 |168  0.03095   9.5632e-03
169  0.01264  -3.6302e-01 |170  0.00529  -2.1181e-01 |171  0.00327  -5.7989e-02
172  0.02677   8.1573e-03 |173  0.07483  -5.7367e-02 |174  0.03530   1.1908e-02
175  0.03289   1.0131e-01 |176  0.01113   6.0643e-02 |177  0.03169   1.3441e-01
178  0.09599   1.3705e-01 |179  0.11805   8.8393e-02 |180  0.10823  -1.2720e-01
181  0.05437   2.1752e-01 |182 -0.02661  -8.2717e-02 |183 -0.03419   1.2864e-01
184 -0.01411   2.2627e-01 |185 -0.01259  -3.7762e-03 |186 -0.02202  -1.6851e-02
187 -0.04551  -1.2574e-02 |188 -0.03218  -3.8733e-03 |189  0.02314   6.9403e-02
190  0.02733   1.7502e-01 |191  0.02701   6.0479e-02 |192  0.01811  -3.3459e-02
193 -0.02319   5.2649e-02 |194 -0.07720   1.3228e-02 |195 -0.00244  -1.1093e-01
196  0.05534  -1.2322e-01 |197  0.01808  -2.2064e-02 |198  0.00466   1.9967e-02
199  0.00636   1.9589e-01 |200  0.01166   7.9773e-02 |201  0.02093  -9.3101e-02
202  0.11711  -2.8435e-01 |203  0.11315   7.8247e-02 |204  0.09249   2.3840e-01
205 -0.03184   3.5513e-02 |206 -0.69556   2.3366e-03 |207 -0.12372   3.7713e-02
208 -0.08950   4.9351e-02 |209 -0.04460   2.2170e-02 |210  0.06142  -5.6493e-02
211 -0.04751   2.7668e-02 |212 -0.05614  -3.9352e-02 |213  0.03598   8.7895e-04
214 -0.00857  -5.2874e-09 |215 -0.65266   3.3963e-03 |216 -0.84009   4.9522e-02
217  0.01853   5.1002e-01 |218 -0.16318   4.0695e-02 |219 -0.24934   4.2906e-02
220 -0.05382   9.6523e-03 |221  0.03647  -2.0406e-02 |222 -0.00152   1.8503e-02
223  0.00858  -1.5102e-03 |224 -0.02879  -3.2788e-02 |225 -0.03614  -2.0363e-02
226  0.08953  -2.7306e-02 |227  0.07018   1.9741e-02 |228  0.19541   3.1978e-03
229  0.10421   2.5641e-03 |230  0.09828   5.6827e-02 |231  0.04934   3.5848e-03
232  0.05764   8.0893e-03 |233  0.06397   1.2871e-02 |234  0.12736  -3.9130e-03
235 -0.11643  -2.7768e-05 |236 -0.12373   1.9451e-02 |237  0.00593  -2.5681e-03
238  0.02586   9.7483e-03 |239 -0.11244  -3.2511e-02 |240 -0.15088  -8.0654e-03
241 -0.06571   7.5007e-03 |242  0.01203   6.5018e-03 |243  0.04330  -1.6634e-02
244 -0.02310   8.4663e-03 |245 -0.12258   2.6606e-02 |246 -0.23388   2.7750e-02
247 -0.10394   4.2296e-03 |248  0.00226   6.4220e-03 |249  0.05261  -3.7511e-02
250  0.08321  -2.1265e-02 |251  0.05582   4.1723e-02 |252 -0.01657   2.5619e-04
253 -0.00246  -7.1399e-03 |254  0.13271   7.6404e-03 |255  0.19788  -1.4724e-02
256  0.23260  -4.9582e-03 |257 -0.14493   2.0908e-03 |258  0.09604  -1.4502e+00
259  0.14960   1.9543e-01 |260 -0.86795   2.4841e-01 |261 -0.84439  -5.0488e-03
262 -1.18917   1.4988e-01 |263 -0.18805  -8.1745e-02 |264 -0.08132  -8.4750e-02
265 -0.23539  -7.9671e-02 |266  0.57331  -5.3077e-02 |267 -0.09488  -8.4499e-02
268 -0.28142  -7.7232e-02 |269 -0.50945  -5.9516e-02 |270  0.37908  -7.0740e-02
271  0.25969  -7.8435e-02 |272 -0.01747  -8.5414e-02 |273  0.93088  -9.2582e-03
274  0.48331  -6.1983e-02 |275  0.12651  -8.3764e-02 |276 -0.33314  -7.4012e-02
277 -0.60445  -4.9739e-02 |278  0.38296  -7.0447e-02 |279  0.41522  -6.7907e-02
280  0.01612  -8.5419e-02 |281  0.44703  -6.5232e-02 |282  0.04764  -8.5207e-02
283  0.28137  -7.7235e-02 |284  0.31165  -7.5411e-02 |285 -0.21068  -8.0810e-02
286  0.18286  -8.1945e-02 |287  0.35403  -7.2571e-02 |288 -0.92005  -1.0703e-02
289 -0.20498  -8.1055e-02 |290 -0.37148  -7.1307e-02 |291 -0.61099  -4.9023e-02
292 -0.04519  -8.5231e-02 |293  0.44990  -6.4983e-02 |294 -0.39945  -6.9171e-02
295 -0.24870  -7.9009e-02 |296 -0.30940  -7.5552e-02 |297 -0.38886  -6.9995e-02
298  0.31295  -7.5328e-02 |299 -0.19274  -8.1560e-02 |300 -0.18991  -8.1672e-02
301  0.32913  -7.4279e-02 |302  0.14400  -8.3270e-02 |303  0.47169  -1.4915e+00
304  0.08764   4.5727e-02 |305 -0.90703   1.0114e+00 |306  0.25201   2.3578e-02
307 -0.87993   4.1620e-01 |308 -0.52426   1.9304e-01 |
19.5887 7.14887 69.1879 45.1129 
11.1793 11.1793 48.9653 49.8518 
6.30252 9.28349 0 1.15986 11.3403 
0 2.00905 0 0 0.443278 19.3844 0 
19.5925 7.14805 69.1827 45.107 
11.1792 11.1792 48.9568 49.8565 
6.30328 9.28505 0 1.15948 11.3405 
0 2.01021 0 0 0.443235 19.3918 0 
19.5961 7.14712 69.187 45.1053 
11.1771 11.1771 48.9549 49.8559 
6.30383 9.28374 0 1.16301 11.3382 
0 2.01005 0 0 0.44321 19.3885 0 
19.6004 7.14754 69.1916 45.1022 
11.1739 11.1739 48.9567 49.8553 
6.30274 9.28248 0 1.16596 11.3349 
0 2.00997 0 0 0.442988 19.3866 0 
19.6034 7.14699 69.1984 45.1002 
11.1694 11.1694 48.9623 49.8535 
6.30106 9.28214 0 1.16828 11.3338 
0 2.00957 0 0 0.442761 19.3815 0 
19.6005 7.14916 69.2043 45.0996 
11.1657 11.1657 48.9702 49.8533 
6.30107 9.28072 0 1.17015 11.3303 
0 2.00969 0 0 0.442616 19.3759 0 
19.5976 7.14951 69.2048 45.0955 
11.1627 11.1627 48.9751 49.8558 
6.30071 9.28362 0 1.17005 11.3346 
0 2.01013 0 0 0.442555 19.3717 0 
19.5902 7.15335 69.2058 45.097 
11.162 11.162 48.9763 49.8605 
6.30301 9.28279 0 1.17053 11.3318 
0 2.01047 0 0 0.442721 19.3663 0 
19.5882 7.15593 69.2 45.0937 
11.1627 11.1627 48.9735 49.8657 
6.30357 9.28533 0 1.16997 11.3349 
0 2.01086 0 0 0.442862 19.3659 0 
19.5888 7.15755 69.1974 45.094 
11.1639 11.1639 48.9676 49.8701 
6.30338 9.2857 0 1.16935 11.3339 
0 2.01024 0 0 0.442969 19.3665 0 
308 variables; iteration 360; function evaluation 391; phase 1
Function value   3.0882836e+02; maximum gradient component mag   2.1177e+00
Var   Value    Gradient   |Var   Value    Gradient   |Var   Value    Gradient
  1  0.13025  -3.3590e-02 |  2  0.18585   6.6976e-02 |  3  0.18951   2.3419e-01
  4  0.19626   7.9050e-02 |  5  0.19480   9.0268e-03 |  6  0.19107   2.1683e-01
  7  0.17749   1.4482e-02 |  8  0.17352  -4.0240e-02 |  9  0.17228   9.7646e-02
 10  0.14828   4.1818e-02 | 11  0.12463   3.9927e-03 | 12  0.12662   3.4032e-02
 13  0.10249   4.5754e-02 | 14  0.05673  -3.4598e-02 | 15 -0.01113   3.3971e-02
 16 -1.90097   1.5549e-02 | 17 -0.15547   8.3071e-03 | 18 -0.22920   3.6581e-03
 19 -0.25095   8.8253e-03 | 20 -0.51651  -4.2131e-03 | 21 -0.45000  -1.6666e-04
 22  0.09870   3.2556e-03 | 23 -0.17637  -2.5776e-05 | 24  0.01090  -1.3666e-02
 25  0.08406  -1.2436e-03 | 26  0.12666   2.5699e-02 | 27  0.15300  -1.6948e-02
 28  0.15543  -1.7672e-02 | 29  0.14994  -4.4587e-02 | 30  0.15176   1.5919e-03
 31  0.15595  -1.9038e-02 | 32  0.14786  -1.2370e-02 | 33  0.12920  -1.6553e-01
 34 -2.11263   1.3032e-01 | 35  0.12256  -1.5098e-02 | 36  0.11951   3.5802e-02
 37  0.08911   1.6288e-02 | 38  0.05221   8.7458e-03 | 39  0.00760  -6.3526e-03
 40 -1.96151   1.2153e-02 | 41 -0.09466  -1.3523e-02 | 42 -0.15392  -4.7807e-03
 43 -0.01848  -5.2187e-02 | 44 -0.06693  -1.0722e-01 | 45 -0.08979  -4.3514e-02
 46 -0.16754  -2.2997e-02 | 47 -0.18363  -2.5501e-02 | 48 -0.14582  -3.5564e-02
 49 -0.10823  -4.7001e-02 | 50 -0.06513  -4.5890e-02 | 51 -0.02810  -4.2031e-02
 52  0.01393  -5.3453e-02 | 53 -0.00465  -3.4976e-02 | 54  0.03011  -1.2952e-02
 55  0.02158  -2.2095e-03 | 56  0.03665   2.6866e-03 | 57  0.08917  -3.5945e-03
 58  0.10948  -1.8332e-03 | 59  0.03582   8.0368e-03 | 60 -0.10947   1.2222e-02
 61 -0.07245   4.5129e-04 | 62  0.03665  -1.3552e-02 | 63 -0.02354  -1.7122e-02
 64 -0.04561  -3.5933e-02 | 65 -0.05267  -4.1602e-02 | 66 -0.04175  -6.5842e-02
 67 -0.06588  -3.1939e-02 | 68 -0.05118  -1.5214e-02 | 69 -0.07274  -2.1047e-02
 70 -0.06129  -2.7836e-02 | 71  0.05223  -9.5673e-03 | 72  0.04571  -1.0684e-02
 73  0.00348   2.0509e-03 | 74 -0.00384   1.3194e-02 | 75  0.09984   5.8263e-02
 76  0.08152   7.6689e-03 | 77 -0.02230  -7.3451e-02 | 78 -0.05958  -5.8572e-02
 79  0.08395  -4.2012e-02 | 80  0.31593  -6.7113e-02 | 81  1.00468   1.2087e-02
 82 -0.12524  -1.1720e-02 | 83 -0.04275  -9.7685e-03 | 84  0.04152  -1.0465e-02
 85 -0.03585   5.3381e-02 | 86  0.09466  -2.4421e-02 | 87  0.21457  -4.8368e-02
 88 -0.08736  -5.2614e-02 | 89 -0.20743  -3.5474e-02 | 90 -0.15135  -3.7874e-02
 91 -0.04385  -3.5233e-02 | 92 -0.01875  -3.4911e-02 | 93  0.03698  -4.6125e-02
 94  0.16142  -2.7402e-02 | 95  0.01226  -3.8108e-02 | 96 -0.00204  -4.1423e-02
 97  0.01398  -6.9515e-02 | 98  0.09871  -2.1023e-02 | 99  0.08572  -1.3263e-01
100  0.08816  -5.1087e-02 |101  0.10985  -3.8848e-02 |102 -0.07702  -2.5918e-02
103 -0.10211  -3.0489e-02 |104  0.05481  -3.3982e-02 |105  0.03672  -3.2055e-02
106 -0.04776  -3.6181e-02 |107 -0.05969  -4.0370e-02 |108  0.06816  -4.2228e-02
109  0.09992  -4.5405e-02 |110  0.08615  -5.1536e-02 |111  0.00760  -4.0869e-02
112 -0.12859  -4.4434e-02 |113 -0.14096  -3.3074e-02 |114 -0.03701  -4.7777e-02
115  0.11473  -4.3960e-02 |116  0.02114  -3.1904e-02 |117  0.09453  -1.8685e-03
118  0.04310  -2.7456e-02 |119 -0.01336  -3.6854e-02 |120  0.00333  -2.9935e-02
121  0.13002  -1.9299e-02 |122  0.20040  -3.9619e-02 |123 -1.00379  -4.0775e-02
124  0.10797  -4.3569e-02 |125 -0.01714  -3.3401e-02 |126 -0.17386  -2.7476e-02
127 -0.06839   9.0512e-03 |128  0.03483   9.0901e-03 |129  0.06824   9.0515e-03
130  0.15761   8.8262e-03 |131 -0.10842   8.9719e-03 |132 -0.05537   9.0692e-03
133 -0.02281   9.0978e-03 |134  0.00761   9.1030e-03 |135  0.11836   8.9469e-03
136 -0.04951   9.0761e-03 |137  0.12448   8.9303e-03 |138  0.06973   9.0492e-03
139 -0.03966   9.0860e-03 |140 -0.06805   9.0517e-03 |141  0.24869   8.4180e-03
142 -0.07086   9.0473e-03 |143 -0.05003   9.0756e-03 |144  0.00445   9.1035e-03
145  0.02350   9.0975e-03 |146 -0.00977   9.1026e-03 |147  0.10385   8.9829e-03
148 -0.06438   9.0571e-03 |149 -0.07047   9.0479e-03 |150  0.12163   8.9381e-03
151 -0.16814   8.7879e-03 |152  0.03784   9.0876e-03 |153  0.12393   8.9318e-03
154 -0.51943   6.2374e-03 |155 -0.06086   9.0621e-03 |156 -0.04074   9.0850e-03
157 -0.17672   8.7550e-03 |158 -0.06049   9.0626e-03 |159  0.11459   8.9567e-03
160  0.11281   8.9612e-03 |161  0.12430   8.9308e-03 |162 -0.14218   8.8775e-03
163 -0.06216   9.0603e-03 |164 -0.05080   9.0747e-03 |165  0.33359   7.8824e-03
166 -0.04171   9.0841e-03 |167  0.00530   9.1034e-03 |168  0.03145   9.0926e-03
169  0.01264   2.1177e+00 |170  0.00532   5.2313e-02 |171  0.00319  -4.4153e-03
172  0.02672  -4.6857e-02 |173  0.07483   5.5835e-02 |174  0.03529   4.6164e-02
175  0.03289   2.1568e-02 |176  0.01108   1.2383e-02 |177  0.03174   1.1642e-01
178  0.09598   2.8758e-02 |179  0.11798  -8.3012e-02 |180  0.10828   1.3752e-02
181  0.05431  -1.3670e-01 |182 -0.02634   2.2848e-02 |183 -0.03426   1.6467e-02
184 -0.01411   1.9152e-02 |185 -0.01262  -5.2735e-02 |186 -0.02209  -1.1935e-01
187 -0.04553   6.4969e-03 |188 -0.03218   4.1883e-02 |189  0.02312   7.1630e-02
190  0.02734   1.2653e-01 |191  0.02699   1.3425e-01 |192  0.01806  -1.2629e-02
193 -0.02326  -2.0708e-02 |194 -0.07716   1.2039e-02 |195 -0.00244   9.8602e-02
196  0.05529   7.3906e-02 |197  0.01795  -1.2776e-01 |198  0.00458  -1.1500e-01
199  0.00631  -1.2942e-02 |200  0.01159  -1.4688e-03 |201  0.02079  -9.2500e-02
202  0.11696  -8.0609e-02 |203  0.11311   1.8229e-01 |204  0.09248   1.0382e-01
205 -0.03174  -3.8334e-02 |206 -0.70075  -1.9846e-02 |207 -0.12376  -2.1261e-02
208 -0.08957  -3.0758e-02 |209 -0.04462  -4.1017e-03 |210  0.06139  -2.7231e-02
211 -0.04413  -2.1893e-02 |212 -0.05624  -7.2567e-01 |213  0.03596  -2.0721e-01
214 -0.00857  -5.2865e-09 |215 -0.65256   6.5725e-02 |216 -0.83991   1.0969e-01
217  0.01777   3.4090e-01 |218 -0.16297  -3.1397e-03 |219 -0.24929  -2.1668e-02
220 -0.05392  -4.4053e-02 |221  0.03644   2.3109e-02 |222 -0.00155   4.1008e-02
223  0.00864   4.9644e-02 |224 -0.02875   2.2382e-02 |225 -0.03609   8.9243e-05
226  0.08961   1.1302e-02 |227  0.07015   2.5073e-02 |228  0.19543   2.2204e-03
229  0.10413  -1.5017e-02 |230  0.09813   1.1951e-02 |231  0.04959   2.7144e-02
232  0.05764   1.0260e-02 |233  0.06389   1.3732e-02 |234  0.12745   5.8621e-02
235 -0.11620  -2.0767e-03 |236 -0.12365  -2.5959e-02 |237  0.00595   6.3302e-03
238  0.02572  -1.3413e-03 |239 -0.11247  -1.1721e-02 |240 -0.15097  -1.1585e-02
241 -0.06585   5.3808e-03 |242  0.01195   8.8417e-03 |243  0.04319   3.0780e-03
244 -0.02332   1.7987e-02 |245 -0.12262   9.2077e-03 |246 -0.23363   8.0891e-03
247 -0.10371   1.0585e-02 |248  0.00231   2.1334e-03 |249  0.05259   1.4853e-02
250  0.08322   1.8388e-02 |251  0.05581  -1.4273e-02 |252 -0.01670  -2.2872e-02
253 -0.00272  -1.3351e-02 |254  0.13264   2.5736e-02 |255  0.19792   2.3561e-03
256  0.23260   1.4374e-02 |257 -0.14484   1.3922e-02 |258  0.09616  -9.1187e-01
259  0.14960   9.9462e-03 |260 -0.86791   1.8273e-01 |261 -0.84440   4.7624e-03
262 -1.19747   1.1701e-02 |263 -0.19097  -2.7494e-02 |264 -0.07846  -2.8561e-02
265 -0.23644  -2.6817e-02 |266  0.56560  -1.8148e-02 |267 -0.08784  -2.8505e-02
268 -0.29292  -2.5786e-02 |269 -0.50734  -2.0114e-02 |270  0.38772  -2.3604e-02
271  0.25278  -2.6540e-02 |272 -0.02276  -2.8760e-02 |273  0.91853  -3.6727e-03
274  0.47392  -2.1166e-02 |275  0.12529  -2.8223e-02 |276 -0.32433  -2.5124e-02
277 -0.59256  -1.7187e-02 |278  0.37936  -2.3819e-02 |279  0.41600  -2.2850e-02
280  0.01402  -2.8772e-02 |281  0.44641  -2.1989e-02 |282  0.03349  -2.8739e-02
283  0.28792  -2.5885e-02 |284  0.30763  -2.5484e-02 |285 -0.20146  -2.7350e-02
286  0.18622  -2.7556e-02 |287  0.35206  -2.4489e-02 |288 -0.91178  -3.9755e-03
289 -0.22179  -2.7050e-02 |290 -0.37757  -2.3864e-02 |291 -0.60264  -1.6819e-02
292 -0.05081  -2.8687e-02 |293  0.44773  -2.1950e-02 |294 -0.39625  -2.3382e-02
295 -0.23652  -2.6815e-02 |296 -0.30355  -2.5569e-02 |297 -0.39193  -2.3495e-02
298  0.31308  -2.5368e-02 |299 -0.19387  -2.7455e-02 |300 -0.19037  -2.7502e-02
301  0.33032  -2.4991e-02 |302  0.16409  -2.7828e-02 |303  0.47182  -8.8630e-01
304  0.08778  -1.0037e-01 |305 -0.90720  -1.4740e+00 |306  0.25212  -9.6225e-03
307 -0.87991  -5.7088e-03 |308 -0.52444  -1.8223e-01 |
19.5911 7.15995 69.1946 45.0942 
11.1642 11.1642 48.9654 49.8725 
6.30142 9.28538 0 1.16892 11.3327 
0 2.00971 0 0 0.442974 19.3678 0 
19.5933 7.16079 69.1943 45.0947 
11.165 11.165 48.9629 49.8746 
6.29845 9.28538 0 1.16783 11.3319 
0 2.00837 0 0 0.442869 19.37 0 
19.5934 7.16259 69.1925 45.0963 
11.1658 11.1658 48.9651 49.8748 
6.2948 9.28468 0 1.16635 11.3324 
0 2.00775 0 0 0.442765 19.3714 0 
19.5909 7.16369 69.1923 45.0969 
11.1676 11.1676 48.9666 49.8753 
6.2929 9.28494 0 1.16499 11.3328 
0 2.0069 0 0 0.442637 19.373 0 
19.5882 7.16408 69.1906 45.098 
11.1701 11.1701 48.9687 49.8748 
6.29157 9.28471 0 1.16376 11.3346 
0 2.00692 0 0 0.442621 19.3729 0 
19.5855 7.16552 69.1899 45.0984 
11.1716 11.1716 48.9705 49.8748 
6.29173 9.28496 0 1.16331 11.3345 
0 2.00684 0 0 0.442615 19.372 0 
19.5847 7.1656 69.1907 45.0985 
11.1735 11.1735 48.97 49.8749 
6.29213 9.28488 0 1.16345 11.3341 
0 2.00671 0 0 0.442647 19.3702 0 
19.5857 7.16665 69.1914 45.0991 
11.1732 11.1732 48.9701 49.8752 
6.29231 9.28482 0 1.16377 11.3326 
0 2.00657 0 0 0.442662 19.3681 0 
19.587 7.16676 69.1935 45.0991 
11.1729 11.1729 48.9689 49.8756 
6.29264 9.28478 0 1.16428 11.3308 
0 2.00636 0 0 0.442664 19.3668 0 
19.5885 7.16702 69.1945 45.1002 
11.172 11.172 48.9682 49.8759 
6.29294 9.28464 0 1.16456 11.3292 
0 2.00626 0 0 0.442655 19.3656 0 
308 variables; iteration 370; function evaluation 401; phase 1
Function value   3.0882768e+02; maximum gradient component mag   2.3034e-01
Var   Value    Gradient   |Var   Value    Gradient   |Var   Value    Gradient
  1  0.13112   1.9776e-02 |  2  0.18577   4.0518e-03 |  3  0.18944   1.5027e-02
  4  0.19627   5.2047e-04 |  5  0.19480  -9.9946e-03 |  6  0.19102   1.7409e-02
  7  0.17747  -1.0413e-02 |  8  0.17350  -7.3125e-03 |  9  0.17223  -3.9735e-03
 10  0.14825  -1.0927e-02 | 11  0.12460  -2.9757e-03 | 12  0.12663   4.9629e-02
 13  0.10248  -4.2547e-04 | 14  0.05680  -3.5347e-03 | 15 -0.01134   6.2816e-04
 16 -1.90148   5.5441e-03 | 17 -0.15633   2.8330e-03 | 18 -0.23094   2.0220e-03
 19 -0.25436   6.7135e-03 | 20 -0.50683  -4.2492e-03 | 21 -0.43991  -1.0168e-04
 22  0.09862  -2.8738e-03 | 23 -0.17633  -5.0157e-06 | 24  0.01112  -2.4729e-03
 25  0.08403   5.7667e-03 | 26  0.12657  -3.4011e-03 | 27  0.15294   3.3552e-03
 28  0.15537  -6.4670e-03 | 29  0.14990  -1.5064e-03 | 30  0.15171   2.4384e-03
 31  0.15592   3.2210e-03 | 32  0.14784  -6.1912e-03 | 33  0.12933   6.1770e-02
 34 -2.11268   5.6472e-02 | 35  0.12253   5.5061e-03 | 36  0.11946  -3.6869e-02
 37  0.08907  -7.1962e-03 | 38  0.05221  -4.6540e-03 | 39  0.00763   4.8248e-03
 40 -1.96158  -3.6745e-04 | 41 -0.09445   2.9924e-03 | 42 -0.15378  -6.2057e-04
 43 -0.01878  -1.8337e-02 | 44 -0.06630  -1.9037e-02 | 45 -0.08978  -1.5032e-02
 46 -0.16757  -8.9060e-03 | 47 -0.18361  -9.7961e-03 | 48 -0.14571  -9.9967e-03
 49 -0.10800  -9.3525e-03 | 50 -0.06501  -1.3261e-02 | 51 -0.02811  -1.2983e-02
 52  0.01413  -1.0346e-02 | 53 -0.00472  -2.1259e-02 | 54  0.02988  -2.6629e-02
 55  0.02145  -2.2891e-02 | 56  0.03651  -1.4620e-02 | 57  0.08925  -1.4991e-02
 58  0.10946  -3.9468e-02 | 59  0.03557  -3.4554e-02 | 60 -0.10970  -1.4896e-02
 61 -0.07262  -1.8134e-02 | 62  0.03651  -2.4023e-02 | 63 -0.02366  -1.0368e-02
 64 -0.04556   1.0518e-03 | 65 -0.05271  -2.7569e-03 | 66 -0.04122   1.5540e-02
 67 -0.06582   7.8066e-03 | 68 -0.05146  -3.9225e-03 | 69 -0.07286  -8.2763e-03
 70 -0.06125  -1.2538e-02 | 71  0.05221  -1.8473e-02 | 72  0.04579  -2.9045e-02
 73  0.00341  -2.8609e-02 | 74 -0.00384  -2.1329e-02 | 75  0.09904  -4.2704e-02
 76  0.08115  -2.4808e-02 | 77 -0.02149   4.2972e-03 | 78 -0.05901   1.0494e-02
 79  0.08414   2.3974e-02 | 80  0.31572   3.9240e-02 | 81  1.00054   9.4493e-04
 82 -0.12523  -7.0013e-03 | 83 -0.04278  -7.5830e-03 | 84  0.04153  -7.4918e-03
 85 -0.03770   1.6439e-02 | 86  0.09504   6.0255e-03 | 87  0.21437  -2.0252e-03
 88 -0.08746   5.9468e-03 | 89 -0.20744   8.9951e-03 | 90 -0.15131   8.1043e-03
 91 -0.04387   7.6070e-03 | 92 -0.01879   8.0141e-03 | 93  0.03711   1.5157e-02
 94  0.16127   2.7893e-03 | 95  0.01224   7.0892e-03 | 96 -0.00202   6.9372e-03
 97  0.01437   9.2276e-03 | 98  0.09818   1.9446e-03 | 99  0.08633   1.7150e-03
100  0.08798   3.1997e-04 |101  0.10989   3.4497e-03 |102 -0.07695   7.2151e-03
103 -0.10208   2.2516e-03 |104  0.05486   1.7953e-03 |105  0.03681   2.4594e-03
106 -0.04762   4.5613e-03 |107 -0.05956   5.7547e-03 |108  0.06819   1.0801e-02
109  0.09990   1.5118e-02 |110  0.08603   1.0519e-02 |111  0.00736   1.0708e-02
112 -0.12849   1.0442e-02 |113 -0.14094   1.0063e-02 |114 -0.03686   8.5393e-03
115  0.11470   1.3496e-03 |116  0.02098  -6.2930e-04 |117  0.09429  -9.6889e-03
118  0.04373   1.7614e-03 |119 -0.01250   6.9707e-03 |120  0.00355   4.5510e-03
121  0.12979   8.0766e-03 |122  0.20045   2.1991e-02 |123 -1.00007   2.8755e-03
124  0.10794   1.4449e-02 |125 -0.01705   9.7647e-03 |126 -0.17388   9.0374e-03
127 -0.06844  -2.7000e-03 |128  0.03496  -2.7115e-03 |129  0.06902  -2.6996e-03
130  0.15717  -2.6332e-03 |131 -0.10712  -2.6773e-03 |132 -0.05542  -2.7054e-03
133 -0.02168  -2.7141e-03 |134  0.00791  -2.7154e-03 |135  0.11814  -2.6689e-03
136 -0.04955  -2.7074e-03 |137  0.12421  -2.6640e-03 |138  0.06983  -2.6993e-03
139 -0.03976  -2.7104e-03 |140 -0.06808  -2.7002e-03 |141  0.24633  -2.5147e-03
142 -0.07089  -2.6989e-03 |143 -0.05007  -2.7073e-03 |144  0.00456  -2.7156e-03
145  0.02360  -2.7137e-03 |146 -0.00968  -2.7153e-03 |147  0.10383  -2.6795e-03
148 -0.06442  -2.7018e-03 |149 -0.07051  -2.6990e-03 |150  0.12138  -2.6663e-03
151 -0.17171  -2.6176e-03 |152  0.03798  -2.7108e-03 |153  0.12374  -2.6644e-03
154 -0.51730  -1.8678e-03 |155 -0.06091  -2.7032e-03 |156 -0.03950  -2.7104e-03
157 -0.17553  -2.6132e-03 |158 -0.06056  -2.7034e-03 |159  0.11440  -2.6718e-03
160  0.11263  -2.6732e-03 |161  0.12403  -2.6642e-03 |162 -0.14076  -2.6496e-03
163 -0.06220  -2.7027e-03 |164 -0.05085  -2.7070e-03 |165  0.33143  -2.3556e-03
166 -0.04124  -2.7100e-03 |167  0.00541  -2.7155e-03 |168  0.03158  -2.7123e-03
169  0.01268   2.3034e-01 |170  0.00519   1.3333e-02 |171  0.00315  -1.8317e-02
172  0.02666  -2.3568e-02 |173  0.07476  -1.3220e-02 |174  0.03518  -1.9785e-02
175  0.03283  -7.4180e-03 |176  0.01101  -9.2227e-03 |177  0.03163  -1.8169e-02
178  0.09593  -1.7917e-02 |179  0.11790  -2.7054e-03 |180  0.10815   4.7334e-02
181  0.05422  -9.0549e-03 |182 -0.02651  -3.1902e-02 |183 -0.03431  -9.7636e-03
184 -0.01420   1.0646e-02 |185 -0.01270   2.7790e-02 |186 -0.02218   2.3355e-02
187 -0.04562  -3.1480e-03 |188 -0.03225  -2.2445e-02 |189  0.02305  -3.4168e-02
190  0.02728  -6.9347e-02 |191  0.02689  -5.3850e-02 |192  0.01801  -4.2048e-02
193 -0.02342  -5.0089e-02 |194 -0.07726  -1.8656e-02 |195 -0.00254  -8.2660e-04
196  0.05520   3.3345e-02 |197  0.01784  -2.6130e-02 |198  0.00451   9.5122e-03
199  0.00619   2.6640e-02 |200  0.01145   7.7354e-04 |201  0.02076  -6.6276e-03
202  0.11687  -1.2115e-02 |203  0.11308  -1.0606e-01 |204  0.09240  -6.9648e-02
205 -0.03184  -2.1993e-02 |206 -0.70152  -1.8078e-02 |207 -0.12386  -2.1030e-02
208 -0.08959  -1.2462e-02 |209 -0.04471  -2.0870e-02 |210  0.06136  -4.4834e-03
211 -0.04041  -1.8153e-02 |212 -0.05619  -9.9248e-02 |213  0.03595  -5.7872e-02
214 -0.00857  -5.2861e-09 |215 -0.65280   1.2657e-04 |216 -0.84027   2.3493e-02
217  0.01750   5.4762e-02 |218 -0.16318  -9.7575e-03 |219 -0.24934   3.5631e-03
220 -0.05387   7.4706e-03 |221  0.03626  -3.7225e-03 |222 -0.00162   4.6251e-03
223  0.00858   4.9913e-03 |224 -0.02872   2.5765e-03 |225 -0.03603   1.8452e-03
226  0.08968  -2.5389e-03 |227  0.07012  -1.5726e-03 |228  0.19540   3.0693e-03
229  0.10416   8.1310e-03 |230  0.09825  -5.8911e-03 |231  0.04948  -3.3487e-04
232  0.05760   4.3324e-04 |233  0.06396   1.8189e-04 |234  0.12736   9.3394e-04
235 -0.11620  -1.2794e-03 |236 -0.12360   4.4641e-03 |237  0.00593  -2.4107e-03
238  0.02568   6.5886e-03 |239 -0.11248   1.0852e-02 |240 -0.15094   8.8221e-03
241 -0.06581   8.9713e-03 |242  0.01195  -5.3134e-03 |243  0.04319  -4.9991e-03
244 -0.02339  -5.4303e-03 |245 -0.12260  -1.2160e-03 |246 -0.23354  -2.5842e-03
247 -0.10361   1.8337e-05 |248  0.00240  -6.8495e-03 |249  0.05263   3.8263e-03
250  0.08310   8.3042e-03 |251  0.05583   2.7320e-03 |252 -0.01655  -1.7279e-03
253 -0.00253   1.2794e-02 |254  0.13250   2.2934e-03 |255  0.19794   3.9570e-03
256  0.23258  -1.5181e-03 |257 -0.14484  -8.7039e-03 |258  0.09621  -6.5489e-02
259  0.14961   1.9449e-02 |260 -0.86790   1.5727e-03 |261 -0.84440  -3.7574e-02
262 -1.20029  -4.5297e-04 |263 -0.19114   7.1899e-02 |264 -0.07783   7.4704e-02
265 -0.23613   7.0148e-02 |266  0.56377   4.7632e-02 |267 -0.08710   7.4563e-02
268 -0.29321   6.7423e-02 |269 -0.50643   5.2681e-02 |270  0.38715   6.1772e-02
271  0.25232   6.9431e-02 |272 -0.02289   7.5217e-02 |273  0.91482   1.0041e-02
274  0.47269   5.5455e-02 |275  0.12512   7.3817e-02 |276 -0.32133   6.5880e-02
277 -0.59100   4.5096e-02 |278  0.37947   6.2286e-02 |279  0.41695   5.9692e-02
280  0.01197   7.5253e-02 |281  0.44702   5.7461e-02 |282  0.03099   7.5177e-02
283  0.28916   6.7635e-02 |284  0.30683   6.6692e-02 |285 -0.20106   7.1543e-02
286  0.18471   7.2120e-02 |287  0.35331   6.3969e-02 |288 -0.90980   1.0628e-02
289 -0.22437   7.0640e-02 |290 -0.37977   6.2266e-02 |291 -0.60026   4.4215e-02
292 -0.05271   7.5008e-02 |293  0.44567   5.7564e-02 |294 -0.39345   6.1343e-02
295 -0.23405   7.0236e-02 |296 -0.30208   6.6950e-02 |297 -0.39212   6.1435e-02
298  0.31362   6.6316e-02 |299 -0.19552   7.1744e-02 |300 -0.19177   7.1877e-02
301  0.33085   6.5329e-02 |302  0.16765   7.2671e-02 |303  0.47188  -1.2223e-02
304  0.08770  -9.7027e-03 |305 -0.90711  -9.9382e-03 |306  0.25212  -2.0399e-03
307 -0.87989   3.7089e-02 |308 -0.52438  -1.8601e-02 |
19.5891 7.16786 69.195 45.1007 
11.1709 11.1709 48.9675 49.8764 
6.29349 9.28498 0 1.16462 11.3273 
0 2.00635 0 0 0.442645 19.3656 0 
19.589 7.16961 69.1952 45.1005 
11.1703 11.1703 48.9664 49.8771 
6.29405 9.28501 0 1.16467 11.3247 
0 2.00649 0 0 0.442631 19.366 0 
19.5883 7.16941 69.1943 45.1004 
11.1706 11.1706 48.9668 49.877 
6.29438 9.28523 0 1.16438 11.3246 
0 2.00666 0 0 0.442643 19.3669 0 
19.5871 7.16912 69.1926 45.1002 
11.1711 11.1711 48.9675 49.8767 
6.295 9.28553 0 1.16395 11.3245 
0 2.00694 0 0 0.442665 19.3683 0 
19.5859 7.16936 69.1906 45.1 
11.1711 11.1711 48.968 49.8769 
6.2956 9.28601 0 1.16341 11.3238 
0 2.00725 0 0 0.442687 19.3698 0 
19.5854 7.16974 69.1895 45.1 
11.1712 11.1712 48.9683 49.877 
6.29593 9.28625 0 1.16314 11.3229 
0 2.00736 0 0 0.442697 19.3707 0 
19.5856 7.1702 69.1889 45.0996 
11.171 11.171 48.9683 49.8774 
6.29597 9.28631 0 1.16299 11.3222 
0 2.00733 0 0 0.442698 19.3713 0 
19.5859 7.17072 69.1881 45.0992 
11.1708 11.1708 48.9684 49.8778 
6.29596 9.28631 0 1.16283 11.3213 
0 2.00724 0 0 0.442697 19.3719 0 
19.5862 7.17046 69.1888 45.0995 
11.1709 11.1709 48.9681 49.8778 
6.29576 9.28615 0 1.16302 11.3218 
0 2.00714 0 0 0.44269 19.3713 0 
19.5867 7.17013 69.1898 45.0996 
11.1709 11.1709 48.9678 49.8778 
6.29545 9.2859 0 1.1633 11.3227 
0 2.00695 0 0 0.442679 19.3704 0 
308 variables; iteration 380; function evaluation 411; phase 1
Function value   3.0882760e+02; maximum gradient component mag   1.2845e-01
Var   Value    Gradient   |Var   Value    Gradient   |Var   Value    Gradient
  1  0.13086  -9.1621e-03 |  2  0.18582  -1.7500e-03 |  3  0.18943  -4.3116e-02
  4  0.19628  -8.9109e-03 |  5  0.19481  -3.7783e-04 |  6  0.19103   5.5838e-03
  7  0.17749   1.9869e-02 |  8  0.17352   7.3940e-03 |  9  0.17224   5.8498e-03
 10  0.14827   9.0580e-03 | 11  0.12460   2.4264e-03 | 12  0.12662   5.7585e-03
 13  0.10248  -2.1829e-03 | 14  0.05681   5.8223e-03 | 15 -0.01134   2.1975e-03
 16 -1.90184  -2.4812e-03 | 17 -0.15673   4.4045e-04 | 18 -0.23148   1.5134e-03
 19 -0.26062   3.1176e-03 | 20 -0.49885  -4.2759e-03 | 21 -0.43480  -7.0381e-05
 22  0.09861  -5.0057e-04 | 23 -0.17633   2.6247e-06 | 24  0.01113  -1.5273e-03
 25  0.08399   2.2023e-04 | 26  0.12655  -1.7192e-03 | 27  0.15292   9.4081e-05
 28  0.15534   1.6142e-03 | 29  0.14987  -4.8704e-03 | 30  0.15168  -2.3040e-03
 31  0.15589   9.0466e-03 | 32  0.14782   2.5725e-03 | 33  0.12926  -1.7691e-02
 34 -2.11270  -1.5227e-03 | 35  0.12250   3.7618e-03 | 36  0.11944   8.5401e-03
 37  0.08905   5.2820e-03 | 38  0.05220  -2.8326e-03 | 39  0.00761   3.5458e-03
 40 -1.96161  -1.1756e-03 | 41 -0.09451   3.3943e-04 | 42 -0.15386  -1.8779e-03
 43 -0.01880   2.0762e-03 | 44 -0.06603   2.3978e-02 | 45 -0.08971   8.9505e-03
 46 -0.16761   2.8038e-03 | 47 -0.18362   4.2576e-03 | 48 -0.14569   5.7395e-03
 49 -0.10794   1.0458e-02 | 50 -0.06496   6.9511e-03 | 51 -0.02812   5.9527e-03
 52  0.01412   1.3162e-02 | 53 -0.00464   1.0801e-02 | 54  0.03000   1.3680e-02
 55  0.02147   6.8709e-03 | 56  0.03648   4.4819e-03 | 57  0.08916   1.0373e-03
 58  0.10953   3.4335e-04 | 59  0.03577   1.3672e-02 | 60 -0.10973   4.9855e-03
 61 -0.07262   6.0790e-03 | 62  0.03669   1.7103e-02 | 63 -0.02373   2.4309e-03
 64 -0.04570  -3.6819e-03 | 65 -0.05267  -2.0001e-03 | 66 -0.04149  -1.0481e-02
 67 -0.06596  -7.0354e-03 | 68 -0.05140  -2.6130e-03 | 69 -0.07282  -2.3166e-03
 70 -0.06122  -1.6565e-03 | 71  0.05206  -1.0760e-02 | 72  0.04588   3.4145e-03
 73  0.00350   8.7350e-03 | 74 -0.00392   6.9548e-03 | 75  0.09937   1.8106e-02
 76  0.08128   1.1843e-03 | 77 -0.02167  -7.5730e-03 | 78 -0.05928  -1.2281e-02
 79  0.08379  -1.9395e-02 | 80  0.31581  -2.0940e-02 | 81  1.00031   8.1028e-06
 82 -0.12526   2.9952e-03 | 83 -0.04280   3.6131e-03 | 84  0.04148   2.9413e-03
 85 -0.03829  -1.0642e-02 | 86  0.09515   5.0442e-03 | 87  0.21438   1.1125e-02
 88 -0.08746   6.8229e-03 | 89 -0.20744   5.1905e-03 | 90 -0.15126   7.2226e-03
 91 -0.04380   7.3557e-03 | 92 -0.01875   5.7503e-03 | 93  0.03708   9.1455e-03
 94  0.16131   4.9220e-03 | 95  0.01227   4.4087e-03 | 96 -0.00199   4.8711e-03
 97  0.01440   8.9966e-03 | 98  0.09816   9.2299e-03 | 99  0.08640   1.4225e-02
100  0.08805   5.4931e-03 |101  0.10987   1.2388e-03 |102 -0.07695   3.4391e-03
103 -0.10200   3.1447e-03 |104  0.05488   3.2197e-03 |105  0.03674   5.2772e-03
106 -0.04766   5.4188e-03 |107 -0.05957   5.5752e-03 |108  0.06814   6.6268e-03
109  0.09994   7.2543e-03 |110  0.08615   5.0155e-03 |111  0.00743   9.0117e-04
112 -0.12849  -6.8831e-04 |113 -0.14088   2.7821e-03 |114 -0.03680   7.2772e-05
115  0.11475  -1.1542e-03 |116  0.02103   1.5016e-03 |117  0.09437   4.2413e-03
118  0.04361   6.6266e-03 |119 -0.01280   5.2419e-03 |120  0.00339   4.4188e-03
121  0.12983   3.1538e-03 |122  0.20054   6.1611e-03 |123 -0.99942   5.8679e-03
124  0.10795  -1.1839e-03 |125 -0.01700   3.4199e-03 |126 -0.17382   4.8145e-03
127 -0.06848  -2.1217e-03 |128  0.03507  -2.1307e-03 |129  0.06944  -2.1212e-03
130  0.15707  -2.0692e-03 |131 -0.10739  -2.1037e-03 |132 -0.05538  -2.1259e-03
133 -0.02107  -2.1328e-03 |134  0.00804  -2.1338e-03 |135  0.11787  -2.0974e-03
136 -0.04949  -2.1276e-03 |137  0.12390  -2.0936e-03 |138  0.06981  -2.1211e-03
139 -0.03967  -2.1298e-03 |140 -0.06812  -2.1218e-03 |141  0.24583  -1.9767e-03
142 -0.07095  -2.1208e-03 |143 -0.05000  -2.1274e-03 |144  0.00470  -2.1339e-03
145  0.02368  -2.1325e-03 |146 -0.00954  -2.1337e-03 |147  0.10361  -2.1057e-03
148 -0.06443  -2.1231e-03 |149 -0.07056  -2.1209e-03 |150  0.12109  -2.0954e-03
151 -0.17384  -2.0550e-03 |152  0.03801  -2.1301e-03 |153  0.12341  -2.0939e-03
154 -0.51606  -1.4708e-03 |155 -0.06090  -2.1242e-03 |156 -0.03888  -2.1300e-03
157 -0.17392  -2.0549e-03 |158 -0.06056  -2.1244e-03 |159  0.11415  -2.0997e-03
160  0.11239  -2.1007e-03 |161  0.12372  -2.0937e-03 |162 -0.13936  -2.0831e-03
163 -0.06220  -2.1238e-03 |164 -0.05079  -2.1272e-03 |165  0.32976  -1.8538e-03
166 -0.04119  -2.1295e-03 |167  0.00556  -2.1339e-03 |168  0.03170  -2.1313e-03
169  0.01272  -2.5449e-02 |170  0.00515  -5.7705e-02 |171  0.00309  -2.6305e-02
172  0.02659  -1.6293e-02 |173  0.07469  -3.9244e-02 |174  0.03512  -2.8107e-02
175  0.03277  -3.4191e-02 |176  0.01096  -2.5574e-02 |177  0.03156  -4.5089e-02
178  0.09587  -3.7519e-02 |179  0.11785  -4.5216e-02 |180  0.10809  -1.1974e-02
181  0.05416  -2.4788e-02 |182 -0.02654   1.7597e-03 |183 -0.03438  -1.9908e-02
184 -0.01425  -2.3914e-02 |185 -0.01275  -5.1495e-02 |186 -0.02224  -4.2677e-02
187 -0.04569  -2.5510e-02 |188 -0.03232  -3.5378e-02 |189  0.02297  -2.5725e-02
190  0.02720   4.8773e-03 |191  0.02682   1.8378e-02 |192  0.01793  -2.8286e-03
193 -0.02347  -7.6950e-03 |194 -0.07733  -2.0506e-02 |195 -0.00259  -6.8912e-04
196  0.05513   9.2491e-03 |197  0.01779  -3.4913e-02 |198  0.00446  -3.9743e-02
199  0.00614  -3.4645e-02 |200  0.01140  -2.8266e-02 |201  0.02071  -2.4379e-02
202  0.11681  -1.9194e-02 |203  0.11299   1.9572e-02 |204  0.09231   1.1617e-02
205 -0.03191  -2.1048e-02 |206 -0.70098  -2.0038e-02 |207 -0.12390  -2.2098e-02
208 -0.08967  -2.9309e-02 |209 -0.04478  -2.3071e-02 |210  0.06129  -2.3192e-02
211 -0.03818  -2.2326e-02 |212 -0.05618   2.4873e-02 |213  0.03593   7.1526e-03
214 -0.00857  -5.2859e-09 |215 -0.65278   1.7645e-03 |216 -0.84024  -1.9951e-02
217  0.01746  -8.4610e-03 |218 -0.16320   6.0813e-03 |219 -0.24938   6.4137e-03
220 -0.05388   4.1057e-03 |221  0.03624   1.1395e-04 |222 -0.00163   5.2248e-04
223  0.00858  -3.8056e-03 |224 -0.02871  -3.0816e-03 |225 -0.03602  -2.2018e-03
226  0.08968  -1.8077e-03 |227  0.07012  -2.0387e-04 |228  0.19540   2.5231e-03
229  0.10415   1.7471e-03 |230  0.09827  -4.9014e-04 |231  0.04949  -2.4558e-03
232  0.05761  -2.8109e-03 |233  0.06399  -1.1422e-04 |234  0.12737   1.4459e-03
235 -0.11619   1.8910e-03 |236 -0.12358   6.9973e-03 |237  0.00595   5.5798e-04
238  0.02569   3.8807e-03 |239 -0.11248  -1.4744e-03 |240 -0.15094  -4.1958e-03
241 -0.06584  -2.5876e-03 |242  0.01192  -1.3079e-03 |243  0.04318  -2.4165e-03
244 -0.02338   1.0797e-03 |245 -0.12259   1.0320e-02 |246 -0.23353   7.5330e-03
247 -0.10360   4.7703e-03 |248  0.00242   3.5246e-03 |249  0.05263   6.1863e-03
250  0.08312   7.4223e-03 |251  0.05585   4.3437e-03 |252 -0.01655  -2.9403e-03
253 -0.00258   2.4191e-03 |254  0.13247  -1.1082e-03 |255  0.19793   1.3954e-03
256  0.23258   2.0195e-03 |257 -0.14483   7.1755e-03 |258  0.09621   6.4941e-02
259  0.14961   3.6771e-03 |260 -0.86790  -1.6879e-02 |261 -0.84440  -3.3380e-03
262 -1.20065  -1.4437e-03 |263 -0.19144  -1.9601e-02 |264 -0.07755  -2.0370e-02
265 -0.23587  -1.9129e-02 |266  0.56357  -1.2992e-02 |267 -0.08696  -2.0331e-02
268 -0.29282  -1.8389e-02 |269 -0.50657  -1.4361e-02 |270  0.38687  -1.6848e-02
271  0.25271  -1.8926e-02 |272 -0.02254  -2.0509e-02 |273  0.91396  -2.7649e-03
274  0.47240  -1.5126e-02 |275  0.12508  -2.0127e-02 |276 -0.32026  -1.7979e-02
277 -0.59054  -1.2308e-02 |278  0.37962  -1.6980e-02 |279  0.41745  -1.6266e-02
280  0.01094  -2.0519e-02 |281  0.44652  -1.5678e-02 |282  0.03023  -2.0499e-02
283  0.28984  -1.8431e-02 |284  0.30691  -1.8183e-02 |285 -0.20068  -1.9511e-02
286  0.18451  -1.9666e-02 |287  0.35351  -1.7438e-02 |288 -0.90925  -2.9158e-03
289 -0.22422  -1.9262e-02 |290 -0.38074  -1.6960e-02 |291 -0.59942  -1.2078e-02
292 -0.05413  -2.0448e-02 |293  0.44465  -1.5716e-02 |294 -0.39325  -1.6730e-02
295 -0.23340  -1.9158e-02 |296 -0.30185  -1.8258e-02 |297 -0.39241  -1.6745e-02
298  0.31329  -1.8087e-02 |299 -0.19589  -1.9558e-02 |300 -0.19183  -1.9597e-02
301  0.33081  -1.7813e-02 |302  0.16875  -1.9805e-02 |303  0.47188   5.0791e-02
304  0.08771   1.0715e-02 |305 -0.90711   1.2845e-01 |306  0.25212   2.3249e-03
307 -0.87990  -1.5435e-02 |308 -0.52435   1.4970e-02 |
19.5875 7.16964 69.1912 45.1 
11.1711 11.1711 48.967 49.8779 
6.29495 9.28545 0 1.16376 11.3241 
0 2.00661 0 0 0.44266 19.369 0 
19.5884 7.1693 69.1925 45.0999 
11.1712 11.1712 48.9663 49.8781 
6.29457 9.28501 0 1.16421 11.3256 
0 2.0063 0 0 0.442641 19.3678 0 
19.589 7.16926 69.193 45.0999 
11.1713 11.1713 48.9657 49.8783 
6.29438 9.28467 0 1.16455 11.3265 
0 2.00608 0 0 0.442626 19.367 0 
19.5894 7.16959 69.1928 45.0992 
11.1713 11.1713 48.9656 49.8787 
6.29445 9.28449 0 1.16478 11.3268 
0 2.00599 0 0 0.442616 19.3669 0 
19.5899 7.1702 69.1925 45.0981 
11.1711 11.1711 48.9654 49.8791 
6.29457 9.28427 0 1.16512 11.3272 
0 2.00589 0 0 0.442603 19.3669 0 
19.5894 7.17031 69.1918 45.0981 
11.171 11.171 48.966 49.8788 
6.2949 9.2845 0 1.16493 11.3263 
0 2.00607 0 0 0.442612 19.3675 0 
19.5886 7.17068 69.1901 45.0974 
11.1701 11.1701 48.9674 49.8784 
6.29559 9.28526 0 1.16443 11.3246 
0 2.00647 0 0 0.442633 19.3695 0 
19.5878 7.17072 69.1897 45.097 
11.1696 11.1696 48.9681 49.8781 
6.2961 9.28558 0 1.16426 11.3238 
0 2.00661 0 0 0.442637 19.3705 0 
19.5876 7.17037 69.1896 45.0966 
11.1691 11.1691 48.9684 49.878 
6.2964 9.28588 0 1.16413 11.3239 
0 2.00665 0 0 0.44264 19.3712 0 
19.587 7.16959 69.1903 45.0963 
11.1687 11.1687 48.9681 49.878 
6.29684 9.28603 0 1.16406 11.3248 
0 2.00651 0 0 0.442634 19.3716 0 
308 variables; iteration 390; function evaluation 421; phase 1
Function value   3.0882745e+02; maximum gradient component mag   1.5825e-01
Var   Value    Gradient   |Var   Value    Gradient   |Var   Value    Gradient
  1  0.13096   2.7752e-03 |  2  0.18577  -4.0997e-03 |  3  0.18947   6.3583e-02
  4  0.19626   1.2538e-04 |  5  0.19481   1.5073e-02 |  6  0.19101  -2.2760e-02
  7  0.17748   7.2177e-03 |  8  0.17351  -7.1598e-03 |  9  0.17224   1.2543e-02
 10  0.14826   8.4638e-03 | 11  0.12461  -3.1561e-05 | 12  0.12661  -2.6399e-02
 13  0.10250   7.6646e-03 | 14  0.05682   1.1619e-02 | 15 -0.01135  -3.1162e-03
 16 -1.90225  -9.8148e-03 | 17 -0.15746  -4.2915e-03 | 18 -0.23354  -4.8525e-04
 19 -0.28209  -5.9731e-03 | 20 -0.46147  -4.3088e-03 | 21 -0.42606  -1.8319e-06
 22  0.09863  -7.1702e-04 | 23 -0.17628   1.0477e-05 | 24  0.01111  -3.0787e-03
 25  0.08401  -2.1253e-03 | 26  0.12656  -6.7117e-03 | 27  0.15294   2.2449e-03
 28  0.15537   7.7641e-03 | 29  0.14990   6.2428e-03 | 30  0.15170  -1.3747e-02
 31  0.15591   1.9058e-03 | 32  0.14783   2.4527e-03 | 33  0.12929  -4.2414e-03
 34 -2.11273  -2.1461e-02 | 35  0.12252   8.8617e-03 | 36  0.11946  -1.0377e-02
 37  0.08907  -7.9426e-03 | 38  0.05224   3.6370e-03 | 39  0.00765   1.0717e-03
 40 -1.96172   4.9141e-03 | 41 -0.09447   1.4509e-03 | 42 -0.15384  -1.5974e-03
 43 -0.01858   4.0572e-04 | 44 -0.06652  -3.1041e-02 | 45 -0.08980  -1.2702e-02
 46 -0.16754  -2.4283e-03 | 47 -0.18359  -4.9196e-03 | 48 -0.14570  -8.3695e-03
 49 -0.10815  -2.2773e-02 | 50 -0.06507  -1.6701e-02 | 51 -0.02816  -1.0096e-02
 52  0.01416   6.6750e-03 | 53 -0.00456   1.2106e-02 | 54  0.02999   1.0907e-02
 55  0.02158   1.0132e-02 | 56  0.03636  -4.1070e-03 | 57  0.08899  -3.9757e-03
 58  0.10983   3.1642e-02 | 59  0.03565   6.9035e-03 | 60 -0.10972   4.6838e-04
 61 -0.07261  -1.1854e-03 | 62  0.03648  -1.1139e-02 | 63 -0.02366  -3.8210e-03
 64 -0.04561  -1.4470e-03 | 65 -0.05266   3.8977e-04 | 66 -0.04132   7.4737e-03
 67 -0.06588   3.7552e-03 | 68 -0.05144  -7.2339e-04 | 69 -0.07285  -1.6436e-03
 70 -0.06123   4.5308e-04 | 71  0.05233   1.3449e-02 | 72  0.04582   3.4692e-03
 73  0.00350   4.7823e-03 | 74 -0.00392  -2.0950e-03 | 75  0.09924  -2.8106e-03
 76  0.08124  -5.5767e-03 | 77 -0.02157   1.3551e-03 | 78 -0.05923  -6.6285e-03
 79  0.08398   1.0760e-03 | 80  0.31578   6.4074e-03 | 81  0.99924  -1.6192e-03
 82 -0.12526  -1.1616e-03 | 83 -0.04277   1.4259e-03 | 84  0.04147  -1.0380e-03
 85 -0.03792  -9.7760e-03 | 86  0.09506  -1.0921e-02 | 87  0.21439  -1.6318e-02
 88 -0.08751  -1.4236e-02 | 89 -0.20750  -1.0858e-02 | 90 -0.15134  -1.1800e-02
 91 -0.04384  -1.2382e-02 | 92 -0.01875  -1.2797e-02 | 93  0.03695  -2.2138e-02
 94  0.16135  -1.9879e-02 | 95  0.01232  -9.8206e-03 | 96 -0.00197  -6.8775e-03
 97  0.01436  -5.3528e-03 | 98  0.09811  -6.3730e-03 | 99  0.08639  -5.3254e-03
100  0.08811  -2.0833e-03 |101  0.10979  -1.1335e-02 |102 -0.07698  -5.5530e-03
103 -0.10199  -5.5382e-03 |104  0.05487  -5.6462e-03 |105  0.03681  -6.7350e-03
106 -0.04760  -1.0289e-02 |107 -0.05950  -7.3616e-03 |108  0.06812  -1.2988e-02
109  0.09993  -9.3251e-03 |110  0.08613  -5.6336e-03 |111  0.00736  -1.0579e-02
112 -0.12845  -6.7637e-03 |113 -0.14089  -7.9986e-03 |114 -0.03680  -8.0404e-03
115  0.11470  -1.1064e-02 |116  0.02103  -6.3892e-03 |117  0.09433  -1.0483e-02
118  0.04367  -7.8716e-03 |119 -0.01271  -8.6590e-03 |120  0.00346  -8.0812e-03
121  0.12984  -1.0295e-02 |122  0.20050  -9.9000e-03 |123 -1.00037  -3.3046e-03
124  0.10795  -1.0496e-02 |125 -0.01708  -1.3117e-02 |126 -0.17387  -8.2075e-03
127 -0.06885  -2.4491e-03 |128  0.03548  -2.4596e-03 |129  0.07122  -2.4480e-03
130  0.15737  -2.3884e-03 |131 -0.10885  -2.4276e-03 |132 -0.05537  -2.4541e-03
133 -0.01860  -2.4624e-03 |134  0.00853  -2.4632e-03 |135  0.11702  -2.4218e-03
136 -0.04935  -2.4561e-03 |137  0.12297  -2.4175e-03 |138  0.06978  -2.4486e-03
139 -0.03945  -2.4587e-03 |140 -0.06845  -2.4492e-03 |141  0.24491  -2.2832e-03
142 -0.07138  -2.4480e-03 |143 -0.04988  -2.4559e-03 |144  0.00522  -2.4633e-03
145  0.02386  -2.4617e-03 |146 -0.00905  -2.4632e-03 |147  0.10288  -2.4313e-03
148 -0.06465  -2.4508e-03 |149 -0.07098  -2.4482e-03 |150  0.12020  -2.4196e-03
151 -0.18304  -2.3624e-03 |152  0.03803  -2.4590e-03 |153  0.12235  -2.4180e-03
154 -0.51074  -1.7127e-03 |155 -0.06103  -2.4522e-03 |156 -0.03638  -2.4594e-03
157 -0.16855  -2.3777e-03 |158 -0.06074  -2.4523e-03 |159  0.11336  -2.4244e-03
160  0.11164  -2.4256e-03 |161  0.12280  -2.4177e-03 |162 -0.13337  -2.4096e-03
163 -0.06237  -2.4517e-03 |164 -0.05068  -2.4557e-03 |165  0.32366  -2.1516e-03
166 -0.04109  -2.4583e-03 |167  0.00608  -2.4633e-03 |168  0.03213  -2.4603e-03
169  0.01287   1.5825e-01 |170  0.00483   2.3110e-02 |171  0.00277  -1.7276e-02
172  0.02628  -2.6281e-02 |173  0.07439   3.1494e-02 |174  0.03481   1.4404e-03
175  0.03247   2.3141e-03 |176  0.01065  -2.9052e-02 |177  0.03128  -4.3960e-02
178  0.09558  -5.9585e-02 |179  0.11755  -6.1927e-02 |180  0.10778  -6.4063e-02
181  0.05388  -1.8547e-02 |182 -0.02691  -5.9237e-02 |183 -0.03465  -2.0626e-02
184 -0.01452  -3.7229e-02 |185 -0.01303  -3.3206e-02 |186 -0.02255  -1.5943e-02
187 -0.04600  -2.1175e-02 |188 -0.03261  -1.3786e-02 |189  0.02269  -5.9960e-03
190  0.02692  -3.2152e-02 |191  0.02653  -4.9409e-02 |192  0.01765  -4.5103e-02
193 -0.02378  -2.7994e-02 |194 -0.07762  -2.3566e-02 |195 -0.00288  -5.4244e-03
196  0.05485  -1.8346e-02 |197  0.01751  -6.5535e-02 |198  0.00416  -4.3015e-02
199  0.00585   6.9103e-03 |200  0.01109  -2.4076e-02 |201  0.02042  -1.5610e-02
202  0.11651  -3.4104e-02 |203  0.11271  -4.6095e-02 |204  0.09202  -2.4114e-02
205 -0.03219  -2.3724e-02 |206 -0.69789  -2.3456e-02 |207 -0.12422  -3.2680e-02
208 -0.08995  -1.8428e-02 |209 -0.04507  -2.3696e-02 |210  0.06100  -2.9509e-02
211 -0.02782  -2.8838e-02 |212 -0.05619  -3.7694e-03 |213  0.03594  -4.4909e-02
214 -0.00857  -5.2847e-09 |215 -0.65281   2.1038e-03 |216 -0.84028  -1.0774e-02
217  0.01742  -5.5260e-02 |218 -0.16320  -9.0252e-03 |219 -0.24934  -3.0239e-03
220 -0.05386   2.3342e-03 |221  0.03626  -1.2118e-03 |222 -0.00163   3.1747e-03
223  0.00858   5.9622e-04 |224 -0.02871  -6.7820e-04 |225 -0.03602  -5.0983e-03
226  0.08966  -3.0243e-03 |227  0.07008  -6.1749e-03 |228  0.19540  -1.5653e-03
229  0.10418   2.2858e-03 |230  0.09829  -1.6410e-03 |231  0.04950  -8.6425e-03
232  0.05760  -4.9202e-03 |233  0.06399  -4.9446e-03 |234  0.12734  -7.0286e-03
235 -0.11622  -9.5230e-03 |236 -0.12359  -3.9909e-03 |237  0.00594  -9.8067e-03
238  0.02567  -7.8989e-03 |239 -0.11248  -5.0511e-03 |240 -0.15093  -4.3940e-03
241 -0.06583  -3.7770e-03 |242  0.01192  -1.9685e-04 |243  0.04320  -2.7368e-03
244 -0.02338  -2.4310e-04 |245 -0.12260  -4.3296e-03 |246 -0.23353  -6.2849e-03
247 -0.10359  -7.6971e-03 |248  0.00241  -5.7643e-03 |249  0.05263  -3.7596e-03
250  0.08311  -3.4969e-03 |251  0.05585  -4.8555e-03 |252 -0.01655  -5.7537e-03
253 -0.00258  -1.5047e-03 |254  0.13247  -6.1283e-03 |255  0.19794  -1.6600e-03
256  0.23257  -6.7781e-03 |257 -0.14482  -6.6832e-03 |258  0.09622   1.3194e-01
259  0.14961   3.7078e-02 |260 -0.86790  -3.2042e-02 |261 -0.84440  -3.6104e-02
262 -1.20101  -3.2665e-03 |263 -0.19195   2.0938e-04 |264 -0.07737   2.1766e-04
265 -0.23667   2.0429e-04 |266  0.56212   1.3926e-04 |267 -0.08579   2.1729e-04
268 -0.29369   1.9634e-04 |269 -0.50588   1.5358e-04 |270  0.38688   1.8005e-04
271  0.25380   2.0210e-04 |272 -0.02223   2.1915e-04 |273  0.91223   3.0420e-05
274  0.47090   1.6201e-04 |275  0.12672   2.1496e-04 |276 -0.31686   1.9265e-04
277 -0.59112   1.3130e-04 |278  0.37925   1.8154e-04 |279  0.42008   1.7328e-04
280  0.00988   2.1926e-04 |281  0.44785   1.6726e-04 |282  0.02841   2.1906e-04
283  0.29054   1.9686e-04 |284  0.30693   1.9431e-04 |285 -0.19971   2.0857e-04
286  0.18438   2.1016e-04 |287  0.35465   1.8615e-04 |288 -0.90809   3.1277e-05
289 -0.22479   2.0574e-04 |290 -0.38265   1.8082e-04 |291 -0.59777   1.2946e-04
292 -0.05853   2.1835e-04 |293  0.44355   1.6821e-04 |294 -0.39327   1.7873e-04
295 -0.23093   2.0500e-04 |296 -0.30107   1.9519e-04 |297 -0.39357   1.7867e-04
298  0.31330   1.9328e-04 |299 -0.19953   2.0859e-04 |300 -0.19329   2.0924e-04
301  0.33097   1.9033e-04 |302  0.17232   2.1131e-04 |303  0.47189   1.2817e-01
304  0.08773   2.5251e-04 |305 -0.90712  -9.0476e-02 |306  0.25212  -6.6140e-03
307 -0.87990  -2.9772e-02 |308 -0.52435   2.8658e-02 |
19.5868 7.16869 69.1909 45.0964 
11.1684 11.1684 48.9674 49.8783 
6.29714 9.2862 0 1.16386 11.326 
0 2.00639 0 0 0.442629 19.3719 0 
19.5862 7.16778 69.1916 45.0968 
11.1687 11.1687 48.9664 49.8786 
6.29755 9.28615 0 1.16353 11.3271 
0 2.00627 0 0 0.442624 19.3723 0 
19.5855 7.16697 69.1918 45.0977 
11.1688 11.1688 48.9655 49.879 
6.29787 9.28628 0 1.16287 11.3277 
0 2.00629 0 0 0.442624 19.373 0 
19.5844 7.1662 69.1921 45.0987 
11.1694 11.1694 48.9647 49.8791 
6.29819 9.28618 0 1.16192 11.3279 
0 2.00642 0 0 0.442628 19.3742 0 
19.5836 7.16584 69.192 45.1003 
11.1695 11.1695 48.9644 49.8791 
6.29805 9.2863 0 1.16072 11.3274 
0 2.00673 0 0 0.44264 19.3755 0 
19.5826 7.16562 69.1927 45.1016 
11.1702 11.1702 48.9645 49.8786 
6.29738 9.28594 0 1.1596 11.3267 
0 2.00706 0 0 0.44265 19.3766 0 
19.5827 7.16612 69.1933 45.1032 
11.1702 11.1702 48.9653 49.8779 
6.29565 9.28574 0 1.15898 11.3262 
0 2.00735 0 0 0.442663 19.3764 0 
19.5832 7.16668 69.1949 45.1038 
11.1711 11.1711 48.9662 49.8771 
6.29331 9.28484 0 1.1594 11.3266 
0 2.00739 0 0 0.442663 19.3745 0 
19.5848 7.16784 69.1957 45.1041 
11.1715 11.1715 48.9671 49.8766 
6.29073 9.28432 0 1.16099 11.328 
0 2.00722 0 0 0.442655 19.3704 0 
19.586 7.16836 69.1962 45.1034 
11.1734 11.1734 48.9672 49.8766 
6.28923 9.28349 0 1.16322 11.3298 
0 2.00691 0 0 0.442633 19.366 0 
308 variables; iteration 400; function evaluation 431; phase 1
Function value   3.0882712e+02; maximum gradient component mag   9.3985e-01
Var   Value    Gradient   |Var   Value    Gradient   |Var   Value    Gradient
  1  0.13109   2.2093e-02 |  2  0.18578  -7.0938e-03 |  3  0.18945  -2.5901e-02
  4  0.19627  -2.8364e-02 |  5  0.19482  -5.3863e-03 |  6  0.19099  -1.3569e-01
  7  0.17749   3.2596e-03 |  8  0.17352   4.2117e-03 |  9  0.17223  -2.9218e-02
 10  0.14824  -4.8630e-02 | 11  0.12460  -1.2569e-02 | 12  0.12657  -7.6658e-02
 13  0.10248  -4.2604e-03 | 14  0.05681   1.9464e-02 | 15 -0.01132  -5.2739e-03
 16 -1.90105   1.9215e-02 | 17 -0.15764  -6.3285e-03 | 18 -0.23507  -2.0087e-03
 19 -0.28850  -7.9500e-03 | 20 -0.36453  -2.4067e-03 | 21 -0.40393   2.4308e-04
 22  0.09865  -1.1480e-03 | 23 -0.17626   1.5223e-05 | 24  0.01118  -7.0987e-04
 25  0.08403  -3.2532e-03 | 26  0.12659  -7.1782e-03 | 27  0.15298   9.8273e-03
 28  0.15539  -1.2505e-02 | 29  0.14993   1.3902e-02 | 30  0.15173  -2.2662e-02
 31  0.15595   1.0194e-02 | 32  0.14786  -1.6736e-02 | 33  0.12932  -1.3186e-02
 34 -2.11276  -2.3122e-03 | 35  0.12258   3.7254e-02 | 36  0.11950  -3.1653e-02
 37  0.08913  -3.2218e-03 | 38  0.05229   8.3798e-03 | 39  0.00770   4.6330e-03
 40 -1.96180   1.8269e-03 | 41 -0.09457  -1.5913e-03 | 42 -0.15380  -9.5452e-04
 43 -0.01895  -1.1537e-02 | 44 -0.06567   3.4888e-02 | 45 -0.08968  -3.9386e-03
 46 -0.16763  -1.4390e-02 | 47 -0.18358  -8.0558e-03 | 48 -0.14565  -8.4401e-03
 49 -0.10792  -9.8001e-03 | 50 -0.06499  -2.5531e-02 | 51 -0.02806  -3.6854e-02
 52  0.01372  -7.9993e-02 | 53 -0.00485  -7.7379e-02 | 54  0.02962  -1.0458e-01
 55  0.02147  -7.3291e-02 | 56  0.03663  -5.2207e-02 | 57  0.08929  -4.5154e-02
 58  0.10910  -5.3017e-02 | 59  0.03598   1.3082e-02 | 60 -0.10972  -1.0033e-02
 61 -0.07263  -8.5477e-03 | 62  0.03670   6.8915e-03 | 63 -0.02374  -1.5211e-02
 64 -0.04551  -9.7821e-03 | 65 -0.05276  -3.1434e-02 | 66 -0.04160  -4.3921e-02
 67 -0.06598  -3.4768e-02 | 68 -0.05140  -2.7557e-02 | 69 -0.07282  -2.4361e-02
 70 -0.06123  -2.4417e-02 | 71  0.05202  -3.5985e-02 | 72  0.04578  -2.9415e-02
 73  0.00354  -1.9612e-02 | 74 -0.00388  -2.3826e-02 | 75  0.09916  -3.4192e-02
 76  0.08096  -2.6526e-02 | 77 -0.02120   3.2996e-02 | 78 -0.05892   2.5467e-02
 79  0.08438   6.1156e-02 | 80  0.31562   7.9963e-02 | 81  0.99792  -5.2956e-03
 82 -0.12526  -1.5863e-02 | 83 -0.04283  -1.7808e-02 | 84  0.04142  -1.8061e-02
 85 -0.03691   2.4960e-02 | 86  0.09479  -1.1133e-02 | 87  0.21434   1.5369e-02
 88 -0.08750  -4.5022e-03 | 89 -0.20756  -1.0830e-02 | 90 -0.15138  -8.6610e-03
 91 -0.04381  -1.6091e-03 | 92 -0.01879  -5.8939e-03 | 93  0.03691  -1.2985e-02
 94  0.16124  -2.1450e-02 | 95  0.01235  -1.4659e-02 | 96 -0.00180  -7.0713e-03
 97  0.01417  -3.6338e-02 | 98  0.09846  -2.1401e-02 | 99  0.08597  -8.3962e-02
100  0.08803  -4.5555e-02 |101  0.10998  -2.0446e-02 |102 -0.07689  -4.7544e-03
103 -0.10196  -3.2547e-03 |104  0.05488  -1.0092e-03 |105  0.03671   6.3540e-05
106 -0.04772  -6.5480e-03 |107 -0.05960  -3.2844e-03 |108  0.06803  -5.6221e-03
109  0.10000  -4.8576e-04 |110  0.08611  -1.4234e-02 |111  0.00734  -1.6917e-02
112 -0.12853  -1.4742e-02 |113 -0.14090  -1.2174e-02 |114 -0.03683  -1.7647e-02
115  0.11469  -2.4252e-02 |116  0.02097  -1.4827e-02 |117  0.09431  -1.8508e-02
118  0.04369  -1.3082e-02 |119 -0.01266  -1.3644e-02 |120  0.00354  -1.0770e-02
121  0.12986  -5.7147e-03 |122  0.20037  -3.7380e-03 |123 -1.00006   3.9491e-03
124  0.10798   9.1164e-03 |125 -0.01713  -1.0820e-02 |126 -0.17398  -1.0632e-02
127 -0.06914  -5.7680e-03 |128  0.03681  -5.7924e-03 |129  0.07569  -5.7611e-03
130  0.15729  -5.6259e-03 |131 -0.11202  -5.7126e-03 |132 -0.05491  -5.7806e-03
133 -0.01254  -5.8010e-03 |134  0.01005  -5.8014e-03 |135  0.11499  -5.7077e-03
136 -0.04862  -5.7853e-03 |137  0.12068  -5.6981e-03 |138  0.07000  -5.7671e-03
139 -0.03836  -5.7917e-03 |140 -0.06871  -5.7684e-03 |141  0.24041  -5.3932e-03
142 -0.07182  -5.7653e-03 |143 -0.04917  -5.7849e-03 |144  0.00683  -5.8018e-03
145  0.02492  -5.7977e-03 |146 -0.00750  -5.8018e-03 |147  0.10133  -5.7287e-03
148 -0.06469  -5.7723e-03 |149 -0.07141  -5.7657e-03 |150  0.11802  -5.7027e-03
151 -0.20400  -5.5070e-03 |152  0.03871  -5.7914e-03 |153  0.11983  -5.6996e-03
154 -0.49735  -4.1202e-03 |155 -0.06086  -5.7757e-03 |156 -0.03039  -5.7956e-03
157 -0.15612  -5.6287e-03 |158 -0.06056  -5.7760e-03 |159  0.11151  -5.7133e-03
160  0.10988  -5.7159e-03 |161  0.12051  -5.6984e-03 |162 -0.12800  -5.6854e-03
163 -0.06227  -5.7745e-03 |164 -0.05000  -5.7843e-03 |165  0.30796  -5.1362e-03
166 -0.04051  -5.7904e-03 |167  0.00769  -5.8017e-03 |168  0.03352  -5.7941e-03
169  0.01333   9.3985e-01 |170  0.00398   3.3823e-02 |171  0.00192  -3.5111e-02
172  0.02539  -5.8578e-02 |173  0.07349  -4.5002e-02 |174  0.03392  -1.8702e-02
175  0.03158   1.4146e-02 |176  0.00972   3.5639e-03 |177  0.03036   5.3624e-02
178  0.09461   7.4528e-02 |179  0.11659   4.8908e-02 |180  0.10687   1.3923e-01
181  0.05295  -2.0713e-02 |182 -0.02771   2.3265e-03 |183 -0.03558  -3.0141e-02
184 -0.01547  -6.9005e-02 |185 -0.01394  -1.0989e-01 |186 -0.02340  -2.5465e-02
187 -0.04687  -1.2832e-02 |188 -0.03351  -5.6059e-02 |189  0.02180  -6.9924e-03
190  0.02602   2.8322e-02 |191  0.02563   4.6180e-02 |192  0.01674   4.8147e-02
193 -0.02466   1.8437e-02 |194 -0.07851  -1.8468e-02 |195 -0.00379  -1.8193e-02
196  0.05394   1.2783e-02 |197  0.01659  -3.7691e-02 |198  0.00325  -5.7715e-02
199  0.00497   3.4079e-02 |200  0.01021   1.2722e-03 |201  0.01953   2.1987e-02
202  0.11560  -3.7692e-02 |203  0.11182  -1.6877e-01 |204  0.09114  -1.6696e-01
205 -0.03308  -2.5570e-02 |206 -0.68847  -2.3009e-02 |207 -0.12518  -3.1425e-02
208 -0.09085   1.1502e-02 |209 -0.04596  -7.8560e-03 |210  0.06010  -1.1387e-02
211  0.00367  -2.4656e-02 |212 -0.05618  -1.0018e-01 |213  0.03595  -1.2613e-01
214 -0.00856  -5.2817e-09 |215 -0.65277   2.8914e-02 |216 -0.84024   1.1936e-02
217  0.01745  -2.6497e-02 |218 -0.16317  -2.1848e-02 |219 -0.24933  -3.9772e-02
220 -0.05392  -2.1704e-02 |221  0.03622  -2.2242e-02 |222 -0.00163  -1.8687e-02
223  0.00858  -1.0035e-02 |224 -0.02871  -2.0260e-02 |225 -0.03601  -2.9020e-02
226  0.08968  -1.9508e-02 |227  0.07007  -3.0743e-02 |228  0.19537  -1.4915e-02
229  0.10422  -3.2590e-03 |230  0.09825  -1.0700e-03 |231  0.04952   9.3797e-04
232  0.05759  -4.8353e-03 |233  0.06392  -6.0284e-03 |234  0.12739   8.9605e-03
235 -0.11617  -8.6516e-03 |236 -0.12355  -1.1751e-03 |237  0.00599  -9.8119e-03
238  0.02571  -1.6046e-02 |239 -0.11247  -2.2081e-02 |240 -0.15092  -1.0990e-02
241 -0.06586  -2.0210e-02 |242  0.01192  -2.0121e-02 |243  0.04321  -1.1171e-02
244 -0.02339  -1.0053e-02 |245 -0.12262  -1.3825e-02 |246 -0.23354  -7.2110e-03
247 -0.10360  -9.5269e-03 |248  0.00240  -1.0501e-02 |249  0.05259  -1.5631e-02
250  0.08308  -1.0954e-02 |251  0.05582  -2.0439e-02 |252 -0.01657  -1.5243e-02
253 -0.00261  -1.4246e-02 |254  0.13254  -1.5163e-03 |255  0.19798  -1.2918e-02
256  0.23257  -1.4719e-02 |257 -0.14483  -4.0954e-02 |258  0.09621   2.8206e-03
259  0.14961   9.2659e-02 |260 -0.86790   3.1331e-02 |261 -0.84440  -4.2659e-03
262 -1.20072  -2.7461e-03 |263 -0.19333   5.6508e-02 |264 -0.07919   5.8760e-02
265 -0.23928   5.5084e-02 |266  0.55737   3.7935e-02 |267 -0.08398   5.8703e-02
268 -0.29446   5.2996e-02 |269 -0.50172   4.1760e-02 |270  0.38359   4.8789e-02
271  0.26032   5.4336e-02 |272 -0.01981   5.9189e-02 |273  0.90901   8.4352e-03
274  0.46863   4.3885e-02 |275  0.13103   5.7968e-02 |276 -0.30975   5.2346e-02
277 -0.59362   3.5286e-02 |278  0.37823   4.9070e-02 |279  0.42554   4.6474e-02
280  0.00898   5.9212e-02 |281  0.45297   4.4850e-02 |282  0.02688   5.9165e-02
283  0.28845   5.3243e-02 |284  0.30434   5.2579e-02 |285 -0.19608   5.6431e-02
286  0.18552   5.6721e-02 |287  0.35548   5.0223e-02 |288 -0.90669   8.6479e-03
289 -0.22184   5.5659e-02 |290 -0.38289   4.8826e-02 |291 -0.59193   3.5411e-02
292 -0.07033   5.8857e-02 |293  0.43906   4.5684e-02 |294 -0.39277   4.8301e-02
295 -0.23018   5.5389e-02 |296 -0.29729   5.2877e-02 |297 -0.39394   4.8238e-02
298  0.31332   5.2189e-02 |299 -0.20950   5.6040e-02 |300 -0.19529   5.6453e-02
301  0.32794   5.1533e-02 |302  0.17726   5.6937e-02 |303  0.47188  -1.4458e-02
304  0.08770  -5.0170e-03 |305 -0.90712  -1.1080e-01 |306  0.25214   9.2636e-03
307 -0.87990  -1.1559e-01 |308 -0.52437  -1.8058e-02 |
19.587 7.16853 69.1946 45.103 
11.1746 11.1746 48.9673 49.877 
6.28903 9.28353 0 1.16514 11.3315 
0 2.0068 0 0 0.442615 19.3623 0 
19.5867 7.16827 69.1928 45.1024 
11.1765 11.1765 48.9672 49.8775 
6.2899 9.28358 0 1.16592 11.3313 
0 2.00693 0 0 0.442601 19.3614 0 
19.5865 7.16768 69.1906 45.1021 
11.1773 11.1773 48.9676 49.8777 
6.29099 9.28395 0 1.16583 11.3307 
0 2.00724 0 0 0.442601 19.3621 0 
19.586 7.16672 69.1888 45.1018 
11.1782 11.1782 48.9684 49.8774 
6.292 9.28416 0 1.16519 11.3297 
0 2.00761 0 0 0.442606 19.3638 0 
19.5862 7.16548 69.1878 45.1016 
11.1782 11.1782 48.9696 49.8766 
6.29256 9.28434 0 1.1643 11.329 
0 2.00787 0 0 0.442612 19.3659 0 
19.5869 7.16421 69.1877 45.1012 
11.1777 11.1777 48.9706 49.8756 
6.29271 9.28425 0 1.16355 11.329 
0 2.00798 0 0 0.442622 19.3677 0 
19.5878 7.1626 69.1889 45.1013 
11.1769 11.1769 48.9708 49.8749 
6.2923 9.28403 0 1.16304 11.3302 
0 2.00777 0 0 0.442624 19.3687 0 
19.5887 7.16191 69.1899 45.1013 
11.1757 11.1757 48.9703 49.8748 
6.29217 9.28385 0 1.16327 11.3318 
0 2.00752 0 0 0.442633 19.3684 0 
19.5891 7.1624 69.1905 45.1014 
11.1746 11.1746 48.9692 49.8754 
6.29202 9.28402 0 1.16365 11.3325 
0 2.00733 0 0 0.44264 19.3678 0 
19.5929 7.16726 69.1965 45.1022 
11.1635 11.1635 48.9581 49.8817 
6.29058 9.28572 0 1.16751 11.3391 
0 2.00551 0 0 0.442706 19.3618 0 
19.5896 7.16308 69.1913 45.1015 
11.173 11.173 48.9676 49.8763 
6.29181 9.28425 0 1.16419 11.3334 
0 2.00707 0 0 0.442649 19.367 0 
19.5889 7.16297 69.1909 45.1011 
11.1739 11.1739 48.9678 49.8764 
6.29234 9.28409 0 1.16398 11.3326 
0 2.00723 0 0 0.442649 19.3677 0 
308 variables; iteration 410; function evaluation 443; phase 1
Function value   3.0882686e+02; maximum gradient component mag  -1.2591e-01
Var   Value    Gradient   |Var   Value    Gradient   |Var   Value    Gradient
  1  0.13089   1.5355e-03 |  2  0.18582   4.6363e-03 |  3  0.18943  -2.7550e-02
  4  0.19628  -1.8403e-02 |  5  0.19481  -2.3724e-02 |  6  0.19102  -5.8603e-02
  7  0.17748  -3.7735e-02 |  8  0.17351  -9.8678e-03 |  9  0.17223  -8.5725e-03
 10  0.14825  -1.8131e-02 | 11  0.12461  -1.9342e-03 | 12  0.12661  -8.0705e-03
 13  0.10247  -1.5916e-02 | 14  0.05679  -6.7157e-03 | 15 -0.01137  -6.6792e-03
 16 -1.90172   1.0884e-03 | 17 -0.15700  -1.4667e-03 | 18 -0.23441  -1.2769e-03
 19 -0.27251  -2.4545e-03 | 20 -0.33190   2.4557e-04 | 21 -0.40497   2.4026e-04
 22  0.09867   1.3672e-04 | 23 -0.17629   2.4861e-06 | 24  0.01120  -3.0537e-04
 25  0.08405   2.8316e-03 | 26  0.12661   2.1019e-03 | 27  0.15297  -7.9873e-03
 28  0.15540   1.3763e-03 | 29  0.14993   5.4314e-03 | 30  0.15173  -1.2206e-02
 31  0.15594  -4.7636e-03 | 32  0.14787   2.0884e-03 | 33  0.12935   4.4349e-02
 34 -2.11275   1.4962e-02 | 35  0.12256  -7.2445e-03 | 36  0.11950  -2.9822e-02
 37  0.08911   4.8605e-03 | 38  0.05226  -1.3754e-03 | 39  0.00767  -4.0184e-03
 40 -1.96173  -1.5039e-03 | 41 -0.09469  -1.0127e-03 | 42 -0.15376   1.3881e-03
 43 -0.01883   4.0560e-03 | 44 -0.06577   3.9683e-02 | 45 -0.08978   1.3991e-03
 46 -0.16762   5.0872e-04 | 47 -0.18361   3.0525e-03 | 48 -0.14570   3.9795e-03
 49 -0.10797   7.9437e-03 | 50 -0.06496   7.8666e-03 | 51 -0.02816   3.4598e-03
 52  0.01426   2.6510e-02 | 53 -0.00472   1.2732e-02 | 54  0.03005   2.8233e-02
 55  0.02154   1.6576e-02 | 56  0.03648   4.0505e-03 | 57  0.08930  -1.0957e-03
 58  0.10927  -5.6516e-02 | 59  0.03543  -4.9134e-02 | 60 -0.10968  -8.1856e-03
 61 -0.07261  -1.2095e-02 | 62  0.03644  -2.7919e-02 | 63 -0.02365  -8.4215e-03
 64 -0.04550   7.4116e-03 | 65 -0.05269  -2.5478e-03 | 66 -0.04126   7.7905e-03
 67 -0.06584   4.6905e-03 | 68 -0.05155  -8.6265e-03 | 69 -0.07290  -3.7828e-03
 70 -0.06121   1.1659e-03 | 71  0.05213  -8.4526e-03 | 72  0.04574  -1.3372e-02
 73  0.00350  -1.7385e-03 | 74 -0.00393  -4.0632e-03 | 75  0.09934   2.4233e-03
 76  0.08122  -1.1170e-02 | 77 -0.02154  -2.7163e-03 | 78 -0.05914  -6.0466e-03
 79  0.08373  -2.7957e-02 | 80  0.31582  -2.6559e-02 | 81  0.99866  -3.2555e-03
 82 -0.12526  -1.5362e-03 | 83 -0.04284  -3.3681e-03 | 84  0.04146  -1.8181e-03
 85 -0.03699   2.4413e-02 | 86  0.09492  -2.9389e-03 | 87  0.21430   2.3741e-03
 88 -0.08747  -4.7287e-04 | 89 -0.20750  -4.8539e-03 | 90 -0.15134  -3.7280e-03
 91 -0.04386  -2.7718e-03 | 92 -0.01878  -3.6400e-03 | 93  0.03702  -5.1885e-03
 94  0.16128  -4.1188e-03 | 95  0.01221  -3.2053e-03 | 96 -0.00202  -3.8648e-04
 97  0.01444   6.5444e-03 | 98  0.09816  -5.9802e-03 | 99  0.08622  -1.9473e-02
100  0.08790  -2.1549e-02 |101  0.10996  -3.4706e-03 |102 -0.07700  -8.8176e-03
103 -0.10213  -1.3261e-02 |104  0.05503   1.0450e-03 |105  0.03685  -5.1658e-03
106 -0.04750  -6.0809e-03 |107 -0.05938  -6.4547e-05 |108  0.06819  -6.2401e-03
109  0.09983  -8.8250e-03 |110  0.08607  -4.9362e-03 |111  0.00735  -6.0352e-03
112 -0.12845   4.5560e-05 |113 -0.14098  -8.4137e-03 |114 -0.03682  -2.9275e-03
115  0.11469  -8.6686e-03 |116  0.02100  -6.1545e-03 |117  0.09432  -1.0068e-02
118  0.04363  -4.3827e-03 |119 -0.01282  -7.0347e-03 |120  0.00333  -7.6535e-03
121  0.12984  -5.1894e-03 |122  0.20046  -1.9856e-02 |123 -0.99978   1.2255e-03
124  0.10793  -1.6150e-02 |125 -0.01711  -8.2044e-03 |126 -0.17397  -7.2020e-03
127 -0.06892   1.0377e-03 |128  0.03750   1.0421e-03 |129  0.07764   1.0361e-03
130  0.15705   1.0123e-03 |131 -0.11275   1.0274e-03 |132 -0.05445   1.0400e-03
133 -0.00985   1.0437e-03 |134  0.01095   1.0437e-03 |135  0.11442   1.0271e-03
136 -0.04807   1.0408e-03 |137  0.11998   1.0254e-03 |138  0.07025   1.0375e-03
139 -0.03760   1.0420e-03 |140 -0.06850   1.0378e-03 |141  0.23762   9.7212e-04
142 -0.07168   1.0372e-03 |143 -0.04862   1.0408e-03 |144  0.00766   1.0438e-03
145  0.02565   1.0430e-03 |146 -0.00669   1.0438e-03 |147  0.10092   1.0308e-03
148 -0.06440   1.0385e-03 |149 -0.07124   1.0373e-03 |150  0.11739   1.0262e-03
151 -0.21248   9.8610e-04 |152  0.03930   1.0419e-03 |153  0.11903   1.0257e-03
154 -0.49346   7.4526e-04 |155 -0.06050   1.0391e-03 |156 -0.02771   1.0428e-03
157 -0.15291   1.0138e-03 |158 -0.06014   1.0391e-03 |159  0.11102   1.0281e-03
160  0.10943   1.0285e-03 |161  0.11982   1.0255e-03 |162 -0.13132   1.0216e-03
163 -0.06193   1.0389e-03 |164 -0.04947   1.0407e-03 |165  0.30164   9.2904e-04
166 -0.03989   1.0418e-03 |167  0.00851   1.0438e-03 |168  0.03424   1.0424e-03
169  0.01351   7.9237e-03 |170  0.00363   9.8975e-03 |171  0.00154  -5.1041e-02
172  0.02504  -5.0545e-02 |173  0.07313  -5.8709e-02 |174  0.03358  -3.7379e-02
175  0.03124  -2.8463e-02 |176  0.00941  -3.5447e-02 |177  0.03005  -5.3656e-03
178  0.09431  -4.6624e-02 |179  0.11628  -9.7144e-02 |180  0.10652  -5.7857e-02
181  0.05259  -3.5370e-02 |182 -0.02809   1.4280e-02 |183 -0.03596  -1.3861e-02
184 -0.01585   1.7470e-05 |185 -0.01433   5.8690e-02 |186 -0.02380   2.8234e-02
187 -0.04723  -1.6954e-02 |188 -0.03386  -2.4476e-02 |189  0.02145   6.1252e-03
190  0.02566  -7.6601e-02 |191  0.02529  -1.5604e-02 |192  0.01640  -1.1602e-02
193 -0.02504  -4.5628e-02 |194 -0.07888  -2.3433e-02 |195 -0.00416  -4.7489e-02
196  0.05357  -4.9855e-02 |197  0.01625  -1.3360e-03 |198  0.00290  -1.5926e-02
199  0.00460  -8.0960e-03 |200  0.00985  -2.8572e-02 |201  0.01916  -3.1361e-02
202  0.11524   3.7564e-03 |203  0.11143  -1.0512e-02 |204  0.09076   1.8752e-02
205 -0.03346  -1.3449e-02 |206 -0.68456  -2.2625e-02 |207 -0.12548  -2.0342e-02
208 -0.09122  -6.9052e-03 |209 -0.04633  -2.8526e-02 |210  0.05974  -1.1919e-02
211  0.01610  -2.2505e-02 |212 -0.05619  -5.8196e-02 |213  0.03596   2.0879e-02
214 -0.00856  -5.2806e-09 |215 -0.65278   8.6284e-03 |216 -0.84024  -1.1607e-02
217  0.01751   2.2004e-02 |218 -0.16318  -1.3169e-02 |219 -0.24929  -5.8939e-03
220 -0.05390  -3.4580e-03 |221  0.03621  -1.2171e-02 |222 -0.00164  -6.1479e-03
223  0.00858  -1.4669e-03 |224 -0.02873  -1.0632e-02 |225 -0.03604  -1.1192e-02
226  0.08967  -7.7382e-03 |227  0.07012   7.5292e-04 |228  0.19539  -1.6592e-03
229  0.10415   7.6411e-03 |230  0.09827  -7.5456e-03 |231  0.04952  -5.8496e-03
232  0.05761  -8.1456e-03 |233  0.06394  -5.5049e-03 |234  0.12738   4.5027e-03
235 -0.11619  -2.2899e-03 |236 -0.12364  -2.6534e-03 |237  0.00595  -2.9902e-03
238  0.02572   4.4743e-03 |239 -0.11246   1.1401e-02 |240 -0.15089   1.3015e-02
241 -0.06576   6.1323e-03 |242  0.01196   4.5351e-03 |243  0.04319   2.7215e-04
244 -0.02338  -2.2620e-03 |245 -0.12262  -9.4542e-03 |246 -0.23356  -2.2696e-03
247 -0.10362   1.1824e-03 |248  0.00240  -3.8014e-03 |249  0.05262  -2.9105e-03
250  0.08309  -3.9620e-03 |251  0.05583  -2.5557e-03 |252 -0.01656  -2.9960e-03
253 -0.00261   8.1877e-05 |254  0.13250  -1.1796e-03 |255  0.19791  -4.6643e-03
256  0.23257  -1.3882e-03 |257 -0.14483   7.0572e-03 |258  0.09621  -6.3597e-02
259  0.14961   2.7202e-02 |260 -0.86790   5.6090e-02 |261 -0.84440   2.0402e-02
262 -1.20023   5.3198e-03 |263 -0.19596   8.0679e-02 |264 -0.07877   8.4011e-02
265 -0.23979   7.8724e-02 |266  0.55595   5.4377e-02 |267 -0.08359   8.3930e-02
268 -0.29394   7.5793e-02 |269 -0.49959   5.9901e-02 |270  0.38196   6.9872e-02
271  0.26489   7.7435e-02 |272 -0.01944   8.4619e-02 |273  0.90867   1.2104e-02
274  0.46841   6.2758e-02 |275  0.13226   8.2838e-02 |276 -0.30754   7.4971e-02
277 -0.59590   5.0201e-02 |278  0.37807   7.0163e-02 |279  0.42754   6.6274e-02
280  0.00711   8.4653e-02 |281  0.45523   6.3920e-02 |282  0.02601   8.4588e-02
283  0.28782   7.6153e-02 |284  0.30435   7.5166e-02 |285 -0.19499   8.0718e-02
286  0.18642   8.1054e-02 |287  0.35666   7.1716e-02 |288 -0.90732   1.2280e-02
289 -0.22059   7.9626e-02 |290 -0.38304   6.9791e-02 |291 -0.58944   5.0890e-02
292 -0.07450   8.4079e-02 |293  0.43745   6.5446e-02 |294 -0.39301   6.9032e-02
295 -0.23149   7.9123e-02 |296 -0.29584   7.5680e-02 |297 -0.39381   6.8971e-02
298  0.31317   7.4620e-02 |299 -0.21339   7.9947e-02 |300 -0.19513   8.0713e-02
301  0.32519   7.3852e-02 |302  0.17992   8.1300e-02 |303  0.47188  -3.1032e-02
304  0.08771  -4.3882e-03 |305 -0.90712  -1.2591e-01 |306  0.25212   4.6106e-03
307 -0.87990  -5.8171e-02 |308 -0.52437  -3.9218e-02 |
19.5882 7.16398 69.1894 45.1003 
11.1738 11.1738 48.9683 49.8766 
6.29321 9.28458 0 1.16369 11.3305 
0 2.00751 0 0 0.44266 19.3689 0 
19.5879 7.16499 69.189 45.0996 
11.1732 11.1732 48.9685 49.8767 
6.29385 9.28484 0 1.16361 11.329 
0 2.00761 0 0 0.442667 19.3696 0 
19.588 7.16669 69.1887 45.0989 
11.1717 11.1717 48.9688 49.8767 
6.29444 9.28542 0 1.16374 11.3273 
0 2.00758 0 0 0.442673 19.3698 0 
19.5882 7.16782 69.1894 45.0988 
11.1707 11.1707 48.9688 49.8764 
6.29487 9.28553 0 1.16406 11.3265 
0 2.00736 0 0 0.44267 19.3692 0 
19.5883 7.16824 69.1901 45.0991 
11.1701 11.1701 48.9686 49.8762 
6.29509 9.28558 0 1.16438 11.3266 
0 2.00706 0 0 0.442664 19.3682 0 
19.5883 7.1679 69.1907 45.0996 
11.1705 11.1705 48.9682 49.8761 
6.29525 9.28533 0 1.16451 11.327 
0 2.00689 0 0 0.442661 19.3676 0 
19.5881 7.16752 69.191 45.1 
11.1707 11.1707 48.9678 49.8761 
6.29538 9.28528 0 1.16455 11.3273 
0 2.0068 0 0 0.442663 19.3674 0 
19.5879 7.1671 69.1912 45.1004 
11.1711 11.1711 48.9673 49.8762 
6.2956 9.28513 0 1.16455 11.3275 
0 2.00673 0 0 0.442667 19.3674 0 
19.5877 7.16681 69.1914 45.1007 
11.1713 11.1713 48.9668 49.8763 
6.2958 9.28513 0 1.16455 11.3275 
0 2.00669 0 0 0.442676 19.3675 0 
19.5876 7.1668 69.1915 45.1008 
11.1713 11.1713 48.9666 49.8763 
6.29595 9.28508 0 1.16455 11.3272 
0 2.00667 0 0 0.442685 19.3677 0 
308 variables; iteration 420; function evaluation 453; phase 1
Function value   3.0882677e+02; maximum gradient component mag   4.0017e-01
Var   Value    Gradient   |Var   Value    Gradient   |Var   Value    Gradient
  1  0.13094   3.7508e-03 |  2  0.18581   1.0172e-02 |  3  0.18943  -2.7097e-02
  4  0.19628  -5.9985e-03 |  5  0.19481  -4.5774e-03 |  6  0.19102   1.6096e-05
  7  0.17748  -2.1566e-04 |  8  0.17352   1.1312e-02 |  9  0.17224   8.3668e-03
 10  0.14827   8.0033e-03 | 11  0.12461   1.6273e-03 | 12  0.12660  -3.3757e-02
 13  0.10248  -1.0751e-03 | 14  0.05679  -8.7783e-03 | 15 -0.01135  -1.0241e-03
 16 -1.90192  -4.8956e-03 | 17 -0.15688  -2.9502e-04 | 18 -0.23393  -7.6083e-04
 19 -0.26616   3.3856e-04 | 20 -0.32198   1.5318e-03 | 21 -0.41043   1.6437e-04
 22  0.09863  -2.7797e-04 | 23 -0.17633  -9.2393e-07 | 24  0.01112  -2.2847e-03
 25  0.08401   4.4990e-04 | 26  0.12657   4.0700e-03 | 27  0.15294   9.7893e-06
 28  0.15536  -4.2354e-03 | 29  0.14989  -4.5285e-03 | 30  0.15170   1.7818e-03
 31  0.15591   1.5861e-04 | 32  0.14783  -2.2796e-03 | 33  0.12929  -5.4969e-03
 34 -2.11271   1.6088e-02 | 35  0.12252  -4.8588e-03 | 36  0.11947   1.2686e-02
 37  0.08907   7.1729e-03 | 38  0.05222   1.0394e-03 | 39  0.00763   1.0345e-03
 40 -1.96164   1.5804e-03 | 41 -0.09478  -4.5477e-04 | 42 -0.15385   1.3918e-05
 43 -0.01871   6.3278e-04 | 44 -0.06622  -1.3114e-03 | 45 -0.08976  -3.6831e-03
 46 -0.16759  -3.0261e-03 | 47 -0.18361  -3.1127e-03 | 48 -0.14570  -3.8436e-03
 49 -0.10803  -7.0480e-03 | 50 -0.06497  -5.2681e-03 | 51 -0.02806  -4.7357e-03
 52  0.01398  -1.6132e-02 | 53 -0.00461  -7.6963e-03 | 54  0.02990  -1.6096e-02
 55  0.02150  -1.1688e-02 | 56  0.03646  -1.1199e-02 | 57  0.08916  -8.7403e-03
 58  0.10957  -7.2327e-03 | 59  0.03572  -2.1524e-04 | 60 -0.10972  -1.0910e-03
 61 -0.07259  -3.8684e-04 | 62  0.03664   1.6457e-03 | 63 -0.02371  -4.4423e-03
 64 -0.04565  -4.5745e-03 | 65 -0.05268  -4.7723e-03 | 66 -0.04140  -3.2911e-03
 67 -0.06588   8.3173e-04 | 68 -0.05146  -2.6741e-03 | 69 -0.07286  -8.2673e-04
 70 -0.06123   7.8779e-04 | 71  0.05222   4.4022e-03 | 72  0.04593   9.3181e-03
 73  0.00347   4.3624e-03 | 74 -0.00391   9.5704e-04 | 75  0.09923   1.7404e-03
 76  0.08133  -2.8098e-04 | 77 -0.02163  -6.5613e-03 | 78 -0.05924  -1.1202e-02
 79  0.08394  -1.0047e-02 | 80  0.31578  -2.3999e-02 | 81  0.99979   6.8179e-04
 82 -0.12526  -1.9161e-03 | 83 -0.04281  -1.2665e-03 | 84  0.04149  -1.0450e-03
 85 -0.03781   5.8574e-03 | 86  0.09505   5.9344e-03 | 87  0.21439   4.9568e-03
 88 -0.08743   3.2711e-03 | 89 -0.20745   2.4878e-03 | 90 -0.15131   1.4964e-03
 91 -0.04383   7.2683e-04 | 92 -0.01876   3.3942e-04 | 93  0.03706   1.7443e-03
 94  0.16129  -6.0839e-03 | 95  0.01226   1.1360e-04 | 96 -0.00200  -3.1588e-04
 97  0.01441   4.9555e-03 | 98  0.09814  -2.8072e-03 | 99  0.08638   7.3825e-04
100  0.08803  -2.0548e-03 |101  0.10986  -1.7602e-03 |102 -0.07696   2.0469e-03
103 -0.10201   1.8927e-03 |104  0.05485  -7.9343e-04 |105  0.03673   3.9424e-05
106 -0.04765   1.8107e-03 |107 -0.05957   7.7714e-04 |108  0.06817   1.7010e-03
109  0.09989  -1.1606e-03 |110  0.08612   2.6138e-03 |111  0.00742   1.2988e-03
112 -0.12846   3.8603e-03 |113 -0.14093   2.1566e-03 |114 -0.03680   5.3383e-03
115  0.11471   4.4655e-03 |116  0.02098   2.2256e-03 |117  0.09434   1.5182e-03
118  0.04366   3.9102e-03 |119 -0.01273   2.4788e-03 |120  0.00343   2.3100e-03
121  0.12983   4.6057e-03 |122  0.20049   6.9654e-03 |123 -0.99967   2.8149e-03
124  0.10796  -2.3077e-04 |125 -0.01703   2.7135e-03 |126 -0.17388   2.3791e-03
127 -0.06882   2.1657e-03 |128  0.03778   2.1747e-03 |129  0.07840   2.1620e-03
130  0.15695   2.1127e-03 |131 -0.11307   2.1441e-03 |132 -0.05425   2.1706e-03
133 -0.00892   2.1783e-03 |134  0.01132   2.1782e-03 |135  0.11431   2.1435e-03
136 -0.04783   2.1723e-03 |137  0.11981   2.1401e-03 |138  0.07040   2.1652e-03
139 -0.03723   2.1747e-03 |140 -0.06842   2.1659e-03 |141  0.23662   2.0299e-03
142 -0.07161   2.1647e-03 |143 -0.04839   2.1722e-03 |144  0.00798   2.1783e-03
145  0.02606   2.1767e-03 |146 -0.00637   2.1784e-03 |147  0.10085   2.1513e-03
148 -0.06428   2.1674e-03 |149 -0.07117   2.1648e-03 |150  0.11724   2.1417e-03
151 -0.21531   2.0549e-03 |152  0.03966   2.1743e-03 |153  0.11881   2.1407e-03
154 -0.49253   1.5580e-03 |155 -0.06034   2.1687e-03 |156 -0.02676   2.1766e-03
157 -0.15250   2.1162e-03 |158 -0.05995   2.1688e-03 |159  0.11094   2.1456e-03
160  0.10936   2.1465e-03 |161  0.11965   2.1402e-03 |162 -0.13349   2.1307e-03
163 -0.06179   2.1682e-03 |164 -0.04924   2.1719e-03 |165  0.29963   1.9418e-03
166 -0.03961   2.1743e-03 |167  0.00883   2.1783e-03 |168  0.03453   2.1753e-03
169  0.01362   4.0017e-01 |170  0.00339  -1.3472e-03 |171  0.00133  -5.7338e-03
172  0.02483  -1.0263e-02 |173  0.07292   6.8674e-03 |174  0.03336   2.8455e-04
175  0.03101  -1.6702e-04 |176  0.00920  -3.9274e-03 |177  0.02980  -2.1369e-02
178  0.09408   3.8275e-03 |179  0.11606   8.7906e-03 |180  0.10630  -1.5087e-04
181  0.05241   8.6079e-03 |182 -0.02834  -2.6957e-02 |183 -0.03613  -1.6262e-02
184 -0.01600  -7.8578e-03 |185 -0.01450  -1.1351e-02 |186 -0.02400  -2.0897e-02
187 -0.04746  -1.7868e-02 |188 -0.03407  -1.3797e-02 |189  0.02121  -1.5048e-02
190  0.02544  -4.8168e-03 |191  0.02506   5.6101e-03 |192  0.01618  -1.7464e-02
193 -0.02524  -3.7614e-02 |194 -0.07909  -1.6325e-02 |195 -0.00435  -1.8764e-02
196  0.05338  -1.7815e-02 |197  0.01606  -5.2150e-03 |198  0.00271  -1.6865e-02
199  0.00438  -3.3454e-02 |200  0.00964  -1.4128e-02 |201  0.01894  -1.4815e-02
202  0.11503  -1.8191e-02 |203  0.11122   1.8710e-02 |204  0.09055   8.5280e-03
205 -0.03367  -1.6049e-02 |206 -0.68215  -1.9893e-02 |207 -0.12571  -1.7276e-02
208 -0.09144  -1.6719e-02 |209 -0.04654  -1.7581e-02 |210  0.05953  -1.2151e-02
211  0.02335  -1.5954e-02 |212 -0.05619  -1.3625e-01 |213  0.03594  -1.4044e-02
214 -0.00856  -5.2800e-09 |215 -0.65278   6.1723e-04 |216 -0.84024   2.3111e-03
217  0.01752   5.9516e-02 |218 -0.16320  -3.7227e-03 |219 -0.24936  -3.9727e-03
220 -0.05388  -3.2377e-03 |221  0.03627   1.8681e-05 |222 -0.00162  -2.0540e-03
223  0.00858  -2.7187e-04 |224 -0.02872   2.8444e-03 |225 -0.03603   3.1128e-03
226  0.08968   1.8190e-03 |227  0.07013   5.0003e-03 |228  0.19540   1.8891e-04
229  0.10416   3.5388e-03 |230  0.09827  -2.7196e-04 |231  0.04948   7.4153e-04
232  0.05760  -4.5151e-04 |233  0.06397   1.2442e-03 |234  0.12737   4.5746e-03
235 -0.11620   1.7575e-03 |236 -0.12360  -5.7260e-04 |237  0.00595   4.7037e-04
238  0.02569   2.0856e-03 |239 -0.11248  -4.3303e-04 |240 -0.15095  -2.2303e-03
241 -0.06583  -1.3958e-03 |242  0.01194   2.6386e-03 |243  0.04319   1.5125e-05
244 -0.02337   1.2416e-03 |245 -0.12260   4.4156e-03 |246 -0.23356   2.3892e-03
247 -0.10362   1.4746e-03 |248  0.00240  -2.8417e-03 |249  0.05263  -1.8854e-03
250  0.08310  -1.1678e-03 |251  0.05584   8.8892e-04 |252 -0.01654  -2.4674e-03
253 -0.00257   3.1761e-04 |254  0.13250   1.3860e-03 |255  0.19793  -1.1270e-03
256  0.23257  -8.1488e-04 |257 -0.14484   5.1653e-03 |258  0.09621  -2.7578e-02
259  0.14961  -6.4687e-03 |260 -0.86790  -1.2704e-02 |261 -0.84440   3.2216e-03
262 -1.20012   1.7335e-03 |263 -0.19602  -2.0843e-02 |264 -0.07783  -2.1708e-02
265 -0.23953  -2.0342e-02 |266  0.55505  -1.4072e-02 |267 -0.08400  -2.1682e-02
268 -0.29319  -1.9593e-02 |269 -0.49845  -1.5503e-02 |270  0.38132  -1.8064e-02
271  0.26639  -1.9985e-02 |272 -0.01951  -2.1861e-02 |273  0.90827  -3.1402e-03
274  0.46845  -1.6213e-02 |275  0.13271  -2.1398e-02 |276 -0.30672  -1.9382e-02
277 -0.59691  -1.2942e-02 |278  0.37798  -1.8128e-02 |279  0.42792  -1.7114e-02
280  0.00634  -2.1871e-02 |281  0.45632  -1.6490e-02 |282  0.02567  -2.1854e-02
283  0.28752  -1.9679e-02 |284  0.30459  -1.9416e-02 |285 -0.19527  -2.0851e-02
286  0.18603  -2.0944e-02 |287  0.35779  -1.8507e-02 |288 -0.90730  -3.1739e-03
289 -0.22032  -2.0575e-02 |290 -0.38311  -1.8029e-02 |291 -0.58884  -1.3164e-02
292 -0.07572  -2.1717e-02 |293  0.43693  -1.6919e-02 |294 -0.39278  -1.7839e-02
295 -0.23203  -2.0435e-02 |296 -0.29544  -1.9558e-02 |297 -0.39386  -1.7818e-02
298  0.31328  -1.9276e-02 |299 -0.21514  -2.0635e-02 |300 -0.19539  -2.0850e-02
301  0.32435  -1.9094e-02 |302  0.18040  -2.0999e-02 |303  0.47187  -2.2540e-02
304  0.08770  -5.4408e-03 |305 -0.90711   5.1471e-02 |306  0.25212  -6.3802e-04
307 -0.87990  -1.8796e-02 |308 -0.52436  -2.1158e-02 |
19.5877 7.16713 69.1915 45.1006 
11.1711 11.1711 48.9666 49.8762 
6.29587 9.28519 0 1.16455 11.3266 
0 2.00669 0 0 0.442691 19.368 0 
19.5879 7.16759 69.1911 45.1003 
11.171 11.171 48.9671 49.8761 
6.29545 9.28526 0 1.16447 11.3263 
0 2.0068 0 0 0.442688 19.3683 0 
19.5883 7.16848 69.1907 45.0996 
11.1708 11.1708 48.9678 49.8759 
6.29489 9.28529 0 1.16435 11.3256 
0 2.00688 0 0 0.442677 19.3687 0 
19.5887 7.1697 69.1902 45.0987 
11.1705 11.1705 48.9687 49.8757 
6.29423 9.28536 0 1.16419 11.3247 
0 2.00697 0 0 0.442665 19.3694 0 
19.5887 7.16969 69.1902 45.0988 
11.1705 11.1705 48.9687 49.8756 
6.29423 9.2854 0 1.16416 11.3246 
0 2.00697 0 0 0.442664 19.3694 0 
19.5887 7.16958 69.1902 45.0989 
11.1705 11.1705 48.9686 49.8757 
6.29432 9.28545 0 1.16413 11.3247 
0 2.00696 0 0 0.442666 19.3694 0 
19.5885 7.1694 69.1902 45.0991 
11.1705 11.1705 48.9683 49.8758 
6.2945 9.2855 0 1.16406 11.3248 
0 2.00694 0 0 0.442669 19.3694 0 
19.5882 7.16914 69.1903 45.0993 
11.1705 11.1705 48.9677 49.876 
6.29478 9.28564 0 1.16391 11.3248 
0 2.00691 0 0 0.442676 19.3696 0 
19.5877 7.16884 69.1903 45.0997 
11.1704 11.1704 48.9667 49.8764 
6.29529 9.28591 0 1.16357 11.3248 
0 2.00688 0 0 0.44269 19.3702 0 
19.5875 7.1689 69.1904 45.0997 
11.1702 11.1702 48.9662 49.8765 
6.29543 9.28608 0 1.1634 11.3246 
0 2.00687 0 0 0.442697 19.3705 0 
308 variables; iteration 430; function evaluation 463; phase 1
Function value   3.0882675e+02; maximum gradient component mag   1.9459e-01
Var   Value    Gradient   |Var   Value    Gradient   |Var   Value    Gradient
  1  0.13091   1.3135e-03 |  2  0.18580   6.5324e-04 |  3  0.18945   3.1333e-03
  4  0.19627  -2.3313e-03 |  5  0.19481  -2.6386e-03 |  6  0.19102  -1.2372e-02
  7  0.17748   1.3241e-02 |  8  0.17352   2.1672e-02 |  9  0.17224   7.8549e-03
 10  0.14827   6.8227e-03 | 11  0.12461   7.5308e-03 | 12  0.12662   2.4467e-02
 13  0.10248   6.8212e-04 | 14  0.05678  -1.5824e-02 | 15 -0.01130   5.2003e-03
 16 -1.90141   7.4475e-03 | 17 -0.15685  -5.1590e-04 | 18 -0.23372  -6.2779e-04
 19 -0.26565   5.5163e-04 | 20 -0.32019   1.7926e-03 | 21 -0.41728   8.8489e-05
 22  0.09861   3.1299e-04 | 23 -0.17633   3.0232e-06 | 24  0.01114  -1.4102e-03
 25  0.08400   8.1248e-04 | 26  0.12656   3.5617e-03 | 27  0.15292  -3.1127e-03
 28  0.15535   5.3949e-04 | 29  0.14988  -2.0065e-03 | 30  0.15169  -5.9755e-04
 31  0.15590   8.5130e-03 | 32  0.14781  -5.3164e-03 | 33  0.12926  -1.3385e-02
 34 -2.11271  -3.7159e-03 | 35  0.12250  -7.6954e-03 | 36  0.11944   1.8897e-02
 37  0.08905   9.6902e-03 | 38  0.05220  -7.8050e-04 | 39  0.00761  -1.3156e-03
 40 -1.96162   1.8823e-03 | 41 -0.09479   1.0630e-03 | 42 -0.15381   4.7273e-04
 43 -0.01867   6.0923e-03 | 44 -0.06636  -5.7936e-03 | 45 -0.08977   2.6866e-03
 46 -0.16759   5.9169e-03 | 47 -0.18362   5.9597e-03 | 48 -0.14570   6.5177e-03
 49 -0.10798   8.0526e-03 | 50 -0.06495   8.2258e-03 | 51 -0.02807   7.4027e-03
 52  0.01398  -1.9736e-03 | 53 -0.00464   4.9109e-03 | 54  0.02997   5.9577e-03
 55  0.02150   6.2019e-03 | 56  0.03649   8.9206e-03 | 57  0.08913   9.1732e-03
 58  0.10964   1.5561e-02 | 59  0.03567   7.3765e-03 | 60 -0.10973   5.8977e-03
 61 -0.07261   6.9056e-03 | 62  0.03659   6.8948e-03 | 63 -0.02368   5.3982e-03
 64 -0.04562   6.4632e-03 | 65 -0.05264   7.5171e-03 | 66 -0.04139   5.6125e-03
 67 -0.06590   5.7969e-03 | 68 -0.05144   3.8141e-03 | 69 -0.07285   4.3165e-03
 70 -0.06122   4.8100e-03 | 71  0.05206  -9.8018e-03 | 72  0.04587   3.0517e-04
 73  0.00345   4.4116e-03 | 74 -0.00395   5.7957e-03 | 75  0.09932   1.7759e-02
 76  0.08134   1.7616e-02 | 77 -0.02158   1.2602e-02 | 78 -0.05914   1.1591e-02
 79  0.08397   1.2897e-02 | 80  0.31574   1.0204e-03 | 81  1.00017  -9.9248e-04
 82 -0.12525   6.4928e-03 | 83 -0.04282   5.6051e-03 | 84  0.04147   6.1556e-03
 85 -0.03823  -1.4498e-02 | 86  0.09512  -1.8003e-03 | 87  0.21441  -1.6101e-03
 88 -0.08743  -3.0530e-03 | 89 -0.20746  -3.1622e-03 | 90 -0.15131  -3.6760e-03
 91 -0.04382  -2.0863e-03 | 92 -0.01876  -2.4749e-03 | 93  0.03709   1.8398e-03
 94  0.16130  -4.2951e-03 | 95  0.01228  -2.8960e-03 | 96 -0.00194  -1.6242e-03
 97  0.01440   2.0715e-04 | 98  0.09816  -4.0050e-03 | 99  0.08638  -3.5753e-03
100  0.08803  -5.9806e-03 |101  0.10985  -3.8918e-03 |102 -0.07700  -3.4696e-03
103 -0.10205  -5.0767e-03 |104  0.05491  -1.4635e-03 |105  0.03677  -2.7411e-03
106 -0.04761  -2.6677e-03 |107 -0.05952  -1.2277e-03 |108  0.06814  -3.6737e-03
109  0.09991  -2.5912e-03 |110  0.08613  -6.0498e-04 |111  0.00741  -3.1486e-03
112 -0.12845  -1.1518e-03 |113 -0.14092  -3.5795e-03 |114 -0.03681  -3.9334e-03
115  0.11474  -7.0057e-03 |116  0.02102  -6.1470e-03 |117  0.09439  -4.9170e-03
118  0.04364  -2.8037e-03 |119 -0.01274  -1.9703e-03 |120  0.00344  -2.4837e-04
121  0.12977   6.5792e-04 |122  0.20052   1.6679e-02 |123 -1.00046  -4.4896e-03
124  0.10797  -6.6738e-04 |125 -0.01702  -1.7565e-03 |126 -0.17386  -2.1206e-03
127 -0.06880   3.7748e-03 |128  0.03785   3.7903e-03 |129  0.07864   3.7681e-03
130  0.15696   3.6822e-03 |131 -0.11319   3.7370e-03 |132 -0.05423   3.7832e-03
133 -0.00866   3.7966e-03 |134  0.01138   3.7964e-03 |135  0.11427   3.7360e-03
136 -0.04780   3.7862e-03 |137  0.11976   3.7300e-03 |138  0.07044   3.7738e-03
139 -0.03717   3.7905e-03 |140 -0.06840   3.7750e-03 |141  0.23640   3.5383e-03
142 -0.07160   3.7729e-03 |143 -0.04837   3.7860e-03 |144  0.00804   3.7967e-03
145  0.02614   3.7938e-03 |146 -0.00631   3.7968e-03 |147  0.10082   3.7495e-03
148 -0.06426   3.7776e-03 |149 -0.07115   3.7732e-03 |150  0.11719   3.7329e-03
151 -0.21538   3.5816e-03 |152  0.03973   3.7896e-03 |153  0.11874   3.7312e-03
154 -0.49243   2.7162e-03 |155 -0.06032   3.7799e-03 |156 -0.02651   3.7937e-03
157 -0.15157   3.6898e-03 |158 -0.05992   3.7801e-03 |159  0.11091   3.7396e-03
160  0.10934   3.7412e-03 |161  0.11959   3.7302e-03 |162 -0.13492   3.7119e-03
163 -0.06178   3.7791e-03 |164 -0.04922   3.7856e-03 |165  0.29910   3.3857e-03
166 -0.03961   3.7896e-03 |167  0.00890   3.7966e-03 |168  0.03460   3.7914e-03
169  0.01372   1.9459e-01 |170  0.00318   1.3750e-02 |171  0.00112  -2.4543e-02
172  0.02463  -2.6102e-02 |173  0.07272  -2.6743e-02 |174  0.03316  -1.3046e-02
175  0.03081  -3.8804e-03 |176  0.00900  -1.4288e-02 |177  0.02961  -2.5478e-02
178  0.09388  -5.3263e-03 |179  0.11586  -6.0302e-04 |180  0.10611  -2.0152e-02
181  0.05221  -1.3724e-02 |182 -0.02852  -1.9306e-02 |183 -0.03633  -1.7514e-02
184 -0.01620  -1.1244e-02 |185 -0.01470  -5.5492e-03 |186 -0.02421  -1.8752e-02
187 -0.04766  -2.1010e-02 |188 -0.03427  -1.8695e-02 |189  0.02102  -5.7376e-03
190  0.02525  -1.1506e-02 |191  0.02486  -1.6411e-02 |192  0.01598   2.6738e-05
193 -0.02543  -1.4100e-02 |194 -0.07930  -1.8056e-02 |195 -0.00456  -1.3097e-02
196  0.05317  -3.3545e-03 |197  0.01584   1.4009e-03 |198  0.00251  -9.8686e-03
199  0.00419  -2.8560e-02 |200  0.00945  -1.7283e-02 |201  0.01876  -2.0065e-02
202  0.11484  -2.7718e-02 |203  0.11102  -1.0660e-02 |204  0.09034  -2.8488e-02
205 -0.03388  -1.9194e-02 |206 -0.67989  -2.1012e-02 |207 -0.12591  -1.5554e-02
208 -0.09164  -1.1966e-02 |209 -0.04674  -1.8501e-02 |210  0.05933  -1.1826e-02
211  0.03020  -1.7507e-02 |212 -0.05618   1.5876e-02 |213  0.03594  -1.2130e-02
214 -0.00856  -5.2794e-09 |215 -0.65277   3.6608e-03 |216 -0.84023   3.8663e-04
217  0.01750   2.2690e-02 |218 -0.16320   3.5462e-03 |219 -0.24938   7.4872e-03
220 -0.05388  -2.1505e-03 |221  0.03628   1.3528e-03 |222 -0.00162   3.6295e-04
223  0.00858   3.6771e-03 |224 -0.02872   1.2770e-03 |225 -0.03603  -1.8323e-03
226  0.08968  -1.1007e-03 |227  0.07013   1.1882e-03 |228  0.19539  -3.2351e-04
229  0.10416   3.0184e-03 |230  0.09828  -6.3850e-05 |231  0.04949  -1.9975e-03
232  0.05760  -2.4175e-03 |233  0.06398   1.3335e-03 |234  0.12736   1.2243e-03
235 -0.11621  -1.1594e-03 |236 -0.12361  -9.6965e-04 |237  0.00595   8.1825e-04
238  0.02570   2.3833e-03 |239 -0.11247   9.4999e-04 |240 -0.15093  -9.3230e-04
241 -0.06583  -1.3388e-03 |242  0.01194   1.5380e-03 |243  0.04320  -3.5370e-04
244 -0.02337   4.2587e-04 |245 -0.12260  -2.6496e-04 |246 -0.23355  -3.4225e-04
247 -0.10362  -1.6484e-05 |248  0.00241  -1.6574e-04 |249  0.05262   2.4462e-03
250  0.08311   2.0334e-03 |251  0.05584   2.2313e-03 |252 -0.01654  -4.3631e-04
253 -0.00256  -4.0919e-04 |254  0.13247  -3.8349e-03 |255  0.19793  -4.1670e-03
256  0.23259   1.2337e-04 |257 -0.14484   3.3195e-04 |258  0.09621   3.5035e-02
259  0.14961  -1.3505e-03 |260 -0.86790  -1.4180e-02 |261 -0.84440  -2.4413e-03
262 -1.20025   3.6409e-03 |263 -0.19539  -6.2063e-02 |264 -0.07715  -6.4628e-02
265 -0.23981  -6.0541e-02 |266  0.55452  -4.1930e-02 |267 -0.08412  -6.4538e-02
268 -0.29350  -5.8308e-02 |269 -0.49801  -4.6180e-02 |270  0.38158  -5.3757e-02
271  0.26608  -5.9501e-02 |272 -0.01965  -6.5074e-02 |273  0.90771  -9.4048e-03
274  0.46846  -4.8260e-02 |275  0.13322  -6.3685e-02 |276 -0.30656  -5.7702e-02
277 -0.59682  -3.8530e-02 |278  0.37789  -5.3968e-02 |279  0.42793  -5.0942e-02
280  0.00642  -6.5102e-02 |281  0.45693  -4.9043e-02 |282  0.02535  -6.5054e-02
283  0.28722  -5.8591e-02 |284  0.30449  -5.7800e-02 |285 -0.19539  -6.2063e-02
286  0.18601  -6.2346e-02 |287  0.35791  -5.5084e-02 |288 -0.90695  -9.4829e-03
289 -0.22105  -6.1220e-02 |290 -0.38313  -5.3667e-02 |291 -0.58884  -3.9186e-02
292 -0.07592  -6.4643e-02 |293  0.43700  -5.0359e-02 |294 -0.39265  -5.3109e-02
295 -0.23207  -6.0827e-02 |296 -0.29507  -5.8237e-02 |297 -0.39377  -5.3043e-02
298  0.31354  -5.7368e-02 |299 -0.21559  -6.1408e-02 |300 -0.19614  -6.2040e-02
301  0.32463  -5.6823e-02 |302  0.18066  -6.2502e-02 |303  0.47188   1.7331e-02
304  0.08773  -8.0511e-03 |305 -0.90712  -9.2018e-02 |306  0.25211   3.2198e-04
307 -0.87990  -5.4101e-02 |308 -0.52436  -3.4819e-02 |
19.5873 7.16921 69.1904 45.0994 
11.1699 11.1699 48.9657 49.8767 
6.29549 9.28628 0 1.16324 11.3243 
0 2.00686 0 0 0.442704 19.371 0 
19.5874 7.1699 69.1906 45.0987 
11.1694 11.1694 48.9654 49.8767 
6.29539 9.28656 0 1.16311 11.3238 
0 2.00683 0 0 0.442712 19.3715 0 
19.5877 7.17091 69.1907 45.0977 
11.1688 11.1688 48.9653 49.8766 
6.29512 9.28682 0 1.16314 11.3233 
0 2.00677 0 0 0.442716 19.372 0 
19.5881 7.17185 69.191 45.0967 
11.1684 11.1684 48.9655 49.8763 
6.29477 9.28695 0 1.16336 11.323 
0 2.00668 0 0 0.442713 19.3721 0 
19.5888 7.17289 69.1913 45.0954 
11.168 11.168 48.9659 49.8759 
6.29437 9.287 0 1.16379 11.3228 
0 2.00652 0 0 0.442704 19.372 0 
19.5896 7.17399 69.1918 45.0938 
11.1679 11.1679 48.9666 49.8752 
6.29394 9.28695 0 1.16444 11.3229 
0 2.00626 0 0 0.442689 19.3716 0 
19.5904 7.17512 69.1927 45.0916 
11.168 11.168 48.9672 49.8745 
6.29355 9.28674 0 1.1653 11.3233 
0 2.00589 0 0 0.442669 19.3712 0 
19.5905 7.17617 69.194 45.0889 
11.1688 11.1688 48.9675 49.874 
6.29331 9.28622 0 1.16612 11.324 
0 2.00544 0 0 0.442649 19.371 0 
19.5892 7.17724 69.1956 45.0861 
11.1703 11.1703 48.9668 49.8742 
6.29334 9.28523 0 1.16642 11.3245 
0 2.0051 0 0 0.442644 19.3717 0 
19.5854 7.17946 69.1981 45.0825 
11.1726 11.1726 48.9648 49.875 
6.29365 9.28306 0 1.16599 11.3246 
0 2.00499 0 0 0.442666 19.3742 0 
308 variables; iteration 440; function evaluation 473; phase 1
Function value   3.0882645e+02; maximum gradient component mag   2.7388e+00
Var   Value    Gradient   |Var   Value    Gradient   |Var   Value    Gradient
  1  0.13136   1.8593e-02 |  2  0.18583   6.8489e-03 |  3  0.18939  -1.4381e-01
  4  0.19631  -2.4942e-02 |  5  0.19482  -4.5573e-03 |  6  0.19103  -1.6389e-02
  7  0.17749  -2.9354e-02 |  8  0.17350  -2.0446e-02 |  9  0.17224  -8.9387e-03
 10  0.14828   2.9601e-02 | 11  0.12455  -5.9745e-02 | 12  0.12661   1.5810e-02
 13  0.10247  -3.1539e-02 | 14  0.05677  -2.0145e-02 | 15 -0.01163  -4.3792e-02
 16 -1.90080   2.2683e-02 | 17 -0.15694  -1.5051e-03 | 18 -0.23112   1.7020e-03
 19 -0.26719  -2.0235e-04 | 20 -0.31310   2.9312e-03 | 21 -0.50473  -3.1448e-04
 22  0.09860   3.1677e-03 | 23 -0.17638   1.2446e-06 | 24  0.01114   9.2879e-04
 25  0.08393  -2.6592e-03 | 26  0.12651  -1.2480e-04 | 27  0.15288   1.0795e-02
 28  0.15530  -3.3804e-03 | 29  0.14984   2.2797e-03 | 30  0.15164   5.3658e-03
 31  0.15583  -3.8070e-02 | 32  0.14778   1.8327e-03 | 33  0.12934   1.8051e-01
 34 -2.11260   8.5945e-02 | 35  0.12247   1.5616e-02 | 36  0.11943   7.4333e-02
 37  0.08902  -1.1810e-02 | 38  0.05217   1.6759e-02 | 39  0.00755   1.2040e-03
 40 -1.96159  -5.9773e-04 | 41 -0.09487   2.7198e-05 | 42 -0.15366   1.2683e-03
 43 -0.01899   1.3858e-03 | 44 -0.06501   1.0881e-01 | 45 -0.08954   2.1920e-02
 46 -0.16766  -1.4498e-02 | 47 -0.18364  -1.8968e-02 | 48 -0.14574  -2.6677e-02
 49 -0.10835  -5.9108e-02 | 50 -0.06519  -4.8143e-02 | 51 -0.02827  -3.6182e-02
 52  0.01426   3.7417e-03 | 53 -0.00447   1.7684e-02 | 54  0.03025   3.4670e-02
 55  0.02168   1.6460e-02 | 56  0.03617  -2.4749e-02 | 57  0.08889  -2.9409e-02
 58  0.10982  -2.8959e-03 | 59  0.03558  -2.4104e-02 | 60 -0.10970  -1.0568e-02
 61 -0.07253  -6.4453e-03 | 62  0.03703   1.6299e-02 | 63 -0.02374  -2.1832e-02
 64 -0.04582  -4.6582e-02 | 65 -0.05267  -4.9183e-02 | 66 -0.04195  -1.0468e-01
 67 -0.06609  -7.2665e-02 | 68 -0.05128  -4.0971e-02 | 69 -0.07278  -2.8357e-02
 70 -0.06122  -2.1503e-02 | 71  0.05235  -9.8627e-03 | 72  0.04601  -2.3550e-02
 73  0.00380  -3.2421e-02 | 74 -0.00340  -4.7310e-02 | 75  0.09805  -2.1315e-01
 76  0.08087  -1.7670e-01 | 77 -0.02160  -9.0575e-02 | 78 -0.05929  -7.9009e-02
 79  0.08379  -1.2018e-01 | 80  0.31600  -1.2654e-01 | 81  1.00343   8.8305e-03
 82 -0.12534  -1.8391e-02 | 83 -0.04285  -1.5002e-02 | 84  0.04149  -1.3732e-02
 85 -0.03949  -9.5715e-02 | 86  0.09536  -3.0977e-02 | 87  0.21429  -1.4573e-02
 88 -0.08745  -1.9105e-02 | 89 -0.20746  -2.8922e-02 | 90 -0.15125  -2.4689e-02
 91 -0.04379  -2.8376e-02 | 92 -0.01875  -4.0009e-02 | 93  0.03685  -6.8716e-02
 94  0.16143  -5.6654e-02 | 95  0.01229  -3.9276e-02 | 96 -0.00209  -3.8956e-02
 97  0.01441  -1.7083e-02 | 98  0.09797  -2.1305e-02 | 99  0.08645  -1.6982e-03
100  0.08819   3.6577e-03 |101  0.10977  -2.5214e-02 |102 -0.07680  -2.4596e-02
103 -0.10180  -2.2141e-02 |104  0.05472  -3.9710e-02 |105  0.03662  -3.7920e-02
106 -0.04775  -3.4083e-02 |107 -0.05973  -3.8683e-02 |108  0.06811  -3.7042e-02
109  0.09999  -5.1959e-02 |110  0.08606  -7.4859e-02 |111  0.00761  -5.2079e-02
112 -0.12852  -5.3726e-02 |113 -0.14091  -4.5091e-02 |114 -0.03684  -5.1289e-02
115  0.11473  -4.1652e-02 |116  0.02080  -4.3123e-02 |117  0.09411  -6.8489e-02
118  0.04412  -5.7331e-02 |119 -0.01205  -5.4483e-02 |120  0.00389  -5.4584e-02
121  0.13029  -4.9882e-02 |122  0.20032  -1.5661e-01 |123 -1.00196  -2.0963e-02
124  0.10801  -4.9810e-02 |125 -0.01708  -3.7982e-02 |126 -0.17388  -3.3872e-02
127 -0.06945   9.9336e-04 |128  0.03794   9.9760e-04 |129  0.08085   9.9135e-04
130  0.15850   9.6863e-04 |131 -0.11470   9.8310e-04 |132 -0.05449   9.9565e-04
133 -0.00669   9.9929e-04 |134  0.01110   9.9920e-04 |135  0.11417   9.8339e-04
136 -0.04790   9.9649e-04 |137  0.11966   9.8182e-04 |138  0.07052   9.9327e-04
139 -0.03693   9.9764e-04 |140 -0.06904   9.9343e-04 |141  0.23549   9.3190e-04
142 -0.07232   9.9286e-04 |143 -0.04848   9.9642e-04 |144  0.00815   9.9927e-04
145  0.02690   9.9847e-04 |146 -0.00618   9.9930e-04 |147  0.10079   9.8691e-04
148 -0.06479   9.9414e-04 |149 -0.07186   9.9294e-04 |150  0.11709   9.8256e-04
151 -0.21219   9.4421e-04 |152  0.04050   9.9735e-04 |153  0.11862   9.8212e-04
154 -0.49498   7.1181e-04 |155 -0.06075   9.9476e-04 |156 -0.02427   9.9861e-04
157 -0.15014   9.7159e-04 |158 -0.06033   9.9483e-04 |159  0.11081   9.8432e-04
160  0.10923   9.8474e-04 |161  0.11950   9.8187e-04 |162 -0.13673   9.7630e-04
163 -0.06224   9.9454e-04 |164 -0.04935   9.9632e-04 |165  0.29631   8.9324e-04
166 -0.03971   9.9738e-04 |167  0.00900   9.9925e-04 |168  0.03469   9.9788e-04
169  0.01552   2.7388e+00 |170 -0.00030  -5.4816e-01 |171 -0.00235  -5.0077e-01
172  0.02113  -3.7540e-01 |173  0.06916  -3.2831e-01 |174  0.02963  -3.6053e-01
175  0.02727  -4.2404e-01 |176  0.00549  -4.2287e-01 |177  0.02613  -4.5819e-01
178  0.09039  -4.8562e-01 |179  0.11233  -5.0710e-01 |180  0.10253  -5.3814e-01
181  0.04867  -4.1213e-01 |182 -0.03216  -5.1344e-01 |183 -0.03983  -4.4824e-01
184 -0.01971  -4.5950e-01 |185 -0.01817  -3.7072e-01 |186 -0.02773  -4.4922e-01
187 -0.05117  -4.7821e-01 |188 -0.03775  -4.6027e-01 |189  0.01747  -4.5842e-01
190  0.02170  -3.1412e-01 |191  0.02130  -2.9076e-01 |192  0.01245  -2.4292e-01
193 -0.02896  -3.2460e-01 |194 -0.08279  -4.4022e-01 |195 -0.00802  -4.8441e-01
196  0.04967  -4.7096e-01 |197  0.01234  -3.9822e-01 |198 -0.00102  -3.9087e-01
199  0.00065  -2.9211e-01 |200  0.00587  -3.1587e-01 |201  0.01517  -3.1423e-01
202  0.11116  -2.8499e-01 |203  0.10750  -2.6609e-01 |204  0.08683  -2.8606e-01
205 -0.03736  -4.2960e-01 |206 -0.63638  -2.6132e-01 |207 -0.12944  -4.4524e-01
208 -0.09516  -4.4345e-01 |209 -0.05027  -4.3444e-01 |210  0.05582  -4.4626e-01
211  0.14964  -4.3330e-01 |212 -0.05621  -9.4609e-01 |213  0.03594  -3.8474e-01
214 -0.00854  -5.2685e-09 |215 -0.65292   2.2898e-02 |216 -0.84051  -7.4401e-02
217  0.01755   1.5685e-01 |218 -0.16329   1.7642e-02 |219 -0.24944   1.6983e-02
220 -0.05389  -2.3175e-04 |221  0.03623   1.7880e-04 |222 -0.00160  -1.4308e-02
223  0.00861  -8.1232e-03 |224 -0.02869  -1.8807e-02 |225 -0.03601  -6.1382e-03
226  0.08964   1.8330e-02 |227  0.07012   3.0612e-02 |228  0.19543   1.1742e-02
229  0.10414   9.8965e-03 |230  0.09827   4.6569e-03 |231  0.04948  -1.5106e-03
232  0.05759  -1.7290e-03 |233  0.06401   7.1421e-03 |234  0.12739   8.0497e-03
235 -0.11621  -2.0247e-03 |236 -0.12356  -1.2906e-03 |237  0.00594  -1.3595e-02
238  0.02566  -9.3830e-04 |239 -0.11249   1.2646e-03 |240 -0.15095  -8.3978e-04
241 -0.06588  -1.1162e-02 |242  0.01195   1.0613e-02 |243  0.04318   1.6505e-02
244 -0.02337   1.9064e-02 |245 -0.12258   2.9319e-02 |246 -0.23357   3.0851e-02
247 -0.10364   2.6156e-02 |248  0.00241   2.4751e-02 |249  0.05266   1.0847e-03
250  0.08305  -8.6930e-03 |251  0.05581  -5.8113e-03 |252 -0.01651   2.7838e-02
253 -0.00254   3.6224e-02 |254  0.13274   4.7703e-02 |255  0.19792   1.7866e-02
256  0.23250   1.4601e-02 |257 -0.14479   2.3619e-02 |258  0.09619  -5.2676e-01
259  0.14960  -4.9796e-02 |260 -0.86791   7.3795e-02 |261 -0.84440  -1.3898e-02
262 -1.19949  -3.9075e-03 |263 -0.18668  -9.9864e-02 |264 -0.07122  -1.0366e-01
265 -0.24463  -9.6709e-02 |266  0.54911  -6.7859e-02 |267 -0.08665  -1.0335e-01
268 -0.29642  -9.3212e-02 |269 -0.49382  -7.4476e-02 |270  0.38399  -8.5909e-02
271  0.26175  -9.5623e-02 |272 -0.01866  -1.0427e-01 |273  0.90336  -1.5775e-02
274  0.47042  -7.7109e-02 |275  0.13860  -1.0185e-01 |276 -0.30573  -9.2517e-02
277 -0.59679  -6.1741e-02 |278  0.37585  -8.6659e-02 |279  0.42796  -8.1621e-02
280  0.00837  -1.0431e-01 |281  0.46340  -7.7879e-02 |282  0.02460  -1.0424e-01
283  0.28192  -9.4255e-02 |284  0.30135  -9.2846e-02 |285 -0.19777  -9.9324e-02
286  0.18413  -9.9984e-02 |287  0.35923  -8.8146e-02 |288 -0.90420  -1.5639e-02
289 -0.22565  -9.7832e-02 |290 -0.38217  -8.6078e-02 |291 -0.58917  -6.2743e-02
292 -0.07476  -1.0360e-01 |293  0.43700  -8.0690e-02 |294 -0.39042  -8.5308e-02
295 -0.23429  -9.7332e-02 |296 -0.29014  -9.3670e-02 |297 -0.39215  -8.5144e-02
298  0.31713  -9.1639e-02 |299 -0.21973  -9.8165e-02 |300 -0.20443  -9.8984e-02
301  0.32734  -9.0828e-02 |302  0.17977  -1.0019e-01 |303  0.47186  -4.5794e-01
304  0.08785  -5.5713e-02 |305 -0.90718  -1.1110e+00 |306  0.25209  -5.5133e-02
307 -0.87987  -1.5343e-01 |308 -0.52441  -5.6071e-02 |
19.585 7.17788 69.1984 45.0829 
11.1731 11.1731 48.9639 49.8753 
6.29415 9.28252 0 1.16544 11.3247 
0 2.00528 0 0 0.442685 19.3751 0 
19.5831 7.17682 69.1992 45.0827 
11.174 11.174 48.9624 49.8765 
6.29437 9.2814 0 1.16433 11.3244 
0 2.00577 0 0 0.442725 19.377 0 
19.5806 7.17601 69.1996 45.0832 
11.1748 11.1748 48.961 49.8783 
6.29424 9.27998 0 1.16256 11.3232 
0 2.00655 0 0 0.44278 19.3791 0 
19.5786 7.17451 69.1993 45.0854 
11.175 11.175 48.9605 49.8801 
6.29371 9.2785 0 1.16037 11.3216 
0 2.00769 0 0 0.442839 19.3809 0 
19.5791 7.17425 69.1987 45.087 
11.1747 11.1747 48.9614 49.8794 
6.29357 9.27809 0 1.16022 11.3218 
0 2.00791 0 0 0.442835 19.3803 0 
19.5841 7.17045 69.1965 45.0907 
11.1731 11.1731 48.9641 49.8772 
6.29348 9.27962 0 1.16099 11.3232 
0 2.00786 0 0 0.442797 19.3773 0 
19.5834 7.17334 69.1949 45.0942 
11.1725 11.1725 48.9667 49.874 
6.29356 9.27879 0 1.16204 11.3252 
0 2.00772 0 0 0.442754 19.3745 0 
19.5859 7.17165 69.1938 45.0949 
11.1722 11.1722 48.9673 49.8732 
6.29396 9.28017 0 1.16278 11.3262 
0 2.0073 0 0 0.442724 19.3733 0 
19.5889 7.16998 69.1908 45.0983 
11.1713 11.1713 48.969 49.8707 
6.29486 9.28225 0 1.16434 11.3293 
0 2.00661 0 0 0.442661 19.3703 0 
19.5904 7.16826 69.1862 45.1036 
11.1704 11.1704 48.9705 49.8684 
6.29615 9.28488 0 1.16568 11.3331 
0 2.00604 0 0 0.442597 19.3675 0 
308 variables; iteration 450; function evaluation 483; phase 1
Function value   3.0882508e+02; maximum gradient component mag   1.2173e+00
Var   Value    Gradient   |Var   Value    Gradient   |Var   Value    Gradient
  1  0.13083  -6.2698e-04 |  2  0.18586   3.2384e-02 |  3  0.18937  -1.1134e-01
  4  0.19628  -1.5710e-02 |  5  0.19480   4.9016e-02 |  6  0.19103   6.9655e-02
  7  0.17747   1.9026e-03 |  8  0.17350  -2.1413e-02 |  9  0.17224   9.1994e-03
 10  0.14826   2.4016e-02 | 11  0.12460  -1.3158e-02 | 12  0.12656  -9.3910e-02
 13  0.10244  -6.1893e-02 | 14  0.05679   1.7373e-02 | 15 -0.01142  -2.3075e-03
 16 -1.90278  -2.7032e-02 | 17 -0.15627   4.6236e-03 | 18 -0.22873   4.3930e-03
 19 -0.27263  -2.3586e-03 | 20 -0.34175  -7.5190e-04 | 21 -0.59304  -3.4049e-04
 22  0.09864  -4.8047e-03 | 23 -0.17632  -1.0761e-05 | 24  0.01150   1.2203e-02
 25  0.08397  -1.3347e-02 | 26  0.12660  -4.3255e-03 | 27  0.15297   3.4658e-03
 28  0.15539   7.2840e-03 | 29  0.14994   2.5188e-02 | 30  0.15172  -8.7688e-03
 31  0.15593  -1.8617e-02 | 32  0.14787   1.3318e-02 | 33  0.12936   6.1401e-02
 34 -2.11269   9.1315e-02 | 35  0.12257   2.0398e-02 | 36  0.11950  -2.9630e-02
 37  0.08910   1.8591e-02 | 38  0.05226   2.9456e-02 | 39  0.00762   7.4614e-04
 40 -1.96173  -1.3880e-02 | 41 -0.09470  -3.2033e-03 | 42 -0.15421  -1.3121e-02
 43 -0.01888  -2.3267e-02 | 44 -0.06615  -1.5334e-02 | 45 -0.08982  -2.7193e-02
 46 -0.16762  -1.8002e-02 | 47 -0.18359  -1.0244e-02 | 48 -0.14567  -9.0885e-03
 49 -0.10775   1.0591e-02 | 50 -0.06515  -2.7478e-02 | 51 -0.02813  -2.5171e-02
 52  0.01398  -4.2662e-02 | 53 -0.00471  -4.6830e-02 | 54  0.02996  -5.7512e-02
 55  0.02112  -8.6284e-02 | 56  0.03647  -5.8868e-02 | 57  0.08927  -3.0049e-02
 58  0.10957  -1.3201e-02 | 59  0.03579  -8.5512e-03 | 60 -0.10968  -1.2004e-02
 61 -0.07264  -2.3601e-02 | 62  0.03646  -4.4502e-02 | 63 -0.02366  -2.5400e-02
 64 -0.04590  -3.8038e-02 | 65 -0.05256  -4.3932e-03 | 66 -0.04102   1.6968e-02
 67 -0.06582  -2.2251e-03 | 68 -0.05148  -1.2525e-02 | 69 -0.07289  -1.3214e-02
 70 -0.06131  -1.5299e-02 | 71  0.05228   5.8014e-03 | 72  0.04599   1.3263e-02
 73  0.00354   5.2962e-04 | 74 -0.00389  -8.7180e-03 | 75  0.09894  -1.8431e-02
 76  0.08177   2.7904e-02 | 77 -0.02150   2.1753e-03 | 78 -0.05942  -3.1378e-02
 79  0.08390  -1.9798e-02 | 80  0.31581  -1.6246e-02 | 81  1.00640   1.6544e-02
 82 -0.12527  -1.3267e-02 | 83 -0.04284  -1.3877e-02 | 84  0.04153  -8.8942e-03
 85 -0.03719   3.9303e-02 | 86  0.09488   1.0793e-02 | 87  0.21441   1.7146e-03
 88 -0.08734   1.7018e-02 | 89 -0.20743   1.4435e-02 | 90 -0.15136   9.8943e-03
 91 -0.04393   4.5241e-03 | 92 -0.01887   5.5253e-03 | 93  0.03696   6.2345e-03
 94  0.16128   6.3198e-03 | 95  0.01219   1.0497e-02 | 96 -0.00209   6.1051e-03
 97  0.01416  -9.5840e-03 | 98  0.09824  -1.6459e-02 | 99  0.08631  -2.2123e-02
100  0.08802   1.4339e-03 |101  0.10986   1.4597e-02 |102 -0.07664   3.3178e-02
103 -0.10171   4.0410e-02 |104  0.05451   1.0778e-02 |105  0.03676   1.2792e-02
106 -0.04748   1.2863e-02 |107 -0.05945   1.0099e-02 |108  0.06833   1.0088e-02
109  0.09979  -1.2773e-05 |110  0.08607   1.2105e-02 |111  0.00741   1.1019e-02
112 -0.12849   1.4603e-02 |113 -0.14096   1.4030e-02 |114 -0.03690   1.0672e-02
115  0.11470   2.3850e-02 |116  0.02098   2.3785e-02 |117  0.09440   2.1376e-02
118  0.04364   1.2367e-02 |119 -0.01280   1.3691e-02 |120  0.00341   2.1728e-02
121  0.12980   2.2591e-02 |122  0.20043   7.4630e-03 |123 -1.00201  -2.1695e-02
124  0.10800   1.9473e-02 |125 -0.01713   1.4639e-02 |126 -0.17389   1.7319e-02
127 -0.07064  -2.2359e-03 |128  0.03729  -2.2458e-03 |129  0.08160  -2.2311e-03
130  0.15985  -2.1790e-03 |131 -0.11794  -2.2112e-03 |132 -0.05548  -2.2412e-03
133 -0.00712  -2.2495e-03 |134  0.00978  -2.2494e-03 |135  0.11445  -2.2133e-03
136 -0.04879  -2.2431e-03 |137  0.11999  -2.2097e-03 |138  0.07024  -2.2359e-03
139 -0.03752  -2.2458e-03 |140 -0.07024  -2.2360e-03 |141  0.23987  -2.0917e-03
142 -0.07355  -2.2347e-03 |143 -0.04937  -2.2429e-03 |144  0.00731  -2.2495e-03
145  0.02674  -2.2477e-03 |146 -0.00702  -2.2495e-03 |147  0.10085  -2.2214e-03
148 -0.06594  -2.2376e-03 |149 -0.07309  -2.2349e-03 |150  0.11741  -2.2114e-03
151 -0.19845  -2.1414e-03 |152  0.04044  -2.2451e-03 |153  0.11880  -2.2105e-03
154 -0.50143  -1.5876e-03 |155 -0.06184  -2.2391e-03 |156 -0.02469  -2.2480e-03
157 -0.14859  -2.1887e-03 |158 -0.06137  -2.2392e-03 |159  0.11106  -2.2154e-03
160  0.10947  -2.2164e-03 |161  0.11982  -2.2098e-03 |162 -0.13177  -2.2017e-03
163 -0.06335  -2.2386e-03 |164 -0.05025  -2.2427e-03 |165  0.29817  -2.0072e-03
166 -0.04119  -2.2450e-03 |167  0.00817  -2.2495e-03 |168  0.03401  -2.2464e-03
169  0.01721   1.2173e+00 |170 -0.00360  -3.1186e-01 |171 -0.00568  -3.5947e-01
172  0.01783  -3.8635e-01 |173  0.06586  -4.7941e-01 |174  0.02633  -4.6977e-01
175  0.02398  -4.4457e-01 |176  0.00215  -4.1349e-01 |177  0.02278  -3.6451e-01
178  0.08698  -3.6293e-01 |179  0.10890  -3.9434e-01 |180  0.09918  -3.4808e-01
181  0.04533  -3.2421e-01 |182 -0.03521  -2.8741e-01 |183 -0.04318  -4.5845e-01
184 -0.02302  -5.1803e-01 |185 -0.02150  -3.7572e-01 |186 -0.03103  -4.1338e-01
187 -0.05449  -3.9729e-01 |188 -0.04109  -3.7084e-01 |189  0.01421  -3.9907e-01
190  0.01843  -4.4960e-01 |191  0.01807  -4.2168e-01 |192  0.00919  -4.9450e-01
193 -0.03223  -4.0046e-01 |194 -0.08615  -3.9977e-01 |195 -0.01135  -4.0548e-01
196  0.04637  -3.6853e-01 |197  0.00904  -4.6385e-01 |198 -0.00430  -4.6938e-01
199 -0.00261  -3.8498e-01 |200  0.00263  -4.0823e-01 |201  0.01193  -4.5469e-01
202  0.10795  -4.3153e-01 |203  0.10412  -4.5198e-01 |204  0.08347  -3.2303e-01
205 -0.04074  -4.0148e-01 |206 -0.59715  -2.8412e-01 |207 -0.13291  -4.2978e-01
208 -0.09851  -4.0838e-01 |209 -0.05357  -4.1653e-01 |210  0.05249  -4.5171e-01
211  0.26560  -3.8981e-01 |212 -0.05620  -3.6809e-01 |213  0.03596  -1.3050e-01
214 -0.00852  -5.2575e-09 |215 -0.65280   3.6202e-02 |216 -0.84031   5.8797e-03
217  0.01764   1.8694e-01 |218 -0.16319  -4.4228e-03 |219 -0.24936  -2.5616e-02
220 -0.05389   1.2994e-03 |221  0.03631   1.0015e-02 |222 -0.00158  -3.7452e-03
223  0.00861   1.0219e-02 |224 -0.02873   1.0971e-02 |225 -0.03605   1.1363e-02
226  0.08963  -1.3171e-02 |227  0.07012  -2.1292e-04 |228  0.19538  -5.6512e-03
229  0.10413  -8.0900e-03 |230  0.09820   1.0556e-02 |231  0.04945   1.9853e-02
232  0.05760   1.7824e-02 |233  0.06395   1.5518e-02 |234  0.12735   7.4366e-03
235 -0.11617   1.2910e-02 |236 -0.12352   1.0107e-02 |237  0.00593  -1.7573e-02
238  0.02558  -2.6015e-02 |239 -0.11252   2.1385e-03 |240 -0.15096   2.8952e-03
241 -0.06579   5.1886e-03 |242  0.01201   1.7558e-02 |243  0.04322   4.7025e-03
244 -0.02335  -2.4242e-03 |245 -0.12259   2.5797e-03 |246 -0.23359  -1.0118e-03
247 -0.10364   1.9302e-02 |248  0.00239   1.0073e-02 |249  0.05262  -5.1539e-03
250  0.08314  -7.0868e-03 |251  0.05586   5.2454e-03 |252 -0.01650   2.4827e-02
253 -0.00254   1.7888e-03 |254  0.13253  -4.0309e-03 |255  0.19793   3.0563e-03
256  0.23258   2.1351e-03 |257 -0.14482   1.9407e-03 |258  0.09617  -6.2254e-01
259  0.14960  -3.2937e-02 |260 -0.86791   6.9289e-02 |261 -0.84440  -3.5981e-02
262 -1.19862   5.5416e-03 |263 -0.17572  -2.5221e-03 |264 -0.06857  -2.6062e-03
265 -0.24787  -2.4252e-03 |266  0.54416  -1.7206e-03 |267 -0.08790  -2.5964e-03
268 -0.30452  -2.3272e-03 |269 -0.48984  -1.8830e-03 |270  0.39210  -2.1397e-03
271  0.25219  -2.4183e-03 |272 -0.01903  -2.6202e-03 |273  0.89595  -4.2631e-04
274  0.47005  -1.9387e-03 |275  0.14550  -2.5532e-03 |276 -0.30469  -2.3268e-03
277 -0.59319  -1.5635e-03 |278  0.37293  -2.1843e-03 |279  0.42563  -2.0569e-03
280  0.01385  -2.6207e-03 |281  0.46958  -1.9400e-03 |282  0.02416  -2.6195e-03
283  0.27583  -2.3791e-03 |284  0.29546  -2.3441e-03 |285 -0.20322  -2.4889e-03
286  0.18208  -2.5149e-03 |287  0.36123  -2.2106e-03 |288 -0.89869  -4.1564e-04
289 -0.23575  -2.4437e-03 |290 -0.38141  -2.1648e-03 |291 -0.59094  -1.5709e-03
292 -0.07041  -2.6053e-03 |293  0.43867  -2.0232e-03 |294 -0.38887  -2.1474e-03
295 -0.23347  -2.4471e-03 |296 -0.28172  -2.3689e-03 |297 -0.39125  -2.1417e-03
298  0.32090  -2.2953e-03 |299 -0.22053  -2.4657e-03 |300 -0.21591  -2.4720e-03
301  0.33344  -2.2699e-03 |302  0.17953  -2.5178e-03 |303  0.47184  -6.5572e-01
304  0.08772  -4.1410e-02 |305 -0.90711  -1.1160e-02 |306  0.25210  -8.9280e-03
307 -0.87988   5.8983e-01 |308 -0.52438   1.0787e-01 |
19.5909 7.16601 69.1839 45.1052 
11.1701 11.1701 48.9702 49.8691 
6.29656 9.2866 0 1.16556 11.3339 
0 2.00609 0 0 0.442593 19.3676 0 
19.588 7.16678 69.181 45.1077 
11.1701 11.1701 48.9704 49.8699 
6.29661 9.28708 0 1.16521 11.3343 
0 2.00653 0 0 0.442609 19.3675 0 
19.5879 7.16574 69.1815 45.1064 
11.1701 11.1701 48.9698 49.8714 
6.29606 9.28725 0 1.16474 11.3332 
0 2.00688 0 0 0.442642 19.3684 0 
19.5872 7.16501 69.1827 45.1048 
11.17 11.17 48.9696 49.8733 
6.29475 9.28698 0 1.1646 11.3318 
0 2.00743 0 0 0.442699 19.3682 0 
19.587 7.16475 69.1864 45.1023 
11.1696 11.1696 48.9691 49.8754 
6.29287 9.28578 0 1.16517 11.3296 
0 2.00791 0 0 0.442792 19.3662 0 
19.5854 7.16631 69.19 45.1022 
11.1689 11.1689 48.9687 49.8766 
6.29153 9.28454 0 1.16656 11.3284 
0 2.00807 0 0 0.442881 19.3618 0 
19.5891 7.16421 69.1952 45.101 
11.1681 11.1681 48.968 49.877 
6.2907 9.28395 0 1.16861 11.3271 
0 2.00763 0 0 0.442949 19.3563 0 
19.5888 7.16519 69.1974 45.1027 
11.1676 11.1676 48.9671 49.877 
6.29114 9.28353 0 1.17012 11.3265 
0 2.00719 0 0 0.44299 19.352 0 
19.588 7.16692 69.1995 45.1057 
11.167 11.167 48.9654 49.8764 
6.29258 9.28328 0 1.17196 11.3258 
0 2.00636 0 0 0.44303 19.347 0 
19.5855 7.17146 69.202 45.111 
11.1664 11.1664 48.9621 49.8749 
6.29596 9.2827 0 1.17458 11.3248 
0 2.00481 0 0 0.443067 19.3402 0 
308 variables; iteration 460; function evaluation 493; phase 1
Function value   3.0882288e+02; maximum gradient component mag   1.0607e+01
Var   Value    Gradient   |Var   Value    Gradient   |Var   Value    Gradient
  1  0.13145   7.2105e-02 |  2  0.18575   2.8326e-02 |  3  0.18948   2.0467e-02
  4  0.19623  -1.5601e-01 |  5  0.19476  -2.0691e-01 |  6  0.19105   9.1299e-02
  7  0.17748   4.8580e-02 |  8  0.17359   1.3362e-01 |  9  0.17225   1.9674e-02
 10  0.14830   9.2091e-02 | 11  0.12463  -4.4225e-03 | 12  0.12640  -4.4953e-01
 13  0.10244  -1.0573e-02 | 14  0.05728   3.8254e-01 | 15 -0.01199  -6.7140e-02
 16 -1.90333  -3.9059e-02 | 17 -0.15897  -1.1799e-02 | 18 -0.22249   1.1266e-02
 19 -0.25367   7.3259e-03 | 20 -0.40148  -3.7154e-03 | 21 -0.75103  -2.3070e-04
 22  0.09839  -1.6833e-02 | 23 -0.17661  -5.3854e-05 | 24  0.01197   3.9332e-02
 25  0.08396   1.7666e-02 | 26  0.12648   2.1607e-02 | 27  0.15290   1.3364e-01
 28  0.15517  -2.0303e-01 | 29  0.14983   6.6633e-02 | 30  0.15164   7.0352e-02
 31  0.15581  -1.2598e-02 | 32  0.14764  -1.6799e-01 | 33  0.12903  -2.6404e-01
 34 -2.11250   2.0935e-01 | 35  0.12237  -1.3069e-02 | 36  0.11940  -3.3278e-02
 37  0.08898   4.9342e-02 | 38  0.05216   4.3956e-02 | 39  0.00746   3.0552e-02
 40 -1.96147  -4.1826e-02 | 41 -0.09471  -3.2336e-03 | 42 -0.15494  -2.7383e-02
 43 -0.01849   3.2857e-02 | 44 -0.06686  -4.1030e-02 | 45 -0.08955   1.0294e-02
 46 -0.16749   2.9153e-03 | 47 -0.18348   1.6529e-03 | 48 -0.14579  -2.3673e-02
 49 -0.10857  -6.2226e-02 | 50 -0.06505  -2.4264e-02 | 51 -0.02813  -1.9572e-02
 52  0.01349  -2.5000e-02 | 53 -0.00466   5.6415e-02 | 54  0.03143   1.7573e-01
 55  0.02196   1.1252e-01 | 56  0.03587   3.8323e-02 | 57  0.08916  -1.1636e-02
 58  0.10938  -1.3854e-01 | 59  0.03551  -8.7737e-02 | 60 -0.10948   1.5684e-02
 61 -0.07246   8.1946e-03 | 62  0.03750   3.2250e-02 | 63 -0.02396  -4.3090e-02
 64 -0.04543  -4.0945e-02 | 65 -0.05287  -1.1097e-01 | 66 -0.04267  -2.2476e-01
 67 -0.06613  -1.2875e-01 | 68 -0.05140  -1.0334e-01 | 69 -0.07276  -6.7632e-02
 70 -0.06114  -6.3034e-02 | 71  0.05115  -1.9277e-01 | 72  0.04602  -1.1269e-01
 73  0.00342  -7.3364e-02 | 74 -0.00378  -2.2710e-02 | 75  0.09965  -2.9244e-02
 76  0.07975  -1.3138e-01 | 77 -0.02109   3.1011e-02 | 78 -0.05863   4.8390e-02
 79  0.08499   7.0019e-02 | 80  0.31568  -3.2336e-02 | 81  1.01066   2.6989e-02
 82 -0.12525   2.1454e-02 | 83 -0.04266   3.1271e-02 | 84  0.04185   3.9655e-02
 85 -0.03911   7.3041e-04 | 86  0.09522   1.9221e-02 | 87  0.21469   1.2223e-02
 88 -0.08724   1.0710e-02 | 89 -0.20745   4.4666e-03 | 90 -0.15149  -1.3601e-02
 91 -0.04401  -4.9992e-02 | 92 -0.01871  -3.7611e-02 | 93  0.03662  -7.7623e-02
 94  0.16146  -8.1373e-02 | 95  0.01246  -2.3030e-02 | 96 -0.00187  -2.4800e-02
 97  0.01462   2.0823e-02 | 98  0.09734  -2.4895e-02 | 99  0.08702   1.5400e-01
100  0.08803   6.5940e-02 |101  0.10967  -5.7602e-02 |102 -0.07694  -1.8665e-02
103 -0.10209  -2.2589e-02 |104  0.05484  -4.7197e-02 |105  0.03635  -3.5712e-02
106 -0.04806  -6.7724e-03 |107 -0.05989  -1.3175e-02 |108  0.06848  -2.9380e-03
109  0.09992  -5.0775e-02 |110  0.08616  -9.9376e-02 |111  0.00745  -9.2058e-02
112 -0.12860  -4.5501e-02 |113 -0.14101  -4.4726e-02 |114 -0.03663  -4.0970e-02
115  0.11474  -1.0438e-01 |116  0.02106  -4.0478e-02 |117  0.09419  -7.3290e-02
118  0.04403  -1.8380e-02 |119 -0.01195  -1.0641e-02 |120  0.00422   7.4590e-03
121  0.12980  -2.1481e-02 |122  0.20031  -8.0759e-02 |123 -0.98805   1.2970e-01
124  0.10800  -2.4227e-02 |125 -0.01701   1.9352e-02 |126 -0.17395   1.0812e-02
127 -0.07348   2.6687e-02 |128  0.03595   2.6823e-02 |129  0.08326   2.6636e-02
130  0.16222   2.5998e-02 |131 -0.12192   2.6374e-02 |132 -0.05721   2.6757e-02
133 -0.00868   2.6863e-02 |134  0.00796   2.6864e-02 |135  0.11630   2.6419e-02
136 -0.05013   2.6782e-02 |137  0.12184   2.6375e-02 |138  0.07009   2.6703e-02
139 -0.03837   2.6817e-02 |140 -0.07293   2.6690e-02 |141  0.24613   2.4883e-02
142 -0.07648   2.6672e-02 |143 -0.05074   2.6780e-02 |144  0.00568   2.6865e-02
145  0.02710   2.6841e-02 |146 -0.00848   2.6863e-02 |147  0.10204   2.6521e-02
148 -0.06835   2.6711e-02 |149 -0.07602   2.6674e-02 |150  0.11927   2.6396e-02
151 -0.17681   2.5836e-02 |152  0.04113   2.6810e-02 |153  0.12035   2.6387e-02
154 -0.51531   1.8534e-02 |155 -0.06398   2.6730e-02 |156 -0.02596   2.6843e-02
157 -0.17360   2.5873e-02 |158 -0.06373   2.6731e-02 |159  0.11285   2.6445e-02
160  0.11122   2.6457e-02 |161  0.12168   2.6377e-02 |162 -0.10053   2.6531e-02
163 -0.06559   2.6723e-02 |164 -0.05167   2.6777e-02 |165  0.30043   2.3929e-02
166 -0.04160   2.6808e-02 |167  0.00653   2.6864e-02 |168  0.03259   2.6831e-02
169  0.01955   1.0607e+01 |170 -0.00827  -1.6753e+00 |171 -0.01024  -1.5527e+00
172  0.01323  -1.6061e+00 |173  0.06124  -1.5092e+00 |174  0.02177  -1.6756e+00
175  0.01931  -1.8757e+00 |176 -0.00238  -1.7953e+00 |177  0.01820  -1.7410e+00
178  0.08237  -1.8510e+00 |179  0.10436  -2.0664e+00 |180  0.09463  -1.9462e+00
181  0.04084  -1.6849e+00 |182 -0.04046  -2.2024e+00 |183 -0.04765  -1.7108e+00
184 -0.02772  -1.6784e+00 |185 -0.02616  -1.6742e+00 |186 -0.03557  -1.6433e+00
187 -0.05909  -1.8477e+00 |188 -0.04570  -1.8454e+00 |189  0.00954  -1.7194e+00
190  0.01374  -1.4654e+00 |191  0.01339  -1.2656e+00 |192  0.00447  -1.3174e+00
193 -0.03687  -1.6997e+00 |194 -0.09079  -1.8007e+00 |195 -0.01598  -1.6717e+00
196  0.04164  -1.4806e+00 |197  0.00440  -1.5622e+00 |198 -0.00903  -1.8678e+00
199 -0.00722  -1.7633e+00 |200 -0.00200  -1.9603e+00 |201  0.00719  -2.0192e+00
202  0.10316  -1.5765e+00 |203  0.09942  -1.8499e+00 |204  0.07897  -1.8329e+00
205 -0.04541  -1.8352e+00 |206 -0.50902  -1.4003e+00 |207 -0.13771  -1.8055e+00
208 -0.10324  -1.8920e+00 |209 -0.05818  -1.8457e+00 |210  0.04782  -1.9132e+00
211  0.41465  -1.5024e+00 |212 -0.05630  -2.5455e+00 |213  0.03594  -1.6037e+00
214 -0.00848  -5.2340e-09 |215 -0.65273  -8.6374e-02 |216 -0.84005   2.8138e-01
217  0.01791   1.1017e+00 |218 -0.16326  -7.5165e-02 |219 -0.24954  -6.6291e-02
220 -0.05374   4.1956e-02 |221  0.03649  -3.8441e-02 |222 -0.00154  -5.3588e-02
223  0.00854  -6.6297e-02 |224 -0.02872   5.1880e-02 |225 -0.03610   2.4134e-02
226  0.08958   2.5924e-02 |227  0.06999  -1.5121e-02 |228  0.19536  -2.9766e-02
229  0.10413  -2.0101e-03 |230  0.09844   2.8817e-02 |231  0.04946   1.5661e-02
232  0.05761  -3.7991e-02 |233  0.06399  -8.1181e-02 |234  0.12742  -4.1892e-02
235 -0.11629   1.5537e-03 |236 -0.12366  -1.3427e-02 |237  0.00595   8.6523e-03
238  0.02574   5.2974e-03 |239 -0.11254  -1.2200e-02 |240 -0.15106  -1.5659e-02
241 -0.06579  -2.1271e-03 |242  0.01211   1.9464e-02 |243  0.04324   1.1348e-02
244 -0.02334   1.7970e-02 |245 -0.12262   7.7407e-02 |246 -0.23362   1.1424e-01
247 -0.10369   6.9349e-02 |248  0.00238   4.9130e-02 |249  0.05255   5.3590e-03
250  0.08296  -1.9273e-02 |251  0.05585   3.1118e-02 |252 -0.01640   4.8051e-02
253 -0.00236   8.7689e-03 |254  0.13264  -3.2151e-02 |255  0.19791  -4.1501e-03
256  0.23247  -5.3435e-02 |257 -0.14484   3.5107e-02 |258  0.09618  -4.0326e-01
259  0.14959   9.2786e-02 |260 -0.86790  -2.1901e-01 |261 -0.84440  -1.3310e-01
262 -1.19701  -1.2484e-02 |263 -0.15675   4.9141e-01 |264 -0.06343   5.0418e-01
265 -0.25537   4.6647e-01 |266  0.52806   3.4215e-01 |267 -0.09074   5.0155e-01
268 -0.31817   4.4472e-01 |269 -0.47916   3.6982e-01 |270  0.39968   4.1007e-01
271  0.23733   4.7189e-01 |272 -0.01992   5.0644e-01 |273  0.88331   9.2356e-02
274  0.47147   3.7398e-01 |275  0.15535   4.9168e-01 |276 -0.30234   4.5062e-01
277 -0.59094   3.0363e-01 |278  0.36790   4.2441e-01 |279  0.42514   3.9785e-01
280  0.02520   5.0629e-01 |281  0.48618   3.6598e-01 |282  0.02213   5.0638e-01
283  0.26759   4.6258e-01 |284  0.28447   4.5694e-01 |285 -0.21494   4.7808e-01
286  0.17698   4.8724e-01 |287  0.36873   4.2405e-01 |288 -0.89100   8.6334e-02
289 -0.25579   4.6634e-01 |290 -0.38229   4.1805e-01 |291 -0.59129   3.0340e-01
292 -0.06206   5.0428e-01 |293  0.44143   3.8969e-01 |294 -0.37862   4.1969e-01
295 -0.23404   4.7283e-01 |296 -0.26851   4.6229e-01 |297 -0.38821   4.1537e-01
298  0.33099   4.3974e-01 |299 -0.23282   4.7318e-01 |300 -0.23147   4.7357e-01
301  0.34398   4.3451e-01 |302  0.18145   4.8625e-01 |303  0.47183  -2.9372e-01
304  0.08756  -2.3684e-01 |305 -0.90709   3.3193e-02 |306  0.25215   1.7653e-02
307 -0.87989   5.9552e-01 |308 -0.52447  -2.5901e-01 |
19.5886 7.16945 69.202 45.1134 
11.1659 11.1659 48.9604 49.8734 
6.29856 9.28407 0 1.17538 11.3247 
0 2.00379 0 0 0.443042 19.3386 0 
19.5901 7.16996 69.2024 45.1163 
11.1653 11.1653 48.9567 49.871 
6.30273 9.28477 0 1.17648 11.3241 
0 2.00229 0 0 0.44304 19.337 0 
19.4705 7.33057 69.166 45.1671 
11.178 11.178 48.9216 49.8481 
6.34572 9.25156 0 1.18733 11.318 
0 1.98851 0 0 0.443027 19.3214 0 
19.5746 7.19681 69.1992 45.1324 
11.1654 11.1654 48.9411 49.8608 
6.32118 9.28109 0 1.18124 11.3214 
0 1.99604 0 0 0.443032 19.3301 0 
19.5855 7.18112 69.2016 45.1256 
11.1647 11.1647 48.9469 49.8645 
6.31426 9.28401 0 1.17947 11.3224 
0 1.99833 0 0 0.443035 19.3326 0 
19.5752 7.20139 69.1884 45.1334 
11.165 11.165 48.9319 49.8553 
6.33277 9.28167 0 1.18031 11.3191 
0 1.99366 0 0 0.442984 19.3401 0 
19.5297 7.27303 69.1269 45.1532 
11.1691 11.1691 48.9104 49.8404 
6.36221 9.27006 0 1.17987 11.315 
0 1.98721 0 0 0.442873 19.3566 0 
19.5598 7.22734 69.1656 45.1412 
11.1662 11.1662 48.9205 49.8476 
6.3478 9.27799 0 1.18008 11.3169 
0 1.99025 0 0 0.442926 19.3486 0 
19.5544 7.24113 69.1396 45.1494 
11.166 11.166 48.913 49.8411 
6.36026 9.27858 0 1.17824 11.316 
0 1.98783 0 0 0.442826 19.3584 0 
19.537 7.27887 69.0768 45.1647 
11.1664 11.1664 48.9014 49.831 
6.38101 9.2776 0 1.17509 11.313 
0 1.98409 0 0 0.442683 19.3763 0 
19.5299 7.32032 68.9777 45.2042 
11.1589 11.1589 48.9182 49.8089 
6.40571 9.28517 0 1.16615 11.3128 
0 1.98026 0 0 0.442344 19.3988 0 
19.5346 7.29899 69.0205 45.1856 
11.1636 11.1636 48.904 49.8198 
6.3955 9.28238 0 1.16977 11.3129 
0 1.98176 0 0 0.442481 19.3897 0 
19.5183 7.34407 68.9405 45.2158 
11.1676 11.1676 48.8861 49.8194 
6.4146 9.28746 0 1.16159 11.3082 
0 1.97925 0 0 0.442206 19.4084 0 
19.5264 7.32164 68.9758 45.2013 
11.1661 11.1661 48.8926 49.82 
6.4062 9.28542 0 1.16513 11.3102 
0 1.98031 0 0 0.442325 19.4003 0 
19.5338 7.31292 68.9633 45.2072 
11.165 11.165 48.8928 49.8215 
6.41115 9.29196 0 1.16049 11.3081 
0 1.98037 0 0 0.442158 19.4092 0 
19.5492 7.30225 68.9458 45.2107 
11.1666 11.1666 48.8981 49.8209 
6.4076 9.29683 0 1.15491 11.3068 
0 1.98056 0 0 0.441988 19.4128 0 
308 variables; iteration 470; function evaluation 509; phase 1
Function value   3.0874822e+02; maximum gradient component mag   2.3895e+01
Var   Value    Gradient   |Var   Value    Gradient   |Var   Value    Gradient
  1  0.12780  -1.9651e-02 |  2  0.18766   6.1466e-01 |  3  0.18798  -3.3160e+00
  4  0.19682  -1.1099e+00 |  5  0.19502  -3.0068e-01 |  6  0.19101  -1.6302e+00
  7  0.17793   5.6875e-01 |  8  0.17404   1.0331e+00 |  9  0.17303   1.0507e+00
 10  0.14929   2.1265e+00 | 11  0.12464   1.0735e-01 | 12  0.12542  -2.5368e+00
 13  0.10204  -1.6060e+00 | 14  0.05768   3.9760e-01 | 15 -0.01247  -9.6578e-02
 16 -1.89167   1.9652e-01 | 17 -0.16349  -3.6255e-02 | 18 -0.21069   2.4271e-02
 19 -0.24048   1.2115e-02 | 20 -0.21552   7.5398e-02 | 21 -1.05345   5.2445e-05
 22  0.09782  -8.3243e-02 | 23 -0.17665   4.5832e-05 | 24  0.00921  -5.8175e-02
 25  0.08290  -5.1675e-02 | 26  0.12640   2.9578e-01 | 27  0.15206  -6.2622e-01
 28  0.15489   2.9898e-01 | 29  0.14955   2.4684e-01 | 30  0.15128   1.6780e-01
 31  0.15513  -2.6407e-01 | 32  0.14754   7.4886e-01 | 33  0.12892   4.1978e-01
 34 -2.10976   2.8844e+00 | 35  0.12125  -7.5153e-01 | 36  0.11926   1.9946e+00
 37  0.08908   1.0517e+00 | 38  0.05239   9.1172e-01 | 39  0.00679  -9.4007e-02
 40 -1.95956   3.0578e-01 | 41 -0.09535   1.8837e-01 | 42 -0.15891  -1.1257e-01
 43 -0.01639   6.0242e-01 | 44 -0.05951   8.1268e-01 | 45 -0.09303   7.1761e-02
 46 -0.16895   2.2323e-01 | 47 -0.18465   2.4817e-01 | 48 -0.14540   3.3418e-01
 49 -0.10058   9.0517e-01 | 50 -0.07016  -1.9558e-01 | 51 -0.03080  -1.2057e-01
 52  0.01214  -3.1389e-01 | 53 -0.00325  -1.0491e-01 | 54  0.02848  -4.9483e-01
 55  0.01616  -8.4833e-01 | 56  0.03706  -2.7140e-01 | 57  0.08776   3.4821e-01
 58  0.11556   1.5762e+00 | 59  0.03903   1.0927e+00 | 60 -0.10994   4.5953e-01
 61 -0.07187   5.2557e-01 | 62  0.04118   7.9604e-01 | 63 -0.02858   1.7332e-02
 64 -0.04838   1.4319e-01 | 65 -0.05203   3.4685e-01 | 66 -0.03816   3.7389e-01
 67 -0.06452   1.7837e-01 | 68 -0.05403  -4.7026e-02 | 69 -0.07429   1.8336e-01
 70 -0.06201   4.8903e-01 | 71  0.06025   1.8974e+00 | 72  0.05384   1.9927e+00
 73  0.00321   9.2800e-01 | 74 -0.00692   3.8805e-01 | 75  0.09616   3.7303e-01
 76  0.08925   5.7289e-01 | 77 -0.02438  -2.2824e-01 | 78 -0.06938  -9.7048e-01
 79  0.07824  -1.5397e+00 | 80  0.31726  -4.0412e+00 | 81  1.01998   4.4073e-02
 82 -0.12605   8.6382e-02 | 83 -0.04380   1.3767e-01 | 84  0.04137   2.2943e-01
 85 -0.04955  -3.4194e-01 | 86  0.09725   3.5395e-01 | 87  0.21472   4.0841e-01
 88 -0.08432   2.6027e-01 | 89 -0.20630   8.5653e-02 | 90 -0.15075   9.3494e-02
 91 -0.04394   2.0502e-01 | 92 -0.02219  -9.9840e-03 | 93  0.03941   2.6280e-01
 94  0.16142  -6.4127e-02 | 95  0.01065  -5.7546e-02 | 96 -0.00281   1.2742e-03
 97  0.02117   5.6725e-01 | 98  0.09584  -4.6229e-01 | 99  0.08745  -5.4805e-01
100  0.08932  -3.6891e-01 |101  0.10877  -1.1642e-01 |102 -0.07375   2.8256e-01
103 -0.09804   4.0888e-01 |104  0.04934   1.9997e-02 |105  0.03511   8.3690e-02
106 -0.04865   5.4249e-02 |107 -0.06047   8.4959e-02 |108  0.06891   1.1172e-01
109  0.10171   8.6792e-03 |110  0.08367  -2.8935e-01 |111  0.00920  -2.7176e-02
112 -0.12525   7.4082e-02 |113 -0.13883   1.6142e-02 |114 -0.03704  -8.3294e-02
115  0.11214   6.1909e-02 |116  0.02095   3.6091e-01 |117  0.09414   3.2924e-01
118  0.04322   1.8987e-01 |119 -0.01476   8.3624e-02 |120  0.00362   2.0419e-01
121  0.12876  -1.4499e-01 |122  0.20304  -7.0459e-01 |123 -0.99234   8.3732e-02
124  0.10783  -7.1994e-01 |125 -0.01760  -1.4051e-01 |126 -0.17219   1.2812e-01
127 -0.08465   4.0152e-01 |128  0.03395   4.0452e-01 |129  0.10185   3.9992e-01
130  0.16728   3.9119e-01 |131 -0.12734   3.9702e-01 |132 -0.06221   4.0316e-01
133  0.00081   4.0510e-01 |134  0.00795   4.0507e-01 |135  0.11614   3.9837e-01
136 -0.05319   4.0368e-01 |137  0.12055   3.9786e-01 |138  0.06960   4.0268e-01
139 -0.04048   4.0428e-01 |140 -0.08300   4.0166e-01 |141  0.24175   3.7624e-01
142 -0.08802   4.0123e-01 |143 -0.05395   4.0364e-01 |144  0.00340   4.0509e-01
145  0.02926   4.0467e-01 |146 -0.01025   4.0505e-01 |147  0.10143   3.9997e-01
148 -0.07686   4.0215e-01 |149 -0.08764   4.0126e-01 |150  0.11857   3.9809e-01
151 -0.20185   3.8491e-01 |152  0.04377   4.0414e-01 |153  0.11758   3.9821e-01
154 -0.49752   2.8756e-01 |155 -0.07108   4.0258e-01 |156 -0.01539   4.0498e-01
157 -0.23769   3.7719e-01 |158 -0.07254   4.0247e-01 |159  0.11321   3.9871e-01
160  0.11179   3.9887e-01 |161  0.12043   3.9787e-01 |162  0.09037   4.0102e-01
163 -0.07321   4.0242e-01 |164 -0.05513   4.0358e-01 |165  0.24307   3.7593e-01
166 -0.03589   4.0445e-01 |167  0.00423   4.0509e-01 |168  0.03048   4.0463e-01
169  0.02542   2.3895e+01 |170 -0.01849  -9.3093e+00 |171 -0.02224  -1.3553e+01
172  0.00169  -1.3607e+01 |173  0.04944  -1.4763e+01 |174  0.00996  -1.2844e+01
175  0.00775  -1.1929e+01 |176 -0.01421  -1.2162e+01 |177  0.00623  -1.2221e+01
178  0.07067  -1.0896e+01 |179  0.09248  -1.1148e+01 |180  0.08266  -1.1726e+01
181  0.02974  -1.0497e+01 |182 -0.05086  -1.2038e+01 |183 -0.05844  -1.3166e+01
184 -0.03840  -1.4070e+01 |185 -0.03615  -1.1357e+01 |186 -0.04743  -1.4430e+01
187 -0.07052  -1.2635e+01 |188 -0.05685  -1.1734e+01 |189 -0.00208  -1.1568e+01
190  0.00228  -1.2225e+01 |191  0.00196  -1.3443e+01 |192 -0.00650  -1.1087e+01
193 -0.04732  -9.5452e+00 |194 -0.10297  -1.2156e+01 |195 -0.02687  -1.2926e+01
196  0.03153  -1.3638e+01 |197 -0.00609  -1.4749e+01 |198 -0.01916  -1.3169e+01
199 -0.01865  -1.2113e+01 |200 -0.01349  -1.1140e+01 |201 -0.00414  -1.2306e+01
202  0.09227  -1.1452e+01 |203  0.08770  -1.0531e+01 |204  0.06710  -9.3811e+00
205 -0.05868  -7.6147e+00 |206 -0.20567  -1.2681e+01 |207 -0.15017  -7.7828e+00
208 -0.11411  -1.3288e+01 |209 -0.06992  -1.2937e+01 |210  0.03676  -1.2448e+01
211  0.72869  -5.1116e+00 |212 -0.05609  -3.1990e+00 |213  0.03588  -2.6927e+00
214 -0.00836  -5.1553e-09 |215 -0.65332   1.6061e-03 |216 -0.84134   1.1210e+00
217  0.01804   3.0573e+00 |218 -0.16325   3.8834e-01 |219 -0.24954   2.5680e-01
220 -0.05418  -1.8075e-01 |221  0.03751   4.4189e-01 |222 -0.00037   7.6194e-02
223  0.00932   3.6034e-01 |224 -0.02894   6.1496e-02 |225 -0.03657  -4.0035e-02
226  0.08942  -1.7257e-01 |227  0.07145   5.7505e-01 |228  0.19535   1.4089e-01
229  0.10370   5.0745e-01 |230  0.09848  -5.9396e-02 |231  0.04870  -3.0219e-02
232  0.05618   5.4989e-02 |233  0.06418   5.8468e-01 |234  0.12732   6.1043e-01
235 -0.11577   4.2663e-01 |236 -0.12211   3.0178e-01 |237  0.00581  -3.4931e-03
238  0.02423  -1.7224e-01 |239 -0.11319   5.0640e-02 |240 -0.15172  -1.1184e-01
241 -0.06663  -2.3295e-01 |242  0.01293   2.8996e-01 |243  0.04352   3.1792e-01
244 -0.02362   1.2851e-01 |245 -0.12244   1.6182e-01 |246 -0.23357   3.2972e-01
247 -0.10310   7.8563e-01 |248  0.00205   4.0907e-01 |249  0.05270  -5.5358e-02
250  0.08360  -1.7830e-03 |251  0.05614   9.4542e-02 |252 -0.01611   2.1517e-01
253 -0.00189   1.6702e-01 |254  0.13133  -8.4478e-02 |255  0.19653  -2.3963e-01
256  0.23332   2.7789e-01 |257 -0.14486   7.0909e-01 |258  0.09624  -6.3085e+00
259  0.14956  -2.5662e+00 |260 -0.86789   2.0121e+00 |261 -0.84435   1.2962e+00
262 -1.19596  -4.3939e-01 |263 -0.11443  -2.0584e+01 |264 -0.01298  -2.0917e+01
265 -0.28533  -1.8855e+01 |266  0.46219  -1.5646e+01 |267 -0.08303  -2.0744e+01
268 -0.35779  -1.7703e+01 |269 -0.43167  -1.6293e+01 |270  0.39838  -1.6957e+01
271  0.21505  -1.9739e+01 |272 -0.01699  -2.0914e+01 |273  0.80553  -6.2921e+00
274  0.45952  -1.5704e+01 |275  0.20302  -1.9867e+01 |276 -0.26309  -1.9160e+01
277 -0.58183  -1.2775e+01 |278  0.33916  -1.8022e+01 |279  0.44945  -1.5921e+01
280  0.02110  -2.0910e+01 |281  0.54572  -1.3694e+01 |282 -0.01910  -2.0912e+01
283  0.24901  -1.9341e+01 |284  0.25027  -1.9326e+01 |285 -0.22613  -1.9615e+01
286  0.16893  -2.0189e+01 |287  0.38994  -1.7118e+01 |288 -0.84297  -5.1084e+00
289 -0.32841  -1.8199e+01 |290 -0.40898  -1.6751e+01 |291 -0.55764  -1.3395e+01
292 -0.09893  -2.0669e+01 |293  0.43210  -1.6285e+01 |294 -0.34176  -1.7978e+01
295 -0.21382  -1.9752e+01 |296 -0.21899  -1.9696e+01 |297 -0.37237  -1.7444e+01
298  0.35845  -1.7692e+01 |299 -0.31320  -1.8440e+01 |300 -0.28057  -1.8922e+01
301  0.37395  -1.7415e+01 |302  0.23604  -1.9500e+01 |303  0.47164  -9.1981e+00
304  0.08865  -2.2982e+00 |305 -0.90755  -6.3751e+00 |306  0.25173   1.7660e-01
307 -0.87945   1.0269e+01 |308 -0.52472  -1.3685e+00 |
19.5635 7.29739 68.9048 45.2082 
11.1689 11.1689 48.9106 49.823 
6.4031 9.301 0 1.1456 11.2984 
0 1.98154 0 0 0.441608 19.4286 0 
19.5798 7.27662 68.8699 45.182 
11.1734 11.1734 48.9329 49.8335 
6.38267 9.30297 0 1.13439 11.2861 
0 1.9861 0 0 0.441147 19.4493 0 
19.5787 7.31175 68.7712 45.1365 
11.1846 11.1846 48.9562 49.8542 
6.34477 9.29697 0 1.11992 11.2799 
0 1.99752 0 0 0.441134 19.4945 0 
19.6195 7.20274 68.836 45.0473 
11.187 11.187 48.9753 49.8806 
6.30073 9.29579 0 1.12019 11.286 
0 2.01008 0 0 0.441691 19.4959 0 
19.6058 7.21103 68.8409 45.0488 
11.185 11.185 48.9713 49.8862 
6.29748 9.28564 0 1.13054 11.2903 
0 2.00996 0 0 0.441771 19.4761 0 
19.5753 7.22483 68.8632 45.0364 
11.1836 11.1836 48.9562 49.8965 
6.29471 9.27263 0 1.15187 11.3081 
0 2.01113 0 0 0.442316 19.4404 0 
19.5788 7.20358 68.8864 45.0443 
11.1794 11.1794 48.9533 49.8971 
6.29711 9.26928 0 1.1635 11.3139 
0 2.0109 0 0 0.442539 19.414 0 
19.5929 7.18066 68.9072 45.0527 
11.1747 11.1747 48.939 49.8897 
6.29979 9.27398 0 1.17589 11.3307 
0 2.00963 0 0 0.443362 19.387 0 
19.5947 7.17811 68.9014 45.0631 
11.1755 11.1755 48.9455 49.8874 
6.30255 9.27534 0 1.17479 11.3271 
0 2.00869 0 0 0.443216 19.3806 0 
19.6007 7.1741 68.8976 45.074 
11.1748 11.1748 48.9439 49.8852 
6.30255 9.27664 0 1.17342 11.324 
0 2.00879 0 0 0.443118 19.3771 0 
308 variables; iteration 480; function evaluation 519; phase 1
Function value   3.0852892e+02; maximum gradient component mag   2.0046e+00
Var   Value    Gradient   |Var   Value    Gradient   |Var   Value    Gradient
  1  0.13504  -6.6299e-03 |  2  0.18562   2.1305e-02 |  3  0.18938   5.1416e-02
  4  0.19618  -8.5015e-03 |  5  0.19472  -2.9942e-02 |  6  0.19102   2.2085e-01
  7  0.17742  -2.7907e-02 |  8  0.17346   3.1331e-03 |  9  0.17218  -3.0529e-02
 10  0.14817  -1.1042e-01 | 11  0.12454  -5.8641e-02 | 12  0.12655   9.1546e-03
 13  0.10246  -6.9570e-02 | 14  0.05662  -1.0629e-01 | 15 -0.01088   2.1463e-03
 16 -1.89183   2.1635e-01 | 17 -0.16577  -5.7596e-02 | 18 -0.21473   1.8629e-02
 19 -0.29197  -9.2231e-03 | 20 -0.33954  -7.2369e-04 | 21 -1.15755   1.4913e-04
 22  0.09932   3.6800e-03 | 23 -0.17595  -5.2056e-06 | 24  0.01122   1.4386e-03
 25  0.08380  -2.8757e-02 | 26  0.12654   7.5828e-03 | 27  0.15300   3.9122e-02
 28  0.15543  -4.8797e-02 | 29  0.15003   1.9513e-02 | 30  0.15183   1.2358e-02
 31  0.15604   1.8392e-02 | 32  0.14791  -8.9598e-02 | 33  0.12958   2.9207e-01
 34 -2.11282  -1.4572e-02 | 35  0.12265   7.3753e-02 | 36  0.11950  -1.1041e-01
 37  0.08924  -1.2587e-01 | 38  0.05240   1.9280e-03 | 39  0.00765  -3.6805e-03
 40 -1.96190  -1.2731e-06 | 41 -0.09460   2.7432e-04 | 42 -0.15342  -5.9756e-03
 43 -0.01899   8.4769e-04 | 44 -0.06743  -1.0646e-01 | 45 -0.08976  -1.7963e-02
 46 -0.16732   1.8387e-02 | 47 -0.18347   2.4716e-03 | 48 -0.14566  -4.9439e-03
 49 -0.10847  -4.2236e-02 | 50 -0.06478   2.2076e-02 | 51 -0.02795   4.2446e-02
 52  0.01518   1.3813e-01 | 53 -0.00454   6.3531e-02 | 54  0.02994   2.8212e-02
 55  0.02126  -2.5182e-02 | 56  0.03649  -4.0667e-02 | 57  0.08976  -5.7744e-02
 58  0.10842  -1.9594e-01 | 59  0.03645   1.0145e-02 | 60 -0.10960   1.1148e-02
 61 -0.07250   2.1552e-02 | 62  0.03669   3.1380e-02 | 63 -0.02347   2.4141e-02
 64 -0.04568  -8.6279e-04 | 65 -0.05274  -1.4819e-02 | 66 -0.04151  -6.7067e-03
 67 -0.06578   2.5517e-02 | 68 -0.05152   1.3087e-02 | 69 -0.07288   4.1536e-02
 70 -0.06160   6.2187e-02 | 71  0.05567   4.9146e-01 | 72  0.04620   3.0602e-01
 73  0.00296   1.1385e-01 | 74 -0.00348   7.3074e-02 | 75  0.09906  -3.3589e-03
 76  0.08043  -1.5413e-01 | 77 -0.02186  -1.1873e-01 | 78 -0.05994  -1.2578e-01
 79  0.08233  -2.4706e-01 | 80  0.31615  -1.7024e-01 | 81  1.02160   5.5070e-02
 82 -0.12536   2.2023e-02 | 83 -0.04294   2.9740e-02 | 84  0.04166   2.2061e-02
 85 -0.03684   9.5811e-02 | 86  0.09473   5.3749e-02 | 87  0.21440   2.1173e-02
 88 -0.08746   3.4095e-02 | 89 -0.20731   5.2780e-02 | 90 -0.15146   2.6457e-02
 91 -0.04405   1.6218e-02 | 92 -0.01881   2.6582e-02 | 93  0.03695   1.6824e-02
 94  0.16129   6.3025e-03 | 95  0.01207   4.2047e-02 | 96 -0.00237   3.5020e-02
 97  0.01436   6.0046e-02 | 98  0.09790   5.9674e-02 | 99  0.08647   9.4091e-02
100  0.08786   3.1796e-02 |101  0.11013   1.1094e-02 |102 -0.07662   4.0403e-02
103 -0.10168   5.3807e-02 |104  0.05477   3.2256e-02 |105  0.03643   4.4296e-02
106 -0.04793   5.2589e-02 |107 -0.06006   3.5717e-02 |108  0.06818   5.0785e-02
109  0.09981   1.4799e-02 |110  0.08612   5.7459e-02 |111  0.00724   3.5334e-02
112 -0.12842   4.8769e-02 |113 -0.14086   4.9584e-02 |114 -0.03664   8.6113e-02
115  0.11446   1.6483e-01 |116  0.02083   1.3860e-01 |117  0.09426   1.6854e-01
118  0.04315   7.3527e-02 |119 -0.01303   3.2187e-02 |120  0.00405   4.5283e-02
121  0.13037   1.6853e-03 |122  0.20100  -1.4421e-01 |123 -0.99023   1.0664e-01
124  0.10777  -1.3991e-02 |125 -0.01650   4.3500e-02 |126 -0.17364   5.3126e-02
127 -0.08487   1.2270e-01 |128  0.03078   1.2365e-01 |129  0.10065   1.2225e-01
130  0.16381   1.1972e-01 |131 -0.12090   1.2157e-01 |132 -0.06427   1.2317e-01
133 -0.01661   1.2376e-01 |134  0.00198   1.2380e-01 |135  0.12544   1.2140e-01
136 -0.05587   1.2332e-01 |137  0.12976   1.2123e-01 |138  0.07189   1.2301e-01
139 -0.04479   1.2349e-01 |140 -0.08310   1.2274e-01 |141  0.24342   1.1486e-01
142 -0.08763   1.2263e-01 |143 -0.05659   1.2331e-01 |144 -0.00131   1.2380e-01
145  0.02772   1.2368e-01 |146 -0.01481   1.2376e-01 |147  0.11038   1.2194e-01
148 -0.07760   1.2288e-01 |149 -0.08738   1.2263e-01 |150  0.12789   1.2131e-01
151 -0.21110   1.1705e-01 |152  0.04443   1.2350e-01 |153  0.12723   1.2133e-01
154 -0.49347   8.8431e-02 |155 -0.07238   1.2300e-01 |156 -0.03321   1.2363e-01
157 -0.27187   1.1268e-01 |158 -0.07434   1.2295e-01 |159  0.12229   1.2152e-01
160  0.12071   1.2158e-01 |161  0.12965   1.2124e-01 |162  0.13347   1.2109e-01
163 -0.07430   1.2296e-01 |164 -0.05769   1.2329e-01 |165  0.24448   1.1478e-01
166 -0.03942   1.2356e-01 |167 -0.00047   1.2380e-01 |168  0.02699   1.2369e-01
169  0.02585   2.0046e+00 |170 -0.02064   2.7506e-01 |171 -0.02223   3.0180e-01
172  0.00134   1.4477e-01 |173  0.04902   3.2157e-01 |174  0.00932   2.6576e-01
175  0.00726   7.1635e-02 |176 -0.01466   1.2351e-01 |177  0.00651  -6.9109e-03
178  0.07053  -1.0937e-01 |179  0.09198  -1.5196e-02 |180  0.08205   3.3425e-01
181  0.02806   3.3609e-01 |182 -0.05216   2.0643e-01 |183 -0.05980   7.5324e-02
184 -0.03980   1.8842e-01 |185 -0.03813   6.0274e-02 |186 -0.04797   1.2331e-01
187 -0.07127  -1.3535e-02 |188 -0.05745   5.4838e-02 |189 -0.00249   1.7906e-01
190  0.00178   1.6087e-01 |191  0.00101   2.6825e-01 |192 -0.00740   1.5682e-01
193 -0.04988  -1.3197e-01 |194 -0.10230   9.8464e-02 |195 -0.02756   1.0259e-01
196  0.02993  -2.4525e-01 |197 -0.00788  -5.8743e-01 |198 -0.02070  -6.0417e-02
199 -0.01954   2.0509e-01 |200 -0.01425   2.3620e-01 |201 -0.00382   1.3411e-01
202  0.09101   2.8070e-01 |203  0.08673   4.6349e-01 |204  0.06788   5.6634e-01
205 -0.08156   7.6722e-02 |206 -0.14845   4.6039e-02 |207 -0.16740   2.8294e-02
208 -0.11271  -9.4642e-02 |209 -0.07117   1.4958e-01 |210  0.03639   2.9673e-02
211  0.77349   3.2209e-02 |212 -0.05629  -7.5495e-01 |213  0.03593  -3.1925e-01
214 -0.00833  -5.1401e-09 |215 -0.65603  -4.4991e-02 |216 -0.84563   3.6283e-02
217  0.01734  -1.2997e-01 |218 -0.16331  -7.6082e-02 |219 -0.24929  -2.9751e-02
220 -0.05391   1.9336e-02 |221  0.03625   2.5236e-02 |222 -0.00162   6.5353e-03
223  0.00867   5.3930e-02 |224 -0.02868   2.7985e-02 |225 -0.03607   2.7790e-02
226  0.08975   3.6714e-02 |227  0.07005   2.0498e-02 |228  0.19548   2.0531e-02
229  0.10408  -5.5285e-03 |230  0.09831   2.3304e-02 |231  0.04945  -1.9153e-02
232  0.05759  -2.1269e-02 |233  0.06402  -2.6884e-03 |234  0.12743  -3.4830e-03
235 -0.11609   4.7234e-02 |236 -0.12347   4.9883e-02 |237  0.00611   4.9532e-02
238  0.02565   1.7736e-02 |239 -0.11254   7.7477e-03 |240 -0.15105   1.2371e-02
241 -0.06602  -1.7905e-02 |242  0.01196   2.3248e-02 |243  0.04316   1.7194e-02
244 -0.02336   2.8578e-02 |245 -0.12254   4.4684e-02 |246 -0.23362   3.4068e-02
247 -0.10358   1.9723e-02 |248  0.00247   1.8204e-03 |249  0.05296  -2.5382e-02
250  0.08322  -3.9226e-02 |251  0.05594  -4.1881e-02 |252 -0.01673  -2.1998e-02
253 -0.00265   1.3896e-02 |254  0.13250   2.0966e-02 |255  0.19824   5.5251e-02
256  0.23255  -1.4987e-02 |257 -0.14560   9.1863e-02 |258  0.09623   5.8083e-01
259  0.14961   1.3619e-01 |260 -0.86789  -1.7107e-01 |261 -0.84439  -7.4438e-02
262 -1.20156  -3.9928e-03 |263 -0.09476   1.9361e+00 |264 -0.01920   1.9568e+00
265 -0.30035   1.7439e+00 |266  0.45205   1.4846e+00 |267 -0.08404   1.9407e+00
268 -0.39749   1.5884e+00 |269 -0.42717   1.5333e+00 |270  0.42834   1.5311e+00
271  0.17589   1.8835e+00 |272 -0.01560   1.9571e+00 |273  0.80012   6.0462e-01
274  0.45599   1.4766e+00 |275  0.21553   1.8466e+00 |276 -0.26867   1.7860e+00
277 -0.56416   1.2380e+00 |278  0.33879   1.6870e+00 |279  0.44615   1.4963e+00
280  0.05702   1.9499e+00 |281  0.57164   1.2201e+00 |282 -0.01162   1.9574e+00
283  0.24052   1.8197e+00 |284  0.22717   1.8344e+00 |285 -0.23412   1.8268e+00
286  0.18121   1.8790e+00 |287  0.38123   1.6171e+00 |288 -0.84245   4.7957e-01
289 -0.37423   1.6291e+00 |290 -0.39563   1.5917e+00 |291 -0.56579   1.2341e+00
292 -0.06631   1.9471e+00 |293  0.44651   1.4956e+00 |294 -0.33961   1.6857e+00
295 -0.21871   1.8433e+00 |296 -0.20664   1.8555e+00 |297 -0.37652   1.6252e+00
298  0.37102   1.6346e+00 |299 -0.31376   1.7247e+00 |300 -0.30499   1.7373e+00
301  0.38778   1.6056e+00 |302  0.23317   1.8279e+00 |303  0.47190   5.3672e-01
304  0.08860  -6.0215e-02 |305 -0.90732  -1.1277e+00 |306  0.25190   1.1757e-02
307 -0.87919   3.2805e-01 |308 -0.52474   3.6178e-02 |
19.6061 7.17086 68.8926 45.0886 
11.1744 11.1744 48.9412 49.8802 
6.30257 9.27991 0 1.17134 11.3258 
0 2.00789 0 0 0.443193 19.3724 0 
19.6062 7.1687 68.8939 45.0946 
11.1719 11.1719 48.9399 49.8788 
6.30292 9.28107 0 1.17112 11.3273 
0 2.00799 0 0 0.443272 19.3689 0 
19.6053 7.16566 68.8937 45.1 
11.1696 11.1696 48.9411 49.8781 
6.30233 9.28229 0 1.17062 11.3288 
0 2.00814 0 0 0.443333 19.3668 0 
19.6044 7.16404 68.8903 45.1016 
11.1682 11.1682 48.9456 49.878 
6.30161 9.28226 0 1.17064 11.3302 
0 2.00823 0 0 0.443322 19.3666 0 
19.6055 7.16223 68.8836 45.1015 
11.1683 11.1683 48.9525 49.8783 
6.29984 9.28231 0 1.17096 11.331 
0 2.00809 0 0 0.443235 19.3675 0 
19.6077 7.1628 68.8764 45.1007 
11.1693 11.1693 48.959 49.8787 
6.29747 9.28208 0 1.17147 11.3311 
0 2.00758 0 0 0.443116 19.3675 0 
19.6103 7.16507 68.8739 45.0995 
11.1714 11.1714 48.9614 49.8791 
6.29437 9.28202 0 1.17183 11.3298 
0 2.00695 0 0 0.443023 19.3659 0 
19.6114 7.16888 68.8773 45.0985 
11.1732 11.1732 48.9597 49.8791 
6.29155 9.28141 0 1.1719 11.3285 
0 2.00653 0 0 0.443006 19.3628 0 
19.6113 7.17158 68.884 45.0971 
11.1742 11.1742 48.9563 49.8786 
6.28917 9.28071 0 1.17174 11.3276 
0 2.00646 0 0 0.443044 19.3602 0 
19.6105 7.17303 68.8892 45.0954 
11.1746 11.1746 48.9542 49.878 
6.28768 9.27977 0 1.17151 11.328 
0 2.00657 0 0 0.443095 19.3592 0 
308 variables; iteration 490; function evaluation 529; phase 1
Function value   3.0852547e+02; maximum gradient component mag   3.8896e-01
Var   Value    Gradient   |Var   Value    Gradient   |Var   Value    Gradient
  1  0.13522   3.4087e-03 |  2  0.18567   2.1013e-02 |  3  0.18940  -2.6586e-02
  4  0.19624  -2.8751e-03 |  5  0.19478  -1.5777e-02 |  6  0.19101  -3.9715e-02
  7  0.17748  -2.1294e-03 |  8  0.17352   1.2270e-03 |  9  0.17224  -1.1896e-02
 10  0.14826   7.8181e-03 | 11  0.12462   1.2753e-02 | 12  0.12656  -1.0344e-01
 13  0.10249  -2.2958e-02 | 14  0.05677  -3.0316e-02 | 15 -0.01126   1.3260e-02
 16 -1.90240  -1.7035e-02 | 17 -0.16087  -2.3530e-02 | 18 -0.21612   1.9276e-02
 19 -0.26707  -4.7368e-05 | 20 -0.33474  -6.8415e-05 | 21 -1.15964   1.5098e-04
 22  0.09920  -3.0190e-03 | 23 -0.17603  -9.0593e-07 | 24  0.01114   1.3758e-03
 25  0.08382  -1.1382e-03 | 26  0.12648   5.9601e-03 | 27  0.15291   2.1171e-03
 28  0.15538  -1.3823e-02 | 29  0.14996   8.4866e-03 | 30  0.15177   4.4468e-03
 31  0.15597  -6.5187e-03 | 32  0.14788  -5.7940e-03 | 33  0.12933  -2.5683e-03
 34 -2.11274   2.7762e-03 | 35  0.12254  -1.6827e-02 | 36  0.11948   6.5739e-04
 37  0.08910   1.6867e-02 | 38  0.05229  -1.1581e-02 | 39  0.00759   5.4525e-03
 40 -1.96170   2.2498e-03 | 41 -0.09471  -3.5058e-03 | 42 -0.15350   2.5803e-03
 43 -0.01896   2.0712e-02 | 44 -0.06605   3.7391e-02 | 45 -0.08970   2.7220e-02
 46 -0.16756   2.5750e-02 | 47 -0.18356   2.4117e-02 | 48 -0.14569   2.3505e-02
 49 -0.10800   2.6901e-02 | 50 -0.06496   2.8482e-02 | 51 -0.02808   2.9617e-02
 52  0.01411   3.6532e-02 | 53 -0.00472   2.9217e-02 | 54  0.02988   3.3814e-02
 55  0.02140   2.6294e-02 | 56  0.03660   3.8521e-02 | 57  0.08921   4.1226e-02
 58  0.10957   4.0215e-02 | 59  0.03578   4.8834e-02 | 60 -0.10959   3.2906e-02
 61 -0.07251   3.3079e-02 | 62  0.03641   3.3013e-02 | 63 -0.02366   2.7444e-02
 64 -0.04551   3.4042e-02 | 65 -0.05262   2.2964e-02 | 66 -0.04136   2.6654e-02
 67 -0.06586   2.5337e-02 | 68 -0.05138   2.3480e-02 | 69 -0.07279   2.5135e-02
 70 -0.06103   2.4549e-02 | 71  0.05218   1.6951e-02 | 72  0.04576   2.6413e-02
 73  0.00362   3.0474e-02 | 74 -0.00365   2.5411e-02 | 75  0.09876   2.7855e-02
 76  0.08128   4.3777e-02 | 77 -0.02146   3.3689e-02 | 78 -0.05934   2.7888e-02
 79  0.08383   2.8101e-02 | 80  0.31548   5.4401e-03 | 81  1.02029   5.1616e-02
 82 -0.12525   2.8603e-02 | 83 -0.04298   2.7471e-02 | 84  0.04176   2.9310e-02
 85 -0.03735   1.0490e-02 | 86  0.09485  -8.5244e-03 | 87  0.21435   1.5885e-03
 88 -0.08745  -6.5108e-03 | 89 -0.20751  -1.0701e-02 | 90 -0.15139  -1.4591e-02
 91 -0.04394  -1.5636e-02 | 92 -0.01897  -1.5134e-02 | 93  0.03701  -5.5940e-04
 94  0.16123  -1.0410e-02 | 95  0.01227  -9.6108e-03 | 96 -0.00187  -7.9580e-03
 97  0.01435  -9.2512e-03 | 98  0.09801  -1.5029e-02 | 99  0.08634  -9.6180e-03
100  0.08793  -2.0138e-02 |101  0.10989  -9.7711e-03 |102 -0.07697  -1.0801e-02
103 -0.10207  -1.2659e-02 |104  0.05474  -6.0694e-03 |105  0.03653  -6.8083e-03
106 -0.04786  -8.1986e-03 |107 -0.05976  -5.1009e-03 |108  0.06808  -1.0892e-02
109  0.09995  -2.0154e-02 |110  0.08570  -2.3570e-02 |111  0.00712  -1.6822e-02
112 -0.12849  -1.0078e-02 |113 -0.14083  -1.0647e-02 |114 -0.03670  -1.3195e-02
115  0.11461  -1.5608e-02 |116  0.02086  -1.1166e-02 |117  0.09438  -9.6457e-03
118  0.04364  -1.1456e-02 |119 -0.01236  -9.2123e-03 |120  0.00416   2.9608e-04
121  0.12970  -1.0108e-02 |122  0.20106   7.2177e-03 |123 -0.99905   1.0027e-02
124  0.10785  -1.2531e-02 |125 -0.01650  -1.2909e-02 |126 -0.17376  -9.6369e-03
127 -0.08456  -2.6088e-03 |128  0.03063  -2.6289e-03 |129  0.10114  -2.5987e-03
130  0.16387  -2.5451e-03 |131 -0.12021  -2.5852e-03 |132 -0.06425  -2.6186e-03
133 -0.01583  -2.6311e-03 |134  0.00225  -2.6319e-03 |135  0.12528  -2.5810e-03
136 -0.05595  -2.6218e-03 |137  0.12954  -2.5775e-03 |138  0.07164  -2.6152e-03
139 -0.04495  -2.6254e-03 |140 -0.08284  -2.6097e-03 |141  0.24371  -2.4413e-03
142 -0.08730  -2.6073e-03 |143 -0.05666  -2.6215e-03 |144 -0.00143  -2.6319e-03
145  0.02729  -2.6295e-03 |146 -0.01496  -2.6312e-03 |147  0.10997  -2.5927e-03
148 -0.07741  -2.6125e-03 |149 -0.08705  -2.6074e-03 |150  0.12770  -2.5791e-03
151 -0.21653  -2.4813e-03 |152  0.04397  -2.6256e-03 |153  0.12680  -2.5798e-03
154 -0.49271  -1.8826e-03 |155 -0.07226  -2.6150e-03 |156 -0.03247  -2.6285e-03
157 -0.26158  -2.4130e-03 |158 -0.07415  -2.6141e-03 |159  0.12216  -2.5835e-03
160  0.12059  -2.5848e-03 |161  0.12944  -2.5776e-03 |162  0.12758  -2.5792e-03
163 -0.07416  -2.6141e-03 |164 -0.05775  -2.6211e-03 |165  0.24407  -2.4407e-03
166 -0.03946  -2.6269e-03 |167 -0.00060  -2.6319e-03 |168  0.02685  -2.6296e-03
169  0.02583  -3.6691e-01 |170 -0.02056   6.4628e-02 |171 -0.02221   7.6018e-02
172  0.00136   4.8806e-02 |173  0.04902   3.5618e-02 |174  0.00928   6.1932e-02
175  0.00727   6.9455e-02 |176 -0.01474   4.0083e-02 |177  0.00648   6.7610e-02
178  0.07046   3.5365e-02 |179  0.09197   2.1899e-02 |180  0.08209   6.5063e-02
181  0.02812   3.4817e-02 |182 -0.05215   9.5025e-02 |183 -0.05970   5.3885e-02
184 -0.03974   4.8729e-02 |185 -0.03810  -9.1009e-03 |186 -0.04802   1.2515e-02
187 -0.07122   5.2044e-02 |188 -0.05744   7.0931e-02 |189 -0.00249   8.5010e-02
190  0.00181   6.7786e-02 |191  0.00102   6.1571e-02 |192 -0.00742   5.3923e-02
193 -0.04980   7.0605e-02 |194 -0.10236   6.8537e-02 |195 -0.02771   7.1023e-02
196  0.02963   8.4696e-02 |197 -0.00809   4.8942e-02 |198 -0.02083   2.2745e-02
199 -0.01940   7.4311e-02 |200 -0.01416   6.2324e-02 |201 -0.00371   3.7278e-02
202  0.09119   4.2798e-02 |203  0.08683   7.4204e-02 |204  0.06791   3.8063e-02
205 -0.08142   7.6195e-02 |206 -0.14845   6.8108e-02 |207 -0.16747   6.9911e-02
208 -0.11261   4.4808e-02 |209 -0.07119   5.4897e-02 |210  0.03641   5.0094e-02
211  0.77267   2.1083e-02 |212 -0.05627   1.1964e-01 |213  0.03595   1.9002e-02
214 -0.00833  -5.1402e-09 |215 -0.65595  -3.9953e-03 |216 -0.84555   5.4258e-02
217  0.01740  -1.7055e-01 |218 -0.16317  -1.1258e-02 |219 -0.24936  -1.9371e-02
220 -0.05394  -3.2382e-03 |221  0.03625   6.0354e-03 |222 -0.00160  -1.8308e-03
223  0.00863   1.4848e-03 |224 -0.02864   2.5897e-03 |225 -0.03604   5.0857e-03
226  0.08975  -5.1323e-03 |227  0.07007  -1.3144e-04 |228  0.19539  -2.3942e-03
229  0.10417   8.8395e-03 |230  0.09832  -7.0385e-04 |231  0.04948   4.0534e-03
232  0.05758  -1.5390e-02 |233  0.06402   3.6970e-03 |234  0.12738  -2.6664e-03
235 -0.11615   3.8883e-03 |236 -0.12357   1.1167e-02 |237  0.00598   2.8604e-03
238  0.02563  -2.3658e-03 |239 -0.11254  -5.7751e-03 |240 -0.15101  -4.4735e-03
241 -0.06596  -5.8356e-03 |242  0.01206   5.5058e-03 |243  0.04316   4.1368e-03
244 -0.02346   1.4365e-03 |245 -0.12254   1.5350e-03 |246 -0.23356  -2.3767e-03
247 -0.10356   1.9077e-03 |248  0.00245   6.5360e-04 |249  0.05278  -2.1576e-03
250  0.08309  -4.7262e-04 |251  0.05586  -7.5974e-04 |252 -0.01656   2.3087e-03
253 -0.00234   4.2367e-03 |254  0.13236  -8.4111e-03 |255  0.19823  -7.9064e-03
256  0.23277   4.8936e-03 |257 -0.14571   1.8175e-03 |258  0.09623   3.8896e-01
259  0.14961   3.3919e-02 |260 -0.86789  -9.0708e-03 |261 -0.84439   2.5896e-02
262 -1.20100   3.9010e-03 |263 -0.09750  -7.2756e-02 |264 -0.01794  -7.3588e-02
265 -0.29976  -6.5606e-02 |266  0.45365  -5.5704e-02 |267 -0.08725  -7.2927e-02
268 -0.39359  -5.9990e-02 |269 -0.42626  -5.7723e-02 |270  0.42679  -5.7685e-02
271  0.17863  -7.0738e-02 |272 -0.01276  -7.3603e-02 |273  0.79973  -2.2779e-02
274  0.45597  -5.5528e-02 |275  0.21541  -6.9443e-02 |276 -0.26746  -6.7216e-02
277 -0.56324  -4.6636e-02 |278  0.33941  -6.3400e-02 |279  0.44585  -5.6289e-02
280  0.05342  -7.3358e-02 |281  0.57283  -4.5773e-02 |282 -0.01069  -7.3607e-02
283  0.23757  -6.8551e-02 |284  0.22669  -6.8999e-02 |285 -0.23165  -6.8797e-02
286  0.18166  -7.0641e-02 |287  0.37965  -6.0911e-02 |288 -0.84334  -1.7933e-02
289 -0.37108  -6.1461e-02 |290 -0.39180  -6.0110e-02 |291 -0.56406  -4.6563e-02
292 -0.06437  -7.3241e-02 |293  0.44206  -5.6571e-02 |294 -0.33951  -6.3395e-02
295 -0.22209  -6.9183e-02 |296 -0.20341  -6.9892e-02 |297 -0.37617  -6.1135e-02
298  0.37044  -6.1502e-02 |299 -0.31473  -6.4803e-02 |300 -0.30605  -6.5273e-02
301  0.38288  -6.0700e-02 |302  0.23056  -6.8842e-02 |303  0.47188   2.8815e-01
304  0.08843  -2.1965e-02 |305 -0.90724  -7.3156e-03 |306  0.25191  -3.9473e-03
307 -0.87921   2.7595e-01 |308 -0.52476   3.1520e-02 |
19.61 7.17291 68.8922 45.0935 
11.1747 11.1747 48.9536 49.8775 
6.28681 9.27916 0 1.17129 11.3288 
0 2.00668 0 0 0.443135 19.3597 0 
19.6098 7.17227 68.8929 45.092 
11.1747 11.1747 48.9539 49.8772 
6.28652 9.27866 0 1.17108 11.33 
0 2.00669 0 0 0.443156 19.3608 0 
19.6099 7.1711 68.8924 45.0909 
11.1747 11.1747 48.9545 49.877 
6.28655 9.27851 0 1.17084 11.3312 
0 2.00658 0 0 0.443166 19.3624 0 
19.6102 7.16981 68.8908 45.0898 
11.1748 11.1748 48.9554 49.8768 
6.28675 9.2784 0 1.17033 11.3328 
0 2.00628 0 0 0.443168 19.3647 0 
19.6102 7.16931 68.8896 45.0903 
11.1748 11.1748 48.9557 49.8769 
6.28731 9.27876 0 1.1703 11.333 
0 2.00611 0 0 0.443159 19.365 0 
19.6101 7.16916 68.888 45.0914 
11.1749 11.1749 48.9559 49.8772 
6.28808 9.27923 0 1.17033 11.3328 
0 2.00591 0 0 0.443141 19.3649 0 
19.6096 7.16945 68.8863 45.0933 
11.175 11.175 48.9561 49.8777 
6.28912 9.28001 0 1.17053 11.3319 
0 2.00573 0 0 0.443116 19.3641 0 
19.609 7.17054 68.8852 45.0953 
11.1751 11.1751 48.9562 49.8783 
6.29005 9.2807 0 1.17107 11.3301 
0 2.00572 0 0 0.443095 19.3622 0 
19.6086 7.17188 68.8858 45.0961 
11.175 11.175 48.9563 49.8784 
6.29016 9.28091 0 1.17178 11.3282 
0 2.00603 0 0 0.443097 19.3601 0 
19.6086 7.17377 68.8882 45.0958 
11.1746 11.1746 48.9563 49.8781 
6.28948 9.2805 0 1.17291 11.3258 
0 2.0068 0 0 0.443129 19.3572 0 
308 variables; iteration 500; function evaluation 539; phase 1
Function value   3.0852515e+02; maximum gradient component mag   3.2676e-01
Var   Value    Gradient   |Var   Value    Gradient   |Var   Value    Gradient
  1  0.13541   2.8501e-02 |  2  0.18564   2.8237e-02 |  3  0.18942   8.3285e-03
  4  0.19623   1.1547e-02 |  5  0.19478  -2.2713e-02 |  6  0.19101  -2.6697e-02
  7  0.17748   1.9586e-03 |  8  0.17353   2.1601e-02 |  9  0.17224  -6.7178e-03
 10  0.14826  -3.1300e-03 | 11  0.12461   1.5641e-02 | 12  0.12660  -3.3763e-02
 13  0.10248  -1.3038e-02 | 14  0.05680  -5.0954e-03 | 15 -0.01129   8.1223e-03
 16 -1.90147   4.6300e-03 | 17 -0.15712  -1.6518e-03 | 18 -0.22412   9.1965e-03
 19 -0.26840  -6.7345e-04 | 20 -0.30712   4.0963e-03 | 21 -1.15603   1.4764e-04
 22  0.09921   4.3746e-04 | 23 -0.17602   4.8635e-06 | 24  0.01120   4.1181e-03
 25  0.08383   1.2145e-03 | 26  0.12646  -2.0763e-03 | 27  0.15291   1.6510e-02
 28  0.15537  -8.5343e-03 | 29  0.14994  -1.9775e-03 | 30  0.15176   5.1091e-03
 31  0.15596  -8.8273e-03 | 32  0.14788   1.7358e-02 | 33  0.12928  -4.8508e-02
 34 -2.11272   1.6204e-02 | 35  0.12253  -8.9319e-03 | 36  0.11947   1.4458e-02
 37  0.08909  -1.9186e-02 | 38  0.05225  -3.2016e-03 | 39  0.00761  -3.3828e-03
 40 -1.96169   9.5154e-04 | 41 -0.09481   3.5703e-03 | 42 -0.15329   8.0137e-03
 43 -0.01884  -5.9771e-04 | 44 -0.06640  -1.3596e-02 | 45 -0.08967   7.6638e-03
 46 -0.16755   6.8409e-03 | 47 -0.18352   7.2462e-03 | 48 -0.14568   3.0833e-03
 49 -0.10816  -9.7556e-03 | 50 -0.06498   3.0772e-03 | 51 -0.02808   1.0081e-02
 52  0.01420   2.9043e-02 | 53 -0.00466   2.0823e-02 | 54  0.02992   1.9427e-02
 55  0.02160   1.7454e-02 | 56  0.03645  -2.9607e-04 | 57  0.08926  -1.0498e-02
 58  0.10928  -5.8484e-02 | 59  0.03562  -1.6139e-02 | 60 -0.10954   1.2534e-02
 61 -0.07245   1.4921e-02 | 62  0.03665   2.6840e-02 | 63 -0.02367   1.1117e-02
 64 -0.04551   1.6570e-02 | 65 -0.05265  -3.4605e-04 | 66 -0.04154  -8.7289e-03
 67 -0.06588   2.1489e-03 | 68 -0.05133   7.1872e-03 | 69 -0.07283   8.2087e-03
 70 -0.06107   1.5036e-02 | 71  0.05242   4.3620e-02 | 72  0.04598   5.4032e-02
 73  0.00348   2.5961e-02 | 74 -0.00369   1.9671e-02 | 75  0.09915   4.0703e-02
 76  0.08091  -4.6922e-03 | 77 -0.02151   2.8448e-03 | 78 -0.05923   1.2959e-02
 79  0.08377  -8.7201e-04 | 80  0.31553  -1.0924e-02 | 81  1.01450   3.7269e-02
 82 -0.12532   7.3354e-03 | 83 -0.04299   1.0232e-02 | 84  0.04170   1.0486e-02
 85 -0.03754   2.7312e-02 | 86  0.09490   6.8499e-03 | 87  0.21436   5.1547e-03
 88 -0.08746   1.1139e-02 | 89 -0.20747   1.1558e-02 | 90 -0.15133   9.8629e-03
 91 -0.04388   9.1119e-03 | 92 -0.01888   1.1039e-02 | 93  0.03690   8.0854e-03
 94  0.16128   3.1700e-03 | 95  0.01227   1.1076e-02 | 96 -0.00193   1.0108e-02
 97  0.01437   1.8141e-02 | 98  0.09797   1.7492e-02 | 99  0.08634   3.1957e-02
100  0.08795   1.6497e-02 |101  0.10994   6.9387e-03 |102 -0.07683   9.8556e-03
103 -0.10194   1.1081e-02 |104  0.05470   4.9495e-03 |105  0.03652   1.1043e-02
106 -0.04790   1.3366e-02 |107 -0.05993   8.4464e-03 |108  0.06812   1.6873e-02
109  0.09998   7.4968e-03 |110  0.08572   1.2970e-03 |111  0.00720   1.0072e-02
112 -0.12847   1.2145e-02 |113 -0.14080   1.3773e-02 |114 -0.03666   1.5201e-02
115  0.11463   2.1700e-02 |116  0.02086   1.9599e-02 |117  0.09435   2.6640e-02
118  0.04352   1.7398e-02 |119 -0.01256   1.0403e-02 |120  0.00400   1.4477e-02
121  0.12990   1.3038e-02 |122  0.20098  -1.8985e-02 |123 -1.00289  -3.1263e-02
124  0.10787   1.1242e-02 |125 -0.01645   1.2992e-02 |126 -0.17371   1.4005e-02
127 -0.08486   2.1341e-03 |128  0.03099   2.1507e-03 |129  0.10242   2.1255e-03
130  0.16520   2.0813e-03 |131 -0.12089   2.1145e-03 |132 -0.06433   2.1422e-03
133 -0.01324   2.1528e-03 |134  0.00302   2.1532e-03 |135  0.12504   2.1119e-03
136 -0.05597   2.1449e-03 |137  0.12932   2.1090e-03 |138  0.07165   2.1397e-03
139 -0.04523   2.1478e-03 |140 -0.08306   2.1349e-03 |141  0.24447   1.9966e-03
142 -0.08759   2.1328e-03 |143 -0.05668   2.1447e-03 |144 -0.00101   2.1532e-03
145  0.02681   2.1513e-03 |146 -0.01460   2.1527e-03 |147  0.10956   2.1215e-03
148 -0.07759   2.1372e-03 |149 -0.08735   2.1330e-03 |150  0.12747   2.1103e-03
151 -0.22428   2.0208e-03 |152  0.04336   2.1483e-03 |153  0.12640   2.1110e-03
154 -0.48949   1.5471e-03 |155 -0.07239   2.1393e-03 |156 -0.02982   2.1509e-03
157 -0.25671   1.9804e-03 |158 -0.07444   2.1385e-03 |159  0.12194   2.1139e-03
160  0.12038   2.1149e-03 |161  0.12921   2.1091e-03 |162  0.12673   2.1108e-03
163 -0.07431   2.1385e-03 |164 -0.05778   2.1443e-03 |165  0.23978   2.0025e-03
166 -0.03919   2.1491e-03 |167 -0.00017   2.1532e-03 |168  0.02723   2.1513e-03
169  0.02583   1.0009e-01 |170 -0.02059   2.9273e-02 |171 -0.02221   2.8999e-02
172  0.00137   1.9782e-02 |173  0.04903   3.7173e-02 |174  0.00929   3.4672e-02
175  0.00727   2.9371e-02 |176 -0.01473  -5.5873e-04 |177  0.00649   1.0725e-02
178  0.07047  -4.8640e-02 |179  0.09198  -3.8771e-02 |180  0.08209   5.1215e-02
181  0.02811   4.2236e-02 |182 -0.05225  -1.8087e-02 |183 -0.05972   7.5910e-03
184 -0.03979   2.6441e-02 |185 -0.03811   2.4303e-02 |186 -0.04801   3.5442e-03
187 -0.07120  -8.3307e-03 |188 -0.05743  -6.6680e-03 |189 -0.00249  -3.3008e-03
190  0.00180   2.0041e-02 |191  0.00102   6.4114e-02 |192 -0.00742   4.7057e-02
193 -0.04979   1.1479e-02 |194 -0.10234   1.6074e-02 |195 -0.02770  -9.0321e-03
196  0.02966  -2.5825e-02 |197 -0.00806  -4.6644e-02 |198 -0.02080  -3.6434e-02
199 -0.01942  -3.8414e-03 |200 -0.01416  -6.9370e-04 |201 -0.00370  -1.7451e-02
202  0.09116   3.0687e-02 |203  0.08681   8.9374e-02 |204  0.06791  -1.8913e-02
205 -0.08141   2.1621e-02 |206 -0.14851   1.1652e-02 |207 -0.16745   2.2765e-02
208 -0.11261   7.6084e-03 |209 -0.07120  -8.2137e-04 |210  0.03642   4.7637e-03
211  0.77279   3.0660e-03 |212 -0.05628  -1.1501e-01 |213  0.03594  -6.6570e-02
214 -0.00833  -5.1394e-09 |215 -0.65595   3.0981e-03 |216 -0.84556   4.3292e-02
217  0.01742  -1.3472e-01 |218 -0.16316  -1.2980e-02 |219 -0.24935  -2.6127e-03
220 -0.05394   4.2706e-03 |221  0.03623  -3.5246e-03 |222 -0.00161   2.2587e-03
223  0.00863   1.1376e-02 |224 -0.02863   4.1545e-03 |225 -0.03602   5.3983e-03
226  0.08975   2.0793e-03 |227  0.07005   3.5812e-03 |228  0.19541   2.6785e-03
229  0.10417   1.2108e-02 |230  0.09833   4.9033e-03 |231  0.04949   6.8590e-03
232  0.05758  -1.8981e-02 |233  0.06401  -1.8887e-03 |234  0.12742  -3.0168e-03
235 -0.11615   7.4658e-03 |236 -0.12355   1.2509e-02 |237  0.00598   1.2226e-03
238  0.02562  -1.0001e-03 |239 -0.11254  -8.2643e-04 |240 -0.15102   4.2080e-03
241 -0.06597  -4.4123e-04 |242  0.01207   4.0379e-03 |243  0.04316   4.0555e-03
244 -0.02345   2.2361e-03 |245 -0.12255   2.2334e-03 |246 -0.23357   4.5627e-03
247 -0.10358  -1.5149e-03 |248  0.00246   2.6286e-03 |249  0.05281  -5.7421e-03
250  0.08310  -1.0890e-03 |251  0.05587  -3.3843e-03 |252 -0.01659  -2.4404e-03
253 -0.00243   2.7611e-03 |254  0.13240  -6.2237e-03 |255  0.19827   3.9304e-03
256  0.23274   4.5151e-03 |257 -0.14571   2.9305e-03 |258  0.09622   3.2676e-01
259  0.14961   6.6291e-02 |260 -0.86790  -1.0628e-02 |261 -0.84439   3.3693e-02
262 -1.20072   8.1332e-03 |263 -0.09744  -9.5806e-02 |264 -0.01734  -9.6903e-02
265 -0.29924  -8.6426e-02 |266  0.45231  -7.3484e-02 |267 -0.08578  -9.6061e-02
268 -0.39361  -7.8994e-02 |269 -0.42570  -7.6062e-02 |270  0.42604  -7.6030e-02
271  0.17837  -9.3159e-02 |272 -0.01332  -9.6918e-02 |273  0.79643  -3.0473e-02
274  0.45430  -7.3286e-02 |275  0.21468  -9.1479e-02 |276 -0.26469  -8.8681e-02
277 -0.56267  -6.1477e-02 |278  0.33860  -8.3548e-02 |279  0.44673  -7.4036e-02
280  0.05135  -9.6624e-02 |281  0.57332  -6.0215e-02 |282 -0.01319  -9.6919e-02
283  0.23910  -9.0182e-02 |284  0.22654  -9.0866e-02 |285 -0.23043  -9.0658e-02
286  0.18015  -9.3084e-02 |287  0.38116  -8.0077e-02 |288 -0.84090  -2.3975e-02
289 -0.37338  -8.0739e-02 |290 -0.39373  -7.8983e-02 |291 -0.56271  -6.1472e-02
292 -0.06785  -9.6389e-02 |293  0.44168  -7.4530e-02 |294 -0.33745  -8.3636e-02
295 -0.21787  -9.1318e-02 |296 -0.20314  -9.2046e-02 |297 -0.37728  -8.0409e-02
298  0.37037  -8.0992e-02 |299 -0.31687  -8.5177e-02 |300 -0.30587  -8.5964e-02
301  0.38390  -7.9841e-02 |302  0.23399  -9.0465e-02 |303  0.47188   2.6132e-01
304  0.08839  -2.6835e-02 |305 -0.90722   1.8003e-01 |306  0.25192  -4.7361e-03
307 -0.87922   8.7617e-02 |308 -0.52475   5.3526e-03 |
19.6093 7.17467 68.8909 45.0945 
11.1741 11.1741 48.956 49.8775 
6.28836 9.27974 0 1.17369 11.3247 
0 2.00754 0 0 0.443175 19.3554 0 
19.6105 7.17464 68.8934 45.0928 
11.1737 11.1737 48.9556 49.8765 
6.28713 9.27877 0 1.17407 11.3247 
0 2.00817 0 0 0.44323 19.3548 0 
19.6121 7.17358 68.8948 45.0914 
11.1735 11.1735 48.9551 49.8752 
6.28623 9.27798 0 1.17391 11.3258 
0 2.00846 0 0 0.44328 19.3554 0 
19.6132 7.17188 68.8942 45.0913 
11.1739 11.1739 48.9546 49.874 
6.28612 9.27772 0 1.1731 11.3276 
0 2.0082 0 0 0.443305 19.3572 0 
19.6131 7.17082 68.8919 45.0927 
11.1747 11.1747 48.9543 49.8735 
6.28693 9.27825 0 1.17208 11.329 
0 2.00749 0 0 0.443289 19.3591 0 
19.612 7.17112 68.89 45.0937 
11.1753 11.1753 48.9545 49.8736 
6.28774 9.27891 0 1.17147 11.329 
0 2.0069 0 0 0.443257 19.3602 0 
19.6107 7.17208 68.889 45.0942 
11.1755 11.1755 48.9548 49.8739 
6.28833 9.27941 0 1.17121 11.3284 
0 2.00656 0 0 0.443232 19.3608 0 
19.6097 7.17322 68.8888 45.094 
11.1753 11.1753 48.955 49.8741 
6.28866 9.27968 0 1.17112 11.3276 
0 2.00643 0 0 0.443218 19.3614 0 
19.609 7.17431 68.8891 45.0931 
11.1749 11.1749 48.9551 49.8743 
6.28882 9.27975 0 1.17112 11.3267 
0 2.00648 0 0 0.443216 19.3621 0 
19.6089 7.17472 68.8897 45.0921 
11.1743 11.1743 48.955 49.8744 
6.28884 9.27962 0 1.17114 11.3263 
0 2.00665 0 0 0.443223 19.3627 0 
308 variables; iteration 510; function evaluation 549; phase 1
Function value   3.0852477e+02; maximum gradient component mag  -1.1610e-01
Var   Value    Gradient   |Var   Value    Gradient   |Var   Value    Gradient
  1  0.13539   1.2205e-02 |  2  0.18567   1.3549e-02 |  3  0.18942  -1.2652e-02
  4  0.19623   7.8410e-03 |  5  0.19480   2.5581e-02 |  6  0.19102   1.1234e-02
  7  0.17749   1.2548e-02 |  8  0.17353   2.5525e-03 |  9  0.17225   2.7503e-03
 10  0.14828   8.2963e-03 | 11  0.12461  -2.6718e-03 | 12  0.12662   3.9392e-03
 13  0.10248  -4.4899e-03 | 14  0.05678  -8.6576e-03 | 15 -0.01134   5.1267e-03
 16 -1.90166  -7.1181e-04 | 17 -0.15404   1.8346e-02 | 18 -0.23546  -2.0509e-03
 19 -0.26739  -1.8532e-04 | 20 -0.32876   6.4378e-04 | 21 -1.17429   1.6433e-04
 22  0.09919   1.3870e-03 | 23 -0.17604   6.4254e-06 | 24  0.01110   1.2027e-03
 25  0.08378  -1.5522e-03 | 26  0.12643   2.9367e-05 | 27  0.15287   8.1873e-04
 28  0.15535   8.0199e-03 | 29  0.14990  -3.3683e-03 | 30  0.15172  -2.3588e-03
 31  0.15592   3.2090e-03 | 32  0.14785   1.3324e-02 | 33  0.12927  -1.0079e-02
 34 -2.11271  -6.5688e-03 | 35  0.12249  -3.8513e-03 | 36  0.11943   1.8673e-02
 37  0.08903   8.3099e-04 | 38  0.05217   1.1613e-02 | 39  0.00760  -5.3727e-04
 40 -1.96162  -1.1164e-04 | 41 -0.09477   4.7555e-04 | 42 -0.15360   2.1484e-03
 43 -0.01876  -2.7463e-03 | 44 -0.06632  -9.2582e-03 | 45 -0.08972   1.1293e-03
 46 -0.16759   1.7549e-04 | 47 -0.18355   2.0014e-03 | 48 -0.14567   1.5067e-03
 49 -0.10803  -2.5726e-03 | 50 -0.06495   8.9599e-04 | 51 -0.02806   2.7509e-03
 52  0.01405   1.9366e-03 | 53 -0.00469  -7.2785e-04 | 54  0.02984  -2.3960e-03
 55  0.02151  -8.8334e-04 | 56  0.03654  -1.8800e-03 | 57  0.08915  -2.8581e-03
 58  0.10957  -7.2696e-03 | 59  0.03568  -9.5421e-04 | 60 -0.10959   1.5977e-03
 61 -0.07251   1.1079e-04 | 62  0.03647  -1.0171e-03 | 63 -0.02363   2.4559e-03
 64 -0.04561   3.4328e-03 | 65 -0.05259   3.7076e-03 | 66 -0.04134   7.0660e-03
 67 -0.06583   7.0526e-03 | 68 -0.05135   5.1725e-03 | 69 -0.07283   3.0902e-03
 70 -0.06106   3.4032e-03 | 71  0.05222   1.9022e-03 | 72  0.04582   1.2064e-02
 73  0.00362   9.9933e-03 | 74 -0.00361   5.2203e-03 | 75  0.09889   5.9469e-03
 76  0.08113   1.9521e-03 | 77 -0.02154  -6.3482e-04 | 78 -0.05934   1.8644e-03
 79  0.08384   6.2451e-03 | 80  0.31550   8.4161e-03 | 81  1.00531   1.3682e-02
 82 -0.12532   7.0100e-04 | 83 -0.04302   1.4115e-03 | 84  0.04165   9.4640e-04
 85 -0.03852  -1.9773e-02 | 86  0.09509  -1.6960e-03 | 87  0.21440  -2.4370e-03
 88 -0.08745   5.9614e-04 | 89 -0.20746   1.6678e-03 | 90 -0.15130   1.7198e-03
 91 -0.04383   3.4468e-03 | 92 -0.01889   3.4278e-03 | 93  0.03695   5.6479e-03
 94  0.16126  -1.8857e-03 | 95  0.01227   1.6546e-03 | 96 -0.00189   1.1768e-03
 97  0.01435   5.2383e-03 | 98  0.09804   5.6772e-03 | 99  0.08634   6.4443e-03
100  0.08798   5.3347e-03 |101  0.10989   5.8031e-03 |102 -0.07690   3.6965e-03
103 -0.10200   2.9952e-03 |104  0.05470   1.0920e-03 |105  0.03657   2.1988e-03
106 -0.04779   2.6263e-03 |107 -0.05980   4.7674e-04 |108  0.06812   3.9126e-03
109  0.09997   5.3206e-03 |110  0.08577   7.3858e-03 |111  0.00722   6.1390e-03
112 -0.12848   4.8157e-03 |113 -0.14085   4.4300e-03 |114 -0.03669   4.9150e-03
115  0.11466   7.9030e-03 |116  0.02087   2.1473e-03 |117  0.09437   5.6644e-03
118  0.04363   3.8006e-03 |119 -0.01238   1.8417e-04 |120  0.00407   2.8867e-03
121  0.12985   7.2893e-03 |122  0.20100   9.0453e-03 |123 -0.99937   6.4020e-03
124  0.10790   7.4408e-03 |125 -0.01649   2.7098e-03 |126 -0.17374   3.0031e-03
127 -0.08477   3.1909e-03 |128  0.03035   3.2158e-03 |129  0.10286   3.1775e-03
130  0.16692   3.1095e-03 |131 -0.11988   3.1624e-03 |132 -0.06465   3.2028e-03
133 -0.01295   3.2187e-03 |134  0.00264   3.2194e-03 |135  0.12538   3.1573e-03
136 -0.05643   3.2067e-03 |137  0.12974   3.1529e-03 |138  0.07118   3.1994e-03
139 -0.04618   3.2109e-03 |140 -0.08295   3.1921e-03 |141  0.24784   2.9787e-03
142 -0.08736   3.1891e-03 |143 -0.05714   3.2064e-03 |144 -0.00163   3.2194e-03
145  0.02565   3.2168e-03 |146 -0.01519   3.2185e-03 |147  0.10954   3.1719e-03
148 -0.07762   3.1955e-03 |149 -0.08715   3.1892e-03 |150  0.12785   3.1548e-03
151 -0.22270   3.0243e-03 |152  0.04228   3.2123e-03 |153  0.12670   3.1559e-03
154 -0.49004   2.3114e-03 |155 -0.07255   3.1985e-03 |156 -0.02945   3.2160e-03
157 -0.25290   2.9686e-03 |158 -0.07470   3.1972e-03 |159  0.12222   3.1603e-03
160  0.12064   3.1619e-03 |161  0.12963   3.1530e-03 |162  0.12276   3.1598e-03
163 -0.07442   3.1974e-03 |164 -0.05822   3.2059e-03 |165  0.23897   2.9954e-03
166 -0.03959   3.2132e-03 |167 -0.00079   3.2194e-03 |168  0.02658   3.2166e-03
169  0.02583  -1.1610e-01 |170 -0.02058   1.0300e-02 |171 -0.02222  -3.8179e-03
172  0.00136  -9.8502e-04 |173  0.04901  -6.9796e-03 |174  0.00928   1.1158e-02
175  0.00725   1.5616e-02 |176 -0.01472   9.5872e-03 |177  0.00647  -8.6322e-03
178  0.07046   2.5125e-03 |179  0.09196   5.0501e-03 |180  0.08208   2.1573e-02
181  0.02811  -7.5121e-04 |182 -0.05218   2.0673e-02 |183 -0.05971  -4.5450e-03
184 -0.03976  -6.8342e-03 |185 -0.03811   2.2352e-03 |186 -0.04804   9.4468e-05
187 -0.07122   1.1297e-02 |188 -0.05744   6.3043e-03 |189 -0.00250  -1.5121e-02
190  0.00179  -1.6923e-02 |191  0.00101   2.6455e-03 |192 -0.00742  -7.5675e-03
193 -0.04981  -1.0425e-02 |194 -0.10234   2.6509e-03 |195 -0.02771  -1.0385e-02
196  0.02963   1.1792e-02 |197 -0.00809  -1.8405e-03 |198 -0.02081  -1.2982e-02
199 -0.01942  -6.5722e-04 |200 -0.01416   8.5018e-03 |201 -0.00368   6.0503e-03
202  0.09116  -4.5314e-04 |203  0.08680   1.7055e-02 |204  0.06791   2.1914e-03
205 -0.08154  -9.2224e-03 |206 -0.14840   1.2180e-03 |207 -0.16752  -5.1314e-03
208 -0.11260   1.4750e-02 |209 -0.07120   5.6920e-03 |210  0.03642   6.8050e-03
211  0.77349   1.1277e-03 |212 -0.05626   1.7126e-02 |213  0.03594   2.6323e-02
214 -0.00833  -5.1384e-09 |215 -0.65600   1.2121e-02 |216 -0.84565  -2.2879e-03
217  0.01753   2.8282e-03 |218 -0.16319   1.0716e-02 |219 -0.24942   5.1711e-03
220 -0.05392   3.3535e-04 |221  0.03627  -4.6348e-04 |222 -0.00159   9.0630e-04
223  0.00864   9.8733e-03 |224 -0.02864   6.5499e-04 |225 -0.03604  -9.6795e-04
226  0.08974  -2.1941e-03 |227  0.07006  -7.7027e-04 |228  0.19541   1.3797e-03
229  0.10415   2.6822e-03 |230  0.09830   1.0967e-03 |231  0.04946  -1.4621e-03
232  0.05759  -3.9743e-03 |233  0.06400  -1.6695e-03 |234  0.12740  -4.9955e-04
235 -0.11617   1.3525e-03 |236 -0.12358   1.7728e-03 |237  0.00597  -7.7120e-04
238  0.02564  -2.1184e-03 |239 -0.11252   1.5951e-03 |240 -0.15101   2.0126e-03
241 -0.06597   8.9573e-04 |242  0.01207   2.1015e-03 |243  0.04318  -1.0545e-03
244 -0.02340   1.6966e-04 |245 -0.12254  -2.7732e-03 |246 -0.23360  -3.0160e-03
247 -0.10361  -2.2005e-03 |248  0.00245  -1.4426e-03 |249  0.05282  -1.5924e-03
250  0.08311   1.3811e-03 |251  0.05586  -1.5038e-03 |252 -0.01656  -1.2086e-04
253 -0.00237   1.9913e-03 |254  0.13242   1.0168e-03 |255  0.19826   1.4152e-03
256  0.23274   6.0837e-04 |257 -0.14572  -2.4029e-03 |258  0.09620  -5.2312e-02
259  0.14960   9.9715e-04 |260 -0.86790   5.8761e-03 |261 -0.84439   4.5369e-03
262 -1.19966   6.8117e-03 |263 -0.09641  -1.4756e-02 |264 -0.01564  -1.4922e-02
265 -0.29782  -1.3323e-02 |266  0.45377  -1.1293e-02 |267 -0.08456  -1.4795e-02
268 -0.39258  -1.2177e-02 |269 -0.42752  -1.1686e-02 |270  0.42559  -1.1714e-02
271  0.17503  -1.4366e-02 |272 -0.01541  -1.4922e-02 |273  0.79436  -4.7381e-03
274  0.45520  -1.1271e-02 |275  0.21054  -1.4118e-02 |276 -0.26644  -1.3638e-02
277 -0.56133  -9.4906e-03 |278  0.33804  -1.2871e-02 |279  0.44484  -1.1429e-02
280  0.04907  -1.4882e-02 |281  0.57168  -9.3021e-03 |282 -0.01579  -1.4922e-02
283  0.24152  -1.3865e-02 |284  0.22781  -1.3981e-02 |285 -0.23045  -1.3959e-02
286  0.17660  -1.4356e-02 |287  0.38266  -1.2310e-02 |288 -0.83910  -3.7327e-03
289 -0.37755  -1.2378e-02 |290 -0.39681  -1.2120e-02 |291 -0.56582  -9.4091e-03
292 -0.06721  -1.4844e-02 |293  0.44395  -1.1442e-02 |294 -0.33375  -1.2922e-02
295 -0.21310  -1.4098e-02 |296 -0.20472  -1.4162e-02 |297 -0.37739  -1.2380e-02
298  0.37083  -1.2465e-02 |299 -0.31348  -1.3153e-02 |300 -0.30490  -1.3247e-02
301  0.38917  -1.2223e-02 |302  0.23568  -1.3915e-02 |303  0.47186  -4.5864e-02
304  0.08845  -8.8220e-03 |305 -0.90724  -1.0065e-01 |306  0.25189  -3.3774e-03
307 -0.87921   1.6377e-02 |308 -0.52475  -4.4378e-03 |
19.6093 7.17455 68.8901 45.0915 
11.1738 11.1738 48.9548 49.8745 
6.28884 9.27946 0 1.17112 11.3263 
0 2.00683 0 0 0.443232 19.3631 0 
19.6098 7.17399 68.8902 45.0914 
11.1735 11.1735 48.9545 49.8746 
6.28891 9.27935 0 1.17106 11.3266 
0 2.00698 0 0 0.443237 19.3633 0 
19.6101 7.17327 68.8901 45.0919 
11.1735 11.1735 48.9543 49.8747 
6.28903 9.27933 0 1.17096 11.3269 
0 2.00704 0 0 0.443233 19.3632 0 
19.6102 7.17275 68.8897 45.0928 
11.1738 11.1738 48.9543 49.8748 
6.28911 9.27938 0 1.1709 11.3273 
0 2.00699 0 0 0.443223 19.3627 0 
19.61 7.17252 68.8894 45.0936 
11.1743 11.1743 48.9545 49.8749 
6.28907 9.27942 0 1.17094 11.3275 
0 2.0069 0 0 0.443213 19.362 0 
19.6097 7.17247 68.8891 45.0941 
11.1749 11.1749 48.9549 49.8748 
6.28892 9.27941 0 1.1711 11.3277 
0 2.00679 0 0 0.443204 19.3612 0 
19.6096 7.17253 68.8891 45.0943 
11.1755 11.1755 48.9553 49.8747 
6.2886 9.27935 0 1.1714 11.3279 
0 2.00669 0 0 0.4432 19.3602 0 
19.6098 7.17264 68.8893 45.0939 
11.1758 11.1758 48.9555 49.8748 
6.28822 9.27924 0 1.17177 11.3281 
0 2.00664 0 0 0.443202 19.3595 0 
19.6104 7.17273 68.8898 45.0933 
11.1756 11.1756 48.9554 49.8749 
6.28797 9.27919 0 1.17213 11.3281 
0 2.00665 0 0 0.44321 19.3591 0 
19.6111 7.17276 68.8903 45.0926 
11.175 11.175 48.955 49.8752 
6.2879 9.27922 0 1.17228 11.328 
0 2.00671 0 0 0.443216 19.3593 0 
308 variables; iteration 520; function evaluation 559; phase 1
Function value   3.0852472e+02; maximum gradient component mag   1.6561e-01
Var   Value    Gradient   |Var   Value    Gradient   |Var   Value    Gradient
  1  0.13516  -8.6687e-03 |  2  0.18568   2.3324e-03 |  3  0.18941  -1.5416e-02
  4  0.19623  -4.1333e-03 |  5  0.19479   1.5474e-02 |  6  0.19102   2.9718e-03
  7  0.17749   2.0841e-03 |  8  0.17352  -1.2189e-02 |  9  0.17224  -9.6757e-03
 10  0.14827  -1.3597e-03 | 11  0.12460  -8.0325e-03 | 12  0.12661   1.5207e-03
 13  0.10247  -7.2630e-03 | 14  0.05680   1.5019e-04 | 15 -0.01136  -1.9340e-03
 16 -1.90171   4.2061e-04 | 17 -0.15599   5.0832e-03 | 18 -0.23716  -3.5962e-03
 19 -0.26666   1.0159e-04 | 20 -0.34271  -8.5324e-04 | 21 -1.18325   1.7245e-04
 22  0.09920   1.3866e-03 | 23 -0.17603   5.6459e-06 | 24  0.01112   1.0126e-03
 25  0.08380  -4.4005e-04 | 26  0.12645  -1.1833e-03 | 27  0.15288  -4.9565e-03
 28  0.15536   6.9628e-03 | 29  0.14992   1.3817e-03 | 30  0.15174   1.3476e-03
 31  0.15594  -6.2437e-03 | 32  0.14786   7.8100e-03 | 33  0.12931   1.6294e-02
 34 -2.11273  -3.2764e-03 | 35  0.12251  -4.3110e-03 | 36  0.11946   7.1507e-03
 37  0.08906   6.1812e-03 | 38  0.05221   7.7666e-03 | 39  0.00763   3.0845e-05
 40 -1.96164  -1.4101e-03 | 41 -0.09471  -2.2314e-03 | 42 -0.15360   1.0348e-03
 43 -0.01881  -2.4843e-03 | 44 -0.06623  -3.8331e-03 | 45 -0.08976  -3.6265e-03
 46 -0.16757  -3.5970e-04 | 47 -0.18354  -2.1204e-04 | 48 -0.14567  -1.0602e-03
 49 -0.10797   2.7103e-04 | 50 -0.06497  -4.2168e-03 | 51 -0.02810  -4.6261e-03
 52  0.01398  -1.0351e-02 | 53 -0.00464  -6.3531e-03 | 54  0.02980  -1.3621e-02
 55  0.02157  -2.4498e-03 | 56  0.03649  -7.2309e-03 | 57  0.08910  -9.3102e-03
 58  0.10964  -9.0450e-03 | 59  0.03561  -1.0423e-02 | 60 -0.10959  -6.1160e-04
 61 -0.07250  -1.2885e-04 | 62  0.03654   3.6078e-03 | 63 -0.02365  -8.8498e-04
 64 -0.04559   1.5186e-03 | 65 -0.05262  -3.3951e-03 | 66 -0.04142  -5.3597e-03
 67 -0.06586  -2.6133e-03 | 68 -0.05133  -7.7203e-04 | 69 -0.07280  -5.7313e-04
 70 -0.06103   6.7327e-04 | 71  0.05234   1.4493e-03 | 72  0.04565  -9.3650e-03
 73  0.00357  -2.0091e-03 | 74 -0.00358   1.0289e-03 | 75  0.09892   3.7870e-03
 76  0.08110   2.1551e-03 | 77 -0.02149   2.8947e-03 | 78 -0.05925   7.4368e-03
 79  0.08376   1.4710e-03 | 80  0.31552   7.6915e-03 | 81  1.00278   7.0928e-03
 82 -0.12530  -3.4054e-04 | 83 -0.04300   4.6550e-04 | 84  0.04166  -3.5504e-04
 85 -0.03811  -1.0178e-02 | 86  0.09501  -4.9170e-03 | 87  0.21437  -2.4669e-03
 88 -0.08748  -2.6218e-03 | 89 -0.20747  -1.5222e-03 | 90 -0.15129  -1.7095e-03
 91 -0.04385  -2.4366e-03 | 92 -0.01890  -1.5414e-03 | 93  0.03690  -9.7821e-04
 94  0.16128  -1.6216e-03 | 95  0.01226  -4.1461e-03 | 96 -0.00191  -5.6592e-03
 97  0.01436   6.0953e-04 | 98  0.09801  -2.6462e-03 | 99  0.08634  -9.2275e-04
100  0.08799   1.8989e-03 |101  0.10986  -1.5604e-04 |102 -0.07692  -6.8520e-04
103 -0.10199  -1.6328e-03 |104  0.05473  -3.6329e-03 |105  0.03655  -2.2420e-03
106 -0.04783  -1.8334e-03 |107 -0.05983  -3.6346e-03 |108  0.06809   8.9642e-04
109  0.09998   1.4534e-03 |110  0.08578  -1.0757e-03 |111  0.00720  -2.6752e-03
112 -0.12850  -2.2586e-03 |113 -0.14086  -1.8036e-03 |114 -0.03671  -2.2315e-03
115  0.11465  -2.2907e-03 |116  0.02091  -1.8672e-03 |117  0.09436  -2.0080e-03
118  0.04365  -1.0919e-03 |119 -0.01229  -7.7768e-04 |120  0.00411   5.5545e-04
121  0.12974   3.4367e-04 |122  0.20105   3.0817e-02 |123 -0.99993  -2.6590e-03
124  0.10787   1.2548e-04 |125 -0.01648  -1.5798e-03 |126 -0.17375  -1.6466e-03
127 -0.08468   1.5373e-03 |128  0.02994   1.5493e-03 |129  0.10271   1.5309e-03
130  0.16737   1.4978e-03 |131 -0.11873   1.5240e-03 |132 -0.06483   1.5429e-03
133 -0.01371   1.5507e-03 |134  0.00231   1.5510e-03 |135  0.12579   1.5209e-03
136 -0.05670   1.5448e-03 |137  0.13017   1.5188e-03 |138  0.07103   1.5414e-03
139 -0.04667   1.5468e-03 |140 -0.08286   1.5378e-03 |141  0.24941   1.4337e-03
142 -0.08720   1.5364e-03 |143 -0.05740   1.5447e-03 |144 -0.00207   1.5510e-03
145  0.02515   1.5498e-03 |146 -0.01563   1.5505e-03 |147  0.10980   1.5281e-03
148 -0.07762   1.5395e-03 |149 -0.08700   1.5365e-03 |150  0.12828   1.5197e-03
151 -0.22046   1.4588e-03 |152  0.04189   1.5477e-03 |153  0.12711   1.5203e-03
154 -0.49161   1.1107e-03 |155 -0.07262   1.5409e-03 |156 -0.03019   1.5493e-03
157 -0.25213   1.4308e-03 |158 -0.07481   1.5403e-03 |159  0.12260   1.5224e-03
160  0.12101   1.5232e-03 |161  0.13006   1.5188e-03 |162  0.12090   1.5232e-03
163 -0.07447   1.5404e-03 |164 -0.05847   1.5444e-03 |165  0.23958   1.4426e-03
166 -0.03976   1.5480e-03 |167 -0.00124   1.5510e-03 |168  0.02617   1.5497e-03
169  0.02583   1.6561e-01 |170 -0.02055   3.1268e-02 |171 -0.02223  -9.7161e-03
172  0.00136  -1.0807e-02 |173  0.04902  -4.5017e-03 |174  0.00928   2.4482e-03
175  0.00725  -1.5211e-03 |176 -0.01473   3.9458e-03 |177  0.00646  -1.4336e-02
178  0.07046   4.6449e-03 |179  0.09196   2.1206e-02 |180  0.08207   1.0141e-02
181  0.02812  -1.2030e-02 |182 -0.05224  -4.3125e-02 |183 -0.05970  -1.3559e-02
184 -0.03976   7.6328e-03 |185 -0.03810   1.7060e-02 |186 -0.04804  -6.5175e-03
187 -0.07122  -1.2773e-02 |188 -0.05744  -1.7113e-02 |189 -0.00250  -1.9527e-02
190  0.00179  -4.7292e-03 |191  0.00101   1.1937e-02 |192 -0.00743   2.9305e-03
193 -0.04980  -1.3816e-03 |194 -0.10235  -9.4223e-03 |195 -0.02771  -2.0132e-02
196  0.02963  -2.0904e-03 |197 -0.00809  -7.4033e-03 |198 -0.02082  -1.9744e-03
199 -0.01942   1.5766e-02 |200 -0.01416  -1.0322e-02 |201 -0.00368  -6.6619e-03
202  0.09116  -3.4068e-02 |203  0.08680  -1.8405e-02 |204  0.06791  -9.6872e-03
205 -0.08151  -1.3312e-02 |206 -0.14843  -8.8026e-03 |207 -0.16750  -1.1344e-02
208 -0.11260  -2.5236e-03 |209 -0.07120  -7.5858e-03 |210  0.03641  -7.5799e-03
211  0.77359  -2.5522e-03 |212 -0.05627  -1.1027e-01 |213  0.03595   5.8590e-02
214 -0.00833  -5.1379e-09 |215 -0.65598   1.3467e-02 |216 -0.84562  -9.0421e-03
217  0.01750   3.9970e-05 |218 -0.16319   3.8406e-03 |219 -0.24940  -1.6998e-03
220 -0.05393  -3.0761e-03 |221  0.03626   2.9200e-03 |222 -0.00161  -4.0757e-03
223  0.00864   2.3003e-03 |224 -0.02864  -2.7822e-04 |225 -0.03603  -1.0376e-03
226  0.08975  -3.8827e-04 |227  0.07006  -3.1537e-03 |228  0.19541  -1.3569e-03
229  0.10414  -1.2779e-03 |230  0.09830   1.1924e-04 |231  0.04945  -4.5600e-03
232  0.05759   2.1887e-03 |233  0.06400  -1.7063e-03 |234  0.12740  -9.5939e-04
235 -0.11618  -2.6094e-03 |236 -0.12359  -4.6776e-03 |237  0.00598   2.8408e-04
238  0.02565  -5.6093e-04 |239 -0.11252   1.4271e-03 |240 -0.15101  -1.6803e-04
241 -0.06597  -1.3951e-03 |242  0.01206  -4.5027e-03 |243  0.04318  -1.6514e-03
244 -0.02341   7.7211e-04 |245 -0.12253   1.0119e-03 |246 -0.23359   1.6672e-04
247 -0.10359   1.0268e-03 |248  0.00245  -2.9636e-04 |249  0.05281   7.7384e-06
250  0.08310   6.6349e-04 |251  0.05586  -1.4232e-03 |252 -0.01654  -5.0326e-04
253 -0.00233   1.1594e-03 |254  0.13239  -4.3220e-04 |255  0.19825  -1.7227e-03
256  0.23276  -2.4564e-03 |257 -0.14572  -1.0735e-03 |258  0.09621   7.9232e-03
259  0.14960  -2.0543e-03 |260 -0.86790  -1.0667e-03 |261 -0.84439   5.2441e-03
262 -1.19995   3.0769e-03 |263 -0.09599  -3.2860e-03 |264 -0.01495  -3.3228e-03
265 -0.29821  -2.9657e-03 |266  0.45380  -2.5144e-03 |267 -0.08432  -3.2946e-03
268 -0.39341  -2.7091e-03 |269 -0.42774  -2.6013e-03 |270  0.42669  -2.6047e-03
271  0.17371  -3.2007e-03 |272 -0.01681  -3.3226e-03 |273  0.79409  -1.0563e-03
274  0.45544  -2.5088e-03 |275  0.20963  -3.1451e-03 |276 -0.26718  -3.0353e-03
277 -0.56064  -2.1161e-03 |278  0.33792  -2.8664e-03 |279  0.44433  -2.5465e-03
280  0.04907  -3.3138e-03 |281  0.57175  -2.0710e-03 |282 -0.01648  -3.3226e-03
283  0.24174  -3.0869e-03 |284  0.22826  -3.1123e-03 |285 -0.23034  -3.1085e-03
286  0.17643  -3.1969e-03 |287  0.38261  -2.7413e-03 |288 -0.83897  -8.3196e-04
289 -0.37935  -2.7509e-03 |290 -0.39753  -2.6965e-03 |291 -0.56704  -2.0902e-03
292 -0.06645  -3.3056e-03 |293  0.44491  -2.5445e-03 |294 -0.33317  -2.8789e-03
295 -0.21257  -3.1402e-03 |296 -0.20475  -3.1533e-03 |297 -0.37706  -2.7576e-03
298  0.37099  -2.7751e-03 |299 -0.31243  -2.9314e-03 |300 -0.30471  -2.9502e-03
301  0.39079  -2.7169e-03 |302  0.23652  -3.0969e-03 |303  0.47186   3.9672e-03
304  0.08843  -2.2392e-03 |305 -0.90724  -2.9397e-02 |306  0.25190  -3.3879e-03
307 -0.87921   1.1336e-03 |308 -0.52476  -8.4565e-03 |
19.6116 7.17277 68.8906 45.0924 
11.1744 11.1744 48.9544 49.8755 
6.28813 9.27934 0 1.17223 11.3276 
0 2.00678 0 0 0.443217 19.3596 0 
19.6118 7.17273 68.8907 45.0925 
11.1739 11.1739 48.9539 49.8759 
6.28843 9.27949 0 1.17192 11.3273 
0 2.00682 0 0 0.443208 19.3602 0 
19.6114 7.17269 68.8905 45.0929 
11.1739 11.1739 48.9538 49.8761 
6.28866 9.27955 0 1.1715 11.3271 
0 2.00682 0 0 0.443193 19.3608 0 
19.6107 7.17259 68.8902 45.0932 
11.1742 11.1742 48.9541 49.8761 
6.28866 9.27948 0 1.17117 11.3273 
0 2.00678 0 0 0.443182 19.3612 0 
19.6103 7.17247 68.89 45.0931 
11.1745 11.1745 48.9544 49.8759 
6.28855 9.27933 0 1.17102 11.3277 
0 2.00675 0 0 0.443179 19.3614 0 
19.6101 7.17232 68.89 45.0929 
11.1746 11.1746 48.9546 49.8758 
6.28847 9.27922 0 1.17098 11.3281 
0 2.00673 0 0 0.443181 19.3616 0 
19.6101 7.17219 68.8899 45.0927 
11.1746 11.1746 48.9547 49.8758 
6.28846 9.27916 0 1.17099 11.3284 
0 2.00671 0 0 0.443184 19.3618 0 
19.6101 7.17206 68.8899 45.0925 
11.1746 11.1746 48.9546 49.8758 
6.28851 9.27915 0 1.17099 11.3287 
0 2.00671 0 0 0.443187 19.3619 0 
19.6101 7.17197 68.8898 45.0924 
11.1745 11.1745 48.9545 49.8758 
6.28863 9.27917 0 1.17099 11.3289 
0 2.0067 0 0 0.443189 19.3621 0 
19.6101 7.17196 68.8897 45.0925 
11.1744 11.1744 48.9543 49.8758 
6.28881 9.27922 0 1.17099 11.329 
0 2.00669 0 0 0.443188 19.3622 0 
308 variables; iteration 530; function evaluation 569; phase 1
Function value   3.0852470e+02; maximum gradient component mag  -4.0835e-02
Var   Value    Gradient   |Var   Value    Gradient   |Var   Value    Gradient
  1  0.13534   3.9244e-03 |  2  0.18567   7.0787e-05 |  3  0.18943  -1.1941e-03
  4  0.19624  -7.9591e-03 |  5  0.19480  -6.0639e-03 |  6  0.19102  -9.6695e-03
  7  0.17749  -8.8746e-04 |  8  0.17353  -3.4043e-03 |  9  0.17225  -3.2233e-03
 10  0.14827   8.7613e-04 | 11  0.12461  -4.0620e-04 | 12  0.12662  -3.6898e-03
 13  0.10248  -1.1928e-03 | 14  0.05681   3.0707e-03 | 15 -0.01133   4.7002e-04
 16 -1.90177   4.4200e-05 | 17 -0.15708  -1.9299e-03 | 18 -0.23735  -3.7934e-03
 19 -0.26618   3.0251e-04 | 20 -0.33454  -4.5139e-05 | 21 -1.18446   1.7355e-04
 22  0.09920  -5.7778e-04 | 23 -0.17603   6.0255e-07 | 24  0.01110  -9.1538e-05
 25  0.08381  -7.0754e-04 | 26  0.12646   4.0442e-04 | 27  0.15290   1.5928e-03
 28  0.15537   2.2350e-04 | 29  0.14993  -1.4728e-03 | 30  0.15175   1.8259e-03
 31  0.15595  -1.1112e-03 | 32  0.14787  -3.3142e-04 | 33  0.12931  -9.7097e-04
 34 -2.11273  -1.8556e-03 | 35  0.12252   1.0088e-03 | 36  0.11946  -2.0724e-04
 37  0.08907  -1.1910e-03 | 38  0.05222   1.1126e-03 | 39  0.00764  -1.0388e-03
 40 -1.96164   1.3222e-04 | 41 -0.09472  -3.2404e-04 | 42 -0.15364  -3.2075e-04
 43 -0.01877   4.6885e-03 | 44 -0.06617   5.6941e-03 | 45 -0.08974   2.3840e-03
 46 -0.16758   3.0751e-03 | 47 -0.18356   2.6182e-03 | 48 -0.14568   2.8376e-03
 49 -0.10799   3.7693e-03 | 50 -0.06495   3.2042e-03 | 51 -0.02809   3.6416e-03
 52  0.01401   3.2637e-03 | 53 -0.00464   6.5492e-03 | 54  0.02987   5.7744e-03
 55  0.02151   6.8907e-03 | 56  0.03652   5.1660e-03 | 57  0.08912   5.0811e-03
 58  0.10963   7.5477e-03 | 59  0.03567   4.2645e-03 | 60 -0.10961   3.3001e-03
 61 -0.07251   3.2661e-03 | 62  0.03649   4.0770e-03 | 63 -0.02364   3.2350e-03
 64 -0.04561   4.0521e-03 | 65 -0.05260   3.1875e-03 | 66 -0.04137   3.5085e-03
 67 -0.06586   3.0876e-03 | 68 -0.05135   2.2948e-03 | 69 -0.07281   2.6851e-03
 70 -0.06106   3.0488e-03 | 71  0.05231   4.6557e-03 | 72  0.04572   1.3580e-03
 73  0.00355   2.5530e-03 | 74 -0.00361   3.4083e-03 | 75  0.09886   2.1837e-03
 76  0.08117   5.1060e-03 | 77 -0.02155   4.6170e-04 | 78 -0.05936   8.2828e-04
 79  0.08383   4.3820e-03 | 80  0.31550   2.6095e-03 | 81  1.00150   3.7170e-03
 82 -0.12531   3.2698e-03 | 83 -0.04302   3.3516e-03 | 84  0.04166   3.0912e-03
 85 -0.03788   1.7628e-03 | 86  0.09500   1.4370e-03 | 87  0.21436   2.8245e-03
 88 -0.08748   1.7111e-04 | 89 -0.20748   1.8273e-04 | 90 -0.15131   5.0813e-05
 91 -0.04384  -3.4545e-06 | 92 -0.01890   2.6918e-04 | 93  0.03689   9.1742e-05
 94  0.16128   5.0192e-04 | 95  0.01226  -2.8659e-04 | 96 -0.00189  -4.0775e-04
 97  0.01432   4.3945e-04 | 98  0.09804   1.0998e-03 | 99  0.08632  -4.0798e-04
100  0.08798   1.2962e-03 |101  0.10986   2.4237e-03 |102 -0.07695   1.0052e-03
103 -0.10202   5.4616e-04 |104  0.05474   3.7887e-04 |105  0.03655   4.1569e-04
106 -0.04783  -3.1808e-05 |107 -0.05980  -2.4250e-04 |108  0.06809   8.9461e-04
109  0.09996   1.2428e-03 |110  0.08577   1.4614e-03 |111  0.00719  -8.5189e-04
112 -0.12851  -3.6909e-04 |113 -0.14086  -7.5937e-05 |114 -0.03671  -2.2033e-04
115  0.11464  -2.8827e-04 |116  0.02090   7.5360e-04 |117  0.09436   3.3884e-04
118  0.04364   3.9937e-06 |119 -0.01234   6.9583e-04 |120  0.00405  -2.3149e-04
121  0.12982  -4.9319e-04 |122  0.20100   4.4146e-04 |123 -0.99985  -1.1412e-04
124  0.10787  -1.7055e-04 |125 -0.01648   1.8968e-04 |126 -0.17377   3.6575e-05
127 -0.08468  -6.1306e-04 |128  0.03004  -6.1776e-04 |129  0.10299  -6.1033e-04
130  0.16748  -5.9708e-04 |131 -0.11870  -6.0782e-04 |132 -0.06479  -6.1531e-04
133 -0.01299  -6.1835e-04 |134  0.00257  -6.1846e-04 |135  0.12557  -6.0640e-04
136 -0.05664  -6.1606e-04 |137  0.12993  -6.0555e-04 |138  0.07099  -6.1458e-04
139 -0.04660  -6.1684e-04 |140 -0.08286  -6.1329e-04 |141  0.24923  -5.7151e-04
142 -0.08722  -6.1273e-04 |143 -0.05734  -6.1600e-04 |144 -0.00193  -6.1847e-04
145  0.02517  -6.1797e-04 |146 -0.01549  -6.1829e-04 |147  0.10958  -6.0926e-04
148 -0.07760  -6.1393e-04 |149 -0.08701  -6.1275e-04 |150  0.12805  -6.0592e-04
151 -0.22236  -5.8127e-04 |152  0.04187  -6.1710e-04 |153  0.12685  -6.0615e-04
154 -0.49086  -4.4394e-04 |155 -0.07259  -6.1450e-04 |156 -0.02944  -6.1782e-04
157 -0.25106  -5.7116e-04 |158 -0.07478  -6.1425e-04 |159  0.12239  -6.0700e-04
160  0.12080  -6.0729e-04 |161  0.12982  -6.0557e-04 |162  0.12100  -6.0726e-04
163 -0.07444  -6.1429e-04 |164 -0.05841  -6.1590e-04 |165  0.23830  -5.7549e-04
166 -0.03954  -6.1730e-04 |167 -0.00109  -6.1847e-04 |168  0.02627  -6.1792e-04
169  0.02583  -4.0835e-02 |170 -0.02057   1.0409e-02 |171 -0.02222   3.1689e-03
172  0.00136  -1.3343e-03 |173  0.04901   4.3563e-03 |174  0.00927   2.7524e-03
175  0.00725  -1.3226e-03 |176 -0.01473   4.5276e-03 |177  0.00647  -3.1835e-03
178  0.07046   1.5793e-04 |179  0.09196  -7.4496e-03 |180  0.08208   7.1494e-04
181  0.02811  -1.1600e-02 |182 -0.05220   4.5773e-03 |183 -0.05970  -9.7797e-04
184 -0.03975   8.7680e-04 |185 -0.03810  -1.5139e-03 |186 -0.04804   3.7426e-03
187 -0.07122   4.9244e-04 |188 -0.05744   4.1576e-04 |189 -0.00250  -2.4774e-03
190  0.00179  -4.6764e-03 |191  0.00101   1.6675e-03 |192 -0.00743   3.8269e-03
193 -0.04981   4.4184e-03 |194 -0.10235   1.1415e-03 |195 -0.02771   2.9353e-03
196  0.02963  -1.7291e-03 |197 -0.00809   6.9779e-04 |198 -0.02082   3.2584e-03
199 -0.01943   7.6217e-04 |200 -0.01416   2.7616e-03 |201 -0.00368   4.8065e-03
202  0.09117   3.1570e-04 |203  0.08680  -3.6782e-03 |204  0.06790   8.1726e-03
205 -0.08149   1.9294e-03 |206 -0.14845   1.2808e-03 |207 -0.16749  -1.3578e-04
208 -0.11261  -5.8445e-03 |209 -0.07120   2.3499e-03 |210  0.03642  -3.6780e-04
211  0.77361   4.3490e-04 |212 -0.05626   2.2550e-02 |213  0.03595   2.7053e-02
214 -0.00833  -5.1375e-09 |215 -0.65600   4.8989e-03 |216 -0.84565  -8.6531e-03
217  0.01749  -1.2012e-03 |218 -0.16318  -2.6229e-05 |219 -0.24938  -1.8970e-03
220 -0.05392  -1.4174e-03 |221  0.03626  -6.8591e-05 |222 -0.00160  -1.7201e-03
223  0.00863   6.9957e-05 |224 -0.02864   8.7830e-04 |225 -0.03603   3.3878e-04
226  0.08974  -1.2635e-04 |227  0.07006   4.1231e-05 |228  0.19541   1.8630e-05
229  0.10415  -4.6685e-04 |230  0.09830  -1.0530e-04 |231  0.04946  -2.0052e-03
232  0.05760   1.1894e-03 |233  0.06400   1.5266e-04 |234  0.12739   8.5117e-04
235 -0.11617   1.1282e-04 |236 -0.12359  -2.0628e-03 |237  0.00598   1.2813e-04
238  0.02565  -7.7055e-04 |239 -0.11253   1.8922e-04 |240 -0.15101   3.7143e-04
241 -0.06597   5.7155e-04 |242  0.01206  -1.2041e-03 |243  0.04318  -8.5069e-04
244 -0.02341   2.6158e-04 |245 -0.12253   8.8973e-04 |246 -0.23359   1.3474e-03
247 -0.10359   1.2888e-03 |248  0.00245   6.8080e-04 |249  0.05281   2.6305e-04
250  0.08310  -6.3128e-04 |251  0.05586   1.0941e-03 |252 -0.01655  -2.4464e-04
253 -0.00237  -1.0926e-03 |254  0.13241   6.2224e-04 |255  0.19825   1.6420e-04
256  0.23275  -3.7912e-04 |257 -0.14571  -2.4339e-04 |258  0.09621   1.0159e-02
259  0.14960   5.7574e-04 |260 -0.86790  -5.5069e-03 |261 -0.84439  -8.6126e-04
262 -1.20007   1.9149e-04 |263 -0.09655   1.2902e-02 |264 -0.01489   1.3048e-02
265 -0.29861   1.1642e-02 |266  0.45315   9.8824e-03 |267 -0.08380   1.2939e-02
268 -0.39386   1.0632e-02 |269 -0.42730   1.0220e-02 |270  0.42664   1.0229e-02
271  0.17430   1.2565e-02 |272 -0.01721   1.3047e-02 |273  0.79374   4.1552e-03
274  0.45503   9.8572e-03 |275  0.21000   1.2348e-02 |276 -0.26638   1.1926e-02
277 -0.56084   8.3061e-03 |278  0.33772   1.1258e-02 |279  0.44510   9.9895e-03
280  0.04877   1.3013e-02 |281  0.57219   8.1253e-03 |282 -0.01722   1.3047e-02
283  0.24190   1.2121e-02 |284  0.22843   1.2220e-02 |285 -0.22983   1.2210e-02
286  0.17671   1.2552e-02 |287  0.38286   1.0762e-02 |288 -0.83881   3.2692e-03
289 -0.37957   1.0800e-02 |290 -0.39817   1.0581e-02 |291 -0.56653   8.2157e-03
292 -0.06775   1.2978e-02 |293  0.44464   9.9956e-03 |294 -0.33310   1.1305e-02
295 -0.21205   1.2334e-02 |296 -0.20440   1.2385e-02 |297 -0.37708   1.0828e-02
298  0.37103   1.0897e-02 |299 -0.31356   1.1500e-02 |300 -0.30479   1.1584e-02
301  0.39077   1.0669e-02 |302  0.23793   1.2151e-02 |303  0.47187   1.8417e-02
304  0.08845   2.2414e-03 |305 -0.90724  -2.6718e-02 |306  0.25190   2.4909e-03
307 -0.87921  -2.5098e-02 |308 -0.52475  -3.4700e-03 |
19.61 7.17208 68.8896 45.0926 
11.1744 11.1744 48.954 49.8759 
6.289 9.27927 0 1.171 11.3288 
0 2.0067 0 0 0.443183 19.3623 0 
19.6099 7.17232 68.8896 45.0928 
11.1744 11.1744 48.9539 49.8759 
6.28918 9.2793 0 1.17102 11.3283 
0 2.00672 0 0 0.443177 19.3622 0 
19.6098 7.17271 68.8896 45.093 
11.1746 11.1746 48.9538 49.8759 
6.28929 9.27926 0 1.17106 11.3275 
0 2.00678 0 0 0.443171 19.3621 0 
19.6096 7.17313 68.8898 45.0932 
11.1748 11.1748 48.9539 49.8758 
6.28928 9.27914 0 1.17114 11.3265 
0 2.00687 0 0 0.443167 19.3618 0 
19.6096 7.17343 68.8901 45.0931 
11.1751 11.1751 48.9542 49.8756 
6.28912 9.27894 0 1.17123 11.3256 
0 2.00698 0 0 0.443171 19.3616 0 
19.6097 7.17335 68.8903 45.0928 
11.1751 11.1751 48.9546 49.8754 
6.28884 9.27878 0 1.1713 11.3255 
0 2.00703 0 0 0.443183 19.3615 0 
19.61 7.17293 68.8903 45.0925 
11.1748 11.1748 48.9549 49.8754 
6.2886 9.27881 0 1.17129 11.3264 
0 2.00698 0 0 0.443196 19.3616 0 
19.6102 7.1725 68.8901 45.0924 
11.1745 11.1745 48.9549 49.8755 
6.28853 9.27901 0 1.17121 11.3276 
0 2.00685 0 0 0.4432 19.3617 0 
19.6102 7.17233 68.8898 45.0925 
11.1744 11.1744 48.9548 49.8757 
6.28857 9.2792 0 1.17113 11.3282 
0 2.00676 0 0 0.443197 19.3617 0 
19.6102 7.17232 68.8897 45.0926 
11.1743 11.1743 48.9547 49.8757 
6.28859 9.2793 0 1.1711 11.3284 
0 2.00671 0 0 0.443193 19.3617 0 
308 variables; iteration 540; function evaluation 579; phase 1
Function value   3.0852468e+02; maximum gradient component mag   1.1256e-02
Var   Value    Gradient   |Var   Value    Gradient   |Var   Value    Gradient
  1  0.13530   4.1731e-04 |  2  0.18567  -8.2228e-04 |  3  0.18943  -3.6226e-03
  4  0.19624  -3.5572e-03 |  5  0.19480   2.0204e-03 |  6  0.19102  -3.2834e-03
  7  0.17749   1.1433e-05 |  8  0.17353   4.2133e-04 |  9  0.17225  -8.2919e-04
 10  0.14827  -7.1309e-04 | 11  0.12461   1.3524e-04 | 12  0.12662   1.1556e-03
 13  0.10248   9.5511e-04 | 14  0.05680   1.3649e-03 | 15 -0.01134  -1.0659e-04
 16 -1.90174  -1.8829e-04 | 17 -0.15679   5.6386e-05 | 18 -0.23232   6.9253e-04
 19 -0.26689  -9.7250e-06 | 20 -0.33491  -7.9399e-05 | 21 -1.21060   1.9690e-04
 22  0.09920  -1.1824e-04 | 23 -0.17603   1.7175e-06 | 24  0.01110   6.3802e-05
 25  0.08381  -2.0096e-04 | 26  0.12645  -2.4238e-04 | 27  0.15289  -1.1159e-04
 28  0.15537   7.5900e-04 | 29  0.14993  -3.5103e-04 | 30  0.15175  -1.0218e-04
 31  0.15595  -6.2087e-04 | 32  0.14786   1.7958e-04 | 33  0.12931   1.7603e-03
 34 -2.11272   3.4489e-04 | 35  0.12252   1.2153e-03 | 36  0.11946  -1.0079e-03
 37  0.08906   1.7378e-04 | 38  0.05221  -3.3841e-04 | 39  0.00762   1.0468e-04
 40 -1.96165   7.3785e-05 | 41 -0.09471  -2.0585e-04 | 42 -0.15364   1.6143e-05
 43 -0.01877   4.9285e-04 | 44 -0.06621  -4.4231e-04 | 45 -0.08973  -4.7969e-05
 46 -0.16758   4.4315e-04 | 47 -0.18356   3.7408e-04 | 48 -0.14568   2.9460e-04
 49 -0.10800   2.3538e-04 | 50 -0.06495   9.3166e-04 | 51 -0.02809   1.3334e-03
 52  0.01403   1.2615e-03 | 53 -0.00467   8.8461e-04 | 54  0.02986   3.2372e-04
 55  0.02150   8.0532e-04 | 56  0.03652   5.6240e-04 | 57  0.08914   6.8348e-04
 58  0.10961   2.7950e-04 | 59  0.03568   9.5911e-04 | 60 -0.10961   3.9100e-04
 61 -0.07251   2.0973e-04 | 62  0.03648  -6.5456e-04 | 63 -0.02363  -1.5326e-04
 64 -0.04562  -1.0610e-05 | 65 -0.05259   4.4182e-04 | 66 -0.04137   1.1016e-03
 67 -0.06586   8.7620e-04 | 68 -0.05136   3.9100e-04 | 69 -0.07281   3.9609e-04
 70 -0.06106   5.2782e-04 | 71  0.05229   7.2699e-04 | 72  0.04575   1.0257e-03
 73  0.00355   8.4954e-04 | 74 -0.00362   8.6407e-04 | 75  0.09886   1.2344e-04
 76  0.08114   1.1263e-03 | 77 -0.02151   3.7862e-04 | 78 -0.05932   1.2353e-03
 79  0.08380   6.4510e-04 | 80  0.31551   1.9318e-03 | 81  1.00022  -5.5499e-04
 82 -0.12531   7.3596e-04 | 83 -0.04302   4.7283e-04 | 84  0.04166   6.7114e-04
 85 -0.03793  -3.0865e-04 | 86  0.09501  -2.0647e-04 | 87  0.21437   1.1303e-03
 88 -0.08747  -5.0717e-05 | 89 -0.20748   4.0900e-05 | 90 -0.15131  -2.2812e-04
 91 -0.04384  -4.4438e-04 | 92 -0.01890  -1.0995e-05 | 93  0.03690  -2.0621e-05
 94  0.16127   7.7575e-04 | 95  0.01226  -6.7260e-07 | 96 -0.00189  -1.4202e-04
 97  0.01432   2.4004e-04 | 98  0.09804   2.9825e-04 | 99  0.08633  -6.0537e-04
100  0.08798  -1.4353e-05 |101  0.10986   3.9861e-04 |102 -0.07695   2.4556e-04
103 -0.10202  -7.4635e-05 |104  0.05474  -1.5126e-04 |105  0.03655  -3.4697e-04
106 -0.04782  -2.6954e-04 |107 -0.05979  -3.3910e-04 |108  0.06809  -2.5629e-04
109  0.09995  -8.7152e-05 |110  0.08577   1.3118e-03 |111  0.00720   1.2783e-04
112 -0.12851  -7.0550e-06 |113 -0.14086  -7.9924e-07 |114 -0.03670   1.5463e-04
115  0.11464   2.5883e-04 |116  0.02090   3.9174e-04 |117  0.09436  -1.1943e-05
118  0.04364  -2.1656e-04 |119 -0.01235   6.4701e-05 |120  0.00405  -3.6956e-04
121  0.12983  -3.8554e-04 |122  0.20100  -6.1568e-04 |123 -0.99985  -8.1327e-05
124  0.10787  -1.8200e-05 |125 -0.01649   3.5807e-05 |126 -0.17376   3.5854e-05
127 -0.08452  -4.4939e-04 |128  0.03005  -4.5281e-04 |129  0.10284  -4.4737e-04
130  0.16762  -4.3760e-04 |131 -0.11805  -4.4563e-04 |132 -0.06472  -4.5103e-04
133 -0.01275  -4.5325e-04 |134  0.00298  -4.5332e-04 |135  0.12545  -4.4448e-04
136 -0.05659  -4.5158e-04 |137  0.12979  -4.4386e-04 |138  0.07088  -4.5048e-04
139 -0.04648  -4.5215e-04 |140 -0.08273  -4.4956e-04 |141  0.24922  -4.1887e-04
142 -0.08706  -4.4915e-04 |143 -0.05729  -4.5153e-04 |144 -0.00189  -4.5333e-04
145  0.02528  -4.5296e-04 |146 -0.01545  -4.5321e-04 |147  0.10937  -4.4659e-04
148 -0.07749  -4.5002e-04 |149 -0.08685  -4.4917e-04 |150  0.12792  -4.4413e-04
151 -0.22144  -4.2632e-04 |152  0.04195  -4.5232e-04 |153  0.12665  -4.4431e-04
154 -0.49188  -3.2500e-04 |155 -0.07250  -4.5044e-04 |156 -0.02921  -4.5287e-04
157 -0.25001  -4.1898e-04 |158 -0.07463  -4.5027e-04 |159  0.12230  -4.4492e-04
160  0.12071  -4.4513e-04 |161  0.12968  -4.4388e-04 |162  0.11742  -4.4557e-04
163 -0.07434  -4.5029e-04 |164 -0.05836  -4.5146e-04 |165  0.23825  -4.2180e-04
166 -0.03910  -4.5250e-04 |167 -0.00105  -4.5333e-04 |168  0.02628  -4.5293e-04
169  0.02583   1.1256e-02 |170 -0.02057   5.8087e-03 |171 -0.02222   4.6059e-03
172  0.00136   2.1938e-03 |173  0.04902   2.3835e-03 |174  0.00927   5.1095e-04
175  0.00725   1.6648e-03 |176 -0.01473   5.9147e-04 |177  0.00647  -4.3072e-03
178  0.07046  -8.9465e-04 |179  0.09196   1.9098e-03 |180  0.08208   2.5754e-03
181  0.02811  -1.6130e-03 |182 -0.05221   5.1110e-04 |183 -0.05970   1.8498e-04
184 -0.03975   2.8566e-03 |185 -0.03811  -3.0662e-04 |186 -0.04804   2.8148e-03
187 -0.07122   6.8403e-04 |188 -0.05744   2.4332e-03 |189 -0.00250   1.8308e-03
190  0.00179  -2.0577e-03 |191  0.00101   2.8423e-03 |192 -0.00743   1.3920e-04
193 -0.04981  -2.2746e-03 |194 -0.10235   2.8409e-04 |195 -0.02771   2.0985e-03
196  0.02963   4.6736e-03 |197 -0.00809  -7.9267e-04 |198 -0.02082   1.3404e-03
199 -0.01943  -1.1195e-03 |200 -0.01416   1.9912e-03 |201 -0.00369   1.4247e-03
202  0.09116   6.2793e-04 |203  0.08680  -1.4017e-03 |204  0.06790   1.3021e-03
205 -0.08149   2.5141e-03 |206 -0.14845   1.3057e-03 |207 -0.16749   7.1616e-04
208 -0.11261  -2.7174e-03 |209 -0.07120   1.6373e-03 |210  0.03642   8.2879e-04
211  0.77361   2.9049e-04 |212 -0.05626   1.5625e-03 |213  0.03595   6.9925e-03
214 -0.00833  -5.1359e-09 |215 -0.65600   2.6538e-03 |216 -0.84564  -2.8169e-03
217  0.01750   3.8563e-03 |218 -0.16318   1.1060e-04 |219 -0.24938  -1.5352e-04
220 -0.05392   2.7876e-04 |221  0.03626   3.4738e-04 |222 -0.00160  -3.1642e-04
223  0.00863  -3.2307e-04 |224 -0.02864   6.1192e-04 |225 -0.03603   4.7749e-04
226  0.08974   2.0020e-04 |227  0.07006   1.2345e-05 |228  0.19541  -1.6640e-04
229  0.10415   2.2429e-04 |230  0.09830  -1.1171e-04 |231  0.04946  -9.3941e-04
232  0.05760   3.9495e-04 |233  0.06400   2.6634e-05 |234  0.12739   8.0328e-04
235 -0.11618  -2.0953e-04 |236 -0.12359  -5.8151e-04 |237  0.00598  -1.7038e-04
238  0.02565  -7.5961e-05 |239 -0.11253   1.0461e-04 |240 -0.15101   3.2376e-04
241 -0.06597   4.9648e-04 |242  0.01205  -5.4034e-04 |243  0.04318  -5.2002e-04
244 -0.02341  -3.6184e-04 |245 -0.12253   1.7053e-04 |246 -0.23359   5.6177e-04
247 -0.10359   4.8397e-04 |248  0.00245   4.6974e-05 |249  0.05281   9.4710e-05
250  0.08310  -3.4119e-04 |251  0.05586   5.9006e-04 |252 -0.01656  -1.7010e-04
253 -0.00237  -6.2125e-04 |254  0.13241   7.3461e-04 |255  0.19825   1.2652e-04
256  0.23275   1.6981e-04 |257 -0.14571  -6.6272e-04 |258  0.09621   9.6553e-04
259  0.14960   1.2242e-03 |260 -0.86790  -3.2411e-03 |261 -0.84439  -1.8744e-03
262 -1.20003   3.8645e-04 |263 -0.09643   6.6208e-03 |264 -0.01504   6.6956e-03
265 -0.29880   5.9732e-03 |266  0.45254   5.0754e-03 |267 -0.08373   6.6396e-03
268 -0.39434   5.4531e-03 |269 -0.42668   5.2486e-03 |270  0.42700   5.2466e-03
271  0.17448   6.4475e-03 |272 -0.01713   6.6950e-03 |273  0.79328   2.1368e-03
274  0.45457   5.0615e-03 |275  0.21111   6.3326e-03 |276 -0.26623   6.1203e-03
277 -0.56094   4.2614e-03 |278  0.33749   5.7782e-03 |279  0.44507   5.1264e-03
280  0.04913   6.6775e-03 |281  0.57287   4.1640e-03 |282 -0.01741   6.6950e-03
283  0.24153   6.2212e-03 |284  0.22831   6.2714e-03 |285 -0.22966   6.2663e-03
286  0.17674   6.4410e-03 |287  0.38305   5.5213e-03 |288 -0.83844   1.6814e-03
289 -0.37999   5.5394e-03 |290 -0.39794   5.4311e-03 |291 -0.56631   4.2178e-03
292 -0.06814   6.6591e-03 |293  0.44466   5.1291e-03 |294 -0.33309   5.8014e-03
295 -0.21198   6.3296e-03 |296 -0.20379   6.3572e-03 |297 -0.37706   5.5566e-03
298  0.37126   5.5905e-03 |299 -0.31414   5.8985e-03 |300 -0.30605   5.9383e-03
301  0.39072   5.4752e-03 |302  0.23813   6.2344e-03 |303  0.47187   5.6888e-03
304  0.08844  -3.4109e-04 |305 -0.90724  -2.7432e-03 |306  0.25190  -5.0147e-04
307 -0.87921  -6.3566e-03 |308 -0.52475  -1.0243e-03 |
19.6102 7.1724 68.8897 45.0927 
11.1744 11.1744 48.9547 49.8757 
6.28859 9.2793 0 1.1711 11.3283 
0 2.00671 0 0 0.443191 19.3617 0 
19.6101 7.17254 68.8897 45.0927 
11.1745 11.1745 48.9547 49.8758 
6.28858 9.27931 0 1.17109 11.3281 
0 2.00671 0 0 0.443186 19.3616 0 
19.6101 7.17256 68.8898 45.0927 
11.1745 11.1745 48.9547 49.8758 
6.28856 9.27932 0 1.17108 11.3281 
0 2.00671 0 0 0.443185 19.3616 0 
19.6101 7.17257 68.8898 45.0927 
11.1745 11.1745 48.9548 49.8758 
6.28854 9.27932 0 1.17107 11.3281 
0 2.00671 0 0 0.443184 19.3616 0 
19.6101 7.17257 68.8898 45.0927 
11.1745 11.1745 48.9548 49.8758 
6.28852 9.27931 0 1.17106 11.328 
0 2.00671 0 0 0.443183 19.3616 0 
19.6101 7.17256 68.8898 45.0926 
11.1745 11.1745 48.9549 49.8758 
6.28849 9.2793 0 1.17104 11.328 
0 2.00671 0 0 0.443181 19.3616 0 
19.6101 7.17253 68.8898 45.0926 
11.1745 11.1745 48.955 49.8758 
6.28845 9.27928 0 1.17102 11.328 
0 2.00672 0 0 0.443179 19.3617 0 
19.6101 7.1725 68.8899 45.0925 
11.1745 11.1745 48.9551 49.8758 
6.28841 9.27925 0 1.17098 11.3279 
0 2.00673 0 0 0.443177 19.3617 0 
19.6101 7.17244 68.8899 45.0924 
11.1746 11.1746 48.9552 49.8758 
6.28835 9.27921 0 1.17094 11.3278 
0 2.00675 0 0 0.443174 19.3618 0 
19.6102 7.17236 68.89 45.0922 
11.1746 11.1746 48.9555 49.8758 
6.2883 9.27916 0 1.17087 11.3277 
0 2.00678 0 0 0.443171 19.3618 0 
308 variables; iteration 550; function evaluation 589; phase 1
Function value   3.0852468e+02; maximum gradient component mag  -2.7223e-01
Var   Value    Gradient   |Var   Value    Gradient   |Var   Value    Gradient
  1  0.13528  -7.0413e-04 |  2  0.18567   3.6287e-03 |  3  0.18944   1.2144e-02
  4  0.19625   1.4138e-02 |  5  0.19480  -3.2874e-03 |  6  0.19103   1.7576e-02
  7  0.17749   3.3775e-03 |  8  0.17353  -1.2225e-02 |  9  0.17225   1.0012e-03
 10  0.14828   5.8341e-03 | 11  0.12461  -9.3755e-04 | 12  0.12661  -1.5480e-02
 13  0.10248  -2.8562e-03 | 14  0.05683   1.3481e-02 | 15 -0.01136  -2.2249e-03
 16 -1.90180  -1.4405e-03 | 17 -0.15668   7.8463e-04 | 18 -0.23201   9.8210e-04
 19 -0.26782  -4.3835e-04 | 20 -0.33536  -1.2919e-04 | 21 -1.24476   2.2662e-04
 22  0.09920  -1.0890e-05 | 23 -0.17605  -3.0891e-06 | 24  0.01106  -1.3094e-03
 25  0.08381   1.8406e-03 | 26  0.12645   2.2062e-03 | 27  0.15289  -6.7065e-03
 28  0.15537  -6.6431e-04 | 29  0.14993   6.9183e-03 | 30  0.15174  -1.6377e-03
 31  0.15595   2.4577e-03 | 32  0.14786  -1.1721e-02 | 33  0.12930  -1.0549e-03
 34 -2.11271   8.8338e-03 | 35  0.12251  -5.7128e-03 | 36  0.11946   3.6648e-03
 37  0.08906  -1.7240e-03 | 38  0.05222   5.5619e-03 | 39  0.00762  -5.5096e-05
 40 -1.96165  -2.3353e-04 | 41 -0.09471  -5.6642e-04 | 42 -0.15360   9.1485e-04
 43 -0.01873  -1.5501e-03 | 44 -0.06617  -1.1479e-04 | 45 -0.08973  -1.6943e-03
 46 -0.16758  -1.6397e-03 | 47 -0.18356  -1.8764e-03 | 48 -0.14567  -8.8600e-04
 49 -0.10796   1.8324e-03 | 50 -0.06498  -3.2368e-03 | 51 -0.02812  -4.1646e-03
 52  0.01402  -4.0084e-03 | 53 -0.00468  -2.7375e-03 | 54  0.02989   1.2206e-03
 55  0.02149   9.2633e-05 | 56  0.03651   1.0016e-03 | 57  0.08912   2.5530e-03
 58  0.10965   6.3292e-03 | 59  0.03570   2.2608e-03 | 60 -0.10962  -3.3836e-03
 61 -0.07253  -3.7974e-03 | 62  0.03641  -7.2660e-03 | 63 -0.02361  -1.5532e-03
 64 -0.04559   1.3204e-05 | 65 -0.05259  -1.8097e-05 | 66 -0.04136   8.1147e-04
 67 -0.06585  -4.9811e-04 | 68 -0.05136  -1.2411e-03 | 69 -0.07282  -1.4943e-03
 70 -0.06105  -8.0690e-04 | 71  0.05229  -1.0535e-03 | 72  0.04573  -2.5090e-03
 73  0.00354  -2.2470e-03 | 74 -0.00364  -1.5147e-03 | 75  0.09894   4.2030e-03
 76  0.08107  -4.7014e-03 | 77 -0.02150  -1.9147e-03 | 78 -0.05932  -2.3111e-03
 79  0.08378  -4.6183e-03 | 80  0.31550  -2.9656e-03 | 81  1.00021  -6.3222e-04
 82 -0.12531  -2.7302e-03 | 83 -0.04302  -2.3577e-03 | 84  0.04164  -3.5123e-03
 85 -0.03793  -1.5565e-03 | 86  0.09502  -2.7921e-04 | 87  0.21434  -4.3868e-03
 88 -0.08751  -2.1555e-03 | 89 -0.20750  -1.9016e-03 | 90 -0.15131  -1.0838e-03
 91 -0.04382   1.6632e-03 | 92 -0.01890  -3.2098e-04 | 93  0.03688  -2.3059e-03
 94  0.16128   5.0486e-04 | 95  0.01226  -1.7973e-03 | 96 -0.00187  -5.1045e-04
 97  0.01434   1.8554e-04 | 98  0.09802   5.5696e-04 | 99  0.08636   6.8198e-03
100  0.08800   5.3721e-03 |101  0.10983   2.1328e-04 |102 -0.07698  -1.8863e-03
103 -0.10202  -9.8717e-04 |104  0.05476  -6.7559e-04 |105  0.03656  -8.5081e-04
106 -0.04782  -1.0158e-03 |107 -0.05979  -3.9332e-04 |108  0.06810   1.4299e-03
109  0.09998   4.8058e-04 |110  0.08574  -1.7809e-03 |111  0.00720   7.8969e-04
112 -0.12849   6.8858e-04 |113 -0.14086  -8.4412e-04 |114 -0.03670   3.8249e-04
115  0.11464  -1.5696e-03 |116  0.02089  -1.8864e-03 |117  0.09435  -3.5928e-04
118  0.04364   8.1642e-04 |119 -0.01236  -8.9331e-04 |120  0.00404   1.6894e-04
121  0.12981   2.2541e-03 |122  0.20102   1.0294e-02 |123 -0.99981   7.5584e-04
124  0.10787  -1.5714e-03 |125 -0.01649  -1.8893e-03 |126 -0.17376  -1.1110e-03
127 -0.08433  -1.2219e-04 |128  0.03029  -1.2306e-04 |129  0.10277  -1.2155e-04
130  0.16747  -1.1887e-04 |131 -0.11790  -1.2118e-04 |132 -0.06457  -1.2262e-04
133 -0.01224  -1.2320e-04 |134  0.00348  -1.2321e-04 |135  0.12526  -1.2076e-04
136 -0.05644  -1.2277e-04 |137  0.12957  -1.2059e-04 |138  0.07096  -1.2241e-04
139 -0.04621  -1.2292e-04 |140 -0.08258  -1.2223e-04 |141  0.24832  -1.1380e-04
142 -0.08689  -1.2213e-04 |143 -0.05715  -1.2276e-04 |144 -0.00163  -1.2322e-04
145  0.02562  -1.2310e-04 |146 -0.01521  -1.2319e-04 |147  0.10917  -1.2134e-04
148 -0.07734  -1.2236e-04 |149 -0.08667  -1.2213e-04 |150  0.12771  -1.2067e-04
151 -0.22052  -1.1604e-04 |152  0.04224  -1.2292e-04 |153  0.12639  -1.2072e-04
154 -0.49283  -8.8488e-05 |155 -0.07236  -1.2247e-04 |156 -0.02873  -1.2311e-04
157 -0.24978  -1.1402e-04 |158 -0.07442  -1.2242e-04 |159  0.12213  -1.2088e-04
160  0.12056  -1.2094e-04 |161  0.12946  -1.2060e-04 |162  0.11327  -1.2120e-04
163 -0.07420  -1.2243e-04 |164 -0.05821  -1.2274e-04 |165  0.23841  -1.1452e-04
166 -0.03869  -1.2301e-04 |167 -0.00079  -1.2322e-04 |168  0.02654  -1.2309e-04
169  0.02583  -2.7223e-01 |170 -0.02056  -6.5569e-03 |171 -0.02223  -2.2849e-02
172  0.00136   1.4592e-03 |173  0.04901  -8.2230e-03 |174  0.00927  -1.2367e-02
175  0.00725  -1.0800e-02 |176 -0.01473   2.5812e-03 |177  0.00647   1.2056e-02
178  0.07046   1.4737e-02 |179  0.09197  -2.5728e-03 |180  0.08208  -1.8127e-02
181  0.02812  -1.8827e-03 |182 -0.05221  -1.3438e-03 |183 -0.05970  -2.5309e-03
184 -0.03975  -7.0944e-03 |185 -0.03810   3.3584e-03 |186 -0.04804  -2.1875e-03
187 -0.07122   1.1557e-02 |188 -0.05745  -4.5712e-04 |189 -0.00250   4.6220e-03
190  0.00180  -5.3825e-03 |191  0.00101  -2.7070e-02 |192 -0.00742  -2.6365e-03
193 -0.04981   7.3631e-03 |194 -0.10236  -1.0955e-03 |195 -0.02771  -8.9160e-03
196  0.02963  -5.0330e-03 |197 -0.00809  -6.0366e-04 |198 -0.02082  -4.2744e-03
199 -0.01942   4.6874e-03 |200 -0.01416  -6.1120e-03 |201 -0.00368  -5.2456e-03
202  0.09116   4.0898e-03 |203  0.08680  -8.4199e-03 |204  0.06791   9.2884e-03
205 -0.08154  -8.5867e-03 |206 -0.14841  -4.5047e-04 |207 -0.16751  -5.8930e-03
208 -0.11260   8.5360e-03 |209 -0.07121  -2.1847e-03 |210  0.03642   7.5313e-03
211  0.77363   3.6085e-04 |212 -0.05626   6.2199e-02 |213  0.03594   5.7549e-02
214 -0.00832  -5.1341e-09 |215 -0.65600  -5.9384e-03 |216 -0.84564   3.0138e-03
217  0.01747  -2.5464e-02 |218 -0.16317   5.0509e-04 |219 -0.24936   3.8555e-03
220 -0.05393  -2.0678e-03 |221  0.03624  -8.4464e-04 |222 -0.00162  -9.8627e-04
223  0.00863   4.8069e-03 |224 -0.02864  -2.7649e-03 |225 -0.03602  -4.4917e-03
226  0.08975   4.1573e-04 |227  0.07006   4.3532e-04 |228  0.19541   1.8643e-03
229  0.10415  -9.8543e-04 |230  0.09830   2.7374e-04 |231  0.04946  -3.4103e-04
232  0.05760   3.4484e-04 |233  0.06402  -1.1808e-03 |234  0.12739  -8.7232e-04
235 -0.11618  -1.5162e-03 |236 -0.12360  -3.2820e-03 |237  0.00598   1.7370e-03
238  0.02565   1.6030e-03 |239 -0.11253   1.7296e-03 |240 -0.15101   1.3769e-03
241 -0.06597  -3.8896e-03 |242  0.01207   1.0200e-03 |243  0.04318   2.3634e-03
244 -0.02341   2.6298e-03 |245 -0.12253  -2.4680e-03 |246 -0.23358  -1.3603e-03
247 -0.10358  -1.3797e-03 |248  0.00245  -1.7223e-03 |249  0.05281   7.6808e-04
250  0.08310   7.5991e-04 |251  0.05586  -1.8673e-03 |252 -0.01655   6.5136e-04
253 -0.00237   6.9118e-04 |254  0.13239  -1.6364e-03 |255  0.19825   9.3279e-04
256  0.23274  -2.3389e-03 |257 -0.14571   1.1272e-03 |258  0.09621   5.6300e-04
259  0.14960  -1.6218e-02 |260 -0.86790   5.1981e-03 |261 -0.84439   4.3766e-03
262 -1.20020  -1.1547e-03 |263 -0.09642  -3.2783e-02 |264 -0.01477  -3.3154e-02
265 -0.29895  -2.9573e-02 |266  0.45203  -2.5148e-02 |267 -0.08368  -3.2877e-02
268 -0.39473  -2.6990e-02 |269 -0.42622  -2.6004e-02 |270  0.42712  -2.5975e-02
271  0.17454  -3.1924e-02 |272 -0.01716  -3.3151e-02 |273  0.79288  -1.0600e-02
274  0.45446  -2.5066e-02 |275  0.21125  -3.1354e-02 |276 -0.26606  -3.0309e-02
277 -0.56104  -2.1097e-02 |278  0.33760  -2.8608e-02 |279  0.44518  -2.5380e-02
280  0.04922  -3.3064e-02 |281  0.57379  -2.0580e-02 |282 -0.01762  -3.3150e-02
283  0.24134  -3.0808e-02 |284  0.22816  -3.1056e-02 |285 -0.22968  -3.1028e-02
286  0.17669  -3.1894e-02 |287  0.38334  -2.7330e-02 |288 -0.83835  -8.3307e-03
289 -0.38092  -2.7401e-02 |290 -0.39786  -2.6895e-02 |291 -0.56630  -2.0885e-02
292 -0.06839  -3.2972e-02 |293  0.44468  -2.5396e-02 |294 -0.33258  -2.8740e-02
295 -0.21219  -3.1338e-02 |296 -0.20334  -3.1486e-02 |297 -0.37707  -2.7514e-02
298  0.37148  -2.7675e-02 |299 -0.31469  -2.9193e-02 |300 -0.30664  -2.9390e-02
301  0.39097  -2.7103e-02 |302  0.23850  -3.0863e-02 |303  0.47187  -3.2653e-02
304  0.08845   5.6911e-03 |305 -0.90724  -5.9054e-02 |306  0.25190   1.8374e-03
307 -0.87921  -2.1471e-02 |308 -0.52475  -3.7041e-03 |
19.6102 7.17225 68.8901 45.092 
11.1746 11.1746 48.9557 49.8758 
6.28822 9.27908 0 1.17079 11.3275 
0 2.00681 0 0 0.443166 19.3619 0 
19.6102 7.17209 68.8903 45.0918 
11.1747 11.1747 48.9561 49.8758 
6.28812 9.27897 0 1.17066 11.3273 
0 2.00687 0 0 0.44316 19.3621 0 
19.6103 7.17184 68.8905 45.0914 
11.1748 11.1748 48.9568 49.8759 
6.28797 9.27878 0 1.17047 11.3269 
0 2.00695 0 0 0.44315 19.3623 0 
19.6105 7.1714 68.891 45.0907 
11.1749 11.1749 48.958 49.876 
6.2877 9.27845 0 1.17013 11.3261 
0 2.0071 0 0 0.443132 19.3627 0 
19.6104 7.17156 68.8908 45.0909 
11.1748 11.1748 48.9576 49.876 
6.2878 9.27857 0 1.17025 11.3264 
0 2.00705 0 0 0.443138 19.3626 0 
19.6105 7.17149 68.8909 45.0909 
11.1748 11.1748 48.9576 49.876 
6.28781 9.27852 0 1.17024 11.3263 
0 2.00705 0 0 0.443138 19.3626 0 
19.6105 7.17148 68.8909 45.0911 
11.1748 11.1748 48.9574 49.876 
6.28788 9.27852 0 1.1703 11.3264 
0 2.00704 0 0 0.443141 19.3625 0 
19.6105 7.17153 68.8906 45.0914 
11.1747 11.1747 48.957 49.876 
6.28804 9.27859 0 1.17041 11.3267 
0 2.00704 0 0 0.443148 19.3624 0 
19.6103 7.17181 68.8901 45.0921 
11.1746 11.1746 48.9559 49.876 
6.2884 9.27882 0 1.1707 11.3272 
0 2.00696 0 0 0.443169 19.3621 0 
19.6102 7.17222 68.8895 45.0928 
11.1744 11.1744 48.9549 49.8758 
6.28868 9.27916 0 1.17099 11.3278 
0 2.00687 0 0 0.443187 19.3619 0 
19.6101 7.17243 68.8895 45.0931 
11.1744 11.1744 48.9544 49.8758 
6.28877 9.27926 0 1.17113 11.3281 
0 2.00676 0 0 0.443194 19.3616 0 
19.6102 7.17231 68.8895 45.0929 
11.1744 11.1744 48.9546 49.8758 
6.28871 9.2792 0 1.17105 11.3279 
0 2.00682 0 0 0.44319 19.3618 0 
308 variables; iteration 560; function evaluation 601; phase 1
Function value   3.0852458e+02; maximum gradient component mag   5.0017e-02
Var   Value    Gradient   |Var   Value    Gradient   |Var   Value    Gradient
  1  0.13530   2.3563e-04 |  2  0.18567  -1.1109e-03 |  3  0.18942  -1.4890e-02
  4  0.19624  -4.3142e-03 |  5  0.19479   1.0728e-03 |  6  0.19102  -2.2495e-03
  7  0.17749   8.9552e-04 |  8  0.17353   4.0005e-03 |  9  0.17225   1.1636e-03
 10  0.14827  -6.1268e-04 | 11  0.12461  -4.8173e-04 | 12  0.12661  -2.9340e-03
 13  0.10248   4.0570e-03 | 14  0.05681   4.3117e-03 | 15 -0.01133   8.6438e-04
 16 -1.90173   1.6966e-04 | 17 -0.15679   2.2354e-05 | 18 -0.23353  -4.3779e-04
 19 -0.26668   8.2760e-05 | 20 -0.33368   5.4249e-05 | 21 -1.57453  -8.6095e-06
 22  0.09920  -2.7567e-04 | 23 -0.17603   3.5749e-06 | 24  0.01112   8.0497e-04
 25  0.08381  -8.8634e-04 | 26  0.12645  -9.3603e-04 | 27  0.15289   9.0477e-04
 28  0.15537   5.3872e-04 | 29  0.14993  -1.3876e-03 | 30  0.15175  -3.8929e-04
 31  0.15595  -6.3893e-04 | 32  0.14786   4.1676e-04 | 33  0.12931   1.1747e-03
 34 -2.11272   4.4690e-03 | 35  0.12252   1.0740e-03 | 36  0.11946  -4.2941e-04
 37  0.08907   7.1928e-04 | 38  0.05222  -1.2017e-04 | 39  0.00763  -2.2487e-04
 40 -1.96165   1.6577e-04 | 41 -0.09472   7.2057e-05 | 42 -0.15379   1.4329e-04
 43 -0.01877   6.0035e-04 | 44 -0.06620   5.2308e-04 | 45 -0.08972   1.0760e-03
 46 -0.16758   1.6420e-04 | 47 -0.18356   1.6702e-04 | 48 -0.14568  -1.0519e-04
 49 -0.10799   5.1976e-04 | 50 -0.06495   8.1385e-04 | 51 -0.02809   1.1453e-03
 52  0.01403   1.5004e-03 | 53 -0.00466   1.7265e-03 | 54  0.02987   6.6717e-04
 55  0.02150  -7.3299e-04 | 56  0.03652  -8.4421e-04 | 57  0.08914  -2.9269e-04
 58  0.10961  -1.3207e-03 | 59  0.03568  -5.0340e-04 | 60 -0.10961   1.9421e-04
 61 -0.07251   2.5689e-05 | 62  0.03649  -2.7823e-04 | 63 -0.02365  -1.8682e-03
 64 -0.04562  -1.8914e-03 | 65 -0.05259  -1.2141e-03 | 66 -0.04138  -1.6737e-03
 67 -0.06586  -9.0560e-04 | 68 -0.05135  -9.8393e-04 | 69 -0.07281  -5.0120e-04
 70 -0.06106  -3.2638e-04 | 71  0.05230   1.3425e-03 | 72  0.04575   8.7701e-04
 73  0.00355   5.8379e-04 | 74 -0.00362   7.2997e-04 | 75  0.09886   3.9979e-04
 76  0.08116   1.9769e-03 | 77 -0.02152   1.9844e-05 | 78 -0.05933   7.4662e-04
 79  0.08380   8.8764e-04 | 80  0.31551   3.3226e-03 | 81  1.00069   1.4365e-03
 82 -0.12531   5.3206e-04 | 83 -0.04302   2.5712e-04 | 84  0.04167   5.9360e-04
 85 -0.03791   4.4928e-04 | 86  0.09500  -7.5361e-04 | 87  0.21437   6.7738e-04
 88 -0.08747   3.6092e-04 | 89 -0.20748  -1.6446e-04 | 90 -0.15131  -2.4061e-04
 91 -0.04384  -3.2553e-04 | 92 -0.01890  -3.0599e-04 | 93  0.03689  -6.8493e-04
 94  0.16128  -1.7497e-04 | 95  0.01226  -4.3455e-04 | 96 -0.00188   2.4373e-04
 97  0.01432   1.8328e-04 | 98  0.09805  -5.5370e-04 | 99  0.08631  -5.0578e-03
100  0.08797  -3.7668e-03 |101  0.10986  -2.0935e-03 |102 -0.07696  -1.0934e-03
103 -0.10203  -1.5700e-03 |104  0.05475  -5.3618e-04 |105  0.03655  -5.8196e-04
106 -0.04783  -5.2755e-04 |107 -0.05979  -2.3658e-04 |108  0.06808  -1.2303e-03
109  0.09996  -8.0330e-04 |110  0.08577  -5.5818e-04 |111  0.00720  -1.1314e-03
112 -0.12850  -6.4032e-04 |113 -0.14086  -6.4435e-04 |114 -0.03671  -1.2959e-03
115  0.11464  -1.3455e-03 |116  0.02090   2.0745e-04 |117  0.09436   2.1557e-04
118  0.04363  -8.3115e-04 |119 -0.01235  -1.3549e-04 |120  0.00405  -1.8828e-05
121  0.12983   2.5303e-04 |122  0.20100  -6.9762e-04 |123 -0.99986  -2.5209e-04
124  0.10788   8.2193e-06 |125 -0.01649  -1.0599e-04 |126 -0.17377  -2.0271e-04
127 -0.08279   8.5317e-03 |128  0.03273   8.5931e-03 |129  0.10205   8.4942e-03
130  0.16754   8.3083e-03 |131 -0.11773   8.4576e-03 |132 -0.06327   8.5619e-03
133 -0.00654   8.6040e-03 |134  0.00829   8.6037e-03 |135  0.12349   8.4431e-03
136 -0.05507   8.5722e-03 |137  0.12763   8.4322e-03 |138  0.07168   8.5500e-03
139 -0.04371   8.5841e-03 |140 -0.08131   8.5343e-03 |141  0.24092   7.9958e-03
142 -0.08554   8.5268e-03 |143 -0.05578   8.5714e-03 |144  0.00096   8.6044e-03
145  0.02875   8.5957e-03 |146 -0.01286   8.6027e-03 |147  0.10727   8.4826e-03
148 -0.07609   8.5430e-03 |149 -0.08525   8.5273e-03 |150  0.12582   8.4370e-03
151 -0.21306   8.1269e-03 |152  0.04483   8.5831e-03 |153  0.12418   8.4413e-03
154 -0.50285   6.0565e-03 |155 -0.07110   8.5508e-03 |156 -0.02322   8.5987e-03
157 -0.24750   7.9622e-03 |158 -0.07258   8.5485e-03 |159  0.12055   8.4507e-03
160  0.11910   8.4544e-03 |161  0.12752   8.4325e-03 |162  0.07197   8.5495e-03
163 -0.07294   8.5480e-03 |164 -0.05686   8.5701e-03 |165  0.24163   7.9922e-03
166 -0.03496   8.5914e-03 |167  0.00181   8.6044e-03 |168  0.02905   8.5955e-03
169  0.02583   5.0017e-02 |170 -0.02057   2.0883e-03 |171 -0.02222   5.3882e-03
172  0.00136   2.1849e-03 |173  0.04902   4.5622e-03 |174  0.00927   2.9067e-03
175  0.00726   1.9689e-03 |176 -0.01473   3.9374e-05 |177  0.00647  -5.0232e-03
178  0.07046  -1.0341e-03 |179  0.09197   4.7020e-03 |180  0.08208   3.1436e-03
181  0.02812   6.0476e-03 |182 -0.05221   1.5070e-03 |183 -0.05970   3.2933e-03
184 -0.03975   7.5315e-03 |185 -0.03810   2.2340e-03 |186 -0.04804   3.6236e-03
187 -0.07122  -3.9624e-04 |188 -0.05744   5.0791e-03 |189 -0.00250   4.5666e-03
190  0.00180   7.6418e-03 |191  0.00101   8.9816e-03 |192 -0.00742   6.1845e-03
193 -0.04981   7.0945e-04 |194 -0.10235   2.3896e-03 |195 -0.02770   5.2575e-03
196  0.02963   4.2721e-03 |197 -0.00809  -3.2227e-03 |198 -0.02082   1.9491e-03
199 -0.01943  -2.8682e-03 |200 -0.01416   4.4526e-03 |201 -0.00368   3.6020e-03
202  0.09117   3.8335e-04 |203  0.08681   4.4029e-03 |204  0.06790   1.5727e-03
205 -0.08150   4.0714e-04 |206 -0.14844   1.8237e-03 |207 -0.16749   6.1470e-04
208 -0.11260  -1.5503e-03 |209 -0.07120   3.5752e-03 |210  0.03642   9.6041e-04
211  0.77336   6.8571e-04 |212 -0.05626  -2.0800e-03 |213  0.03595  -1.9875e-02
214 -0.00830  -5.1176e-09 |215 -0.65600   3.8540e-03 |216 -0.84564  -2.3013e-03
217  0.01749   7.3791e-03 |218 -0.16317  -2.7221e-04 |219 -0.24938  -2.0371e-03
220 -0.05392   5.0961e-04 |221  0.03626   4.7105e-04 |222 -0.00160  -1.2463e-03
223  0.00863  -1.6841e-03 |224 -0.02864  -5.7312e-04 |225 -0.03603  -1.0190e-03
226  0.08974  -1.1708e-03 |227  0.07006  -1.1045e-03 |228  0.19541  -9.4125e-04
229  0.10415  -2.7297e-04 |230  0.09830  -9.0519e-04 |231  0.04947  -1.8154e-03
232  0.05760  -5.3191e-04 |233  0.06400   2.3387e-04 |234  0.12739   1.3556e-04
235 -0.11617  -2.5353e-05 |236 -0.12359  -1.6287e-04 |237  0.00598   6.3052e-04
238  0.02565   9.4355e-04 |239 -0.11253  -1.7245e-04 |240 -0.15101  -1.1550e-03
241 -0.06597  -3.6015e-04 |242  0.01205  -1.0960e-03 |243  0.04317  -1.4308e-03
244 -0.02341   6.2676e-05 |245 -0.12253  -1.7292e-04 |246 -0.23359   4.1816e-04
247 -0.10359   5.3575e-04 |248  0.00245  -3.4459e-05 |249  0.05281  -5.9379e-04
250  0.08310  -1.8575e-03 |251  0.05586  -5.9366e-04 |252 -0.01656  -5.4846e-04
253 -0.00237  -7.8721e-04 |254  0.13241  -1.4995e-03 |255  0.19825  -1.0980e-04
256  0.23275  -4.9938e-04 |257 -0.14571  -5.0744e-04 |258  0.09621   3.1539e-03
259  0.14960   6.8310e-03 |260 -0.86790   1.5127e-03 |261 -0.84439  -2.2764e-03
262 -1.20007  -4.8031e-04 |263 -0.09675  -1.4950e-02 |264 -0.01398  -1.5121e-02
265 -0.30000  -1.3476e-02 |266  0.44780  -1.1535e-02 |267 -0.08256  -1.4998e-02
268 -0.39886  -1.2252e-02 |269 -0.42234  -1.1917e-02 |270  0.42687  -1.1850e-02
271  0.17585  -1.4551e-02 |272 -0.01847  -1.5118e-02 |273  0.79147  -4.8660e-03
274  0.45432  -1.1434e-02 |275  0.21239  -1.4291e-02 |276 -0.26636  -1.3820e-02
277 -0.56441  -9.5599e-03 |278  0.33837  -1.3038e-02 |279  0.44648  -1.1555e-02
280  0.05181  -1.5075e-02 |281  0.58219  -9.2288e-03 |282 -0.01866  -1.5118e-02
283  0.23905  -1.4071e-02 |284  0.22743  -1.4170e-02 |285 -0.23150  -1.4136e-02
286  0.17583  -1.4551e-02 |287  0.38744  -1.2409e-02 |288 -0.83873  -3.7907e-03
289 -0.38870  -1.2392e-02 |290 -0.39782  -1.2267e-02 |291 -0.56788  -9.4959e-03
292 -0.07012  -1.5033e-02 |293  0.44699  -1.1547e-02 |294 -0.32758  -1.3166e-02
295 -0.21348  -1.4282e-02 |296 -0.20004  -1.4384e-02 |297 -0.37674  -1.2553e-02
298  0.37426  -1.2585e-02 |299 -0.31959  -1.3259e-02 |300 -0.31160  -1.3349e-02
301  0.39465  -1.2310e-02 |302  0.24160  -1.4049e-02 |303  0.47187   9.8080e-03
304  0.08844   2.9546e-04 |305 -0.90724   8.1959e-03 |306  0.25190  -3.7419e-04
307 -0.87921   1.2608e-02 |308 -0.52475   5.9400e-03 |
19.6102 7.17238 68.8896 45.0929 
11.1744 11.1744 48.9547 49.8758 
6.28866 9.27921 0 1.17105 11.3279 
0 2.00679 0 0 0.443189 19.3617 0 
19.6101 7.17248 68.8896 45.0928 
11.1745 11.1745 48.9547 49.8758 
6.28857 9.27927 0 1.17108 11.328 
0 2.00672 0 0 0.443185 19.3616 0 
19.6101 7.17249 68.8896 45.0928 
11.1745 11.1745 48.9547 49.8758 
6.28856 9.27927 0 1.17109 11.3281 
0 2.00672 0 0 0.443185 19.3616 0 
19.6101 7.17247 68.8896 45.0928 
11.1745 11.1745 48.9547 49.8758 
6.28855 9.27927 0 1.17109 11.3281 
0 2.00672 0 0 0.443184 19.3616 0 
19.6101 7.17247 68.8896 45.0928 
11.1745 11.1745 48.9547 49.8758 
6.28856 9.27927 0 1.17109 11.3281 
0 2.00672 0 0 0.443185 19.3616 0 

 - final statistics:
308 variables; iteration 565; function evaluation 606
Function value   3.0852e+02; maximum gradient component mag  -5.5140e-04
Exit code = 1;  converg criter   1.0000e-03
Var   Value    Gradient   |Var   Value    Gradient   |Var   Value    Gradient
  1  0.13530  -3.2666e-06 |  2  0.18567  -1.8554e-05 |  3  0.18943  -2.3008e-04
  4  0.19624   2.5135e-05 |  5  0.19479   8.9961e-05 |  6  0.19102   3.1620e-04
  7  0.17749   1.2495e-04 |  8  0.17353   4.5792e-05 |  9  0.17225   1.2240e-04
 10  0.14827   9.3386e-05 | 11  0.12461  -2.0102e-05 | 12  0.12662   2.3348e-04
 13  0.10248   1.0399e-05 | 14  0.05680  -9.3680e-05 | 15 -0.01134  -3.2616e-05
 16 -1.90174  -2.9995e-06 | 17 -0.15679  -7.8876e-06 | 18 -0.23306  -4.1782e-06
 19 -0.26686   7.9019e-07 | 20 -0.33417   4.5054e-07 | 21 -1.57362  -3.5390e-07
 22  0.09920   6.3342e-06 | 23 -0.17604  -6.3485e-08 | 24  0.01110  -1.7602e-05
 25  0.08381  -1.0588e-07 | 26  0.12645  -1.3982e-05 | 27  0.15289   2.9446e-05
 28  0.15537  -3.3037e-06 | 29  0.14993   1.1211e-06 | 30  0.15175  -4.0318e-06
 31  0.15595  -4.6917e-06 | 32  0.14786   7.1935e-05 | 33  0.12930  -5.6060e-05
 34 -2.11272  -1.3306e-05 | 35  0.12252  -2.5204e-05 | 36  0.11946  -4.8115e-05
 37  0.08906  -3.0880e-05 | 38  0.05222   2.2777e-05 | 39  0.00762   1.9461e-05
 40 -1.96165  -3.9406e-06 | 41 -0.09471   4.2036e-06 | 42 -0.15379   4.7825e-06
 43 -0.01877   9.0674e-06 | 44 -0.06620  -1.8960e-06 | 45 -0.08973   7.5112e-05
 46 -0.16758   2.3306e-05 | 47 -0.18356   3.8857e-05 | 48 -0.14567   4.2148e-05
 49 -0.10800   3.8706e-05 | 50 -0.06495   4.9819e-05 | 51 -0.02809   4.1116e-05
 52  0.01403   2.9952e-05 | 53 -0.00467   3.0387e-05 | 54  0.02987   2.2582e-05
 55  0.02150   5.9884e-05 | 56  0.03652   4.3692e-05 | 57  0.08914   3.2594e-05
 58  0.10962   1.1532e-05 | 59  0.03567   6.1358e-05 | 60 -0.10961   3.9249e-05
 61 -0.07251   3.8991e-05 | 62  0.03648   1.0014e-05 | 63 -0.02363   7.3471e-05
 64 -0.04561   7.2730e-05 | 65 -0.05259   3.4594e-05 | 66 -0.04138   4.7473e-05
 67 -0.06586   4.2751e-05 | 68 -0.05135   4.7438e-05 | 69 -0.07281   6.2880e-05
 70 -0.06106   5.6556e-05 | 71  0.05229   3.2661e-05 | 72  0.04575  -3.0506e-06
 73  0.00355   8.0112e-05 | 74 -0.00362   4.7022e-05 | 75  0.09887   1.8591e-05
 76  0.08114  -6.6917e-06 | 77 -0.02151   3.2835e-05 | 78 -0.05933   3.9529e-05
 79  0.08380   5.0327e-05 | 80  0.31550  -2.1994e-05 | 81  1.00031   5.7858e-06
 82 -0.12531   1.4514e-05 | 83 -0.04302   3.4097e-05 | 84  0.04166   2.6684e-05
 85 -0.03792   2.5925e-06 | 86  0.09501  -1.1373e-05 | 87  0.21436  -3.1297e-05
 88 -0.08748   5.2403e-07 | 89 -0.20748   3.0013e-06 | 90 -0.15131   1.9670e-05
 91 -0.04384   1.0020e-05 | 92 -0.01890   3.4874e-06 | 93  0.03690  -1.7078e-05
 94  0.16127   1.2569e-05 | 95  0.01227   8.4018e-06 | 96 -0.00188   3.5998e-06
 97  0.01432   6.0341e-06 | 98  0.09804   1.3030e-05 | 99  0.08633  -1.4326e-05
100  0.08798   2.9199e-05 |101  0.10986   2.3812e-05 |102 -0.07695   2.2800e-05
103 -0.10201   3.3350e-05 |104  0.05474   1.5475e-05 |105  0.03655   4.7559e-06
106 -0.04783   9.5566e-06 |107 -0.05979   3.5042e-06 |108  0.06809   1.4406e-05
109  0.09996   1.5255e-05 |110  0.08576  -4.4536e-05 |111  0.00720   9.7297e-06
112 -0.12851   8.1736e-08 |113 -0.14086   1.1223e-05 |114 -0.03671   2.4381e-05
115  0.11464   4.3809e-05 |116  0.02089   1.5877e-05 |117  0.09436   2.7484e-06
118  0.04364   1.0544e-05 |119 -0.01235   3.5971e-06 |120  0.00405  -1.3710e-05
121  0.12982  -9.8224e-06 |122  0.20100   8.4142e-06 |123 -0.99985   8.2561e-06
124  0.10788   1.2384e-05 |125 -0.01649   3.7740e-06 |126 -0.17377   3.0452e-06
127 -0.08279   2.0587e-05 |128  0.03267   2.0807e-05 |129  0.10209   2.0610e-05
130  0.16760   2.0203e-05 |131 -0.11761   2.0386e-05 |132 -0.06330   2.0672e-05
133 -0.00662   2.0809e-05 |134  0.00825   2.0817e-05 |135  0.12354   2.0500e-05
136 -0.05511   2.0702e-05 |137  0.12767   2.0476e-05 |138  0.07165   2.0727e-05
139 -0.04376   2.0738e-05 |140 -0.08131   2.0594e-05 |141  0.24109   1.9495e-05
142 -0.08553   2.0573e-05 |143 -0.05581   2.0699e-05 |144  0.00089   2.0814e-05
145  0.02869   2.0810e-05 |146 -0.01292   2.0802e-05 |147  0.10729   2.0586e-05
148 -0.07610   2.0618e-05 |149 -0.08524   2.0575e-05 |150  0.12587   2.0487e-05
151 -0.21303   1.9523e-05 |152  0.04477   2.0790e-05 |153  0.12422   2.0496e-05
154 -0.50277   1.4257e-05 |155 -0.07111   2.0640e-05 |156 -0.02329   2.0786e-05
157 -0.24729   1.9102e-05 |158 -0.07260   2.0634e-05 |159  0.12060   2.0517e-05
160  0.11914   2.0525e-05 |161  0.12757   2.0477e-05 |162  0.07201   2.0725e-05
163 -0.07295   2.0632e-05 |164 -0.05689   2.0696e-05 |165  0.24142   1.9492e-05
166 -0.03498   2.0761e-05 |167  0.00174   2.0815e-05 |168  0.02898   2.0810e-05
169  0.02583  -4.7800e-04 |170 -0.02057  -1.8470e-04 |171 -0.02222  -9.4942e-05
172  0.00136  -1.6493e-04 |173  0.04902  -7.7703e-05 |174  0.00927  -6.9552e-05
175  0.00725  -2.1584e-04 |176 -0.01473  -1.1340e-04 |177  0.00647  -8.0526e-05
178  0.07046  -4.2849e-06 |179  0.09197  -1.8201e-04 |180  0.08208  -4.2295e-05
181  0.02812  -1.9784e-04 |182 -0.05221  -1.7661e-04 |183 -0.05970  -6.5478e-05
184 -0.03975  -1.6842e-04 |185 -0.03810  -1.0074e-04 |186 -0.04804  -2.2163e-04
187 -0.07122  -7.8767e-05 |188 -0.05744  -1.0933e-04 |189 -0.00250  -1.0978e-04
190  0.00180  -3.7259e-05 |191  0.00101  -2.4782e-04 |192 -0.00742  -2.3883e-04
193 -0.04981  -2.6425e-05 |194 -0.10235  -1.2388e-04 |195 -0.02770  -2.4529e-04
196  0.02963  -3.3405e-04 |197 -0.00809   1.4730e-04 |198 -0.02082  -1.3103e-04
199 -0.01942  -6.0557e-05 |200 -0.01416  -2.2173e-04 |201 -0.00368  -7.0346e-05
202  0.09117  -7.2164e-05 |203  0.08681  -1.0261e-04 |204  0.06790  -2.6818e-04
205 -0.08149  -6.1986e-05 |206 -0.14845  -1.1248e-04 |207 -0.16749  -1.4991e-07
208 -0.11260  -3.1808e-05 |209 -0.07120  -1.3744e-04 |210  0.03642  -1.5436e-04
211  0.77337  -4.0050e-05 |212 -0.05626   4.7831e-05 |213  0.03595   6.7010e-05
214 -0.00830  -5.1176e-09 |215 -0.65600  -2.3507e-05 |216 -0.84564  -1.4786e-05
217  0.01749   2.2849e-05 |218 -0.16318  -6.6764e-05 |219 -0.24938  -6.6759e-06
220 -0.05392   1.4491e-05 |221  0.03625  -3.9244e-07 |222 -0.00161  -4.4827e-05
223  0.00863  -6.1471e-05 |224 -0.02864  -1.8424e-05 |225 -0.03603  -1.6959e-05
226  0.08975  -1.0435e-05 |227  0.07006  -3.0737e-05 |228  0.19541  -2.7607e-05
229  0.10415  -1.8413e-05 |230  0.09830  -6.0094e-05 |231  0.04946   5.6233e-06
232  0.05760  -1.7932e-05 |233  0.06401  -3.7825e-05 |234  0.12739  -2.7635e-05
235 -0.11618  -5.3383e-05 |236 -0.12359  -3.6984e-05 |237  0.00598  -4.1558e-05
238  0.02565  -3.0655e-05 |239 -0.11253  -2.3299e-05 |240 -0.15101  -2.6106e-05
241 -0.06597   6.4441e-06 |242  0.01206  -2.1910e-05 |243  0.04318  -7.6888e-06
244 -0.02341  -2.0333e-05 |245 -0.12253  -3.2429e-05 |246 -0.23359  -4.4833e-05
247 -0.10359  -4.4169e-05 |248  0.00245  -3.7708e-05 |249  0.05281  -3.5879e-05
250  0.08310  -1.9482e-05 |251  0.05586  -3.1533e-05 |252 -0.01656  -3.2322e-05
253 -0.00237  -1.1512e-05 |254  0.13241  -1.8074e-05 |255  0.19825  -1.5721e-05
256  0.23275  -2.9691e-05 |257 -0.14571  -3.4137e-05 |258  0.09621  -1.7799e-04
259  0.14960  -8.3609e-06 |260 -0.86790   7.3868e-05 |261 -0.84439   3.7345e-05
262 -1.20006   7.7305e-08 |263 -0.09673  -5.4519e-04 |264 -0.01396  -5.5140e-04
265 -0.30000  -4.9144e-04 |266  0.44780  -4.2059e-04 |267 -0.08255  -5.4691e-04
268 -0.39885  -4.4681e-04 |269 -0.42235  -4.3458e-04 |270  0.42694  -4.3205e-04
271  0.17580  -5.3063e-04 |272 -0.01849  -5.5130e-04 |273  0.79140  -1.7739e-04
274  0.45427  -4.1695e-04 |275  0.21244  -5.2110e-04 |276 -0.26636  -5.0398e-04
277 -0.56434  -3.4870e-04 |278  0.33831  -4.7545e-04 |279  0.44644  -4.2136e-04
280  0.05177  -5.4971e-04 |281  0.58213  -3.3653e-04 |282 -0.01874  -5.5130e-04
283  0.23907  -5.1308e-04 |284  0.22747  -5.1668e-04 |285 -0.23142  -5.1551e-04
286  0.17581  -5.3063e-04 |287  0.38742  -4.5249e-04 |288 -0.83865  -1.3844e-04
289 -0.38872  -4.5190e-04 |290 -0.39785  -4.4732e-04 |291 -0.56788  -3.4632e-04
292 -0.07014  -5.4819e-04 |293  0.44700  -4.2104e-04 |294 -0.32760  -4.8013e-04
295 -0.21337  -5.2086e-04 |296 -0.20002  -5.2455e-04 |297 -0.37674  -4.5777e-04
298  0.37425  -4.5892e-04 |299 -0.31954  -4.8352e-04 |300 -0.31166  -4.8677e-04
301  0.39468  -4.4887e-04 |302  0.24164  -5.1226e-04 |303  0.47187  -1.1130e-04
304  0.08844  -3.6276e-05 |305 -0.90724  -1.4126e-06 |306  0.25190  -3.6728e-05
307 -0.87921   1.4116e-04 |308 -0.52475   8.6060e-05 |
19.6101 7.17247 68.8896 45.0928 
11.1745 11.1745 48.9547 49.8758 
6.28856 9.27927 0 1.17109 11.3281 
0 2.00672 0 0 0.443185 19.3616 0 
3
4
5
variable out of bounds in boundpin: variable = 4.00001; min = -4; max = 4
variable out of bounds in boundpin: variable = -4.00005; min = -4; max = 4
19.6104 7.17253 68.8905 45.0936 
11.1739 11.1739 48.9547 49.8758 
6.28846 9.27957 0 1.17109 11.3281 
0 2.0067 0 0 0.443185 19.3616 0 
Estimating row 1 out of 308 for hessian
19.6104 7.17255 68.8906 45.0936 
11.1737 11.1737 48.9547 49.8757 
6.28846 9.27961 0 1.17109 11.3281 
0 2.0067 0 0 0.443185 19.3616 0 
19.6104 7.1725 68.8904 45.0936 
11.174 11.174 48.9547 49.8758 
6.28846 9.27954 0 1.17109 11.3281 
0 2.0067 0 0 0.443185 19.3616 0 
19.6104 7.17253 68.8905 45.0936 
11.1739 11.1739 48.9547 49.8758 
6.28846 9.27958 0 1.17109 11.3281 
0 2.0067 0 0 0.443185 19.3616 0 
19.6104 7.17252 68.8905 45.0936 
11.1739 11.1739 48.9547 49.8758 
6.28846 9.27957 0 1.17109 11.3281 
0 2.0067 0 0 0.443185 19.3616 0 
Estimating row 2 out of 308 for hessian
19.6105 7.17262 68.8909 45.0935 
11.1735 11.1735 48.9546 49.8757 
6.28846 9.27966 0 1.17109 11.3281 
0 2.0067 0 0 0.443185 19.3616 0 
19.6103 7.17243 68.89 45.0937 
11.1742 11.1742 48.9548 49.8758 
6.28846 9.27948 0 1.17109 11.3281 
0 2.0067 0 0 0.443185 19.3616 0 
19.6104 7.17253 68.8905 45.0936 
11.1738 11.1738 48.9547 49.8758 
6.28846 9.27958 0 1.17109 11.3281 
0 2.0067 0 0 0.443185 19.3616 0 
19.6104 7.17252 68.8904 45.0936 
11.1739 11.1739 48.9547 49.8758 
6.28846 9.27957 0 1.17109 11.3281 
0 2.0067 0 0 0.443185 19.3616 0 
Estimating row 3 out of 308 for hessian
19.6105 7.17265 68.8908 45.0934 
11.1735 11.1735 48.9546 49.8758 
6.28846 9.27967 0 1.17109 11.3281 
0 2.0067 0 0 0.443185 19.3616 0 
19.6103 7.1724 68.8901 45.0937 
11.1742 11.1742 48.9548 49.8758 
6.28846 9.27947 0 1.17109 11.3281 
0 2.0067 0 0 0.443185 19.3616 0 
19.6104 7.17254 68.8905 45.0936 
11.1738 11.1738 48.9547 49.8758 
6.28846 9.27958 0 1.17109 11.3281 
0 2.0067 0 0 0.443185 19.3616 0 
19.6104 7.17251 68.8904 45.0936 
11.1739 11.1739 48.9547 49.8758 
6.28846 9.27956 0 1.17109 11.3281 
0 2.0067 0 0 0.443185 19.3616 0 
Estimating row 4 out of 308 for hessian
19.6104 7.17269 68.8906 45.0934 
11.1736 11.1736 48.9547 49.8757 
6.28846 9.27971 0 1.17109 11.3281 
0 2.0067 0 0 0.443185 19.3616 0 
19.6103 7.17236 68.8903 45.0937 
11.1742 11.1742 48.9547 49.8758 
6.28846 9.27944 0 1.17109 11.3281 
0 2.0067 0 0 0.443185 19.3616 0 
19.6104 7.17254 68.8905 45.0936 
11.1738 11.1738 48.9547 49.8758 
6.28846 9.27959 0 1.17109 11.3281 
0 2.0067 0 0 0.443185 19.3616 0 
19.6104 7.17251 68.8904 45.0936 
11.1739 11.1739 48.9547 49.8758 
6.28846 9.27956 0 1.17109 11.3281 
0 2.0067 0 0 0.443185 19.3616 0 
Estimating row 5 out of 308 for hessian
19.6104 7.17268 68.8904 45.0934 
11.1737 11.1737 48.9547 49.8758 
6.28846 9.2797 0 1.17109 11.3281 
0 2.0067 0 0 0.443185 19.3616 0 
19.6104 7.17237 68.8905 45.0937 
11.1741 11.1741 48.9547 49.8757 
6.28846 9.27945 0 1.17109 11.3281 
0 2.0067 0 0 0.443185 19.3616 0 
19.6104 7.17254 68.8905 45.0936 
11.1738 11.1738 48.9547 49.8758 
6.28846 9.27959 0 1.17109 11.3281 
0 2.0067 0 0 0.443185 19.3616 0 
19.6104 7.17251 68.8905 45.0936 
11.1739 11.1739 48.9547 49.8758 
6.28846 9.27956 0 1.17109 11.3281 
0 2.0067 0 0 0.443185 19.3616 0 
Estimating row 6 out of 308 for hessian
19.6104 7.17267 68.8904 45.0934 
11.1738 11.1738 48.9547 49.8758 
6.28846 9.27971 0 1.17109 11.3281 
0 2.0067 0 0 0.443185 19.3616 0 
19.6104 7.17238 68.8906 45.0937 
11.174 11.174 48.9547 49.8757 
6.28846 9.27944 0 1.17109 11.3281 
0 2.0067 0 0 0.443185 19.3616 0 
19.6104 7.17254 68.8905 45.0936 
11.1739 11.1739 48.9547 49.8758 
6.28846 9.27959 0 1.17109 11.3281 
0 2.0067 0 0 0.443185 19.3616 0 
19.6104 7.17251 68.8905 45.0936 
11.1739 11.1739 48.9547 49.8758 
6.28846 9.27956 0 1.17109 11.3281 
0 2.0067 0 0 0.443185 19.3616 0 
Estimating row 7 out of 308 for hessian
19.6104 7.17264 68.8903 45.0935 
11.1738 11.1738 48.9548 49.8757 
6.28846 9.2797 0 1.17109 11.3281 
0 2.0067 0 0 0.443185 19.3616 0 
19.6104 7.17241 68.8907 45.0936 
11.1739 11.1739 48.9546 49.8758 
6.28846 9.27945 0 1.17109 11.3281 
0 2.0067 0 0 0.443185 19.3616 0 
19.6104 7.17254 68.8904 45.0936 
11.1739 11.1739 48.9547 49.8758 
6.28846 9.27959 0 1.17109 11.3281 
0 2.0067 0 0 0.443185 19.3616 0 
19.6104 7.17251 68.8905 45.0936 
11.1739 11.1739 48.9547 49.8758 
6.28846 9.27956 0 1.17109 11.3281 
0 2.0067 0 0 0.443185 19.3616 0 
Estimating row 8 out of 308 for hessian
19.6104 7.17262 68.8903 45.0935 
11.1738 11.1738 48.9547 49.8758 
6.28846 9.2797 0 1.17109 11.3281 
0 2.0067 0 0 0.443185 19.3616 0 
19.6104 7.17243 68.8906 45.0936 
11.174 11.174 48.9547 49.8757 
6.28846 9.27945 0 1.17109 11.3281 
0 2.0067 0 0 0.443185 19.3616 0 
19.6104 7.17254 68.8904 45.0936 
11.1739 11.1739 48.9547 49.8758 
6.28846 9.27959 0 1.17109 11.3281 
0 2.0067 0 0 0.443185 19.3616 0 
19.6104 7.17252 68.8905 45.0936 
11.1739 11.1739 48.9547 49.8758 
6.28846 9.27956 0 1.17109 11.3281 
0 2.0067 0 0 0.443185 19.3616 0 
Estimating row 9 out of 308 for hessian
19.6104 7.17263 68.8903 45.0934 
11.1738 11.1738 48.9547 49.8758 
6.28846 9.27976 0 1.17109 11.3281 
0 2.0067 0 0 0.443185 19.3616 0 
19.6104 7.17242 68.8906 45.0937 
11.174 11.174 48.9547 49.8757 
6.28846 9.27939 0 1.17109 11.3281 
0 2.0067 0 0 0.443185 19.3616 0 
19.6104 7.17254 68.8904 45.0936 
11.1739 11.1739 48.9547 49.8758 
6.28846 9.27959 0 1.17109 11.3281 
0 2.0067 0 0 0.443185 19.3616 0 
19.6104 7.17252 68.8905 45.0936 
11.1739 11.1739 48.9547 49.8758 
6.28846 9.27956 0 1.17109 11.3281 
0 2.0067 0 0 0.443185 19.3616 0 
Estimating row 10 out of 308 for hessian
19.6104 7.17259 68.8902 45.0936 
11.1738 11.1738 48.9549 49.8757 
6.28846 9.27975 0 1.17109 11.3281 
0 2.0067 0 0 0.443185 19.3616 0 
19.6104 7.17246 68.8907 45.0936 
11.174 11.174 48.9545 49.8759 
6.28846 9.2794 0 1.17109 11.3281 
0 2.0067 0 0 0.443185 19.3616 0 
19.6104 7.17253 68.8904 45.0936 
11.1739 11.1739 48.9547 49.8758 
6.28846 9.27959 0 1.17109 11.3281 
0 2.0067 0 0 0.443185 19.3616 0 
19.6104 7.17252 68.8905 45.0936 
11.1739 11.1739 48.9547 49.8758 
6.28846 9.27956 0 1.17109 11.3281 
0 2.0067 0 0 0.443185 19.3616 0 
Estimating row 11 out of 308 for hessian
19.6104 7.17257 68.8903 45.0936 
11.1737 11.1737 48.9547 49.8758 
6.28846 9.27969 0 1.17109 11.3281 
0 2.0067 0 0 0.443185 19.3616 0 
19.6104 7.17248 68.8906 45.0935 
11.174 11.174 48.9547 49.8757 
6.28846 9.27946 0 1.17109 11.3281 
0 2.0067 0 0 0.443185 19.3616 0 
19.6104 7.17253 68.8904 45.0936 
11.1739 11.1739 48.9547 49.8758 
6.28846 9.27959 0 1.17109 11.3281 
0 2.0067 0 0 0.443185 19.3616 0 
19.6104 7.17252 68.8905 45.0936 
11.1739 11.1739 48.9547 49.8758 
6.28846 9.27956 0 1.17109 11.3281 
0 2.0067 0 0 0.443185 19.3616 0 
Estimating row 12 out of 308 for hessian
19.6104 7.17257 68.8904 45.0937 
11.1737 11.1737 48.9546 49.8759 
6.28846 9.27967 0 1.17109 11.3281 
0 2.0067 0 0 0.443185 19.3616 0 
19.6104 7.17248 68.8905 45.0935 
11.1741 11.1741 48.9548 49.8756 
6.28846 9.27948 0 1.17109 11.3281 
0 2.0067 0 0 0.443185 19.3616 0 
19.6104 7.17253 68.8905 45.0936 
11.1738 11.1738 48.9547 49.8758 
6.28846 9.27958 0 1.17109 11.3281 
0 2.0067 0 0 0.443185 19.3616 0 
19.6104 7.17252 68.8905 45.0936 
11.1739 11.1739 48.9547 49.8758 
6.28846 9.27957 0 1.17109 11.3281 
0 2.0067 0 0 0.443185 19.3616 0 
Estimating row 13 out of 308 for hessian
19.6104 7.17256 68.8904 45.0937 
11.1737 11.1737 48.9547 49.8757 
6.28846 9.27964 0 1.17109 11.3281 
0 2.0067 0 0 0.443185 19.3616 0 
19.6104 7.17249 68.8905 45.0934 
11.174 11.174 48.9547 49.8758 
6.28846 9.27951 0 1.17109 11.3281 
0 2.0067 0 0 0.443185 19.3616 0 
19.6104 7.17253 68.8905 45.0936 
11.1738 11.1738 48.9547 49.8758 
6.28846 9.27958 0 1.17109 11.3281 
0 2.0067 0 0 0.443185 19.3616 0 
19.6104 7.17252 68.8905 45.0936 
11.1739 11.1739 48.9547 49.8758 
6.28846 9.27957 0 1.17109 11.3281 
0 2.0067 0 0 0.443185 19.3616 0 
Estimating row 14 out of 308 for hessian
19.6104 7.17254 68.8904 45.0936 
11.1738 11.1738 48.9548 49.8757 
6.28846 9.2796 0 1.17109 11.3281 
0 2.0067 0 0 0.443185 19.3616 0 
19.6104 7.17251 68.8905 45.0935 
11.1739 11.1739 48.9546 49.8758 
6.28846 9.27955 0 1.17109 11.3281 
0 2.0067 0 0 0.443185 19.3616 0 
19.6104 7.17253 68.8905 45.0936 
11.1739 11.1739 48.9547 49.8758 
6.28846 9.27958 0 1.17109 11.3281 
0 2.0067 0 0 0.443185 19.3616 0 
19.6104 7.17252 68.8905 45.0936 
11.1739 11.1739 48.9547 49.8758 
6.28846 9.27957 0 1.17109 11.3281 
0 2.0067 0 0 0.443185 19.3616 0 
Estimating row 15 out of 308 for hessian
19.6104 7.17253 68.8904 45.0936 
11.1738 11.1738 48.9547 49.8758 
6.28846 9.27958 0 1.17109 11.3281 
0 2.0067 0 0 0.443185 19.3616 0 
19.6104 7.17252 68.8905 45.0936 
11.1739 11.1739 48.9547 49.8758 
6.28846 9.27957 0 1.17109 11.3281 
0 2.0067 0 0 0.443185 19.3616 0 
19.6104 7.17253 68.8905 45.0936 
11.1739 11.1739 48.9547 49.8758 
6.28846 9.27958 0 1.17109 11.3281 
0 2.0067 0 0 0.443185 19.3616 0 
19.6104 7.17252 68.8905 45.0936 
11.1739 11.1739 48.9547 49.8758 
6.28846 9.27957 0 1.17109 11.3281 
0 2.0067 0 0 0.443185 19.3616 0 
Estimating row 16 out of 308 for hessian
19.6104 7.17253 68.8905 45.0936 
11.1739 11.1739 48.9547 49.8758 
6.28846 9.27958 0 1.17109 11.3281 
0 2.0067 0 0 0.443185 19.3616 0 
19.6104 7.17252 68.8905 45.0936 
11.1739 11.1739 48.9547 49.8758 
6.28846 9.27957 0 1.17109 11.3281 
0 2.0067 0 0 0.443185 19.3616 0 
19.6104 7.17253 68.8905 45.0936 
11.1739 11.1739 48.9547 49.8758 
6.28846 9.27957 0 1.17109 11.3281 
0 2.0067 0 0 0.443185 19.3616 0 
19.6104 7.17253 68.8905 45.0936 
11.1739 11.1739 48.9547 49.8758 
6.28846 9.27957 0 1.17109 11.3281 
0 2.0067 0 0 0.443185 19.3616 0 
Estimating row 17 out of 308 for hessian
19.6104 7.17253 68.8905 45.0936 
11.1739 11.1739 48.9547 49.8758 
6.28846 9.27957 0 1.17109 11.3281 
0 2.0067 0 0 0.443185 19.3616 0 
19.6104 7.17253 68.8905 45.0936 
11.1739 11.1739 48.9547 49.8758 
6.28846 9.27957 0 1.17109 11.3281 
0 2.0067 0 0 0.443185 19.3616 0 
19.6104 7.17253 68.8905 45.0936 
11.1739 11.1739 48.9547 49.8758 
6.28846 9.27957 0 1.17109 11.3281 
0 2.0067 0 0 0.443185 19.3616 0 
19.6104 7.17253 68.8905 45.0936 
11.1739 11.1739 48.9547 49.8758 
6.28846 9.27957 0 1.17109 11.3281 
0 2.0067 0 0 0.443185 19.3616 0 
Estimating row 18 out of 308 for hessian
19.6104 7.17253 68.8905 45.0936 
11.1739 11.1739 48.9547 49.8758 
6.28846 9.27957 0 1.17109 11.3281 
0 2.0067 0 0 0.443185 19.3616 0 
19.6104 7.17253 68.8905 45.0936 
11.1739 11.1739 48.9547 49.8758 
6.28846 9.27957 0 1.17109 11.3281 
0 2.0067 0 0 0.443185 19.3616 0 
19.6104 7.17253 68.8905 45.0936 
11.1739 11.1739 48.9547 49.8758 
6.28846 9.27957 0 1.17109 11.3281 
0 2.0067 0 0 0.443185 19.3616 0 
19.6104 7.17253 68.8905 45.0936 
11.1739 11.1739 48.9547 49.8758 
6.28846 9.27957 0 1.17109 11.3281 
0 2.0067 0 0 0.443185 19.3616 0 
Estimating row 19 out of 308 for hessian
19.6104 7.17253 68.8905 45.0936 
11.1739 11.1739 48.9547 49.8758 
6.28846 9.27957 0 1.17109 11.3281 
0 2.0067 0 0 0.443185 19.3616 0 
19.6104 7.17253 68.8905 45.0936 
11.1739 11.1739 48.9547 49.8758 
6.28846 9.27957 0 1.17109 11.3281 
0 2.0067 0 0 0.443185 19.3616 0 
19.6104 7.17253 68.8905 45.0936 
11.1739 11.1739 48.9547 49.8758 
6.28846 9.27957 0 1.17109 11.3281 
0 2.0067 0 0 0.443185 19.3616 0 
19.6104 7.17253 68.8905 45.0936 
11.1739 11.1739 48.9547 49.8758 
6.28846 9.27957 0 1.17109 11.3281 
0 2.0067 0 0 0.443185 19.3616 0 
Estimating row 20 out of 308 for hessian
19.6104 7.17253 68.8905 45.0936 
11.1739 11.1739 48.9547 49.8758 
6.28846 9.27957 0 1.17109 11.3281 
0 2.0067 0 0 0.443185 19.3616 0 
19.6104 7.17253 68.8905 45.0936 
11.1739 11.1739 48.9547 49.8758 
6.28846 9.27957 0 1.17109 11.3281 
0 2.0067 0 0 0.443185 19.3616 0 
19.6104 7.17253 68.8905 45.0936 
11.1739 11.1739 48.9547 49.8758 
6.28846 9.27957 0 1.17109 11.3281 
0 2.0067 0 0 0.443185 19.3616 0 
19.6104 7.17253 68.8905 45.0936 
11.1739 11.1739 48.9547 49.8758 
6.28846 9.27957 0 1.17109 11.3281 
0 2.0067 0 0 0.443185 19.3616 0 
Estimating row 21 out of 308 for hessian
19.6104 7.17253 68.8905 45.0936 
11.1739 11.1739 48.9547 49.8758 
6.28846 9.27957 0 1.17109 11.3281 
0 2.0067 0 0 0.443185 19.3616 0 
19.6104 7.17253 68.8905 45.0936 
11.1739 11.1739 48.9547 49.8758 
6.28846 9.27957 0 1.17109 11.3281 
0 2.0067 0 0 0.443185 19.3616 0 
19.6104 7.17253 68.8905 45.0936 
11.1739 11.1739 48.9547 49.8758 
6.28846 9.27957 0 1.17109 11.3281 
0 2.0067 0 0 0.443185 19.3616 0 
19.6104 7.17253 68.8905 45.0936 
11.1739 11.1739 48.9547 49.8758 
6.28846 9.27957 0 1.17109 11.3281 
0 2.0067 0 0 0.443185 19.3616 0 
Estimating row 22 out of 308 for hessian
19.6104 7.17253 68.8905 45.0936 
11.1739 11.1739 48.9547 49.8758 
6.28846 9.27957 0 1.17109 11.3281 
0 2.0067 0 0 0.443185 19.3616 0 
19.6104 7.17252 68.8905 45.0936 
11.1739 11.1739 48.9547 49.8758 
6.28846 9.27957 0 1.17109 11.3281 
0 2.0067 0 0 0.443185 19.3616 0 
19.6104 7.17253 68.8905 45.0936 
11.1739 11.1739 48.9547 49.8758 
6.28846 9.27957 0 1.17109 11.3281 
0 2.0067 0 0 0.443185 19.3616 0 
19.6104 7.17253 68.8905 45.0936 
11.1739 11.1739 48.9547 49.8758 
6.28846 9.27957 0 1.17109 11.3281 
0 2.0067 0 0 0.443185 19.3616 0 
Estimating row 23 out of 308 for hessian
19.6104 7.17253 68.8905 45.0936 
11.1739 11.1739 48.9547 49.8758 
6.28846 9.27957 0 1.17109 11.3281 
0 2.0067 0 0 0.443185 19.3616 0 
19.6104 7.17253 68.8905 45.0936 
11.1739 11.1739 48.9547 49.8758 
6.28846 9.27957 0 1.17109 11.3281 
0 2.0067 0 0 0.443185 19.3616 0 
19.6104 7.17253 68.8905 45.0936 
11.1739 11.1739 48.9547 49.8758 
6.28846 9.27957 0 1.17109 11.3281 
0 2.0067 0 0 0.443185 19.3616 0 
19.6104 7.17253 68.8905 45.0936 
11.1739 11.1739 48.9547 49.8758 
6.28846 9.27957 0 1.17109 11.3281 
0 2.0067 0 0 0.443185 19.3616 0 
Estimating row 24 out of 308 for hessian
19.6104 7.17253 68.8905 45.0936 
11.1739 11.1739 48.9547 49.8758 
6.28846 9.27957 0 1.17109 11.3281 
0 2.0067 0 0 0.443185 19.3616 0 
19.6104 7.17252 68.8905 45.0936 
11.1739 11.1739 48.9547 49.8758 
6.28846 9.27957 0 1.17109 11.3281 
0 2.0067 0 0 0.443185 19.3616 0 
19.6104 7.17253 68.8905 45.0936 
11.1739 11.1739 48.9547 49.8758 
6.28846 9.27957 0 1.17109 11.3281 
0 2.0067 0 0 0.443185 19.3616 0 
19.6104 7.17253 68.8905 45.0936 
11.1739 11.1739 48.9547 49.8758 
6.28846 9.27957 0 1.17109 11.3281 
0 2.0067 0 0 0.443185 19.3616 0 
Estimating row 25 out of 308 for hessian
19.6104 7.17253 68.8905 45.0936 
11.1739 11.1739 48.9547 49.8758 
6.28846 9.27957 0 1.17109 11.3281 
0 2.0067 0 0 0.443185 19.3616 0 
19.6104 7.17252 68.8905 45.0936 
11.1739 11.1739 48.9547 49.8758 
6.28846 9.27957 0 1.17109 11.3281 
0 2.0067 0 0 0.443185 19.3616 0 
19.6104 7.17253 68.8905 45.0936 
11.1739 11.1739 48.9547 49.8758 
6.28846 9.27957 0 1.17109 11.3281 
0 2.0067 0 0 0.443185 19.3616 0 
19.6104 7.17252 68.8905 45.0936 
11.1739 11.1739 48.9547 49.8758 
6.28846 9.27957 0 1.17109 11.3281 
0 2.0067 0 0 0.443185 19.3616 0 
Estimating row 26 out of 308 for hessian
19.6104 7.17254 68.8905 45.0936 
11.1739 11.1739 48.9547 49.8758 
6.28846 9.27957 0 1.17109 11.3281 
0 2.0067 0 0 0.443185 19.3616 0 
19.6104 7.17251 68.8905 45.0936 
11.1739 11.1739 48.9547 49.8758 
6.28846 9.27957 0 1.17109 11.3281 
0 2.0067 0 0 0.443185 19.3616 0 
19.6104 7.17253 68.8905 45.0936 
11.1739 11.1739 48.9547 49.8758 
6.28846 9.27957 0 1.17109 11.3281 
0 2.0067 0 0 0.443185 19.3616 0 
19.6104 7.17252 68.8905 45.0936 
11.1739 11.1739 48.9547 49.8758 
6.28846 9.27957 0 1.17109 11.3281 
0 2.0067 0 0 0.443185 19.3616 0 
Estimating row 27 out of 308 for hessian
19.6104 7.17255 68.8905 45.0935 
11.1739 11.1739 48.9547 49.8758 
6.28846 9.27957 0 1.17109 11.3281 
0 2.0067 0 0 0.443185 19.3616 0 
19.6104 7.1725 68.8905 45.0936 
11.1739 11.1739 48.9547 49.8758 
6.28846 9.27957 0 1.17109 11.3281 
0 2.0067 0 0 0.443185 19.3616 0 
19.6104 7.17253 68.8905 45.0936 
11.1739 11.1739 48.9547 49.8758 
6.28846 9.27957 0 1.17109 11.3281 
0 2.0067 0 0 0.443185 19.3616 0 
19.6104 7.17252 68.8905 45.0936 
11.1739 11.1739 48.9547 49.8758 
6.28846 9.27957 0 1.17109 11.3281 
0 2.0067 0 0 0.443185 19.3616 0 
Estimating row 28 out of 308 for hessian
19.6104 7.17256 68.8905 45.0935 
11.1739 11.1739 48.9547 49.8758 
6.28846 9.27958 0 1.17109 11.3281 
0 2.0067 0 0 0.443185 19.3616 0 
19.6104 7.17249 68.8905 45.0936 
11.1739 11.1739 48.9547 49.8758 
6.28846 9.27957 0 1.17109 11.3281 
0 2.0067 0 0 0.443185 19.3616 0 
19.6104 7.17253 68.8905 45.0936 
11.1739 11.1739 48.9547 49.8758 
6.28846 9.27957 0 1.17109 11.3281 
0 2.0067 0 0 0.443185 19.3616 0 
19.6104 7.17252 68.8905 45.0936 
11.1739 11.1739 48.9547 49.8758 
6.28846 9.27957 0 1.17109 11.3281 
0 2.0067 0 0 0.443185 19.3616 0 
Estimating row 29 out of 308 for hessian
19.6104 7.17255 68.8905 45.0935 
11.1739 11.1739 48.9547 49.8758 
6.28846 9.27958 0 1.17109 11.3281 
0 2.0067 0 0 0.443185 19.3616 0 
19.6104 7.1725 68.8905 45.0936 
11.1739 11.1739 48.9547 49.8758 
6.28846 9.27957 0 1.17109 11.3281 
0 2.0067 0 0 0.443185 19.3616 0 
19.6104 7.17253 68.8905 45.0936 
11.1739 11.1739 48.9547 49.8758 
6.28846 9.27957 0 1.17109 11.3281 
0 2.0067 0 0 0.443185 19.3616 0 
19.6104 7.17252 68.8905 45.0936 
11.1739 11.1739 48.9547 49.8758 
6.28846 9.27957 0 1.17109 11.3281 
0 2.0067 0 0 0.443185 19.3616 0 
Estimating row 30 out of 308 for hessian
19.6104 7.17255 68.8905 45.0935 
11.1739 11.1739 48.9547 49.8758 
6.28846 9.27958 0 1.17109 11.3281 
0 2.0067 0 0 0.443185 19.3616 0 
19.6104 7.1725 68.8905 45.0936 
11.1739 11.1739 48.9547 49.8758 
6.28846 9.27957 0 1.17109 11.3281 
0 2.0067 0 0 0.443185 19.3616 0 
19.6104 7.17253 68.8905 45.0936 
11.1739 11.1739 48.9547 49.8758 
6.28846 9.27958 0 1.17109 11.3281 
0 2.0067 0 0 0.443185 19.3616 0 
19.6104 7.17252 68.8905 45.0936 
11.1739 11.1739 48.9547 49.8758 
6.28846 9.27957 0 1.17109 11.3281 
0 2.0067 0 0 0.443185 19.3616 0 
Estimating row 31 out of 308 for hessian
19.6104 7.17256 68.8905 45.0935 
11.1739 11.1739 48.9547 49.8757 
6.28846 9.2796 0 1.17109 11.3281 
0 2.0067 0 0 0.443185 19.3616 0 
19.6104 7.17249 68.8905 45.0936 
11.1739 11.1739 48.9547 49.8758 
6.28846 9.27955 0 1.17109 11.3281 
0 2.0067 0 0 0.443185 19.3616 0 
19.6104 7.17253 68.8905 45.0936 
11.1739 11.1739 48.9547 49.8758 
6.28846 9.27958 0 1.17109 11.3281 
0 2.0067 0 0 0.443185 19.3616 0 
19.6104 7.17252 68.8905 45.0936 
11.1739 11.1739 48.9547 49.8758 
6.28846 9.27957 0 1.17109 11.3281 
0 2.0067 0 0 0.443185 19.3616 0 
Estimating row 32 out of 308 for hessian
19.6104 7.17255 68.8905 45.0935 
11.1739 11.1739 48.9547 49.8757 
6.28846 9.27962 0 1.17109 11.3281 
0 2.0067 0 0 0.443185 19.3616 0 
19.6104 7.1725 68.8905 45.0936 
11.1739 11.1739 48.9547 49.8758 
6.28846 9.27953 0 1.17109 11.3281 
0 2.0067 0 0 0.443185 19.3616 0 
19.6104 7.17253 68.8905 45.0936 
11.1739 11.1739 48.9547 49.8758 
6.28846 9.27958 0 1.17109 11.3281 
0 2.0067 0 0 0.443185 19.3616 0 
19.6104 7.17252 68.8905 45.0936 
11.1739 11.1739 48.9547 49.8758 
6.28846 9.27957 0 1.17109 11.3281 
0 2.0067 0 0 0.443185 19.3616 0 
Estimating row 33 out of 308 for hessian
19.6104 7.17254 68.8905 45.0935 
11.1739 11.1739 48.9547 49.8758 
6.28846 9.27965 0 1.17109 11.3281 
0 2.0067 0 0 0.443185 19.3616 0 
19.6104 7.17251 68.8905 45.0937 
11.1739 11.1739 48.9547 49.8757 
6.28846 9.2795 0 1.17109 11.3281 
0 2.0067 0 0 0.443185 19.3616 0 
19.6104 7.17253 68.8905 45.0936 
11.1739 11.1739 48.9547 49.8758 
6.28846 9.27958 0 1.17109 11.3281 
0 2.0067 0 0 0.443185 19.3616 0 
19.6104 7.17252 68.8905 45.0936 
11.1739 11.1739 48.9547 49.8758 
6.28846 9.27957 0 1.17109 11.3281 
0 2.0067 0 0 0.443185 19.3616 0 
Estimating row 34 out of 308 for hessian
19.6104 7.17254 68.8905 45.0934 
11.1738 11.1738 48.9547 49.8758 
6.28846 9.27968 0 1.17109 11.3281 
0 2.0067 0 0 0.443185 19.3616 0 
19.6104 7.17251 68.8905 45.0937 
11.1739 11.1739 48.9547 49.8758 
6.28846 9.27947 0 1.17109 11.3281 
0 2.0067 0 0 0.443185 19.3616 0 
19.6104 7.17253 68.8905 45.0936 
11.1739 11.1739 48.9547 49.8758 
6.28846 9.27958 0 1.17109 11.3281 
0 2.0067 0 0 0.443185 19.3616 0 
19.6104 7.17252 68.8905 45.0936 
11.1739 11.1739 48.9547 49.8758 
6.28846 9.27956 0 1.17109 11.3281 
0 2.0067 0 0 0.443185 19.3616 0 
Estimating row 35 out of 308 for hessian
19.6104 7.17254 68.8905 45.0936 
11.1738 11.1738 48.9547 49.8756 
6.28846 9.27977 0 1.17109 11.3281 
0 2.0067 0 0 0.443185 19.3616 0 
19.6104 7.17251 68.8905 45.0935 
11.174 11.174 48.9547 49.8759 
6.28846 9.27938 0 1.17109 11.3281 
0 2.0067 0 0 0.443185 19.3616 0 
19.6104 7.17253 68.8905 45.0936 
11.1739 11.1739 48.9547 49.8757 
6.28846 9.27959 0 1.17109 11.3281 
0 2.0067 0 0 0.443185 19.3616 0 
19.6104 7.17252 68.8905 45.0936 
11.1739 11.1739 48.9547 49.8758 
6.28846 9.27955 0 1.17109 11.3281 
0 2.0067 0 0 0.443185 19.3616 0 
Estimating row 36 out of 308 for hessian
19.6104 7.17254 68.8905 45.0937 
11.1736 11.1736 48.9544 49.8759 
6.28846 9.27975 0 1.17109 11.3281 
0 2.0067 0 0 0.443185 19.3616 0 
19.6104 7.17251 68.8905 45.0934 
11.1741 11.1741 48.955 49.8756 
6.28846 9.27939 0 1.17109 11.3281 
0 2.0067 0 0 0.443185 19.3616 0 
19.6104 7.17253 68.8905 45.0936 
11.1738 11.1738 48.9547 49.8758 
6.28846 9.27959 0 1.17109 11.3281 
0 2.0067 0 0 0.443185 19.3616 0 
19.6104 7.17252 68.8905 45.0936 
11.1739 11.1739 48.9547 49.8757 
6.28846 9.27956 0 1.17109 11.3281 
0 2.0067 0 0 0.443185 19.3616 0 
Estimating row 37 out of 308 for hessian
19.6104 7.17253 68.8905 45.0937 
11.1736 11.1736 48.9546 49.8759 
6.28846 9.27963 0 1.17109 11.3281 
0 2.0067 0 0 0.443185 19.3616 0 
19.6104 7.17252 68.8905 45.0935 
11.1741 11.1741 48.9548 49.8757 
6.28846 9.27952 0 1.17109 11.3281 
0 2.0067 0 0 0.443185 19.3616 0 
19.6104 7.17253 68.8905 45.0936 
11.1738 11.1738 48.9547 49.8758 
6.28846 9.27958 0 1.17109 11.3281 
0 2.0067 0 0 0.443185 19.3616 0 
19.6104 7.17252 68.8905 45.0936 
11.1739 11.1739 48.9547 49.8758 
6.28846 9.27957 0 1.17109 11.3281 
0 2.0067 0 0 0.443185 19.3616 0 
Estimating row 38 out of 308 for hessian
19.6104 7.17253 68.8905 45.0936 
11.1737 11.1737 48.9548 49.8757 
6.28846 9.27959 0 1.17109 11.3281 
0 2.0067 0 0 0.443185 19.3616 0 
19.6104 7.17252 68.8905 45.0935 
11.174 11.174 48.9546 49.8758 
6.28846 9.27956 0 1.17109 11.3281 
0 2.0067 0 0 0.443185 19.3616 0 
19.6104 7.17253 68.8905 45.0936 
11.1739 11.1739 48.9547 49.8758 
6.28846 9.27958 0 1.17109 11.3281 
0 2.0067 0 0 0.443185 19.3616 0 
19.6104 7.17252 68.8905 45.0936 
11.1739 11.1739 48.9547 49.8758 
6.28846 9.27957 0 1.17109 11.3281 
0 2.0067 0 0 0.443185 19.3616 0 
Estimating row 39 out of 308 for hessian
19.6104 7.17253 68.8905 45.0936 
11.1738 11.1738 48.9548 49.8757 
6.28846 9.27958 0 1.17109 11.3281 
0 2.0067 0 0 0.443185 19.3616 0 
19.6104 7.17252 68.8905 45.0936 
11.1739 11.1739 48.9546 49.8758 
6.28846 9.27957 0 1.17109 11.3281 
0 2.0067 0 0 0.443185 19.3616 0 
19.6104 7.17253 68.8905 45.0936 
11.1739 11.1739 48.9547 49.8758 
6.28846 9.27957 0 1.17109 11.3281 
0 2.0067 0 0 0.443185 19.3616 0 
19.6104 7.17253 68.8905 45.0936 
11.1739 11.1739 48.9547 49.8758 
6.28846 9.27957 0 1.17109 11.3281 
0 2.0067 0 0 0.443185 19.3616 0 
Estimating row 40 out of 308 for hessian
19.6104 7.17253 68.8905 45.0936 
11.1738 11.1738 48.9548 49.8757 
6.28846 9.27957 0 1.17109 11.3281 
0 2.0067 0 0 0.443185 19.3616 0 
19.6104 7.17252 68.8905 45.0936 
11.1739 11.1739 48.9547 49.8758 
6.28846 9.27957 0 1.17109 11.3281 
0 2.0067 0 0 0.443185 19.3616 0 
19.6104 7.17253 68.8905 45.0936 
11.1739 11.1739 48.9547 49.8758 
6.28846 9.27957 0 1.17109 11.3281 
0 2.0067 0 0 0.443185 19.3616 0 
19.6104 7.17253 68.8905 45.0936 
11.1739 11.1739 48.9547 49.8758 
6.28846 9.27957 0 1.17109 11.3281 
0 2.0067 0 0 0.443185 19.3616 0 
Estimating row 41 out of 308 for hessian
19.6104 7.17253 68.8905 45.0936 
11.1739 11.1739 48.9547 49.8758 
6.28846 9.27957 0 1.17109 11.3281 
0 2.0067 0 0 0.443185 19.3616 0 
19.6104 7.17253 68.8905 45.0936 
11.1739 11.1739 48.9547 49.8758 
6.28846 9.27957 0 1.17109 11.3281 
0 2.0067 0 0 0.443185 19.3616 0 
19.6104 7.17253 68.8905 45.0936 
11.1739 11.1739 48.9547 49.8758 
6.28846 9.27957 0 1.17109 11.3281 
0 2.0067 0 0 0.443185 19.3616 0 
19.6104 7.17253 68.8905 45.0936 
11.1739 11.1739 48.9547 49.8758 
6.28846 9.27957 0 1.17109 11.3281 
0 2.0067 0 0 0.443185 19.3616 0 
Estimating row 42 out of 308 for hessian
19.6104 7.17253 68.8905 45.0936 
11.1739 11.1739 48.9547 49.8758 
6.28846 9.27957 0 1.17109 11.3281 
0 2.0067 0 0 0.443185 19.3616 0 
19.6104 7.17253 68.8905 45.0936 
11.1739 11.1739 48.9547 49.8758 
6.28846 9.27957 0 1.17109 11.3281 
0 2.0067 0 0 0.443185 19.3616 0 
19.6104 7.17253 68.8905 45.0936 
11.1739 11.1739 48.9547 49.8758 
6.28846 9.27957 0 1.17109 11.3281 
0 2.0067 0 0 0.443185 19.3616 0 
19.6104 7.17253 68.8905 45.0936 
11.1739 11.1739 48.9547 49.8758 
6.28846 9.27957 0 1.17109 11.3281 
0 2.0067 0 0 0.443185 19.3616 0 
Estimating row 43 out of 308 for hessian
19.6103 7.17251 68.8904 45.0936 
11.1741 11.1741 48.9547 49.8758 
6.28846 9.27945 0 1.17109 11.3281 
0 2.0067 0 0 0.443185 19.3616 0 
19.6104 7.17254 68.8905 45.0936 
11.1737 11.1737 48.9547 49.8758 
6.28846 9.2797 0 1.17109 11.3281 
0 2.0067 0 0 0.443185 19.3616 0 
19.6104 7.17252 68.8905 45.0936 
11.1739 11.1739 48.9547 49.8758 
6.28846 9.27956 0 1.17109 11.3281 
0 2.0067 0 0 0.443185 19.3616 0 
19.6104 7.17253 68.8905 45.0936 
11.1738 11.1738 48.9547 49.8758 
6.28846 9.27959 0 1.17109 11.3281 
0 2.0067 0 0 0.443185 19.3616 0 
Estimating row 44 out of 308 for hessian
19.6103 7.17254 68.8904 45.0936 
11.1741 11.1741 48.9547 49.8758 
6.28844 9.27948 0 1.17109 11.3281 
0 2.0067 0 0 0.443185 19.3616 0 
19.6104 7.17251 68.8905 45.0936 
11.1737 11.1737 48.9547 49.8758 
6.28848 9.27967 0 1.17109 11.3281 
0 2.00671 0 0 0.443185 19.3616 0 
19.6104 7.17253 68.8905 45.0936 
11.1739 11.1739 48.9547 49.8758 
6.28846 9.27956 0 1.17109 11.3281 
0 2.0067 0 0 0.443185 19.3616 0 
19.6104 7.17252 68.8905 45.0936 
11.1738 11.1738 48.9547 49.8758 
6.28846 9.27958 0 1.17109 11.3281 
0 2.0067 0 0 0.443185 19.3616 0 
Estimating row 45 out of 308 for hessian
19.6103 7.17256 68.8904 45.0936 
11.174 11.174 48.9547 49.8758 
6.28843 9.27949 0 1.17109 11.3281 
0 2.00671 0 0 0.443185 19.3616 0 
19.6105 7.17249 68.8905 45.0936 
11.1737 11.1737 48.9547 49.8758 
6.28849 9.27966 0 1.17109 11.3281 
0 2.0067 0 0 0.443185 19.3616 0 
19.6104 7.17253 68.8905 45.0936 
11.1739 11.1739 48.9547 49.8758 
6.28846 9.27957 0 1.17109 11.3281 
0 2.0067 0 0 0.443185 19.3616 0 
19.6104 7.17252 68.8905 45.0936 
11.1738 11.1738 48.9547 49.8758 
6.28846 9.27958 0 1.17109 11.3281 
0 2.0067 0 0 0.443185 19.3616 0 
Estimating row 46 out of 308 for hessian
19.6104 7.17257 68.8904 45.0936 
11.174 11.174 48.9547 49.8758 
6.2884 9.27952 0 1.17109 11.3281 
0 2.0067 0 0 0.443185 19.3616 0 
19.6104 7.17248 68.8905 45.0936 
11.1738 11.1738 48.9547 49.8758 
6.28852 9.27963 0 1.17109 11.3281 
0 2.00671 0 0 0.443185 19.3616 0 
19.6104 7.17253 68.8905 45.0936 
11.1739 11.1739 48.9547 49.8758 
6.28845 9.27957 0 1.17109 11.3281 
0 2.0067 0 0 0.443185 19.3616 0 
19.6104 7.17252 68.8905 45.0936 
11.1739 11.1739 48.9547 49.8758 
6.28846 9.27958 0 1.17109 11.3281 
0 2.0067 0 0 0.443185 19.3616 0 
Estimating row 47 out of 308 for hessian
19.6104 7.17257 68.8904 45.0936 
11.1739 11.1739 48.9547 49.8758 
6.2884 9.27953 0 1.17109 11.3281 
0 2.0067 0 0 0.443185 19.3616 0 
19.6104 7.17248 68.8905 45.0936 
11.1738 11.1738 48.9547 49.8758 
6.28852 9.27962 0 1.17109 11.3281 
0 2.0067 0 0 0.443185 19.3616 0 
19.6104 7.17253 68.8905 45.0936 
11.1739 11.1739 48.9547 49.8758 
6.28845 9.27957 0 1.17109 11.3281 
0 2.0067 0 0 0.443185 19.3616 0 
19.6104 7.17252 68.8905 45.0936 
11.1739 11.1739 48.9547 49.8758 
6.28847 9.27958 0 1.17109 11.3281 
0 2.0067 0 0 0.443185 19.3616 0 
Estimating row 48 out of 308 for hessian
19.6104 7.17257 68.8904 45.0936 
11.1739 11.1739 48.9547 49.8758 
6.28841 9.27954 0 1.17109 11.3281 
0 2.0067 0 0 0.443185 19.3616 0 
19.6104 7.17248 68.8905 45.0936 
11.1738 11.1738 48.9547 49.8758 
6.28851 9.27961 0 1.17109 11.3281 
0 2.0067 0 0 0.443185 19.3616 0 
19.6104 7.17253 68.8905 45.0936 
11.1739 11.1739 48.9547 49.8758 
6.28845 9.27957 0 1.17109 11.3281 
0 2.0067 0 0 0.443185 19.3616 0 
19.6104 7.17252 68.8905 45.0936 
11.1739 11.1739 48.9547 49.8758 
6.28846 9.27958 0 1.17109 11.3281 
0 2.0067 0 0 0.443185 19.3616 0 
Estimating row 49 out of 308 for hessian
19.6104 7.17257 68.8904 45.0936 
11.1739 11.1739 48.9547 49.8758 
6.28842 9.27957 0 1.17109 11.3281 
0 2.0067 0 0 0.443185 19.3616 0 
19.6104 7.17248 68.8905 45.0936 
11.1738 11.1738 48.9547 49.8758 
6.2885 9.27958 0 1.17109 11.3281 
0 2.0067 0 0 0.443185 19.3616 0 
19.6104 7.17253 68.8905 45.0936 
11.1739 11.1739 48.9547 49.8758 
6.28846 9.27957 0 1.17109 11.3281 
0 2.0067 0 0 0.443185 19.3616 0 
19.6104 7.17252 68.8905 45.0936 
11.1739 11.1739 48.9547 49.8758 
6.28846 9.27958 0 1.17109 11.3281 
0 2.0067 0 0 0.443185 19.3616 0 
Estimating row 50 out of 308 for hessian
19.6104 7.17256 68.8904 45.0936 
11.1739 11.1739 48.9547 49.8758 
6.28844 9.27959 0 1.17109 11.3281 
0 2.0067 0 0 0.443185 19.3616 0 
19.6104 7.17249 68.8905 45.0936 
11.1739 11.1739 48.9547 49.8758 
6.28848 9.27956 0 1.17109 11.3281 
0 2.0067 0 0 0.443185 19.3616 0 
19.6104 7.17253 68.8905 45.0936 
11.1739 11.1739 48.9547 49.8758 
6.28846 9.27958 0 1.17109 11.3281 
0 2.0067 0 0 0.443185 19.3616 0 
19.6104 7.17252 68.8905 45.0936 
11.1739 11.1739 48.9547 49.8758 
6.28846 9.27957 0 1.17109 11.3281 
0 2.0067 0 0 0.443185 19.3616 0 
Estimating row 51 out of 308 for hessian
19.6104 7.17256 68.8904 45.0936 
11.1738 11.1738 48.9547 49.8758 
6.28845 9.27962 0 1.17109 11.3281 
0 2.0067 0 0 0.443185 19.3616 0 
19.6104 7.17249 68.8905 45.0936 
11.1739 11.1739 48.9547 49.8758 
6.28846 9.27953 0 1.17109 11.3281 
0 2.0067 0 0 0.443185 19.3616 0 
19.6104 7.17253 68.8905 45.0936 
11.1739 11.1739 48.9547 49.8758 
6.28846 9.27958 0 1.17109 11.3281 
0 2.0067 0 0 0.443185 19.3616 0 
19.6104 7.17252 68.8905 45.0936 
11.1739 11.1739 48.9547 49.8758 
6.28846 9.27957 0 1.17109 11.3281 
0 2.0067 0 0 0.443185 19.3616 0 
Estimating row 52 out of 308 for hessian
19.6104 7.17253 68.8904 45.0936 
11.1738 11.1738 48.9547 49.8758 
6.28847 9.27966 0 1.17109 11.3281 
0 2.00671 0 0 0.443185 19.3616 0 
19.6104 7.17252 68.8905 45.0936 
11.1739 11.1739 48.9547 49.8758 
6.28845 9.27949 0 1.17109 11.3281 
0 2.0067 0 0 0.443185 19.3616 0 
19.6104 7.17253 68.8905 45.0936 
11.1739 11.1739 48.9547 49.8758 
6.28846 9.27958 0 1.17109 11.3281 
0 2.0067 0 0 0.443185 19.3616 0 
19.6104 7.17252 68.8905 45.0936 
11.1739 11.1739 48.9547 49.8758 
6.28846 9.27957 0 1.17109 11.3281 
0 2.0067 0 0 0.443185 19.3616 0 
Estimating row 53 out of 308 for hessian
19.6104 7.17253 68.8904 45.0936 
11.1739 11.1739 48.9547 49.8758 
6.28846 9.27963 0 1.17109 11.3281 
0 2.0067 0 0 0.443185 19.3616 0 
19.6104 7.17252 68.8905 45.0936 
11.1739 11.1739 48.9547 49.8758 
6.28846 9.27952 0 1.17109 11.3281 
0 2.00671 0 0 0.443185 19.3616 0 
19.6104 7.17253 68.8905 45.0936 
11.1739 11.1739 48.9547 49.8758 
6.28846 9.27958 0 1.17109 11.3281 
0 2.0067 0 0 0.443185 19.3616 0 
19.6104 7.17252 68.8905 45.0936 
11.1739 11.1739 48.9547 49.8758 
6.28846 9.27957 0 1.17109 11.3281 
0 2.0067 0 0 0.443185 19.3616 0 
Estimating row 54 out of 308 for hessian
19.6104 7.17253 68.8904 45.0936 
11.1738 11.1738 48.9547 49.8758 
6.28848 9.27961 0 1.17109 11.3281 
0 2.00671 0 0 0.443185 19.3616 0 
19.6104 7.17252 68.8905 45.0936 
11.1739 11.1739 48.9547 49.8758 
6.28844 9.27953 0 1.17109 11.3281 
0 2.0067 0 0 0.443185 19.3616 0 
19.6104 7.17253 68.8905 45.0936 
11.1739 11.1739 48.9547 49.8758 
6.28846 9.27958 0 1.17109 11.3281 
0 2.0067 0 0 0.443185 19.3616 0 
19.6104 7.17252 68.8905 45.0936 
11.1739 11.1739 48.9547 49.8758 
6.28846 9.27957 0 1.17109 11.3281 
0 2.0067 0 0 0.443185 19.3616 0 
Estimating row 55 out of 308 for hessian
19.6104 7.17255 68.8905 45.0936 
11.1738 11.1738 48.9547 49.8758 
6.28847 9.2796 0 1.17109 11.3281 
0 2.0067 0 0 0.443185 19.3616 0 
19.6104 7.1725 68.8904 45.0936 
11.174 11.174 48.9547 49.8758 
6.28844 9.27955 0 1.17109 11.3281 
0 2.0067 0 0 0.443185 19.3616 0 
19.6104 7.17253 68.8905 45.0936 
11.1739 11.1739 48.9547 49.8758 
6.28846 9.27958 0 1.17109 11.3281 
0 2.0067 0 0 0.443185 19.3616 0 
19.6104 7.17252 68.8905 45.0936 
11.1739 11.1739 48.9547 49.8758 
6.28846 9.27957 0 1.17109 11.3281 
0 2.0067 0 0 0.443185 19.3616 0 
Estimating row 56 out of 308 for hessian
19.6104 7.17257 68.8905 45.0936 
11.1738 11.1738 48.9547 49.8758 
6.28848 9.27959 0 1.17109 11.3281 
0 2.0067 0 0 0.443185 19.3616 0 
19.6104 7.17248 68.8904 45.0935 
11.174 11.174 48.9547 49.8758 
6.28844 9.27956 0 1.17109 11.3281 
0 2.0067 0 0 0.443185 19.3616 0 
19.6104 7.17253 68.8905 45.0936 
11.1739 11.1739 48.9547 49.8758 
6.28846 9.27958 0 1.17109 11.3281 
0 2.0067 0 0 0.443185 19.3616 0 
19.6104 7.17252 68.8905 45.0936 
11.1739 11.1739 48.9547 49.8758 
6.28846 9.27957 0 1.17109 11.3281 
0 2.0067 0 0 0.443185 19.3616 0 
Estimating row 57 out of 308 for hessian
19.6104 7.17257 68.8905 45.0936 
11.1737 11.1737 48.9547 49.8758 
6.2885 9.2796 0 1.17109 11.3281 
0 2.0067 0 0 0.443185 19.3616 0 
19.6104 7.17248 68.8904 45.0935 
11.1741 11.1741 48.9547 49.8758 
6.28842 9.27955 0 1.17109 11.3281 
0 2.0067 0 0 0.443185 19.3616 0 
19.6104 7.17253 68.8905 45.0936 
11.1738 11.1738 48.9547 49.8758 
6.28846 9.27958 0 1.17109 11.3281 
0 2.0067 0 0 0.443185 19.3616 0 
19.6104 7.17252 68.8905 45.0936 
11.1739 11.1739 48.9547 49.8758 
6.28846 9.27957 0 1.17109 11.3281 
0 2.0067 0 0 0.443185 19.3616 0 
Estimating row 58 out of 308 for hessian
19.6104 7.17259 68.8906 45.0936 
11.1736 11.1736 48.9547 49.8758 
6.28851 9.27963 0 1.17109 11.3281 
0 2.0067 0 0 0.443185 19.3616 0 
19.6104 7.17246 68.8904 45.0935 
11.1741 11.1741 48.9547 49.8758 
6.28841 9.27952 0 1.17109 11.3281 
0 2.0067 0 0 0.443185 19.3616 0 
19.6104 7.17253 68.8905 45.0936 
11.1738 11.1738 48.9547 49.8758 
6.28846 9.27958 0 1.17109 11.3281 
0 2.0067 0 0 0.443185 19.3616 0 
19.6104 7.17252 68.8905 45.0936 
11.1739 11.1739 48.9547 49.8758 
6.28845 9.27957 0 1.17109 11.3281 
0 2.0067 0 0 0.443185 19.3616 0 
Estimating row 59 out of 308 for hessian
19.6104 7.1726 68.8905 45.0936 
11.1737 11.1737 48.9547 49.8758 
6.28848 9.27962 0 1.17109 11.3281 
0 2.00671 0 0 0.443185 19.3616 0 
19.6104 7.17245 68.8904 45.0936 
11.174 11.174 48.9547 49.8758 
6.28844 9.27953 0 1.17109 11.3281 
0 2.0067 0 0 0.443185 19.3616 0 
19.6104 7.17253 68.8905 45.0936 
11.1738 11.1738 48.9547 49.8758 
6.28846 9.27958 0 1.17109 11.3281 
0 2.0067 0 0 0.443185 19.3616 0 
19.6104 7.17252 68.8905 45.0936 
11.1739 11.1739 48.9547 49.8758 
6.28846 9.27957 0 1.17109 11.3281 
0 2.0067 0 0 0.443185 19.3616 0 
Estimating row 60 out of 308 for hessian
19.6104 7.17259 68.8905 45.0936 
11.1738 11.1738 48.9547 49.8758 
6.28842 9.27958 0 1.17109 11.3281 
0 2.0067 0 0 0.443185 19.3616 0 
19.6104 7.17247 68.8905 45.0936 
11.1739 11.1739 48.9547 49.8758 
6.2885 9.27957 0 1.17109 11.3281 
0 2.00671 0 0 0.443185 19.3616 0 
19.6104 7.17253 68.8905 45.0936 
11.1739 11.1739 48.9547 49.8758 
6.28846 9.27957 0 1.17109 11.3281 
0 2.0067 0 0 0.443185 19.3616 0 
19.6104 7.17252 68.8905 45.0936 
11.1739 11.1739 48.9547 49.8758 
6.28846 9.27957 0 1.17109 11.3281 
0 2.0067 0 0 0.443185 19.3616 0 
Estimating row 61 out of 308 for hessian
19.6104 7.17258 68.8905 45.0936 
11.1738 11.1738 48.9547 49.8758 
6.28844 9.27958 0 1.17109 11.3281 
0 2.0067 0 0 0.443185 19.3616 0 
19.6104 7.17248 68.8904 45.0936 
11.1739 11.1739 48.9547 49.8758 
6.28848 9.27957 0 1.17109 11.3281 
0 2.00671 0 0 0.443185 19.3616 0 
19.6104 7.17253 68.8905 45.0936 
11.1739 11.1739 48.9547 49.8758 
6.28846 9.27957 0 1.17109 11.3281 
0 2.0067 0 0 0.443185 19.3616 0 
19.6104 7.17252 68.8905 45.0936 
11.1739 11.1739 48.9547 49.8758 
6.28846 9.27957 0 1.17109 11.3281 
0 2.0067 0 0 0.443185 19.3616 0 
Estimating row 62 out of 308 for hessian
19.6104 7.17255 68.8905 45.0936 
11.1738 11.1738 48.9547 49.8758 
6.28848 9.27958 0 1.17109 11.3281 
0 2.00671 0 0 0.443185 19.3616 0 
19.6104 7.1725 68.8904 45.0935 
11.1739 11.1739 48.9547 49.8758 
6.28844 9.27957 0 1.17109 11.3281 
0 2.0067 0 0 0.443185 19.3616 0 
19.6104 7.17253 68.8905 45.0936 
11.1739 11.1739 48.9547 49.8758 
6.28846 9.27957 0 1.17109 11.3281 
0 2.0067 0 0 0.443185 19.3616 0 
19.6104 7.17252 68.8905 45.0936 
11.1739 11.1739 48.9547 49.8758 
6.28846 9.27957 0 1.17109 11.3281 
0 2.0067 0 0 0.443185 19.3616 0 
Estimating row 63 out of 308 for hessian
19.6104 7.17256 68.8904 45.0936 
11.1739 11.1739 48.9547 49.8758 
6.28846 9.27953 0 1.17109 11.3281 
0 2.0067 0 0 0.443185 19.3616 0 
19.6104 7.17249 68.8905 45.0935 
11.1739 11.1739 48.9547 49.8758 
6.28846 9.27961 0 1.17109 11.3281 
0 2.00671 0 0 0.443185 19.3616 0 
19.6104 7.17253 68.8905 45.0936 
11.1739 11.1739 48.9547 49.8758 
6.28846 9.27957 0 1.17109 11.3281 
0 2.0067 0 0 0.443185 19.3616 0 
19.6104 7.17252 68.8905 45.0936 
11.1739 11.1739 48.9547 49.8758 
6.28846 9.27958 0 1.17109 11.3281 
0 2.0067 0 0 0.443185 19.3616 0 
Estimating row 64 out of 308 for hessian
19.6104 7.17257 68.8904 45.0936 
11.1739 11.1739 48.9547 49.8758 
6.28845 9.27951 0 1.17109 11.3281 
0 2.0067 0 0 0.443185 19.3616 0 
19.6104 7.17248 68.8905 45.0936 
11.1738 11.1738 48.9547 49.8758 
6.28847 9.27964 0 1.17109 11.3281 
0 2.0067 0 0 0.443185 19.3616 0 
19.6104 7.17253 68.8905 45.0936 
11.1739 11.1739 48.9547 49.8758 
6.28846 9.27957 0 1.17109 11.3281 
0 2.0067 0 0 0.443185 19.3616 0 
19.6104 7.17252 68.8905 45.0936 
11.1739 11.1739 48.9547 49.8758 
6.28846 9.27958 0 1.17109 11.3281 
0 2.0067 0 0 0.443185 19.3616 0 
Estimating row 65 out of 308 for hessian
19.6104 7.17256 68.8904 45.0936 
11.174 11.174 48.9547 49.8758 
6.28844 9.27949 0 1.17109 11.3281 
0 2.0067 0 0 0.443185 19.3616 0 
19.6104 7.17249 68.8905 45.0936 
11.1738 11.1738 48.9547 49.8758 
6.28847 9.27966 0 1.17109 11.3281 
0 2.0067 0 0 0.443185 19.3616 0 
19.6104 7.17253 68.8905 45.0936 
11.1739 11.1739 48.9547 49.8758 
6.28846 9.27957 0 1.17109 11.3281 
0 2.0067 0 0 0.443185 19.3616 0 
19.6104 7.17252 68.8905 45.0936 
11.1739 11.1739 48.9547 49.8758 
6.28846 9.27958 0 1.17109 11.3281 
0 2.0067 0 0 0.443185 19.3616 0 
Estimating row 66 out of 308 for hessian
19.6104 7.17255 68.8904 45.0936 
11.174 11.174 48.9547 49.8758 
6.28845 9.27948 0 1.17109 11.3281 
0 2.00671 0 0 0.443185 19.3616 0 
19.6104 7.1725 68.8905 45.0936 
11.1737 11.1737 48.9547 49.8758 
6.28847 9.27967 0 1.17109 11.3281 
0 2.0067 0 0 0.443185 19.3616 0 
19.6104 7.17253 68.8905 45.0936 
11.1739 11.1739 48.9547 49.8758 
6.28846 9.27956 0 1.17109 11.3281 
0 2.0067 0 0 0.443185 19.3616 0 
19.6104 7.17252 68.8905 45.0936 
11.1739 11.1739 48.9547 49.8758 
6.28846 9.27958 0 1.17109 11.3281 
0 2.0067 0 0 0.443185 19.3616 0 
Estimating row 67 out of 308 for hessian
19.6104 7.17255 68.8904 45.0936 
11.174 11.174 48.9547 49.8758 
6.28844 9.27949 0 1.17109 11.3281 
0 2.0067 0 0 0.443185 19.3616 0 
19.6104 7.1725 68.8905 45.0936 
11.1737 11.1737 48.9547 49.8758 
6.28848 9.27966 0 1.17109 11.3281 
0 2.00671 0 0 0.443185 19.3616 0 
19.6104 7.17253 68.8905 45.0936 
11.1739 11.1739 48.9547 49.8758 
6.28846 9.27957 0 1.17109 11.3281 
0 2.0067 0 0 0.443185 19.3616 0 
19.6104 7.17252 68.8905 45.0936 
11.1739 11.1739 48.9547 49.8758 
6.28846 9.27958 0 1.17109 11.3281 
0 2.0067 0 0 0.443185 19.3616 0 
Estimating row 68 out of 308 for hessian
19.6104 7.17254 68.8904 45.0936 
11.174 11.174 48.9547 49.8758 
6.28845 9.27951 0 1.17109 11.3281 
0 2.00671 0 0 0.443185 19.3616 0 
19.6104 7.17251 68.8905 45.0936 
11.1738 11.1738 48.9547 49.8758 
6.28847 9.27964 0 1.17109 11.3281 
0 2.0067 0 0 0.443185 19.3616 0 
19.6104 7.17253 68.8905 45.0936 
11.1739 11.1739 48.9547 49.8758 
6.28846 9.27957 0 1.17109 11.3281 
0 2.0067 0 0 0.443185 19.3616 0 
19.6104 7.17252 68.8905 45.0936 
11.1739 11.1739 48.9547 49.8758 
6.28846 9.27958 0 1.17109 11.3281 
0 2.0067 0 0 0.443185 19.3616 0 
Estimating row 69 out of 308 for hessian
19.6104 7.17254 68.8904 45.0936 
11.174 11.174 48.9547 49.8758 
6.28844 9.27952 0 1.17109 11.3281 
0 2.0067 0 0 0.443185 19.3616 0 
19.6104 7.17251 68.8905 45.0936 
11.1738 11.1738 48.9547 49.8758 
6.28848 9.27962 0 1.17109 11.3281 
0 2.0067 0 0 0.443185 19.3616 0 
19.6104 7.17253 68.8905 45.0936 
11.1739 11.1739 48.9547 49.8758 
6.28846 9.27957 0 1.17109 11.3281 
0 2.0067 0 0 0.443185 19.3616 0 
19.6104 7.17252 68.8905 45.0936 
11.1739 11.1739 48.9547 49.8758 
6.28846 9.27958 0 1.17109 11.3281 
0 2.0067 0 0 0.443185 19.3616 0 
Estimating row 70 out of 308 for hessian
19.6104 7.17253 68.8904 45.0936 
11.1739 11.1739 48.9547 49.8758 
6.28844 9.27954 0 1.17109 11.3281 
0 2.0067 0 0 0.443185 19.3616 0 
19.6103 7.17252 68.8905 45.0936 
11.1738 11.1738 48.9547 49.8758 
6.28848 9.27961 0 1.17109 11.3281 
0 2.00671 0 0 0.443185 19.3616 0 
19.6104 7.17253 68.8905 45.0936 
11.1739 11.1739 48.9547 49.8758 
6.28846 9.27957 0 1.17109 11.3281 
0 2.0067 0 0 0.443185 19.3616 0 
19.6104 7.17252 68.8905 45.0936 
11.1739 11.1739 48.9547 49.8758 
6.28846 9.27958 0 1.17109 11.3281 
0 2.0067 0 0 0.443185 19.3616 0 
Estimating row 71 out of 308 for hessian
19.6104 7.1725 68.8904 45.0936 
11.1739 11.1739 48.9547 49.8758 
6.28849 9.27957 0 1.17109 11.3281 
0 2.00671 0 0 0.443185 19.3616 0 
19.6103 7.17255 68.8906 45.0936 
11.1738 11.1738 48.9547 49.8758 
6.28843 9.27958 0 1.17109 11.3281 
0 2.0067 0 0 0.443185 19.3616 0 
19.6104 7.17252 68.8905 45.0936 
11.1739 11.1739 48.9547 49.8758 
6.28846 9.27957 0 1.17109 11.3281 
0 2.0067 0 0 0.443185 19.3616 0 
19.6104 7.17253 68.8905 45.0936 
11.1739 11.1739 48.9547 49.8758 
6.28846 9.27958 0 1.17109 11.3281 
0 2.0067 0 0 0.443185 19.3616 0 
Estimating row 72 out of 308 for hessian
19.6104 7.17251 68.8904 45.0936 
11.1739 11.1739 48.9547 49.8758 
6.28848 9.27958 0 1.17109 11.3281 
0 2.0067 0 0 0.443185 19.3616 0 
19.6104 7.17254 68.8905 45.0936 
11.1739 11.1739 48.9547 49.8758 
6.28844 9.27957 0 1.17109 11.3281 
0 2.0067 0 0 0.443185 19.3616 0 
19.6104 7.17252 68.8905 45.0936 
11.1739 11.1739 48.9547 49.8758 
6.28846 9.27958 0 1.17109 11.3281 
0 2.0067 0 0 0.443185 19.3616 0 
19.6104 7.17253 68.8905 45.0936 
11.1739 11.1739 48.9547 49.8758 
6.28846 9.27957 0 1.17109 11.3281 
0 2.0067 0 0 0.443185 19.3616 0 
Estimating row 73 out of 308 for hessian
19.6104 7.17254 68.8904 45.0936 
11.1738 11.1738 48.9547 49.8758 
6.28847 9.27959 0 1.17109 11.3281 
0 2.0067 0 0 0.443185 19.3616 0 
19.6104 7.17251 68.8905 45.0936 
11.1739 11.1739 48.9547 49.8758 
6.28845 9.27956 0 1.17109 11.3281 
0 2.0067 0 0 0.443185 19.3616 0 
19.6104 7.17253 68.8905 45.0936 
11.1739 11.1739 48.9547 49.8758 
6.28846 9.27958 0 1.17109 11.3281 
0 2.0067 0 0 0.443185 19.3616 0 
19.6104 7.17252 68.8905 45.0936 
11.1739 11.1739 48.9547 49.8758 
6.28846 9.27957 0 1.17109 11.3281 
0 2.0067 0 0 0.443185 19.3616 0 
Estimating row 74 out of 308 for hessian
19.6104 7.17254 68.8904 45.0936 
11.1738 11.1738 48.9547 49.8758 
6.28846 9.27959 0 1.17109 11.3281 
0 2.0067 0 0 0.443185 19.3616 0 
19.6104 7.17251 68.8905 45.0936 
11.1739 11.1739 48.9547 49.8758 
6.28845 9.27955 0 1.17109 11.3281 
0 2.00671 0 0 0.443185 19.3616 0 
19.6104 7.17253 68.8905 45.0936 
11.1739 11.1739 48.9547 49.8758 
6.28846 9.27958 0 1.17109 11.3281 
0 2.0067 0 0 0.443185 19.3616 0 
19.6104 7.17252 68.8905 45.0936 
11.1739 11.1739 48.9547 49.8758 
6.28846 9.27957 0 1.17109 11.3281 
0 2.0067 0 0 0.443185 19.3616 0 
Estimating row 75 out of 308 for hessian
19.6104 7.17248 68.8903 45.0936 
11.1738 11.1738 48.9547 49.8758 
6.2885 9.27965 0 1.17109 11.3281 
0 2.00671 0 0 0.443185 19.3616 0 
19.6104 7.17257 68.8906 45.0935 
11.1739 11.1739 48.9547 49.8757 
6.28841 9.2795 0 1.17109 11.3281 
0 2.0067 0 0 0.443185 19.3616 0 
19.6104 7.17252 68.8905 45.0936 
11.1739 11.1739 48.9547 49.8758 
6.28846 9.27958 0 1.17109 11.3281 
0 2.0067 0 0 0.443185 19.3616 0 
19.6104 7.17253 68.8905 45.0936 
11.1739 11.1739 48.9547 49.8758 
6.28845 9.27957 0 1.17109 11.3281 
0 2.0067 0 0 0.443185 19.3616 0 
Estimating row 76 out of 308 for hessian
19.6104 7.17244 68.8904 45.0936 
11.1738 11.1738 48.9547 49.8758 
6.2885 9.27965 0 1.17109 11.3281 
0 2.0067 0 0 0.443185 19.3616 0 
19.6104 7.17261 68.8905 45.0935 
11.1739 11.1739 48.9547 49.8758 
6.28842 9.2795 0 1.17109 11.3281 
0 2.0067 0 0 0.443185 19.3616 0 
19.6104 7.17252 68.8905 45.0936 
11.1739 11.1739 48.9547 49.8758 
6.28846 9.27958 0 1.17109 11.3281 
0 2.0067 0 0 0.443185 19.3616 0 
19.6104 7.17253 68.8905 45.0936 
11.1739 11.1739 48.9547 49.8758 
6.28846 9.27957 0 1.17109 11.3281 
0 2.0067 0 0 0.443185 19.3616 0 
Estimating row 77 out of 308 for hessian
19.6104 7.17247 68.8905 45.0936 
11.1739 11.1739 48.9547 49.8758 
6.28846 9.27962 0 1.17109 11.3281 
0 2.0067 0 0 0.443185 19.3616 0 
19.6104 7.17258 68.8904 45.0936 
11.1739 11.1739 48.9547 49.8758 
6.28846 9.27953 0 1.17109 11.3281 
0 2.0067 0 0 0.443185 19.3616 0 
19.6104 7.17252 68.8905 45.0936 
11.1739 11.1739 48.9547 49.8758 
6.28846 9.27958 0 1.17109 11.3281 
0 2.0067 0 0 0.443185 19.3616 0 
19.6104 7.17253 68.8905 45.0936 
11.1739 11.1739 48.9547 49.8758 
6.28846 9.27957 0 1.17109 11.3281 
0 2.0067 0 0 0.443185 19.3616 0 
Estimating row 78 out of 308 for hessian
19.6104 7.17247 68.8905 45.0936 
11.1739 11.1739 48.9547 49.8758 
6.28844 9.2796 0 1.17109 11.3281 
0 2.0067 0 0 0.443185 19.3616 0 
19.6104 7.17258 68.8904 45.0936 
11.1739 11.1739 48.9547 49.8758 
6.28848 9.27955 0 1.17109 11.3281 
0 2.00671 0 0 0.443185 19.3616 0 
19.6104 7.17252 68.8905 45.0936 
11.1739 11.1739 48.9547 49.8758 
6.28846 9.27958 0 1.17109 11.3281 
0 2.0067 0 0 0.443185 19.3616 0 
19.6104 7.17253 68.8905 45.0936 
11.1739 11.1739 48.9547 49.8758 
6.28846 9.27957 0 1.17109 11.3281 
0 2.0067 0 0 0.443185 19.3616 0 
Estimating row 79 out of 308 for hessian
19.6103 7.17234 68.8906 45.0936 
11.1738 11.1738 48.9547 49.8758 
6.2885 9.27966 0 1.17109 11.3281 
0 2.0067 0 0 0.443185 19.3616 0 
19.6104 7.17271 68.8903 45.0936 
11.1739 11.1739 48.9547 49.8758 
6.28842 9.27949 0 1.17109 11.3281 
0 2.00671 0 0 0.443185 19.3616 0 
19.6104 7.17251 68.8905 45.0936 
11.1739 11.1739 48.9547 49.8758 
6.28846 9.27958 0 1.17109 11.3281 
0 2.0067 0 0 0.443185 19.3616 0 
19.6104 7.17254 68.8904 45.0936 
11.1739 11.1739 48.9547 49.8758 
6.28846 9.27957 0 1.17109 11.3281 
0 2.0067 0 0 0.443185 19.3616 0 
Estimating row 80 out of 308 for hessian
19.6104 7.17193 68.8913 45.0934 
11.1734 11.1734 48.9547 49.8758 
6.28857 9.27989 0 1.17109 11.3281 
0 2.00671 0 0 0.443185 19.3616 0 
19.6104 7.17312 68.8897 45.0937 
11.1743 11.1743 48.9547 49.8758 
6.28835 9.27926 0 1.17109 11.3281 
0 2.0067 0 0 0.443185 19.3616 0 
19.6104 7.17247 68.8905 45.0936 
11.1738 11.1738 48.9547 49.8758 
6.28847 9.27961 0 1.17109 11.3281 
0 2.00671 0 0 0.443185 19.3616 0 
19.6104 7.17258 68.8904 45.0936 
11.1739 11.1739 48.9547 49.8758 
6.28845 9.27954 0 1.17109 11.3281 
0 2.0067 0 0 0.443185 19.3616 0 
Estimating row 81 out of 308 for hessian
19.6104 7.17253 68.8905 45.0936 
11.1739 11.1739 48.9547 49.8758 
6.28846 9.27957 0 1.17109 11.3281 
0 2.0067 0 0 0.443185 19.3616 0 
19.6104 7.17252 68.8905 45.0936 
11.1739 11.1739 48.9547 49.8758 
6.28846 9.27958 0 1.17109 11.3281 
0 2.0067 0 0 0.443185 19.3616 0 
19.6104 7.17253 68.8905 45.0936 
11.1739 11.1739 48.9547 49.8758 
6.28846 9.27957 0 1.17109 11.3281 
0 2.0067 0 0 0.443185 19.3616 0 
19.6104 7.17253 68.8905 45.0936 
11.1739 11.1739 48.9547 49.8758 
6.28846 9.27957 0 1.17109 11.3281 
0 2.0067 0 0 0.443185 19.3616 0 
Estimating row 82 out of 308 for hessian
19.6104 7.17258 68.8904 45.0936 
11.1739 11.1739 48.9547 49.8758 
6.28842 9.27955 0 1.17109 11.3281 
0 2.0067 0 0 0.443185 19.3616 0 
19.6104 7.17247 68.8905 45.0936 
11.1738 11.1738 48.9547 49.8758 
6.2885 9.2796 0 1.17109 11.3281 
0 2.00671 0 0 0.443185 19.3616 0 
19.6104 7.17253 68.8905 45.0936 
11.1739 11.1739 48.9547 49.8758 
6.28845 9.27957 0 1.17109 11.3281 
0 2.0067 0 0 0.443185 19.3616 0 
19.6104 7.17252 68.8905 45.0936 
11.1739 11.1739 48.9547 49.8758 
6.28846 9.27958 0 1.17109 11.3281 
0 2.0067 0 0 0.443185 19.3616 0 
Estimating row 83 out of 308 for hessian
19.6104 7.17258 68.8904 45.0936 
11.1739 11.1739 48.9547 49.8758 
6.28845 9.27954 0 1.17109 11.3281 
0 2.00671 0 0 0.443185 19.3616 0 
19.6104 7.17247 68.8905 45.0936 
11.1738 11.1738 48.9547 49.8758 
6.28847 9.2796 0 1.17109 11.3281 
0 2.0067 0 0 0.443185 19.3616 0 
19.6104 7.17253 68.8905 45.0936 
11.1739 11.1739 48.9547 49.8758 
6.28846 9.27957 0 1.17109 11.3281 
0 2.0067 0 0 0.443185 19.3616 0 
19.6104 7.17252 68.8905 45.0936 
11.1739 11.1739 48.9547 49.8758 
6.28846 9.27958 0 1.17109 11.3281 
0 2.0067 0 0 0.443185 19.3616 0 
Estimating row 84 out of 308 for hessian
19.6104 7.17259 68.8904 45.0936 
11.1739 11.1739 48.9547 49.8758 
6.28848 9.27954 0 1.17109 11.3281 
0 2.0067 0 0 0.443185 19.3616 0 
19.6104 7.17246 68.8905 45.0936 
11.1738 11.1738 48.9547 49.8758 
6.28844 9.2796 0 1.17109 11.3281 
0 2.0067 0 0 0.443185 19.3616 0 
19.6104 7.17253 68.8905 45.0936 
11.1739 11.1739 48.9547 49.8758 
6.28846 9.27957 0 1.17109 11.3281 
0 2.0067 0 0 0.443185 19.3616 0 
19.6104 7.17252 68.8905 45.0936 
11.1739 11.1739 48.9547 49.8758 
6.28846 9.27958 0 1.17109 11.3281 
0 2.0067 0 0 0.443185 19.3616 0 
Estimating row 85 out of 308 for hessian
19.6104 7.17251 68.8905 45.0936 
11.1739 11.1739 48.9547 49.8758 
6.28846 9.27949 0 1.17109 11.3281 
0 2.0067 0 0 0.443185 19.3616 0 
19.6104 7.17254 68.8905 45.0935 
11.1738 11.1738 48.9547 49.8758 
6.28846 9.27966 0 1.17109 11.3281 
0 2.00671 0 0 0.443185 19.3616 0 
19.6104 7.17252 68.8905 45.0936 
11.1739 11.1739 48.9547 49.8758 
6.28846 9.27957 0 1.17109 11.3281 
0 2.0067 0 0 0.443185 19.3616 0 
19.6104 7.17253 68.8905 45.0936 
11.1739 11.1739 48.9547 49.8758 
6.28846 9.27958 0 1.17109 11.3281 
0 2.0067 0 0 0.443185 19.3616 0 
Estimating row 86 out of 308 for hessian
19.6104 7.17245 68.8905 45.0936 
11.174 11.174 48.9547 49.8758 
6.28846 9.27943 0 1.17109 11.3281 
0 2.00669 0 0 0.443185 19.3616 0 
19.6104 7.1726 68.8905 45.0935 
11.1737 11.1737 48.9547 49.8758 
6.28846 9.27972 0 1.17109 11.3281 
0 2.00672 0 0 0.443185 19.3616 0 
19.6104 7.17252 68.8905 45.0936 
11.1739 11.1739 48.9547 49.8758 
6.28846 9.27956 0 1.17109 11.3281 
0 2.0067 0 0 0.443185 19.3616 0 
19.6104 7.17253 68.8905 45.0936 
11.1739 11.1739 48.9547 49.8758 
6.28846 9.27959 0 1.17109 11.3281 
0 2.00671 0 0 0.443185 19.3616 0 
Estimating row 87 out of 308 for hessian
19.6104 7.17235 68.8905 45.0936 
11.174 11.174 48.9547 49.8758 
6.28846 9.2794 0 1.17109 11.3281 
0 2.00674 0 0 0.443185 19.3616 0 
19.6104 7.1727 68.8905 45.0935 
11.1737 11.1737 48.9547 49.8758 
6.28846 9.27975 0 1.17109 11.3281 
0 2.00667 0 0 0.443185 19.3616 0 
19.6104 7.17251 68.8905 45.0936 
11.1739 11.1739 48.9547 49.8758 
6.28846 9.27956 0 1.17109 11.3281 
0 2.00671 0 0 0.443185 19.3616 0 
19.6104 7.17254 68.8905 45.0936 
11.1738 11.1738 48.9547 49.8758 
6.28846 9.27959 0 1.17109 11.3281 
0 2.0067 0 0 0.443185 19.3616 0 
Estimating row 88 out of 308 for hessian
19.6104 7.17256 68.8905 45.0936 
11.1739 11.1739 48.9547 49.8758 
6.28846 9.27954 0 1.17109 11.3281 
0 2.00668 0 0 0.443185 19.3616 0 
19.6104 7.17249 68.8905 45.0936 
11.1738 11.1738 48.9547 49.8758 
6.28846 9.27961 0 1.17109 11.3281 
0 2.00673 0 0 0.443185 19.3616 0 
19.6104 7.17253 68.8905 45.0936 
11.1739 11.1739 48.9547 49.8758 
6.28846 9.27957 0 1.17109 11.3281 
0 2.0067 0 0 0.443185 19.3616 0 
19.6104 7.17252 68.8905 45.0936 
11.1739 11.1739 48.9547 49.8758 
6.28846 9.27958 0 1.17109 11.3281 
0 2.00671 0 0 0.443185 19.3616 0 
Estimating row 89 out of 308 for hessian
19.6104 7.17259 68.8905 45.0936 
11.1739 11.1739 48.9547 49.8758 
6.28846 9.27955 0 1.17109 11.3281 
0 2.0067 0 0 0.443185 19.3616 0 
19.6104 7.17246 68.8905 45.0936 
11.1738 11.1738 48.9547 49.8758 
6.28846 9.2796 0 1.17109 11.3281 
0 2.00671 0 0 0.443185 19.3616 0 
19.6104 7.17253 68.8905 45.0936 
11.1739 11.1739 48.9547 49.8758 
6.28846 9.27957 0 1.17109 11.3281 
0 2.0067 0 0 0.443185 19.3616 0 
19.6104 7.17252 68.8905 45.0936 
11.1739 11.1739 48.9547 49.8758 
6.28846 9.27958 0 1.17109 11.3281 
0 2.0067 0 0 0.443185 19.3616 0 
Estimating row 90 out of 308 for hessian
19.6104 7.17257 68.8905 45.0936 
11.1739 11.1739 48.9547 49.8758 
6.28846 9.27954 0 1.17109 11.3281 
0 2.0067 0 0 0.443185 19.3616 0 
19.6104 7.17248 68.8905 45.0936 
11.1738 11.1738 48.9547 49.8758 
6.28846 9.27961 0 1.17109 11.3281 
0 2.00671 0 0 0.443185 19.3616 0 
19.6104 7.17253 68.8905 45.0936 
11.1739 11.1739 48.9547 49.8758 
6.28846 9.27957 0 1.17109 11.3281 
0 2.0067 0 0 0.443185 19.3616 0 
19.6104 7.17252 68.8905 45.0936 
11.1739 11.1739 48.9547 49.8758 
6.28846 9.27958 0 1.17109 11.3281 
0 2.0067 0 0 0.443185 19.3616 0 
Estimating row 91 out of 308 for hessian
19.6104 7.17254 68.8905 45.0935 
11.174 11.174 48.9547 49.8758 
6.28846 9.27952 0 1.17109 11.3281 
0 2.00671 0 0 0.443185 19.3616 0 
19.6104 7.17251 68.8905 45.0936 
11.1738 11.1738 48.9547 49.8758 
6.28846 9.27963 0 1.17109 11.3281 
0 2.0067 0 0 0.443185 19.3616 0 
19.6104 7.17253 68.8905 45.0936 
11.1739 11.1739 48.9547 49.8758 
6.28846 9.27957 0 1.17109 11.3281 
0 2.00671 0 0 0.443185 19.3616 0 
19.6104 7.17252 68.8905 45.0936 
11.1739 11.1739 48.9547 49.8758 
6.28846 9.27958 0 1.17109 11.3281 
0 2.0067 0 0 0.443185 19.3616 0 
Estimating row 92 out of 308 for hessian
19.6104 7.17254 68.8905 45.0935 
11.1739 11.1739 48.9547 49.8758 
6.28846 9.27955 0 1.17109 11.3281 
0 2.0067 0 0 0.443185 19.3616 0 
19.6104 7.17251 68.8905 45.0936 
11.1738 11.1738 48.9547 49.8758 
6.28846 9.27959 0 1.17109 11.3281 
0 2.00671 0 0 0.443185 19.3616 0 
19.6104 7.17253 68.8905 45.0936 
11.1739 11.1739 48.9547 49.8758 
6.28846 9.27957 0 1.17109 11.3281 
0 2.0067 0 0 0.443185 19.3616 0 
19.6104 7.17252 68.8905 45.0936 
11.1739 11.1739 48.9547 49.8758 
6.28846 9.27958 0 1.17109 11.3281 
0 2.0067 0 0 0.443185 19.3616 0 
Estimating row 93 out of 308 for hessian
19.6104 7.17255 68.8905 45.0935 
11.1739 11.1739 48.9547 49.8758 
6.28846 9.27959 0 1.17109 11.3281 
0 2.00669 0 0 0.443185 19.3616 0 
19.6104 7.1725 68.8905 45.0936 
11.1739 11.1739 48.9547 49.8758 
6.28846 9.27956 0 1.17109 11.3281 
0 2.00672 0 0 0.443185 19.3616 0 
19.6104 7.17253 68.8905 45.0936 
11.1739 11.1739 48.9547 49.8758 
6.28846 9.27958 0 1.17109 11.3281 
0 2.0067 0 0 0.443185 19.3616 0 
19.6104 7.17252 68.8905 45.0936 
11.1739 11.1739 48.9547 49.8758 
6.28846 9.27957 0 1.17109 11.3281 
0 2.00671 0 0 0.443185 19.3616 0 
Estimating row 94 out of 308 for hessian
19.6104 7.17255 68.8905 45.0936 
11.1737 11.1737 48.9546 49.8758 
6.28846 9.27968 0 1.17109 11.3281 
0 2.00673 0 0 0.443185 19.3616 0 
19.6104 7.1725 68.8905 45.0936 
11.174 11.174 48.9548 49.8758 
6.28846 9.27947 0 1.17109 11.3281 
0 2.00668 0 0 0.443185 19.3616 0 
19.6104 7.17253 68.8905 45.0936 
11.1739 11.1739 48.9547 49.8758 
6.28846 9.27958 0 1.17109 11.3281 
0 2.00671 0 0 0.443185 19.3616 0 
19.6104 7.17252 68.8905 45.0936 
11.1739 11.1739 48.9547 49.8758 
6.28846 9.27956 0 1.17109 11.3281 
0 2.0067 0 0 0.443185 19.3616 0 
Estimating row 95 out of 308 for hessian
19.6104 7.17255 68.8905 45.0936 
11.1738 11.1738 48.9547 49.8758 
6.28846 9.27965 0 1.17109 11.3281 
0 2.00668 0 0 0.443185 19.3616 0 
19.6104 7.1725 68.8905 45.0936 
11.1739 11.1739 48.9547 49.8758 
6.28846 9.2795 0 1.17109 11.3281 
0 2.00673 0 0 0.443185 19.3616 0 
19.6104 7.17253 68.8905 45.0936 
11.1739 11.1739 48.9547 49.8758 
6.28846 9.27958 0 1.17109 11.3281 
0 2.0067 0 0 0.443185 19.3616 0 
19.6104 7.17252 68.8905 45.0936 
11.1739 11.1739 48.9547 49.8758 
6.28846 9.27957 0 1.17109 11.3281 
0 2.00671 0 0 0.443185 19.3616 0 
Estimating row 96 out of 308 for hessian
19.6104 7.17253 68.8905 45.0936 
11.1739 11.1739 48.9547 49.8757 
6.28846 9.27961 0 1.17109 11.3281 
0 2.00671 0 0 0.443185 19.3616 0 
19.6104 7.17252 68.8905 45.0936 
11.1739 11.1739 48.9547 49.8758 
6.28846 9.27954 0 1.17109 11.3281 
0 2.0067 0 0 0.443185 19.3616 0 
19.6104 7.17253 68.8905 45.0936 
11.1739 11.1739 48.9547 49.8758 
6.28846 9.27958 0 1.17109 11.3281 
0 2.0067 0 0 0.443185 19.3616 0 
19.6104 7.17253 68.8905 45.0936 
11.1739 11.1739 48.9547 49.8758 
6.28846 9.27957 0 1.17109 11.3281 
0 2.0067 0 0 0.443185 19.3616 0 
Estimating row 97 out of 308 for hessian
19.6104 7.17255 68.8905 45.0936 
11.1738 11.1738 48.9547 49.8758 
6.28846 9.27961 0 1.17109 11.3281 
0 2.0067 0 0 0.443185 19.3616 0 
19.6104 7.1725 68.8905 45.0936 
11.1739 11.1739 48.9547 49.8758 
6.28846 9.27954 0 1.17109 11.3281 
0 2.00671 0 0 0.443185 19.3616 0 
19.6104 7.17253 68.8905 45.0936 
11.1739 11.1739 48.9547 49.8758 
6.28846 9.27958 0 1.17109 11.3281 
0 2.0067 0 0 0.443185 19.3616 0 
19.6104 7.17252 68.8905 45.0936 
11.1739 11.1739 48.9547 49.8758 
6.28846 9.27957 0 1.17109 11.3281 
0 2.00671 0 0 0.443185 19.3616 0 
Estimating row 98 out of 308 for hessian
19.6104 7.17256 68.8905 45.0935 
11.1738 11.1738 48.9547 49.8758 
6.28846 9.27963 0 1.17109 11.3281 
0 2.00671 0 0 0.443185 19.3616 0 
19.6104 7.17249 68.8905 45.0937 
11.1739 11.1739 48.9547 49.8757 
6.28846 9.27952 0 1.17109 11.3281 
0 2.00669 0 0 0.443185 19.3616 0 
19.6104 7.17253 68.8905 45.0936 
11.1739 11.1739 48.9547 49.8758 
6.28846 9.27958 0 1.17109 11.3281 
0 2.00671 0 0 0.443185 19.3616 0 
19.6104 7.17252 68.8905 45.0936 
11.1739 11.1739 48.9547 49.8758 
6.28846 9.27957 0 1.17109 11.3281 
0 2.0067 0 0 0.443185 19.3616 0 
Estimating row 99 out of 308 for hessian
19.6104 7.17256 68.8905 45.0935 
11.1739 11.1739 48.9547 49.8758 
6.28846 9.27959 0 1.17109 11.3281 
0 2.0067 0 0 0.443185 19.3616 0 
19.6104 7.17249 68.8905 45.0937 
11.1739 11.1739 48.9547 49.8757 
6.28846 9.27956 0 1.17109 11.3281 
0 2.00671 0 0 0.443185 19.3616 0 
19.6104 7.17253 68.8905 45.0936 
11.1739 11.1739 48.9547 49.8758 
6.28846 9.27958 0 1.17109 11.3281 
0 2.0067 0 0 0.443185 19.3616 0 
19.6104 7.17252 68.8905 45.0936 
11.1739 11.1739 48.9547 49.8758 
6.28846 9.27957 0 1.17109 11.3281 
0 2.0067 0 0 0.443185 19.3616 0 
Estimating row 100 out of 308 for hessian
19.6104 7.17253 68.8905 45.0936 
11.1738 11.1738 48.9547 49.8758 
6.28846 9.27957 0 1.17109 11.3281 
0 2.00669 0 0 0.443185 19.3616 0 
19.6104 7.17252 68.8905 45.0936 
11.1739 11.1739 48.9547 49.8758 
6.28846 9.27958 0 1.17109 11.3281 
0 2.00671 0 0 0.443185 19.3616 0 
19.6104 7.17253 68.8905 45.0936 
11.1739 11.1739 48.9547 49.8758 
6.28846 9.27957 0 1.17109 11.3281 
0 2.0067 0 0 0.443185 19.3616 0 
19.6104 7.17252 68.8905 45.0936 
11.1739 11.1739 48.9547 49.8758 
6.28846 9.27958 0 1.17109 11.3281 
0 2.00671 0 0 0.443185 19.3616 0 
Estimating row 101 out of 308 for hessian
19.6104 7.17258 68.8905 45.0936 
11.1737 11.1737 48.9547 49.8758 
6.28846 9.27962 0 1.17109 11.3281 
0 2.00673 0 0 0.443185 19.3616 0 
19.6104 7.17247 68.8905 45.0936 
11.174 11.174 48.9547 49.8758 
6.28846 9.27953 0 1.17109 11.3281 
0 2.00668 0 0 0.443185 19.3616 0 
19.6104 7.17253 68.8905 45.0936 
11.1738 11.1738 48.9547 49.8758 
6.28846 9.27958 0 1.17109 11.3281 
0 2.00671 0 0 0.443185 19.3616 0 
19.6104 7.17252 68.8905 45.0936 
11.1739 11.1739 48.9547 49.8758 
6.28846 9.27957 0 1.17109 11.3281 
0 2.0067 0 0 0.443185 19.3616 0 
Estimating row 102 out of 308 for hessian
19.6104 7.17261 68.8905 45.0936 
11.1738 11.1738 48.9547 49.8758 
6.28846 9.2796 0 1.17109 11.3281 
0 2.00669 0 0 0.443185 19.3616 0 
19.6104 7.17244 68.8905 45.0936 
11.1739 11.1739 48.9547 49.8758 
6.28846 9.27955 0 1.17109 11.3281 
0 2.00672 0 0 0.443185 19.3616 0 
19.6104 7.17253 68.8905 45.0936 
11.1739 11.1739 48.9547 49.8758 
6.28846 9.27958 0 1.17109 11.3281 
0 2.0067 0 0 0.443185 19.3616 0 
19.6104 7.17252 68.8905 45.0936 
11.1739 11.1739 48.9547 49.8758 
6.28846 9.27957 0 1.17109 11.3281 
0 2.00671 0 0 0.443185 19.3616 0 
Estimating row 103 out of 308 for hessian
19.6104 7.17261 68.8905 45.0936 
11.1738 11.1738 48.9547 49.8758 
6.28846 9.27961 0 1.17109 11.3281 
0 2.00669 0 0 0.443185 19.3616 0 
19.6104 7.17244 68.8905 45.0936 
11.1739 11.1739 48.9547 49.8758 
6.28846 9.27954 0 1.17109 11.3281 
0 2.00672 0 0 0.443185 19.3616 0 
19.6104 7.17253 68.8905 45.0936 
11.1739 11.1739 48.9547 49.8758 
6.28846 9.27958 0 1.17109 11.3281 
0 2.0067 0 0 0.443185 19.3616 0 
19.6104 7.17252 68.8905 45.0936 
11.1739 11.1739 48.9547 49.8758 
6.28846 9.27957 0 1.17109 11.3281 
0 2.00671 0 0 0.443185 19.3616 0 
Estimating row 104 out of 308 for hessian
19.6104 7.17257 68.8905 45.0936 
11.1737 11.1737 48.9547 49.8758 
6.28846 9.27965 0 1.17109 11.3281 
0 2.00672 0 0 0.443185 19.3616 0 
19.6104 7.17248 68.8905 45.0936 
11.174 11.174 48.9547 49.8758 
6.28846 9.2795 0 1.17109 11.3281 
0 2.00669 0 0 0.443185 19.3616 0 
19.6104 7.17253 68.8905 45.0936 
11.1738 11.1738 48.9547 49.8758 
6.28846 9.27958 0 1.17109 11.3281 
0 2.00671 0 0 0.443185 19.3616 0 
19.6104 7.17252 68.8905 45.0936 
11.1739 11.1739 48.9547 49.8758 
6.28846 9.27957 0 1.17109 11.3281 
0 2.0067 0 0 0.443185 19.3616 0 
Estimating row 105 out of 308 for hessian
19.6104 7.17254 68.8905 45.0936 
11.1738 11.1738 48.9547 49.8758 
6.28846 9.27959 0 1.17109 11.3281 
0 2.0067 0 0 0.443185 19.3616 0 
19.6104 7.17251 68.8905 45.0936 
11.1739 11.1739 48.9547 49.8758 
6.28846 9.27956 0 1.17109 11.3281 
0 2.0067 0 0 0.443185 19.3616 0 
19.6104 7.17253 68.8905 45.0936 
11.1739 11.1739 48.9547 49.8758 
6.28846 9.27958 0 1.17109 11.3281 
0 2.0067 0 0 0.443185 19.3616 0 
19.6104 7.17252 68.8905 45.0936 
11.1739 11.1739 48.9547 49.8758 
6.28846 9.27957 0 1.17109 11.3281 
0 2.0067 0 0 0.443185 19.3616 0 
Estimating row 106 out of 308 for hessian
19.6104 7.17256 68.8905 45.0936 
11.1738 11.1738 48.9547 49.8758 
6.28846 9.27958 0 1.17109 11.3281 
0 2.0067 0 0 0.443185 19.3616 0 
19.6104 7.17249 68.8905 45.0936 
11.1739 11.1739 48.9547 49.8758 
6.28846 9.27957 0 1.17109 11.3281 
0 2.00671 0 0 0.443185 19.3616 0 
19.6104 7.17253 68.8905 45.0936 
11.1739 11.1739 48.9547 49.8758 
6.28846 9.27958 0 1.17109 11.3281 
0 2.0067 0 0 0.443185 19.3616 0 
19.6104 7.17252 68.8905 45.0936 
11.1739 11.1739 48.9547 49.8758 
6.28846 9.27957 0 1.17109 11.3281 
0 2.0067 0 0 0.443185 19.3616 0 
Estimating row 107 out of 308 for hessian
19.6104 7.17259 68.8905 45.0936 
11.1738 11.1738 48.9547 49.8758 
6.28846 9.27958 0 1.17109 11.3281 
0 2.00669 0 0 0.443185 19.3616 0 
19.6104 7.17246 68.8905 45.0936 
11.1739 11.1739 48.9547 49.8758 
6.28846 9.27957 0 1.17109 11.3281 
0 2.00672 0 0 0.443185 19.3616 0 
19.6104 7.17253 68.8905 45.0936 
11.1739 11.1739 48.9547 49.8758 
6.28846 9.27958 0 1.17109 11.3281 
0 2.0067 0 0 0.443185 19.3616 0 
19.6104 7.17252 68.8905 45.0936 
11.1739 11.1739 48.9547 49.8758 
6.28846 9.27957 0 1.17109 11.3281 
0 2.00671 0 0 0.443185 19.3616 0 
Estimating row 108 out of 308 for hessian
19.6104 7.17257 68.8905 45.0936 
11.1738 11.1738 48.9547 49.8758 
6.28846 9.27954 0 1.17109 11.3281 
0 2.00671 0 0 0.443185 19.3616 0 
19.6104 7.17248 68.8905 45.0936 
11.1739 11.1739 48.9547 49.8758 
6.28846 9.27961 0 1.17109 11.3281 
0 2.00669 0 0 0.443185 19.3616 0 
19.6104 7.17253 68.8905 45.0936 
11.1739 11.1739 48.9547 49.8758 
6.28846 9.27957 0 1.17109 11.3281 
0 2.00671 0 0 0.443185 19.3616 0 
19.6104 7.17252 68.8905 45.0936 
11.1739 11.1739 48.9547 49.8758 
6.28846 9.27958 0 1.17109 11.3281 
0 2.0067 0 0 0.443185 19.3616 0 
Estimating row 109 out of 308 for hessian
19.6104 7.17257 68.8905 45.0935 
11.1739 11.1739 48.9547 49.8758 
6.28846 9.27949 0 1.17109 11.3281 
0 2.0067 0 0 0.443185 19.3616 0 
19.6104 7.17248 68.8905 45.0936 
11.1738 11.1738 48.9547 49.8758 
6.28846 9.27966 0 1.17109 11.3281 
0 2.00671 0 0 0.443185 19.3616 0 
19.6104 7.17253 68.8905 45.0936 
11.1739 11.1739 48.9547 49.8758 
6.28846 9.27957 0 1.17109 11.3281 
0 2.0067 0 0 0.443185 19.3616 0 
19.6104 7.17252 68.8905 45.0936 
11.1739 11.1739 48.9547 49.8758 
6.28846 9.27958 0 1.17109 11.3281 
0 2.0067 0 0 0.443185 19.3616 0 
Estimating row 110 out of 308 for hessian
19.6104 7.17252 68.8905 45.0936 
11.1739 11.1739 48.9547 49.8758 
6.28846 9.27949 0 1.17109 11.3281 
0 2.0067 0 0 0.443185 19.3616 0 
19.6104 7.17253 68.8905 45.0936 
11.1738 11.1738 48.9547 49.8758 
6.28846 9.27966 0 1.17109 11.3281 
0 2.0067 0 0 0.443185 19.3616 0 
19.6104 7.17252 68.8905 45.0936 
11.1739 11.1739 48.9547 49.8758 
6.28846 9.27957 0 1.17109 11.3281 
0 2.0067 0 0 0.443185 19.3616 0 
19.6104 7.17253 68.8905 45.0936 
11.1739 11.1739 48.9547 49.8758 
6.28846 9.27958 0 1.17109 11.3281 
0 2.0067 0 0 0.443185 19.3616 0 
Estimating row 111 out of 308 for hessian
19.6104 7.17252 68.8905 45.0936 
11.1739 11.1739 48.9547 49.8758 
6.28846 9.27953 0 1.17109 11.3281 
0 2.00671 0 0 0.443185 19.3616 0 
19.6104 7.17253 68.8905 45.0936 
11.1738 11.1738 48.9547 49.8758 
6.28846 9.27962 0 1.17109 11.3281 
0 2.0067 0 0 0.443185 19.3616 0 
19.6104 7.17252 68.8905 45.0936 
11.1739 11.1739 48.9547 49.8758 
6.28846 9.27957 0 1.17109 11.3281 
0 2.0067 0 0 0.443185 19.3616 0 
19.6104 7.17253 68.8905 45.0936 
11.1739 11.1739 48.9547 49.8758 
6.28846 9.27958 0 1.17109 11.3281 
0 2.0067 0 0 0.443185 19.3616 0 
Estimating row 112 out of 308 for hessian
19.6104 7.17254 68.8905 45.0936 
11.1739 11.1739 48.9547 49.8758 
6.28846 9.27955 0 1.17109 11.3281 
0 2.0067 0 0 0.443185 19.3616 0 
19.6104 7.17251 68.8905 45.0936 
11.1738 11.1738 48.9547 49.8758 
6.28846 9.2796 0 1.17109 11.3281 
0 2.00671 0 0 0.443185 19.3616 0 
19.6104 7.17253 68.8905 45.0936 
11.1739 11.1739 48.9547 49.8758 
6.28846 9.27957 0 1.17109 11.3281 
0 2.0067 0 0 0.443185 19.3616 0 
19.6104 7.17252 68.8905 45.0936 
11.1739 11.1739 48.9547 49.8758 
6.28846 9.27958 0 1.17109 11.3281 
0 2.00671 0 0 0.443185 19.3616 0 
Estimating row 113 out of 308 for hessian
19.6104 7.17254 68.8905 45.0936 
11.1739 11.1739 48.9547 49.8758 
6.28846 9.27955 0 1.17109 11.3281 
0 2.0067 0 0 0.443185 19.3616 0 
19.6104 7.17252 68.8905 45.0936 
11.1738 11.1738 48.9547 49.8758 
6.28846 9.2796 0 1.17109 11.3281 
0 2.00671 0 0 0.443185 19.3616 0 
19.6104 7.17253 68.8905 45.0936 
11.1739 11.1739 48.9547 49.8758 
6.28846 9.27957 0 1.17109 11.3281 
0 2.0067 0 0 0.443185 19.3616 0 
19.6104 7.17252 68.8905 45.0936 
11.1739 11.1739 48.9547 49.8758 
6.28846 9.27958 0 1.17109 11.3281 
0 2.0067 0 0 0.443185 19.3616 0 
Estimating row 114 out of 308 for hessian
19.6104 7.17251 68.8905 45.0936 
11.1739 11.1739 48.9547 49.8758 
6.28846 9.27956 0 1.17109 11.3281 
0 2.00669 0 0 0.443185 19.3616 0 
19.6104 7.17254 68.8905 45.0936 
11.1738 11.1738 48.9547 49.8758 
6.28846 9.27959 0 1.17109 11.3281 
0 2.00671 0 0 0.443185 19.3616 0 
19.6104 7.17252 68.8905 45.0936 
11.1739 11.1739 48.9547 49.8758 
6.28846 9.27957 0 1.17109 11.3281 
0 2.0067 0 0 0.443185 19.3616 0 
19.6104 7.17253 68.8905 45.0936 
11.1739 11.1739 48.9547 49.8758 
6.28846 9.27958 0 1.17109 11.3281 
0 2.00671 0 0 0.443185 19.3616 0 
Estimating row 115 out of 308 for hessian
19.6104 7.17248 68.8905 45.0935 
11.1739 11.1739 48.9547 49.8758 
6.28846 9.27956 0 1.17109 11.3281 
0 2.00673 0 0 0.443185 19.3616 0 
19.6104 7.17257 68.8905 45.0936 
11.1738 11.1738 48.9547 49.8758 
6.28846 9.27959 0 1.17109 11.3281 
0 2.00668 0 0 0.443185 19.3616 0 
19.6104 7.17252 68.8905 45.0936 
11.1739 11.1739 48.9547 49.8758 
6.28846 9.27957 0 1.17109 11.3281 
0 2.00671 0 0 0.443185 19.3616 0 
19.6104 7.17253 68.8905 45.0936 
11.1739 11.1739 48.9547 49.8758 
6.28846 9.27958 0 1.17109 11.3281 
0 2.0067 0 0 0.443185 19.3616 0 
Estimating row 116 out of 308 for hessian
19.6104 7.17257 68.8905 45.0936 
11.1739 11.1739 48.9547 49.8758 
6.28846 9.27958 0 1.17109 11.3281 
0 2.00668 0 0 0.443185 19.3616 0 
19.6104 7.17248 68.8905 45.0936 
11.1738 11.1738 48.9547 49.8758 
6.28846 9.27957 0 1.17109 11.3281 
0 2.00673 0 0 0.443185 19.3616 0 
19.6104 7.17253 68.8905 45.0936 
11.1739 11.1739 48.9547 49.8758 
6.28846 9.27958 0 1.17109 11.3281 
0 2.0067 0 0 0.443185 19.3616 0 
19.6104 7.17252 68.8905 45.0936 
11.1739 11.1739 48.9547 49.8758 
6.28846 9.27957 0 1.17109 11.3281 
0 2.00671 0 0 0.443185 19.3616 0 
Estimating row 117 out of 308 for hessian
19.6104 7.17247 68.8905 45.0936 
11.1739 11.1739 48.9547 49.8758 
6.28846 9.27963 0 1.17109 11.3281 
0 2.00672 0 0 0.443185 19.3616 0 
19.6104 7.17258 68.8905 45.0936 
11.1739 11.1739 48.9547 49.8758 
6.28846 9.27952 0 1.17109 11.3281 
0 2.00669 0 0 0.443185 19.3616 0 
19.6104 7.17252 68.8905 45.0936 
11.1739 11.1739 48.9547 49.8758 
6.28846 9.27958 0 1.17109 11.3281 
0 2.00671 0 0 0.443185 19.3616 0 
19.6104 7.17253 68.8905 45.0936 
11.1739 11.1739 48.9547 49.8758 
6.28846 9.27957 0 1.17109 11.3281 
0 2.0067 0 0 0.443185 19.3616 0 
Estimating row 118 out of 308 for hessian
19.6104 7.17249 68.8905 45.0936 
11.1738 11.1738 48.9547 49.8758 
6.28846 9.27962 0 1.17109 11.3281 
0 2.0067 0 0 0.443185 19.3616 0 
19.6104 7.17256 68.8905 45.0936 
11.1739 11.1739 48.9547 49.8758 
6.28846 9.27953 0 1.17109 11.3281 
0 2.00671 0 0 0.443185 19.3616 0 
19.6104 7.17252 68.8905 45.0936 
11.1739 11.1739 48.9547 49.8758 
6.28846 9.27958 0 1.17109 11.3281 
0 2.0067 0 0 0.443185 19.3616 0 
19.6104 7.17253 68.8905 45.0936 
11.1739 11.1739 48.9547 49.8758 
6.28846 9.27957 0 1.17109 11.3281 
0 2.0067 0 0 0.443185 19.3616 0 
Estimating row 119 out of 308 for hessian
19.6104 7.17255 68.8905 45.0936 
11.1738 11.1738 48.9547 49.8758 
6.28846 9.2796 0 1.17109 11.3281 
0 2.0067 0 0 0.443185 19.3616 0 
19.6104 7.1725 68.8905 45.0936 
11.1739 11.1739 48.9547 49.8758 
6.28846 9.27955 0 1.17109 11.3281 
0 2.00671 0 0 0.443185 19.3616 0 
19.6104 7.17253 68.8905 45.0936 
11.1739 11.1739 48.9547 49.8758 
6.28846 9.27958 0 1.17109 11.3281 
0 2.0067 0 0 0.443185 19.3616 0 
19.6104 7.17252 68.8905 45.0936 
11.1739 11.1739 48.9547 49.8758 
6.28846 9.27957 0 1.17109 11.3281 
0 2.0067 0 0 0.443185 19.3616 0 
Estimating row 120 out of 308 for hessian
19.6104 7.17257 68.8905 45.0936 
11.1738 11.1738 48.9547 49.8758 
6.28846 9.27962 0 1.17109 11.3281 
0 2.0067 0 0 0.443185 19.3616 0 
19.6104 7.17248 68.8905 45.0936 
11.1739 11.1739 48.9547 49.8758 
6.28846 9.27953 0 1.17109 11.3281 
0 2.00671 0 0 0.443185 19.3616 0 
19.6104 7.17253 68.8905 45.0936 
11.1739 11.1739 48.9547 49.8758 
6.28846 9.27958 0 1.17109 11.3281 
0 2.0067 0 0 0.443185 19.3616 0 
19.6104 7.17252 68.8905 45.0936 
11.1739 11.1739 48.9547 49.8758 
6.28846 9.27957 0 1.17109 11.3281 
0 2.00671 0 0 0.443185 19.3616 0 
Estimating row 121 out of 308 for hessian
19.6104 7.17238 68.8905 45.0936 
11.1739 11.1739 48.9547 49.8758 
6.28846 9.27963 0 1.17109 11.3281 
0 2.0067 0 0 0.443185 19.3616 0 
19.6104 7.17267 68.8905 45.0936 
11.1738 11.1738 48.9547 49.8757 
6.28846 9.27952 0 1.17109 11.3281 
0 2.00671 0 0 0.443185 19.3616 0 
19.6104 7.17251 68.8905 45.0936 
11.1739 11.1739 48.9547 49.8758 
6.28846 9.27958 0 1.17109 11.3281 
0 2.0067 0 0 0.443185 19.3616 0 
19.6104 7.17254 68.8905 45.0936 
11.1739 11.1739 48.9547 49.8758 
6.28846 9.27957 0 1.17109 11.3281 
0 2.0067 0 0 0.443185 19.3616 0 
Estimating row 122 out of 308 for hessian
19.6104 7.17206 68.8905 45.0937 
11.1741 11.1741 48.9547 49.8757 
6.28846 9.27962 0 1.17109 11.3281 
0 2.00673 0 0 0.443185 19.3616 0 
19.6104 7.17299 68.8905 45.0935 
11.1737 11.1737 48.9547 49.8758 
6.28846 9.27953 0 1.17109 11.3281 
0 2.00668 0 0 0.443185 19.3616 0 
19.6104 7.17248 68.8905 45.0936 
11.1739 11.1739 48.9547 49.8758 
6.28846 9.27958 0 1.17109 11.3281 
0 2.00671 0 0 0.443185 19.3616 0 
19.6104 7.17257 68.8905 45.0936 
11.1738 11.1738 48.9547 49.8758 
6.28846 9.27957 0 1.17109 11.3281 
0 2.0067 0 0 0.443185 19.3616 0 
Estimating row 123 out of 308 for hessian
19.6104 7.17253 68.8905 45.0936 
11.1739 11.1739 48.9547 49.8758 
6.28846 9.27957 0 1.17109 11.3281 
0 2.0067 0 0 0.443185 19.3616 0 
19.6104 7.17252 68.8905 45.0936 
11.1739 11.1739 48.9547 49.8758 
6.28846 9.27957 0 1.17109 11.3281 
0 2.0067 0 0 0.443185 19.3616 0 
19.6104 7.17253 68.8905 45.0936 
11.1739 11.1739 48.9547 49.8758 
6.28846 9.27957 0 1.17109 11.3281 
0 2.0067 0 0 0.443185 19.3616 0 
19.6104 7.17253 68.8905 45.0936 
11.1739 11.1739 48.9547 49.8758 
6.28846 9.27957 0 1.17109 11.3281 
0 2.0067 0 0 0.443185 19.3616 0 
Estimating row 124 out of 308 for hessian
19.6104 7.17248 68.8905 45.0936 
11.1737 11.1737 48.9547 49.8758 
6.28846 9.27969 0 1.17109 11.3281 
0 2.00673 0 0 0.443185 19.3616 0 
19.6104 7.17257 68.8905 45.0935 
11.1741 11.1741 48.9547 49.8758 
6.28846 9.27946 0 1.17109 11.3281 
0 2.00668 0 0 0.443185 19.3616 0 
19.6104 7.17252 68.8905 45.0936 
11.1738 11.1738 48.9547 49.8758 
6.28846 9.27959 0 1.17109 11.3281 
0 2.00671 0 0 0.443185 19.3616 0 
19.6104 7.17253 68.8905 45.0936 
11.1739 11.1739 48.9547 49.8758 
6.28846 9.27956 0 1.17109 11.3281 
0 2.0067 0 0 0.443185 19.3616 0 
Estimating row 125 out of 308 for hessian
19.6104 7.17253 68.8905 45.0936 
11.1739 11.1739 48.9547 49.8758 
6.28846 9.27956 0 1.17109 11.3281 
0 2.0067 0 0 0.443185 19.3616 0 
19.6104 7.17252 68.8905 45.0936 
11.1739 11.1739 48.9547 49.8758 
6.28846 9.27959 0 1.17109 11.3281 
0 2.00671 0 0 0.443185 19.3616 0 
19.6104 7.17253 68.8905 45.0936 
11.1739 11.1739 48.9547 49.8758 
6.28846 9.27957 0 1.17109 11.3281 
0 2.0067 0 0 0.443185 19.3616 0 
19.6104 7.17252 68.8905 45.0936 
11.1739 11.1739 48.9547 49.8758 
6.28846 9.27958 0 1.17109 11.3281 
0 2.0067 0 0 0.443185 19.3616 0 
Estimating row 126 out of 308 for hessian
19.6104 7.17258 68.8905 45.0936 
11.1739 11.1739 48.9547 49.8758 
6.28846 9.27956 0 1.17109 11.3281 
0 2.0067 0 0 0.443185 19.3616 0 
19.6104 7.17247 68.8905 45.0936 
11.1739 11.1739 48.9547 49.8758 
6.28846 9.27958 0 1.17109 11.3281 
0 2.00671 0 0 0.443185 19.3616 0 
19.6104 7.17253 68.8905 45.0936 
11.1739 11.1739 48.9547 49.8758 
6.28846 9.27957 0 1.17109 11.3281 
0 2.0067 0 0 0.443185 19.3616 0 
19.6104 7.17252 68.8905 45.0936 
11.1739 11.1739 48.9547 49.8758 
6.28846 9.27958 0 1.17109 11.3281 
0 2.0067 0 0 0.443185 19.3616 0 
Estimating row 127 out of 308 for hessian
19.6104 7.17253 68.8905 45.0936 
11.1739 11.1739 48.9547 49.8758 
6.28846 9.27957 0 1.17109 11.3281 
0 2.0067 0 0 0.443185 19.3616 0 
19.6104 7.17253 68.8905 45.0936 
11.1739 11.1739 48.9547 49.8758 
6.28846 9.27957 0 1.17109 11.3281 
0 2.0067 0 0 0.443185 19.3616 0 
19.6104 7.17253 68.8905 45.0936 
11.1739 11.1739 48.9547 49.8758 
6.28846 9.27957 0 1.17109 11.3281 
0 2.0067 0 0 0.443185 19.3616 0 
19.6104 7.17253 68.8905 45.0936 
11.1739 11.1739 48.9547 49.8758 
6.28846 9.27957 0 1.17109 11.3281 
0 2.0067 0 0 0.443185 19.3616 0 
Estimating row 128 out of 308 for hessian
19.6104 7.17253 68.8905 45.0936 
11.1739 11.1739 48.9547 49.8758 
6.28846 9.27957 0 1.17109 11.3281 
0 2.0067 0 0 0.443185 19.3616 0 
19.6104 7.17253 68.8905 45.0936 
11.1739 11.1739 48.9547 49.8758 
6.28846 9.27957 0 1.17109 11.3281 
0 2.0067 0 0 0.443185 19.3616 0 
19.6104 7.17253 68.8905 45.0936 
11.1739 11.1739 48.9547 49.8758 
6.28846 9.27957 0 1.17109 11.3281 
0 2.0067 0 0 0.443185 19.3616 0 
19.6104 7.17253 68.8905 45.0936 
11.1739 11.1739 48.9547 49.8758 
6.28846 9.27957 0 1.17109 11.3281 
0 2.0067 0 0 0.443185 19.3616 0 
Estimating row 129 out of 308 for hessian
19.6104 7.17253 68.8905 45.0936 
11.1739 11.1739 48.9547 49.8758 
6.28846 9.27957 0 1.17109 11.3281 
0 2.0067 0 0 0.443185 19.3616 0 
19.6104 7.17253 68.8905 45.0936 
11.1739 11.1739 48.9547 49.8758 
6.28846 9.27957 0 1.17109 11.3281 
0 2.0067 0 0 0.443185 19.3616 0 
19.6104 7.17253 68.8905 45.0936 
11.1739 11.1739 48.9547 49.8758 
6.28846 9.27957 0 1.17109 11.3281 
0 2.0067 0 0 0.443185 19.3616 0 
19.6104 7.17253 68.8905 45.0936 
11.1739 11.1739 48.9547 49.8758 
6.28846 9.27957 0 1.17109 11.3281 
0 2.0067 0 0 0.443185 19.3616 0 
Estimating row 130 out of 308 for hessian
19.6104 7.17253 68.8905 45.0936 
11.1739 11.1739 48.9547 49.8758 
6.28846 9.27957 0 1.17109 11.3281 
0 2.0067 0 0 0.443185 19.3616 0 
19.6104 7.17253 68.8905 45.0936 
11.1739 11.1739 48.9547 49.8758 
6.28846 9.27957 0 1.17109 11.3281 
0 2.0067 0 0 0.443185 19.3616 0 
19.6104 7.17253 68.8905 45.0936 
11.1739 11.1739 48.9547 49.8758 
6.28846 9.27957 0 1.17109 11.3281 
0 2.0067 0 0 0.443185 19.3616 0 
19.6104 7.17253 68.8905 45.0936 
11.1739 11.1739 48.9547 49.8758 
6.28846 9.27957 0 1.17109 11.3281 
0 2.0067 0 0 0.443185 19.3616 0 
Estimating row 131 out of 308 for hessian
19.6104 7.17253 68.8905 45.0936 
11.1739 11.1739 48.9547 49.8758 
6.28846 9.27957 0 1.17109 11.3281 
0 2.0067 0 0 0.443185 19.3616 0 
19.6104 7.17253 68.8905 45.0936 
11.1739 11.1739 48.9547 49.8758 
6.28846 9.27957 0 1.17109 11.3281 
0 2.0067 0 0 0.443185 19.3616 0 
19.6104 7.17253 68.8905 45.0936 
11.1739 11.1739 48.9547 49.8758 
6.28846 9.27957 0 1.17109 11.3281 
0 2.0067 0 0 0.443185 19.3616 0 
19.6104 7.17253 68.8905 45.0936 
11.1739 11.1739 48.9547 49.8758 
6.28846 9.27957 0 1.17109 11.3281 
0 2.0067 0 0 0.443185 19.3616 0 
Estimating row 132 out of 308 for hessian
19.6104 7.17253 68.8905 45.0936 
11.1739 11.1739 48.9547 49.8758 
6.28846 9.27957 0 1.17109 11.3281 
0 2.0067 0 0 0.443185 19.3616 0 
19.6104 7.17253 68.8905 45.0936 
11.1739 11.1739 48.9547 49.8758 
6.28846 9.27957 0 1.17109 11.3281 
0 2.0067 0 0 0.443185 19.3616 0 
19.6104 7.17253 68.8905 45.0936 
11.1739 11.1739 48.9547 49.8758 
6.28846 9.27957 0 1.17109 11.3281 
0 2.0067 0 0 0.443185 19.3616 0 
19.6104 7.17253 68.8905 45.0936 
11.1739 11.1739 48.9547 49.8758 
6.28846 9.27957 0 1.17109 11.3281 
0 2.0067 0 0 0.443185 19.3616 0 
Estimating row 133 out of 308 for hessian
19.6104 7.17253 68.8905 45.0936 
11.1739 11.1739 48.9547 49.8758 
6.28846 9.27957 0 1.17109 11.3281 
0 2.0067 0 0 0.443185 19.3616 0 
19.6104 7.17253 68.8905 45.0936 
11.1739 11.1739 48.9547 49.8758 
6.28846 9.27957 0 1.17109 11.3281 
0 2.0067 0 0 0.443185 19.3616 0 
19.6104 7.17253 68.8905 45.0936 
11.1739 11.1739 48.9547 49.8758 
6.28846 9.27957 0 1.17109 11.3281 
0 2.0067 0 0 0.443185 19.3616 0 
19.6104 7.17253 68.8905 45.0936 
11.1739 11.1739 48.9547 49.8758 
6.28846 9.27957 0 1.17109 11.3281 
0 2.0067 0 0 0.443185 19.3616 0 
Estimating row 134 out of 308 for hessian
19.6104 7.17253 68.8905 45.0936 
11.1739 11.1739 48.9547 49.8758 
6.28846 9.27957 0 1.17109 11.3281 
0 2.0067 0 0 0.443185 19.3616 0 
19.6104 7.17253 68.8905 45.0936 
11.1739 11.1739 48.9547 49.8758 
6.28846 9.27957 0 1.17109 11.3281 
0 2.0067 0 0 0.443185 19.3616 0 
19.6104 7.17253 68.8905 45.0936 
11.1739 11.1739 48.9547 49.8758 
6.28846 9.27957 0 1.17109 11.3281 
0 2.0067 0 0 0.443185 19.3616 0 
19.6104 7.17253 68.8905 45.0936 
11.1739 11.1739 48.9547 49.8758 
6.28846 9.27957 0 1.17109 11.3281 
0 2.0067 0 0 0.443185 19.3616 0 
Estimating row 135 out of 308 for hessian
19.6104 7.17253 68.8905 45.0936 
11.1739 11.1739 48.9547 49.8758 
6.28846 9.27957 0 1.17109 11.3281 
0 2.0067 0 0 0.443185 19.3616 0 
19.6104 7.17253 68.8905 45.0936 
11.1739 11.1739 48.9547 49.8758 
6.28846 9.27957 0 1.17109 11.3281 
0 2.0067 0 0 0.443185 19.3616 0 
19.6104 7.17253 68.8905 45.0936 
11.1739 11.1739 48.9547 49.8758 
6.28846 9.27957 0 1.17109 11.3281 
0 2.0067 0 0 0.443185 19.3616 0 
19.6104 7.17253 68.8905 45.0936 
11.1739 11.1739 48.9547 49.8758 
6.28846 9.27957 0 1.17109 11.3281 
0 2.0067 0 0 0.443185 19.3616 0 
Estimating row 136 out of 308 for hessian
19.6104 7.17253 68.8905 45.0936 
11.1739 11.1739 48.9547 49.8758 
6.28846 9.27957 0 1.17109 11.3281 
0 2.0067 0 0 0.443185 19.3616 0 
19.6104 7.17253 68.8905 45.0936 
11.1739 11.1739 48.9547 49.8758 
6.28846 9.27957 0 1.17109 11.3281 
0 2.0067 0 0 0.443185 19.3616 0 
19.6104 7.17253 68.8905 45.0936 
11.1739 11.1739 48.9547 49.8758 
6.28846 9.27957 0 1.17109 11.3281 
0 2.0067 0 0 0.443185 19.3616 0 
19.6104 7.17253 68.8905 45.0936 
11.1739 11.1739 48.9547 49.8758 
6.28846 9.27957 0 1.17109 11.3281 
0 2.0067 0 0 0.443185 19.3616 0 
Estimating row 137 out of 308 for hessian
19.6104 7.17253 68.8905 45.0936 
11.1739 11.1739 48.9547 49.8758 
6.28846 9.27957 0 1.17109 11.3281 
0 2.0067 0 0 0.443185 19.3616 0 
19.6104 7.17253 68.8905 45.0936 
11.1739 11.1739 48.9547 49.8758 
6.28846 9.27957 0 1.17109 11.3281 
0 2.0067 0 0 0.443185 19.3616 0 
19.6104 7.17253 68.8905 45.0936 
11.1739 11.1739 48.9547 49.8758 
6.28846 9.27957 0 1.17109 11.3281 
0 2.0067 0 0 0.443185 19.3616 0 
19.6104 7.17253 68.8905 45.0936 
11.1739 11.1739 48.9547 49.8758 
6.28846 9.27957 0 1.17109 11.3281 
0 2.0067 0 0 0.443185 19.3616 0 
Estimating row 138 out of 308 for hessian
19.6104 7.17253 68.8905 45.0936 
11.1739 11.1739 48.9547 49.8758 
6.28846 9.27957 0 1.17109 11.3281 
0 2.0067 0 0 0.443185 19.3616 0 
19.6104 7.17253 68.8905 45.0936 
11.1739 11.1739 48.9547 49.8758 
6.28846 9.27957 0 1.17109 11.3281 
0 2.0067 0 0 0.443185 19.3616 0 
19.6104 7.17253 68.8905 45.0936 
11.1739 11.1739 48.9547 49.8758 
6.28846 9.27957 0 1.17109 11.3281 
0 2.0067 0 0 0.443185 19.3616 0 
19.6104 7.17253 68.8905 45.0936 
11.1739 11.1739 48.9547 49.8758 
6.28846 9.27957 0 1.17109 11.3281 
0 2.0067 0 0 0.443185 19.3616 0 
Estimating row 139 out of 308 for hessian
19.6104 7.17253 68.8905 45.0936 
11.1739 11.1739 48.9547 49.8758 
6.28846 9.27957 0 1.17109 11.3281 
0 2.0067 0 0 0.443185 19.3616 0 
19.6104 7.17253 68.8905 45.0936 
11.1739 11.1739 48.9547 49.8758 
6.28846 9.27957 0 1.17109 11.3281 
0 2.0067 0 0 0.443185 19.3616 0 
19.6104 7.17253 68.8905 45.0936 
11.1739 11.1739 48.9547 49.8758 
6.28846 9.27957 0 1.17109 11.3281 
0 2.0067 0 0 0.443185 19.3616 0 
19.6104 7.17253 68.8905 45.0936 
11.1739 11.1739 48.9547 49.8758 
6.28846 9.27957 0 1.17109 11.3281 
0 2.0067 0 0 0.443185 19.3616 0 
Estimating row 140 out of 308 for hessian
19.6104 7.17253 68.8905 45.0936 
11.1739 11.1739 48.9547 49.8758 
6.28846 9.27957 0 1.17109 11.3281 
0 2.0067 0 0 0.443185 19.3616 0 
19.6104 7.17253 68.8905 45.0936 
11.1739 11.1739 48.9547 49.8758 
6.28846 9.27957 0 1.17109 11.3281 
0 2.0067 0 0 0.443185 19.3616 0 
19.6104 7.17253 68.8905 45.0936 
11.1739 11.1739 48.9547 49.8758 
6.28846 9.27957 0 1.17109 11.3281 
0 2.0067 0 0 0.443185 19.3616 0 
19.6104 7.17253 68.8905 45.0936 
11.1739 11.1739 48.9547 49.8758 
6.28846 9.27957 0 1.17109 11.3281 
0 2.0067 0 0 0.443185 19.3616 0 
Estimating row 141 out of 308 for hessian
19.6104 7.17253 68.8905 45.0936 
11.1739 11.1739 48.9547 49.8758 
6.28846 9.27957 0 1.17109 11.3281 
0 2.0067 0 0 0.443185 19.3616 0 
19.6104 7.17253 68.8905 45.0936 
11.1739 11.1739 48.9547 49.8758 
6.28846 9.27957 0 1.17109 11.3281 
0 2.0067 0 0 0.443185 19.3616 0 
19.6104 7.17253 68.8905 45.0936 
11.1739 11.1739 48.9547 49.8758 
6.28846 9.27957 0 1.17109 11.3281 
0 2.0067 0 0 0.443185 19.3616 0 
19.6104 7.17253 68.8905 45.0936 
11.1739 11.1739 48.9547 49.8758 
6.28846 9.27957 0 1.17109 11.3281 
0 2.0067 0 0 0.443185 19.3616 0 
Estimating row 142 out of 308 for hessian
19.6104 7.17253 68.8905 45.0936 
11.1739 11.1739 48.9547 49.8758 
6.28846 9.27957 0 1.17109 11.3281 
0 2.0067 0 0 0.443185 19.3616 0 
19.6104 7.17253 68.8905 45.0936 
11.1739 11.1739 48.9547 49.8758 
6.28846 9.27957 0 1.17109 11.3281 
0 2.0067 0 0 0.443185 19.3616 0 
19.6104 7.17253 68.8905 45.0936 
11.1739 11.1739 48.9547 49.8758 
6.28846 9.27957 0 1.17109 11.3281 
0 2.0067 0 0 0.443185 19.3616 0 
19.6104 7.17253 68.8905 45.0936 
11.1739 11.1739 48.9547 49.8758 
6.28846 9.27957 0 1.17109 11.3281 
0 2.0067 0 0 0.443185 19.3616 0 
Estimating row 143 out of 308 for hessian
19.6104 7.17253 68.8905 45.0936 
11.1739 11.1739 48.9547 49.8758 
6.28846 9.27957 0 1.17109 11.3281 
0 2.0067 0 0 0.443185 19.3616 0 
19.6104 7.17253 68.8905 45.0936 
11.1739 11.1739 48.9547 49.8758 
6.28846 9.27957 0 1.17109 11.3281 
0 2.0067 0 0 0.443185 19.3616 0 
19.6104 7.17253 68.8905 45.0936 
11.1739 11.1739 48.9547 49.8758 
6.28846 9.27957 0 1.17109 11.3281 
0 2.0067 0 0 0.443185 19.3616 0 
19.6104 7.17253 68.8905 45.0936 
11.1739 11.1739 48.9547 49.8758 
6.28846 9.27957 0 1.17109 11.3281 
0 2.0067 0 0 0.443185 19.3616 0 
Estimating row 144 out of 308 for hessian
19.6104 7.17253 68.8905 45.0936 
11.1739 11.1739 48.9547 49.8758 
6.28846 9.27957 0 1.17109 11.3281 
0 2.0067 0 0 0.443185 19.3616 0 
19.6104 7.17253 68.8905 45.0936 
11.1739 11.1739 48.9547 49.8758 
6.28846 9.27957 0 1.17109 11.3281 
0 2.0067 0 0 0.443185 19.3616 0 
19.6104 7.17253 68.8905 45.0936 
11.1739 11.1739 48.9547 49.8758 
6.28846 9.27957 0 1.17109 11.3281 
0 2.0067 0 0 0.443185 19.3616 0 
19.6104 7.17253 68.8905 45.0936 
11.1739 11.1739 48.9547 49.8758 
6.28846 9.27957 0 1.17109 11.3281 
0 2.0067 0 0 0.443185 19.3616 0 
Estimating row 145 out of 308 for hessian
19.6104 7.17253 68.8905 45.0936 
11.1739 11.1739 48.9547 49.8758 
6.28846 9.27957 0 1.17109 11.3281 
0 2.0067 0 0 0.443185 19.3616 0 
19.6104 7.17253 68.8905 45.0936 
11.1739 11.1739 48.9547 49.8758 
6.28846 9.27957 0 1.17109 11.3281 
0 2.0067 0 0 0.443185 19.3616 0 
19.6104 7.17253 68.8905 45.0936 
11.1739 11.1739 48.9547 49.8758 
6.28846 9.27957 0 1.17109 11.3281 
0 2.0067 0 0 0.443185 19.3616 0 
19.6104 7.17253 68.8905 45.0936 
11.1739 11.1739 48.9547 49.8758 
6.28846 9.27957 0 1.17109 11.3281 
0 2.0067 0 0 0.443185 19.3616 0 
Estimating row 146 out of 308 for hessian
19.6104 7.17253 68.8905 45.0936 
11.1739 11.1739 48.9547 49.8758 
6.28846 9.27957 0 1.17109 11.3281 
0 2.0067 0 0 0.443185 19.3616 0 
19.6104 7.17253 68.8905 45.0936 
11.1739 11.1739 48.9547 49.8758 
6.28846 9.27957 0 1.17109 11.3281 
0 2.0067 0 0 0.443185 19.3616 0 
19.6104 7.17253 68.8905 45.0936 
11.1739 11.1739 48.9547 49.8758 
6.28846 9.27957 0 1.17109 11.3281 
0 2.0067 0 0 0.443185 19.3616 0 
19.6104 7.17253 68.8905 45.0936 
11.1739 11.1739 48.9547 49.8758 
6.28846 9.27957 0 1.17109 11.3281 
0 2.0067 0 0 0.443185 19.3616 0 
Estimating row 147 out of 308 for hessian
19.6104 7.17253 68.8905 45.0936 
11.1739 11.1739 48.9547 49.8758 
6.28846 9.27957 0 1.17109 11.3281 
0 2.0067 0 0 0.443185 19.3616 0 
19.6104 7.17253 68.8905 45.0936 
11.1739 11.1739 48.9547 49.8758 
6.28846 9.27957 0 1.17109 11.3281 
0 2.0067 0 0 0.443185 19.3616 0 
19.6104 7.17253 68.8905 45.0936 
11.1739 11.1739 48.9547 49.8758 
6.28846 9.27957 0 1.17109 11.3281 
0 2.0067 0 0 0.443185 19.3616 0 
19.6104 7.17253 68.8905 45.0936 
11.1739 11.1739 48.9547 49.8758 
6.28846 9.27957 0 1.17109 11.3281 
0 2.0067 0 0 0.443185 19.3616 0 
Estimating row 148 out of 308 for hessian
19.6104 7.17253 68.8905 45.0936 
11.1739 11.1739 48.9547 49.8758 
6.28846 9.27957 0 1.17109 11.3281 
0 2.0067 0 0 0.443185 19.3616 0 
19.6104 7.17253 68.8905 45.0936 
11.1739 11.1739 48.9547 49.8758 
6.28846 9.27957 0 1.17109 11.3281 
0 2.0067 0 0 0.443185 19.3616 0 
19.6104 7.17253 68.8905 45.0936 
11.1739 11.1739 48.9547 49.8758 
6.28846 9.27957 0 1.17109 11.3281 
0 2.0067 0 0 0.443185 19.3616 0 
19.6104 7.17253 68.8905 45.0936 
11.1739 11.1739 48.9547 49.8758 
6.28846 9.27957 0 1.17109 11.3281 
0 2.0067 0 0 0.443185 19.3616 0 
Estimating row 149 out of 308 for hessian
19.6104 7.17253 68.8905 45.0936 
11.1739 11.1739 48.9547 49.8758 
6.28846 9.27957 0 1.17109 11.3281 
0 2.0067 0 0 0.443185 19.3616 0 
19.6104 7.17253 68.8905 45.0936 
11.1739 11.1739 48.9547 49.8758 
6.28846 9.27957 0 1.17109 11.3281 
0 2.0067 0 0 0.443185 19.3616 0 
19.6104 7.17253 68.8905 45.0936 
11.1739 11.1739 48.9547 49.8758 
6.28846 9.27957 0 1.17109 11.3281 
0 2.0067 0 0 0.443185 19.3616 0 
19.6104 7.17253 68.8905 45.0936 
11.1739 11.1739 48.9547 49.8758 
6.28846 9.27957 0 1.17109 11.3281 
0 2.0067 0 0 0.443185 19.3616 0 
Estimating row 150 out of 308 for hessian
19.6104 7.17253 68.8905 45.0936 
11.1739 11.1739 48.9547 49.8758 
6.28846 9.27957 0 1.17109 11.3281 
0 2.0067 0 0 0.443185 19.3616 0 
19.6104 7.17253 68.8905 45.0936 
11.1739 11.1739 48.9547 49.8758 
6.28846 9.27957 0 1.17109 11.3281 
0 2.0067 0 0 0.443185 19.3616 0 
19.6104 7.17253 68.8905 45.0936 
11.1739 11.1739 48.9547 49.8758 
6.28846 9.27957 0 1.17109 11.3281 
0 2.0067 0 0 0.443185 19.3616 0 
19.6104 7.17253 68.8905 45.0936 
11.1739 11.1739 48.9547 49.8758 
6.28846 9.27957 0 1.17109 11.3281 
0 2.0067 0 0 0.443185 19.3616 0 
Estimating row 151 out of 308 for hessian
19.6104 7.17253 68.8905 45.0936 
11.1739 11.1739 48.9547 49.8758 
6.28846 9.27957 0 1.17109 11.3281 
0 2.0067 0 0 0.443185 19.3616 0 
19.6104 7.17253 68.8905 45.0936 
11.1739 11.1739 48.9547 49.8758 
6.28846 9.27957 0 1.17109 11.3281 
0 2.0067 0 0 0.443185 19.3616 0 
19.6104 7.17253 68.8905 45.0936 
11.1739 11.1739 48.9547 49.8758 
6.28846 9.27957 0 1.17109 11.3281 
0 2.0067 0 0 0.443185 19.3616 0 
19.6104 7.17253 68.8905 45.0936 
11.1739 11.1739 48.9547 49.8758 
6.28846 9.27957 0 1.17109 11.3281 
0 2.0067 0 0 0.443185 19.3616 0 
Estimating row 152 out of 308 for hessian
19.6104 7.17253 68.8905 45.0936 
11.1739 11.1739 48.9547 49.8758 
6.28846 9.27957 0 1.17109 11.3281 
0 2.0067 0 0 0.443185 19.3616 0 
19.6104 7.17253 68.8905 45.0936 
11.1739 11.1739 48.9547 49.8758 
6.28846 9.27957 0 1.17109 11.3281 
0 2.0067 0 0 0.443185 19.3616 0 
19.6104 7.17253 68.8905 45.0936 
11.1739 11.1739 48.9547 49.8758 
6.28846 9.27957 0 1.17109 11.3281 
0 2.0067 0 0 0.443185 19.3616 0 
19.6104 7.17253 68.8905 45.0936 
11.1739 11.1739 48.9547 49.8758 
6.28846 9.27957 0 1.17109 11.3281 
0 2.0067 0 0 0.443185 19.3616 0 
Estimating row 153 out of 308 for hessian
19.6104 7.17253 68.8905 45.0936 
11.1739 11.1739 48.9547 49.8758 
6.28846 9.27957 0 1.17109 11.3281 
0 2.0067 0 0 0.443185 19.3616 0 
19.6104 7.17253 68.8905 45.0936 
11.1739 11.1739 48.9547 49.8758 
6.28846 9.27957 0 1.17109 11.3281 
0 2.0067 0 0 0.443185 19.3616 0 
19.6104 7.17253 68.8905 45.0936 
11.1739 11.1739 48.9547 49.8758 
6.28846 9.27957 0 1.17109 11.3281 
0 2.0067 0 0 0.443185 19.3616 0 
19.6104 7.17253 68.8905 45.0936 
11.1739 11.1739 48.9547 49.8758 
6.28846 9.27957 0 1.17109 11.3281 
0 2.0067 0 0 0.443185 19.3616 0 
Estimating row 154 out of 308 for hessian
19.6104 7.17253 68.8905 45.0936 
11.1739 11.1739 48.9547 49.8758 
6.28846 9.27957 0 1.17109 11.3281 
0 2.0067 0 0 0.443185 19.3616 0 
19.6104 7.17253 68.8905 45.0936 
11.1739 11.1739 48.9547 49.8758 
6.28846 9.27957 0 1.17109 11.3281 
0 2.0067 0 0 0.443185 19.3616 0 
19.6104 7.17253 68.8905 45.0936 
11.1739 11.1739 48.9547 49.8758 
6.28846 9.27957 0 1.17109 11.3281 
0 2.0067 0 0 0.443185 19.3616 0 
19.6104 7.17253 68.8905 45.0936 
11.1739 11.1739 48.9547 49.8758 
6.28846 9.27957 0 1.17109 11.3281 
0 2.0067 0 0 0.443185 19.3616 0 
Estimating row 155 out of 308 for hessian
19.6104 7.17253 68.8905 45.0936 
11.1739 11.1739 48.9547 49.8758 
6.28846 9.27957 0 1.17109 11.3281 
0 2.0067 0 0 0.443185 19.3616 0 
19.6104 7.17253 68.8905 45.0936 
11.1739 11.1739 48.9547 49.8758 
6.28846 9.27957 0 1.17109 11.3281 
0 2.0067 0 0 0.443185 19.3616 0 
19.6104 7.17253 68.8905 45.0936 
11.1739 11.1739 48.9547 49.8758 
6.28846 9.27957 0 1.17109 11.3281 
0 2.0067 0 0 0.443185 19.3616 0 
19.6104 7.17253 68.8905 45.0936 
11.1739 11.1739 48.9547 49.8758 
6.28846 9.27957 0 1.17109 11.3281 
0 2.0067 0 0 0.443185 19.3616 0 
Estimating row 156 out of 308 for hessian
19.6104 7.17253 68.8905 45.0936 
11.1739 11.1739 48.9547 49.8758 
6.28846 9.27957 0 1.17109 11.3281 
0 2.0067 0 0 0.443185 19.3616 0 
19.6104 7.17253 68.8905 45.0936 
11.1739 11.1739 48.9547 49.8758 
6.28846 9.27957 0 1.17109 11.3281 
0 2.0067 0 0 0.443185 19.3616 0 
19.6104 7.17253 68.8905 45.0936 
11.1739 11.1739 48.9547 49.8758 
6.28846 9.27957 0 1.17109 11.3281 
0 2.0067 0 0 0.443185 19.3616 0 
19.6104 7.17253 68.8905 45.0936 
11.1739 11.1739 48.9547 49.8758 
6.28846 9.27957 0 1.17109 11.3281 
0 2.0067 0 0 0.443185 19.3616 0 
Estimating row 157 out of 308 for hessian
19.6104 7.17253 68.8905 45.0936 
11.1739 11.1739 48.9547 49.8758 
6.28846 9.27957 0 1.17109 11.3281 
0 2.0067 0 0 0.443185 19.3616 0 
19.6104 7.17253 68.8905 45.0936 
11.1739 11.1739 48.9547 49.8758 
6.28846 9.27957 0 1.17109 11.3281 
0 2.0067 0 0 0.443185 19.3616 0 
19.6104 7.17253 68.8905 45.0936 
11.1739 11.1739 48.9547 49.8758 
6.28846 9.27957 0 1.17109 11.3281 
0 2.0067 0 0 0.443185 19.3616 0 
19.6104 7.17253 68.8905 45.0936 
11.1739 11.1739 48.9547 49.8758 
6.28846 9.27957 0 1.17109 11.3281 
0 2.0067 0 0 0.443185 19.3616 0 
Estimating row 158 out of 308 for hessian
19.6104 7.17253 68.8905 45.0936 
11.1739 11.1739 48.9547 49.8758 
6.28846 9.27957 0 1.17109 11.3281 
0 2.0067 0 0 0.443185 19.3616 0 
19.6104 7.17253 68.8905 45.0936 
11.1739 11.1739 48.9547 49.8758 
6.28846 9.27957 0 1.17109 11.3281 
0 2.0067 0 0 0.443185 19.3616 0 
19.6104 7.17253 68.8905 45.0936 
11.1739 11.1739 48.9547 49.8758 
6.28846 9.27957 0 1.17109 11.3281 
0 2.0067 0 0 0.443185 19.3616 0 
19.6104 7.17253 68.8905 45.0936 
11.1739 11.1739 48.9547 49.8758 
6.28846 9.27957 0 1.17109 11.3281 
0 2.0067 0 0 0.443185 19.3616 0 
Estimating row 159 out of 308 for hessian
19.6104 7.17253 68.8905 45.0936 
11.1739 11.1739 48.9547 49.8758 
6.28846 9.27957 0 1.17109 11.3281 
0 2.0067 0 0 0.443185 19.3616 0 
19.6104 7.17253 68.8905 45.0936 
11.1739 11.1739 48.9547 49.8758 
6.28846 9.27957 0 1.17109 11.3281 
0 2.0067 0 0 0.443185 19.3616 0 
19.6104 7.17253 68.8905 45.0936 
11.1739 11.1739 48.9547 49.8758 
6.28846 9.27957 0 1.17109 11.3281 
0 2.0067 0 0 0.443185 19.3616 0 
19.6104 7.17253 68.8905 45.0936 
11.1739 11.1739 48.9547 49.8758 
6.28846 9.27957 0 1.17109 11.3281 
0 2.0067 0 0 0.443185 19.3616 0 
Estimating row 160 out of 308 for hessian
19.6104 7.17253 68.8905 45.0936 
11.1739 11.1739 48.9547 49.8758 
6.28846 9.27957 0 1.17109 11.3281 
0 2.0067 0 0 0.443185 19.3616 0 
19.6104 7.17253 68.8905 45.0936 
11.1739 11.1739 48.9547 49.8758 
6.28846 9.27957 0 1.17109 11.3281 
0 2.0067 0 0 0.443185 19.3616 0 
19.6104 7.17253 68.8905 45.0936 
11.1739 11.1739 48.9547 49.8758 
6.28846 9.27957 0 1.17109 11.3281 
0 2.0067 0 0 0.443185 19.3616 0 
19.6104 7.17253 68.8905 45.0936 
11.1739 11.1739 48.9547 49.8758 
6.28846 9.27957 0 1.17109 11.3281 
0 2.0067 0 0 0.443185 19.3616 0 
Estimating row 161 out of 308 for hessian
19.6104 7.17253 68.8905 45.0936 
11.1739 11.1739 48.9547 49.8758 
6.28846 9.27957 0 1.17109 11.3281 
0 2.0067 0 0 0.443185 19.3616 0 
19.6104 7.17253 68.8905 45.0936 
11.1739 11.1739 48.9547 49.8758 
6.28846 9.27957 0 1.17109 11.3281 
0 2.0067 0 0 0.443185 19.3616 0 
19.6104 7.17253 68.8905 45.0936 
11.1739 11.1739 48.9547 49.8758 
6.28846 9.27957 0 1.17109 11.3281 
0 2.0067 0 0 0.443185 19.3616 0 
19.6104 7.17253 68.8905 45.0936 
11.1739 11.1739 48.9547 49.8758 
6.28846 9.27957 0 1.17109 11.3281 
0 2.0067 0 0 0.443185 19.3616 0 
Estimating row 162 out of 308 for hessian
19.6104 7.17253 68.8905 45.0936 
11.1739 11.1739 48.9547 49.8758 
6.28846 9.27957 0 1.17109 11.3281 
0 2.0067 0 0 0.443185 19.3616 0 
19.6104 7.17253 68.8905 45.0936 
11.1739 11.1739 48.9547 49.8758 
6.28846 9.27957 0 1.17109 11.3281 
0 2.0067 0 0 0.443185 19.3616 0 
19.6104 7.17253 68.8905 45.0936 
11.1739 11.1739 48.9547 49.8758 
6.28846 9.27957 0 1.17109 11.3281 
0 2.0067 0 0 0.443185 19.3616 0 
19.6104 7.17253 68.8905 45.0936 
11.1739 11.1739 48.9547 49.8758 
6.28846 9.27957 0 1.17109 11.3281 
0 2.0067 0 0 0.443185 19.3616 0 
Estimating row 163 out of 308 for hessian
19.6104 7.17253 68.8905 45.0936 
11.1739 11.1739 48.9547 49.8758 
6.28846 9.27957 0 1.17109 11.3281 
0 2.0067 0 0 0.443185 19.3616 0 
19.6104 7.17253 68.8905 45.0936 
11.1739 11.1739 48.9547 49.8758 
6.28846 9.27957 0 1.17109 11.3281 
0 2.0067 0 0 0.443185 19.3616 0 
19.6104 7.17253 68.8905 45.0936 
11.1739 11.1739 48.9547 49.8758 
6.28846 9.27957 0 1.17109 11.3281 
0 2.0067 0 0 0.443185 19.3616 0 
19.6104 7.17253 68.8905 45.0936 
11.1739 11.1739 48.9547 49.8758 
6.28846 9.27957 0 1.17109 11.3281 
0 2.0067 0 0 0.443185 19.3616 0 
Estimating row 164 out of 308 for hessian
19.6104 7.17253 68.8905 45.0936 
11.1739 11.1739 48.9547 49.8758 
6.28846 9.27957 0 1.17109 11.3281 
0 2.0067 0 0 0.443185 19.3616 0 
19.6104 7.17253 68.8905 45.0936 
11.1739 11.1739 48.9547 49.8758 
6.28846 9.27957 0 1.17109 11.3281 
0 2.0067 0 0 0.443185 19.3616 0 
19.6104 7.17253 68.8905 45.0936 
11.1739 11.1739 48.9547 49.8758 
6.28846 9.27957 0 1.17109 11.3281 
0 2.0067 0 0 0.443185 19.3616 0 
19.6104 7.17253 68.8905 45.0936 
11.1739 11.1739 48.9547 49.8758 
6.28846 9.27957 0 1.17109 11.3281 
0 2.0067 0 0 0.443185 19.3616 0 
Estimating row 165 out of 308 for hessian
19.6104 7.17253 68.8905 45.0936 
11.1739 11.1739 48.9547 49.8758 
6.28846 9.27957 0 1.17109 11.3281 
0 2.0067 0 0 0.443185 19.3616 0 
19.6104 7.17253 68.8905 45.0936 
11.1739 11.1739 48.9547 49.8758 
6.28846 9.27957 0 1.17109 11.3281 
0 2.0067 0 0 0.443185 19.3616 0 
19.6104 7.17253 68.8905 45.0936 
11.1739 11.1739 48.9547 49.8758 
6.28846 9.27957 0 1.17109 11.3281 
0 2.0067 0 0 0.443185 19.3616 0 
19.6104 7.17253 68.8905 45.0936 
11.1739 11.1739 48.9547 49.8758 
6.28846 9.27957 0 1.17109 11.3281 
0 2.0067 0 0 0.443185 19.3616 0 
Estimating row 166 out of 308 for hessian
19.6104 7.17253 68.8905 45.0936 
11.1739 11.1739 48.9547 49.8758 
6.28846 9.27957 0 1.17109 11.3281 
0 2.0067 0 0 0.443185 19.3616 0 
19.6104 7.17253 68.8905 45.0936 
11.1739 11.1739 48.9547 49.8758 
6.28846 9.27957 0 1.17109 11.3281 
0 2.0067 0 0 0.443185 19.3616 0 
19.6104 7.17253 68.8905 45.0936 
11.1739 11.1739 48.9547 49.8758 
6.28846 9.27957 0 1.17109 11.3281 
0 2.0067 0 0 0.443185 19.3616 0 
19.6104 7.17253 68.8905 45.0936 
11.1739 11.1739 48.9547 49.8758 
6.28846 9.27957 0 1.17109 11.3281 
0 2.0067 0 0 0.443185 19.3616 0 
Estimating row 167 out of 308 for hessian
19.6104 7.17253 68.8905 45.0936 
11.1739 11.1739 48.9547 49.8758 
6.28846 9.27957 0 1.17109 11.3281 
0 2.0067 0 0 0.443185 19.3616 0 
19.6104 7.17253 68.8905 45.0936 
11.1739 11.1739 48.9547 49.8758 
6.28846 9.27957 0 1.17109 11.3281 
0 2.0067 0 0 0.443185 19.3616 0 
19.6104 7.17253 68.8905 45.0936 
11.1739 11.1739 48.9547 49.8758 
6.28846 9.27957 0 1.17109 11.3281 
0 2.0067 0 0 0.443185 19.3616 0 
19.6104 7.17253 68.8905 45.0936 
11.1739 11.1739 48.9547 49.8758 
6.28846 9.27957 0 1.17109 11.3281 
0 2.0067 0 0 0.443185 19.3616 0 
Estimating row 168 out of 308 for hessian
19.6104 7.17253 68.8905 45.0936 
11.1739 11.1739 48.9547 49.8758 
6.28846 9.27957 0 1.17109 11.3281 
0 2.0067 0 0 0.443185 19.3616 0 
19.6104 7.17253 68.8905 45.0936 
11.1739 11.1739 48.9547 49.8758 
6.28846 9.27957 0 1.17109 11.3281 
0 2.0067 0 0 0.443185 19.3616 0 
19.6104 7.17253 68.8905 45.0936 
11.1739 11.1739 48.9547 49.8758 
6.28846 9.27957 0 1.17109 11.3281 
0 2.0067 0 0 0.443185 19.3616 0 
19.6104 7.17253 68.8905 45.0936 
11.1739 11.1739 48.9547 49.8758 
6.28846 9.27957 0 1.17109 11.3281 
0 2.0067 0 0 0.443185 19.3616 0 
Estimating row 169 out of 308 for hessian
19.5999 7.18376 68.8908 45.0946 
11.1753 11.1753 48.9546 49.8758 
6.28846 9.27623 0 1.17109 11.3281 
0 2.0067 0 0 0.443185 19.3616 0 
19.6209 7.16132 68.8901 45.0926 
11.1725 11.1725 48.9548 49.8757 
6.28846 9.28294 0 1.17109 11.3281 
0 2.0067 0 0 0.443185 19.3616 0 
19.6093 7.17365 68.8905 45.0937 
11.174 11.174 48.9547 49.8758 
6.28846 9.27924 0 1.17109 11.3281 
0 2.0067 0 0 0.443185 19.3616 0 
19.6114 7.1714 68.8904 45.0935 
11.1737 11.1737 48.9547 49.8758 
6.28846 9.27991 0 1.17109 11.3281 
0 2.0067 0 0 0.443185 19.3616 0 
Estimating row 170 out of 308 for hessian
19.6108 7.17255 68.8907 45.0935 
11.173 11.173 48.9546 49.8757 
6.28846 9.2799 0 1.17109 11.3281 
0 2.0067 0 0 0.443185 19.3616 0 
19.6099 7.1725 68.8902 45.0936 
11.1747 11.1747 48.9548 49.8758 
6.28846 9.27925 0 1.17109 11.3281 
0 2.0067 0 0 0.443185 19.3616 0 
19.6104 7.17253 68.8905 45.0936 
11.1738 11.1738 48.9547 49.8758 
6.28846 9.27961 0 1.17109 11.3281 
0 2.0067 0 0 0.443185 19.3616 0 
19.6103 7.17252 68.8904 45.0936 
11.174 11.174 48.9547 49.8758 
6.28846 9.27954 0 1.17109 11.3281 
0 2.0067 0 0 0.443185 19.3616 0 
Estimating row 171 out of 308 for hessian
19.6108 7.1725 68.8903 45.0936 
11.1733 11.1733 48.9547 49.8757 
6.28846 9.27986 0 1.17109 11.3281 
0 2.0067 0 0 0.443185 19.3616 0 
19.61 7.17255 68.8906 45.0936 
11.1744 11.1744 48.9547 49.8758 
6.28846 9.27929 0 1.17109 11.3281 
0 2.0067 0 0 0.443185 19.3616 0 
19.6104 7.17252 68.8904 45.0936 
11.1738 11.1738 48.9547 49.8758 
6.28846 9.2796 0 1.17109 11.3281 
0 2.0067 0 0 0.443185 19.3616 0 
19.6103 7.17253 68.8905 45.0936 
11.1739 11.1739 48.9547 49.8758 
6.28846 9.27955 0 1.17109 11.3281 
0 2.0067 0 0 0.443185 19.3616 0 
Estimating row 172 out of 308 for hessian
19.6106 7.17251 68.8905 45.0935 
11.1736 11.1736 48.9546 49.8758 
6.28846 9.27976 0 1.17109 11.3281 
0 2.0067 0 0 0.443185 19.3616 0 
19.6102 7.17254 68.8904 45.0937 
11.1741 11.1741 48.9548 49.8758 
6.28846 9.27939 0 1.17109 11.3281 
0 2.0067 0 0 0.443185 19.3616 0 
19.6104 7.17252 68.8905 45.0936 
11.1738 11.1738 48.9547 49.8758 
6.28846 9.27959 0 1.17109 11.3281 
0 2.0067 0 0 0.443185 19.3616 0 
19.6104 7.17253 68.8905 45.0936 
11.1739 11.1739 48.9547 49.8758 
6.28846 9.27956 0 1.17109 11.3281 
0 2.0067 0 0 0.443185 19.3616 0 
Estimating row 173 out of 308 for hessian
19.6099 7.17261 68.8904 45.0937 
11.1739 11.1739 48.9549 49.8759 
6.28846 9.27959 0 1.17109 11.3281 
0 2.0067 0 0 0.443185 19.3616 0 
19.6109 7.17244 68.8905 45.0935 
11.1738 11.1738 48.9545 49.8757 
6.28846 9.27956 0 1.17109 11.3281 
0 2.0067 0 0 0.443185 19.3616 0 
19.6103 7.17253 68.8905 45.0936 
11.1739 11.1739 48.9547 49.8758 
6.28846 9.27958 0 1.17109 11.3281 
0 2.0067 0 0 0.443185 19.3616 0 
19.6104 7.17252 68.8905 45.0936 
11.1739 11.1739 48.9547 49.8758 
6.28846 9.27957 0 1.17109 11.3281 
0 2.0067 0 0 0.443185 19.3616 0 
Estimating row 174 out of 308 for hessian
19.6102 7.17248 68.8905 45.0939 
11.1741 11.1741 48.9545 49.8758 
6.28846 9.27952 0 1.17109 11.3281 
0 2.0067 0 0 0.443185 19.3616 0 
19.6106 7.17257 68.8905 45.0933 
11.1736 11.1736 48.9549 49.8757 
6.28846 9.27963 0 1.17109 11.3281 
0 2.0067 0 0 0.443185 19.3616 0 
19.6104 7.17252 68.8905 45.0936 
11.1739 11.1739 48.9547 49.8758 
6.28846 9.27957 0 1.17109 11.3281 
0 2.0067 0 0 0.443185 19.3616 0 
19.6104 7.17253 68.8905 45.0936 
11.1738 11.1738 48.9547 49.8758 
6.28846 9.27958 0 1.17109 11.3281 
0 2.0067 0 0 0.443185 19.3616 0 
Estimating row 175 out of 308 for hessian
19.6103 7.17246 68.8904 45.0938 
11.174 11.174 48.9548 49.8759 
6.28846 9.27925 0 1.17109 11.3281 
0 2.0067 0 0 0.443185 19.3616 0 
19.6105 7.17259 68.8905 45.0933 
11.1738 11.1738 48.9546 49.8757 
6.28846 9.2799 0 1.17109 11.3281 
0 2.0067 0 0 0.443185 19.3616 0 
19.6104 7.17252 68.8905 45.0936 
11.1739 11.1739 48.9547 49.8758 
6.28846 9.27954 0 1.17109 11.3281 
0 2.0067 0 0 0.443185 19.3616 0 
19.6104 7.17253 68.8905 45.0936 
11.1739 11.1739 48.9547 49.8758 
6.28846 9.27961 0 1.17109 11.3281 
0 2.0067 0 0 0.443185 19.3616 0 
Estimating row 176 out of 308 for hessian
19.6104 7.17245 68.8904 45.0937 
11.1739 11.1739 48.9547 49.8758 
6.28846 9.27944 0 1.17109 11.3281 
0 2.0067 0 0 0.443185 19.3616 0 
19.6104 7.1726 68.8905 45.0934 
11.1738 11.1738 48.9547 49.8758 
6.28846 9.27971 0 1.17109 11.3281 
0 2.0067 0 0 0.443185 19.3616 0 
19.6104 7.17252 68.8905 45.0936 
11.1739 11.1739 48.9547 49.8758 
6.28846 9.27956 0 1.17109 11.3281 
0 2.0067 0 0 0.443185 19.3616 0 
19.6104 7.17253 68.8905 45.0936 
11.1739 11.1739 48.9547 49.8758 
6.28846 9.27959 0 1.17109 11.3281 
0 2.0067 0 0 0.443185 19.3616 0 
Estimating row 177 out of 308 for hessian
19.6104 7.17248 68.8904 45.0937 
11.1739 11.1739 48.9547 49.8757 
6.28846 9.27948 0 1.17109 11.3281 
0 2.0067 0 0 0.443185 19.3616 0 
19.6103 7.17257 68.8905 45.0934 
11.1738 11.1738 48.9547 49.8758 
6.28846 9.27967 0 1.17109 11.3281 
0 2.0067 0 0 0.443185 19.3616 0 
19.6104 7.17252 68.8905 45.0936 
11.1739 11.1739 48.9547 49.8758 
6.28846 9.27957 0 1.17109 11.3281 
0 2.0067 0 0 0.443185 19.3616 0 
19.6104 7.17253 68.8905 45.0936 
11.1739 11.1739 48.9547 49.8758 
6.28846 9.27958 0 1.17109 11.3281 
0 2.0067 0 0 0.443185 19.3616 0 
Estimating row 178 out of 308 for hessian
19.6104 7.17261 68.8907 45.0935 
11.174 11.174 48.9548 49.8757 
6.28846 9.27933 0 1.17109 11.3281 
0 2.0067 0 0 0.443185 19.3616 0 
19.6104 7.17244 68.8903 45.0937 
11.1737 11.1737 48.9547 49.8759 
6.28846 9.27982 0 1.17109 11.3281 
0 2.0067 0 0 0.443185 19.3616 0 
19.6104 7.17253 68.8905 45.0936 
11.1739 11.1739 48.9547 49.8758 
6.28846 9.27955 0 1.17109 11.3281 
0 2.0067 0 0 0.443185 19.3616 0 
19.6104 7.17252 68.8904 45.0936 
11.1739 11.1739 48.9547 49.8758 
6.28846 9.2796 0 1.17109 11.3281 
0 2.0067 0 0 0.443185 19.3616 0 
Estimating row 179 out of 308 for hessian
19.6104 7.17261 68.8909 45.0933 
11.1738 11.1738 48.9547 49.8757 
6.28846 9.27944 0 1.17109 11.3281 
0 2.0067 0 0 0.443185 19.3616 0 
19.6104 7.17244 68.8901 45.0938 
11.1739 11.1739 48.9547 49.8759 
6.28846 9.27971 0 1.17109 11.3281 
0 2.0067 0 0 0.443185 19.3616 0 
19.6104 7.17253 68.8905 45.0936 
11.1739 11.1739 48.9547 49.8758 
6.28846 9.27956 0 1.17109 11.3281 
0 2.0067 0 0 0.443185 19.3616 0 
19.6104 7.17252 68.8904 45.0936 
11.1739 11.1739 48.9547 49.8758 
6.28846 9.27959 0 1.17109 11.3281 
0 2.0067 0 0 0.443185 19.3616 0 
Estimating row 180 out of 308 for hessian
19.6104 7.17254 68.89 45.0934 
11.1742 11.1742 48.9549 49.8758 
6.28846 9.27964 0 1.17109 11.3281 
0 2.0067 0 0 0.443185 19.3616 0 
19.6104 7.17251 68.8909 45.0937 
11.1736 11.1736 48.9545 49.8757 
6.28846 9.27951 0 1.17109 11.3281 
0 2.0067 0 0 0.443185 19.3616 0 
19.6104 7.17253 68.8904 45.0936 
11.1739 11.1739 48.9547 49.8758 
6.28846 9.27958 0 1.17109 11.3281 
0 2.0067 0 0 0.443185 19.3616 0 
19.6104 7.17252 68.8905 45.0936 
11.1738 11.1738 48.9547 49.8758 
6.28846 9.27957 0 1.17109 11.3281 
0 2.0067 0 0 0.443185 19.3616 0 
Estimating row 181 out of 308 for hessian
19.6105 7.17243 68.89 45.0936 
11.1743 11.1743 48.9547 49.8758 
6.28846 9.27957 0 1.17109 11.3281 
0 2.0067 0 0 0.443185 19.3616 0 
19.6103 7.17262 68.8909 45.0936 
11.1734 11.1734 48.9547 49.8757 
6.28846 9.27958 0 1.17109 11.3281 
0 2.0067 0 0 0.443185 19.3616 0 
19.6104 7.17252 68.8904 45.0936 
11.1739 11.1739 48.9547 49.8758 
6.28846 9.27957 0 1.17109 11.3281 
0 2.0067 0 0 0.443185 19.3616 0 
19.6104 7.17253 68.8905 45.0936 
11.1738 11.1738 48.9547 49.8758 
6.28846 9.27957 0 1.17109 11.3281 
0 2.0067 0 0 0.443185 19.3616 0 
Estimating row 182 out of 308 for hessian
19.6105 7.17238 68.8903 45.0936 
11.1741 11.1741 48.9547 49.8757 
6.28846 9.27954 0 1.17109 11.3281 
0 2.0067 0 0 0.443185 19.3616 0 
19.6102 7.17267 68.8906 45.0935 
11.1737 11.1737 48.9548 49.8758 
6.28846 9.27961 0 1.17109 11.3281 
0 2.0067 0 0 0.443185 19.3616 0 
19.6104 7.17251 68.8904 45.0936 
11.1739 11.1739 48.9547 49.8758 
6.28846 9.27957 0 1.17109 11.3281 
0 2.0067 0 0 0.443185 19.3616 0 
19.6104 7.17254 68.8905 45.0936 
11.1738 11.1738 48.9547 49.8758 
6.28846 9.27958 0 1.17109 11.3281 
0 2.0067 0 0 0.443185 19.3616 0 
Estimating row 183 out of 308 for hessian
19.6105 7.17236 68.8903 45.0936 
11.1741 11.1741 48.9547 49.8757 
6.28846 9.2795 0 1.17109 11.3281 
0 2.0067 0 0 0.443185 19.3616 0 
19.6102 7.17269 68.8906 45.0935 
11.1737 11.1737 48.9547 49.8758 
6.28846 9.27965 0 1.17109 11.3281 
0 2.0067 0 0 0.443185 19.3616 0 
19.6104 7.17251 68.8904 45.0936 
11.1739 11.1739 48.9547 49.8758 
6.28846 9.27957 0 1.17109 11.3281 
0 2.0067 0 0 0.443185 19.3616 0 
19.6104 7.17254 68.8905 45.0936 
11.1738 11.1738 48.9547 49.8758 
6.28846 9.27958 0 1.17109 11.3281 
0 2.0067 0 0 0.443185 19.3616 0 
Estimating row 184 out of 308 for hessian
19.6106 7.17234 68.8904 45.0935 
11.1741 11.1741 48.9547 49.8758 
6.28846 9.27943 0 1.17109 11.3281 
0 2.0067 0 0 0.443185 19.3616 0 
19.6102 7.17271 68.8905 45.0937 
11.1736 11.1736 48.9547 49.8757 
6.28846 9.27972 0 1.17109 11.3281 
0 2.0067 0 0 0.443185 19.3616 0 
19.6104 7.17251 68.8905 45.0936 
11.1739 11.1739 48.9547 49.8758 
6.28846 9.27956 0 1.17109 11.3281 
0 2.0067 0 0 0.443185 19.3616 0 
19.6104 7.17254 68.8905 45.0936 
11.1738 11.1738 48.9547 49.8758 
6.28846 9.27959 0 1.17109 11.3281 
0 2.0067 0 0 0.443185 19.3616 0 
Estimating row 185 out of 308 for hessian
19.6104 7.17238 68.8904 45.0935 
11.1741 11.1741 48.9547 49.8758 
6.28846 9.27947 0 1.17109 11.3281 
0 2.0067 0 0 0.443185 19.3616 0 
19.6103 7.17267 68.8905 45.0937 
11.1736 11.1736 48.9547 49.8757 
6.28846 9.27967 0 1.17109 11.3281 
0 2.0067 0 0 0.443185 19.3616 0 
19.6104 7.17251 68.8905 45.0936 
11.1739 11.1739 48.9547 49.8758 
6.28846 9.27956 0 1.17109 11.3281 
0 2.0067 0 0 0.443185 19.3616 0 
19.6104 7.17254 68.8905 45.0936 
11.1738 11.1738 48.9547 49.8758 
6.28846 9.27958 0 1.17109 11.3281 
0 2.0067 0 0 0.443185 19.3616 0 
Estimating row 186 out of 308 for hessian
19.6103 7.17244 68.8901 45.0938 
11.1741 11.1741 48.9548 49.8759 
6.28846 9.27951 0 1.17109 11.3281 
0 2.0067 0 0 0.443185 19.3616 0 
19.6105 7.17261 68.8908 45.0934 
11.1736 11.1736 48.9547 49.8756 
6.28846 9.27964 0 1.17109 11.3281 
0 2.0067 0 0 0.443185 19.3616 0 
19.6104 7.17252 68.8904 45.0936 
11.1739 11.1739 48.9547 49.8758 
6.28846 9.27957 0 1.17109 11.3281 
0 2.0067 0 0 0.443185 19.3616 0 
19.6104 7.17253 68.8905 45.0936 
11.1738 11.1738 48.9547 49.8758 
6.28846 9.27958 0 1.17109 11.3281 
0 2.0067 0 0 0.443185 19.3616 0 
Estimating row 187 out of 308 for hessian
19.6103 7.17245 68.8905 45.0937 
11.1739 11.1739 48.9548 49.8757 
6.28846 9.27952 0 1.17109 11.3281 
0 2.0067 0 0 0.443185 19.3616 0 
19.6105 7.1726 68.8904 45.0935 
11.1738 11.1738 48.9546 49.8758 
6.28846 9.27962 0 1.17109 11.3281 
0 2.0067 0 0 0.443185 19.3616 0 
19.6104 7.17252 68.8905 45.0936 
11.1739 11.1739 48.9547 49.8758 
6.28846 9.27957 0 1.17109 11.3281 
0 2.0067 0 0 0.443185 19.3616 0 
19.6104 7.17253 68.8905 45.0936 
11.1739 11.1739 48.9547 49.8758 
6.28846 9.27958 0 1.17109 11.3281 
0 2.0067 0 0 0.443185 19.3616 0 
Estimating row 188 out of 308 for hessian
19.6104 7.17245 68.8907 45.0934 
11.1738 11.1738 48.9548 49.8757 
6.28846 9.27961 0 1.17109 11.3281 
0 2.0067 0 0 0.443185 19.3616 0 
19.6104 7.1726 68.8902 45.0938 
11.1739 11.1739 48.9546 49.8759 
6.28846 9.27954 0 1.17109 11.3281 
0 2.0067 0 0 0.443185 19.3616 0 
19.6104 7.17252 68.8905 45.0936 
11.1739 11.1739 48.9547 49.8758 
6.28846 9.27958 0 1.17109 11.3281 
0 2.0067 0 0 0.443185 19.3616 0 
19.6104 7.17253 68.8904 45.0936 
11.1739 11.1739 48.9547 49.8758 
6.28846 9.27957 0 1.17109 11.3281 
0 2.0067 0 0 0.443185 19.3616 0 
Estimating row 189 out of 308 for hessian
19.6104 7.17247 68.8911 45.093 
11.1737 11.1737 48.9547 49.8757 
6.28846 9.27983 0 1.17109 11.3281 
0 2.0067 0 0 0.443185 19.3616 0 
19.6104 7.17258 68.8898 45.0942 
11.1741 11.1741 48.9547 49.8759 
6.28846 9.27932 0 1.17109 11.3281 
0 2.0067 0 0 0.443185 19.3616 0 
19.6104 7.17252 68.8905 45.0935 
11.1738 11.1738 48.9547 49.8758 
6.28846 9.2796 0 1.17109 11.3281 
0 2.0067 0 0 0.443185 19.3616 0 
19.6104 7.17253 68.8904 45.0936 
11.1739 11.1739 48.9547 49.8758 
6.28846 9.27955 0 1.17109 11.3281 
0 2.0067 0 0 0.443185 19.3616 0 
Estimating row 190 out of 308 for hessian
19.6103 7.17246 68.8906 45.0936 
11.1737 11.1737 48.9547 49.8757 
6.28846 9.27989 0 1.17109 11.3281 
0 2.0067 0 0 0.443185 19.3616 0 
19.6105 7.17259 68.8903 45.0936 
11.1741 11.1741 48.9547 49.8758 
6.28846 9.27926 0 1.17109 11.3281 
0 2.0067 0 0 0.443185 19.3616 0 
19.6104 7.17252 68.8905 45.0936 
11.1738 11.1738 48.9547 49.8758 
6.28846 9.27961 0 1.17109 11.3281 
0 2.0067 0 0 0.443185 19.3616 0 
19.6104 7.17253 68.8904 45.0936 
11.1739 11.1739 48.9547 49.8758 
6.28846 9.27954 0 1.17109 11.3281 
0 2.0067 0 0 0.443185 19.3616 0 
Estimating row 191 out of 308 for hessian
19.6104 7.17252 68.8905 45.0939 
11.1735 11.1735 48.9545 49.8758 
6.28846 9.27979 0 1.17109 11.3281 
0 2.0067 0 0 0.443185 19.3616 0 
19.6104 7.17253 68.8905 45.0933 
11.1742 11.1742 48.9549 49.8758 
6.28846 9.27936 0 1.17109 11.3281 
0 2.0067 0 0 0.443185 19.3616 0 
19.6104 7.17252 68.8905 45.0936 
11.1738 11.1738 48.9547 49.8758 
6.28846 9.2796 0 1.17109 11.3281 
0 2.0067 0 0 0.443185 19.3616 0 
19.6104 7.17253 68.8905 45.0935 
11.1739 11.1739 48.9547 49.8758 
6.28846 9.27955 0 1.17109 11.3281 
0 2.0067 0 0 0.443185 19.3616 0 
Estimating row 192 out of 308 for hessian
19.6105 7.17261 68.8903 45.0939 
11.1734 11.1734 48.9546 49.8758 
6.28846 9.2798 0 1.17109 11.3281 
0 2.0067 0 0 0.443185 19.3616 0 
19.6103 7.17244 68.8906 45.0932 
11.1743 11.1743 48.9548 49.8757 
6.28846 9.27934 0 1.17109 11.3281 
0 2.0067 0 0 0.443185 19.3616 0 
19.6104 7.17253 68.8904 45.0936 
11.1738 11.1738 48.9547 49.8758 
6.28846 9.2796 0 1.17109 11.3281 
0 2.0067 0 0 0.443185 19.3616 0 
19.6104 7.17252 68.8905 45.0935 
11.1739 11.1739 48.9547 49.8758 
6.28846 9.27955 0 1.17109 11.3281 
0 2.0067 0 0 0.443185 19.3616 0 
Estimating row 193 out of 308 for hessian
19.6105 7.17256 68.8901 45.0938 
11.1737 11.1737 48.9547 49.8757 
6.28846 9.27969 0 1.17109 11.3281 
0 2.0067 0 0 0.443185 19.3616 0 
19.6103 7.17249 68.8908 45.0934 
11.174 11.174 48.9547 49.8758 
6.28846 9.27946 0 1.17109 11.3281 
0 2.0067 0 0 0.443185 19.3616 0 
19.6104 7.17253 68.8904 45.0936 
11.1739 11.1739 48.9547 49.8758 
6.28846 9.27959 0 1.17109 11.3281 
0 2.0067 0 0 0.443185 19.3616 0 
19.6104 7.17252 68.8905 45.0936 
11.1739 11.1739 48.9547 49.8758 
6.28846 9.27956 0 1.17109 11.3281 
0 2.0067 0 0 0.443185 19.3616 0 
Estimating row 194 out of 308 for hessian
19.6105 7.17247 68.8905 45.0935 
11.1738 11.1738 48.9547 49.8758 
6.28846 9.27962 0 1.17109 11.3281 
0 2.0067 0 0 0.443185 19.3616 0 
19.6103 7.17258 68.8905 45.0936 
11.1739 11.1739 48.9547 49.8758 
6.28846 9.27953 0 1.17109 11.3281 
0 2.0067 0 0 0.443185 19.3616 0 
19.6104 7.17252 68.8905 45.0936 
11.1739 11.1739 48.9547 49.8758 
6.28846 9.27958 0 1.17109 11.3281 
0 2.0067 0 0 0.443185 19.3616 0 
19.6104 7.17253 68.8905 45.0936 
11.1739 11.1739 48.9547 49.8758 
6.28846 9.27957 0 1.17109 11.3281 
0 2.0067 0 0 0.443185 19.3616 0 
Estimating row 195 out of 308 for hessian
19.6103 7.17261 68.8906 45.0933 
11.1738 11.1738 48.9547 49.8759 
6.28846 9.27962 0 1.17109 11.3281 
0 2.0067 0 0 0.443185 19.3616 0 
19.6104 7.17245 68.8903 45.0938 
11.1739 11.1739 48.9547 49.8757 
6.28846 9.27952 0 1.17109 11.3281 
0 2.0067 0 0 0.443185 19.3616 0 
19.6104 7.17253 68.8905 45.0936 
11.1739 11.1739 48.9547 49.8758 
6.28846 9.27958 0 1.17109 11.3281 
0 2.0067 0 0 0.443185 19.3616 0 
19.6104 7.17252 68.8905 45.0936 
11.1739 11.1739 48.9547 49.8758 
6.28846 9.27957 0 1.17109 11.3281 
0 2.0067 0 0 0.443185 19.3616 0 
Estimating row 196 out of 308 for hessian
19.6099 7.17273 68.891 45.0934 
11.1737 11.1737 48.9546 49.8758 
6.28846 9.27959 0 1.17109 11.3281 
0 2.0067 0 0 0.443185 19.3616 0 
19.6108 7.17232 68.8899 45.0937 
11.174 11.174 48.9548 49.8757 
6.28846 9.27956 0 1.17109 11.3281 
0 2.0067 0 0 0.443185 19.3616 0 
19.6103 7.17255 68.8905 45.0936 
11.1739 11.1739 48.9547 49.8758 
6.28846 9.27958 0 1.17109 11.3281 
0 2.0067 0 0 0.443185 19.3616 0 
19.6104 7.1725 68.8904 45.0936 
11.1739 11.1739 48.9547 49.8758 
6.28846 9.27957 0 1.17109 11.3281 
0 2.0067 0 0 0.443185 19.3616 0 
Estimating row 197 out of 308 for hessian
19.6103 7.17254 68.8907 45.0936 
11.1739 11.1739 48.9547 49.8757 
6.28846 9.27953 0 1.17109 11.3281 
0 2.0067 0 0 0.443185 19.3616 0 
19.6105 7.17251 68.8902 45.0936 
11.1738 11.1738 48.9548 49.8758 
6.28846 9.27962 0 1.17109 11.3281 
0 2.0067 0 0 0.443185 19.3616 0 
19.6104 7.17253 68.8905 45.0936 
11.1739 11.1739 48.9547 49.8758 
6.28846 9.27957 0 1.17109 11.3281 
0 2.0067 0 0 0.443185 19.3616 0 
19.6104 7.17252 68.8904 45.0936 
11.1739 11.1739 48.9547 49.8758 
6.28846 9.27958 0 1.17109 11.3281 
0 2.0067 0 0 0.443185 19.3616 0 
Estimating row 198 out of 308 for hessian
19.6104 7.17251 68.8902 45.0936 
11.1741 11.1741 48.9549 49.8757 
6.28846 9.2795 0 1.17109 11.3281 
0 2.0067 0 0 0.443185 19.3616 0 
19.6104 7.17254 68.8907 45.0936 
11.1737 11.1737 48.9546 49.8758 
6.28846 9.27965 0 1.17109 11.3281 
0 2.0067 0 0 0.443185 19.3616 0 
19.6104 7.17252 68.8904 45.0936 
11.1739 11.1739 48.9547 49.8758 
6.28846 9.27957 0 1.17109 11.3281 
0 2.0067 0 0 0.443185 19.3616 0 
19.6104 7.17253 68.8905 45.0936 
11.1738 11.1738 48.9547 49.8758 
6.28846 9.27958 0 1.17109 11.3281 
0 2.0067 0 0 0.443185 19.3616 0 
Estimating row 199 out of 308 for hessian
19.6104 7.17253 68.8901 45.0936 
11.1741 11.1741 48.9548 49.8758 
6.28846 9.27951 0 1.17109 11.3281 
0 2.0067 0 0 0.443185 19.3616 0 
19.6103 7.17252 68.8909 45.0935 
11.1736 11.1736 48.9546 49.8758 
6.28846 9.27964 0 1.17109 11.3281 
0 2.0067 0 0 0.443185 19.3616 0 
19.6104 7.17253 68.8904 45.0936 
11.1739 11.1739 48.9547 49.8758 
6.28846 9.27957 0 1.17109 11.3281 
0 2.0067 0 0 0.443185 19.3616 0 
19.6104 7.17252 68.8905 45.0936 
11.1738 11.1738 48.9547 49.8758 
6.28846 9.27958 0 1.17109 11.3281 
0 2.0067 0 0 0.443185 19.3616 0 
Estimating row 200 out of 308 for hessian
19.6105 7.17253 68.8905 45.0937 
11.174 11.174 48.9546 49.8757 
6.28846 9.27947 0 1.17109 11.3281 
0 2.0067 0 0 0.443185 19.3616 0 
19.6103 7.17252 68.8904 45.0935 
11.1738 11.1738 48.9548 49.8758 
6.28846 9.27968 0 1.17109 11.3281 
0 2.0067 0 0 0.443185 19.3616 0 
19.6104 7.17253 68.8905 45.0936 
11.1739 11.1739 48.9547 49.8758 
6.28846 9.27956 0 1.17109 11.3281 
0 2.0067 0 0 0.443185 19.3616 0 
19.6104 7.17253 68.8905 45.0936 
11.1739 11.1739 48.9547 49.8758 
6.28846 9.27959 0 1.17109 11.3281 
0 2.0067 0 0 0.443185 19.3616 0 
Estimating row 201 out of 308 for hessian
19.6105 7.17249 68.8908 45.0935 
11.1737 11.1737 48.9546 49.8757 
6.28846 9.27951 0 1.17109 11.3281 
0 2.0067 0 0 0.443185 19.3616 0 
19.6103 7.17256 68.8901 45.0936 
11.174 11.174 48.9548 49.8758 
6.28846 9.27964 0 1.17109 11.3281 
0 2.0067 0 0 0.443185 19.3616 0 
19.6104 7.17252 68.8905 45.0936 
11.1739 11.1739 48.9547 49.8758 
6.28846 9.27957 0 1.17109 11.3281 
0 2.0067 0 0 0.443185 19.3616 0 
19.6104 7.17253 68.8904 45.0936 
11.1739 11.1739 48.9547 49.8758 
6.28846 9.27958 0 1.17109 11.3281 
0 2.0067 0 0 0.443185 19.3616 0 
Estimating row 202 out of 308 for hessian
19.6104 7.1728 68.8908 45.0932 
11.1735 11.1735 48.9548 49.8758 
6.28846 9.27947 0 1.17109 11.3281 
0 2.0067 0 0 0.443185 19.3616 0 
19.6104 7.17225 68.8901 45.0939 
11.1742 11.1742 48.9546 49.8757 
6.28846 9.27968 0 1.17109 11.3281 
0 2.0067 0 0 0.443185 19.3616 0 
19.6104 7.17255 68.8905 45.0935 
11.1738 11.1738 48.9547 49.8758 
6.28846 9.27956 0 1.17109 11.3281 
0 2.0067 0 0 0.443185 19.3616 0 
19.6104 7.1725 68.8904 45.0936 
11.1739 11.1739 48.9547 49.8758 
6.28846 9.27958 0 1.17109 11.3281 
0 2.0067 0 0 0.443185 19.3616 0 
Estimating row 203 out of 308 for hessian
19.6103 7.17309 68.8893 45.0937 
11.1744 11.1744 48.9549 49.8757 
6.28846 9.27934 0 1.17109 11.3281 
0 2.0067 0 0 0.443185 19.3616 0 
19.6105 7.17196 68.8916 45.0934 
11.1733 11.1733 48.9545 49.8758 
6.28846 9.27981 0 1.17109 11.3281 
0 2.0067 0 0 0.443185 19.3616 0 
19.6104 7.17258 68.8903 45.0936 
11.1739 11.1739 48.9547 49.8758 
6.28846 9.27955 0 1.17109 11.3281 
0 2.0067 0 0 0.443185 19.3616 0 
19.6104 7.17247 68.8906 45.0936 
11.1738 11.1738 48.9547 49.8758 
6.28846 9.2796 0 1.17109 11.3281 
0 2.0067 0 0 0.443185 19.3616 0 
Estimating row 204 out of 308 for hessian
19.6104 7.17312 68.8898 45.0938 
11.174 11.174 48.9545 49.8759 
6.28846 9.27932 0 1.17109 11.3281 
0 2.0067 0 0 0.443185 19.3616 0 
19.6104 7.17193 68.8911 45.0934 
11.1737 11.1737 48.9549 49.8757 
6.28846 9.27983 0 1.17109 11.3281 
0 2.0067 0 0 0.443185 19.3616 0 
19.6104 7.17259 68.8904 45.0936 
11.1739 11.1739 48.9547 49.8758 
6.28846 9.27955 0 1.17109 11.3281 
0 2.0067 0 0 0.443185 19.3616 0 
19.6104 7.17247 68.8905 45.0936 
11.1739 11.1739 48.9547 49.8758 
6.28846 9.2796 0 1.17109 11.3281 
0 2.0067 0 0 0.443185 19.3616 0 
Estimating row 205 out of 308 for hessian
19.6105 7.17246 68.8904 45.0936 
11.1738 11.1738 48.9547 49.8758 
6.28846 9.27961 0 1.17109 11.3281 
0 2.0067 0 0 0.443185 19.3616 0 
19.6103 7.17259 68.8906 45.0936 
11.1739 11.1739 48.9547 49.8758 
6.28846 9.27954 0 1.17109 11.3281 
0 2.0067 0 0 0.443185 19.3616 0 
19.6104 7.17252 68.8905 45.0936 
11.1739 11.1739 48.9547 49.8758 
6.28846 9.27958 0 1.17109 11.3281 
0 2.0067 0 0 0.443185 19.3616 0 
19.6104 7.17253 68.8905 45.0936 
11.1739 11.1739 48.9547 49.8758 
6.28846 9.27957 0 1.17109 11.3281 
0 2.0067 0 0 0.443185 19.3616 0 
Estimating row 206 out of 308 for hessian
19.6105 7.17242 68.8904 45.0936 
11.1738 11.1738 48.9547 49.8758 
6.28846 9.27961 0 1.17109 11.3281 
0 2.0067 0 0 0.443185 19.3616 0 
19.6103 7.17263 68.8905 45.0936 
11.1739 11.1739 48.9547 49.8758 
6.28846 9.27953 0 1.17109 11.3281 
0 2.0067 0 0 0.443185 19.3616 0 
19.6104 7.17251 68.8905 45.0936 
11.1739 11.1739 48.9547 49.8758 
6.28846 9.27958 0 1.17109 11.3281 
0 2.0067 0 0 0.443185 19.3616 0 
19.6104 7.17254 68.8905 45.0936 
11.1739 11.1739 48.9547 49.8758 
6.28846 9.27957 0 1.17109 11.3281 
0 2.0067 0 0 0.443185 19.3616 0 
Estimating row 207 out of 308 for hessian
19.6105 7.17243 68.8904 45.0936 
11.1738 11.1738 48.9547 49.8758 
6.28846 9.27961 0 1.17109 11.3281 
0 2.0067 0 0 0.443185 19.3616 0 
19.6103 7.17262 68.8905 45.0936 
11.1739 11.1739 48.9547 49.8758 
6.28846 9.27953 0 1.17109 11.3281 
0 2.0067 0 0 0.443185 19.3616 0 
19.6104 7.17252 68.8905 45.0936 
11.1739 11.1739 48.9547 49.8758 
6.28846 9.27958 0 1.17109 11.3281 
0 2.0067 0 0 0.443185 19.3616 0 
19.6104 7.17253 68.8905 45.0936 
11.1739 11.1739 48.9547 49.8758 
6.28846 9.27957 0 1.17109 11.3281 
0 2.0067 0 0 0.443185 19.3616 0 
Estimating row 208 out of 308 for hessian
19.61 7.17244 68.8909 45.0935 
11.1738 11.1738 48.9547 49.8758 
6.28846 9.27961 0 1.17109 11.3281 
0 2.0067 0 0 0.443185 19.3616 0 
19.6107 7.17261 68.89 45.0936 
11.1739 11.1739 48.9547 49.8758 
6.28846 9.27953 0 1.17109 11.3281 
0 2.0067 0 0 0.443185 19.3616 0 
19.6104 7.17252 68.8905 45.0936 
11.1739 11.1739 48.9547 49.8758 
6.28846 9.27958 0 1.17109 11.3281 
0 2.0067 0 0 0.443185 19.3616 0 
19.6104 7.17253 68.8904 45.0936 
11.1739 11.1739 48.9547 49.8758 
6.28846 9.27957 0 1.17109 11.3281 
0 2.0067 0 0 0.443185 19.3616 0 
Estimating row 209 out of 308 for hessian
19.6099 7.17241 68.8911 45.0935 
11.1738 11.1738 48.9547 49.8758 
6.28846 9.27962 0 1.17109 11.3281 
0 2.0067 0 0 0.443185 19.3616 0 
19.6109 7.17264 68.8899 45.0936 
11.1739 11.1739 48.9547 49.8758 
6.28846 9.27953 0 1.17109 11.3281 
0 2.0067 0 0 0.443185 19.3616 0 
19.6103 7.17251 68.8905 45.0936 
11.1739 11.1739 48.9547 49.8758 
6.28846 9.27958 0 1.17109 11.3281 
0 2.0067 0 0 0.443185 19.3616 0 
19.6104 7.17254 68.8904 45.0936 
11.1739 11.1739 48.9547 49.8758 
6.28846 9.27957 0 1.17109 11.3281 
0 2.0067 0 0 0.443185 19.3616 0 
Estimating row 210 out of 308 for hessian
19.6102 7.1724 68.8907 45.0936 
11.1738 11.1738 48.9547 49.8758 
6.28846 9.27962 0 1.17109 11.3281 
0 2.0067 0 0 0.443185 19.3616 0 
19.6105 7.17265 68.8902 45.0936 
11.1739 11.1739 48.9547 49.8758 
6.28846 9.27953 0 1.17109 11.3281 
0 2.0067 0 0 0.443185 19.3616 0 
19.6104 7.17251 68.8905 45.0936 
11.1739 11.1739 48.9547 49.8758 
6.28846 9.27958 0 1.17109 11.3281 
0 2.0067 0 0 0.443185 19.3616 0 
19.6104 7.17254 68.8904 45.0936 
11.1739 11.1739 48.9547 49.8758 
6.28846 9.27957 0 1.17109 11.3281 
0 2.0067 0 0 0.443185 19.3616 0 
Estimating row 211 out of 308 for hessian
19.6104 7.17248 68.8905 45.0936 
11.1739 11.1739 48.9547 49.8758 
6.28846 9.27959 0 1.17109 11.3281 
0 2.0067 0 0 0.443185 19.3616 0 
19.6103 7.17257 68.8905 45.0936 
11.1739 11.1739 48.9547 49.8758 
6.28846 9.27956 0 1.17109 11.3281 
0 2.0067 0 0 0.443185 19.3616 0 
19.6104 7.17252 68.8905 45.0936 
11.1739 11.1739 48.9547 49.8758 
6.28846 9.27958 0 1.17109 11.3281 
0 2.0067 0 0 0.443185 19.3616 0 
19.6104 7.17253 68.8905 45.0936 
11.1739 11.1739 48.9547 49.8758 
6.28846 9.27957 0 1.17109 11.3281 
0 2.0067 0 0 0.443185 19.3616 0 
Estimating row 212 out of 308 for hessian
19.6111 7.16993 68.8927 45.0945 
11.1724 11.1724 48.9546 49.8758 
6.28846 9.28086 0 1.17013 11.3281 
0 2.0067 0 0 0.443185 19.3616 0 
19.6097 7.17512 68.8882 45.0927 
11.1753 11.1753 48.9548 49.8757 
6.28846 9.27829 0 1.17205 11.3281 
0 2.0067 0 0 0.443185 19.3616 0 
19.6105 7.17227 68.8907 45.0937 
11.1737 11.1737 48.9547 49.8758 
6.28846 9.2797 0 1.171 11.3281 
0 2.0067 0 0 0.443185 19.3616 0 
19.6103 7.17278 68.8902 45.0935 
11.174 11.174 48.9547 49.8758 
6.28846 9.27945 0 1.17119 11.3281 
0 2.0067 0 0 0.443185 19.3616 0 
Estimating row 213 out of 308 for hessian
19.6104 7.16968 68.8905 45.0925 
11.174 11.174 48.9546 49.8758 
6.28846 9.28008 0 1.17109 11.3315 
0 2.0067 0 0 0.443185 19.3616 0 
19.6104 7.17537 68.8905 45.0947 
11.1737 11.1737 48.9548 49.8757 
6.28846 9.27907 0 1.17109 11.3248 
0 2.0067 0 0 0.443185 19.3616 0 
19.6104 7.17224 68.8905 45.0935 
11.1739 11.1739 48.9547 49.8758 
6.28846 9.27962 0 1.17109 11.3285 
0 2.0067 0 0 0.443185 19.3616 0 
19.6104 7.17281 68.8905 45.0937 
11.1739 11.1739 48.9547 49.8758 
6.28846 9.27952 0 1.17109 11.3278 
0 2.0067 0 0 0.443185 19.3616 0 
Estimating row 214 out of 308 for hessian
19.6104 7.17253 68.8905 45.0936 
11.1739 11.1739 48.9547 49.8758 
6.28846 9.27957 0 1.17109 11.3281 
0 2.0067 0 0 0.443185 19.3616 0 
19.6104 7.17253 68.8905 45.0936 
11.1739 11.1739 48.9547 49.8758 
6.28846 9.27957 0 1.17109 11.3281 
0 2.0067 0 0 0.443185 19.3616 0 
19.6104 7.17253 68.8905 45.0936 
11.1739 11.1739 48.9547 49.8758 
6.28846 9.27957 0 1.17109 11.3281 
0 2.0067 0 0 0.443185 19.3616 0 
19.6104 7.17253 68.8905 45.0936 
11.1739 11.1739 48.9547 49.8758 
6.28846 9.27957 0 1.17109 11.3281 
0 2.0067 0 0 0.443185 19.3616 0 
Estimating row 215 out of 308 for hessian
19.6103 7.17257 68.8907 45.0934 
11.1738 11.1738 48.9549 49.8756 
6.28846 9.27956 0 1.17109 11.3281 
0 2.0067 0 0 0.443185 19.3616 0 
19.6104 7.17248 68.8902 45.0938 
11.1739 11.1739 48.9545 49.8759 
6.28846 9.27959 0 1.17109 11.3281 
0 2.0067 0 0 0.443185 19.3616 0 
19.6104 7.17253 68.8905 45.0936 
11.1739 11.1739 48.9547 49.8758 
6.28846 9.27957 0 1.17109 11.3281 
0 2.0067 0 0 0.443185 19.3616 0 
19.6104 7.17252 68.8904 45.0936 
11.1739 11.1739 48.9547 49.8758 
6.28846 9.27958 0 1.17109 11.3281 
0 2.0067 0 0 0.443185 19.3616 0 
Estimating row 216 out of 308 for hessian
19.6103 7.17261 68.8907 45.0935 
11.1737 11.1737 48.9545 49.8758 
6.28846 9.27955 0 1.17109 11.3281 
0 2.0067 0 0 0.443185 19.3616 0 
19.6104 7.17244 68.8902 45.0936 
11.174 11.174 48.9549 49.8757 
6.28846 9.2796 0 1.17109 11.3281 
0 2.0067 0 0 0.443185 19.3616 0 
19.6104 7.17253 68.8905 45.0936 
11.1739 11.1739 48.9547 49.8758 
6.28846 9.27957 0 1.17109 11.3281 
0 2.0067 0 0 0.443185 19.3616 0 
19.6104 7.17252 68.8904 45.0936 
11.1739 11.1739 48.9547 49.8758 
6.28846 9.27958 0 1.17109 11.3281 
0 2.0067 0 0 0.443185 19.3616 0 
Estimating row 217 out of 308 for hessian
19.6104 7.17237 68.8905 45.0941 
11.1734 11.1734 48.9549 49.8756 
6.28846 9.27966 0 1.17109 11.3281 
0 2.0067 0 0 0.443185 19.3616 0 
19.6104 7.17268 68.8905 45.093 
11.1744 11.1744 48.9546 49.8759 
6.28846 9.27949 0 1.17109 11.3281 
0 2.0067 0 0 0.443185 19.3616 0 
19.6104 7.17251 68.8905 45.0936 
11.1738 11.1738 48.9547 49.8758 
6.28846 9.27958 0 1.17109 11.3281 
0 2.0067 0 0 0.443185 19.3616 0 
19.6104 7.17254 68.8905 45.0935 
11.1739 11.1739 48.9547 49.8758 
6.28846 9.27957 0 1.17109 11.3281 
0 2.0067 0 0 0.443185 19.3616 0 
Estimating row 218 out of 308 for hessian
19.6104 7.17253 68.8905 45.0936 
11.1737 11.1737 48.9547 49.8758 
6.28846 9.27975 0 1.17109 11.3281 
0 2.0067 0 0 0.443188 19.3616 0 
19.6104 7.17253 68.8905 45.0936 
11.174 11.174 48.9547 49.8758 
6.28846 9.2794 0 1.17109 11.3281 
0 2.0067 0 0 0.443182 19.3616 0 
19.6104 7.17253 68.8905 45.0936 
11.1739 11.1739 48.9547 49.8758 
6.28846 9.27959 0 1.17109 11.3281 
0 2.0067 0 0 0.443185 19.3616 0 
19.6104 7.17253 68.8905 45.0936 
11.1739 11.1739 48.9547 49.8758 
6.28846 9.27956 0 1.17109 11.3281 
0 2.0067 0 0 0.443184 19.3616 0 
Estimating row 219 out of 308 for hessian
19.6104 7.17253 68.8905 45.0936 
11.1737 11.1737 48.9547 49.8758 
6.28846 9.2798 0 1.17109 11.3281 
0 2.0067 0 0 0.443178 19.3616 0 
19.6104 7.17252 68.8905 45.0936 
11.1741 11.1741 48.9547 49.8758 
6.28846 9.27935 0 1.17109 11.3281 
0 2.0067 0 0 0.443192 19.3616 0 
19.6104 7.17253 68.8905 45.0936 
11.1738 11.1738 48.9547 49.8758 
6.28846 9.2796 0 1.17109 11.3281 
0 2.0067 0 0 0.443184 19.3616 0 
19.6104 7.17253 68.8905 45.0936 
11.1739 11.1739 48.9547 49.8758 
6.28846 9.27955 0 1.17109 11.3281 
0 2.0067 0 0 0.443186 19.3616 0 
Estimating row 220 out of 308 for hessian
19.6104 7.17252 68.8905 45.0936 
11.1738 11.1738 48.9547 49.8758 
6.28846 9.2797 0 1.17109 11.3281 
0 2.0067 0 0 0.443189 19.3616 0 
19.6104 7.17253 68.8905 45.0936 
11.1739 11.1739 48.9548 49.8758 
6.28846 9.27945 0 1.17109 11.3281 
0 2.0067 0 0 0.443181 19.3616 0 
19.6104 7.17252 68.8905 45.0936 
11.1739 11.1739 48.9547 49.8758 
6.28846 9.27959 0 1.17109 11.3281 
0 2.0067 0 0 0.443185 19.3616 0 
19.6104 7.17253 68.8905 45.0936 
11.1739 11.1739 48.9547 49.8758 
6.28846 9.27956 0 1.17109 11.3281 
0 2.0067 0 0 0.443184 19.3616 0 
Estimating row 221 out of 308 for hessian
19.6104 7.17251 68.8905 45.0936 
11.1739 11.1739 48.9546 49.8758 
6.28846 9.27965 0 1.17109 11.3281 
0 2.0067 0 0 0.443187 19.3616 0 
19.6104 7.17254 68.8905 45.0936 
11.1738 11.1738 48.9548 49.8758 
6.28846 9.2795 0 1.17109 11.3281 
0 2.0067 0 0 0.443182 19.3616 0 
19.6104 7.17252 68.8905 45.0936 
11.1739 11.1739 48.9547 49.8758 
6.28846 9.27958 0 1.17109 11.3281 
0 2.0067 0 0 0.443185 19.3616 0 
19.6104 7.17253 68.8905 45.0936 
11.1739 11.1739 48.9547 49.8758 
6.28846 9.27957 0 1.17109 11.3281 
0 2.0067 0 0 0.443185 19.3616 0 
Estimating row 222 out of 308 for hessian
19.6104 7.17253 68.8905 45.0936 
11.1739 11.1739 48.9546 49.8758 
6.28846 9.27958 0 1.17109 11.3281 
0 2.0067 0 0 0.443181 19.3616 0 
19.6104 7.17252 68.8905 45.0936 
11.1738 11.1738 48.9548 49.8758 
6.28846 9.27957 0 1.17109 11.3281 
0 2.0067 0 0 0.443188 19.3616 0 
19.6104 7.17253 68.8905 45.0936 
11.1739 11.1739 48.9547 49.8758 
6.28846 9.27957 0 1.17109 11.3281 
0 2.0067 0 0 0.443184 19.3616 0 
19.6104 7.17252 68.8905 45.0936 
11.1739 11.1739 48.9547 49.8758 
6.28846 9.27957 0 1.17109 11.3281 
0 2.0067 0 0 0.443185 19.3616 0 
Estimating row 223 out of 308 for hessian
19.6104 7.17253 68.8905 45.0936 
11.1737 11.1737 48.9547 49.8758 
6.28846 9.27965 0 1.17109 11.3281 
0 2.0067 0 0 0.443187 19.3616 0 
19.6104 7.17252 68.8905 45.0936 
11.174 11.174 48.9547 49.8757 
6.28846 9.2795 0 1.17109 11.3281 
0 2.0067 0 0 0.443183 19.3616 0 
19.6104 7.17253 68.8905 45.0936 
11.1739 11.1739 48.9547 49.8758 
6.28846 9.27958 0 1.17109 11.3281 
0 2.0067 0 0 0.443185 19.3616 0 
19.6104 7.17252 68.8905 45.0936 
11.1739 11.1739 48.9547 49.8758 
6.28846 9.27957 0 1.17109 11.3281 
0 2.0067 0 0 0.443185 19.3616 0 
Estimating row 224 out of 308 for hessian
19.6104 7.17252 68.8905 45.0936 
11.1736 11.1736 48.9547 49.8758 
6.28846 9.27976 0 1.17109 11.3281 
0 2.0067 0 0 0.443185 19.3616 0 
19.6104 7.17253 68.8905 45.0936 
11.1741 11.1741 48.9547 49.8758 
6.28846 9.27939 0 1.17109 11.3281 
0 2.0067 0 0 0.443184 19.3616 0 
19.6104 7.17253 68.8905 45.0936 
11.1738 11.1738 48.9547 49.8758 
6.28846 9.27959 0 1.17109 11.3281 
0 2.0067 0 0 0.443185 19.3616 0 
19.6104 7.17253 68.8905 45.0936 
11.1739 11.1739 48.9547 49.8758 
6.28846 9.27956 0 1.17109 11.3281 
0 2.0067 0 0 0.443185 19.3616 0 
Estimating row 225 out of 308 for hessian
19.6104 7.17253 68.8905 45.0936 
11.1736 11.1736 48.9547 49.8758 
6.28846 9.27977 0 1.17109 11.3281 
0 2.0067 0 0 0.44318 19.3616 0 
19.6104 7.17253 68.8905 45.0935 
11.1741 11.1741 48.9547 49.8757 
6.28846 9.27938 0 1.17109 11.3281 
0 2.0067 0 0 0.443189 19.3616 0 
19.6104 7.17253 68.8905 45.0936 
11.1738 11.1738 48.9547 49.8758 
6.28846 9.27959 0 1.17109 11.3281 
0 2.0067 0 0 0.443184 19.3616 0 
19.6104 7.17253 68.8905 45.0936 
11.1739 11.1739 48.9547 49.8758 
6.28846 9.27956 0 1.17109 11.3281 
0 2.0067 0 0 0.443185 19.3616 0 
Estimating row 226 out of 308 for hessian
19.6104 7.17252 68.8905 45.0936 
11.1738 11.1738 48.9548 49.8758 
6.28846 9.27948 0 1.17109 11.3281 
0 2.0067 0 0 0.443192 19.3616 0 
19.6104 7.17253 68.8905 45.0935 
11.1739 11.1739 48.9546 49.8757 
6.28846 9.27967 0 1.17109 11.3281 
0 2.0067 0 0 0.443178 19.3616 0 
19.6104 7.17252 68.8905 45.0936 
11.1739 11.1739 48.9547 49.8758 
6.28846 9.27957 0 1.17109 11.3281 
0 2.0067 0 0 0.443185 19.3616 0 
19.6104 7.17253 68.8905 45.0936 
11.1739 11.1739 48.9547 49.8758 
6.28846 9.27958 0 1.17109 11.3281 
0 2.0067 0 0 0.443184 19.3616 0 
Estimating row 227 out of 308 for hessian
19.6104 7.17253 68.8905 45.0936 
11.1738 11.1738 48.9546 49.8758 
6.28846 9.2797 0 1.17109 11.3281 
0 2.0067 0 0 0.443177 19.3616 0 
19.6104 7.17252 68.8905 45.0936 
11.1739 11.1739 48.9548 49.8758 
6.28846 9.27945 0 1.17109 11.3281 
0 2.0067 0 0 0.443193 19.3616 0 
19.6104 7.17253 68.8905 45.0936 
11.1739 11.1739 48.9547 49.8758 
6.28846 9.27959 0 1.17109 11.3281 
0 2.0067 0 0 0.443184 19.3616 0 
19.6104 7.17252 68.8905 45.0936 
11.1739 11.1739 48.9547 49.8758 
6.28846 9.27956 0 1.17109 11.3281 
0 2.0067 0 0 0.443186 19.3616 0 
Estimating row 228 out of 308 for hessian
19.6104 7.17253 68.8905 45.0936 
11.1739 11.1739 48.9548 49.8758 
6.28846 9.27939 0 1.17109 11.3281 
0 2.0067 0 0 0.443192 19.3616 0 
19.6104 7.17252 68.8905 45.0936 
11.1738 11.1738 48.9546 49.8758 
6.28846 9.27976 0 1.17109 11.3281 
0 2.0067 0 0 0.443177 19.3616 0 
19.6104 7.17253 68.8905 45.0936 
11.1739 11.1739 48.9547 49.8758 
6.28846 9.27956 0 1.17109 11.3281 
0 2.0067 0 0 0.443186 19.3616 0 
19.6104 7.17253 68.8905 45.0936 
11.1739 11.1739 48.9547 49.8758 
6.28846 9.27959 0 1.17109 11.3281 
0 2.0067 0 0 0.443184 19.3616 0 
Estimating row 229 out of 308 for hessian
19.6104 7.17252 68.8905 45.0936 
11.1739 11.1739 48.9548 49.8757 
6.28846 9.2795 0 1.17109 11.3281 
0 2.0067 0 0 0.44318 19.3616 0 
19.6104 7.17253 68.8905 45.0936 
11.1739 11.1739 48.9546 49.8758 
6.28846 9.27965 0 1.17109 11.3281 
0 2.0067 0 0 0.44319 19.3616 0 
19.6104 7.17252 68.8905 45.0936 
11.1739 11.1739 48.9547 49.8758 
6.28846 9.27957 0 1.17109 11.3281 
0 2.0067 0 0 0.443184 19.3616 0 
19.6104 7.17253 68.8905 45.0936 
11.1739 11.1739 48.9547 49.8758 
6.28846 9.27958 0 1.17109 11.3281 
0 2.0067 0 0 0.443185 19.3616 0 
Estimating row 230 out of 308 for hessian
19.6104 7.17253 68.8905 45.0936 
11.1739 11.1739 48.9548 49.8758 
6.28846 9.27949 0 1.17109 11.3281 
0 2.0067 0 0 0.443188 19.3616 0 
19.6104 7.17252 68.8905 45.0936 
11.1739 11.1739 48.9546 49.8758 
6.28846 9.27966 0 1.17109 11.3281 
0 2.0067 0 0 0.443182 19.3616 0 
19.6104 7.17253 68.8905 45.0936 
11.1739 11.1739 48.9547 49.8758 
6.28846 9.27957 0 1.17109 11.3281 
0 2.0067 0 0 0.443185 19.3616 0 
19.6104 7.17252 68.8905 45.0936 
11.1739 11.1739 48.9547 49.8758 
6.28846 9.27958 0 1.17109 11.3281 
0 2.0067 0 0 0.443185 19.3616 0 
Estimating row 231 out of 308 for hessian
19.6104 7.17253 68.8905 45.0936 
11.1739 11.1739 48.9548 49.8758 
6.28846 9.27942 0 1.17109 11.3281 
0 2.0067 0 0 0.443183 19.3616 0 
19.6104 7.17252 68.8905 45.0936 
11.1738 11.1738 48.9547 49.8757 
6.28846 9.27973 0 1.17109 11.3281 
0 2.0067 0 0 0.443187 19.3616 0 
19.6104 7.17253 68.8905 45.0936 
11.1739 11.1739 48.9547 49.8758 
6.28846 9.27956 0 1.17109 11.3281 
0 2.0067 0 0 0.443185 19.3616 0 
19.6104 7.17252 68.8905 45.0936 
11.1739 11.1739 48.9547 49.8758 
6.28846 9.27959 0 1.17109 11.3281 
0 2.0067 0 0 0.443185 19.3616 0 
Estimating row 232 out of 308 for hessian
19.6104 7.17253 68.8905 45.0936 
11.1739 11.1739 48.9548 49.8758 
6.28846 9.27946 0 1.17109 11.3281 
0 2.0067 0 0 0.443186 19.3616 0 
19.6104 7.17252 68.8905 45.0936 
11.1738 11.1738 48.9547 49.8758 
6.28846 9.27969 0 1.17109 11.3281 
0 2.0067 0 0 0.443183 19.3616 0 
19.6104 7.17253 68.8905 45.0936 
11.1739 11.1739 48.9547 49.8758 
6.28846 9.27956 0 1.17109 11.3281 
0 2.0067 0 0 0.443185 19.3616 0 
19.6104 7.17252 68.8905 45.0936 
11.1739 11.1739 48.9547 49.8758 
6.28846 9.27959 0 1.17109 11.3281 
0 2.0067 0 0 0.443185 19.3616 0 
Estimating row 233 out of 308 for hessian
19.6104 7.17252 68.8905 45.0936 
11.1738 11.1738 48.9548 49.8758 
6.28846 9.27962 0 1.17109 11.3281 
0 2.0067 0 0 0.44318 19.3616 0 
19.6104 7.17253 68.8905 45.0936 
11.1739 11.1739 48.9547 49.8758 
6.28846 9.27953 0 1.17109 11.3281 
0 2.0067 0 0 0.44319 19.3616 0 
19.6104 7.17252 68.8905 45.0936 
11.1739 11.1739 48.9547 49.8758 
6.28846 9.27958 0 1.17109 11.3281 
0 2.0067 0 0 0.443184 19.3616 0 
19.6104 7.17253 68.8905 45.0936 
11.1739 11.1739 48.9547 49.8758 
6.28846 9.27957 0 1.17109 11.3281 
0 2.0067 0 0 0.443185 19.3616 0 
Estimating row 234 out of 308 for hessian
19.6104 7.17253 68.8905 45.0936 
11.1738 11.1738 48.9547 49.8757 
6.28846 9.27966 0 1.17109 11.3281 
0 2.0067 0 0 0.443196 19.3616 0 
19.6104 7.17252 68.8905 45.0936 
11.1739 11.1739 48.9547 49.8758 
6.28846 9.27948 0 1.17109 11.3281 
0 2.0067 0 0 0.443174 19.3616 0 
19.6104 7.17253 68.8905 45.0936 
11.1739 11.1739 48.9547 49.8758 
6.28846 9.27958 0 1.17109 11.3281 
0 2.0067 0 0 0.443186 19.3616 0 
19.6104 7.17253 68.8905 45.0936 
11.1739 11.1739 48.9547 49.8758 
6.28846 9.27957 0 1.17109 11.3281 
0 2.0067 0 0 0.443184 19.3616 0 
Estimating row 235 out of 308 for hessian
19.6104 7.17253 68.8905 45.0935 
11.1739 11.1739 48.9547 49.8758 
6.28846 9.27961 0 1.17109 11.3281 
0 2.0067 0 0 0.443177 19.3616 0 
19.6104 7.17252 68.8905 45.0936 
11.1739 11.1739 48.9547 49.8758 
6.28846 9.27954 0 1.17109 11.3281 
0 2.0067 0 0 0.443193 19.3616 0 
19.6104 7.17253 68.8905 45.0936 
11.1739 11.1739 48.9547 49.8758 
6.28846 9.27958 0 1.17109 11.3281 
0 2.0067 0 0 0.443184 19.3616 0 
19.6104 7.17252 68.8905 45.0936 
11.1739 11.1739 48.9547 49.8758 
6.28846 9.27957 0 1.17109 11.3281 
0 2.0067 0 0 0.443186 19.3616 0 
Estimating row 236 out of 308 for hessian
19.6104 7.17254 68.8905 45.0936 
11.1739 11.1739 48.9547 49.8758 
6.28846 9.2795 0 1.17109 11.3281 
0 2.0067 0 0 0.443183 19.3616 0 
19.6104 7.17251 68.8905 45.0936 
11.1738 11.1738 48.9547 49.8757 
6.28846 9.27965 0 1.17109 11.3281 
0 2.0067 0 0 0.443187 19.3616 0 
19.6104 7.17253 68.8905 45.0936 
11.1739 11.1739 48.9547 49.8758 
6.28846 9.27957 0 1.17109 11.3281 
0 2.0067 0 0 0.443185 19.3616 0 
19.6104 7.17252 68.8905 45.0936 
11.1739 11.1739 48.9547 49.8758 
6.28846 9.27958 0 1.17109 11.3281 
0 2.0067 0 0 0.443185 19.3616 0 
Estimating row 237 out of 308 for hessian
19.6104 7.17253 68.8905 45.0936 
11.174 11.174 48.9547 49.8758 
6.28846 9.27938 0 1.17109 11.3281 
0 2.0067 0 0 0.443187 19.3616 0 
19.6104 7.17252 68.8905 45.0936 
11.1737 11.1737 48.9547 49.8757 
6.28846 9.27977 0 1.17109 11.3281 
0 2.0067 0 0 0.443182 19.3616 0 
19.6104 7.17253 68.8905 45.0936 
11.1739 11.1739 48.9547 49.8758 
6.28846 9.27956 0 1.17109 11.3281 
0 2.0067 0 0 0.443185 19.3616 0 
19.6104 7.17252 68.8905 45.0936 
11.1738 11.1738 48.9547 49.8758 
6.28846 9.27959 0 1.17109 11.3281 
0 2.0067 0 0 0.443185 19.3616 0 
Estimating row 238 out of 308 for hessian
19.6104 7.17252 68.8905 45.0936 
11.174 11.174 48.9547 49.8758 
6.28846 9.2795 0 1.17109 11.3281 
0 2.0067 0 0 0.443189 19.3616 0 
19.6104 7.17253 68.8905 45.0936 
11.1738 11.1738 48.9547 49.8758 
6.28846 9.27965 0 1.17109 11.3281 
0 2.0067 0 0 0.443181 19.3616 0 
19.6104 7.17253 68.8905 45.0936 
11.1739 11.1739 48.9547 49.8758 
6.28846 9.27957 0 1.17109 11.3281 
0 2.0067 0 0 0.443185 19.3616 0 
19.6104 7.17253 68.8905 45.0936 
11.1739 11.1739 48.9547 49.8758 
6.28846 9.27958 0 1.17109 11.3281 
0 2.0067 0 0 0.443184 19.3616 0 
Estimating row 239 out of 308 for hessian
19.6104 7.17252 68.8905 45.0936 
11.1739 11.1739 48.9547 49.8758 
6.28846 9.2796 0 1.17109 11.3281 
0 2.0067 0 0 0.443182 19.3616 0 
19.6104 7.17253 68.8905 45.0936 
11.1738 11.1738 48.9547 49.8758 
6.28846 9.27955 0 1.17109 11.3281 
0 2.0067 0 0 0.443188 19.3616 0 
19.6104 7.17253 68.8905 45.0936 
11.1739 11.1739 48.9547 49.8758 
6.28846 9.27958 0 1.17109 11.3281 
0 2.0067 0 0 0.443185 19.3616 0 
19.6104 7.17253 68.8905 45.0936 
11.1739 11.1739 48.9547 49.8758 
6.28846 9.27957 0 1.17109 11.3281 
0 2.0067 0 0 0.443185 19.3616 0 
Estimating row 240 out of 308 for hessian
19.6104 7.17253 68.8905 45.0936 
11.174 11.174 48.9547 49.8758 
6.28846 9.27944 0 1.17109 11.3281 
0 2.0067 0 0 0.443183 19.3616 0 
19.6104 7.17252 68.8905 45.0936 
11.1737 11.1737 48.9547 49.8758 
6.28846 9.27971 0 1.17109 11.3281 
0 2.0067 0 0 0.443187 19.3616 0 
19.6104 7.17253 68.8905 45.0936 
11.1739 11.1739 48.9547 49.8758 
6.28846 9.27956 0 1.17109 11.3281 
0 2.0067 0 0 0.443185 19.3616 0 
19.6104 7.17252 68.8905 45.0936 
11.1738 11.1738 48.9547 49.8758 
6.28846 9.27959 0 1.17109 11.3281 
0 2.0067 0 0 0.443185 19.3616 0 
Estimating row 241 out of 308 for hessian
19.6104 7.17253 68.8905 45.0936 
11.174 11.174 48.9546 49.8758 
6.28846 9.27951 0 1.17109 11.3281 
0 2.0067 0 0 0.443186 19.3616 0 
19.6104 7.17252 68.8905 45.0936 
11.1738 11.1738 48.9548 49.8757 
6.28846 9.27964 0 1.17109 11.3281 
0 2.0067 0 0 0.443184 19.3616 0 
19.6104 7.17253 68.8905 45.0936 
11.1739 11.1739 48.9547 49.8758 
6.28846 9.27957 0 1.17109 11.3281 
0 2.0067 0 0 0.443185 19.3616 0 
19.6104 7.17252 68.8905 45.0936 
11.1739 11.1739 48.9547 49.8758 
6.28846 9.27958 0 1.17109 11.3281 
0 2.0067 0 0 0.443185 19.3616 0 
Estimating row 242 out of 308 for hessian
19.6104 7.17253 68.8905 45.0936 
11.1739 11.1739 48.9546 49.8758 
6.28846 9.27965 0 1.17109 11.3281 
0 2.0067 0 0 0.443185 19.3616 0 
19.6104 7.17252 68.8905 45.0936 
11.1739 11.1739 48.9548 49.8758 
6.28846 9.2795 0 1.17109 11.3281 
0 2.0067 0 0 0.443185 19.3616 0 
19.6104 7.17253 68.8905 45.0936 
11.1739 11.1739 48.9547 49.8758 
6.28846 9.27958 0 1.17109 11.3281 
0 2.0067 0 0 0.443185 19.3616 0 
19.6104 7.17252 68.8905 45.0936 
11.1739 11.1739 48.9547 49.8758 
6.28846 9.27957 0 1.17109 11.3281 
0 2.0067 0 0 0.443185 19.3616 0 
Estimating row 243 out of 308 for hessian
19.6104 7.17253 68.8905 45.0936 
11.1738 11.1738 48.9546 49.8758 
6.28846 9.27972 0 1.17109 11.3281 
0 2.0067 0 0 0.443186 19.3616 0 
19.6104 7.17252 68.8905 45.0936 
11.1739 11.1739 48.9548 49.8758 
6.28846 9.27943 0 1.17109 11.3281 
0 2.0067 0 0 0.443183 19.3616 0 
19.6104 7.17253 68.8905 45.0936 
11.1739 11.1739 48.9547 49.8758 
6.28846 9.27959 0 1.17109 11.3281 
0 2.0067 0 0 0.443185 19.3616 0 
19.6104 7.17253 68.8905 45.0936 
11.1739 11.1739 48.9547 49.8758 
6.28846 9.27956 0 1.17109 11.3281 
0 2.0067 0 0 0.443185 19.3616 0 
Estimating row 244 out of 308 for hessian
19.6104 7.17252 68.8905 45.0936 
11.1739 11.1739 48.9546 49.8758 
6.28846 9.2796 0 1.17109 11.3281 
0 2.0067 0 0 0.443184 19.3616 0 
19.6104 7.17253 68.8905 45.0936 
11.1738 11.1738 48.9548 49.8758 
6.28846 9.27955 0 1.17109 11.3281 
0 2.0067 0 0 0.443185 19.3616 0 
19.6104 7.17252 68.8905 45.0936 
11.1739 11.1739 48.9547 49.8758 
6.28846 9.27958 0 1.17109 11.3281 
0 2.0067 0 0 0.443185 19.3616 0 
19.6104 7.17253 68.8905 45.0936 
11.1739 11.1739 48.9547 49.8758 
6.28846 9.27957 0 1.17109 11.3281 
0 2.0067 0 0 0.443185 19.3616 0 
Estimating row 245 out of 308 for hessian
19.6104 7.17252 68.8905 45.0936 
11.1738 11.1738 48.9547 49.8758 
6.28846 9.27965 0 1.17109 11.3281 
0 2.0067 0 0 0.443187 19.3616 0 
19.6104 7.17253 68.8905 45.0936 
11.1739 11.1739 48.9547 49.8758 
6.28846 9.2795 0 1.17109 11.3281 
0 2.0067 0 0 0.443182 19.3616 0 
19.6104 7.17252 68.8905 45.0936 
11.1739 11.1739 48.9547 49.8758 
6.28846 9.27958 0 1.17109 11.3281 
0 2.0067 0 0 0.443185 19.3616 0 
19.6104 7.17253 68.8905 45.0936 
11.1739 11.1739 48.9547 49.8758 
6.28846 9.27957 0 1.17109 11.3281 
0 2.0067 0 0 0.443185 19.3616 0 
Estimating row 246 out of 308 for hessian
19.6104 7.17252 68.8905 45.0936 
11.1737 11.1737 48.9547 49.8758 
6.28846 9.27969 0 1.17109 11.3281 
0 2.0067 0 0 0.443179 19.3616 0 
19.6104 7.17253 68.8905 45.0936 
11.174 11.174 48.9547 49.8758 
6.28846 9.27946 0 1.17109 11.3281 
0 2.0067 0 0 0.44319 19.3616 0 
19.6104 7.17252 68.8905 45.0936 
11.1739 11.1739 48.9547 49.8758 
6.28846 9.27959 0 1.17109 11.3281 
0 2.0067 0 0 0.443184 19.3616 0 
19.6104 7.17253 68.8905 45.0936 
11.1739 11.1739 48.9547 49.8758 
6.28846 9.27956 0 1.17109 11.3281 
0 2.0067 0 0 0.443185 19.3616 0 
Estimating row 247 out of 308 for hessian
19.6104 7.17252 68.8905 45.0936 
11.1738 11.1738 48.9547 49.8758 
6.28846 9.27957 0 1.17109 11.3281 
0 2.0067 0 0 0.443187 19.3616 0 
19.6104 7.17253 68.8905 45.0936 
11.1739 11.1739 48.9547 49.8757 
6.28846 9.27958 0 1.17109 11.3281 
0 2.0067 0 0 0.443182 19.3616 0 
19.6104 7.17252 68.8905 45.0936 
11.1739 11.1739 48.9547 49.8758 
6.28846 9.27957 0 1.17109 11.3281 
0 2.0067 0 0 0.443185 19.3616 0 
19.6104 7.17253 68.8905 45.0936 
11.1739 11.1739 48.9547 49.8758 
6.28846 9.27958 0 1.17109 11.3281 
0 2.0067 0 0 0.443185 19.3616 0 
Estimating row 248 out of 308 for hessian
19.6104 7.17252 68.8905 45.0936 
11.1738 11.1738 48.9547 49.8758 
6.28846 9.27959 0 1.17109 11.3281 
0 2.0067 0 0 0.443186 19.3616 0 
19.6104 7.17253 68.8905 45.0935 
11.1739 11.1739 48.9547 49.8758 
6.28846 9.27956 0 1.17109 11.3281 
0 2.0067 0 0 0.443184 19.3616 0 
19.6104 7.17253 68.8905 45.0936 
11.1739 11.1739 48.9547 49.8758 
6.28846 9.27958 0 1.17109 11.3281 
0 2.0067 0 0 0.443185 19.3616 0 
19.6104 7.17253 68.8905 45.0936 
11.1739 11.1739 48.9547 49.8758 
6.28846 9.27957 0 1.17109 11.3281 
0 2.0067 0 0 0.443185 19.3616 0 
Estimating row 249 out of 308 for hessian
19.6104 7.17253 68.8905 45.0936 
11.1739 11.1739 48.9547 49.8757 
6.28846 9.2796 0 1.17109 11.3281 
0 2.0067 0 0 0.443184 19.3616 0 
19.6104 7.17252 68.8905 45.0936 
11.1739 11.1739 48.9547 49.8758 
6.28846 9.27955 0 1.17109 11.3281 
0 2.0067 0 0 0.443186 19.3616 0 
19.6104 7.17253 68.8905 45.0936 
11.1739 11.1739 48.9547 49.8758 
6.28846 9.27958 0 1.17109 11.3281 
0 2.0067 0 0 0.443185 19.3616 0 
19.6104 7.17252 68.8905 45.0936 
11.1739 11.1739 48.9547 49.8758 
6.28846 9.27957 0 1.17109 11.3281 
0 2.0067 0 0 0.443185 19.3616 0 
Estimating row 250 out of 308 for hessian
19.6104 7.17252 68.8905 45.0936 
11.1738 11.1738 48.9547 49.8757 
6.28846 9.27959 0 1.17109 11.3281 
0 2.0067 0 0 0.443185 19.3616 0 
19.6104 7.17253 68.8905 45.0936 
11.1739 11.1739 48.9547 49.8758 
6.28846 9.27956 0 1.17109 11.3281 
0 2.0067 0 0 0.443184 19.3616 0 
19.6104 7.17252 68.8905 45.0936 
11.1739 11.1739 48.9547 49.8758 
6.28846 9.27958 0 1.17109 11.3281 
0 2.0067 0 0 0.443185 19.3616 0 
19.6104 7.17253 68.8905 45.0936 
11.1739 11.1739 48.9547 49.8758 
6.28846 9.27957 0 1.17109 11.3281 
0 2.0067 0 0 0.443185 19.3616 0 
Estimating row 251 out of 308 for hessian
19.6104 7.17252 68.8905 45.0936 
11.1738 11.1738 48.9548 49.8758 
6.28846 9.27948 0 1.17109 11.3281 
0 2.0067 0 0 0.443186 19.3616 0 
19.6104 7.17253 68.8905 45.0936 
11.1739 11.1739 48.9546 49.8758 
6.28846 9.27967 0 1.17109 11.3281 
0 2.0067 0 0 0.443183 19.3616 0 
19.6104 7.17252 68.8905 45.0936 
11.1739 11.1739 48.9547 49.8758 
6.28846 9.27956 0 1.17109 11.3281 
0 2.0067 0 0 0.443185 19.3616 0 
19.6104 7.17253 68.8905 45.0936 
11.1739 11.1739 48.9547 49.8758 
6.28846 9.27958 0 1.17109 11.3281 
0 2.0067 0 0 0.443185 19.3616 0 
Estimating row 252 out of 308 for hessian
19.6104 7.17253 68.8905 45.0936 
11.1739 11.1739 48.9547 49.8758 
6.28846 9.27957 0 1.17109 11.3281 
0 2.0067 0 0 0.443184 19.3616 0 
19.6104 7.17252 68.8905 45.0936 
11.1738 11.1738 48.9547 49.8758 
6.28846 9.27958 0 1.17109 11.3281 
0 2.0067 0 0 0.443186 19.3616 0 
19.6104 7.17253 68.8905 45.0936 
11.1739 11.1739 48.9547 49.8758 
6.28846 9.27957 0 1.17109 11.3281 
0 2.0067 0 0 0.443185 19.3616 0 
19.6104 7.17252 68.8905 45.0936 
11.1739 11.1739 48.9547 49.8758 
6.28846 9.27957 0 1.17109 11.3281 
0 2.0067 0 0 0.443185 19.3616 0 
Estimating row 253 out of 308 for hessian
19.6104 7.17253 68.8905 45.0936 
11.174 11.174 48.9547 49.8758 
6.28846 9.27947 0 1.17109 11.3281 
0 2.0067 0 0 0.443182 19.3616 0 
19.6104 7.17252 68.8905 45.0936 
11.1737 11.1737 48.9548 49.8758 
6.28846 9.27968 0 1.17109 11.3281 
0 2.0067 0 0 0.443188 19.3616 0 
19.6104 7.17253 68.8905 45.0936 
11.1739 11.1739 48.9547 49.8758 
6.28846 9.27956 0 1.17109 11.3281 
0 2.0067 0 0 0.443185 19.3616 0 
19.6104 7.17252 68.8905 45.0936 
11.1738 11.1738 48.9547 49.8758 
6.28846 9.27959 0 1.17109 11.3281 
0 2.0067 0 0 0.443185 19.3616 0 
Estimating row 254 out of 308 for hessian
19.6104 7.17253 68.8905 45.0936 
11.1739 11.1739 48.9547 49.8758 
6.28846 9.27946 0 1.17109 11.3281 
0 2.0067 0 0 0.443188 19.3616 0 
19.6104 7.17252 68.8905 45.0936 
11.1738 11.1738 48.9547 49.8757 
6.28846 9.27969 0 1.17109 11.3281 
0 2.0067 0 0 0.443182 19.3616 0 
19.6104 7.17253 68.8905 45.0936 
11.1739 11.1739 48.9547 49.8758 
6.28846 9.27956 0 1.17109 11.3281 
0 2.0067 0 0 0.443185 19.3616 0 
19.6104 7.17252 68.8905 45.0936 
11.1739 11.1739 48.9547 49.8758 
6.28846 9.27959 0 1.17109 11.3281 
0 2.0067 0 0 0.443185 19.3616 0 
Estimating row 255 out of 308 for hessian
19.6104 7.17252 68.8905 45.0936 
11.1738 11.1738 48.9548 49.8758 
6.28846 9.27958 0 1.17109 11.3281 
0 2.0067 0 0 0.44318 19.3616 0 
19.6104 7.17253 68.8905 45.0936 
11.1739 11.1739 48.9546 49.8757 
6.28846 9.27957 0 1.17109 11.3281 
0 2.0067 0 0 0.44319 19.3616 0 
19.6104 7.17253 68.8905 45.0936 
11.1739 11.1739 48.9547 49.8758 
6.28846 9.27958 0 1.17109 11.3281 
0 2.0067 0 0 0.443184 19.3616 0 
19.6104 7.17253 68.8905 45.0936 
11.1739 11.1739 48.9547 49.8758 
6.28846 9.27957 0 1.17109 11.3281 
0 2.0067 0 0 0.443185 19.3616 0 
Estimating row 256 out of 308 for hessian
19.6104 7.17251 68.8905 45.0936 
11.1738 11.1738 48.9548 49.8757 
6.28846 9.27962 0 1.17109 11.3281 
0 2.0067 0 0 0.443194 19.3616 0 
19.6104 7.17254 68.8905 45.0936 
11.1739 11.1739 48.9546 49.8758 
6.28846 9.27953 0 1.17109 11.3281 
0 2.0067 0 0 0.443176 19.3616 0 
19.6104 7.17252 68.8905 45.0936 
11.1739 11.1739 48.9547 49.8758 
6.28846 9.27958 0 1.17109 11.3281 
0 2.0067 0 0 0.443186 19.3616 0 
19.6104 7.17253 68.8905 45.0936 
11.1739 11.1739 48.9547 49.8758 
6.28846 9.27957 0 1.17109 11.3281 
0 2.0067 0 0 0.443184 19.3616 0 
Estimating row 257 out of 308 for hessian
19.6104 7.17252 68.8905 45.0935 
11.1743 11.1743 48.9547 49.8758 
6.28846 9.27922 0 1.17109 11.3281 
0 2.0067 0 0 0.44318 19.3616 0 
19.6104 7.17253 68.8905 45.0936 
11.1735 11.1735 48.9547 49.8757 
6.28846 9.27993 0 1.17109 11.3281 
0 2.0067 0 0 0.44319 19.3616 0 
19.6104 7.17253 68.8905 45.0936 
11.1739 11.1739 48.9547 49.8758 
6.28846 9.27954 0 1.17109 11.3281 
0 2.0067 0 0 0.443184 19.3616 0 
19.6104 7.17253 68.8905 45.0936 
11.1738 11.1738 48.9547 49.8758 
6.28846 9.27961 0 1.17109 11.3281 
0 2.0067 0 0 0.443185 19.3616 0 
Estimating row 258 out of 308 for hessian
19.6104 7.17276 68.8905 45.0927 
11.1749 11.1749 48.9524 49.8775 
6.28846 9.27975 0 1.17109 11.3281 
0 2.0067 0 0 0.443185 19.3616 0 
19.6104 7.17229 68.8905 45.0944 
11.1729 11.1729 48.957 49.8741 
6.28846 9.2794 0 1.17109 11.3281 
0 2.0067 0 0 0.443185 19.3616 0 
19.6104 7.17255 68.8905 45.0935 
11.174 11.174 48.9545 49.8759 
6.28846 9.27959 0 1.17109 11.3281 
0 2.0067 0 0 0.443185 19.3616 0 
19.6104 7.1725 68.8905 45.0937 
11.1738 11.1738 48.9549 49.8756 
6.28846 9.27956 0 1.17109 11.3281 
0 2.0067 0 0 0.443185 19.3616 0 
Estimating row 259 out of 308 for hessian
19.6104 7.17261 68.8905 45.0935 
11.1742 11.1742 48.9539 49.8764 
6.28846 9.2794 0 1.17109 11.3281 
0 2.0067 0 0 0.443185 19.3616 0 
19.6104 7.17244 68.8905 45.0937 
11.1735 11.1735 48.9555 49.8751 
6.28846 9.27975 0 1.17109 11.3281 
0 2.0067 0 0 0.443185 19.3616 0 
19.6104 7.17253 68.8905 45.0936 
11.1739 11.1739 48.9546 49.8758 
6.28846 9.27956 0 1.17109 11.3281 
0 2.0067 0 0 0.443185 19.3616 0 
19.6104 7.17252 68.8905 45.0936 
11.1738 11.1738 48.9548 49.8757 
6.28846 9.27959 0 1.17109 11.3281 
0 2.0067 0 0 0.443185 19.3616 0 
Estimating row 260 out of 308 for hessian
19.6104 7.17251 68.8905 45.0937 
11.1737 11.1737 48.9538 49.877 
6.28846 9.27928 0 1.17109 11.3281 
0 2.0067 0 0 0.443185 19.3616 0 
19.6104 7.17254 68.8905 45.0934 
11.174 11.174 48.9556 49.8745 
6.28846 9.27987 0 1.17109 11.3281 
0 2.0067 0 0 0.443185 19.3616 0 
19.6104 7.17252 68.8905 45.0936 
11.1738 11.1738 48.9546 49.8759 
6.28846 9.27955 0 1.17109 11.3281 
0 2.0067 0 0 0.443185 19.3616 0 
19.6104 7.17253 68.8905 45.0936 
11.1739 11.1739 48.9548 49.8756 
6.28846 9.2796 0 1.17109 11.3281 
0 2.0067 0 0 0.443185 19.3616 0 
Estimating row 261 out of 308 for hessian
19.6104 7.17253 68.8905 45.0936 
11.174 11.174 48.952 49.8784 
6.28846 9.27953 0 1.17109 11.3281 
0 2.0067 0 0 0.443185 19.3616 0 
19.6104 7.17252 68.8905 45.0935 
11.1738 11.1738 48.9574 49.8732 
6.28846 9.27962 0 1.17109 11.3281 
0 2.0067 0 0 0.443185 19.3616 0 
19.6104 7.17253 68.8905 45.0936 
11.1739 11.1739 48.9544 49.876 
6.28846 9.27957 0 1.17109 11.3281 
0 2.0067 0 0 0.443185 19.3616 0 
19.6104 7.17252 68.8905 45.0936 
11.1739 11.1739 48.955 49.8755 
6.28846 9.27958 0 1.17109 11.3281 
0 2.0067 0 0 0.443185 19.3616 0 
Estimating row 262 out of 308 for hessian
19.6104 7.17251 68.8905 45.0936 
11.1738 11.1738 48.9548 49.8757 
6.28846 9.27958 0 1.17109 11.3281 
0 2.0067 0 0 0.443185 19.3616 0 
19.6104 7.17254 68.8905 45.0935 
11.1739 11.1739 48.9546 49.8758 
6.28846 9.27957 0 1.17109 11.3281 
0 2.0067 0 0 0.443185 19.3616 0 
19.6104 7.17252 68.8905 45.0936 
11.1739 11.1739 48.9547 49.8758 
6.28846 9.27957 0 1.17109 11.3281 
0 2.0067 0 0 0.443185 19.3616 0 
19.6104 7.17253 68.8905 45.0936 
11.1739 11.1739 48.9547 49.8758 
6.28846 9.27957 0 1.17109 11.3281 
0 2.0067 0 0 0.443185 19.3616 0 
Estimating row 263 out of 308 for hessian
19.6104 7.17253 68.8905 45.0936 
11.1739 11.1739 48.9547 49.8758 
6.28846 9.27957 0 1.17109 11.3281 
0 2.0067 0 0 0.443185 19.3616 0 
19.6104 7.17253 68.8905 45.0936 
11.1739 11.1739 48.9547 49.8758 
6.28846 9.27957 0 1.17109 11.3281 
0 2.0067 0 0 0.443185 19.3616 0 
19.6104 7.17253 68.8905 45.0936 
11.1739 11.1739 48.9547 49.8758 
6.28846 9.27957 0 1.17109 11.3281 
0 2.0067 0 0 0.443185 19.3616 0 
19.6104 7.17253 68.8905 45.0936 
11.1739 11.1739 48.9547 49.8758 
6.28846 9.27957 0 1.17109 11.3281 
0 2.0067 0 0 0.443185 19.3616 0 
Estimating row 264 out of 308 for hessian
19.6104 7.17253 68.8905 45.0936 
11.1739 11.1739 48.9547 49.8758 
6.28846 9.27957 0 1.17109 11.3281 
0 2.0067 0 0 0.443185 19.3616 0 
19.6104 7.17253 68.8905 45.0936 
11.1739 11.1739 48.9547 49.8758 
6.28846 9.27957 0 1.17109 11.3281 
0 2.0067 0 0 0.443185 19.3616 0 
19.6104 7.17253 68.8905 45.0936 
11.1739 11.1739 48.9547 49.8758 
6.28846 9.27957 0 1.17109 11.3281 
0 2.0067 0 0 0.443185 19.3616 0 
19.6104 7.17253 68.8905 45.0936 
11.1739 11.1739 48.9547 49.8758 
6.28846 9.27957 0 1.17109 11.3281 
0 2.0067 0 0 0.443185 19.3616 0 
Estimating row 265 out of 308 for hessian
19.6104 7.17253 68.8905 45.0936 
11.1739 11.1739 48.9547 49.8758 
6.28846 9.27957 0 1.17109 11.3281 
0 2.0067 0 0 0.443185 19.3616 0 
19.6104 7.17253 68.8905 45.0936 
11.1739 11.1739 48.9547 49.8758 
6.28846 9.27957 0 1.17109 11.3281 
0 2.0067 0 0 0.443185 19.3616 0 
19.6104 7.17253 68.8905 45.0936 
11.1739 11.1739 48.9547 49.8758 
6.28846 9.27957 0 1.17109 11.3281 
0 2.0067 0 0 0.443185 19.3616 0 
19.6104 7.17253 68.8905 45.0936 
11.1739 11.1739 48.9547 49.8758 
6.28846 9.27957 0 1.17109 11.3281 
0 2.0067 0 0 0.443185 19.3616 0 
Estimating row 266 out of 308 for hessian
19.6104 7.17253 68.8905 45.0936 
11.1739 11.1739 48.9547 49.8758 
6.28846 9.27957 0 1.17109 11.3281 
0 2.0067 0 0 0.443185 19.3616 0 
19.6104 7.17253 68.8905 45.0936 
11.1739 11.1739 48.9547 49.8758 
6.28846 9.27957 0 1.17109 11.3281 
0 2.0067 0 0 0.443185 19.3616 0 
19.6104 7.17253 68.8905 45.0936 
11.1739 11.1739 48.9547 49.8758 
6.28846 9.27957 0 1.17109 11.3281 
0 2.0067 0 0 0.443185 19.3616 0 
19.6104 7.17253 68.8905 45.0936 
11.1739 11.1739 48.9547 49.8758 
6.28846 9.27957 0 1.17109 11.3281 
0 2.0067 0 0 0.443185 19.3616 0 
Estimating row 267 out of 308 for hessian
19.6104 7.17253 68.8905 45.0936 
11.1739 11.1739 48.9547 49.8758 
6.28846 9.27957 0 1.17109 11.3281 
0 2.0067 0 0 0.443185 19.3616 0 
19.6104 7.17253 68.8905 45.0936 
11.1739 11.1739 48.9547 49.8758 
6.28846 9.27957 0 1.17109 11.3281 
0 2.0067 0 0 0.443185 19.3616 0 
19.6104 7.17253 68.8905 45.0936 
11.1739 11.1739 48.9547 49.8758 
6.28846 9.27957 0 1.17109 11.3281 
0 2.0067 0 0 0.443185 19.3616 0 
19.6104 7.17253 68.8905 45.0936 
11.1739 11.1739 48.9547 49.8758 
6.28846 9.27957 0 1.17109 11.3281 
0 2.0067 0 0 0.443185 19.3616 0 
Estimating row 268 out of 308 for hessian
19.6104 7.17253 68.8905 45.0936 
11.1739 11.1739 48.9547 49.8758 
6.28846 9.27957 0 1.17109 11.3281 
0 2.0067 0 0 0.443185 19.3616 0 
19.6104 7.17253 68.8905 45.0936 
11.1739 11.1739 48.9547 49.8758 
6.28846 9.27957 0 1.17109 11.3281 
0 2.0067 0 0 0.443185 19.3616 0 
19.6104 7.17253 68.8905 45.0936 
11.1739 11.1739 48.9547 49.8758 
6.28846 9.27957 0 1.17109 11.3281 
0 2.0067 0 0 0.443185 19.3616 0 
19.6104 7.17253 68.8905 45.0936 
11.1739 11.1739 48.9547 49.8758 
6.28846 9.27957 0 1.17109 11.3281 
0 2.0067 0 0 0.443185 19.3616 0 
Estimating row 269 out of 308 for hessian
19.6104 7.17253 68.8905 45.0936 
11.1739 11.1739 48.9547 49.8758 
6.28846 9.27957 0 1.17109 11.3281 
0 2.0067 0 0 0.443185 19.3616 0 
19.6104 7.17253 68.8905 45.0936 
11.1739 11.1739 48.9547 49.8758 
6.28846 9.27957 0 1.17109 11.3281 
0 2.0067 0 0 0.443185 19.3616 0 
19.6104 7.17253 68.8905 45.0936 
11.1739 11.1739 48.9547 49.8758 
6.28846 9.27957 0 1.17109 11.3281 
0 2.0067 0 0 0.443185 19.3616 0 
19.6104 7.17253 68.8905 45.0936 
11.1739 11.1739 48.9547 49.8758 
6.28846 9.27957 0 1.17109 11.3281 
0 2.0067 0 0 0.443185 19.3616 0 
Estimating row 270 out of 308 for hessian
19.6104 7.17253 68.8905 45.0936 
11.1739 11.1739 48.9547 49.8758 
6.28846 9.27957 0 1.17109 11.3281 
0 2.0067 0 0 0.443185 19.3616 0 
19.6104 7.17253 68.8905 45.0936 
11.1739 11.1739 48.9547 49.8758 
6.28846 9.27957 0 1.17109 11.3281 
0 2.0067 0 0 0.443185 19.3616 0 
19.6104 7.17253 68.8905 45.0936 
11.1739 11.1739 48.9547 49.8758 
6.28846 9.27957 0 1.17109 11.3281 
0 2.0067 0 0 0.443185 19.3616 0 
19.6104 7.17253 68.8905 45.0936 
11.1739 11.1739 48.9547 49.8758 
6.28846 9.27957 0 1.17109 11.3281 
0 2.0067 0 0 0.443185 19.3616 0 
Estimating row 271 out of 308 for hessian
19.6104 7.17253 68.8905 45.0936 
11.1739 11.1739 48.9547 49.8758 
6.28846 9.27957 0 1.17109 11.3281 
0 2.0067 0 0 0.443185 19.3616 0 
19.6104 7.17253 68.8905 45.0936 
11.1739 11.1739 48.9547 49.8758 
6.28846 9.27957 0 1.17109 11.3281 
0 2.0067 0 0 0.443185 19.3616 0 
19.6104 7.17253 68.8905 45.0936 
11.1739 11.1739 48.9547 49.8758 
6.28846 9.27957 0 1.17109 11.3281 
0 2.0067 0 0 0.443185 19.3616 0 
19.6104 7.17253 68.8905 45.0936 
11.1739 11.1739 48.9547 49.8758 
6.28846 9.27957 0 1.17109 11.3281 
0 2.0067 0 0 0.443185 19.3616 0 
Estimating row 272 out of 308 for hessian
19.6104 7.17253 68.8905 45.0936 
11.1739 11.1739 48.9547 49.8758 
6.28846 9.27957 0 1.17109 11.3281 
0 2.0067 0 0 0.443185 19.3616 0 
19.6104 7.17253 68.8905 45.0936 
11.1739 11.1739 48.9547 49.8758 
6.28846 9.27957 0 1.17109 11.3281 
0 2.0067 0 0 0.443185 19.3616 0 
19.6104 7.17253 68.8905 45.0936 
11.1739 11.1739 48.9547 49.8758 
6.28846 9.27957 0 1.17109 11.3281 
0 2.0067 0 0 0.443185 19.3616 0 
19.6104 7.17253 68.8905 45.0936 
11.1739 11.1739 48.9547 49.8758 
6.28846 9.27957 0 1.17109 11.3281 
0 2.0067 0 0 0.443185 19.3616 0 
Estimating row 273 out of 308 for hessian
19.6104 7.17253 68.8905 45.0936 
11.1739 11.1739 48.9547 49.8758 
6.28846 9.27957 0 1.17109 11.3281 
0 2.0067 0 0 0.443185 19.3616 0 
19.6104 7.17253 68.8905 45.0936 
11.1739 11.1739 48.9547 49.8758 
6.28846 9.27957 0 1.17109 11.3281 
0 2.0067 0 0 0.443185 19.3616 0 
19.6104 7.17253 68.8905 45.0936 
11.1739 11.1739 48.9547 49.8758 
6.28846 9.27957 0 1.17109 11.3281 
0 2.0067 0 0 0.443185 19.3616 0 
19.6104 7.17253 68.8905 45.0936 
11.1739 11.1739 48.9547 49.8758 
6.28846 9.27957 0 1.17109 11.3281 
0 2.0067 0 0 0.443185 19.3616 0 
Estimating row 274 out of 308 for hessian
19.6104 7.17253 68.8905 45.0936 
11.1739 11.1739 48.9547 49.8758 
6.28846 9.27957 0 1.17109 11.3281 
0 2.0067 0 0 0.443185 19.3616 0 
19.6104 7.17253 68.8905 45.0936 
11.1739 11.1739 48.9547 49.8758 
6.28846 9.27957 0 1.17109 11.3281 
0 2.0067 0 0 0.443185 19.3616 0 
19.6104 7.17253 68.8905 45.0936 
11.1739 11.1739 48.9547 49.8758 
6.28846 9.27957 0 1.17109 11.3281 
0 2.0067 0 0 0.443185 19.3616 0 
19.6104 7.17253 68.8905 45.0936 
11.1739 11.1739 48.9547 49.8758 
6.28846 9.27957 0 1.17109 11.3281 
0 2.0067 0 0 0.443185 19.3616 0 
Estimating row 275 out of 308 for hessian
19.6104 7.17253 68.8905 45.0936 
11.1739 11.1739 48.9547 49.8758 
6.28846 9.27957 0 1.17109 11.3281 
0 2.0067 0 0 0.443185 19.3616 0 
19.6104 7.17253 68.8905 45.0936 
11.1739 11.1739 48.9547 49.8758 
6.28846 9.27957 0 1.17109 11.3281 
0 2.0067 0 0 0.443185 19.3616 0 
19.6104 7.17253 68.8905 45.0936 
11.1739 11.1739 48.9547 49.8758 
6.28846 9.27957 0 1.17109 11.3281 
0 2.0067 0 0 0.443185 19.3616 0 
19.6104 7.17253 68.8905 45.0936 
11.1739 11.1739 48.9547 49.8758 
6.28846 9.27957 0 1.17109 11.3281 
0 2.0067 0 0 0.443185 19.3616 0 
Estimating row 276 out of 308 for hessian
19.6104 7.17253 68.8905 45.0936 
11.1739 11.1739 48.9547 49.8758 
6.28846 9.27957 0 1.17109 11.3281 
0 2.0067 0 0 0.443185 19.3616 0 
19.6104 7.17253 68.8905 45.0936 
11.1739 11.1739 48.9547 49.8758 
6.28846 9.27957 0 1.17109 11.3281 
0 2.0067 0 0 0.443185 19.3616 0 
19.6104 7.17253 68.8905 45.0936 
11.1739 11.1739 48.9547 49.8758 
6.28846 9.27957 0 1.17109 11.3281 
0 2.0067 0 0 0.443185 19.3616 0 
19.6104 7.17253 68.8905 45.0936 
11.1739 11.1739 48.9547 49.8758 
6.28846 9.27957 0 1.17109 11.3281 
0 2.0067 0 0 0.443185 19.3616 0 
Estimating row 277 out of 308 for hessian
19.6104 7.17253 68.8905 45.0936 
11.1739 11.1739 48.9547 49.8758 
6.28846 9.27957 0 1.17109 11.3281 
0 2.0067 0 0 0.443185 19.3616 0 
19.6104 7.17253 68.8905 45.0936 
11.1739 11.1739 48.9547 49.8758 
6.28846 9.27957 0 1.17109 11.3281 
0 2.0067 0 0 0.443185 19.3616 0 
19.6104 7.17253 68.8905 45.0936 
11.1739 11.1739 48.9547 49.8758 
6.28846 9.27957 0 1.17109 11.3281 
0 2.0067 0 0 0.443185 19.3616 0 
19.6104 7.17253 68.8905 45.0936 
11.1739 11.1739 48.9547 49.8758 
6.28846 9.27957 0 1.17109 11.3281 
0 2.0067 0 0 0.443185 19.3616 0 
Estimating row 278 out of 308 for hessian
19.6104 7.17253 68.8905 45.0936 
11.1739 11.1739 48.9547 49.8758 
6.28846 9.27957 0 1.17109 11.3281 
0 2.0067 0 0 0.443185 19.3616 0 
19.6104 7.17253 68.8905 45.0936 
11.1739 11.1739 48.9547 49.8758 
6.28846 9.27957 0 1.17109 11.3281 
0 2.0067 0 0 0.443185 19.3616 0 
19.6104 7.17253 68.8905 45.0936 
11.1739 11.1739 48.9547 49.8758 
6.28846 9.27957 0 1.17109 11.3281 
0 2.0067 0 0 0.443185 19.3616 0 
19.6104 7.17253 68.8905 45.0936 
11.1739 11.1739 48.9547 49.8758 
6.28846 9.27957 0 1.17109 11.3281 
0 2.0067 0 0 0.443185 19.3616 0 
Estimating row 279 out of 308 for hessian
19.6104 7.17253 68.8905 45.0936 
11.1739 11.1739 48.9547 49.8758 
6.28846 9.27957 0 1.17109 11.3281 
0 2.0067 0 0 0.443185 19.3616 0 
19.6104 7.17253 68.8905 45.0936 
11.1739 11.1739 48.9547 49.8758 
6.28846 9.27957 0 1.17109 11.3281 
0 2.0067 0 0 0.443185 19.3616 0 
19.6104 7.17253 68.8905 45.0936 
11.1739 11.1739 48.9547 49.8758 
6.28846 9.27957 0 1.17109 11.3281 
0 2.0067 0 0 0.443185 19.3616 0 
19.6104 7.17253 68.8905 45.0936 
11.1739 11.1739 48.9547 49.8758 
6.28846 9.27957 0 1.17109 11.3281 
0 2.0067 0 0 0.443185 19.3616 0 
Estimating row 280 out of 308 for hessian
19.6104 7.17253 68.8905 45.0936 
11.1739 11.1739 48.9547 49.8758 
6.28846 9.27957 0 1.17109 11.3281 
0 2.0067 0 0 0.443185 19.3616 0 
19.6104 7.17253 68.8905 45.0936 
11.1739 11.1739 48.9547 49.8758 
6.28846 9.27957 0 1.17109 11.3281 
0 2.0067 0 0 0.443185 19.3616 0 
19.6104 7.17253 68.8905 45.0936 
11.1739 11.1739 48.9547 49.8758 
6.28846 9.27957 0 1.17109 11.3281 
0 2.0067 0 0 0.443185 19.3616 0 
19.6104 7.17253 68.8905 45.0936 
11.1739 11.1739 48.9547 49.8758 
6.28846 9.27957 0 1.17109 11.3281 
0 2.0067 0 0 0.443185 19.3616 0 
Estimating row 281 out of 308 for hessian
19.6104 7.17253 68.8905 45.0936 
11.1739 11.1739 48.9547 49.8758 
6.28846 9.27957 0 1.17109 11.3281 
0 2.0067 0 0 0.443185 19.3616 0 
19.6104 7.17253 68.8905 45.0936 
11.1739 11.1739 48.9547 49.8758 
6.28846 9.27957 0 1.17109 11.3281 
0 2.0067 0 0 0.443185 19.3616 0 
19.6104 7.17253 68.8905 45.0936 
11.1739 11.1739 48.9547 49.8758 
6.28846 9.27957 0 1.17109 11.3281 
0 2.0067 0 0 0.443185 19.3616 0 
19.6104 7.17253 68.8905 45.0936 
11.1739 11.1739 48.9547 49.8758 
6.28846 9.27957 0 1.17109 11.3281 
0 2.0067 0 0 0.443185 19.3616 0 
Estimating row 282 out of 308 for hessian
19.6104 7.17253 68.8905 45.0936 
11.1739 11.1739 48.9547 49.8758 
6.28846 9.27957 0 1.17109 11.3281 
0 2.0067 0 0 0.443185 19.3616 0 
19.6104 7.17253 68.8905 45.0936 
11.1739 11.1739 48.9547 49.8758 
6.28846 9.27957 0 1.17109 11.3281 
0 2.0067 0 0 0.443185 19.3616 0 
19.6104 7.17253 68.8905 45.0936 
11.1739 11.1739 48.9547 49.8758 
6.28846 9.27957 0 1.17109 11.3281 
0 2.0067 0 0 0.443185 19.3616 0 
19.6104 7.17253 68.8905 45.0936 
11.1739 11.1739 48.9547 49.8758 
6.28846 9.27957 0 1.17109 11.3281 
0 2.0067 0 0 0.443185 19.3616 0 
Estimating row 283 out of 308 for hessian
19.6104 7.17253 68.8905 45.0936 
11.1739 11.1739 48.9547 49.8758 
6.28846 9.27957 0 1.17109 11.3281 
0 2.0067 0 0 0.443185 19.3616 0 
19.6104 7.17253 68.8905 45.0936 
11.1739 11.1739 48.9547 49.8758 
6.28846 9.27957 0 1.17109 11.3281 
0 2.0067 0 0 0.443185 19.3616 0 
19.6104 7.17253 68.8905 45.0936 
11.1739 11.1739 48.9547 49.8758 
6.28846 9.27957 0 1.17109 11.3281 
0 2.0067 0 0 0.443185 19.3616 0 
19.6104 7.17253 68.8905 45.0936 
11.1739 11.1739 48.9547 49.8758 
6.28846 9.27957 0 1.17109 11.3281 
0 2.0067 0 0 0.443185 19.3616 0 
Estimating row 284 out of 308 for hessian
19.6104 7.17253 68.8905 45.0936 
11.1739 11.1739 48.9547 49.8758 
6.28846 9.27957 0 1.17109 11.3281 
0 2.0067 0 0 0.443185 19.3616 0 
19.6104 7.17253 68.8905 45.0936 
11.1739 11.1739 48.9547 49.8758 
6.28846 9.27957 0 1.17109 11.3281 
0 2.0067 0 0 0.443185 19.3616 0 
19.6104 7.17253 68.8905 45.0936 
11.1739 11.1739 48.9547 49.8758 
6.28846 9.27957 0 1.17109 11.3281 
0 2.0067 0 0 0.443185 19.3616 0 
19.6104 7.17253 68.8905 45.0936 
11.1739 11.1739 48.9547 49.8758 
6.28846 9.27957 0 1.17109 11.3281 
0 2.0067 0 0 0.443185 19.3616 0 
Estimating row 285 out of 308 for hessian
19.6104 7.17253 68.8905 45.0936 
11.1739 11.1739 48.9547 49.8758 
6.28846 9.27957 0 1.17109 11.3281 
0 2.0067 0 0 0.443185 19.3616 0 
19.6104 7.17253 68.8905 45.0936 
11.1739 11.1739 48.9547 49.8758 
6.28846 9.27957 0 1.17109 11.3281 
0 2.0067 0 0 0.443185 19.3616 0 
19.6104 7.17253 68.8905 45.0936 
11.1739 11.1739 48.9547 49.8758 
6.28846 9.27957 0 1.17109 11.3281 
0 2.0067 0 0 0.443185 19.3616 0 
19.6104 7.17253 68.8905 45.0936 
11.1739 11.1739 48.9547 49.8758 
6.28846 9.27957 0 1.17109 11.3281 
0 2.0067 0 0 0.443185 19.3616 0 
Estimating row 286 out of 308 for hessian
19.6104 7.17253 68.8905 45.0936 
11.1739 11.1739 48.9547 49.8758 
6.28846 9.27957 0 1.17109 11.3281 
0 2.0067 0 0 0.443185 19.3616 0 
19.6104 7.17253 68.8905 45.0936 
11.1739 11.1739 48.9547 49.8758 
6.28846 9.27957 0 1.17109 11.3281 
0 2.0067 0 0 0.443185 19.3616 0 
19.6104 7.17253 68.8905 45.0936 
11.1739 11.1739 48.9547 49.8758 
6.28846 9.27957 0 1.17109 11.3281 
0 2.0067 0 0 0.443185 19.3616 0 
19.6104 7.17253 68.8905 45.0936 
11.1739 11.1739 48.9547 49.8758 
6.28846 9.27957 0 1.17109 11.3281 
0 2.0067 0 0 0.443185 19.3616 0 
Estimating row 287 out of 308 for hessian
19.6104 7.17253 68.8905 45.0936 
11.1739 11.1739 48.9547 49.8758 
6.28846 9.27957 0 1.17109 11.3281 
0 2.0067 0 0 0.443185 19.3616 0 
19.6104 7.17253 68.8905 45.0936 
11.1739 11.1739 48.9547 49.8758 
6.28846 9.27957 0 1.17109 11.3281 
0 2.0067 0 0 0.443185 19.3616 0 
19.6104 7.17253 68.8905 45.0936 
11.1739 11.1739 48.9547 49.8758 
6.28846 9.27957 0 1.17109 11.3281 
0 2.0067 0 0 0.443185 19.3616 0 
19.6104 7.17253 68.8905 45.0936 
11.1739 11.1739 48.9547 49.8758 
6.28846 9.27957 0 1.17109 11.3281 
0 2.0067 0 0 0.443185 19.3616 0 
Estimating row 288 out of 308 for hessian
19.6104 7.17253 68.8905 45.0936 
11.1739 11.1739 48.9547 49.8758 
6.28846 9.27957 0 1.17109 11.3281 
0 2.0067 0 0 0.443185 19.3616 0 
19.6104 7.17253 68.8905 45.0936 
11.1739 11.1739 48.9547 49.8758 
6.28846 9.27957 0 1.17109 11.3281 
0 2.0067 0 0 0.443185 19.3616 0 
19.6104 7.17253 68.8905 45.0936 
11.1739 11.1739 48.9547 49.8758 
6.28846 9.27957 0 1.17109 11.3281 
0 2.0067 0 0 0.443185 19.3616 0 
19.6104 7.17253 68.8905 45.0936 
11.1739 11.1739 48.9547 49.8758 
6.28846 9.27957 0 1.17109 11.3281 
0 2.0067 0 0 0.443185 19.3616 0 
Estimating row 289 out of 308 for hessian
19.6104 7.17253 68.8905 45.0936 
11.1739 11.1739 48.9547 49.8758 
6.28846 9.27957 0 1.17109 11.3281 
0 2.0067 0 0 0.443185 19.3616 0 
19.6104 7.17253 68.8905 45.0936 
11.1739 11.1739 48.9547 49.8758 
6.28846 9.27957 0 1.17109 11.3281 
0 2.0067 0 0 0.443185 19.3616 0 
19.6104 7.17253 68.8905 45.0936 
11.1739 11.1739 48.9547 49.8758 
6.28846 9.27957 0 1.17109 11.3281 
0 2.0067 0 0 0.443185 19.3616 0 
19.6104 7.17253 68.8905 45.0936 
11.1739 11.1739 48.9547 49.8758 
6.28846 9.27957 0 1.17109 11.3281 
0 2.0067 0 0 0.443185 19.3616 0 
Estimating row 290 out of 308 for hessian
19.6104 7.17253 68.8905 45.0936 
11.1739 11.1739 48.9547 49.8758 
6.28846 9.27957 0 1.17109 11.3281 
0 2.0067 0 0 0.443185 19.3616 0 
19.6104 7.17253 68.8905 45.0936 
11.1739 11.1739 48.9547 49.8758 
6.28846 9.27957 0 1.17109 11.3281 
0 2.0067 0 0 0.443185 19.3616 0 
19.6104 7.17253 68.8905 45.0936 
11.1739 11.1739 48.9547 49.8758 
6.28846 9.27957 0 1.17109 11.3281 
0 2.0067 0 0 0.443185 19.3616 0 
19.6104 7.17253 68.8905 45.0936 
11.1739 11.1739 48.9547 49.8758 
6.28846 9.27957 0 1.17109 11.3281 
0 2.0067 0 0 0.443185 19.3616 0 
Estimating row 291 out of 308 for hessian
19.6104 7.17253 68.8905 45.0936 
11.1739 11.1739 48.9547 49.8758 
6.28846 9.27957 0 1.17109 11.3281 
0 2.0067 0 0 0.443185 19.3616 0 
19.6104 7.17253 68.8905 45.0936 
11.1739 11.1739 48.9547 49.8758 
6.28846 9.27957 0 1.17109 11.3281 
0 2.0067 0 0 0.443185 19.3616 0 
19.6104 7.17253 68.8905 45.0936 
11.1739 11.1739 48.9547 49.8758 
6.28846 9.27957 0 1.17109 11.3281 
0 2.0067 0 0 0.443185 19.3616 0 
19.6104 7.17253 68.8905 45.0936 
11.1739 11.1739 48.9547 49.8758 
6.28846 9.27957 0 1.17109 11.3281 
0 2.0067 0 0 0.443185 19.3616 0 
Estimating row 292 out of 308 for hessian
19.6104 7.17253 68.8905 45.0936 
11.1739 11.1739 48.9547 49.8758 
6.28846 9.27957 0 1.17109 11.3281 
0 2.0067 0 0 0.443185 19.3616 0 
19.6104 7.17253 68.8905 45.0936 
11.1739 11.1739 48.9547 49.8758 
6.28846 9.27957 0 1.17109 11.3281 
0 2.0067 0 0 0.443185 19.3616 0 
19.6104 7.17253 68.8905 45.0936 
11.1739 11.1739 48.9547 49.8758 
6.28846 9.27957 0 1.17109 11.3281 
0 2.0067 0 0 0.443185 19.3616 0 
19.6104 7.17253 68.8905 45.0936 
11.1739 11.1739 48.9547 49.8758 
6.28846 9.27957 0 1.17109 11.3281 
0 2.0067 0 0 0.443185 19.3616 0 
Estimating row 293 out of 308 for hessian
19.6104 7.17253 68.8905 45.0936 
11.1739 11.1739 48.9547 49.8758 
6.28846 9.27957 0 1.17109 11.3281 
0 2.0067 0 0 0.443185 19.3616 0 
19.6104 7.17253 68.8905 45.0936 
11.1739 11.1739 48.9547 49.8758 
6.28846 9.27957 0 1.17109 11.3281 
0 2.0067 0 0 0.443185 19.3616 0 
19.6104 7.17253 68.8905 45.0936 
11.1739 11.1739 48.9547 49.8758 
6.28846 9.27957 0 1.17109 11.3281 
0 2.0067 0 0 0.443185 19.3616 0 
19.6104 7.17253 68.8905 45.0936 
11.1739 11.1739 48.9547 49.8758 
6.28846 9.27957 0 1.17109 11.3281 
0 2.0067 0 0 0.443185 19.3616 0 
Estimating row 294 out of 308 for hessian
19.6104 7.17253 68.8905 45.0936 
11.1739 11.1739 48.9547 49.8758 
6.28846 9.27957 0 1.17109 11.3281 
0 2.0067 0 0 0.443185 19.3616 0 
19.6104 7.17253 68.8905 45.0936 
11.1739 11.1739 48.9547 49.8758 
6.28846 9.27957 0 1.17109 11.3281 
0 2.0067 0 0 0.443185 19.3616 0 
19.6104 7.17253 68.8905 45.0936 
11.1739 11.1739 48.9547 49.8758 
6.28846 9.27957 0 1.17109 11.3281 
0 2.0067 0 0 0.443185 19.3616 0 
19.6104 7.17253 68.8905 45.0936 
11.1739 11.1739 48.9547 49.8758 
6.28846 9.27957 0 1.17109 11.3281 
0 2.0067 0 0 0.443185 19.3616 0 
Estimating row 295 out of 308 for hessian
19.6104 7.17253 68.8905 45.0936 
11.1739 11.1739 48.9547 49.8758 
6.28846 9.27957 0 1.17109 11.3281 
0 2.0067 0 0 0.443185 19.3616 0 
19.6104 7.17253 68.8905 45.0936 
11.1739 11.1739 48.9547 49.8758 
6.28846 9.27957 0 1.17109 11.3281 
0 2.0067 0 0 0.443185 19.3616 0 
19.6104 7.17253 68.8905 45.0936 
11.1739 11.1739 48.9547 49.8758 
6.28846 9.27957 0 1.17109 11.3281 
0 2.0067 0 0 0.443185 19.3616 0 
19.6104 7.17253 68.8905 45.0936 
11.1739 11.1739 48.9547 49.8758 
6.28846 9.27957 0 1.17109 11.3281 
0 2.0067 0 0 0.443185 19.3616 0 
Estimating row 296 out of 308 for hessian
19.6104 7.17253 68.8905 45.0936 
11.1739 11.1739 48.9547 49.8758 
6.28846 9.27957 0 1.17109 11.3281 
0 2.0067 0 0 0.443185 19.3616 0 
19.6104 7.17253 68.8905 45.0936 
11.1739 11.1739 48.9547 49.8758 
6.28846 9.27957 0 1.17109 11.3281 
0 2.0067 0 0 0.443185 19.3616 0 
19.6104 7.17253 68.8905 45.0936 
11.1739 11.1739 48.9547 49.8758 
6.28846 9.27957 0 1.17109 11.3281 
0 2.0067 0 0 0.443185 19.3616 0 
19.6104 7.17253 68.8905 45.0936 
11.1739 11.1739 48.9547 49.8758 
6.28846 9.27957 0 1.17109 11.3281 
0 2.0067 0 0 0.443185 19.3616 0 
Estimating row 297 out of 308 for hessian
19.6104 7.17253 68.8905 45.0936 
11.1739 11.1739 48.9547 49.8758 
6.28846 9.27957 0 1.17109 11.3281 
0 2.0067 0 0 0.443185 19.3616 0 
19.6104 7.17253 68.8905 45.0936 
11.1739 11.1739 48.9547 49.8758 
6.28846 9.27957 0 1.17109 11.3281 
0 2.0067 0 0 0.443185 19.3616 0 
19.6104 7.17253 68.8905 45.0936 
11.1739 11.1739 48.9547 49.8758 
6.28846 9.27957 0 1.17109 11.3281 
0 2.0067 0 0 0.443185 19.3616 0 
19.6104 7.17253 68.8905 45.0936 
11.1739 11.1739 48.9547 49.8758 
6.28846 9.27957 0 1.17109 11.3281 
0 2.0067 0 0 0.443185 19.3616 0 
Estimating row 298 out of 308 for hessian
19.6104 7.17253 68.8905 45.0936 
11.1739 11.1739 48.9547 49.8758 
6.28846 9.27957 0 1.17109 11.3281 
0 2.0067 0 0 0.443185 19.3616 0 
19.6104 7.17253 68.8905 45.0936 
11.1739 11.1739 48.9547 49.8758 
6.28846 9.27957 0 1.17109 11.3281 
0 2.0067 0 0 0.443185 19.3616 0 
19.6104 7.17253 68.8905 45.0936 
11.1739 11.1739 48.9547 49.8758 
6.28846 9.27957 0 1.17109 11.3281 
0 2.0067 0 0 0.443185 19.3616 0 
19.6104 7.17253 68.8905 45.0936 
11.1739 11.1739 48.9547 49.8758 
6.28846 9.27957 0 1.17109 11.3281 
0 2.0067 0 0 0.443185 19.3616 0 
Estimating row 299 out of 308 for hessian
19.6104 7.17253 68.8905 45.0936 
11.1739 11.1739 48.9547 49.8758 
6.28846 9.27957 0 1.17109 11.3281 
0 2.0067 0 0 0.443185 19.3616 0 
19.6104 7.17253 68.8905 45.0936 
11.1739 11.1739 48.9547 49.8758 
6.28846 9.27957 0 1.17109 11.3281 
0 2.0067 0 0 0.443185 19.3616 0 
19.6104 7.17253 68.8905 45.0936 
11.1739 11.1739 48.9547 49.8758 
6.28846 9.27957 0 1.17109 11.3281 
0 2.0067 0 0 0.443185 19.3616 0 
19.6104 7.17253 68.8905 45.0936 
11.1739 11.1739 48.9547 49.8758 
6.28846 9.27957 0 1.17109 11.3281 
0 2.0067 0 0 0.443185 19.3616 0 
Estimating row 300 out of 308 for hessian
19.6104 7.17253 68.8905 45.0936 
11.1739 11.1739 48.9547 49.8758 
6.28846 9.27957 0 1.17109 11.3281 
0 2.0067 0 0 0.443185 19.3616 0 
19.6104 7.17253 68.8905 45.0936 
11.1739 11.1739 48.9547 49.8758 
6.28846 9.27957 0 1.17109 11.3281 
0 2.0067 0 0 0.443185 19.3616 0 
19.6104 7.17253 68.8905 45.0936 
11.1739 11.1739 48.9547 49.8758 
6.28846 9.27957 0 1.17109 11.3281 
0 2.0067 0 0 0.443185 19.3616 0 
19.6104 7.17253 68.8905 45.0936 
11.1739 11.1739 48.9547 49.8758 
6.28846 9.27957 0 1.17109 11.3281 
0 2.0067 0 0 0.443185 19.3616 0 
Estimating row 301 out of 308 for hessian
19.6104 7.17253 68.8905 45.0936 
11.1739 11.1739 48.9547 49.8758 
6.28846 9.27957 0 1.17109 11.3281 
0 2.0067 0 0 0.443185 19.3616 0 
19.6104 7.17253 68.8905 45.0936 
11.1739 11.1739 48.9547 49.8758 
6.28846 9.27957 0 1.17109 11.3281 
0 2.0067 0 0 0.443185 19.3616 0 
19.6104 7.17253 68.8905 45.0936 
11.1739 11.1739 48.9547 49.8758 
6.28846 9.27957 0 1.17109 11.3281 
0 2.0067 0 0 0.443185 19.3616 0 
19.6104 7.17253 68.8905 45.0936 
11.1739 11.1739 48.9547 49.8758 
6.28846 9.27957 0 1.17109 11.3281 
0 2.0067 0 0 0.443185 19.3616 0 
Estimating row 302 out of 308 for hessian
19.6104 7.17253 68.8905 45.0936 
11.1739 11.1739 48.9547 49.8758 
6.28846 9.27957 0 1.17109 11.3281 
0 2.0067 0 0 0.443185 19.3616 0 
19.6104 7.17253 68.8905 45.0936 
11.1739 11.1739 48.9547 49.8758 
6.28846 9.27957 0 1.17109 11.3281 
0 2.0067 0 0 0.443185 19.3616 0 
19.6104 7.17253 68.8905 45.0936 
11.1739 11.1739 48.9547 49.8758 
6.28846 9.27957 0 1.17109 11.3281 
0 2.0067 0 0 0.443185 19.3616 0 
19.6104 7.17253 68.8905 45.0936 
11.1739 11.1739 48.9547 49.8758 
6.28846 9.27957 0 1.17109 11.3281 
0 2.0067 0 0 0.443185 19.3616 0 
Estimating row 303 out of 308 for hessian
19.6104 7.17261 68.8905 45.0935 
11.1741 11.1741 48.9525 49.8775 
6.28846 9.27982 0 1.17109 11.3281 
0 2.0067 0 0 0.443185 19.3616 0 
19.6104 7.17244 68.8905 45.0937 
11.1736 11.1736 48.9569 49.874 
6.28846 9.27933 0 1.17109 11.3281 
0 2.0067 0 0 0.443185 19.3616 0 
19.6104 7.17253 68.8905 45.0936 
11.1739 11.1739 48.9545 49.8759 
6.28846 9.2796 0 1.17109 11.3281 
0 2.0067 0 0 0.443185 19.3616 0 
19.6104 7.17252 68.8905 45.0936 
11.1738 11.1738 48.9549 49.8756 
6.28846 9.27955 0 1.17109 11.3281 
0 2.0067 0 0 0.443185 19.3616 0 
Estimating row 304 out of 308 for hessian
19.611 7.1719 68.8904 45.0933 
11.1739 11.1739 48.9547 49.8758 
6.28846 9.27957 0 1.17109 11.3281 
0 2.0067 0 0 0.443185 19.362 0 
19.6098 7.17315 68.8905 45.0939 
11.1739 11.1739 48.9547 49.8758 
6.28846 9.27957 0 1.17109 11.3281 
0 2.0067 0 0 0.443185 19.3612 0 
19.6104 7.17246 68.8905 45.0936 
11.1739 11.1739 48.9547 49.8758 
6.28846 9.27957 0 1.17109 11.3281 
0 2.0067 0 0 0.443185 19.3616 0 
19.6103 7.17259 68.8905 45.0936 
11.1739 11.1739 48.9547 49.8758 
6.28846 9.27957 0 1.17109 11.3281 
0 2.0067 0 0 0.443185 19.3615 0 
Estimating row 305 out of 308 for hessian
19.6106 7.1717 68.8914 45.0943 
11.1739 11.1739 48.9547 49.8758 
6.28846 9.27957 0 1.17109 11.3281 
0 2.0067 0 0 0.443185 19.3606 0 
19.6102 7.17335 68.8896 45.0929 
11.1739 11.1739 48.9547 49.8758 
6.28846 9.27957 0 1.17109 11.3281 
0 2.0067 0 0 0.443185 19.3625 0 
19.6104 7.17244 68.8906 45.0936 
11.1739 11.1739 48.9547 49.8758 
6.28846 9.27957 0 1.17109 11.3281 
0 2.0067 0 0 0.443185 19.3615 0 
19.6104 7.17261 68.8904 45.0935 
11.1739 11.1739 48.9547 49.8758 
6.28846 9.27957 0 1.17109 11.3281 
0 2.0067 0 0 0.443185 19.3617 0 
Estimating row 306 out of 308 for hessian
19.6104 7.17224 68.8906 45.0942 
11.1739 11.1739 48.9547 49.8758 
6.28846 9.27957 0 1.17109 11.3281 
0 2.0067 0 0 0.443185 19.361 0 
19.6104 7.17281 68.8903 45.0929 
11.1739 11.1739 48.9547 49.8758 
6.28846 9.27957 0 1.17109 11.3281 
0 2.0067 0 0 0.443185 19.3622 0 
19.6104 7.1725 68.8905 45.0936 
11.1739 11.1739 48.9547 49.8758 
6.28846 9.27957 0 1.17109 11.3281 
0 2.0067 0 0 0.443185 19.3615 0 
19.6104 7.17255 68.8904 45.0935 
11.1739 11.1739 48.9547 49.8758 
6.28846 9.27957 0 1.17109 11.3281 
0 2.0067 0 0 0.443185 19.3616 0 
Estimating row 307 out of 308 for hessian
19.6106 7.17287 68.8892 45.0942 
11.1739 11.1739 48.9547 49.8758 
6.28846 9.27957 0 1.17109 11.3281 
0 2.0067 0 0 0.443185 19.3617 0 
19.6102 7.17218 68.8917 45.093 
11.1739 11.1739 48.9547 49.8758 
6.28846 9.27957 0 1.17109 11.3281 
0 2.0067 0 0 0.443185 19.3615 0 
19.6104 7.17256 68.8903 45.0936 
11.1739 11.1739 48.9547 49.8758 
6.28846 9.27957 0 1.17109 11.3281 
0 2.0067 0 0 0.443185 19.3616 0 
19.6104 7.17249 68.8906 45.0935 
11.1739 11.1739 48.9547 49.8758 
6.28846 9.27957 0 1.17109 11.3281 
0 2.0067 0 0 0.443185 19.3616 0 
Estimating row 308 out of 308 for hessian
19.6116 7.17235 68.888 45.0932 
11.1739 11.1739 48.9547 49.8758 
6.28846 9.27957 0 1.17109 11.3281 
0 2.0067 0 0 0.443185 19.3634 0 
19.6092 7.1727 68.8929 45.0939 
11.1739 11.1739 48.9547 49.8758 
6.28846 9.27957 0 1.17109 11.3281 
0 2.0067 0 0 0.443185 19.3598 0 
19.6105 7.17251 68.8902 45.0935 
11.1739 11.1739 48.9547 49.8758 
6.28846 9.27957 0 1.17109 11.3281 
0 2.0067 0 0 0.443185 19.3618 0 
19.6103 7.17254 68.8907 45.0936 
11.1739 11.1739 48.9547 49.8758 
6.28846 9.27957 0 1.17109 11.3281 
0 2.0067 0 0 0.443185 19.3614 0 
19.6104 7.17253 68.8905 45.0936 
11.1739 11.1739 48.9547 49.8758 
6.28846 9.27957 0 1.17109 11.3281 
0 2.0067 0 0 0.443185 19.3616 0 
Warning -- Hessian does not appear to be positive definite
Hessian does not appear to be positive definite
